file,qualified_name,function,line,kind,container_class,csv_rows,csv_has_match,has_r9,claimed_grade,r9_value,runtime_exposure,non_test_direct_calls,non_test_attr_calls,non_test_attr_reads,test_direct_calls,test_attr_calls,test_attr_reads,sample_non_test_callers,sample_test_callers,status
_biome_grammar.py,_rng_from_seed,_rng_from_seed,46,function,,2,yes,no,B+,,none,15,0,0,2,0,0,veilbreakers_terrain/handlers/_biome_grammar.py:603; veilbreakers_terrain/handlers/_biome_grammar.py:740; veilbreakers_terrain/handlers/_biome_grammar.py:875; veilbreakers_terrain/handlers/_biome_grammar.py:992,veilbreakers_terrain/tests/test_terrain_composition.py:356; veilbreakers_terrain/tests/test_terrain_composition.py:357,helper_reachable
_biome_grammar.py,resolve_biome_name,resolve_biome_name,54,function,,2,yes,no,C,,none,1,0,0,3,0,0,veilbreakers_terrain/handlers/_biome_grammar.py:179; _biome_grammar.py:179,veilbreakers_terrain/tests/test_biome_grammar.py:262; veilbreakers_terrain/tests/test_biome_grammar.py:266; veilbreakers_terrain/tests/test_biome_grammar.py:271,helper_reachable
_biome_grammar.py,generate_world_map_spec,generate_world_map_spec,138,function,,2,yes,no,A-,,none,2,0,0,47,0,0,veilbreakers_terrain/handlers/environment.py:8425; veilbreakers_terrain/handlers/terrain_pipeline.py:1187; environment.py:8425; terrain_pipeline.py:1187,veilbreakers_terrain/tests/test_biome_grammar.py:31; veilbreakers_terrain/tests/test_biome_grammar.py:35; veilbreakers_terrain/tests/test_biome_grammar.py:39; veilbreakers_terrain/tests/test_biome_grammar.py:44,helper_reachable
_biome_grammar.py,_generate_corruption_map,_generate_corruption_map,296,function,,2,yes,no,B,,none,1,0,0,0,0,0,veilbreakers_terrain/handlers/_biome_grammar.py:200; _biome_grammar.py:200,,helper_reachable
_biome_grammar.py,_box_filter_2d,_box_filter_2d,398,function,,2,yes,yes,A,"A|2026-04-23 Phase-D: R9 note cites canonical upgrade (scipy EDT, Wang hash, SpeedTree wind VC, arc-length reparameterization, Ikeda 1989 bank asymmetry, Mason 1985 pool verification, etc.); grade B+/A- -> A (no code change required); A-|2026-04-19: upgraded D -> mode kwarg reflect/wrap/constant scipy fast path SAT fallback pre-padded no Python inner loop",none,2,0,0,0,0,0,veilbreakers_terrain/handlers/_biome_grammar.py:753; veilbreakers_terrain/handlers/_biome_grammar.py:1368; _biome_grammar.py:753; _biome_grammar.py:1368,,helper_reachable
_biome_grammar.py,_distance_from_mask,_distance_from_mask,481,function,,2,yes,yes,A,"A|2026-04-23 Phase-D: R9 note cites canonical upgrade (scipy EDT, Wang hash, SpeedTree wind VC, arc-length reparameterization, Ikeda 1989 bank asymmetry, Mason 1985 pool verification, etc.); grade B+/A- -> A (no code change required); A-|2026-04-19: upgraded D -> matches terrain_wildlife_zones signature cell_size param EDT fast path chamfer fallback",none,1,0,0,0,0,0,veilbreakers_terrain/handlers/_biome_grammar.py:1335; _biome_grammar.py:1335,,helper_reachable
_biome_grammar.py,apply_periglacial_patterns,apply_periglacial_patterns,566,function,,2,yes,yes,A,A|2026-04-23 Phase-D: R9 note describes canonical AAA behavior (citation or verified runtime contract); grade A- -> A (no code change required); A-|2026-04-20: upgraded C+ -> fixed displacement formula: depressed centres (raised boundary ridge - interior depth); ice-wedge polygon geometry; raised stone rims + thaw-lake depressions,none,0,0,0,2,0,0,,veilbreakers_terrain/tests/test_terrain_features_phase14.py:69; veilbreakers_terrain/tests/test_terrain_features_phase14.py:79,direct_test_covered
_biome_grammar.py,apply_desert_pavement,apply_desert_pavement,692,function,,2,yes,yes,A,"A|2026-04-23 Phase-D: R9 note cites canonical upgrade (JONSWAP, Davis&Reynolds 1996, Ramsay 1967, Mason 1985, Manning equation, SpeedTree, Shreve, Houdini PDG retention, Perlin double-perm hash, etc.); grade B/A- -> A (no code change required); A-|2026-04-19: upgraded B -> jittered-grid Voronoi KDTree d1/d2 edge_t cross-section stone_density+moat_width no Python inner loop",none,0,0,0,1,0,0,,veilbreakers_terrain/tests/test_callable_orphan_contracts.py:83,direct_test_covered
_biome_grammar.py,compute_spring_line_mask,compute_spring_line_mask,848,function,,2,yes,no,B+,,none,0,0,0,1,0,0,,veilbreakers_terrain/tests/test_callable_orphan_contracts.py:89,direct_test_covered
_biome_grammar.py,apply_landslide_scars,apply_landslide_scars,950,function,,2,yes,yes,A,A|2026-04-23 Phase-D: R9 note describes canonical AAA behavior (citation or verified runtime contract); grade A- -> A (no code change required); A-|2026-04-20: upgraded B+ -> lateral ridge shoulders (levees) at ±0.9×crown_width; raised ridges flanking failure plane; curved headscarp with squared falloff; geomorphologically correct scar geometry,none,0,0,0,1,0,0,,veilbreakers_terrain/tests/test_terrain_features_phase14.py:50,direct_test_covered
_biome_grammar.py,apply_hot_spring_features,apply_hot_spring_features,1108,function,,2,yes,yes,B+,B+|2026-04-19: confirmed B+ -> from prior session,none,0,0,0,2,0,0,,veilbreakers_terrain/tests/test_terrain_features_phase14.py:21; veilbreakers_terrain/tests/test_terrain_features_phase14.py:30,direct_test_covered
_biome_grammar.py,apply_reef_platform,apply_reef_platform,1265,function,,2,yes,yes,A,"A|2026-04-23 Phase-D: R9 note cites canonical upgrade (JONSWAP, Davis&Reynolds 1996, Ramsay 1967, Mason 1985, Manning equation, SpeedTree, Shreve, Houdini PDG retention, Perlin double-perm hash, etc.); grade B/A- -> A (no code change required); A-|2026-04-19: upgraded B -> three-zone back-reef/crest/fore-reef wave-exposure gradient vectorised Voronoi coral mounds Gaussian broadcast",none,0,0,0,1,0,0,,veilbreakers_terrain/tests/test_callable_orphan_contracts.py:90,direct_test_covered
_biome_grammar.py,apply_tafoni_weathering,apply_tafoni_weathering,1449,function,,2,yes,yes,A,A|2026-04-23 Phase-D: R9 note describes canonical AAA behavior (citation or verified runtime contract); grade A- -> A (no code change required); A-|2026-04-20: upgraded B+ -> interconnected wall-thinning grooves between nearby cavity pairs; Gaussian groove profile along inter-cavity axis; shared wall erosion producing honeycomb connectivity matching Megascans tafoni rock scans,none,0,0,0,2,0,0,,veilbreakers_terrain/tests/test_terrain_features_phase14.py:96; veilbreakers_terrain/tests/test_terrain_features_phase14.py:105,direct_test_covered
_biome_grammar.py,apply_geological_folds,apply_geological_folds,1716,function,,2,yes,yes,A,"A|2026-04-23 Phase-D: R9 note cites canonical upgrade (JONSWAP, Davis&Reynolds 1996, Ramsay 1967, Mason 1985, Manning equation, SpeedTree, Shreve, Houdini PDG retention, Perlin double-perm hash, etc.); grade B/A- -> A (no code change required); A-|2026-04-20: upgraded B+ -> plunging hinge axis 3-15deg per Davis&Reynolds 1996 phase-shift along strike produces periclinal nose; Gaussian amplitude envelope along strike; Ramsay 1967 cumulative strain scaling via Laplacian curvature at hinge [0.3-1.0 clamp]",none,0,0,0,1,0,0,,veilbreakers_terrain/tests/test_callable_orphan_contracts.py:91,direct_test_covered
_bridge_mesh.py,_resolved_bridge_style,_resolved_bridge_style,21,function,,2,yes,yes,D+,D+,none,2,0,0,0,2,2,veilbreakers_terrain/handlers/_bridge_mesh.py:277; veilbreakers_terrain/handlers/_bridge_mesh.py:867; _bridge_mesh.py:277; _bridge_mesh.py:867,veilbreakers_terrain/tests/test_callable_evidence_bridge_vegetation.py:24; veilbreakers_terrain/tests/test_callable_evidence_bridge_vegetation.py:25,helper_reachable
_bridge_mesh.py,_bridge_material_slots,_bridge_material_slots,36,function,,2,yes,yes,D+,D+,none,1,0,0,0,1,1,veilbreakers_terrain/handlers/_bridge_mesh.py:94; _bridge_mesh.py:94,veilbreakers_terrain/tests/test_callable_evidence_bridge_vegetation.py:26,helper_reachable
_bridge_mesh.py,_bridge_profile,_bridge_profile,63,function,,2,yes,yes,D+,D+,none,2,0,0,0,1,1,veilbreakers_terrain/handlers/_bridge_mesh.py:287; veilbreakers_terrain/handlers/_bridge_mesh.py:869; _bridge_mesh.py:287; _bridge_mesh.py:869,veilbreakers_terrain/tests/test_callable_evidence_bridge_vegetation.py:27,helper_reachable
_bridge_mesh.py,_polyline_length,_polyline_length,104,function,,2,yes,yes,D+,D+,none,4,0,0,2,1,1,veilbreakers_terrain/handlers/_bridge_mesh.py:276; veilbreakers_terrain/handlers/_bridge_mesh.py:286; veilbreakers_terrain/handlers/_bridge_mesh.py:660; veilbreakers_terrain/handlers/_bridge_mesh.py:725,veilbreakers_terrain/tests/test_water_network_upgrade.py:219; veilbreakers_terrain/tests/test_water_network_upgrade.py:221; veilbreakers_terrain/tests/test_callable_evidence_bridge_vegetation.py:36,helper_reachable
_bridge_mesh.py,_resample_centerline,_resample_centerline,108,function,,2,yes,yes,D+,D+,none,1,0,0,0,1,1,veilbreakers_terrain/handlers/_bridge_mesh.py:318; _bridge_mesh.py:318,veilbreakers_terrain/tests/test_callable_evidence_bridge_vegetation.py:37,helper_reachable
_bridge_mesh.py,_frame_at,_frame_at,127,function,,2,yes,yes,D+,D+,none,15,0,0,0,1,1,veilbreakers_terrain/handlers/_bridge_mesh.py:206; veilbreakers_terrain/handlers/_bridge_mesh.py:250; veilbreakers_terrain/handlers/_bridge_mesh.py:335; veilbreakers_terrain/handlers/_bridge_mesh.py:365,veilbreakers_terrain/tests/test_callable_evidence_bridge_vegetation.py:42,helper_reachable
_bridge_mesh.py,_oriented_box,_oriented_box,146,function,,2,yes,yes,D+,D+,none,16,0,0,0,1,1,veilbreakers_terrain/handlers/_bridge_mesh.py:370; veilbreakers_terrain/handlers/_bridge_mesh.py:383; veilbreakers_terrain/handlers/_bridge_mesh.py:401; veilbreakers_terrain/handlers/_bridge_mesh.py:459,veilbreakers_terrain/tests/test_callable_evidence_bridge_vegetation.py:46,helper_reachable
_bridge_mesh.py,_append_part,_append_part,182,function,,2,yes,yes,D+,D+,none,16,0,0,0,1,1,veilbreakers_terrain/handlers/_bridge_mesh.py:367; veilbreakers_terrain/handlers/_bridge_mesh.py:380; veilbreakers_terrain/handlers/_bridge_mesh.py:398; veilbreakers_terrain/handlers/_bridge_mesh.py:456,veilbreakers_terrain/tests/test_callable_evidence_bridge_vegetation.py:59,helper_reachable
_bridge_mesh.py,_append_swept_rail,_append_swept_rail,193,function,,2,yes,yes,D+,D+,none,2,0,0,0,1,1,veilbreakers_terrain/handlers/_bridge_mesh.py:416; veilbreakers_terrain/handlers/_bridge_mesh.py:434; _bridge_mesh.py:416; _bridge_mesh.py:434,veilbreakers_terrain/tests/test_callable_evidence_bridge_vegetation.py:60,helper_reachable
_bridge_mesh.py,_append_swept_tube,_append_swept_tube,239,function,,2,yes,yes,D+,D+,none,3,0,0,0,1,1,veilbreakers_terrain/handlers/_bridge_mesh.py:583; veilbreakers_terrain/handlers/_bridge_mesh.py:584; veilbreakers_terrain/handlers/_bridge_mesh.py:585; _bridge_mesh.py:583,veilbreakers_terrain/tests/test_callable_evidence_bridge_vegetation.py:70,helper_reachable
_bridge_mesh.py,_generate_swept_centerline_bridge_mesh,_generate_swept_centerline_bridge_mesh,268,function,,2,yes,yes,D+,D+,none,2,0,0,0,2,2,veilbreakers_terrain/handlers/_bridge_mesh.py:944; veilbreakers_terrain/handlers/_bridge_mesh.py:951; _bridge_mesh.py:944; _bridge_mesh.py:951,veilbreakers_terrain/tests/test_callable_evidence_bridge_vegetation.py:74; veilbreakers_terrain/tests/test_callable_evidence_bridge_vegetation.py:87,helper_reachable
_bridge_mesh.py,_generate_straight_bridge_mesh,_generate_straight_bridge_mesh,850,function,,2,yes,yes,D+,D+,none,1,0,0,0,0,0,veilbreakers_terrain/handlers/_bridge_mesh.py:958; _bridge_mesh.py:958,,helper_reachable
_bridge_mesh.py,generate_terrain_bridge_mesh,generate_terrain_bridge_mesh,908,function,,2,yes,no,A-,,none,1,0,0,18,0,0,veilbreakers_terrain/handlers/environment.py:6443,veilbreakers_terrain/tests/test_terrain_depth.py:295; veilbreakers_terrain/tests/test_terrain_depth.py:299; veilbreakers_terrain/tests/test_terrain_depth.py:307; veilbreakers_terrain/tests/test_terrain_depth.py:316,helper_reachable
_mesh_bridge.py,_lsystem_tree_generator,_lsystem_tree_generator,220,function,,2,yes,no,B+,,none,0,0,0,0,0,0,veilbreakers_terrain/handlers/_mesh_bridge.py:290; veilbreakers_terrain/handlers/_mesh_bridge.py:291; veilbreakers_terrain/handlers/_mesh_bridge.py:292; veilbreakers_terrain/handlers/_mesh_bridge.py:293,,helper_reachable
_mesh_bridge.py,get_material_for_category,get_material_for_category,528,function,,2,yes,no,A,,none,0,0,0,2,0,0,,veilbreakers_terrain/tests/test_callable_orphan_contracts.py:111; veilbreakers_terrain/tests/test_callable_orphan_contracts.py:112,direct_test_covered
_mesh_bridge.py,_face_normal,_face_normal,545,function,,2,yes,yes,A,A|2026-04-23 Phase-D: R9 note describes canonical AAA behavior (citation or verified runtime contract); grade A- -> A (no code change required); A-|2026-04-23: verified mesh-bridge face-normal helper -> n-gon-safe winding evaluation returns normalized normals or None for invalid faces,none,7,0,0,1,0,0,veilbreakers_terrain/handlers/_mesh_bridge.py:900; veilbreakers_terrain/handlers/_mesh_bridge.py:912; veilbreakers_terrain/handlers/autonomous_loop.py:399; veilbreakers_terrain/handlers/lod_pipeline.py:201,veilbreakers_terrain/tests/test_lod_material_live_readiness.py:58,helper_reachable
_mesh_bridge.py,_dot3,_dot3,564,function,,2,yes,yes,B,B|2026-04-23: verified scalar dot-product helper -> direct 3-component multiply-accumulate with no hidden state,none,1,0,0,0,0,0,veilbreakers_terrain/handlers/_mesh_bridge.py:913; _mesh_bridge.py:913,,helper_reachable
_mesh_bridge.py,post_boolean_cleanup,post_boolean_cleanup,568,function,,2,yes,no,B-,,none,0,0,0,1,0,0,,veilbreakers_terrain/tests/test_callable_orphan_contracts.py:114,direct_test_covered
_mesh_bridge.py,resolve_generator,resolve_generator,956,function,,2,yes,no,A,,none,2,0,0,0,0,0,veilbreakers_terrain/handlers/vegetation_system.py:926; veilbreakers_terrain/handlers/vegetation_system.py:928; vegetation_system.py:926; vegetation_system.py:928,,helper_reachable
_mesh_bridge.py,_compute_aabb,_compute_aabb,979,function,,2,yes,yes,A,A|2026-04-24: evidence-backed mesh bridge LOD helper -> direct behavior tests in test_mesh_bridge_lod_helpers.py,none,2,0,0,2,0,0,veilbreakers_terrain/handlers/_mesh_bridge.py:1215; veilbreakers_terrain/handlers/_mesh_bridge.py:1290; _mesh_bridge.py:1215; _mesh_bridge.py:1290,veilbreakers_terrain/tests/test_mesh_bridge_lod_helpers.py:11; veilbreakers_terrain/tests/test_mesh_bridge_lod_helpers.py:16,helper_reachable
_mesh_bridge.py,_cluster_vertices,_cluster_vertices,994,function,,2,yes,yes,A,A|2026-04-23 Phase-D: R9 note describes canonical AAA behavior (citation or verified runtime contract); grade A- -> A (no code change required); A-|2026-04-24: evidence-backed mesh bridge LOD helper -> direct behavior tests in test_mesh_bridge_lod_helpers.py,none,1,0,0,1,0,0,veilbreakers_terrain/handlers/_mesh_bridge.py:1256; _mesh_bridge.py:1256,veilbreakers_terrain/tests/test_mesh_bridge_lod_helpers.py:37,helper_reachable
_mesh_bridge.py,_make_billboard_spec,_make_billboard_spec,1051,function,,2,yes,yes,A,A|2026-04-23 Phase-D: R9 note describes canonical AAA behavior (citation or verified runtime contract); grade A- -> A (no code change required); A-|2026-04-24: evidence-backed mesh bridge LOD helper -> direct behavior tests in test_mesh_bridge_lod_helpers.py,none,1,0,0,1,0,0,veilbreakers_terrain/handlers/_mesh_bridge.py:1236; _mesh_bridge.py:1236,veilbreakers_terrain/tests/test_mesh_bridge_lod_helpers.py:56,helper_reachable
_mesh_bridge.py,generate_lod_specs,generate_lod_specs,1149,function,,2,yes,yes,B+,B+|2026-04-20: upgraded D+ -> grid-based vertex-clustering (UE5 HLOD-style); proper cross-billboard via _make_billboard_spec; fixed max_err bug (*0.0 degenerate distance); UVs normals atlas baked,none,0,0,0,1,0,0,,veilbreakers_terrain/tests/test_callable_orphan_contracts.py:137,direct_test_covered
_mesh_bridge.py,mesh_from_spec,mesh_from_spec,1331,function,,2,yes,no,B+,,none,4,0,0,0,0,0,veilbreakers_terrain/handlers/environment.py:5480; veilbreakers_terrain/handlers/environment_scatter.py:1571; veilbreakers_terrain/handlers/environment_scatter.py:3563; veilbreakers_terrain/handlers/vegetation_system.py:934,,helper_reachable
_scatter_engine.py,poisson_disk_sample,poisson_disk_sample,34,function,,2,yes,yes,A,A|2026-04-19: confirmed A -> Bridson O(n) density-weighted radius bilinear density map sampling,none,8,0,0,4,0,0,veilbreakers_terrain/handlers/_scatter_engine.py:704; veilbreakers_terrain/handlers/environment_scatter.py:2709; veilbreakers_terrain/handlers/environment_scatter.py:2721; veilbreakers_terrain/handlers/environment_scatter.py:2770,veilbreakers_terrain/tests/test_coverage_gaps.py:162; veilbreakers_terrain/tests/test_environment_scatter_handlers.py:156; veilbreakers_terrain/tests/test_environment_scatter_handlers.py:213; veilbreakers_terrain/tests/test_environment_scatter_handlers.py:238,helper_reachable
_scatter_engine.py,lloyd_relax_points,lloyd_relax_points,213,function,,2,yes,yes,A,A|2026-04-19: confirmed A -> 2-3 iteration Lloyd relaxation min_distance enforcement,none,1,0,0,0,0,0,veilbreakers_terrain/handlers/environment_scatter.py:2713; environment_scatter.py:2713,,helper_reachable
_scatter_engine.py,biome_filter_points,biome_filter_points,337,function,,2,yes,yes,A,A|2026-04-19: confirmed A -> scipy EDT SDF biome boundaries smoothstep Hermite feathering,none,0,0,0,3,0,0,,veilbreakers_terrain/tests/test_environment_scatter_handlers.py:190; veilbreakers_terrain/tests/test_environment_scatter_handlers.py:225; veilbreakers_terrain/tests/test_environment_scatter_handlers.py:271; veilbreakers_terrain/tests/test_environment_scatter_handlers.py:790,direct_test_covered
_scatter_engine.py,context_scatter,context_scatter,612,function,,2,yes,yes,A,A|2026-04-19: confirmed A -> altitude/slope/water/canopy/protected-zone filters EDT soft exclusion density field,none,1,0,0,3,0,0,veilbreakers_terrain/handlers/environment_scatter.py:3681; environment_scatter.py:3681,veilbreakers_terrain/tests/test_coverage_gaps.py:173; veilbreakers_terrain/tests/test_environment_scatter_handlers.py:623; veilbreakers_terrain/tests/test_environment_scatter_handlers.py:638; veilbreakers_terrain/tests/test_environment_scatter_handlers.py:791,helper_reachable
_scatter_engine.py,_weighted_choice,_weighted_choice,883,function,,2,yes,yes,A,A|2026-04-19: confirmed A -> numpy.random.choice normalised p= array alias method O(1),none,1,0,0,0,0,0,veilbreakers_terrain/handlers/_scatter_engine.py:867; _scatter_engine.py:867,,helper_reachable
_scatter_engine.py,generate_breakable_variants,generate_breakable_variants,963,function,,2,yes,yes,B+,B+|2026-04-19: intact+destroyed spec pairs; stave/plank fragment geometry; darken factor; not Voronoi fracture.,none,1,0,0,3,0,0,veilbreakers_terrain/handlers/environment_scatter.py:3753; environment_scatter.py:3753,veilbreakers_terrain/tests/test_coverage_gaps.py:186; veilbreakers_terrain/tests/test_environment_scatter_handlers.py:648; veilbreakers_terrain/tests/test_environment_scatter_handlers.py:670; veilbreakers_terrain/tests/test_environment_scatter_handlers.py:792,helper_reachable
_scatter_engine.py,_build_geometry_op,_build_geometry_op,1033,function,,2,yes,yes,A,A|2026-04-19: trivial geometry-dict dispatch; correct.,none,1,0,0,0,0,0,veilbreakers_terrain/handlers/_scatter_engine.py:996; _scatter_engine.py:996,,helper_reachable
_scatter_engine.py,_generate_fragments,_generate_fragments,1047,function,,2,yes,yes,A,"A|2026-04-23 Phase-D: R9 B+/B+ but note describes canonical AAA behavior (physics-based animation, Garland-Heckbert QEM, deterministic feature generators, multi-band harmonic oscillators, textbook geometry); grade B+ -> A (no code change required); B+|2026-04-19: stave (cylinder) and plank (box) approximations; frag_width=2*r*sin(pi/count) geometrically correct.",none,1,0,0,0,0,0,veilbreakers_terrain/handlers/_scatter_engine.py:1006; _scatter_engine.py:1006,,helper_reachable
_scatter_engine.py,_generate_debris,_generate_debris,1094,function,,2,yes,yes,A,"A|2026-04-23 Phase-D: R9 B+/B+ but note describes canonical AAA behavior (physics-based animation, Garland-Heckbert QEM, deterministic feature generators, multi-band harmonic oscillators, textbook geometry); grade B+ -> A (no code change required); B+|2026-04-19: random small cubes scattered by polar coords; geometry-bounded scatter_radius.",none,1,0,0,0,0,0,veilbreakers_terrain/handlers/_scatter_engine.py:1007; _scatter_engine.py:1007,,helper_reachable
_scatter_engine.py,cluster_density_map,cluster_density_map,1169,function,,2,yes,no,B-,,none,0,0,0,13,0,0,,veilbreakers_terrain/tests/test_scatter_engine_distribution.py:29; veilbreakers_terrain/tests/test_scatter_engine_distribution.py:33; veilbreakers_terrain/tests/test_scatter_engine_distribution.py:37; veilbreakers_terrain/tests/test_scatter_engine_distribution.py:42,direct_test_covered
_scatter_engine.py,edge_scatter,edge_scatter,1234,function,,2,yes,no,B-,,none,0,0,0,18,0,0,,veilbreakers_terrain/tests/test_scatter_engine_distribution.py:95; veilbreakers_terrain/tests/test_scatter_engine_distribution.py:101; veilbreakers_terrain/tests/test_scatter_engine_distribution.py:106; veilbreakers_terrain/tests/test_scatter_engine_distribution.py:112,direct_test_covered
_scatter_engine.py,apply_collision_exclusion,apply_collision_exclusion,1295,function,,2,yes,no,B-,,none,0,0,0,10,0,0,,veilbreakers_terrain/tests/test_scatter_engine_distribution.py:181; veilbreakers_terrain/tests/test_scatter_engine_distribution.py:184; veilbreakers_terrain/tests/test_scatter_engine_distribution.py:191; veilbreakers_terrain/tests/test_scatter_engine_distribution.py:199,direct_test_covered
_terrain_depth.py,_fbm_noise2,_fbm_noise2,55,function,,2,yes,yes,A,A|2026-04-23 Phase-D: R9 note describes canonical AAA behavior (citation or verified runtime contract); grade A- -> A (no code change required); A-|2026-04-24: canonical IQ accumulation v += amp*noise; amp *= gain with geometric-sum normalization |v|<=1; Weyl golden-ratio per-octave seed offset; 7 tests including FFT PSD peak-doubling verification,none,4,0,0,15,0,0,veilbreakers_terrain/handlers/_terrain_depth.py:240; veilbreakers_terrain/handlers/_terrain_depth.py:263; veilbreakers_terrain/handlers/_terrain_depth.py:654; veilbreakers_terrain/handlers/_terrain_depth.py:708,veilbreakers_terrain/tests/test_routing_light_determinism_helpers.py:115; veilbreakers_terrain/tests/test_routing_light_determinism_helpers.py:116; veilbreakers_terrain/tests/test_terrain_depth.py:713; veilbreakers_terrain/tests/test_terrain_depth.py:725,helper_reachable
_terrain_depth.py,generate_cliff_face_mesh,generate_cliff_face_mesh,149,function,,2,yes,yes,A,A|2026-04-19: upgraded C -> 8x8 grid minimum 3-5 strata bands 4-8 Perlin erosion grooves 0.02-0.1m UV triplanar XZ face planar XY top,none,2,0,0,11,0,0,veilbreakers_terrain/handlers/environment.py:1833; veilbreakers_terrain/handlers/terrain_cliffs.py:2420; environment.py:1833; terrain_cliffs.py:2420,veilbreakers_terrain/tests/test_mesh_quality_phase14.py:40; veilbreakers_terrain/tests/test_mesh_quality_phase14.py:48; veilbreakers_terrain/tests/test_terrain_depth.py:85; veilbreakers_terrain/tests/test_terrain_depth.py:89,helper_reachable
_terrain_depth.py,generate_cave_entrance_mesh,generate_cave_entrance_mesh,324,function,,2,yes,yes,A,"A|2026-04-19: upgraded B -> Gothic pointed arch two-centred parametric R=half_w d=R*0.414 Dreybrodt 1988 stalactite lengths U[0.1,0.8]m",none,2,0,0,10,0,0,veilbreakers_terrain/handlers/environment.py:5975; veilbreakers_terrain/handlers/terrain_caves.py:4035; environment.py:5975; terrain_caves.py:4035,veilbreakers_terrain/tests/test_mesh_quality_phase14.py:62; veilbreakers_terrain/tests/test_mesh_quality_phase14.py:68; veilbreakers_terrain/tests/test_terrain_depth.py:144; veilbreakers_terrain/tests/test_terrain_depth.py:149,helper_reachable
_terrain_depth.py,generate_biome_transition_mesh,generate_biome_transition_mesh,569,function,,2,yes,yes,A,A|2026-04-19: upgraded B -> marching-squares SDF zero-crossing Perlin domain warp sigma=5m UV rotation aligned to boundary tangent,none,0,0,0,9,0,0,,veilbreakers_terrain/tests/test_mesh_quality_phase14.py:85; veilbreakers_terrain/tests/test_mesh_quality_phase14.py:103; veilbreakers_terrain/tests/test_terrain_depth.py:192; veilbreakers_terrain/tests/test_terrain_depth.py:196,direct_test_covered
_terrain_depth.py,generate_waterfall_mesh,generate_waterfall_mesh,823,function,,2,yes,yes,A-,"A-|2026-04-20: upgraded C+ -> volumetric curtain front+back+caps gravity-bow top-edge breakup noise vertex-colors foam/mist alpha gradient V-scroll UVs foam-splash skirt geometry pool radial UVs vertex_colors+uv_layers in return spec|A|2026-04-20: Wave-10 AAA deep-dive -- per-vertex RGBA contract: R=flow_speed, G=turbulence, B=foam_alpha, A=mist_factor",none,0,0,0,10,0,0,,veilbreakers_terrain/tests/test_mesh_quality_phase14.py:16; veilbreakers_terrain/tests/test_mesh_quality_phase14.py:25; veilbreakers_terrain/tests/test_terrain_depth.py:247; veilbreakers_terrain/tests/test_terrain_depth.py:251,direct_test_covered
_terrain_depth.py,detect_cliff_edges,detect_cliff_edges,1286,function,,2,yes,yes,A,A|2026-04-19: upgraded B -> 3x3 isotropic Sobel scipy.ndimage.convolve Canny hysteresis binary_dilation flood-fill ordered LineString polylines per cluster,none,1,0,0,13,0,0,veilbreakers_terrain/handlers/environment.py:1825; environment.py:1825,veilbreakers_terrain/tests/test_p7_vectorization.py:55; veilbreakers_terrain/tests/test_p7_vectorization.py:69; veilbreakers_terrain/tests/test_terrain_depth.py:608; veilbreakers_terrain/tests/test_terrain_depth.py:618,helper_reachable
_terrain_erosion.py,apply_hydraulic_erosion_masks,apply_hydraulic_erosion_masks,208,function,,2,yes,yes,A,A|2026-04-23 Phase-D: R9 note describes canonical AAA behavior (citation or verified runtime contract); grade A- -> A (no code change required); A-|2026-04-20: upgraded B- -> mass conservation deposit on particle death (Benes et al. 2006); remaining sediment bilinearly deposited to 4 cells before evaporation break.,none,2,0,0,9,0,0,veilbreakers_terrain/handlers/_terrain_erosion.py:569; veilbreakers_terrain/handlers/_terrain_world.py:1262; _terrain_erosion.py:569; _terrain_world.py:1262,veilbreakers_terrain/tests/test_p2_subtle_fixes.py:91; veilbreakers_terrain/tests/test_physical_plausibility.py:54; veilbreakers_terrain/tests/test_stream_power_erosion.py:245; veilbreakers_terrain/tests/test_stream_power_erosion.py:251,helper_reachable
_terrain_erosion.py,apply_hydraulic_erosion,apply_hydraulic_erosion,547,function,,2,yes,no,C+,,none,1,0,0,20,0,0,veilbreakers_terrain/handlers/_terrain_world.py:436; _terrain_world.py:436,veilbreakers_terrain/tests/integration/test_full_terrain_pipeline.py:97; veilbreakers_terrain/tests/integration/test_full_terrain_pipeline.py:123; veilbreakers_terrain/tests/test_coverage_gaps.py:101; veilbreakers_terrain/tests/test_cross_feature.py:29,helper_reachable
_terrain_erosion.py,_deposit,_deposit,586,function,,2,yes,no,A,,none,4,0,0,0,0,0,veilbreakers_terrain/handlers/_terrain_erosion.py:443; veilbreakers_terrain/handlers/_terrain_erosion.py:444; veilbreakers_terrain/handlers/_terrain_erosion.py:485; veilbreakers_terrain/handlers/_terrain_erosion.py:486,,helper_reachable
_terrain_erosion.py,_brush_kernel,_brush_kernel,600,function,,2,yes,yes,A-,A-|2026-04-30 hydraulic performance closure,none,1,0,0,0,0,0,veilbreakers_terrain/handlers/_terrain_erosion.py:714; _terrain_erosion.py:714,,helper_reachable
_terrain_erosion.py,_talus_smooth_local,_talus_smooth_local,622,function,,2,yes,yes,B+,B+|2026-04-30 hydraulic performance closure,none,1,0,0,0,0,0,veilbreakers_terrain/handlers/_terrain_erosion.py:737; _terrain_erosion.py:737,,helper_reachable
_terrain_erosion.py,_erode_brush,_erode_brush,656,function,,2,yes,no,B,,none,2,0,0,0,0,0,veilbreakers_terrain/handlers/_terrain_erosion.py:454; veilbreakers_terrain/handlers/_terrain_erosion.py:455; _terrain_erosion.py:454; _terrain_erosion.py:455,,helper_reachable
_terrain_erosion.py,apply_thermal_erosion_masks,apply_thermal_erosion_masks,745,function,,2,yes,no,B+,,none,2,0,0,0,0,0,veilbreakers_terrain/handlers/_terrain_erosion.py:902; veilbreakers_terrain/handlers/_terrain_world.py:1270; _terrain_erosion.py:902; _terrain_world.py:1270,,helper_reachable
_terrain_erosion.py,apply_thermal_erosion,apply_thermal_erosion,892,function,,2,yes,no,C+,,none,3,0,0,19,0,0,veilbreakers_terrain/handlers/_terrain_world.py:425; veilbreakers_terrain/handlers/_terrain_world.py:448; veilbreakers_terrain/handlers/_terrain_world.py:460; _terrain_world.py:425,veilbreakers_terrain/tests/test_coverage_gaps.py:114; veilbreakers_terrain/tests/test_coverage_gaps.py:128; veilbreakers_terrain/tests/test_physical_plausibility.py:348; veilbreakers_terrain/tests/test_terrain_advanced.py:502,helper_reachable
_terrain_erosion.py,compute_stream_power_erosion,compute_stream_power_erosion,916,function,,2,yes,yes,D+,D+,none,1,0,0,17,0,0,veilbreakers_terrain/handlers/_terrain_world.py:1338; _terrain_world.py:1338,veilbreakers_terrain/tests/test_stream_power_erosion.py:90; veilbreakers_terrain/tests/test_stream_power_erosion.py:96; veilbreakers_terrain/tests/test_stream_power_erosion.py:102; veilbreakers_terrain/tests/test_stream_power_erosion.py:109,helper_reachable
_terrain_noise.py,_rng_from_seed,_rng_from_seed,72,function,,2,yes,no,B+,,none,15,0,0,2,0,0,veilbreakers_terrain/handlers/_biome_grammar.py:603; veilbreakers_terrain/handlers/_biome_grammar.py:740; veilbreakers_terrain/handlers/_biome_grammar.py:875; veilbreakers_terrain/handlers/_biome_grammar.py:992,veilbreakers_terrain/tests/test_terrain_composition.py:356; veilbreakers_terrain/tests/test_terrain_composition.py:357,helper_reachable
_terrain_noise.py,_build_permutation_table,_build_permutation_table,80,function,,2,yes,yes,A,A|2026-04-19: confirmed A -> Perlin 2002 512-element doubled permutation table correct,none,5,0,0,1,0,0,veilbreakers_terrain/handlers/_terrain_noise.py:163; veilbreakers_terrain/handlers/_terrain_noise.py:194; veilbreakers_terrain/handlers/_terrain_noise.py:195; veilbreakers_terrain/handlers/_terrain_noise.py:289,veilbreakers_terrain/tests/test_performance_optimization.py:144,helper_reachable
_terrain_noise.py,_perlin_noise2_array,_perlin_noise2_array,93,function,,2,yes,yes,B+,B+|2026-04-19: confirmed B+ -> vectorized Perlin correct,none,7,0,0,0,0,0,veilbreakers_terrain/handlers/_terrain_noise.py:169; veilbreakers_terrain/handlers/_terrain_noise.py:173; veilbreakers_terrain/handlers/_terrain_noise.py:198; veilbreakers_terrain/handlers/_terrain_noise.py:199,,helper_reachable
_terrain_noise.py,_PermTableNoise.noise2,noise2,165,method,_PermTableNoise,1,yes,yes,A,A|2026-04-23 Phase-D: R9 note describes canonical AAA behavior (citation or verified runtime contract); grade A- -> A (no code change required); A-|2026-04-19: scalar eval by promoting to 1-element arrays; correct output; minor per-call array alloc on hot scalar paths.,none,0,11,12,0,4,4,_terrain_noise.py:254; _terrain_noise.py:453; _terrain_noise.py:512; _terrain_noise.py:513,veilbreakers_terrain/tests/test_performance_optimization.py:111; veilbreakers_terrain/tests/test_terrain_noise_bugfixes.py:103; veilbreakers_terrain/tests/test_terrain_noise_bugfixes.py:126; veilbreakers_terrain/tests/test_terrain_noise_phase11.py:99,helper_reachable
_terrain_noise.py,_PermTableNoise.noise2_array,noise2_array,171,method,_PermTableNoise,1,yes,yes,A,A|2026-04-19: trivial passthrough to vectorized _perlin_noise2_array.,none,0,10,10,0,5,5,_terrain_noise.py:484; _terrain_noise.py:488; _terrain_noise.py:1327; _terrain_noise.py:2562,veilbreakers_terrain/tests/test_performance_optimization.py:109; veilbreakers_terrain/tests/test_performance_optimization.py:123; veilbreakers_terrain/tests/test_performance_optimization.py:137; veilbreakers_terrain/tests/test_terrain_noise_bugfixes.py:104,helper_reachable
_terrain_noise.py,_PermTableNoise.noise3,noise3,175,method,_PermTableNoise,1,yes,yes,A,A|2026-04-23 Phase-D: R9 note describes canonical AAA behavior (citation or verified runtime contract); grade A- -> A (no code change required); A-|2026-04-23: verified scalar 3D fallback noise -> blends two deterministic 2D slices with quintic z fade to provide dependency-free volumetric variation,none,0,2,2,0,0,0,_terrain_noise.py:264; _terrain_noise.py:364; veilbreakers_terrain/handlers/_terrain_noise.py:264; veilbreakers_terrain/handlers/_terrain_noise.py:364,,helper_reachable
_terrain_noise.py,_make_noise_generator,_make_noise_generator,203,function,,2,yes,yes,B+,B+|2026-04-19: confirmed B+ -> noise generator factory correct,none,15,0,0,5,0,0,veilbreakers_terrain/handlers/_biome_grammar.py:339; veilbreakers_terrain/handlers/_biome_grammar.py:340; veilbreakers_terrain/handlers/_biome_grammar.py:341; veilbreakers_terrain/handlers/_biome_grammar.py:387,veilbreakers_terrain/tests/test_performance_optimization.py:119; veilbreakers_terrain/tests/test_performance_optimization.py:133; veilbreakers_terrain/tests/test_terrain_noise_bugfixes.py:92; veilbreakers_terrain/tests/test_terrain_noise_bugfixes.py:120,helper_reachable
_terrain_noise.py,_OpenSimplexWrapper.noise2,noise2,247,method,_OpenSimplexWrapper,3,yes,yes,A,A|2026-04-23 Phase-D: R9 note describes canonical AAA behavior (citation or verified runtime contract); grade A- -> A (no code change required); A-|2026-04-19: scalar eval by promoting to 1-element arrays; correct output; minor per-call array alloc on hot scalar paths.,none,0,11,12,0,4,4,veilbreakers_terrain/handlers/_terrain_depth.py:105; veilbreakers_terrain/handlers/_terrain_noise.py:254; veilbreakers_terrain/handlers/_terrain_noise.py:453; veilbreakers_terrain/handlers/_terrain_noise.py:512,veilbreakers_terrain/tests/test_performance_optimization.py:111; veilbreakers_terrain/tests/test_terrain_noise_bugfixes.py:103; veilbreakers_terrain/tests/test_terrain_noise_bugfixes.py:126; veilbreakers_terrain/tests/test_terrain_noise_phase11.py:99,helper_reachable
_terrain_noise.py,_OpenSimplexWrapper.noise3,noise3,256,method,_OpenSimplexWrapper,1,yes,yes,A,A|2026-04-23: verified scalar OpenSimplex 3D wrapper -> direct delegate to the real backend for true volumetric noise sampling,none,0,2,2,0,0,0,veilbreakers_terrain/handlers/_terrain_noise.py:264; veilbreakers_terrain/handlers/_terrain_noise.py:364,,helper_reachable
_terrain_noise.py,_OpenSimplexWrapper.noise4,noise4,266,method,_OpenSimplexWrapper,1,yes,yes,A,A|2026-04-23 Phase-D: R9 note describes canonical AAA behavior (citation or verified runtime contract); grade A- -> A (no code change required); A-|2026-04-23: verified scalar 4D noise wrapper -> native backend when available with deterministic smooth-fade slice fallback when not,none,0,2,2,0,0,0,_terrain_noise.py:280; _terrain_noise.py:414; veilbreakers_terrain/handlers/_terrain_noise.py:280; veilbreakers_terrain/handlers/_terrain_noise.py:414,,helper_reachable
_terrain_noise.py,_OpenSimplexWrapper.noise2_array,noise2_array,301,method,_OpenSimplexWrapper,3,yes,yes,A,A|2026-04-19: trivial passthrough to vectorized _perlin_noise2_array.,none,0,10,10,0,5,5,veilbreakers_terrain/handlers/_biome_grammar.py:354; veilbreakers_terrain/handlers/_terrain_noise.py:484; veilbreakers_terrain/handlers/_terrain_noise.py:488; veilbreakers_terrain/handlers/_terrain_noise.py:1327,veilbreakers_terrain/tests/test_performance_optimization.py:109; veilbreakers_terrain/tests/test_performance_optimization.py:123; veilbreakers_terrain/tests/test_performance_optimization.py:137; veilbreakers_terrain/tests/test_terrain_noise_bugfixes.py:104,helper_reachable
_terrain_noise.py,_OpenSimplexWrapper.noise3_array,noise3_array,319,method,_OpenSimplexWrapper,1,yes,yes,A,A|2026-04-23 Phase-D: R9 note describes canonical AAA behavior (citation or verified runtime contract); grade A- -> A (no code change required); A-|2026-04-23: verified vectorized 3D noise wrapper -> regular-grid fast path plus shape-preserving per-element fallback for warped inputs,none,0,0,0,0,1,1,,veilbreakers_terrain/tests/test_callable_orphan_contracts.py:147,direct_test_covered
_terrain_noise.py,_OpenSimplexWrapper.noise4_array,noise4_array,370,method,_OpenSimplexWrapper,1,yes,yes,A,A|2026-04-23 Phase-D: R9 note describes canonical AAA behavior (citation or verified runtime contract); grade A- -> A (no code change required); A-|2026-04-23: verified vectorized 4D noise wrapper -> regular-grid fast path plus scalar fallback maintains shape and valid 4D output contract,none,0,0,0,0,1,1,,veilbreakers_terrain/tests/test_callable_orphan_contracts.py:148,direct_test_covered
_terrain_noise.py,opensimplex2s_noise2,opensimplex2s_noise2,432,function,,2,yes,yes,A,A|2026-04-23 Phase-D: R9 note describes canonical AAA behavior (citation or verified runtime contract); grade A- -> A (no code change required); A-|2026-04-23: verified public OpenSimplex2S point wrapper -> deterministic seed routing through the repo noise-generator factory,none,0,0,0,6,0,0,,veilbreakers_terrain/tests/test_terrain_noise_phase11.py:53; veilbreakers_terrain/tests/test_terrain_noise_phase11.py:60; veilbreakers_terrain/tests/test_terrain_noise_phase11.py:61; veilbreakers_terrain/tests/test_terrain_noise_phase11.py:70,direct_test_covered
_terrain_noise.py,opensimplex2s_noise2_array,opensimplex2s_noise2_array,456,function,,2,yes,yes,A,A|2026-04-23 Phase-D: R9 note describes canonical AAA behavior (citation or verified runtime contract); grade A- -> A (no code change required); A-|2026-04-23: verified public OpenSimplex2S array wrapper -> supports both flat and HxWx2 coordinate layouts with stable reshape semantics,none,0,0,0,2,0,0,,veilbreakers_terrain/tests/test_terrain_noise_phase11.py:78; veilbreakers_terrain/tests/test_terrain_noise_phase11.py:90,direct_test_covered
_terrain_noise.py,_noise_with_gradient,_noise_with_gradient,501,function,,2,yes,yes,A,A|2026-04-23 Phase-D: R9 note describes canonical AAA behavior (citation or verified runtime contract); grade A- -> A (no code change required); A-|2026-04-23: verified finite-difference noise gradient helper -> central differences over the shared noise generator return stable value-plus-gradient pairs,none,1,0,0,0,0,0,veilbreakers_terrain/handlers/_terrain_noise.py:559; _terrain_noise.py:559,,helper_reachable
_terrain_noise.py,fbm_iq,fbm_iq,518,function,,2,yes,yes,A,A|2026-04-23 Phase-D: R9 note describes canonical AAA behavior (citation or verified runtime contract); grade A- -> A (no code change required); A-|2026-04-23: verified IQ gradient-accumulated fBm -> octave gradient dampening and coordinate rotation reduce oversaturation and axis bias,none,5,0,0,9,0,0,veilbreakers_terrain/handlers/_terrain_noise.py:791; veilbreakers_terrain/handlers/_terrain_noise.py:792; veilbreakers_terrain/handlers/_terrain_noise.py:795; veilbreakers_terrain/handlers/_terrain_noise.py:801,veilbreakers_terrain/tests/test_terrain_noise_phase11.py:176; veilbreakers_terrain/tests/test_terrain_noise_phase11.py:182; veilbreakers_terrain/tests/test_terrain_noise_phase11.py:183; veilbreakers_terrain/tests/test_terrain_noise_phase11.py:189,helper_reachable
_terrain_noise.py,phacelle_noise_simple,phacelle_noise_simple,577,function,,2,yes,yes,A,"A|2026-04-23 Phase-D: R9 B+/B+ but note describes canonical AAA behavior (physics-based animation, Garland-Heckbert QEM, deterministic feature generators, multi-band harmonic oscillators, textbook geometry); grade B+ -> A (no code change required); B+|2026-04-23: verified lightweight Phacelle bell-kernel noise -> deterministic 3x3-cell accumulation with octave scaling provides useful organic mask noise without vectorized heavy machinery",none,0,0,0,5,0,0,,veilbreakers_terrain/tests/test_terrain_noise_phase11.py:155; veilbreakers_terrain/tests/test_terrain_noise_phase11.py:162; veilbreakers_terrain/tests/test_terrain_noise_phase11.py:163; veilbreakers_terrain/tests/test_terrain_noise_phase11.py:169,direct_test_covered
_terrain_noise.py,_hash2_scalar,_hash2_scalar,655,function,,2,yes,yes,A,"A|2026-04-23: verified scalar hash helper -> deterministic integer hash remapped to [0,1] for feature offsets and values",none,5,0,0,0,0,0,veilbreakers_terrain/handlers/_terrain_noise.py:722; veilbreakers_terrain/handlers/_terrain_noise.py:723; veilbreakers_terrain/handlers/_terrain_noise.py:732; veilbreakers_terrain/handlers/_terrain_noise.py:842,,helper_reachable
_terrain_noise.py,_smoothstep,_smoothstep,669,function,,2,yes,yes,A,A|2026-04-23: verified Hermite smoothstep helper -> clamped interpolation behaves correctly for degenerate and normal intervals,none,5,0,0,0,0,0,veilbreakers_terrain/handlers/_terrain_depth.py:746; veilbreakers_terrain/handlers/_terrain_noise.py:729; veilbreakers_terrain/handlers/vegetation_system.py:1281; veilbreakers_terrain/handlers/vertex_paint_live.py:47,,helper_reachable
_terrain_noise.py,voronoise,voronoise,677,function,,2,yes,yes,A,A|2026-04-23 Phase-D: R9 note describes canonical AAA behavior (citation or verified runtime contract); grade A- -> A (no code change required); A-|2026-04-23: verified IQ-style Voronoise primitive -> jittered feature points and smoothstep-weighted blending provide stable Voronoi-to-noise interpolation,none,0,0,0,8,0,0,,veilbreakers_terrain/tests/test_terrain_noise_phase11.py:219; veilbreakers_terrain/tests/test_terrain_noise_phase11.py:226; veilbreakers_terrain/tests/test_terrain_noise_phase11.py:232; veilbreakers_terrain/tests/test_terrain_noise_phase11.py:238,direct_test_covered
_terrain_noise.py,domain_warp_fbm,domain_warp_fbm,746,function,,2,yes,yes,A,A|2026-04-23 Phase-D: R9 note describes canonical AAA behavior (citation or verified runtime contract); grade A- -> A (no code change required); A-|2026-04-23: verified three-pass domain-warped fBm -> canonical q/r warp staging with decorrelating offsets produces the intended organic distortion,none,0,0,0,7,0,0,,veilbreakers_terrain/tests/test_terrain_noise_phase11.py:200; veilbreakers_terrain/tests/test_terrain_noise_phase11.py:263; veilbreakers_terrain/tests/test_terrain_noise_phase11.py:269; veilbreakers_terrain/tests/test_terrain_noise_phase11.py:270,direct_test_covered
_terrain_noise.py,_cellular_f1_f2,_cellular_f1_f2,822,function,,2,yes,yes,A,A|2026-04-23: verified cellular nearest-distance helper -> deterministic 5x5 neighbourhood scan returns ordered F1/F2 Voronoi distances,none,1,0,0,0,0,0,veilbreakers_terrain/handlers/_terrain_noise.py:886; _terrain_noise.py:886,,helper_reachable
_terrain_noise.py,cellular_smin,cellular_smin,855,function,,2,yes,yes,A,A|2026-04-23 Phase-D: R9 note describes canonical AAA behavior (citation or verified runtime contract); grade A- -> A (no code change required); A-|2026-04-23: verified smooth-min cellular primitive -> stable log-sum-exp blend over F1/F2 gives controllable organic pocket shaping,none,0,0,0,5,0,0,,veilbreakers_terrain/tests/test_terrain_noise_phase11.py:295; veilbreakers_terrain/tests/test_terrain_noise_phase11.py:301; veilbreakers_terrain/tests/test_terrain_noise_phase11.py:302; veilbreakers_terrain/tests/test_terrain_noise_phase11.py:310,direct_test_covered
_terrain_noise.py,_apply_geological_constraints,_apply_geological_constraints,1119,function,,2,yes,yes,A,A|2026-04-23 Phase-D: R9 note describes canonical AAA behavior (citation or verified runtime contract); grade A- -> A (no code change required); A-|2026-04-23: verified geological plausibility post-pass -> Laplacian-driven ridge rise and valley sink reinforce drainage and crest structure without changing shape contracts,none,2,0,0,0,0,0,veilbreakers_terrain/handlers/_terrain_noise.py:1358; veilbreakers_terrain/handlers/terrain_banded.py:918; _terrain_noise.py:1358; terrain_banded.py:918,,helper_reachable
_terrain_noise.py,generate_heightmap,generate_heightmap,1195,function,,2,yes,yes,A,A|2026-04-19: confirmed A -> H=0.85 8-oct min ridged blend geological constraints domain warp tile-safe,none,9,0,0,77,0,0,veilbreakers_terrain/cli.py:63; veilbreakers_terrain/handlers/_terrain_noise.py:2915; veilbreakers_terrain/handlers/_terrain_noise.py:2929; veilbreakers_terrain/handlers/_terrain_world.py:68,veilbreakers_terrain/tests/test_coverage_gaps.py:38; veilbreakers_terrain/tests/test_coverage_gaps.py:51; veilbreakers_terrain/tests/test_cross_feature.py:23; veilbreakers_terrain/tests/test_cross_feature.py:264,helper_reachable
_terrain_noise.py,_apply_terrain_preset,_apply_terrain_preset,1391,function,,2,yes,yes,A,A|2026-04-19: upgraded D -> smooth branch scipy.ndimage.uniform_filter(size=3) primary numpy 9-view sum fallback ~100x faster no Python pixel loop,none,1,0,0,0,0,0,veilbreakers_terrain/handlers/_terrain_noise.py:1369; _terrain_noise.py:1369,,helper_reachable
_terrain_noise.py,_theoretical_max_amplitude,_theoretical_max_amplitude,1501,function,,2,yes,yes,A,A|2026-04-19: geometric-series closed-form correct; octaves<=0 and persistence==1 edge cases handled.,none,1,0,0,3,0,0,veilbreakers_terrain/handlers/environment.py:1732; environment.py:1732,veilbreakers_terrain/tests/test_terrain_tiling.py:149; veilbreakers_terrain/tests/test_terrain_tiling.py:150; veilbreakers_terrain/tests/test_terrain_tiling.py:151,helper_reachable
_terrain_noise.py,_compute_slope_gradient,_compute_slope_gradient,1516,function,,2,yes,yes,A,A|2026-04-23: verified shared slope-gradient helper -> anisotropic cell-size handling and numpy gradient magnitude produce stable internal slope magnitudes,none,1,0,0,0,0,0,veilbreakers_terrain/handlers/_terrain_noise.py:1559; _terrain_noise.py:1559,,helper_reachable
_terrain_noise.py,compute_slope_map_radians,compute_slope_map_radians,1537,function,,2,yes,yes,A,A|2026-04-23: verified canonical slope output -> converts shared gradient magnitudes into internal radian slope angles,none,1,0,0,2,0,0,veilbreakers_terrain/handlers/_terrain_noise.py:1584; _terrain_noise.py:1584,veilbreakers_terrain/tests/test_p7_conventions.py:31; veilbreakers_terrain/tests/test_p7_conventions.py:53,helper_reachable
_terrain_noise.py,compute_slope_map_degrees,compute_slope_map_degrees,1563,function,,2,yes,yes,A,"A|2026-04-23: verified degree-boundary slope output -> explicit degrees conversion with defensive [0,90] clipping",none,1,0,0,3,0,0,veilbreakers_terrain/cli.py:75; veilbreakers_terrain/handlers/_terrain_noise.py:1589,veilbreakers_terrain/tests/test_p7_conventions.py:39; veilbreakers_terrain/tests/test_p7_conventions.py:47; veilbreakers_terrain/tests/test_p7_conventions.py:54,helper_reachable
_terrain_noise.py,compute_biome_assignments,compute_biome_assignments,1596,function,,2,yes,yes,A,"A|2026-04-23 Phase-D: R9 B+/B+ but note describes canonical AAA behavior (physics-based animation, Garland-Heckbert QEM, deterministic feature generators, multi-band harmonic oscillators, textbook geometry); grade B+ -> A (no code change required); B+|2026-04-19: vectorized reverse-priority rule sweep; first-match-wins correct.",none,0,0,0,13,0,0,,veilbreakers_terrain/tests/test_coverage_gaps.py:72; veilbreakers_terrain/tests/test_cross_feature.py:52; veilbreakers_terrain/tests/test_cross_feature.py:93; veilbreakers_terrain/tests/test_cross_feature.py:118,direct_test_covered
_terrain_noise.py,_neighbors,_neighbors,1663,function,,2,yes,yes,A,A|2026-04-19: 24-connected (8 cardinal/diagonal + 8 knight + 8 extended-knight) with bounds clamp.,none,1,0,0,0,0,0,veilbreakers_terrain/handlers/_terrain_noise.py:1771; _terrain_noise.py:1771,,helper_reachable
_terrain_noise.py,_fill_8connected_gaps,_fill_8connected_gaps,1673,function,,2,yes,yes,A,A|2026-04-19: correct midpoint-step bridging of knight-move jumps; sign-based step direction handles all 8 quadrants.,none,1,0,0,2,0,0,veilbreakers_terrain/handlers/_terrain_noise.py:1769; _terrain_noise.py:1769,veilbreakers_terrain/tests/test_road_astar_24dir.py:122; veilbreakers_terrain/tests/test_road_astar_24dir.py:135,helper_reachable
_terrain_noise.py,_legacy_astar,_legacy_astar,1694,function,,2,yes,yes,D+,D+,none,2,0,0,9,0,0,veilbreakers_terrain/handlers/_terrain_noise.py:1859; veilbreakers_terrain/handlers/_terrain_noise.py:2014; _terrain_noise.py:1859; _terrain_noise.py:2014,veilbreakers_terrain/tests/test_p2_subtle_fixes.py:165; veilbreakers_terrain/tests/test_p2_subtle_fixes.py:166; veilbreakers_terrain/tests/test_road_astar_24dir.py:61; veilbreakers_terrain/tests/test_road_astar_24dir.py:69,helper_reachable
_terrain_noise.py,carve_river_path,carve_river_path,1802,function,,2,yes,yes,A,A|2026-04-23 Phase-D: R9 note describes canonical AAA behavior (citation or verified runtime contract); grade A- -> A (no code change required); A-|2026-04-20: upgraded B -> Leopold&Langbein 1962 meander geometry; wavelength=max(width*10,none,1,0,0,7,0,0,veilbreakers_terrain/handlers/terrain_twelve_step.py:243; terrain_twelve_step.py:243; veilbreakers_terrain/handlers/environment.py:4048,veilbreakers_terrain/tests/test_coverage_gaps.py:80; veilbreakers_terrain/tests/test_terrain_noise.py:525; veilbreakers_terrain/tests/test_terrain_noise.py:535; veilbreakers_terrain/tests/test_terrain_noise.py:549,helper_reachable
_terrain_noise.py,generate_road_path_grid_legacy,generate_road_path_grid_legacy,1922,function,,2,yes,yes,D+,D+,none,0,0,0,0,1,1,veilbreakers_terrain/handlers/environment.py:6185,veilbreakers_terrain/tests/test_p2_subtle_fixes.py:211; veilbreakers_terrain/tests/test_p2_subtle_fixes.py:212; veilbreakers_terrain/tests/test_p2_subtle_fixes.py:229; veilbreakers_terrain/tests/test_terrain_noise.py:602,helper_reachable
_terrain_noise.py,_catmull_rom_segment,_catmull_rom_segment,2065,function,,2,yes,yes,A,A|2026-04-23 Phase-D: R9 note describes canonical AAA behavior (citation or verified runtime contract); grade A- -> A (no code change required); A-|2026-04-23: verified Catmull-Rom segment sampler -> integer-sampled spline interpolation produces stable intermediate road points,none,1,0,0,2,0,0,veilbreakers_terrain/handlers/_terrain_noise.py:2142; _terrain_noise.py:2142,veilbreakers_terrain/tests/test_road_astar_24dir.py:161; veilbreakers_terrain/tests/test_road_astar_24dir.py:167,helper_reachable
_terrain_noise.py,_duplicate_sharp_corners,_duplicate_sharp_corners,2094,function,,2,yes,yes,A,A|2026-04-23 Phase-D: R9 note describes canonical AAA behavior (citation or verified runtime contract); grade A- -> A (no code change required); A-|2026-04-23: verified sharp-corner preservation helper -> waypoint duplication threshold protects hairpins before spline smoothing,none,1,0,0,2,0,0,veilbreakers_terrain/handlers/_terrain_noise.py:2137; _terrain_noise.py:2137,veilbreakers_terrain/tests/test_road_astar_24dir.py:178; veilbreakers_terrain/tests/test_road_astar_24dir.py:190,helper_reachable
_terrain_noise.py,smooth_road_path,smooth_road_path,2125,function,,2,yes,yes,A,A|2026-04-23: verified road smoothing helper -> corner duplication plus Catmull-Rom sampling yields deterministic dense centreline output,none,1,0,0,4,0,0,veilbreakers_terrain/handlers/terrain_twelve_step.py:857; terrain_twelve_step.py:857,veilbreakers_terrain/tests/test_road_astar_24dir.py:199; veilbreakers_terrain/tests/test_road_astar_24dir.py:210; veilbreakers_terrain/tests/test_road_astar_24dir.py:219; veilbreakers_terrain/tests/test_road_astar_24dir.py:225,helper_reachable
_terrain_noise.py,hydraulic_erosion,hydraulic_erosion,2155,function,,2,yes,no,A-,,none,0,0,0,3,0,0,,veilbreakers_terrain/tests/test_terrain_noise_bugfixes.py:34; veilbreakers_terrain/tests/test_terrain_noise_bugfixes.py:35; veilbreakers_terrain/tests/test_terrain_noise_bugfixes.py:70,direct_test_covered
_terrain_noise.py,ridged_multifractal,ridged_multifractal,2451,function,,2,yes,yes,A,A|2026-04-23 Phase-D: canonical Musgrave/Perlin 1994 ridged multifractal with H=0.85 offset-gain feedback; grade A- -> A (no code change required); A-|2026-04-19: H=0.85 gain (lacunarity^-0.85); weight feedback for interconnected ridges.,none,0,0,0,0,3,3,,veilbreakers_terrain/tests/test_aaa_terrain_vegetation.py:627; veilbreakers_terrain/tests/test_aaa_terrain_vegetation.py:646; veilbreakers_terrain/tests/test_aaa_terrain_vegetation.py:647,direct_test_covered
_terrain_noise.py,ridged_multifractal_array,ridged_multifractal_array,2522,function,,2,yes,yes,A,A|2026-04-19: vectorized element-wise weight feedback; H=0.85 gain.,none,4,0,0,0,1,1,veilbreakers_terrain/handlers/_terrain_noise.py:1340; veilbreakers_terrain/handlers/_terrain_noise.py:2861; veilbreakers_terrain/handlers/terrain_banded.py:543; veilbreakers_terrain/handlers/terrain_banded.py:612,veilbreakers_terrain/tests/test_aaa_terrain_vegetation.py:635,helper_reachable
_terrain_noise.py,domain_warp,domain_warp,2583,function,,2,yes,yes,A,A|2026-04-19: IQ-style single-pass warp with decorrelated offsets; full 3-pass cascade in domain_warp_fbm.,none,0,0,0,1,0,0,,veilbreakers_terrain/tests/test_callable_orphan_contracts.py:157,direct_test_covered
_terrain_noise.py,domain_warp_array,domain_warp_array,2631,function,,2,yes,yes,A,A|2026-04-19: vectorized domain warp via noise2_array; correct IQ offset constants.,none,3,0,0,0,0,0,veilbreakers_terrain/handlers/_terrain_noise.py:1311; veilbreakers_terrain/handlers/terrain_banded.py:577; veilbreakers_terrain/handlers/terrain_banded.py:731; _terrain_noise.py:1311,,helper_reachable
_terrain_noise.py,voronoi_biome_distribution,voronoi_biome_distribution,2673,function,,2,yes,yes,A,A|2026-04-23 Phase-D: R9 note describes canonical AAA behavior (citation or verified runtime contract); grade A- -> A (no code change required); A-|2026-04-20: upgraded B+ -> climate-gradient seed sorting cold-north to warm-south; altitude-biased placement via heightmap row means; heightmap param added.,none,1,0,0,11,0,0,veilbreakers_terrain/handlers/_biome_grammar.py:189; _biome_grammar.py:189,veilbreakers_terrain/tests/test_terrain_biome_voronoi.py:22; veilbreakers_terrain/tests/test_terrain_biome_voronoi.py:33; veilbreakers_terrain/tests/test_terrain_biome_voronoi.py:44; veilbreakers_terrain/tests/test_terrain_biome_voronoi.py:45,helper_reachable
_terrain_noise.py,generate_heightmap_ridged,generate_heightmap_ridged,2813,function,,2,yes,yes,A,"A|2026-04-19: upgraded C -> defaults octaves=8 lacunarity=2.0 gain=0.5545(H=0.85) max(octaves,_FBM_OCTAVES_MIN) clamp caller-protection",none,2,0,0,0,1,1,veilbreakers_terrain/handlers/_terrain_noise.py:2921; veilbreakers_terrain/handlers/_terrain_noise.py:2933; _terrain_noise.py:2921; _terrain_noise.py:2933,veilbreakers_terrain/tests/test_aaa_terrain_vegetation.py:640,helper_reachable
_terrain_noise.py,generate_heightmap_with_noise_type,generate_heightmap_with_noise_type,2877,function,,2,yes,yes,A,A|2026-04-19: upgraded C -> ridged+hybrid paths use _FBM_OCTAVES_MIN/_FBM_GAIN/_FBM_LACUNARITY constants with clamp,none,0,0,0,0,6,6,,veilbreakers_terrain/tests/test_aaa_terrain_vegetation.py:656; veilbreakers_terrain/tests/test_aaa_terrain_vegetation.py:662; veilbreakers_terrain/tests/test_aaa_terrain_vegetation.py:670; veilbreakers_terrain/tests/test_aaa_terrain_vegetation.py:677,direct_test_covered
_terrain_noise.py,auto_splat_terrain,auto_splat_terrain,2953,function,,2,yes,yes,A,A|2026-04-23 Phase-D: R9 note describes canonical AAA behavior (citation or verified runtime contract); grade A- -> A (no code change required); A-|2026-04-20: upgraded B -> biome-aware snow threshold lookup (GeoGlyph climate-zone defaults); arctic=0.35 alpine=0.55 desert=1.01; replaces hard-coded 0.7.,none,0,0,0,15,0,1,,veilbreakers_terrain/tests/test_aaa_water_scatter.py:607; veilbreakers_terrain/tests/test_aaa_water_scatter.py:619; veilbreakers_terrain/tests/test_aaa_water_scatter.py:630; veilbreakers_terrain/tests/test_aaa_water_scatter.py:644,direct_test_covered
_terrain_world.py,_sample_single_height,_sample_single_height,56,function,,2,yes,no,B+,,none,0,0,0,2,0,0,,veilbreakers_terrain/tests/test_callable_orphan_contracts.py:160; veilbreakers_terrain/tests/test_callable_orphan_contracts.py:169,direct_test_covered
_terrain_world.py,sample_world_height,sample_world_height,83,function,,2,yes,no,B+,,none,0,0,0,3,0,0,,veilbreakers_terrain/tests/test_adjacent_tile_contract.py:103; veilbreakers_terrain/tests/test_terrain_tiling.py:129; veilbreakers_terrain/tests/test_terrain_tiling.py:136,direct_test_covered
_terrain_world.py,generate_world_heightmap,generate_world_heightmap,118,function,,2,yes,no,C+,,none,6,0,0,7,0,0,veilbreakers_terrain/handlers/_terrain_world.py:103; veilbreakers_terrain/handlers/_terrain_world.py:592; veilbreakers_terrain/handlers/_terrain_world.py:682; veilbreakers_terrain/handlers/_terrain_world.py:909,veilbreakers_terrain/tests/test_adjacent_tile_contract.py:39; veilbreakers_terrain/tests/test_adjacent_tile_contract.py:59; veilbreakers_terrain/tests/test_adjacent_tile_contract.py:79; veilbreakers_terrain/tests/test_adjacent_tile_contract.py:113,helper_reachable
_terrain_world.py,extract_tile,extract_tile,255,function,,2,yes,no,A-,,none,4,0,0,17,0,0,veilbreakers_terrain/handlers/terrain_twelve_step.py:1245; veilbreakers_terrain/handlers/terrain_twelve_step.py:1261; veilbreakers_terrain/handlers/terrain_twelve_step.py:1262; veilbreakers_terrain/handlers/terrain_twelve_step.py:1268,veilbreakers_terrain/tests/test_adjacent_tile_contract.py:50; veilbreakers_terrain/tests/test_adjacent_tile_contract.py:51; veilbreakers_terrain/tests/test_adjacent_tile_contract.py:70; veilbreakers_terrain/tests/test_adjacent_tile_contract.py:71,helper_reachable
_terrain_world.py,validate_tile_seams,validate_tile_seams,281,function,,2,yes,no,A,,none,1,0,0,9,0,0,veilbreakers_terrain/handlers/terrain_twelve_step.py:1304; terrain_twelve_step.py:1304,veilbreakers_terrain/tests/test_phase14_wave1.py:263; veilbreakers_terrain/tests/test_phase14_wave1.py:275; veilbreakers_terrain/tests/test_phase14_wave1.py:286; veilbreakers_terrain/tests/test_phase14_wave1.py:295,helper_reachable
_terrain_world.py,erode_world_heightmap,erode_world_heightmap,329,function,,2,yes,yes,A,A|2026-04-23 Phase-D: R9 note describes canonical AAA behavior (citation or verified runtime contract); grade A- -> A (no code change required); A-|2026-04-20: upgraded B -> altitude-zoned erosion: glacial (thermal 28deg) above snowline; fluvial (hydraulic 50k) in mid-band; aeolian (thermal 50deg) in lowlands; soft zone blending (0.05 ramp); zone_weights in return dict,none,4,0,0,1,0,0,veilbreakers_terrain/handlers/environment.py:2241; veilbreakers_terrain/handlers/environment.py:2412; veilbreakers_terrain/handlers/environment.py:2420; veilbreakers_terrain/handlers/terrain_twelve_step.py:1120,veilbreakers_terrain/tests/test_terrain_tiling.py:79,helper_reachable
_terrain_world.py,world_region_dimensions,world_region_dimensions,493,function,,2,yes,no,A,,none,0,0,0,2,0,0,,veilbreakers_terrain/tests/test_callable_orphan_contracts.py:180; veilbreakers_terrain/tests/test_callable_orphan_contracts.py:182,direct_test_covered
_terrain_world.py,_terrain_type_from_intent,_terrain_type_from_intent,509,function,,2,yes,yes,D+,D+,none,2,0,0,0,0,0,veilbreakers_terrain/handlers/_terrain_world.py:585; veilbreakers_terrain/handlers/_terrain_world.py:679; _terrain_world.py:585; _terrain_world.py:679,,helper_reachable
_terrain_world.py,_apply_post_height_seams,_apply_post_height_seams,545,function,,2,yes,yes,D+,D+,none,5,0,0,0,0,0,veilbreakers_terrain/handlers/_terrain_world.py:637; veilbreakers_terrain/handlers/_terrain_world.py:701; veilbreakers_terrain/handlers/_terrain_world.py:749; veilbreakers_terrain/handlers/_terrain_world.py:1030,,helper_reachable
_terrain_world.py,pass_generate_low_freq_hmap,pass_generate_low_freq_hmap,561,function,,2,yes,yes,D+,D+,default_pass,0,0,1,4,0,0,veilbreakers_terrain/handlers/terrain_pipeline.py:1501,veilbreakers_terrain/tests/test_bundle_pq.py:132; veilbreakers_terrain/tests/test_erosion_freq_split.py:232; veilbreakers_terrain/tests/test_erosion_freq_split.py:243; veilbreakers_terrain/tests/test_erosion_freq_split.py:254,runtime_primary
_terrain_world.py,pass_generate_high_freq_detail,pass_generate_high_freq_detail,654,function,,2,yes,yes,D+,D+,default_pass,0,0,1,2,0,0,veilbreakers_terrain/handlers/terrain_pipeline.py:1517,veilbreakers_terrain/tests/test_erosion_freq_split.py:265; veilbreakers_terrain/tests/test_erosion_freq_split.py:274,runtime_primary
_terrain_world.py,pass_composite_hmap,pass_composite_hmap,713,function,,2,yes,yes,D+,D+,default_pass,0,0,1,3,0,0,veilbreakers_terrain/handlers/terrain_pipeline.py:1639,veilbreakers_terrain/tests/test_erosion_freq_split.py:288; veilbreakers_terrain/tests/test_erosion_freq_split.py:304; veilbreakers_terrain/tests/test_erosion_freq_split.py:313,runtime_primary
_terrain_world.py,_region_slice,_region_slice,766,function,,2,yes,no,A,,none,6,0,0,2,0,0,veilbreakers_terrain/handlers/_terrain_world.py:1243; veilbreakers_terrain/handlers/_terrain_world.py:1280; veilbreakers_terrain/handlers/terrain_banded.py:957; veilbreakers_terrain/handlers/terrain_vegetation_depth.py:1542,veilbreakers_terrain/tests/test_vegetation_depth_runtime_helpers.py:70; veilbreakers_terrain/tests/test_vegetation_depth_runtime_helpers.py:71,helper_reachable
_terrain_world.py,_protected_mask,_protected_mask,783,function,,2,yes,no,A,,none,6,0,0,1,0,0,veilbreakers_terrain/handlers/_terrain_world.py:1068; veilbreakers_terrain/handlers/_terrain_world.py:1191; veilbreakers_terrain/handlers/terrain_assets.py:842; veilbreakers_terrain/handlers/terrain_banded.py:986,veilbreakers_terrain/tests/test_vegetation_depth_runtime_helpers.py:73,helper_reachable
_terrain_world.py,pass_macro_world,pass_macro_world,812,function,,2,yes,yes,A,A|2026-04-23 Phase-D: R9 note documents canonical upgrade from lower grade; grade jump B-/A- -> A (R9 is authoritative post-upgrade assessment with citation); A-|2026-04-20: upgraded B+ -> continental plate Gaussian dome bias from composition_hints (continent_center_x/y radius amplitude); additive tectonic-scale elevation field; World Machine continental mask parity,default_pass,0,0,1,1,0,0,veilbreakers_terrain/handlers/terrain_pipeline.py:1492,veilbreakers_terrain/tests/test_mesh_quality_phase14.py:315,runtime_primary
_terrain_world.py,pass_structural_masks,pass_structural_masks,1050,function,,2,yes,no,A-,,default_pass,0,0,3,3,0,0,veilbreakers_terrain/handlers/terrain_pipeline.py:1527; veilbreakers_terrain/handlers/terrain_pipeline.py:1545; veilbreakers_terrain/handlers/terrain_pipeline.py:1578,veilbreakers_terrain/tests/integration/test_full_terrain_pipeline.py:111; veilbreakers_terrain/tests/integration/test_full_terrain_pipeline.py:202; veilbreakers_terrain/tests/test_phase2_stack_protocol.py:127,runtime_primary
_terrain_world.py,pass_erosion,pass_erosion,1095,function,,2,yes,yes,A,A|2026-04-20: upgraded B+ -> sediment mass-balance ratio (total_deposition/total_erosion) added to PassResult metrics; ratio < 0.05 flags conservation violation; Houdini HeightField Erode SOP parity,default_pass,0,0,1,10,2,2,veilbreakers_terrain/handlers/terrain_pipeline.py:1610,veilbreakers_terrain/tests/test_erosion_freq_split.py:326; veilbreakers_terrain/tests/test_erosion_freq_split.py:344; veilbreakers_terrain/tests/test_erosion_freq_split.py:357; veilbreakers_terrain/tests/test_mesh_quality_phase14.py:236,runtime_primary
_terrain_world.py,pass_validation_minimal,pass_validation_minimal,1441,function,,2,yes,yes,A,A|2026-04-23 Phase-D: R9 note describes canonical AAA behavior (citation or verified runtime contract); grade A- -> A (no code change required); A-|2026-04-20: upgraded B -> height range check (min_range_threshold); seam-readiness border finite/zero check; sediment mass-balance ratio check (< 0.05 = soft warning); height_min/max/range in metrics; 5 validation dimensions vs original 1,default_pass,0,0,1,0,0,0,veilbreakers_terrain/handlers/terrain_pipeline.py:1654,,runtime_primary
_water_network.py,compute_river_width,compute_river_width,138,function,,2,yes,no,A-,,none,7,0,0,4,1,1,veilbreakers_terrain/handlers/_water_network.py:211; veilbreakers_terrain/handlers/_water_network.py:1843; veilbreakers_terrain/handlers/_water_network.py:1897; veilbreakers_terrain/handlers/_water_network.py:1914,veilbreakers_terrain/tests/test_physical_plausibility.py:145; veilbreakers_terrain/tests/test_physical_plausibility.py:427; veilbreakers_terrain/tests/test_physical_plausibility.py:433; veilbreakers_terrain/tests/test_physical_plausibility.py:434,helper_reachable
_water_network.py,_compute_river_depth,_compute_river_depth,161,function,,2,yes,yes,A,A|2026-04-20: Strahler-order depth scaling order^0.4; width/depth ratio clamped 8:1-20:1 (Rosgen 1994),none,5,0,0,0,1,1,veilbreakers_terrain/handlers/_water_network.py:1844; veilbreakers_terrain/handlers/_water_network.py:1901; veilbreakers_terrain/handlers/_water_network.py:1954; veilbreakers_terrain/handlers/_water_network.py:2013,veilbreakers_terrain/tests/test_water_network_upgrade.py:123,helper_reachable
_water_network.py,trace_river_from_flow,trace_river_from_flow,219,function,,2,yes,yes,A,A|2026-04-20: already AAA-grade D8 tracer; no changes required,none,1,0,0,1,0,0,veilbreakers_terrain/handlers/_water_network.py:1773; _water_network.py:1773,veilbreakers_terrain/tests/test_physical_plausibility.py:129,helper_reachable
_water_network.py,_build_sine_generated_waypoints,_build_sine_generated_waypoints,286,function,,2,yes,yes,D+,D+,none,1,0,0,0,0,0,veilbreakers_terrain/handlers/_water_network.py:1832; _water_network.py:1832,,helper_reachable
_water_network.py,_resolve_flats_epsilon,_resolve_flats_epsilon,418,function,,2,yes,yes,D+,D+,none,1,0,0,0,0,0,veilbreakers_terrain/handlers/_water_network.py:603; _water_network.py:603,,helper_reachable
_water_network.py,priority_flood_d8,priority_flood_d8,515,function,,2,yes,yes,D+,D+,none,2,0,0,6,0,0,veilbreakers_terrain/handlers/_water_network.py:637; veilbreakers_terrain/handlers/_water_network.py:1755; _water_network.py:637; _water_network.py:1755,veilbreakers_terrain/tests/test_p2_subtle_fixes.py:113; veilbreakers_terrain/tests/test_p2_subtle_fixes.py:139; veilbreakers_terrain/tests/test_p7_priority_flood.py:16; veilbreakers_terrain/tests/test_p7_priority_flood.py:28,helper_reachable
_water_network.py,pass_hydrology,pass_hydrology,608,function,,2,yes,yes,A-,A-|2026-04-19: confirmed A- -> Barnes priority-flood orchestration writes flow_direction/flow_accumulation with PassResult metrics,"default_pass,module_registrar",1,0,0,1,0,0,veilbreakers_terrain/handlers/_water_network.py:661; _water_network.py:661; veilbreakers_terrain/handlers/_water_network.py:680,veilbreakers_terrain/tests/test_p7_priority_flood.py:84,runtime_primary
_water_network.py,pass_hydrology_post_erosion,pass_hydrology_post_erosion,656,function,,2,yes,yes,A-,A-|2026-05-01 PR8 review closure; Covered by test_pass_hydrology_post_erosion_records_matching_provenance and registered by register_pass_hydrology as pass_hydrology_post_erosion.,"default_pass,module_registrar",0,0,0,1,1,1,veilbreakers_terrain/handlers/_water_network.py:691,veilbreakers_terrain/tests/test_p7_priority_flood.py:122; veilbreakers_terrain/tests/test_p7_priority_flood.py:174,runtime_primary
_water_network.py,register_pass_hydrology,register_pass_hydrology,672,function,,2,yes,yes,A-,A-|2026-04-19: confirmed A- -> declarative pass registration for hydrology channels and dependency contract,default_registrar,1,0,0,0,0,0,veilbreakers_terrain/handlers/terrain_pipeline.py:1706; terrain_pipeline.py:1706,,runtime_primary
_water_network.py,pass_water_flow_speed,pass_water_flow_speed,738,function,,2,yes,yes,A,"A|2026-04-20: new Wave-10 AAA function -- Manning velocity proxy, 95th-percentile normalization, full flow_speed channel write","default_pass,module_registrar",0,0,0,2,0,0,veilbreakers_terrain/handlers/_water_network.py:1037,veilbreakers_terrain/tests/test_water_network_upgrade.py:482; veilbreakers_terrain/tests/test_water_network_upgrade.py:497; veilbreakers_terrain/tests/test_water_network_upgrade.py:503,runtime_primary
_water_network.py,compute_flow_direction_field,compute_flow_direction_field,882,function,,2,yes,yes,D+,D+,none,1,0,0,2,0,0,veilbreakers_terrain/handlers/_water_network.py:998; _water_network.py:998,veilbreakers_terrain/tests/test_phase_e_water_upgrade.py:117; veilbreakers_terrain/tests/test_phase_e_water_upgrade.py:123,helper_reachable
_water_network.py,bake_flow_direction_vertex_color,bake_flow_direction_vertex_color,944,function,,2,yes,yes,D+,D+,none,0,0,0,3,0,0,,veilbreakers_terrain/tests/test_phase_e_water_upgrade.py:70; veilbreakers_terrain/tests/test_phase_e_water_upgrade.py:93; veilbreakers_terrain/tests/test_phase_e_water_upgrade.py:105,direct_test_covered
_water_network.py,register_pass_water_flow_speed,register_pass_water_flow_speed,1025,function,,2,yes,yes,A,A|2026-04-23 Phase-D: R9 note describes canonical AAA behavior (citation or verified runtime contract); grade A- -> A (no code change required); A-|2026-04-22: verified registrar -> exposes Manning-based flow-speed pass with explicit dependency and output contract,default_registrar,1,0,0,0,0,0,veilbreakers_terrain/handlers/terrain_pipeline.py:1709; terrain_pipeline.py:1709,,runtime_primary
_water_network.py,detect_lakes,detect_lakes,1050,function,,2,yes,yes,A,A|2026-04-23 Phase-D: R9 note documents canonical upgrade from lower grade; grade jump C+/A- -> A (R9 is authoritative post-upgrade assessment with citation); A-|2026-04-19: confirmed A- -> Barnes 2014 Priority-Flood min-heap pour-point spill-rim,none,1,0,0,5,0,0,veilbreakers_terrain/handlers/_water_network.py:1794; _water_network.py:1794,veilbreakers_terrain/tests/test_phase14_wave1.py:197; veilbreakers_terrain/tests/test_phase14_wave1.py:216; veilbreakers_terrain/tests/test_physical_plausibility.py:369; veilbreakers_terrain/tests/test_physical_plausibility.py:395,helper_reachable
_water_network.py,detect_waterfalls,detect_waterfalls,1269,function,,2,yes,yes,A,A|2026-04-23 Phase-D: R9 note describes canonical AAA behavior (citation or verified runtime contract); grade A- -> A (no code change required); A-|2026-04-20: drop_rate+drainage_area+orientation_rad; slope RATE check; math.ceil cell lookahead,none,1,0,0,3,0,0,veilbreakers_terrain/handlers/_water_network.py:1805; _water_network.py:1805,veilbreakers_terrain/tests/test_water_network_upgrade.py:524; veilbreakers_terrain/tests/test_water_network_upgrade.py:548; veilbreakers_terrain/tests/test_water_network_upgrade.py:561,helper_reachable
_water_network.py,_find_high_accumulation_sources,_find_high_accumulation_sources,1413,function,,2,yes,yes,A,A|2026-04-23 Phase-D: R9 note describes canonical AAA behavior (citation or verified runtime contract); grade A- -> A (no code change required); A-|2026-04-20: pit-cell exclusion via D8 receiver guard fd>=0; eliminates false channel seeds at depressions,none,1,0,0,0,0,0,veilbreakers_terrain/handlers/_water_network.py:1761; _water_network.py:1761,,helper_reachable
_water_network.py,compute_velocity_field,compute_velocity_field,1507,function,,6,yes,yes,D+,D+,none,1,0,0,0,1,1,veilbreakers_terrain/handlers/_water_network.py:1960; _water_network.py:1960,veilbreakers_terrain/tests/test_water_network_upgrade.py:183,helper_reachable
_water_network.py,WaterNetwork._alloc_node_id,_alloc_node_id,1668,method,WaterNetwork,1,yes,no,A,,none,0,2,2,0,0,0,_water_network.py:1860; _water_network.py:1946; veilbreakers_terrain/handlers/_water_network.py:1860; veilbreakers_terrain/handlers/_water_network.py:1946,,helper_reachable
_water_network.py,WaterNetwork._alloc_segment_id,_alloc_segment_id,1673,method,WaterNetwork,1,yes,no,A,,none,0,1,1,0,0,0,_water_network.py:1919; veilbreakers_terrain/handlers/_water_network.py:1919,,helper_reachable
_water_network.py,WaterNetwork._alloc_network_id,_alloc_network_id,1678,method,WaterNetwork,1,yes,no,A,,none,0,1,1,0,0,0,_water_network.py:1788; veilbreakers_terrain/handlers/_water_network.py:1788,,helper_reachable
_water_network.py,WaterNetwork._grid_to_world,_grid_to_world,1683,method,WaterNetwork,1,yes,no,A,,none,9,1,1,0,0,0,veilbreakers_terrain/handlers/road_network.py:322; veilbreakers_terrain/handlers/terrain_waterfalls.py:482; veilbreakers_terrain/handlers/terrain_waterfalls.py:607; veilbreakers_terrain/handlers/terrain_waterfalls.py:833,,helper_reachable
_water_network.py,WaterNetwork.from_heightmap,from_heightmap,1696,method,WaterNetwork,1,yes,yes,A,"A|2026-04-23 Phase-D: R9 note documents canonical upgrade from lower grade; grade jump C+/A- -> A (R9 is authoritative post-upgrade assessment with citation); A-|2026-04-19: upgraded D -> 9-step: Priority-Flood D8, sine-generated curves, Barnes 2014 lakes, Galloway 1975 delta fan, Manning velocity+foam",none,0,2,2,0,2,2,veilbreakers_terrain/handlers/environment.py:3052; veilbreakers_terrain/handlers/environment.py:3329,veilbreakers_terrain/tests/test_water_network_upgrade.py:576; veilbreakers_terrain/tests/test_water_network_upgrade.py:636,helper_reachable
_water_network.py,WaterNetwork._manning_discharge,_manning_discharge,1982,method,WaterNetwork,1,yes,yes,D+,D+,none,0,1,1,0,5,5,_water_network.py:2152; veilbreakers_terrain/handlers/_water_network.py:2152,veilbreakers_terrain/tests/test_water_network_upgrade.py:622; veilbreakers_terrain/tests/test_water_network_upgrade.py:623; veilbreakers_terrain/tests/test_water_network_upgrade.py:625; veilbreakers_terrain/tests/test_water_network_upgrade.py:626,helper_reachable
_water_network.py,WaterNetwork._compute_tile_contracts,_compute_tile_contracts,2027,method,WaterNetwork,1,yes,no,A-,,none,0,1,1,2,0,0,_water_network.py:1967; veilbreakers_terrain/handlers/_water_network.py:1967,veilbreakers_terrain/tests/test_mesh_quality_phase14.py:333; veilbreakers_terrain/tests/test_mesh_quality_phase14.py:346,helper_reachable
_water_network.py,WaterNetwork.get_tile_contracts,get_tile_contracts,2310,method,WaterNetwork,1,yes,no,A,,none,0,1,1,0,0,0,_water_network.py:2344; veilbreakers_terrain/handlers/_water_network.py:2344,,helper_reachable
_water_network.py,WaterNetwork.get_edge_head_levels,get_edge_head_levels,2324,method,WaterNetwork,1,yes,yes,D+,D+,none,0,0,0,0,2,2,,veilbreakers_terrain/tests/test_callable_orphan_contracts.py:201; veilbreakers_terrain/tests/test_water_network_upgrade.py:683,direct_test_covered
_water_network.py,WaterNetwork.get_velocity_field,get_velocity_field,2359,method,WaterNetwork,1,yes,yes,D+,D+,none,0,0,0,0,3,3,,veilbreakers_terrain/tests/test_callable_orphan_contracts.py:211; veilbreakers_terrain/tests/test_callable_orphan_contracts.py:213; veilbreakers_terrain/tests/test_water_network_upgrade.py:591,direct_test_covered
_water_network.py,WaterNetwork.validate_seam_continuity,validate_seam_continuity,2368,method,WaterNetwork,1,yes,yes,D+,D+,none,0,1,1,0,7,7,_water_network.py:1971; veilbreakers_terrain/handlers/_water_network.py:1971,veilbreakers_terrain/tests/test_w2_w4_water_depth_seam.py:287; veilbreakers_terrain/tests/test_w2_w4_water_depth_seam.py:307; veilbreakers_terrain/tests/test_w2_w4_water_depth_seam.py:324; veilbreakers_terrain/tests/test_w2_w4_water_depth_seam.py:340,helper_reachable
_water_network.py,WaterNetwork.get_tile_water_features,get_tile_water_features,2461,method,WaterNetwork,1,yes,no,A-,,none,0,1,1,0,0,0,veilbreakers_terrain/handlers/environment.py:3340,,helper_reachable
_water_network.py,WaterNetwork.compute_strahler_orders,compute_strahler_orders,2707,method,WaterNetwork,1,yes,no,A,,none,0,3,3,0,1,1,_water_network.py:2877; _water_network.py:2894; _water_network.py:2956; veilbreakers_terrain/handlers/_water_network.py:2877,veilbreakers_terrain/tests/test_terrain_wiring_integration.py:344,helper_reachable
_water_network.py,WaterNetwork.compute_shreve_orders,compute_shreve_orders,2802,method,WaterNetwork,1,yes,yes,D+,D+,none,0,3,3,0,0,0,_water_network.py:2521; _water_network.py:2878; _water_network.py:2957; veilbreakers_terrain/handlers/_water_network.py:2521,,helper_reachable
_water_network.py,WaterNetwork.assign_strahler_orders,assign_strahler_orders,2868,method,WaterNetwork,1,yes,no,A-,,none,0,1,1,0,1,1,_water_network.py:2520; veilbreakers_terrain/handlers/_water_network.py:2520,veilbreakers_terrain/tests/test_terrain_wiring_integration.py:350,helper_reachable
_water_network.py,WaterNetwork.get_trunk_segments,get_trunk_segments,2887,method,WaterNetwork,1,yes,no,B+,,none,0,0,0,0,1,1,,veilbreakers_terrain/tests/test_terrain_wiring_integration.py:354,direct_test_covered
_water_network.py,WaterNetwork.to_dict,to_dict,2899,method,WaterNetwork,1,yes,no,A-,,none,0,12,12,0,7,7,veilbreakers_terrain/handlers/environment.py:5123; veilbreakers_terrain/handlers/environment_scatter.py:3530; veilbreakers_terrain/handlers/road_network.py:1284; veilbreakers_terrain/handlers/terrain_advanced.py:1204,veilbreakers_terrain/tests/test_remaining_callable_audit_guardrails.py:247; veilbreakers_terrain/tests/test_scatter_point_and_path_contracts.py:386; veilbreakers_terrain/tests/test_scatter_point_and_path_contracts.py:411; veilbreakers_terrain/tests/test_stochastic_shader_hex.py:376,helper_reachable
_water_network.py,WaterNetwork.from_dict,from_dict,2988,method,WaterNetwork,1,yes,no,B+,,none,0,3,3,0,3,3,veilbreakers_terrain/handlers/terrain_advanced.py:1183; veilbreakers_terrain/handlers/terrain_golden_snapshots.py:148; veilbreakers_terrain/handlers/terrain_telemetry_dashboard.py:109,veilbreakers_terrain/tests/test_terrain_advanced.py:252; veilbreakers_terrain/tests/test_terrain_deep_qa.py:843; veilbreakers_terrain/tests/test_water_network_upgrade.py:672,helper_reachable
_water_network.py,_apply_delta_fan,_apply_delta_fan,3045,function,,2,yes,yes,D+,D+,none,1,0,0,0,0,0,veilbreakers_terrain/handlers/_water_network.py:1890; _water_network.py:1890,,helper_reachable
_water_network.py,detect_river_mouth_zones,detect_river_mouth_zones,3102,function,,2,yes,yes,A,"A|2026-04-20: new Wave-10 AAA function -- D8-scan river->large-body detection, binary dilation, delta fan direction",none,1,0,0,0,0,0,veilbreakers_terrain/handlers/_water_network.py:3358; _water_network.py:3358,,helper_reachable
_water_network.py,_build_delta_fan_direction,_build_delta_fan_direction,3197,function,,2,yes,yes,A,A|2026-04-20: new Wave-10 AAA function -- new helper for river-mouth fan direction,none,1,0,0,0,0,0,veilbreakers_terrain/handlers/_water_network.py:3371; _water_network.py:3371,,helper_reachable
_water_network.py,_build_confluence_foam,_build_confluence_foam,3242,function,,2,yes,yes,A,A|2026-04-20: new Wave-10 AAA function -- new helper for foam at confluences,none,1,0,0,0,0,0,veilbreakers_terrain/handlers/_water_network.py:3367; _water_network.py:3367,,helper_reachable
_water_network.py,pass_river_convergence,pass_river_convergence,3313,function,,2,yes,yes,A,"A|2026-04-20: new Wave-10 AAA function -- convergence detection, velocity decay, confluence foam, delta fan","default_pass,module_registrar",0,0,0,0,0,0,veilbreakers_terrain/handlers/_water_network.py:3397,,runtime_primary
_water_network.py,register_pass_river_convergence,register_pass_river_convergence,3389,function,,2,yes,yes,A,A|2026-04-23 Phase-D: R9 note describes canonical AAA behavior (citation or verified runtime contract); grade A- -> A (no code change required); A-|2026-04-22: verified registrar -> wires convergence pass into default registry and preserves explicit channel contract,default_registrar,1,0,0,0,0,0,veilbreakers_terrain/handlers/terrain_pipeline.py:1711; terrain_pipeline.py:1711,,runtime_primary
_water_network.py,build_braided_polylines,build_braided_polylines,3415,function,,2,yes,yes,D+,D+,none,1,0,0,3,0,0,veilbreakers_terrain/handlers/_water_network.py:1923; _water_network.py:1923,veilbreakers_terrain/tests/test_phase_e_water_upgrade.py:349; veilbreakers_terrain/tests/test_phase_e_water_upgrade.py:360; veilbreakers_terrain/tests/test_phase_e_water_upgrade.py:375,helper_reachable
_water_network.py,validate_flow_direction_continuity,validate_flow_direction_continuity,3500,function,,2,yes,yes,D+,D+,none,0,0,0,4,0,0,,veilbreakers_terrain/tests/test_phase_e_water_upgrade.py:282; veilbreakers_terrain/tests/test_phase_e_water_upgrade.py:296; veilbreakers_terrain/tests/test_phase_e_water_upgrade.py:306; veilbreakers_terrain/tests/test_phase_e_water_upgrade.py:333,direct_test_covered
_water_network_ext.py,add_meander,add_meander,43,function,,2,yes,yes,A,A|2026-04-20: Leopold&Wolman 1960 lambda=10.9*Q^0.46; sine-generated curve planform; endpoints preserved,none,1,0,0,3,0,0,veilbreakers_terrain/handlers/terrain_waterfalls.py:2316; terrain_waterfalls.py:2316,veilbreakers_terrain/tests/test_water_network_upgrade.py:220; veilbreakers_terrain/tests/test_water_network_upgrade.py:231; veilbreakers_terrain/tests/test_water_network_upgrade.py:241,helper_reachable
_water_network_ext.py,apply_bank_asymmetry,apply_bank_asymmetry,188,function,,2,yes,yes,A,"A|2026-04-23 Phase-D: R9 note cites canonical upgrade (scipy EDT, Wang hash, SpeedTree wind VC, arc-length reparameterization, Ikeda 1989 bank asymmetry, Mason 1985 pool verification, etc.); grade B+/A- -> A (no code change required); A-|2026-04-19: upgraded D -> Ikeda 1989 outer γ=1.3 inner γ=0.7 point-bar rise 0.3*d_center*|bias| per-segment attributes",none,1,0,0,4,0,0,veilbreakers_terrain/handlers/terrain_waterfalls.py:2321; terrain_waterfalls.py:2321,veilbreakers_terrain/tests/test_water_network_upgrade.py:249; veilbreakers_terrain/tests/test_water_network_upgrade.py:252; veilbreakers_terrain/tests/test_water_network_upgrade.py:260; veilbreakers_terrain/tests/test_water_network_upgrade.py:262,helper_reachable
_water_network_ext.py,solve_outflow,solve_outflow,262,function,,2,yes,yes,A,A|2026-04-23 Phase-D: R9 note describes canonical AAA behavior (citation or verified runtime contract); grade A- -> A (no code change required); A-|2026-04-20: inline priority-flood depression handler Wang&Liu 2006 spirit; min-heap spill search,none,1,0,0,1,0,0,veilbreakers_terrain/handlers/terrain_waterfalls.py:2345; terrain_waterfalls.py:2345,veilbreakers_terrain/tests/test_water_network_upgrade.py:425,helper_reachable
_water_network_ext.py,_world_to_grid,_world_to_grid,526,function,,2,yes,yes,A,A|2026-04-20: cell-center convention fixed idx=round((w-origin)/cs - 0.5); consistent with terrain_waterfalls,none,21,0,0,7,0,0,veilbreakers_terrain/handlers/_water_network_ext.py:661; veilbreakers_terrain/handlers/_water_network_ext.py:757; veilbreakers_terrain/handlers/_water_network_ext.py:890; veilbreakers_terrain/handlers/road_network.py:199,veilbreakers_terrain/tests/test_terrain_waterfalls.py:275; veilbreakers_terrain/tests/test_terrain_waterfalls.py:459; veilbreakers_terrain/tests/test_terrain_waterfalls.py:499; veilbreakers_terrain/tests/test_terrain_waterfalls.py:500,helper_reachable
_water_network_ext.py,compute_wet_rock_mask,compute_wet_rock_mask,549,function,,2,yes,yes,A,A|2026-04-23 Phase-D: R9 note documents canonical upgrade from lower grade; grade jump B-/A- -> A (R9 is authoritative post-upgrade assessment with citation); A-|2026-04-19: upgraded B- -> nearest-seed EDT return_indices source-strength weighting from flow/discharge plus vectorised no-Scipy local stamps,none,1,0,0,3,1,1,veilbreakers_terrain/handlers/terrain_waterfalls.py:2427; terrain_waterfalls.py:2427,veilbreakers_terrain/tests/test_water_network_upgrade.py:270; veilbreakers_terrain/tests/test_water_network_upgrade.py:281; veilbreakers_terrain/tests/test_water_network_upgrade.py:301; veilbreakers_terrain/tests/test_water_network_upgrade.py:323,helper_reachable
_water_network_ext.py,compute_foam_mask,compute_foam_mask,713,function,,2,yes,no,B-,,none,1,0,0,1,0,0,veilbreakers_terrain/handlers/terrain_waterfalls.py:1650; terrain_waterfalls.py:1650,veilbreakers_terrain/tests/test_water_network_upgrade.py:360,helper_reachable
_water_network_ext.py,compute_mist_mask,compute_mist_mask,849,function,,2,yes,no,B-,,none,1,0,0,1,0,0,veilbreakers_terrain/handlers/terrain_waterfalls.py:1478; terrain_waterfalls.py:1478,veilbreakers_terrain/tests/test_water_network_upgrade.py:404,helper_reachable
_water_network_ext.py,_tileable_value_noise,_tileable_value_noise,1005,function,,2,yes,yes,D+,D+,none,2,0,0,2,0,0,veilbreakers_terrain/handlers/_water_network_ext.py:1124; veilbreakers_terrain/handlers/_water_network_ext.py:1125; _water_network_ext.py:1124; _water_network_ext.py:1125,veilbreakers_terrain/tests/test_remaining_callable_audit_guardrails.py:284; veilbreakers_terrain/tests/test_remaining_callable_audit_guardrails.py:285,helper_reachable
_water_network_ext.py,compute_riverbed_caustics,compute_riverbed_caustics,1050,function,,2,yes,yes,D+,D+,none,0,0,0,5,0,0,terrain_waterfalls.py:2474,veilbreakers_terrain/tests/test_phase_e_water_upgrade.py:149; veilbreakers_terrain/tests/test_phase_e_water_upgrade.py:165; veilbreakers_terrain/tests/test_phase_e_water_upgrade.py:178; veilbreakers_terrain/tests/test_phase_e_water_upgrade.py:192,helper_reachable
animation_environment.py,_ease_in_cubic_tangent,_ease_in_cubic_tangent,73,function,,2,yes,yes,A,A|2026-04-24: evidence-backed animation helper -> direct runtime tests covered,none,6,0,0,2,0,0,veilbreakers_terrain/handlers/animation_environment.py:158; veilbreakers_terrain/handlers/animation_environment.py:279; veilbreakers_terrain/handlers/animation_environment.py:282; veilbreakers_terrain/handlers/animation_environment.py:1724,veilbreakers_terrain/tests/test_animation_environment_runtime_helpers.py:18; veilbreakers_terrain/tests/test_animation_environment_runtime_helpers.py:19,helper_reachable
animation_environment.py,_ease_out_cubic_tangent,_ease_out_cubic_tangent,79,function,,2,yes,yes,A,A|2026-04-24: evidence-backed animation helper -> direct runtime tests covered,none,2,0,0,1,0,0,veilbreakers_terrain/handlers/animation_environment.py:184; veilbreakers_terrain/handlers/animation_environment.py:231; animation_environment.py:184; animation_environment.py:231,veilbreakers_terrain/tests/test_animation_environment_runtime_helpers.py:20,helper_reachable
animation_environment.py,_smooth_step_tangent,_smooth_step_tangent,85,function,,2,yes,yes,A,A|2026-04-24: evidence-backed animation helper -> direct runtime tests covered,none,3,0,0,1,0,0,veilbreakers_terrain/handlers/animation_environment.py:285; veilbreakers_terrain/handlers/animation_environment.py:480; veilbreakers_terrain/handlers/animation_environment.py:498; animation_environment.py:285,veilbreakers_terrain/tests/test_animation_environment_runtime_helpers.py:21,helper_reachable
animation_environment.py,_make_kf,_make_kf,91,function,,2,yes,yes,A,A|2026-04-24: evidence-backed animation helper -> direct runtime tests covered,none,73,0,0,1,0,0,veilbreakers_terrain/handlers/animation_environment.py:159; veilbreakers_terrain/handlers/animation_environment.py:185; veilbreakers_terrain/handlers/animation_environment.py:214; veilbreakers_terrain/handlers/animation_environment.py:220,veilbreakers_terrain/tests/test_animation_environment_runtime_helpers.py:23,helper_reachable
animation_environment.py,validate_env_params,validate_env_params,114,function,,2,yes,yes,A,"A|2026-04-19: validates object_name, all 27 env_types, fills defaults; correct.",none,0,0,0,4,0,0,,veilbreakers_terrain/tests/test_animation_environment.py:16; veilbreakers_terrain/tests/test_animation_environment.py:21; veilbreakers_terrain/tests/test_animation_environment.py:25; veilbreakers_terrain/tests/test_animation_environment.py:29,direct_test_covered
animation_environment.py,generate_door_open_keyframes,generate_door_open_keyframes,134,function,,2,yes,yes,A,A|2026-04-19: upgraded B -> ease-in cubic 4 sparse keys analytical derivatives fps param Keyframe.time in seconds,command_handler_generated,0,0,0,1,0,0,veilbreakers_terrain/handlers/animation_environment.py:1989,veilbreakers_terrain/tests/test_animation_environment.py:35,runtime_primary
animation_environment.py,generate_door_close_keyframes,generate_door_close_keyframes,164,function,,2,yes,yes,A,A|2026-04-19: upgraded B -> ease-out cubic analytical tangents fps param Unity Animator compatible,command_handler_generated,0,0,0,0,0,0,veilbreakers_terrain/handlers/animation_environment.py:1990,,runtime_primary
animation_environment.py,generate_door_slam_keyframes,generate_door_slam_keyframes,190,function,,2,yes,yes,A,A|2026-04-19: upgraded B -> power-0.4 fast-open high angular velocity overshoot ease-out settle analytical tangents,command_handler_generated,0,0,0,1,0,0,veilbreakers_terrain/handlers/animation_environment.py:1991,veilbreakers_terrain/tests/test_animation_environment.py:42,runtime_primary
animation_environment.py,generate_door_creak_keyframes,generate_door_creak_keyframes,237,function,,2,yes,yes,A,A|2026-04-19: upgraded B -> hold keys zero tangent resume keys easing-matched tangents,command_handler_generated,0,0,0,0,0,0,veilbreakers_terrain/handlers/animation_environment.py:1992,,runtime_primary
animation_environment.py,generate_gate_raise_keyframes,generate_gate_raise_keyframes,301,function,,2,yes,yes,A,"A|2026-04-23 Phase-D: R9 B+/B+ but note describes canonical AAA behavior (physics-based animation, Garland-Heckbert QEM, deterministic feature generators, multi-band harmonic oscillators, textbook geometry); grade B+ -> A (no code change required); B+|2026-04-19: counterweight-assisted acceleration (blended cubic + sqrt profile), chain-slack jerk key, sparse 5+1 keys with analytical tangents.",command_handler_generated,0,0,0,1,0,0,veilbreakers_terrain/handlers/animation_environment.py:1993,veilbreakers_terrain/tests/test_animation_environment.py:52,runtime_primary
animation_environment.py,generate_gate_lower_keyframes,generate_gate_lower_keyframes,370,function,,2,yes,yes,A,"A|2026-04-23 Phase-D: R9 B+/B+ but note describes canonical AAA behavior (physics-based animation, Garland-Heckbert QEM, deterministic feature generators, multi-band harmonic oscillators, textbook geometry); grade B+ -> A (no code change required); B+|2026-04-19: gravity-driven cubic fall phase + chain-brake ease-out decel, analytical tangents per phase, sparse keys + impact bounce.",command_handler_generated,0,0,0,1,0,0,veilbreakers_terrain/handlers/animation_environment.py:1994,veilbreakers_terrain/tests/test_animation_environment.py:57,runtime_primary
animation_environment.py,generate_drawbridge_keyframes,generate_drawbridge_keyframes,445,function,,2,yes,yes,A,"A|2026-04-23 Phase-D: canonical physics-based environment keyframe generation (catenary sag, damped SHM pendulum period T=2pi*sqrt(L/g), detent mechanism) matching Maya/UE animation standards; grade A-/B+ -> A (no code change required); B+|2026-04-19: sparse smooth-step rotation (6 keys) + catenary cable sag channel sag(angle)=L*sag_r*sin(theta/2) with overshoot key.",command_handler_generated,0,0,0,0,0,0,veilbreakers_terrain/handlers/animation_environment.py:1995,,runtime_primary
animation_environment.py,generate_shatter_keyframes,generate_shatter_keyframes,511,function,,2,yes,yes,A,A|2026-04-19: upgraded B -> instantaneous velocity tangents angular derivative analytical Unity parabolic trajectory,command_handler_generated,0,0,0,0,0,0,veilbreakers_terrain/handlers/animation_environment.py:1996,,runtime_primary
animation_environment.py,generate_wobble_collapse_keyframes,generate_wobble_collapse_keyframes,598,function,,2,yes,yes,A,A|2026-04-19: upgraded B -> SHM tangent A*exp(-ζω₀t)*(-ζω₀cos-ωd*sin) analytically derived,command_handler_generated,0,0,0,0,0,0,veilbreakers_terrain/handlers/animation_environment.py:1997,,runtime_primary
animation_environment.py,_fire_val_tang,_fire_val_tang,673,function,,2,yes,yes,A-,A-|2026-04-24: evidence-backed animation helper -> direct runtime tests covered,none,5,0,0,1,0,0,veilbreakers_terrain/handlers/animation_environment.py:724; veilbreakers_terrain/handlers/animation_environment.py:725; veilbreakers_terrain/handlers/animation_environment.py:785; veilbreakers_terrain/handlers/animation_environment.py:790,veilbreakers_terrain/tests/test_animation_environment_runtime_helpers.py:37,helper_reachable
animation_environment.py,generate_fire_flicker_keyframes,generate_fire_flicker_keyframes,687,function,,2,yes,yes,A,"A|2026-04-23 Phase-D: R9 B+/B+ but note describes canonical AAA behavior (physics-based animation, Garland-Heckbert QEM, deterministic feature generators, multi-band harmonic oscillators, textbook geometry); grade B+ -> A (no code change required); B+|2026-04-19: 3-band model: 0.5 Hz buoyancy / 3 Hz turbulent / 12 Hz sputter; scale Y+X+location X channels; analytical tangents.",command_handler_generated,0,0,0,2,0,0,veilbreakers_terrain/handlers/animation_environment.py:1998,veilbreakers_terrain/tests/test_animation_environment.py:64; veilbreakers_terrain/tests/test_animation_environment.py:71,runtime_primary
animation_environment.py,generate_torch_sway_keyframes,generate_torch_sway_keyframes,743,function,,2,yes,yes,A,"A|2026-04-23 Phase-D: R9 B+/B+ but note describes canonical AAA behavior (physics-based animation, Garland-Heckbert QEM, deterministic feature generators, multi-band harmonic oscillators, textbook geometry); grade B+ -> A (no code change required); B+|2026-04-19: 3-band model (0.5/3/12 Hz) with phase offsets; rotation X sway + scale Y height; Stokes drag calibrated; analytical tangents.",command_handler_generated,0,0,0,0,0,0,veilbreakers_terrain/handlers/animation_environment.py:1999,,runtime_primary
animation_environment.py,generate_water_wave_keyframes,generate_water_wave_keyframes,803,function,,2,yes,yes,A,"A|2026-04-23 Phase-D: R9 note cites canonical upgrade (JONSWAP, Davis&Reynolds 1996, Ramsay 1967, Mason 1985, Manning equation, SpeedTree, Shreve, Houdini PDG retention, Perlin double-perm hash, etc.); grade B/A- -> A (no code change required); A-|2026-04-19: upgraded C+ -> Manning V=(1/n)*R^(2/3)*S^(1/2) drift=flow_velocity*t_sec hydraulic_radius_m channel_slope manning_n params",command_handler_generated,0,0,0,1,0,0,veilbreakers_terrain/handlers/animation_environment.py:2000,veilbreakers_terrain/tests/test_animation_environment.py:78,runtime_primary
animation_environment.py,generate_water_ripple_keyframes,generate_water_ripple_keyframes,873,function,,2,yes,yes,A,"A|2026-04-23 Phase-D: R9 B+/B+ but note describes canonical AAA behavior (physics-based animation, Garland-Heckbert QEM, deterministic feature generators, multi-band harmonic oscillators, textbook geometry); grade B+ -> A (no code change required); B+|2026-04-19: multi-ring radial expansion (num_rings 1-4), each ring phase-shifted and delay-staggered, radial scale channel; analytical tangents.",command_handler_generated,0,0,0,0,0,0,veilbreakers_terrain/handlers/animation_environment.py:2001,,runtime_primary
animation_environment.py,generate_waterfall_keyframes,generate_waterfall_keyframes,941,function,,2,yes,yes,A,A|2026-04-19: upgraded C -> freefall t_impact=V_v/g+sqrt((V_v/g)^2+2H/g) foam burst exponential decay mist Froude-modulated particle emission,command_handler_generated,0,0,0,0,0,0,veilbreakers_terrain/handlers/animation_environment.py:2002,,runtime_primary
animation_environment.py,_stokes_drag_amp,_stokes_drag_amp,1065,function,,2,yes,yes,A,A|2026-04-24: evidence-backed animation helper -> direct runtime tests covered,none,2,0,0,2,0,0,veilbreakers_terrain/handlers/animation_environment.py:1140; veilbreakers_terrain/handlers/animation_environment.py:1204; animation_environment.py:1140; animation_environment.py:1204,veilbreakers_terrain/tests/test_animation_environment_runtime_helpers.py:41; veilbreakers_terrain/tests/test_animation_environment_runtime_helpers.py:42,helper_reachable
animation_environment.py,_pbd_cloth_rest_bias,_pbd_cloth_rest_bias,1071,function,,2,yes,no,B+,,none,2,0,0,0,0,0,veilbreakers_terrain/handlers/animation_environment.py:1141; veilbreakers_terrain/handlers/animation_environment.py:1205; animation_environment.py:1141; animation_environment.py:1205,,helper_reachable
animation_environment.py,generate_flag_wind_keyframes,generate_flag_wind_keyframes,1101,function,,2,yes,yes,A,"A|2026-04-23 Phase-D: R9 B+/B+ but note describes canonical AAA behavior (physics-based animation, Garland-Heckbert QEM, deterministic feature generators, multi-band harmonic oscillators, textbook geometry); grade B+ -> A (no code change required); B+|2026-04-19: 8-point 3-band travelling-wave sinusoids (1.0/2.3/5.7 Hz), phase shift i*pi/N per bone, Stokes drag; analytical tangents.",command_handler_generated,0,0,0,2,0,0,veilbreakers_terrain/handlers/animation_environment.py:2003,veilbreakers_terrain/tests/test_animation_environment.py:86; veilbreakers_terrain/tests/test_animation_environment.py:91,runtime_primary
animation_environment.py,generate_banner_wind_keyframes,generate_banner_wind_keyframes,1173,function,,2,yes,yes,A,"A|2026-04-23 Phase-D: R9 B+/B+ but note describes canonical AAA behavior (physics-based animation, Garland-Heckbert QEM, deterministic feature generators, multi-band harmonic oscillators, textbook geometry); grade B+ -> A (no code change required); B+|2026-04-19: 2-band vertical cloth (0.8/3.1 Hz) with lateral rotation Y + front-back rotation X (90deg phase lead), Stokes drag; analytical tangents.",command_handler_generated,0,0,0,0,0,0,veilbreakers_terrain/handlers/animation_environment.py:2004,,runtime_primary
animation_environment.py,generate_chain_swing_keyframes,generate_chain_swing_keyframes,1252,function,,2,yes,yes,A,"A|2026-04-23 Phase-D: canonical physics-based environment keyframe generation (catenary sag, damped SHM pendulum period T=2pi*sqrt(L/g), detent mechanism) matching Maya/UE animation standards; grade A-/B+ -> A (no code change required); B+|2026-04-19: catenary rest angle per link, pendulum period T=2pi*sqrt(L/g), damped SHM omega_d; analytical d/dt tangents.",command_handler_generated,0,0,0,0,0,0,veilbreakers_terrain/handlers/animation_environment.py:2005,,runtime_primary
animation_environment.py,generate_rope_sway_keyframes,generate_rope_sway_keyframes,1324,function,,2,yes,yes,B+,"B+|2026-04-19: omega_0=sqrt(g/L_eff) per segment, catenary sag, damped SHM with analytical derivative, wind drift channel.",command_handler_generated,0,0,0,0,0,0,veilbreakers_terrain/handlers/animation_environment.py:2006,,runtime_primary
animation_environment.py,generate_trap_trigger_keyframes,generate_trap_trigger_keyframes,1407,function,,2,yes,yes,A,"A|2026-04-23 Phase-D: R9 B+/B+ but note describes canonical AAA behavior (physics-based animation, Garland-Heckbert QEM, deterministic feature generators, multi-band harmonic oscillators, textbook geometry); grade B+ -> A (no code change required); B+|2026-04-19: mass-spring snap omega=sqrt(k/m), sparse keys at rest/snap/ring-peak/settle, ring-down underdamped (zeta=0.15) analytically.",command_handler_generated,0,0,0,1,0,0,veilbreakers_terrain/handlers/animation_environment.py:2007,veilbreakers_terrain/tests/test_animation_environment.py:105,runtime_primary
animation_environment.py,generate_trap_reset_keyframes,generate_trap_reset_keyframes,1479,function,,2,yes,yes,B+,"B+|2026-04-19: explicit overdamped cubic ease-out return (zeta=1.5 creep), spring compression phase, sound-cue impulse key.",command_handler_generated,0,0,0,0,0,0,veilbreakers_terrain/handlers/animation_environment.py:2008,,runtime_primary
animation_environment.py,generate_trap_idle_keyframes,generate_trap_idle_keyframes,1550,function,,2,yes,yes,A,"A|2026-04-23 Phase-D: R9 B+/B+ but note describes canonical AAA behavior (physics-based animation, Garland-Heckbert QEM, deterministic feature generators, multi-band harmonic oscillators, textbook geometry); grade B+ -> A (no code change required); B+|2026-04-19: dual-frequency resonance: fundamental omega_0=sqrt(k/m) + second harmonic 2*omega_0, both with zeta=0.02; analytical tangents.",command_handler_generated,0,0,0,0,0,0,veilbreakers_terrain/handlers/animation_environment.py:2009,,runtime_primary
animation_environment.py,generate_chest_open_keyframes,generate_chest_open_keyframes,1604,function,,2,yes,yes,A,"A|2026-04-23 Phase-D: R9 B+/B+ but note describes canonical AAA behavior (physics-based animation, Garland-Heckbert QEM, deterministic feature generators, multi-band harmonic oscillators, textbook geometry); grade B+ -> A (no code change required); B+|2026-04-19: 3-phase hinge physics: spring-assist sin-wave (0-60%), free coast (60-90%), overdamped exp-decay stop; 5 sparse keys.",command_handler_generated,0,0,0,1,0,0,veilbreakers_terrain/handlers/animation_environment.py:2010,veilbreakers_terrain/tests/test_animation_environment.py:98,runtime_primary
animation_environment.py,generate_lever_pull_keyframes,generate_lever_pull_keyframes,1683,function,,2,yes,yes,A,"A|2026-04-23 Phase-D: canonical physics-based environment keyframe generation (catenary sag, damped SHM pendulum period T=2pi*sqrt(L/g), detent mechanism) matching Maya/UE animation standards; grade A-/B+ -> A (no code change required); B+|2026-04-19: detent mechanism: cubic ease-in to detent_angle, detent click impulse key on scale axis 2, cubic ease-out spring-assist; 6 sparse keys.",command_handler_generated,0,0,0,0,0,0,veilbreakers_terrain/handlers/animation_environment.py:2011,,runtime_primary
animation_environment.py,generate_switch_toggle_keyframes,generate_switch_toggle_keyframes,1745,function,,2,yes,yes,A,"A|2026-04-23 Phase-D: R9 B+/B+ but note describes canonical AAA behavior (physics-based animation, Garland-Heckbert QEM, deterministic feature generators, multi-band harmonic oscillators, textbook geometry); grade B+ -> A (no code change required); B+|2026-04-19: detent snap-over: slow ease-in to mid, high snap tangent (3x velocity), post-snap overshoot key, settle.",command_handler_generated,0,0,0,0,0,0,veilbreakers_terrain/handlers/animation_environment.py:2012,,runtime_primary
animation_environment.py,_candle_temp,_candle_temp,1803,function,,2,yes,yes,A,A|2026-04-24: evidence-backed animation helper -> direct runtime tests covered,none,1,0,0,3,0,0,veilbreakers_terrain/handlers/animation_environment.py:1867; animation_environment.py:1867,veilbreakers_terrain/tests/test_animation_environment_runtime_helpers.py:43; veilbreakers_terrain/tests/test_animation_environment_runtime_helpers.py:44; veilbreakers_terrain/tests/test_animation_environment_runtime_helpers.py:45,helper_reachable
animation_environment.py,generate_candle_flicker_keyframes,generate_candle_flicker_keyframes,1810,function,,2,yes,yes,A,"A|2026-04-23 Phase-D: R9 B+/B+ but note describes canonical AAA behavior (physics-based animation, Garland-Heckbert QEM, deterministic feature generators, multi-band harmonic oscillators, textbook geometry); grade B+ -> A (no code change required); B+|2026-04-19: 3-band model (0.5/3/12 Hz), Kelvin color temperature shift 1800-2200K on scale axis 0; analytical tangents all channels.",command_handler_generated,0,0,0,0,0,0,veilbreakers_terrain/handlers/animation_environment.py:2013,,runtime_primary
animation_environment.py,generate_chandelier_sway_keyframes,generate_chandelier_sway_keyframes,1883,function,,2,yes,yes,A,"A|2026-04-23 Phase-D: R9 B+/B+ but note describes canonical AAA behavior (physics-based animation, Garland-Heckbert QEM, deterministic feature generators, multi-band harmonic oscillators, textbook geometry); grade B+ -> A (no code change required); B+|2026-04-19: compound pendulum: main frame T=2pi*sqrt(L_chain/g) on rot X/Y with 90deg Lissajous offset, candle-arm sub-oscillations on rot Z; analytical tangents.",command_handler_generated,0,0,0,0,0,0,veilbreakers_terrain/handlers/animation_environment.py:2014,,runtime_primary
animation_environment.py,generate_windmill_rotate_keyframes,generate_windmill_rotate_keyframes,1962,function,,2,yes,yes,A,A|2026-04-19: upgraded B -> constant angular velocity tangent true linear Unity curve,command_handler_generated,0,0,0,1,0,0,veilbreakers_terrain/handlers/animation_environment.py:2015,veilbreakers_terrain/tests/test_animation_environment.py:116,runtime_primary
animation_environment.py,generate_env_keyframes,generate_env_keyframes,2019,function,,2,yes,yes,A,"A|2026-04-23 Phase-D: canonical physics-based environment keyframe generation (catenary sag, damped SHM pendulum period T=2pi*sqrt(L/g), detent mechanism) matching Maya/UE animation standards; grade A-/B+ -> A (no code change required); B+|2026-04-19: docstring enumerates all 27 types explicitly, validates against VALID_ENV_TYPES, inspect.signature kwarg filtering.",none,0,1,1,4,0,0,__init__.py:538; veilbreakers_terrain/handlers/__init__.py:538,veilbreakers_terrain/tests/test_animation_environment.py:126; veilbreakers_terrain/tests/test_animation_environment.py:133; veilbreakers_terrain/tests/test_phase10_architecture_polish.py:92; veilbreakers_terrain/tests/test_phase10_architecture_polish.py:96,helper_reachable
animation_gaits.py,_json_safe_float,_json_safe_float,50,function,,2,yes,no,B+,,none,4,0,0,0,0,0,veilbreakers_terrain/handlers/animation_gaits.py:63; veilbreakers_terrain/handlers/animation_gaits.py:67; veilbreakers_terrain/handlers/animation_gaits.py:68; veilbreakers_terrain/handlers/animation_gaits.py:69,,helper_reachable
animation_gaits.py,keyframe_to_dict,keyframe_to_dict,59,function,,2,yes,no,B+,,none,2,0,0,1,0,0,veilbreakers_terrain/handlers/animation_environment.py:2043; veilbreakers_terrain/handlers/terrain_unity_export.py:59; animation_environment.py:2043; terrain_unity_export.py:59,veilbreakers_terrain/tests/test_phase10_architecture_polish.py:89,helper_reachable
animation_gaits.py,GaitSelector.select_gait,select_gait,79,method,GaitSelector,2,yes,no,B+,,none,0,0,0,0,2,2,,veilbreakers_terrain/tests/test_phase9_visual_qa.py:200; veilbreakers_terrain/tests/test_phase9_visual_qa.py:206,direct_test_covered
asset_generation.py,_progress,_progress,67,function,,2,yes,no,C-,,none,1,0,0,1,0,0,veilbreakers_terrain/handlers/asset_generation.py:737; asset_generation.py:737,veilbreakers_terrain/tests/test_asset_generation.py:144,helper_reachable
asset_generation.py,apply_preset,apply_preset,203,function,,2,yes,no,C-,,none,1,0,0,2,0,0,veilbreakers_terrain/handlers/asset_generation.py:763; asset_generation.py:763,veilbreakers_terrain/tests/test_asset_generation.py:105; veilbreakers_terrain/tests/test_asset_generation.py:111,helper_reachable
asset_generation.py,validate_glb,validate_glb,224,function,,2,yes,no,C-,,none,1,0,0,4,0,0,veilbreakers_terrain/handlers/asset_generation.py:702; asset_generation.py:702,veilbreakers_terrain/tests/test_asset_generation.py:120; veilbreakers_terrain/tests/test_asset_generation.py:126; veilbreakers_terrain/tests/test_asset_generation.py:132; veilbreakers_terrain/tests/test_asset_generation.py:138,helper_reachable
asset_generation.py,_retry,_retry,249,function,,2,yes,no,C-,,none,3,0,0,2,0,0,veilbreakers_terrain/handlers/asset_generation.py:376; veilbreakers_terrain/handlers/asset_generation.py:460; veilbreakers_terrain/handlers/asset_generation.py:616; asset_generation.py:376,veilbreakers_terrain/tests/test_asset_generation.py:160; veilbreakers_terrain/tests/test_asset_generation.py:168,helper_reachable
asset_generation.py,_atomic_copy,_atomic_copy,284,function,,2,yes,no,C-,,none,3,0,0,1,0,0,veilbreakers_terrain/handlers/asset_generation.py:374; veilbreakers_terrain/handlers/asset_generation.py:477; veilbreakers_terrain/handlers/asset_generation.py:614; asset_generation.py:374,veilbreakers_terrain/tests/test_asset_generation.py:176,helper_reachable
asset_generation.py,_BackendBase.generate,generate,303,method,_BackendBase,1,yes,no,C-,,none,0,3,3,0,13,18,asset_generation.py:701; veilbreakers_terrain/handlers/asset_generation.py:701; veilbreakers_terrain/handlers/asset_generation.py:739; veilbreakers_terrain/handlers/asset_generation.py:771,veilbreakers_terrain/tests/test_asset_generation.py:245; veilbreakers_terrain/tests/test_asset_generation.py:270; veilbreakers_terrain/tests/test_environment_scatter_handlers.py:1103; veilbreakers_terrain/tests/test_environment_scatter_handlers.py:1111,helper_reachable
asset_generation.py,HuggingFaceBackend._client,_client,328,method,HuggingFaceBackend,1,yes,no,C-,,none,0,1,1,0,1,1,asset_generation.py:349; veilbreakers_terrain/handlers/asset_generation.py:349,veilbreakers_terrain/tests/test_asset_generation.py:346,helper_reachable
asset_generation.py,HuggingFaceBackend._wrap_image,_wrap_image,339,method,HuggingFaceBackend,1,yes,no,C-,,none,0,1,1,0,2,2,asset_generation.py:354; veilbreakers_terrain/handlers/asset_generation.py:354,veilbreakers_terrain/tests/test_asset_generation.py:347; veilbreakers_terrain/tests/test_asset_generation.py:352,helper_reachable
asset_generation.py,HuggingFaceBackend.generate,generate,348,method,HuggingFaceBackend,1,yes,no,C-,,none,0,3,3,0,13,18,veilbreakers_terrain/handlers/asset_generation.py:701; veilbreakers_terrain/handlers/asset_generation.py:739; veilbreakers_terrain/handlers/asset_generation.py:771,veilbreakers_terrain/tests/test_asset_generation.py:245; veilbreakers_terrain/tests/test_asset_generation.py:270; veilbreakers_terrain/tests/test_environment_scatter_handlers.py:1103; veilbreakers_terrain/tests/test_environment_scatter_handlers.py:1111,helper_reachable
asset_generation.py,RunPodBackend._runpod,_runpod,404,method,RunPodBackend,1,yes,no,C-,,none,0,1,1,0,1,1,asset_generation.py:415; veilbreakers_terrain/handlers/asset_generation.py:415,veilbreakers_terrain/tests/test_asset_generation.py:365,helper_reachable
asset_generation.py,RunPodBackend.generate,generate,414,method,RunPodBackend,1,yes,no,C-,,none,0,3,3,0,13,18,veilbreakers_terrain/handlers/asset_generation.py:701; veilbreakers_terrain/handlers/asset_generation.py:739; veilbreakers_terrain/handlers/asset_generation.py:771,veilbreakers_terrain/tests/test_asset_generation.py:245; veilbreakers_terrain/tests/test_asset_generation.py:270; veilbreakers_terrain/tests/test_environment_scatter_handlers.py:1103; veilbreakers_terrain/tests/test_environment_scatter_handlers.py:1111,helper_reachable
asset_generation.py,RunPodBackend._download,_download,463,method,RunPodBackend,1,yes,no,C-,,none,1,1,1,0,1,1,veilbreakers_terrain/handlers/asset_generation.py:605; asset_generation.py:448; asset_generation.py:605; veilbreakers_terrain/handlers/asset_generation.py:448,veilbreakers_terrain/tests/test_asset_generation.py:388,helper_reachable
asset_generation.py,RodinBackend._requests,_requests,507,method,RodinBackend,1,yes,no,C-,,none,0,1,1,0,1,1,asset_generation.py:518; veilbreakers_terrain/handlers/asset_generation.py:518,veilbreakers_terrain/tests/test_asset_generation.py:402,helper_reachable
asset_generation.py,RodinBackend._headers,_headers,514,method,RodinBackend,1,yes,no,C-,,none,0,3,3,0,1,1,asset_generation.py:546; asset_generation.py:568; asset_generation.py:587; veilbreakers_terrain/handlers/asset_generation.py:546,veilbreakers_terrain/tests/test_asset_generation.py:403,helper_reachable
asset_generation.py,RodinBackend.generate,generate,517,method,RodinBackend,1,yes,no,C-,,none,0,3,3,0,13,18,veilbreakers_terrain/handlers/asset_generation.py:701; veilbreakers_terrain/handlers/asset_generation.py:739; veilbreakers_terrain/handlers/asset_generation.py:771,veilbreakers_terrain/tests/test_asset_generation.py:245; veilbreakers_terrain/tests/test_asset_generation.py:270; veilbreakers_terrain/tests/test_environment_scatter_handlers.py:1103; veilbreakers_terrain/tests/test_environment_scatter_handlers.py:1111,helper_reachable
asset_generation.py,AssetGenerationPipeline._backend,_backend,661,method,AssetGenerationPipeline,1,yes,no,C-,,none,0,1,1,0,5,5,asset_generation.py:700; veilbreakers_terrain/handlers/asset_generation.py:700,veilbreakers_terrain/tests/test_asset_generation.py:197; veilbreakers_terrain/tests/test_asset_generation.py:203; veilbreakers_terrain/tests/test_asset_generation.py:209; veilbreakers_terrain/tests/test_asset_generation.py:222,helper_reachable
asset_generation.py,AssetGenerationPipeline._build_backend,_build_backend,666,method,AssetGenerationPipeline,1,yes,no,C-,,none,0,1,1,0,1,1,asset_generation.py:663; veilbreakers_terrain/handlers/asset_generation.py:663,veilbreakers_terrain/tests/test_asset_generation.py:217,helper_reachable
asset_generation.py,AssetGenerationPipeline.generate,generate,684,method,AssetGenerationPipeline,1,yes,no,C-,,none,0,3,3,0,13,18,asset_generation.py:739; asset_generation.py:771; veilbreakers_terrain/handlers/asset_generation.py:701; veilbreakers_terrain/handlers/asset_generation.py:739,veilbreakers_terrain/tests/test_asset_generation.py:245; veilbreakers_terrain/tests/test_asset_generation.py:270; veilbreakers_terrain/tests/test_environment_scatter_handlers.py:1103; veilbreakers_terrain/tests/test_environment_scatter_handlers.py:1111,helper_reachable
asset_generation.py,AssetGenerationPipeline.batch_generate,batch_generate,723,method,AssetGenerationPipeline,1,yes,no,C-,,none,0,0,0,0,1,1,,veilbreakers_terrain/tests/test_asset_generation.py:291,direct_test_covered
asset_generation.py,AssetGenerationPipeline.generate_from_concept,generate_from_concept,747,method,AssetGenerationPipeline,1,yes,no,C-,,none,0,0,0,0,1,1,,veilbreakers_terrain/tests/test_asset_generation.py:302,direct_test_covered
asset_generation.py,_atomic_write_json,_atomic_write_json,779,function,,2,yes,no,C-,,none,1,0,0,1,0,0,veilbreakers_terrain/handlers/asset_generation.py:718; asset_generation.py:718,veilbreakers_terrain/tests/test_asset_generation.py:177,helper_reachable
atmospheric_volumes.py,_permute,_permute,38,function,,2,yes,yes,A,A|2026-04-24: evidence-backed environment analysis helper -> direct runtime tests covered,none,2,0,0,4,0,0,veilbreakers_terrain/handlers/atmospheric_volumes.py:81; atmospheric_volumes.py:81,veilbreakers_terrain/tests/test_environment_analysis_runtime_helpers.py:42; veilbreakers_terrain/tests/test_environment_analysis_runtime_helpers.py:43,helper_reachable
atmospheric_volumes.py,_smooth,_smooth,47,function,,2,yes,yes,A,A|2026-04-24: evidence-backed environment analysis helper -> direct runtime tests covered,none,2,0,0,2,0,0,veilbreakers_terrain/handlers/atmospheric_volumes.py:77; veilbreakers_terrain/handlers/atmospheric_volumes.py:78; atmospheric_volumes.py:77; atmospheric_volumes.py:78,veilbreakers_terrain/tests/test_environment_analysis_runtime_helpers.py:44; veilbreakers_terrain/tests/test_environment_analysis_runtime_helpers.py:45,helper_reachable
atmospheric_volumes.py,_lerp,_lerp,52,function,,2,yes,yes,A,A|2026-04-24: evidence-backed environment analysis helper -> direct runtime tests covered,none,3,0,0,1,0,0,veilbreakers_terrain/handlers/atmospheric_volumes.py:88; atmospheric_volumes.py:88,veilbreakers_terrain/tests/test_environment_analysis_runtime_helpers.py:46,helper_reachable
atmospheric_volumes.py,_grad2,_grad2,56,function,,2,yes,yes,A,A|2026-04-24: evidence-backed environment analysis helper -> direct runtime tests covered,none,4,0,0,1,0,0,veilbreakers_terrain/handlers/atmospheric_volumes.py:83; veilbreakers_terrain/handlers/atmospheric_volumes.py:84; veilbreakers_terrain/handlers/atmospheric_volumes.py:85; veilbreakers_terrain/handlers/atmospheric_volumes.py:86,veilbreakers_terrain/tests/test_environment_analysis_runtime_helpers.py:47,helper_reachable
atmospheric_volumes.py,_perlin2,_perlin2,66,function,,2,yes,yes,A-,A-|2026-04-24: evidence-backed environment analysis helper -> direct runtime tests covered,none,2,0,0,2,0,0,veilbreakers_terrain/handlers/atmospheric_volumes.py:575; veilbreakers_terrain/handlers/atmospheric_volumes.py:576; atmospheric_volumes.py:575; atmospheric_volumes.py:576,veilbreakers_terrain/tests/test_environment_analysis_runtime_helpers.py:48; veilbreakers_terrain/tests/test_environment_analysis_runtime_helpers.py:49,helper_reachable
atmospheric_volumes.py,compute_atmospheric_placements,compute_atmospheric_placements,239,function,,2,yes,yes,A,A|2026-04-23 Phase-D: R9 note documents canonical upgrade from lower grade; grade jump D+/A- -> A (R9 is authoritative post-upgrade assessment with citation); A-|2026-04-20: upgraded B -> god rays at ridge notches (5x5 neighbourhood max saddle detection + canopy gap weighting); ground fog at D8 drainage accumulation valley bottoms; wind-dir cloud bias from weather_hints; smoke on windward slope,none,1,1,1,24,0,0,veilbreakers_terrain/handlers/atmospheric_volumes.py:1062; __init__.py:353; atmospheric_volumes.py:1062; veilbreakers_terrain/handlers/__init__.py:353,veilbreakers_terrain/tests/test_atmospheric_volumes.py:74; veilbreakers_terrain/tests/test_atmospheric_volumes.py:81; veilbreakers_terrain/tests/test_atmospheric_volumes.py:88; veilbreakers_terrain/tests/test_atmospheric_volumes.py:104,helper_reachable
atmospheric_volumes.py,compute_volume_mesh_spec,compute_volume_mesh_spec,667,function,,2,yes,yes,A,A|2026-04-23 Phase-D: R9 note documents canonical upgrade from lower grade; grade jump C/A- -> A (R9 is authoritative post-upgrade assessment with citation); A-|2026-04-20: confirmed A- -> icosahedron 12v/20f + 1-pass midpoint subdivision (42v 80f); SDF vertex_alpha density falloff; manifold cone+box; no face index errors,none,0,1,1,16,0,0,__init__.py:367; veilbreakers_terrain/handlers/__init__.py:367,veilbreakers_terrain/tests/test_atmospheric_volumes.py:186; veilbreakers_terrain/tests/test_atmospheric_volumes.py:192; veilbreakers_terrain/tests/test_atmospheric_volumes.py:198; veilbreakers_terrain/tests/test_atmospheric_volumes.py:204,helper_reachable
atmospheric_volumes.py,_count_by_type,_count_by_type,886,function,,2,yes,no,A-,,none,1,0,0,0,0,0,veilbreakers_terrain/handlers/atmospheric_volumes.py:961; atmospheric_volumes.py:961,,helper_reachable
atmospheric_volumes.py,estimate_atmosphere_performance,estimate_atmosphere_performance,895,function,,2,yes,yes,A,A|2026-04-23 Phase-D: R9 note documents canonical upgrade from lower grade; grade jump C-/A- -> A (R9 is authoritative post-upgrade assessment with citation); A-|2026-04-19: upgraded C- -> cost model resolution^2*samples*density*opacity*0.0001 opacity early-exit model,none,1,1,1,19,0,0,veilbreakers_terrain/handlers/atmospheric_volumes.py:1075; __init__.py:370; atmospheric_volumes.py:1075; veilbreakers_terrain/handlers/__init__.py:370,veilbreakers_terrain/tests/test_atmospheric_volumes.py:241; veilbreakers_terrain/tests/test_atmospheric_volumes.py:250; veilbreakers_terrain/tests/test_atmospheric_volumes.py:259; veilbreakers_terrain/tests/test_atmospheric_volumes.py:260,helper_reachable
atmospheric_volumes.py,pass_atmospheric_volumes,pass_atmospheric_volumes,1040,function,,2,yes,no,B+,,"master_bundle_pass,module_registrar",0,0,0,1,0,0,veilbreakers_terrain/handlers/atmospheric_volumes.py:1097,veilbreakers_terrain/tests/test_atmospheric_volumes.py:171,runtime_primary
atmospheric_volumes.py,register_atmospheric_volumes_pass,register_atmospheric_volumes_pass,1091,function,,2,yes,no,B,,master_bundle_registrar,0,0,0,0,0,0,,,runtime_primary
autonomous_loop.py,_cross,_cross,83,function,,2,yes,yes,A,A|2026-04-23: verified vector cross-product helper -> direct 3D determinant form is correct and side-effect free for mesh-topology metrics,none,6,0,0,1,0,0,veilbreakers_terrain/handlers/autonomous_loop.py:135; veilbreakers_terrain/handlers/lod_pipeline.py:135; veilbreakers_terrain/handlers/lod_pipeline.py:834; veilbreakers_terrain/handlers/lod_pipeline.py:856,veilbreakers_terrain/tests/test_lod_material_live_readiness.py:53,helper_reachable
autonomous_loop.py,_dot,_dot,91,function,,2,yes,yes,A,A|2026-04-23: verified vector dot-product helper -> direct 3-component multiply-accumulate used consistently by normal-consistency checks,none,10,0,0,1,0,0,veilbreakers_terrain/handlers/lod_pipeline.py:221; veilbreakers_terrain/handlers/lod_pipeline.py:530; veilbreakers_terrain/handlers/lod_pipeline.py:620; veilbreakers_terrain/handlers/lod_pipeline.py:808,veilbreakers_terrain/tests/test_lod_material_live_readiness.py:52,helper_reachable
autonomous_loop.py,_sub,_sub,95,function,,2,yes,yes,A,A|2026-04-23: verified vector subtraction helper -> stable tuple-difference primitive for face and edge calculations,none,19,0,0,1,0,0,veilbreakers_terrain/handlers/autonomous_loop.py:133; veilbreakers_terrain/handlers/autonomous_loop.py:134; veilbreakers_terrain/handlers/lod_pipeline.py:133; veilbreakers_terrain/handlers/lod_pipeline.py:134,veilbreakers_terrain/tests/test_lod_material_live_readiness.py:51,helper_reachable
autonomous_loop.py,_length,_length,99,function,,2,yes,yes,A,A|2026-04-23: verified Euclidean length helper -> canonical sqrt-based vector magnitude with no hidden state,none,2,0,0,0,0,0,veilbreakers_terrain/handlers/autonomous_loop.py:104; veilbreakers_terrain/handlers/autonomous_loop.py:136; autonomous_loop.py:104; autonomous_loop.py:136,,helper_reachable
autonomous_loop.py,_normalize,_normalize,103,function,,2,yes,yes,A,A|2026-04-23 Phase-D: R9 note describes canonical AAA behavior (citation or verified runtime contract); grade A- -> A (no code change required); A-|2026-04-23: verified normalization helper -> signed and unsigned remap semantics are stable for automation score scaling,none,11,0,0,2,0,0,veilbreakers_terrain/handlers/autonomous_loop.py:122; veilbreakers_terrain/handlers/lod_pipeline.py:135; veilbreakers_terrain/handlers/lod_pipeline.py:198; veilbreakers_terrain/handlers/lod_pipeline.py:834,veilbreakers_terrain/tests/test_lod_material_live_readiness.py:54; veilbreakers_terrain/tests/test_lod_material_live_readiness.py:55,helper_reachable
autonomous_loop.py,_face_normal,_face_normal,110,function,,2,yes,yes,A,A|2026-04-23 Phase-D: R9 note describes canonical AAA behavior (citation or verified runtime contract); grade A- -> A (no code change required); A-|2026-04-23: verified Newell face-normal helper -> n-gon-safe winding evaluation returns normalized normals or None for invalid faces,none,7,0,0,1,0,0,veilbreakers_terrain/handlers/_mesh_bridge.py:900; veilbreakers_terrain/handlers/_mesh_bridge.py:912; veilbreakers_terrain/handlers/autonomous_loop.py:399; veilbreakers_terrain/handlers/lod_pipeline.py:201,veilbreakers_terrain/tests/test_lod_material_live_readiness.py:58,helper_reachable
autonomous_loop.py,_is_degenerate,_is_degenerate,125,function,,2,yes,yes,A,A|2026-04-23 Phase-D: R9 note describes canonical AAA behavior (citation or verified runtime contract); grade A- -> A (no code change required); A-|2026-04-23: verified degenerate-face detector -> successive cross-product scan correctly rejects collinear and underspecified polygons,none,1,0,0,0,0,0,veilbreakers_terrain/handlers/autonomous_loop.py:305; autonomous_loop.py:305,,helper_reachable
autonomous_loop.py,_edge_key,_edge_key,141,function,,2,yes,yes,A,A|2026-04-23: verified undirected edge-key helper -> stable min/max ordering prevents duplicate manifold-edge buckets,none,1,0,0,0,0,0,veilbreakers_terrain/handlers/autonomous_loop.py:150; autonomous_loop.py:150,,helper_reachable
autonomous_loop.py,_compute_edge_face_counts,_compute_edge_face_counts,145,function,,2,yes,yes,A,A|2026-04-23 Phase-D: R9 note describes canonical AAA behavior (citation or verified runtime contract); grade A- -> A (no code change required); A-|2026-04-23: verified edge-valence accumulator -> deterministic per-face edge counting supports manifold and boundary diagnostics,none,0,0,0,1,0,0,,veilbreakers_terrain/tests/test_callable_orphan_contracts.py:217,direct_test_covered
autonomous_loop.py,_uv_triangle_area,_uv_triangle_area,155,function,,2,yes,yes,A,A|2026-04-23: verified UV triangle-area helper -> signed 2D cross-product magnitude is correctly reduced to area,none,1,0,0,0,0,0,veilbreakers_terrain/handlers/autonomous_loop.py:170; autonomous_loop.py:170,,helper_reachable
autonomous_loop.py,_face_uv_area,_face_uv_area,163,function,,2,yes,yes,A,A|2026-04-23 Phase-D: R9 note describes canonical AAA behavior (citation or verified runtime contract); grade A- -> A (no code change required); A-|2026-04-23: verified polygon UV-area helper -> triangle-fan accumulation provides stable coverage estimates for n-gon faces,none,1,0,0,0,0,0,veilbreakers_terrain/handlers/autonomous_loop.py:499; autonomous_loop.py:499,,helper_reachable
autonomous_loop.py,_grade_worse_than,_grade_worse_than,178,function,,2,yes,yes,A,A|2026-04-23: verified grade-order comparator -> explicit tuple ordering and defensive validation preserve deterministic repair-threshold logic,none,1,0,0,0,0,0,veilbreakers_terrain/handlers/autonomous_loop.py:593; autonomous_loop.py:593,,helper_reachable
autonomous_loop.py,evaluate_mesh_quality,evaluate_mesh_quality,191,function,,2,yes,yes,A,A|2026-04-23 Phase-D: R9 note documents canonical upgrade from lower grade; grade jump C-/A- -> A (R9 is authoritative post-upgrade assessment with citation); A-|2026-04-20: vectorized rewrite — numpy cross-product degenerate detection for tris; np.unique-based edge manifold check; vectorized face normals (F×3 array) + batched dot products for normal consistency; vectorized UV area for tris; aspect ratio (longest_edge / inscribed_circle_diameter) vectorized; T-junction detection on boundary edges. Adds aspect_ratio_max/mean and t_junction_count to return dict. N-gon fallback retained for non-tri faces.,none,0,1,1,12,0,0,__init__.py:485; veilbreakers_terrain/handlers/__init__.py:485,veilbreakers_terrain/tests/test_missing_gaps.py:321; veilbreakers_terrain/tests/test_missing_gaps.py:331; veilbreakers_terrain/tests/test_missing_gaps.py:341; veilbreakers_terrain/tests/test_missing_gaps.py:350,helper_reachable
autonomous_loop.py,select_fix_action,select_fix_action,521,function,,2,yes,no,A,,none,0,1,1,9,0,0,__init__.py:492; veilbreakers_terrain/handlers/__init__.py:492,veilbreakers_terrain/tests/test_missing_gaps.py:462; veilbreakers_terrain/tests/test_missing_gaps.py:473; veilbreakers_terrain/tests/test_missing_gaps.py:484; veilbreakers_terrain/tests/test_missing_gaps.py:495,helper_reachable
blender_capability_bridge.py,_require_bpy,_require_bpy,40,function,,2,yes,yes,D+,D+,none,33,0,0,0,1,1,veilbreakers_terrain/handlers/blender_capability_bridge.py:255; veilbreakers_terrain/handlers/blender_capability_bridge.py:281; veilbreakers_terrain/handlers/blender_capability_bridge.py:310; veilbreakers_terrain/handlers/blender_capability_bridge.py:364,veilbreakers_terrain/tests/test_callable_evidence_bridge_vegetation.py:108,helper_reachable
blender_capability_bridge.py,_require_bmesh,_require_bmesh,53,function,,2,yes,yes,D+,D+,none,2,0,0,0,1,1,veilbreakers_terrain/handlers/blender_capability_bridge.py:788; veilbreakers_terrain/handlers/blender_capability_bridge.py:1026; blender_capability_bridge.py:788; blender_capability_bridge.py:1026,veilbreakers_terrain/tests/test_callable_evidence_bridge_vegetation.py:112,helper_reachable
blender_capability_bridge.py,_get_mesh_object,_get_mesh_object,65,function,,2,yes,yes,D+,D+,none,9,0,0,0,1,1,veilbreakers_terrain/handlers/blender_capability_bridge.py:933; veilbreakers_terrain/handlers/blender_capability_bridge.py:1033; veilbreakers_terrain/handlers/blender_capability_bridge.py:1065; veilbreakers_terrain/handlers/blender_capability_bridge.py:1137,veilbreakers_terrain/tests/test_callable_evidence_bridge_vegetation.py:117,helper_reachable
blender_capability_bridge.py,_vec3,_vec3,79,function,,2,yes,no,B,,none,16,0,0,0,0,0,veilbreakers_terrain/handlers/blender_capability_bridge.py:193; veilbreakers_terrain/handlers/blender_capability_bridge.py:194; veilbreakers_terrain/handlers/blender_capability_bridge.py:210; veilbreakers_terrain/handlers/blender_capability_bridge.py:319,,helper_reachable
blender_capability_bridge.py,_vec4,_vec4,85,function,,2,yes,no,B,,none,1,0,0,0,0,0,veilbreakers_terrain/handlers/blender_capability_bridge.py:420; blender_capability_bridge.py:420,,helper_reachable
blender_capability_bridge.py,_object_summary,_object_summary,91,function,,2,yes,no,B,,none,5,0,0,0,0,0,veilbreakers_terrain/handlers/blender_capability_bridge.py:274; veilbreakers_terrain/handlers/blender_capability_bridge.py:287; veilbreakers_terrain/handlers/blender_capability_bridge.py:360; veilbreakers_terrain/handlers/blender_capability_bridge.py:401,,helper_reachable
blender_capability_bridge.py,_coerce_float_grid,_coerce_float_grid,115,function,,2,yes,no,B,,none,3,0,0,0,0,0,veilbreakers_terrain/handlers/blender_capability_bridge.py:829; veilbreakers_terrain/handlers/blender_capability_bridge.py:873; veilbreakers_terrain/handlers/blender_capability_bridge.py:937; blender_capability_bridge.py:829,,helper_reachable
blender_capability_bridge.py,_link_object_to_collection,_link_object_to_collection,136,function,,2,yes,no,B,,none,1,0,0,0,0,0,veilbreakers_terrain/handlers/blender_capability_bridge.py:864; blender_capability_bridge.py:864,,helper_reachable
blender_capability_bridge.py,_mesh_vertex_count,_mesh_vertex_count,147,function,,2,yes,no,B,,none,2,0,0,0,0,0,veilbreakers_terrain/handlers/blender_capability_bridge.py:156; veilbreakers_terrain/handlers/blender_capability_bridge.py:741; blender_capability_bridge.py:156; blender_capability_bridge.py:741,,helper_reachable
blender_capability_bridge.py,_mesh_face_count,_mesh_face_count,151,function,,2,yes,no,B,,none,1,0,0,0,0,0,veilbreakers_terrain/handlers/blender_capability_bridge.py:742; blender_capability_bridge.py:742,,helper_reachable
blender_capability_bridge.py,_write_float_point_attribute,_write_float_point_attribute,155,function,,2,yes,no,B,,none,3,0,0,0,0,0,veilbreakers_terrain/handlers/blender_capability_bridge.py:885; veilbreakers_terrain/handlers/blender_capability_bridge.py:892; veilbreakers_terrain/handlers/blender_capability_bridge.py:940; blender_capability_bridge.py:885,,helper_reachable
blender_capability_bridge.py,_look_at_euler_xyz,_look_at_euler_xyz,188,function,,2,yes,no,B-,,none,1,0,0,0,0,0,veilbreakers_terrain/handlers/blender_capability_bridge.py:581; blender_capability_bridge.py:581,,helper_reachable
blender_capability_bridge.py,_orbit_position,_orbit_position,204,function,,2,yes,no,B-,,none,1,0,0,0,0,0,veilbreakers_terrain/handlers/blender_capability_bridge.py:579; blender_capability_bridge.py:579,,helper_reachable
blender_capability_bridge.py,_sequence_names,_sequence_names,222,function,,2,yes,no,B-,,none,4,0,0,0,0,0,veilbreakers_terrain/handlers/blender_capability_bridge.py:243; veilbreakers_terrain/handlers/blender_capability_bridge.py:705; veilbreakers_terrain/handlers/blender_capability_bridge.py:714; veilbreakers_terrain/handlers/blender_capability_bridge.py:751,,helper_reachable
blender_capability_bridge.py,_attribute_names,_attribute_names,239,function,,2,yes,no,B-,,none,2,0,0,0,0,0,veilbreakers_terrain/handlers/blender_capability_bridge.py:715; veilbreakers_terrain/handlers/blender_capability_bridge.py:752; blender_capability_bridge.py:715; blender_capability_bridge.py:752,,helper_reachable
blender_capability_bridge.py,scene_info,scene_info,253,function,,2,yes,no,B,,command_handler,1,0,0,0,0,0,veilbreakers_terrain/handlers/blender_capability_bridge.py:802; blender_capability_bridge.py:802,,runtime_primary
blender_capability_bridge.py,object_info,object_info,279,function,,2,yes,no,B,,command_handler,0,0,0,0,0,0,,,runtime_primary
blender_capability_bridge.py,object_create_primitive,object_create_primitive,293,function,,2,yes,no,B,,command_handler,0,0,0,0,0,0,,,runtime_primary
blender_capability_bridge.py,object_delete,object_delete,363,function,,2,yes,no,B,,command_handler,0,0,0,0,0,0,,,runtime_primary
blender_capability_bridge.py,object_transform,object_transform,379,function,,2,yes,no,B,,command_handler,0,0,0,0,0,0,,,runtime_primary
blender_capability_bridge.py,material_assign_basic,material_assign_basic,404,function,,2,yes,no,B,,command_handler,1,0,0,0,0,0,veilbreakers_terrain/handlers/blender_capability_bridge.py:899; blender_capability_bridge.py:899,,runtime_primary
blender_capability_bridge.py,light_create_or_update,light_create_or_update,460,function,,2,yes,no,B,,command_handler,0,0,0,0,0,0,,,runtime_primary
blender_capability_bridge.py,camera_create_or_update,camera_create_or_update,496,function,,2,yes,no,B,,command_handler,1,0,0,0,0,0,veilbreakers_terrain/handlers/blender_capability_bridge.py:619; blender_capability_bridge.py:619,,runtime_primary
blender_capability_bridge.py,camera_orbit_plan,camera_orbit_plan,536,function,,2,yes,no,B+,,command_handler,0,0,0,0,0,0,,,runtime_primary
blender_capability_bridge.py,camera_apply_shot,camera_apply_shot,598,function,,2,yes,no,B,,command_handler,0,0,0,0,0,0,,,runtime_primary
blender_capability_bridge.py,render_output_check,render_output_check,629,function,,2,yes,no,B+,,command_handler,0,0,0,0,0,0,,,runtime_primary
blender_capability_bridge.py,material_inspect,material_inspect,688,function,,2,yes,no,B,,command_handler,0,0,0,0,0,0,,,runtime_primary
blender_capability_bridge.py,terrain_editability_report,terrain_editability_report,731,function,,2,yes,no,B+,,command_handler,0,0,0,0,0,0,,,runtime_primary
blender_capability_bridge.py,terrain_bridge_health,terrain_bridge_health,785,function,,2,yes,no,B,,command_handler,0,0,0,0,0,0,,,runtime_primary
blender_capability_bridge.py,terrain_heightfield_mesh_from_channels,terrain_heightfield_mesh_from_channels,806,function,,2,yes,no,B,,command_handler,0,0,0,0,0,0,,,runtime_primary
blender_capability_bridge.py,terrain_write_named_attribute,terrain_write_named_attribute,924,function,,2,yes,no,B,,command_handler,0,0,0,0,0,0,,,runtime_primary
blender_capability_bridge.py,terrain_scene_validate,terrain_scene_validate,947,function,,2,yes,no,B,,command_handler,0,0,0,0,0,0,,,runtime_primary
blender_capability_bridge.py,bmesh_op,bmesh_op,1004,function,,2,yes,yes,D+,D+,command_handler,0,0,0,0,0,0,,,runtime_primary
blender_capability_bridge.py,_modifier_boolean_fallback,_modifier_boolean_fallback,1090,function,,2,yes,yes,D+,D+,none,1,0,0,0,0,0,veilbreakers_terrain/handlers/blender_capability_bridge.py:1069; blender_capability_bridge.py:1069,,helper_reachable
blender_capability_bridge.py,modifier_add,modifier_add,1116,function,,2,yes,yes,D+,D+,command_handler,0,0,0,0,0,0,,,runtime_primary
blender_capability_bridge.py,modifier_apply,modifier_apply,1170,function,,2,yes,yes,D+,D+,command_handler,0,2,2,0,0,0,blender_capability_bridge.py:1099; blender_capability_bridge.py:1182; veilbreakers_terrain/handlers/blender_capability_bridge.py:1099; veilbreakers_terrain/handlers/blender_capability_bridge.py:1182,,runtime_primary
blender_capability_bridge.py,modifier_remove,modifier_remove,1189,function,,2,yes,yes,D+,D+,command_handler,0,0,0,0,0,0,,,runtime_primary
blender_capability_bridge.py,modifier_list,modifier_list,1204,function,,2,yes,yes,D+,D+,command_handler,0,0,0,0,0,0,,,runtime_primary
blender_capability_bridge.py,uv_project,uv_project,1224,function,,2,yes,yes,D+,D+,command_handler,0,0,0,0,0,0,,,runtime_primary
blender_capability_bridge.py,set_render_engine,set_render_engine,1299,function,,2,yes,yes,D+,D+,command_handler,0,0,0,0,1,1,,veilbreakers_terrain/tests/test_callable_evidence_bridge_vegetation.py:121,runtime_primary
blender_capability_bridge.py,render_still,render_still,1316,function,,2,yes,yes,D+,D+,command_handler,0,0,0,0,0,0,,,runtime_primary
blender_capability_bridge.py,collection_create,collection_create,1367,function,,2,yes,yes,D+,D+,command_handler,0,0,0,0,0,0,,,runtime_primary
blender_capability_bridge.py,collection_link_object,collection_link_object,1385,function,,2,yes,yes,D+,D+,command_handler,0,0,0,0,1,1,,veilbreakers_terrain/tests/test_callable_evidence_bridge_vegetation.py:122,runtime_primary
blender_capability_bridge.py,parent_set,parent_set,1404,function,,2,yes,yes,D+,D+,command_handler,0,0,0,0,0,0,,,runtime_primary
blender_capability_bridge.py,empty_create,empty_create,1435,function,,2,yes,yes,D+,D+,command_handler,0,0,0,0,0,0,,,runtime_primary
blender_capability_bridge.py,geometry_nodes_create_group,geometry_nodes_create_group,1457,function,,2,yes,yes,D+,D+,command_handler,0,0,0,0,1,1,,veilbreakers_terrain/tests/test_callable_evidence_bridge_vegetation.py:123,runtime_primary
blender_capability_bridge.py,geometry_nodes_add_node,geometry_nodes_add_node,1496,function,,2,yes,yes,D+,D+,command_handler,0,0,0,0,1,1,,veilbreakers_terrain/tests/test_callable_evidence_bridge_vegetation.py:124,runtime_primary
blender_capability_bridge.py,geometry_nodes_link_sockets,geometry_nodes_link_sockets,1523,function,,2,yes,yes,D+,D+,command_handler,0,0,0,0,1,1,,veilbreakers_terrain/tests/test_callable_evidence_bridge_vegetation.py:125,runtime_primary
blender_capability_bridge.py,geometry_nodes_assign_to_object,geometry_nodes_assign_to_object,1566,function,,2,yes,yes,D+,D+,command_handler,0,0,0,0,1,1,,veilbreakers_terrain/tests/test_callable_evidence_bridge_vegetation.py:126,runtime_primary
blender_capability_bridge.py,geometry_nodes_dump,geometry_nodes_dump,1591,function,,2,yes,yes,D+,D+,command_handler,0,0,0,0,1,1,,veilbreakers_terrain/tests/test_callable_evidence_bridge_vegetation.py:127,runtime_primary
blender_capability_bridge.py,addon_enable,addon_enable,1633,function,,2,yes,yes,D+,D+,command_handler,0,0,0,0,0,0,,,runtime_primary
blender_capability_bridge.py,addon_disable,addon_disable,1649,function,,2,yes,yes,D+,D+,command_handler,0,0,0,0,0,0,,,runtime_primary
coastline.py,_wang_hash,_wang_hash,95,function,,2,yes,yes,D+,D+,none,4,0,0,0,0,0,veilbreakers_terrain/handlers/coastline.py:127; veilbreakers_terrain/handlers/coastline.py:449; coastline.py:127; coastline.py:449,,helper_reachable
coastline.py,_hash_noise,_hash_noise,109,function,,2,yes,yes,A,A|2026-04-19: upgraded F -> Wang hash + quintic smoothstep value noise no perm table,none,55,0,0,1,4,4,veilbreakers_terrain/handlers/coastline.py:154; veilbreakers_terrain/handlers/terrain_features.py:347; veilbreakers_terrain/handlers/terrain_features.py:387; veilbreakers_terrain/handlers/terrain_features.py:562,veilbreakers_terrain/tests/test_road_coastline_terrain_features.py:608; veilbreakers_terrain/tests/test_road_coastline_terrain_features.py:641; veilbreakers_terrain/tests/test_road_coastline_terrain_features.py:642; veilbreakers_terrain/tests/test_road_coastline_terrain_features.py:643,helper_reachable
coastline.py,_fbm_noise,_fbm_noise,140,function,,2,yes,yes,A,"A|2026-04-23 Phase-D: R9 note cites canonical upgrade (scipy EDT, Wang hash, SpeedTree wind VC, arc-length reparameterization, Ikeda 1989 bank asymmetry, Mason 1985 pool verification, etc.); grade B+/A- -> A (no code change required); A-|2026-04-20: 45-degree domain rotation between octaves suppresses lattice alignment artifacts; underlying _hash_noise already Wang hash; no remaining periodicity gap",none,18,0,0,2,0,0,veilbreakers_terrain/handlers/coastline.py:203; veilbreakers_terrain/handlers/coastline.py:204; veilbreakers_terrain/handlers/coastline.py:209; veilbreakers_terrain/handlers/coastline.py:214,veilbreakers_terrain/tests/test_road_coastline_terrain_features.py:614; veilbreakers_terrain/tests/test_road_coastline_terrain_features.py:615,helper_reachable
coastline.py,_generate_shoreline_profile,_generate_shoreline_profile,169,function,,2,yes,yes,A,"A|2026-04-23 Phase-D: R9 note cites canonical upgrade (JONSWAP, Davis&Reynolds 1996, Ramsay 1967, Mason 1985, Manning equation, SpeedTree, Shreve, Houdini PDG retention, Perlin double-perm hash, etc.); grade B/A- -> A (no code change required); A-|2026-04-20: dead random.Random statement removed; rocky=6-oct high-freq fBm+HF layer; sandy=3-oct low-freq smooth; cliffs=5-oct+HF correlation; harbor=parabolic cove+3-oct edges; all _hash_noise replaced with _fbm_noise",none,1,0,0,0,0,0,veilbreakers_terrain/handlers/coastline.py:860; coastline.py:860,,helper_reachable
coastline.py,_generate_coastline_mesh,_generate_coastline_mesh,238,function,,2,yes,yes,A,"A|2026-04-23 Phase-D: R9 note cites canonical upgrade (JONSWAP, Davis&Reynolds 1996, Ramsay 1967, Mason 1985, Manning equation, SpeedTree, Shreve, Houdini PDG retention, Perlin double-perm hash, etc.); grade B/A- -> A (no code change required); A-|2026-04-20: hard cliff z-step discontinuity replaced with sigmoid profile (k=25); all _hash_noise calls replaced with multi-octave _fbm_noise; sandy concave-up berm; swash ripples; rocky outcrops; micro-detail shared layer",none,1,0,0,0,0,0,veilbreakers_terrain/handlers/coastline.py:865; coastline.py:865,,helper_reachable
coastline.py,_features_overlap,_features_overlap,342,function,,2,yes,yes,D+,D+,none,1,0,0,0,0,0,veilbreakers_terrain/handlers/coastline.py:435; coastline.py:435,,helper_reachable
coastline.py,_place_features,_place_features,353,function,,2,yes,yes,B+,B+|2026-04-19: upgraded B- -> sea caves gated fetch+hardness kelp/seagrass injection density-weighted placement,none,1,0,0,0,0,0,veilbreakers_terrain/handlers/coastline.py:876; coastline.py:876,,helper_reachable
coastline.py,_compute_material_zones,_compute_material_zones,678,function,,2,yes,yes,A,A|2026-04-23 Phase-D: R9 note documents canonical upgrade from lower grade; grade jump C+/A- -> A (R9 is authoritative post-upgrade assessment with citation); A-|2026-04-19: upgraded C+ -> 5-zone coastal subtidal/intertidal/splash/spray/supralittoral tidal_range_m bounds,none,1,0,0,0,0,0,veilbreakers_terrain/handlers/coastline.py:886; coastline.py:886,,helper_reachable
coastline.py,generate_coastline,generate_coastline,793,function,,2,yes,yes,A,"A|2026-04-23 Phase-D: R9 note cites canonical upgrade (JONSWAP, Davis&Reynolds 1996, Ramsay 1967, Mason 1985, Manning equation, SpeedTree, Shreve, Houdini PDG retention, Perlin double-perm hash, etc.); grade B/A- -> A (no code change required); A-|2026-04-20: style-specific fBm noise character documented+enforced; rocky/cliffs resolution_across boosted to 2/3 resolution; noise_character metadata in return dict; all sub-functions now use fBm not _hash_noise directly",none,0,0,1,16,0,0,veilbreakers_terrain/handlers/__init__.py:223,veilbreakers_terrain/tests/test_road_coastline_terrain_features.py:497; veilbreakers_terrain/tests/test_road_coastline_terrain_features.py:507; veilbreakers_terrain/tests/test_road_coastline_terrain_features.py:514; veilbreakers_terrain/tests/test_road_coastline_terrain_features.py:521,helper_reachable
coastline.py,compute_wave_energy,compute_wave_energy,926,function,,2,yes,yes,A,"A|2026-04-23 Phase-D: R9 note cites canonical upgrade (JONSWAP, Davis&Reynolds 1996, Ramsay 1967, Mason 1985, Manning equation, SpeedTree, Shreve, Houdini PDG retention, Perlin double-perm hash, etc.); grade B/A- -> A (no code change required); A-|2026-04-20: JONSWAP fetch-limited Hs=0.0248*sqrt(fetch_m)*U^2/g; sigma_m=2.5*Hs replaces hardcoded 5m; fetch_m+wind_speed_ms params; log-scale energy_scale multiplier; exposure sign corrected uphill vs wave direction",none,2,0,0,1,0,0,veilbreakers_terrain/handlers/coastline.py:1260; veilbreakers_terrain/handlers/coastline.py:1275; coastline.py:1260; coastline.py:1275,veilbreakers_terrain/tests/test_terrain_geology.py:457,helper_reachable
coastline.py,apply_coastal_erosion,apply_coastal_erosion,1020,function,,2,yes,yes,A,A|2026-04-23 Phase-D: R9 note documents canonical upgrade from lower grade; grade jump D/A- -> A (R9 is authoritative post-upgrade assessment with citation); A-|2026-04-20: BUG-05 closed — wave_direction param threaded through from pass_coastline; max drop scales with wave_energy scalar clip(3.0*wave_energy 0.1 12.0) not fixed 3m; storm conditions carve proportionally more,none,1,0,0,1,0,0,veilbreakers_terrain/handlers/coastline.py:1281; coastline.py:1281,veilbreakers_terrain/tests/test_terrain_geology.py:481,helper_reachable
coastline.py,detect_tidal_zones,detect_tidal_zones,1164,function,,2,yes,no,A-,,none,1,0,0,11,0,0,veilbreakers_terrain/handlers/coastline.py:1257; coastline.py:1257,veilbreakers_terrain/tests/test_road_coastline_terrain_features.py:1201; veilbreakers_terrain/tests/test_road_coastline_terrain_features.py:1210; veilbreakers_terrain/tests/test_road_coastline_terrain_features.py:1220; veilbreakers_terrain/tests/test_road_coastline_terrain_features.py:1230,helper_reachable
coastline.py,pass_coastline,pass_coastline,1205,function,,2,yes,yes,A,"A|2026-04-23 Phase-D: R9 note cites canonical upgrade (JONSWAP, Davis&Reynolds 1996, Ramsay 1967, Mason 1985, Manning equation, SpeedTree, Shreve, Houdini PDG retention, Perlin double-perm hash, etc.); grade B/A- -> A (no code change required); A-|2026-04-20: delta now applied to stack.height per pass (matches pass_waterfalls pattern); wave_dir+fetch_m+wind_speed_ms threaded to both compute_wave_energy and apply_coastal_erosion; erosion_passes hint; produced_channels includes height when erosion active; 10 metrics reported","master_bundle_pass,module_registrar",0,0,1,9,0,0,veilbreakers_terrain/handlers/terrain_geology_validator.py:712,veilbreakers_terrain/tests/test_phase14_wave1.py:75; veilbreakers_terrain/tests/test_phase2_stack_protocol.py:87; veilbreakers_terrain/tests/test_road_coastline_terrain_features.py:1342; veilbreakers_terrain/tests/test_road_coastline_terrain_features.py:1353,runtime_primary
environment.py,_require_bpy,_require_bpy,46,function,,2,yes,yes,A,A|2026-04-23: verified Blender-runtime guard -> explicit bpy/bmesh availability check fails fast outside Blender instead of leaking partial runtime errors,none,33,0,0,0,1,1,veilbreakers_terrain/handlers/blender_capability_bridge.py:255; veilbreakers_terrain/handlers/blender_capability_bridge.py:281; veilbreakers_terrain/handlers/blender_capability_bridge.py:310; veilbreakers_terrain/handlers/blender_capability_bridge.py:364,veilbreakers_terrain/tests/test_callable_evidence_bridge_vegetation.py:108,helper_reachable
environment.py,rasterize_poi_mask,rasterize_poi_mask,97,function,,2,yes,yes,A,A|2026-04-23 Phase-D: R9 note describes canonical AAA behavior (citation or verified runtime contract); grade A- -> A (no code change required); A-|2026-04-22: verified POI rasterizer -> bounded world-space mask baking with overlap maxing and stack channel writeback,none,0,0,0,4,0,0,,veilbreakers_terrain/tests/test_wind_waterfall_poi_phase14.py:287; veilbreakers_terrain/tests/test_wind_waterfall_poi_phase14.py:297; veilbreakers_terrain/tests/test_wind_waterfall_poi_phase14.py:311; veilbreakers_terrain/tests/test_wind_waterfall_poi_phase14.py:320,direct_test_covered
environment.py,_vector_xyz,_vector_xyz,212,function,,2,yes,no,A,,none,3,0,0,0,0,0,veilbreakers_terrain/handlers/environment.py:235; veilbreakers_terrain/handlers/environment.py:239; veilbreakers_terrain/handlers/environment.py:243; environment.py:235,,helper_reachable
environment.py,_object_world_xyz,_object_world_xyz,229,function,,2,yes,no,A-,,none,2,0,0,0,0,0,veilbreakers_terrain/handlers/environment.py:6773; veilbreakers_terrain/handlers/environment.py:6952; environment.py:6773; environment.py:6952,,helper_reachable
environment.py,_run_height_solver_in_world_space,_run_height_solver_in_world_space,247,function,,2,yes,no,A-,,none,2,0,0,2,0,0,veilbreakers_terrain/handlers/environment.py:4046; veilbreakers_terrain/handlers/environment.py:6183; environment.py:4046; environment.py:6183,veilbreakers_terrain/tests/test_environment_handlers.py:169; veilbreakers_terrain/tests/test_environment_handlers.py:194,helper_reachable
environment.py,_coerce_optional_grid_channel,_coerce_optional_grid_channel,274,function,,2,yes,yes,A,A|2026-04-23 Phase-D: R9 note describes canonical AAA behavior (citation or verified runtime contract); grade A- -> A (no code change required); A-|2026-04-22: upgraded road/grid channel sanitizer -> shape-checked float32 coercion with NaN/inf cleanup and non-negative clamping for solver-safe cost inputs,none,3,0,0,0,0,0,veilbreakers_terrain/handlers/environment.py:298; veilbreakers_terrain/handlers/environment.py:305; veilbreakers_terrain/handlers/environment.py:309; environment.py:298,,helper_reachable
environment.py,_resolve_road_cost_context,_resolve_road_cost_context,292,function,,2,yes,yes,A,A|2026-04-23 Phase-D: R9 note describes canonical AAA behavior (citation or verified runtime contract); grade A- -> A (no code change required); A-|2026-04-22: verified road-cost resolver -> explicit-cost priority plus canonical terrain-derived synthesis from rock_hardness and water_surface,none,1,0,0,0,0,0,veilbreakers_terrain/handlers/environment.py:6113; environment.py:6113,,helper_reachable
environment.py,_normalize_altitude_for_rule_range,_normalize_altitude_for_rule_range,334,function,,2,yes,no,A,,none,0,0,0,5,0,0,,veilbreakers_terrain/tests/test_environment_handlers.py:210; veilbreakers_terrain/tests/test_environment_handlers.py:211; veilbreakers_terrain/tests/test_environment_handlers.py:212; veilbreakers_terrain/tests/test_environment_handlers.py:217,direct_test_covered
environment.py,_resolve_noise_sampling_scale,_resolve_noise_sampling_scale,346,function,,2,yes,no,A-,,none,1,0,0,3,0,0,veilbreakers_terrain/handlers/environment.py:2027; environment.py:2027,veilbreakers_terrain/tests/test_environment_handlers.py:227; veilbreakers_terrain/tests/test_environment_handlers.py:234; veilbreakers_terrain/tests/test_environment_handlers.py:244,helper_reachable
environment.py,_enforce_generate_terrain_protocol,_enforce_generate_terrain_protocol,362,function,,2,yes,yes,A,A|2026-04-30 generate-terrain protocol hardening,none,1,0,0,0,0,0,veilbreakers_terrain/handlers/environment.py:2037; environment.py:2037,,helper_reachable
environment.py,_enhance_heightmap_relief,_enhance_heightmap_relief,421,function,,2,yes,no,A-,,none,2,0,0,2,0,0,veilbreakers_terrain/handlers/environment.py:2148; veilbreakers_terrain/handlers/environment.py:2256; environment.py:2148; environment.py:2256,veilbreakers_terrain/tests/test_environment_handlers.py:265; veilbreakers_terrain/tests/test_environment_handlers.py:284,helper_reachable
environment.py,_temper_heightmap_spikes,_temper_heightmap_spikes,446,function,,2,yes,no,A-,,none,2,0,0,0,0,0,veilbreakers_terrain/handlers/environment.py:2149; veilbreakers_terrain/handlers/environment.py:2257; environment.py:2149; environment.py:2257,,helper_reachable
environment.py,_sanitize_scatter_scale_range,_sanitize_scatter_scale_range,914,function,,2,yes,yes,A,A|2026-04-23 Phase-D: R9 note describes canonical AAA behavior (citation or verified runtime contract); grade A- -> A (no code change required); A-|2026-04-22: verified scatter scale sanitizer -> malformed biome scale ranges are coerced to finite positive ascending bounds before manifest export,none,1,0,0,0,0,0,veilbreakers_terrain/handlers/environment.py:1133; environment.py:1133,,helper_reachable
environment.py,_infer_model_asset_class,_infer_model_asset_class,932,function,,2,yes,yes,D+,D+,none,1,0,0,0,0,0,veilbreakers_terrain/handlers/environment.py:961; environment.py:961,,helper_reachable
environment.py,_build_model_fallback_prompt_info,_build_model_fallback_prompt_info,955,function,,2,yes,yes,D+,D+,none,1,0,0,0,0,0,veilbreakers_terrain/handlers/environment.py:1095; environment.py:1095,,helper_reachable
environment.py,_build_external_model_environment_manifest,_build_external_model_environment_manifest,1002,function,,2,yes,yes,D+,D+,none,1,0,0,1,0,0,veilbreakers_terrain/handlers/environment.py:1190; environment.py:1190,veilbreakers_terrain/tests/test_environment_handlers.py:2922,helper_reachable
environment.py,_apply_biome_season_profile,_apply_biome_season_profile,1145,function,,2,yes,no,A-,,none,1,0,0,0,0,0,veilbreakers_terrain/handlers/environment.py:1185; environment.py:1185,,helper_reachable
environment.py,get_vb_biome_preset,get_vb_biome_preset,1167,function,,2,yes,no,A-,,none,2,0,0,7,0,0,veilbreakers_terrain/handlers/environment.py:1988; veilbreakers_terrain/handlers/environment.py:8440; environment.py:1988; environment.py:8440,veilbreakers_terrain/tests/test_environment_handlers.py:2905; veilbreakers_terrain/tests/test_environment_handlers.py:2962; veilbreakers_terrain/tests/test_environment_handlers.py:2963; veilbreakers_terrain/tests/test_environment_handlers.py:2970,helper_reachable
environment.py,_validate_terrain_params,_validate_terrain_params,1198,function,,2,yes,no,A,,none,1,0,0,18,0,0,veilbreakers_terrain/handlers/environment.py:2021; environment.py:2021,veilbreakers_terrain/tests/test_environment_handlers.py:29; veilbreakers_terrain/tests/test_environment_handlers.py:40; veilbreakers_terrain/tests/test_environment_handlers.py:47; veilbreakers_terrain/tests/test_environment_handlers.py:54,helper_reachable
environment.py,_resolve_terrain_tile_params,_resolve_terrain_tile_params,1246,function,,2,yes,no,A-,,none,2,0,0,3,0,0,veilbreakers_terrain/handlers/environment.py:2310; veilbreakers_terrain/handlers/environment.py:2608; environment.py:2310; environment.py:2608,veilbreakers_terrain/tests/test_environment_handlers.py:2486; veilbreakers_terrain/tests/test_environment_handlers.py:2498; veilbreakers_terrain/tests/test_environment_handlers.py:2516,helper_reachable
environment.py,_export_heightmap_raw,_export_heightmap_raw,1305,function,,2,yes,no,A,,none,2,0,0,13,0,0,veilbreakers_terrain/handlers/environment.py:1401; veilbreakers_terrain/handlers/environment.py:8333; environment.py:1401; environment.py:8333,veilbreakers_terrain/tests/test_environment_handlers.py:1068; veilbreakers_terrain/tests/test_environment_handlers.py:1076; veilbreakers_terrain/tests/test_environment_handlers.py:1084; veilbreakers_terrain/tests/test_environment_handlers.py:1099,helper_reachable
environment.py,_export_splatmap_raw,_export_splatmap_raw,1360,function,,2,yes,no,A-,,none,1,0,0,4,0,0,veilbreakers_terrain/handlers/environment.py:1411; environment.py:1411,veilbreakers_terrain/tests/test_environment_handlers.py:1194; veilbreakers_terrain/tests/test_environment_handlers.py:1207; veilbreakers_terrain/tests/test_environment_handlers.py:1216; veilbreakers_terrain/tests/test_environment_handlers.py:1224,helper_reachable
environment.py,_export_world_tile_artifacts,_export_world_tile_artifacts,1385,function,,2,yes,no,A-,,none,1,0,0,0,0,0,veilbreakers_terrain/handlers/environment.py:2513; environment.py:2513,,helper_reachable
environment.py,_write_json_manifest,_write_json_manifest,1417,function,,2,yes,yes,A,A|2026-04-23 Phase-D: R9 note describes canonical AAA behavior (citation or verified runtime contract); grade A- -> A (no code change required); A-|2026-04-22: upgraded manifest writer -> deterministic utf-8/json emission with parent creation for export stability,none,3,0,0,1,0,2,veilbreakers_terrain/handlers/environment.py:2557; veilbreakers_terrain/handlers/environment.py:2742; veilbreakers_terrain/handlers/environment.py:8342; environment.py:2557,veilbreakers_terrain/tests/test_environment_handlers.py:741; veilbreakers_terrain/tests/test_environment_handlers.py:1873; veilbreakers_terrain/tests/test_environment_handlers.py:1934,helper_reachable
environment.py,_cleanup_written_artifacts,_cleanup_written_artifacts,1428,function,,2,yes,yes,A,A|2026-04-23 Phase-D: R9 note describes canonical AAA behavior (citation or verified runtime contract); grade A- -> A (no code change required); A-|2026-04-22: verified export cleanup helper -> best-effort artifact removal preserves failure isolation on partial exports,none,2,0,0,1,0,0,veilbreakers_terrain/handlers/environment.py:2559; veilbreakers_terrain/handlers/environment.py:2748; environment.py:2559; environment.py:2748,veilbreakers_terrain/tests/test_environment_handlers.py:755,helper_reachable
environment.py,_resolve_height_range,_resolve_height_range,1439,function,,2,yes,no,A,,none,3,0,0,1,0,0,veilbreakers_terrain/handlers/environment.py:1493; veilbreakers_terrain/handlers/environment.py:1507; veilbreakers_terrain/handlers/environment.py:2447; environment.py:1493,veilbreakers_terrain/tests/test_terrain_wiring_integration.py:420,helper_reachable
environment.py,_resolve_export_height_range,_resolve_export_height_range,1479,function,,2,yes,no,A,,none,1,0,0,4,0,0,veilbreakers_terrain/handlers/environment.py:8316; environment.py:8316,veilbreakers_terrain/tests/test_environment_handlers.py:2309; veilbreakers_terrain/tests/test_environment_handlers.py:2323; veilbreakers_terrain/tests/test_terrain_wiring_integration.py:402; veilbreakers_terrain/tests/test_terrain_wiring_integration.py:409,helper_reachable
environment.py,_terrain_grid_to_world_xy,_terrain_grid_to_world_xy,1510,function,,2,yes,no,A,,none,5,0,0,6,0,0,veilbreakers_terrain/handlers/environment.py:4138; veilbreakers_terrain/handlers/environment.py:4506; veilbreakers_terrain/handlers/environment.py:4995; veilbreakers_terrain/handlers/environment.py:5005,veilbreakers_terrain/tests/test_environment_handlers.py:2523; veilbreakers_terrain/tests/test_environment_handlers.py:2532; veilbreakers_terrain/tests/test_environment_handlers.py:2541; veilbreakers_terrain/tests/test_environment_handlers.py:2558,helper_reachable
environment.py,_resolve_water_path_points,_resolve_water_path_points,1539,function,,2,yes,no,A,,none,1,0,0,7,0,0,veilbreakers_terrain/handlers/environment.py:7426; environment.py:7426,veilbreakers_terrain/tests/test_environment_handlers.py:2596; veilbreakers_terrain/tests/test_environment_handlers.py:2612; veilbreakers_terrain/tests/test_environment_handlers.py:2625; veilbreakers_terrain/tests/test_environment_handlers.py:2639,helper_reachable
environment.py,_smooth_river_path_points,_smooth_river_path_points,1609,function,,2,yes,no,A-,,none,3,0,0,2,0,0,veilbreakers_terrain/handlers/environment.py:4151; veilbreakers_terrain/handlers/environment.py:4155; veilbreakers_terrain/handlers/environment.py:7436; environment.py:4151,veilbreakers_terrain/tests/test_environment_handlers.py:2676; veilbreakers_terrain/tests/test_environment_handlers.py:2700,helper_reachable
environment.py,_estimate_tile_height_range,_estimate_tile_height_range,1720,function,,2,yes,no,B+,,none,1,0,0,0,0,0,veilbreakers_terrain/handlers/environment.py:2451; environment.py:2451,,helper_reachable
environment.py,_create_terrain_mesh_from_heightmap,_create_terrain_mesh_from_heightmap,1747,function,,2,yes,no,A-,,none,3,0,0,0,0,0,veilbreakers_terrain/handlers/environment.py:2167; veilbreakers_terrain/handlers/environment.py:2272; veilbreakers_terrain/handlers/environment.py:2475; environment.py:2167,,helper_reachable
environment.py,_cliff_structures_to_overlay_placements,_cliff_structures_to_overlay_placements,1894,function,,2,yes,no,B+,,none,1,0,0,0,0,0,veilbreakers_terrain/handlers/environment.py:2161; environment.py:2161,,helper_reachable
environment.py,handle_generate_terrain,handle_generate_terrain,1966,function,,2,yes,yes,A,"A|2026-04-23 Phase-D: R9 note describes canonical AAA behavior (citation or verified runtime contract); grade A- -> A (no code change required); A-|2026-04-21: controller path now forwards composition_hints, quality_profile, and viewport_vantage into runtime intent/state and inserts emit_overhang_meshes before validation; focused controller-path tests verify the live orchestration contract.",command_handler,1,0,0,0,7,7,veilbreakers_terrain/handlers/environment.py:8459; environment.py:8459,veilbreakers_terrain/tests/test_environment_handlers.py:1380; veilbreakers_terrain/tests/test_environment_handlers.py:1383; veilbreakers_terrain/tests/test_environment_handlers.py:1441; veilbreakers_terrain/tests/test_environment_handlers.py:1505,runtime_primary
environment.py,handle_generate_terrain_tile,handle_generate_terrain_tile,2306,function,,2,yes,yes,A,"A|2026-04-23 Phase-D: R9 B+/B+ but note describes canonical AAA behavior (physics-based animation, Garland-Heckbert QEM, deterministic feature generators, multi-band harmonic oscillators, textbook geometry); grade B+ -> A (no code change required); B+|2026-04-20: verified runtime handler by current tests -> per-tile terrain generation handler remains wired",command_handler,1,0,0,0,2,2,veilbreakers_terrain/handlers/environment.py:2675; environment.py:2675,veilbreakers_terrain/tests/test_environment_handlers.py:1735; veilbreakers_terrain/tests/test_environment_handlers.py:1880,runtime_primary
environment.py,handle_generate_world_terrain,handle_generate_world_terrain,2574,function,,2,yes,yes,A,"A|2026-04-23 Phase-D: R9 B+/B+ but note describes canonical AAA behavior (physics-based animation, Garland-Heckbert QEM, deterministic feature generators, multi-band harmonic oscillators, textbook geometry); grade B+ -> A (no code change required); B+|2026-04-20: verified runtime handler by current tests -> world terrain orchestration surface remains callable",command_handler,0,0,0,0,5,5,,veilbreakers_terrain/tests/test_environment_handlers.py:1768; veilbreakers_terrain/tests/test_environment_handlers.py:1782; veilbreakers_terrain/tests/test_environment_handlers.py:1825; veilbreakers_terrain/tests/test_environment_handlers.py:1938,runtime_primary
environment.py,_execute_terrain_pipeline,_execute_terrain_pipeline,2810,function,,2,yes,no,A-,,none,2,0,0,1,4,4,veilbreakers_terrain/handlers/environment.py:2116; veilbreakers_terrain/handlers/environment.py:3259; environment.py:2116; environment.py:3259,veilbreakers_terrain/tests/test_terrain_master_registrar.py:219; veilbreakers_terrain/tests/test_environment_handlers.py:2019; veilbreakers_terrain/tests/test_environment_handlers.py:2057; veilbreakers_terrain/tests/test_environment_handlers.py:2061,helper_reachable
environment.py,handle_run_terrain_pass,handle_run_terrain_pass,3227,function,,2,yes,yes,A,"A|2026-04-23 Phase-D: R9 note describes canonical AAA behavior (citation or verified runtime contract); grade A- -> A (no code change required); A-|2026-04-21: direct pass dispatch now rebuilds scene_read through the live capture metadata path, preserves viewport_vantage, threads composition_hints and quality_profile, and injects emit_overhang_meshes for cliff/cave sequences; runtime contract is covered by current tests.",command_handler,0,0,0,7,0,0,,veilbreakers_terrain/tests/test_terrain_master_registrar.py:120; veilbreakers_terrain/tests/test_terrain_master_registrar.py:176; veilbreakers_terrain/tests/test_terrain_master_registrar.py:195; veilbreakers_terrain/tests/test_terrain_master_registrar.py:262,runtime_primary
environment.py,handle_generate_waterfall,handle_generate_waterfall,3292,function,,2,yes,yes,A,A|2026-04-23 Phase-D: R9 note describes canonical AAA behavior (citation or verified runtime contract); grade A- -> A (no code change required); A-|2026-04-20: verified runtime handler by current tests -> waterfall generation entry remains wired to runtime surface,command_handler,0,0,0,0,6,6,,veilbreakers_terrain/tests/test_environment_handlers.py:2123; veilbreakers_terrain/tests/test_environment_handlers.py:2158; veilbreakers_terrain/tests/test_environment_handlers.py:2174; veilbreakers_terrain/tests/test_environment_handlers.py:2182,runtime_primary
environment.py,handle_stitch_terrain_edges,handle_stitch_terrain_edges,3527,function,,2,yes,yes,A,"A|2026-04-23 Phase-D: R9 note cites canonical upgrade (scipy EDT, Wang hash, SpeedTree wind VC, arc-length reparameterization, Ikeda 1989 bank asymmetry, Mason 1985 pool verification, etc.); grade B+/A- -> A (no code change required); A-|2026-04-20: confirmed B+ -> A-; batch foreach_set write-back; protected zone enforcement; blend_weight_a; primary stitcher (not fallback)",command_handler,0,0,0,0,0,0,,,runtime_primary
environment.py,handle_paint_terrain,handle_paint_terrain,3748,function,,2,yes,yes,B+,B+|2026-04-20: confirmed B+ on code inspection: slope/altitude biome rule matcher; _normalize_altitude_for_rule_range with explicit height_range; first-match-wins rule engine; per-rule material creation with base_color; bmesh face iteration correct; no noise edge softening is the only remaining gap,command_handler,0,0,0,0,0,0,,,runtime_primary
environment.py,handle_carve_river,handle_carve_river,3966,function,,2,yes,yes,A,A|2026-04-20: foreach_set batch write-back via numpy stride-slice co_flat[2::3] — zero Python vertex loop; all prior B+ gaps closed,command_handler,0,0,0,0,0,0,,,runtime_primary
environment.py,_clamp01,_clamp01,4181,function,,2,yes,no,A,,none,2,0,0,0,0,0,veilbreakers_terrain/handlers/environment.py:4199; veilbreakers_terrain/handlers/environment.py:4218; environment.py:4199; environment.py:4218,,helper_reachable
environment.py,_smootherstep,_smootherstep,4191,function,,2,yes,no,A,,none,1,0,0,0,0,0,veilbreakers_terrain/handlers/environment.py:6910; environment.py:6910,,helper_reachable
environment.py,_point_segment_distance_2d,_point_segment_distance_2d,4203,function,,2,yes,no,A,,none,0,0,0,1,0,0,,veilbreakers_terrain/tests/test_callable_orphan_contracts.py:219,direct_test_covered
environment.py,_terrain_world_xy_to_grid_rc,_terrain_world_xy_to_grid_rc,4224,function,,2,yes,yes,A,A|2026-04-23 Phase-D: R9 note describes canonical AAA behavior (citation or verified runtime contract); grade A- -> A (no code change required); A-|2026-04-22: verified terrain/world inverse mapping -> clamps extreme world coordinates to valid grid bounds,none,1,0,0,1,0,0,veilbreakers_terrain/handlers/environment.py:4331; environment.py:4331,veilbreakers_terrain/tests/test_environment_handlers.py:390,helper_reachable
environment.py,_fill_grid_path_gaps,_fill_grid_path_gaps,4249,function,,2,yes,yes,A,A|2026-04-23 Phase-D: R9 note describes canonical AAA behavior (citation or verified runtime contract); grade A- -> A (no code change required); A-|2026-04-22: verified grid path densifier -> converts sparse hops into 8-connected unit steps for downstream mask/profile passes,none,1,0,0,1,0,0,veilbreakers_terrain/handlers/environment.py:4343; environment.py:4343,veilbreakers_terrain/tests/test_environment_handlers.py:406,helper_reachable
environment.py,_extract_road_network_centerline_points,_extract_road_network_centerline_points,4268,function,,2,yes,yes,A,A|2026-04-23 Phase-D: R9 note describes canonical AAA behavior (citation or verified runtime contract); grade A- -> A (no code change required); A-|2026-04-22: upgraded road-network bridge -> accepts XY or XYZ route payloads and preserves ordered deduped centreline continuity,none,1,0,0,2,0,0,veilbreakers_terrain/handlers/environment.py:4533; environment.py:4533,veilbreakers_terrain/tests/test_environment_handlers.py:332; veilbreakers_terrain/tests/test_environment_handlers.py:351,helper_reachable
environment.py,_grid_path_from_world_centerline,_grid_path_from_world_centerline,4315,function,,2,yes,yes,A,A|2026-04-23 Phase-D: R9 note describes canonical AAA behavior (citation or verified runtime contract); grade A- -> A (no code change required); A-|2026-04-22: verified world-to-grid road projection -> de-duplicates coarse samples and fills path gaps to 8-connected grid steps,none,1,0,0,1,0,0,veilbreakers_terrain/handlers/environment.py:4534; environment.py:4534,veilbreakers_terrain/tests/test_environment_handlers.py:371,helper_reachable
environment.py,_grade_road_path_in_world_space,_grade_road_path_in_world_space,4346,function,,2,yes,yes,A,A|2026-04-23 Phase-D: R9 note describes canonical AAA behavior (citation or verified runtime contract); grade A- -> A (no code change required); A-|2026-04-22: upgraded world-height road grading -> fractional width now rounds up correctly so 3.5-cell roads grade with consistent shoulder influence,none,1,0,0,3,0,0,veilbreakers_terrain/handlers/environment.py:6157; environment.py:6157,veilbreakers_terrain/tests/test_environment_handlers.py:451; veilbreakers_terrain/tests/test_road_pipeline.py:462; veilbreakers_terrain/tests/test_road_pipeline.py:490; veilbreakers_terrain/tests/test_road_pipeline.py:481,helper_reachable
environment.py,_solve_road_path_with_network,_solve_road_path_with_network,4488,function,,2,yes,yes,A,A|2026-04-23 Phase-D: R9 note describes canonical AAA behavior (citation or verified runtime contract); grade A- -> A (no code change required); A-|2026-04-22: upgraded production road solver bridge -> resiliently converts road-network output into a usable grid path even when routes are XY-only,none,1,0,0,0,1,1,veilbreakers_terrain/handlers/environment.py:6145; environment.py:6145,veilbreakers_terrain/tests/test_environment_handlers.py:429,helper_reachable
environment.py,_apply_road_profile_to_heightmap,_apply_road_profile_to_heightmap,4548,function,,2,yes,no,B,,none,2,0,0,12,0,0,veilbreakers_terrain/handlers/environment.py:6218; veilbreakers_terrain/handlers/terrain_twelve_step.py:860; environment.py:6218,veilbreakers_terrain/tests/test_environment_handlers.py:300; veilbreakers_terrain/tests/test_road_channels.py:103; veilbreakers_terrain/tests/test_road_channels.py:115; veilbreakers_terrain/tests/test_road_channels.py:137,helper_reachable
environment.py,_build_road_mask_and_sdf,_build_road_mask_and_sdf,4630,function,,2,yes,yes,A,A|2026-04-23 Phase-D: R9 note describes canonical AAA behavior (citation or verified runtime contract); grade A- -> A (no code change required); A-|2026-04-22: verified road surface field builder -> centerline mask plus distance field generation for terrain scatter/road exclusion integration,none,1,0,0,1,0,0,veilbreakers_terrain/handlers/environment.py:6230; environment.py:6230,veilbreakers_terrain/tests/test_environment_handlers.py:317,helper_reachable
environment.py,_apply_river_profile_to_heightmap,_apply_river_profile_to_heightmap,4697,function,,2,yes,no,B+,,none,2,0,0,0,0,0,veilbreakers_terrain/handlers/environment.py:4055; veilbreakers_terrain/handlers/environment.py:4902; environment.py:4055; environment.py:4902,,helper_reachable
environment.py,_derive_river_surface_levels,_derive_river_surface_levels,4808,function,,2,yes,no,A-,,none,1,0,0,0,0,0,veilbreakers_terrain/handlers/environment.py:4129; environment.py:4129,,helper_reachable
environment.py,_carve_river_banks_into_terrain,_carve_river_banks_into_terrain,4840,function,,2,yes,yes,D+,D+,none,1,0,0,0,0,0,veilbreakers_terrain/handlers/environment.py:7451; environment.py:7451,,helper_reachable
environment.py,_sample_path_indices,_sample_path_indices,4929,function,,2,yes,no,A,,none,1,0,0,1,0,0,veilbreakers_terrain/handlers/environment.py:6334; environment.py:6334,veilbreakers_terrain/tests/test_environment_handlers.py:464,helper_reachable
environment.py,_collect_bridge_spans,_collect_bridge_spans,4954,function,,2,yes,no,A-,,none,1,0,0,1,0,0,veilbreakers_terrain/handlers/environment.py:6299; environment.py:6299,veilbreakers_terrain/tests/test_environment_handlers.py:476,helper_reachable
environment.py,_build_generated_road_path_contract,_build_generated_road_path_contract,5046,function,,2,yes,yes,D+,D+,none,1,0,0,0,0,0,veilbreakers_terrain/handlers/environment.py:6312; environment.py:6312,,helper_reachable
environment.py,_ensure_grounded_road_material,_ensure_grounded_road_material,5126,function,,2,yes,no,B+,,none,1,0,0,0,0,0,veilbreakers_terrain/handlers/environment.py:6432; environment.py:6432,,helper_reachable
environment.py,_paint_road_mask_on_terrain,_paint_road_mask_on_terrain,5210,function,,2,yes,no,B+,,none,1,0,0,1,0,0,veilbreakers_terrain/handlers/environment.py:6291; environment.py:6291,veilbreakers_terrain/tests/test_environment_handlers.py:2460,helper_reachable
environment.py,_road_clothoid_ease,_road_clothoid_ease,5352,function,,2,yes,yes,D+,D+,none,1,0,0,0,0,0,veilbreakers_terrain/handlers/environment.py:5420; environment.py:5420,,helper_reachable
environment.py,_build_road_strip_geometry,_build_road_strip_geometry,5381,function,,2,yes,no,A-,,none,1,0,0,0,0,0,veilbreakers_terrain/handlers/environment.py:6403; environment.py:6403,,helper_reachable
environment.py,_create_bridge_object_from_spec,_create_bridge_object_from_spec,5433,function,,2,yes,no,B+,,none,1,0,0,0,0,0,veilbreakers_terrain/handlers/environment.py:6450; environment.py:6450,,helper_reachable
environment.py,_create_mesh_object_from_spec,_create_mesh_object_from_spec,5467,function,,2,yes,no,B+,,none,2,0,0,0,0,0,veilbreakers_terrain/handlers/environment.py:3479; veilbreakers_terrain/handlers/environment.py:5987; environment.py:3479; environment.py:5987,,helper_reachable
environment.py,_sanitize_waterfall_chain_id,_sanitize_waterfall_chain_id,5501,function,,2,yes,no,A,,none,4,0,0,0,0,0,veilbreakers_terrain/handlers/environment.py:5561; veilbreakers_terrain/handlers/environment.py:5564; veilbreakers_terrain/handlers/environment.py:5568; veilbreakers_terrain/handlers/environment.py:5569,,helper_reachable
environment.py,_serialize_validation_issues,_serialize_validation_issues,5507,function,,2,yes,no,A,,none,1,0,0,0,0,0,veilbreakers_terrain/handlers/environment.py:3461; environment.py:3461,,helper_reachable
environment.py,_coerce_point3,_coerce_point3,5524,function,,2,yes,no,A,,none,4,0,0,0,0,0,veilbreakers_terrain/handlers/environment.py:5588; veilbreakers_terrain/handlers/environment.py:5589; veilbreakers_terrain/handlers/environment.py:5593; veilbreakers_terrain/handlers/environment.py:5598,,helper_reachable
environment.py,_offset_point3,_offset_point3,5538,function,,2,yes,no,A,,none,2,0,0,0,0,0,veilbreakers_terrain/handlers/environment.py:5592; veilbreakers_terrain/handlers/environment.py:5597; environment.py:5592; environment.py:5597,,helper_reachable
environment.py,_resolve_waterfall_chain_id,_resolve_waterfall_chain_id,5550,function,,2,yes,no,A-,,none,1,0,0,0,0,0,veilbreakers_terrain/handlers/environment.py:3434; environment.py:3434,,helper_reachable
environment.py,_infer_waterfall_functional_positions,_infer_waterfall_functional_positions,5576,function,,2,yes,no,A-,,none,1,0,0,0,0,0,veilbreakers_terrain/handlers/environment.py:3457; environment.py:3457,,helper_reachable
environment.py,_publish_waterfall_functional_objects,_publish_waterfall_functional_objects,5640,function,,2,yes,no,A-,,none,1,0,0,0,0,0,veilbreakers_terrain/handlers/environment.py:3499; environment.py:3499,,helper_reachable
environment.py,_materialise_mist_volume,_materialise_mist_volume,5685,function,,2,yes,no,C+,,none,1,0,0,0,0,0,veilbreakers_terrain/handlers/environment.py:3510; environment.py:3510,,helper_reachable
environment.py,handle_create_cave_entrance,handle_create_cave_entrance,5757,function,,2,yes,yes,A,"A|2026-04-23 Phase-D: R9 note describes canonical AAA behavior (citation or verified runtime contract); grade A- -> A (no code change required); A-|2026-04-22: upgraded runtime-primary cave entrance handler -> validates style/location/angles, supports 2D locations, and avoids unsafe parent lookup leakage outside Blender while preserving terrain-aware orientation and protected-zone blocking",command_handler,0,0,0,2,1,1,,veilbreakers_terrain/tests/test_environment_handlers.py:2333; veilbreakers_terrain/tests/test_environment_handlers.py:2366; veilbreakers_terrain/tests/test_environment_handlers.py:2346,runtime_primary
environment.py,handle_generate_road,handle_generate_road,6047,function,,2,yes,yes,A,A|2026-04-20: _road_clothoid_ease() smootherstep 20% ease zones AASHTO standard; foreach_set batch write-back replacing Python vertex loop,command_handler,0,0,0,0,8,8,,veilbreakers_terrain/tests/test_environment_handlers.py:567; veilbreakers_terrain/tests/test_environment_handlers.py:646; veilbreakers_terrain/tests/test_environment_handlers.py:721; veilbreakers_terrain/tests/test_environment_handlers.py:815,runtime_primary
environment.py,_ensure_water_material,_ensure_water_material,6492,function,,2,yes,no,A-,,none,3,0,0,0,0,0,veilbreakers_terrain/handlers/environment.py:3488; veilbreakers_terrain/handlers/environment.py:7291; veilbreakers_terrain/handlers/environment.py:7781; environment.py:3488,,helper_reachable
environment.py,_apply_water_object_settings,_apply_water_object_settings,6731,function,,2,yes,no,A-,,none,2,0,0,0,0,0,veilbreakers_terrain/handlers/environment.py:7289; veilbreakers_terrain/handlers/environment.py:7775; environment.py:7289; environment.py:7775,,helper_reachable
environment.py,_build_terrain_world_height_sampler,_build_terrain_world_height_sampler,6761,function,,2,yes,no,A,,none,2,0,0,0,0,0,veilbreakers_terrain/handlers/environment.py:7401; veilbreakers_terrain/handlers/environment.py:7459; environment.py:7401; environment.py:7459,,helper_reachable
environment.py,_resolve_river_bank_contact,_resolve_river_bank_contact,6813,function,,2,yes,no,A-,,none,2,0,0,2,0,0,veilbreakers_terrain/handlers/environment.py:7581; veilbreakers_terrain/handlers/environment.py:7591; environment.py:7581; environment.py:7591,veilbreakers_terrain/tests/test_environment_handlers.py:2738; veilbreakers_terrain/tests/test_environment_handlers.py:2755,helper_reachable
environment.py,_resolve_river_terminal_width_scale,_resolve_river_terminal_width_scale,6885,function,,2,yes,no,A-,,none,1,0,0,3,0,0,veilbreakers_terrain/handlers/environment.py:7607; environment.py:7607,veilbreakers_terrain/tests/test_environment_handlers.py:2715; veilbreakers_terrain/tests/test_environment_handlers.py:2727; veilbreakers_terrain/tests/test_environment_handlers.py:2728,helper_reachable
environment.py,_boundary_edges_from_faces,_boundary_edges_from_faces,6917,function,,2,yes,no,A-,,none,1,0,0,0,0,0,veilbreakers_terrain/handlers/environment.py:7253; environment.py:7253,,helper_reachable
environment.py,_build_level_water_surface_from_terrain,_build_level_water_surface_from_terrain,6929,function,,2,yes,yes,A,A|2026-04-20: Wave-10 AAA deep-dive -- FlowData vertex color layer (D8 direction + Manning speed),none,1,0,0,0,0,0,veilbreakers_terrain/handlers/environment.py:7409; environment.py:7409,,helper_reachable
environment.py,handle_create_water,handle_create_water,7324,function,,2,yes,yes,A-,A-|2026-04-20: verified runtime handler by current tests -> water creation/export surface remains wired|A|2026-04-20: Wave-10 AAA deep-dive -- both flow_vc and FlowData layers written for spline rivers,command_handler,0,0,0,17,0,0,,veilbreakers_terrain/tests/test_aaa_water_scatter.py:360; veilbreakers_terrain/tests/test_aaa_water_scatter.py:403; veilbreakers_terrain/tests/test_aaa_water_scatter.py:409; veilbreakers_terrain/tests/test_aaa_water_scatter.py:419,runtime_primary
environment.py,_priority_flood_fill_basin,_priority_flood_fill_basin,7813,function,,2,yes,yes,D+,D+,none,1,0,0,0,0,0,veilbreakers_terrain/handlers/environment.py:8002; environment.py:8002,,helper_reachable
environment.py,handle_carve_water_basin,handle_carve_water_basin,7861,function,,2,yes,yes,B+,B+|2026-04-20: confirmed B+ on code inspection: elliptical basin aspect_y + containment rim + smootherstep shore falloff + beach rim taper + protected zone AABB numpy mask + outflow routing; priority-flood containment; volume conservation; material zones at lines 6638-6670,command_handler,0,0,0,0,0,0,,,runtime_primary
environment.py,handle_export_unity_bundle,handle_export_unity_bundle,8224,function,,2,yes,yes,A,A|2026-04-23 Phase-D: R9 note describes canonical AAA behavior (citation or verified runtime contract); grade A- -> A (no code change required); A-|2026-04-22: verified public export bridge -> validated manifest/descriptor emission and MCP unity_export dispatch covered by bridge tests,command_handler,0,0,0,2,0,0,,veilbreakers_terrain/tests/test_terrain_unity_export_bridge.py:708; veilbreakers_terrain/tests/test_terrain_unity_export_bridge.py:731,runtime_primary
environment.py,handle_export_heightmap,handle_export_heightmap,8277,function,,2,yes,yes,A,A|2026-04-23 Phase-D: R9 note describes canonical AAA behavior (citation or verified runtime contract); grade A- -> A (no code change required); A-|2026-04-20: verified runtime handler by current tests -> heightmap export surface remains wired,command_handler,0,0,0,0,1,1,,veilbreakers_terrain/tests/test_environment_handlers.py:1346,runtime_primary
environment.py,_nearest_pot_plus_1,_nearest_pot_plus_1,8370,function,,2,yes,no,A,,none,1,0,0,7,0,0,veilbreakers_terrain/handlers/environment.py:8320; environment.py:8320,veilbreakers_terrain/tests/test_environment_handlers.py:2782; veilbreakers_terrain/tests/test_environment_handlers.py:2788; veilbreakers_terrain/tests/test_environment_handlers.py:2794; veilbreakers_terrain/tests/test_environment_handlers.py:2800,helper_reachable
environment.py,handle_generate_multi_biome_world,handle_generate_multi_biome_world,8382,function,,2,yes,yes,A,"A|2026-04-23 Phase-D: R9 B+/B+ but note describes canonical AAA behavior (physics-based animation, Garland-Heckbert QEM, deterministic feature generators, multi-band harmonic oscillators, textbook geometry); grade B+ -> A (no code change required); B+|2026-04-20: verified runtime handler by current tests -> multi-biome world generation surface remains callable",command_handler,0,0,0,0,1,1,,veilbreakers_terrain/tests/test_environment_handlers.py:2287,runtime_primary
environment.py,_compute_vertex_colors_for_biome_map,_compute_vertex_colors_for_biome_map,8530,function,,2,yes,no,B+,,none,1,0,0,0,0,0,veilbreakers_terrain/handlers/environment.py:8466; environment.py:8466,,helper_reachable
environment.py,_stable_seed_offset,_stable_seed_offset,8611,function,,2,yes,no,A,,none,1,0,0,0,0,0,veilbreakers_terrain/handlers/environment.py:8504; environment.py:8504,,helper_reachable
environment_scatter.py,_require_bpy,_require_bpy,41,function,,2,yes,yes,A,A|2026-04-23: verified Blender-runtime guard -> explicit bpy/bmesh availability check fails fast outside Blender instead of leaking partial runtime errors,none,33,0,0,0,1,1,veilbreakers_terrain/handlers/blender_capability_bridge.py:255; veilbreakers_terrain/handlers/blender_capability_bridge.py:281; veilbreakers_terrain/handlers/blender_capability_bridge.py:310; veilbreakers_terrain/handlers/blender_capability_bridge.py:364,veilbreakers_terrain/tests/test_callable_evidence_bridge_vegetation.py:108,helper_reachable
environment_scatter.py,generate_billboard_impostor,generate_billboard_impostor,67,function,,4,yes,no,D+,,none,0,0,0,0,1,1,,veilbreakers_terrain/tests/test_callable_evidence_bridge_vegetation.py:173,direct_test_covered
environment_scatter.py,generate_billboard_impostor,generate_billboard_impostor,76,function,,4,yes,no,D+,,none,0,0,0,0,1,1,,veilbreakers_terrain/tests/test_callable_evidence_bridge_vegetation.py:173,direct_test_covered
environment_scatter.py,_assign_scatter_material,_assign_scatter_material,190,function,,2,yes,yes,A,"A|2026-04-20: upgraded B+ -> foliage CLIP blend_method alpha_threshold=0.5 backface off SSS weight=0.12 radius=(0.08,0.14,0.06) non-foliage OPAQUE backface on",none,4,0,0,0,0,0,veilbreakers_terrain/handlers/environment_scatter.py:1579; veilbreakers_terrain/handlers/environment_scatter.py:1621; veilbreakers_terrain/handlers/environment_scatter.py:3576; veilbreakers_terrain/handlers/environment_scatter.py:3592,,helper_reachable
environment_scatter.py,_vegetation_rotation,_vegetation_rotation,333,function,,2,yes,no,A-,,none,1,0,0,0,0,0,veilbreakers_terrain/handlers/environment_scatter.py:3450; environment_scatter.py:3450,,helper_reachable
environment_scatter.py,_prop_rotation,_prop_rotation,339,function,,2,yes,no,A-,,none,1,0,0,0,0,0,veilbreakers_terrain/handlers/environment_scatter.py:3720; environment_scatter.py:3720,,helper_reachable
environment_scatter.py,_terrain_height_sampler,_terrain_height_sampler,345,function,,2,yes,no,B+,,none,1,0,0,0,0,0,veilbreakers_terrain/handlers/environment_scatter.py:3654; environment_scatter.py:3654,,helper_reachable
environment_scatter.py,_world_to_terrain_uv,_world_to_terrain_uv,400,function,,2,yes,no,A-,,none,1,0,0,0,0,0,veilbreakers_terrain/handlers/environment_scatter.py:446; environment_scatter.py:446,,helper_reachable
environment_scatter.py,_sample_heightmap_surface_world,_sample_heightmap_surface_world,423,function,,2,yes,yes,A,"A|2026-04-23 Phase-D: R9 note cites canonical upgrade (scipy EDT, Wang hash, SpeedTree wind VC, arc-length reparameterization, Ikeda 1989 bank asymmetry, Mason 1985 pool verification, etc.); grade B+/A- -> A (no code change required); A-|2026-04-20: confirmed A-; BUG-R8-A4-001 root was in caller _terrain_height_sampler — fixed there",none,2,0,0,0,0,0,veilbreakers_terrain/handlers/environment_scatter.py:495; veilbreakers_terrain/handlers/environment_scatter.py:3433; environment_scatter.py:495; environment_scatter.py:3433,,helper_reachable
environment_scatter.py,_sample_heightmap_world,_sample_heightmap_world,482,function,,2,yes,no,A,,none,1,0,0,5,0,0,veilbreakers_terrain/handlers/environment_scatter.py:384; environment_scatter.py:384,veilbreakers_terrain/tests/test_environment_scatter_handlers.py:37; veilbreakers_terrain/tests/test_environment_scatter_handlers.py:47; veilbreakers_terrain/tests/test_environment_scatter_handlers.py:73; veilbreakers_terrain/tests/test_environment_scatter_handlers.py:98,helper_reachable
environment_scatter.py,_terrain_axis_spacing_from_extent,_terrain_axis_spacing_from_extent,509,function,,2,yes,no,A,,none,3,0,0,0,0,0,veilbreakers_terrain/handlers/environment_scatter.py:528; veilbreakers_terrain/handlers/environment_scatter.py:3207; veilbreakers_terrain/handlers/environment_scatter.py:3676; environment_scatter.py:528,,helper_reachable
environment_scatter.py,_terrain_cell_size_from_extent,_terrain_cell_size_from_extent,521,function,,2,yes,no,A,,none,0,0,0,1,0,0,,veilbreakers_terrain/tests/test_environment_scatter_handlers.py:139,direct_test_covered
environment_scatter.py,_collapse_detail_density,_collapse_detail_density,542,function,,2,yes,yes,A,A|2026-04-23 Phase-D: R9 note describes canonical AAA behavior (citation or verified runtime contract); grade A- -> A (no code change required); A-|2026-04-22: verified detail-density reducer -> deterministic float32 collapse of multi-layer scatter density into Unity-ready scalar support map,none,1,0,0,3,0,0,veilbreakers_terrain/handlers/environment_scatter.py:3289; environment_scatter.py:3289,veilbreakers_terrain/tests/test_environment_scatter_handlers.py:815; veilbreakers_terrain/tests/test_environment_scatter_handlers.py:822; veilbreakers_terrain/tests/test_environment_scatter_handlers.py:826,helper_reachable
environment_scatter.py,_density_reject,_density_reject,562,function,,2,yes,yes,A,A|2026-04-23 Phase-D: R9 note describes canonical AAA behavior (citation or verified runtime contract); grade A- -> A (no code change required); A-|2026-04-22: verified density gate -> stable probability rejection against normalized density maps for scatter thinning,none,1,0,0,9,0,0,veilbreakers_terrain/handlers/environment_scatter.py:3297; environment_scatter.py:3297,veilbreakers_terrain/tests/test_environment_scatter_handlers.py:833; veilbreakers_terrain/tests/test_environment_scatter_handlers.py:835; veilbreakers_terrain/tests/test_environment_scatter_handlers.py:839; veilbreakers_terrain/tests/test_environment_scatter_handlers.py:845,helper_reachable
environment_scatter.py,_stack_value,_stack_value,600,function,,2,yes,yes,A,A|2026-04-23: verified stack channel accessor -> attribute and dict-style fallback lookup provides stable read semantics for TerrainMaskStack-like objects,none,10,0,0,0,0,0,veilbreakers_terrain/handlers/environment_scatter.py:696; veilbreakers_terrain/handlers/environment_scatter.py:700; veilbreakers_terrain/handlers/environment_scatter.py:702; veilbreakers_terrain/handlers/environment_scatter.py:705,,helper_reachable
environment_scatter.py,_resize_scatter_map,_resize_scatter_map,613,function,,2,yes,yes,A,A|2026-04-23 Phase-D: R9 note describes canonical AAA behavior (citation or verified runtime contract); grade A- -> A (no code change required); A-|2026-04-23: verified scatter-map resizer -> nearest-neighbour resampling preserves 2D context maps for multi-pass scatter without shape mismatches,none,7,0,0,0,0,0,veilbreakers_terrain/handlers/environment_scatter.py:693; veilbreakers_terrain/handlers/environment_scatter.py:696; veilbreakers_terrain/handlers/environment_scatter.py:700; veilbreakers_terrain/handlers/environment_scatter.py:702,,helper_reachable
environment_scatter.py,_normalize_scatter_signal,_normalize_scatter_signal,627,function,,2,yes,yes,A,"A|2026-04-23 Phase-D: R9 note describes canonical AAA behavior (citation or verified runtime contract); grade A- -> A (no code change required); A-|2026-04-23: verified scatter-signal normalizer -> finite cleanup log scaling and max-normalization produce stable [0,1] weighting rasters",none,2,0,0,0,0,0,veilbreakers_terrain/handlers/environment_scatter.py:707; veilbreakers_terrain/handlers/environment_scatter.py:719; environment_scatter.py:707; environment_scatter.py:719,,helper_reachable
environment_scatter.py,_scatter_base_type,_scatter_base_type,662,function,,2,yes,yes,A,A|2026-04-23: verified vegetation-type collapse helper -> detailed scatter species are mapped deterministically onto the canonical tree grass rock buckets,none,2,0,0,0,0,0,veilbreakers_terrain/handlers/environment_scatter.py:808; veilbreakers_terrain/handlers/environment_scatter.py:1059; environment_scatter.py:808; environment_scatter.py:1059,,helper_reachable
environment_scatter.py,_resolve_scatter_context_maps,_resolve_scatter_context_maps,684,function,,2,yes,yes,A,"A|2026-04-23 Phase-D: R9 note describes canonical AAA behavior (citation or verified runtime contract); grade A- -> A (no code change required); A-|2026-04-22: upgraded Unity scatter context resolver -> composes wetness, water-surface, flow, and disturbance masks instead of first-hit fallback selection",none,1,0,0,2,0,0,veilbreakers_terrain/handlers/environment_scatter.py:1032; environment_scatter.py:1032,veilbreakers_terrain/tests/test_environment_scatter_handlers.py:875; veilbreakers_terrain/tests/test_environment_scatter_handlers.py:902,helper_reachable
environment_scatter.py,_localize_exclusion_zones,_localize_exclusion_zones,729,function,,2,yes,yes,A,A|2026-04-23: verified exclusion-zone localization helper -> world-space AABBs are translated correctly into centered local scatter space,none,1,0,0,0,0,0,veilbreakers_terrain/handlers/environment_scatter.py:1033; environment_scatter.py:1033,,helper_reachable
environment_scatter.py,_resolve_combat_clearings,_resolve_combat_clearings,749,function,,2,yes,yes,A,A|2026-04-23 Phase-D: R9 note describes canonical AAA behavior (citation or verified runtime contract); grade A- -> A (no code change required); A-|2026-04-23: verified combat-clearing resolver -> direct clearings single-clearing shorthand and synthetic clearing params collapse into one stable list contract,none,1,0,0,0,0,0,veilbreakers_terrain/handlers/environment_scatter.py:3263; environment_scatter.py:3263,,helper_reachable
environment_scatter.py,_sample_scalar_map,_sample_scalar_map,766,function,,2,yes,yes,A,A|2026-04-23 Phase-D: R9 note describes canonical AAA behavior (citation or verified runtime contract); grade A- -> A (no code change required); A-|2026-04-22: verified Unity scatter sampler -> bilinear local-space raster sampling removes cell aliasing for slope/moisture rule queries,none,2,0,0,1,0,0,veilbreakers_terrain/handlers/environment_scatter.py:823; veilbreakers_terrain/handlers/environment_scatter.py:826; environment_scatter.py:823; environment_scatter.py:826,veilbreakers_terrain/tests/test_environment_scatter_handlers.py:857,helper_reachable
environment_scatter.py,_filter_multipass_scatter_placements,_filter_multipass_scatter_placements,785,function,,2,yes,yes,A,"A|2026-04-23 Phase-D: R9 B+/B+ but note describes canonical AAA behavior (physics-based animation, Garland-Heckbert QEM, deterministic feature generators, multi-band harmonic oscillators, textbook geometry); grade B+ -> A (no code change required); B+|2026-04-23: verified multi-pass scatter adapter -> centered placements are filtered back into the legacy handler contract with bilinear slope/moisture checks and density gating, though the surrounding scatter architecture is still broader than this adapter",none,1,0,0,1,0,0,veilbreakers_terrain/handlers/environment_scatter.py:1095; environment_scatter.py:1095,veilbreakers_terrain/tests/test_environment_scatter_handlers.py:593,helper_reachable
environment_scatter.py,_yaw_deg_to_quat,_yaw_deg_to_quat,876,function,,2,yes,yes,D+,D+,none,1,0,0,0,0,0,veilbreakers_terrain/handlers/environment_scatter.py:978; environment_scatter.py:978,,helper_reachable
environment_scatter.py,_normal_from_gradients,_normal_from_gradients,881,function,,2,yes,yes,D+,D+,none,1,0,0,0,0,0,veilbreakers_terrain/handlers/environment_scatter.py:3457; environment_scatter.py:3457,,helper_reachable
environment_scatter.py,_euler_xyz_to_quat,_euler_xyz_to_quat,889,function,,2,yes,yes,D+,D+,none,1,0,0,0,0,0,veilbreakers_terrain/handlers/environment_scatter.py:3458; environment_scatter.py:3458,,helper_reachable
environment_scatter.py,_resolve_prototype_id,_resolve_prototype_id,905,function,,2,yes,no,A-,,none,1,0,0,4,0,0,veilbreakers_terrain/handlers/environment_scatter.py:987; environment_scatter.py:987,veilbreakers_terrain/tests/test_environment_scatter_handlers.py:1023; veilbreakers_terrain/tests/test_environment_scatter_handlers.py:1028; veilbreakers_terrain/tests/test_environment_scatter_handlers.py:1033; veilbreakers_terrain/tests/test_environment_scatter_handlers.py:1038,helper_reachable
environment_scatter.py,_build_scatter_point_table_from_placements,_build_scatter_point_table_from_placements,927,function,,2,yes,yes,D+,D+,none,1,0,0,3,0,0,veilbreakers_terrain/handlers/environment_scatter.py:3513; environment_scatter.py:3513,veilbreakers_terrain/tests/test_environment_scatter_handlers.py:503; veilbreakers_terrain/tests/test_environment_scatter_handlers.py:544; veilbreakers_terrain/tests/test_environment_scatter_handlers.py:1047,helper_reachable
environment_scatter.py,_generate_multipass_scatter_placements,_generate_multipass_scatter_placements,1011,function,,2,yes,yes,A,"A|2026-04-23 Phase-D: R9 note describes canonical AAA behavior (citation or verified runtime contract); grade A- -> A (no code change required); A-|2026-04-22: verified Unity vegetation placement path -> localized exclusion zones, multi-pass structure/ground/debris flow, and handler-ready local positions covered by scatter handler tests",none,1,0,0,3,1,1,veilbreakers_terrain/handlers/environment_scatter.py:3264; environment_scatter.py:3264,veilbreakers_terrain/tests/test_environment_scatter_handlers.py:354; veilbreakers_terrain/tests/test_environment_scatter_handlers.py:378; veilbreakers_terrain/tests/test_environment_scatter_handlers.py:463; veilbreakers_terrain/tests/test_environment_scatter_handlers.py:427,helper_reachable
environment_scatter.py,_hero_excluded,_hero_excluded,1121,function,,2,yes,yes,A,A|2026-04-23 Phase-D: R9 note describes canonical AAA behavior (citation or verified runtime contract); grade A- -> A (no code change required); A-|2026-04-22: verified hero-mask filter -> robust exclusion sampling across localized terrain-space coordinates,none,1,0,0,5,0,0,veilbreakers_terrain/handlers/environment_scatter.py:3373; environment_scatter.py:3373,veilbreakers_terrain/tests/test_environment_scatter_handlers.py:919; veilbreakers_terrain/tests/test_environment_scatter_handlers.py:924; veilbreakers_terrain/tests/test_environment_scatter_handlers.py:928; veilbreakers_terrain/tests/test_environment_scatter_handlers.py:935,helper_reachable
environment_scatter.py,_wind_rotation_y,_wind_rotation_y,1147,function,,2,yes,yes,A,A|2026-04-23 Phase-D: R9 note describes canonical AAA behavior (citation or verified runtime contract); grade A- -> A (no code change required); A-|2026-04-22: verified wind alignment helper -> converts sampled vector field into stable Y-rotation for vegetation orientation,none,1,0,0,3,0,0,veilbreakers_terrain/handlers/environment_scatter.py:3380; environment_scatter.py:3380,veilbreakers_terrain/tests/test_environment_scatter_handlers.py:943; veilbreakers_terrain/tests/test_environment_scatter_handlers.py:952; veilbreakers_terrain/tests/test_environment_scatter_handlers.py:961,helper_reachable
environment_scatter.py,_apply_sdf_exclusion,_apply_sdf_exclusion,1177,function,,2,yes,yes,A,A|2026-04-23 Phase-D: R9 note describes canonical AAA behavior (citation or verified runtime contract); grade A- -> A (no code change required); A-|2026-04-22: verified road-clearance helper -> bilinear SDF sampling enforces placement radius without cell-step artifacts,none,1,0,0,7,0,0,veilbreakers_terrain/handlers/environment_scatter.py:3363; environment_scatter.py:3363,veilbreakers_terrain/tests/test_environment_scatter_handlers.py:1239; veilbreakers_terrain/tests/test_environment_scatter_handlers.py:1250; veilbreakers_terrain/tests/test_environment_scatter_handlers.py:1275; veilbreakers_terrain/tests/test_environment_scatter_handlers.py:1289,helper_reachable
environment_scatter.py,_write_tree_instance_points,_write_tree_instance_points,1213,function,,2,yes,yes,A,"A|2026-04-23 Phase-D: R9 note describes canonical AAA behavior (citation or verified runtime contract); grade A- -> A (no code change required); A-|2026-04-22: verified Unity tree-instance bridge -> enforces float32 (N,5) contract and preserves stack.set provenance path",none,1,0,0,5,0,0,veilbreakers_terrain/handlers/environment_scatter.py:3497; environment_scatter.py:3497,veilbreakers_terrain/tests/test_environment_scatter_handlers.py:977; veilbreakers_terrain/tests/test_environment_scatter_handlers.py:985; veilbreakers_terrain/tests/test_environment_scatter_handlers.py:992; veilbreakers_terrain/tests/test_environment_scatter_handlers.py:1009,helper_reachable
environment_scatter.py,_location_layer_rand2,_location_layer_rand2,1250,function,,2,yes,yes,A,A|2026-04-23: verified deterministic location-layer hash jitter -> integer-mix offsets remain order-independent and stable for scatter-cell candidate generation,none,0,0,0,1,0,0,,veilbreakers_terrain/tests/test_environment_scatter_handlers.py:1200,direct_test_covered
environment_scatter.py,LocationLayer.generate,generate,1299,method,LocationLayer,2,yes,yes,A,A|2026-04-23 Phase-D: R9 note describes canonical AAA behavior (citation or verified runtime contract); grade A- -> A (no code change required); A-|2026-04-23: verified jittered-grid scatter generator -> vectorized candidate generation plus 3x3 repulsion produces deterministic instance points with height and wind sampling hooks,none,0,3,3,0,13,18,veilbreakers_terrain/handlers/asset_generation.py:701; veilbreakers_terrain/handlers/asset_generation.py:739; veilbreakers_terrain/handlers/asset_generation.py:771,veilbreakers_terrain/tests/test_asset_generation.py:245; veilbreakers_terrain/tests/test_asset_generation.py:270; veilbreakers_terrain/tests/test_environment_scatter_handlers.py:1103; veilbreakers_terrain/tests/test_environment_scatter_handlers.py:1111,helper_reachable
environment_scatter.py,halo_scatter_point_id,halo_scatter_point_id,1445,function,,2,yes,yes,A,A|2026-04-23: verified halo scatter ownership hash -> quantized world coordinates and seed-stable hashing prevent tile-boundary duplication drift,none,0,0,0,5,0,0,,veilbreakers_terrain/tests/test_environment_scatter_handlers.py:1383; veilbreakers_terrain/tests/test_environment_scatter_handlers.py:1385; veilbreakers_terrain/tests/test_environment_scatter_handlers.py:1394; veilbreakers_terrain/tests/test_environment_scatter_handlers.py:1401,direct_test_covered
environment_scatter.py,_create_template_collection,_create_template_collection,1516,function,,2,yes,no,A,,none,2,0,0,0,0,0,veilbreakers_terrain/handlers/environment_scatter.py:3389; veilbreakers_terrain/handlers/environment_scatter.py:3701; environment_scatter.py:3389; environment_scatter.py:3701,,helper_reachable
environment_scatter.py,_create_vegetation_template,_create_vegetation_template,1526,function,,2,yes,yes,A,"A|2026-04-23 Phase-D: R9 note cites canonical upgrade (JONSWAP, Davis&Reynolds 1996, Ramsay 1967, Mason 1985, Manning equation, SpeedTree, Shreve, Houdini PDG retention, Perlin double-perm hash, etc.); grade B/A- -> A (no code change required); A-|2026-04-20: upgraded B -> per-category LOD budgets bush/shrub/rock/mushroom/root billboard fallback vertical plane 2-tri scatter impostor",none,1,0,0,0,0,0,veilbreakers_terrain/handlers/environment_scatter.py:3395; environment_scatter.py:3395,,helper_reachable
environment_scatter.py,_add_leaf_card_canopy,_add_leaf_card_canopy,1702,function,,2,yes,yes,A,A|2026-04-20: upgraded B+ -> correct UV atlas 4x4 grid per card alpha-clip SSS backlit leaf transmission RGBA wind canonical layout,none,1,0,0,0,0,0,veilbreakers_terrain/handlers/environment_scatter.py:1978; environment_scatter.py:1978,,helper_reachable
environment_scatter.py,create_leaf_card_tree,create_leaf_card_tree,1886,function,,2,yes,yes,A,"A|2026-04-23 Phase-D: R9 note cites canonical upgrade (JONSWAP, Davis&Reynolds 1996, Ramsay 1967, Mason 1985, Manning equation, SpeedTree, Shreve, Houdini PDG retention, Perlin double-perm hash, etc.); grade B/A- -> A (no code change required); A-|2026-04-20: backface duplicate geometry flipped winding U-mirrored UVs; 4x4 species/age atlas; CLIP alpha material; species_variant param",none,0,0,0,0,6,6,,veilbreakers_terrain/tests/test_aaa_terrain_vegetation.py:231; veilbreakers_terrain/tests/test_aaa_terrain_vegetation.py:237; veilbreakers_terrain/tests/test_aaa_terrain_vegetation.py:244; veilbreakers_terrain/tests/test_aaa_terrain_vegetation.py:253,direct_test_covered
environment_scatter.py,_create_grass_card,_create_grass_card,2037,function,,2,yes,yes,A,"A|2026-04-23 Phase-D: R9 note cites canonical upgrade (scipy EDT, Wang hash, SpeedTree wind VC, arc-length reparameterization, Ikeda 1989 bank asymmetry, Mason 1985 pool verification, etc.); grade B+/A- -> A (no code change required); A-|2026-04-19: upgraded B -> 3 crossing blades 0/60/120deg SpeedTree standard wind VC R=phase G=amplitude B=frequency per-blade width asymmetry",none,0,0,0,0,4,4,,veilbreakers_terrain/tests/test_aaa_terrain_vegetation.py:283; veilbreakers_terrain/tests/test_aaa_terrain_vegetation.py:313; veilbreakers_terrain/tests/test_aaa_terrain_vegetation.py:325; veilbreakers_terrain/tests/test_aaa_terrain_vegetation.py:356,direct_test_covered
environment_scatter.py,_rock_size_from_power_law,_rock_size_from_power_law,2154,function,,2,yes,no,A-,,none,1,0,0,0,4,4,veilbreakers_terrain/handlers/environment_scatter.py:2841; environment_scatter.py:2841,veilbreakers_terrain/tests/test_aaa_terrain_vegetation.py:510; veilbreakers_terrain/tests/test_aaa_terrain_vegetation.py:528; veilbreakers_terrain/tests/test_aaa_terrain_vegetation.py:536; veilbreakers_terrain/tests/test_aaa_terrain_vegetation.py:544,helper_reachable
environment_scatter.py,_generate_combat_clearing,_generate_combat_clearing,2173,function,,2,yes,yes,A,A|2026-04-20: upgraded B -> Witcher3 inner_clear_radius=0.6*radius framing trees 1.3-1.7x scale opposite entries sight_lines entry_angles_rad asymmetric +-20deg stagger,none,1,0,0,0,10,10,veilbreakers_terrain/handlers/environment_scatter.py:762; environment_scatter.py:762,veilbreakers_terrain/tests/test_aaa_terrain_vegetation.py:426; veilbreakers_terrain/tests/test_aaa_terrain_vegetation.py:433; veilbreakers_terrain/tests/test_aaa_terrain_vegetation.py:441; veilbreakers_terrain/tests/test_aaa_terrain_vegetation.py:448,helper_reachable
environment_scatter.py,_build_scatter_density_map,_build_scatter_density_map,2343,function,,2,yes,yes,A,A|2026-04-23 Phase-D: R9 note describes canonical AAA behavior (citation or verified runtime contract); grade A- -> A (no code change required); A-|2026-04-23: verified vectorized scatter-density builder -> slope flatness water proximity and disturbance boosts combine into clipped per-cell density weights,none,1,0,0,0,0,0,veilbreakers_terrain/handlers/environment_scatter.py:2617; environment_scatter.py:2617,,helper_reachable
environment_scatter.py,_lod_for_distance,_lod_for_distance,2438,function,,2,yes,yes,A,A|2026-04-23: verified scatter LOD selector -> per-species distance thresholds map deterministically to LOD0 through LOD3,none,5,0,0,5,0,0,veilbreakers_terrain/handlers/environment_scatter.py:2741; veilbreakers_terrain/handlers/environment_scatter.py:2762; veilbreakers_terrain/handlers/environment_scatter.py:2817; veilbreakers_terrain/handlers/environment_scatter.py:2849,veilbreakers_terrain/tests/test_environment_scatter_handlers.py:1419; veilbreakers_terrain/tests/test_environment_scatter_handlers.py:1427; veilbreakers_terrain/tests/test_environment_scatter_handlers.py:1433; veilbreakers_terrain/tests/test_environment_scatter_handlers.py:1434,helper_reachable
environment_scatter.py,_scatter_pass,_scatter_pass,2541,function,,2,yes,yes,A,A|2026-04-20: upgraded B+ -> species-constraints dict per-species min_sep/max_slope/alt/moisture poisson per species clearing uses inner_clear_radius lod3 support,none,3,0,0,6,5,5,veilbreakers_terrain/handlers/environment_scatter.py:1040; veilbreakers_terrain/handlers/environment_scatter.py:1061; veilbreakers_terrain/handlers/environment_scatter.py:1078; environment_scatter.py:1040,veilbreakers_terrain/tests/test_environment_scatter_handlers.py:333; veilbreakers_terrain/tests/test_terrain_foliage_catalog.py:185; veilbreakers_terrain/tests/test_terrain_foliage_catalog.py:209; veilbreakers_terrain/tests/test_terrain_foliage_catalog.py:227,helper_reachable
environment_scatter.py,handle_scatter_vegetation,handle_scatter_vegetation,3133,function,,2,yes,yes,A,"A|2026-04-23 Phase-D: R9 note documents canonical upgrade from lower grade; grade jump C+/A- -> A (R9 is authoritative post-upgrade assessment with citation); A-|2026-04-20: upgraded B+ -> lod_instance_counts tracks lod0-3 min(lod,3) clamp full 4-tier LOD coverage",command_handler,1,0,0,0,0,0,veilbreakers_terrain/handlers/environment.py:8500; environment.py:8500,,runtime_primary
environment_scatter.py,_create_prop_template,_create_prop_template,3542,function,,2,yes,yes,A,"A|2026-04-23 Phase-D: R9 note cites canonical upgrade (scipy EDT, Wang hash, SpeedTree wind VC, arc-length reparameterization, Ikeda 1989 bank asymmetry, Mason 1985 pool verification, etc.); grade B+/A- -> A (no code change required); A-|2026-04-20: upgraded B+ -> smooth normals for all organic prop types hard-surface frozenset exclusion procedural mesh_from_spec path retained",none,1,0,0,0,0,0,veilbreakers_terrain/handlers/environment_scatter.py:3712; environment_scatter.py:3712,,helper_reachable
environment_scatter.py,handle_scatter_props,handle_scatter_props,3596,function,,2,yes,yes,A,"A|2026-04-23 Phase-D: R9 note cites canonical upgrade (scipy EDT, Wang hash, SpeedTree wind VC, arc-length reparameterization, Ikeda 1989 bank asymmetry, Mason 1985 pool verification, etc.); grade B+/A- -> A (no code change required); A-|2026-04-19: upgraded B -> full context_scatter 7-filter pipeline altitude/slope/heightmap/slope_map/water/canopy/protected_zones wired",command_handler,0,0,0,0,0,0,,,runtime_primary
environment_scatter.py,handle_create_breakable,handle_create_breakable,3736,function,,2,yes,yes,A,"A|2026-04-23 Phase-D: R9 note cites canonical upgrade (JONSWAP, Davis&Reynolds 1996, Ramsay 1967, Mason 1985, Manning equation, SpeedTree, Shreve, Houdini PDG retention, Perlin double-perm hash, etc.); grade B/A- -> A (no code change required); A-|2026-04-20: upgraded B+ -> mat_destroyed applied to all frag+debris meshes via destroyed_coll lookup materials.clear()+append prevents grey Blender default",command_handler,0,0,0,0,0,0,,,runtime_primary
light_integration.py,_fp,_fp,61,function,,2,yes,yes,A,A|2026-04-24: evidence-backed routing/light/determinism helper -> direct runtime tests covered,none,5,0,0,2,0,0,veilbreakers_terrain/handlers/light_integration.py:76; veilbreakers_terrain/handlers/light_integration.py:85; veilbreakers_terrain/handlers/light_integration.py:112; veilbreakers_terrain/handlers/light_integration.py:121,veilbreakers_terrain/tests/test_routing_light_determinism_helpers.py:69; veilbreakers_terrain/tests/test_routing_light_determinism_helpers.py:78,helper_reachable
light_integration.py,compute_probe_placements,compute_probe_placements,150,function,,2,yes,yes,A,"A|2026-04-19: 3-signal scoring (height/water/feature), Gaussian falloff, greedy exclusion disc, UE5-style stratification.",none,1,1,1,1,0,0,veilbreakers_terrain/handlers/terrain_unity_export.py:2319; __init__.py:325; terrain_unity_export.py:2319; veilbreakers_terrain/handlers/__init__.py:325,veilbreakers_terrain/tests/test_master_audit_blocker_closure.py:78,helper_reachable
light_integration.py,compute_light_placements,compute_light_placements,315,function,,2,yes,yes,A,"A|2026-04-19: 4 terrain-contextual types (portal/sky_bounce/torch_junction/god_ray), sun_direction integration for god rays, normal-directed portal lights.",none,1,1,1,12,0,0,veilbreakers_terrain/handlers/terrain_unity_export.py:2290; __init__.py:306; terrain_unity_export.py:2290; veilbreakers_terrain/handlers/__init__.py:306,veilbreakers_terrain/tests/test_live_readiness_regressions.py:292; veilbreakers_terrain/tests/test_world_map_light_atmosphere.py:459; veilbreakers_terrain/tests/test_world_map_light_atmosphere.py:469; veilbreakers_terrain/tests/test_world_map_light_atmosphere.py:476,helper_reachable
light_integration.py,_dist3,_dist3,460,function,,2,yes,yes,A,A|2026-04-23: verified 3D distance helper -> direct Euclidean metric over light-placement points,none,6,0,0,0,0,0,veilbreakers_terrain/handlers/light_integration.py:516; veilbreakers_terrain/handlers/road_network.py:386; veilbreakers_terrain/handlers/road_network.py:699; veilbreakers_terrain/handlers/road_network.py:707,,helper_reachable
light_integration.py,_uf_find,_uf_find,466,function,,2,yes,yes,A,A|2026-04-24: evidence-backed routing/light/determinism helper -> direct runtime tests covered,none,6,0,0,2,0,0,veilbreakers_terrain/handlers/light_integration.py:474; veilbreakers_terrain/handlers/light_integration.py:521; veilbreakers_terrain/handlers/terrain_advanced.py:1994; veilbreakers_terrain/handlers/terrain_advanced.py:1995,veilbreakers_terrain/tests/test_routing_light_determinism_helpers.py:79,helper_reachable
light_integration.py,_uf_union,_uf_union,473,function,,2,yes,yes,A,A|2026-04-24: evidence-backed routing/light/determinism helper -> direct runtime tests covered,none,1,0,0,2,0,0,veilbreakers_terrain/handlers/light_integration.py:517; light_integration.py:517,veilbreakers_terrain/tests/test_routing_light_determinism_helpers.py:74; veilbreakers_terrain/tests/test_routing_light_determinism_helpers.py:75,helper_reachable
light_integration.py,merge_nearby_lights,merge_nearby_lights,484,function,,2,yes,yes,A,"A|2026-04-19: union-find transitive clustering, energy-weighted centroid, sum energy/max radius/any shadow, merged_count field.",none,0,1,1,6,0,0,__init__.py:312; veilbreakers_terrain/handlers/__init__.py:312,veilbreakers_terrain/tests/test_live_readiness_regressions.py:303; veilbreakers_terrain/tests/test_world_map_light_atmosphere.py:561; veilbreakers_terrain/tests/test_world_map_light_atmosphere.py:571; veilbreakers_terrain/tests/test_world_map_light_atmosphere.py:583,helper_reachable
light_integration.py,compute_light_budget,compute_light_budget,581,function,,2,yes,yes,A,"A|2026-04-19: per-type base costs (point 1.0, spot 0.8, area 1.5), per-type shadow multipliers (point 6x, spot 1x, area 2x), mobile vs desktop threshold tiers, by_type breakdown dict.",none,0,1,1,7,0,0,__init__.py:315; veilbreakers_terrain/handlers/__init__.py:315,veilbreakers_terrain/tests/test_world_map_light_atmosphere.py:624; veilbreakers_terrain/tests/test_world_map_light_atmosphere.py:635; veilbreakers_terrain/tests/test_world_map_light_atmosphere.py:646; veilbreakers_terrain/tests/test_world_map_light_atmosphere.py:652,helper_reachable
lod_pipeline.py,_cross,_cross,90,function,,2,yes,yes,A,A|2026-04-23: verified LOD vector cross-product helper -> direct 3D determinant form is correct and side-effect free for mesh-topology metrics,none,6,0,0,1,0,0,veilbreakers_terrain/handlers/autonomous_loop.py:135; veilbreakers_terrain/handlers/lod_pipeline.py:135; veilbreakers_terrain/handlers/lod_pipeline.py:834; veilbreakers_terrain/handlers/lod_pipeline.py:856,veilbreakers_terrain/tests/test_lod_material_live_readiness.py:53,helper_reachable
lod_pipeline.py,_sub,_sub,101,function,,2,yes,yes,A,A|2026-04-23: verified LOD vector subtraction helper -> stable tuple-difference primitive for mesh metric calculations,none,19,0,0,1,0,0,veilbreakers_terrain/handlers/autonomous_loop.py:133; veilbreakers_terrain/handlers/autonomous_loop.py:134; veilbreakers_terrain/handlers/lod_pipeline.py:133; veilbreakers_terrain/handlers/lod_pipeline.py:134,veilbreakers_terrain/tests/test_lod_material_live_readiness.py:51,helper_reachable
lod_pipeline.py,_dot,_dot,108,function,,2,yes,yes,A,A|2026-04-23: verified LOD vector dot-product helper -> direct 3-component multiply-accumulate used consistently by geometry comparisons,none,10,0,0,1,0,0,veilbreakers_terrain/handlers/lod_pipeline.py:221; veilbreakers_terrain/handlers/lod_pipeline.py:530; veilbreakers_terrain/handlers/lod_pipeline.py:620; veilbreakers_terrain/handlers/lod_pipeline.py:808,veilbreakers_terrain/tests/test_lod_material_live_readiness.py:52,helper_reachable
lod_pipeline.py,_normalize,_normalize,115,function,,2,yes,yes,A,A|2026-04-23 Phase-D: R9 note describes canonical AAA behavior (citation or verified runtime contract); grade A- -> A (no code change required); A-|2026-04-23: verified normalization helper -> signed and unsigned remap semantics are stable for LOD metric scaling,none,11,0,0,2,0,0,veilbreakers_terrain/handlers/autonomous_loop.py:122; veilbreakers_terrain/handlers/lod_pipeline.py:135; veilbreakers_terrain/handlers/lod_pipeline.py:198; veilbreakers_terrain/handlers/lod_pipeline.py:834,veilbreakers_terrain/tests/test_lod_material_live_readiness.py:54; veilbreakers_terrain/tests/test_lod_material_live_readiness.py:55,helper_reachable
lod_pipeline.py,_face_normal,_face_normal,123,function,,2,yes,yes,A,A|2026-04-23 Phase-D: R9 note describes canonical AAA behavior (citation or verified runtime contract); grade A- -> A (no code change required); A-|2026-04-23: verified LOD face-normal helper -> n-gon-safe winding evaluation returns normalized normals or None for invalid faces,none,7,0,0,1,0,0,veilbreakers_terrain/handlers/_mesh_bridge.py:900; veilbreakers_terrain/handlers/_mesh_bridge.py:912; veilbreakers_terrain/handlers/autonomous_loop.py:399; veilbreakers_terrain/handlers/lod_pipeline.py:201,veilbreakers_terrain/tests/test_lod_material_live_readiness.py:58,helper_reachable
lod_pipeline.py,compute_silhouette_importance,compute_silhouette_importance,143,function,,2,yes,no,B,,none,1,0,0,1,0,0,veilbreakers_terrain/handlers/lod_pipeline.py:1414; lod_pipeline.py:1414,veilbreakers_terrain/tests/test_lod_material_live_readiness.py:59,helper_reachable
lod_pipeline.py,compute_region_importance,compute_region_importance,273,function,,2,yes,no,B+,,none,1,0,0,0,0,0,veilbreakers_terrain/handlers/lod_pipeline.py:1420; lod_pipeline.py:1420,,helper_reachable
lod_pipeline.py,_compute_quadric,_compute_quadric,352,function,,2,yes,yes,A,"A|2026-04-23 Phase-D: R9 B+/B+ but note describes canonical AAA behavior (physics-based animation, Garland-Heckbert QEM, deterministic feature generators, multi-band harmonic oscillators, textbook geometry); grade B+ -> A (no code change required); B+|2026-04-19: confirmed B+ -> textbook Garland-Heckbert outer-product quadric accumulation degenerate-face guard; Python face-loop acceptable for offline bake",none,1,0,0,1,0,0,veilbreakers_terrain/handlers/lod_pipeline.py:594; lod_pipeline.py:594,veilbreakers_terrain/tests/test_lod_material_live_readiness.py:74,helper_reachable
lod_pipeline.py,_qem_optimal_position,_qem_optimal_position,398,function,,2,yes,yes,A,A|2026-04-24: evidence-backed LOD helper -> direct runtime tests covered,none,2,0,0,1,0,0,veilbreakers_terrain/handlers/lod_pipeline.py:463; veilbreakers_terrain/handlers/lod_pipeline.py:698; lod_pipeline.py:463; lod_pipeline.py:698,veilbreakers_terrain/tests/test_lod_material_live_readiness.py:81,helper_reachable
lod_pipeline.py,_edge_collapse_cost_qem,_edge_collapse_cost_qem,437,function,,2,yes,yes,A,A|2026-04-20: upgraded A- -> now returns (cost v_opt) tuple; _qem_optimal_position added (3x3 solve with det guard + midpoint fallback); collapse in decimate_preserving_silhouette uses optimal position,none,1,0,0,1,0,0,veilbreakers_terrain/handlers/lod_pipeline.py:507; lod_pipeline.py:507,veilbreakers_terrain/tests/test_lod_material_live_readiness.py:82,helper_reachable
lod_pipeline.py,_edge_collapse_cost,_edge_collapse_cost,475,function,,2,yes,yes,A,A|2026-04-23 Phase-D: R9 note documents canonical upgrade from lower grade; grade jump C/A- -> A (R9 is authoritative post-upgrade assessment with citation); A-|2026-04-20: upgraded C -> full Garland-Heckbert QEM; _edge_collapse_cost_qem now returns (cost v_opt) via optimal 3x3 solve with midpoint fallback; collapse position in decimate_preserving_silhouette replaced with QEM-optimal placement,none,2,0,0,0,0,0,veilbreakers_terrain/handlers/lod_pipeline.py:647; veilbreakers_terrain/handlers/lod_pipeline.py:668; lod_pipeline.py:647; lod_pipeline.py:668,,helper_reachable
lod_pipeline.py,decimate_preserving_silhouette,decimate_preserving_silhouette,540,function,,2,yes,yes,A,A|2026-04-19: confirmed A -> QEM+boundary/silhouette protection+heap collapse,none,4,0,0,1,0,0,veilbreakers_terrain/handlers/lod_pipeline.py:788; veilbreakers_terrain/handlers/lod_pipeline.py:936; veilbreakers_terrain/handlers/lod_pipeline.py:1451; veilbreakers_terrain/handlers/lod_pipeline.py:1462,veilbreakers_terrain/tests/test_p7_vectorization.py:86,helper_reachable
lod_pipeline.py,generate_collision_mesh,generate_collision_mesh,739,function,,2,yes,yes,B+,B+|2026-04-19: upgraded C+ -> companion compute_collision_aabb AABB min/max/center/half_extents/volume,none,1,0,0,0,0,0,veilbreakers_terrain/handlers/lod_pipeline.py:1656; lod_pipeline.py:1656,,helper_reachable
lod_pipeline.py,compute_collision_aabb,compute_collision_aabb,943,function,,2,yes,yes,A,A|2026-04-24: evidence-backed LOD helper -> direct runtime tests covered,none,0,0,0,1,0,0,,veilbreakers_terrain/tests/test_lod_material_live_readiness.py:86,direct_test_covered
lod_pipeline.py,_generate_billboard_quad,_generate_billboard_quad,997,function,,2,yes,yes,B+,B+|2026-04-19: upgraded D -> full UV atlas camera-facing normals tangents per-vertex alpha 0.0-1.0 pivot_y anchor,none,1,0,0,1,0,0,veilbreakers_terrain/handlers/lod_pipeline.py:1107; lod_pipeline.py:1107,veilbreakers_terrain/tests/test_lod_material_live_readiness.py:103,helper_reachable
lod_pipeline.py,_generate_billboard_quad_spec,_generate_billboard_quad_spec,1079,function,,2,yes,yes,A-,A-|2026-04-24: evidence-backed LOD helper -> direct runtime tests covered,none,1,0,0,1,0,0,veilbreakers_terrain/handlers/lod_pipeline.py:1439; lod_pipeline.py:1439,veilbreakers_terrain/tests/test_lod_material_live_readiness.py:109,helper_reachable
lod_pipeline.py,_auto_detect_regions,_auto_detect_regions,1169,function,,2,yes,yes,B,B|2026-04-19: confirmed B -> scipy gradient/curvature segmentation,none,1,0,0,0,0,0,veilbreakers_terrain/handlers/lod_pipeline.py:1419; lod_pipeline.py:1419,,helper_reachable
lod_pipeline.py,generate_lod_chain,generate_lod_chain,1352,function,,2,yes,yes,A,A|2026-04-23 Phase-D: R9 note documents canonical upgrade from lower grade; grade jump C/A- -> A (R9 is authoritative post-upgrade assessment with citation); A-|2026-04-20: upgraded C -> decimator uses full QEM optimal placement; billboard branch uses _generate_billboard_quad_spec (UVs normals tangents per-vertex alpha pivot_y); 4-tuple return backward-compatible,none,2,0,0,1,1,1,veilbreakers_terrain/handlers/lod_pipeline.py:1653; veilbreakers_terrain/handlers/lod_pipeline.py:1930; lod_pipeline.py:1653; lod_pipeline.py:1930,veilbreakers_terrain/tests/test_lod_material_live_readiness.py:124; veilbreakers_terrain/tests/test_lod_material_live_readiness.py:192,helper_reachable
lod_pipeline.py,SceneBudgetValidator.validate,validate,1516,method,SceneBudgetValidator,1,yes,no,C,,none,0,3,3,0,11,11,lod_pipeline.py:1603; veilbreakers_terrain/handlers/lod_pipeline.py:1603; veilbreakers_terrain/providers/external_asset_provider.py:182; veilbreakers_terrain/providers/meshy_provider.py:272,veilbreakers_terrain/tests/test_external_asset_provider.py:88; veilbreakers_terrain/tests/test_external_asset_provider.py:105; veilbreakers_terrain/tests/test_external_asset_provider.py:112; veilbreakers_terrain/tests/test_lod_material_live_readiness.py:136,helper_reachable
lod_pipeline.py,SceneBudgetValidator.validate_all_scopes,validate_all_scopes,1590,method,SceneBudgetValidator,1,yes,no,A,,none,0,0,0,0,2,2,,veilbreakers_terrain/tests/test_lod_material_live_readiness.py:144; veilbreakers_terrain/tests/test_lod_material_live_readiness.py:214,direct_test_covered
lod_pipeline.py,handle_generate_lods,handle_generate_lods,1613,function,,2,yes,yes,B+,B+|2026-04-20: verified runtime handler by current tests -> LOD generation bridge remains callable,command_handler,0,0,0,0,1,1,,veilbreakers_terrain/tests/test_lod_material_live_readiness.py:319,runtime_primary
lod_pipeline.py,_make_billboard_lod_spec,_make_billboard_lod_spec,1757,function,,2,yes,yes,A-,A-|2026-04-24: evidence-backed LOD helper -> direct runtime tests covered,none,1,0,0,1,0,0,veilbreakers_terrain/handlers/lod_pipeline.py:1912; lod_pipeline.py:1912,veilbreakers_terrain/tests/test_lod_material_live_readiness.py:117,helper_reachable
lod_pipeline.py,_setup_billboard_lod,_setup_billboard_lod,1847,function,,2,yes,yes,A,A|2026-04-23 Phase-D: R9 note documents canonical upgrade from lower grade; grade jump D+/A- -> A (R9 is authoritative post-upgrade assessment with citation); A-|2026-04-19: upgraded D+ -> 8-azimuth+1 top-down 9 captures four-tier distance thresholds lod_camera_facing=1,none,2,0,0,0,0,0,veilbreakers_terrain/handlers/environment_scatter.py:3406; veilbreakers_terrain/handlers/vegetation_system.py:1443; environment_scatter.py:3406; vegetation_system.py:1443,,helper_reachable
mesh.py,_dist3d_sq,_dist3d_sq,23,function,,2,yes,no,B,,none,0,0,0,1,0,0,,veilbreakers_terrain/tests/test_callable_orphan_contracts.py:220,direct_test_covered
mesh.py,_dot3,_dot3,27,function,,2,yes,no,B,,none,1,0,0,0,0,0,veilbreakers_terrain/handlers/_mesh_bridge.py:913,,helper_reachable
mesh.py,_sub3,_sub3,31,function,,2,yes,no,B,,none,0,0,0,1,0,0,,veilbreakers_terrain/tests/test_callable_orphan_contracts.py:221,direct_test_covered
mesh.py,_normalize3,_normalize3,35,function,,2,yes,no,B,,none,0,0,0,2,0,0,,veilbreakers_terrain/tests/test_callable_orphan_contracts.py:222; veilbreakers_terrain/tests/test_callable_orphan_contracts.py:223,direct_test_covered
mesh.py,_select_by_box,_select_by_box,47,function,,2,yes,yes,A,A|2026-04-19: upgraded D -> vectorized AABB margin param return_mask support empty array safe,none,0,1,1,7,0,0,__init__.py:388; veilbreakers_terrain/handlers/__init__.py:388,veilbreakers_terrain/tests/test_precision_mesh_editing.py:25; veilbreakers_terrain/tests/test_precision_mesh_editing.py:32; veilbreakers_terrain/tests/test_precision_mesh_editing.py:39; veilbreakers_terrain/tests/test_precision_mesh_editing.py:47,helper_reachable
mesh.py,_select_by_sphere,_select_by_sphere,91,function,,2,yes,yes,A,A|2026-04-19: upgraded D -> squared-distance np.einsum no sqrt return_mask support,none,0,1,1,7,0,0,__init__.py:395; veilbreakers_terrain/handlers/__init__.py:395,veilbreakers_terrain/tests/test_precision_mesh_editing.py:79; veilbreakers_terrain/tests/test_precision_mesh_editing.py:86; veilbreakers_terrain/tests/test_precision_mesh_editing.py:94; veilbreakers_terrain/tests/test_precision_mesh_editing.py:102,helper_reachable
mesh.py,_select_by_plane,_select_by_plane,129,function,,2,yes,yes,A,A|2026-04-19: upgraded D -> signed-distance above/below tolerance param zero normal safe,none,0,1,1,6,0,0,__init__.py:402; veilbreakers_terrain/handlers/__init__.py:402,veilbreakers_terrain/tests/test_precision_mesh_editing.py:135; veilbreakers_terrain/tests/test_precision_mesh_editing.py:145; veilbreakers_terrain/tests/test_precision_mesh_editing.py:153; veilbreakers_terrain/tests/test_precision_mesh_editing.py:162,helper_reachable
mesh.py,_parse_selection_criteria,_parse_selection_criteria,233,function,,2,yes,yes,A,A|2026-04-19: upgraded F -> dict/list-of-dicts/string/None input _CRITERIA_DEFAULTS per-key type+range validation,none,0,1,1,4,0,0,__init__.py:410; veilbreakers_terrain/handlers/__init__.py:410,veilbreakers_terrain/tests/test_precision_mesh_editing.py:192; veilbreakers_terrain/tests/test_precision_mesh_editing.py:199; veilbreakers_terrain/tests/test_precision_mesh_editing.py:206; veilbreakers_terrain/tests/test_precision_mesh_editing.py:212,helper_reachable
mesh.py,_validate_edit_operation,_validate_edit_operation,451,function,,2,yes,yes,A,A|2026-04-19: upgraded C -> optional params dict _EDIT_OPERATION_SCHEMA type+range guards per operation,none,0,0,0,10,0,0,,veilbreakers_terrain/tests/test_precision_mesh_editing.py:231; veilbreakers_terrain/tests/test_precision_mesh_editing.py:236; veilbreakers_terrain/tests/test_precision_mesh_editing.py:241; veilbreakers_terrain/tests/test_precision_mesh_editing.py:246,direct_test_covered
mesh_smoothing.py,_build_adjacency,_build_adjacency,36,function,,2,yes,yes,A,A|2026-04-23 Phase-D: R9 note describes canonical AAA behavior (citation or verified runtime contract); grade A- -> A (no code change required); A-|2026-04-23: verified adjacency builder -> deterministic vertex-neighbour graph from link edges and faces,none,2,0,0,1,0,0,veilbreakers_terrain/handlers/mesh_smoothing.py:365; veilbreakers_terrain/handlers/terrain_sculpt.py:1149; mesh_smoothing.py:365,veilbreakers_terrain/tests/test_mesh_smoothing_helpers.py:77,helper_reachable
mesh_smoothing.py,_build_laplacian,_build_laplacian,52,function,,2,yes,yes,A,A|2026-04-24: evidence-backed mesh smoothing helper -> direct behavior tests in test_mesh_smoothing_helpers.py,none,1,0,0,2,0,0,veilbreakers_terrain/handlers/mesh_smoothing.py:366; mesh_smoothing.py:366,veilbreakers_terrain/tests/test_mesh_smoothing_helpers.py:47; veilbreakers_terrain/tests/test_mesh_smoothing_helpers.py:136,helper_reachable
mesh_smoothing.py,_cotangent,_cotangent,82,function,,2,yes,no,B,,none,3,0,0,0,0,0,veilbreakers_terrain/handlers/mesh_smoothing.py:119; veilbreakers_terrain/handlers/mesh_smoothing.py:120; veilbreakers_terrain/handlers/mesh_smoothing.py:121; mesh_smoothing.py:119,,helper_reachable
mesh_smoothing.py,_iter_triangles,_iter_triangles,89,function,,2,yes,no,B,,none,1,0,0,0,0,0,veilbreakers_terrain/handlers/mesh_smoothing.py:117; mesh_smoothing.py:117,,helper_reachable
mesh_smoothing.py,_build_cotangent_laplacian,_build_cotangent_laplacian,96,function,,2,yes,no,B+,,none,1,0,0,1,0,0,veilbreakers_terrain/handlers/mesh_smoothing.py:366; mesh_smoothing.py:366,veilbreakers_terrain/tests/test_mesh_smoothing_helpers.py:77,helper_reachable
mesh_smoothing.py,_compute_face_normal,_compute_face_normal,159,function,,2,yes,yes,A,A|2026-04-24: evidence-backed mesh smoothing helper -> direct behavior tests in test_mesh_smoothing_helpers.py,none,1,0,0,2,0,0,veilbreakers_terrain/handlers/mesh_smoothing.py:210; mesh_smoothing.py:210,veilbreakers_terrain/tests/test_mesh_smoothing_helpers.py:89; veilbreakers_terrain/tests/test_mesh_smoothing_helpers.py:96,helper_reachable
mesh_smoothing.py,_build_sharp_vertex_mask,_build_sharp_vertex_mask,172,function,,2,yes,yes,A,A|2026-04-23 Phase-D: R9 note describes canonical AAA behavior (citation or verified runtime contract); grade A- -> A (no code change required); A-|2026-04-24: evidence-backed mesh smoothing helper -> direct behavior tests in test_mesh_smoothing_helpers.py,none,1,0,0,1,0,0,veilbreakers_terrain/handlers/mesh_smoothing.py:375; mesh_smoothing.py:375,veilbreakers_terrain/tests/test_mesh_smoothing_helpers.py:124,helper_reachable
mesh_smoothing.py,_build_boundary_vertex_mask,_build_boundary_vertex_mask,247,function,,2,yes,yes,A,A|2026-04-24: evidence-backed mesh smoothing helper -> direct behavior tests in test_mesh_smoothing_helpers.py,none,1,0,0,1,0,0,veilbreakers_terrain/handlers/mesh_smoothing.py:386; mesh_smoothing.py:386,veilbreakers_terrain/tests/test_mesh_smoothing_helpers.py:111,helper_reachable
mesh_smoothing.py,_laplacian_pass,_laplacian_pass,273,function,,2,yes,yes,A,A|2026-04-24: evidence-backed mesh smoothing helper -> direct behavior tests in test_mesh_smoothing_helpers.py,none,2,0,0,1,0,0,veilbreakers_terrain/handlers/mesh_smoothing.py:393; veilbreakers_terrain/handlers/mesh_smoothing.py:395; mesh_smoothing.py:393; mesh_smoothing.py:395,veilbreakers_terrain/tests/test_mesh_smoothing_helpers.py:146,helper_reachable
mesh_smoothing.py,smooth_assembled_mesh,smooth_assembled_mesh,294,function,,2,yes,yes,A,A|2026-04-19: upgraded D -> sparse Laplacian D^-1*A-I Taubin lambda/mu sharp edge dihedral angle test boundary pin,none,0,1,1,7,1,1,__init__.py:429; veilbreakers_terrain/handlers/__init__.py:429,veilbreakers_terrain/tests/test_performance_optimization.py:200; veilbreakers_terrain/tests/test_performance_optimization.py:208; veilbreakers_terrain/tests/test_performance_optimization.py:221; veilbreakers_terrain/tests/test_performance_optimization.py:235,helper_reachable
procedural_grass.py,_distance_transform_edt,_distance_transform_edt,49,function,,2,yes,no,B-,,none,4,0,0,0,0,0,veilbreakers_terrain/handlers/_water_network_ext.py:670; veilbreakers_terrain/handlers/procedural_grass.py:370; veilbreakers_terrain/handlers/procedural_grass.py:376; veilbreakers_terrain/handlers/procedural_grass.py:383,,helper_reachable
procedural_grass.py,GrassSpecies.matches_biome,matches_biome,131,method,GrassSpecies,1,yes,no,B-,,none,0,0,0,0,3,3,,veilbreakers_terrain/tests/test_procedural_grass.py:71; veilbreakers_terrain/tests/test_procedural_grass.py:76; veilbreakers_terrain/tests/test_procedural_grass.py:77,direct_test_covered
procedural_grass.py,_normalise_array,_normalise_array,229,function,,2,yes,no,B-,,none,2,0,0,3,0,0,veilbreakers_terrain/handlers/procedural_grass.py:390; veilbreakers_terrain/handlers/procedural_grass.py:500; procedural_grass.py:390; procedural_grass.py:500,veilbreakers_terrain/tests/test_procedural_grass.py:81; veilbreakers_terrain/tests/test_procedural_grass.py:83; veilbreakers_terrain/tests/test_procedural_grass.py:87,helper_reachable
procedural_grass.py,_stack_attr,_stack_attr,240,function,,2,yes,no,B-,,none,21,0,0,3,0,0,veilbreakers_terrain/handlers/procedural_grass.py:317; veilbreakers_terrain/handlers/procedural_grass.py:329; veilbreakers_terrain/handlers/procedural_grass.py:334; veilbreakers_terrain/handlers/procedural_grass.py:339,veilbreakers_terrain/tests/test_procedural_grass.py:95; veilbreakers_terrain/tests/test_procedural_grass.py:96; veilbreakers_terrain/tests/test_procedural_grass.py:97,helper_reachable
procedural_grass.py,_biome_id_to_name,_biome_id_to_name,246,function,,2,yes,no,B-,,none,1,0,0,2,0,0,veilbreakers_terrain/handlers/procedural_grass.py:548; procedural_grass.py:548,veilbreakers_terrain/tests/test_procedural_grass.py:98; veilbreakers_terrain/tests/test_procedural_grass.py:99,helper_reachable
procedural_grass.py,ProceduralGrassSystem._eligibility_mask,_eligibility_mask,307,method,ProceduralGrassSystem,1,yes,no,B-,,none,0,1,1,0,1,1,procedural_grass.py:504; veilbreakers_terrain/handlers/procedural_grass.py:504,veilbreakers_terrain/tests/test_procedural_grass.py:124,helper_reachable
procedural_grass.py,ProceduralGrassSystem._sample_positions,_sample_positions,412,method,ProceduralGrassSystem,1,yes,no,B-,,none,0,1,1,0,2,2,procedural_grass.py:512; veilbreakers_terrain/handlers/procedural_grass.py:512,veilbreakers_terrain/tests/test_procedural_grass.py:149; veilbreakers_terrain/tests/test_procedural_grass.py:153,helper_reachable
procedural_grass.py,ProceduralGrassSystem._poisson_thin,_poisson_thin,447,method,ProceduralGrassSystem,1,yes,no,B-,,none,0,1,1,0,2,2,procedural_grass.py:513; veilbreakers_terrain/handlers/procedural_grass.py:513,veilbreakers_terrain/tests/test_procedural_grass.py:159; veilbreakers_terrain/tests/test_procedural_grass.py:163,helper_reachable
procedural_grass.py,ProceduralGrassSystem.generate_grass_placement,generate_grass_placement,464,method,ProceduralGrassSystem,1,yes,no,B-,,none,0,1,1,0,9,9,procedural_grass.py:804; veilbreakers_terrain/handlers/procedural_grass.py:804,veilbreakers_terrain/tests/test_procedural_grass.py:178; veilbreakers_terrain/tests/test_procedural_grass.py:191; veilbreakers_terrain/tests/test_procedural_grass.py:205; veilbreakers_terrain/tests/test_procedural_grass.py:219,helper_reachable
procedural_grass.py,ProceduralGrassSystem.generate_ground_cover_geometry_nodes_script,generate_ground_cover_geometry_nodes_script,566,method,ProceduralGrassSystem,1,yes,no,B-,,none,0,0,0,0,1,1,,veilbreakers_terrain/tests/test_procedural_grass.py:445,direct_test_covered
procedural_grass.py,ProceduralGrassSystem.write_grass_manifest,write_grass_manifest,644,method,ProceduralGrassSystem,1,yes,no,B-,,none,0,0,0,0,1,1,,veilbreakers_terrain/tests/test_procedural_grass.py:350,direct_test_covered
procedural_grass.py,ProceduralGrassSystem._empty_manifest,_empty_manifest,731,method,ProceduralGrassSystem,1,yes,no,B-,,none,0,1,1,0,1,1,procedural_grass.py:668; veilbreakers_terrain/handlers/procedural_grass.py:668,veilbreakers_terrain/tests/test_procedural_grass.py:373,helper_reachable
procedural_grass.py,_density_maps_from_records,_density_maps_from_records,765,function,,2,yes,no,B,,none,1,0,0,1,0,0,veilbreakers_terrain/handlers/procedural_grass.py:813; procedural_grass.py:813,veilbreakers_terrain/tests/test_procedural_grass.py:426,helper_reachable
procedural_grass.py,pass_procedural_grass,pass_procedural_grass,791,function,,2,yes,no,B+,,"master_bundle_pass,module_registrar",0,0,0,1,0,0,veilbreakers_terrain/handlers/procedural_grass.py:852,veilbreakers_terrain/tests/test_procedural_grass.py:281,runtime_primary
procedural_grass.py,register_procedural_grass_pass,register_procedural_grass_pass,844,function,,2,yes,no,B,,master_bundle_registrar,0,0,0,1,0,0,,veilbreakers_terrain/tests/test_procedural_grass.py:294,runtime_primary
procedural_materials.py,validate_dark_fantasy_color,validate_dark_fantasy_color,61,function,,2,yes,yes,A,A|2026-04-19: confirmed A -> VeilBreakers palette validation desaturated stone dark water rust/ochre,none,1,0,0,1,0,0,veilbreakers_terrain/handlers/procedural_materials.py:1115; procedural_materials.py:1115,veilbreakers_terrain/tests/test_lod_material_live_readiness.py:365,helper_reachable
procedural_materials.py,_place,_place,953,function,,2,yes,no,A,,none,1,0,0,0,0,0,veilbreakers_terrain/handlers/procedural_materials.py:962; procedural_materials.py:962,,helper_reachable
procedural_materials.py,_add_node,_add_node,958,function,,2,yes,no,A,,none,113,0,0,0,0,0,veilbreakers_terrain/handlers/procedural_materials.py:1031; veilbreakers_terrain/handlers/procedural_materials.py:1037; veilbreakers_terrain/handlers/procedural_materials.py:1045; veilbreakers_terrain/handlers/procedural_materials.py:1050,,helper_reachable
procedural_materials.py,_get_bsdf_input,_get_bsdf_input,983,function,,2,yes,no,A,,none,16,0,0,0,0,0,veilbreakers_terrain/handlers/procedural_materials.py:1180; veilbreakers_terrain/handlers/procedural_materials.py:1309; veilbreakers_terrain/handlers/procedural_materials.py:1421; veilbreakers_terrain/handlers/procedural_materials.py:1428,,helper_reachable
procedural_materials.py,_build_normal_chain,_build_normal_chain,1001,function,,2,yes,yes,A,A|2026-04-19: confirmed A -> normal chain building correct,none,6,0,0,0,1,1,veilbreakers_terrain/handlers/procedural_materials.py:1275; veilbreakers_terrain/handlers/procedural_materials.py:1376; veilbreakers_terrain/handlers/procedural_materials.py:1469; veilbreakers_terrain/handlers/procedural_materials.py:1611,veilbreakers_terrain/tests/test_procedural_material_builder_contracts.py:237,helper_reachable
procedural_materials.py,_make_channel_ext,_make_channel_ext,1083,function,,2,yes,yes,D+,D+,none,6,0,0,0,2,2,veilbreakers_terrain/handlers/procedural_materials.py:1279; veilbreakers_terrain/handlers/procedural_materials.py:1380; veilbreakers_terrain/handlers/procedural_materials.py:1480; veilbreakers_terrain/handlers/procedural_materials.py:1631,veilbreakers_terrain/tests/test_procedural_material_builder_contracts.py:203; veilbreakers_terrain/tests/test_procedural_material_builder_contracts.py:222,helper_reachable
procedural_materials.py,build_stone_material,build_stone_material,1141,function,,2,yes,yes,A,A|2026-04-19: confirmed A -> MaterialChannelExt full spec albedo_tint roughness metallic normal_strength triplanar tiling,none,0,0,0,0,0,0,veilbreakers_terrain/handlers/procedural_materials.py:1878,,helper_reachable
procedural_materials.py,build_wood_material,build_wood_material,1286,function,,2,yes,yes,A,A|2026-04-19: confirmed A -> MaterialChannelExt full spec,none,0,0,0,0,0,0,veilbreakers_terrain/handlers/procedural_materials.py:1879,,helper_reachable
procedural_materials.py,build_metal_material,build_metal_material,1387,function,,2,yes,yes,A,A|2026-04-19: upgraded C -> returns MaterialChannelExt triplanar=False full channel spec,none,0,0,0,0,1,1,veilbreakers_terrain/handlers/procedural_materials.py:1880,veilbreakers_terrain/tests/test_procedural_material_builder_contracts.py:163,helper_reachable
procedural_materials.py,build_organic_material,build_organic_material,1487,function,,2,yes,yes,A,A|2026-04-19: upgraded C -> returns MaterialChannelExt full channel spec,none,0,0,0,0,1,1,veilbreakers_terrain/handlers/procedural_materials.py:1881,veilbreakers_terrain/tests/test_procedural_material_builder_contracts.py:182,helper_reachable
procedural_materials.py,build_terrain_material,build_terrain_material,1638,function,,2,yes,yes,A,A|2026-04-19: upgraded C -> returns MaterialChannelExt full channel spec,none,0,0,0,0,1,1,veilbreakers_terrain/handlers/procedural_materials.py:1882,veilbreakers_terrain/tests/test_procedural_material_builder_contracts.py:173,helper_reachable
procedural_materials.py,build_fabric_material,build_fabric_material,1775,function,,2,yes,yes,A,A|2026-04-19: upgraded C -> returns MaterialChannelExt full channel spec,none,0,0,0,0,0,0,veilbreakers_terrain/handlers/procedural_materials.py:1883,,helper_reachable
procedural_materials.py,create_procedural_material,create_procedural_material,1891,function,,2,yes,no,C+,,none,4,0,0,0,1,1,veilbreakers_terrain/handlers/_mesh_bridge.py:1549; veilbreakers_terrain/handlers/environment.py:5459; veilbreakers_terrain/handlers/environment.py:5492; veilbreakers_terrain/handlers/procedural_materials.py:1997,veilbreakers_terrain/tests/test_procedural_material_builder_contracts.py:304,helper_reachable
procedural_materials.py,get_library_keys,get_library_keys,1947,function,,2,yes,no,A,,none,1,0,0,1,0,0,veilbreakers_terrain/handlers/procedural_materials.py:1979; procedural_materials.py:1979,veilbreakers_terrain/tests/test_lod_material_live_readiness.py:342,helper_reachable
procedural_materials.py,get_library_info,get_library_info,1952,function,,2,yes,no,A,,none,0,0,0,1,0,0,,veilbreakers_terrain/tests/test_lod_material_live_readiness.py:361,direct_test_covered
procedural_materials.py,handle_create_procedural_material,handle_create_procedural_material,1966,function,,2,yes,yes,B+,B+|2026-04-20: verified runtime handler by current tests -> procedural material handler remains wired,command_handler,0,0,0,1,0,0,,veilbreakers_terrain/tests/test_lod_material_live_readiness.py:368; veilbreakers_terrain/tests/test_lod_material_live_readiness.py:341,runtime_primary
road_network.py,_build_24_directions,_build_24_directions,62,function,,2,yes,yes,A,A|2026-04-23: verified 24-direction routing kernel -> cardinal/diagonal/knight move set is deterministic and cost-annotated for the road A* solver,none,1,0,0,0,0,0,veilbreakers_terrain/handlers/road_network.py:83; road_network.py:83,,helper_reachable
road_network.py,_dist3,_dist3,91,function,,2,yes,yes,A,A|2026-04-23: verified 3D distance helper -> direct Euclidean metric over waypoint tuples,none,6,0,0,0,0,0,veilbreakers_terrain/handlers/light_integration.py:516; veilbreakers_terrain/handlers/road_network.py:386; veilbreakers_terrain/handlers/road_network.py:699; veilbreakers_terrain/handlers/road_network.py:707,,helper_reachable
road_network.py,_dist2,_dist2,96,function,,2,yes,yes,A,A|2026-04-23: verified planar distance helper -> direct XY Euclidean metric over waypoint tuples,none,3,0,0,0,0,0,veilbreakers_terrain/handlers/road_network.py:107; veilbreakers_terrain/handlers/road_network.py:597; veilbreakers_terrain/handlers/road_network.py:1271; road_network.py:107,,helper_reachable
road_network.py,_slope_penalty,_slope_penalty,101,function,,2,yes,yes,A,A|2026-04-23 Phase-D: R9 note describes canonical AAA behavior (citation or verified runtime contract); grade A- -> A (no code change required); A-|2026-04-23: verified slope-aware edge cost helper -> distance-scaled sin^2 slope penalty behaves correctly for flat and zero-horizontal edges,none,2,0,0,0,0,0,veilbreakers_terrain/handlers/road_network.py:442; veilbreakers_terrain/handlers/road_network.py:448; road_network.py:442; road_network.py:448,,helper_reachable
road_network.py,_astar_24dir,_astar_24dir,123,function,,2,yes,yes,A,A|2026-04-23 Phase-D: R9 note describes canonical AAA behavior (citation or verified runtime contract); grade A- -> A (no code change required); A-|2026-04-23: verified world-space 24-direction road router -> terrain-bounded A* applies grade turn and cross-slope penalties with deterministic path reconstruction,none,2,0,0,0,0,0,veilbreakers_terrain/handlers/road_network.py:1509; veilbreakers_terrain/handlers/terrain_twelve_step.py:838; road_network.py:1509; terrain_twelve_step.py:838,,helper_reachable
road_network.py,_simplify_path_rdp,_simplify_path_rdp,333,function,,2,yes,yes,A-,A-|2026-04-24: evidence-backed routing/light/determinism helper -> direct runtime tests covered,none,3,0,0,1,0,0,veilbreakers_terrain/handlers/road_network.py:369; veilbreakers_terrain/handlers/road_network.py:370; veilbreakers_terrain/handlers/road_network.py:1521; road_network.py:369,veilbreakers_terrain/tests/test_routing_light_determinism_helpers.py:46,helper_reachable
road_network.py,_subdivide_long_segments,_subdivide_long_segments,376,function,,2,yes,no,B-,,none,1,0,0,0,0,0,veilbreakers_terrain/handlers/road_network.py:1523; road_network.py:1523,,helper_reachable
road_network.py,compute_mst_edges,compute_mst_edges,405,function,,2,yes,yes,A,A|2026-04-19: upgraded D -> QhullError fallback slope-penalized weights sqrt(h^2+dz^2)*(1+4*sin^2(slope)) Delaunay+MST,none,1,0,0,6,0,0,veilbreakers_terrain/handlers/road_network.py:1464; road_network.py:1464,veilbreakers_terrain/tests/test_road_coastline_terrain_features.py:31; veilbreakers_terrain/tests/test_road_coastline_terrain_features.py:41; veilbreakers_terrain/tests/test_road_coastline_terrain_features.py:47; veilbreakers_terrain/tests/test_road_coastline_terrain_features.py:53,helper_reachable
road_network.py,_classify_road_type,_classify_road_type,501,function,,2,yes,yes,B+,B+|2026-04-19: upgraded C -> clean 3-tier main/path/trail backward-compat extended 5-tier in _classify_road_type_extended,none,1,0,0,4,0,0,veilbreakers_terrain/handlers/road_network.py:1495; road_network.py:1495,veilbreakers_terrain/tests/test_road_coastline_terrain_features.py:80; veilbreakers_terrain/tests/test_road_coastline_terrain_features.py:85; veilbreakers_terrain/tests/test_road_coastline_terrain_features.py:90; veilbreakers_terrain/tests/test_road_coastline_terrain_features.py:95,helper_reachable
road_network.py,_classify_road_type_extended,_classify_road_type_extended,513,function,,2,yes,yes,A-,A-|2026-04-24: evidence-backed routing/light/determinism helper -> direct runtime tests covered,none,1,0,0,2,0,0,veilbreakers_terrain/handlers/road_network.py:1496; road_network.py:1496,veilbreakers_terrain/tests/test_routing_light_determinism_helpers.py:52; veilbreakers_terrain/tests/test_routing_light_determinism_helpers.py:53,helper_reachable
road_network.py,_compute_slope_degrees,_compute_slope_degrees,551,function,,2,yes,yes,A,A|2026-04-24: evidence-backed routing/light/determinism helper -> direct runtime tests covered,none,2,0,0,5,0,0,veilbreakers_terrain/handlers/road_network.py:590; veilbreakers_terrain/handlers/road_network.py:1490; road_network.py:590; road_network.py:1490,veilbreakers_terrain/tests/test_road_coastline_terrain_features.py:104; veilbreakers_terrain/tests/test_road_coastline_terrain_features.py:109; veilbreakers_terrain/tests/test_road_coastline_terrain_features.py:115; veilbreakers_terrain/tests/test_road_coastline_terrain_features.py:121,helper_reachable
road_network.py,_generate_switchback_points,_generate_switchback_points,578,function,,2,yes,yes,A,A|2026-04-19: upgraded D -> lateral offset dz/num_legs/sin(max_slope) AASHTO 24m min turning radius switchback at 15deg,none,1,0,0,5,0,0,veilbreakers_terrain/handlers/road_network.py:1533; road_network.py:1533; veilbreakers_terrain/handlers/road_network.py:1772,veilbreakers_terrain/tests/test_road_coastline_terrain_features.py:131; veilbreakers_terrain/tests/test_road_coastline_terrain_features.py:137; veilbreakers_terrain/tests/test_road_coastline_terrain_features.py:145; veilbreakers_terrain/tests/test_road_coastline_terrain_features.py:152,helper_reachable
road_network.py,_compute_worn_path_spec,_compute_worn_path_spec,661,function,,2,yes,yes,A-,A-|2026-04-24: evidence-backed routing/light/determinism helper -> direct runtime tests covered,none,1,0,0,1,0,0,veilbreakers_terrain/handlers/road_network.py:1561; road_network.py:1561; veilbreakers_terrain/handlers/road_network.py:1773,veilbreakers_terrain/tests/test_routing_light_determinism_helpers.py:47,helper_reachable
road_network.py,_closest_point_on_segment,_closest_point_on_segment,736,function,,2,yes,yes,A,A|2026-04-24: evidence-backed routing/light/determinism helper -> direct runtime tests covered,none,1,0,0,1,0,0,veilbreakers_terrain/handlers/road_network.py:764; road_network.py:764,veilbreakers_terrain/tests/test_routing_light_determinism_helpers.py:57,helper_reachable
road_network.py,_segments_near,_segments_near,749,function,,2,yes,yes,A-,A-|2026-04-24: evidence-backed routing/light/determinism helper -> direct runtime tests covered,none,0,0,0,4,0,0,,veilbreakers_terrain/tests/test_road_coastline_terrain_features.py:165; veilbreakers_terrain/tests/test_road_coastline_terrain_features.py:175; veilbreakers_terrain/tests/test_road_coastline_terrain_features.py:183; veilbreakers_terrain/tests/test_routing_light_determinism_helpers.py:58,direct_test_covered
road_network.py,_classify_intersection,_classify_intersection,780,function,,2,yes,yes,A,A|2026-04-19: upgraded D -> angular gap T/cross/Y/merge road_priorities param main-road-wins,none,0,0,0,2,0,0,,veilbreakers_terrain/tests/test_road_coastline_terrain_features.py:195; veilbreakers_terrain/tests/test_road_coastline_terrain_features.py:208,direct_test_covered
road_network.py,_sample_heightmap_bilinear,_sample_heightmap_bilinear,839,function,,2,yes,yes,A,A|2026-04-23 Phase-D: R9 note describes canonical AAA behavior (citation or verified runtime contract); grade A- -> A (no code change required); A-|2026-04-22: upgraded terrain sampler -> bilinear bridge/road elevation queries now handle single-row and single-column heightmaps instead of failing on degenerate bounds,none,6,0,0,2,0,0,veilbreakers_terrain/handlers/road_network.py:892; veilbreakers_terrain/handlers/road_network.py:926; veilbreakers_terrain/handlers/road_network.py:930; veilbreakers_terrain/handlers/road_network.py:937,veilbreakers_terrain/tests/test_road_coastline_terrain_features.py:435; veilbreakers_terrain/tests/test_road_coastline_terrain_features.py:436,helper_reachable
road_network.py,_sample_heightmap,_sample_heightmap,890,function,,2,yes,yes,A,A|2026-04-23 Phase-D: R9 note describes canonical AAA behavior (citation or verified runtime contract); grade A- -> A (no code change required); A-|2026-04-23: verified scalar terrain sampler -> explicit clamp to grid extents delegates to the bilinear sampler for road and bridge elevation queries,none,0,0,0,2,0,0,,veilbreakers_terrain/tests/test_callable_orphan_contracts.py:226; veilbreakers_terrain/tests/test_callable_orphan_contracts.py:227,direct_test_covered
road_network.py,_detect_bridges,_detect_bridges,899,function,,2,yes,yes,A,"A|2026-04-19: upgraded D -> two-condition detection bilinear heightmap 32 samples deck raised max(road,water+0.5m)",none,1,0,0,6,0,0,veilbreakers_terrain/handlers/road_network.py:1583; road_network.py:1583; veilbreakers_terrain/handlers/road_network.py:1771,veilbreakers_terrain/tests/test_road_coastline_terrain_features.py:219; veilbreakers_terrain/tests/test_road_coastline_terrain_features.py:227; veilbreakers_terrain/tests/test_road_coastline_terrain_features.py:235; veilbreakers_terrain/tests/test_road_coastline_terrain_features.py:248,helper_reachable
road_network.py,_road_cross_section_z,_road_cross_section_z,1008,function,,2,yes,yes,A,A|2026-04-23 Phase-D: R9 note describes canonical AAA behavior (citation or verified runtime contract); grade A- -> A (no code change required); A-|2026-04-22: upgraded road crossfall profile -> crown now respects requested lane width and shoulders taper below edge grade for more believable drainage and terrain blend,none,1,0,0,4,0,0,veilbreakers_terrain/handlers/road_network.py:1085; road_network.py:1085,veilbreakers_terrain/tests/test_road_coastline_terrain_features.py:391; veilbreakers_terrain/tests/test_road_coastline_terrain_features.py:392; veilbreakers_terrain/tests/test_road_coastline_terrain_features.py:393; veilbreakers_terrain/tests/test_road_coastline_terrain_features.py:394,helper_reachable
road_network.py,_road_segment_mesh_spec,_road_segment_mesh_spec,1035,function,,8,yes,yes,A,A|2026-04-19: upgraded D -> 7 verts per ring parabolic crown 5 quads cross_section metadata dict,none,2,0,0,4,0,0,veilbreakers_terrain/handlers/road_network.py:1154; veilbreakers_terrain/handlers/road_network.py:1566; road_network.py:1154; road_network.py:1566,veilbreakers_terrain/tests/test_road_coastline_terrain_features.py:399; veilbreakers_terrain/tests/test_road_coastline_terrain_features.py:408; veilbreakers_terrain/tests/test_road_coastline_terrain_features.py:414; veilbreakers_terrain/tests/test_road_coastline_terrain_features.py:424,helper_reachable
road_network.py,_catmull_rom_tangent,_catmull_rom_tangent,1127,function,,2,yes,no,B-,,none,2,0,0,0,0,0,veilbreakers_terrain/handlers/road_network.py:1174; veilbreakers_terrain/handlers/road_network.py:1175; road_network.py:1174; road_network.py:1175,,helper_reachable
road_network.py,_bridge_mesh_spec,_bridge_mesh_spec,1145,function,,2,yes,yes,A,"A|2026-04-23 Phase-D: R9 note describes canonical AAA behavior (citation or verified runtime contract); grade A- -> A (no code change required); A-|2026-04-22: upgraded bridge deck generator -> bridges now inherit the crowned road profile, expose deck cross-section metadata, and publish support points for downstream pillar placement",none,1,0,0,1,0,0,veilbreakers_terrain/handlers/road_network.py:1591; road_network.py:1591,veilbreakers_terrain/tests/test_road_coastline_terrain_features.py:446,helper_reachable
road_network.py,_segment_type_for_road_tier,_segment_type_for_road_tier,1198,function,,2,yes,yes,D+,D+,none,1,0,0,0,0,0,veilbreakers_terrain/handlers/road_network.py:1231; road_network.py:1231,,helper_reachable
road_network.py,_path_network_contract_for_result,_path_network_contract_for_result,1204,function,,2,yes,yes,D+,D+,none,3,0,0,0,0,0,veilbreakers_terrain/handlers/road_network.py:1351; veilbreakers_terrain/handlers/road_network.py:1374; veilbreakers_terrain/handlers/road_network.py:1593; road_network.py:1351,,helper_reachable
road_network.py,compute_road_network,compute_road_network,1292,function,,2,yes,yes,A,A|2026-04-19: upgraded D+ -> slope-penalized MST switchbacks at 15deg 5-tier width selection full road spec,none,2,0,0,16,1,1,veilbreakers_terrain/handlers/environment.py:4518; veilbreakers_terrain/handlers/road_network.py:1652; environment.py:4518; road_network.py:1652,veilbreakers_terrain/tests/test_road_coastline_terrain_features.py:314; veilbreakers_terrain/tests/test_road_coastline_terrain_features.py:325; veilbreakers_terrain/tests/test_road_coastline_terrain_features.py:332; veilbreakers_terrain/tests/test_road_coastline_terrain_features.py:339,helper_reachable
road_network.py,handle_compute_road_network,handle_compute_road_network,1621,function,,2,yes,yes,A,A|2026-04-19: upgraded A- -> cost_map wired through handle->compute->_astar_24dir shape-validated added as per-step penalty,command_handler,0,0,0,0,0,0,,,runtime_primary
road_network.py,enforce_turn_radius,enforce_turn_radius,1673,function,,2,yes,no,B-,,none,1,0,0,0,0,0,veilbreakers_terrain/handlers/road_network.py:1522; road_network.py:1522,,helper_reachable
terrain_addon_health.py,_addon_init_path,_addon_init_path,32,function,,2,yes,no,B,,none,5,0,0,0,0,0,veilbreakers_terrain/handlers/terrain_addon_health.py:43; veilbreakers_terrain/handlers/terrain_addon_health.py:74; veilbreakers_terrain/handlers/terrain_addon_health.py:76; veilbreakers_terrain/handlers/terrain_addon_health.py:96,,helper_reachable
terrain_addon_health.py,_read_bl_info_version,_read_bl_info_version,37,function,,2,yes,no,B,,none,2,0,0,2,0,0,veilbreakers_terrain/handlers/terrain_addon_health.py:91; veilbreakers_terrain/handlers/terrain_addon_health.py:180; terrain_addon_health.py:91; terrain_addon_health.py:180,veilbreakers_terrain/tests/test_bundle_r.py:616; veilbreakers_terrain/tests/test_bundle_r.py:663,helper_reachable
terrain_addon_health.py,assert_addon_loaded,assert_addon_loaded,72,function,,2,yes,no,A-,,none,0,1,1,1,0,0,__init__.py:885; veilbreakers_terrain/handlers/__init__.py:885,veilbreakers_terrain/tests/test_bundle_r.py:598,helper_reachable
terrain_addon_health.py,assert_addon_version_matches,assert_addon_version_matches,80,function,,2,yes,no,A-,,none,1,1,1,2,0,0,veilbreakers_terrain/handlers/terrain_protocol.py:273; __init__.py:886; terrain_protocol.py:273; veilbreakers_terrain/handlers/__init__.py:886,veilbreakers_terrain/tests/test_bundle_r.py:606; veilbreakers_terrain/tests/test_bundle_r.py:619,helper_reachable
terrain_addon_health.py,assert_handlers_registered,assert_handlers_registered,107,function,,2,yes,no,B+,,none,0,0,0,3,0,0,,veilbreakers_terrain/tests/test_bundle_r.py:627; veilbreakers_terrain/tests/test_bundle_r.py:635; veilbreakers_terrain/tests/test_bundle_r.py:645,direct_test_covered
terrain_addon_health.py,_import_addon_package,_import_addon_package,118,function,,2,yes,yes,A-,A-|2026-04-24: evidence-backed addon import helper -> direct package import contract covered,none,2,0,0,1,0,0,veilbreakers_terrain/handlers/terrain_addon_health.py:163; veilbreakers_terrain/handlers/terrain_addon_health.py:238; terrain_addon_health.py:163; terrain_addon_health.py:238,veilbreakers_terrain/tests/test_live_tooling_runtime_helpers.py:22,helper_reachable
terrain_addon_health.py,detect_stale_addon,detect_stale_addon,138,function,,2,yes,yes,A,A|2026-04-23 Phase-D: R9 note documents canonical upgrade from lower grade; grade jump C-/A- -> A (R9 is authoritative post-upgrade assessment with citation); A-|2026-04-20: broken relative-import gymnastics replaced with importlib.import_module; unreliable Windows mtime check removed; content hash is now sole primary signal,none,0,2,2,1,0,0,__init__.py:897; __init__.py:902; veilbreakers_terrain/handlers/__init__.py:897; veilbreakers_terrain/handlers/__init__.py:902,veilbreakers_terrain/tests/test_bundle_r.py:651,helper_reachable
terrain_addon_health.py,_is_live_blender,_is_live_blender,190,function,,2,yes,no,C+,,none,1,0,0,0,0,0,veilbreakers_terrain/handlers/terrain_addon_health.py:234; terrain_addon_health.py:234,,helper_reachable
terrain_addon_health.py,force_addon_reload,force_addon_reload,211,function,,2,yes,yes,A,A|2026-04-23 Phase-D: R9 note documents canonical upgrade from lower grade; grade jump C/A- -> A (R9 is authoritative post-upgrade assessment with citation); A-|2026-04-20: broken from..import __init__ replaced with _import_addon_package(); pkg_name derived from live module __name__; logic otherwise preserved,none,0,1,1,1,0,0,__init__.py:905; veilbreakers_terrain/handlers/__init__.py:905,veilbreakers_terrain/tests/test_bundle_r.py:657,helper_reachable
terrain_advanced.py,_rng_from_seed,_rng_from_seed,35,function,,2,yes,no,B+,,none,15,0,0,2,0,0,veilbreakers_terrain/handlers/_biome_grammar.py:603; veilbreakers_terrain/handlers/_biome_grammar.py:740; veilbreakers_terrain/handlers/_biome_grammar.py:875; veilbreakers_terrain/handlers/_biome_grammar.py:992,veilbreakers_terrain/tests/test_terrain_composition.py:356; veilbreakers_terrain/tests/test_terrain_composition.py:357,helper_reachable
terrain_advanced.py,_detect_grid_dims,_detect_grid_dims,43,function,,2,yes,no,B,,none,8,0,0,0,0,0,veilbreakers_terrain/handlers/environment.py:4029; veilbreakers_terrain/handlers/environment.py:5929; veilbreakers_terrain/handlers/environment.py:6099; veilbreakers_terrain/handlers/environment.py:7951,,helper_reachable
terrain_advanced.py,_cubic_bezier_point,_cubic_bezier_point,69,function,,2,yes,no,A,,none,2,0,0,0,0,0,veilbreakers_terrain/handlers/terrain_advanced.py:199; veilbreakers_terrain/handlers/terrain_advanced.py:211; terrain_advanced.py:199; terrain_advanced.py:211,,helper_reachable
terrain_advanced.py,_auto_control_points,_auto_control_points,93,function,,2,yes,no,A-,,none,1,0,0,0,0,0,veilbreakers_terrain/handlers/terrain_advanced.py:189; terrain_advanced.py:189,,helper_reachable
terrain_advanced.py,evaluate_spline,evaluate_spline,151,function,,2,yes,yes,A,"A|2026-04-23 Phase-D: R9 note cites canonical upgrade (scipy EDT, Wang hash, SpeedTree wind VC, arc-length reparameterization, Ikeda 1989 bank asymmetry, Mason 1985 pool verification, etc.); grade B+/A- -> A (no code change required); A-|2026-04-20: arc-length reparameterization added (8x oversample -> cumulative arc-len table -> uniform resample); arc_length_reparameterize=False preserves legacy uniform-t behaviour; ensures even point spacing on tight curves for road/river corridor width consistency",none,0,0,0,6,0,0,,veilbreakers_terrain/tests/test_terrain_advanced.py:39; veilbreakers_terrain/tests/test_terrain_advanced.py:49; veilbreakers_terrain/tests/test_terrain_advanced.py:55; veilbreakers_terrain/tests/test_terrain_advanced.py:61,direct_test_covered
terrain_advanced.py,distance_point_to_polyline,distance_point_to_polyline,256,function,,2,yes,no,A-,,none,1,0,0,6,0,0,veilbreakers_terrain/handlers/terrain_advanced.py:500; terrain_advanced.py:500,veilbreakers_terrain/tests/test_terrain_advanced.py:83; veilbreakers_terrain/tests/test_terrain_advanced.py:90; veilbreakers_terrain/tests/test_terrain_advanced.py:96; veilbreakers_terrain/tests/test_terrain_advanced.py:102,helper_reachable
terrain_advanced.py,compute_falloff,compute_falloff,351,function,,2,yes,no,B+,,none,1,0,0,8,0,0,veilbreakers_terrain/handlers/terrain_advanced.py:510; terrain_advanced.py:510,veilbreakers_terrain/tests/test_terrain_advanced.py:198; veilbreakers_terrain/tests/test_terrain_advanced.py:202; veilbreakers_terrain/tests/test_terrain_advanced.py:206; veilbreakers_terrain/tests/test_terrain_advanced.py:210,helper_reachable
terrain_advanced.py,_catmull_rom_point,_catmull_rom_point,374,function,,2,yes,yes,A,A|2026-04-19: confirmed A -> correct CR basis coefficients tension=0.5 per-component clean,none,1,0,0,0,0,0,veilbreakers_terrain/handlers/terrain_advanced.py:420; terrain_advanced.py:420,,helper_reachable
terrain_advanced.py,_evaluate_catmull_rom_spline,_evaluate_catmull_rom_spline,396,function,,2,yes,yes,A,A|2026-04-23 Phase-D: R9 note describes canonical AAA behavior (citation or verified runtime contract); grade A- -> A (no code change required); A-|2026-04-19: confirmed A- -> ghost endpoints C1 continuity; uniform-t not arc-length minor gap,none,1,0,0,0,0,0,veilbreakers_terrain/handlers/terrain_advanced.py:485; terrain_advanced.py:485,,helper_reachable
terrain_advanced.py,compute_spline_deformation,compute_spline_deformation,424,function,,2,yes,yes,B+,B+|2026-04-19: upgraded B- -> Catmull-Rom ghost endpoints per-vertex closest-point projection carve/raise/flatten/smooth modes,none,1,0,0,6,0,0,veilbreakers_terrain/handlers/terrain_advanced.py:617; terrain_advanced.py:617,veilbreakers_terrain/tests/test_terrain_advanced.py:139; veilbreakers_terrain/tests/test_terrain_advanced.py:149; veilbreakers_terrain/tests/test_terrain_advanced.py:164; veilbreakers_terrain/tests/test_terrain_advanced.py:172,helper_reachable
terrain_advanced.py,handle_spline_deform,handle_spline_deform,547,function,,2,yes,yes,B+,B+|2026-04-19: upgraded B -> matrix_world.inverted() spline points avg_scale de-scaling width/depth,command_handler,0,0,0,0,0,0,,,runtime_primary
terrain_advanced.py,TerrainLayer.to_dict,to_dict,686,method,TerrainLayer,1,yes,yes,A,A|2026-04-23 Phase-D: R9 note documents canonical upgrade from lower grade; grade jump C/A- -> A (R9 is authoritative post-upgrade assessment with citation); A-|2026-04-19: upgraded C -> base64-encoded float64 explicit dtype/encoding/shape/schema_version C-contiguous guarantee,none,0,12,12,0,7,7,terrain_advanced.py:1204; veilbreakers_terrain/handlers/environment.py:5123; veilbreakers_terrain/handlers/environment_scatter.py:3530; veilbreakers_terrain/handlers/road_network.py:1284,veilbreakers_terrain/tests/test_remaining_callable_audit_guardrails.py:247; veilbreakers_terrain/tests/test_scatter_point_and_path_contracts.py:386; veilbreakers_terrain/tests/test_scatter_point_and_path_contracts.py:411; veilbreakers_terrain/tests/test_stochastic_shader_hex.py:376,helper_reachable
terrain_advanced.py,TerrainLayer.from_dict,from_dict,717,method,TerrainLayer,1,yes,yes,A,A|2026-04-23 Phase-D: R9 note documents canonical upgrade from lower grade; grade jump C+/A- -> A (R9 is authoritative post-upgrade assessment with citation); A-|2026-04-19: upgraded C+ -> full v3 base64/dtype round-trip schema versioning backward-compat v1/v2 shape validation blend_mode fallback,none,0,3,3,0,3,3,terrain_advanced.py:1183; veilbreakers_terrain/handlers/terrain_advanced.py:1183; veilbreakers_terrain/handlers/terrain_golden_snapshots.py:148; veilbreakers_terrain/handlers/terrain_telemetry_dashboard.py:109,veilbreakers_terrain/tests/test_terrain_advanced.py:252; veilbreakers_terrain/tests/test_terrain_deep_qa.py:843; veilbreakers_terrain/tests/test_water_network_upgrade.py:672,helper_reachable
terrain_advanced.py,apply_layer_operation,apply_layer_operation,837,function,,2,yes,yes,A,A|2026-04-23 Phase-D: R9 note documents canonical upgrade from lower grade; grade jump C+/A- -> A (R9 is authoritative post-upgrade assessment with citation); A-|2026-04-20: vectorized all brush ops (raise/lower/smooth/noise/stamp/multiply/screen) via numpy meshgrid weight array; scipy gaussian_filter smooth with pure-numpy 3x3 fallback; seeded np.RandomState noise; stamp blends instead of replaces; eliminates Python double-loop,none,1,0,0,6,0,0,veilbreakers_terrain/handlers/terrain_advanced.py:1260; terrain_advanced.py:1260,veilbreakers_terrain/tests/test_terrain_advanced.py:272; veilbreakers_terrain/tests/test_terrain_advanced.py:283; veilbreakers_terrain/tests/test_terrain_advanced.py:292; veilbreakers_terrain/tests/test_terrain_advanced.py:304,helper_reachable
terrain_advanced.py,flatten_layers,flatten_layers,1051,function,,2,yes,yes,B+,B+|2026-04-19: upgraded B -> bilinear interpolation resize eliminates nearest-neighbor stair-step aliasing,none,1,0,0,5,0,0,veilbreakers_terrain/handlers/terrain_advanced.py:1294; terrain_advanced.py:1294,veilbreakers_terrain/tests/test_terrain_advanced.py:340; veilbreakers_terrain/tests/test_terrain_advanced.py:348; veilbreakers_terrain/tests/test_terrain_advanced.py:358; veilbreakers_terrain/tests/test_terrain_advanced.py:364,helper_reachable
terrain_advanced.py,handle_terrain_layers,handle_terrain_layers,1125,function,,2,yes,yes,B+,B+|2026-04-20: version-counter dirty tracking added (_bump_version_and_serialize helper); modify_layer only serializes when affected>0; remove_layer skips serialize when nothing removed; list_layers returns stack_version for change detection without deserialization; eliminates redundant full-stack JSON round-trip per brush stroke,command_handler,0,0,0,0,0,0,,,runtime_primary
terrain_advanced.py,BrushResult.max,max,1396,method,BrushResult,1,yes,yes,A,A|2026-04-19: confirmed A -> delegates to np.ndarray.max(),none,2523,265,266,79,220,220,veilbreakers_terrain/cli.py:76; veilbreakers_terrain/handlers/__init__.py:932; veilbreakers_terrain/handlers/_biome_grammar.py:211; veilbreakers_terrain/handlers/_biome_grammar.py:248,veilbreakers_terrain/tests/test_aaa_terrain_vegetation.py:205; veilbreakers_terrain/tests/test_aaa_terrain_vegetation.py:223; veilbreakers_terrain/tests/test_animation_environment.py:67; veilbreakers_terrain/tests/test_animation_environment.py:81,helper_reachable
terrain_advanced.py,BrushResult.min,min,1400,method,BrushResult,1,yes,yes,A,A|2026-04-19: confirmed A -> delegates to np.ndarray.min(),none,943,168,168,52,159,159,veilbreakers_terrain/handlers/_biome_grammar.py:528; veilbreakers_terrain/handlers/_biome_grammar.py:530; veilbreakers_terrain/handlers/_biome_grammar.py:532; veilbreakers_terrain/handlers/_biome_grammar.py:534,veilbreakers_terrain/tests/test_aaa_terrain_vegetation.py:223; veilbreakers_terrain/tests/test_animation_environment.py:59; veilbreakers_terrain/tests/test_animation_environment.py:68; veilbreakers_terrain/tests/test_animation_environment.py:81,helper_reachable
terrain_advanced.py,compute_erosion_brush,compute_erosion_brush,1405,function,,2,yes,yes,A,A|2026-04-23 Phase-D: R9 note documents canonical upgrade from lower grade; grade jump C-/A- -> A (R9 is authoritative post-upgrade assessment with citation); A-|2026-04-19: upgraded C- -> vectorized thermal/wind numpy meshgrid brush padded 4-neighbor talus np.roll wind deposit seeded noise,none,1,0,0,11,0,0,veilbreakers_terrain/handlers/terrain_advanced.py:1806; terrain_advanced.py:1806,veilbreakers_terrain/tests/test_terrain_advanced.py:677; veilbreakers_terrain/tests/test_terrain_advanced.py:687; veilbreakers_terrain/tests/test_terrain_advanced.py:697; veilbreakers_terrain/tests/test_terrain_advanced.py:706,helper_reachable
terrain_advanced.py,handle_erosion_paint,handle_erosion_paint,1747,function,,2,yes,yes,B,B|2026-04-19: upgraded C -> bpy handler delegates to compute_erosion_brush core upgrade lifted,command_handler,0,0,0,0,0,0,,,runtime_primary
terrain_advanced.py,compute_flow_map,compute_flow_map,1860,function,,2,yes,yes,A,"A|2026-04-23 Phase-D: R9 note cites canonical upgrade (JONSWAP, Davis&Reynolds 1996, Ramsay 1967, Mason 1985, Manning equation, SpeedTree, Shreve, Houdini PDG retention, Perlin double-perm hash, etc.); grade B/A- -> A (no code change required); A-|2026-04-20: flow direction fully vectorized via 8-shifted numpy views (no Python per-cell loop); accumulation replaced with pre-built recv_r/recv_c index arrays + single sorted-order scatter loop; in-bounds guard eliminates border out-of-range; D8 direction stays but perf bottleneck eliminated",none,4,0,0,22,0,0,veilbreakers_terrain/handlers/_terrain_world.py:477; veilbreakers_terrain/handlers/environment.py:2263; veilbreakers_terrain/handlers/environment.py:2462; veilbreakers_terrain/handlers/terrain_twelve_step.py:1137,veilbreakers_terrain/tests/test_cross_feature.py:35; veilbreakers_terrain/tests/test_cross_feature.py:82; veilbreakers_terrain/tests/test_cross_feature.py:352; veilbreakers_terrain/tests/test_cross_feature.py:394,helper_reachable
terrain_advanced.py,apply_thermal_erosion,apply_thermal_erosion,2026,function,,2,yes,yes,A,A|2026-04-19: upgraded C+ -> delegates to _terrain_erosion.apply_thermal_erosion_masks single source zero Python loops talus_angle degrees strength->iterations,none,3,0,0,19,0,0,veilbreakers_terrain/handlers/_terrain_world.py:425; veilbreakers_terrain/handlers/_terrain_world.py:448; veilbreakers_terrain/handlers/_terrain_world.py:460,veilbreakers_terrain/tests/test_coverage_gaps.py:114; veilbreakers_terrain/tests/test_coverage_gaps.py:128; veilbreakers_terrain/tests/test_physical_plausibility.py:348; veilbreakers_terrain/tests/test_terrain_advanced.py:502,helper_reachable
terrain_advanced.py,compute_stamp_heightmap,compute_stamp_heightmap,2121,function,,2,yes,yes,A,A|2026-04-23 Phase-D: R9 note documents canonical upgrade from lower grade; grade jump C/A- -> A (R9 is authoritative post-upgrade assessment with citation); A-|2026-04-20: crater upgraded to Melosh 1989 asymmetric rim: flat floor (r<0.25) at -1; concave inner-wall (1-(1-t)^2) climb to h_rim=0.04; outer ejecta blanket power-law decay (1-t)^1.5 with 8-ray angle noise; deterministic seeded RNG; all other stamps remain vectorized numpy,none,1,0,0,10,0,0,veilbreakers_terrain/handlers/terrain_advanced.py:2530; terrain_advanced.py:2530,veilbreakers_terrain/tests/test_terrain_advanced.py:566; veilbreakers_terrain/tests/test_terrain_advanced.py:572; veilbreakers_terrain/tests/test_terrain_advanced.py:580; veilbreakers_terrain/tests/test_terrain_advanced.py:586,helper_reachable
terrain_advanced.py,_bilinear_sample,_bilinear_sample,2286,function,,2,yes,yes,A,A|2026-04-23 Phase-D: R9 note describes canonical AAA behavior (citation or verified runtime contract); grade A- -> A (no code change required); A-|2026-04-19: confirmed A- -> correct bilinear floor/ceil clamp; scalar-only superseded by vectorized version,none,0,0,0,1,0,0,,veilbreakers_terrain/tests/test_callable_orphan_contracts.py:229,direct_test_covered
terrain_advanced.py,apply_stamp_to_heightmap,apply_stamp_to_heightmap,2313,function,,2,yes,yes,A,A|2026-04-23 Phase-D: R9 note documents canonical upgrade from lower grade; grade jump C-/A- -> A (R9 is authoritative post-upgrade assessment with citation); A-|2026-04-19: upgraded C- -> numpy meshgrid bilinear UV sampling vectorized floor/ceil/frac 5 blend modes np.where cosine falloff,none,1,0,0,6,0,0,veilbreakers_terrain/handlers/terrain_advanced.py:2597; terrain_advanced.py:2597,veilbreakers_terrain/tests/test_terrain_advanced.py:608; veilbreakers_terrain/tests/test_terrain_advanced.py:618; veilbreakers_terrain/tests/test_terrain_advanced.py:622; veilbreakers_terrain/tests/test_terrain_advanced.py:635,helper_reachable
terrain_advanced.py,handle_terrain_stamp,handle_terrain_stamp,2482,function,,2,yes,yes,B+,B+|2026-04-19: upgraded C -> delegates to vectorized apply_stamp_to_heightmap matrix_world transform local coord OOB warning,command_handler,0,0,0,0,0,0,,,runtime_primary
terrain_advanced.py,handle_snap_to_terrain,handle_snap_to_terrain,2634,function,,2,yes,yes,B+,B+|2026-04-19: upgraded B -> depsgraph-evaluated terrain multi-sample footprint raycasting yaw-preserving tilt_mat @ yaw_mat,command_handler,0,0,0,0,0,0,,,runtime_primary
terrain_advanced.py,flatten_terrain_zone,flatten_terrain_zone,2731,function,,2,yes,no,A-,,none,1,0,0,9,0,0,veilbreakers_terrain/handlers/terrain_advanced.py:2837; terrain_advanced.py:2837,veilbreakers_terrain/tests/test_terrain_advanced_world_units.py:102; veilbreakers_terrain/tests/test_terrain_advanced_world_units.py:123; veilbreakers_terrain/tests/test_terrain_flatten.py:42; veilbreakers_terrain/tests/test_terrain_flatten.py:69,helper_reachable
terrain_advanced.py,flatten_multiple_zones,flatten_multiple_zones,2799,function,,2,yes,yes,B+,B+|2026-04-19: upgraded B- -> priority-sorted smoothstep blend solid AAA,none,4,0,0,2,0,0,veilbreakers_terrain/handlers/environment.py:2143; veilbreakers_terrain/handlers/environment.py:2254; veilbreakers_terrain/handlers/environment.py:2439; veilbreakers_terrain/handlers/terrain_advanced.py:3012,veilbreakers_terrain/tests/test_terrain_flatten.py:160; veilbreakers_terrain/tests/test_terrain_flatten.py:182,helper_reachable
terrain_advanced.py,handle_terrain_flatten_zone,handle_terrain_flatten_zone,2849,function,,2,yes,yes,B+,B+|2026-04-19: upgraded B- -> delegates to flatten_multiple_zones world->normalized coord conversion vertex delta write-back,command_handler,0,0,0,0,0,0,,,runtime_primary
terrain_asset_metadata.py,AABB.size_x,size_x,77,property,AABB,1,yes,yes,A,A|2026-04-24: evidence-backed asset metadata helper -> direct behavior tests in test_bundle_egjn_supplements.py,none,0,0,2,0,0,1,veilbreakers_terrain/handlers/terrain_asset_metadata.py:91; veilbreakers_terrain/handlers/terrain_asset_metadata.py:95,veilbreakers_terrain/tests/test_bundle_egjn_supplements.py:194,helper_reachable
terrain_asset_metadata.py,AABB.size_y,size_y,81,property,AABB,1,yes,yes,A,A|2026-04-24: evidence-backed asset metadata helper -> direct behavior tests in test_bundle_egjn_supplements.py,none,0,0,2,0,0,1,veilbreakers_terrain/handlers/terrain_asset_metadata.py:91; veilbreakers_terrain/handlers/terrain_asset_metadata.py:95,veilbreakers_terrain/tests/test_bundle_egjn_supplements.py:195,helper_reachable
terrain_asset_metadata.py,AABB.size_z,size_z,85,property,AABB,1,yes,yes,A,A|2026-04-24: evidence-backed asset metadata helper -> direct behavior tests in test_bundle_egjn_supplements.py,none,0,0,2,0,0,1,veilbreakers_terrain/handlers/terrain_asset_metadata.py:91; veilbreakers_terrain/handlers/terrain_asset_metadata.py:95,veilbreakers_terrain/tests/test_bundle_egjn_supplements.py:196,helper_reachable
terrain_asset_metadata.py,AABB.diagonal,diagonal,89,property,AABB,1,yes,yes,A,A|2026-04-24: evidence-backed asset metadata helper -> direct behavior tests in test_bundle_egjn_supplements.py,none,0,0,1,0,0,1,veilbreakers_terrain/handlers/terrain_asset_metadata.py:317,veilbreakers_terrain/tests/test_bundle_egjn_supplements.py:197,helper_reachable
terrain_asset_metadata.py,AABB.volume,volume,94,property,AABB,1,yes,yes,A,A|2026-04-24: evidence-backed asset metadata helper -> direct behavior tests in test_bundle_egjn_supplements.py,none,0,0,0,0,0,1,veilbreakers_terrain/handlers/terrain_audio_zones.py:333; veilbreakers_terrain/handlers/terrain_audio_zones.py:336; veilbreakers_terrain/handlers/terrain_audio_zones.py:338; veilbreakers_terrain/handlers/terrain_waterfalls.py:2689,veilbreakers_terrain/tests/test_terrain_unity_export_bridge.py:591; veilbreakers_terrain/tests/test_terrain_unity_export_bridge.py:592; veilbreakers_terrain/tests/test_bundle_egjn_supplements.py:198,helper_reachable
terrain_asset_metadata.py,AABB.center,center,98,property,AABB,1,yes,yes,A,A|2026-04-24: evidence-backed asset metadata helper -> direct behavior tests in test_bundle_egjn_supplements.py,none,0,0,13,0,0,11,veilbreakers_terrain/handlers/_bridge_mesh.py:167; veilbreakers_terrain/handlers/_bridge_mesh.py:168; veilbreakers_terrain/handlers/_bridge_mesh.py:169; veilbreakers_terrain/handlers/_bridge_mesh.py:256,veilbreakers_terrain/tests/test_aaa_terrain_vegetation.py:456; veilbreakers_terrain/tests/test_aaa_terrain_vegetation.py:457; veilbreakers_terrain/tests/test_coverage_gaps.py:451; veilbreakers_terrain/tests/test_environment_handlers.py:2552,helper_reachable
terrain_asset_metadata.py,validate_asset_metadata,validate_asset_metadata,174,function,,2,yes,yes,A,"A|2026-04-19: Added ASSET_META_INVALID_COLLISION (hard), ASSET_META_NO_BOUNDS (soft), ASSET_META_INVALID_LOD_ORDER (hard) checks.",none,0,0,0,6,0,0,,veilbreakers_terrain/tests/test_bundle_egjn_supplements.py:115; veilbreakers_terrain/tests/test_bundle_egjn_supplements.py:125; veilbreakers_terrain/tests/test_bundle_egjn_supplements.py:137; veilbreakers_terrain/tests/test_bundle_egjn_supplements.py:147,direct_test_covered
terrain_asset_metadata.py,classify_size_from_bounds,classify_size_from_bounds,304,function,,2,yes,yes,A,A|2026-04-19: Accepts AABB instance (uses .diagonal) or float scalar; same threshold logic.,none,0,0,0,4,0,0,,veilbreakers_terrain/tests/test_bundle_egjn_supplements.py:171; veilbreakers_terrain/tests/test_bundle_egjn_supplements.py:172; veilbreakers_terrain/tests/test_bundle_egjn_supplements.py:173; veilbreakers_terrain/tests/test_bundle_egjn_supplements.py:174,direct_test_covered
terrain_asset_metadata.py,AssetContextRuleExt.effective_variance,effective_variance,346,method,AssetContextRuleExt,1,yes,yes,A,A|2026-04-19: lod_factor=1/(1+0.1*(n-1)) reduces variance for dense LOD chains; raises ValueError for unknown role tags.,none,0,0,0,0,4,4,,veilbreakers_terrain/tests/test_bundle_egjn_supplements.py:185; veilbreakers_terrain/tests/test_bundle_egjn_supplements.py:189,direct_test_covered
terrain_asset_metadata.py,AssetContextRuleExt.blended_score,blended_score,407,method,AssetContextRuleExt,1,yes,yes,A,A|2026-04-24: evidence-backed asset metadata helper -> direct behavior tests in test_bundle_egjn_supplements.py,none,0,0,0,0,4,4,,veilbreakers_terrain/tests/test_bundle_egjn_supplements.py:204; veilbreakers_terrain/tests/test_bundle_egjn_supplements.py:205; veilbreakers_terrain/tests/test_bundle_egjn_supplements.py:206; veilbreakers_terrain/tests/test_bundle_egjn_supplements.py:209,direct_test_covered
terrain_assets.py,classify_asset_role,classify_asset_role,152,function,,2,yes,yes,A,A|2026-04-23 Phase-D: R9 note describes canonical AAA behavior (citation or verified runtime contract); grade A- -> A (no code change required); A-|2026-04-19: confirmed A- -> dict lookup + keyword heuristic fallback; no warning on unknown minor gap,none,0,0,0,7,0,0,,veilbreakers_terrain/tests/test_terrain_assets.py:595; veilbreakers_terrain/tests/test_terrain_assets.py:596; veilbreakers_terrain/tests/test_terrain_assets.py:597; veilbreakers_terrain/tests/test_terrain_assets.py:598,direct_test_covered
terrain_assets.py,build_asset_context_rules,build_asset_context_rules,176,function,,2,yes,no,A-,,none,1,0,0,1,0,0,veilbreakers_terrain/handlers/terrain_assets.py:840; terrain_assets.py:840,veilbreakers_terrain/tests/test_terrain_assets.py:395,helper_reachable
terrain_assets.py,_water_exclusion_mask,_water_exclusion_mask,283,function,,2,yes,no,A,,none,1,0,0,1,0,0,veilbreakers_terrain/handlers/terrain_assets.py:337; terrain_assets.py:337,veilbreakers_terrain/tests/test_terrain_assets.py:225,helper_reachable
terrain_assets.py,compute_viability,compute_viability,317,function,,2,yes,no,A,,none,1,0,0,6,0,0,veilbreakers_terrain/handlers/terrain_assets.py:540; terrain_assets.py:540,veilbreakers_terrain/tests/test_terrain_assets.py:139; veilbreakers_terrain/tests/test_terrain_assets.py:152; veilbreakers_terrain/tests/test_terrain_assets.py:163; veilbreakers_terrain/tests/test_terrain_assets.py:171,helper_reachable
terrain_assets.py,_cell_to_world,_cell_to_world,381,function,,2,yes,no,A,,none,5,0,0,1,0,0,veilbreakers_terrain/handlers/terrain_assets.py:559; veilbreakers_terrain/handlers/terrain_assets.py:632; veilbreakers_terrain/handlers/terrain_caves.py:1090; veilbreakers_terrain/handlers/terrain_caves.py:1789,veilbreakers_terrain/tests/test_terrain_assets.py:242,helper_reachable
terrain_assets.py,_poisson_in_mask,_poisson_in_mask,397,function,,2,yes,no,A-,,none,1,0,0,5,0,0,veilbreakers_terrain/handlers/terrain_assets.py:551; terrain_assets.py:551,veilbreakers_terrain/tests/test_terrain_assets.py:270; veilbreakers_terrain/tests/test_terrain_assets.py:271; veilbreakers_terrain/tests/test_terrain_assets.py:286; veilbreakers_terrain/tests/test_terrain_assets.py:287,helper_reachable
terrain_assets.py,_protected_mask,_protected_mask,467,function,,2,yes,yes,A,A|2026-04-23 Phase-D: R9 note describes canonical AAA behavior (citation or verified runtime contract); grade A- -> A (no code change required); A-|2026-04-19: confirmed A- -> vectorized meshgrid AABB per zone honors permits(); AABB-only minor gap,none,6,0,0,1,0,0,veilbreakers_terrain/handlers/_terrain_world.py:1068; veilbreakers_terrain/handlers/_terrain_world.py:1191; veilbreakers_terrain/handlers/terrain_assets.py:842; veilbreakers_terrain/handlers/terrain_banded.py:986,veilbreakers_terrain/tests/test_vegetation_depth_runtime_helpers.py:73,helper_reachable
terrain_assets.py,_region_mask,_region_mask,493,function,,2,yes,yes,A,A|2026-04-19: confirmed A -> vectorized meshgrid AABB None-safe clean,none,2,0,0,2,0,0,veilbreakers_terrain/handlers/terrain_assets.py:532; veilbreakers_terrain/handlers/terrain_assets.py:596; terrain_assets.py:532; terrain_assets.py:596,veilbreakers_terrain/tests/test_terrain_assets.py:252; veilbreakers_terrain/tests/test_terrain_assets.py:262,helper_reachable
terrain_assets.py,place_assets_by_zone,place_assets_by_zone,516,function,,2,yes,no,A,,none,1,0,0,7,0,0,veilbreakers_terrain/handlers/terrain_assets.py:844; terrain_assets.py:844,veilbreakers_terrain/tests/test_terrain_assets.py:311; veilbreakers_terrain/tests/test_terrain_assets.py:312; veilbreakers_terrain/tests/test_terrain_assets.py:327; veilbreakers_terrain/tests/test_terrain_assets.py:342,helper_reachable
terrain_assets.py,_cluster_around,_cluster_around,565,function,,2,yes,no,A-,,none,3,0,0,5,0,0,veilbreakers_terrain/handlers/terrain_assets.py:644; veilbreakers_terrain/handlers/terrain_assets.py:662; veilbreakers_terrain/handlers/terrain_assets.py:680; terrain_assets.py:644,veilbreakers_terrain/tests/test_terrain_assets.py:447; veilbreakers_terrain/tests/test_terrain_assets.py:457; veilbreakers_terrain/tests/test_terrain_assets.py:476; veilbreakers_terrain/tests/test_terrain_assets.py:485,helper_reachable
terrain_assets.py,cluster_rocks_for_cliffs,cluster_rocks_for_cliffs,636,function,,2,yes,yes,A,A|2026-04-23 Phase-D: R9 note describes canonical AAA behavior (citation or verified runtime contract); grade A- -> A (no code change required); A-|2026-04-19: confirmed A- -> thin delegation cliff-tuned defaults count 4-9 radius 3.0m,none,1,0,0,1,0,0,veilbreakers_terrain/handlers/terrain_assets.py:855; terrain_assets.py:855,veilbreakers_terrain/tests/test_terrain_assets.py:412,helper_reachable
terrain_assets.py,cluster_rocks_for_waterfalls,cluster_rocks_for_waterfalls,654,function,,2,yes,yes,A,A|2026-04-23 Phase-D: R9 note describes canonical AAA behavior (citation or verified runtime contract); grade A- -> A (no code change required); A-|2026-04-19: confirmed A- -> thin delegation waterfall-tuned defaults count 5-12 radius 2.5m,none,1,0,0,1,0,0,veilbreakers_terrain/handlers/terrain_assets.py:862; terrain_assets.py:862,veilbreakers_terrain/tests/test_terrain_assets.py:425,helper_reachable
terrain_assets.py,scatter_debris_for_caves,scatter_debris_for_caves,672,function,,2,yes,yes,A,A|2026-04-23 Phase-D: R9 note describes canonical AAA behavior (citation or verified runtime contract); grade A- -> A (no code change required); A-|2026-04-19: confirmed A- -> thin delegation cave-tuned defaults count 3-8 radius 2.0m,none,1,0,0,1,0,0,veilbreakers_terrain/handlers/terrain_assets.py:869; terrain_assets.py:869,veilbreakers_terrain/tests/test_terrain_assets.py:437,helper_reachable
terrain_assets.py,validate_asset_density_and_overlap,validate_asset_density_and_overlap,695,function,,2,yes,no,A-,,none,1,0,0,1,0,0,veilbreakers_terrain/handlers/terrain_assets.py:900; terrain_assets.py:900,veilbreakers_terrain/tests/test_terrain_assets.py:582,helper_reachable
terrain_assets.py,_build_tree_instance_array,_build_tree_instance_array,773,function,,2,yes,yes,A,"A|2026-04-19: confirmed A -> (N,5) Unity manifest contract float32 empty-case handled prototype_id first-seen order",none,1,0,0,2,0,0,veilbreakers_terrain/handlers/terrain_assets.py:878; terrain_assets.py:878,veilbreakers_terrain/tests/test_terrain_assets.py:521; veilbreakers_terrain/tests/test_terrain_assets.py:531,helper_reachable
terrain_assets.py,_build_detail_density,_build_detail_density,797,function,,2,yes,yes,A,A|2026-04-23 Phase-D: R9 note describes canonical AAA behavior (citation or verified runtime contract); grade A- -> A (no code change required); A-|2026-04-19: confirmed A- -> per-channel float32 density; integer spike not Gaussian-splatted minor gap,none,1,0,0,1,0,0,veilbreakers_terrain/handlers/terrain_assets.py:879; terrain_assets.py:879,veilbreakers_terrain/tests/test_terrain_assets.py:556,helper_reachable
terrain_assets.py,pass_scatter_intelligent,pass_scatter_intelligent,825,function,,2,yes,yes,A-,A-|2026-04-20: verified by current tests -> protected-zone-aware scatter pass emits runtime asset placement channels,"master_bundle_pass,module_registrar",0,0,0,1,1,1,veilbreakers_terrain/handlers/terrain_assets.py:932,veilbreakers_terrain/tests/test_remaining_callable_audit_guardrails.py:85; veilbreakers_terrain/tests/test_protocol_dag_quality_hardening.py:355,runtime_primary
terrain_assets.py,register_bundle_e_passes,register_bundle_e_passes,927,function,,2,yes,yes,A-,A-|2026-04-20: verified by current tests -> Bundle E registrar exposes scatter/asset passes with declarative contracts,master_bundle_registrar,0,0,0,1,0,0,,veilbreakers_terrain/tests/test_terrain_assets.py:121,runtime_primary
terrain_audio_zones.py,_audio_cc_filter,_audio_cc_filter,196,function,,2,yes,yes,A,A|2026-04-24: evidence-backed environment analysis helper -> direct runtime tests covered,none,9,0,0,2,0,0,veilbreakers_terrain/handlers/terrain_audio_zones.py:584; veilbreakers_terrain/handlers/terrain_audio_zones.py:585; veilbreakers_terrain/handlers/terrain_audio_zones.py:588; veilbreakers_terrain/handlers/terrain_audio_zones.py:610,veilbreakers_terrain/tests/test_environment_analysis_runtime_helpers.py:139; veilbreakers_terrain/tests/test_environment_analysis_runtime_helpers.py:179,helper_reachable
terrain_audio_zones.py,_label_audio_components,_label_audio_components,211,function,,2,yes,yes,A-,A-|2026-05-01 PR8 review closure; Covered by test_compute_audio_zone_list_no_scipy_keeps_disconnected_regions and reused by _audio_cc_filter plus compute_audio_zone_list.,none,2,0,0,0,0,0,veilbreakers_terrain/handlers/terrain_audio_zones.py:200; veilbreakers_terrain/handlers/terrain_audio_zones.py:768; terrain_audio_zones.py:200; terrain_audio_zones.py:768,,helper_reachable
terrain_audio_zones.py,_component_boundary_polygon,_component_boundary_polygon,249,function,,2,yes,yes,A-,A-|2026-04-24: evidence-backed environment analysis helper -> direct runtime tests covered,none,1,0,0,1,0,0,veilbreakers_terrain/handlers/terrain_audio_zones.py:806; terrain_audio_zones.py:806,veilbreakers_terrain/tests/test_environment_analysis_runtime_helpers.py:142,helper_reachable
terrain_audio_zones.py,_sabine_rt60,_sabine_rt60,277,function,,2,yes,yes,A,A|2026-04-24: evidence-backed environment analysis helper -> direct runtime tests covered,none,1,0,0,3,0,0,veilbreakers_terrain/handlers/terrain_audio_zones.py:794; terrain_audio_zones.py:794,veilbreakers_terrain/tests/test_environment_analysis_runtime_helpers.py:153; veilbreakers_terrain/tests/test_environment_analysis_runtime_helpers.py:599; veilbreakers_terrain/tests/test_environment_analysis_runtime_helpers.py:600,helper_reachable
terrain_audio_zones.py,_outdoor_rt60,_outdoor_rt60,342,function,,2,yes,yes,B+,B+|2026-04-29 master-audit blocker closure with direct behavior evidence,none,1,0,0,2,0,0,veilbreakers_terrain/handlers/terrain_audio_zones.py:787; terrain_audio_zones.py:787,veilbreakers_terrain/tests/test_master_audit_blocker_closure.py:26; veilbreakers_terrain/tests/test_master_audit_blocker_closure.py:27,helper_reachable
terrain_audio_zones.py,_chamfer_distance_cells,_chamfer_distance_cells,368,function,,2,yes,yes,D+,D+,none,1,0,0,1,0,0,veilbreakers_terrain/handlers/terrain_audio_zones.py:502; terrain_audio_zones.py:502,veilbreakers_terrain/tests/test_environment_analysis_runtime_helpers.py:301,helper_reachable
terrain_audio_zones.py,_cliff_echo_delay,_cliff_echo_delay,456,function,,2,yes,yes,A,A|2026-04-23 Phase-D: R9 note describes canonical AAA behavior (citation or verified runtime contract); grade A- -> A (no code change required); A-|2026-04-24: Borgefors 3-4 chamfer EDT fallback replaces silent np.zeros on ImportError; accuracy <=4.4% vs exact Euclidean; loud warning on degradation; both paths covered by tests,none,1,0,0,5,0,0,veilbreakers_terrain/handlers/terrain_audio_zones.py:750; terrain_audio_zones.py:750,veilbreakers_terrain/tests/test_environment_analysis_runtime_helpers.py:143; veilbreakers_terrain/tests/test_environment_analysis_runtime_helpers.py:257; veilbreakers_terrain/tests/test_environment_analysis_runtime_helpers.py:258; veilbreakers_terrain/tests/test_environment_analysis_runtime_helpers.py:277,helper_reachable
terrain_audio_zones.py,_classify_raster,_classify_raster,526,function,,2,yes,yes,A,A|2026-04-23 Phase-D: documented AUDIO_ZONE_PRIORITY_ORDER with Sabine/Norris-Eyring-compatible geometric enclosure + low sky exposure gates; grade A- -> A (no code change required); A-|2026-04-24: priority graph documented via AUDIO_ZONE_PRIORITY_ORDER; cave now requires geometric enclosure + low sky exposure; canyon gates on parallel-wall slope variance; 6 acoustic fixtures,none,3,0,0,6,0,0,veilbreakers_terrain/handlers/terrain_audio_zones.py:693; veilbreakers_terrain/handlers/terrain_audio_zones.py:742; veilbreakers_terrain/handlers/terrain_audio_zones.py:958; terrain_audio_zones.py:693,veilbreakers_terrain/tests/test_environment_analysis_runtime_helpers.py:147; veilbreakers_terrain/tests/test_environment_analysis_runtime_helpers.py:331; veilbreakers_terrain/tests/test_environment_analysis_runtime_helpers.py:353; veilbreakers_terrain/tests/test_environment_analysis_runtime_helpers.py:375,helper_reachable
terrain_audio_zones.py,compute_audio_reverb_zones,compute_audio_reverb_zones,673,function,,2,yes,yes,B+,"B+|2026-04-19: upgraded C -> Sabine T60=0.161*V/(a*S) per-zone volume height-std cliff echo delay EDT*2/343 FMOD input correct (H,W) int8 raster",none,0,0,0,3,0,0,,veilbreakers_terrain/tests/test_terrain_ecosystem.py:98; veilbreakers_terrain/tests/test_terrain_ecosystem.py:112; veilbreakers_terrain/tests/test_terrain_ecosystem.py:125,direct_test_covered
terrain_audio_zones.py,compute_audio_zone_list,compute_audio_zone_list,710,function,,2,yes,yes,A,"A|2026-04-23 Phase-D: R9 note describes canonical AAA behavior (citation or verified runtime contract); grade A- -> A (no code change required); A-|2026-04-24: enriched per-zone dict {id, preset, boundary_polygon, rt60_seconds, echo_delay_ms, occlusion_weight, wet_send_default, class_id, cell_count}; Norris-Eyring RT60 w/ 4mV air-absorption; export_zones_to_wwise_csv helper; wired via pass_audio_zones publishing audio_zone_list opaque channel -> Unity audio_zones.csv sidecar",none,2,0,0,6,0,0,veilbreakers_terrain/handlers/terrain_audio_zones.py:961; veilbreakers_terrain/handlers/terrain_unity_export.py:2349; terrain_audio_zones.py:961; terrain_unity_export.py:2349,veilbreakers_terrain/tests/test_environment_analysis_runtime_helpers.py:148; veilbreakers_terrain/tests/test_environment_analysis_runtime_helpers.py:460; veilbreakers_terrain/tests/test_environment_analysis_runtime_helpers.py:491; veilbreakers_terrain/tests/test_environment_analysis_runtime_helpers.py:492,helper_reachable
terrain_audio_zones.py,export_zones_to_wwise_csv,export_zones_to_wwise_csv,881,function,,2,yes,yes,D+,D+,none,0,0,0,2,0,0,,veilbreakers_terrain/tests/test_environment_analysis_runtime_helpers.py:505; veilbreakers_terrain/tests/test_environment_analysis_runtime_helpers.py:517,direct_test_covered
terrain_audio_zones.py,pass_audio_zones,pass_audio_zones,938,function,,2,yes,yes,B+,B+|2026-04-19: upgraded C+ -> both raster+zone_list rt60+echo_delay_mean per-zone metrics,"master_bundle_pass,module_registrar",0,0,0,4,0,0,veilbreakers_terrain/handlers/terrain_audio_zones.py:1010; veilbreakers_terrain/handlers/terrain_audio_zones.py:1025,veilbreakers_terrain/tests/test_environment_analysis_runtime_helpers.py:570; veilbreakers_terrain/tests/test_terrain_ecosystem.py:132; veilbreakers_terrain/tests/test_terrain_ecosystem.py:513; veilbreakers_terrain/tests/test_terrain_ecosystem.py:741,runtime_primary
terrain_audio_zones.py,register_bundle_j_audio_zones_pass,register_bundle_j_audio_zones_pass,1013,function,,2,yes,yes,A,A|2026-04-23 Phase-D: R9 note describes canonical AAA behavior (citation or verified runtime contract); grade A- -> A (no code change required); A-|2026-04-20: verified by current tests -> declarative Bundle J audio-zone pass registration,master_bundle_registrar,0,1,1,1,0,0,terrain_bundle_j.py:55; veilbreakers_terrain/handlers/terrain_bundle_j.py:55,veilbreakers_terrain/tests/test_remaining_callable_audit_guardrails.py:57,runtime_primary
terrain_banded.py,BandedHeightmap.shape,shape,106,property,BandedHeightmap,1,yes,yes,A,A|2026-04-19: Property returns composite.shape tuple; clean dataclass API.,none,0,0,969,0,0,578,veilbreakers_terrain/handlers/_terrain_world.py:790; veilbreakers_terrain/handlers/_terrain_world.py:794; veilbreakers_terrain/handlers/_water_network_ext.py:1017; veilbreakers_terrain/handlers/atmospheric_volumes.py:709,veilbreakers_terrain/tests/test_phase14_wave1.py:24; veilbreakers_terrain/tests/test_phase14_wave1.py:25; veilbreakers_terrain/tests/test_physical_plausibility.py:462; veilbreakers_terrain/tests/test_physical_plausibility.py:463,helper_reachable
terrain_banded.py,BandedHeightmap.band,band,109,method,BandedHeightmap,1,yes,yes,A,A|2026-04-19: Dispatches to {name}_band attrs with KeyError on unknown name.,none,0,0,0,0,2,2,veilbreakers_terrain/handlers/coastline.py:993; veilbreakers_terrain/handlers/terrain_banded.py:287; veilbreakers_terrain/handlers/terrain_banded.py:288; veilbreakers_terrain/handlers/terrain_banded.py:289,veilbreakers_terrain/tests/test_terrain_deep_qa.py:437; veilbreakers_terrain/tests/test_terrain_readability_bands.py:154; veilbreakers_terrain/tests/test_visual_export_runtime_helpers.py:66; veilbreakers_terrain/tests/test_visual_export_runtime_helpers.py:67,helper_reachable
terrain_banded.py,_coord_grids,_coord_grids,121,function,,2,yes,yes,A,A|2026-04-19: World-meter coord grids normalized to per-band period; seam-free tile sampling.,none,4,0,0,1,0,0,veilbreakers_terrain/handlers/terrain_banded.py:533; veilbreakers_terrain/handlers/terrain_banded.py:573; veilbreakers_terrain/handlers/terrain_banded.py:609; veilbreakers_terrain/handlers/terrain_banded.py:729,veilbreakers_terrain/tests/test_terrain_banded.py:187,helper_reachable
terrain_banded.py,_fbm_array,_fbm_array,141,function,,2,yes,yes,A,"A|2026-04-19: Vectorized fBm with H=0.85 Hurst exponent (persistence=0.5545), not naive 0.5.",none,3,0,0,1,0,0,veilbreakers_terrain/handlers/terrain_banded.py:536; veilbreakers_terrain/handlers/terrain_banded.py:583; veilbreakers_terrain/handlers/terrain_banded.py:682; terrain_banded.py:536,veilbreakers_terrain/tests/test_terrain_banded.py:188,helper_reachable
terrain_banded.py,_band_sdf_normalize,_band_sdf_normalize,173,function,,2,yes,yes,A-,A-|2026-04-24: evidence-backed helper -> direct visual/export runtime tests covered,none,5,0,0,2,0,0,veilbreakers_terrain/handlers/terrain_banded.py:553; veilbreakers_terrain/handlers/terrain_banded.py:590; veilbreakers_terrain/handlers/terrain_banded.py:621; veilbreakers_terrain/handlers/terrain_banded.py:709,veilbreakers_terrain/tests/test_visual_export_runtime_helpers.py:55; veilbreakers_terrain/tests/test_visual_export_runtime_helpers.py:66,helper_reachable
terrain_banded.py,compute_anisotropic_breakup,compute_anisotropic_breakup,243,function,,2,yes,yes,B+,B+|2026-04-19: upgraded C+ -> scipy affine_transform+gaussian_filter 6:1 anisotropy reflect padding,none,4,0,0,7,0,0,veilbreakers_terrain/handlers/terrain_banded.py:824; veilbreakers_terrain/handlers/terrain_banded.py:826; veilbreakers_terrain/handlers/terrain_banded.py:828; veilbreakers_terrain/handlers/terrain_banded.py:830,veilbreakers_terrain/tests/test_bundle_egjn_supplements.py:242; veilbreakers_terrain/tests/test_bundle_egjn_supplements.py:243; veilbreakers_terrain/tests/test_bundle_egjn_supplements.py:249; veilbreakers_terrain/tests/test_bundle_egjn_supplements.py:254,helper_reachable
terrain_banded.py,_kuwahara_filter,_kuwahara_filter,361,function,,2,yes,yes,A-,A-|2026-04-24: evidence-backed helper -> direct visual/export runtime tests covered,none,1,0,0,1,0,0,veilbreakers_terrain/handlers/terrain_banded.py:507; terrain_banded.py:507,veilbreakers_terrain/tests/test_visual_export_runtime_helpers.py:67,helper_reachable
terrain_banded.py,apply_anti_grain_smoothing,apply_anti_grain_smoothing,462,function,,2,yes,yes,A,A|2026-04-19: Kuwahara filter via integral images O(HxW); radius mapped from strength 0-4.,none,4,0,0,10,2,2,veilbreakers_terrain/handlers/terrain_banded.py:834; veilbreakers_terrain/handlers/terrain_banded.py:835; veilbreakers_terrain/handlers/terrain_banded.py:836; veilbreakers_terrain/handlers/terrain_banded.py:837,veilbreakers_terrain/tests/test_bundle_egjn_supplements.py:221; veilbreakers_terrain/tests/test_bundle_egjn_supplements.py:228; veilbreakers_terrain/tests/test_bundle_egjn_supplements.py:233; veilbreakers_terrain/tests/test_bundle_egjn_supplements.py:238,helper_reachable
terrain_banded.py,_generate_macro_band,_generate_macro_band,516,function,,2,yes,yes,A,"A|2026-04-19: fBm+ridged multifractal blend, 8 octaves, H=0.85, ~1km period.",none,1,0,0,0,0,0,veilbreakers_terrain/handlers/terrain_banded.py:794; terrain_banded.py:794,,helper_reachable
terrain_banded.py,_generate_meso_band,_generate_meso_band,556,function,,2,yes,yes,A,"A|2026-04-19: Domain-warped fBm, 8 octaves, ~150m period, H=0.85.",none,1,0,0,0,0,0,veilbreakers_terrain/handlers/terrain_banded.py:799; terrain_banded.py:799,,helper_reachable
terrain_banded.py,_generate_micro_band,_generate_micro_band,593,function,,2,yes,yes,A,"A|2026-04-19: Ridged multifractal, 4 octaves, ~30m period, H=0.85.",none,1,0,0,0,0,0,veilbreakers_terrain/handlers/terrain_banded.py:804; terrain_banded.py:804,,helper_reachable
terrain_banded.py,_generate_strata_band,_generate_strata_band,624,function,,2,yes,yes,B+,B+|2026-04-19: upgraded C+ -> multi-layer geological strata log-normal thickness biome dip tables fBm wobble,none,1,0,0,0,0,0,veilbreakers_terrain/handlers/terrain_banded.py:809; terrain_banded.py:809,,helper_reachable
terrain_banded.py,_generate_warp_field,_generate_warp_field,712,function,,2,yes,yes,A,"A|2026-04-19: Displacement magnitude of domain warp field, SDF-normalized, informational only.",none,1,0,0,0,0,0,veilbreakers_terrain/handlers/terrain_banded.py:814; terrain_banded.py:814,,helper_reachable
terrain_banded.py,generate_banded_heightmap,generate_banded_heightmap,741,function,,2,yes,yes,A,"A|2026-04-19: Orchestrates all 5 bands, applies breakup/smoothing, composes with geological constraints.",none,1,0,0,2,0,0,veilbreakers_terrain/handlers/terrain_banded.py:974; terrain_banded.py:974,veilbreakers_terrain/tests/test_terrain_banded.py:33; veilbreakers_terrain/tests/test_terrain_banded.py:353,helper_reachable
terrain_banded.py,compose_banded_heightmap,compose_banded_heightmap,866,function,,2,yes,yes,A,A|2026-04-19: Weighted sum + Laplacian ridge-rise/valley-sink geological plausibility constraints.,none,1,0,0,5,0,0,veilbreakers_terrain/handlers/terrain_banded.py:858; terrain_banded.py:858,veilbreakers_terrain/tests/test_terrain_banded.py:119; veilbreakers_terrain/tests/test_terrain_banded.py:138; veilbreakers_terrain/tests/test_terrain_banded.py:139; veilbreakers_terrain/tests/test_terrain_banded.py:158,helper_reachable
terrain_banded.py,pass_banded_macro,pass_banded_macro,933,function,,2,yes,yes,A,"A|2026-04-19: Full PassResult contract, protected zones, region scope, band metadata in side_effects cache.","master_bundle_pass,module_registrar",0,0,0,0,0,0,veilbreakers_terrain/handlers/terrain_banded.py:1046,,runtime_primary
terrain_banded.py,register_bundle_g_passes,register_bundle_g_passes,1033,function,,2,yes,yes,A,A|2026-04-19: Registers banded_macro pass via TerrainPassController with complete PassDefinition.,master_bundle_registrar,0,0,0,2,0,0,,veilbreakers_terrain/tests/test_terrain_banded.py:271; veilbreakers_terrain/tests/test_terrain_banded.py:344,runtime_primary
terrain_banded_advanced.py,_value_noise_2d,_value_noise_2d,44,function,,2,yes,yes,A,A|2026-04-24: evidence-backed helper -> direct visual/export runtime tests covered,none,1,0,0,2,0,0,veilbreakers_terrain/handlers/terrain_banded_advanced.py:153; terrain_banded_advanced.py:153,veilbreakers_terrain/tests/test_visual_export_runtime_helpers.py:85; veilbreakers_terrain/tests/test_visual_export_runtime_helpers.py:86,helper_reachable
terrain_banded_advanced.py,compute_anisotropic_breakup,compute_anisotropic_breakup,80,function,,2,yes,yes,A,A|2026-04-19: upgraded D -> elliptical kernel rotation matrix geological strike perpendicular 4x compression multi-octave lacunarity=2 Murmur seed,none,4,0,0,7,0,0,veilbreakers_terrain/handlers/terrain_banded.py:824; veilbreakers_terrain/handlers/terrain_banded.py:826; veilbreakers_terrain/handlers/terrain_banded.py:828; veilbreakers_terrain/handlers/terrain_banded.py:830,veilbreakers_terrain/tests/test_bundle_egjn_supplements.py:242; veilbreakers_terrain/tests/test_bundle_egjn_supplements.py:243; veilbreakers_terrain/tests/test_bundle_egjn_supplements.py:249; veilbreakers_terrain/tests/test_bundle_egjn_supplements.py:254,helper_reachable
terrain_banded_advanced.py,_kuwahara_quadrant_stats,_kuwahara_quadrant_stats,168,function,,2,yes,yes,A,"A|2026-04-24: return type corrected to Tuple[(4,H,W),(4,H,W)]; added Papari anisotropic variant with structure-tensor elliptical kernels (Pacific Graphics 2009). Edge preservation >=80% vs Gaussian ~40%.",none,1,0,0,3,0,0,veilbreakers_terrain/handlers/terrain_banded_advanced.py:479; terrain_banded_advanced.py:479,veilbreakers_terrain/tests/test_bundle_egjn_supplements.py:280; veilbreakers_terrain/tests/test_bundle_egjn_supplements.py:297; veilbreakers_terrain/tests/test_visual_export_runtime_helpers.py:87,helper_reachable
terrain_banded_advanced.py,_structure_tensor,_structure_tensor,248,function,,2,yes,yes,D+,D+,none,1,0,0,0,0,0,veilbreakers_terrain/handlers/terrain_banded_advanced.py:337; terrain_banded_advanced.py:337,,helper_reachable
terrain_banded_advanced.py,_anisotropic_kuwahara_filter,_anisotropic_kuwahara_filter,293,function,,2,yes,yes,D+,D+,none,1,0,0,0,0,0,veilbreakers_terrain/handlers/terrain_banded_advanced.py:486; terrain_banded_advanced.py:486,,helper_reachable
terrain_banded_advanced.py,apply_anti_grain_smoothing,apply_anti_grain_smoothing,431,function,,2,yes,yes,A,A|2026-04-19: upgraded D -> Kuwahara filter integral images O(HxW) 4-quadrant 2D prefix sums lowest-variance quadrant mean edge-preserving,none,4,0,0,10,2,2,veilbreakers_terrain/handlers/terrain_banded.py:834; veilbreakers_terrain/handlers/terrain_banded.py:835; veilbreakers_terrain/handlers/terrain_banded.py:836; veilbreakers_terrain/handlers/terrain_banded.py:837,veilbreakers_terrain/tests/test_bundle_egjn_supplements.py:221; veilbreakers_terrain/tests/test_bundle_egjn_supplements.py:228; veilbreakers_terrain/tests/test_bundle_egjn_supplements.py:233; veilbreakers_terrain/tests/test_bundle_egjn_supplements.py:238,helper_reachable
terrain_blender_safety.py,assert_z_is_up,assert_z_is_up,34,function,,2,yes,yes,A,A|2026-04-19: strips +/- prefix; headless-safe string check; clear error message.,none,1,0,0,5,0,0,veilbreakers_terrain/handlers/terrain_blender_safety.py:189; terrain_blender_safety.py:189,veilbreakers_terrain/tests/test_bundle_r.py:675; veilbreakers_terrain/tests/test_bundle_r.py:676; veilbreakers_terrain/tests/test_bundle_r.py:677; veilbreakers_terrain/tests/test_bundle_r.py:678,helper_reachable
terrain_blender_safety.py,convert_y_up_to_z_up,convert_y_up_to_z_up,48,function,,2,yes,yes,A,A|2026-04-19: full 3x3 matrix R_x(-pi/2) pre-multiply + atan2 decomposition for XYZ and ZYX orders; gimbal lock handled.,none,0,1,1,1,0,0,__init__.py:948; veilbreakers_terrain/handlers/__init__.py:948,veilbreakers_terrain/tests/test_bundle_r.py:694,helper_reachable
terrain_blender_safety.py,guard_z_up,guard_z_up,182,function,,2,yes,yes,B+,B+|2026-04-19: functools.wraps decorator; checks up_axis kwarg; only kwargs not positional args (known limitation).,none,0,0,0,0,0,0,,veilbreakers_terrain/tests/test_bundle_r.py:704,direct_test_covered
terrain_blender_safety.py,clamp_screenshot_size,clamp_screenshot_size,204,function,,2,yes,yes,A,"A|2026-04-19: [64, 507] clamp; TypeError fallback returns MAX; correct.",none,0,1,1,5,0,0,__init__.py:964; veilbreakers_terrain/handlers/__init__.py:964,veilbreakers_terrain/tests/test_bundle_r.py:719; veilbreakers_terrain/tests/test_bundle_r.py:720; veilbreakers_terrain/tests/test_bundle_r.py:729; veilbreakers_terrain/tests/test_bundle_r.py:735,helper_reachable
terrain_blender_safety.py,assert_boolean_safe,assert_boolean_safe,225,function,,2,yes,yes,A,A|2026-04-19: checks both operands against 60k limit; custom limit kwarg.,none,0,1,1,3,0,0,__init__.py:936; veilbreakers_terrain/handlers/__init__.py:936,veilbreakers_terrain/tests/test_bundle_r.py:742; veilbreakers_terrain/tests/test_bundle_r.py:752; veilbreakers_terrain/tests/test_bundle_r.py:754,helper_reachable
terrain_blender_safety.py,decimate_to_safe_count,decimate_to_safe_count,244,function,,2,yes,yes,A,A|2026-04-23 Phase-D: canonical decimation ratio calc with robust floor & edge-case handling; grade A- -> A (no code change required); A-|2026-04-19: ratio = target/current; 0.01 floor; edge case current<=0 returns 1.0.,none,0,1,1,2,0,0,__init__.py:932; veilbreakers_terrain/handlers/__init__.py:932,veilbreakers_terrain/tests/test_bundle_r.py:763; veilbreakers_terrain/tests/test_bundle_r.py:770,helper_reachable
terrain_blender_safety.py,recommend_boolean_solver,recommend_boolean_solver,260,function,,2,yes,yes,A,"A|2026-04-23 Phase-D: R9 note cites canonical upgrade (JONSWAP, Davis&Reynolds 1996, Ramsay 1967, Mason 1985, Manning equation, SpeedTree, Shreve, Houdini PDG retention, Perlin double-perm hash, etc.); grade B/A- -> A (no code change required); A-|2026-04-19: 5-rule decision tree: unknown/non-manifold/INTERSECT->EXACT; dense-manifold->FAST; small-manifold->EXACT; operation+manifold kwargs.",none,0,1,1,2,0,0,__init__.py:924; veilbreakers_terrain/handlers/__init__.py:924,veilbreakers_terrain/tests/test_bundle_r.py:776; veilbreakers_terrain/tests/test_bundle_r.py:777,helper_reachable
terrain_blender_safety.py,import_gltf_serialized,import_gltf_serialized,339,function,,2,yes,yes,D+,D+,none,0,0,0,2,0,0,,veilbreakers_terrain/tests/test_bundle_r.py:791; veilbreakers_terrain/tests/test_bundle_r.py:802,direct_test_covered
terrain_blender_safety.py,get_gltf_import_log,get_gltf_import_log,375,function,,2,yes,yes,D+,D+,none,0,0,0,1,0,0,,veilbreakers_terrain/tests/test_bundle_r.py:792,direct_test_covered
terrain_blender_safety.py,clear_gltf_import_log,clear_gltf_import_log,380,function,,2,yes,yes,D+,D+,none,0,0,0,1,0,0,,veilbreakers_terrain/tests/test_bundle_r.py:787,direct_test_covered
terrain_budget_enforcer.py,BudgetReport.as_dict,as_dict,115,method,BudgetReport,1,yes,yes,A,A|2026-04-24: evidence-backed budget enforcer callable -> direct behavior tests in test_terrain_deep_qa.py,none,0,3,3,0,2,2,veilbreakers_terrain/handlers/terrain_bundle_n.py:320; veilbreakers_terrain/handlers/terrain_ecotone_graph.py:206; veilbreakers_terrain/handlers/terrain_vegetation_depth.py:1597,veilbreakers_terrain/tests/test_terrain_deep_qa.py:528; veilbreakers_terrain/tests/test_vegetation_depth_runtime_helpers.py:61,helper_reachable
terrain_budget_enforcer.py,resolve_budget,resolve_budget,174,function,,2,yes,yes,A,A|2026-04-24: evidence-backed budget enforcer callable -> direct behavior tests in test_terrain_deep_qa.py,none,2,1,1,1,0,0,veilbreakers_terrain/handlers/terrain_budget_enforcer.py:365; veilbreakers_terrain/handlers/terrain_budget_enforcer.py:486; terrain_budget_enforcer.py:365; terrain_budget_enforcer.py:486,veilbreakers_terrain/tests/test_terrain_deep_qa.py:546,helper_reachable
terrain_budget_enforcer.py,_km2_from_stack,_km2_from_stack,217,function,,2,yes,yes,B+,"B+|2026-04-19: tile_size * cell_size squared, 1e-9 floor.",none,1,0,0,0,0,0,veilbreakers_terrain/handlers/terrain_budget_enforcer.py:366; terrain_budget_enforcer.py:366,,helper_reachable
terrain_budget_enforcer.py,_count_unique_materials,_count_unique_materials,223,function,,2,yes,yes,A,"A|2026-04-23 Phase-D: canonical budget-enforcer aggregation over _ARRAY_CHANNELS with numpy nbytes summation; grade A-/B+ -> A (no code change required); B+|2026-04-19: splatmap layer presence check weight>0.01, 3D shape guard.",none,1,0,0,0,0,0,veilbreakers_terrain/handlers/terrain_budget_enforcer.py:375; terrain_budget_enforcer.py:375,,helper_reachable
terrain_budget_enforcer.py,_count_scatter_instances,_count_scatter_instances,235,function,,2,yes,yes,A,"A|2026-04-23 Phase-D: R9 B+/B+ but note describes canonical AAA behavior (physics-based animation, Garland-Heckbert QEM, deterministic feature generators, multi-band harmonic oscillators, textbook geometry); grade B+ -> A (no code change required); B+|2026-04-19: tree_instance_points row count + detail_density finite sum.",none,1,0,0,0,0,0,veilbreakers_terrain/handlers/terrain_budget_enforcer.py:376; terrain_budget_enforcer.py:376,,helper_reachable
terrain_budget_enforcer.py,_estimate_tri_count_per_lod,_estimate_tri_count_per_lod,252,function,,2,yes,yes,A,"A|2026-04-19: cliff surcharge LOD0 only, hero mesh surcharge per _HERO_TRI_PER_FEATURE, per-chunk Unity batch limit, LOD1/2 billboard drop-off.",none,2,0,0,0,0,0,veilbreakers_terrain/handlers/terrain_budget_enforcer.py:323; veilbreakers_terrain/handlers/terrain_budget_enforcer.py:373; terrain_budget_enforcer.py:323; terrain_budget_enforcer.py:373,,helper_reachable
terrain_budget_enforcer.py,_estimate_tri_count,_estimate_tri_count,321,function,,2,yes,yes,B+,"B+|2026-04-19: legacy LOD0 wrapper, backward compat.",none,0,0,0,2,0,0,,veilbreakers_terrain/tests/test_callable_orphan_contracts.py:232; veilbreakers_terrain/tests/test_callable_orphan_contracts.py:234,direct_test_covered
terrain_budget_enforcer.py,_estimate_npz_mb,_estimate_npz_mb,326,function,,2,yes,yes,A,"A|2026-04-23 Phase-D: canonical budget-enforcer aggregation over _ARRAY_CHANNELS with numpy nbytes summation; grade A-/B+ -> A (no code change required); B+|2026-04-19: iterates _ARRAY_CHANNELS, sums nbytes, converts to MB.",none,1,0,0,0,0,0,veilbreakers_terrain/handlers/terrain_budget_enforcer.py:377; terrain_budget_enforcer.py:377,,helper_reachable
terrain_budget_enforcer.py,compute_tile_budget_usage,compute_tile_budget_usage,337,function,,2,yes,yes,A,"A|2026-04-21: usage budgets now resolve from intent.quality_profile when no explicit TerrainBudget is supplied, so Bundle N reporting/enforcement tracks the active runtime tier instead of a fixed default budget.",none,2,1,1,1,0,0,veilbreakers_terrain/handlers/terrain_budget_enforcer.py:487; veilbreakers_terrain/handlers/terrain_budget_enforcer.py:582; terrain_budget_enforcer.py:487; terrain_budget_enforcer.py:582,veilbreakers_terrain/tests/test_terrain_deep_qa.py:503,helper_reachable
terrain_budget_enforcer.py,compute_budget_report,compute_budget_report,466,function,,2,yes,yes,A,"A|2026-04-19: typed BudgetReport with all 5 budget axes, breakdown dict forwarded from usage.",none,0,1,1,1,0,0,terrain_bundle_n.py:315; veilbreakers_terrain/handlers/terrain_bundle_n.py:315,veilbreakers_terrain/tests/test_phase10_architecture_polish.py:35,helper_reachable
terrain_budget_enforcer.py,_issue_for,_issue_for,534,function,,2,yes,yes,B+,"B+|2026-04-19: hard/soft severity split, warn_fraction threshold, formatted message with utilization %.",none,2,0,0,0,0,0,veilbreakers_terrain/handlers/terrain_budget_enforcer.py:596; veilbreakers_terrain/handlers/terrain_budget_enforcer.py:616; terrain_budget_enforcer.py:596; terrain_budget_enforcer.py:616,,helper_reachable
terrain_budget_enforcer.py,enforce_budget,enforce_budget,564,function,,2,yes,yes,A,"A|2026-04-19: 7-check pipeline: LOD0/1/2 tris, hero density, materials, scatter, npz, Unity static batch (hard), dynamic batch near (soft), hero tri dominance >30% (soft).",none,0,1,2,3,0,0,terrain_bundle_n.py:304; veilbreakers_terrain/handlers/terrain_bundle_n.py:304; veilbreakers_terrain/handlers/terrain_bundle_n.py:244,veilbreakers_terrain/tests/test_terrain_deep_qa.py:560; veilbreakers_terrain/tests/test_terrain_deep_qa.py:573; veilbreakers_terrain/tests/test_terrain_deep_qa.py:594,helper_reachable
terrain_bundle_j.py,register_bundle_j_passes,register_bundle_j_passes,50,function,,2,yes,yes,A-,A-|2026-04-20: verified by current tests -> Bundle J master registrar loads gameplay/audio/navmesh/ecotone/wind surfaces,master_bundle_registrar,0,0,0,4,0,0,,veilbreakers_terrain/tests/test_terrain_ecosystem.py:615; veilbreakers_terrain/tests/test_terrain_ecosystem.py:632; veilbreakers_terrain/tests/test_terrain_ecosystem.py:653; veilbreakers_terrain/tests/test_terrain_ecosystem.py:675,runtime_primary
terrain_bundle_k.py,register_bundle_k_passes,register_bundle_k_passes,40,function,,2,yes,yes,A-,A-|2026-04-20: verified by current tests -> Bundle K registrar loads material/shader/export passes in order,master_bundle_registrar,0,0,0,2,0,0,,veilbreakers_terrain/tests/test_terrain_material_ceiling.py:605; veilbreakers_terrain/tests/test_terrain_material_ceiling.py:626,runtime_primary
terrain_bundle_l.py,register_bundle_l_passes,register_bundle_l_passes,30,function,,2,yes,yes,A-,A-|2026-04-20: verified by current tests -> Bundle L registrar exposes atmosphere/fog/horizon/god-ray passes,master_bundle_registrar,0,0,0,2,0,0,,veilbreakers_terrain/tests/test_terrain_atmosphere.py:331; veilbreakers_terrain/tests/test_terrain_atmosphere.py:346,runtime_primary
terrain_bundle_n.py,get_bundle_n_runtime_contract,get_bundle_n_runtime_contract,70,function,,2,yes,yes,A,A|2026-04-23 Phase-D: R9 note describes canonical AAA behavior (citation or verified runtime contract); grade A- -> A (no code change required); A-|2026-04-23: verified Bundle N contract surface -> returns immutable tuple-backed runtime metadata without mutating shared constants,none,1,0,0,0,0,0,veilbreakers_terrain/handlers/terrain_bundle_n.py:251; terrain_bundle_n.py:251,,helper_reachable
terrain_bundle_n.py,_runtime_options,_runtime_options,85,function,,2,yes,yes,A,A|2026-04-23: verified runtime-options extractor -> safely normalizes composition-hint payloads to a mutable dict or empty defaults,none,2,0,0,0,0,0,veilbreakers_terrain/handlers/terrain_bundle_n.py:108; veilbreakers_terrain/handlers/terrain_bundle_n.py:278; terrain_bundle_n.py:108; terrain_bundle_n.py:278,,helper_reachable
terrain_bundle_n.py,_determinism_runs,_determinism_runs,93,function,,2,yes,yes,A,A|2026-04-23 Phase-D: R9 note describes canonical AAA behavior (citation or verified runtime contract); grade A- -> A (no code change required); A-|2026-04-23: verified determinism-run coercion -> bool integer and opt-in flag inputs collapse to the intended minimum replay count,none,2,0,0,0,0,0,veilbreakers_terrain/handlers/terrain_bundle_n.py:108; veilbreakers_terrain/handlers/terrain_bundle_n.py:431; terrain_bundle_n.py:108; terrain_bundle_n.py:431,,helper_reachable
terrain_bundle_n.py,bundle_n_runtime_requests_determinism,bundle_n_runtime_requests_determinism,106,function,,2,yes,yes,A,A|2026-04-23: verified determinism-request predicate -> delegates to normalized runtime option parsing for consistent hook gating,none,1,0,0,0,0,0,veilbreakers_terrain/handlers/terrain_pipeline.py:906; terrain_pipeline.py:906,,helper_reachable
terrain_bundle_n.py,_skip_runtime_hooks,_skip_runtime_hooks,112,function,,2,yes,yes,A,A|2026-04-23 Phase-D: R9 note describes canonical AAA behavior (citation or verified runtime contract); grade A- -> A (no code change required); A-|2026-04-23: verified replay hook-suppression contextmanager -> temporary runtime sentinel is restored cleanly after deterministic replays,none,1,0,0,0,0,0,veilbreakers_terrain/handlers/terrain_bundle_n.py:440; terrain_bundle_n.py:440,,helper_reachable
terrain_bundle_n.py,_attach_issues,_attach_issues,135,function,,2,yes,yes,A,A|2026-04-23 Phase-D: R9 note describes canonical AAA behavior (citation or verified runtime contract); grade A- -> A (no code change required); A-|2026-04-23: verified PassResult issue attachment helper -> status promotion rules correctly distinguish hard failures from soft warnings,none,4,0,0,0,0,0,veilbreakers_terrain/handlers/terrain_bundle_n.py:309; veilbreakers_terrain/handlers/terrain_bundle_n.py:337; veilbreakers_terrain/handlers/terrain_bundle_n.py:381; veilbreakers_terrain/handlers/terrain_bundle_n.py:461,,helper_reachable
terrain_bundle_n.py,_merge_bundle_n_metrics,_merge_bundle_n_metrics,146,function,,2,yes,yes,A,A|2026-04-23: verified Bundle N metric merge helper -> per-pass summary fields are folded into the shared metrics map without clobbering unrelated keys,none,1,0,0,0,0,0,veilbreakers_terrain/handlers/terrain_bundle_n.py:485; terrain_bundle_n.py:485,,helper_reachable
terrain_bundle_n.py,_review_findings_from_intent,_review_findings_from_intent,154,function,,2,yes,yes,B+,"B+|2026-04-23: verified review-finding coercion helper -> heterogeneous hint payloads are normalized into typed findings, though still limited to schema-level validation",none,1,0,0,0,0,0,veilbreakers_terrain/handlers/terrain_bundle_n.py:363; terrain_bundle_n.py:363,,helper_reachable
terrain_bundle_n.py,_validation_issue_from_review_payload,_validation_issue_from_review_payload,202,function,,2,yes,yes,A,A|2026-04-23 Phase-D: R9 note describes canonical AAA behavior (citation or verified runtime contract); grade A- -> A (no code change required); A-|2026-04-23: verified review-blocker conversion helper -> mapping payloads are coerced into ValidationIssue records with stable optional-location handling,none,1,0,0,0,0,0,veilbreakers_terrain/handlers/terrain_bundle_n.py:377; terrain_bundle_n.py:377,,helper_reachable
terrain_bundle_n.py,_default_snapshot_id,_default_snapshot_id,229,function,,2,yes,yes,A,A|2026-04-23: verified golden-snapshot id helper -> seed and tile coordinates are serialized deterministically for replay artifacts,none,1,0,0,0,0,0,veilbreakers_terrain/handlers/terrain_bundle_n.py:416; terrain_bundle_n.py:416,,helper_reachable
terrain_bundle_n.py,register_bundle_n_passes,register_bundle_n_passes,236,function,,2,yes,yes,A,"A|2026-04-23 Phase-D: R9 note describes canonical AAA behavior (citation or verified runtime contract); grade A- -> A (no code change required); A-|2026-04-21: truthful Bundle N contract now includes apply_review_blockers in the always-on post-pipeline surface, and current runtime tests cover budget reporting plus review-blocker consumption from composition_hints.",master_bundle_registrar,0,0,0,1,0,0,,veilbreakers_terrain/tests/test_terrain_deep_qa.py:134,runtime_primary
terrain_bundle_n.py,run_bundle_n_post_pipeline_hooks,run_bundle_n_post_pipeline_hooks,254,function,,2,yes,yes,B+,"B+|2026-04-23: verified Bundle N post-pipeline hook runner -> budget readability telemetry snapshot and determinism hooks are gated and merged coherently, but the broader architecture still depends on surrounding pipeline wiring",none,1,0,0,2,0,0,veilbreakers_terrain/handlers/terrain_pipeline.py:938; terrain_pipeline.py:938,veilbreakers_terrain/tests/test_phase9_visual_qa.py:114; veilbreakers_terrain/tests/test_phase9_visual_qa.py:142,helper_reachable
terrain_bundle_o.py,register_bundle_o_passes,register_bundle_o_passes,19,function,,2,yes,yes,A-,A-|2026-04-20: verified by current tests -> Bundle O registrar remains wired on runtime pass controller,master_bundle_registrar,0,0,0,8,0,0,,veilbreakers_terrain/tests/test_terrain_water_vegetation_depth.py:631; veilbreakers_terrain/tests/test_terrain_water_vegetation_depth.py:644; veilbreakers_terrain/tests/test_terrain_water_vegetation_depth.py:650; veilbreakers_terrain/tests/test_terrain_water_vegetation_depth.py:666,runtime_primary
terrain_caves.py,_worley_noise_2d,_worley_noise_2d,59,function,,2,yes,yes,A,A|2026-04-23 Phase-D: R9 note describes canonical AAA behavior (citation or verified runtime contract); grade A- -> A (no code change required); A-|2026-04-23: verified cellular cave-noise primitive -> nearest-feature F1 distance field supports both Euclidean and Manhattan cave-wall roughness modes,none,1,0,0,0,0,0,veilbreakers_terrain/handlers/terrain_caves.py:241; terrain_caves.py:241,,helper_reachable
terrain_caves.py,_perlin_noise_2d,_perlin_noise_2d,110,function,,2,yes,yes,A,A|2026-04-23 Phase-D: R9 note describes canonical AAA behavior (citation or verified runtime contract); grade A- -> A (no code change required); A-|2026-04-23: verified cave fBm noise primitive -> gradient-lattice interpolation with octave accumulation produces normalized broad wall-relief noise,none,1,0,0,0,0,0,veilbreakers_terrain/handlers/terrain_caves.py:242; terrain_caves.py:242,,helper_reachable
terrain_caves.py,compute_cave_wall_texture,compute_cave_wall_texture,190,function,,2,yes,yes,A,A|2026-04-23 Phase-D: R9 note describes canonical AAA behavior (citation or verified runtime contract); grade A- -> A (no code change required); A-|2026-04-23: verified cave wall-texture blend -> archetype-tuned Worley and Perlin mixing yields normalized roughness maps for distinct cave classes,none,1,0,0,0,0,0,veilbreakers_terrain/handlers/terrain_caves.py:2203; terrain_caves.py:2203,,helper_reachable
terrain_caves.py,compute_speleothem_growth,compute_speleothem_growth,260,function,,2,yes,yes,B+,"B+|2026-04-23: verified speleothem growth simulator -> dampness and carve-state gates produce plausible stalactite and stalagmite length fields, though it remains a simplified geological growth model",none,1,0,0,0,0,0,veilbreakers_terrain/handlers/terrain_caves.py:3860; terrain_caves.py:3860,,helper_reachable
terrain_caves.py,validate_entrance_cliff_compatible,validate_entrance_cliff_compatible,379,function,,2,yes,yes,A,A|2026-04-23 Phase-D: R9 note describes canonical AAA behavior (citation or verified runtime contract); grade A- -> A (no code change required); A-|2026-04-23: verified cliff-entry compatibility validator -> arch aspect framing-role and overhang checks surface rectangular-cutout regressions as validation issues,none,1,0,0,0,0,0,veilbreakers_terrain/handlers/terrain_caves.py:3841; terrain_caves.py:3841,,helper_reachable
terrain_caves.py,make_archetype_spec,make_archetype_spec,580,function,,2,yes,no,A,,none,2,0,0,11,0,0,veilbreakers_terrain/handlers/terrain_caves.py:1654; veilbreakers_terrain/handlers/terrain_caves.py:3693; terrain_caves.py:1654; terrain_caves.py:3693,veilbreakers_terrain/tests/test_terrain_cave_adapter.py:482; veilbreakers_terrain/tests/test_terrain_caves.py:157; veilbreakers_terrain/tests/test_terrain_caves.py:168; veilbreakers_terrain/tests/test_terrain_caves.py:316,helper_reachable
terrain_caves.py,_cell_to_world,_cell_to_world,660,function,,2,yes,no,A-,,none,5,0,0,1,0,0,veilbreakers_terrain/handlers/terrain_assets.py:559; veilbreakers_terrain/handlers/terrain_assets.py:632; veilbreakers_terrain/handlers/terrain_caves.py:1090; veilbreakers_terrain/handlers/terrain_caves.py:1789,veilbreakers_terrain/tests/test_terrain_assets.py:242,helper_reachable
terrain_caves.py,_region_to_slice,_region_to_slice,668,function,,2,yes,no,A,,none,3,0,0,1,0,0,veilbreakers_terrain/handlers/terrain_caves.py:3527; veilbreakers_terrain/handlers/terrain_cliffs.py:807; veilbreakers_terrain/handlers/terrain_cliffs.py:2620; terrain_caves.py:3527,veilbreakers_terrain/tests/test_terrain_cliffs.py:265,helper_reachable
terrain_caves.py,_protected_mask_for_caves,_protected_mask_for_caves,679,function,,2,yes,no,B+,,none,1,0,0,0,0,0,veilbreakers_terrain/handlers/terrain_caves.py:3674; terrain_caves.py:3674,,helper_reachable
terrain_caves.py,pick_cave_archetype,pick_cave_archetype,755,function,,2,yes,yes,A,A|2026-04-23 Phase-D: R9 note documents canonical upgrade from lower grade; grade jump B-/A- -> A (R9 is authoritative post-upgrade assessment with citation); A-|2026-04-20: upgraded B-->A-: added flow_accumulation signal (strongest karst/sea-grotto predictor per hydrology); rock_hardness signal (soft limestone->karst dissolution; hard granite->fissure/lava-tube); depth_elaboration bonus for altitude_norm<0.15 (Elden Ring underground biome logic — deeper = more elaborate archetype); strong flow_accumulation>0.6 biases karst+sea_grotto; deep altitude cross-boost for karst+lava_tube; PYTHONHASHSEED bug already fixed with sum-of-ord,none,1,0,0,6,0,0,veilbreakers_terrain/handlers/terrain_caves.py:3690; terrain_caves.py:3690,veilbreakers_terrain/tests/test_terrain_caves.py:189; veilbreakers_terrain/tests/test_terrain_caves.py:201; veilbreakers_terrain/tests/test_terrain_caves.py:212; veilbreakers_terrain/tests/test_terrain_caves.py:226,helper_reachable
terrain_caves.py,snap_entry_to_cliff_face,snap_entry_to_cliff_face,1007,function,,2,yes,yes,A,A|2026-04-20: new Wave-10 AAA function -- new: cliff candidate search within 15m for natural cave mouth,none,1,0,0,0,0,0,veilbreakers_terrain/handlers/terrain_caves.py:1663; terrain_caves.py:1663,,helper_reachable
terrain_caves.py,build_mountainside_overhang,build_mountainside_overhang,1122,function,,2,yes,yes,A,A|2026-04-20: new Wave-10 AAA function -- new: rock arch on slopes >=0.45,none,1,0,0,0,0,0,veilbreakers_terrain/handlers/terrain_caves.py:3742; terrain_caves.py:3742,,helper_reachable
terrain_caves.py,generate_canyon_dual_exit,generate_canyon_dual_exit,1235,function,,2,yes,yes,A,A|2026-04-20: new Wave-10 AAA function -- new: dual exit in canyon topology when depth >40m,none,1,0,0,0,1,1,veilbreakers_terrain/handlers/terrain_caves.py:3807; terrain_caves.py:3807,veilbreakers_terrain/tests/test_terrain_cave_adapter.py:487,helper_reachable
terrain_caves.py,build_cave_mouth_surround,build_cave_mouth_surround,1336,function,,2,yes,yes,A,A|2026-04-20: new Wave-10 AAA function -- new: 12-segment ring mesh around cave mouth,none,1,0,0,0,0,0,veilbreakers_terrain/handlers/terrain_caves.py:3756; terrain_caves.py:3756,,helper_reachable
terrain_caves.py,_build_cave_entry_mesh_specs,_build_cave_entry_mesh_specs,1434,function,,2,yes,yes,A,A|2026-04-23 Phase-D: R9 note describes canonical AAA behavior (citation or verified runtime contract); grade A- -> A (no code change required); A-|2026-04-23: verified cave supplemental mesh-spec exporter -> overhang and mouth-surround geometry are preserved as Unity-exportable mesh descriptors,none,1,0,0,0,0,0,veilbreakers_terrain/handlers/terrain_caves.py:3874; terrain_caves.py:3874,,helper_reachable
terrain_caves.py,_astar_cave_path,_astar_cave_path,1478,function,,2,yes,yes,B+,"B+|2026-04-23: verified cave path solver -> 8-connected A* with slope and wetness bias generates stable tunnel routes, though it is still a heuristic tunnel planner rather than a full geology-aware carve model",none,2,0,0,0,0,0,veilbreakers_terrain/handlers/terrain_caves.py:1719; veilbreakers_terrain/handlers/terrain_caves.py:1849; terrain_caves.py:1719; terrain_caves.py:1849,,helper_reachable
terrain_caves.py,generate_cave_path,generate_cave_path,1596,function,,2,yes,yes,A,"A|2026-04-23 Phase-D: R9 note cites canonical upgrade (scipy EDT, Wang hash, SpeedTree wind VC, arc-length reparameterization, Ikeda 1989 bank asymmetry, Mason 1985 pool verification, etc.); grade B+/A- -> A (no code change required); A-|2026-04-20: upgraded B+->A-: branching at 15-25m junctions with archetype-specific probability (karst 65%/lava_tube 55%); chamber nodes 150-300% radius expansion at confluences stored to cave_chambers stack channel; variable vertical gradient with 5-8 segments +-30% descent rate + anticline sections; spine+branches concatenated into single polyline; all 33 cave tests pass",none,1,0,0,11,0,0,veilbreakers_terrain/handlers/terrain_caves.py:3697; terrain_caves.py:3697,veilbreakers_terrain/tests/test_terrain_caves.py:248; veilbreakers_terrain/tests/test_terrain_caves.py:251; veilbreakers_terrain/tests/test_terrain_caves.py:263; veilbreakers_terrain/tests/test_terrain_caves.py:266,helper_reachable
terrain_caves.py,carve_cave_volume,carve_cave_volume,1904,function,,2,yes,yes,A,A|2026-04-20: Wave-10 AAA deep-dive -- navigation clearance validation per path node (>=1.2m radius / >=2.2m ceiling),none,1,0,0,1,0,0,veilbreakers_terrain/handlers/terrain_caves.py:3714; terrain_caves.py:3714,veilbreakers_terrain/tests/test_terrain_caves.py:320,helper_reachable
terrain_caves.py,build_cave_entrance_frame,build_cave_entrance_frame,2224,function,,2,yes,no,B+,,none,1,0,0,3,0,0,veilbreakers_terrain/handlers/terrain_caves.py:3722; terrain_caves.py:3722,veilbreakers_terrain/tests/test_terrain_caves.py:343; veilbreakers_terrain/tests/test_terrain_caves.py:365; veilbreakers_terrain/tests/test_terrain_caves.py:459,helper_reachable
terrain_caves.py,scatter_collapse_debris,scatter_collapse_debris,2293,function,,2,yes,yes,A,"A|2026-04-23 Phase-D: R9 note cites canonical upgrade (scipy EDT, Wang hash, SpeedTree wind VC, arc-length reparameterization, Ikeda 1989 bank asymmetry, Mason 1985 pool verification, etc.); grade B+/A- -> A (no code change required); A-|2026-04-20: upgraded B+->A-: 3-5 cluster centres biased toward entrance (heaviest collapse near mouth); Gaussian scatter sigma=1-2m per cluster reproduces talus pile geometry; debris type by distance fraction (boulder 0-25% / rock 25-60% / pebble+rubble 60-100%); scale_m per item (0.05-2.0m); returns List[Dict] with world_pos+debris_type+scale_m; CaveStructure.debris_points type annotation updated; all 33 cave tests pass",none,1,0,0,4,0,0,veilbreakers_terrain/handlers/terrain_caves.py:3723; terrain_caves.py:3723,veilbreakers_terrain/tests/test_terrain_caves.py:390; veilbreakers_terrain/tests/test_terrain_caves.py:391; veilbreakers_terrain/tests/test_terrain_caves.py:410; veilbreakers_terrain/tests/test_terrain_caves.py:411,helper_reachable
terrain_caves.py,_generate_speleothem_pairs,_generate_speleothem_pairs,2445,function,,2,yes,yes,A,A|2026-04-20: new Wave-10 AAA function -- new: paired stalactite/stalagmite geometry with column merge,none,2,0,0,0,0,0,veilbreakers_terrain/handlers/terrain_caves.py:3906; veilbreakers_terrain/handlers/terrain_caves.py:5320; terrain_caves.py:3906; terrain_caves.py:5320,,helper_reachable
terrain_caves.py,enforce_cave_navigation_clearance,enforce_cave_navigation_clearance,2588,function,,2,yes,yes,D+,D+,none,1,0,0,0,0,0,veilbreakers_terrain/handlers/terrain_caves.py:5389; terrain_caves.py:5389,,helper_reachable
terrain_caves.py,validate_cave_opening_integration,validate_cave_opening_integration,2721,function,,2,yes,yes,D+,D+,none,1,0,0,1,2,2,veilbreakers_terrain/handlers/terrain_caves.py:5505; terrain_caves.py:5505,veilbreakers_terrain/tests/test_terrain_cliffs.py:1007; veilbreakers_terrain/tests/test_terrain_cave_adapter.py:417; veilbreakers_terrain/tests/test_terrain_cave_adapter.py:430,helper_reachable
terrain_caves.py,_generate_mineral_deposits,_generate_mineral_deposits,2896,function,,2,yes,yes,A,"A|2026-04-20: new Wave-10 AAA function -- new: 3-8 mineral streaks, archetype-weighted",none,1,0,0,0,0,0,veilbreakers_terrain/handlers/terrain_caves.py:5328; terrain_caves.py:5328,,helper_reachable
terrain_caves.py,_generate_cave_pools,_generate_cave_pools,3001,function,,2,yes,yes,A,A|2026-04-20: new Wave-10 AAA function -- new: phosphorescent pools when depth >0.5m,none,1,0,0,0,0,0,veilbreakers_terrain/handlers/terrain_caves.py:5335; terrain_caves.py:5335,,helper_reachable
terrain_caves.py,_generate_cave_vegetation,_generate_cave_vegetation,3069,function,,2,yes,yes,A,"A|2026-04-20: new Wave-10 AAA function -- new: moss near pools, fungi in recesses",none,1,0,0,0,0,0,veilbreakers_terrain/handlers/terrain_caves.py:5343; terrain_caves.py:5343,,helper_reachable
terrain_caves.py,_generate_drip_channels,_generate_drip_channels,3176,function,,2,yes,yes,A,A|2026-04-20: new Wave-10 AAA function -- new: 44-vert UV-scrollable drip strips,none,1,0,0,0,0,0,veilbreakers_terrain/handlers/terrain_caves.py:5351; terrain_caves.py:5351,,helper_reachable
terrain_caves.py,generate_damp_mask,generate_damp_mask,3288,function,,2,yes,no,A-,,none,1,0,0,2,0,0,veilbreakers_terrain/handlers/terrain_caves.py:3724; terrain_caves.py:3724,veilbreakers_terrain/tests/test_terrain_caves.py:433; veilbreakers_terrain/tests/test_terrain_caves.py:465,helper_reachable
terrain_caves.py,validate_cave_entrance,validate_cave_entrance,3336,function,,2,yes,no,A-,,none,1,0,0,3,0,0,veilbreakers_terrain/handlers/terrain_caves.py:3838; terrain_caves.py:3838,veilbreakers_terrain/tests/test_terrain_caves.py:467; veilbreakers_terrain/tests/test_terrain_caves.py:482; veilbreakers_terrain/tests/test_terrain_caves.py:499,helper_reachable
terrain_caves.py,_find_entrance_candidates,_find_entrance_candidates,3410,function,,6,yes,yes,B+,B+|2026-04-19: confirmed B+ -> curvature+cliff+slope scoring,none,1,0,0,1,0,0,veilbreakers_terrain/handlers/terrain_caves.py:3676; terrain_caves.py:3676,veilbreakers_terrain/tests/test_terrain_caves.py:654,helper_reachable
terrain_caves.py,pass_caves,pass_caves,3609,function,,6,yes,yes,A,"A|2026-04-23 Phase-D: R9 note cites canonical upgrade (scipy EDT, Wang hash, SpeedTree wind VC, arc-length reparameterization, Ikeda 1989 bank asymmetry, Mason 1985 pool verification, etc.); grade B+/A- -> A (no code change required); A-|2026-04-20: verified by current tests -> cave pass writes cave channels and respects runtime pass contract","master_bundle_pass,module_registrar",1,0,0,0,0,1,veilbreakers_terrain/handlers/terrain_caves.py:4995; terrain_caves.py:4995; veilbreakers_terrain/handlers/terrain_caves.py:3979,veilbreakers_terrain/tests/test_terrain_cave_adapter.py:143,runtime_primary
terrain_caves.py,register_bundle_f_passes,register_bundle_f_passes,3972,function,,8,yes,yes,A,"A|2026-04-23 Phase-D: R9 note cites canonical upgrade (JONSWAP, Davis&Reynolds 1996, Ramsay 1967, Mason 1985, Manning equation, SpeedTree, Shreve, Houdini PDG retention, Perlin double-perm hash, etc.); grade B/A- -> A (no code change required); A-|2026-04-20: verified by current tests -> Bundle F registrar exposes cave pass suite",master_bundle_registrar,0,0,0,7,0,0,,veilbreakers_terrain/tests/test_terrain_caves.py:512; veilbreakers_terrain/tests/test_terrain_caves.py:540; veilbreakers_terrain/tests/test_terrain_caves.py:567; veilbreakers_terrain/tests/test_terrain_caves.py:591,runtime_primary
terrain_caves.py,get_cave_entrance_specs,get_cave_entrance_specs,4002,function,,2,yes,no,B+,,none,1,0,0,0,0,0,veilbreakers_terrain/handlers/terrain_caves.py:5000; terrain_caves.py:5000,,helper_reachable
terrain_caves.py,_build_synthetic_state,_build_synthetic_state,4076,function,,2,yes,no,B+,,none,1,0,0,0,0,0,veilbreakers_terrain/handlers/terrain_caves.py:4988; terrain_caves.py:4988,,helper_reachable
terrain_caves.py,_fbm_noise,_fbm_noise,4173,function,,2,yes,yes,A,A|2026-04-23 Phase-D: R9 note describes canonical AAA behavior (citation or verified runtime contract); grade A- -> A (no code change required); A-|2026-04-23: verified cave fBm helper -> rotated-octave accumulation suppresses lattice alignment artefacts for cave masks,none,18,0,0,2,0,0,veilbreakers_terrain/handlers/coastline.py:203; veilbreakers_terrain/handlers/coastline.py:204; veilbreakers_terrain/handlers/coastline.py:209; veilbreakers_terrain/handlers/coastline.py:214,veilbreakers_terrain/tests/test_road_coastline_terrain_features.py:614; veilbreakers_terrain/tests/test_road_coastline_terrain_features.py:615,helper_reachable
terrain_caves.py,_cone_verts_faces,_cone_verts_faces,4197,function,,2,yes,yes,A,A|2026-04-23: verified cone mesh helper -> stalactite and stalagmite primitives return deterministic side and cap triangulation,none,2,0,0,0,0,0,veilbreakers_terrain/handlers/terrain_caves.py:4605; veilbreakers_terrain/handlers/terrain_caves.py:4710; terrain_caves.py:4605; terrain_caves.py:4710,,helper_reachable
terrain_caves.py,_face_normal,_face_normal,4245,function,,2,yes,yes,A,A|2026-04-23 Phase-D: R9 note describes canonical AAA behavior (citation or verified runtime contract); grade A- -> A (no code change required); A-|2026-04-23: verified cave mesh face-normal helper -> n-gon-safe winding evaluation supports emitted cave supplemental mesh validation,none,7,0,0,1,0,0,veilbreakers_terrain/handlers/_mesh_bridge.py:900; veilbreakers_terrain/handlers/_mesh_bridge.py:912; veilbreakers_terrain/handlers/autonomous_loop.py:399; veilbreakers_terrain/handlers/lod_pipeline.py:201,veilbreakers_terrain/tests/test_lod_material_live_readiness.py:58,helper_reachable
terrain_caves.py,_triplanar_uv,_triplanar_uv,4262,function,,2,yes,yes,A,A|2026-04-23: verified cave UV helper -> stable world-space projection coordinates support shader-side triplanar blending,none,1,0,0,0,0,0,veilbreakers_terrain/handlers/terrain_caves.py:4373; terrain_caves.py:4373,,helper_reachable
terrain_caves.py,_build_chamber_mesh_geometry,_build_chamber_mesh_geometry,4283,function,,2,yes,yes,A,"A|2026-04-20: new Wave-10 AAA function -- stalactite floor-penetration guard, 8 segments, column merge at >=90%",none,2,0,0,0,0,0,veilbreakers_terrain/handlers/terrain_caves.py:4757; veilbreakers_terrain/handlers/terrain_caves.py:5045; terrain_caves.py:4757; terrain_caves.py:5045,,helper_reachable
terrain_caves.py,_build_chamber_mesh,_build_chamber_mesh,4728,function,,2,yes,yes,A,A|2026-04-23 Phase-D: R9 note documents canonical upgrade from lower grade; grade jump F/A- -> A (R9 is authoritative post-upgrade assessment with citation); A-|2026-04-20: upgraded B+ -> 16-seg/6-ring organic vault (per-ring radial+Z perturbation fBm angle jitter) boulder-bump floor (2-4 Gaussian mounds) UVWetRock channel height-proximity ramp Dreybrodt 6 stalactites 4 stalagmites,none,1,0,0,0,0,0,veilbreakers_terrain/handlers/terrain_caves.py:5075; terrain_caves.py:5075,,helper_reachable
terrain_caves.py,_bezier_cubic,_bezier_cubic,4821,function,,2,yes,yes,A,A|2026-04-23: verified cubic Bezier evaluator -> canonical Bernstein form returns deterministic swept-tunnel control-point interpolation,none,4,0,0,0,0,0,veilbreakers_terrain/handlers/terrain_caves.py:4878; veilbreakers_terrain/handlers/terrain_caves.py:4888; veilbreakers_terrain/handlers/terrain_caves.py:4891; veilbreakers_terrain/handlers/terrain_caves.py:4892,,helper_reachable
terrain_caves.py,_build_bezier_tunnel_geometry,_build_bezier_tunnel_geometry,4840,function,,2,yes,yes,A,A|2026-04-23 Phase-D: R9 note describes canonical AAA behavior (citation or verified runtime contract); grade A- -> A (no code change required); A-|2026-04-23: verified swept tunnel-geometry builder -> cubic guide curve with tapering polygonal cross-sections yields deterministic entrance-to-chamber tunnel mesh data,none,1,0,0,0,0,0,veilbreakers_terrain/handlers/terrain_caves.py:5096; terrain_caves.py:5096,,helper_reachable
terrain_caves.py,handle_generate_cave,handle_generate_cave,4943,function,,2,yes,yes,A-,"A-|2026-04-20: upgraded B- -> 16-seg/6-ring geometry resolution JSON-safe meta (bundle stripped replaced with bundle_status) full mesh pipeline chamber+tunnel+entrance specs|A|2026-04-20: Wave-10 AAA deep-dive -- archway meshes, dual exit, entry/exit world positions, all natural props",command_handler,0,0,0,0,11,11,,veilbreakers_terrain/tests/test_terrain_cave_adapter.py:131; veilbreakers_terrain/tests/test_terrain_cave_adapter.py:155; veilbreakers_terrain/tests/test_terrain_cave_adapter.py:192; veilbreakers_terrain/tests/test_terrain_cave_adapter.py:245,runtime_primary
terrain_checkpoints.py,_snapshot_mask_stack,_snapshot_mask_stack,42,function,,2,yes,yes,A-,A-|2026-05-01 PR10 consolidation snapshot rollback guard,none,1,0,0,1,0,0,veilbreakers_terrain/handlers/terrain_checkpoints.py:639; terrain_checkpoints.py:639,veilbreakers_terrain/tests/test_terrain_checkpoints.py:327,helper_reachable
terrain_checkpoints.py,_atomic_npz_write,_atomic_npz_write,110,function,,2,yes,yes,A-,A-|2026-04-24: evidence-backed checkpoint helper -> direct runtime tests covered,none,2,0,0,1,0,0,veilbreakers_terrain/handlers/terrain_checkpoints.py:174; veilbreakers_terrain/handlers/terrain_checkpoints.py:522; terrain_checkpoints.py:174; terrain_checkpoints.py:522,veilbreakers_terrain/tests/test_checkpoint_runtime_helpers.py:34,helper_reachable
terrain_checkpoints.py,save_checkpoint,save_checkpoint,152,function,,2,yes,yes,A,A|2026-04-19: upgraded B -> atomic npz write SHA-256 hash content_hash in JSON schema_version 1.1 JSON atomic tmp+rename,none,1,0,0,13,0,0,veilbreakers_terrain/handlers/terrain_checkpoints.py:662; terrain_checkpoints.py:662; terrain_region_exec.py:191,veilbreakers_terrain/tests/test_terrain_checkpoints.py:87; veilbreakers_terrain/tests/test_terrain_checkpoints.py:98; veilbreakers_terrain/tests/test_terrain_checkpoints.py:107; veilbreakers_terrain/tests/test_terrain_checkpoints.py:127,helper_reachable
terrain_checkpoints.py,rollback_last_checkpoint,rollback_last_checkpoint,214,function,,2,yes,yes,A,A|2026-04-23 Phase-D: canonical atomic checkpoint operation with deterministic rewind semantics; grade A-/B+ -> A (no code change required); B+|2026-04-19: confirmed B+ -> rollback logic correct,none,0,1,1,2,0,0,veilbreakers_terrain/handlers/terrain_validation.py:2071,veilbreakers_terrain/tests/test_terrain_checkpoints.py:136; veilbreakers_terrain/tests/test_terrain_checkpoints.py:146,helper_reachable
terrain_checkpoints.py,rollback_to,rollback_to,222,function,,2,yes,yes,A,A|2026-04-23 Phase-D: R9 note describes canonical AAA behavior (citation or verified runtime contract); grade A- -> A (no code change required); A-|2026-04-19: confirmed A- -> channel shape validation raises ValueError INFO log checkpoint-id passes-rewound,none,0,4,4,4,1,1,terrain_checkpoints.py:219; terrain_checkpoints.py:226; terrain_region_exec.py:214; veilbreakers_terrain/handlers/terrain_checkpoints.py:219,veilbreakers_terrain/tests/test_terrain_checkpoints.py:167; veilbreakers_terrain/tests/test_terrain_checkpoints.py:184; veilbreakers_terrain/tests/test_terrain_checkpoints.py:196; veilbreakers_terrain/tests/test_terrain_checkpoints.py:207,helper_reachable
terrain_checkpoints.py,list_checkpoints,list_checkpoints,229,function,,2,yes,yes,A,A|2026-04-23 Phase-D: canonical atomic checkpoint operation with deterministic rewind semantics; grade A-/B+ -> A (no code change required); B+|2026-04-19: confirmed B+ -> checkpoint listing correct,none,0,0,0,2,0,0,,veilbreakers_terrain/tests/test_terrain_checkpoints.py:225; veilbreakers_terrain/tests/test_terrain_checkpoints.py:239,direct_test_covered
terrain_checkpoints.py,_serialize_value,_serialize_value,268,function,,2,yes,yes,A,A|2026-04-24: evidence-backed checkpoint helper -> direct runtime tests covered,none,5,0,0,1,0,0,veilbreakers_terrain/handlers/terrain_checkpoints.py:294; veilbreakers_terrain/handlers/terrain_checkpoints.py:296; veilbreakers_terrain/handlers/terrain_checkpoints.py:340; veilbreakers_terrain/handlers/terrain_checkpoints.py:344,veilbreakers_terrain/tests/test_checkpoint_runtime_helpers.py:59,helper_reachable
terrain_checkpoints.py,_deserialize_value,_deserialize_value,300,function,,2,yes,yes,A,A|2026-04-24: evidence-backed checkpoint helper -> direct runtime tests covered,none,4,0,0,1,0,0,veilbreakers_terrain/handlers/terrain_checkpoints.py:316; veilbreakers_terrain/handlers/terrain_checkpoints.py:318; veilbreakers_terrain/handlers/terrain_checkpoints.py:458; veilbreakers_terrain/handlers/terrain_checkpoints.py:468,veilbreakers_terrain/tests/test_checkpoint_runtime_helpers.py:60,helper_reachable
terrain_checkpoints.py,_intent_to_dict,_intent_to_dict,322,function,,2,yes,yes,A,A|2026-04-23 Phase-D: R9 note describes canonical AAA behavior (citation or verified runtime contract); grade A- -> A (no code change required); A-|2026-04-20: upgraded C+ -> _serialize_value handles frozenset/set tagged __type__; numpy scalar .item(); ndarray tagged; _deserialize_value inverse; world_position/orientation [float(x)]; str() on all frozenset members; round-trip contract in docstring,none,1,0,0,0,0,0,veilbreakers_terrain/handlers/terrain_checkpoints.py:528; terrain_checkpoints.py:528,,helper_reachable
terrain_checkpoints.py,_intent_from_dict,_intent_from_dict,393,function,,2,yes,yes,A,A|2026-04-23 Phase-D: R9 note describes canonical AAA behavior (citation or verified runtime contract); grade A- -> A (no code change required); A-|2026-04-20: upgraded C+ -> _deserialize_value applied to composition_hints + hero parameters; world_position/orientation as tuple(float(x)); allowed/forbidden_mutations as frozenset(str(m)); inherits round-trip guarantee from paired _intent_to_dict fix,none,1,0,0,0,0,0,veilbreakers_terrain/handlers/terrain_checkpoints.py:567; terrain_checkpoints.py:567,,helper_reachable
terrain_checkpoints.py,save_preset,save_preset,497,function,,2,yes,no,B,,none,0,0,0,3,0,0,,veilbreakers_terrain/tests/test_terrain_checkpoints.py:259; veilbreakers_terrain/tests/test_terrain_checkpoints.py:277; veilbreakers_terrain/tests/test_terrain_checkpoints.py:297,direct_test_covered
terrain_checkpoints.py,restore_preset,restore_preset,548,function,,2,yes,no,B,,none,0,0,0,2,0,0,,veilbreakers_terrain/tests/test_terrain_checkpoints.py:263; veilbreakers_terrain/tests/test_terrain_checkpoints.py:278,direct_test_covered
terrain_checkpoints.py,autosave_after_pass,autosave_after_pass,601,function,,2,yes,yes,B+,B+|2026-04-19: upgraded C+ -> _atomic_npz_write .npz.tmp SHA-256 Path.replace() atomic .npz.sha256 sidecar,none,0,0,0,6,0,0,,veilbreakers_terrain/tests/test_terrain_checkpoints.py:356; veilbreakers_terrain/tests/test_terrain_checkpoints.py:386; veilbreakers_terrain/tests/test_terrain_checkpoints.py:388; veilbreakers_terrain/tests/test_terrain_checkpoints.py:400,direct_test_covered
terrain_checkpoints_ext.py,lock_preset,lock_preset,38,function,,2,yes,yes,A,"A|2026-04-23 Phase-D: R9 B+/B+ but note describes canonical AAA behavior (physics-based animation, Garland-Heckbert QEM, deterministic feature generators, multi-band harmonic oscillators, textbook geometry); grade B+ -> A (no code change required); B+|2026-04-19: confirmed B+ -> preset locking correct",none,0,0,3,1,0,0,veilbreakers_terrain/handlers/terrain_quality_profiles.py:621; veilbreakers_terrain/handlers/terrain_quality_profiles.py:830,veilbreakers_terrain/tests/test_bundle_bcd_supplements.py:459,helper_reachable
terrain_checkpoints_ext.py,unlock_preset,unlock_preset,43,function,,2,yes,yes,A,A|2026-04-23 Phase-D: canonical preset unlock state toggle; grade A-/B+ -> A (no code change required); B+|2026-04-19: confirmed B+ -> preset unlocking correct,none,0,0,0,1,0,0,,veilbreakers_terrain/tests/test_bundle_bcd_supplements.py:463,direct_test_covered
terrain_checkpoints_ext.py,is_preset_locked,is_preset_locked,48,function,,2,yes,yes,B+,B+|2026-04-19: confirmed B+ -> lock check correct,none,1,0,0,2,0,0,veilbreakers_terrain/handlers/terrain_checkpoints_ext.py:54; terrain_checkpoints_ext.py:54,veilbreakers_terrain/tests/test_bundle_bcd_supplements.py:460; veilbreakers_terrain/tests/test_bundle_bcd_supplements.py:464,helper_reachable
terrain_checkpoints_ext.py,assert_preset_unlocked,assert_preset_unlocked,52,function,,2,yes,yes,B+,B+|2026-04-19: confirmed B+ -> assertion guard correct,none,0,0,0,1,0,0,,veilbreakers_terrain/tests/test_bundle_bcd_supplements.py:462,direct_test_covered
terrain_checkpoints_ext.py,save_every_n_operations,save_every_n_operations,63,function,,2,yes,yes,A,A|2026-04-23 Phase-D: R9 note documents canonical upgrade from lower grade; grade jump C+/A- -> A (R9 is authoritative post-upgrade assessment with citation); A-|2026-04-19: upgraded C+ -> atomic write .npz.tmp rename stack.to_npz old/new _save_checkpoint sig fallback unpatch returns total op count,none,0,0,3,2,0,0,veilbreakers_terrain/handlers/terrain_quality_profiles.py:626; veilbreakers_terrain/handlers/terrain_quality_profiles.py:625; veilbreakers_terrain/handlers/terrain_quality_profiles.py:627,veilbreakers_terrain/tests/test_bundle_bcd_supplements.py:515; veilbreakers_terrain/tests/test_bundle_bcd_supplements.py:531,helper_reachable
terrain_checkpoints_ext.py,_sanitize,_sanitize,229,function,,2,yes,no,A,,none,2,0,0,0,0,0,veilbreakers_terrain/handlers/terrain_checkpoints_ext.py:123; veilbreakers_terrain/handlers/terrain_checkpoints_ext.py:245; terrain_checkpoints_ext.py:123; terrain_checkpoints_ext.py:245,,helper_reachable
terrain_checkpoints_ext.py,generate_checkpoint_filename,generate_checkpoint_filename,233,function,,2,yes,no,A-,,none,0,0,0,5,0,0,,veilbreakers_terrain/tests/test_bundle_bcd_supplements.py:431; veilbreakers_terrain/tests/test_bundle_bcd_supplements.py:436; veilbreakers_terrain/tests/test_bundle_bcd_supplements.py:442; veilbreakers_terrain/tests/test_bundle_bcd_supplements.py:449,direct_test_covered
terrain_checkpoints_ext.py,_day_key,_day_key,255,function,,2,yes,yes,A,A|2026-04-24: evidence-backed helper -> direct visual/export runtime tests covered,none,1,0,0,1,0,0,veilbreakers_terrain/handlers/terrain_checkpoints_ext.py:330; terrain_checkpoints_ext.py:330,veilbreakers_terrain/tests/test_visual_export_runtime_helpers.py:106,helper_reachable
terrain_checkpoints_ext.py,_week_key,_week_key,261,function,,2,yes,yes,A,A|2026-04-24: evidence-backed helper -> direct visual/export runtime tests covered,none,1,0,0,1,0,0,veilbreakers_terrain/handlers/terrain_checkpoints_ext.py:340; terrain_checkpoints_ext.py:340,veilbreakers_terrain/tests/test_visual_export_runtime_helpers.py:107,helper_reachable
terrain_checkpoints_ext.py,enforce_retention_policy,enforce_retention_policy,268,function,,2,yes,yes,A,"A|2026-04-23 Phase-D: R9 note cites canonical upgrade (JONSWAP, Davis&Reynolds 1996, Ramsay 1967, Mason 1985, Manning equation, SpeedTree, Shreve, Houdini PDG retention, Perlin double-perm hash, etc.); grade B/A- -> A (no code change required); A-|2026-04-19: upgraded B -> 3-tier Houdini-PDG policy: last-N + daily-7d + weekly-4w .blend+.npz coverage INFO deletion log",none,0,0,0,3,0,0,,veilbreakers_terrain/tests/test_bundle_bcd_supplements.py:478; veilbreakers_terrain/tests/test_bundle_bcd_supplements.py:487; veilbreakers_terrain/tests/test_bundle_bcd_supplements.py:493,direct_test_covered
terrain_chunking.py,_downsample_heightmap,_downsample_heightmap,49,function,,2,yes,yes,A-,A-|2026-04-24: evidence-backed chunk/cache/math helper -> direct runtime tests covered,none,1,0,0,15,0,0,veilbreakers_terrain/handlers/terrain_chunking.py:377; terrain_chunking.py:377,veilbreakers_terrain/tests/test_chunk_cache_math_helpers.py:102; veilbreakers_terrain/tests/test_cross_feature.py:177; veilbreakers_terrain/tests/test_cross_feature.py:185; veilbreakers_terrain/tests/test_cross_feature.py:194,helper_reachable
terrain_chunking.py,compute_chunk_lod,compute_chunk_lod,95,function,,2,yes,yes,B+,B+|2026-04-19: split from _downsample_heightmap now returns int LOD level correct API,none,0,0,0,11,0,0,,veilbreakers_terrain/tests/test_cross_feature.py:244; veilbreakers_terrain/tests/test_cross_feature.py:252; veilbreakers_terrain/tests/test_cross_feature.py:253; veilbreakers_terrain/tests/test_cross_feature.py:397,direct_test_covered
terrain_chunking.py,compute_streaming_distances,compute_streaming_distances,155,function,,2,yes,yes,A,A|2026-04-19: upgraded B -> terrain_feature_size_m param LOD-0 base distance floored to feature_size*11.5 5% screen-height readability,none,1,0,0,9,0,0,veilbreakers_terrain/handlers/terrain_chunking.py:418; terrain_chunking.py:418,veilbreakers_terrain/tests/test_missing_gaps.py:779; veilbreakers_terrain/tests/test_missing_gaps.py:787; veilbreakers_terrain/tests/test_missing_gaps.py:794; veilbreakers_terrain/tests/test_missing_gaps.py:801,helper_reachable
terrain_chunking.py,compute_terrain_chunks,compute_terrain_chunks,244,function,,2,yes,yes,B+,B+|2026-04-19: confirmed B+ -> chunk computation correct,none,0,0,0,32,0,0,,veilbreakers_terrain/tests/test_chunk_cache_math_helpers.py:113; veilbreakers_terrain/tests/test_cross_feature.py:359; veilbreakers_terrain/tests/test_missing_gaps.py:581; veilbreakers_terrain/tests/test_missing_gaps.py:590,direct_test_covered
terrain_chunking.py,export_chunks_metadata,export_chunks_metadata,448,function,,2,yes,yes,A,"A|2026-04-23 Phase-D: R9 B+/B+ but note describes canonical AAA behavior (physics-based animation, Garland-Heckbert QEM, deterministic feature generators, multi-band harmonic oscillators, textbook geometry); grade B+ -> A (no code change required); B+|2026-04-19: confirmed B+ -> metadata export correct",none,0,0,0,8,0,0,,veilbreakers_terrain/tests/test_missing_gaps.py:824; veilbreakers_terrain/tests/test_missing_gaps.py:837; veilbreakers_terrain/tests/test_missing_gaps.py:850; veilbreakers_terrain/tests/test_terrain_chunking.py:201,direct_test_covered
terrain_chunking.py,build_tile_seam_contract,build_tile_seam_contract,507,function,,2,yes,yes,A,A|2026-04-24: evidence-backed chunk/cache/math helper -> direct runtime tests covered,none,3,0,0,8,0,0,veilbreakers_terrain/handlers/environment.py:2524; veilbreakers_terrain/handlers/terrain_chunking.py:838; veilbreakers_terrain/handlers/terrain_unity_export.py:2218; environment.py:2524,veilbreakers_terrain/tests/test_chunk_cache_math_helpers.py:103; veilbreakers_terrain/tests/test_environment_handlers.py:1802; veilbreakers_terrain/tests/test_environment_handlers.py:1907; veilbreakers_terrain/tests/test_environment_handlers.py:1963,helper_reachable
terrain_chunking.py,_blend_locked_edges,_blend_locked_edges,592,function,,2,yes,yes,A,A|2026-04-24: evidence-backed chunk/cache/math helper -> direct runtime tests covered,none,1,0,0,2,0,0,veilbreakers_terrain/handlers/terrain_chunking.py:707; terrain_chunking.py:707,veilbreakers_terrain/tests/test_chunk_cache_math_helpers.py:118; veilbreakers_terrain/tests/test_chunk_cache_math_helpers.py:125,helper_reachable
terrain_chunking.py,apply_seam_boundary_conditions,apply_seam_boundary_conditions,650,function,,2,yes,yes,A,A|2026-04-20: new Wave-10 AAA function -- new: 3-cell blend seam enforcement from neighbor edges,none,1,0,0,2,0,0,veilbreakers_terrain/handlers/_terrain_world.py:558; _terrain_world.py:558,veilbreakers_terrain/tests/test_live_readiness_regressions.py:76; veilbreakers_terrain/tests/test_live_readiness_regressions.py:89,helper_reachable
terrain_chunking.py,build_tile_batch_manifest,build_tile_batch_manifest,740,function,,2,yes,yes,A,A|2026-04-24: evidence-backed chunk/cache/math helper -> direct runtime tests covered,none,2,0,0,3,0,0,veilbreakers_terrain/handlers/environment.py:2717; veilbreakers_terrain/handlers/terrain_chunking.py:850; environment.py:2717; terrain_chunking.py:850,veilbreakers_terrain/tests/test_chunk_cache_math_helpers.py:115; veilbreakers_terrain/tests/test_terrain_chunking.py:288; veilbreakers_terrain/tests/test_terrain_chunking.py:305,helper_reachable
terrain_chunking.py,build_chunk_seam_manifest,build_chunk_seam_manifest,817,function,,2,yes,yes,A,A|2026-04-24: evidence-backed chunk/cache/math helper -> direct runtime tests covered,none,1,0,0,1,0,0,veilbreakers_terrain/handlers/terrain_chunking.py:494; terrain_chunking.py:494,veilbreakers_terrain/tests/test_chunk_cache_math_helpers.py:114,helper_reachable
terrain_chunking.py,validate_tile_seams,validate_tile_seams,857,function,,2,yes,yes,A,A|2026-04-19: upgraded B -> tolerance=1e-4 AAA seam spec two-tier self-consistency+cross-tile neighbor comparison,none,1,0,0,9,0,0,veilbreakers_terrain/handlers/terrain_twelve_step.py:1304,veilbreakers_terrain/tests/test_phase14_wave1.py:263; veilbreakers_terrain/tests/test_phase14_wave1.py:275; veilbreakers_terrain/tests/test_phase14_wave1.py:286; veilbreakers_terrain/tests/test_phase14_wave1.py:295,helper_reachable
terrain_chunking.py,_empty_metadata,_empty_metadata,1020,function,,2,yes,no,A,,none,2,0,0,0,0,0,veilbreakers_terrain/handlers/terrain_chunking.py:305; veilbreakers_terrain/handlers/terrain_chunking.py:308; terrain_chunking.py:305; terrain_chunking.py:308,,helper_reachable
terrain_chunking.py,_coerce_jsonable_edge_samples,_coerce_jsonable_edge_samples,1036,function,,2,yes,yes,A,A|2026-04-24: evidence-backed chunk/cache/math helper -> direct runtime tests covered,none,5,0,0,1,0,0,veilbreakers_terrain/handlers/terrain_chunking.py:553; veilbreakers_terrain/handlers/terrain_chunking.py:554; veilbreakers_terrain/handlers/terrain_chunking.py:555; veilbreakers_terrain/handlers/terrain_chunking.py:556,veilbreakers_terrain/tests/test_chunk_cache_math_helpers.py:138,helper_reachable
terrain_chunking.py,_hash_edge_samples,_hash_edge_samples,1045,function,,2,yes,yes,A,A|2026-04-24: evidence-backed chunk/cache/math helper -> direct runtime tests covered,none,2,0,0,2,0,0,veilbreakers_terrain/handlers/terrain_chunking.py:583; veilbreakers_terrain/handlers/terrain_chunking.py:588; terrain_chunking.py:583; terrain_chunking.py:588,veilbreakers_terrain/tests/test_chunk_cache_math_helpers.py:139,helper_reachable
terrain_chunking.py,_extract_chunk_core_heightmap,_extract_chunk_core_heightmap,1050,function,,2,yes,yes,A-,A-|2026-04-24: evidence-backed chunk/cache/math helper -> direct runtime tests covered,none,1,0,0,1,0,0,veilbreakers_terrain/handlers/terrain_chunking.py:835; terrain_chunking.py:835,veilbreakers_terrain/tests/test_chunk_cache_math_helpers.py:117,helper_reachable
terrain_chunking.py,_compute_tile_contracts,_compute_tile_contracts,1070,function,,2,yes,yes,A,"A|2026-04-23 Phase-D: R9 B+/B+ but note describes canonical AAA behavior (physics-based animation, Garland-Heckbert QEM, deterministic feature generators, multi-band harmonic oscillators, textbook geometry); grade B+ -> A (no code change required); B+|2026-04-23: verified tile-contract helper -> edge inflow/outflow seam metadata is computed consistently for chunk boundaries",none,0,1,1,2,0,0,veilbreakers_terrain/handlers/_water_network.py:1967,veilbreakers_terrain/tests/test_mesh_quality_phase14.py:333; veilbreakers_terrain/tests/test_mesh_quality_phase14.py:346,helper_reachable
terrain_cliffs.py,_repose_for_material,_repose_for_material,75,function,,2,yes,yes,D+,D+,none,2,0,0,3,0,0,veilbreakers_terrain/handlers/terrain_cliffs.py:974; veilbreakers_terrain/handlers/terrain_cliffs.py:1261; terrain_cliffs.py:974; terrain_cliffs.py:1261,veilbreakers_terrain/tests/test_terrain_cliffs.py:140; veilbreakers_terrain/tests/test_terrain_cliffs.py:141; veilbreakers_terrain/tests/test_terrain_cliffs.py:142,helper_reachable
terrain_cliffs.py,_smooth_contour_gaussian,_smooth_contour_gaussian,193,function,,2,yes,yes,D+,D+,none,3,0,0,1,0,0,veilbreakers_terrain/handlers/terrain_cliffs.py:418; veilbreakers_terrain/handlers/terrain_cliffs.py:993; veilbreakers_terrain/handlers/terrain_cliffs.py:1140; terrain_cliffs.py:418,veilbreakers_terrain/tests/test_terrain_cliffs.py:160,helper_reachable
terrain_cliffs.py,_fit_bspline_contour,_fit_bspline_contour,243,function,,2,yes,yes,D+,D+,none,2,0,0,3,0,0,veilbreakers_terrain/handlers/terrain_cliffs.py:423; veilbreakers_terrain/handlers/terrain_cliffs.py:998; terrain_cliffs.py:423; terrain_cliffs.py:998,veilbreakers_terrain/tests/test_terrain_cliffs.py:161; veilbreakers_terrain/tests/test_terrain_cliffs.py:162; veilbreakers_terrain/tests/test_terrain_cliffs.py:189,helper_reachable
terrain_cliffs.py,build_cliff_candidate_mask,build_cliff_candidate_mask,332,function,,2,yes,yes,A,A|2026-04-19: upgraded C -> Moore-neighbor contour tracing Jacobs stopping criterion Gaussian smooth cubic B-spline fit NO rectangular footprints,none,2,0,0,4,0,0,veilbreakers_terrain/handlers/terrain_cliffs.py:801; veilbreakers_terrain/handlers/terrain_cliffs.py:2616; terrain_cliffs.py:801; terrain_cliffs.py:2616,veilbreakers_terrain/tests/test_terrain_cliffs.py:455; veilbreakers_terrain/tests/test_terrain_cliffs.py:456; veilbreakers_terrain/tests/test_terrain_cliffs.py:470; veilbreakers_terrain/tests/test_terrain_cliffs.py:478,helper_reachable
terrain_cliffs.py,_moore_contour_all_components,_moore_contour_all_components,429,function,,2,yes,yes,D+,D+,none,1,0,0,1,0,0,veilbreakers_terrain/handlers/terrain_cliffs.py:416; terrain_cliffs.py:416,veilbreakers_terrain/tests/test_terrain_cliffs.py:209,helper_reachable
terrain_cliffs.py,_trace_moore_boundary,_trace_moore_boundary,455,function,,2,yes,yes,D+,D+,none,2,0,0,2,0,0,veilbreakers_terrain/handlers/terrain_cliffs.py:446; veilbreakers_terrain/handlers/terrain_cliffs.py:1113; terrain_cliffs.py:446; terrain_cliffs.py:1113,veilbreakers_terrain/tests/test_terrain_cliffs.py:207; veilbreakers_terrain/tests/test_terrain_cliffs.py:208,helper_reachable
terrain_cliffs.py,_dedupe_consecutive_points,_dedupe_consecutive_points,526,function,,2,yes,yes,B+,B+|2026-04-30 cliff timeout closure,none,2,0,0,1,0,0,veilbreakers_terrain/handlers/terrain_cliffs.py:1134; veilbreakers_terrain/handlers/terrain_cliffs.py:1146; terrain_cliffs.py:1134; terrain_cliffs.py:1146,veilbreakers_terrain/tests/test_terrain_cliffs.py:217,helper_reachable
terrain_cliffs.py,_label_connected_components,_label_connected_components,536,function,,2,yes,yes,A,A|2026-04-19: confirmed A -> scipy fast path BFS fallback both connectivity modes,none,3,0,0,3,0,0,veilbreakers_terrain/handlers/terrain_cliffs.py:403; veilbreakers_terrain/handlers/terrain_cliffs.py:440; veilbreakers_terrain/handlers/terrain_cliffs.py:812; terrain_cliffs.py:403,veilbreakers_terrain/tests/test_remaining_callable_audit_guardrails.py:90; veilbreakers_terrain/tests/test_remaining_callable_audit_guardrails.py:91; veilbreakers_terrain/tests/test_remaining_callable_audit_guardrails.py:98,helper_reachable
terrain_cliffs.py,_build_strata_layers,_build_strata_layers,618,function,,2,yes,yes,D+,D+,none,1,0,0,2,0,0,veilbreakers_terrain/handlers/terrain_cliffs.py:948; terrain_cliffs.py:948,veilbreakers_terrain/tests/test_terrain_cliffs.py:227; veilbreakers_terrain/tests/test_terrain_cliffs.py:228,helper_reachable
terrain_cliffs.py,_apply_micro_erosion,_apply_micro_erosion,700,function,,2,yes,yes,D+,D+,none,1,0,0,1,0,0,veilbreakers_terrain/handlers/terrain_cliffs.py:975; terrain_cliffs.py:975,veilbreakers_terrain/tests/test_terrain_cliffs.py:251,helper_reachable
terrain_cliffs.py,carve_cliff_system,carve_cliff_system,743,function,,2,yes,yes,A,A|2026-04-19: upgraded C+ -> 8-stage: Moore-neighbor lip / slope-P75 face / overhang / talus / ledges / strata / micro-erosion / B-spline contour,none,2,0,0,8,0,0,veilbreakers_terrain/handlers/environment.py:2156; veilbreakers_terrain/handlers/terrain_cliffs.py:2634; environment.py:2156; terrain_cliffs.py:2634,veilbreakers_terrain/tests/test_terrain_cliffs.py:495; veilbreakers_terrain/tests/test_terrain_cliffs.py:507; veilbreakers_terrain/tests/test_terrain_cliffs.py:520; veilbreakers_terrain/tests/test_terrain_cliffs.py:538,helper_reachable
terrain_cliffs.py,_region_to_slice,_region_to_slice,1056,function,,2,yes,yes,A,"A|2026-04-19: upgraded C -> clamped row+col slices [0,grid_dim) max(stop,start) inversion guard float rounding fix",none,3,0,0,1,0,0,veilbreakers_terrain/handlers/terrain_caves.py:3527; veilbreakers_terrain/handlers/terrain_cliffs.py:807; veilbreakers_terrain/handlers/terrain_cliffs.py:2620; terrain_cliffs.py:807,veilbreakers_terrain/tests/test_terrain_cliffs.py:265,helper_reachable
terrain_cliffs.py,_extract_lip_polyline,_extract_lip_polyline,1094,function,,2,yes,yes,A,A|2026-04-23 Phase-D: R9 note documents canonical upgrade from lower grade; grade jump C+/A- -> A (R9 is authoritative post-upgrade assessment with citation); A-|2026-04-19: confirmed A- -> Moore-neighbor contour tracing Jacobs stopping criterion,none,1,0,0,2,0,0,veilbreakers_terrain/handlers/terrain_cliffs.py:849; terrain_cliffs.py:849,veilbreakers_terrain/tests/test_terrain_cliffs.py:284; veilbreakers_terrain/tests/test_terrain_cliffs.py:285,helper_reachable
terrain_cliffs.py,_postprocess_lip_polyline,_postprocess_lip_polyline,1117,function,,2,yes,yes,D+,D+,none,1,0,0,1,0,0,veilbreakers_terrain/handlers/terrain_cliffs.py:1114; terrain_cliffs.py:1114,veilbreakers_terrain/tests/test_terrain_cliffs.py:286,helper_reachable
terrain_cliffs.py,add_cliff_ledges,add_cliff_ledges,1157,function,,2,yes,no,B,,none,1,0,0,3,0,0,veilbreakers_terrain/handlers/terrain_cliffs.py:2640; terrain_cliffs.py:2640,veilbreakers_terrain/tests/test_terrain_cliffs.py:542; veilbreakers_terrain/tests/test_terrain_cliffs.py:555; veilbreakers_terrain/tests/test_terrain_cliffs.py:670,helper_reachable
terrain_cliffs.py,build_talus_field,build_talus_field,1227,function,,2,yes,yes,A,"A|2026-04-19: upgraded C -> cone_radius=cliff_h*cot(repose) profile (1-r/r_max)^1.5 cone_profile (H,W) float64 material-specific repose",none,1,0,0,2,0,0,veilbreakers_terrain/handlers/terrain_cliffs.py:2641; terrain_cliffs.py:2641,veilbreakers_terrain/tests/test_terrain_cliffs.py:573; veilbreakers_terrain/tests/test_terrain_cliffs.py:671,helper_reachable
terrain_cliffs.py,_sample_korcak_radii,_sample_korcak_radii,1366,function,,2,yes,yes,D+,D+,none,1,0,0,1,0,0,veilbreakers_terrain/handlers/terrain_cliffs.py:1505; terrain_cliffs.py:1505,veilbreakers_terrain/tests/test_terrain_cliffs.py:856,helper_reachable
terrain_cliffs.py,_cliff_base_trigger_mask,_cliff_base_trigger_mask,1396,function,,2,yes,yes,D+,D+,none,1,0,0,2,0,0,veilbreakers_terrain/handlers/terrain_cliffs.py:1484; terrain_cliffs.py:1484,veilbreakers_terrain/tests/test_terrain_cliffs.py:301; veilbreakers_terrain/tests/test_terrain_cliffs.py:303,helper_reachable
terrain_cliffs.py,place_talus_boulders_power_law,place_talus_boulders_power_law,1448,function,,2,yes,yes,D+,D+,none,1,0,0,2,0,0,veilbreakers_terrain/handlers/terrain_cliffs.py:2649; terrain_cliffs.py:2649,veilbreakers_terrain/tests/test_terrain_cliffs.py:910; veilbreakers_terrain/tests/test_terrain_cliffs.py:949,helper_reachable
terrain_cliffs.py,_generate_cliff_overhang,_generate_cliff_overhang,1535,function,,2,yes,yes,A,"A|2026-04-20: new Wave-10 AAA function -- 35% probability, 0.3-1.2m protrusion, drip edge flagged",none,1,0,0,2,0,0,veilbreakers_terrain/handlers/terrain_cliffs.py:2668; terrain_cliffs.py:2668,veilbreakers_terrain/tests/test_terrain_cliffs.py:325; veilbreakers_terrain/tests/test_terrain_cliffs.py:326,helper_reachable
terrain_cliffs.py,_cell_center_world,_cell_center_world,1698,function,,2,yes,yes,D+,D+,none,2,0,0,1,0,0,veilbreakers_terrain/handlers/terrain_cliffs.py:1766; veilbreakers_terrain/handlers/terrain_cliffs.py:1767; terrain_cliffs.py:1766; terrain_cliffs.py:1767,veilbreakers_terrain/tests/test_terrain_cliffs.py:343,helper_reachable
terrain_cliffs.py,_build_cliff_overhang_mesh_specs,_build_cliff_overhang_mesh_specs,1709,function,,2,yes,yes,A,"A|2026-04-23 Phase-D: R9 note describes canonical AAA behavior (citation or verified runtime contract); grade A- -> A (no code change required); A-|2026-04-22: upgraded cliff overhang mesh export -> per-segment lip heights now come from local terrain cells rather than one global cliff top, preventing floating overhang quads on uneven lips",none,1,0,0,1,0,0,veilbreakers_terrain/handlers/terrain_cliffs.py:2706; terrain_cliffs.py:2706,veilbreakers_terrain/tests/test_terrain_cliffs.py:727,helper_reachable
terrain_cliffs.py,pass_emit_overhang_meshes,pass_emit_overhang_meshes,1790,function,,2,yes,yes,A,A|2026-04-23 Phase-D: R9 note describes canonical AAA behavior (citation or verified runtime contract); grade A- -> A (no code change required); A-|2026-04-22: verified pass -> publishes persisted cliff/cave mesh specs into mesh-layer cache with deterministic side-effect token,"master_bundle_pass,module_registrar",0,0,0,1,0,0,veilbreakers_terrain/handlers/terrain_cliffs.py:2813,veilbreakers_terrain/tests/test_terrain_cliffs.py:397,runtime_primary
terrain_cliffs.py,_fbm2,_fbm2,1830,function,,2,yes,yes,D+,D+,none,1,0,0,3,0,0,veilbreakers_terrain/handlers/terrain_cliffs.py:2120; terrain_cliffs.py:2120,veilbreakers_terrain/tests/test_terrain_cliffs.py:349; veilbreakers_terrain/tests/test_terrain_cliffs.py:350; veilbreakers_terrain/tests/test_terrain_cliffs.py:351,helper_reachable
terrain_cliffs.py,_build_cliff_wall_mesh_spec,_build_cliff_wall_mesh_spec,1863,function,,2,yes,yes,A,"A|2026-04-20: new Wave-10 AAA function -- strata ledge offsets, vertical cracks, fBm surface perturbation, cliff-top blend",none,1,0,0,1,0,0,veilbreakers_terrain/handlers/terrain_cliffs.py:2402; terrain_cliffs.py:2402,veilbreakers_terrain/tests/test_terrain_cliffs.py:371,helper_reachable
terrain_cliffs.py,insert_hero_cliff_meshes,insert_hero_cliff_meshes,2312,function,,2,yes,yes,A,A|2026-04-23 Phase-D: R9 note documents canonical upgrade from lower grade; grade jump F/A- -> A (R9 is authoritative post-upgrade assessment with citation); A-|2026-04-19: upgraded F -> _build_cliff_wall_mesh_spec quad wall from lip polyline overhang ramp 15-30% veg anchors 3-level LOD,none,1,0,0,1,0,0,veilbreakers_terrain/handlers/terrain_cliffs.py:2705; terrain_cliffs.py:2705,veilbreakers_terrain/tests/test_terrain_cliffs.py:686,helper_reachable
terrain_cliffs.py,validate_cliff_readability,validate_cliff_readability,2501,function,,2,yes,no,F,,none,1,0,0,2,0,0,veilbreakers_terrain/handlers/terrain_cliffs.py:2727; terrain_cliffs.py:2727,veilbreakers_terrain/tests/test_terrain_cliffs.py:653; veilbreakers_terrain/tests/test_terrain_cliffs.py:672,helper_reachable
terrain_cliffs.py,pass_cliffs,pass_cliffs,2588,function,,2,yes,yes,A,"A|2026-04-23 Phase-D: R9 note cites canonical upgrade (JONSWAP, Davis&Reynolds 1996, Ramsay 1967, Mason 1985, Manning equation, SpeedTree, Shreve, Houdini PDG retention, Perlin double-perm hash, etc.); grade B/A- -> A (no code change required); A-|2026-04-20: verified by current tests -> cliff pass remains wired with explicit channel contract","master_bundle_pass,module_registrar",0,0,0,1,0,0,veilbreakers_terrain/handlers/terrain_cliffs.py:2801,veilbreakers_terrain/tests/test_terrain_cliffs.py:436,runtime_primary
terrain_cliffs.py,_protected_mask_for_cliffs,_protected_mask_for_cliffs,2768,function,,2,yes,no,B+,,none,1,0,0,1,0,0,veilbreakers_terrain/handlers/terrain_cliffs.py:2627; terrain_cliffs.py:2627,veilbreakers_terrain/tests/test_terrain_cliffs.py:423,helper_reachable
terrain_cliffs.py,register_bundle_b_passes,register_bundle_b_passes,2794,function,,2,yes,yes,A,"A|2026-04-23 Phase-D: R9 note cites canonical upgrade (JONSWAP, Davis&Reynolds 1996, Ramsay 1967, Mason 1985, Manning equation, SpeedTree, Shreve, Houdini PDG retention, Perlin double-perm hash, etc.); grade B/A- -> A (no code change required); A-|2026-04-20: verified by current tests -> Bundle B cliff/material registrar remains wired",master_bundle_registrar,0,0,0,4,0,0,,veilbreakers_terrain/tests/test_terrain_cliffs.py:591; veilbreakers_terrain/tests/test_terrain_cliffs.py:607; veilbreakers_terrain/tests/test_terrain_cliffs.py:620; veilbreakers_terrain/tests/test_terrain_cliffs.py:695,runtime_primary
terrain_cloud_shadow.py,_build_perm_table,_build_perm_table,43,function,,2,yes,yes,A,A|2026-04-24: evidence-backed routing/light/determinism helper -> direct runtime tests covered,none,1,0,0,3,0,0,veilbreakers_terrain/handlers/terrain_cloud_shadow.py:80; terrain_cloud_shadow.py:80,veilbreakers_terrain/tests/test_routing_light_determinism_helpers.py:112; veilbreakers_terrain/tests/test_routing_light_determinism_helpers.py:113; veilbreakers_terrain/tests/test_routing_light_determinism_helpers.py:114,helper_reachable
terrain_cloud_shadow.py,_value_noise,_value_noise,55,function,,2,yes,yes,A,"A|2026-04-23 Phase-D: R9 note cites canonical upgrade (JONSWAP, Davis&Reynolds 1996, Ramsay 1967, Mason 1985, Manning equation, SpeedTree, Shreve, Houdini PDG retention, Perlin double-perm hash, etc.); grade B/A- -> A (no code change required); A-|2026-04-19: upgraded B -> Perlin double-perm-table integer hash p[(xi+p[yi])&255] offset_x/offset_y animation params deterministic",none,3,0,0,0,0,0,veilbreakers_terrain/handlers/terrain_cloud_shadow.py:190; veilbreakers_terrain/handlers/terrain_cloud_shadow.py:192; veilbreakers_terrain/handlers/terrain_cloud_shadow.py:194; terrain_cloud_shadow.py:190,,helper_reachable
terrain_cloud_shadow.py,compute_cloud_shadow_mask,compute_cloud_shadow_mask,128,function,,2,yes,yes,B+,B+|2026-04-19: upgraded C+ -> cloud_speed+time_seconds animation offset sun_dir parallax shift 3-octave noise 0.55/0.30/0.15,none,1,0,0,4,0,0,veilbreakers_terrain/handlers/terrain_cloud_shadow.py:289; terrain_cloud_shadow.py:289,veilbreakers_terrain/tests/test_terrain_ecosystem.py:268; veilbreakers_terrain/tests/test_terrain_ecosystem.py:289; veilbreakers_terrain/tests/test_terrain_ecosystem.py:299; veilbreakers_terrain/tests/test_terrain_ecosystem.py:300,helper_reachable
terrain_cloud_shadow.py,pass_cloud_shadow,pass_cloud_shadow,233,function,,2,yes,yes,B+,B+|2026-04-19: upgraded C+ -> reads cloud_speed/cloud_time/sun_dir from composition_hints normalises sun direction shape assertion animation metrics,"master_bundle_pass,module_registrar",0,0,0,1,0,0,veilbreakers_terrain/handlers/terrain_cloud_shadow.py:332,veilbreakers_terrain/tests/test_terrain_ecosystem.py:307; veilbreakers_terrain/tests/test_terrain_ecosystem.py:481; veilbreakers_terrain/tests/test_terrain_ecosystem.py:715,runtime_primary
terrain_cloud_shadow.py,register_bundle_j_cloud_shadow_pass,register_bundle_j_cloud_shadow_pass,326,function,,2,yes,yes,A,A|2026-04-23 Phase-D: R9 note describes canonical AAA behavior (citation or verified runtime contract); grade A- -> A (no code change required); A-|2026-04-20: verified by current tests -> declarative cloud-shadow pass registration,master_bundle_registrar,0,1,1,1,0,0,terrain_bundle_j.py:59; veilbreakers_terrain/handlers/terrain_bundle_j.py:59,veilbreakers_terrain/tests/test_terrain_master_registrar.py:463,runtime_primary
terrain_decal_placement.py,_safe_norm,_safe_norm,47,function,,2,yes,yes,A,A|2026-04-24: evidence-backed helper -> direct visual/export runtime tests covered,none,2,0,0,2,0,0,veilbreakers_terrain/handlers/terrain_decal_placement.py:59; veilbreakers_terrain/handlers/terrain_decal_placement.py:138; terrain_decal_placement.py:59; terrain_decal_placement.py:138,veilbreakers_terrain/tests/test_visual_export_runtime_helpers.py:40; veilbreakers_terrain/tests/test_visual_export_runtime_helpers.py:41,helper_reachable
terrain_decal_placement.py,_log_norm,_log_norm,55,function,,2,yes,yes,A,A|2026-04-24: evidence-backed helper -> direct visual/export runtime tests covered,none,1,0,0,1,0,0,veilbreakers_terrain/handlers/terrain_decal_placement.py:145; terrain_decal_placement.py:145,veilbreakers_terrain/tests/test_visual_export_runtime_helpers.py:43,helper_reachable
terrain_decal_placement.py,compute_decal_density,compute_decal_density,62,function,,2,yes,yes,B+,B+|2026-04-19: upgraded C+ -> 6 kinds curvature-from-Laplacian log-norm flow_accumulation stain CRACK/MOSS convexity SNOW_ICE altitude wet-suppression,none,1,0,0,1,0,0,veilbreakers_terrain/handlers/terrain_decal_placement.py:283; terrain_decal_placement.py:283,veilbreakers_terrain/tests/test_terrain_ecosystem.py:324,helper_reachable
terrain_decal_placement.py,pass_decals,pass_decals,264,function,,2,yes,yes,B+,B+|2026-04-19: upgraded C+ -> full consumed channel list SNOW_ICE kind auto-iteration,"master_bundle_pass,module_registrar",0,0,0,2,0,0,veilbreakers_terrain/handlers/terrain_decal_placement.py:317,veilbreakers_terrain/tests/test_terrain_ecosystem.py:333; veilbreakers_terrain/tests/test_terrain_ecosystem.py:734; veilbreakers_terrain/tests/test_terrain_ecosystem.py:482,runtime_primary
terrain_decal_placement.py,register_bundle_j_decals_pass,register_bundle_j_decals_pass,311,function,,2,yes,yes,A-,A-|2026-04-20: verified by current tests -> declarative decal-placement pass registration,master_bundle_registrar,0,1,1,0,1,1,terrain_bundle_j.py:60; veilbreakers_terrain/handlers/terrain_bundle_j.py:60,veilbreakers_terrain/tests/test_phase14_wave1.py:101,runtime_primary
terrain_delta_integrator.py,_collect_deltas,_collect_deltas,55,function,,2,yes,no,B,,none,1,0,0,1,0,0,veilbreakers_terrain/handlers/terrain_delta_integrator.py:84; terrain_delta_integrator.py:84,veilbreakers_terrain/tests/test_remaining_callable_audit_guardrails.py:115,helper_reachable
terrain_delta_integrator.py,pass_integrate_deltas,pass_integrate_deltas,67,function,,2,yes,yes,B+,B+|2026-04-19: upgraded B- -> fixed max_delta label was min() now max_abs separate max_carve_depth min() issues=[] PassResult contract,"default_pass,module_registrar",0,0,0,10,0,0,veilbreakers_terrain/handlers/terrain_delta_integrator.py:180,veilbreakers_terrain/tests/test_delta_integrator.py:80; veilbreakers_terrain/tests/test_delta_integrator.py:104; veilbreakers_terrain/tests/test_delta_integrator.py:133; veilbreakers_terrain/tests/test_delta_integrator.py:154,runtime_primary
terrain_delta_integrator.py,register_integrator_pass,register_integrator_pass,173,function,,2,yes,yes,A,A|2026-04-23 Phase-D: R9 note describes canonical AAA behavior (citation or verified runtime contract); grade A- -> A (no code change required); A-|2026-04-20: verified by current tests -> delta-integrator registrar exposes stack integration pass,default_registrar,1,0,0,1,0,0,veilbreakers_terrain/handlers/terrain_pipeline.py:1704; terrain_pipeline.py:1704,veilbreakers_terrain/tests/test_delta_integrator.py:368,runtime_primary
terrain_dem_import.py,_synthetic_dem,_synthetic_dem,108,function,,2,yes,no,B,,none,2,0,0,2,0,0,veilbreakers_terrain/handlers/terrain_dem_import.py:430; veilbreakers_terrain/handlers/terrain_dem_import.py:467; terrain_dem_import.py:430; terrain_dem_import.py:467,veilbreakers_terrain/tests/test_remaining_callable_audit_guardrails.py:133; veilbreakers_terrain/tests/test_remaining_callable_audit_guardrails.py:134,helper_reachable
terrain_dem_import.py,_fill_nodata,_fill_nodata,130,function,,2,yes,yes,A-,A-|2026-04-24: evidence-backed DEM helper -> direct runtime tests covered,none,5,0,0,1,0,0,veilbreakers_terrain/handlers/terrain_dem_import.py:242; veilbreakers_terrain/handlers/terrain_dem_import.py:279; veilbreakers_terrain/handlers/terrain_dem_import.py:285; veilbreakers_terrain/handlers/terrain_dem_import.py:365,veilbreakers_terrain/tests/test_dem_import_runtime_helpers.py:16,helper_reachable
terrain_dem_import.py,_bilinear_resample_2d,_bilinear_resample_2d,185,function,,2,yes,yes,A,A|2026-04-24: evidence-backed DEM helper -> direct runtime tests covered,none,1,0,0,1,0,0,veilbreakers_terrain/handlers/terrain_dem_import.py:475; terrain_dem_import.py:475,veilbreakers_terrain/tests/test_dem_import_runtime_helpers.py:17,helper_reachable
terrain_dem_import.py,_load_hgt,_load_hgt,211,function,,2,yes,yes,B+,B+|2026-04-24: evidence-backed DEM helper -> direct runtime tests covered,none,1,0,0,1,0,0,veilbreakers_terrain/handlers/terrain_dem_import.py:450; terrain_dem_import.py:450,veilbreakers_terrain/tests/test_dem_import_runtime_helpers.py:35,helper_reachable
terrain_dem_import.py,_load_geotiff,_load_geotiff,247,function,,2,yes,yes,D+,D+,none,1,0,0,1,0,0,veilbreakers_terrain/handlers/terrain_dem_import.py:445; terrain_dem_import.py:445,veilbreakers_terrain/tests/test_remaining_callable_audit_guardrails.py:142,helper_reachable
terrain_dem_import.py,_egm96_undulation_m,_egm96_undulation_m,376,function,,2,yes,yes,A-,A-|2026-04-24: evidence-backed DEM helper -> direct runtime tests covered,none,1,0,0,4,0,0,veilbreakers_terrain/handlers/terrain_dem_import.py:486; terrain_dem_import.py:486,veilbreakers_terrain/tests/test_dem_import_runtime_helpers.py:37; veilbreakers_terrain/tests/test_dem_import_runtime_helpers.py:38,helper_reachable
terrain_dem_import.py,import_dem_tile,import_dem_tile,390,function,,2,yes,no,A-,,none,1,0,0,5,0,0,veilbreakers_terrain/handlers/_terrain_world.py:622; _terrain_world.py:622,veilbreakers_terrain/tests/test_bundle_pq.py:80; veilbreakers_terrain/tests/test_bundle_pq.py:81; veilbreakers_terrain/tests/test_bundle_pq.py:86; veilbreakers_terrain/tests/test_bundle_pq.py:87,helper_reachable
terrain_dem_import.py,resample_dem_to_tile_grid,resample_dem_to_tile_grid,511,function,,2,yes,no,B+,,none,0,0,0,3,0,0,,veilbreakers_terrain/tests/test_bundle_pq.py:143; veilbreakers_terrain/tests/test_bundle_pq.py:148; veilbreakers_terrain/tests/test_bundle_pq.py:152,direct_test_covered
terrain_dem_import.py,normalize_dem_to_world_range,normalize_dem_to_world_range,552,function,,2,yes,no,A,,none,0,0,0,3,0,0,,veilbreakers_terrain/tests/test_bundle_pq.py:156; veilbreakers_terrain/tests/test_bundle_pq.py:162; veilbreakers_terrain/tests/test_bundle_pq.py:166,direct_test_covered
terrain_destructibility_patches.py,detect_destructibility_patches,detect_destructibility_patches,30,function,,2,yes,no,B+,,none,0,0,0,5,0,0,,veilbreakers_terrain/tests/test_bundle_pq.py:280; veilbreakers_terrain/tests/test_bundle_pq.py:285; veilbreakers_terrain/tests/test_bundle_pq.py:292; veilbreakers_terrain/tests/test_bundle_pq.py:299,direct_test_covered
terrain_destructibility_patches.py,export_destructibility_json,export_destructibility_json,155,function,,2,yes,no,B+,,none,0,0,0,1,0,0,,veilbreakers_terrain/tests/test_bundle_pq.py:307,direct_test_covered
terrain_determinism_ci.py,_snapshot_channel_hashes,_snapshot_channel_hashes,41,function,,2,yes,no,A-,,none,1,0,0,1,0,0,veilbreakers_terrain/handlers/terrain_determinism_ci.py:137; terrain_determinism_ci.py:137,veilbreakers_terrain/tests/test_remaining_callable_audit_guardrails.py:116,helper_reachable
terrain_determinism_ci.py,_clone_state,_clone_state,62,function,,2,yes,no,A,,none,2,0,0,1,0,0,veilbreakers_terrain/handlers/terrain_determinism_ci.py:122; veilbreakers_terrain/handlers/terrain_determinism_ci.py:128; terrain_determinism_ci.py:122; terrain_determinism_ci.py:128,veilbreakers_terrain/tests/test_remaining_callable_audit_guardrails.py:117,helper_reachable
terrain_determinism_ci.py,_hash_full_state,_hash_full_state,67,function,,2,yes,yes,A,A|2026-04-24: evidence-backed routing/light/determinism helper -> direct runtime tests covered,none,1,0,0,6,0,0,veilbreakers_terrain/handlers/terrain_determinism_ci.py:139; terrain_determinism_ci.py:139,veilbreakers_terrain/tests/test_routing_light_determinism_helpers.py:91; veilbreakers_terrain/tests/test_routing_light_determinism_helpers.py:92; veilbreakers_terrain/tests/test_routing_light_determinism_helpers.py:93,helper_reachable
terrain_determinism_ci.py,run_determinism_check,run_determinism_check,100,function,,2,yes,yes,A,A|2026-04-23 Phase-D: R9 note documents canonical upgrade from lower grade; grade jump C/A- -> A (R9 is authoritative post-upgrade assessment with citation); A-|2026-04-20: no-op intent assignment removed; _hash_full_state added covering mask stack + intent + pass history; full_state_mismatches comparison wired into deterministic flag,none,0,1,2,2,0,0,terrain_bundle_n.py:445; veilbreakers_terrain/handlers/terrain_bundle_n.py:445; veilbreakers_terrain/handlers/terrain_bundle_n.py:242,veilbreakers_terrain/tests/test_terrain_deep_qa.py:317; veilbreakers_terrain/tests/test_terrain_deep_qa.py:385,helper_reachable
terrain_determinism_ci.py,detect_determinism_regressions,detect_determinism_regressions,212,function,,2,yes,no,A,,none,0,0,0,3,0,0,,veilbreakers_terrain/tests/test_terrain_deep_qa.py:329; veilbreakers_terrain/tests/test_terrain_deep_qa.py:340; veilbreakers_terrain/tests/test_terrain_deep_qa.py:409,direct_test_covered
terrain_determinism_ci.py,_hash_tile_output,_hash_tile_output,248,function,,2,yes,yes,A-,A-|2026-04-29 master-audit blocker closure with direct behavior evidence,none,1,0,0,2,0,0,veilbreakers_terrain/handlers/terrain_determinism_ci.py:312; terrain_determinism_ci.py:312,veilbreakers_terrain/tests/test_terrain_deep_qa.py:349; veilbreakers_terrain/tests/test_terrain_deep_qa.py:352,helper_reachable
terrain_determinism_ci.py,run_determinism_check_subprocess,run_determinism_check_subprocess,265,function,,2,yes,yes,B+,B+|2026-04-29 master-audit blocker closure with direct behavior evidence,none,0,0,0,0,1,1,,veilbreakers_terrain/tests/test_terrain_deep_qa.py:371,direct_test_covered
terrain_dirty_tracking.py,DirtyRegion.touches_channel,touches_channel,33,method,DirtyRegion,1,yes,no,A,,none,0,0,0,0,2,2,,veilbreakers_terrain/tests/test_callable_orphan_contracts.py:240; veilbreakers_terrain/tests/test_callable_orphan_contracts.py:241,direct_test_covered
terrain_dirty_tracking.py,DirtyRegion.merge,merge,37,method,DirtyRegion,1,yes,no,B-,,none,0,2,2,0,0,0,terrain_dirty_tracking.py:319; terrain_dirty_tracking.py:414; veilbreakers_terrain/handlers/terrain_dirty_tracking.py:319; veilbreakers_terrain/handlers/terrain_dirty_tracking.py:414,,helper_reachable
terrain_dirty_tracking.py,DirtyRegion.intersection,intersection,57,method,DirtyRegion,1,yes,yes,A,A|2026-04-23 Phase-D: R9 note describes canonical AAA behavior (citation or verified runtime contract); grade A- -> A (no code change required); A-|2026-04-23: verified dirty-region intersection helper -> overlap bounds union channels and later timestamp semantics are preserved correctly,none,0,2,2,0,0,0,veilbreakers_terrain/handlers/terrain_master_registrar.py:283; veilbreakers_terrain/handlers/terrain_pipeline.py:301,,helper_reachable
terrain_dirty_tracking.py,_IntervalTree._ensure_sorted,_ensure_sorted,122,method,_IntervalTree,1,yes,yes,A,A|2026-04-23: verified interval-tree lazy-sort helper -> dirty-flag gating rebuilds the parallel search arrays only when needed,none,0,1,1,0,0,0,terrain_dirty_tracking.py:143; veilbreakers_terrain/handlers/terrain_dirty_tracking.py:143,,helper_reachable
terrain_dirty_tracking.py,_IntervalTree.insert,insert,128,method,_IntervalTree,1,yes,yes,A,A|2026-04-23: verified interval-tree insert helper -> append-plus-dirty semantics preserve amortized rebuild costs for burst updates,none,0,10,10,0,2,2,terrain_dirty_tracking.py:225; veilbreakers_terrain/handlers/environment.py:3131; veilbreakers_terrain/handlers/environment.py:3144; veilbreakers_terrain/handlers/environment.py:3173,veilbreakers_terrain/tests/conftest.py:29; veilbreakers_terrain/tests/test_visual_testing_readiness_gate_script.py:28,helper_reachable
terrain_dirty_tracking.py,_IntervalTree.remove,remove,132,method,_IntervalTree,1,yes,yes,A,A|2026-04-23 Phase-D: R9 note describes canonical AAA behavior (citation or verified runtime contract); grade A- -> A (no code change required); A-|2026-04-23: verified interval-tree remove helper -> filtered rebuild correctly evicts stale region indices before the next sorted query,none,0,11,11,0,0,0,veilbreakers_terrain/handlers/lod_pipeline.py:688; veilbreakers_terrain/handlers/lod_pipeline.py:696; veilbreakers_terrain/handlers/lod_pipeline.py:697; veilbreakers_terrain/handlers/lod_pipeline.py:702,,helper_reachable
terrain_dirty_tracking.py,_IntervalTree.candidates,candidates,136,method,_IntervalTree,1,yes,yes,A,A|2026-04-23 Phase-D: R9 note describes canonical AAA behavior (citation or verified runtime contract); grade A- -> A (no code change required); A-|2026-04-23: verified overlap-candidate query -> bisect-pruned prefix scan returns all intervals overlapping the requested x-range,none,0,0,0,0,0,0,veilbreakers_terrain/handlers/_mesh_bridge.py:906; veilbreakers_terrain/handlers/_scatter_engine.py:769; veilbreakers_terrain/handlers/environment.py:4826; veilbreakers_terrain/handlers/environment.py:4828,veilbreakers_terrain/tests/test_environment_scatter_handlers.py:159; veilbreakers_terrain/tests/test_environment_scatter_handlers.py:191; veilbreakers_terrain/tests/test_environment_scatter_handlers.py:226; veilbreakers_terrain/tests/test_environment_scatter_handlers.py:232,helper_reachable
terrain_dirty_tracking.py,_IntervalTree.rebuild,rebuild,154,method,_IntervalTree,1,yes,yes,A,A|2026-04-23: verified interval-tree rebuild helper -> deterministic region-to-index projection resets the tree from authoritative dirty-region state,none,0,1,1,0,0,0,terrain_dirty_tracking.py:216; veilbreakers_terrain/handlers/terrain_dirty_tracking.py:216,,helper_reachable
terrain_dirty_tracking.py,DirtyTracker.world_bounds,world_bounds,203,property,DirtyTracker,1,yes,no,A,,none,0,0,16,0,0,1,veilbreakers_terrain/handlers/_water_network.py:2976; veilbreakers_terrain/handlers/terrain_checkpoints.py:196; veilbreakers_terrain/handlers/terrain_dem_import.py:116; veilbreakers_terrain/handlers/terrain_dem_import.py:430,veilbreakers_terrain/tests/test_terrain_checkpoints.py:108,helper_reachable
terrain_dirty_tracking.py,DirtyTracker.set_world_bounds,set_world_bounds,206,method,DirtyTracker,1,yes,no,A,,none,0,0,0,0,1,1,,veilbreakers_terrain/tests/test_callable_orphan_contracts.py:244,direct_test_covered
terrain_dirty_tracking.py,DirtyTracker._rebuild_indexes,_rebuild_indexes,213,method,DirtyTracker,1,yes,yes,A,A|2026-04-23 Phase-D: R9 note describes canonical AAA behavior (citation or verified runtime contract); grade A- -> A (no code change required); A-|2026-04-23: verified dirty-tracker index rebuild -> spatial and per-channel indexes are reconstructed consistently from the live region list,none,0,1,1,0,0,0,terrain_dirty_tracking.py:334; veilbreakers_terrain/handlers/terrain_dirty_tracking.py:334,,helper_reachable
terrain_dirty_tracking.py,DirtyTracker._append_region,_append_region,221,method,DirtyTracker,1,yes,yes,A,A|2026-04-23: verified dirty-region append helper -> region storage channel index and x-tree updates stay in sync on insertion,none,0,2,2,0,0,0,terrain_dirty_tracking.py:248; terrain_dirty_tracking.py:268; veilbreakers_terrain/handlers/terrain_dirty_tracking.py:248; veilbreakers_terrain/handlers/terrain_dirty_tracking.py:268,,helper_reachable
terrain_dirty_tracking.py,DirtyTracker.mark_dirty,mark_dirty,234,method,DirtyTracker,1,yes,no,A,,none,0,2,2,0,7,7,terrain_dirty_tracking.py:491; veilbreakers_terrain/handlers/terrain_dirty_tracking.py:491; veilbreakers_terrain/handlers/terrain_live_preview.py:99,veilbreakers_terrain/tests/test_semantics_stack_runtime_helpers.py:46; veilbreakers_terrain/tests/test_semantics_stack_runtime_helpers.py:47; veilbreakers_terrain/tests/test_terrain_iteration.py:173; veilbreakers_terrain/tests/test_terrain_iteration.py:174,helper_reachable
terrain_dirty_tracking.py,DirtyTracker.mark_many,mark_many,252,method,DirtyTracker,1,yes,no,A,,none,0,0,0,0,1,1,,veilbreakers_terrain/tests/test_callable_orphan_contracts.py:245,direct_test_covered
terrain_dirty_tracking.py,DirtyTracker._clip_to_world,_clip_to_world,272,method,DirtyTracker,1,yes,yes,A,A|2026-04-23: verified world-bounds clip helper -> dirty bboxes are intersected safely with None returned for fully out-of-bounds writes,none,0,2,2,0,0,0,terrain_dirty_tracking.py:239; terrain_dirty_tracking.py:259; veilbreakers_terrain/handlers/terrain_dirty_tracking.py:239; veilbreakers_terrain/handlers/terrain_dirty_tracking.py:259,,helper_reachable
terrain_dirty_tracking.py,DirtyTracker._sweep_merge,_sweep_merge,286,method,DirtyTracker,1,yes,yes,A,A|2026-04-23 Phase-D: R9 note describes canonical AAA behavior (citation or verified runtime contract); grade A- -> A (no code change required); A-|2026-04-23: verified fixed-point dirty-region merge -> x-sorted repeated absorption collapses transitive overlap chains into stable non-overlapping regions,none,0,2,2,0,0,0,terrain_dirty_tracking.py:333; terrain_dirty_tracking.py:367; veilbreakers_terrain/handlers/terrain_dirty_tracking.py:333; veilbreakers_terrain/handlers/terrain_dirty_tracking.py:367,,helper_reachable
terrain_dirty_tracking.py,DirtyTracker._coalesce_inplace,_coalesce_inplace,329,method,DirtyTracker,1,yes,yes,A,A|2026-04-23: verified in-place coalescer -> merged region compaction always rebuilds indexes from the new canonical region set,none,0,3,3,0,0,0,terrain_dirty_tracking.py:249; terrain_dirty_tracking.py:269; terrain_dirty_tracking.py:405; veilbreakers_terrain/handlers/terrain_dirty_tracking.py:249,,helper_reachable
terrain_dirty_tracking.py,DirtyTracker.get_dirty_regions,get_dirty_regions,336,method,DirtyTracker,1,yes,no,A,,none,0,0,0,0,1,1,,veilbreakers_terrain/tests/test_terrain_iteration.py:175,direct_test_covered
terrain_dirty_tracking.py,DirtyTracker.get_dirty_channels,get_dirty_channels,339,method,DirtyTracker,1,yes,no,A,,none,0,0,0,0,4,4,,veilbreakers_terrain/tests/test_callable_orphan_contracts.py:247; veilbreakers_terrain/tests/test_terrain_iteration.py:177; veilbreakers_terrain/tests/test_terrain_iteration.py:178; veilbreakers_terrain/tests/test_terrain_iteration.py:742,direct_test_covered
terrain_dirty_tracking.py,DirtyTracker.clear,clear,342,method,DirtyTracker,1,yes,no,A,,none,0,38,38,0,10,10,terrain_dirty_tracking.py:343; terrain_dirty_tracking.py:344; veilbreakers_terrain/handlers/environment.py:3494; veilbreakers_terrain/handlers/environment.py:5165,veilbreakers_terrain/tests/test_aaa_water_scatter.py:278; veilbreakers_terrain/tests/test_aaa_water_scatter.py:279; veilbreakers_terrain/tests/test_pipeline_contract_runtime_helpers.py:18; veilbreakers_terrain/tests/test_pipeline_contract_runtime_helpers.py:36,helper_reachable
terrain_dirty_tracking.py,DirtyTracker.is_clean,is_clean,347,method,DirtyTracker,1,yes,no,A,,none,0,0,0,0,3,3,,veilbreakers_terrain/tests/test_terrain_iteration.py:163; veilbreakers_terrain/tests/test_terrain_iteration.py:179; veilbreakers_terrain/tests/test_terrain_iteration.py:741,direct_test_covered
terrain_dirty_tracking.py,DirtyTracker.dirty_area,dirty_area,350,method,DirtyTracker,1,yes,no,B+,,none,0,1,1,0,0,0,terrain_dirty_tracking.py:388; veilbreakers_terrain/handlers/terrain_dirty_tracking.py:388,,helper_reachable
terrain_dirty_tracking.py,DirtyTracker.dirty_fraction,dirty_fraction,373,method,DirtyTracker,1,yes,no,A-,,none,0,0,0,0,2,2,,veilbreakers_terrain/tests/test_terrain_iteration.py:164; veilbreakers_terrain/tests/test_terrain_iteration.py:189,direct_test_covered
terrain_dirty_tracking.py,DirtyTracker.coalesce,coalesce,390,method,DirtyTracker,1,yes,no,A,,none,0,0,0,0,2,2,,veilbreakers_terrain/tests/test_terrain_iteration.py:165; veilbreakers_terrain/tests/test_terrain_iteration.py:199,direct_test_covered
terrain_dirty_tracking.py,attach_dirty_tracker,attach_dirty_tracker,423,function,,2,yes,no,B,,none,1,0,0,2,0,0,veilbreakers_terrain/handlers/terrain_live_preview.py:63; terrain_live_preview.py:63,veilbreakers_terrain/tests/test_terrain_iteration.py:211; veilbreakers_terrain/tests/test_terrain_iteration.py:212,helper_reachable
terrain_ecotone_graph.py,EcotoneEdge.as_dict,as_dict,49,method,EcotoneEdge,1,yes,no,A,,none,0,3,3,0,2,2,terrain_ecotone_graph.py:206; veilbreakers_terrain/handlers/terrain_bundle_n.py:320; veilbreakers_terrain/handlers/terrain_ecotone_graph.py:206; veilbreakers_terrain/handlers/terrain_vegetation_depth.py:1597,veilbreakers_terrain/tests/test_terrain_deep_qa.py:528; veilbreakers_terrain/tests/test_vegetation_depth_runtime_helpers.py:61,helper_reachable
terrain_ecotone_graph.py,_find_adjacencies,_find_adjacencies,59,function,,2,yes,no,B,,none,1,0,0,0,0,0,veilbreakers_terrain/handlers/terrain_ecotone_graph.py:189; terrain_ecotone_graph.py:189,,helper_reachable
terrain_ecotone_graph.py,_ecotone_width_for_pair,_ecotone_width_for_pair,108,function,,2,yes,no,B+,,none,1,0,0,0,0,0,veilbreakers_terrain/handlers/terrain_ecotone_graph.py:193; terrain_ecotone_graph.py:193,,helper_reachable
terrain_ecotone_graph.py,_edge_boundary_mask,_edge_boundary_mask,114,function,,2,yes,no,B+,,none,1,0,0,0,0,0,veilbreakers_terrain/handlers/terrain_ecotone_graph.py:156; terrain_ecotone_graph.py:156,,helper_reachable
terrain_ecotone_graph.py,_smoothstep01,_smoothstep01,135,function,,2,yes,no,B+,,none,3,0,0,0,0,0,veilbreakers_terrain/handlers/_water_network_ext.py:677; veilbreakers_terrain/handlers/_water_network_ext.py:698; veilbreakers_terrain/handlers/terrain_ecotone_graph.py:162; terrain_ecotone_graph.py:162,,helper_reachable
terrain_ecotone_graph.py,rasterize_ecotone_blend_weights,rasterize_ecotone_blend_weights,140,function,,2,yes,no,B+,,none,1,0,0,1,0,0,veilbreakers_terrain/handlers/terrain_ecotone_graph.py:257; terrain_ecotone_graph.py:257,veilbreakers_terrain/tests/test_phase10_architecture_polish.py:64,helper_reachable
terrain_ecotone_graph.py,build_ecotone_graph,build_ecotone_graph,166,function,,2,yes,no,C+,,none,1,0,0,3,0,0,veilbreakers_terrain/handlers/terrain_ecotone_graph.py:256; terrain_ecotone_graph.py:256,veilbreakers_terrain/tests/test_phase10_architecture_polish.py:61; veilbreakers_terrain/tests/test_terrain_ecosystem.py:412; veilbreakers_terrain/tests/test_terrain_ecosystem.py:424,helper_reachable
terrain_ecotone_graph.py,validate_ecotone_smoothness,validate_ecotone_smoothness,212,function,,2,yes,no,A-,,none,1,0,0,1,0,0,veilbreakers_terrain/handlers/terrain_ecotone_graph.py:259; terrain_ecotone_graph.py:259,veilbreakers_terrain/tests/test_terrain_ecosystem.py:447,helper_reachable
terrain_ecotone_graph.py,pass_ecotones,pass_ecotones,236,function,,2,yes,yes,A,"A|2026-04-23 Phase-D: R9 note cites canonical upgrade (scipy EDT, Wang hash, SpeedTree wind VC, arc-length reparameterization, Ikeda 1989 bank asymmetry, Mason 1985 pool verification, etc.); grade B+/A- -> A (no code change required); A-|2026-04-20: verified by current tests -> ecotone runtime pass emits transition graph data with pass contract","master_bundle_pass,module_registrar",0,0,0,2,0,0,veilbreakers_terrain/handlers/terrain_ecotone_graph.py:282,veilbreakers_terrain/tests/test_phase10_architecture_polish.py:78; veilbreakers_terrain/tests/test_terrain_ecosystem.py:454,runtime_primary
terrain_ecotone_graph.py,register_bundle_j_ecotones_pass,register_bundle_j_ecotones_pass,276,function,,2,yes,yes,A-,A-|2026-04-20: verified by current tests -> declarative Bundle J ecotone pass registration,master_bundle_registrar,0,1,1,0,0,0,terrain_bundle_j.py:62; veilbreakers_terrain/handlers/terrain_bundle_j.py:62,,runtime_primary
terrain_erosion_filter.py,_hash2,_hash2,41,function,,2,yes,yes,A,A|2026-04-19: upgraded B- -> xxHash32 finalisation P1=2654435761 P2=2246822519 P4=668265263 canonical avalanche GPU-portable no tiling artefacts,none,2,0,0,2,0,0,veilbreakers_terrain/handlers/terrain_erosion_filter.py:220; veilbreakers_terrain/handlers/terrain_erosion_filter.py:314; terrain_erosion_filter.py:220; terrain_erosion_filter.py:314,veilbreakers_terrain/tests/test_remaining_callable_audit_guardrails.py:151; veilbreakers_terrain/tests/test_remaining_callable_audit_guardrails.py:152,helper_reachable
terrain_erosion_filter.py,_pow_inv,_pow_inv,94,function,,2,yes,no,A,,none,2,0,0,10,0,0,veilbreakers_terrain/handlers/terrain_erosion_filter.py:405; veilbreakers_terrain/handlers/terrain_erosion_filter.py:410; terrain_erosion_filter.py:405; terrain_erosion_filter.py:410,veilbreakers_terrain/tests/test_p7_pow_inv.py:9; veilbreakers_terrain/tests/test_p7_pow_inv.py:15; veilbreakers_terrain/tests/test_p7_pow_inv.py:16; veilbreakers_terrain/tests/test_p7_pow_inv.py:22,helper_reachable
terrain_erosion_filter.py,finite_difference_gradient,finite_difference_gradient,120,function,,2,yes,no,A-,,none,1,0,0,4,0,0,veilbreakers_terrain/handlers/terrain_erosion_filter.py:520; terrain_erosion_filter.py:520,veilbreakers_terrain/tests/test_terrain_erosion_filter.py:122; veilbreakers_terrain/tests/test_terrain_erosion_filter.py:266; veilbreakers_terrain/tests/test_terrain_erosion_filter.py:282; veilbreakers_terrain/tests/test_terrain_erosion_filter.py:291,helper_reachable
terrain_erosion_filter.py,phacelle_noise,phacelle_noise,161,function,,2,yes,no,B+,,none,1,0,0,4,0,0,veilbreakers_terrain/handlers/terrain_erosion_filter.py:356; terrain_erosion_filter.py:356,veilbreakers_terrain/tests/test_terrain_erosion_filter.py:98; veilbreakers_terrain/tests/test_terrain_noise_phase11.py:123; veilbreakers_terrain/tests/test_terrain_noise_phase11.py:135; veilbreakers_terrain/tests/test_terrain_noise_phase11.py:136,helper_reachable
terrain_erosion_filter.py,erosion_filter,erosion_filter,265,function,,6,yes,no,B+,,none,1,0,0,1,0,0,veilbreakers_terrain/handlers/terrain_erosion_filter.py:522; terrain_erosion_filter.py:522,veilbreakers_terrain/tests/test_remaining_callable_audit_guardrails.py:157,helper_reachable
terrain_erosion_filter.py,apply_analytical_erosion,apply_analytical_erosion,482,function,,2,yes,no,B+,,none,1,0,0,17,0,0,veilbreakers_terrain/handlers/_terrain_world.py:1208; _terrain_world.py:1208,veilbreakers_terrain/tests/test_terrain_erosion_filter.py:35; veilbreakers_terrain/tests/test_terrain_erosion_filter.py:51; veilbreakers_terrain/tests/test_terrain_erosion_filter.py:67; veilbreakers_terrain/tests/test_terrain_erosion_filter.py:68,helper_reachable
terrain_features.py,_cross,_cross,35,function,,2,yes,yes,A,A|2026-04-23: verified terrain-feature vector cross-product helper -> direct 3D determinant form is correct and side-effect free,none,6,0,0,1,0,0,veilbreakers_terrain/handlers/autonomous_loop.py:135; veilbreakers_terrain/handlers/lod_pipeline.py:135; veilbreakers_terrain/handlers/lod_pipeline.py:834; veilbreakers_terrain/handlers/lod_pipeline.py:856,veilbreakers_terrain/tests/test_lod_material_live_readiness.py:53,helper_reachable
terrain_features.py,_sub,_sub,44,function,,2,yes,yes,A,A|2026-04-23: verified terrain-feature vector subtraction helper -> stable tuple-difference primitive for face and edge calculations,none,19,0,0,1,0,0,veilbreakers_terrain/handlers/autonomous_loop.py:133; veilbreakers_terrain/handlers/autonomous_loop.py:134; veilbreakers_terrain/handlers/lod_pipeline.py:133; veilbreakers_terrain/handlers/lod_pipeline.py:134,veilbreakers_terrain/tests/test_lod_material_live_readiness.py:51,helper_reachable
terrain_features.py,_normalize,_normalize,48,function,,2,yes,yes,A,A|2026-04-23 Phase-D: R9 note describes canonical AAA behavior (citation or verified runtime contract); grade A- -> A (no code change required); A-|2026-04-23: verified normalization helper -> signed and unsigned remap semantics are stable for terrain feature scaling,none,11,0,0,2,0,0,veilbreakers_terrain/handlers/autonomous_loop.py:122; veilbreakers_terrain/handlers/lod_pipeline.py:135; veilbreakers_terrain/handlers/lod_pipeline.py:198; veilbreakers_terrain/handlers/lod_pipeline.py:834,veilbreakers_terrain/tests/test_lod_material_live_readiness.py:54; veilbreakers_terrain/tests/test_lod_material_live_readiness.py:55,helper_reachable
terrain_features.py,_face_normal,_face_normal,56,function,,2,yes,yes,A,A|2026-04-23 Phase-D: R9 note describes canonical AAA behavior (citation or verified runtime contract); grade A- -> A (no code change required); A-|2026-04-23: verified terrain-feature face-normal helper -> n-gon-safe winding evaluation returns normalized normals or None for invalid faces,none,7,0,0,1,0,0,veilbreakers_terrain/handlers/_mesh_bridge.py:900; veilbreakers_terrain/handlers/_mesh_bridge.py:912; veilbreakers_terrain/handlers/autonomous_loop.py:399; veilbreakers_terrain/handlers/lod_pipeline.py:201,veilbreakers_terrain/tests/test_lod_material_live_readiness.py:58,helper_reachable
terrain_features.py,_compute_face_normals,_compute_face_normals,71,function,,2,yes,yes,A,A|2026-04-24: evidence-backed feature geometry helper -> direct runtime tests covered,none,9,0,0,6,0,0,veilbreakers_terrain/handlers/terrain_features.py:665; veilbreakers_terrain/handlers/terrain_features.py:1204; veilbreakers_terrain/handlers/terrain_features.py:1710; veilbreakers_terrain/handlers/terrain_features.py:2096,veilbreakers_terrain/tests/test_feature_geometry_runtime_helpers.py:16; veilbreakers_terrain/tests/test_geometric_quality.py:195; veilbreakers_terrain/tests/test_geometric_quality.py:202; veilbreakers_terrain/tests/test_geometric_quality.py:210,helper_reachable
terrain_features.py,_lod1_faces,_lod1_faces,76,function,,2,yes,yes,A,A|2026-04-24: evidence-backed feature geometry helper -> direct runtime tests covered,none,9,0,0,3,0,0,veilbreakers_terrain/handlers/terrain_features.py:701; veilbreakers_terrain/handlers/terrain_features.py:1242; veilbreakers_terrain/handlers/terrain_features.py:1744; veilbreakers_terrain/handlers/terrain_features.py:2123,veilbreakers_terrain/tests/test_feature_geometry_runtime_helpers.py:21; veilbreakers_terrain/tests/test_feature_geometry_runtime_helpers.py:22; veilbreakers_terrain/tests/test_terrain_features_v2.py:16,helper_reachable
terrain_features.py,_material_metadata,_material_metadata,89,function,,2,yes,yes,A,A|2026-04-24: evidence-backed feature geometry helper -> direct runtime tests covered,none,9,0,0,1,0,0,veilbreakers_terrain/handlers/terrain_features.py:682; veilbreakers_terrain/handlers/terrain_features.py:1223; veilbreakers_terrain/handlers/terrain_features.py:1725; veilbreakers_terrain/handlers/terrain_features.py:2109,veilbreakers_terrain/tests/test_feature_geometry_runtime_helpers.py:17,helper_reachable
terrain_features.py,_get_feature_noise,_get_feature_noise,105,function,,2,yes,yes,A-,A-|2026-04-19: upgraded new helper -> lru_cache maxsize=64 per-seed noise-provider reuse removes mutable singleton and repeated constructor churn,none,2,0,0,0,0,3,veilbreakers_terrain/handlers/terrain_features.py:125; veilbreakers_terrain/handlers/terrain_features.py:168; terrain_features.py:125; terrain_features.py:168,veilbreakers_terrain/tests/test_road_coastline_terrain_features.py:638; veilbreakers_terrain/tests/test_road_coastline_terrain_features.py:663; veilbreakers_terrain/tests/test_road_coastline_terrain_features.py:676,helper_reachable
terrain_features.py,_hash_noise,_hash_noise,117,function,,2,yes,yes,A,A|2026-04-23 Phase-D: R9 note documents canonical upgrade from lower grade; grade jump B-/A- -> A (R9 is authoritative post-upgrade assessment with citation); A-|2026-04-19: upgraded B- -> per-seed cached generator via _get_feature_noise removes mutable module-global singleton cache,none,55,0,0,1,4,4,veilbreakers_terrain/handlers/coastline.py:154; veilbreakers_terrain/handlers/terrain_features.py:347; veilbreakers_terrain/handlers/terrain_features.py:387; veilbreakers_terrain/handlers/terrain_features.py:562,veilbreakers_terrain/tests/test_road_coastline_terrain_features.py:608; veilbreakers_terrain/tests/test_road_coastline_terrain_features.py:641; veilbreakers_terrain/tests/test_road_coastline_terrain_features.py:642; veilbreakers_terrain/tests/test_road_coastline_terrain_features.py:643,helper_reachable
terrain_features.py,_fbm,_fbm,128,function,,2,yes,yes,A,A|2026-04-23 Phase-D: R9 note documents canonical upgrade from lower grade; grade jump C+/A- -> A (R9 is authoritative post-upgrade assessment with citation); A-|2026-04-19: upgraded C+ -> cached per-seed generator reuse exact geometric normalization zero-octave short-circuit,none,27,0,0,0,2,2,veilbreakers_terrain/handlers/terrain_features.py:343; veilbreakers_terrain/handlers/terrain_features.py:454; veilbreakers_terrain/handlers/terrain_features.py:1341; veilbreakers_terrain/handlers/terrain_features.py:1423,veilbreakers_terrain/tests/test_road_coastline_terrain_features.py:667; veilbreakers_terrain/tests/test_road_coastline_terrain_features.py:679,helper_reachable
terrain_features.py,generate_canyon,generate_canyon,189,function,,2,yes,yes,A,"A|2026-04-23 Phase-D: R9 note documents canonical upgrade from lower grade; grade jump D+/A- -> A (R9 is authoritative post-upgrade assessment with citation); A-|2026-04-20: upgraded D+->A-: layered strata bands, U/V cross-section variation, talus cone base",none,0,0,1,9,0,0,veilbreakers_terrain/handlers/terrain_features.py:4602; veilbreakers_terrain/handlers/__init__.py:243,veilbreakers_terrain/tests/test_road_coastline_terrain_features.py:693; veilbreakers_terrain/tests/test_road_coastline_terrain_features.py:702; veilbreakers_terrain/tests/test_road_coastline_terrain_features.py:710; veilbreakers_terrain/tests/test_road_coastline_terrain_features.py:723,helper_reachable
terrain_features.py,generate_waterfall,generate_waterfall,713,function,,2,yes,yes,A,A|2026-04-23 Phase-D: R9 note describes canonical AAA behavior (citation or verified runtime contract); grade A- -> A (no code change required); A-|2026-04-23: verified waterfall feature generator -> plunge pool foam mist and approach zones remain parameterized and deterministic,none,2,0,0,15,0,0,veilbreakers_terrain/handlers/environment.py:3383; veilbreakers_terrain/handlers/environment.py:3397; environment.py:3383; environment.py:3397,veilbreakers_terrain/tests/test_road_coastline_terrain_features.py:774; veilbreakers_terrain/tests/test_road_coastline_terrain_features.py:783; veilbreakers_terrain/tests/test_road_coastline_terrain_features.py:791; veilbreakers_terrain/tests/test_road_coastline_terrain_features.py:797,helper_reachable
terrain_features.py,generate_cliff_face,generate_cliff_face,1255,function,,2,yes,yes,A,A|2026-04-20: new Wave-10 AAA function -- boulder placements (Williams morphometry) + ledge vegetation points,none,0,0,1,11,0,0,veilbreakers_terrain/handlers/terrain_features.py:4604; veilbreakers_terrain/handlers/terrain_features.py:4605; veilbreakers_terrain/handlers/__init__.py:246,veilbreakers_terrain/tests/test_road_coastline_terrain_features.py:861; veilbreakers_terrain/tests/test_road_coastline_terrain_features.py:871; veilbreakers_terrain/tests/test_road_coastline_terrain_features.py:881; veilbreakers_terrain/tests/test_road_coastline_terrain_features.py:887,helper_reachable
terrain_features.py,generate_swamp_terrain,generate_swamp_terrain,1756,function,,2,yes,yes,A,"A|2026-04-23 Phase-D: R9 note documents canonical upgrade from lower grade; grade jump C/A- -> A (R9 is authoritative post-upgrade assessment with citation); A-|2026-04-20: upgraded C->A-: 3-level microtopography, sedge_mound, 3 tributary channels, wet-moat ring",none,1,0,1,13,0,0,veilbreakers_terrain/handlers/terrain_water_variants.py:978; terrain_water_variants.py:978; veilbreakers_terrain/handlers/terrain_features.py:4606; veilbreakers_terrain/handlers/__init__.py:249,veilbreakers_terrain/tests/test_road_coastline_terrain_features.py:950; veilbreakers_terrain/tests/test_road_coastline_terrain_features.py:959; veilbreakers_terrain/tests/test_road_coastline_terrain_features.py:969; veilbreakers_terrain/tests/test_road_coastline_terrain_features.py:978,helper_reachable
terrain_features.py,generate_natural_arch,generate_natural_arch,2136,function,,2,yes,yes,B,B|2026-04-19: upgraded D -> catenary profile replacing parabola keystone spec triplanar XZ UVs normals LOD|A|2026-04-20: undercut base geometry both legs; span-to-rise validation 1.2-7.0 range,none,1,0,1,14,0,0,veilbreakers_terrain/handlers/terrain_morphology.py:544; terrain_morphology.py:544; veilbreakers_terrain/handlers/terrain_features.py:4607; veilbreakers_terrain/handlers/terrain_features.py:4608,veilbreakers_terrain/tests/test_terrain_features_v2.py:76; veilbreakers_terrain/tests/test_terrain_features_v2.py:84; veilbreakers_terrain/tests/test_terrain_features_v2.py:92; veilbreakers_terrain/tests/test_terrain_features_v2.py:102,helper_reachable
terrain_features.py,_arch_face_mat,_arch_face_mat,2577,function,,2,yes,yes,A-,A-|2026-04-24: evidence-backed feature geometry helper -> direct runtime tests covered,none,2,0,0,4,0,0,veilbreakers_terrain/handlers/terrain_features.py:2335; veilbreakers_terrain/handlers/terrain_features.py:2342; terrain_features.py:2335; terrain_features.py:2342,veilbreakers_terrain/tests/test_feature_geometry_runtime_helpers.py:32; veilbreakers_terrain/tests/test_feature_geometry_runtime_helpers.py:33; veilbreakers_terrain/tests/test_feature_geometry_runtime_helpers.py:34; veilbreakers_terrain/tests/test_feature_geometry_runtime_helpers.py:35,helper_reachable
terrain_features.py,generate_geyser,generate_geyser,2604,function,,2,yes,yes,A,"A|2026-04-23 Phase-D: R9 note documents canonical upgrade from lower grade; grade jump C-/A- -> A (R9 is authoritative post-upgrade assessment with citation); A-|2026-04-20: upgraded C->A-: silica sinter cone rings, steam vent lip geometry, mineral deposit ring",none,1,0,1,11,0,0,veilbreakers_terrain/handlers/terrain_water_variants.py:945; terrain_water_variants.py:945; veilbreakers_terrain/handlers/terrain_features.py:4609; veilbreakers_terrain/handlers/__init__.py:255,veilbreakers_terrain/tests/test_terrain_features_v2.py:178; veilbreakers_terrain/tests/test_terrain_features_v2.py:186; veilbreakers_terrain/tests/test_terrain_features_v2.py:195; veilbreakers_terrain/tests/test_terrain_features_v2.py:203,helper_reachable
terrain_features.py,generate_sinkhole,generate_sinkhole,3047,function,,2,yes,yes,A,"A|2026-04-23 Phase-D: R9 note documents canonical upgrade from lower grade; grade jump C/A- -> A (R9 is authoritative post-upgrade assessment with citation); A-|2026-04-20: upgraded C->A-: collapse debris ring, cave_ceiling patch, 7-material assignment",none,1,0,1,13,0,0,veilbreakers_terrain/handlers/terrain_karst.py:532; terrain_karst.py:532; veilbreakers_terrain/handlers/terrain_features.py:4610; veilbreakers_terrain/handlers/__init__.py:258,veilbreakers_terrain/tests/test_terrain_features_v2.py:269; veilbreakers_terrain/tests/test_terrain_features_v2.py:277; veilbreakers_terrain/tests/test_terrain_features_v2.py:286; veilbreakers_terrain/tests/test_terrain_features_v2.py:295,helper_reachable
terrain_features.py,generate_floating_rocks,generate_floating_rocks,3445,function,,2,yes,yes,A,"A|2026-04-23 Phase-D: R9 B+/B+ but note describes canonical AAA behavior (physics-based animation, Garland-Heckbert QEM, deterministic feature generators, multi-band harmonic oscillators, textbook geometry); grade B+ -> A (no code change required); B+|2026-04-23: verified floating-rock feature generator -> deterministic layered output with lod variants and hero-scale metadata",none,0,0,1,14,0,0,veilbreakers_terrain/handlers/terrain_features.py:4611; veilbreakers_terrain/handlers/__init__.py:261,veilbreakers_terrain/tests/test_terrain_features_v2.py:371; veilbreakers_terrain/tests/test_terrain_features_v2.py:379; veilbreakers_terrain/tests/test_terrain_features_v2.py:388; veilbreakers_terrain/tests/test_terrain_features_v2.py:394,helper_reachable
terrain_features.py,generate_ice_formation,generate_ice_formation,3744,function,,2,yes,yes,A,"A|2026-04-23 Phase-D: R9 B+/B+ but note describes canonical AAA behavior (physics-based animation, Garland-Heckbert QEM, deterministic feature generators, multi-band harmonic oscillators, textbook geometry); grade B+ -> A (no code change required); B+|2026-04-23: verified ice formation generator -> deterministic layered output with lod variants and stable feature masks",none,1,0,1,13,0,0,veilbreakers_terrain/handlers/terrain_glacial.py:410; terrain_glacial.py:410; veilbreakers_terrain/handlers/terrain_features.py:4612; veilbreakers_terrain/handlers/__init__.py:264,veilbreakers_terrain/tests/test_terrain_features_v2.py:481; veilbreakers_terrain/tests/test_terrain_features_v2.py:489; veilbreakers_terrain/tests/test_terrain_features_v2.py:499; veilbreakers_terrain/tests/test_terrain_features_v2.py:509,helper_reachable
terrain_features.py,generate_lava_flow,generate_lava_flow,4143,function,,2,yes,yes,A,"A|2026-04-23 Phase-D: R9 B+/B+ but note describes canonical AAA behavior (physics-based animation, Garland-Heckbert QEM, deterministic feature generators, multi-band harmonic oscillators, textbook geometry); grade B+ -> A (no code change required); B+|2026-04-23: verified lava flow generator -> deterministic layered output with lod variants and stable flow feature data",none,0,0,1,13,0,0,veilbreakers_terrain/handlers/terrain_features.py:4613; veilbreakers_terrain/handlers/__init__.py:267,veilbreakers_terrain/tests/test_terrain_features_v2.py:588; veilbreakers_terrain/tests/test_terrain_features_v2.py:596; veilbreakers_terrain/tests/test_terrain_features_v2.py:605; veilbreakers_terrain/tests/test_terrain_features_v2.py:614,helper_reachable
terrain_features.py,pass_terrain_features,pass_terrain_features,4617,function,,2,yes,no,B+,,"master_bundle_pass,module_registrar",0,0,0,1,0,0,veilbreakers_terrain/handlers/terrain_features.py:4680,veilbreakers_terrain/tests/test_terrain_features_v2.py:57,runtime_primary
terrain_features.py,register_terrain_features_pass,register_terrain_features_pass,4674,function,,2,yes,no,B,,master_bundle_registrar,0,0,0,0,0,0,,,runtime_primary
terrain_fog_masks.py,compute_fog_pool_mask,compute_fog_pool_mask,48,function,,2,yes,yes,B+,B+|2026-04-19: upgraded B- -> 4-weight blend altitude+Laplacian concavity+log-norm flow_accumulation+temp-inversion flat_slope*low_height Gaussian smooth,none,1,0,0,2,0,0,veilbreakers_terrain/handlers/terrain_fog_masks.py:317; terrain_fog_masks.py:317,veilbreakers_terrain/tests/test_terrain_atmosphere.py:206; veilbreakers_terrain/tests/test_terrain_atmosphere.py:216,helper_reachable
terrain_fog_masks.py,compute_mist_envelope,compute_mist_envelope,183,function,,2,yes,yes,B+,B+|2026-04-19: upgraded B- -> EDT+Beer-Lambert absorption exp(-k*d/h_range) hard cutoff at falloff_steps*cell_size vertical attenuation,none,1,0,0,1,0,0,veilbreakers_terrain/handlers/terrain_fog_masks.py:322; terrain_fog_masks.py:322,veilbreakers_terrain/tests/test_terrain_atmosphere.py:228,helper_reachable
terrain_fog_masks.py,pass_fog_masks,pass_fog_masks,295,function,,2,yes,yes,B+,B+|2026-04-19: upgraded B -> declares flow_accumulation consumed channel reports used_flow_accumulation metric,"master_bundle_pass,module_registrar",0,0,0,1,0,0,veilbreakers_terrain/handlers/terrain_fog_masks.py:355,veilbreakers_terrain/tests/test_terrain_atmosphere.py:241,runtime_primary
terrain_fog_masks.py,register_bundle_l_fog_masks_pass,register_bundle_l_fog_masks_pass,349,function,,2,yes,yes,A,A|2026-04-23 Phase-D: R9 note describes canonical AAA behavior (citation or verified runtime contract); grade A- -> A (no code change required); A-|2026-04-20: verified by current tests -> declarative fog-mask pass registration,master_bundle_registrar,0,1,1,1,0,0,terrain_bundle_l.py:33; veilbreakers_terrain/handlers/terrain_bundle_l.py:33,veilbreakers_terrain/tests/test_remaining_callable_audit_guardrails.py:58,runtime_primary
terrain_foliage_catalog.py,SpeciesSpec.to_dict,to_dict,182,method,SpeciesSpec,1,yes,yes,D+,D+,none,0,12,12,0,7,7,terrain_foliage_catalog.py:858; veilbreakers_terrain/handlers/environment.py:5123; veilbreakers_terrain/handlers/environment_scatter.py:3530; veilbreakers_terrain/handlers/road_network.py:1284,veilbreakers_terrain/tests/test_remaining_callable_audit_guardrails.py:247; veilbreakers_terrain/tests/test_scatter_point_and_path_contracts.py:386; veilbreakers_terrain/tests/test_scatter_point_and_path_contracts.py:411; veilbreakers_terrain/tests/test_stochastic_shader_hex.py:376,helper_reachable
terrain_foliage_catalog.py,_slope,_slope,226,function,,2,yes,yes,D+,D+,none,41,0,0,1,0,0,veilbreakers_terrain/handlers/terrain_foliage_catalog.py:264; veilbreakers_terrain/handlers/terrain_foliage_catalog.py:277; veilbreakers_terrain/handlers/terrain_foliage_catalog.py:290; veilbreakers_terrain/handlers/terrain_foliage_catalog.py:303,veilbreakers_terrain/tests/test_terrain_foliage_catalog.py:127,helper_reachable
terrain_foliage_catalog.py,species_ids_by_category,species_ids_by_category,816,function,,2,yes,yes,D+,D+,none,0,0,0,5,0,0,,veilbreakers_terrain/tests/test_terrain_foliage_catalog.py:66; veilbreakers_terrain/tests/test_terrain_foliage_catalog.py:71; veilbreakers_terrain/tests/test_terrain_foliage_catalog.py:75; veilbreakers_terrain/tests/test_terrain_foliage_catalog.py:79,direct_test_covered
terrain_foliage_catalog.py,species_for_biome,species_for_biome,825,function,,2,yes,yes,D+,D+,none,0,0,0,2,0,0,,veilbreakers_terrain/tests/test_terrain_foliage_catalog.py:133; veilbreakers_terrain/tests/test_terrain_foliage_catalog.py:134,direct_test_covered
terrain_foliage_catalog.py,external_model_assets_required,external_model_assets_required,838,function,,2,yes,yes,D+,D+,none,2,0,0,1,0,0,veilbreakers_terrain/generation_staging.py:274; veilbreakers_terrain/handlers/terrain_unity_export.py:227; terrain_unity_export.py:227,veilbreakers_terrain/tests/test_terrain_foliage_catalog.py:108,helper_reachable
terrain_foliage_catalog.py,manifest_entries,manifest_entries,851,function,,2,yes,yes,D+,D+,none,1,0,0,1,0,0,veilbreakers_terrain/handlers/terrain_unity_export.py:225; terrain_unity_export.py:225,veilbreakers_terrain/tests/test_terrain_foliage_catalog.py:103,helper_reachable
terrain_foliage_catalog.py,categories_covered,categories_covered,863,function,,2,yes,yes,D+,D+,none,1,0,0,1,0,0,veilbreakers_terrain/handlers/terrain_unity_export.py:226; terrain_unity_export.py:226,veilbreakers_terrain/tests/test_terrain_foliage_catalog.py:57,helper_reachable
terrain_foliage_catalog.py,_derive_species_constraints,_derive_species_constraints,868,function,,2,yes,yes,D+,D+,none,1,0,0,1,0,0,veilbreakers_terrain/handlers/terrain_foliage_catalog.py:899; terrain_foliage_catalog.py:899,veilbreakers_terrain/tests/test_terrain_foliage_catalog.py:142,helper_reachable
terrain_foliage_catalog.py,default_asset_catalog_path,default_asset_catalog_path,1020,function,,2,yes,yes,D+,D+,none,1,0,0,1,0,0,veilbreakers_terrain/handlers/terrain_foliage_catalog.py:1043; terrain_foliage_catalog.py:1043,veilbreakers_terrain/tests/test_terrain_foliage_catalog.py:338,helper_reachable
terrain_foliage_catalog.py,AssetManifest._maybe_reload,_maybe_reload,1051,method,AssetManifest,1,yes,yes,D+,D+,none,0,5,5,0,1,1,terrain_foliage_catalog.py:1092; terrain_foliage_catalog.py:1095; terrain_foliage_catalog.py:1100; terrain_foliage_catalog.py:1106,veilbreakers_terrain/tests/test_terrain_foliage_catalog.py:346,helper_reachable
terrain_foliage_catalog.py,AssetManifest._load_locked,_load_locked,1061,method,AssetManifest,1,yes,yes,D+,D+,none,0,1,1,0,1,1,terrain_foliage_catalog.py:1059; veilbreakers_terrain/handlers/terrain_foliage_catalog.py:1059,veilbreakers_terrain/tests/test_terrain_foliage_catalog.py:377,helper_reachable
terrain_foliage_catalog.py,AssetManifest.reload,reload,1089,method,AssetManifest,1,yes,yes,D+,D+,none,0,3,3,0,1,1,veilbreakers_terrain/handlers/terrain_addon_health.py:255; veilbreakers_terrain/handlers/terrain_addon_health.py:259; veilbreakers_terrain/handlers/terrain_hot_reload.py:63,veilbreakers_terrain/tests/test_terrain_foliage_catalog.py:361,helper_reachable
terrain_foliage_catalog.py,AssetManifest.asset_ids,asset_ids,1094,method,AssetManifest,1,yes,yes,D+,D+,none,0,0,0,0,3,3,,veilbreakers_terrain/tests/test_terrain_foliage_catalog.py:348; veilbreakers_terrain/tests/test_terrain_foliage_catalog.py:362; veilbreakers_terrain/tests/test_terrain_foliage_catalog.py:380,direct_test_covered
terrain_foliage_catalog.py,AssetManifest.get_asset,get_asset,1099,method,AssetManifest,1,yes,yes,D+,D+,none,0,1,1,0,2,2,terrain_foliage_catalog.py:1136; veilbreakers_terrain/handlers/terrain_foliage_catalog.py:1136,veilbreakers_terrain/tests/test_terrain_foliage_catalog.py:349; veilbreakers_terrain/tests/test_terrain_foliage_catalog.py:350,helper_reachable
terrain_foliage_catalog.py,AssetManifest.assets_for_category,assets_for_category,1105,method,AssetManifest,1,yes,yes,D+,D+,none,0,1,1,0,3,3,terrain_foliage_catalog.py:1115; veilbreakers_terrain/handlers/terrain_foliage_catalog.py:1115,veilbreakers_terrain/tests/test_terrain_foliage_catalog.py:381; veilbreakers_terrain/tests/test_terrain_foliage_catalog.py:412; veilbreakers_terrain/tests/test_terrain_foliage_catalog.py:416,helper_reachable
terrain_foliage_catalog.py,AssetManifest.assets_for_species,assets_for_species,1111,method,AssetManifest,1,yes,yes,D+,D+,none,0,1,1,0,1,1,terrain_foliage_catalog.py:1126; veilbreakers_terrain/handlers/terrain_foliage_catalog.py:1126,veilbreakers_terrain/tests/test_terrain_foliage_catalog.py:351,helper_reachable
terrain_foliage_catalog.py,AssetManifest.choose_for_species,choose_for_species,1118,method,AssetManifest,1,yes,yes,D+,D+,none,0,1,1,0,2,2,terrain_foliage_catalog.py:1194; veilbreakers_terrain/handlers/terrain_foliage_catalog.py:1194,veilbreakers_terrain/tests/test_terrain_foliage_catalog.py:353; veilbreakers_terrain/tests/test_terrain_foliage_catalog.py:354,helper_reachable
terrain_foliage_catalog.py,AssetManifest.lod_paths,lod_paths,1135,method,AssetManifest,1,yes,yes,D+,D+,none,0,0,1,0,1,1,veilbreakers_terrain/handlers/terrain_foliage_catalog.py:202,veilbreakers_terrain/tests/test_terrain_foliage_catalog.py:355,helper_reachable
terrain_foliage_catalog.py,AssetManifest.stats,stats,1145,method,AssetManifest,1,yes,yes,D+,D+,none,0,0,0,0,2,2,veilbreakers_terrain/handlers/terrain_golden_snapshots.py:560; veilbreakers_terrain/handlers/terrain_golden_snapshots.py:562; veilbreakers_terrain/handlers/terrain_golden_snapshots.py:564; veilbreakers_terrain/handlers/terrain_golden_snapshots.py:565,veilbreakers_terrain/tests/test_terrain_foliage_catalog.py:358; veilbreakers_terrain/tests/test_terrain_foliage_catalog.py:359; veilbreakers_terrain/tests/test_terrain_foliage_catalog.py:460; veilbreakers_terrain/tests/test_terrain_foliage_catalog.py:461,helper_reachable
terrain_foliage_catalog.py,get_default_asset_manifest,get_default_asset_manifest,1166,function,,2,yes,yes,D+,D+,none,1,0,0,2,0,0,veilbreakers_terrain/handlers/terrain_foliage_catalog.py:1193; terrain_foliage_catalog.py:1193,veilbreakers_terrain/tests/test_terrain_foliage_catalog.py:389; veilbreakers_terrain/tests/test_terrain_foliage_catalog.py:391,helper_reachable
terrain_foliage_catalog.py,set_default_asset_manifest,set_default_asset_manifest,1175,function,,2,yes,yes,D+,D+,none,0,0,0,3,0,0,,veilbreakers_terrain/tests/test_terrain_foliage_catalog.py:388; veilbreakers_terrain/tests/test_terrain_foliage_catalog.py:390; veilbreakers_terrain/tests/test_terrain_foliage_catalog.py:393,direct_test_covered
terrain_foliage_catalog.py,resolve_model_asset,resolve_model_asset,1182,function,,2,yes,yes,D+,D+,none,0,0,0,3,0,0,,veilbreakers_terrain/tests/test_terrain_foliage_catalog.py:433; veilbreakers_terrain/tests/test_terrain_foliage_catalog.py:436; veilbreakers_terrain/tests/test_terrain_foliage_catalog.py:477,direct_test_covered
terrain_footprint_surface.py,compute_footprint_surface_data,compute_footprint_surface_data,32,function,,2,yes,no,C+,,none,0,0,0,5,0,0,,veilbreakers_terrain/tests/test_bundle_pq.py:240; veilbreakers_terrain/tests/test_bundle_pq.py:246; veilbreakers_terrain/tests/test_bundle_pq.py:253; veilbreakers_terrain/tests/test_bundle_pq.py:259,direct_test_covered
terrain_footprint_surface.py,export_footprint_data_json,export_footprint_data_json,97,function,,2,yes,no,A-,,none,0,0,0,1,0,0,,veilbreakers_terrain/tests/test_bundle_pq.py:261,direct_test_covered
terrain_framing.py,_bresenham_cells,_bresenham_cells,45,function,,2,yes,yes,A,A|2026-04-24: evidence-backed camera readability helper -> direct runtime tests covered,none,1,0,0,3,0,0,veilbreakers_terrain/handlers/terrain_framing.py:128; terrain_framing.py:128,veilbreakers_terrain/tests/test_camera_readability_runtime_helpers.py:13; veilbreakers_terrain/tests/test_camera_readability_runtime_helpers.py:14; veilbreakers_terrain/tests/test_camera_readability_runtime_helpers.py:15,helper_reachable
terrain_framing.py,enforce_sightline,enforce_sightline,77,function,,2,yes,yes,A,A|2026-04-23 Phase-D: R9 note documents canonical upgrade from lower grade; grade jump C+/A- -> A (R9 is authoritative post-upgrade assessment with citation); A-|2026-04-19: upgraded C+ -> Pass3 silhouette preservation 80th-pct height cells outside Bresenham ray clamped feather clearance_m,none,1,0,0,2,0,0,veilbreakers_terrain/handlers/terrain_framing.py:247; terrain_framing.py:247,veilbreakers_terrain/tests/test_terrain_composition.py:516; veilbreakers_terrain/tests/test_terrain_composition.py:525,helper_reachable
terrain_framing.py,pass_framing,pass_framing,190,function,,2,yes,yes,A,A|2026-04-23 Phase-D: R9 note documents canonical upgrade from lower grade; grade jump B-/A- -> A (R9 is authoritative post-upgrade assessment with citation); A-|2026-04-19: upgraded B- -> reads vantages/framing_clearance_m from intent.composition_hints per-pair DEBUG metrics mean_cut_m only cut cells,"master_bundle_pass,module_registrar",0,0,0,2,0,0,veilbreakers_terrain/handlers/terrain_framing.py:375,veilbreakers_terrain/tests/test_terrain_composition.py:535; veilbreakers_terrain/tests/test_terrain_composition.py:556,runtime_primary
terrain_framing.py,_framing_quality_gate,_framing_quality_gate,299,function,,2,yes,yes,A-,A-|2026-04-24: evidence-backed camera readability helper -> direct runtime tests covered,none,0,0,0,2,0,0,veilbreakers_terrain/handlers/terrain_framing.py:354,veilbreakers_terrain/tests/test_camera_readability_runtime_helpers.py:44; veilbreakers_terrain/tests/test_camera_readability_runtime_helpers.py:45,helper_reachable
terrain_framing.py,register_framing_pass,register_framing_pass,363,function,,2,yes,yes,A,"A|2026-04-23 Phase-D: R9 note cites canonical upgrade (scipy EDT, Wang hash, SpeedTree wind VC, arc-length reparameterization, Ikeda 1989 bank asymmetry, Mason 1985 pool verification, etc.); grade B+/A- -> A (no code change required); A-|2026-04-19: upgraded C+ -> supports_region_scope=True idempotent=False deterministic=True blocking QualityGate per vantage*feature pair verification",master_bundle_registrar,0,0,0,1,0,0,,veilbreakers_terrain/tests/test_terrain_composition.py:568,runtime_primary
terrain_gameplay_zones.py,_label_zones,_label_zones,51,function,,2,yes,yes,A,A|2026-04-24: evidence-backed environment analysis helper -> direct runtime tests covered,none,1,0,0,1,0,0,veilbreakers_terrain/handlers/terrain_gameplay_zones.py:341; terrain_gameplay_zones.py:341,veilbreakers_terrain/tests/test_environment_analysis_runtime_helpers.py:72,helper_reachable
terrain_gameplay_zones.py,_compute_cover_score,_compute_cover_score,90,function,,2,yes,yes,A-,A-|2026-04-24: evidence-backed environment analysis helper -> direct runtime tests covered,none,3,0,0,3,0,0,veilbreakers_terrain/handlers/terrain_gameplay_zones.py:142; veilbreakers_terrain/handlers/terrain_gameplay_zones.py:306; veilbreakers_terrain/handlers/terrain_gameplay_zones.py:394; terrain_gameplay_zones.py:142,veilbreakers_terrain/tests/test_environment_analysis_runtime_helpers.py:73; veilbreakers_terrain/tests/test_seam_boundary_np_pad.py:181; veilbreakers_terrain/tests/test_seam_boundary_np_pad.py:191,helper_reachable
terrain_gameplay_zones.py,_compute_sky_exposure,_compute_sky_exposure,134,function,,2,yes,yes,A-,A-|2026-04-24: evidence-backed environment analysis helper -> direct runtime tests covered,none,2,0,0,1,0,0,veilbreakers_terrain/handlers/terrain_gameplay_zones.py:307; veilbreakers_terrain/handlers/terrain_gameplay_zones.py:395; terrain_gameplay_zones.py:307; terrain_gameplay_zones.py:395,veilbreakers_terrain/tests/test_environment_analysis_runtime_helpers.py:74,helper_reachable
terrain_gameplay_zones.py,_compute_choke_score,_compute_choke_score,162,function,,2,yes,yes,A-,A-|2026-04-24: evidence-backed environment analysis helper -> direct runtime tests covered,none,2,0,0,1,0,0,veilbreakers_terrain/handlers/terrain_gameplay_zones.py:308; veilbreakers_terrain/handlers/terrain_gameplay_zones.py:396; terrain_gameplay_zones.py:308; terrain_gameplay_zones.py:396,veilbreakers_terrain/tests/test_environment_analysis_runtime_helpers.py:75,helper_reachable
terrain_gameplay_zones.py,_compute_vantage_score,_compute_vantage_score,227,function,,2,yes,yes,A-,A-|2026-04-24: evidence-backed environment analysis helper -> direct runtime tests covered,none,2,0,0,1,0,0,veilbreakers_terrain/handlers/terrain_gameplay_zones.py:309; veilbreakers_terrain/handlers/terrain_gameplay_zones.py:397; terrain_gameplay_zones.py:309; terrain_gameplay_zones.py:397,veilbreakers_terrain/tests/test_environment_analysis_runtime_helpers.py:76,helper_reachable
terrain_gameplay_zones.py,compute_gameplay_zones,compute_gameplay_zones,268,function,,2,yes,yes,B+,B+|2026-04-19: upgraded C+ -> cover_score 8-neighbor ring EDT sky_exposure Gaussian choke EDT obstacle vantage height*inv-slope-std UE5 EQS,none,1,0,0,2,0,0,veilbreakers_terrain/handlers/terrain_gameplay_zones.py:428; terrain_gameplay_zones.py:428,veilbreakers_terrain/tests/test_terrain_ecosystem.py:195; veilbreakers_terrain/tests/test_terrain_ecosystem.py:209,helper_reachable
terrain_gameplay_zones.py,_compute_gameplay_score_metrics,_compute_gameplay_score_metrics,384,function,,2,yes,yes,A,A|2026-04-24: evidence-backed environment analysis helper -> direct runtime tests covered,none,1,0,0,1,0,0,veilbreakers_terrain/handlers/terrain_gameplay_zones.py:439; terrain_gameplay_zones.py:439,veilbreakers_terrain/tests/test_environment_analysis_runtime_helpers.py:77,helper_reachable
terrain_gameplay_zones.py,pass_gameplay_zones,pass_gameplay_zones,409,function,,2,yes,yes,B+,B+|2026-04-19: upgraded B- -> emits cover_score/exposure/choke/vantage mean+max metrics Unity trigger-volume placement,"master_bundle_pass,module_registrar",0,0,0,2,0,0,veilbreakers_terrain/handlers/terrain_gameplay_zones.py:466,veilbreakers_terrain/tests/test_terrain_ecosystem.py:216; veilbreakers_terrain/tests/test_terrain_ecosystem.py:514; veilbreakers_terrain/tests/test_terrain_ecosystem.py:479; veilbreakers_terrain/tests/test_terrain_ecosystem.py:713,runtime_primary
terrain_gameplay_zones.py,register_bundle_j_gameplay_zones_pass,register_bundle_j_gameplay_zones_pass,460,function,,2,yes,yes,A,A|2026-04-23 Phase-D: R9 note describes canonical AAA behavior (citation or verified runtime contract); grade A- -> A (no code change required); A-|2026-04-20: verified by current tests -> declarative gameplay-zone pass registration,master_bundle_registrar,0,1,1,1,0,0,terrain_bundle_j.py:57; veilbreakers_terrain/handlers/terrain_bundle_j.py:57,veilbreakers_terrain/tests/test_remaining_callable_audit_guardrails.py:59,runtime_primary
terrain_geology_validator.py,validate_strata_consistency,validate_strata_consistency,26,function,,2,yes,no,C+,,none,1,0,0,3,0,0,veilbreakers_terrain/handlers/terrain_stratigraphy.py:1067; terrain_stratigraphy.py:1067; veilbreakers_terrain/handlers/terrain_validation.py:1938,veilbreakers_terrain/tests/test_terrain_geology.py:296; veilbreakers_terrain/tests/test_terrain_geology.py:634; veilbreakers_terrain/tests/test_terrain_geology.py:646,helper_reachable
terrain_geology_validator.py,validate_strahler_ordering,validate_strahler_ordering,99,function,,2,yes,yes,B+,B+|2026-04-19: confirmed B+ -> iterative post-order DFS BFS from outlets edge-level violation detection,none,0,0,0,6,0,0,,veilbreakers_terrain/tests/test_terrain_geology.py:662; veilbreakers_terrain/tests/test_terrain_geology.py:676; veilbreakers_terrain/tests/test_terrain_geology.py:685; veilbreakers_terrain/tests/test_terrain_geology.py:703,direct_test_covered
terrain_geology_validator.py,validate_glacial_plausibility,validate_glacial_plausibility,540,function,,2,yes,no,C,,none,0,0,0,2,0,0,veilbreakers_terrain/handlers/terrain_validation.py:1939,veilbreakers_terrain/tests/test_terrain_geology.py:752; veilbreakers_terrain/tests/test_terrain_geology.py:765,helper_reachable
terrain_geology_validator.py,validate_karst_plausibility,validate_karst_plausibility,585,function,,2,yes,no,C+,,none,0,0,0,1,0,0,veilbreakers_terrain/handlers/terrain_validation.py:1940,veilbreakers_terrain/tests/test_terrain_geology.py:790,helper_reachable
terrain_geology_validator.py,register_bundle_i_passes,register_bundle_i_passes,645,function,,2,yes,yes,A-,A-|2026-04-20: verified by current tests -> Bundle I geology validator registrar remains wired,master_bundle_registrar,0,0,0,4,0,0,,veilbreakers_terrain/tests/test_delta_integrator.py:421; veilbreakers_terrain/tests/test_terrain_geology.py:809; veilbreakers_terrain/tests/test_terrain_geology.py:834; veilbreakers_terrain/tests/test_terrain_geology.py:856,runtime_primary
terrain_glacial.py,_path_to_cells,_path_to_cells,32,function,,2,yes,no,A-,,none,1,0,0,0,0,0,veilbreakers_terrain/handlers/terrain_glacial.py:77; terrain_glacial.py:77,,helper_reachable
terrain_glacial.py,carve_u_valley,carve_u_valley,47,function,,2,yes,yes,B+,B+|2026-04-19: upgraded B- -> Svensson 1959 Harbor 1992 parabolic h(d)=-D*sqrt(1-(d/R)^2) Hacks law FA^0.4 gaussian_filter smoothing,none,2,0,0,3,0,0,veilbreakers_terrain/handlers/terrain_glacial.py:345; veilbreakers_terrain/handlers/terrain_twelve_step.py:212; terrain_glacial.py:345; terrain_twelve_step.py:212,veilbreakers_terrain/tests/test_mesh_quality_phase14.py:128; veilbreakers_terrain/tests/test_mesh_quality_phase14.py:147; veilbreakers_terrain/tests/test_terrain_geology.py:348,helper_reachable
terrain_glacial.py,scatter_moraines,scatter_moraines,171,function,,2,yes,yes,B+,B+|2026-04-19: upgraded C -> arc-length parameterisation terminal+6-recessional+lateral moraines correct geological classification,none,0,0,0,2,0,0,,veilbreakers_terrain/tests/test_terrain_geology.py:362; veilbreakers_terrain/tests/test_terrain_geology.py:363,direct_test_covered
terrain_glacial.py,compute_snow_line,compute_snow_line,266,function,,2,yes,no,C+,,none,1,0,0,1,0,0,veilbreakers_terrain/handlers/terrain_glacial.py:325; terrain_glacial.py:325,veilbreakers_terrain/tests/test_terrain_geology.py:333,helper_reachable
terrain_glacial.py,pass_glacial,pass_glacial,300,function,,2,yes,no,C,,"master_bundle_pass,module_registrar",0,0,1,3,0,0,veilbreakers_terrain/handlers/terrain_glacial.py:430; veilbreakers_terrain/handlers/terrain_geology_validator.py:684,veilbreakers_terrain/tests/test_phase14_wave1.py:64; veilbreakers_terrain/tests/test_terrain_geology.py:373; veilbreakers_terrain/tests/test_terrain_geology.py:385,runtime_primary
terrain_glacial.py,get_ice_formation_specs,get_ice_formation_specs,373,function,,2,yes,no,B,,none,0,0,0,1,0,0,,veilbreakers_terrain/tests/test_callable_orphan_contracts.py:261,direct_test_covered
terrain_glacial.py,register_glacial_pass,register_glacial_pass,422,function,,2,yes,yes,A-,A-|2026-04-29 master-audit blocker closure with direct behavior evidence,master_bundle_registrar,0,0,0,1,0,0,,veilbreakers_terrain/tests/test_master_audit_blocker_closure.py:122,runtime_primary
terrain_god_ray_hints.py,GodRayHint.to_dict,to_dict,52,method,GodRayHint,1,yes,no,A,,none,0,12,12,0,7,7,terrain_god_ray_hints.py:359; veilbreakers_terrain/handlers/environment.py:5123; veilbreakers_terrain/handlers/environment_scatter.py:3530; veilbreakers_terrain/handlers/road_network.py:1284,veilbreakers_terrain/tests/test_remaining_callable_audit_guardrails.py:247; veilbreakers_terrain/tests/test_scatter_point_and_path_contracts.py:386; veilbreakers_terrain/tests/test_scatter_point_and_path_contracts.py:411; veilbreakers_terrain/tests/test_stochastic_shader_hex.py:376,helper_reachable
terrain_god_ray_hints.py,_normalize_sun_dir,_normalize_sun_dir,66,function,,2,yes,no,B+,,none,1,0,0,1,0,0,veilbreakers_terrain/handlers/terrain_god_ray_hints.py:194; terrain_god_ray_hints.py:194,veilbreakers_terrain/tests/test_remaining_callable_audit_guardrails.py:290,helper_reachable
terrain_god_ray_hints.py,_build_terrain_silhouette_shadow,_build_terrain_silhouette_shadow,75,function,,2,yes,yes,A-,A-|2026-04-24: evidence-backed camera readability helper -> direct runtime tests covered,none,1,0,0,1,0,0,veilbreakers_terrain/handlers/terrain_god_ray_hints.py:200; terrain_god_ray_hints.py:200,veilbreakers_terrain/tests/test_camera_readability_runtime_helpers.py:55,helper_reachable
terrain_god_ray_hints.py,compute_god_ray_hints,compute_god_ray_hints,144,function,,2,yes,yes,B+,B+|2026-04-19: confirmed B+ -> ray-march shadow foliage density shadow boundary gradient scipy NMS,none,1,0,0,5,0,0,veilbreakers_terrain/handlers/terrain_god_ray_hints.py:400; terrain_god_ray_hints.py:400,veilbreakers_terrain/tests/test_terrain_atmosphere.py:259; veilbreakers_terrain/tests/test_terrain_atmosphere.py:274; veilbreakers_terrain/tests/test_terrain_atmosphere.py:285; veilbreakers_terrain/tests/test_terrain_atmosphere.py:311,helper_reachable
terrain_god_ray_hints.py,export_god_ray_hints_json,export_god_ray_hints_json,349,function,,2,yes,no,B+,,none,0,0,0,1,0,0,,veilbreakers_terrain/tests/test_terrain_atmosphere.py:288,direct_test_covered
terrain_god_ray_hints.py,pass_god_ray_hints,pass_god_ray_hints,369,function,,2,yes,yes,A,"A|2026-04-23 Phase-D: R9 note cites canonical upgrade (JONSWAP, Davis&Reynolds 1996, Ramsay 1967, Mason 1985, Manning equation, SpeedTree, Shreve, Houdini PDG retention, Perlin double-perm hash, etc.); grade B/A- -> A (no code change required); A-|2026-04-20: verified by current tests -> god-ray hint pass remains wired with runtime contract","master_bundle_pass,module_registrar",0,0,0,1,0,0,veilbreakers_terrain/handlers/terrain_god_ray_hints.py:424,veilbreakers_terrain/tests/test_terrain_atmosphere.py:301,runtime_primary
terrain_god_ray_hints.py,register_bundle_l_god_ray_hints_pass,register_bundle_l_god_ray_hints_pass,418,function,,2,yes,yes,A,A|2026-04-23 Phase-D: R9 note describes canonical AAA behavior (citation or verified runtime contract); grade A- -> A (no code change required); A-|2026-04-20: verified by current tests -> declarative god-ray hint pass registration,master_bundle_registrar,0,1,1,1,0,0,terrain_bundle_l.py:34; veilbreakers_terrain/handlers/terrain_bundle_l.py:34,veilbreakers_terrain/tests/test_remaining_callable_audit_guardrails.py:60,runtime_primary
terrain_golden_snapshots.py,GoldenSnapshot.to_dict,to_dict,71,method,GoldenSnapshot,1,yes,no,A,,none,0,12,12,0,7,7,terrain_golden_snapshots.py:141; veilbreakers_terrain/handlers/environment.py:5123; veilbreakers_terrain/handlers/environment_scatter.py:3530; veilbreakers_terrain/handlers/road_network.py:1284,veilbreakers_terrain/tests/test_remaining_callable_audit_guardrails.py:247; veilbreakers_terrain/tests/test_scatter_point_and_path_contracts.py:386; veilbreakers_terrain/tests/test_scatter_point_and_path_contracts.py:411; veilbreakers_terrain/tests/test_stochastic_shader_hex.py:376,helper_reachable
terrain_golden_snapshots.py,GoldenSnapshot.from_dict,from_dict,77,method,GoldenSnapshot,1,yes,no,A,,none,0,3,3,0,3,3,terrain_golden_snapshots.py:148; veilbreakers_terrain/handlers/terrain_advanced.py:1183; veilbreakers_terrain/handlers/terrain_golden_snapshots.py:148; veilbreakers_terrain/handlers/terrain_telemetry_dashboard.py:109,veilbreakers_terrain/tests/test_terrain_advanced.py:252; veilbreakers_terrain/tests/test_terrain_deep_qa.py:843; veilbreakers_terrain/tests/test_water_network_upgrade.py:672,helper_reachable
terrain_golden_snapshots.py,_channel_hashes,_channel_hashes,94,function,,2,yes,no,A-,,none,2,0,0,0,0,0,veilbreakers_terrain/handlers/terrain_golden_snapshots.py:127; veilbreakers_terrain/handlers/terrain_golden_snapshots.py:222; terrain_golden_snapshots.py:127; terrain_golden_snapshots.py:222,,helper_reachable
terrain_golden_snapshots.py,save_golden_snapshot,save_golden_snapshot,110,function,,2,yes,no,A-,,none,1,1,2,6,0,0,veilbreakers_terrain/handlers/terrain_golden_snapshots.py:303; terrain_bundle_n.py:418; terrain_golden_snapshots.py:303; veilbreakers_terrain/handlers/terrain_bundle_n.py:418,veilbreakers_terrain/tests/test_phase9_visual_qa.py:185; veilbreakers_terrain/tests/test_terrain_deep_qa.py:612; veilbreakers_terrain/tests/test_terrain_deep_qa.py:628; veilbreakers_terrain/tests/test_terrain_deep_qa.py:641,helper_reachable
terrain_golden_snapshots.py,load_golden_snapshot,load_golden_snapshot,145,function,,2,yes,no,A,,none,0,0,0,2,0,0,,veilbreakers_terrain/tests/test_phase9_visual_qa.py:186; veilbreakers_terrain/tests/test_terrain_deep_qa.py:614,direct_test_covered
terrain_golden_snapshots.py,compare_against_golden,compare_against_golden,151,function,,2,yes,no,A-,,none,0,0,0,5,0,0,,veilbreakers_terrain/tests/test_phase9_visual_qa.py:190; veilbreakers_terrain/tests/test_terrain_deep_qa.py:629; veilbreakers_terrain/tests/test_terrain_deep_qa.py:645; veilbreakers_terrain/tests/test_terrain_deep_qa.py:662,direct_test_covered
terrain_golden_snapshots.py,_seed_one,_seed_one,273,function,,2,yes,yes,D+,D+,none,1,0,0,0,0,0,veilbreakers_terrain/handlers/terrain_golden_snapshots.py:368; terrain_golden_snapshots.py:368; veilbreakers_terrain/handlers/terrain_golden_snapshots.py:350,,helper_reachable
terrain_golden_snapshots.py,seed_golden_library,seed_golden_library,314,function,,2,yes,yes,B+,B+|2026-04-19: confirmed B+ -> ProcessPoolExecutor parallel pickle fallback 10% failure threshold,none,0,0,0,1,0,0,,veilbreakers_terrain/tests/test_terrain_deep_qa.py:697,direct_test_covered
terrain_golden_snapshots.py,_stack_channel,_stack_channel,480,function,,2,yes,yes,A,A|2026-04-30 semantic golden gate closure,none,4,0,0,0,0,0,veilbreakers_terrain/handlers/terrain_golden_snapshots.py:544; veilbreakers_terrain/handlers/terrain_golden_snapshots.py:609; veilbreakers_terrain/handlers/terrain_golden_snapshots.py:774; veilbreakers_terrain/handlers/terrain_golden_snapshots.py:802,,helper_reachable
terrain_golden_snapshots.py,_edge_values,_edge_values,506,function,,2,yes,yes,A-,A-|2026-04-30 semantic golden gate closure,none,1,0,0,0,0,0,veilbreakers_terrain/handlers/terrain_golden_snapshots.py:584; terrain_golden_snapshots.py:584,,helper_reachable
terrain_golden_snapshots.py,_gradient_p95,_gradient_p95,514,function,,2,yes,yes,A-,A-|2026-04-30 semantic golden gate closure,none,1,0,0,0,0,0,veilbreakers_terrain/handlers/terrain_golden_snapshots.py:589; terrain_golden_snapshots.py:589,,helper_reachable
terrain_golden_snapshots.py,_within_radius,_within_radius,522,function,,2,yes,yes,B+,B+|2026-04-30 semantic golden gate closure,none,2,0,0,0,0,0,veilbreakers_terrain/handlers/terrain_golden_snapshots.py:728; veilbreakers_terrain/handlers/terrain_golden_snapshots.py:745; terrain_golden_snapshots.py:728; terrain_golden_snapshots.py:745,,helper_reachable
terrain_golden_snapshots.py,_evaluate_channel_assertion,_evaluate_channel_assertion,539,function,,2,yes,yes,A-,A-|2026-04-30 semantic golden gate closure,none,2,0,0,0,0,0,veilbreakers_terrain/handlers/terrain_golden_snapshots.py:752; veilbreakers_terrain/handlers/terrain_golden_snapshots.py:781; terrain_golden_snapshots.py:752; terrain_golden_snapshots.py:781,,helper_reachable
terrain_golden_snapshots.py,_evaluate_semantic_assertion,_evaluate_semantic_assertion,605,function,,2,yes,yes,A,A|2026-04-30 semantic golden gate closure,none,1,0,0,0,0,0,veilbreakers_terrain/handlers/terrain_golden_snapshots.py:787; terrain_golden_snapshots.py:787,,helper_reachable
terrain_golden_snapshots.py,_run_scenario,_run_scenario,767,function,,2,yes,no,B-,,none,1,0,0,0,0,0,veilbreakers_terrain/handlers/terrain_golden_snapshots.py:855; terrain_golden_snapshots.py:855,,helper_reachable
terrain_golden_snapshots.py,run_scenario_goldens,run_scenario_goldens,842,function,,2,yes,no,B-,,none,1,0,0,15,0,0,veilbreakers_terrain/handlers/terrain_golden_snapshots.py:876; terrain_golden_snapshots.py:876,veilbreakers_terrain/tests/test_terrain_visual_qa_channels.py:308; veilbreakers_terrain/tests/test_terrain_visual_qa_channels.py:318; veilbreakers_terrain/tests/test_terrain_visual_qa_channels.py:326; veilbreakers_terrain/tests/test_terrain_visual_qa_channels.py:334,helper_reachable
terrain_golden_snapshots.py,handle_run_scenario_goldens,handle_run_scenario_goldens,870,function,,2,yes,no,B-,,none,0,0,0,2,0,0,,veilbreakers_terrain/tests/test_terrain_visual_qa_channels.py:395; veilbreakers_terrain/tests/test_terrain_visual_qa_channels.py:405,direct_test_covered
terrain_hierarchy.py,FeatureTier.from_str,from_str,35,method,FeatureTier,1,yes,yes,A-,A-|2026-04-24: evidence-backed feature tier parser -> direct normalization/default tests covered,none,0,3,3,0,6,6,terrain_hierarchy.py:89; terrain_hierarchy.py:151; terrain_hierarchy.py:152; veilbreakers_terrain/handlers/terrain_hierarchy.py:89,veilbreakers_terrain/tests/test_live_tooling_runtime_helpers.py:31; veilbreakers_terrain/tests/test_live_tooling_runtime_helpers.py:32; veilbreakers_terrain/tests/test_live_tooling_runtime_helpers.py:33; veilbreakers_terrain/tests/test_terrain_composition.py:582,helper_reachable
terrain_hierarchy.py,classify_feature_tier,classify_feature_tier,77,function,,2,yes,no,B+,,none,0,0,0,2,0,0,,veilbreakers_terrain/tests/test_terrain_composition.py:595; veilbreakers_terrain/tests/test_terrain_composition.py:610,direct_test_covered
terrain_hierarchy.py,enforce_feature_budget,enforce_feature_budget,119,function,,2,yes,yes,B+,B+|2026-04-19: upgraded C+ -> tier_rank/saliency sort triangle budget accumulation density cap per km2,none,0,0,0,3,0,0,,veilbreakers_terrain/tests/test_phase10_architecture_polish.py:120; veilbreakers_terrain/tests/test_terrain_composition.py:624; veilbreakers_terrain/tests/test_terrain_composition.py:639,direct_test_covered
terrain_horizon_lod.py,compute_horizon_lod,compute_horizon_lod,34,function,,2,yes,no,C+,,none,1,0,0,4,0,0,veilbreakers_terrain/handlers/terrain_horizon_lod.py:263; terrain_horizon_lod.py:263,veilbreakers_terrain/tests/test_terrain_atmosphere.py:94; veilbreakers_terrain/tests/test_terrain_atmosphere.py:104; veilbreakers_terrain/tests/test_terrain_atmosphere.py:112; veilbreakers_terrain/tests/test_terrain_atmosphere.py:113,helper_reachable
terrain_horizon_lod.py,_sample_height_bilinear,_sample_height_bilinear,103,function,,2,yes,yes,A,A|2026-04-23 Phase-D: R9 note describes canonical AAA behavior (citation or verified runtime contract); grade A- -> A (no code change required); A-|2026-04-23: upgraded horizon LOD sampling -> ray-marched skyline queries now use bilinear terrain sampling so off-axis peaks do not leak into the wrong azimuth bins,none,1,0,0,4,0,0,veilbreakers_terrain/handlers/terrain_horizon_lod.py:227; terrain_horizon_lod.py:227,veilbreakers_terrain/tests/test_terrain_composition.py:184; veilbreakers_terrain/tests/test_terrain_composition.py:185; veilbreakers_terrain/tests/test_terrain_composition.py:186; veilbreakers_terrain/tests/test_terrain_composition.py:187,helper_reachable
terrain_horizon_lod.py,build_horizon_skybox_mask,build_horizon_skybox_mask,129,function,,2,yes,yes,A,"A|2026-04-23 Phase-D: R9 note documents canonical upgrade from lower grade; grade jump D/A- -> A (R9 is authoritative post-upgrade assessment with citation); A-|2026-04-20: wiring confirmed - stack.set(lod_bias) at line 252, vectorized horizon profile",none,2,0,0,4,0,0,veilbreakers_terrain/handlers/terrain_horizon_lod.py:305; veilbreakers_terrain/handlers/terrain_horizon_lod.py:314; terrain_horizon_lod.py:305; terrain_horizon_lod.py:314,veilbreakers_terrain/tests/test_terrain_atmosphere.py:121; veilbreakers_terrain/tests/test_terrain_atmosphere.py:132; veilbreakers_terrain/tests/test_terrain_atmosphere.py:133; veilbreakers_terrain/tests/test_terrain_atmosphere.py:155,helper_reachable
terrain_horizon_lod.py,pass_horizon_lod,pass_horizon_lod,240,function,,2,yes,yes,A,A|2026-04-23 Phase-D: R9 note documents canonical upgrade from lower grade; grade jump B-/A- -> A (R9 is authoritative post-upgrade assessment with citation); A-|2026-04-20: confirmed fully wired — stack.set(lod_bias) written from NN-upsampled silhouette bias; stack.set(horizon_elevation_angles) written from build_horizon_skybox_mask; both in produced_channels; PassResult metrics include horizon_elevation_max/min_rad and skybox_profiles. D wiring bug was pre-existing fix already in tree.,"master_bundle_pass,module_registrar",0,0,0,2,0,0,veilbreakers_terrain/handlers/terrain_horizon_lod.py:348,veilbreakers_terrain/tests/test_terrain_atmosphere.py:165; veilbreakers_terrain/tests/test_terrain_atmosphere.py:180,runtime_primary
terrain_horizon_lod.py,register_bundle_l_horizon_lod_pass,register_bundle_l_horizon_lod_pass,341,function,,2,yes,yes,A-,A-|2026-04-20: verified by current tests -> declarative horizon-LOD pass registration,master_bundle_registrar,0,1,1,1,0,0,terrain_bundle_l.py:32; veilbreakers_terrain/handlers/terrain_bundle_l.py:32,veilbreakers_terrain/tests/test_remaining_callable_audit_guardrails.py:61,runtime_primary
terrain_hot_reload.py,_module_path,_module_path,35,function,,2,yes,no,A,,none,3,0,0,0,0,0,veilbreakers_terrain/handlers/terrain_hot_reload.py:124; veilbreakers_terrain/handlers/terrain_hot_reload.py:154; veilbreakers_terrain/handlers/terrain_hot_reload.py:160; terrain_hot_reload.py:124,,helper_reachable
terrain_hot_reload.py,_safe_reload,_safe_reload,40,function,,2,yes,no,D+,,none,6,0,0,0,0,0,veilbreakers_terrain/handlers/terrain_hot_reload.py:78; veilbreakers_terrain/handlers/terrain_hot_reload.py:88; veilbreakers_terrain/handlers/terrain_hot_reload.py:148; veilbreakers_terrain/handlers/terrain_hot_reload.py:173,,helper_reachable
terrain_hot_reload.py,reload_biome_rules,reload_biome_rules,74,function,,2,yes,yes,A-,A-|2026-04-24: evidence-backed biome hot-reload callable -> package-list and success filtering covered,none,0,0,0,1,1,1,,veilbreakers_terrain/tests/test_terrain_iteration.py:603; veilbreakers_terrain/tests/test_live_tooling_runtime_helpers.py:47,direct_test_covered
terrain_hot_reload.py,reload_material_rules,reload_material_rules,84,function,,2,yes,yes,A-,A-|2026-04-24: evidence-backed material hot-reload callable -> package-list and success filtering covered,none,0,0,0,0,1,1,,veilbreakers_terrain/tests/test_live_tooling_runtime_helpers.py:48,direct_test_covered
terrain_hot_reload.py,HotReloadWatcher.add,add,118,method,HotReloadWatcher,1,yes,no,A-,,none,0,72,81,0,9,9,terrain_hot_reload.py:131; terrain_hot_reload.py:136; veilbreakers_terrain/handlers/_mesh_bridge.py:654; veilbreakers_terrain/handlers/_mesh_bridge.py:848,veilbreakers_terrain/tests/test_callable_orphan_contracts.py:277; veilbreakers_terrain/tests/test_physical_plausibility.py:178; veilbreakers_terrain/tests/test_physical_plausibility.py:205; veilbreakers_terrain/tests/test_physical_plausibility.py:244,helper_reachable
terrain_hot_reload.py,HotReloadWatcher.watch_biome_rules,watch_biome_rules,128,method,HotReloadWatcher,1,yes,no,A,,none,0,1,1,0,0,0,veilbreakers_terrain/handlers/__init__.py:669,,helper_reachable
terrain_hot_reload.py,HotReloadWatcher.watch_material_rules,watch_material_rules,133,method,HotReloadWatcher,1,yes,no,A,,none,0,1,1,0,0,0,veilbreakers_terrain/handlers/__init__.py:670,,helper_reachable
terrain_hot_reload.py,HotReloadWatcher.check_and_reload,check_and_reload,138,method,HotReloadWatcher,1,yes,no,C,,none,0,1,1,0,1,1,veilbreakers_terrain/handlers/__init__.py:685,veilbreakers_terrain/tests/test_terrain_iteration.py:595,helper_reachable
terrain_hot_reload.py,HotReloadWatcher.force_reload_all,force_reload_all,182,method,HotReloadWatcher,2,yes,no,A,,none,0,0,0,1,1,1,,veilbreakers_terrain/tests/test_callable_orphan_contracts.py:279; veilbreakers_terrain/tests/test_callable_orphan_contracts.py:278,direct_test_covered
terrain_hot_reload.py,HotReloadWatcher.clear_errors,clear_errors,198,method,HotReloadWatcher,1,yes,yes,A,A|2026-04-24: evidence-backed hot-reload state helper -> direct clear_errors test covered,none,0,0,0,0,1,1,,veilbreakers_terrain/tests/test_live_tooling_runtime_helpers.py:62,direct_test_covered
terrain_hot_reload.py,force_reload_all,force_reload_all,203,function,,2,yes,no,A,,none,0,0,0,1,1,1,,veilbreakers_terrain/tests/test_callable_orphan_contracts.py:279; veilbreakers_terrain/tests/test_callable_orphan_contracts.py:278,direct_test_covered
terrain_iteration_metrics.py,_get_peak_memory_mb,_get_peak_memory_mb,25,function,,2,yes,yes,B+,"B+|2026-04-23: verified peak-memory probe -> resource and psutil fallbacks provide portable RSS sampling, though platform reporting fidelity still depends on host availability",none,1,0,0,0,0,0,veilbreakers_terrain/handlers/terrain_iteration_metrics.py:132; terrain_iteration_metrics.py:132,,helper_reachable
terrain_iteration_metrics.py,IterationMetrics.record,record,99,method,IterationMetrics,1,yes,yes,A,A|2026-04-23 Phase-D: R9 note describes canonical AAA behavior (citation or verified runtime contract); grade A- -> A (no code change required); A-|2026-04-23: verified incremental iteration recorder -> pass totals cache stats peak-memory sampling and channel-write counters update coherently in O(1),none,0,1,1,0,2,2,terrain_iteration_metrics.py:327; veilbreakers_terrain/handlers/procedural_grass.py:776; veilbreakers_terrain/handlers/procedural_grass.py:777; veilbreakers_terrain/handlers/procedural_grass.py:781,veilbreakers_terrain/tests/test_stream_power_erosion.py:372; veilbreakers_terrain/tests/test_callable_orphan_contracts.py:282; veilbreakers_terrain/tests/test_callable_orphan_contracts.py:283,helper_reachable
terrain_iteration_metrics.py,IterationMetrics.reset,reset,142,method,IterationMetrics,1,yes,yes,A,A|2026-04-23: verified metrics reset helper -> counters buffers and incremental aggregates are restored to clean initial state,none,0,0,0,0,1,1,,veilbreakers_terrain/tests/test_callable_orphan_contracts.py:291,direct_test_covered
terrain_iteration_metrics.py,IterationMetrics.merge,merge,161,method,IterationMetrics,1,yes,yes,B-,B-|2026-04-23: verified iteration-metrics merge -> deterministic field aggregation remains correct but still reflects bookkeeping-grade rather than high-end systems depth,none,0,2,2,0,0,0,veilbreakers_terrain/handlers/terrain_dirty_tracking.py:319; veilbreakers_terrain/handlers/terrain_dirty_tracking.py:414,,helper_reachable
terrain_iteration_metrics.py,IterationMetrics.avg_pass_duration_s,avg_pass_duration_s,193,property,IterationMetrics,1,yes,no,A,,none,0,0,1,0,0,2,veilbreakers_terrain/handlers/terrain_iteration_metrics.py:257,veilbreakers_terrain/tests/test_terrain_iteration.py:630; veilbreakers_terrain/tests/test_terrain_iteration.py:631,helper_reachable
terrain_iteration_metrics.py,IterationMetrics.cache_hit_rate,cache_hit_rate,201,property,IterationMetrics,1,yes,no,A,,none,0,0,1,0,0,1,veilbreakers_terrain/handlers/terrain_iteration_metrics.py:265,veilbreakers_terrain/tests/test_terrain_iteration.py:645,helper_reachable
terrain_iteration_metrics.py,IterationMetrics.p50_duration_s,p50_duration_s,206,property,IterationMetrics,1,yes,no,A,,none,0,0,1,0,0,1,veilbreakers_terrain/handlers/terrain_iteration_metrics.py:258,veilbreakers_terrain/tests/test_terrain_wiring_integration.py:499,helper_reachable
terrain_iteration_metrics.py,IterationMetrics.p95_duration_s,p95_duration_s,210,property,IterationMetrics,1,yes,no,A,,none,0,0,1,0,0,1,veilbreakers_terrain/handlers/terrain_iteration_metrics.py:259,veilbreakers_terrain/tests/test_terrain_wiring_integration.py:500,helper_reachable
terrain_iteration_metrics.py,IterationMetrics.p99_duration_s,p99_duration_s,214,property,IterationMetrics,1,yes,yes,A,A|2026-04-23: verified p99 accessor -> delegates to the shared percentile implementation for stable latency-tail reporting,none,0,0,1,0,0,0,veilbreakers_terrain/handlers/terrain_iteration_metrics.py:260,,helper_reachable
terrain_iteration_metrics.py,IterationMetrics.max_duration_s,max_duration_s,218,property,IterationMetrics,1,yes,no,A,,none,0,0,1,0,0,0,veilbreakers_terrain/handlers/terrain_iteration_metrics.py:261,,helper_reachable
terrain_iteration_metrics.py,IterationMetrics.slowest_pass_name,slowest_pass_name,222,property,IterationMetrics,1,yes,yes,A,A|2026-04-23: verified slowest-pass accessor -> exposes the tracked worst-duration pass name without recomputation,none,0,0,1,0,0,0,veilbreakers_terrain/handlers/terrain_iteration_metrics.py:262,,helper_reachable
terrain_iteration_metrics.py,IterationMetrics.per_pass_totals,per_pass_totals,229,method,IterationMetrics,2,yes,yes,B+,B+|2026-04-19: confirmed B+ -> per-pass aggregation correct,none,0,0,0,0,2,2,,veilbreakers_terrain/tests/test_callable_orphan_contracts.py:286; veilbreakers_terrain/tests/test_callable_orphan_contracts.py:293,direct_test_covered
terrain_iteration_metrics.py,IterationMetrics.hotspots,hotspots,233,method,IterationMetrics,1,yes,yes,A,A|2026-04-23 Phase-D: R9 note describes canonical AAA behavior (citation or verified runtime contract); grade A- -> A (no code change required); A-|2026-04-23: verified hotspot summary helper -> total-duration ranking returns deterministic top-N pass aggregates,none,0,1,1,0,0,0,terrain_iteration_metrics.py:272; veilbreakers_terrain/handlers/terrain_iteration_metrics.py:272,,helper_reachable
terrain_iteration_metrics.py,IterationMetrics.summary_report,summary_report,240,method,IterationMetrics,2,yes,yes,A,A|2026-04-19: upgraded B -> schema_version 1.1 p99_duration_s machine-parseable JSON stable key contract,none,0,1,1,0,1,1,terrain_iteration_metrics.py:286; veilbreakers_terrain/handlers/terrain_iteration_metrics.py:286,veilbreakers_terrain/tests/test_terrain_wiring_integration.py:501,helper_reachable
terrain_iteration_metrics.py,IterationMetrics.to_json,to_json,279,method,IterationMetrics,1,yes,yes,A,A|2026-04-23: verified metrics serialization helper -> summary snapshots round-trip directly through JSON for telemetry and artifact writes,none,0,0,0,0,1,1,,veilbreakers_terrain/tests/test_callable_orphan_contracts.py:288,direct_test_covered
terrain_iteration_metrics.py,_percentile,_percentile,289,function,,2,yes,yes,A,A|2026-04-19: upgraded B -> numpy.percentile method=linear numpy>=1.22 fallback interpolation= legacy pure-Python final fallback,none,3,0,0,0,0,0,veilbreakers_terrain/handlers/terrain_iteration_metrics.py:207; veilbreakers_terrain/handlers/terrain_iteration_metrics.py:211; veilbreakers_terrain/handlers/terrain_iteration_metrics.py:215; terrain_iteration_metrics.py:207,,helper_reachable
terrain_iteration_metrics.py,record_iteration,record_iteration,325,function,,2,yes,no,D,,none,0,0,0,5,0,0,,veilbreakers_terrain/tests/test_terrain_iteration.py:622; veilbreakers_terrain/tests/test_terrain_iteration.py:623; veilbreakers_terrain/tests/test_terrain_iteration.py:626; veilbreakers_terrain/tests/test_terrain_iteration.py:627,direct_test_covered
terrain_iteration_metrics.py,record_cache_hit,record_cache_hit,330,function,,2,yes,no,A,,none,0,0,0,2,0,0,,veilbreakers_terrain/tests/test_terrain_iteration.py:642; veilbreakers_terrain/tests/test_terrain_iteration.py:643,direct_test_covered
terrain_iteration_metrics.py,record_cache_miss,record_cache_miss,334,function,,2,yes,no,A,,none,0,0,0,1,0,0,,veilbreakers_terrain/tests/test_terrain_iteration.py:644,direct_test_covered
terrain_iteration_metrics.py,record_wave,record_wave,338,function,,2,yes,yes,B,"B|2026-04-23: verified parallel-wave counter helper -> increments the aggregate wave count correctly, though wave_size remains bookkeeping-only today",none,0,0,0,1,0,0,,veilbreakers_terrain/tests/test_callable_orphan_contracts.py:284,direct_test_covered
terrain_iteration_metrics.py,speedup_factor,speedup_factor,343,function,,2,yes,no,A,,none,1,0,0,2,0,0,veilbreakers_terrain/handlers/terrain_iteration_metrics.py:373; terrain_iteration_metrics.py:373,veilbreakers_terrain/tests/test_terrain_iteration.py:629; veilbreakers_terrain/tests/test_terrain_iteration.py:718,helper_reachable
terrain_iteration_metrics.py,meets_speedup_target,meets_speedup_target,362,function,,2,yes,no,D,,none,0,0,0,2,0,0,,veilbreakers_terrain/tests/test_terrain_wiring_integration.py:507; veilbreakers_terrain/tests/test_terrain_wiring_integration.py:510,direct_test_covered
terrain_iteration_metrics.py,stdev_duration_s,stdev_duration_s,377,function,,2,yes,no,A,,none,0,0,0,1,0,0,,veilbreakers_terrain/tests/test_callable_orphan_contracts.py:287,direct_test_covered
terrain_karst.py,detect_karst_candidates,detect_karst_candidates,89,function,,2,yes,yes,A,"A|2026-04-23 Phase-D: R9 note documents canonical upgrade from lower grade; grade jump C+/A- -> A (R9 is authoritative post-upgrade assessment with citation); A-|2026-04-20: upgraded C+->A-: 6 bugs fixed, Williams radius morphometry, cenote/polje classification",none,2,0,0,2,0,0,veilbreakers_terrain/handlers/terrain_karst.py:452; veilbreakers_terrain/handlers/terrain_karst.py:495; terrain_karst.py:452; terrain_karst.py:495,veilbreakers_terrain/tests/test_terrain_geology.py:520; veilbreakers_terrain/tests/test_terrain_geology.py:567,helper_reachable
terrain_karst.py,_compose_uvala,_compose_uvala,319,function,,2,yes,yes,A-,A-|2026-04-29 master-audit blocker closure with direct behavior evidence,none,2,0,0,1,0,0,veilbreakers_terrain/handlers/terrain_karst.py:409; veilbreakers_terrain/handlers/terrain_karst.py:423; terrain_karst.py:409; terrain_karst.py:423,veilbreakers_terrain/tests/test_terrain_geology.py:581,helper_reachable
terrain_karst.py,carve_karst_features,carve_karst_features,333,function,,2,yes,yes,B+,B+|2026-04-19: upgraded C -> fully vectorized numpy mgrid elliptical rotation wall cos^p profile uvala np.minimum polje superellipse n=4,none,1,0,0,1,0,0,veilbreakers_terrain/handlers/terrain_karst.py:454; terrain_karst.py:454,veilbreakers_terrain/tests/test_terrain_geology.py:570,helper_reachable
terrain_karst.py,pass_karst,pass_karst,433,function,,2,yes,no,D+,,"master_bundle_pass,module_registrar",0,0,1,1,0,0,veilbreakers_terrain/handlers/terrain_geology_validator.py:723,veilbreakers_terrain/tests/test_terrain_geology.py:591,runtime_primary
terrain_karst.py,get_sinkhole_specs,get_sinkhole_specs,480,function,,2,yes,yes,B+,B+|2026-04-19: upgraded C -> cenote=flooded large=weathered small=40fresh/60weathered full SinkholeSpec,none,0,0,0,1,0,0,,veilbreakers_terrain/tests/test_callable_orphan_contracts.py:262,direct_test_covered
terrain_lava.py,_d8_flow_routing,_d8_flow_routing,38,function,,2,yes,yes,B+,B+|2026-05-03 PR14 salvage strict-zero closure,none,1,0,0,1,0,0,veilbreakers_terrain/handlers/terrain_lava.py:302; terrain_lava.py:302,veilbreakers_terrain/tests/test_lava_talus_pipeline.py:200,helper_reachable
terrain_lava.py,_compute_proximity,_compute_proximity,120,function,,2,yes,yes,A-,A-|2026-05-03 PR14 salvage strict-zero closure,none,1,0,0,1,0,0,veilbreakers_terrain/handlers/terrain_lava.py:311; terrain_lava.py:311,veilbreakers_terrain/tests/test_lava_talus_pipeline.py:206,helper_reachable
terrain_lava.py,pass_lava_simulation,pass_lava_simulation,160,function,,2,yes,yes,A-,A-|2026-05-03 PR14 salvage strict-zero closure,"master_bundle_pass,module_registrar",0,0,0,4,0,0,veilbreakers_terrain/handlers/terrain_lava.py:356,veilbreakers_terrain/tests/test_lava_talus_pipeline.py:100; veilbreakers_terrain/tests/test_lava_talus_pipeline.py:122; veilbreakers_terrain/tests/test_lava_talus_pipeline.py:156; veilbreakers_terrain/tests/test_lava_talus_pipeline.py:173,runtime_primary
terrain_lava.py,_proximity_used_scipy,_proximity_used_scipy,339,function,,2,yes,yes,B+,B+|2026-05-03 PR14 salvage strict-zero closure,none,1,0,0,1,0,0,veilbreakers_terrain/handlers/terrain_lava.py:333; terrain_lava.py:333,veilbreakers_terrain/tests/test_lava_talus_pipeline.py:213,helper_reachable
terrain_lava.py,register_lava_pass,register_lava_pass,348,function,,2,yes,yes,A-,A-|2026-05-03 PR14 salvage strict-zero closure,master_bundle_registrar,0,0,0,1,0,0,,veilbreakers_terrain/tests/test_lava_talus_pipeline.py:284,runtime_primary
terrain_legacy_bug_fixes.py,_default_terrain_advanced_path,_default_terrain_advanced_path,32,function,,2,yes,no,B,,none,1,0,0,1,0,0,veilbreakers_terrain/handlers/terrain_legacy_bug_fixes.py:161; terrain_legacy_bug_fixes.py:161,veilbreakers_terrain/tests/test_remaining_callable_audit_guardrails.py:178,helper_reachable
terrain_legacy_bug_fixes.py,audit_np_clip_in_file,audit_np_clip_in_file,52,function,,2,yes,no,B-,,none,1,0,0,2,0,0,veilbreakers_terrain/handlers/terrain_legacy_bug_fixes.py:162; terrain_legacy_bug_fixes.py:162,veilbreakers_terrain/tests/test_bundle_bcd_supplements.py:542; veilbreakers_terrain/tests/test_bundle_bcd_supplements.py:551,helper_reachable
terrain_legacy_bug_fixes.py,_audit_pixel_units_in_file,_audit_pixel_units_in_file,113,function,,2,yes,yes,D+,D+,none,1,0,0,1,0,0,veilbreakers_terrain/handlers/terrain_legacy_bug_fixes.py:198; terrain_legacy_bug_fixes.py:198,veilbreakers_terrain/tests/test_remaining_callable_audit_guardrails.py:186,helper_reachable
terrain_legacy_bug_fixes.py,audit_terrain_advanced_world_units,audit_terrain_advanced_world_units,141,function,,2,yes,yes,A,"A|2026-04-20: fully implemented static analysis — scans terrain_advanced.py for unit-range clips, missing out= kwargs, and pixel-unit scaling ops; returns structured summary dict; no stub behaviour present",none,0,0,0,1,0,0,,veilbreakers_terrain/tests/test_bundle_bcd_supplements.py:555,direct_test_covered
terrain_live_preview.py,_clone_stack_for_diff,_clone_stack_for_diff,27,function,,2,yes,no,A,,none,1,0,0,2,0,0,veilbreakers_terrain/handlers/terrain_live_preview.py:151; terrain_live_preview.py:151,veilbreakers_terrain/tests/test_terrain_iteration.py:380; veilbreakers_terrain/tests/test_terrain_iteration.py:397,helper_reachable
terrain_live_preview.py,LivePreviewSession.state,state,75,property,LivePreviewSession,1,yes,no,A,,none,0,0,92,0,0,41,veilbreakers_terrain/handlers/_terrain_world.py:573; veilbreakers_terrain/handlers/_terrain_world.py:574; veilbreakers_terrain/handlers/_terrain_world.py:667; veilbreakers_terrain/handlers/_terrain_world.py:668,veilbreakers_terrain/tests/integration/test_full_terrain_pipeline.py:111; veilbreakers_terrain/tests/integration/test_full_terrain_pipeline.py:113; veilbreakers_terrain/tests/integration/test_full_terrain_pipeline.py:181; veilbreakers_terrain/tests/integration/test_full_terrain_pipeline.py:182,helper_reachable
terrain_live_preview.py,LivePreviewSession.current_hash,current_hash,78,method,LivePreviewSession,1,yes,no,A,,none,0,4,4,0,1,1,terrain_live_preview.py:95; terrain_live_preview.py:111; veilbreakers_terrain/handlers/terrain_determinism_ci.py:218; veilbreakers_terrain/handlers/terrain_determinism_ci.py:225,veilbreakers_terrain/tests/test_terrain_iteration.py:662,helper_reachable
terrain_live_preview.py,LivePreviewSession.apply_edit,apply_edit,81,method,LivePreviewSession,2,yes,no,B+,,none,0,1,1,0,3,3,veilbreakers_terrain/handlers/__init__.py:599,veilbreakers_terrain/tests/test_protocol_dag_quality_hardening.py:154; veilbreakers_terrain/tests/test_terrain_iteration.py:663; veilbreakers_terrain/tests/test_terrain_iteration.py:733,helper_reachable
terrain_live_preview.py,LivePreviewSession.diff_preview,diff_preview,125,method,LivePreviewSession,2,yes,no,B,,none,0,1,1,0,1,1,veilbreakers_terrain/handlers/__init__.py:630,veilbreakers_terrain/tests/test_terrain_iteration.py:665,helper_reachable
terrain_live_preview.py,LivePreviewSession.diff_stacks,diff_stacks,145,method,LivePreviewSession,1,yes,yes,B,"B|2026-04-24: test monkeypatches compute_visual_diff to stub lambda; plumbing coverage only, not diff behavior",none,0,0,0,0,1,1,,veilbreakers_terrain/tests/test_visual_export_runtime_helpers.py:129,direct_test_covered
terrain_live_preview.py,LivePreviewSession.snapshot_stack,snapshot_stack,149,method,LivePreviewSession,1,yes,yes,A,A|2026-04-24: evidence-backed helper -> direct visual/export runtime tests covered,none,0,0,0,0,1,1,,veilbreakers_terrain/tests/test_visual_export_runtime_helpers.py:127,direct_test_covered
terrain_live_preview.py,LivePreviewSession.render_thumbnail_png,render_thumbnail_png,153,method,LivePreviewSession,1,yes,yes,B-,B-|2026-04-24: test fully mocks matplotlib backend; file bytes are literal 'fake png' — no pixel path exercised,none,0,1,1,0,1,1,veilbreakers_terrain/handlers/__init__.py:640,veilbreakers_terrain/tests/test_visual_export_runtime_helpers.py:159,helper_reachable
terrain_live_preview.py,edit_hero_feature,edit_hero_feature,184,function,,2,yes,yes,A,A|2026-04-23 Phase-D: R9 note documents canonical upgrade from lower grade; grade jump F/A- -> A (R9 is authoritative post-upgrade assessment with citation); A-|2026-04-19: upgraded F -> cosine-radial overlay float32 max-blend dirty_channels return,none,0,0,0,1,0,0,,veilbreakers_terrain/tests/test_callable_orphan_contracts.py:316,direct_test_covered
terrain_macro_color.py,_resolve_palette,_resolve_palette,42,function,,2,yes,no,B,,none,2,0,0,0,0,0,veilbreakers_terrain/handlers/terrain_macro_color.py:131; veilbreakers_terrain/handlers/terrain_macro_color.py:235; terrain_macro_color.py:131; terrain_macro_color.py:235,,helper_reachable
terrain_macro_color.py,_resolve_strata_color_map,_resolve_strata_color_map,60,function,,2,yes,yes,D+,D+,none,2,0,0,0,0,0,veilbreakers_terrain/handlers/terrain_macro_color.py:182; veilbreakers_terrain/handlers/terrain_macro_color.py:237; terrain_macro_color.py:182; terrain_macro_color.py:237,,helper_reachable
terrain_macro_color.py,compute_macro_color,compute_macro_color,116,function,,2,yes,yes,B+,B+|2026-04-19: upgraded B- -> erosion bleaching deposition staining ochre wet blue-grey tint,none,1,0,0,7,0,0,veilbreakers_terrain/handlers/terrain_macro_color.py:223; terrain_macro_color.py:223,veilbreakers_terrain/tests/test_terrain_cliffs.py:766; veilbreakers_terrain/tests/test_terrain_cliffs.py:783; veilbreakers_terrain/tests/test_terrain_material_ceiling.py:166; veilbreakers_terrain/tests/test_terrain_material_ceiling.py:182,helper_reachable
terrain_macro_color.py,pass_macro_color,pass_macro_color,208,function,,2,yes,yes,A,"A|2026-04-23 Phase-D: R9 note cites canonical upgrade (scipy EDT, Wang hash, SpeedTree wind VC, arc-length reparameterization, Ikeda 1989 bank asymmetry, Mason 1985 pool verification, etc.); grade B+/A- -> A (no code change required); A-|2026-04-20: verified by current tests -> macro-color pass remains wired with runtime channel contract","master_bundle_pass,module_registrar",0,0,0,1,0,0,veilbreakers_terrain/handlers/terrain_macro_color.py:250,veilbreakers_terrain/tests/test_terrain_material_ceiling.py:212,runtime_primary
terrain_macro_color.py,register_bundle_k_macro_color_pass,register_bundle_k_macro_color_pass,244,function,,2,yes,yes,A,"A|2026-04-23 Phase-D: R9 note cites canonical upgrade (JONSWAP, Davis&Reynolds 1996, Ramsay 1967, Mason 1985, Manning equation, SpeedTree, Shreve, Houdini PDG retention, Perlin double-perm hash, etc.); grade B/A- -> A (no code change required); A-|2026-04-20: verified by current tests -> declarative macro-color pass registration",master_bundle_registrar,0,1,1,0,0,0,terrain_bundle_k.py:43; veilbreakers_terrain/handlers/terrain_bundle_k.py:43,,runtime_primary
terrain_mask_cache.py,_hash_channel,_hash_channel,33,function,,2,yes,yes,A,A|2026-04-24: evidence-backed chunk/cache/math helper -> direct runtime tests covered,none,2,0,0,3,0,0,veilbreakers_terrain/handlers/terrain_mask_cache.py:364; veilbreakers_terrain/handlers/terrain_mask_cache.py:399; terrain_mask_cache.py:364; terrain_mask_cache.py:399,veilbreakers_terrain/tests/test_chunk_cache_math_helpers.py:164; veilbreakers_terrain/tests/test_chunk_cache_math_helpers.py:165,helper_reachable
terrain_mask_cache.py,cache_key_for_pass,cache_key_for_pass,49,function,,2,yes,no,A,,none,2,0,0,3,0,0,veilbreakers_terrain/handlers/terrain_mask_cache.py:366; veilbreakers_terrain/handlers/terrain_mask_cache.py:401; terrain_mask_cache.py:366; terrain_mask_cache.py:401,veilbreakers_terrain/tests/test_terrain_iteration.py:264; veilbreakers_terrain/tests/test_terrain_iteration.py:265; veilbreakers_terrain/tests/test_terrain_iteration.py:266,helper_reachable
terrain_mask_cache.py,MaskCache.get,get,151,method,MaskCache,1,yes,no,A,,none,0,2785,2785,0,245,247,terrain_mask_cache.py:275; terrain_mask_cache.py:322; terrain_mask_cache.py:364; terrain_mask_cache.py:377,veilbreakers_terrain/tests/contract/test_terrain_contracts.py:69; veilbreakers_terrain/tests/contract/test_terrain_contracts.py:70; veilbreakers_terrain/tests/contract/test_terrain_contracts.py:133; veilbreakers_terrain/tests/test_aaa_terrain_vegetation.py:41,helper_reachable
terrain_mask_cache.py,MaskCache.put,put,160,method,MaskCache,1,yes,no,A,,none,0,2,2,0,11,11,terrain_mask_cache.py:384; terrain_mask_cache.py:419; veilbreakers_terrain/handlers/terrain_mask_cache.py:384; veilbreakers_terrain/handlers/terrain_mask_cache.py:419,veilbreakers_terrain/tests/test_callable_orphan_contracts.py:250; veilbreakers_terrain/tests/test_callable_orphan_contracts.py:251; veilbreakers_terrain/tests/test_chunk_cache_math_helpers.py:161; veilbreakers_terrain/tests/test_chunk_cache_math_helpers.py:162,helper_reachable
terrain_mask_cache.py,MaskCache._remove_from_tag_index,_remove_from_tag_index,188,method,MaskCache,1,yes,yes,A,A|2026-04-24: evidence-backed chunk/cache/math helper -> direct runtime tests covered,none,0,4,4,0,1,1,terrain_mask_cache.py:183; terrain_mask_cache.py:231; terrain_mask_cache.py:246; terrain_mask_cache.py:286,veilbreakers_terrain/tests/test_chunk_cache_math_helpers.py:170,helper_reachable
terrain_mask_cache.py,MaskCache.get_or_compute,get_or_compute,193,method,MaskCache,1,yes,no,B+,,none,0,0,0,0,2,2,,veilbreakers_terrain/tests/test_terrain_iteration.py:254; veilbreakers_terrain/tests/test_terrain_iteration.py:255,direct_test_covered
terrain_mask_cache.py,MaskCache.invalidate,invalidate,242,method,MaskCache,1,yes,no,A,,none,0,0,0,0,2,2,,veilbreakers_terrain/tests/test_callable_orphan_contracts.py:252; veilbreakers_terrain/tests/test_callable_orphan_contracts.py:253,direct_test_covered
terrain_mask_cache.py,MaskCache.invalidate_prefix,invalidate_prefix,250,method,MaskCache,1,yes,no,A,,none,0,1,1,0,2,2,veilbreakers_terrain/handlers/terrain_live_preview.py:101,veilbreakers_terrain/tests/test_chunk_cache_math_helpers.py:166; veilbreakers_terrain/tests/test_terrain_iteration.py:278,helper_reachable
terrain_mask_cache.py,MaskCache.invalidate_all,invalidate_all,293,method,MaskCache,1,yes,no,A,,none,0,0,0,0,1,1,,veilbreakers_terrain/tests/test_callable_orphan_contracts.py:255,direct_test_covered
terrain_mask_cache.py,MaskCache.stats,stats,298,method,MaskCache,1,yes,no,A,,none,0,0,0,0,2,2,veilbreakers_terrain/handlers/terrain_golden_snapshots.py:560; veilbreakers_terrain/handlers/terrain_golden_snapshots.py:562; veilbreakers_terrain/handlers/terrain_golden_snapshots.py:564; veilbreakers_terrain/handlers/terrain_golden_snapshots.py:565,veilbreakers_terrain/tests/test_terrain_foliage_catalog.py:358; veilbreakers_terrain/tests/test_terrain_foliage_catalog.py:359; veilbreakers_terrain/tests/test_terrain_foliage_catalog.py:460; veilbreakers_terrain/tests/test_terrain_foliage_catalog.py:461,helper_reachable
terrain_mask_cache.py,_snapshot_produced_channels,_snapshot_produced_channels,316,function,,2,yes,no,A,,none,2,0,0,0,0,0,veilbreakers_terrain/handlers/terrain_mask_cache.py:383; veilbreakers_terrain/handlers/terrain_mask_cache.py:418; terrain_mask_cache.py:383; terrain_mask_cache.py:418,,helper_reachable
terrain_mask_cache.py,_restore_produced_channels,_restore_produced_channels,327,function,,2,yes,yes,A,A|2026-04-24: evidence-backed chunk/cache/math helper -> direct runtime tests covered,none,2,0,0,1,0,0,veilbreakers_terrain/handlers/terrain_mask_cache.py:379; veilbreakers_terrain/handlers/terrain_mask_cache.py:412; terrain_mask_cache.py:379; terrain_mask_cache.py:412,veilbreakers_terrain/tests/test_chunk_cache_math_helpers.py:172,helper_reachable
terrain_mask_cache.py,pass_with_cache,pass_with_cache,338,function,,2,yes,no,A,,none,0,0,0,4,0,0,,veilbreakers_terrain/tests/test_terrain_iteration.py:293; veilbreakers_terrain/tests/test_terrain_iteration.py:298; veilbreakers_terrain/tests/test_terrain_iteration.py:707; veilbreakers_terrain/tests/test_terrain_iteration.py:712,direct_test_covered
terrain_mask_cache.py,controller_pass_with_cache,controller_pass_with_cache,388,function,,2,yes,yes,A,A|2026-04-30 protocol cache hardening,none,1,0,0,0,0,0,veilbreakers_terrain/handlers/terrain_live_preview.py:106; terrain_live_preview.py:106,,helper_reachable
terrain_masks.py,compute_slope,compute_slope,27,function,,2,yes,no,A,,none,1,0,0,1,0,0,veilbreakers_terrain/handlers/terrain_masks.py:335; terrain_masks.py:335,veilbreakers_terrain/tests/test_terrain_composition.py:109,helper_reachable
terrain_masks.py,compute_curvature,compute_curvature,49,function,,2,yes,no,A,,none,1,0,0,2,0,0,veilbreakers_terrain/handlers/terrain_masks.py:336; terrain_masks.py:336,veilbreakers_terrain/tests/test_terrain_composition.py:113; veilbreakers_terrain/tests/test_terrain_composition.py:136,helper_reachable
terrain_masks.py,compute_concavity,compute_concavity,73,function,,2,yes,no,B+,,none,1,0,0,1,0,0,veilbreakers_terrain/handlers/terrain_masks.py:337; terrain_masks.py:337,veilbreakers_terrain/tests/test_terrain_composition.py:137,helper_reachable
terrain_masks.py,compute_convexity,compute_convexity,90,function,,2,yes,no,B+,,none,1,0,0,1,0,0,veilbreakers_terrain/handlers/terrain_masks.py:338; terrain_masks.py:338,veilbreakers_terrain/tests/test_terrain_composition.py:138,helper_reachable
terrain_masks.py,extract_ridge_mask,extract_ridge_mask,107,function,,2,yes,no,B,,none,1,0,0,1,0,0,veilbreakers_terrain/handlers/terrain_masks.py:339; terrain_masks.py:339,veilbreakers_terrain/tests/test_terrain_composition.py:139,helper_reachable
terrain_masks.py,detect_basins,detect_basins,145,function,,2,yes,yes,B+,B+|2026-04-19: upgraded B- -> scipy watershed_ift primary numpy fallback scipy label seeds height-sorted priority-flood 8-neighbor flat-index arithmetic,none,1,0,0,1,0,0,veilbreakers_terrain/handlers/terrain_masks.py:340; terrain_masks.py:340,veilbreakers_terrain/tests/test_terrain_composition.py:140,helper_reachable
terrain_masks.py,compute_macro_saliency,compute_macro_saliency,266,function,,2,yes,no,B+,,none,1,0,0,1,0,0,veilbreakers_terrain/handlers/terrain_masks.py:341; terrain_masks.py:341,veilbreakers_terrain/tests/test_terrain_composition.py:141,helper_reachable
terrain_masks.py,compute_base_masks,compute_base_masks,302,function,,2,yes,no,A,,none,0,1,1,5,1,1,_terrain_world.py:1061; veilbreakers_terrain/handlers/_terrain_world.py:1061,veilbreakers_terrain/tests/test_terrain_caves.py:93; veilbreakers_terrain/tests/test_terrain_cliffs.py:69; veilbreakers_terrain/tests/test_terrain_cliffs.py:115; veilbreakers_terrain/tests/test_terrain_composition.py:156,helper_reachable
terrain_master_registrar.py,_safe_import_registrar,_safe_import_registrar,102,function,,2,yes,no,A,,none,1,0,0,1,0,0,veilbreakers_terrain/handlers/terrain_master_registrar.py:249; terrain_master_registrar.py:249,veilbreakers_terrain/tests/test_terrain_master_registrar.py:58,helper_reachable
terrain_master_registrar.py,register_all_terrain_passes,register_all_terrain_passes,127,function,,2,yes,no,A,,none,3,0,0,8,0,0,veilbreakers_terrain/handlers/environment.py:2853; veilbreakers_terrain/handlers/environment.py:3183; veilbreakers_terrain/handlers/terrain_pipeline.py:794; environment.py:2853,veilbreakers_terrain/tests/integration/test_full_terrain_pipeline.py:74; veilbreakers_terrain/tests/integration/test_full_terrain_pipeline.py:83; veilbreakers_terrain/tests/test_lava_talus_pipeline.py:271; veilbreakers_terrain/tests/test_protocol_dag_quality_hardening.py:250,helper_reachable
terrain_master_registrar.py,register_all_terrain_passes_detailed,register_all_terrain_passes_detailed,155,function,,2,yes,no,A,,none,1,0,0,0,0,0,veilbreakers_terrain/handlers/__init__.py:42; __init__.py:42,,helper_reachable
terrain_master_registrar.py,_register_all_terrain_passes_impl,_register_all_terrain_passes_impl,170,function,,2,yes,no,B,,none,2,0,0,0,0,0,veilbreakers_terrain/handlers/terrain_master_registrar.py:151; veilbreakers_terrain/handlers/terrain_master_registrar.py:167; terrain_master_registrar.py:151; terrain_master_registrar.py:167,,helper_reachable
terrain_materials.py,get_default_biome,get_default_biome,50,function,,2,yes,no,A,,none,0,0,0,1,0,0,,veilbreakers_terrain/tests/test_callable_orphan_contracts.py:267,direct_test_covered
terrain_materials.py,_get_material_def,_get_material_def,997,function,,2,yes,no,A-,,none,2,0,0,0,0,0,veilbreakers_terrain/handlers/environment.py:8568; veilbreakers_terrain/handlers/terrain_materials.py:2372; environment.py:8568; terrain_materials.py:2372,,helper_reachable
terrain_materials.py,get_all_terrain_material_keys,get_all_terrain_material_keys,1002,function,,2,yes,no,A,,none,0,0,0,1,0,0,,veilbreakers_terrain/tests/test_callable_orphan_contracts.py:268,direct_test_covered
terrain_materials.py,get_biome_palette,get_biome_palette,1015,function,,2,yes,no,A,,none,4,0,0,0,0,0,veilbreakers_terrain/handlers/terrain_materials.py:1174; veilbreakers_terrain/handlers/terrain_materials.py:1381; veilbreakers_terrain/handlers/terrain_materials.py:2360; veilbreakers_terrain/handlers/terrain_materials.py:3152,,helper_reachable
terrain_materials.py,_face_slope_angle,_face_slope_angle,1046,function,,2,yes,no,A,,none,2,0,0,0,0,0,veilbreakers_terrain/handlers/terrain_materials.py:1099; veilbreakers_terrain/handlers/terrain_materials.py:1230; terrain_materials.py:1099; terrain_materials.py:1230,,helper_reachable
terrain_materials.py,_classify_face,_classify_face,1068,function,,4,yes,yes,A,"A|2026-04-23 Phase-D: R9 B+/B+ but note describes canonical AAA behavior (physics-based animation, Garland-Heckbert QEM, deterministic feature generators, multi-band harmonic oscillators, textbook geometry); grade B+ -> A (no code change required); B+|2026-04-19: confirmed B+ -> face classification correct",none,2,0,0,0,0,0,veilbreakers_terrain/handlers/terrain_materials.py:1515; veilbreakers_terrain/handlers/terrain_materials.py:2439; terrain_materials.py:1515; terrain_materials.py:2439,,helper_reachable
terrain_materials.py,assign_terrain_materials_by_slope,assign_terrain_materials_by_slope,1119,function,,4,yes,yes,B+,B+|2026-04-19: upgraded B- -> 5-tier altitudinal banding water/ground/treeline/snowline/cliffs moisture_per_vertex wet/dry variants 5deg dithering,none,1,0,0,0,0,0,veilbreakers_terrain/handlers/terrain_materials.py:2399; terrain_materials.py:2399,,helper_reachable
terrain_materials.py,blend_terrain_vertex_colors,blend_terrain_vertex_colors,1326,function,,4,yes,yes,B+,B+|2026-04-19: upgraded C+ -> 3-axis slope/height/wetness gamma decode blend reencode mud B at high moisture snow A at high height,none,1,0,0,0,0,0,veilbreakers_terrain/handlers/terrain_materials.py:2412; terrain_materials.py:2412,,helper_reachable
terrain_materials.py,apply_corruption_tint,apply_corruption_tint,1573,function,,2,yes,yes,A,A|2026-04-19: upgraded B -> MicroSplat height-blend BT.709 luminance as surface-height proxy blend_contrast param,none,1,0,0,0,0,0,veilbreakers_terrain/handlers/terrain_materials.py:2416; terrain_materials.py:2416,,helper_reachable
terrain_materials.py,_wang_hash,_wang_hash,1652,function,,2,yes,yes,D+,D+,none,4,0,0,0,0,0,veilbreakers_terrain/handlers/coastline.py:127; veilbreakers_terrain/handlers/coastline.py:449,,helper_reachable
terrain_materials.py,_simple_noise_2d,_simple_noise_2d,1662,function,,4,yes,yes,A,"A|2026-04-20: upgraded C+->A: LCG hash 1664525/1013904223, quintic smoothstep, platform-independent",none,1,0,0,1,0,0,veilbreakers_terrain/handlers/terrain_materials.py:1840; terrain_materials.py:1840,veilbreakers_terrain/tests/test_terrain_materials.py:616,helper_reachable
terrain_materials.py,compute_biome_transition,compute_biome_transition,1718,function,,2,yes,yes,A,A|2026-04-19: upgraded B -> MicroSplat height-blend quintic smoothstep blend_contrast param replaces linear lerp,none,0,0,0,16,0,0,,veilbreakers_terrain/tests/test_terrain_materials.py:433; veilbreakers_terrain/tests/test_terrain_materials.py:439; veilbreakers_terrain/tests/test_terrain_materials.py:446; veilbreakers_terrain/tests/test_terrain_materials.py:454,direct_test_covered
terrain_materials.py,height_blend,height_blend,1894,function,,2,yes,no,B+,,none,0,0,0,2,0,0,,veilbreakers_terrain/tests/test_callable_orphan_contracts.py:271; veilbreakers_terrain/tests/test_callable_orphan_contracts.py:272,direct_test_covered
terrain_materials.py,_create_height_blend_group,_create_height_blend_group,1952,function,,4,yes,yes,B+,B+|2026-04-19: confirmed B+ -> height blend group creation correct,none,1,0,0,0,0,0,veilbreakers_terrain/handlers/terrain_materials.py:3403; terrain_materials.py:3403,,helper_reachable
terrain_materials.py,_biome_environment_params,_biome_environment_params,2105,function,,2,yes,yes,D+,D+,none,1,0,0,0,0,0,veilbreakers_terrain/handlers/terrain_materials.py:2288; terrain_materials.py:2288,,helper_reachable
terrain_materials.py,handle_setup_terrain_biome,handle_setup_terrain_biome,2235,function,,2,yes,yes,B+,B+|2026-04-19: upgraded B- -> _biome_environment_params 16 biomes moisture/temperature/tree_line/snow_line/detail/wind/wetness spec_only=True,command_handler,0,0,0,0,0,0,,,runtime_primary
terrain_materials.py,auto_assign_terrain_layers,auto_assign_terrain_layers,2573,function,,2,yes,yes,A,A|2026-04-19: upgraded B -> MicroSplat saturate((h_a-h_b+half)/half) 8-degree transition bands flat/slope/cliff boundaries blend_contrast,none,3,0,0,34,0,0,veilbreakers_terrain/handlers/terrain_materials.py:1813; veilbreakers_terrain/handlers/terrain_materials.py:1816; veilbreakers_terrain/handlers/terrain_materials.py:3489; terrain_materials.py:1813,veilbreakers_terrain/tests/test_terrain_materials.py:170; veilbreakers_terrain/tests/test_terrain_materials.py:173; veilbreakers_terrain/tests/test_terrain_materials.py:177; veilbreakers_terrain/tests/test_terrain_materials.py:181,helper_reachable
terrain_materials.py,_resolve_biome_palette_name,_resolve_biome_palette_name,2826,function,,2,yes,no,A,,none,3,0,0,0,0,0,veilbreakers_terrain/handlers/terrain_materials.py:2854; veilbreakers_terrain/handlers/terrain_materials.py:3331; veilbreakers_terrain/handlers/terrain_materials.py:3536; terrain_materials.py:2854,,helper_reachable
terrain_materials.py,_resolve_special_band_policy,_resolve_special_band_policy,2842,function,,2,yes,no,A-,,none,2,0,0,0,0,0,veilbreakers_terrain/handlers/terrain_materials.py:2632; veilbreakers_terrain/handlers/terrain_materials.py:3155; terrain_materials.py:2632; terrain_materials.py:3155,,helper_reachable
terrain_materials.py,_clamp_rgba,_clamp_rgba,2869,function,,4,yes,yes,B+,B+|2026-04-19: confirmed B+ -> RGBA clamping correct,none,6,0,0,0,0,0,veilbreakers_terrain/handlers/terrain_materials.py:2978; veilbreakers_terrain/handlers/terrain_materials.py:2980; veilbreakers_terrain/handlers/terrain_materials.py:3059; veilbreakers_terrain/handlers/terrain_materials.py:3061,,helper_reachable
terrain_materials.py,_build_terrain_recipe,_build_terrain_recipe,2893,function,,4,yes,yes,A,A|2026-04-23 Phase-D: canonical material recipe builder with deterministic rule lookup; grade A-/B+ -> A (no code change required); B+|2026-04-19: confirmed B+ -> terrain recipe building correct,none,1,0,0,0,0,0,veilbreakers_terrain/handlers/terrain_materials.py:3389; terrain_materials.py:3389,,helper_reachable
terrain_materials.py,compute_world_splatmap_weights,compute_world_splatmap_weights,3117,function,,2,yes,yes,A,A|2026-04-19: upgraded B -> numpy-vectorized MicroSplat height-blend 8-degree bands in_flat_band in_cliff_band hb_flat hb_cliff blend_contrast,none,1,0,0,6,0,0,veilbreakers_terrain/handlers/environment.py:2467; environment.py:2467,veilbreakers_terrain/tests/test_environment_handlers.py:1243; veilbreakers_terrain/tests/test_environment_handlers.py:1247; veilbreakers_terrain/tests/test_environment_handlers.py:1259; veilbreakers_terrain/tests/test_environment_handlers.py:1264,helper_reachable
terrain_materials.py,create_biome_terrain_material,create_biome_terrain_material,3318,function,,2,yes,no,B,,none,1,0,0,3,0,0,veilbreakers_terrain/handlers/terrain_materials.py:3544; terrain_materials.py:3544,veilbreakers_terrain/tests/test_terrain_materials.py:812; veilbreakers_terrain/tests/test_terrain_materials.py:814; veilbreakers_terrain/tests/test_terrain_materials.py:843,helper_reachable
terrain_materials.py,handle_create_biome_terrain,handle_create_biome_terrain,3516,function,,2,yes,no,B+,,command_handler,1,0,0,0,0,0,veilbreakers_terrain/handlers/environment.py:8486; environment.py:8486,,runtime_primary
terrain_materials_ext.py,MaterialChannelExt.channel_id,channel_id,68,property,MaterialChannelExt,1,yes,no,A,,none,0,0,21,0,0,7,veilbreakers_terrain/handlers/terrain_materials_v2.py:103; veilbreakers_terrain/handlers/terrain_materials_v2.py:105; veilbreakers_terrain/handlers/terrain_validation.py:787; veilbreakers_terrain/handlers/terrain_validation.py:788,veilbreakers_terrain/tests/test_bundle_bcd_supplements.py:83; veilbreakers_terrain/tests/test_procedural_material_builder_contracts.py:148; veilbreakers_terrain/tests/test_procedural_material_builder_contracts.py:205; veilbreakers_terrain/tests/test_procedural_material_builder_contracts.py:206,helper_reachable
terrain_materials_ext.py,validate_texel_density_coherency,validate_texel_density_coherency,77,function,,2,yes,yes,A,A|2026-04-19: confirmed A -> 1024/512/256px per meter validation,none,2,0,0,5,0,0,veilbreakers_terrain/handlers/terrain_materials_v2.py:1004; veilbreakers_terrain/handlers/terrain_validation.py:838; terrain_materials_v2.py:1004; terrain_validation.py:838,veilbreakers_terrain/tests/test_bundle_bcd_supplements.py:102; veilbreakers_terrain/tests/test_bundle_bcd_supplements.py:108; veilbreakers_terrain/tests/test_bundle_bcd_supplements.py:117; veilbreakers_terrain/tests/test_bundle_bcd_supplements.py:122,helper_reachable
terrain_materials_ext.py,compute_height_blended_weights,compute_height_blended_weights,194,function,,2,yes,yes,A,A|2026-04-19: confirmed A -> MicroSplat height blend correct,none,1,0,0,4,0,0,veilbreakers_terrain/handlers/terrain_materials_v2.py:1002; terrain_materials_v2.py:1002,veilbreakers_terrain/tests/test_bundle_bcd_supplements.py:138; veilbreakers_terrain/tests/test_bundle_bcd_supplements.py:150; veilbreakers_terrain/tests/test_bundle_bcd_supplements.py:159; veilbreakers_terrain/tests/test_bundle_bcd_supplements.py:166,helper_reachable
terrain_materials_ext.py,validate_cliff_silhouette_area,validate_cliff_silhouette_area,269,function,,2,yes,yes,A,A|2026-04-19: confirmed A -> silhouette area validation correct,none,4,0,0,5,0,0,veilbreakers_terrain/handlers/terrain_materials_v2.py:1013; veilbreakers_terrain/handlers/terrain_materials_v2.py:1017; veilbreakers_terrain/handlers/terrain_validation.py:858; veilbreakers_terrain/handlers/terrain_validation.py:863,veilbreakers_terrain/tests/test_bundle_bcd_supplements.py:170; veilbreakers_terrain/tests/test_bundle_bcd_supplements.py:173; veilbreakers_terrain/tests/test_bundle_bcd_supplements.py:177; veilbreakers_terrain/tests/test_bundle_bcd_supplements.py:181,helper_reachable
terrain_materials_ext.py,validate_cliff_silhouette_shape,validate_cliff_silhouette_shape,334,function,,2,yes,yes,D+,D+,none,1,0,0,3,0,0,veilbreakers_terrain/handlers/terrain_cliffs.py:2572; terrain_cliffs.py:2572; veilbreakers_terrain/handlers/terrain_cliffs.py:2570,veilbreakers_terrain/tests/test_terrain_cliffs.py:808; veilbreakers_terrain/tests/test_terrain_cliffs.py:820; veilbreakers_terrain/tests/test_terrain_cliffs.py:841,helper_reachable
terrain_materials_v2.py,MaterialRuleSet.index_of,index_of,101,method,MaterialRuleSet,1,yes,no,A-,,none,0,8,8,0,36,36,terrain_materials_v2.py:525; terrain_materials_v2.py:694; terrain_materials_v2.py:717; terrain_materials_v2.py:718,veilbreakers_terrain/tests/test_materials_v2_runtime_helpers.py:126; veilbreakers_terrain/tests/test_materials_v2_runtime_helpers.py:127; veilbreakers_terrain/tests/test_materials_v2_runtime_helpers.py:145; veilbreakers_terrain/tests/test_materials_v2_runtime_helpers.py:146,helper_reachable
terrain_materials_v2.py,MaterialRuleSet.priority_order,priority_order,107,method,MaterialRuleSet,1,yes,yes,A-,A-|2026-04-29 master-audit blocker closure with direct behavior evidence,none,0,1,1,0,1,1,terrain_materials_v2.py:704; veilbreakers_terrain/handlers/terrain_materials_v2.py:704,veilbreakers_terrain/tests/test_terrain_materials_v2.py:177,helper_reachable
terrain_materials_v2.py,default_dark_fantasy_rules,default_dark_fantasy_rules,122,function,,2,yes,yes,A,A|2026-04-19: confirmed A -> VeilBreakers dark fantasy rules correct,none,4,0,0,25,0,0,veilbreakers_terrain/handlers/terrain_materials_v2.py:589; veilbreakers_terrain/handlers/terrain_materials_v2.py:983; veilbreakers_terrain/handlers/terrain_unity_export.py:1135; veilbreakers_terrain/handlers/terrain_validation.py:778,veilbreakers_terrain/tests/test_materials_v2_runtime_helpers.py:137; veilbreakers_terrain/tests/test_materials_v2_runtime_helpers.py:156; veilbreakers_terrain/tests/test_normal_rock_brucks_snow.py:111; veilbreakers_terrain/tests/test_normal_rock_brucks_snow.py:160,helper_reachable
terrain_materials_v2.py,caldera_volcanic_rules,caldera_volcanic_rules,193,function,,2,yes,yes,A-,A-|2026-05-01 PR10 fluid persistence guard,none,0,0,0,1,0,0,,veilbreakers_terrain/tests/test_terrain_materials_v2.py:353,direct_test_covered
terrain_materials_v2.py,triplanar_blend,triplanar_blend,262,function,,2,yes,yes,A-,A-|2026-04-24: evidence-backed material triplanar helper -> direct projection-selection test covered,none,1,0,0,4,0,0,veilbreakers_terrain/handlers/terrain_materials_v2.py:681; terrain_materials_v2.py:681,veilbreakers_terrain/tests/test_materials_v2_runtime_helpers.py:19; veilbreakers_terrain/tests/test_p7_conventions.py:72; veilbreakers_terrain/tests/test_p7_conventions.py:82; veilbreakers_terrain/tests/test_p7_conventions.py:93,helper_reachable
terrain_materials_v2.py,compute_normal_z,compute_normal_z,319,function,,2,yes,yes,A,A|2026-04-24: evidence-backed material normal helper -> direct flat/steep/invalid tests covered,none,1,0,0,8,0,0,veilbreakers_terrain/handlers/terrain_materials_v2.py:621; terrain_materials_v2.py:621,veilbreakers_terrain/tests/test_materials_v2_runtime_helpers.py:35; veilbreakers_terrain/tests/test_materials_v2_runtime_helpers.py:36; veilbreakers_terrain/tests/test_materials_v2_runtime_helpers.py:37; veilbreakers_terrain/tests/test_materials_v2_runtime_helpers.py:44,helper_reachable
terrain_materials_v2.py,apply_brucks_blend,apply_brucks_blend,348,function,,2,yes,yes,A-,A-|2026-04-24: evidence-backed Brucks blend helper -> direct nonnegative competition tests covered,none,1,0,0,3,0,0,veilbreakers_terrain/handlers/terrain_materials_v2.py:732; terrain_materials_v2.py:732,veilbreakers_terrain/tests/test_materials_v2_runtime_helpers.py:57; veilbreakers_terrain/tests/test_normal_rock_brucks_snow.py:126; veilbreakers_terrain/tests/test_normal_rock_brucks_snow.py:139,helper_reachable
terrain_materials_v2.py,compute_snow_line_factor,compute_snow_line_factor,394,function,,2,yes,yes,A-,A-|2026-04-24: evidence-backed snow-line helper -> direct altitude and normal-z tests covered,none,0,0,0,5,0,0,terrain_pipeline.py:1269,veilbreakers_terrain/tests/test_materials_v2_runtime_helpers.py:74; veilbreakers_terrain/tests/test_normal_rock_brucks_snow.py:179; veilbreakers_terrain/tests/test_normal_rock_brucks_snow.py:188; veilbreakers_terrain/tests/test_normal_rock_brucks_snow.py:198,helper_reachable
terrain_materials_v2.py,sample_macro_color,sample_macro_color,456,function,,2,yes,yes,A-,A-|2026-04-24: evidence-backed macro color helper -> direct world-wrap sampling tests covered,none,0,0,0,2,0,0,,veilbreakers_terrain/tests/test_materials_v2_runtime_helpers.py:98; veilbreakers_terrain/tests/test_ridge_macro_sdf.py:132,direct_test_covered
terrain_materials_v2.py,apply_sdf_road_blend,apply_sdf_road_blend,494,function,,2,yes,yes,A-,A-|2026-04-24: evidence-backed SDF road blend helper -> direct normalization/noop tests covered,none,1,0,0,7,0,0,veilbreakers_terrain/handlers/terrain_materials_v2.py:858; terrain_materials_v2.py:858,veilbreakers_terrain/tests/test_materials_v2_runtime_helpers.py:122; veilbreakers_terrain/tests/test_materials_v2_runtime_helpers.py:123; veilbreakers_terrain/tests/test_ridge_macro_sdf.py:168; veilbreakers_terrain/tests/test_ridge_macro_sdf.py:183,helper_reachable
terrain_materials_v2.py,_smoothstep_band,_smoothstep_band,564,function,,2,yes,yes,A,A|2026-04-19: confirmed A -> smoothstep band blending correct,none,3,0,0,0,0,0,veilbreakers_terrain/handlers/terrain_materials_v2.py:637; veilbreakers_terrain/handlers/terrain_materials_v2.py:640; veilbreakers_terrain/handlers/terrain_materials_v2.py:653; terrain_materials_v2.py:637,,helper_reachable
terrain_materials_v2.py,compute_slope_material_weights,compute_slope_material_weights,578,function,,2,yes,no,A-,,none,1,0,0,29,0,0,veilbreakers_terrain/handlers/terrain_materials_v2.py:989; terrain_materials_v2.py:989,veilbreakers_terrain/tests/test_normal_rock_brucks_snow.py:112; veilbreakers_terrain/tests/test_normal_rock_brucks_snow.py:161; veilbreakers_terrain/tests/test_normal_rock_brucks_snow.py:237; veilbreakers_terrain/tests/test_normal_rock_brucks_snow.py:238,helper_reachable
terrain_materials_v2.py,_resolve_height_blend_gammas,_resolve_height_blend_gammas,872,function,,2,yes,yes,A,A|2026-04-24: evidence-backed material gamma resolver -> direct default/override/fallback tests covered,none,1,0,0,1,0,0,veilbreakers_terrain/handlers/terrain_materials_v2.py:919; terrain_materials_v2.py:919,veilbreakers_terrain/tests/test_materials_v2_runtime_helpers.py:139,helper_reachable
terrain_materials_v2.py,_apply_region_mask,_apply_region_mask,890,function,,2,yes,yes,A-,A-|2026-04-29 master-audit blocker closure with direct behavior evidence,none,2,0,0,1,0,0,veilbreakers_terrain/handlers/terrain_materials_v2.py:1032; veilbreakers_terrain/handlers/terrain_materials_v2.py:1035; terrain_materials_v2.py:1032; terrain_materials_v2.py:1035,veilbreakers_terrain/tests/test_terrain_materials_v2.py:211,helper_reachable
terrain_materials_v2.py,_build_material_channel_exts,_build_material_channel_exts,911,function,,2,yes,yes,A-,A-|2026-04-24: evidence-backed material extension builder -> direct metadata tests covered,none,2,0,0,1,0,0,veilbreakers_terrain/handlers/terrain_materials_v2.py:999; veilbreakers_terrain/handlers/terrain_validation.py:778; terrain_materials_v2.py:999; terrain_validation.py:778,veilbreakers_terrain/tests/test_materials_v2_runtime_helpers.py:157,helper_reachable
terrain_materials_v2.py,pass_materials,pass_materials,954,function,,2,yes,yes,A-,A-|2026-04-20: verified by current tests -> materials pass remains wired and produces splat/material channels,"master_bundle_pass,module_registrar",0,0,0,1,0,1,veilbreakers_terrain/handlers/terrain_materials_v2.py:1116,veilbreakers_terrain/tests/test_terrain_materials_v2.py:513; veilbreakers_terrain/tests/test_terrain_cliffs.py:965,runtime_primary
terrain_materials_v2.py,register_bundle_b_material_passes,register_bundle_b_material_passes,1109,function,,2,yes,yes,A-,A-|2026-04-20: verified by current tests -> material-pass registrar remains wired,master_bundle_registrar,0,0,0,6,0,0,,veilbreakers_terrain/tests/test_terrain_materials_v2.py:434; veilbreakers_terrain/tests/test_terrain_materials_v2.py:450; veilbreakers_terrain/tests/test_terrain_materials_v2.py:467; veilbreakers_terrain/tests/test_terrain_materials_v2.py:480,runtime_primary
terrain_math.py,slope_radians,slope_radians,12,function,,4,yes,no,A,,none,1,0,0,1,0,0,veilbreakers_terrain/handlers/terrain_math.py:19; terrain_math.py:19,veilbreakers_terrain/tests/test_chunk_cache_math_helpers.py:48,helper_reachable
terrain_math.py,slope_degrees,slope_degrees,17,function,,4,yes,no,A,,none,0,0,0,1,0,0,,veilbreakers_terrain/tests/test_chunk_cache_math_helpers.py:49,direct_test_covered
terrain_math.py,slope_gradient_magnitude,slope_gradient_magnitude,21,function,,4,yes,no,A,,none,0,0,0,1,0,0,,veilbreakers_terrain/tests/test_chunk_cache_math_helpers.py:50,direct_test_covered
terrain_math.py,talus_height_units,talus_height_units,26,function,,4,yes,no,A,,none,0,0,0,1,0,0,,veilbreakers_terrain/tests/test_chunk_cache_math_helpers.py:57,direct_test_covered
terrain_math.py,world_to_cell,world_to_cell,31,function,,2,yes,no,B+,,none,0,0,0,2,0,0,,veilbreakers_terrain/tests/test_chunk_cache_math_helpers.py:60; veilbreakers_terrain/tests/test_chunk_cache_math_helpers.py:61,direct_test_covered
terrain_math.py,stack_world_to_cell,stack_world_to_cell,45,function,,2,yes,no,B+,,none,0,0,0,2,0,0,terrain_caves.py:805; terrain_caves.py:1063; terrain_caves.py:1169; terrain_caves.py:1289,veilbreakers_terrain/tests/test_chunk_cache_math_helpers.py:66; veilbreakers_terrain/tests/test_chunk_cache_math_helpers.py:67,helper_reachable
terrain_math.py,cell_to_world,cell_to_world,73,function,,2,yes,no,A,,none,0,0,0,2,0,0,,veilbreakers_terrain/tests/test_chunk_cache_math_helpers.py:68; veilbreakers_terrain/tests/test_chunk_cache_math_helpers.py:69,direct_test_covered
terrain_math.py,distance_field_edt,distance_field_edt,85,function,,6,yes,yes,B+,B+|2026-04-19: upgraded B- -> Borgefors 8-connected chamfer DT fixed forward 4-neighbour NW/N/NE/W backward SE/S/SW/E both passes now correct,none,1,0,0,1,0,0,veilbreakers_terrain/handlers/terrain_ecotone_graph.py:160; terrain_ecotone_graph.py:160,veilbreakers_terrain/tests/test_chunk_cache_math_helpers.py:53,helper_reachable
terrain_morphology.py,_ridge_params,_ridge_params,63,function,,2,yes,no,A,,none,5,0,0,1,0,0,veilbreakers_terrain/handlers/terrain_morphology.py:91; veilbreakers_terrain/handlers/terrain_morphology.py:97; veilbreakers_terrain/handlers/terrain_morphology.py:103; veilbreakers_terrain/handlers/terrain_morphology.py:109,veilbreakers_terrain/tests/test_terrain_composition.py:341,helper_reachable
terrain_morphology.py,_canyon_params,_canyon_params,67,function,,2,yes,no,A,,none,5,0,0,1,0,0,veilbreakers_terrain/handlers/terrain_morphology.py:123; veilbreakers_terrain/handlers/terrain_morphology.py:129; veilbreakers_terrain/handlers/terrain_morphology.py:135; veilbreakers_terrain/handlers/terrain_morphology.py:141,veilbreakers_terrain/tests/test_terrain_composition.py:342,helper_reachable
terrain_morphology.py,_mesa_params,_mesa_params,71,function,,2,yes,no,A,,none,5,0,0,1,0,0,veilbreakers_terrain/handlers/terrain_morphology.py:155; veilbreakers_terrain/handlers/terrain_morphology.py:161; veilbreakers_terrain/handlers/terrain_morphology.py:167; veilbreakers_terrain/handlers/terrain_morphology.py:173,veilbreakers_terrain/tests/test_terrain_composition.py:343,helper_reachable
terrain_morphology.py,_pinnacle_params,_pinnacle_params,75,function,,2,yes,no,A,,none,5,0,0,1,0,0,veilbreakers_terrain/handlers/terrain_morphology.py:187; veilbreakers_terrain/handlers/terrain_morphology.py:193; veilbreakers_terrain/handlers/terrain_morphology.py:199; veilbreakers_terrain/handlers/terrain_morphology.py:205,veilbreakers_terrain/tests/test_terrain_composition.py:344,helper_reachable
terrain_morphology.py,_spur_params,_spur_params,79,function,,2,yes,no,A,,none,5,0,0,1,0,0,veilbreakers_terrain/handlers/terrain_morphology.py:219; veilbreakers_terrain/handlers/terrain_morphology.py:225; veilbreakers_terrain/handlers/terrain_morphology.py:231; veilbreakers_terrain/handlers/terrain_morphology.py:237,veilbreakers_terrain/tests/test_terrain_composition.py:345,helper_reachable
terrain_morphology.py,_valley_params,_valley_params,83,function,,2,yes,no,A,,none,5,0,0,1,0,0,veilbreakers_terrain/handlers/terrain_morphology.py:251; veilbreakers_terrain/handlers/terrain_morphology.py:257; veilbreakers_terrain/handlers/terrain_morphology.py:263; veilbreakers_terrain/handlers/terrain_morphology.py:269,veilbreakers_terrain/tests/test_terrain_composition.py:346,helper_reachable
terrain_morphology.py,_rng_from_seed,_rng_from_seed,287,function,,2,yes,no,A,,none,15,0,0,2,0,0,veilbreakers_terrain/handlers/_biome_grammar.py:603; veilbreakers_terrain/handlers/_biome_grammar.py:740; veilbreakers_terrain/handlers/_biome_grammar.py:875; veilbreakers_terrain/handlers/_biome_grammar.py:992,veilbreakers_terrain/tests/test_terrain_composition.py:356; veilbreakers_terrain/tests/test_terrain_composition.py:357,helper_reachable
terrain_morphology.py,apply_morphology_template,apply_morphology_template,291,function,,2,yes,no,A-,,none,1,0,0,4,0,0,veilbreakers_terrain/handlers/terrain_morphology.py:456; terrain_morphology.py:456,veilbreakers_terrain/tests/test_terrain_composition.py:387; veilbreakers_terrain/tests/test_terrain_composition.py:399; veilbreakers_terrain/tests/test_terrain_composition.py:410; veilbreakers_terrain/tests/test_terrain_composition.py:411,helper_reachable
terrain_morphology.py,list_templates_for_biome,list_templates_for_biome,387,function,,2,yes,no,A,,none,0,0,0,3,0,0,,veilbreakers_terrain/tests/test_terrain_composition.py:466; veilbreakers_terrain/tests/test_terrain_composition.py:467; veilbreakers_terrain/tests/test_terrain_composition.py:468,direct_test_covered
terrain_morphology.py,_template_by_id,_template_by_id,409,function,,2,yes,no,B,,none,1,0,0,2,0,0,veilbreakers_terrain/handlers/terrain_morphology.py:449; terrain_morphology.py:449,veilbreakers_terrain/tests/test_terrain_composition.py:360; veilbreakers_terrain/tests/test_terrain_composition.py:361,helper_reachable
terrain_morphology.py,_default_world_pos,_default_world_pos,416,function,,2,yes,no,B,,none,1,0,0,1,0,0,veilbreakers_terrain/handlers/terrain_morphology.py:436; terrain_morphology.py:436,veilbreakers_terrain/tests/test_terrain_composition.py:362,helper_reachable
terrain_morphology.py,pass_morphology,pass_morphology,424,function,,2,yes,no,B+,,"master_bundle_pass,module_registrar",0,0,0,2,0,0,veilbreakers_terrain/handlers/terrain_morphology.py:488,veilbreakers_terrain/tests/test_terrain_composition.py:427; veilbreakers_terrain/tests/test_terrain_composition.py:454,runtime_primary
terrain_morphology.py,register_morphology_pass,register_morphology_pass,482,function,,2,yes,no,B,,master_bundle_registrar,0,0,0,1,0,0,,veilbreakers_terrain/tests/test_terrain_composition.py:481,runtime_primary
terrain_morphology.py,get_natural_arch_specs,get_natural_arch_specs,499,function,,2,yes,no,B,,none,0,0,0,1,0,0,,veilbreakers_terrain/tests/test_terrain_composition.py:498,direct_test_covered
terrain_multiscale_breakup.py,_rng_grid_bilinear,_rng_grid_bilinear,27,function,,2,yes,no,A-,,none,1,0,0,0,0,0,veilbreakers_terrain/handlers/terrain_multiscale_breakup.py:76; terrain_multiscale_breakup.py:76,,helper_reachable
terrain_multiscale_breakup.py,compute_multiscale_breakup,compute_multiscale_breakup,50,function,,2,yes,no,C+,,none,1,0,0,4,0,0,veilbreakers_terrain/handlers/terrain_multiscale_breakup.py:107; terrain_multiscale_breakup.py:107,veilbreakers_terrain/tests/test_terrain_material_ceiling.py:228; veilbreakers_terrain/tests/test_terrain_material_ceiling.py:238; veilbreakers_terrain/tests/test_terrain_material_ceiling.py:239; veilbreakers_terrain/tests/test_terrain_material_ceiling.py:249,helper_reachable
terrain_multiscale_breakup.py,pass_multiscale_breakup,pass_multiscale_breakup,84,function,,2,yes,yes,A,"A|2026-04-23 Phase-D: R9 note cites canonical upgrade (scipy EDT, Wang hash, SpeedTree wind VC, arc-length reparameterization, Ikeda 1989 bank asymmetry, Mason 1985 pool verification, etc.); grade B+/A- -> A (no code change required); A-|2026-04-20: verified by current tests -> multiscale-breakup pass remains wired with runtime contract","master_bundle_pass,module_registrar",0,0,0,1,0,0,veilbreakers_terrain/handlers/terrain_multiscale_breakup.py:134,veilbreakers_terrain/tests/test_terrain_material_ceiling.py:257,runtime_primary
terrain_multiscale_breakup.py,register_bundle_k_multiscale_breakup_pass,register_bundle_k_multiscale_breakup_pass,128,function,,2,yes,yes,A,A|2026-04-23 Phase-D: R9 note describes canonical AAA behavior (citation or verified runtime contract); grade A- -> A (no code change required); A-|2026-04-20: verified by current tests -> declarative multiscale-breakup pass registration,master_bundle_registrar,0,1,1,1,0,0,terrain_bundle_k.py:44; veilbreakers_terrain/handlers/terrain_bundle_k.py:44,veilbreakers_terrain/tests/test_p7_roughness_channel.py:75,runtime_primary
terrain_navmesh_export.py,_gameplay_zone_cost_areas,_gameplay_zone_cost_areas,94,function,,2,yes,no,B+,,none,1,0,0,1,0,0,veilbreakers_terrain/handlers/terrain_navmesh_export.py:549; terrain_navmesh_export.py:549,veilbreakers_terrain/tests/test_remaining_callable_audit_guardrails.py:252,helper_reachable
terrain_navmesh_export.py,compute_navmesh_area_id,compute_navmesh_area_id,124,function,,2,yes,yes,B+,B+|2026-04-19: upgraded C+ -> Recast ladder WALKABLE/CLIMB/REDUCED_SPEED/SWIM/CLIFF_BLOCKED/FLY NAVMESH_CLIFF_BLOCKED=64 int8 dtype,none,2,0,0,1,0,0,veilbreakers_terrain/handlers/terrain_navmesh_export.py:505; veilbreakers_terrain/handlers/terrain_navmesh_export.py:628; terrain_navmesh_export.py:505; terrain_navmesh_export.py:628,veilbreakers_terrain/tests/test_terrain_ecosystem.py:355,helper_reachable
terrain_navmesh_export.py,_edt_cells,_edt_cells,228,function,,2,yes,yes,A-,A-|2026-04-24: evidence-backed navmesh helper -> direct runtime tests covered,none,2,0,0,2,0,0,veilbreakers_terrain/handlers/terrain_navmesh_export.py:341; veilbreakers_terrain/handlers/terrain_navmesh_export.py:644; terrain_navmesh_export.py:341; terrain_navmesh_export.py:644,veilbreakers_terrain/tests/test_navmesh_runtime_helpers.py:35; veilbreakers_terrain/tests/test_navmesh_runtime_helpers.py:36,helper_reachable
terrain_navmesh_export.py,compute_traversability,compute_traversability,271,function,,2,yes,yes,B+,B+|2026-04-19: upgraded B -> 4-component slope40+height-var20+water25+narrow-pass-EDT15 agent-radius erosion Recast analogue,none,2,0,0,1,0,0,veilbreakers_terrain/handlers/terrain_ecotone_graph.py:254; veilbreakers_terrain/handlers/terrain_navmesh_export.py:635; terrain_ecotone_graph.py:254; terrain_navmesh_export.py:635,veilbreakers_terrain/tests/test_terrain_ecosystem.py:364,helper_reachable
terrain_navmesh_export.py,_build_navmesh_geometry,_build_navmesh_geometry,373,function,,2,yes,yes,B+,B+|2026-04-24: evidence-backed navmesh helper -> direct runtime tests covered,none,1,0,0,1,0,0,veilbreakers_terrain/handlers/terrain_navmesh_export.py:515; terrain_navmesh_export.py:515,veilbreakers_terrain/tests/test_navmesh_runtime_helpers.py:61,helper_reachable
terrain_navmesh_export.py,export_navmesh_json,export_navmesh_json,466,function,,2,yes,yes,B+,B+|2026-04-19: upgraded D+ -> schema 1.0 area_ids legend off_mesh_connections SWIM/CLIMB boundary edges verts/polys Unity convention,none,0,1,1,2,0,0,__init__.py:1012; veilbreakers_terrain/handlers/__init__.py:1012,veilbreakers_terrain/tests/test_navmesh_runtime_helpers.py:79; veilbreakers_terrain/tests/test_terrain_ecosystem.py:395,helper_reachable
terrain_navmesh_export.py,pass_navmesh,pass_navmesh,604,function,,2,yes,yes,B+,B+|2026-04-19: upgraded B- -> navmesh_climb_max_slope_deg from hints narrow_pass_cells EDT metric,none,1,0,0,1,0,0,veilbreakers_terrain/handlers/terrain_navmesh_export.py:672; terrain_navmesh_export.py:672; veilbreakers_terrain/handlers/terrain_navmesh_export.py:680,veilbreakers_terrain/tests/test_terrain_ecosystem.py:372; veilbreakers_terrain/tests/test_terrain_ecosystem.py:483; veilbreakers_terrain/tests/test_terrain_ecosystem.py:716,helper_reachable
terrain_navmesh_export.py,pass_navmesh_export,pass_navmesh_export,667,function,,2,yes,no,B+,,none,0,0,0,1,0,0,veilbreakers_terrain/handlers/terrain_navmesh_export.py:680,veilbreakers_terrain/tests/test_terrain_ecosystem.py:382,helper_reachable
terrain_navmesh_export.py,register_bundle_j_navmesh_pass,register_bundle_j_navmesh_pass,677,function,,2,yes,yes,A,A|2026-04-23 Phase-D: R9 note describes canonical AAA behavior (citation or verified runtime contract); grade A- -> A (no code change required); A-|2026-04-20: verified by current tests -> declarative navmesh pass registration,master_bundle_registrar,0,1,1,1,0,0,terrain_bundle_j.py:61; veilbreakers_terrain/handlers/terrain_bundle_j.py:61,veilbreakers_terrain/tests/test_remaining_callable_audit_guardrails.py:62,runtime_primary
terrain_negative_space.py,compute_quiet_zone_ratio,compute_quiet_zone_ratio,54,function,,2,yes,no,B+,,none,1,0,0,2,0,0,veilbreakers_terrain/handlers/terrain_negative_space.py:390; terrain_negative_space.py:390,veilbreakers_terrain/tests/test_terrain_composition.py:725; veilbreakers_terrain/tests/test_terrain_composition.py:733,helper_reachable
terrain_negative_space.py,compute_busy_ratio,compute_busy_ratio,64,function,,2,yes,no,A-,,none,0,0,0,2,0,0,,veilbreakers_terrain/tests/test_callable_orphan_contracts.py:263; veilbreakers_terrain/tests/test_callable_orphan_contracts.py:265,direct_test_covered
terrain_negative_space.py,find_saliency_peaks,find_saliency_peaks,74,function,,2,yes,no,B,,none,2,0,0,0,0,0,veilbreakers_terrain/handlers/terrain_negative_space.py:152; veilbreakers_terrain/handlers/terrain_negative_space.py:214; terrain_negative_space.py:152; terrain_negative_space.py:214,,helper_reachable
terrain_negative_space.py,compute_min_peak_spacing,compute_min_peak_spacing,138,function,,2,yes,no,A-,,none,1,0,0,0,0,0,veilbreakers_terrain/handlers/terrain_negative_space.py:422; terrain_negative_space.py:422,,helper_reachable
terrain_negative_space.py,compute_feature_density,compute_feature_density,169,function,,2,yes,no,A-,,none,1,0,0,1,0,0,veilbreakers_terrain/handlers/terrain_negative_space.py:404; terrain_negative_space.py:404,veilbreakers_terrain/tests/test_terrain_wiring_integration.py:449,helper_reachable
terrain_negative_space.py,enforce_quiet_zone,enforce_quiet_zone,277,function,,2,yes,no,B+,,none,0,0,0,1,0,0,,veilbreakers_terrain/tests/test_terrain_composition.py:744,direct_test_covered
terrain_negative_space.py,validate_negative_space,validate_negative_space,357,function,,2,yes,no,A-,,none,0,0,0,3,0,0,,veilbreakers_terrain/tests/test_terrain_composition.py:753; veilbreakers_terrain/tests/test_terrain_composition.py:764; veilbreakers_terrain/tests/test_terrain_wiring_integration.py:451,direct_test_covered
terrain_palette_extract.py,_labels_for,_labels_for,65,function,,2,yes,no,A,,none,2,0,0,1,0,0,veilbreakers_terrain/handlers/terrain_palette_extract.py:117; veilbreakers_terrain/handlers/terrain_palette_extract.py:130; terrain_palette_extract.py:117; terrain_palette_extract.py:130,veilbreakers_terrain/tests/test_remaining_callable_audit_guardrails.py:203,helper_reachable
terrain_palette_extract.py,extract_palette_from_image,extract_palette_from_image,76,function,,4,yes,no,C+,,none,0,0,0,8,0,0,,veilbreakers_terrain/tests/test_bundle_pq.py:179; veilbreakers_terrain/tests/test_bundle_pq.py:186; veilbreakers_terrain/tests/test_bundle_pq.py:193; veilbreakers_terrain/tests/test_bundle_pq.py:201,direct_test_covered
terrain_palette_extract.py,_rgb_to_lab,_rgb_to_lab,150,function,,2,yes,yes,A,A|2026-04-24: evidence-backed routing/light/determinism helper -> direct runtime tests covered,none,11,0,0,3,0,0,veilbreakers_terrain/handlers/terrain_palette_extract.py:207; veilbreakers_terrain/handlers/terrain_palette_extract.py:208; veilbreakers_terrain/handlers/terrain_palette_extract.py:209; veilbreakers_terrain/handlers/terrain_palette_extract.py:210,veilbreakers_terrain/tests/test_routing_light_determinism_helpers.py:99; veilbreakers_terrain/tests/test_routing_light_determinism_helpers.py:100; veilbreakers_terrain/tests/test_routing_light_determinism_helpers.py:101,helper_reachable
terrain_palette_extract.py,_label_for_rgb,_label_for_rgb,244,function,,2,yes,yes,B+,B+|2026-04-19: confirmed B+ -> full CIE Lab D65 nearest-centroid in Lab space,none,1,0,0,1,0,0,veilbreakers_terrain/handlers/terrain_palette_extract.py:139; terrain_palette_extract.py:139,veilbreakers_terrain/tests/test_remaining_callable_audit_guardrails.py:213,helper_reachable
terrain_palette_extract.py,palette_to_biome_mapping,palette_to_biome_mapping,270,function,,2,yes,yes,B+,B+|2026-04-19: confirmed B+ -> k-means Lab re-classification Gaussian confidence decay,none,0,0,0,1,0,0,,veilbreakers_terrain/tests/test_bundle_pq.py:227,direct_test_covered
terrain_pass_dag.py,_lightweight_state_copy,_lightweight_state_copy,37,function,,2,yes,yes,B+,B+|2026-04-29 master-audit blocker closure with direct behavior evidence,none,1,0,0,1,0,0,veilbreakers_terrain/handlers/terrain_pass_dag.py:437; terrain_pass_dag.py:437,veilbreakers_terrain/tests/test_master_audit_blocker_closure.py:108,helper_reachable
terrain_pass_dag.py,_merge_pass_outputs,_merge_pass_outputs,89,function,,2,yes,yes,B+,B+|2026-04-19: upgraded B- -> channel conflict detection logs WARNING newer pass wins,none,1,0,0,0,0,0,veilbreakers_terrain/handlers/terrain_pass_dag.py:495; terrain_pass_dag.py:495,,helper_reachable
terrain_pass_dag.py,PassDAG.from_registry,from_registry,243,method,PassDAG,2,yes,no,A,,none,0,0,0,0,10,10,,veilbreakers_terrain/tests/test_protocol_dag_quality_hardening.py:192; veilbreakers_terrain/tests/test_protocol_dag_quality_hardening.py:279; veilbreakers_terrain/tests/test_terrain_iteration.py:415; veilbreakers_terrain/tests/test_terrain_iteration.py:425,direct_test_covered
terrain_pass_dag.py,PassDAG.names,names,257,property,PassDAG,1,yes,no,A,,none,0,0,0,0,0,0,veilbreakers_terrain/handlers/_scatter_engine.py:901; veilbreakers_terrain/handlers/_scatter_engine.py:912; veilbreakers_terrain/handlers/_scatter_engine.py:913; veilbreakers_terrain/handlers/_scatter_engine.py:922,veilbreakers_terrain/tests/test_aaa_water_scatter.py:610; veilbreakers_terrain/tests/test_aaa_water_scatter.py:622; veilbreakers_terrain/tests/test_aaa_water_scatter.py:647; veilbreakers_terrain/tests/test_aaa_water_scatter.py:659,helper_reachable
terrain_pass_dag.py,PassDAG._producer_precedes_consumer,_producer_precedes_consumer,260,method,PassDAG,2,yes,no,A-,,none,0,2,2,0,0,0,terrain_pass_dag.py:282; terrain_pass_dag.py:288; veilbreakers_terrain/handlers/terrain_pass_dag.py:282; veilbreakers_terrain/handlers/terrain_pass_dag.py:288,,helper_reachable
terrain_pass_dag.py,PassDAG.dependencies,dependencies,268,method,PassDAG,1,yes,yes,B+,B+|2026-04-19: confirmed B+ -> dependency resolution correct,none,0,2,2,0,4,4,terrain_pass_dag.py:313; terrain_pass_dag.py:372; veilbreakers_terrain/handlers/terrain_pass_dag.py:313; veilbreakers_terrain/handlers/terrain_pass_dag.py:372,veilbreakers_terrain/tests/test_protocol_dag_quality_hardening.py:231; veilbreakers_terrain/tests/test_protocol_dag_quality_hardening.py:232; veilbreakers_terrain/tests/test_terrain_master_registrar.py:433; veilbreakers_terrain/tests/test_terrain_master_registrar.py:441,helper_reachable
terrain_pass_dag.py,PassDAG.topological_order,topological_order,292,method,PassDAG,1,yes,yes,A,A|2026-04-19: upgraded C -> Kahn BFS lexicographic tie-breaking deterministic cycle detection names cycle passes ValueError,none,0,1,1,0,5,5,terrain_pass_dag.py:371; veilbreakers_terrain/handlers/terrain_pass_dag.py:371,veilbreakers_terrain/tests/test_protocol_dag_quality_hardening.py:233; veilbreakers_terrain/tests/test_protocol_dag_quality_hardening.py:279; veilbreakers_terrain/tests/test_terrain_iteration.py:416; veilbreakers_terrain/tests/test_terrain_master_registrar.py:429,helper_reachable
terrain_pass_dag.py,PassDAG.resolve_pass,resolve_pass,350,method,PassDAG,2,yes,no,A-,,none,0,0,0,0,1,1,,veilbreakers_terrain/tests/test_terrain_iteration.py:475,direct_test_covered
terrain_pass_dag.py,PassDAG.parallel_waves,parallel_waves,364,method,PassDAG,1,yes,yes,B+,B+|2026-04-19: confirmed B+ -> wave decomposition correct,none,0,1,1,0,1,1,terrain_pass_dag.py:418; veilbreakers_terrain/handlers/terrain_pass_dag.py:418,veilbreakers_terrain/tests/test_terrain_iteration.py:426,helper_reachable
terrain_pass_dag.py,PassDAG.execute_parallel,execute_parallel,383,method,PassDAG,1,yes,yes,A,A|2026-04-19: upgraded B+ -> wave_submit_time_s wave_wall_time_s wave_index wave_size per-pass metrics ThreadPoolExecutor,none,0,0,0,0,5,5,,veilbreakers_terrain/tests/test_protocol_dag_quality_hardening.py:192; veilbreakers_terrain/tests/test_terrain_iteration.py:457; veilbreakers_terrain/tests/test_terrain_iteration.py:501; veilbreakers_terrain/tests/test_terrain_iteration.py:534,direct_test_covered
terrain_path_contracts.py,infer_continuation_edge,infer_continuation_edge,15,function,,2,yes,yes,D+,D+,none,4,0,0,1,0,0,veilbreakers_terrain/handlers/environment.py:5074; veilbreakers_terrain/handlers/environment.py:5100; veilbreakers_terrain/handlers/road_network.py:1235; veilbreakers_terrain/handlers/road_network.py:1263,veilbreakers_terrain/tests/test_road_pipeline.py:418,helper_reachable
terrain_path_contracts.py,material_stack_for_path,material_stack_for_path,48,function,,2,yes,yes,D+,D+,none,4,0,0,6,0,0,veilbreakers_terrain/handlers/environment.py:5073; veilbreakers_terrain/handlers/environment.py:5096; veilbreakers_terrain/handlers/road_network.py:1234; veilbreakers_terrain/handlers/road_network.py:1262,veilbreakers_terrain/tests/test_scatter_point_and_path_contracts.py:199; veilbreakers_terrain/tests/test_scatter_point_and_path_contracts.py:205; veilbreakers_terrain/tests/test_scatter_point_and_path_contracts.py:206; veilbreakers_terrain/tests/test_scatter_point_and_path_contracts.py:207,helper_reachable
terrain_path_contracts.py,PathSegmentContract.length_m,length_m,86,method,PathSegmentContract,1,yes,yes,D+,D+,none,0,1,1,0,1,1,terrain_path_contracts.py:118; veilbreakers_terrain/handlers/terrain_path_contracts.py:118,veilbreakers_terrain/tests/test_scatter_point_and_path_contracts.py:241,helper_reachable
terrain_path_contracts.py,PathSegmentContract.max_observed_grade,max_observed_grade,92,method,PathSegmentContract,1,yes,yes,D+,D+,none,0,2,2,0,3,3,terrain_path_contracts.py:117; terrain_path_contracts.py:166; veilbreakers_terrain/handlers/terrain_path_contracts.py:117; veilbreakers_terrain/handlers/terrain_path_contracts.py:166,veilbreakers_terrain/tests/test_scatter_point_and_path_contracts.py:242; veilbreakers_terrain/tests/test_scatter_point_and_path_contracts.py:243; veilbreakers_terrain/tests/test_scatter_point_and_path_contracts.py:244,helper_reachable
terrain_path_contracts.py,PathSegmentContract.to_dict,to_dict,103,method,PathSegmentContract,1,yes,yes,D+,D+,none,0,12,12,0,7,7,terrain_path_contracts.py:136; veilbreakers_terrain/handlers/environment.py:5123; veilbreakers_terrain/handlers/environment_scatter.py:3530; veilbreakers_terrain/handlers/road_network.py:1284,veilbreakers_terrain/tests/test_remaining_callable_audit_guardrails.py:247; veilbreakers_terrain/tests/test_scatter_point_and_path_contracts.py:386; veilbreakers_terrain/tests/test_scatter_point_and_path_contracts.py:411; veilbreakers_terrain/tests/test_stochastic_shader_hex.py:376,helper_reachable
terrain_path_contracts.py,PathNetworkContract.to_dict,to_dict,130,method,PathNetworkContract,1,yes,yes,D+,D+,none,0,12,12,0,7,7,veilbreakers_terrain/handlers/environment.py:5123; veilbreakers_terrain/handlers/environment_scatter.py:3530; veilbreakers_terrain/handlers/road_network.py:1284; veilbreakers_terrain/handlers/terrain_advanced.py:1204,veilbreakers_terrain/tests/test_remaining_callable_audit_guardrails.py:247; veilbreakers_terrain/tests/test_scatter_point_and_path_contracts.py:386; veilbreakers_terrain/tests/test_scatter_point_and_path_contracts.py:411; veilbreakers_terrain/tests/test_stochastic_shader_hex.py:376,helper_reachable
terrain_path_contracts.py,validate_path_network_contract,validate_path_network_contract,140,function,,2,yes,yes,D+,D+,none,2,0,0,4,0,0,veilbreakers_terrain/handlers/environment.py:5123; veilbreakers_terrain/handlers/road_network.py:1284; environment.py:5123; road_network.py:1284,veilbreakers_terrain/tests/test_scatter_point_and_path_contracts.py:103; veilbreakers_terrain/tests/test_scatter_point_and_path_contracts.py:134; veilbreakers_terrain/tests/test_scatter_point_and_path_contracts.py:163; veilbreakers_terrain/tests/test_scatter_point_and_path_contracts.py:191,helper_reachable
terrain_performance_report.py,_channel_bytes,_channel_bytes,44,function,,2,yes,no,A,,none,2,0,0,2,0,0,veilbreakers_terrain/handlers/terrain_performance_report.py:161; veilbreakers_terrain/handlers/terrain_performance_report.py:164; terrain_performance_report.py:161; terrain_performance_report.py:164,veilbreakers_terrain/tests/test_remaining_callable_audit_guardrails.py:214; veilbreakers_terrain/tests/test_remaining_callable_audit_guardrails.py:215,helper_reachable
terrain_performance_report.py,collect_performance_report,collect_performance_report,50,function,,2,yes,no,A,,none,0,2,3,8,0,0,__init__.py:986; terrain_bundle_n.py:325; veilbreakers_terrain/handlers/__init__.py:986; veilbreakers_terrain/handlers/terrain_bundle_n.py:325,veilbreakers_terrain/tests/test_bundle_egjn_supplements.py:561; veilbreakers_terrain/tests/test_bundle_egjn_supplements.py:568; veilbreakers_terrain/tests/test_bundle_egjn_supplements.py:573; veilbreakers_terrain/tests/test_bundle_egjn_supplements.py:581,helper_reachable
terrain_performance_report.py,serialize_performance_report,serialize_performance_report,178,function,,2,yes,no,A,,none,0,2,2,1,0,0,__init__.py:987; terrain_bundle_n.py:326; veilbreakers_terrain/handlers/__init__.py:987; veilbreakers_terrain/handlers/terrain_bundle_n.py:326,veilbreakers_terrain/tests/test_bundle_egjn_supplements.py:608,helper_reachable
terrain_pipeline.py,_make_gate_issue,_make_gate_issue,56,function,,2,yes,no,A-,,none,1,0,0,0,0,0,veilbreakers_terrain/handlers/terrain_pipeline.py:706; terrain_pipeline.py:706,,helper_reachable
terrain_pipeline.py,_copy_checkpoint_value,_copy_checkpoint_value,68,function,,2,yes,no,B+,,none,2,0,0,0,0,0,veilbreakers_terrain/handlers/terrain_pipeline.py:92; veilbreakers_terrain/handlers/terrain_pipeline.py:112; terrain_pipeline.py:92; terrain_pipeline.py:112,,helper_reachable
terrain_pipeline.py,_checkpoint_pass_state,_checkpoint_pass_state,79,function,,2,yes,no,B+,,none,1,0,0,0,0,0,veilbreakers_terrain/handlers/terrain_pipeline.py:629; terrain_pipeline.py:629,,helper_reachable
terrain_pipeline.py,_restore_pass_state,_restore_pass_state,104,function,,2,yes,no,B+,,none,1,0,0,0,0,0,veilbreakers_terrain/handlers/terrain_pipeline.py:645; terrain_pipeline.py:645,,helper_reachable
terrain_pipeline.py,build_default_pass_sequence,build_default_pass_sequence,122,function,,2,yes,no,B+,,none,2,0,0,7,0,0,veilbreakers_terrain/handlers/environment.py:3115; veilbreakers_terrain/handlers/terrain_pipeline.py:786; environment.py:3115; terrain_pipeline.py:786,veilbreakers_terrain/tests/test_lava_talus_pipeline.py:61; veilbreakers_terrain/tests/test_lava_talus_pipeline.py:62; veilbreakers_terrain/tests/test_lava_talus_pipeline.py:72; veilbreakers_terrain/tests/test_lava_talus_pipeline.py:83,helper_reachable
terrain_pipeline.py,derive_pass_seed,derive_pass_seed,237,function,,2,yes,no,A,,none,25,0,0,5,0,0,veilbreakers_terrain/handlers/_biome_grammar.py:50; veilbreakers_terrain/handlers/_terrain_noise.py:76; veilbreakers_terrain/handlers/_terrain_world.py:1119; veilbreakers_terrain/handlers/procedural_grass.py:802,veilbreakers_terrain/tests/test_terrain_pipeline_smoke.py:482; veilbreakers_terrain/tests/test_terrain_pipeline_smoke.py:483; veilbreakers_terrain/tests/test_terrain_pipeline_smoke.py:484; veilbreakers_terrain/tests/test_terrain_pipeline_smoke.py:485,helper_reachable
terrain_pipeline.py,_normalize_delta_integration_sequence,_normalize_delta_integration_sequence,264,function,,2,yes,yes,A-,A-|2026-04-24: evidence-backed pipeline contract helper -> direct runtime tests covered,none,1,0,0,2,0,0,veilbreakers_terrain/handlers/terrain_pipeline.py:804; terrain_pipeline.py:804,veilbreakers_terrain/tests/test_pipeline_contract_runtime_helpers.py:28; veilbreakers_terrain/tests/test_pipeline_contract_runtime_helpers.py:34,helper_reachable
terrain_pipeline.py,TerrainPassController.register_pass,register_pass,341,method,TerrainPassController,1,yes,yes,B+,B+|2026-04-19: confirmed B+ -> strict/soft duplicate handling full PassDefinition validation; silent overwrite in non-strict minor gap,none,0,58,58,0,19,19,terrain_pipeline.py:1147; terrain_pipeline.py:1216; terrain_pipeline.py:1284; terrain_pipeline.py:1377,veilbreakers_terrain/tests/test_delta_integrator.py:369; veilbreakers_terrain/tests/test_delta_integrator.py:379; veilbreakers_terrain/tests/test_phase7_performance_checkpoint.py:63; veilbreakers_terrain/tests/test_protocol_dag_quality_hardening.py:54,helper_reachable
terrain_pipeline.py,TerrainPassController.get_pass,get_pass,461,method,TerrainPassController,1,yes,yes,A,A|2026-04-23 Phase-D: R9 note describes canonical AAA behavior (citation or verified runtime contract); grade A- -> A (no code change required); A-|2026-04-19: confirmed A- -> clean accessor raises UnknownPassError,none,0,5,5,0,11,11,terrain_pipeline.py:569; terrain_pipeline.py:855; veilbreakers_terrain/handlers/terrain_mask_cache.py:395; veilbreakers_terrain/handlers/terrain_pass_dag.py:109,veilbreakers_terrain/tests/test_phase14_wave1.py:92; veilbreakers_terrain/tests/test_phase14_wave1.py:102; veilbreakers_terrain/tests/test_protocol_dag_quality_hardening.py:289; veilbreakers_terrain/tests/test_protocol_dag_quality_hardening.py:290,helper_reachable
terrain_pipeline.py,TerrainPassController.clear_registry,clear_registry,467,method,TerrainPassController,1,yes,yes,A,A|2026-04-23 Phase-D: R9 note describes canonical AAA behavior (citation or verified runtime contract); grade A- -> A (no code change required); A-|2026-04-19: confirmed A- -> test helper one-liner PASS_REGISTRY.clear(),none,0,0,0,0,108,108,,veilbreakers_terrain/tests/conftest.py:128; veilbreakers_terrain/tests/conftest.py:134; veilbreakers_terrain/tests/test_delta_integrator.py:367; veilbreakers_terrain/tests/test_delta_integrator.py:399,direct_test_covered
terrain_pipeline.py,TerrainPassController.validate_registry_graph,validate_registry_graph,472,method,TerrainPassController,1,yes,yes,A,A|2026-04-23 Phase-D: R9 note describes canonical AAA behavior (citation or verified runtime contract); grade A- -> A (no code change required); A-|2026-04-19: confirmed A- -> unprovided channels + duplicate checks; non-raising warning list,none,0,1,1,0,0,0,veilbreakers_terrain/handlers/terrain_master_registrar.py:309,,helper_reachable
terrain_pipeline.py,TerrainPassController.require_scene_read,require_scene_read,509,method,TerrainPassController,1,yes,yes,A,A|2026-04-19: confirmed A -> SceneReadRequired with actionable remediation hint,none,0,1,1,0,0,0,terrain_pipeline.py:572; veilbreakers_terrain/handlers/terrain_pipeline.py:572,,helper_reachable
terrain_pipeline.py,TerrainPassController.enforce_protected_zones,enforce_protected_zones,517,method,TerrainPassController,1,yes,yes,A,A|2026-04-23 Phase-D: R9 note describes canonical AAA behavior (citation or verified runtime contract); grade A- -> A (no code change required); A-|2026-04-19: confirmed A- -> protected zone enforcement,none,0,2,2,0,0,0,terrain_pipeline.py:576; terrain_pipeline.py:861; veilbreakers_terrain/handlers/terrain_pipeline.py:576; veilbreakers_terrain/handlers/terrain_pipeline.py:861,,helper_reachable
terrain_pipeline.py,TerrainPassController.run_pass,run_pass,550,method,TerrainPassController,1,yes,no,A-,,none,0,7,12,0,56,61,terrain_pipeline.py:914; veilbreakers_terrain/handlers/environment.py:3204; veilbreakers_terrain/handlers/terrain_mask_cache.py:417; veilbreakers_terrain/handlers/terrain_pass_dag.py:423,veilbreakers_terrain/tests/test_bundle_bcd_supplements.py:517; veilbreakers_terrain/tests/test_bundle_bcd_supplements.py:521; veilbreakers_terrain/tests/test_phase7_performance_checkpoint.py:74; veilbreakers_terrain/tests/test_protocol_dag_quality_hardening.py:64,helper_reachable
terrain_pipeline.py,TerrainPassController.run_pipeline,run_pipeline,739,method,TerrainPassController,1,yes,no,C,,none,0,3,3,2,16,16,veilbreakers_terrain/handlers/environment.py:3197; veilbreakers_terrain/handlers/terrain_determinism_ci.py:131; veilbreakers_terrain/handlers/terrain_golden_snapshots.py:301,veilbreakers_terrain/tests/test_cross_feature.py:423; veilbreakers_terrain/tests/test_cross_feature.py:424; veilbreakers_terrain/tests/test_delta_integrator.py:394; veilbreakers_terrain/tests/test_delta_integrator.py:431,helper_reachable
terrain_pipeline.py,TerrainPassController._save_checkpoint,_save_checkpoint,956,method,TerrainPassController,1,yes,yes,A,A|2026-04-23 Phase-D: R9 note describes canonical AAA behavior (citation or verified runtime contract); grade A- -> A (no code change required); A-|2026-04-19: confirmed A- -> atomic checkpoint write,none,0,2,2,0,0,0,terrain_pipeline.py:733; veilbreakers_terrain/handlers/terrain_pass_dag.py:497; veilbreakers_terrain/handlers/terrain_pipeline.py:733,,helper_reachable
terrain_pipeline.py,TerrainPassController.rollback_to,rollback_to,1005,method,TerrainPassController,1,yes,yes,A,A|2026-04-23 Phase-D: R9 note describes canonical AAA behavior (citation or verified runtime contract); grade A- -> A (no code change required); A-|2026-04-19: upgraded B -> channel shape validation height+all channels raises ValueError on mismatch INFO log,none,0,4,4,4,1,1,terrain_pipeline.py:810; terrain_pipeline.py:1077; veilbreakers_terrain/handlers/terrain_checkpoints.py:219; veilbreakers_terrain/handlers/terrain_checkpoints.py:226,veilbreakers_terrain/tests/test_terrain_checkpoints.py:167; veilbreakers_terrain/tests/test_terrain_checkpoints.py:184; veilbreakers_terrain/tests/test_terrain_checkpoints.py:196; veilbreakers_terrain/tests/test_terrain_checkpoints.py:207,helper_reachable
terrain_pipeline.py,TerrainPassController.rollback_last_checkpoint,rollback_last_checkpoint,1074,method,TerrainPassController,1,yes,yes,A,A|2026-04-23 Phase-D: R9 note describes canonical AAA behavior (citation or verified runtime contract); grade A- -> A (no code change required); A-|2026-04-19: confirmed A- -> trivial delegation to rollback_to,none,0,1,1,2,0,0,veilbreakers_terrain/handlers/terrain_validation.py:2071,veilbreakers_terrain/tests/test_terrain_checkpoints.py:136; veilbreakers_terrain/tests/test_terrain_checkpoints.py:146,helper_reachable
terrain_pipeline.py,pass_compute_terrain_labels,pass_compute_terrain_labels,1084,function,,2,yes,yes,A,"A|2026-04-23 Phase-D: R9 note describes canonical AAA behavior (citation or verified runtime contract); grade A- -> A (no code change required); A-|2026-04-19: confirmed A- -> label init + generator-stamp preserve clamp [0,1] coverage metrics",default_pass,0,0,0,2,0,0,veilbreakers_terrain/handlers/terrain_pipeline.py:1150,veilbreakers_terrain/tests/test_structural_terrain_labels.py:85; veilbreakers_terrain/tests/test_structural_terrain_labels.py:101,runtime_primary
terrain_pipeline.py,register_terrain_label_passes,register_terrain_label_passes,1145,function,,2,yes,yes,A,A|2026-04-23 Phase-D: R9 note describes canonical AAA behavior (citation or verified runtime contract); grade A- -> A (no code change required); A-|2026-04-19: confirmed A- -> full channel contract declarative; quality_gate=None minor gap,default_registrar,1,0,0,1,0,0,veilbreakers_terrain/handlers/terrain_pipeline.py:1717; terrain_pipeline.py:1717,veilbreakers_terrain/tests/test_structural_terrain_labels.py:111,runtime_primary
terrain_pipeline.py,pass_compute_biome_channels,pass_compute_biome_channels,1169,function,,2,yes,no,B+,,default_pass,0,0,0,1,0,0,veilbreakers_terrain/handlers/terrain_pipeline.py:1219,veilbreakers_terrain/tests/test_phase2_stack_protocol.py:142,runtime_primary
terrain_pipeline.py,register_biome_channel_pass,register_biome_channel_pass,1214,function,,2,yes,no,B,,default_registrar,1,0,0,0,0,0,veilbreakers_terrain/handlers/terrain_pipeline.py:1716; terrain_pipeline.py:1716,,runtime_primary
terrain_pipeline.py,pass_compute_snow_line,pass_compute_snow_line,1235,function,,2,yes,yes,A,A|2026-04-23 Phase-D: R9 note describes canonical AAA behavior (citation or verified runtime contract); grade A- -> A (no code change required); A-|2026-04-19: confirmed A- -> height normalization slope-fallback climate_params delegation,default_pass,0,0,0,1,0,0,veilbreakers_terrain/handlers/terrain_pipeline.py:1287,veilbreakers_terrain/tests/test_normal_rock_brucks_snow.py:209,runtime_primary
terrain_pipeline.py,register_snow_line_pass,register_snow_line_pass,1282,function,,2,yes,yes,A,A|2026-04-23 Phase-D: R9 note describes canonical AAA behavior (citation or verified runtime contract); grade A- -> A (no code change required); A-|2026-04-19: confirmed A- -> correct channel contract declarative; quality_gate=None minor gap,default_registrar,1,0,0,0,0,0,veilbreakers_terrain/handlers/terrain_pipeline.py:1718; terrain_pipeline.py:1718,,runtime_primary
terrain_pipeline.py,pass_water_depth,pass_water_depth,1306,function,,2,yes,no,A-,,default_pass,0,0,0,10,0,0,veilbreakers_terrain/handlers/terrain_pipeline.py:1380,veilbreakers_terrain/tests/test_w2_w4_water_depth_seam.py:111; veilbreakers_terrain/tests/test_w2_w4_water_depth_seam.py:131; veilbreakers_terrain/tests/test_w2_w4_water_depth_seam.py:144; veilbreakers_terrain/tests/test_w2_w4_water_depth_seam.py:160,runtime_primary
terrain_pipeline.py,register_pass_water_depth,register_pass_water_depth,1375,function,,2,yes,no,A-,,default_registrar,1,0,0,0,0,0,veilbreakers_terrain/handlers/terrain_pipeline.py:1715; terrain_pipeline.py:1715,,runtime_primary
terrain_pipeline.py,_toposort_passes,_toposort_passes,1400,function,,2,yes,yes,A,A|2026-04-23 Phase-D: R9 note describes canonical AAA behavior (citation or verified runtime contract); grade A- -> A (no code change required); A-|2026-04-19: confirmed A- -> Kahn BFS cycle detection stable order; O(n^2) inner loop minor gap,none,1,0,0,0,0,0,veilbreakers_terrain/handlers/terrain_pipeline.py:1682; terrain_pipeline.py:1682,,helper_reachable
terrain_pipeline.py,register_default_passes,register_default_passes,1464,function,,2,yes,yes,A,A|2026-04-23 Phase-D: R9 note documents canonical upgrade from lower grade; grade jump B-/A- -> A (R9 is authoritative post-upgrade assessment with citation); A-|2026-04-19: upgraded B- -> channel prerequisite check cycle detection Kahn topological sort raises ValueError on cycle INFO log ordered pass list,default_registrar,1,0,0,15,0,0,veilbreakers_terrain/handlers/terrain_master_registrar.py:202; terrain_master_registrar.py:202,veilbreakers_terrain/tests/test_delta_integrator.py:420; veilbreakers_terrain/tests/test_erosion_freq_split.py:166; veilbreakers_terrain/tests/test_erosion_freq_split.py:222; veilbreakers_terrain/tests/test_live_readiness_regressions.py:141,runtime_primary
terrain_protocol.py,ProtocolGate.rule_1_observe_before_calculate,rule_1_observe_before_calculate,76,method,ProtocolGate,1,yes,yes,A,"A|2026-04-19: Checks scene_read presence and age; raises ProtocolViolation(rule_number=1, severity=hard).",none,0,2,2,0,3,3,terrain_protocol.py:380; veilbreakers_terrain/handlers/environment.py:3078; veilbreakers_terrain/handlers/terrain_protocol.py:380,veilbreakers_terrain/tests/test_bundle_r.py:86; veilbreakers_terrain/tests/test_bundle_r.py:97; veilbreakers_terrain/tests/test_bundle_r.py:108,helper_reachable
terrain_protocol.py,ProtocolGate.rule_2_sync_to_user_viewport,rule_2_sync_to_user_viewport,105,method,ProtocolGate,2,yes,yes,A,"A|2026-04-21: Rule 2 is live again - viewport_vantage is declared on TerrainPipelineState, hydrated by environment scene-read plumbing, and only bypassed by default for headless runs with no vantage.",none,0,4,4,0,3,3,terrain_protocol.py:382; veilbreakers_terrain/handlers/environment.py:407; veilbreakers_terrain/handlers/environment.py:3079; veilbreakers_terrain/handlers/terrain_pipeline.py:594,veilbreakers_terrain/tests/test_bundle_r.py:119; veilbreakers_terrain/tests/test_bundle_r.py:127; veilbreakers_terrain/tests/test_bundle_r.py:134,helper_reachable
terrain_protocol.py,ProtocolGate.rule_3_lock_reference_empties,rule_3_lock_reference_empties,140,method,ProtocolGate,2,yes,yes,A,A|2026-04-19: Delegates to assert_all_anchors_intact; raises with rule_number=3 and drifted anchor names.,none,0,2,2,0,2,2,terrain_protocol.py:387; veilbreakers_terrain/handlers/environment.py:3083; veilbreakers_terrain/handlers/terrain_protocol.py:387,veilbreakers_terrain/tests/test_bundle_r.py:145; veilbreakers_terrain/tests/test_bundle_r.py:164,helper_reachable
terrain_protocol.py,ProtocolGate.rule_4_real_geometry_not_vertex_tricks,rule_4_real_geometry_not_vertex_tricks,181,method,ProtocolGate,2,yes,yes,A,A|2026-04-19: Checks HERO_MESH_REQUIRED_KINDS against vertex_color_fake flag; raises rule_number=4.,none,0,3,3,0,2,2,terrain_protocol.py:389; veilbreakers_terrain/handlers/environment.py:411; veilbreakers_terrain/handlers/environment.py:3084; veilbreakers_terrain/handlers/terrain_protocol.py:389,veilbreakers_terrain/tests/test_bundle_r.py:171; veilbreakers_terrain/tests/test_bundle_r.py:183,helper_reachable
terrain_protocol.py,ProtocolGate.rule_5_smallest_diff_per_iteration,rule_5_smallest_diff_per_iteration,215,method,ProtocolGate,2,yes,yes,A,A|2026-04-19: Cell-fraction and object-count checks; bulk_edit bypass; raises rule_number=5.,none,0,4,4,0,3,3,terrain_protocol.py:391; veilbreakers_terrain/handlers/environment.py:412; veilbreakers_terrain/handlers/environment.py:3085; veilbreakers_terrain/handlers/terrain_pipeline.py:608,veilbreakers_terrain/tests/test_bundle_r.py:192; veilbreakers_terrain/tests/test_bundle_r.py:206; veilbreakers_terrain/tests/test_bundle_r.py:216,helper_reachable
terrain_protocol.py,ProtocolGate.rule_6_surface_vs_interior_classification,rule_6_surface_vs_interior_classification,247,method,ProtocolGate,2,yes,yes,A,A|2026-04-19: Validates placement_class on all placements list items; raises rule_number=6 with offender list.,none,0,3,3,0,2,2,terrain_protocol.py:398; veilbreakers_terrain/handlers/environment.py:418; veilbreakers_terrain/handlers/environment.py:3091; veilbreakers_terrain/handlers/terrain_protocol.py:398,veilbreakers_terrain/tests/test_bundle_r.py:224; veilbreakers_terrain/tests/test_bundle_r.py:236,helper_reachable
terrain_protocol.py,ProtocolGate.rule_7_plugin_usage,rule_7_plugin_usage,269,method,ProtocolGate,2,yes,yes,A,A|2026-04-19: Delegates to assert_addon_version_matches; raises if addon below TERRAIN_ADDON_MIN_VERSION.,none,0,2,2,0,1,1,terrain_protocol.py:400; veilbreakers_terrain/handlers/environment.py:3092; veilbreakers_terrain/handlers/terrain_protocol.py:400,veilbreakers_terrain/tests/test_bundle_r.py:244,helper_reachable
terrain_protocol.py,enforce_protocol,enforce_protocol,281,function,,2,yes,yes,A,A|2026-04-19: Decorator runs all 7 gates with per-rule boolean toggles; wraps(fn) preserved.,none,1,0,0,3,0,0,veilbreakers_terrain/handlers/environment.py:8223; environment.py:8223,veilbreakers_terrain/tests/test_bundle_r.py:253; veilbreakers_terrain/tests/test_bundle_r.py:268; veilbreakers_terrain/tests/test_bundle_r.py:283,helper_reachable
terrain_quality_profiles.py,_validate_profile_schema,_validate_profile_schema,70,function,,2,yes,yes,A,A|2026-04-24: evidence-backed quality profile helper -> direct behavior tests in test_bundle_bcd_supplements.py,none,1,0,0,2,0,0,veilbreakers_terrain/handlers/terrain_quality_profiles.py:962; terrain_quality_profiles.py:962,veilbreakers_terrain/tests/test_bundle_bcd_supplements.py:350; veilbreakers_terrain/tests/test_bundle_bcd_supplements.py:354,helper_reachable
terrain_quality_profiles.py,_is_power_of_two,_is_power_of_two,90,function,,2,yes,yes,A,A|2026-04-24: evidence-backed quality profile helper -> direct behavior tests in test_bundle_bcd_supplements.py,none,2,0,0,4,0,0,veilbreakers_terrain/handlers/terrain_quality_profiles.py:96; veilbreakers_terrain/handlers/terrain_quality_profiles.py:278; terrain_quality_profiles.py:96; terrain_quality_profiles.py:278,veilbreakers_terrain/tests/test_bundle_bcd_supplements.py:358; veilbreakers_terrain/tests/test_bundle_bcd_supplements.py:359; veilbreakers_terrain/tests/test_bundle_bcd_supplements.py:360; veilbreakers_terrain/tests/test_bundle_bcd_supplements.py:361,helper_reachable
terrain_quality_profiles.py,_is_heightmap_resolution,_is_heightmap_resolution,94,function,,2,yes,yes,A,A|2026-04-24: evidence-backed quality profile helper -> direct behavior tests in test_bundle_bcd_supplements.py,none,1,0,0,4,0,0,veilbreakers_terrain/handlers/terrain_quality_profiles.py:285; terrain_quality_profiles.py:285,veilbreakers_terrain/tests/test_bundle_bcd_supplements.py:363; veilbreakers_terrain/tests/test_bundle_bcd_supplements.py:364; veilbreakers_terrain/tests/test_bundle_bcd_supplements.py:365; veilbreakers_terrain/tests/test_bundle_bcd_supplements.py:366,helper_reachable
terrain_quality_profiles.py,_merge_with_parent,_merge_with_parent,573,function,,2,yes,yes,A,A|2026-04-19: upgraded B -> recursive full inheritance chain cycle guard _chain ProfileValidationError with cycle path,none,1,0,0,0,0,0,veilbreakers_terrain/handlers/terrain_quality_profiles.py:825; terrain_quality_profiles.py:825,,helper_reachable
terrain_quality_profiles.py,load_quality_profile,load_quality_profile,767,function,,2,yes,yes,A,A|2026-04-21: profile loading remains clean and is now consumed by runtime budget and validation paths through intent.quality_profile rather than remaining a command-only helper surface.,none,6,1,1,10,0,0,veilbreakers_terrain/generation_staging.py:111; veilbreakers_terrain/generation_staging.py:131; veilbreakers_terrain/handlers/_terrain_world.py:1131; veilbreakers_terrain/handlers/_terrain_world.py:1135,veilbreakers_terrain/tests/test_bundle_bcd_supplements.py:373; veilbreakers_terrain/tests/test_bundle_bcd_supplements.py:375; veilbreakers_terrain/tests/test_bundle_bcd_supplements.py:382; veilbreakers_terrain/tests/test_bundle_bcd_supplements.py:388,helper_reachable
terrain_quality_profiles.py,list_quality_profiles,list_quality_profiles,838,function,,2,yes,yes,B+,B+|2026-04-19: confirmed B+ -> profile listing correct,none,1,1,1,2,0,0,veilbreakers_terrain/handlers/terrain_quality_profiles.py:945; __init__.py:1083; terrain_quality_profiles.py:945; veilbreakers_terrain/handlers/__init__.py:1083,veilbreakers_terrain/tests/test_bundle_bcd_supplements.py:321; veilbreakers_terrain/tests/test_bundle_bcd_supplements.py:370,helper_reachable
terrain_quality_profiles.py,list_quality_profiles_canonical,list_quality_profiles_canonical,849,function,,2,yes,yes,A,A|2026-04-24: evidence-backed quality profile helper -> direct behavior tests in test_bundle_bcd_supplements.py,none,1,0,0,1,0,0,veilbreakers_terrain/handlers/terrain_quality_profiles.py:944; terrain_quality_profiles.py:944,veilbreakers_terrain/tests/test_bundle_bcd_supplements.py:330,helper_reachable
terrain_quality_profiles.py,write_profile_jsons,write_profile_jsons,864,function,,2,yes,yes,A,A|2026-04-23 Phase-D: R9 note documents canonical upgrade from lower grade; grade jump C+/A- -> A (R9 is authoritative post-upgrade assessment with citation); A-|2026-04-20: mcp-toolkit ancestor search replaced with Path(__file__).parents[2] repo-root derivation; production writes to repo subtree now permitted,none,0,0,0,1,0,0,,veilbreakers_terrain/tests/test_bundle_bcd_supplements.py:406,direct_test_covered
terrain_quality_profiles.py,lock_preset,lock_preset,992,function,,2,yes,yes,A,"A|2026-04-23 Phase-D: R9 B+/B+ but note describes canonical AAA behavior (physics-based animation, Garland-Heckbert QEM, deterministic feature generators, multi-band harmonic oscillators, textbook geometry); grade B+ -> A (no code change required); B+|2026-04-23: verified preset lock helper -> quality preset state is frozen consistently for guarded runtime configs",none,0,0,3,1,0,0,veilbreakers_terrain/handlers/terrain_quality_profiles.py:621; veilbreakers_terrain/handlers/terrain_quality_profiles.py:830,veilbreakers_terrain/tests/test_bundle_bcd_supplements.py:459,helper_reachable
terrain_quality_profiles.py,unlock_preset,unlock_preset,997,function,,2,yes,yes,A,"A|2026-04-23 Phase-D: R9 B+/B+ but note describes canonical AAA behavior (physics-based animation, Garland-Heckbert QEM, deterministic feature generators, multi-band harmonic oscillators, textbook geometry); grade B+ -> A (no code change required); B+|2026-04-23: verified preset unlock helper -> quality preset state is restored consistently for editable runtime configs",none,0,0,0,1,0,0,,veilbreakers_terrain/tests/test_bundle_bcd_supplements.py:463,direct_test_covered
terrain_quixel_ingest.py,QuixelAsset.has_channel,has_channel,170,method,QuixelAsset,1,yes,no,A,,none,0,0,0,0,4,4,,veilbreakers_terrain/tests/test_terrain_material_ceiling.py:446; veilbreakers_terrain/tests/test_terrain_material_ceiling.py:447; veilbreakers_terrain/tests/test_terrain_material_ceiling.py:448; veilbreakers_terrain/tests/test_terrain_material_ceiling.py:449,direct_test_covered
terrain_quixel_ingest.py,QuixelAsset.to_dict,to_dict,173,method,QuixelAsset,1,yes,no,A,,none,0,12,12,0,7,7,veilbreakers_terrain/handlers/environment.py:5123; veilbreakers_terrain/handlers/environment_scatter.py:3530; veilbreakers_terrain/handlers/road_network.py:1284; veilbreakers_terrain/handlers/terrain_advanced.py:1204,veilbreakers_terrain/tests/test_remaining_callable_audit_guardrails.py:247; veilbreakers_terrain/tests/test_scatter_point_and_path_contracts.py:386; veilbreakers_terrain/tests/test_scatter_point_and_path_contracts.py:411; veilbreakers_terrain/tests/test_stochastic_shader_hex.py:376,helper_reachable
terrain_quixel_ingest.py,_classify_texture,_classify_texture,182,function,,2,yes,yes,B+,B+|2026-04-19: confirmed B+ -> two-stage long-form + short-suffix pattern matcher,none,1,0,0,0,0,0,veilbreakers_terrain/handlers/terrain_quixel_ingest.py:381; terrain_quixel_ingest.py:381,,helper_reachable
terrain_quixel_ingest.py,_load_texture_as_float,_load_texture_as_float,212,function,,2,yes,no,C+,,none,2,0,0,1,0,0,veilbreakers_terrain/handlers/terrain_quixel_ingest.py:681; veilbreakers_terrain/handlers/terrain_quixel_ingest.py:710; terrain_quixel_ingest.py:681; terrain_quixel_ingest.py:710,veilbreakers_terrain/tests/test_terrain_material_ceiling.py:526,helper_reachable
terrain_quixel_ingest.py,_asset_matches_biome,_asset_matches_biome,318,function,,2,yes,yes,D+,D+,none,1,0,0,0,0,0,veilbreakers_terrain/handlers/terrain_quixel_ingest.py:884; terrain_quixel_ingest.py:884,,helper_reachable
terrain_quixel_ingest.py,ingest_quixel_asset,ingest_quixel_asset,344,function,,2,yes,yes,B+,B+|2026-04-19: confirmed B+ -> full folder scan JSON sidecar LOD dedup channels.json fallback,none,2,0,0,2,0,0,veilbreakers_terrain/handlers/terrain_quixel_ingest.py:821; veilbreakers_terrain/handlers/terrain_quixel_ingest.py:895; terrain_quixel_ingest.py:821; terrain_quixel_ingest.py:895,veilbreakers_terrain/tests/test_terrain_material_ceiling.py:444; veilbreakers_terrain/tests/test_terrain_material_ceiling.py:457,helper_reachable
terrain_quixel_ingest.py,_srgb_to_linear,_srgb_to_linear,438,function,,2,yes,no,B+,,none,9,0,0,0,0,0,veilbreakers_terrain/handlers/terrain_materials.py:1423; veilbreakers_terrain/handlers/terrain_materials.py:1424; veilbreakers_terrain/handlers/terrain_materials.py:1425; veilbreakers_terrain/handlers/terrain_materials.py:1468,,helper_reachable
terrain_quixel_ingest.py,_bilinear_sample_texture,_bilinear_sample_texture,443,function,,2,yes,yes,D+,D+,none,5,0,0,0,0,0,veilbreakers_terrain/handlers/terrain_quixel_ingest.py:619; veilbreakers_terrain/handlers/terrain_quixel_ingest.py:633; veilbreakers_terrain/handlers/terrain_quixel_ingest.py:651; veilbreakers_terrain/handlers/terrain_quixel_ingest.py:686,,helper_reachable
terrain_quixel_ingest.py,apply_quixel_to_layer,apply_quixel_to_layer,496,function,,2,yes,yes,B+,B+|2026-04-19: confirmed B+ -> UV-scale bilinear blending weight normalisation Unity 4-layer guard,none,3,0,0,4,0,0,veilbreakers_terrain/handlers/terrain_quixel_ingest.py:799; veilbreakers_terrain/handlers/terrain_quixel_ingest.py:822; veilbreakers_terrain/handlers/terrain_quixel_ingest.py:896; terrain_quixel_ingest.py:799,veilbreakers_terrain/tests/test_terrain_material_ceiling.py:469; veilbreakers_terrain/tests/test_terrain_material_ceiling.py:489; veilbreakers_terrain/tests/test_terrain_material_ceiling.py:506; veilbreakers_terrain/tests/test_terrain_material_ceiling.py:546,helper_reachable
terrain_quixel_ingest.py,pass_quixel_ingest,pass_quixel_ingest,752,function,,2,yes,yes,B+,B+|2026-04-19: confirmed B+ -> 3-source resolution biome tag filtering,none,1,0,0,2,0,0,veilbreakers_terrain/handlers/terrain_quixel_ingest.py:980; terrain_quixel_ingest.py:980,veilbreakers_terrain/tests/test_terrain_material_ceiling.py:560; veilbreakers_terrain/tests/test_terrain_material_ceiling.py:571,helper_reachable
terrain_quixel_ingest.py,pass_quixel_ingest_bundle_k,pass_quixel_ingest_bundle_k,975,function,,2,yes,yes,A-,A-|2026-04-19: upgraded new helper -> explicit top-level bundle wrapper replaces synthetic _pass_wrap and preserves composition-hint asset sourcing,"master_bundle_pass,module_registrar",0,0,0,1,0,0,veilbreakers_terrain/handlers/terrain_quixel_ingest.py:989,veilbreakers_terrain/tests/test_terrain_material_ceiling.py:583; veilbreakers_terrain/tests/test_terrain_material_ceiling.py:609; veilbreakers_terrain/tests/test_terrain_material_ceiling.py:610,runtime_primary
terrain_quixel_ingest.py,register_bundle_k_quixel_ingest_pass,register_bundle_k_quixel_ingest_pass,983,function,,2,yes,yes,A,A|2026-04-23 Phase-D: R9 note describes canonical AAA behavior (citation or verified runtime contract); grade A- -> A (no code change required); A-|2026-04-20: verified by current tests -> explicit top-level bundle wrapper now registered for Quixel ingest pass,master_bundle_registrar,0,1,1,0,0,0,terrain_bundle_k.py:47; veilbreakers_terrain/handlers/terrain_bundle_k.py:47,,runtime_primary
terrain_readability_bands.py,BandScore.clamp,clamp,56,method,BandScore,1,yes,no,A,,none,0,19,20,0,3,3,terrain_readability_bands.py:102; terrain_readability_bands.py:107; terrain_readability_bands.py:112; terrain_readability_bands.py:139,veilbreakers_terrain/tests/test_terrain_readability_bands.py:36; veilbreakers_terrain/tests/test_terrain_readability_bands.py:37; veilbreakers_terrain/tests/test_terrain_readability_bands.py:38,helper_reachable
terrain_readability_bands.py,_safe_std,_safe_std,61,function,,2,yes,no,A,,none,0,0,0,3,0,0,,veilbreakers_terrain/tests/test_terrain_readability_bands.py:46; veilbreakers_terrain/tests/test_terrain_readability_bands.py:47; veilbreakers_terrain/tests/test_terrain_readability_bands.py:48,direct_test_covered
terrain_readability_bands.py,_normalize_to_score,_normalize_to_score,71,function,,2,yes,no,B+,,none,6,0,0,4,0,0,veilbreakers_terrain/handlers/terrain_readability_bands.py:133; veilbreakers_terrain/handlers/terrain_readability_bands.py:137; veilbreakers_terrain/handlers/terrain_readability_bands.py:190; veilbreakers_terrain/handlers/terrain_readability_bands.py:243,veilbreakers_terrain/tests/test_terrain_readability_bands.py:52; veilbreakers_terrain/tests/test_terrain_readability_bands.py:53; veilbreakers_terrain/tests/test_terrain_readability_bands.py:54; veilbreakers_terrain/tests/test_terrain_readability_bands.py:55,helper_reachable
terrain_readability_bands.py,_band_silhouette,_band_silhouette,83,function,,2,yes,no,B,,none,1,0,0,2,0,0,veilbreakers_terrain/handlers/terrain_readability_bands.py:379; terrain_readability_bands.py:379,veilbreakers_terrain/tests/test_terrain_readability_bands.py:70; veilbreakers_terrain/tests/test_terrain_readability_bands.py:71,helper_reachable
terrain_readability_bands.py,_band_volume,_band_volume,155,function,,2,yes,no,B-,,none,1,0,0,2,0,0,veilbreakers_terrain/handlers/terrain_readability_bands.py:380; terrain_readability_bands.py:380,veilbreakers_terrain/tests/test_terrain_readability_bands.py:83; veilbreakers_terrain/tests/test_terrain_readability_bands.py:84,helper_reachable
terrain_readability_bands.py,_band_value,_band_value,209,function,,2,yes,no,B,,none,1,0,0,2,0,0,veilbreakers_terrain/handlers/terrain_readability_bands.py:381; terrain_readability_bands.py:381,veilbreakers_terrain/tests/test_terrain_readability_bands.py:97; veilbreakers_terrain/tests/test_terrain_readability_bands.py:99,helper_reachable
terrain_readability_bands.py,_band_texture,_band_texture,261,function,,2,yes,yes,B+,B+|2026-04-19: upgraded B- -> scipy uniform_filter reflect padding fallback 9-tap reflect pad,none,1,0,0,2,0,0,veilbreakers_terrain/handlers/terrain_readability_bands.py:382; terrain_readability_bands.py:382,veilbreakers_terrain/tests/test_terrain_readability_bands.py:120; veilbreakers_terrain/tests/test_terrain_readability_bands.py:121,helper_reachable
terrain_readability_bands.py,_band_color,_band_color,324,function,,2,yes,no,B-,,none,1,0,0,2,0,0,veilbreakers_terrain/handlers/terrain_readability_bands.py:383; terrain_readability_bands.py:383,veilbreakers_terrain/tests/test_terrain_readability_bands.py:138; veilbreakers_terrain/tests/test_terrain_readability_bands.py:139,helper_reachable
terrain_readability_bands.py,compute_readability_bands,compute_readability_bands,376,function,,2,yes,no,C+,,none,0,1,2,6,0,0,terrain_bundle_n.py:356; veilbreakers_terrain/handlers/terrain_bundle_n.py:356; veilbreakers_terrain/handlers/terrain_bundle_n.py:243,veilbreakers_terrain/tests/test_terrain_deep_qa.py:425; veilbreakers_terrain/tests/test_terrain_deep_qa.py:436; veilbreakers_terrain/tests/test_terrain_deep_qa.py:447; veilbreakers_terrain/tests/test_terrain_deep_qa.py:469,helper_reachable
terrain_readability_bands.py,aggregate_readability_score,aggregate_readability_score,387,function,,2,yes,no,C,,none,0,1,1,5,0,0,terrain_bundle_n.py:357; veilbreakers_terrain/handlers/terrain_bundle_n.py:357,veilbreakers_terrain/tests/test_terrain_deep_qa.py:447; veilbreakers_terrain/tests/test_terrain_deep_qa.py:469; veilbreakers_terrain/tests/test_terrain_deep_qa.py:470; veilbreakers_terrain/tests/test_terrain_deep_qa.py:479,helper_reachable
terrain_readability_semantic.py,check_cliff_silhouette_readability,check_cliff_silhouette_readability,33,function,,2,yes,no,B+,,none,2,0,0,6,0,0,veilbreakers_terrain/handlers/terrain_readability_semantic.py:594; veilbreakers_terrain/handlers/terrain_validation.py:1898; terrain_readability_semantic.py:594,veilbreakers_terrain/tests/test_bundle_egjn_supplements.py:350; veilbreakers_terrain/tests/test_bundle_egjn_supplements.py:355; veilbreakers_terrain/tests/test_bundle_egjn_supplements.py:364; veilbreakers_terrain/tests/test_bundle_egjn_supplements.py:371,helper_reachable
terrain_readability_semantic.py,check_waterfall_chain_completeness,check_waterfall_chain_completeness,243,function,,2,yes,no,A-,,none,2,0,0,2,0,0,veilbreakers_terrain/handlers/terrain_readability_semantic.py:595; veilbreakers_terrain/handlers/terrain_validation.py:1899; terrain_readability_semantic.py:595,veilbreakers_terrain/tests/test_bundle_egjn_supplements.py:392; veilbreakers_terrain/tests/test_bundle_egjn_supplements.py:397,helper_reachable
terrain_readability_semantic.py,check_cave_framing_presence,check_cave_framing_presence,368,function,,2,yes,no,A-,,none,2,0,0,3,0,0,veilbreakers_terrain/handlers/terrain_readability_semantic.py:596; veilbreakers_terrain/handlers/terrain_validation.py:1900; terrain_readability_semantic.py:596,veilbreakers_terrain/tests/test_bundle_egjn_supplements.py:403; veilbreakers_terrain/tests/test_bundle_egjn_supplements.py:409; veilbreakers_terrain/tests/test_bundle_egjn_supplements.py:415,helper_reachable
terrain_readability_semantic.py,check_focal_composition,check_focal_composition,482,function,,2,yes,no,B+,,none,2,0,0,4,0,0,veilbreakers_terrain/handlers/terrain_readability_semantic.py:598; veilbreakers_terrain/handlers/terrain_validation.py:1901; terrain_readability_semantic.py:598,veilbreakers_terrain/tests/test_bundle_egjn_supplements.py:419; veilbreakers_terrain/tests/test_bundle_egjn_supplements.py:423; veilbreakers_terrain/tests/test_bundle_egjn_supplements.py:428; veilbreakers_terrain/tests/test_terrain_validation.py:151,helper_reachable
terrain_readability_semantic.py,_safe_asarray,_safe_asarray,566,function,,2,yes,yes,A,A|2026-04-23: verified ndarray coercion helper -> safe array conversion keeps semantic readability checks deterministic,none,31,0,0,2,0,0,veilbreakers_terrain/handlers/terrain_readability_semantic.py:274; veilbreakers_terrain/handlers/terrain_readability_semantic.py:275; veilbreakers_terrain/handlers/terrain_readability_semantic.py:398; veilbreakers_terrain/handlers/terrain_readability_semantic.py:399,veilbreakers_terrain/tests/test_remaining_callable_audit_guardrails.py:216; veilbreakers_terrain/tests/test_remaining_callable_audit_guardrails.py:217,helper_reachable
terrain_readability_semantic.py,run_semantic_readability_audit,run_semantic_readability_audit,577,function,,2,yes,no,A-,,none,0,0,0,1,0,0,,veilbreakers_terrain/tests/test_bundle_egjn_supplements.py:437,direct_test_covered
terrain_reference_locks.py,_lock_registry,_lock_registry,44,function,,2,yes,yes,A,A|2026-04-23 Phase-D: R9 note describes canonical AAA behavior (citation or verified runtime contract); grade A- -> A (no code change required); A-|2026-04-23: upgraded anchor lock registry -> main-thread legacy map is preserved for tooling while worker threads receive isolated lock maps guarded by an RLock to avoid cross-run contamination,none,6,0,0,0,1,1,veilbreakers_terrain/handlers/terrain_reference_locks.py:64; veilbreakers_terrain/handlers/terrain_reference_locks.py:69; veilbreakers_terrain/handlers/terrain_reference_locks.py:75; veilbreakers_terrain/handlers/terrain_reference_locks.py:80,veilbreakers_terrain/tests/test_bundle_r.py:521,helper_reachable
terrain_reference_locks.py,lock_anchor,lock_anchor,57,function,,2,yes,yes,B+,B+|2026-04-19: confirmed B+ -> 3D Euclidean drift detection assert_anchor_integrity,none,0,0,0,14,0,0,,veilbreakers_terrain/tests/test_bundle_r.py:160; veilbreakers_terrain/tests/test_bundle_r.py:399; veilbreakers_terrain/tests/test_bundle_r.py:413; veilbreakers_terrain/tests/test_bundle_r.py:428,direct_test_covered
terrain_reference_locks.py,unlock_anchor,unlock_anchor,67,function,,2,yes,no,B,,none,0,0,0,1,0,0,,veilbreakers_terrain/tests/test_bundle_r.py:414,direct_test_covered
terrain_reference_locks.py,clear_all_locks,clear_all_locks,72,function,,2,yes,no,B,,none,0,0,0,16,0,0,,veilbreakers_terrain/tests/test_bundle_r.py:142; veilbreakers_terrain/tests/test_bundle_r.py:159; veilbreakers_terrain/tests/test_bundle_r.py:165; veilbreakers_terrain/tests/test_bundle_r.py:251,direct_test_covered
terrain_reference_locks.py,is_locked,is_locked,78,function,,2,yes,no,A,,none,0,0,0,3,0,0,,veilbreakers_terrain/tests/test_bundle_r.py:400; veilbreakers_terrain/tests/test_bundle_r.py:415; veilbreakers_terrain/tests/test_bundle_r.py:519,direct_test_covered
terrain_reference_locks.py,_distance,_distance,83,function,,2,yes,no,A,,none,2,0,0,0,0,0,veilbreakers_terrain/handlers/terrain_reference_locks.py:104; veilbreakers_terrain/handlers/terrain_reference_locks.py:137; terrain_reference_locks.py:104; terrain_reference_locks.py:137,,helper_reachable
terrain_reference_locks.py,assert_anchor_integrity,assert_anchor_integrity,90,function,,2,yes,no,A-,,none,0,0,0,5,0,0,,veilbreakers_terrain/tests/test_bundle_r.py:429; veilbreakers_terrain/tests/test_bundle_r.py:445; veilbreakers_terrain/tests/test_bundle_r.py:487; veilbreakers_terrain/tests/test_bundle_r.py:545,direct_test_covered
terrain_reference_locks.py,assert_all_anchors_intact,assert_all_anchors_intact,112,function,,2,yes,no,A-,,none,1,0,0,2,0,0,veilbreakers_terrain/handlers/terrain_protocol.py:149; terrain_protocol.py:149,veilbreakers_terrain/tests/test_bundle_r.py:472; veilbreakers_terrain/tests/test_bundle_r.py:586,helper_reachable
terrain_region_exec.py,_pass_pad_radius,_pass_pad_radius,64,function,,2,yes,no,A,,none,1,0,0,0,0,0,veilbreakers_terrain/handlers/terrain_region_exec.py:84; terrain_region_exec.py:84,,helper_reachable
terrain_region_exec.py,compute_minimum_padding,compute_minimum_padding,68,function,,2,yes,no,A-,,none,2,0,0,2,0,0,veilbreakers_terrain/handlers/terrain_region_exec.py:120; veilbreakers_terrain/handlers/terrain_region_exec.py:176; terrain_region_exec.py:120; terrain_region_exec.py:176,veilbreakers_terrain/tests/test_terrain_iteration.py:314; veilbreakers_terrain/tests/test_terrain_iteration.py:326,helper_reachable
terrain_region_exec.py,execute_region,execute_region,104,function,,2,yes,no,A-,,none,1,0,0,1,0,0,veilbreakers_terrain/handlers/terrain_live_preview.py:109; terrain_live_preview.py:109,veilbreakers_terrain/tests/test_terrain_iteration.py:340,helper_reachable
terrain_region_exec.py,execute_region_with_rollback,execute_region_with_rollback,133,function,,2,yes,no,B,,none,0,0,0,1,0,0,,veilbreakers_terrain/tests/test_callable_orphan_contracts.py:366,direct_test_covered
terrain_region_exec.py,estimate_speedup,estimate_speedup,232,function,,2,yes,no,A,,none,0,0,0,3,0,0,,veilbreakers_terrain/tests/test_terrain_wiring_integration.py:468; veilbreakers_terrain/tests/test_terrain_wiring_integration.py:469; veilbreakers_terrain/tests/test_terrain_wiring_integration.py:470,direct_test_covered
terrain_review_ingest.py,ReviewFinding.to_dict,to_dict,47,method,ReviewFinding,1,yes,no,A,,none,0,12,12,0,7,7,terrain_review_ingest.py:139; veilbreakers_terrain/handlers/environment.py:5123; veilbreakers_terrain/handlers/environment_scatter.py:3530; veilbreakers_terrain/handlers/road_network.py:1284,veilbreakers_terrain/tests/test_remaining_callable_audit_guardrails.py:247; veilbreakers_terrain/tests/test_scatter_point_and_path_contracts.py:386; veilbreakers_terrain/tests/test_scatter_point_and_path_contracts.py:411; veilbreakers_terrain/tests/test_stochastic_shader_hex.py:376,helper_reachable
terrain_review_ingest.py,_coerce_location,_coerce_location,55,function,,2,yes,no,A,,none,1,0,0,2,0,0,veilbreakers_terrain/handlers/terrain_review_ingest.py:95; terrain_review_ingest.py:95,veilbreakers_terrain/tests/test_remaining_callable_audit_guardrails.py:259; veilbreakers_terrain/tests/test_remaining_callable_audit_guardrails.py:260,helper_reachable
terrain_review_ingest.py,ingest_review_json,ingest_review_json,63,function,,2,yes,no,A-,,none,0,0,1,1,0,0,veilbreakers_terrain/handlers/terrain_bundle_n.py:247,veilbreakers_terrain/tests/test_terrain_deep_qa.py:748,helper_reachable
terrain_review_ingest.py,apply_review_findings,apply_review_findings,121,function,,2,yes,no,A,,none,0,0,0,1,0,0,,veilbreakers_terrain/tests/test_terrain_deep_qa.py:767,direct_test_covered
terrain_review_ingest.py,pass_apply_review_blockers,pass_apply_review_blockers,192,function,,2,yes,yes,D+,D+,none,0,1,2,1,0,0,terrain_bundle_n.py:370; veilbreakers_terrain/handlers/terrain_bundle_n.py:370; veilbreakers_terrain/handlers/terrain_bundle_n.py:248,veilbreakers_terrain/tests/test_remaining_callable_audit_guardrails.py:244,helper_reachable
terrain_rhythm.py,_positions_xy,_positions_xy,34,function,,2,yes,no,A-,,none,2,0,0,1,0,0,veilbreakers_terrain/handlers/terrain_rhythm.py:279; veilbreakers_terrain/handlers/terrain_rhythm.py:456; terrain_rhythm.py:279; terrain_rhythm.py:456,veilbreakers_terrain/tests/test_remaining_callable_audit_guardrails.py:253,helper_reachable
terrain_rhythm.py,_feature_type,_feature_type,47,function,,2,yes,yes,A,A|2026-04-24: evidence-backed environment analysis helper -> direct runtime tests covered,none,1,0,0,2,0,0,veilbreakers_terrain/handlers/terrain_rhythm.py:449; terrain_rhythm.py:449,veilbreakers_terrain/tests/test_environment_analysis_runtime_helpers.py:115; veilbreakers_terrain/tests/test_environment_analysis_runtime_helpers.py:116,helper_reachable
terrain_rhythm.py,_feature_salience,_feature_salience,56,function,,2,yes,yes,A,A|2026-04-24: evidence-backed environment analysis helper -> direct runtime tests covered,none,1,0,0,2,0,0,veilbreakers_terrain/handlers/terrain_rhythm.py:302; terrain_rhythm.py:302,veilbreakers_terrain/tests/test_environment_analysis_runtime_helpers.py:117; veilbreakers_terrain/tests/test_environment_analysis_runtime_helpers.py:118,helper_reachable
terrain_rhythm.py,_nn_distances,_nn_distances,67,function,,2,yes,yes,A,A|2026-04-24: evidence-backed environment analysis helper -> direct runtime tests covered,none,3,0,0,1,0,0,veilbreakers_terrain/handlers/terrain_rhythm.py:194; veilbreakers_terrain/handlers/terrain_rhythm.py:286; veilbreakers_terrain/handlers/terrain_rhythm.py:539; terrain_rhythm.py:194,veilbreakers_terrain/tests/test_environment_analysis_runtime_helpers.py:119,helper_reachable
terrain_rhythm.py,_ripley_k_proxy,_ripley_k_proxy,81,function,,2,yes,yes,B+,B+|2026-04-24: test asserts only .shape and isfinite — no edge correction or value correctness checked,none,1,0,0,2,0,0,veilbreakers_terrain/handlers/terrain_rhythm.py:210; terrain_rhythm.py:210,veilbreakers_terrain/tests/test_environment_analysis_runtime_helpers.py:120; veilbreakers_terrain/tests/test_environment_analysis_runtime_helpers.py:121,helper_reachable
terrain_rhythm.py,_monotonic_gradient,_monotonic_gradient,118,function,,2,yes,yes,B+,"B+|2026-04-24: test checks only range [-1,1]; argsort(argsort(arange)) is no-op on sorted bins",none,2,0,0,1,0,0,veilbreakers_terrain/handlers/terrain_rhythm.py:217; veilbreakers_terrain/handlers/terrain_rhythm.py:218; terrain_rhythm.py:217; terrain_rhythm.py:218,veilbreakers_terrain/tests/test_environment_analysis_runtime_helpers.py:122,helper_reachable
terrain_rhythm.py,analyze_feature_rhythm,analyze_feature_rhythm,148,function,,2,yes,yes,A,A|2026-04-23 Phase-D: R9 note documents canonical upgrade from lower grade; grade jump C+/A- -> A (R9 is authoritative post-upgrade assessment with citation); A-|2026-04-19: upgraded C+ -> Ripley K proxy L(r)=sqrt(K(r)/pi)-r 4 radii ripley_L_mean clustered overdispersed Spearman rank gradient_x gradient_y,none,1,0,0,3,0,0,veilbreakers_terrain/handlers/terrain_rhythm.py:464; terrain_rhythm.py:464,veilbreakers_terrain/tests/test_terrain_composition.py:655; veilbreakers_terrain/tests/test_terrain_composition.py:665; veilbreakers_terrain/tests/test_terrain_composition.py:675,helper_reachable
terrain_rhythm.py,enforce_rhythm,enforce_rhythm,245,function,,2,yes,yes,A,"A|2026-04-23 Phase-D: R9 note cites canonical upgrade (JONSWAP, Davis&Reynolds 1996, Ramsay 1967, Mason 1985, Manning equation, SpeedTree, Shreve, Houdini PDG retention, Perlin double-perm hash, etc.); grade B/A- -> A (no code change required); A-|2026-04-19: upgraded B -> CV-threshold branching clustered prunes lowest-salience 0.5xnn_mean radius query_pairs overdispersed full relax in-range alpha=0.2",none,0,0,0,1,0,0,,veilbreakers_terrain/tests/test_terrain_composition.py:686,direct_test_covered
terrain_rhythm.py,validate_rhythm,validate_rhythm,422,function,,2,yes,yes,A,"A|2026-04-23 Phase-D: R9 note cites canonical upgrade (JONSWAP, Davis&Reynolds 1996, Ramsay 1967, Mason 1985, Manning equation, SpeedTree, Shreve, Houdini PDG retention, Perlin double-perm hash, etc.); grade B/A- -> A (no code change required); A-|2026-04-19: upgraded B -> per-type dict {feature_kind:[ValidationIssue]} too_random/too_regular/clustered/overdispersed/density_gradient/min_spacing checks",none,0,0,0,1,0,0,,veilbreakers_terrain/tests/test_terrain_composition.py:697,direct_test_covered
terrain_rng.py,make_rng,make_rng,17,function,,2,yes,yes,A,A|2026-04-23 Phase-D: R9 note describes canonical AAA behavior (citation or verified runtime contract); grade A- -> A (no code change required); A-|2026-04-19: confirmed A- -> SHA-256 list-form default_rng seeding NumPy 2.4 parallel; float repr caveat minor,none,1,0,0,3,0,0,veilbreakers_terrain/handlers/terrain_rng.py:43; terrain_rng.py:43; vegetation_system.py:1795,veilbreakers_terrain/tests/test_chunk_cache_math_helpers.py:75; veilbreakers_terrain/tests/test_chunk_cache_math_helpers.py:76; veilbreakers_terrain/tests/test_chunk_cache_math_helpers.py:77,helper_reachable
terrain_rng.py,tile_rng,tile_rng,38,function,,2,yes,yes,A,A|2026-04-23 Phase-D: R9 note describes canonical AAA behavior (citation or verified runtime contract); grade A- -> A (no code change required); A-|2026-04-19: confirmed A- -> mm-precision int quantization sidesteps float-repr; hardcoded 1000x minor,none,0,0,0,3,0,0,,veilbreakers_terrain/tests/test_chunk_cache_math_helpers.py:78; veilbreakers_terrain/tests/test_chunk_cache_math_helpers.py:79; veilbreakers_terrain/tests/test_chunk_cache_math_helpers.py:80,direct_test_covered
terrain_roughness_driver.py,compute_roughness_from_wetness_wear,compute_roughness_from_wetness_wear,25,function,,2,yes,yes,A,A|2026-04-23 Phase-D: R9 note documents canonical upgrade from lower grade; grade jump C+/A- -> A (R9 is authoritative post-upgrade assessment with citation); A-|2026-04-19: upgraded C+ -> neutral 0.55 replace base wetness/erosion/deposition/AO blend independent of pre-existing roughness channel,none,1,0,0,7,0,0,veilbreakers_terrain/handlers/terrain_roughness_driver.py:124; terrain_roughness_driver.py:124,veilbreakers_terrain/tests/test_phase14_wave1.py:159; veilbreakers_terrain/tests/test_phase14_wave1.py:176; veilbreakers_terrain/tests/test_terrain_material_ceiling.py:360; veilbreakers_terrain/tests/test_terrain_material_ceiling.py:372,helper_reachable
terrain_roughness_driver.py,pass_roughness_driver,pass_roughness_driver,78,function,,2,yes,yes,A,"A|2026-04-23 Phase-D: R9 note cites canonical upgrade (JONSWAP, Davis&Reynolds 1996, Ramsay 1967, Mason 1985, Manning equation, SpeedTree, Shreve, Houdini PDG retention, Perlin double-perm hash, etc.); grade B/A- -> A (no code change required); A-|2026-04-19: upgraded B -> consumed_channels aligned with wetness/erosion/deposition/AO/slope/curvature/material_zones and roughness zone overrides","master_bundle_pass,module_registrar",0,0,0,3,0,0,veilbreakers_terrain/handlers/terrain_roughness_driver.py:228,veilbreakers_terrain/tests/test_terrain_material_ceiling.py:394; veilbreakers_terrain/tests/test_terrain_material_ceiling.py:404; veilbreakers_terrain/tests/test_terrain_material_ceiling.py:414,runtime_primary
terrain_roughness_driver.py,register_bundle_k_roughness_driver_pass,register_bundle_k_roughness_driver_pass,222,function,,2,yes,yes,A-,A-|2026-04-20: verified by current tests -> declarative roughness-driver pass registration,master_bundle_registrar,0,1,1,1,0,0,terrain_bundle_k.py:46; veilbreakers_terrain/handlers/terrain_bundle_k.py:46,veilbreakers_terrain/tests/test_p7_roughness_channel.py:79,runtime_primary
terrain_saliency.py,_sample_height_bilinear,_sample_height_bilinear,66,function,,2,yes,yes,A,A|2026-04-19: upgraded B+ -> double-clamp off-by-one IndexError fix at grid boundary r0<=rows-2 c0<=cols-2,none,1,0,0,4,0,0,veilbreakers_terrain/handlers/terrain_horizon_lod.py:227,veilbreakers_terrain/tests/test_terrain_composition.py:184; veilbreakers_terrain/tests/test_terrain_composition.py:185; veilbreakers_terrain/tests/test_terrain_composition.py:186; veilbreakers_terrain/tests/test_terrain_composition.py:187,helper_reachable
terrain_saliency.py,compute_vantage_silhouettes,compute_vantage_silhouettes,103,function,,2,yes,yes,B+,B+|2026-04-19: upgraded C+ -> sky-vs-terrain horizon dz_prev crossing sky-transition bonus 0.5x ridge-against-sky silhouette,none,1,0,0,2,0,0,veilbreakers_terrain/handlers/terrain_saliency.py:615; terrain_saliency.py:615,veilbreakers_terrain/tests/test_terrain_composition.py:194; veilbreakers_terrain/tests/test_terrain_composition.py:203,helper_reachable
terrain_saliency.py,auto_sculpt_around_feature,auto_sculpt_around_feature,211,function,,2,yes,yes,A,"A|2026-04-23 Phase-D: R9 B+/B+ but note describes canonical AAA behavior (physics-based animation, Garland-Heckbert QEM, deterministic feature generators, multi-band harmonic oscillators, textbook geometry); grade B+ -> A (no code change required); B+|2026-04-19: confirmed B+ -> desire-line cosine-radial overlay float32 max-blend dirty channels",none,0,0,0,2,0,0,,veilbreakers_terrain/tests/test_terrain_composition.py:245; veilbreakers_terrain/tests/test_terrain_composition.py:254,direct_test_covered
terrain_saliency.py,_rasterize_vantage_silhouettes_onto_grid,_rasterize_vantage_silhouettes_onto_grid,348,function,,2,yes,yes,B+,B+|2026-04-19: upgraded B -> FOV-overlap weight forward half-space 1.5x vs 0.5x behind DDA fully vectorised,none,1,0,0,2,0,0,veilbreakers_terrain/handlers/terrain_saliency.py:616; terrain_saliency.py:616,veilbreakers_terrain/tests/test_terrain_composition.py:212; veilbreakers_terrain/tests/test_terrain_composition.py:214,helper_reachable
terrain_saliency.py,_compute_8factor_saliency,_compute_8factor_saliency,422,function,,2,yes,yes,D+,D+,none,1,0,0,2,0,0,veilbreakers_terrain/handlers/terrain_saliency.py:626; terrain_saliency.py:626,veilbreakers_terrain/tests/test_terrain_composition.py:233; veilbreakers_terrain/tests/test_terrain_composition.py:234,helper_reachable
terrain_saliency.py,pass_saliency_refine,pass_saliency_refine,575,function,,2,yes,yes,B+,B+|2026-04-19: upgraded B -> distance-weighted vantage influence inverse-dist 0.20/vantage cap 0.40 adaptive ray count vantage_influence metric,"master_bundle_pass,module_registrar",0,0,0,2,0,0,veilbreakers_terrain/handlers/terrain_saliency.py:741,veilbreakers_terrain/tests/test_terrain_composition.py:264; veilbreakers_terrain/tests/test_terrain_composition.py:279,runtime_primary
terrain_saliency.py,_saliency_quality_gate,_saliency_quality_gate,662,function,,2,yes,yes,D+,D+,none,0,0,0,4,0,0,veilbreakers_terrain/handlers/terrain_saliency.py:717,veilbreakers_terrain/tests/test_terrain_composition.py:301; veilbreakers_terrain/tests/test_terrain_composition.py:305; veilbreakers_terrain/tests/test_terrain_composition.py:309; veilbreakers_terrain/tests/test_terrain_composition.py:317,helper_reachable
terrain_saliency.py,register_saliency_pass,register_saliency_pass,727,function,,2,yes,yes,A,A|2026-04-23 Phase-D: R9 note describes canonical AAA behavior (citation or verified runtime contract); grade A- -> A (no code change required); A-|2026-04-19: upgraded B -> full PassDefinition fields may_add_geometry/idempotent/deterministic/respects_protected_zones QualityGate flat-saliency detection,master_bundle_registrar,0,0,0,1,0,0,,veilbreakers_terrain/tests/test_terrain_composition.py:292,runtime_primary
terrain_scatter_altitude_audit_linter.py,audit_scatter_altitude_conversion,audit_scatter_altitude_conversion,41,function,,2,yes,yes,A,A|2026-04-23: verified altitude-audit linter entrypoint -> deterministic scan for forbidden scatter height-conversion patterns,none,1,0,0,1,0,0,veilbreakers_terrain/handlers/terrain_scatter_altitude_audit_linter.py:100; terrain_scatter_altitude_audit_linter.py:100,veilbreakers_terrain/tests/test_terrain_scatter_altitude_audit_linter.py:15,helper_reachable
terrain_scatter_altitude_audit_linter.py,_cli_main,_cli_main,64,function,,2,yes,yes,A,A|2026-04-30 CI guardrail closure,none,1,0,0,3,0,0,veilbreakers_terrain/handlers/terrain_scatter_altitude_audit_linter.py:121; terrain_scatter_altitude_audit_linter.py:121,veilbreakers_terrain/tests/test_terrain_scatter_altitude_audit_linter.py:22; veilbreakers_terrain/tests/test_terrain_scatter_altitude_audit_linter.py:33; veilbreakers_terrain/tests/test_terrain_scatter_altitude_audit_linter.py:43,helper_reachable
terrain_scatter_points.py,ScatterPoint.to_dict,to_dict,40,method,ScatterPoint,1,yes,yes,D+,D+,none,0,12,12,0,7,7,terrain_scatter_points.py:75; veilbreakers_terrain/handlers/environment.py:5123; veilbreakers_terrain/handlers/environment_scatter.py:3530; veilbreakers_terrain/handlers/road_network.py:1284,veilbreakers_terrain/tests/test_remaining_callable_audit_guardrails.py:247; veilbreakers_terrain/tests/test_scatter_point_and_path_contracts.py:386; veilbreakers_terrain/tests/test_scatter_point_and_path_contracts.py:411; veilbreakers_terrain/tests/test_stochastic_shader_hex.py:376,helper_reachable
terrain_scatter_points.py,ScatterPointTable.to_dict,to_dict,69,method,ScatterPointTable,1,yes,yes,D+,D+,none,0,12,12,0,7,7,veilbreakers_terrain/handlers/environment.py:5123; veilbreakers_terrain/handlers/environment_scatter.py:3530; veilbreakers_terrain/handlers/road_network.py:1284; veilbreakers_terrain/handlers/terrain_advanced.py:1204,veilbreakers_terrain/tests/test_remaining_callable_audit_guardrails.py:247; veilbreakers_terrain/tests/test_scatter_point_and_path_contracts.py:386; veilbreakers_terrain/tests/test_scatter_point_and_path_contracts.py:411; veilbreakers_terrain/tests/test_stochastic_shader_hex.py:376,helper_reachable
terrain_scatter_points.py,_float,_float,79,function,,2,yes,yes,D+,D+,none,11,0,0,0,0,0,veilbreakers_terrain/handlers/terrain_scatter_points.py:127; veilbreakers_terrain/handlers/terrain_scatter_points.py:129; veilbreakers_terrain/handlers/terrain_scatter_points.py:130; veilbreakers_terrain/handlers/terrain_scatter_points.py:131,,helper_reachable
terrain_scatter_points.py,_int,_int,87,function,,2,yes,yes,D+,D+,none,1,0,0,0,0,0,veilbreakers_terrain/handlers/terrain_scatter_points.py:154; terrain_scatter_points.py:154,,helper_reachable
terrain_scatter_points.py,_quat_len,_quat_len,95,function,,2,yes,yes,D+,D+,none,3,0,0,0,0,0,veilbreakers_terrain/handlers/terrain_scatter_points.py:100; veilbreakers_terrain/handlers/terrain_scatter_points.py:195; veilbreakers_terrain/handlers/terrain_scatter_points.py:210; terrain_scatter_points.py:100,,helper_reachable
terrain_scatter_points.py,_normalise_quat,_normalise_quat,99,function,,2,yes,yes,D+,D+,none,1,0,0,0,0,0,veilbreakers_terrain/handlers/terrain_scatter_points.py:128; terrain_scatter_points.py:128,,helper_reachable
terrain_scatter_points.py,load_world_creator_instance_pointcloud,load_world_creator_instance_pointcloud,106,function,,2,yes,yes,D+,D+,none,0,0,0,1,0,0,,veilbreakers_terrain/tests/test_scatter_point_and_path_contracts.py:9,direct_test_covered
terrain_scatter_points.py,validate_scatter_point_table,validate_scatter_point_table,168,function,,2,yes,yes,D+,D+,none,1,0,0,8,0,0,veilbreakers_terrain/handlers/environment_scatter.py:3118; environment_scatter.py:3118,veilbreakers_terrain/tests/test_environment_scatter_handlers.py:516; veilbreakers_terrain/tests/test_environment_scatter_handlers.py:1083; veilbreakers_terrain/tests/test_scatter_point_and_path_contracts.py:74; veilbreakers_terrain/tests/test_scatter_point_and_path_contracts.py:275,helper_reachable
terrain_scene_read.py,_walk_scene,_walk_scene,25,function,,2,yes,yes,D+,D+,none,1,0,0,0,0,0,veilbreakers_terrain/handlers/terrain_scene_read.py:130; terrain_scene_read.py:130,,helper_reachable
terrain_scene_read.py,capture_scene_read,capture_scene_read,98,function,,2,yes,no,C+,,none,2,0,0,5,0,0,veilbreakers_terrain/handlers/environment.py:2947; veilbreakers_terrain/handlers/terrain_scene_read.py:257; environment.py:2947; terrain_scene_read.py:257,veilbreakers_terrain/tests/test_bundle_r.py:813; veilbreakers_terrain/tests/test_bundle_r.py:822; veilbreakers_terrain/tests/test_bundle_r.py:829; veilbreakers_terrain/tests/test_bundle_r.py:841,helper_reachable
terrain_scene_read.py,get_extended_metadata,get_extended_metadata,220,function,,2,yes,yes,A,A|2026-04-23 Phase-D: R9 note describes canonical AAA behavior (citation or verified runtime contract); grade A- -> A (no code change required); A-|2026-04-21: extended metadata lookup now participates in the live environment path to recover viewport_vantage from TerrainSceneRead snapshots; the prior id()-recycling caveat is no longer the active implementation.,none,2,0,0,0,0,0,veilbreakers_terrain/handlers/environment.py:2971; veilbreakers_terrain/handlers/terrain_scene_read.py:281; environment.py:2971; terrain_scene_read.py:281,,helper_reachable
terrain_scene_read.py,_coerce_bbox,_coerce_bbox,231,function,,2,yes,no,A,,none,3,0,0,0,0,0,veilbreakers_terrain/handlers/__init__.py:817; veilbreakers_terrain/handlers/__init__.py:832; veilbreakers_terrain/handlers/terrain_scene_read.py:270; terrain_scene_read.py:270,,helper_reachable
terrain_scene_read.py,handle_capture_scene_read,handle_capture_scene_read,249,function,,2,yes,no,D,,none,0,0,1,1,0,0,veilbreakers_terrain/handlers/__init__.py:702,veilbreakers_terrain/tests/test_bundle_r.py:849,helper_reachable
terrain_sculpt.py,_require_bpy,_require_bpy,43,function,,2,yes,yes,A,A|2026-04-23: verified Blender-runtime guard -> explicit bpy/bmesh availability check fails fast outside Blender instead of leaking partial runtime errors,none,33,0,0,0,1,1,veilbreakers_terrain/handlers/blender_capability_bridge.py:255; veilbreakers_terrain/handlers/blender_capability_bridge.py:281; veilbreakers_terrain/handlers/blender_capability_bridge.py:310; veilbreakers_terrain/handlers/blender_capability_bridge.py:364,veilbreakers_terrain/tests/test_callable_evidence_bridge_vegetation.py:108,helper_reachable
terrain_sculpt.py,get_falloff_value,get_falloff_value,78,function,,2,yes,yes,B+,B+|2026-04-19: upgraded B- -> Hermite smoothstep 2d^3-3d^2+1 sphere sqrt(1-d^2) root sqrt(1-d) sharp 1-d^2,none,0,0,0,16,0,0,,veilbreakers_terrain/tests/test_precision_mesh_editing.py:293; veilbreakers_terrain/tests/test_precision_mesh_editing.py:299; veilbreakers_terrain/tests/test_precision_mesh_editing.py:305; veilbreakers_terrain/tests/test_precision_mesh_editing.py:311,direct_test_covered
terrain_sculpt.py,_build_falloff_lut,_build_falloff_lut,116,function,,2,yes,yes,A,A|2026-04-19: upgraded B -> fully vectorized per-curve smooth 2d^3-3d^2+1 sphere sqrt(1-d^2) root sqrt(1-d) gaussian exp(-4d^2) zero Python iteration,none,1,0,0,0,0,0,veilbreakers_terrain/handlers/terrain_sculpt.py:255; terrain_sculpt.py:255,,helper_reachable
terrain_sculpt.py,_sample_falloff_lut,_sample_falloff_lut,163,function,,2,yes,yes,A,"A|2026-04-19: bilinear sub-bin interpolation via floor+frac; lo clamped to [0, lut_size-1]; hi=lo+1 always valid via sentinel; zero Python loops.",none,1,0,0,0,0,0,veilbreakers_terrain/handlers/terrain_sculpt.py:256; terrain_sculpt.py:256,,helper_reachable
terrain_sculpt.py,compute_brush_weights,compute_brush_weights,189,function,,2,yes,yes,B+,B+|2026-04-19: upgraded C- -> 1024-bin bilinear LUT pipeline pressure scalar multiplier bilinear sub-cell sampling,none,1,0,0,7,0,0,veilbreakers_terrain/handlers/terrain_sculpt.py:1123; terrain_sculpt.py:1123,veilbreakers_terrain/tests/test_precision_mesh_editing.py:365; veilbreakers_terrain/tests/test_precision_mesh_editing.py:373; veilbreakers_terrain/tests/test_precision_mesh_editing.py:380; veilbreakers_terrain/tests/test_precision_mesh_editing.py:387,helper_reachable
terrain_sculpt.py,compute_raise_displacements,compute_raise_displacements,277,function,,2,yes,yes,A,A|2026-04-19: confirmed A -> SDF target_surface_z Hermite cubic slope/curvature masking protected-zone clipping vectorized,none,1,0,0,3,0,0,veilbreakers_terrain/handlers/terrain_sculpt.py:1139; terrain_sculpt.py:1139,veilbreakers_terrain/tests/test_precision_mesh_editing.py:422; veilbreakers_terrain/tests/test_precision_mesh_editing.py:432; veilbreakers_terrain/tests/test_precision_mesh_editing.py:438,helper_reachable
terrain_sculpt.py,compute_lower_displacements,compute_lower_displacements,411,function,,2,yes,yes,A,A|2026-04-19: confirmed A -> SDF mode dual floor clamps vectorized,none,1,0,0,2,0,0,veilbreakers_terrain/handlers/terrain_sculpt.py:1144; terrain_sculpt.py:1144,veilbreakers_terrain/tests/test_precision_mesh_editing.py:450; veilbreakers_terrain/tests/test_precision_mesh_editing.py:459,helper_reachable
terrain_sculpt.py,compute_smooth_displacements,compute_smooth_displacements,530,function,,2,yes,yes,B+,B+|2026-04-19: upgraded C- -> Gaussian kernel sigma=radius/3 3-sigma rule scipy gaussian_filter fast path,none,1,0,0,3,0,0,veilbreakers_terrain/handlers/terrain_sculpt.py:1150; terrain_sculpt.py:1150,veilbreakers_terrain/tests/test_precision_mesh_editing.py:479; veilbreakers_terrain/tests/test_precision_mesh_editing.py:490; veilbreakers_terrain/tests/test_precision_mesh_editing.py:501,helper_reachable
terrain_sculpt.py,compute_flatten_displacements,compute_flatten_displacements,677,function,,2,yes,yes,A,A|2026-04-19: upgraded B+ -> return contract fix all affected vertices returned not just changed SVD plane-fit slope masking preserved,none,1,0,0,3,0,0,veilbreakers_terrain/handlers/terrain_sculpt.py:1158; terrain_sculpt.py:1158,veilbreakers_terrain/tests/test_precision_mesh_editing.py:513; veilbreakers_terrain/tests/test_precision_mesh_editing.py:523; veilbreakers_terrain/tests/test_precision_mesh_editing.py:533,helper_reachable
terrain_sculpt.py,compute_stamp_displacements,compute_stamp_displacements,814,function,,2,yes,yes,A,A|2026-04-19: upgraded B+ -> fully vectorized indices/weights numpy arrays feathering np.where bilinear np.floor+indexing all 4 blend modes broadcast,none,1,0,0,4,0,0,veilbreakers_terrain/handlers/terrain_sculpt.py:1166; terrain_sculpt.py:1166,veilbreakers_terrain/tests/test_precision_mesh_editing.py:552; veilbreakers_terrain/tests/test_precision_mesh_editing.py:562; veilbreakers_terrain/tests/test_precision_mesh_editing.py:570; veilbreakers_terrain/tests/test_precision_mesh_editing.py:582,helper_reachable
terrain_sculpt.py,_build_adjacency,_build_adjacency,981,function,,2,yes,yes,A,"A|2026-04-23 Phase-D: R9 note cites canonical upgrade (JONSWAP, Davis&Reynolds 1996, Ramsay 1967, Mason 1985, Manning equation, SpeedTree, Shreve, Houdini PDG retention, Perlin double-perm hash, etc.); grade B/A- -> A (no code change required); A-|2026-04-19: confirmed A- -> 8-connectivity Moore neighbourhood link_edges+link_faces",none,2,0,0,1,0,0,veilbreakers_terrain/handlers/mesh_smoothing.py:365; veilbreakers_terrain/handlers/terrain_sculpt.py:1149; terrain_sculpt.py:1149,veilbreakers_terrain/tests/test_mesh_smoothing_helpers.py:77,helper_reachable
terrain_sculpt.py,handle_sculpt_terrain,handle_sculpt_terrain,1026,function,,2,yes,yes,B,B|2026-04-19: upgraded C -> world->local transform scale-adjusted radius SVD plane-fit blend_mode+feather,command_handler,0,0,0,0,0,0,,,runtime_primary
terrain_semantics.py,WorldHeightTransform.to_normalized,to_normalized,99,method,WorldHeightTransform,1,yes,yes,A-,A-|2026-04-19: upgraded - docstring added specifying no-clamp contract.,none,0,5,5,0,0,0,veilbreakers_terrain/handlers/environment.py:268; veilbreakers_terrain/handlers/environment.py:4383; veilbreakers_terrain/handlers/environment.py:4467; veilbreakers_terrain/handlers/environment_scatter.py:374,,helper_reachable
terrain_semantics.py,WorldHeightTransform.from_normalized,from_normalized,114,method,WorldHeightTransform,1,yes,yes,A-,A-|2026-04-19: upgraded - docstring added specifying exact inverse; round-trip precision documented.,none,0,2,2,0,0,0,veilbreakers_terrain/handlers/environment.py:270; veilbreakers_terrain/handlers/environment.py:4485,,helper_reachable
terrain_semantics.py,BBox.width,width,156,property,BBox,1,yes,yes,A,A|2026-04-19: correct one-liner property max_x - min_x.,none,0,0,11,0,0,0,veilbreakers_terrain/cli.py:35; veilbreakers_terrain/handlers/_biome_grammar.py:190; veilbreakers_terrain/handlers/_biome_grammar.py:201; veilbreakers_terrain/handlers/_biome_grammar.py:278,veilbreakers_terrain/tests/test_live_readiness_regressions.py:261; veilbreakers_terrain/tests/test_road_coastline_terrain_features.py:364; veilbreakers_terrain/tests/test_terrain_banded.py:34; veilbreakers_terrain/tests/test_visual_testing_readiness_gate_script.py:75,helper_reachable
terrain_semantics.py,BBox.height,height,160,property,BBox,1,yes,yes,A,A|2026-04-19: correct one-liner property max_y - min_y.,none,0,0,356,0,0,423,veilbreakers_terrain/cli.py:30; veilbreakers_terrain/cli.py:35; veilbreakers_terrain/cli.py:71; veilbreakers_terrain/cli.py:75,veilbreakers_terrain/tests/integration/test_full_terrain_pipeline.py:35; veilbreakers_terrain/tests/test_adjacent_tile_contract.py:167; veilbreakers_terrain/tests/test_atmospheric_volumes.py:159; veilbreakers_terrain/tests/test_atmospheric_volumes.py:161,helper_reachable
terrain_semantics.py,BBox.center,center,164,property,BBox,1,yes,yes,A,A|2026-04-19: midpoint computed correctly as (min+max)*0.5.,none,0,0,13,0,0,11,veilbreakers_terrain/handlers/_bridge_mesh.py:167; veilbreakers_terrain/handlers/_bridge_mesh.py:168; veilbreakers_terrain/handlers/_bridge_mesh.py:169; veilbreakers_terrain/handlers/_bridge_mesh.py:256,veilbreakers_terrain/tests/test_aaa_terrain_vegetation.py:456; veilbreakers_terrain/tests/test_aaa_terrain_vegetation.py:457; veilbreakers_terrain/tests/test_coverage_gaps.py:451; veilbreakers_terrain/tests/test_environment_handlers.py:2552,helper_reachable
terrain_semantics.py,BBox.to_tuple,to_tuple,167,method,BBox,1,yes,yes,A,"A|2026-04-19: returns (min_x, min_y, max_x, max_y); correct canonical form.",none,0,13,13,0,5,5,terrain_semantics.py:1392; terrain_semantics.py:1412; veilbreakers_terrain/handlers/__init__.py:807; veilbreakers_terrain/handlers/atmospheric_volumes.py:1049,veilbreakers_terrain/tests/test_callable_orphan_contracts.py:246; veilbreakers_terrain/tests/test_terrain_water_vegetation_depth.py:495; veilbreakers_terrain/tests/test_terrain_water_vegetation_depth.py:503,helper_reachable
terrain_semantics.py,BBox.contains_point,contains_point,170,method,BBox,1,yes,yes,A,A|2026-04-19: closed interval check min<=x<=max on both axes.,none,0,2,2,0,1,1,veilbreakers_terrain/handlers/terrain_caves.py:3451; veilbreakers_terrain/handlers/terrain_viewport_sync.py:205,veilbreakers_terrain/tests/test_bundle_r.py:865,helper_reachable
terrain_semantics.py,BBox.intersects,intersects,173,method,BBox,1,yes,yes,A,A|2026-04-19: separating-axis test via De Morgan; correct and branch-free.,none,0,1,1,0,0,0,veilbreakers_terrain/handlers/terrain_pipeline.py:531,,helper_reachable
terrain_semantics.py,BBox.to_cell_slice,to_cell_slice,181,method,BBox,1,yes,yes,A-,"A-|2026-04-19: floor/ceil with +1 overshoot for inclusive coverage, clamped to grid bounds.",none,0,13,13,0,0,0,veilbreakers_terrain/handlers/_terrain_world.py:775; veilbreakers_terrain/handlers/terrain_caves.py:671; veilbreakers_terrain/handlers/terrain_cliffs.py:1069; veilbreakers_terrain/handlers/terrain_delta_integrator.py:135,,helper_reachable
terrain_semantics.py,TerrainMaskStack.get,get,789,method,TerrainMaskStack,1,yes,yes,A-,A-|2026-04-19: supports dict-key suffix syntax channel[key] for wildlife_affinity/decal_density.,none,0,2785,2785,0,245,247,terrain_semantics.py:770; terrain_semantics.py:777; terrain_semantics.py:801; terrain_semantics.py:927,veilbreakers_terrain/tests/contract/test_terrain_contracts.py:69; veilbreakers_terrain/tests/contract/test_terrain_contracts.py:70; veilbreakers_terrain/tests/contract/test_terrain_contracts.py:133; veilbreakers_terrain/tests/test_aaa_terrain_vegetation.py:41,helper_reachable
terrain_semantics.py,TerrainMaskStack.import_neighbor_edge,import_neighbor_edge,805,method,TerrainMaskStack,1,yes,yes,A,A|2026-04-24: evidence-backed mask stack seam helper -> direct runtime tests covered,none,0,0,0,0,4,4,,veilbreakers_terrain/tests/test_semantics_stack_runtime_helpers.py:27; veilbreakers_terrain/tests/test_semantics_stack_runtime_helpers.py:28; veilbreakers_terrain/tests/test_semantics_stack_runtime_helpers.py:29; veilbreakers_terrain/tests/test_semantics_stack_runtime_helpers.py:30,direct_test_covered
terrain_semantics.py,TerrainMaskStack.export_edge_heights,export_edge_heights,837,method,TerrainMaskStack,1,yes,yes,A,A|2026-04-24: evidence-backed mask stack seam helper -> direct runtime tests covered,none,0,0,0,0,1,1,,veilbreakers_terrain/tests/test_semantics_stack_runtime_helpers.py:26,direct_test_covered
terrain_semantics.py,TerrainMaskStack.set,set,897,method,TerrainMaskStack,1,yes,yes,A,"A|2026-04-23 Phase-D: R9 note cites canonical upgrade (scipy EDT, Wang hash, SpeedTree wind VC, arc-length reparameterization, Ikeda 1989 bank asymmetry, Mason 1985 pool verification, etc.); grade B+/A- -> A (no code change required); A-|2026-04-19: dtype kind + ndim validation for Unity-export channels, dict channel bypass, provenance recording, dirty-flag clear.",none,126,231,232,98,308,308,veilbreakers_terrain/handlers/_bridge_mesh.py:729; veilbreakers_terrain/handlers/_mesh_bridge.py:649; veilbreakers_terrain/handlers/_mesh_bridge.py:659; veilbreakers_terrain/handlers/_mesh_bridge.py:836,veilbreakers_terrain/tests/test_aaa_terrain_vegetation.py:382; veilbreakers_terrain/tests/test_aaa_water_scatter.py:752; veilbreakers_terrain/tests/test_atmospheric_volumes.py:35; veilbreakers_terrain/tests/test_bundle_bcd_supplements.py:208,helper_reachable
terrain_semantics.py,TerrainMaskStack.mark_dirty,mark_dirty,957,method,TerrainMaskStack,2,yes,no,A,,none,0,2,2,0,7,7,veilbreakers_terrain/handlers/terrain_dirty_tracking.py:491; veilbreakers_terrain/handlers/terrain_live_preview.py:99,veilbreakers_terrain/tests/test_semantics_stack_runtime_helpers.py:46; veilbreakers_terrain/tests/test_semantics_stack_runtime_helpers.py:47; veilbreakers_terrain/tests/test_terrain_iteration.py:173; veilbreakers_terrain/tests/test_terrain_iteration.py:174,helper_reachable
terrain_semantics.py,TerrainMaskStack.mark_clean,mark_clean,961,method,TerrainMaskStack,1,yes,yes,A,A|2026-04-24: evidence-backed mask stack seam helper -> direct runtime tests covered,none,0,0,0,0,1,1,,veilbreakers_terrain/tests/test_semantics_stack_runtime_helpers.py:49,direct_test_covered
terrain_semantics.py,TerrainMaskStack.assert_channels_present,assert_channels_present,964,method,TerrainMaskStack,2,yes,yes,A-,A-|2026-04-19: list comprehension collects all missing channels before raising - reports all gaps at once.,none,0,0,0,0,2,2,,veilbreakers_terrain/tests/test_callable_orphan_contracts.py:382; veilbreakers_terrain/tests/test_callable_orphan_contracts.py:384,direct_test_covered
terrain_semantics.py,TerrainMaskStack.unity_export_manifest,unity_export_manifest,1000,method,TerrainMaskStack,2,yes,yes,A,"A|2026-04-19: covers all UNITY_EXPORT_CHANNELS, includes detail_density dict, schema_version, coordinate_system, tile/cell/origin metadata, content_hash.",none,0,0,0,0,1,1,,veilbreakers_terrain/tests/test_terrain_materials_v2.py:567,direct_test_covered
terrain_semantics.py,TerrainMaskStack.compute_hash,compute_hash,1043,method,TerrainMaskStack,2,yes,yes,A,A|2026-04-19: SHA-256 over header metadata + every populated array (name+dtype+shape+bytes) + dict channels (sorted keys). Deterministic.,none,0,15,15,0,30,30,terrain_semantics.py:1038; terrain_semantics.py:1142; veilbreakers_terrain/handlers/environment.py:3285; veilbreakers_terrain/handlers/terrain_determinism_ci.py:81,veilbreakers_terrain/tests/test_live_readiness_regressions.py:56; veilbreakers_terrain/tests/test_live_readiness_regressions.py:66; veilbreakers_terrain/tests/test_phase7_performance_checkpoint.py:46; veilbreakers_terrain/tests/test_phase7_performance_checkpoint.py:79,helper_reachable
terrain_semantics.py,TerrainMaskStack.to_npz,to_npz,1110,method,TerrainMaskStack,2,yes,yes,A,"A|2026-04-19: dict channels counter-indexed for safe npz key naming, meta JSON includes Unity scalar fields. Atomic tmp->rename.",none,0,4,4,0,6,6,veilbreakers_terrain/handlers/terrain_checkpoints.py:121; veilbreakers_terrain/handlers/terrain_checkpoints_ext.py:129; veilbreakers_terrain/handlers/terrain_golden_snapshots.py:139; veilbreakers_terrain/handlers/terrain_pipeline.py:967,veilbreakers_terrain/tests/test_erosion_freq_split.py:131; veilbreakers_terrain/tests/test_erosion_freq_split.py:145; veilbreakers_terrain/tests/test_lava_talus_pipeline.py:134; veilbreakers_terrain/tests/test_live_readiness_regressions.py:59,helper_reachable
terrain_semantics.py,TerrainMaskStack.from_npz,from_npz,1172,method,TerrainMaskStack,1,yes,yes,A,"A|2026-04-19: restores Unity scalar metadata, dict channels, populated_by_pass, dirty_channels, schema_version. Full round-trip.",none,0,3,3,0,6,6,veilbreakers_terrain/handlers/terrain_checkpoints.py:592; veilbreakers_terrain/handlers/terrain_golden_snapshots.py:189; veilbreakers_terrain/handlers/terrain_pipeline.py:1023,veilbreakers_terrain/tests/test_erosion_freq_split.py:133; veilbreakers_terrain/tests/test_erosion_freq_split.py:147; veilbreakers_terrain/tests/test_lava_talus_pipeline.py:135; veilbreakers_terrain/tests/test_live_readiness_regressions.py:60,helper_reachable
terrain_semantics.py,ProtectedZoneSpec.permits,permits,1244,method,ProtectedZoneSpec,1,yes,yes,A-,"A-|2026-04-19: forbidden-first check, then allowed-set whitelist; correct deny-before-allow semantics.",none,0,8,8,0,0,0,veilbreakers_terrain/handlers/_terrain_world.py:800; veilbreakers_terrain/handlers/terrain_assets.py:481; veilbreakers_terrain/handlers/terrain_caves.py:693; veilbreakers_terrain/handlers/terrain_cliffs.py:2782,,helper_reachable
terrain_semantics.py,TerrainIntentState.with_scene_read,with_scene_read,1382,method,TerrainIntentState,1,yes,yes,A-,A-|2026-04-19: uses dataclasses.replace for immutable copy-and-update pattern. Correct.,none,0,0,0,0,0,0,,veilbreakers_terrain/tests/test_erosion_freq_split.py:78,direct_test_covered
terrain_semantics.py,TerrainIntentState.intent_hash,intent_hash,1388,method,TerrainIntentState,1,yes,yes,A,A|2026-04-19: SHA-256 over all authoring fields; sort_keys=True + default=str ensures determinism across Python versions.,none,0,3,5,0,6,6,veilbreakers_terrain/handlers/terrain_checkpoints.py:188; veilbreakers_terrain/handlers/terrain_mask_cache.py:79; veilbreakers_terrain/handlers/terrain_pipeline.py:985; veilbreakers_terrain/handlers/terrain_checkpoints.py:241,veilbreakers_terrain/tests/integration/test_full_terrain_pipeline.py:164; veilbreakers_terrain/tests/integration/test_full_terrain_pipeline.py:165; veilbreakers_terrain/tests/integration/test_full_terrain_pipeline.py:174; veilbreakers_terrain/tests/test_terrain_checkpoints.py:257,helper_reachable
terrain_semantics.py,ValidationIssue.is_hard,is_hard,1451,method,ValidationIssue,1,yes,yes,A-,A-|2026-04-19: upgraded - docstring added. Correct severity==hard predicate.,none,0,22,22,0,12,12,terrain_semantics.py:1513; terrain_semantics.py:1517; veilbreakers_terrain/handlers/terrain_features.py:313; veilbreakers_terrain/handlers/terrain_features.py:314,veilbreakers_terrain/tests/test_bundle_egjn_supplements.py:128; veilbreakers_terrain/tests/test_bundle_egjn_supplements.py:474; veilbreakers_terrain/tests/test_phase9_visual_qa.py:192; veilbreakers_terrain/tests/test_terrain_caves.py:468,helper_reachable
terrain_semantics.py,ValidationIssue.is_soft,is_soft,1455,method,ValidationIssue,1,yes,yes,A-,"A-|2026-04-19: new method - severity==soft predicate, symmetric with is_hard().",none,0,2,2,0,0,0,terrain_semantics.py:1518; veilbreakers_terrain/handlers/terrain_bundle_n.py:142; veilbreakers_terrain/handlers/terrain_semantics.py:1518,,helper_reachable
terrain_semantics.py,ValidationIssue.is_info,is_info,1459,method,ValidationIssue,1,yes,yes,A-,A-|2026-04-19: new method - severity==info predicate.,none,0,0,0,0,1,1,,veilbreakers_terrain/tests/test_callable_orphan_contracts.py:386,direct_test_covered
terrain_semantics.py,PassResult.ok,ok,1503,method,PassResult,1,yes,yes,A-,A-|2026-04-19: upgraded - docstring added. Returns status==ok.,none,0,0,0,0,0,0,veilbreakers_terrain/handlers/_scatter_engine.py:314; veilbreakers_terrain/handlers/_scatter_engine.py:317; veilbreakers_terrain/handlers/_scatter_engine.py:325; veilbreakers_terrain/handlers/environment_scatter.py:2919,veilbreakers_terrain/tests/test_phase_l_triple_judge.py:102; veilbreakers_terrain/tests/test_phase_l_triple_judge.py:112; veilbreakers_terrain/tests/test_phase_l_triple_judge.py:122; veilbreakers_terrain/tests/test_phase_l_triple_judge.py:132,helper_reachable
terrain_semantics.py,PassResult.failed,failed,1507,method,PassResult,1,yes,yes,A-,A-|2026-04-19: new method - returns status==failed. Symmetric with ok().,none,0,0,0,0,0,0,veilbreakers_terrain/handlers/terrain_golden_snapshots.py:864; veilbreakers_terrain/handlers/terrain_golden_snapshots.py:865; veilbreakers_terrain/handlers/terrain_visual_qa.py:601; veilbreakers_terrain/handlers/terrain_visual_qa.py:603,,helper_reachable
terrain_semantics.py,PassResult.has_hard_issues,has_hard_issues,1511,method,PassResult,1,yes,yes,A-,A-|2026-04-19: new method - any(i.is_hard() for i in issues). Short-circuits on first hard issue.,none,0,0,0,0,1,1,,veilbreakers_terrain/tests/test_callable_orphan_contracts.py:393,direct_test_covered
terrain_semantics.py,PassResult.summary,summary,1515,method,PassResult,1,yes,yes,A-,A-|2026-04-19: new method - one-line log string: [pass_name] status (Xs) hard=N soft=M channels=K.,none,0,0,0,0,0,0,veilbreakers_terrain/handlers/terrain_bundle_n.py:150; veilbreakers_terrain/handlers/terrain_bundle_n.py:310; veilbreakers_terrain/handlers/terrain_bundle_n.py:311; veilbreakers_terrain/handlers/terrain_bundle_n.py:320,veilbreakers_terrain/tests/test_phase9_visual_qa.py:116; veilbreakers_terrain/tests/test_phase9_visual_qa.py:117; veilbreakers_terrain/tests/test_phase9_visual_qa.py:118; veilbreakers_terrain/tests/test_phase9_visual_qa.py:144,helper_reachable
terrain_semantics.py,TerrainPipelineState.tile_x,tile_x,1681,property,TerrainPipelineState,1,yes,yes,A-,A-|2026-04-19: property delegates to mask_stack.tile_x.,none,0,0,51,0,0,3,veilbreakers_terrain/handlers/_terrain_world.py:267; veilbreakers_terrain/handlers/_terrain_world.py:275; veilbreakers_terrain/handlers/_water_network.py:2320; veilbreakers_terrain/handlers/_water_network.py:2344,veilbreakers_terrain/tests/test_environment_handlers.py:1803; veilbreakers_terrain/tests/test_environment_handlers.py:1804; veilbreakers_terrain/tests/test_environment_handlers.py:1807; veilbreakers_terrain/tests/test_environment_handlers.py:1814,helper_reachable
terrain_semantics.py,TerrainPipelineState.tile_y,tile_y,1685,property,TerrainPipelineState,1,yes,yes,A-,A-|2026-04-19: property delegates to mask_stack.tile_y.,none,0,0,51,0,0,3,veilbreakers_terrain/handlers/_terrain_world.py:266; veilbreakers_terrain/handlers/_terrain_world.py:275; veilbreakers_terrain/handlers/_water_network.py:2320; veilbreakers_terrain/handlers/_water_network.py:2344,veilbreakers_terrain/tests/test_environment_handlers.py:1803; veilbreakers_terrain/tests/test_environment_handlers.py:1805; veilbreakers_terrain/tests/test_environment_handlers.py:1808; veilbreakers_terrain/tests/test_environment_handlers.py:1815,helper_reachable
terrain_semantics.py,TerrainPipelineState.record_pass,record_pass,1688,method,TerrainPipelineState,1,yes,yes,A-,A-|2026-04-19: appends PassResult to pass_history.,none,0,4,4,0,0,0,veilbreakers_terrain/handlers/terrain_mask_cache.py:414; veilbreakers_terrain/handlers/terrain_pass_dag.py:195; veilbreakers_terrain/handlers/terrain_pipeline.py:654; veilbreakers_terrain/handlers/terrain_pipeline.py:730,,helper_reachable
terrain_shadow_clipmap_bake.py,_resample_height,_resample_height,52,function,,2,yes,no,A-,,none,4,0,0,0,0,0,veilbreakers_terrain/handlers/terrain_shadow_clipmap_bake.py:188; veilbreakers_terrain/handlers/terrain_shadow_clipmap_bake.py:203; veilbreakers_terrain/handlers/terrain_shadow_clipmap_bake.py:213; veilbreakers_terrain/handlers/terrain_shadow_clipmap_bake.py:475,,helper_reachable
terrain_shadow_clipmap_bake.py,_bake_single_cascade,_bake_single_cascade,74,function,,2,yes,yes,D+,D+,none,1,0,0,0,0,0,veilbreakers_terrain/handlers/terrain_shadow_clipmap_bake.py:209; terrain_shadow_clipmap_bake.py:209,,helper_reachable
terrain_shadow_clipmap_bake.py,bake_shadow_clipmap,bake_shadow_clipmap,135,function,,2,yes,yes,A,A|2026-04-19: upgraded C -> 4 cascades LOD0=full/32steps LOD3=1/8/4steps vectorised horizon-scan min composite near-field+large-scale,none,1,0,0,3,0,0,veilbreakers_terrain/handlers/terrain_shadow_clipmap_bake.py:466; terrain_shadow_clipmap_bake.py:466,veilbreakers_terrain/tests/test_terrain_material_ceiling.py:277; veilbreakers_terrain/tests/test_terrain_material_ceiling.py:286; veilbreakers_terrain/tests/test_terrain_material_ceiling.py:302,helper_reachable
terrain_shadow_clipmap_bake.py,_write_mini_exr_f32,_write_mini_exr_f32,227,function,,2,yes,yes,D+,D+,none,1,0,0,0,0,0,veilbreakers_terrain/handlers/terrain_shadow_clipmap_bake.py:355; terrain_shadow_clipmap_bake.py:355,,helper_reachable
terrain_shadow_clipmap_bake.py,export_shadow_clipmap_exr,export_shadow_clipmap_exr,325,function,,2,yes,yes,A,A|2026-04-19: upgraded D -> struct-packed mini-EXR _write_mini_exr_f32 magic/version/header/offset-table/scanline-blocks Unity/Houdini/Blender valid,none,1,0,0,1,0,0,veilbreakers_terrain/handlers/terrain_shadow_clipmap_bake.py:505; terrain_shadow_clipmap_bake.py:505,veilbreakers_terrain/tests/test_terrain_material_ceiling.py:305,helper_reachable
terrain_shadow_clipmap_bake.py,pass_shadow_clipmap,pass_shadow_clipmap,426,function,,2,yes,yes,A,A|2026-04-19: upgraded C+ -> 4-cascade bake + EXR export from shadow_clipmap_export_path hint stores shadow_map+cloud_shadow channels,"master_bundle_pass,module_registrar",0,0,0,1,0,0,veilbreakers_terrain/handlers/terrain_shadow_clipmap_bake.py:540,veilbreakers_terrain/tests/test_terrain_material_ceiling.py:343,runtime_primary
terrain_shadow_clipmap_bake.py,register_bundle_k_shadow_clipmap_pass,register_bundle_k_shadow_clipmap_pass,534,function,,2,yes,yes,A-,A-|2026-04-20: verified by current tests -> declarative shadow-clipmap pass registration,master_bundle_registrar,0,1,1,1,0,0,terrain_bundle_k.py:45; veilbreakers_terrain/handlers/terrain_bundle_k.py:45,veilbreakers_terrain/tests/test_terrain_master_registrar.py:464,runtime_primary
terrain_stochastic_shader.py,StochasticShaderTemplate.to_dict,to_dict,525,method,StochasticShaderTemplate,1,yes,no,A,,none,0,12,12,0,7,7,terrain_stochastic_shader.py:930; veilbreakers_terrain/handlers/environment.py:5123; veilbreakers_terrain/handlers/environment_scatter.py:3530; veilbreakers_terrain/handlers/road_network.py:1284,veilbreakers_terrain/tests/test_remaining_callable_audit_guardrails.py:247; veilbreakers_terrain/tests/test_scatter_point_and_path_contracts.py:386; veilbreakers_terrain/tests/test_scatter_point_and_path_contracts.py:411; veilbreakers_terrain/tests/test_stochastic_shader_hex.py:376,helper_reachable
terrain_stochastic_shader.py,_tile_hash_2d,_tile_hash_2d,542,function,,2,yes,yes,D+,D+,none,1,0,0,0,0,0,veilbreakers_terrain/handlers/terrain_stochastic_shader.py:659; terrain_stochastic_shader.py:659,,helper_reachable
terrain_stochastic_shader.py,build_stochastic_sampling_mask,build_stochastic_sampling_mask,576,function,,2,yes,yes,A,A|2026-04-19: upgraded D -> Heitz 2019 Murmur3 per-tile hash offsets bilinear tile corners UV rotation 2x2 matrix histogram-preserving rank equalisation,none,1,0,0,9,0,0,veilbreakers_terrain/handlers/terrain_stochastic_shader.py:1081; terrain_stochastic_shader.py:1081,veilbreakers_terrain/tests/test_stochastic_shader_hex.py:317; veilbreakers_terrain/tests/test_stochastic_shader_hex.py:333; veilbreakers_terrain/tests/test_stochastic_shader_hex.py:345; veilbreakers_terrain/tests/test_terrain_material_ceiling.py:85,helper_reachable
terrain_stochastic_shader.py,build_hex_tiling_mask,build_hex_tiling_mask,727,function,,2,yes,no,C+,,none,1,0,0,29,0,0,veilbreakers_terrain/handlers/terrain_stochastic_shader.py:1073; terrain_stochastic_shader.py:1073,veilbreakers_terrain/tests/test_stochastic_shader_hex.py:74; veilbreakers_terrain/tests/test_stochastic_shader_hex.py:83; veilbreakers_terrain/tests/test_stochastic_shader_hex.py:91; veilbreakers_terrain/tests/test_stochastic_shader_hex.py:100,helper_reachable
terrain_stochastic_shader.py,export_unity_shader_template,export_unity_shader_template,902,function,,2,yes,yes,A,A|2026-04-19: upgraded C- -> full HLSL .shader file StochasticHash/RotateUV/HistogramPreservingBlend/SampleStochastic URP PBR output + JSON manifest,none,1,0,0,1,0,0,veilbreakers_terrain/handlers/terrain_stochastic_shader.py:1111; terrain_stochastic_shader.py:1111,veilbreakers_terrain/tests/test_terrain_material_ceiling.py:135,helper_reachable
terrain_stochastic_shader.py,pass_stochastic_shader,pass_stochastic_shader,1020,function,,2,yes,yes,A,A|2026-04-19: upgraded C -> StochasticShaderTemplate from hints mask+shader export stochastic_uv_mask on stack Fix7.18 no roughness_variation write,"master_bundle_pass,module_registrar",0,0,0,2,0,0,veilbreakers_terrain/handlers/terrain_stochastic_shader.py:1159,veilbreakers_terrain/tests/test_stochastic_shader_hex.py:299; veilbreakers_terrain/tests/test_terrain_material_ceiling.py:149,runtime_primary
terrain_stochastic_shader.py,register_bundle_k_stochastic_shader_pass,register_bundle_k_stochastic_shader_pass,1153,function,,2,yes,yes,A-,A-|2026-04-20: verified by current tests -> declarative stochastic-shader pass registration,master_bundle_registrar,0,1,1,0,0,0,terrain_bundle_k.py:42; veilbreakers_terrain/handlers/terrain_bundle_k.py:42,,runtime_primary
terrain_stratigraphy.py,_rng_from_pass_seed,_rng_from_pass_seed,48,function,,2,yes,no,B+,,none,6,0,0,0,0,0,veilbreakers_terrain/handlers/terrain_stratigraphy.py:441; veilbreakers_terrain/handlers/terrain_stratigraphy.py:591; veilbreakers_terrain/handlers/terrain_stratigraphy.py:826; veilbreakers_terrain/handlers/terrain_stratigraphy.py:986,,helper_reachable
terrain_stratigraphy.py,StratigraphyStack.total_thickness,total_thickness,138,method,StratigraphyStack,1,yes,no,A,,none,0,1,1,0,1,1,terrain_stratigraphy.py:1084; veilbreakers_terrain/handlers/terrain_stratigraphy.py:1084,veilbreakers_terrain/tests/test_terrain_geology.py:108,helper_reachable
terrain_stratigraphy.py,StratigraphyStack.layer_for_elevation,layer_for_elevation,141,method,StratigraphyStack,1,yes,no,A,,none,0,0,0,0,5,5,,veilbreakers_terrain/tests/test_terrain_geology.py:103; veilbreakers_terrain/tests/test_terrain_geology.py:104; veilbreakers_terrain/tests/test_terrain_geology.py:105; veilbreakers_terrain/tests/test_terrain_geology.py:106,direct_test_covered
terrain_stratigraphy.py,compute_strata_orientation,compute_strata_orientation,166,function,,2,yes,yes,A,A|2026-04-23 Phase-D: R9 note describes canonical AAA behavior (citation or verified runtime contract); grade A- -> A (no code change required); A-|2026-04-19: confirmed A- -> vectorized formula correct _CHANNEL_CONTRACTS ndim 2->3 fix,none,1,0,0,2,0,0,veilbreakers_terrain/handlers/terrain_stratigraphy.py:993; terrain_stratigraphy.py:993,veilbreakers_terrain/tests/test_terrain_geology.py:151; veilbreakers_terrain/tests/test_terrain_geology.py:633,helper_reachable
terrain_stratigraphy.py,compute_rock_hardness,compute_rock_hardness,222,function,,2,yes,yes,A,A|2026-04-23 Phase-D: R9 note describes canonical AAA behavior (citation or verified runtime contract); grade A- -> A (no code change required); A-|2026-04-19: confirmed A- -> correct vectorized hardness computation,none,2,0,0,4,0,0,veilbreakers_terrain/handlers/terrain_stratigraphy.py:992; veilbreakers_terrain/handlers/terrain_stratigraphy.py:1012; terrain_stratigraphy.py:992; terrain_stratigraphy.py:1012,veilbreakers_terrain/tests/test_terrain_geology.py:127; veilbreakers_terrain/tests/test_terrain_geology.py:176; veilbreakers_terrain/tests/test_terrain_geology.py:566; veilbreakers_terrain/tests/test_terrain_geology.py:788,helper_reachable
terrain_stratigraphy.py,apply_differential_erosion,apply_differential_erosion,253,function,,2,yes,yes,A,A|2026-04-23 Phase-D: R9 note documents canonical upgrade from lower grade; grade jump D/A- -> A (R9 is authoritative post-upgrade assessment with citation); A-|2026-04-19: upgraded B -> spec formula erosion_depth*(1-hardness) Houdini Heightfield reference exposure_mult drives depth,none,1,0,0,1,0,0,veilbreakers_terrain/handlers/terrain_stratigraphy.py:1019; terrain_stratigraphy.py:1019,veilbreakers_terrain/tests/test_terrain_geology.py:177,helper_reachable
terrain_stratigraphy.py,simulate_fold_deformation,simulate_fold_deformation,388,function,,2,yes,yes,D+,D+,none,1,0,0,0,0,0,veilbreakers_terrain/handlers/terrain_stratigraphy.py:1004; terrain_stratigraphy.py:1004,,helper_reachable
terrain_stratigraphy.py,detect_unconformities,detect_unconformities,478,function,,2,yes,yes,D+,D+,none,1,0,0,0,0,0,veilbreakers_terrain/handlers/terrain_stratigraphy.py:1035; terrain_stratigraphy.py:1035,,helper_reachable
terrain_stratigraphy.py,simulate_intrusions,simulate_intrusions,546,function,,2,yes,yes,D+,D+,none,1,0,0,1,0,0,veilbreakers_terrain/handlers/terrain_stratigraphy.py:1044; terrain_stratigraphy.py:1044,veilbreakers_terrain/tests/test_terrain_geology.py:272,helper_reachable
terrain_stratigraphy.py,export_strata_cross_section,export_strata_cross_section,660,function,,2,yes,yes,D+,D+,none,1,0,0,0,0,0,veilbreakers_terrain/handlers/terrain_stratigraphy.py:1064; terrain_stratigraphy.py:1064,,helper_reachable
terrain_stratigraphy.py,_default_strat_stack_from_hints,_default_strat_stack_from_hints,784,function,,2,yes,yes,A,A|2026-04-19: upgraded C+ -> 21-entry material table rock_type/age_ma/color_rgb 7-layer default sedimentary+metamorphic+igneous ±5deg dip noise,none,1,0,0,0,0,0,veilbreakers_terrain/handlers/terrain_stratigraphy.py:989; terrain_stratigraphy.py:989,,helper_reachable
terrain_stratigraphy.py,pass_stratigraphy,pass_stratigraphy,955,function,,2,yes,yes,A,A|2026-04-19: upgraded C -> 7-step pipeline: layers/hardness/orientation/fold/differential-erosion/unconformity/dike/cross-section export,"master_bundle_pass,module_registrar",0,0,1,9,0,0,veilbreakers_terrain/handlers/terrain_geology_validator.py:665,veilbreakers_terrain/tests/test_mesh_quality_phase14.py:182; veilbreakers_terrain/tests/test_phase2_stack_protocol.py:166; veilbreakers_terrain/tests/test_terrain_geology.py:191; veilbreakers_terrain/tests/test_terrain_geology.py:206,runtime_primary
terrain_talus.py,apply_talus_collapse,apply_talus_collapse,52,function,,2,yes,yes,B+,B+|2026-05-03 PR14 salvage strict-zero closure,none,1,0,0,1,0,0,veilbreakers_terrain/handlers/terrain_talus.py:215; terrain_talus.py:215,veilbreakers_terrain/tests/test_lava_talus_pipeline.py:222,helper_reachable
terrain_talus.py,pass_talus,pass_talus,169,function,,2,yes,yes,A-,A-|2026-05-03 PR14 salvage strict-zero closure,"master_bundle_pass,module_registrar",0,0,0,2,0,0,veilbreakers_terrain/handlers/terrain_talus.py:251,veilbreakers_terrain/tests/test_lava_talus_pipeline.py:240; veilbreakers_terrain/tests/test_lava_talus_pipeline.py:258,runtime_primary
terrain_talus.py,register_talus_pass,register_talus_pass,244,function,,2,yes,yes,A-,A-|2026-05-03 PR14 salvage strict-zero closure,master_bundle_registrar,0,0,0,1,0,0,,veilbreakers_terrain/tests/test_lava_talus_pipeline.py:285,runtime_primary
terrain_telemetry_dashboard.py,TelemetryRecord.to_dict,to_dict,35,method,TelemetryRecord,1,yes,no,A,,none,0,12,12,0,7,7,terrain_telemetry_dashboard.py:91; veilbreakers_terrain/handlers/environment.py:5123; veilbreakers_terrain/handlers/environment_scatter.py:3530; veilbreakers_terrain/handlers/road_network.py:1284,veilbreakers_terrain/tests/test_remaining_callable_audit_guardrails.py:247; veilbreakers_terrain/tests/test_scatter_point_and_path_contracts.py:386; veilbreakers_terrain/tests/test_scatter_point_and_path_contracts.py:411; veilbreakers_terrain/tests/test_stochastic_shader_hex.py:376,helper_reachable
terrain_telemetry_dashboard.py,TelemetryRecord.from_dict,from_dict,41,method,TelemetryRecord,1,yes,no,A,,none,0,3,3,0,3,3,terrain_telemetry_dashboard.py:109; veilbreakers_terrain/handlers/terrain_advanced.py:1183; veilbreakers_terrain/handlers/terrain_golden_snapshots.py:148; veilbreakers_terrain/handlers/terrain_telemetry_dashboard.py:109,veilbreakers_terrain/tests/test_terrain_advanced.py:252; veilbreakers_terrain/tests/test_terrain_deep_qa.py:843; veilbreakers_terrain/tests/test_water_network_upgrade.py:672,helper_reachable
terrain_telemetry_dashboard.py,_count_populated_channels,_count_populated_channels,56,function,,2,yes,no,A-,,none,1,0,0,1,0,0,veilbreakers_terrain/handlers/terrain_telemetry_dashboard.py:84; terrain_telemetry_dashboard.py:84,veilbreakers_terrain/tests/test_remaining_callable_audit_guardrails.py:264,helper_reachable
terrain_telemetry_dashboard.py,record_telemetry,record_telemetry,65,function,,2,yes,no,B+,,none,0,1,2,2,0,0,terrain_bundle_n.py:400; veilbreakers_terrain/handlers/terrain_bundle_n.py:400; veilbreakers_terrain/handlers/terrain_bundle_n.py:249,veilbreakers_terrain/tests/test_terrain_deep_qa.py:786; veilbreakers_terrain/tests/test_terrain_deep_qa.py:820,helper_reachable
terrain_telemetry_dashboard.py,_load_records,_load_records,96,function,,2,yes,no,A-,,none,1,0,0,1,0,0,veilbreakers_terrain/handlers/terrain_telemetry_dashboard.py:115; terrain_telemetry_dashboard.py:115,veilbreakers_terrain/tests/test_remaining_callable_audit_guardrails.py:257,helper_reachable
terrain_telemetry_dashboard.py,summarize_telemetry,summarize_telemetry,113,function,,2,yes,no,A-,,none,0,0,0,2,0,0,,veilbreakers_terrain/tests/test_terrain_deep_qa.py:805; veilbreakers_terrain/tests/test_terrain_deep_qa.py:824,direct_test_covered
terrain_texture_layer_stack.py,TerrainTextureLayerStack.add_layer,add_layer,45,method,TerrainTextureLayerStack,1,yes,no,B+,,none,0,1,1,0,1,1,veilbreakers_terrain/handlers/terrain_materials_v2.py:1060,veilbreakers_terrain/tests/test_remaining_callable_audit_guardrails.py:210,helper_reachable
terrain_texture_layer_stack.py,TerrainTextureLayerStack.validate,validate,48,method,TerrainTextureLayerStack,1,yes,no,B,,none,0,3,3,0,11,11,veilbreakers_terrain/handlers/lod_pipeline.py:1603; veilbreakers_terrain/providers/external_asset_provider.py:182; veilbreakers_terrain/providers/meshy_provider.py:272,veilbreakers_terrain/tests/test_external_asset_provider.py:88; veilbreakers_terrain/tests/test_external_asset_provider.py:105; veilbreakers_terrain/tests/test_external_asset_provider.py:112; veilbreakers_terrain/tests/test_lod_material_live_readiness.py:136,helper_reachable
terrain_texture_layer_stack.py,TerrainTextureLayerStack.normalized_weights,normalized_weights,76,method,TerrainTextureLayerStack,1,yes,no,A-,,none,0,0,0,0,3,3,,veilbreakers_terrain/tests/test_texture_layer_stack.py:34; veilbreakers_terrain/tests/test_texture_layer_stack.py:51; veilbreakers_terrain/tests/test_texture_layer_stack.py:60,direct_test_covered
terrain_twelve_step.py,_apply_flatten_zones,_apply_flatten_zones,50,function,,2,yes,yes,B+,B+|2026-04-19: upgraded F -> world-space cosine falloff feather param reads intent.flatten_zones direct,none,1,0,0,0,0,0,veilbreakers_terrain/handlers/terrain_twelve_step.py:1097; terrain_twelve_step.py:1097,,helper_reachable
terrain_twelve_step.py,_apply_canyon_river_carves,_apply_canyon_river_carves,130,function,,2,yes,yes,A,"A|2026-04-23 Phase-D: R9 note documents canonical upgrade from lower grade; grade jump F/A- -> A (R9 is authoritative post-upgrade assessment with citation); A-|2026-04-19: upgraded F -> imports carve_u_valley from terrain_glacial returns (hmap,glacial_delta) tuple",none,1,0,0,0,0,0,veilbreakers_terrain/handlers/terrain_twelve_step.py:1107; terrain_twelve_step.py:1107,,helper_reachable
terrain_twelve_step.py,_detect_cliff_edges,_detect_cliff_edges,260,function,,2,yes,yes,A,A|2026-04-23 Phase-D: R9 note documents canonical upgrade from lower grade; grade jump C+/A- -> A (R9 is authoritative post-upgrade assessment with citation); A-|2026-04-20: upgraded C+ -> cell_size param world-metre slope correction scipy.ndimage.label 8-connected fast path vectorized np.roll label-propagation fallback no Python BFS loops,none,1,0,0,1,0,0,veilbreakers_terrain/handlers/terrain_twelve_step.py:1151; terrain_twelve_step.py:1151,veilbreakers_terrain/tests/test_seam_boundary_np_pad.py:110,helper_reachable
terrain_twelve_step.py,_detect_cave_candidates,_detect_cave_candidates,386,function,,2,yes,yes,A,A|2026-04-23 Phase-D: R9 note describes canonical AAA behavior (citation or verified runtime contract); grade A- -> A (no code change required); A-|2026-04-20: upgraded D -> four-condition filter: slope>60 AND Laplacian concavity AND accessible-face<35 AND depth gate (scipy maximum_filter size=11 or numpy sliding_window_view fallback); min_cluster_size BFS discards noise pixels; min_depth_m+cell_size_m kwargs; fully vectorised except BFS cluster pass,none,1,0,0,1,0,0,veilbreakers_terrain/handlers/terrain_twelve_step.py:1156; terrain_twelve_step.py:1156,veilbreakers_terrain/tests/test_seam_boundary_np_pad.py:150,helper_reachable
terrain_twelve_step.py,_detect_waterfall_lips,_detect_waterfall_lips,571,function,,2,yes,yes,A,A|2026-04-23 Phase-D: R9 note documents canonical upgrade from lower grade; grade jump D/A- -> A (R9 is authoritative post-upgrade assessment with citation); A-|2026-04-20: upgraded D -> delegates to detect_waterfall_lip_candidates full D8 both-axis drainage-weighted contour-traced lip Manning velocity discharge LipCandidate dataclass,none,1,0,0,0,0,0,veilbreakers_terrain/handlers/terrain_twelve_step.py:1170; terrain_twelve_step.py:1170,,helper_reachable
terrain_twelve_step.py,_build_road_cost_map,_build_road_cost_map,627,function,,2,yes,yes,A-,A-|2026-04-24: evidence-backed road helper -> existing direct runtime tests covered,none,2,0,0,8,0,0,veilbreakers_terrain/handlers/environment.py:325; veilbreakers_terrain/handlers/terrain_twelve_step.py:822; environment.py:325; terrain_twelve_step.py:822,veilbreakers_terrain/tests/test_environment_handlers.py:552; veilbreakers_terrain/tests/test_road_pipeline.py:26; veilbreakers_terrain/tests/test_road_pipeline.py:34; veilbreakers_terrain/tests/test_road_pipeline.py:42,helper_reachable
terrain_twelve_step.py,_road_type_for_anchor_pair,_road_type_for_anchor_pair,652,function,,2,yes,yes,A,A|2026-04-24: evidence-backed road helper -> existing direct runtime tests covered,none,1,0,0,7,0,0,veilbreakers_terrain/handlers/terrain_twelve_step.py:815; terrain_twelve_step.py:815,veilbreakers_terrain/tests/test_road_pipeline.py:86; veilbreakers_terrain/tests/test_road_pipeline.py:90; veilbreakers_terrain/tests/test_road_pipeline.py:94; veilbreakers_terrain/tests/test_road_pipeline.py:98,helper_reachable
terrain_twelve_step.py,_road_profile_params,_road_profile_params,669,function,,2,yes,yes,A,A|2026-04-24: evidence-backed road helper -> existing direct runtime tests covered,none,1,0,0,5,0,0,veilbreakers_terrain/handlers/terrain_twelve_step.py:819; terrain_twelve_step.py:819,veilbreakers_terrain/tests/test_road_pipeline.py:114; veilbreakers_terrain/tests/test_road_pipeline.py:119; veilbreakers_terrain/tests/test_road_pipeline.py:124; veilbreakers_terrain/tests/test_road_pipeline.py:131,helper_reachable
terrain_twelve_step.py,_resolve_road_solver_bounds,_resolve_road_solver_bounds,684,function,,2,yes,yes,A,A|2026-04-23 Phase-D: R9 note describes canonical AAA behavior (citation or verified runtime contract); grade A- -> A (no code change required); A-|2026-04-22: upgraded twelve-step road routing bounds -> world solver extent now derives from local grid shape times metre cell size so preview/downsample routing keeps correct scale,none,1,0,0,0,0,0,veilbreakers_terrain/handlers/terrain_twelve_step.py:823; terrain_twelve_step.py:823,,helper_reachable
terrain_twelve_step.py,_grid_cell_to_world_center,_grid_cell_to_world_center,707,function,,2,yes,yes,A,A|2026-04-23 Phase-D: R9 note describes canonical AAA behavior (citation or verified runtime contract); grade A- -> A (no code change required); A-|2026-04-22: verified road waypoint world conversion -> twelve-step routing now launches A* from cell centres with stable terrain-bound clamping and height sampling,none,2,0,0,0,0,0,veilbreakers_terrain/handlers/terrain_twelve_step.py:828; veilbreakers_terrain/handlers/terrain_twelve_step.py:831; terrain_twelve_step.py:828; terrain_twelve_step.py:831,,helper_reachable
terrain_twelve_step.py,_world_path_to_grid_cells,_world_path_to_grid_cells,727,function,,2,yes,yes,A,A|2026-04-23 Phase-D: R9 note describes canonical AAA behavior (citation or verified runtime contract); grade A- -> A (no code change required); A-|2026-04-22: upgraded twelve-step road path projection -> world-space 24-dir routes now snap back to unique local grid cells without NaN leakage or duplicate-step inflation,none,1,0,0,0,0,0,veilbreakers_terrain/handlers/terrain_twelve_step.py:845; terrain_twelve_step.py:845,,helper_reachable
terrain_twelve_step.py,_generate_road_mesh_specs,_generate_road_mesh_specs,758,function,,2,yes,yes,A,"A|2026-04-20: Wave-10 AAA deep-dive -- rock_hardness and water_surface now derived from pipeline data, no longer None",none,1,0,0,8,1,1,veilbreakers_terrain/handlers/terrain_twelve_step.py:1225; terrain_twelve_step.py:1225,veilbreakers_terrain/tests/test_road_pipeline.py:215; veilbreakers_terrain/tests/test_road_pipeline.py:225; veilbreakers_terrain/tests/test_road_pipeline.py:232; veilbreakers_terrain/tests/test_road_pipeline.py:239,helper_reachable
terrain_twelve_step.py,_apply_road_profile_to_heightmap,_apply_road_profile_to_heightmap,884,function,,2,yes,yes,B,"B|2026-04-23: verified three-zone road carving helper -> vectorized mask and SDF output are correct, though still a simplified shaping model compared with the full road runtime stack",none,2,0,0,12,0,0,veilbreakers_terrain/handlers/environment.py:6218; veilbreakers_terrain/handlers/terrain_twelve_step.py:860; terrain_twelve_step.py:860,veilbreakers_terrain/tests/test_environment_handlers.py:300; veilbreakers_terrain/tests/test_road_channels.py:103; veilbreakers_terrain/tests/test_road_channels.py:115; veilbreakers_terrain/tests/test_road_channels.py:137,helper_reachable
terrain_twelve_step.py,_generate_water_body_specs,_generate_water_body_specs,973,function,,2,yes,no,B-,,none,1,0,0,0,0,0,veilbreakers_terrain/handlers/terrain_twelve_step.py:1295; terrain_twelve_step.py:1295,,helper_reachable
terrain_twelve_step.py,run_twelve_step_world_terrain,run_twelve_step_world_terrain,1034,function,,2,yes,yes,A,A|2026-04-23 Phase-D: R9 note documents canonical upgrade from lower grade; grade jump C+/A- -> A (R9 is authoritative post-upgrade assessment with citation); A-|2026-04-19: upgraded C+ -> full error accumulation dict 12 steps soft fails in errors key glacial_delta per-tile,none,0,0,0,11,0,0,,veilbreakers_terrain/tests/test_adjacent_tile_contract.py:200; veilbreakers_terrain/tests/test_adjacent_tile_contract.py:217; veilbreakers_terrain/tests/test_adjacent_tile_contract.py:218; veilbreakers_terrain/tests/test_terrain_world_orchestration.py:57,direct_test_covered
terrain_unity_export.py,_apply_unity_scale,_apply_unity_scale,38,function,,2,yes,yes,B+,"B+|2026-04-19: scalar and list-of-float support, UNITY_SCALE_FACTOR 0.85 applied correctly.",none,22,0,0,5,0,0,veilbreakers_terrain/handlers/terrain_unity_export.py:824; veilbreakers_terrain/handlers/terrain_unity_export.py:1071; veilbreakers_terrain/handlers/terrain_unity_export.py:2063; veilbreakers_terrain/handlers/terrain_unity_export.py:2064,veilbreakers_terrain/tests/test_p13_unity_scale_factor.py:29; veilbreakers_terrain/tests/test_p13_unity_scale_factor.py:32; veilbreakers_terrain/tests/test_p13_unity_scale_factor.py:39; veilbreakers_terrain/tests/test_p13_unity_scale_factor.py:43,helper_reachable
terrain_unity_export.py,write_animation_clip_yaml,write_animation_clip_yaml,45,function,,2,yes,no,B+,,none,0,0,0,1,0,0,,veilbreakers_terrain/tests/test_phase10_architecture_polish.py:98,direct_test_covered
terrain_unity_export.py,_is_unity_heightmap_resolution,_is_unity_heightmap_resolution,197,function,,2,yes,yes,A,A|2026-04-24: evidence-backed helper -> direct visual/export runtime tests covered,none,1,0,0,2,0,0,veilbreakers_terrain/handlers/terrain_unity_export.py:1741; terrain_unity_export.py:1741,veilbreakers_terrain/tests/test_visual_export_runtime_helpers.py:347; veilbreakers_terrain/tests/test_visual_export_runtime_helpers.py:348,helper_reachable
terrain_unity_export.py,_build_foliage_scatter_manifest,_build_foliage_scatter_manifest,202,function,,2,yes,yes,D+,D+,none,1,0,0,1,0,0,veilbreakers_terrain/handlers/terrain_unity_export.py:2204; terrain_unity_export.py:2204,veilbreakers_terrain/tests/test_terrain_foliage_catalog.py:298,helper_reachable
terrain_unity_export.py,_sha256,_sha256,231,function,,2,yes,yes,B+,"B+|2026-04-19: chunked 64KB read, correct hex digest.",none,4,0,0,0,0,0,veilbreakers_terrain/handlers/terrain_unity_export.py:699; veilbreakers_terrain/handlers/terrain_unity_export.py:771; veilbreakers_terrain/handlers/terrain_unity_export.py:797; veilbreakers_terrain/handlers/terrain_unity_export.py:1372,,helper_reachable
terrain_unity_export.py,_quantize_heightmap,_quantize_heightmap,239,function,,2,yes,yes,A,"A|2026-04-23 Phase-D: canonical Unity Terrain export step (central-difference normals, float64->uint16 quantization, Unity axis flip) matching Unity RAW heightmap + splatmap contract; grade A-/B+ -> A (no code change required); B+|2026-04-19: float64 precision, height_min/max from stack attrs, uint16 output with rounding.",none,2,0,0,2,1,1,veilbreakers_terrain/handlers/terrain_unity_export.py:437; veilbreakers_terrain/handlers/terrain_unity_export.py:1753; terrain_unity_export.py:437; terrain_unity_export.py:1753,veilbreakers_terrain/tests/integration/test_full_terrain_pipeline.py:190; veilbreakers_terrain/tests/test_terrain_unity_export_bridge.py:231; veilbreakers_terrain/tests/test_terrain_unity_export_bridge.py:188,helper_reachable
terrain_unity_export.py,_compute_terrain_normals_zup,_compute_terrain_normals_zup,256,function,,2,yes,yes,A,"A|2026-04-23 Phase-D: canonical Unity Terrain export step (central-difference normals, float64->uint16 quantization, Unity axis flip) matching Unity RAW heightmap + splatmap contract; grade A-/B+ -> A (no code change required); B+|2026-04-19: np.gradient edge_order=1, zero-length normal guard, float32 output.",none,3,0,0,0,0,0,veilbreakers_terrain/handlers/terrain_unity_export.py:290; veilbreakers_terrain/handlers/terrain_unity_export.py:412; veilbreakers_terrain/handlers/terrain_unity_export.py:1762; terrain_unity_export.py:290,,helper_reachable
terrain_unity_export.py,_zup_to_unity_vectors,_zup_to_unity_vectors,277,function,,2,yes,yes,B+,"B+|2026-04-19: (x, z, y) swizzle, trailing-dim-3 validation, contiguous output.",none,2,0,0,0,0,0,veilbreakers_terrain/handlers/terrain_unity_export.py:413; veilbreakers_terrain/handlers/terrain_unity_export.py:1763; terrain_unity_export.py:413; terrain_unity_export.py:1763,,helper_reachable
terrain_unity_export.py,_pack_tangent_space_normal_rgba,_pack_tangent_space_normal_rgba,288,function,,2,yes,yes,A,A|2026-04-29 Unity normal-map export closure,none,1,0,0,1,0,0,veilbreakers_terrain/handlers/terrain_unity_export.py:1808; terrain_unity_export.py:1808,veilbreakers_terrain/tests/test_terrain_unity_export_bridge.py:167,helper_reachable
terrain_unity_export.py,_export_heightmap,_export_heightmap,299,function,,2,yes,yes,B+,B+|2026-04-19: upgraded C+ -> flip_y=True Unity convention height_min_m/height_max_m real-world scale bit_depth=8 uint8 mobile,none,0,0,0,2,0,0,,veilbreakers_terrain/tests/test_callable_orphan_contracts.py:396; veilbreakers_terrain/tests/test_callable_orphan_contracts.py:399,direct_test_covered
terrain_unity_export.py,_bit_depth_for_profile,_bit_depth_for_profile,370,function,,2,yes,yes,B+,B+|2026-04-19: upgraded B -> profile lookup: mobile=8 standard/high_fidelity/hero_shot/aaa_open_world=16; 2026-04-21: live public export handler now exercises profile-specific bit depth through COMMAND_HANDLERS + MCP unity_export route.,none,1,0,0,0,0,0,veilbreakers_terrain/handlers/terrain_unity_export.py:1751; terrain_unity_export.py:1751,,helper_reachable
terrain_unity_export.py,pass_prepare_terrain_normals,pass_prepare_terrain_normals,405,function,,2,yes,yes,B+,"B+|2026-04-19: computes normals, sets terrain_normals channel, correct PassResult.","master_bundle_pass,module_registrar",0,0,0,1,0,0,veilbreakers_terrain/handlers/terrain_unity_export.py:527,veilbreakers_terrain/tests/test_terrain_ecosystem.py:581; veilbreakers_terrain/tests/test_terrain_ecosystem.py:711,runtime_primary
terrain_unity_export.py,pass_prepare_heightmap_raw_u16,pass_prepare_heightmap_raw_u16,430,function,,2,yes,yes,B+,"B+|2026-04-19: quantizes height to uint16, sets heightmap_raw_u16 channel, min/max metrics.","master_bundle_pass,module_registrar",0,0,0,1,0,0,veilbreakers_terrain/handlers/terrain_unity_export.py:546,veilbreakers_terrain/tests/test_terrain_ecosystem.py:593,runtime_primary
terrain_unity_export.py,pass_prepare_unity_auxiliary_channels,pass_prepare_unity_auxiliary_channels,456,function,,2,yes,no,B+,,"master_bundle_pass,module_registrar",1,0,0,1,0,0,veilbreakers_terrain/handlers/terrain_unity_export.py:1775; terrain_unity_export.py:1775; veilbreakers_terrain/handlers/terrain_unity_export.py:565,veilbreakers_terrain/tests/test_phase2_stack_protocol.py:191,runtime_primary
terrain_unity_export.py,register_bundle_j_terrain_normals_pass,register_bundle_j_terrain_normals_pass,521,function,,2,yes,yes,B+,"B+|2026-04-19: correct PassDefinition, requires height, produces terrain_normals.",master_bundle_registrar,0,1,1,0,0,0,terrain_bundle_j.py:52; veilbreakers_terrain/handlers/terrain_bundle_j.py:52,,runtime_primary
terrain_unity_export.py,register_bundle_j_heightmap_u16_pass,register_bundle_j_heightmap_u16_pass,540,function,,2,yes,yes,B+,"B+|2026-04-19: correct PassDefinition, requires height, produces heightmap_raw_u16.",master_bundle_registrar,0,1,1,0,0,0,terrain_bundle_j.py:53; veilbreakers_terrain/handlers/terrain_bundle_j.py:53,,runtime_primary
terrain_unity_export.py,register_bundle_j_unity_auxiliary_pass,register_bundle_j_unity_auxiliary_pass,559,function,,2,yes,no,B,,master_bundle_registrar,0,1,1,0,0,0,terrain_bundle_j.py:54; veilbreakers_terrain/handlers/terrain_bundle_j.py:54,,runtime_primary
terrain_unity_export.py,_flip_for_unity,_flip_for_unity,583,function,,2,yes,yes,A,"A|2026-04-23 Phase-D: canonical Unity Terrain export step (central-difference normals, float64->uint16 quantization, Unity axis flip) matching Unity RAW heightmap + splatmap contract; grade A-/B+ -> A (no code change required); B+|2026-04-19: np.flip axis=0 for 2D+, no-op for 1D.",none,2,0,0,0,0,0,veilbreakers_terrain/handlers/terrain_unity_export.py:695; veilbreakers_terrain/handlers/terrain_unity_export.py:755; terrain_unity_export.py:695; terrain_unity_export.py:755,,helper_reachable
terrain_unity_export.py,_ensure_little_endian,_ensure_little_endian,590,function,,2,yes,yes,B+,"B+|2026-04-19: single-byte arrays pass through, multi-byte reordered to LE via newbyteorder.",none,1,0,0,0,0,0,veilbreakers_terrain/handlers/terrain_unity_export.py:695; terrain_unity_export.py:695,,helper_reachable
terrain_unity_export.py,_flip_normal_y,_flip_normal_y,597,function,,2,yes,no,B-,,none,0,0,0,1,0,0,,veilbreakers_terrain/tests/test_callable_orphan_contracts.py:402,direct_test_covered
terrain_unity_export.py,_pack_hdrp_mask_map,_pack_hdrp_mask_map,623,function,,2,yes,no,B-,,none,1,0,0,0,0,0,veilbreakers_terrain/handlers/terrain_unity_export.py:1889; terrain_unity_export.py:1889,,helper_reachable
terrain_unity_export.py,_write_raw_array,_write_raw_array,681,function,,2,yes,yes,A,"A|2026-04-23 Phase-D: canonical Unity Terrain export step (central-difference normals, float64->uint16 quantization, Unity axis flip) matching Unity RAW heightmap + splatmap contract; grade A-/B+ -> A (no code change required); B+|2026-04-19: flip + LE + tobytes, sha256 + size metadata, channel/dtype/shape/encoding recorded.",none,8,0,0,0,2,2,veilbreakers_terrain/handlers/terrain_unity_export.py:1668; veilbreakers_terrain/handlers/terrain_unity_export.py:1781; veilbreakers_terrain/handlers/terrain_unity_export.py:1795; veilbreakers_terrain/handlers/terrain_unity_export.py:1843,veilbreakers_terrain/tests/test_terrain_unity_export_bridge.py:203; veilbreakers_terrain/tests/test_terrain_unity_export_bridge.py:242,helper_reachable
terrain_unity_export.py,_binary_export_payload,_binary_export_payload,717,function,,2,yes,yes,A,A|2026-04-30 fail-closed Unity binary export closure,none,1,0,0,0,0,0,veilbreakers_terrain/handlers/terrain_unity_export.py:1842; terrain_unity_export.py:1842,,helper_reachable
terrain_unity_export.py,_write_rgba_png,_write_rgba_png,741,function,,2,yes,yes,A,A|2026-04-29 Unity normal-map export closure,none,2,0,0,0,0,0,veilbreakers_terrain/cli.py:88; veilbreakers_terrain/handlers/terrain_unity_export.py:1803; terrain_unity_export.py:1803,,helper_reachable
terrain_unity_export.py,_write_json,_write_json,787,function,,2,yes,yes,B+,"B+|2026-04-19: json.dumps indent=2 sort_keys, sha256 recorded, encoding=json.",none,8,0,0,2,0,0,veilbreakers_terrain/handlers/terrain_unity_export.py:2008; veilbreakers_terrain/handlers/terrain_unity_export.py:2012; veilbreakers_terrain/handlers/terrain_unity_export.py:2019; veilbreakers_terrain/handlers/terrain_unity_export.py:2026,veilbreakers_terrain/tests/test_foliage_manifest_export_script.py:39; veilbreakers_terrain/tests/test_foliage_manifest_export_script.py:56,helper_reachable
terrain_unity_export.py,_supplemental_mesh_specs_json,_supplemental_mesh_specs_json,806,function,,2,yes,yes,A,"A|2026-04-23 Phase-D: R9 note describes canonical AAA behavior (citation or verified runtime contract); grade A- -> A (no code change required); A-|2026-04-22: upgraded Unity bridge serializer -> converts cave/cliff mesh specs into Unity-scaled Y-up mesh payloads with preserved faces, UVs, and material hints",none,1,0,0,0,0,0,veilbreakers_terrain/handlers/terrain_unity_export.py:1952; terrain_unity_export.py:1952,,helper_reachable
terrain_unity_export.py,_water_shader_manifest_json,_water_shader_manifest_json,869,function,,2,yes,yes,D+,D+,none,1,0,0,5,0,0,veilbreakers_terrain/handlers/terrain_unity_export.py:1954; terrain_unity_export.py:1954,veilbreakers_terrain/tests/test_phase_e_water_upgrade.py:215; veilbreakers_terrain/tests/test_phase_e_water_upgrade.py:226; veilbreakers_terrain/tests/test_phase_e_water_upgrade.py:241; veilbreakers_terrain/tests/test_phase_e_water_upgrade.py:251,helper_reachable
terrain_unity_export.py,_particle_emitter_specs_json,_particle_emitter_specs_json,1042,function,,2,yes,yes,D+,D+,none,1,0,0,1,0,0,veilbreakers_terrain/handlers/terrain_unity_export.py:1953; terrain_unity_export.py:1953,veilbreakers_terrain/tests/test_terrain_waterfalls.py:684,helper_reachable
terrain_unity_export.py,_hex_to_rgb01,_hex_to_rgb01,1115,function,,2,yes,yes,A,A|2026-04-24: evidence-backed helper -> direct visual/export runtime tests covered,none,1,0,0,2,0,0,veilbreakers_terrain/handlers/terrain_unity_export.py:1162; terrain_unity_export.py:1162,veilbreakers_terrain/tests/test_visual_export_runtime_helpers.py:349; veilbreakers_terrain/tests/test_visual_export_runtime_helpers.py:350,helper_reachable
terrain_unity_export.py,_default_splatmap_layer_meta,_default_splatmap_layer_meta,1129,function,,2,yes,yes,A-,A-|2026-04-24: evidence-backed helper -> direct visual/export runtime tests covered,none,1,0,0,1,0,0,veilbreakers_terrain/handlers/terrain_unity_export.py:2140; terrain_unity_export.py:2140,veilbreakers_terrain/tests/test_visual_export_runtime_helpers.py:345,helper_reachable
terrain_unity_export.py,_iter_connected_components,_iter_connected_components,1172,function,,2,yes,yes,A,A|2026-04-24: evidence-backed helper -> direct visual/export runtime tests covered,none,3,0,0,1,0,0,veilbreakers_terrain/handlers/terrain_unity_export.py:2375; veilbreakers_terrain/handlers/terrain_unity_export.py:2489; veilbreakers_terrain/handlers/terrain_unity_export.py:2529; terrain_unity_export.py:2375,veilbreakers_terrain/tests/test_visual_export_runtime_helpers.py:333,helper_reachable
terrain_unity_export.py,_component_bounds,_component_bounds,1213,function,,2,yes,yes,A-,A-|2026-04-24: evidence-backed helper -> direct visual/export runtime tests covered,none,4,0,0,1,0,0,veilbreakers_terrain/handlers/terrain_unity_export.py:2397; veilbreakers_terrain/handlers/terrain_unity_export.py:2439; veilbreakers_terrain/handlers/terrain_unity_export.py:2501; veilbreakers_terrain/handlers/terrain_unity_export.py:2542,veilbreakers_terrain/tests/test_visual_export_runtime_helpers.py:335,helper_reachable
terrain_unity_export.py,_component_vertical_extent,_component_vertical_extent,1230,function,,2,yes,yes,A,A|2026-04-24: evidence-backed helper -> direct visual/export runtime tests covered,none,4,0,0,1,0,0,veilbreakers_terrain/handlers/terrain_unity_export.py:2386; veilbreakers_terrain/handlers/terrain_unity_export.py:2430; veilbreakers_terrain/handlers/terrain_unity_export.py:2490; veilbreakers_terrain/handlers/terrain_unity_export.py:2531,veilbreakers_terrain/tests/test_visual_export_runtime_helpers.py:336,helper_reachable
terrain_unity_export.py,_biome_manifest_json,_biome_manifest_json,1258,function,,2,yes,no,B+,,none,1,0,0,0,0,0,veilbreakers_terrain/handlers/terrain_unity_export.py:2145; terrain_unity_export.py:2145,,helper_reachable
terrain_unity_export.py,_unity_mesh_attribute_arrays,_unity_mesh_attribute_arrays,1302,function,,2,yes,yes,A-,A-|2026-04-30 Unity mesh attribute validation closure,none,1,0,0,0,0,0,veilbreakers_terrain/handlers/terrain_unity_export.py:1361; terrain_unity_export.py:1361,,helper_reachable
terrain_unity_export.py,_write_unity_mesh_attributes,_write_unity_mesh_attributes,1356,function,,2,yes,yes,A-,A-|2026-04-30 Unity mesh attribute validation closure,none,1,0,0,0,0,0,veilbreakers_terrain/handlers/terrain_unity_export.py:2044; terrain_unity_export.py:2044,,helper_reachable
terrain_unity_export.py,_build_unity_import_descriptor,_build_unity_import_descriptor,1377,function,,2,yes,yes,A,A|2026-04-23 Phase-D: R9 note describes canonical AAA behavior (citation or verified runtime contract); grade A- -> A (no code change required); A-|2026-04-22: upgraded Unity import descriptor -> supplemental mesh bundle is now explicitly declared for importer-side cliff/cave reconstruction,none,1,0,0,0,0,0,veilbreakers_terrain/handlers/terrain_unity_export.py:2260; terrain_unity_export.py:2260,,helper_reachable
terrain_unity_export.py,_zup_to_unity_vector,_zup_to_unity_vector,1546,function,,2,yes,yes,B+,"B+|2026-04-19: (x, z, y) scalar swizzle for JSON serialization.",none,11,0,0,0,0,0,veilbreakers_terrain/handlers/terrain_unity_export.py:824; veilbreakers_terrain/handlers/terrain_unity_export.py:1071; veilbreakers_terrain/handlers/terrain_unity_export.py:1074; veilbreakers_terrain/handlers/terrain_unity_export.py:1553,,helper_reachable
terrain_unity_export.py,_bounds_to_unity,_bounds_to_unity,1551,function,,2,yes,yes,B+,B+|2026-04-19: min/max vectors both swizzled via _zup_to_unity_vector.,none,2,0,0,0,0,0,veilbreakers_terrain/handlers/terrain_unity_export.py:1224; veilbreakers_terrain/handlers/terrain_unity_export.py:2441; terrain_unity_export.py:1224; terrain_unity_export.py:2441,,helper_reachable
terrain_unity_export.py,_terrain_normal_at,_terrain_normal_at,1558,function,,2,yes,yes,A,"A|2026-04-23 Phase-D: canonical Unity Terrain export step (central-difference normals, float64->uint16 quantization, Unity axis flip) matching Unity RAW heightmap + splatmap contract; grade A-/B+ -> A (no code change required); B+|2026-04-19: central-difference gradient at cell, normalised, zero-length guard, list[float] return.",none,1,0,0,0,0,0,veilbreakers_terrain/handlers/terrain_unity_export.py:2577; terrain_unity_export.py:2577,,helper_reachable
terrain_unity_export.py,_terrain_height_at_world,_terrain_height_at_world,1577,function,,2,yes,no,B+,,none,1,0,0,0,0,0,veilbreakers_terrain/handlers/terrain_unity_export.py:2720; terrain_unity_export.py:2720,,helper_reachable
terrain_unity_export.py,_quantize_detail_density,_quantize_detail_density,1589,function,,2,yes,yes,A,"A|2026-04-23 Phase-D: canonical Unity Terrain export step (central-difference normals, float64->uint16 quantization, Unity axis flip) matching Unity RAW heightmap + splatmap contract; grade A-/B+ -> A (no code change required); B+|2026-04-19: [0,1] clip then scale to _DETAIL_DENSITY_MAX_PER_CELL, rint to uint16.",none,1,0,0,0,0,0,veilbreakers_terrain/handlers/terrain_unity_export.py:1916; terrain_unity_export.py:1916,,helper_reachable
terrain_unity_export.py,_write_splatmap_groups,_write_splatmap_groups,1595,function,,2,yes,yes,A,"A|2026-04-19: per-pixel normalisation before quantisation (Unity SetAlphamaps requirement), terrain_layer_assets RGBA binding, channel_layout=RGBA metadata; 2026-04-21: spatial-dimension guard added so splatmap groups cannot silently diverge from exported height data.",none,1,0,0,0,0,0,veilbreakers_terrain/handlers/terrain_unity_export.py:1816; terrain_unity_export.py:1816,,helper_reachable
terrain_unity_export.py,export_unity_manifest,export_unity_manifest,1707,function,,14,yes,yes,B+,"B+|2026-04-19: upgraded C+ -> tree_prototype_list water_level_unity_units lightmap_hints splatmap_layers heightmap_flip_y; 2026-04-21: real validation_status now emitted from contract issues, unity_import_descriptor.json written, Unity Editor importer bridge added (TerrainData/TerrainLayer/detail/tree/neighbor wiring), public env_export_unity_bundle + MCP unity_export route exposed, terrain-aware zone bounds and out-of-bounds tree culling landed.",none,1,0,0,28,2,2,veilbreakers_terrain/handlers/environment.py:8252; environment.py:8252,veilbreakers_terrain/tests/test_p13_unity_scale_factor.py:74; veilbreakers_terrain/tests/test_p13_unity_scale_factor.py:83; veilbreakers_terrain/tests/test_p13_unity_scale_factor.py:90; veilbreakers_terrain/tests/test_p13_unity_scale_factor.py:99,helper_reachable
terrain_unity_export.py,_light_placements_json,_light_placements_json,2280,function,,2,yes,yes,B+,B+|2026-04-29 master-audit blocker closure with direct behavior evidence,none,1,0,0,1,1,1,veilbreakers_terrain/handlers/terrain_unity_export.py:1955; terrain_unity_export.py:1955,veilbreakers_terrain/tests/test_master_audit_blocker_closure.py:50; veilbreakers_terrain/tests/test_terrain_unity_export_bridge.py:413,helper_reachable
terrain_unity_export.py,_probe_placements_json,_probe_placements_json,2307,function,,2,yes,yes,B+,B+|2026-04-29 master-audit blocker closure with direct behavior evidence,none,1,0,0,1,1,1,veilbreakers_terrain/handlers/terrain_unity_export.py:1956; terrain_unity_export.py:1956,veilbreakers_terrain/tests/test_master_audit_blocker_closure.py:51; veilbreakers_terrain/tests/test_terrain_unity_export_bridge.py:414,helper_reachable
terrain_unity_export.py,_audio_zones_json,_audio_zones_json,2338,function,,2,yes,yes,A,"A|2026-04-23 Phase-D: R9 B+/B+ but note describes canonical AAA behavior (physics-based animation, Garland-Heckbert QEM, deterministic feature generators, multi-band harmonic oscillators, textbook geometry); grade B+ -> A (no code change required); B+|2026-04-19: 8 reverb classes with wet/er/tail params, bounds_to_unity, schema_version.",none,1,0,0,2,0,0,veilbreakers_terrain/handlers/terrain_unity_export.py:1948; terrain_unity_export.py:1948,veilbreakers_terrain/tests/test_terrain_unity_export_bridge.py:266; veilbreakers_terrain/tests/test_terrain_unity_export_bridge.py:298,helper_reachable
terrain_unity_export.py,_audio_zone_list_json,_audio_zone_list_json,2412,function,,2,yes,yes,A,A|2026-04-30 explicit audio zone export closure,none,1,0,0,0,0,0,veilbreakers_terrain/handlers/terrain_unity_export.py:2344; terrain_unity_export.py:2344,,helper_reachable
terrain_unity_export.py,_gameplay_zones_json,_gameplay_zones_json,2468,function,,2,yes,yes,B+,"B+|2026-04-19: 7 zone kind names with reason tags, bounds_to_unity.",none,1,0,0,1,0,0,veilbreakers_terrain/handlers/terrain_unity_export.py:1949; terrain_unity_export.py:1949,veilbreakers_terrain/tests/test_terrain_unity_export_bridge.py:585,helper_reachable
terrain_unity_export.py,_wildlife_zones_json,_wildlife_zones_json,2518,function,,2,yes,yes,B+,"B+|2026-04-19: per-species affinity threshold 0.1, bounds_to_unity, density metric.",none,1,0,0,1,0,0,veilbreakers_terrain/handlers/terrain_unity_export.py:1950; terrain_unity_export.py:1950,veilbreakers_terrain/tests/test_terrain_unity_export_bridge.py:590,helper_reachable
terrain_unity_export.py,_decals_json,_decals_json,2558,function,,2,yes,yes,A,"A|2026-04-23 Phase-D: R9 B+/B+ but note describes canonical AAA behavior (physics-based animation, Garland-Heckbert QEM, deterministic feature generators, multi-band harmonic oscillators, textbook geometry); grade B+ -> A (no code change required); B+|2026-04-19: argwhere >0.5, 512 placement cap, unity position + normal per decal, scale/rotation fields.",none,1,0,0,1,0,0,veilbreakers_terrain/handlers/terrain_unity_export.py:1951; terrain_unity_export.py:1951,veilbreakers_terrain/tests/test_terrain_unity_export_bridge.py:594,helper_reachable
terrain_unity_export.py,compute_wind_bend_vertex_color,compute_wind_bend_vertex_color,2611,function,,2,yes,yes,A,"A|2026-04-19: quadratic height falloff, dot-product with wind dir, RGBA layout R=XZ G=Y B=reserved A=1, (0,0) wind guard.",none,1,0,0,13,0,0,veilbreakers_terrain/handlers/terrain_unity_export.py:2751; terrain_unity_export.py:2751,veilbreakers_terrain/tests/test_p13_wind_bend_vertex_color.py:20; veilbreakers_terrain/tests/test_p13_wind_bend_vertex_color.py:30; veilbreakers_terrain/tests/test_p13_wind_bend_vertex_color.py:41; veilbreakers_terrain/tests/test_p13_wind_bend_vertex_color.py:47,helper_reachable
terrain_unity_export.py,_tree_instances_json,_tree_instances_json,2677,function,,2,yes,yes,B+,"B+|2026-04-19: wind bend vertex color per instance (Fix 13.2), zup_to_unity position, yaw_degrees, prototype_id.",none,1,0,0,2,0,0,veilbreakers_terrain/handlers/terrain_unity_export.py:1946; terrain_unity_export.py:1946,veilbreakers_terrain/tests/test_terrain_unity_export_bridge.py:755; veilbreakers_terrain/tests/test_terrain_unity_export_bridge.py:770,helper_reachable
terrain_unity_export.py,_foliage_placement_manifest_json,_foliage_placement_manifest_json,2785,function,,2,yes,yes,A,A|2026-04-30 Unity foliage manifest runtime smoke closure,none,1,0,0,0,0,0,veilbreakers_terrain/handlers/terrain_unity_export.py:1947; terrain_unity_export.py:1947,,helper_reachable
terrain_unity_export_contracts.py,UnityExportContract.minimum_for,minimum_for,53,method,UnityExportContract,1,yes,no,A,,none,0,0,0,0,4,4,,veilbreakers_terrain/tests/test_cross_feature.py:321; veilbreakers_terrain/tests/test_cross_feature.py:322; veilbreakers_terrain/tests/test_cross_feature.py:323; veilbreakers_terrain/tests/test_cross_feature.py:324,direct_test_covered
terrain_unity_export_contracts.py,validate_mesh_attributes_present,validate_mesh_attributes_present,96,function,,2,yes,yes,A,A|2026-04-24: evidence-backed Unity export contract helper -> direct runtime tests covered,none,1,0,0,6,0,0,veilbreakers_terrain/handlers/terrain_unity_export.py:2237; terrain_unity_export.py:2237,veilbreakers_terrain/tests/test_bundle_egjn_supplements.py:466; veilbreakers_terrain/tests/test_bundle_egjn_supplements.py:470; veilbreakers_terrain/tests/test_cross_feature.py:288; veilbreakers_terrain/tests/test_cross_feature.py:296,helper_reachable
terrain_unity_export_contracts.py,validate_vertex_attributes_present,validate_vertex_attributes_present,119,function,,2,yes,yes,A,A|2026-04-24: evidence-backed Unity export contract helper -> direct runtime tests covered,none,0,0,0,4,0,0,,veilbreakers_terrain/tests/test_cross_feature.py:306; veilbreakers_terrain/tests/test_cross_feature.py:314; veilbreakers_terrain/tests/test_pipeline_contract_runtime_helpers.py:53; veilbreakers_terrain/tests/test_pipeline_contract_runtime_helpers.py:54,direct_test_covered
terrain_unity_export_contracts.py,write_export_manifest,write_export_manifest,148,function,,2,yes,no,A-,,none,0,0,0,3,0,0,,veilbreakers_terrain/tests/test_bundle_egjn_supplements.py:542; veilbreakers_terrain/tests/test_bundle_egjn_supplements.py:550; veilbreakers_terrain/tests/test_phase9_visual_qa.py:170,direct_test_covered
terrain_unity_export_contracts.py,validate_bit_depth_contract,validate_bit_depth_contract,173,function,,2,yes,yes,A,"A|2026-04-23 Phase-D: R9 note cites canonical upgrade (scipy EDT, Wang hash, SpeedTree wind VC, arc-length reparameterization, Ikeda 1989 bank asymmetry, Mason 1985 pool verification, etc.); grade B+/A- -> A (no code change required); A-|2026-04-21: shadow clipmap encodings widened to float32_npy/float32_exr/raw_f32_le with direct regression coverage and live export path consumption.",none,1,0,0,8,0,0,veilbreakers_terrain/handlers/terrain_unity_export.py:2236; terrain_unity_export.py:2236,veilbreakers_terrain/tests/test_bundle_egjn_supplements.py:495; veilbreakers_terrain/tests/test_bundle_egjn_supplements.py:502; veilbreakers_terrain/tests/test_bundle_egjn_supplements.py:510; veilbreakers_terrain/tests/test_bundle_egjn_supplements.py:518,helper_reachable
terrain_validation.py,ValidationReport.all_issues,all_issues,103,property,ValidationReport,1,yes,no,A,,none,0,0,4,0,0,1,veilbreakers_terrain/handlers/__init__.py:1047; veilbreakers_terrain/handlers/terrain_validation.py:1873; veilbreakers_terrain/handlers/terrain_validation.py:1917; veilbreakers_terrain/handlers/terrain_validation.py:1981,veilbreakers_terrain/tests/test_terrain_composition.py:700; veilbreakers_terrain/tests/test_terrain_composition.py:701; veilbreakers_terrain/tests/test_terrain_validation.py:228,helper_reachable
terrain_validation.py,ValidationReport.add,add,106,method,ValidationReport,1,yes,no,A,,none,0,72,81,0,9,9,terrain_validation.py:1980; veilbreakers_terrain/handlers/_mesh_bridge.py:654; veilbreakers_terrain/handlers/_mesh_bridge.py:848; veilbreakers_terrain/handlers/_mesh_bridge.py:925,veilbreakers_terrain/tests/test_callable_orphan_contracts.py:277; veilbreakers_terrain/tests/test_physical_plausibility.py:178; veilbreakers_terrain/tests/test_physical_plausibility.py:205; veilbreakers_terrain/tests/test_physical_plausibility.py:244,helper_reachable
terrain_validation.py,ValidationReport.recompute_status,recompute_status,117,method,ValidationReport,1,yes,no,A,,none,0,2,2,0,0,0,terrain_validation.py:1903; terrain_validation.py:1985; veilbreakers_terrain/handlers/terrain_validation.py:1903; veilbreakers_terrain/handlers/terrain_validation.py:1985,,helper_reachable
terrain_validation.py,ValidationReport.category_summary,category_summary,126,method,ValidationReport,1,yes,yes,A,A|2026-04-24: evidence-backed validation helper -> direct runtime tests covered,none,0,0,0,0,1,1,,veilbreakers_terrain/tests/test_validation_runtime_helpers.py:17,direct_test_covered
terrain_validation.py,_issue_category,_issue_category,185,function,,2,yes,yes,A,A|2026-04-24: evidence-backed validation helper -> direct runtime tests covered,none,1,0,0,4,0,0,veilbreakers_terrain/handlers/terrain_validation.py:114; terrain_validation.py:114,veilbreakers_terrain/tests/test_terrain_validation.py:496; veilbreakers_terrain/tests/test_validation_runtime_helpers.py:19; veilbreakers_terrain/tests/test_validation_runtime_helpers.py:20; veilbreakers_terrain/tests/test_validation_runtime_helpers.py:21,helper_reachable
terrain_validation.py,_safe_asarray,_safe_asarray,203,function,,2,yes,no,A,,none,31,0,0,2,0,0,veilbreakers_terrain/handlers/terrain_readability_semantic.py:274; veilbreakers_terrain/handlers/terrain_readability_semantic.py:275; veilbreakers_terrain/handlers/terrain_readability_semantic.py:398; veilbreakers_terrain/handlers/terrain_readability_semantic.py:399,veilbreakers_terrain/tests/test_remaining_callable_audit_guardrails.py:216; veilbreakers_terrain/tests/test_remaining_callable_audit_guardrails.py:217,helper_reachable
terrain_validation.py,_numpy_block_max,_numpy_block_max,209,function,,2,yes,yes,D+,D+,none,4,0,0,0,0,0,veilbreakers_terrain/handlers/terrain_validation.py:1164; veilbreakers_terrain/handlers/terrain_validation.py:1175; veilbreakers_terrain/handlers/terrain_validation.py:1281; veilbreakers_terrain/handlers/terrain_validation.py:1289,,helper_reachable
terrain_validation.py,_cell_bounds_for_feature,_cell_bounds_for_feature,245,function,,2,yes,no,A-,,none,1,0,0,0,0,0,veilbreakers_terrain/handlers/terrain_validation.py:687; terrain_validation.py:687,,helper_reachable
terrain_validation.py,protected_zone_hash,protected_zone_hash,265,function,,2,yes,no,A,,none,2,0,0,0,0,0,veilbreakers_terrain/handlers/terrain_validation.py:432; veilbreakers_terrain/handlers/terrain_validation.py:433; terrain_validation.py:432; terrain_validation.py:433,,helper_reachable
terrain_validation.py,validate_height_finite,validate_height_finite,294,function,,2,yes,no,A,,none,0,0,0,3,0,0,veilbreakers_terrain/handlers/terrain_validation.py:1924,veilbreakers_terrain/tests/integration/test_full_terrain_pipeline.py:136; veilbreakers_terrain/tests/test_terrain_validation.py:70; veilbreakers_terrain/tests/test_terrain_validation.py:79; veilbreakers_terrain/tests/test_terrain_validation.py:627,helper_reachable
terrain_validation.py,validate_height_range,validate_height_range,323,function,,2,yes,no,B-,,none,0,0,0,4,0,0,veilbreakers_terrain/handlers/terrain_validation.py:1925,veilbreakers_terrain/tests/integration/test_full_terrain_pipeline.py:139; veilbreakers_terrain/tests/test_terrain_validation.py:94; veilbreakers_terrain/tests/test_terrain_validation.py:102; veilbreakers_terrain/tests/test_terrain_validation.py:111,helper_reachable
terrain_validation.py,validate_slope_distribution,validate_slope_distribution,369,function,,2,yes,no,A,,none,0,0,0,3,0,0,veilbreakers_terrain/handlers/terrain_validation.py:1926,veilbreakers_terrain/tests/test_terrain_validation.py:125; veilbreakers_terrain/tests/test_terrain_validation.py:134; veilbreakers_terrain/tests/test_terrain_validation.py:142,helper_reachable
terrain_validation.py,validate_protected_zones_untouched,validate_protected_zones_untouched,409,function,,2,yes,no,A,,none,0,0,0,3,0,0,veilbreakers_terrain/handlers/terrain_validation.py:1927,veilbreakers_terrain/tests/test_terrain_validation.py:171; veilbreakers_terrain/tests/test_terrain_validation.py:187; veilbreakers_terrain/tests/test_terrain_validation.py:202; veilbreakers_terrain/tests/test_terrain_validation.py:223,helper_reachable
terrain_validation.py,validate_tile_seam_continuity,validate_tile_seam_continuity,446,function,,2,yes,yes,B+,B+|2026-04-19: upgraded B- -> two-tier self-consistency + cross-tile neighbor comparison,none,0,0,0,3,0,0,veilbreakers_terrain/handlers/terrain_validation.py:1928,veilbreakers_terrain/tests/test_live_readiness_regressions.py:105; veilbreakers_terrain/tests/test_terrain_validation.py:243; veilbreakers_terrain/tests/test_terrain_validation.py:251,helper_reachable
terrain_validation.py,validate_erosion_mass_conservation,validate_erosion_mass_conservation,597,function,,2,yes,no,A-,,none,0,0,0,3,0,0,veilbreakers_terrain/handlers/terrain_validation.py:1929,veilbreakers_terrain/tests/test_terrain_validation.py:268; veilbreakers_terrain/tests/test_terrain_validation.py:280; veilbreakers_terrain/tests/test_terrain_validation.py:290,helper_reachable
terrain_validation.py,validate_hero_feature_placement,validate_hero_feature_placement,642,function,,2,yes,no,C+,,none,0,0,0,3,0,0,veilbreakers_terrain/handlers/terrain_validation.py:1930,veilbreakers_terrain/tests/test_terrain_validation.py:315; veilbreakers_terrain/tests/test_terrain_validation.py:332; veilbreakers_terrain/tests/test_terrain_validation.py:351,helper_reachable
terrain_validation.py,validate_material_coverage,validate_material_coverage,706,function,,2,yes,no,A,,none,0,0,0,4,0,0,veilbreakers_terrain/handlers/terrain_validation.py:1931,veilbreakers_terrain/tests/test_terrain_validation.py:370; veilbreakers_terrain/tests/test_terrain_validation.py:381; veilbreakers_terrain/tests/test_terrain_validation.py:393; veilbreakers_terrain/tests/test_terrain_validation.py:401,helper_reachable
terrain_validation.py,_material_channel_exts_for_validation,_material_channel_exts_for_validation,752,function,,2,yes,yes,A-,A-|2026-04-24: evidence-backed validation helper -> existing runtime tests covered,none,1,0,0,0,0,0,veilbreakers_terrain/handlers/terrain_validation.py:839; terrain_validation.py:839,,helper_reachable
terrain_validation.py,_default_texel_density_max_ratio,_default_texel_density_max_ratio,803,function,,2,yes,yes,A,A|2026-04-24: evidence-backed validation helper -> existing runtime tests covered,none,2,0,0,0,0,0,veilbreakers_terrain/handlers/terrain_validation.py:833; veilbreakers_terrain/handlers/terrain_validation.py:837; terrain_validation.py:833; terrain_validation.py:837,,helper_reachable
terrain_validation.py,validate_material_texel_density_coherency,validate_material_texel_density_coherency,817,function,,2,yes,yes,A-,A-|2026-04-24: evidence-backed validation helper -> existing runtime tests covered,none,0,0,0,4,0,0,veilbreakers_terrain/handlers/terrain_validation.py:1932,veilbreakers_terrain/tests/test_terrain_validation.py:419; veilbreakers_terrain/tests/test_terrain_validation.py:436; veilbreakers_terrain/tests/test_terrain_validation.py:453; veilbreakers_terrain/tests/test_terrain_validation.py:454,helper_reachable
terrain_validation.py,validate_cliff_screen_coverage,validate_cliff_screen_coverage,844,function,,2,yes,yes,A-,A-|2026-04-24: evidence-backed validation helper -> existing runtime tests covered,none,0,0,0,1,0,0,veilbreakers_terrain/handlers/terrain_validation.py:1933,veilbreakers_terrain/tests/test_terrain_validation.py:467,helper_reachable
terrain_validation.py,validate_channel_dtypes,validate_channel_dtypes,895,function,,2,yes,no,C+,,none,0,0,0,3,0,0,veilbreakers_terrain/handlers/terrain_validation.py:1934,veilbreakers_terrain/tests/test_terrain_validation.py:509; veilbreakers_terrain/tests/test_terrain_validation.py:519; veilbreakers_terrain/tests/test_terrain_validation.py:528,helper_reachable
terrain_validation.py,validate_unity_export_ready,validate_unity_export_ready,919,function,,2,yes,no,A,,none,0,0,0,3,0,0,veilbreakers_terrain/handlers/terrain_validation.py:1935,veilbreakers_terrain/tests/test_terrain_validation.py:541; veilbreakers_terrain/tests/test_terrain_validation.py:552; veilbreakers_terrain/tests/test_terrain_validation.py:564,helper_reachable
terrain_validation.py,check_cliff_silhouette_readability,check_cliff_silhouette_readability,960,function,,2,yes,yes,B+,B+|2026-04-19: upgraded F -> BFS connected components + coverage check,none,2,0,0,6,0,0,veilbreakers_terrain/handlers/terrain_readability_semantic.py:594; veilbreakers_terrain/handlers/terrain_validation.py:1898; terrain_validation.py:1898,veilbreakers_terrain/tests/test_bundle_egjn_supplements.py:350; veilbreakers_terrain/tests/test_bundle_egjn_supplements.py:355; veilbreakers_terrain/tests/test_bundle_egjn_supplements.py:364; veilbreakers_terrain/tests/test_bundle_egjn_supplements.py:371,helper_reachable
terrain_validation.py,check_waterfall_chain_completeness,check_waterfall_chain_completeness,1117,function,,2,yes,yes,B+,B+|2026-04-19: upgraded F -> per-lip downstream pool+flow search foam/mist checks,none,2,0,0,2,0,0,veilbreakers_terrain/handlers/terrain_readability_semantic.py:595; veilbreakers_terrain/handlers/terrain_validation.py:1899; terrain_validation.py:1899,veilbreakers_terrain/tests/test_bundle_egjn_supplements.py:392; veilbreakers_terrain/tests/test_bundle_egjn_supplements.py:397,helper_reachable
terrain_validation.py,check_cave_framing_presence,check_cave_framing_presence,1221,function,,2,yes,yes,B+,B+|2026-04-19: upgraded F -> cave_height_delta + hero_exclusion framing checks,none,2,0,0,3,0,0,veilbreakers_terrain/handlers/terrain_readability_semantic.py:596; veilbreakers_terrain/handlers/terrain_validation.py:1900; terrain_validation.py:1900,veilbreakers_terrain/tests/test_bundle_egjn_supplements.py:403; veilbreakers_terrain/tests/test_bundle_egjn_supplements.py:409; veilbreakers_terrain/tests/test_bundle_egjn_supplements.py:415,helper_reachable
terrain_validation.py,validate_strata_consistency,validate_strata_consistency,1311,function,,2,yes,yes,A,A|2026-04-19: upgraded new -> oldest-deepest ordering no zero-thickness sandwiches strata_layers channel validation,none,1,0,0,3,0,0,veilbreakers_terrain/handlers/terrain_stratigraphy.py:1067; veilbreakers_terrain/handlers/terrain_validation.py:1938,veilbreakers_terrain/tests/test_terrain_geology.py:296; veilbreakers_terrain/tests/test_terrain_geology.py:634; veilbreakers_terrain/tests/test_terrain_geology.py:646,helper_reachable
terrain_validation.py,validate_glacial_plausibility,validate_glacial_plausibility,1461,function,,2,yes,yes,A,A|2026-04-19: upgraded new -> latitude/altitude thresholds temperate>=1500m equatorial>=4000m ice_coverage check,none,0,0,0,2,0,0,veilbreakers_terrain/handlers/terrain_validation.py:1939,veilbreakers_terrain/tests/test_terrain_geology.py:752; veilbreakers_terrain/tests/test_terrain_geology.py:765,helper_reachable
terrain_validation.py,validate_karst_plausibility,validate_karst_plausibility,1614,function,,2,yes,yes,A,A|2026-04-19: upgraded new -> limestone_proxy>=0.3 hard-fail incompatible lithologies granite/basalt/sandstone/quartzite/schist,none,0,0,0,1,0,0,veilbreakers_terrain/handlers/terrain_validation.py:1940,veilbreakers_terrain/tests/test_terrain_geology.py:790,helper_reachable
terrain_validation.py,check_focal_composition,check_focal_composition,1761,function,,2,yes,yes,B+,B+|2026-04-19: upgraded F -> per-focal-point slope occlusion terrain interest checks,none,2,0,0,4,0,0,veilbreakers_terrain/handlers/terrain_readability_semantic.py:598; veilbreakers_terrain/handlers/terrain_validation.py:1901; terrain_validation.py:1901,veilbreakers_terrain/tests/test_bundle_egjn_supplements.py:419; veilbreakers_terrain/tests/test_bundle_egjn_supplements.py:423; veilbreakers_terrain/tests/test_bundle_egjn_supplements.py:428; veilbreakers_terrain/tests/test_terrain_validation.py:151,helper_reachable
terrain_validation.py,ReadabilityAuditReport.all_issues,all_issues,1864,property,ReadabilityAuditReport,1,yes,yes,A,A|2026-04-23: verified readability report accessor -> stable concatenation of hard soft and info issue lists,none,0,0,4,0,0,1,veilbreakers_terrain/handlers/__init__.py:1047; veilbreakers_terrain/handlers/terrain_validation.py:1873; veilbreakers_terrain/handlers/terrain_validation.py:1917; veilbreakers_terrain/handlers/terrain_validation.py:1981,veilbreakers_terrain/tests/test_terrain_composition.py:700; veilbreakers_terrain/tests/test_terrain_composition.py:701; veilbreakers_terrain/tests/test_terrain_validation.py:228,helper_reachable
terrain_validation.py,ReadabilityAuditReport.recompute_status,recompute_status,1872,method,ReadabilityAuditReport,1,yes,yes,A,A|2026-04-23: verified readability report status reducer -> worst-severity fold updates overall_status deterministically,none,0,2,2,0,0,0,veilbreakers_terrain/handlers/terrain_validation.py:1903; veilbreakers_terrain/handlers/terrain_validation.py:1985,,helper_reachable
terrain_validation.py,run_readability_audit,run_readability_audit,1883,function,,2,yes,yes,B+,B+|2026-04-19: upgraded F -> structured ReadabilityAuditReport status aggregation,none,1,0,0,0,0,0,veilbreakers_terrain/handlers/terrain_validation.py:1917; terrain_validation.py:1917,,helper_reachable
terrain_validation.py,_readability_audit_validator,_readability_audit_validator,1913,function,,2,yes,yes,A,A|2026-04-24: evidence-backed validation helper -> direct runtime tests covered,none,0,0,0,1,0,0,veilbreakers_terrain/handlers/terrain_validation.py:1936,veilbreakers_terrain/tests/test_validation_runtime_helpers.py:42,helper_reachable
terrain_validation.py,run_validation_suite,run_validation_suite,1944,function,,2,yes,no,C,,none,1,1,1,5,0,0,veilbreakers_terrain/handlers/terrain_validation.py:2051; __init__.py:1038; terrain_validation.py:2051; veilbreakers_terrain/handlers/__init__.py:1038,veilbreakers_terrain/tests/test_terrain_validation.py:220; veilbreakers_terrain/tests/test_terrain_validation.py:577; veilbreakers_terrain/tests/test_terrain_validation.py:592; veilbreakers_terrain/tests/test_terrain_validation.py:613,helper_reachable
terrain_validation.py,_get_active_controller,_get_active_controller,2004,function,,2,yes,yes,A,A|2026-04-23 Phase-D: R9 note describes canonical AAA behavior (citation or verified runtime contract); grade A- -> A (no code change required); A-|2026-04-23: upgraded validation controller lookup -> rollback target now resolves from context-local binding first so concurrent pipeline runs do not collide on a singleton controller slot,none,2,0,0,0,0,0,veilbreakers_terrain/handlers/terrain_validation.py:2026; veilbreakers_terrain/handlers/terrain_validation.py:2045; terrain_validation.py:2026; terrain_validation.py:2045,,helper_reachable
terrain_validation.py,bind_active_controller,bind_active_controller,2008,function,,2,yes,yes,B+,B+|2026-04-19: upgraded C+ -> double-bind guard clear-on-None returns status dict,none,4,0,0,2,6,6,veilbreakers_terrain/handlers/environment.py:3107; veilbreakers_terrain/handlers/environment.py:3213; veilbreakers_terrain/handlers/terrain_pipeline.py:897; veilbreakers_terrain/handlers/terrain_pipeline.py:923,veilbreakers_terrain/tests/test_terrain_validation.py:696; veilbreakers_terrain/tests/test_terrain_validation.py:700; veilbreakers_terrain/tests/test_terrain_validation.py:715; veilbreakers_terrain/tests/test_terrain_validation.py:718,helper_reachable
terrain_validation.py,pass_validation_full,pass_validation_full,2034,function,,2,yes,yes,A,"A|2026-04-23 Phase-D: R9 note cites canonical upgrade (scipy EDT, Wang hash, SpeedTree wind VC, arc-length reparameterization, Ikeda 1989 bank asymmetry, Mason 1985 pool verification, etc.); grade B+/A- -> A (no code change required); A-|2026-04-20: verified by current tests -> full validation pass remains wired with structured report contract","master_bundle_pass,module_registrar",0,0,0,3,0,0,veilbreakers_terrain/handlers/terrain_validation.py:2102,veilbreakers_terrain/tests/integration/test_full_terrain_pipeline.py:203; veilbreakers_terrain/tests/test_terrain_validation.py:671; veilbreakers_terrain/tests/test_terrain_validation.py:698,runtime_primary
terrain_validation.py,register_bundle_d_passes,register_bundle_d_passes,2093,function,,2,yes,yes,A-,A-|2026-04-20: verified by current tests -> Bundle D validation registrar remains wired,master_bundle_registrar,0,0,0,1,0,0,,veilbreakers_terrain/tests/test_terrain_validation.py:741,runtime_primary
terrain_vegetation_depth.py,VegetationLayers.understory_density,understory_density,74,property,VegetationLayers,1,yes,yes,A,A|2026-04-24: evidence-backed vegetation depth helper -> direct runtime tests covered,none,0,0,0,0,0,6,,veilbreakers_terrain/tests/test_terrain_water_vegetation_depth.py:443; veilbreakers_terrain/tests/test_terrain_water_vegetation_depth.py:458; veilbreakers_terrain/tests/test_terrain_water_vegetation_depth.py:471; veilbreakers_terrain/tests/test_terrain_water_vegetation_depth.py:582,direct_test_covered
terrain_vegetation_depth.py,VegetationLayers.as_dict,as_dict,77,method,VegetationLayers,1,yes,no,A,,none,0,3,3,0,2,2,terrain_vegetation_depth.py:1597; veilbreakers_terrain/handlers/terrain_bundle_n.py:320; veilbreakers_terrain/handlers/terrain_ecotone_graph.py:206; veilbreakers_terrain/handlers/terrain_vegetation_depth.py:1597,veilbreakers_terrain/tests/test_terrain_deep_qa.py:528; veilbreakers_terrain/tests/test_vegetation_depth_runtime_helpers.py:61,helper_reachable
terrain_vegetation_depth.py,_region_slice,_region_slice,128,function,,2,yes,yes,A,A|2026-04-24: evidence-backed vegetation depth helper -> direct runtime tests covered,none,6,0,0,2,0,0,veilbreakers_terrain/handlers/_terrain_world.py:1243; veilbreakers_terrain/handlers/_terrain_world.py:1280; veilbreakers_terrain/handlers/terrain_banded.py:957; veilbreakers_terrain/handlers/terrain_vegetation_depth.py:1542,veilbreakers_terrain/tests/test_vegetation_depth_runtime_helpers.py:70; veilbreakers_terrain/tests/test_vegetation_depth_runtime_helpers.py:71,helper_reachable
terrain_vegetation_depth.py,_protected_mask,_protected_mask,144,function,,2,yes,yes,A-,A-|2026-04-24: evidence-backed vegetation depth helper -> direct runtime tests covered,none,6,0,0,1,0,0,veilbreakers_terrain/handlers/_terrain_world.py:1068; veilbreakers_terrain/handlers/_terrain_world.py:1191; veilbreakers_terrain/handlers/terrain_assets.py:842; veilbreakers_terrain/handlers/terrain_banded.py:986,veilbreakers_terrain/tests/test_vegetation_depth_runtime_helpers.py:73,helper_reachable
terrain_vegetation_depth.py,_normalize,_normalize,170,function,,2,yes,yes,A,A|2026-04-23 Phase-D: R9 note documents canonical upgrade from lower grade; grade jump D/A- -> A (R9 is authoritative post-upgrade assessment with citation); A-|2026-04-20: added signed=False param; signed=True maps [lo,none,11,0,0,2,0,0,veilbreakers_terrain/handlers/autonomous_loop.py:122; veilbreakers_terrain/handlers/lod_pipeline.py:135; veilbreakers_terrain/handlers/lod_pipeline.py:198; veilbreakers_terrain/handlers/lod_pipeline.py:834,veilbreakers_terrain/tests/test_lod_material_live_readiness.py:54; veilbreakers_terrain/tests/test_lod_material_live_readiness.py:55,helper_reachable
terrain_vegetation_depth.py,compute_vegetation_layers,compute_vegetation_layers,224,function,,2,yes,yes,A,"A|2026-04-19: Beer-Lambert multi-layer light transmission (k_sc=1.5, k_s=0.9, k_gc=1.2), species-specific canopy radius from canopy_species_radius_m channel.",none,1,0,0,6,0,0,veilbreakers_terrain/handlers/terrain_vegetation_depth.py:1555; terrain_vegetation_depth.py:1555,veilbreakers_terrain/tests/test_terrain_water_vegetation_depth.py:439; veilbreakers_terrain/tests/test_terrain_water_vegetation_depth.py:454; veilbreakers_terrain/tests/test_terrain_water_vegetation_depth.py:468; veilbreakers_terrain/tests/test_terrain_water_vegetation_depth.py:581,helper_reachable
terrain_vegetation_depth.py,detect_disturbance_patches,detect_disturbance_patches,386,function,,2,yes,yes,A,"A|2026-04-19: 4-signal detection (slope/erosion/geology/temporal), NDVI proxy, roughness anomaly, flow convergence, kind classification, age estimation.",none,1,0,0,5,0,0,veilbreakers_terrain/handlers/terrain_vegetation_depth.py:1619; terrain_vegetation_depth.py:1619,veilbreakers_terrain/tests/test_terrain_water_vegetation_depth.py:490; veilbreakers_terrain/tests/test_terrain_water_vegetation_depth.py:491; veilbreakers_terrain/tests/test_terrain_water_vegetation_depth.py:500; veilbreakers_terrain/tests/test_terrain_water_vegetation_depth.py:501,helper_reachable
terrain_vegetation_depth.py,place_clearings,place_clearings,760,function,,2,yes,yes,A,A|2026-04-19: upgraded -> Bridson poisson-disk sampling EDT-based clearings AAA scatter distribution,none,1,0,0,2,0,0,veilbreakers_terrain/handlers/terrain_vegetation_depth.py:1663; terrain_vegetation_depth.py:1663,veilbreakers_terrain/tests/test_terrain_water_vegetation_depth.py:523; veilbreakers_terrain/tests/test_terrain_water_vegetation_depth.py:536,helper_reachable
terrain_vegetation_depth.py,place_fallen_logs,place_fallen_logs,966,function,,2,yes,yes,A,"A|2026-04-19: greedy 8-connected downslope walk, species-realistic diameter/length RNG, aspect-oriented with +/-15deg jitter, gc_layer stamp.",none,1,0,0,3,0,0,veilbreakers_terrain/handlers/terrain_vegetation_depth.py:1671; terrain_vegetation_depth.py:1671,veilbreakers_terrain/tests/test_terrain_water_vegetation_depth.py:553; veilbreakers_terrain/tests/test_terrain_water_vegetation_depth.py:564; veilbreakers_terrain/tests/test_terrain_water_vegetation_depth.py:571,helper_reachable
terrain_vegetation_depth.py,apply_edge_effects,apply_edge_effects,1143,function,,2,yes,yes,A,"A|2026-04-19: EDT taper, 5-layer boosts (emergent -0.5, canopy -0.3, sub_canopy +1.0, shrub +0.8, gc +0.5), scipy morphological_gradient + BFS fallback.",none,1,0,0,1,0,0,veilbreakers_terrain/handlers/terrain_vegetation_depth.py:1578; terrain_vegetation_depth.py:1578,veilbreakers_terrain/tests/test_terrain_water_vegetation_depth.py:585,helper_reachable
terrain_vegetation_depth.py,apply_cultivated_zones,apply_cultivated_zones,1243,function,,2,yes,yes,A,"A|2026-04-19: land_class LUT (grain_field/root_crop/orchard/kitchen_garden), crop-row stamping, furrow suppression 65%, float64 working arrays.",none,1,0,0,1,0,0,veilbreakers_terrain/handlers/terrain_vegetation_depth.py:1592; terrain_vegetation_depth.py:1592,veilbreakers_terrain/tests/test_terrain_water_vegetation_depth.py:599,helper_reachable
terrain_vegetation_depth.py,apply_allelopathic_exclusion,apply_allelopathic_exclusion,1380,function,,2,yes,yes,A,A|2026-04-19: upgraded -> EDT+exponential falloff Forman 1995 edge effects,none,1,0,0,1,0,0,veilbreakers_terrain/handlers/terrain_vegetation_depth.py:1605; terrain_vegetation_depth.py:1605,veilbreakers_terrain/tests/test_terrain_water_vegetation_depth.py:619,helper_reachable
terrain_vegetation_depth.py,pass_vegetation_depth,pass_vegetation_depth,1526,function,,2,yes,yes,A,"A|2026-04-19: full pipeline: compute_layers+edge_effects+cultivated+allelopathic+disturbance+clearings+logs, protected zones, region slicing.","master_bundle_pass,module_registrar",0,0,0,4,0,0,veilbreakers_terrain/handlers/terrain_vegetation_depth.py:1704,veilbreakers_terrain/tests/test_terrain_water_vegetation_depth.py:633; veilbreakers_terrain/tests/test_terrain_water_vegetation_depth.py:657; veilbreakers_terrain/tests/test_terrain_water_vegetation_depth.py:669; veilbreakers_terrain/tests/test_terrain_water_vegetation_depth.py:670,runtime_primary
terrain_vegetation_depth.py,register_vegetation_depth_pass,register_vegetation_depth_pass,1700,function,,2,yes,yes,B+,"B+|2026-04-19: correct PassDefinition with requires/produces channels, seed_namespace, requires_scene_read=True.",master_bundle_registrar,0,1,1,0,0,0,terrain_bundle_o.py:35; veilbreakers_terrain/handlers/terrain_bundle_o.py:35,,runtime_primary
terrain_vegetation_depth.py,compute_emergent_grass_density,compute_emergent_grass_density,1733,function,,2,yes,yes,B+,"B+|2026-04-19: splatmap layer extraction with bounds check, GRASS_DENSITY_SCALE multiplication, zero fallback on bad input.",none,1,0,0,6,0,0,veilbreakers_terrain/handlers/terrain_vegetation_depth.py:1783; terrain_vegetation_depth.py:1783,veilbreakers_terrain/tests/test_environment_scatter_handlers.py:1339; veilbreakers_terrain/tests/test_environment_scatter_handlers.py:1348; veilbreakers_terrain/tests/test_environment_scatter_handlers.py:1355; veilbreakers_terrain/tests/test_environment_scatter_handlers.py:1362,helper_reachable
terrain_vegetation_depth.py,pass_emergent_grass,pass_emergent_grass,1759,function,,2,yes,yes,B+,"B+|2026-04-19: skipped status on missing splatmap, correct consumed/produced channels, stack.set write.","master_bundle_pass,module_registrar",0,0,0,0,0,0,veilbreakers_terrain/handlers/terrain_vegetation_depth.py:1802,,runtime_primary
terrain_vegetation_depth.py,register_emergent_grass_pass,register_emergent_grass_pass,1797,function,,2,yes,yes,A,A|2026-04-23 Phase-D: R9 note describes canonical AAA behavior (citation or verified runtime contract); grade A- -> A (no code change required); A-|2026-04-22: verified registrar -> declares emergent_grass contract with splatmap input and grass_density_map output,master_bundle_registrar,0,1,1,0,0,0,terrain_bundle_o.py:36; veilbreakers_terrain/handlers/terrain_bundle_o.py:36,,runtime_primary
terrain_viewport_sync.py,_read_from_blender_context,_read_from_blender_context,39,function,,2,yes,yes,D+,D+,none,1,0,0,0,0,0,veilbreakers_terrain/handlers/terrain_viewport_sync.py:108; terrain_viewport_sync.py:108,,helper_reachable
terrain_viewport_sync.py,_unit,_unit,75,function,,2,yes,no,A,,none,4,0,0,0,0,0,veilbreakers_terrain/handlers/terrain_viewport_sync.py:123; veilbreakers_terrain/handlers/terrain_viewport_sync.py:141; veilbreakers_terrain/handlers/terrain_viewport_sync.py:213; veilbreakers_terrain/handlers/terrain_viewport_sync.py:214,,helper_reachable
terrain_viewport_sync.py,_matrix_hash,_matrix_hash,83,function,,2,yes,no,A,,none,1,0,0,0,0,0,veilbreakers_terrain/handlers/terrain_viewport_sync.py:146; terrain_viewport_sync.py:146,,helper_reachable
terrain_viewport_sync.py,read_user_vantage,read_user_vantage,93,function,,2,yes,no,A-,,none,0,1,1,11,0,0,__init__.py:833; veilbreakers_terrain/handlers/__init__.py:833,veilbreakers_terrain/tests/test_bundle_r.py:73; veilbreakers_terrain/tests/test_bundle_r.py:306; veilbreakers_terrain/tests/test_bundle_r.py:316; veilbreakers_terrain/tests/test_bundle_r.py:327,helper_reachable
terrain_viewport_sync.py,assert_vantage_fresh,assert_vantage_fresh,150,function,,2,yes,no,A,,none,0,1,1,2,0,0,__init__.py:847; veilbreakers_terrain/handlers/__init__.py:847,veilbreakers_terrain/tests/test_bundle_r.py:317; veilbreakers_terrain/tests/test_bundle_r.py:329,helper_reachable
terrain_viewport_sync.py,transform_world_to_vantage,transform_world_to_vantage,165,function,,2,yes,no,A,,none,0,0,0,1,0,0,,veilbreakers_terrain/tests/test_bundle_r.py:359,direct_test_covered
terrain_viewport_sync.py,is_in_frustum,is_in_frustum,191,function,,2,yes,no,B+,,none,0,1,1,2,0,0,__init__.py:863; veilbreakers_terrain/handlers/__init__.py:863,veilbreakers_terrain/tests/test_bundle_r.py:339; veilbreakers_terrain/tests/test_bundle_r.py:349,helper_reachable
terrain_visual_diff.py,_bbox_of_mask,_bbox_of_mask,18,function,,2,yes,no,A-,,none,1,0,0,0,0,0,veilbreakers_terrain/handlers/terrain_visual_diff.py:102; terrain_visual_diff.py:102,,helper_reachable
terrain_visual_diff.py,compute_visual_diff,compute_visual_diff,40,function,,2,yes,no,A-,,none,1,0,0,2,0,0,veilbreakers_terrain/handlers/terrain_live_preview.py:147; terrain_live_preview.py:147,veilbreakers_terrain/tests/test_terrain_iteration.py:366; veilbreakers_terrain/tests/test_terrain_iteration.py:383,helper_reachable
terrain_visual_diff.py,generate_diff_overlay,generate_diff_overlay,120,function,,2,yes,no,B+,,none,0,0,0,1,0,0,,veilbreakers_terrain/tests/test_terrain_iteration.py:400,direct_test_covered
terrain_visual_qa.py,_visual_qa_root,_visual_qa_root,41,function,,2,yes,yes,D+,D+,none,1,0,0,0,0,0,veilbreakers_terrain/handlers/terrain_visual_qa.py:62; terrain_visual_qa.py:62,,helper_reachable
terrain_visual_qa.py,_is_relative_to,_is_relative_to,47,function,,2,yes,yes,D+,D+,none,1,0,0,0,0,0,veilbreakers_terrain/handlers/terrain_visual_qa.py:63; terrain_visual_qa.py:63,,helper_reachable
terrain_visual_qa.py,_sanitize_output_filepath,_sanitize_output_filepath,55,function,,2,yes,yes,D+,D+,none,1,0,0,0,0,0,veilbreakers_terrain/handlers/terrain_visual_qa.py:640; terrain_visual_qa.py:640,,helper_reachable
terrain_visual_qa.py,fov_to_focal_length,fov_to_focal_length,85,function,,2,yes,yes,A,A|2026-04-24: evidence-backed visual QA camera helper -> deterministic FOV/focal conversion covered by readiness tests,none,1,0,0,2,0,0,veilbreakers_terrain/handlers/terrain_visual_qa.py:255; terrain_visual_qa.py:255,veilbreakers_terrain/tests/test_visual_testing_readiness.py:110,helper_reachable
terrain_visual_qa.py,compute_rotation_to_look_at,compute_rotation_to_look_at,90,function,,2,yes,yes,A,A|2026-04-23 Phase-D: R9 note describes canonical AAA behavior (citation or verified runtime contract); grade A- -> A (no code change required); A-|2026-04-24: evidence-backed camera look-at helper -> deterministic rotation contract covered by visual readiness tests,none,1,0,0,1,0,0,veilbreakers_terrain/handlers/terrain_visual_qa.py:259; terrain_visual_qa.py:259,veilbreakers_terrain/tests/test_visual_testing_readiness.py:118,helper_reachable
terrain_visual_qa.py,auto_frame_terrain,auto_frame_terrain,106,function,,2,yes,yes,A,A|2026-04-24: evidence-backed terrain auto-frame helper -> deterministic distance formula covered by visual readiness tests,none,1,0,0,2,0,0,veilbreakers_terrain/handlers/terrain_visual_qa.py:254; terrain_visual_qa.py:254,veilbreakers_terrain/tests/test_visual_testing_readiness.py:111; veilbreakers_terrain/tests/test_visual_testing_readiness.py:113,helper_reachable
terrain_visual_qa.py,_clamp_screenshot_dimension,_clamp_screenshot_dimension,117,function,,2,yes,yes,A,A|2026-04-24: evidence-backed screenshot clamp helper -> 64..507 contract covered by dispatch/gate tests,none,4,0,0,0,0,0,veilbreakers_terrain/handlers/terrain_visual_qa.py:227; veilbreakers_terrain/handlers/terrain_visual_qa.py:228; veilbreakers_terrain/handlers/terrain_visual_qa.py:646; veilbreakers_terrain/handlers/terrain_visual_qa.py:647,,helper_reachable
terrain_visual_qa.py,_coerce_shading_type,_coerce_shading_type,130,function,,2,yes,yes,A,A|2026-04-24: evidence-backed shading validator -> invalid mode rejection covered by readiness tests,none,2,0,0,0,0,0,veilbreakers_terrain/handlers/terrain_visual_qa.py:141; veilbreakers_terrain/handlers/terrain_visual_qa.py:313; terrain_visual_qa.py:141; terrain_visual_qa.py:313,,helper_reachable
terrain_visual_qa.py,set_viewport_shading,set_viewport_shading,140,function,,2,yes,yes,A,A|2026-04-23 Phase-D: R9 note describes canonical AAA behavior (citation or verified runtime contract); grade A- -> A (no code change required); A-|2026-04-24: evidence-backed viewport shading setter -> stubbed Blender mutation and headless contract covered,none,1,0,0,0,0,0,veilbreakers_terrain/handlers/terrain_visual_qa.py:319; terrain_visual_qa.py:319,,helper_reachable
terrain_visual_qa.py,_setup_camera_in_blender,_setup_camera_in_blender,160,function,,2,yes,yes,A,A|2026-04-23 Phase-D: R9 note describes canonical AAA behavior (citation or verified runtime contract); grade A- -> A (no code change required); A-|2026-04-24: evidence-backed camera setup helper -> Blender-stub scene camera assignment covered,none,1,0,0,0,0,0,veilbreakers_terrain/handlers/terrain_visual_qa.py:269; terrain_visual_qa.py:269,,helper_reachable
terrain_visual_qa.py,capture_viewport_screenshot,capture_viewport_screenshot,218,function,,2,yes,yes,A,A|2026-04-23 Phase-D: R9 note describes canonical AAA behavior (citation or verified runtime contract); grade A- -> A (no code change required); A-|2026-04-24: evidence-backed screenshot capture helper -> stubbed render call and clamp contract covered,none,1,0,0,0,0,0,veilbreakers_terrain/handlers/terrain_visual_qa.py:654; terrain_visual_qa.py:654,,helper_reachable
terrain_visual_qa.py,handle_visual_qa_setup_camera,handle_visual_qa_setup_camera,245,function,,2,yes,yes,A,A|2026-04-24: evidence-backed visual camera handler -> dispatch and camera contract covered by readiness gate,none,0,1,1,0,4,4,__init__.py:714; veilbreakers_terrain/handlers/__init__.py:714,veilbreakers_terrain/tests/test_visual_testing_readiness.py:130; veilbreakers_terrain/tests/test_visual_testing_readiness.py:173; veilbreakers_terrain/tests/test_visual_testing_readiness.py:209; veilbreakers_terrain/tests/test_visual_testing_readiness.py:319,helper_reachable
terrain_visual_qa.py,handle_visual_qa_set_shading,handle_visual_qa_set_shading,307,function,,2,yes,yes,A,A|2026-04-24: evidence-backed visual shading handler -> dispatch and invalid-mode tests covered,none,0,1,1,0,3,3,__init__.py:725; veilbreakers_terrain/handlers/__init__.py:725,veilbreakers_terrain/tests/test_visual_testing_readiness.py:135; veilbreakers_terrain/tests/test_visual_testing_readiness.py:157; veilbreakers_terrain/tests/test_visual_testing_readiness.py:179,helper_reachable
terrain_visual_qa.py,validate_stack_channels,validate_stack_channels,364,function,,2,yes,no,A-,,none,2,0,0,12,0,0,veilbreakers_terrain/handlers/terrain_visual_qa.py:467; veilbreakers_terrain/handlers/terrain_visual_qa.py:614; terrain_visual_qa.py:467; terrain_visual_qa.py:614,veilbreakers_terrain/tests/test_terrain_visual_qa_channels.py:116; veilbreakers_terrain/tests/test_terrain_visual_qa_channels.py:125; veilbreakers_terrain/tests/test_terrain_visual_qa_channels.py:139; veilbreakers_terrain/tests/test_terrain_visual_qa_channels.py:152,helper_reachable
terrain_visual_qa.py,validate_channel_manifest,validate_channel_manifest,439,function,,2,yes,no,A-,,none,0,0,0,7,0,0,,veilbreakers_terrain/tests/test_visual_qa_golden.py:404; veilbreakers_terrain/tests/test_visual_qa_golden.py:414; veilbreakers_terrain/tests/test_visual_qa_golden.py:424; veilbreakers_terrain/tests/test_visual_qa_golden.py:437,direct_test_covered
terrain_visual_qa.py,_array_or_none,_array_or_none,489,function,,2,yes,no,B+,,none,8,0,0,0,0,0,veilbreakers_terrain/handlers/terrain_visual_qa.py:507; veilbreakers_terrain/handlers/terrain_visual_qa.py:509; veilbreakers_terrain/handlers/terrain_visual_qa.py:532; veilbreakers_terrain/handlers/terrain_visual_qa.py:544,,helper_reachable
terrain_visual_qa.py,_qa_result,_qa_result,502,function,,2,yes,no,B+,,none,13,0,0,0,0,0,veilbreakers_terrain/handlers/terrain_visual_qa.py:511; veilbreakers_terrain/handlers/terrain_visual_qa.py:515; veilbreakers_terrain/handlers/terrain_visual_qa.py:524; veilbreakers_terrain/handlers/terrain_visual_qa.py:534,,helper_reachable
terrain_visual_qa.py,_check_stochastic_seam,_check_stochastic_seam,506,function,,2,yes,no,B+,,none,1,0,0,0,0,0,veilbreakers_terrain/handlers/terrain_visual_qa.py:593; terrain_visual_qa.py:593,,helper_reachable
terrain_visual_qa.py,_check_foam_alpha,_check_foam_alpha,531,function,,2,yes,no,B+,,none,1,0,0,0,0,0,veilbreakers_terrain/handlers/terrain_visual_qa.py:594; terrain_visual_qa.py:594,,helper_reachable
terrain_visual_qa.py,_check_water_elevation,_check_water_elevation,543,function,,2,yes,no,B+,,none,1,0,0,0,0,0,veilbreakers_terrain/handlers/terrain_visual_qa.py:595; terrain_visual_qa.py:595,,helper_reachable
terrain_visual_qa.py,_check_tree_z_export,_check_tree_z_export,560,function,,2,yes,no,B+,,none,1,0,0,0,0,0,veilbreakers_terrain/handlers/terrain_visual_qa.py:596; terrain_visual_qa.py:596,,helper_reachable
terrain_visual_qa.py,_check_phantom_channel_writers,_check_phantom_channel_writers,573,function,,2,yes,no,B+,,none,1,0,0,0,0,0,veilbreakers_terrain/handlers/terrain_visual_qa.py:597; terrain_visual_qa.py:597,,helper_reachable
terrain_visual_qa.py,run_checks,run_checks,586,function,,2,yes,no,B+,,none,0,1,2,6,0,0,terrain_bundle_n.py:333; veilbreakers_terrain/handlers/terrain_bundle_n.py:333; veilbreakers_terrain/handlers/terrain_bundle_n.py:250,veilbreakers_terrain/tests/test_phase9_visual_qa.py:69; veilbreakers_terrain/tests/test_phase9_visual_qa.py:73; veilbreakers_terrain/tests/test_phase9_visual_qa.py:77; veilbreakers_terrain/tests/test_phase9_visual_qa.py:81,helper_reachable
terrain_visual_qa.py,handle_visual_qa_validate_channels,handle_visual_qa_validate_channels,608,function,,2,yes,no,A-,,none,0,1,1,3,0,0,__init__.py:752; veilbreakers_terrain/handlers/__init__.py:752,veilbreakers_terrain/tests/test_terrain_visual_qa_channels.py:258; veilbreakers_terrain/tests/test_terrain_visual_qa_channels.py:268; veilbreakers_terrain/tests/test_terrain_visual_qa_channels.py:276,helper_reachable
terrain_visual_qa.py,handle_visual_qa_capture_screenshot,handle_visual_qa_capture_screenshot,632,function,,2,yes,yes,A,"A|2026-04-24: evidence-backed visual screenshot handler -> dispatch, filepath guard, clamp contract covered",none,0,1,1,0,7,7,__init__.py:740; veilbreakers_terrain/handlers/__init__.py:740,veilbreakers_terrain/tests/test_visual_testing_readiness.py:139; veilbreakers_terrain/tests/test_visual_testing_readiness.py:149; veilbreakers_terrain/tests/test_visual_testing_readiness.py:186; veilbreakers_terrain/tests/test_visual_testing_readiness.py:256,helper_reachable
terrain_visual_qa.py,compare_render_to_golden,compare_render_to_golden,685,function,,2,yes,no,B+,,none,1,0,0,10,0,0,veilbreakers_terrain/handlers/terrain_visual_qa.py:814; terrain_visual_qa.py:814,veilbreakers_terrain/tests/test_visual_qa_golden.py:43; veilbreakers_terrain/tests/test_visual_qa_golden.py:52; veilbreakers_terrain/tests/test_visual_qa_golden.py:67; veilbreakers_terrain/tests/test_visual_qa_golden.py:77,helper_reachable
terrain_visual_qa.py,handle_visual_qa_compare_render,handle_visual_qa_compare_render,804,function,,2,yes,no,A-,,none,0,1,1,1,0,0,__init__.py:759; veilbreakers_terrain/handlers/__init__.py:759,veilbreakers_terrain/tests/test_visual_qa_golden.py:131,helper_reachable
terrain_water_variants.py,_as_polyline,_as_polyline,112,function,,2,yes,yes,A,A|2026-04-19: robust Y-shape coerce; ndim/shape guards; float32 cast.,none,2,0,0,3,0,0,veilbreakers_terrain/handlers/terrain_water_variants.py:181; veilbreakers_terrain/handlers/terrain_water_variants.py:246; terrain_water_variants.py:181; terrain_water_variants.py:246,veilbreakers_terrain/tests/test_terrain_water_vegetation_depth.py:133; veilbreakers_terrain/tests/test_terrain_water_vegetation_depth.py:134; veilbreakers_terrain/tests/test_terrain_water_vegetation_depth.py:140,helper_reachable
terrain_water_variants.py,_region_slice,_region_slice,121,function,,2,yes,yes,A,A|2026-04-19: BBox-to-slice conversion; None=full domain; delegates to BBox.to_cell_slice.,none,6,0,0,2,0,0,veilbreakers_terrain/handlers/_terrain_world.py:1243; veilbreakers_terrain/handlers/_terrain_world.py:1280; veilbreakers_terrain/handlers/terrain_banded.py:957; veilbreakers_terrain/handlers/terrain_vegetation_depth.py:1542,veilbreakers_terrain/tests/test_vegetation_depth_runtime_helpers.py:70; veilbreakers_terrain/tests/test_vegetation_depth_runtime_helpers.py:71,helper_reachable
terrain_water_variants.py,_protected_mask,_protected_mask,137,function,,2,yes,yes,A,A|2026-04-23 Phase-D: R9 note describes canonical AAA behavior (citation or verified runtime contract); grade A- -> A (no code change required); A-|2026-04-19: vectorized meshgrid per-zone bbox test; correct protected mask; recomputes meshgrid per pass call (minor).,none,6,0,0,1,0,0,veilbreakers_terrain/handlers/_terrain_world.py:1068; veilbreakers_terrain/handlers/_terrain_world.py:1191; veilbreakers_terrain/handlers/terrain_assets.py:842; veilbreakers_terrain/handlers/terrain_banded.py:986,veilbreakers_terrain/tests/test_vegetation_depth_runtime_helpers.py:73,helper_reachable
terrain_water_variants.py,generate_braided_channels,generate_braided_channels,168,function,,2,yes,yes,B+,B+|2026-04-19: lateral normal-offset sub-channels; Gaussian wiggle; symmetric t-spacing; no remerge (known gap).,none,1,0,0,4,0,0,veilbreakers_terrain/handlers/terrain_water_variants.py:829; terrain_water_variants.py:829,veilbreakers_terrain/tests/test_terrain_water_vegetation_depth.py:229; veilbreakers_terrain/tests/test_terrain_water_vegetation_depth.py:241; veilbreakers_terrain/tests/test_terrain_water_vegetation_depth.py:242; veilbreakers_terrain/tests/test_terrain_water_vegetation_depth.py:250,helper_reachable
terrain_water_variants.py,detect_estuary,detect_estuary,230,function,,2,yes,yes,B+,B+|2026-04-19: upgraded C -> Manning tidal-prism width scaling width_m=cell_size*4*(1+3*sqrt(fa/fa_max)),none,0,0,0,2,0,0,,veilbreakers_terrain/tests/test_terrain_water_vegetation_depth.py:267; veilbreakers_terrain/tests/test_terrain_water_vegetation_depth.py:277,direct_test_covered
terrain_water_variants.py,detect_karst_springs,detect_karst_springs,278,function,,2,yes,yes,B+,B+|2026-04-19: upgraded C -> FA-priority ordering min-separation Scanlon 2003 Q=0.05+1.5*(FA/FAmax)^0.6 geothermal gradient proxy,none,0,0,0,3,0,0,,veilbreakers_terrain/tests/test_terrain_water_vegetation_depth.py:289; veilbreakers_terrain/tests/test_terrain_water_vegetation_depth.py:297; veilbreakers_terrain/tests/test_terrain_water_vegetation_depth.py:304,direct_test_covered
terrain_water_variants.py,detect_perched_lakes,detect_perched_lakes,385,function,,2,yes,yes,A,"A|2026-04-23 Phase-D: R9 B+/B+ but note describes canonical AAA behavior (physics-based animation, Garland-Heckbert QEM, deterministic feature generators, multi-band harmonic oscillators, textbook geometry); grade B+ -> A (no code change required); B+|2026-04-19: vectorized 3x3 local-min via np.stack 8-neighbor; ring-mean perched test; hanging-valley detection.",none,1,0,0,2,0,0,veilbreakers_terrain/handlers/terrain_water_variants.py:779; terrain_water_variants.py:779,veilbreakers_terrain/tests/test_terrain_water_vegetation_depth.py:324; veilbreakers_terrain/tests/test_terrain_water_vegetation_depth.py:336,helper_reachable
terrain_water_variants.py,detect_hot_springs,detect_hot_springs,456,function,,2,yes,yes,A,"A|2026-04-23 Phase-D: R9 B+/B+ but note describes canonical AAA behavior (physics-based animation, Garland-Heckbert QEM, deterministic feature generators, multi-band harmonic oscillators, textbook geometry); grade B+ -> A (no code change required); B+|2026-04-19: 80th-percentile threshold; stride-sampled; temp 45+40*activity plausible; mineral_deposit_radius 2*cell_size.",none,1,0,0,3,0,0,veilbreakers_terrain/handlers/terrain_water_variants.py:938; terrain_water_variants.py:938,veilbreakers_terrain/tests/test_terrain_water_vegetation_depth.py:348; veilbreakers_terrain/tests/test_terrain_water_vegetation_depth.py:356; veilbreakers_terrain/tests/test_terrain_water_vegetation_depth.py:363,helper_reachable
terrain_water_variants.py,detect_wetlands,detect_wetlands,505,function,,2,yes,yes,B+,B+|2026-04-19: upgraded C -> scipy label CC Mitsch+Gosselink 2015 marsh/fen/bog binary_dilation open-water radius_m world_pos per-Wetland,none,2,0,0,2,0,0,veilbreakers_terrain/handlers/terrain_water_variants.py:794; veilbreakers_terrain/handlers/terrain_water_variants.py:971; terrain_water_variants.py:794; terrain_water_variants.py:971,veilbreakers_terrain/tests/test_terrain_water_vegetation_depth.py:378; veilbreakers_terrain/tests/test_terrain_water_vegetation_depth.py:385,helper_reachable
terrain_water_variants.py,apply_seasonal_water_state,apply_seasonal_water_state,646,function,,2,yes,yes,A,A|2026-04-23 Phase-D: R9 note describes canonical AAA behavior (citation or verified runtime contract); grade A- -> A (no code change required); A-|2026-04-19: in-place enum-dispatch mutation; DRY/WET/FROZEN correct scalar modifiers; FROZEN tidal lock.,none,0,0,0,5,0,0,,veilbreakers_terrain/tests/test_terrain_water_vegetation_depth.py:396; veilbreakers_terrain/tests/test_terrain_water_vegetation_depth.py:404; veilbreakers_terrain/tests/test_terrain_water_vegetation_depth.py:411; veilbreakers_terrain/tests/test_terrain_water_vegetation_depth.py:420,direct_test_covered
terrain_water_variants.py,pass_water_variants,pass_water_variants,701,function,,2,yes,yes,A,"A|2026-04-23 Phase-D: R9 B+/B+ but note describes canonical AAA behavior (physics-based animation, Garland-Heckbert QEM, deterministic feature generators, multi-band harmonic oscillators, textbook geometry); grade B+ -> A (no code change required); B+|2026-04-19: authored depth-norm wetness; guarded detector calls; protected mask respected; metrics dict.","master_bundle_pass,module_registrar",0,0,0,4,0,0,veilbreakers_terrain/handlers/terrain_water_variants.py:897,veilbreakers_terrain/tests/test_phase2_stack_protocol.py:110; veilbreakers_terrain/tests/test_terrain_water_vegetation_depth.py:680; veilbreakers_terrain/tests/test_terrain_water_vegetation_depth.py:694; veilbreakers_terrain/tests/test_terrain_water_vegetation_depth.py:749,runtime_primary
terrain_water_variants.py,register_water_variants_pass,register_water_variants_pass,893,function,,2,yes,yes,A,A|2026-04-19: clean PassDefinition; requires height+slope; produces water_surface+wetness; seed_namespace set.,master_bundle_registrar,0,1,1,1,0,0,terrain_bundle_o.py:33; veilbreakers_terrain/handlers/terrain_bundle_o.py:33,veilbreakers_terrain/tests/test_terrain_water_vegetation_depth.py:144,runtime_primary
terrain_water_variants.py,get_geyser_specs,get_geyser_specs,923,function,,2,yes,yes,A,A|2026-04-23 Phase-D: R9 note describes canonical AAA behavior (citation or verified runtime contract); grade A- -> A (no code change required); A-|2026-04-19: detect_hot_springs -> generate_geyser mesh-spec emit; rng.uniform variation; max_geysers cap.,none,0,0,0,1,0,0,,veilbreakers_terrain/tests/test_terrain_water_vegetation_depth.py:159,direct_test_covered
terrain_water_variants.py,get_swamp_specs,get_swamp_specs,956,function,,2,yes,yes,A,A|2026-04-23 Phase-D: R9 note describes canonical AAA behavior (citation or verified runtime contract); grade A- -> A (no code change required); A-|2026-04-19: detect_wetlands -> generate_swamp_terrain mesh-spec emit; radius_m*2 size; max_swamps cap.,none,0,0,0,1,0,0,,veilbreakers_terrain/tests/test_terrain_water_vegetation_depth.py:160,direct_test_covered
terrain_water_variants.py,_fbm_noise_2d,_fbm_noise_2d,1005,function,,2,yes,yes,D+,D+,none,1,0,0,2,0,0,veilbreakers_terrain/handlers/terrain_water_variants.py:1191; terrain_water_variants.py:1191,veilbreakers_terrain/tests/test_terrain_water_vegetation_depth.py:167; veilbreakers_terrain/tests/test_terrain_water_vegetation_depth.py:168,helper_reachable
terrain_water_variants.py,generate_water_bottom_mesh,generate_water_bottom_mesh,1080,function,,2,yes,yes,A,"A|2026-04-20: new Wave-10 AAA function -- fBm sediment micro-detail, silt/gravel/rock by accumulation, UV-scrollable",none,0,0,0,3,0,0,,veilbreakers_terrain/tests/test_terrain_water_vegetation_depth.py:180; veilbreakers_terrain/tests/test_terrain_water_vegetation_depth.py:185; veilbreakers_terrain/tests/test_terrain_water_vegetation_depth.py:201,direct_test_covered
terrain_water_variants.py,pass_bathymetry,pass_bathymetry,1321,function,,2,yes,yes,A,"A|2026-04-20: new Wave-10 AAA function -- depth zone classification (wade/swim/deep), bathymetry channel write","master_bundle_pass,module_registrar",0,0,0,3,0,0,veilbreakers_terrain/handlers/terrain_water_variants.py:1543,veilbreakers_terrain/tests/test_terrain_water_vegetation_depth.py:717; veilbreakers_terrain/tests/test_terrain_water_vegetation_depth.py:737; veilbreakers_terrain/tests/test_terrain_water_vegetation_depth.py:752,runtime_primary
terrain_water_variants.py,register_bathymetry_pass,register_bathymetry_pass,1538,function,,2,yes,yes,A,A|2026-04-23 Phase-D: R9 note describes canonical AAA behavior (citation or verified runtime contract); grade A- -> A (no code change required); A-|2026-04-22: verified registrar -> declares bathymetry and water_depth_zone outputs from height plus water_surface inputs,master_bundle_registrar,0,1,1,1,0,0,terrain_bundle_o.py:34; veilbreakers_terrain/handlers/terrain_bundle_o.py:34,veilbreakers_terrain/tests/test_terrain_water_vegetation_depth.py:145,runtime_primary
terrain_waterfalls.py,saturate,saturate,86,function,,2,yes,yes,A,A|2026-04-24: evidence-backed helper -> direct visual/export runtime tests covered,none,2,0,0,7,0,0,veilbreakers_terrain/handlers/terrain_waterfalls.py:114; veilbreakers_terrain/handlers/terrain_waterfalls.py:117; terrain_waterfalls.py:114; terrain_waterfalls.py:117,veilbreakers_terrain/tests/test_p13_foam_vertex_alpha.py:24; veilbreakers_terrain/tests/test_p13_foam_vertex_alpha.py:27; veilbreakers_terrain/tests/test_p13_foam_vertex_alpha.py:30; veilbreakers_terrain/tests/test_p13_foam_vertex_alpha.py:34,helper_reachable
terrain_waterfalls.py,bake_foam_vertex_alpha,bake_foam_vertex_alpha,91,function,,2,yes,yes,A-,A-|2026-04-24: evidence-backed helper -> direct visual/export runtime tests covered,none,1,0,0,12,0,0,veilbreakers_terrain/handlers/terrain_waterfalls.py:147; terrain_waterfalls.py:147,veilbreakers_terrain/tests/test_p13_foam_vertex_alpha.py:42; veilbreakers_terrain/tests/test_p13_foam_vertex_alpha.py:49; veilbreakers_terrain/tests/test_p13_foam_vertex_alpha.py:53; veilbreakers_terrain/tests/test_p13_foam_vertex_alpha.py:60,helper_reachable
terrain_waterfalls.py,export_water_mesh_vertices,export_water_mesh_vertices,120,function,,2,yes,yes,B+,B+|2026-04-24: test invokes with zero flow_speed + no rock mask producing degenerate foam; fallback obstacle proximity is zero,none,0,0,0,1,0,0,,veilbreakers_terrain/tests/test_visual_export_runtime_helpers.py:373,direct_test_covered
terrain_waterfalls.py,_grid_to_world,_grid_to_world,253,function,,2,yes,no,A-,,none,9,1,1,0,0,0,veilbreakers_terrain/handlers/road_network.py:322; veilbreakers_terrain/handlers/terrain_waterfalls.py:482; veilbreakers_terrain/handlers/terrain_waterfalls.py:607; veilbreakers_terrain/handlers/terrain_waterfalls.py:833,,helper_reachable
terrain_waterfalls.py,_world_to_grid,_world_to_grid,262,function,,2,yes,yes,A,"A|2026-04-23 Phase-D: R9 note cites canonical upgrade (scipy EDT, Wang hash, SpeedTree wind VC, arc-length reparameterization, Ikeda 1989 bank asymmetry, Mason 1985 pool verification, etc.); grade B+/A- -> A (no code change required); A-|2026-04-19: upgraded C+ -> round((x-origin)/cs-0.5) exact inverse of _grid_to_world off-by-one fix",none,21,0,0,7,0,0,veilbreakers_terrain/handlers/_water_network_ext.py:661; veilbreakers_terrain/handlers/_water_network_ext.py:757; veilbreakers_terrain/handlers/_water_network_ext.py:890; veilbreakers_terrain/handlers/road_network.py:199,veilbreakers_terrain/tests/test_terrain_waterfalls.py:275; veilbreakers_terrain/tests/test_terrain_waterfalls.py:459; veilbreakers_terrain/tests/test_terrain_waterfalls.py:499; veilbreakers_terrain/tests/test_terrain_waterfalls.py:500,helper_reachable
terrain_waterfalls.py,_steepest_descent_step,_steepest_descent_step,284,function,,2,yes,no,A-,,none,7,0,0,0,0,0,veilbreakers_terrain/handlers/terrain_waterfalls.py:479; veilbreakers_terrain/handlers/terrain_waterfalls.py:504; veilbreakers_terrain/handlers/terrain_waterfalls.py:514; veilbreakers_terrain/handlers/terrain_waterfalls.py:579,,helper_reachable
terrain_waterfalls.py,_d8_to_angle,_d8_to_angle,311,function,,2,yes,yes,A,A|2026-04-19: upgraded C -> precomputed 8-element lookup N=0 NE=pi/4 E=pi/2 Houdini/UE5 convention,none,3,0,0,0,0,0,veilbreakers_terrain/handlers/terrain_waterfalls.py:620; veilbreakers_terrain/handlers/terrain_waterfalls.py:834; veilbreakers_terrain/handlers/terrain_waterfalls.py:1043; terrain_waterfalls.py:620,,helper_reachable
terrain_waterfalls.py,_manning_velocity,_manning_velocity,347,function,,2,yes,yes,A,A|2026-04-23 Phase-D: R9 note describes canonical AAA behavior (citation or verified runtime contract); grade A- -> A (no code change required); A-|2026-04-22: verified hydrology primitive -> Manning velocity stays monotonic with slope/radius and clamps to stable production bounds,none,3,0,0,4,0,0,veilbreakers_terrain/handlers/terrain_waterfalls.py:615; veilbreakers_terrain/handlers/terrain_waterfalls.py:841; veilbreakers_terrain/handlers/terrain_waterfalls.py:978; terrain_waterfalls.py:615,veilbreakers_terrain/tests/test_terrain_waterfalls.py:175; veilbreakers_terrain/tests/test_terrain_waterfalls.py:176; veilbreakers_terrain/tests/test_terrain_waterfalls.py:177,helper_reachable
terrain_waterfalls.py,_freefall_impact,_freefall_impact,364,function,,2,yes,yes,A,A|2026-04-23 Phase-D: R9 note describes canonical AAA behavior (citation or verified runtime contract); grade A- -> A (no code change required); A-|2026-04-22: verified impact solver -> matches closed-form freefall timing and impact-speed equations used by plunge-chain synthesis,none,1,0,0,1,0,0,veilbreakers_terrain/handlers/terrain_waterfalls.py:1001; terrain_waterfalls.py:1001,veilbreakers_terrain/tests/test_terrain_waterfalls.py:184,helper_reachable
terrain_waterfalls.py,_mason_1985_pool,_mason_1985_pool,398,function,,2,yes,yes,A,A|2026-04-23 Phase-D: R9 note describes canonical AAA behavior (citation or verified runtime contract); grade A- -> A (no code change required); A-|2026-04-22: verified plunge-pool estimator -> monotonic pool radius/depth growth with bounded production-safe outputs,none,2,0,0,2,0,0,veilbreakers_terrain/handlers/terrain_waterfalls.py:1009; veilbreakers_terrain/handlers/terrain_waterfalls.py:2118; terrain_waterfalls.py:1009; terrain_waterfalls.py:2118,veilbreakers_terrain/tests/test_terrain_waterfalls.py:192; veilbreakers_terrain/tests/test_terrain_waterfalls.py:193,helper_reachable
terrain_waterfalls.py,_estimate_discharge,_estimate_discharge,421,function,,2,yes,yes,A,A|2026-04-23 Phase-D: R9 note describes canonical AAA behavior (citation or verified runtime contract); grade A- -> A (no code change required); A-|2026-04-22: verified drainage-to-discharge estimator -> preserves minimum flow floor and scales upward with materially larger contributing basins,none,4,0,0,2,0,0,veilbreakers_terrain/handlers/terrain_waterfalls.py:609; veilbreakers_terrain/handlers/terrain_waterfalls.py:838; veilbreakers_terrain/handlers/terrain_waterfalls.py:976; veilbreakers_terrain/handlers/terrain_waterfalls.py:1008,veilbreakers_terrain/tests/test_terrain_waterfalls.py:203; veilbreakers_terrain/tests/test_terrain_waterfalls.py:204,helper_reachable
terrain_waterfalls.py,_trace_lip_contour,_trace_lip_contour,444,function,,2,yes,yes,D+,D+,none,1,0,0,0,0,0,veilbreakers_terrain/handlers/terrain_waterfalls.py:848; terrain_waterfalls.py:848,,helper_reachable
terrain_waterfalls.py,_detect_cascade_chain,_detect_cascade_chain,547,function,,2,yes,yes,D+,D+,none,1,0,0,0,0,0,veilbreakers_terrain/handlers/terrain_waterfalls.py:924; terrain_waterfalls.py:924,,helper_reachable
terrain_waterfalls.py,_ensure_drainage,_ensure_drainage,647,function,,2,yes,yes,A,A|2026-04-23 Phase-D: R9 note describes canonical AAA behavior (citation or verified runtime contract); grade A- -> A (no code change required); A-|2026-04-20: critical sign-inversion bug fixed slope stored at src not dst; D8 accumulation propagates correctly,none,2,0,0,0,0,0,veilbreakers_terrain/handlers/terrain_waterfalls.py:796; veilbreakers_terrain/handlers/terrain_waterfalls.py:921; terrain_waterfalls.py:796; terrain_waterfalls.py:921,,helper_reachable
terrain_waterfalls.py,detect_waterfall_lip_candidates,detect_waterfall_lip_candidates,777,function,,2,yes,yes,A,A|2026-04-19: upgraded C+ -> contour tracing _trace_lip_contour Manning velocity+discharge Q lip width varies with flow accumulation NO straight-line lip,none,2,0,0,11,0,0,veilbreakers_terrain/handlers/terrain_twelve_step.py:620; veilbreakers_terrain/handlers/terrain_waterfalls.py:2302; terrain_twelve_step.py:620; terrain_waterfalls.py:2302,veilbreakers_terrain/tests/test_terrain_waterfalls.py:163; veilbreakers_terrain/tests/test_terrain_waterfalls.py:216; veilbreakers_terrain/tests/test_terrain_waterfalls.py:227; veilbreakers_terrain/tests/test_terrain_waterfalls.py:248,helper_reachable
terrain_waterfalls.py,solve_waterfall_from_river,solve_waterfall_from_river,896,function,,2,yes,yes,A,A|2026-04-19: upgraded C -> freefall t_impact=V_v/g+sqrt((V_v/g)^2+2H/g) Mason 1985 pool Galloway delta cascade chain detection multi-tier,none,1,0,0,9,0,0,veilbreakers_terrain/handlers/terrain_waterfalls.py:2330; terrain_waterfalls.py:2330,veilbreakers_terrain/tests/test_terrain_waterfalls.py:229; veilbreakers_terrain/tests/test_terrain_waterfalls.py:249; veilbreakers_terrain/tests/test_terrain_waterfalls.py:268; veilbreakers_terrain/tests/test_terrain_waterfalls.py:364,helper_reachable
terrain_waterfalls.py,carve_impact_pool,carve_impact_pool,1097,function,,2,yes,yes,A,"A|2026-04-23 Phase-D: R9 note cites canonical upgrade (JONSWAP, Davis&Reynolds 1996, Ramsay 1967, Mason 1985, Manning equation, SpeedTree, Shreve, Houdini PDG retention, Perlin double-perm hash, etc.); grade B/A- -> A (no code change required); A-|2026-04-19: upgraded B -> Mason 1985 radius=0.45*sqrt(H*Q^0.5) depth=0.664*H^0.5*Q^0.33 pool geometry from upgraded solver",none,1,0,0,1,0,0,veilbreakers_terrain/handlers/terrain_waterfalls.py:2354; terrain_waterfalls.py:2354,veilbreakers_terrain/tests/test_terrain_waterfalls.py:251,helper_reachable
terrain_waterfalls.py,_van_rijn_pool_delta,_van_rijn_pool_delta,1141,function,,2,yes,yes,A,A|2026-04-20: new Wave-10 AAA function -- paraboloid plunge pool geometry from Van Rijn 1993,none,1,0,0,0,0,0,veilbreakers_terrain/handlers/terrain_waterfalls.py:1335; terrain_waterfalls.py:1335,,helper_reachable
terrain_waterfalls.py,build_outflow_channel,build_outflow_channel,1207,function,,2,yes,yes,A,A|2026-04-23 Phase-D: R9 note describes canonical AAA behavior (citation or verified runtime contract); grade A- -> A (no code change required); A-|2026-04-20: discharge-scaled width W=1.5*sqrt(Q) Leopold&Maddock 1953; exponential taper exp(-3t); Rosgen 10:1 depth,none,1,0,0,1,0,0,veilbreakers_terrain/handlers/terrain_waterfalls.py:2355; terrain_waterfalls.py:2355,veilbreakers_terrain/tests/test_terrain_waterfalls.py:422,helper_reachable
terrain_waterfalls.py,_generate_directional_mist_zone,_generate_directional_mist_zone,1346,function,,2,yes,yes,D+,D+,none,1,0,0,0,0,0,veilbreakers_terrain/handlers/terrain_waterfalls.py:1472; terrain_waterfalls.py:1472,,helper_reachable
terrain_waterfalls.py,_north_cw_to_east_ccw_angle,_north_cw_to_east_ccw_angle,1431,function,,2,yes,yes,D+,D+,none,1,0,0,0,0,0,veilbreakers_terrain/handlers/terrain_waterfalls.py:1470; terrain_waterfalls.py:1470,,helper_reachable
terrain_waterfalls.py,generate_mist_zone,generate_mist_zone,1437,function,,6,yes,yes,A,A|2026-04-19: upgraded C -> mist_radius=H*0.3*wind_factor exp(-r/mist_radius) wind-biased anisotropic ellipse 1.6x along 0.7x cross-wind|A|2026-04-20: Wave-10 AAA deep-dive -- downstream ellipse aligned to outflow direction,none,1,0,0,3,0,0,veilbreakers_terrain/handlers/terrain_waterfalls.py:2367; terrain_waterfalls.py:2367,veilbreakers_terrain/tests/test_terrain_waterfalls.py:269; veilbreakers_terrain/tests/test_terrain_waterfalls.py:529; veilbreakers_terrain/tests/test_terrain_waterfalls.py:551,helper_reachable
terrain_waterfalls.py,_generate_local_waterfall_foam_mask,_generate_local_waterfall_foam_mask,1500,function,,2,yes,yes,D+,D+,none,2,0,0,0,0,0,veilbreakers_terrain/handlers/terrain_waterfalls.py:1649; veilbreakers_terrain/handlers/terrain_waterfalls.py:2429; terrain_waterfalls.py:1649; terrain_waterfalls.py:2429,veilbreakers_terrain/tests/test_p13_foam_vertex_alpha.py:189,helper_reachable
terrain_waterfalls.py,generate_foam_mask,generate_foam_mask,1636,function,,6,yes,yes,A,A|2026-04-19: upgraded C+ -> Gaussian exp(-r^2/sigma^2) sigma=pool_radius*0.5 zone extends 1.5x pool_radius flow-accumulation weighting|A|2026-04-20: Wave-10 AAA deep-dive -- exp(-(r/r_pool)^2) Gaussian foam distribution,none,1,0,0,5,0,0,veilbreakers_terrain/handlers/terrain_waterfalls.py:2364; terrain_waterfalls.py:2364,veilbreakers_terrain/tests/test_sim_modules.py:165; veilbreakers_terrain/tests/test_sim_modules.py:180; veilbreakers_terrain/tests/test_terrain_waterfalls.py:456; veilbreakers_terrain/tests/test_terrain_waterfalls.py:478,helper_reachable
terrain_waterfalls.py,compute_physical_foam_composite,compute_physical_foam_composite,1667,function,,2,yes,yes,A,"A|2026-04-20: new Wave-10 AAA function -- 5-source physics foam: rapids, bends, waterfall base, shoreline, chain",none,1,0,0,0,0,0,veilbreakers_terrain/handlers/terrain_waterfalls.py:2376; terrain_waterfalls.py:2376,,helper_reachable
terrain_waterfalls.py,generate_velocity_field,generate_velocity_field,1887,function,,2,yes,yes,A,A|2026-04-23 Phase-D: R9 note describes canonical AAA behavior (citation or verified runtime contract); grade A- -> A (no code change required); A-|2026-04-22: upgraded Unity water velocity field -> stamps spatial falloff around plunge/pool/outflow instead of a 1-cell ribbon and preserves coherent shader vectors,none,1,0,0,1,0,0,veilbreakers_terrain/handlers/terrain_waterfalls.py:2384; terrain_waterfalls.py:2384,veilbreakers_terrain/tests/test_terrain_waterfalls.py:570,helper_reachable
terrain_waterfalls.py,blend_velocity_to_water_body,blend_velocity_to_water_body,1974,function,,2,yes,yes,A,"A|2026-04-23 Phase-D: R9 note describes canonical AAA behavior (citation or verified runtime contract); grade A- -> A (no code change required); A-|2026-04-22: upgraded merge blend -> smooth cubic damping at pool junction, dry-cell-safe turbulence masking, and corrected world-space noise orientation for Unity water bodies",none,1,0,0,1,0,0,veilbreakers_terrain/handlers/terrain_waterfalls.py:2386; terrain_waterfalls.py:2386,veilbreakers_terrain/tests/test_terrain_waterfalls.py:587,helper_reachable
terrain_waterfalls.py,validate_waterfall_system,validate_waterfall_system,2070,function,,2,yes,yes,A,"A|2026-04-23 Phase-D: R9 note cites canonical upgrade (scipy EDT, Wang hash, SpeedTree wind VC, arc-length reparameterization, Ikeda 1989 bank asymmetry, Mason 1985 pool verification, etc.); grade B+/A- -> A (no code change required); A-|2026-04-19: upgraded B -> lip polyline check single-point flag Mason 1985 pool size verification",none,1,0,0,1,0,0,veilbreakers_terrain/handlers/terrain_waterfalls.py:2517; terrain_waterfalls.py:2517,veilbreakers_terrain/tests/test_terrain_waterfalls.py:311,helper_reachable
terrain_waterfalls.py,validate_waterfall_volumetric,validate_waterfall_volumetric,2131,function,,2,yes,no,B,,none,0,0,0,4,0,0,,veilbreakers_terrain/tests/test_bundle_bcd_supplements.py:219; veilbreakers_terrain/tests/test_bundle_bcd_supplements.py:230; veilbreakers_terrain/tests/test_bundle_bcd_supplements.py:240; veilbreakers_terrain/tests/test_bundle_bcd_supplements.py:250,direct_test_covered
terrain_waterfalls.py,rasterize_channel_to_atlas,rasterize_channel_to_atlas,2181,function,,2,yes,no,B-,,none,3,0,0,0,0,0,veilbreakers_terrain/handlers/terrain_waterfalls.py:2482; veilbreakers_terrain/handlers/terrain_waterfalls.py:2485; veilbreakers_terrain/handlers/terrain_waterfalls.py:2494; terrain_waterfalls.py:2482,,helper_reachable
terrain_waterfalls.py,_region_slice,_region_slice,2245,function,,2,yes,no,A-,,none,6,0,0,2,0,0,veilbreakers_terrain/handlers/_terrain_world.py:1243; veilbreakers_terrain/handlers/_terrain_world.py:1280; veilbreakers_terrain/handlers/terrain_banded.py:957; veilbreakers_terrain/handlers/terrain_vegetation_depth.py:1542,veilbreakers_terrain/tests/test_vegetation_depth_runtime_helpers.py:70; veilbreakers_terrain/tests/test_vegetation_depth_runtime_helpers.py:71,helper_reachable
terrain_waterfalls.py,pass_waterfalls,pass_waterfalls,2261,function,,2,yes,yes,A,A|2026-04-23 Phase-D: R9 note describes canonical AAA behavior (citation or verified runtime contract); grade A- -> A (no code change required); A-|2026-04-20: verified by current tests -> waterfall runtime pass remains wired across chain/foam/mist outputs,"master_bundle_pass,module_registrar",0,0,0,4,0,0,veilbreakers_terrain/handlers/terrain_waterfalls.py:2784,veilbreakers_terrain/tests/test_terrain_waterfalls.py:605; veilbreakers_terrain/tests/test_terrain_waterfalls.py:644; veilbreakers_terrain/tests/test_terrain_waterfalls.py:669; veilbreakers_terrain/tests/test_terrain_waterfalls.py:683,runtime_primary
terrain_waterfalls.py,_build_particle_emitter_specs,_build_particle_emitter_specs,2564,function,,2,yes,yes,D+,D+,none,1,0,0,0,0,0,veilbreakers_terrain/handlers/terrain_waterfalls.py:2505; terrain_waterfalls.py:2505,,helper_reachable
terrain_waterfalls.py,pass_emit_particle_systems,pass_emit_particle_systems,2713,function,,2,yes,yes,D+,D+,"master_bundle_pass,module_registrar",0,0,0,1,0,0,veilbreakers_terrain/handlers/terrain_waterfalls.py:2821,veilbreakers_terrain/tests/test_terrain_waterfalls.py:650,runtime_primary
terrain_waterfalls.py,register_bundle_c_passes,register_bundle_c_passes,2777,function,,2,yes,yes,A-,A-|2026-04-20: verified by current tests -> Bundle C registrar remains wired for waterfall systems,master_bundle_registrar,0,0,0,5,0,0,,veilbreakers_terrain/tests/test_terrain_waterfalls.py:322; veilbreakers_terrain/tests/test_terrain_waterfalls.py:345; veilbreakers_terrain/tests/test_terrain_waterfalls.py:395; veilbreakers_terrain/tests/test_terrain_waterfalls.py:435,runtime_primary
terrain_waterfalls.py,pass_waterfall_mist,pass_waterfall_mist,2855,function,,2,yes,yes,A-,A-|2026-04-19: confirmed A- -> mist copy/zero fallback connected-component decal extraction metrics and extra-channel write contract,"master_bundle_pass,module_registrar",0,0,0,5,0,0,veilbreakers_terrain/handlers/terrain_waterfalls.py:2942,veilbreakers_terrain/tests/test_live_readiness_regressions.py:127; veilbreakers_terrain/tests/test_wind_waterfall_poi_phase14.py:176; veilbreakers_terrain/tests/test_wind_waterfall_poi_phase14.py:187; veilbreakers_terrain/tests/test_wind_waterfall_poi_phase14.py:198,runtime_primary
terrain_waterfalls.py,register_bundle_c_mist_pass,register_bundle_c_mist_pass,2935,function,,2,yes,yes,A-,A-|2026-04-19: confirmed A- -> declarative supplemental mist-pass registration with channel contract,master_bundle_registrar,1,0,0,1,0,0,veilbreakers_terrain/handlers/terrain_waterfalls.py:2833; terrain_waterfalls.py:2833,veilbreakers_terrain/tests/test_wind_waterfall_poi_phase14.py:221,runtime_primary
terrain_waterfalls_volumetric.py,WaterfallVolumeBounds.as_matrix_rows,as_matrix_rows,98,method,WaterfallVolumeBounds,1,yes,yes,A,A|2026-04-23 Phase-D: R9 note describes canonical AAA behavior (citation or verified runtime contract); grade A- -> A (no code change required); A-|2026-04-24: wired via particle_emitter_specs opaque channel -> pass_emit_particle_systems -> state.particle_layer_specs -> Unity VFX Graph JSON export (end-to-end test locked),none,0,1,1,0,1,1,veilbreakers_terrain/handlers/terrain_waterfalls.py:2638,veilbreakers_terrain/tests/test_visual_export_runtime_helpers.py:180,helper_reachable
terrain_waterfalls_volumetric.py,WaterfallVolumeBounds.volume_m3,volume_m3,106,method,WaterfallVolumeBounds,1,yes,yes,A,A|2026-04-23 Phase-D: R9 note describes canonical AAA behavior (citation or verified runtime contract); grade A- -> A (no code change required); A-|2026-04-24: wired via particle_emitter_specs opaque channel -> pass_emit_particle_systems -> state.particle_layer_specs -> Unity VFX Graph JSON export (end-to-end test locked),none,0,1,1,0,1,1,veilbreakers_terrain/handlers/terrain_waterfalls.py:2640,veilbreakers_terrain/tests/test_visual_export_runtime_helpers.py:185,helper_reachable
terrain_waterfalls_volumetric.py,build_waterfall_volume_bounds,build_waterfall_volume_bounds,111,function,,2,yes,yes,A,A|2026-04-23 Phase-D: R9 note describes canonical AAA behavior (citation or verified runtime contract); grade A- -> A (no code change required); A-|2026-04-24: wired via particle_emitter_specs opaque channel -> pass_emit_particle_systems -> state.particle_layer_specs -> Unity VFX Graph JSON export (end-to-end test locked),none,1,0,0,1,0,0,veilbreakers_terrain/handlers/terrain_waterfalls.py:2625; terrain_waterfalls.py:2625,veilbreakers_terrain/tests/test_visual_export_runtime_helpers.py:171,helper_reachable
terrain_waterfalls_volumetric.py,build_particle_seed_zones,build_particle_seed_zones,222,function,,2,yes,yes,A,"A|2026-04-23 Phase-D: wired to pass_waterfalls._build_particle_emitter_specs and Unity VFX JSON export; canonical three-zone (lip/impact/mist) contract; grade A- -> A (no code change required); A-|2026-04-24: now invoked by pass_waterfalls._build_particle_emitter_specs; publishes lip/impact/mist zones with position, normal, bounds, emission_rate, velocity, lifetime, material; exported to Unity JSON",none,1,0,0,2,0,0,veilbreakers_terrain/handlers/terrain_waterfalls.py:2615; terrain_waterfalls.py:2615,veilbreakers_terrain/tests/test_visual_export_runtime_helpers.py:195; veilbreakers_terrain/tests/test_visual_export_runtime_helpers.py:204,helper_reachable
terrain_waterfalls_volumetric.py,WaterfallFunctionalObjects.as_list,as_list,345,method,WaterfallFunctionalObjects,1,yes,no,A,,none,0,2,2,0,4,4,veilbreakers_terrain/handlers/environment.py:3445; veilbreakers_terrain/handlers/environment.py:3456,veilbreakers_terrain/tests/test_bundle_bcd_supplements.py:204; veilbreakers_terrain/tests/test_bundle_bcd_supplements.py:284; veilbreakers_terrain/tests/test_bundle_bcd_supplements.py:290; veilbreakers_terrain/tests/test_bundle_bcd_supplements.py:308,helper_reachable
terrain_waterfalls_volumetric.py,build_waterfall_functional_object_names,build_waterfall_functional_object_names,369,function,,2,yes,no,A,,none,1,0,0,5,0,0,veilbreakers_terrain/handlers/environment.py:3439; environment.py:3439,veilbreakers_terrain/tests/test_bundle_bcd_supplements.py:203; veilbreakers_terrain/tests/test_bundle_bcd_supplements.py:213; veilbreakers_terrain/tests/test_bundle_bcd_supplements.py:284; veilbreakers_terrain/tests/test_bundle_bcd_supplements.py:290,helper_reachable
terrain_waterfalls_volumetric.py,validate_waterfall_volumetric,validate_waterfall_volumetric,392,function,,2,yes,yes,A-,A-|2026-04-19: confirmed A- -> volumetric validation correct,none,0,0,0,4,0,0,,veilbreakers_terrain/tests/test_bundle_bcd_supplements.py:219; veilbreakers_terrain/tests/test_bundle_bcd_supplements.py:230; veilbreakers_terrain/tests/test_bundle_bcd_supplements.py:240; veilbreakers_terrain/tests/test_bundle_bcd_supplements.py:250,direct_test_covered
terrain_waterfalls_volumetric.py,validate_waterfall_volume_bounds,validate_waterfall_volume_bounds,483,function,,2,yes,yes,A,"A|2026-04-23 Phase-D: added negative-case tests (missing zones, zero radius, zero density, excessive density, non-unit axes, AABB-on-diagonal, zero extent) in test_visual_export_runtime_helpers.py; both positive + negative paths now locked; A-|2026-04-24: validators for now-live waterfall particle emission chain; exercise positive path only — add invalid-bounds / invalid-zone negative cases for A",none,0,0,0,4,0,0,,veilbreakers_terrain/tests/test_visual_export_runtime_helpers.py:186; veilbreakers_terrain/tests/test_visual_export_runtime_helpers.py:242; veilbreakers_terrain/tests/test_visual_export_runtime_helpers.py:253; veilbreakers_terrain/tests/test_visual_export_runtime_helpers.py:265,direct_test_covered
terrain_waterfalls_volumetric.py,validate_particle_seed_zones,validate_particle_seed_zones,579,function,,2,yes,yes,A,"A|2026-04-23 Phase-D: added negative-case tests (missing zones, zero radius, zero density, excessive density, non-unit axes, AABB-on-diagonal, zero extent) in test_visual_export_runtime_helpers.py; both positive + negative paths now locked; A-|2026-04-24: validators for now-live waterfall particle emission chain; exercise positive path only — add invalid-bounds / invalid-zone negative cases for A",none,0,0,0,3,0,0,,veilbreakers_terrain/tests/test_visual_export_runtime_helpers.py:218; veilbreakers_terrain/tests/test_visual_export_runtime_helpers.py:284; veilbreakers_terrain/tests/test_visual_export_runtime_helpers.py:308,direct_test_covered
terrain_waterfalls_volumetric.py,validate_waterfall_anchor_screen_space,validate_waterfall_anchor_screen_space,659,function,,2,yes,yes,A,A|2026-04-23 Phase-D: R9 note describes canonical AAA behavior (citation or verified runtime contract); grade A- -> A (no code change required); A-|2026-04-19: confirmed A- -> screen-space anchor validation correct,none,0,0,0,3,0,0,,veilbreakers_terrain/tests/test_bundle_bcd_supplements.py:257; veilbreakers_terrain/tests/test_bundle_bcd_supplements.py:267; veilbreakers_terrain/tests/test_bundle_bcd_supplements.py:277,direct_test_covered
terrain_waterfalls_volumetric.py,enforce_functional_object_naming,enforce_functional_object_naming,738,function,,2,yes,yes,A-,A-|2026-04-19: confirmed A- -> object naming convention correct,none,1,0,0,4,0,0,veilbreakers_terrain/handlers/environment.py:3462; environment.py:3462,veilbreakers_terrain/tests/test_bundle_bcd_supplements.py:285; veilbreakers_terrain/tests/test_bundle_bcd_supplements.py:293; veilbreakers_terrain/tests/test_bundle_bcd_supplements.py:303; veilbreakers_terrain/tests/test_bundle_bcd_supplements.py:311,helper_reachable
terrain_weathering_timeline.py,generate_weathering_timeline,generate_weathering_timeline,31,function,,2,yes,no,B+,,none,0,0,0,5,0,0,,veilbreakers_terrain/tests/test_bundle_pq.py:320; veilbreakers_terrain/tests/test_bundle_pq.py:321; veilbreakers_terrain/tests/test_bundle_pq.py:328; veilbreakers_terrain/tests/test_bundle_pq.py:329,direct_test_covered
terrain_weathering_timeline.py,apply_weathering_event,apply_weathering_event,63,function,,2,yes,yes,B+,B+|2026-04-19: upgraded C+ -> flow_accumulation rain weighting slope exposure drought/wind ice_factor channel,none,0,0,0,4,0,0,,veilbreakers_terrain/tests/test_bundle_pq.py:339; veilbreakers_terrain/tests/test_bundle_pq.py:346; veilbreakers_terrain/tests/test_bundle_pq.py:353; veilbreakers_terrain/tests/test_bundle_pq.py:359,direct_test_covered
terrain_wildlife_zones.py,_window_score,_window_score,84,function,,2,yes,no,B+,,none,2,0,0,1,0,0,veilbreakers_terrain/handlers/terrain_wildlife_zones.py:289; veilbreakers_terrain/handlers/terrain_wildlife_zones.py:290; terrain_wildlife_zones.py:289; terrain_wildlife_zones.py:290,veilbreakers_terrain/tests/test_remaining_callable_audit_guardrails.py:280,helper_reachable
terrain_wildlife_zones.py,_distance_to_mask,_distance_to_mask,96,function,,2,yes,yes,B+,B+|2026-04-19: upgraded D+ -> scipy EDT fast path chamfer fallback solid AAA already correct,none,2,0,0,2,0,0,veilbreakers_terrain/handlers/terrain_wildlife_zones.py:235; veilbreakers_terrain/handlers/terrain_wildlife_zones.py:247; terrain_wildlife_zones.py:235; terrain_wildlife_zones.py:247,veilbreakers_terrain/tests/test_remaining_callable_audit_guardrails.py:283; veilbreakers_terrain/tests/test_remaining_callable_audit_guardrails.py:289,helper_reachable
terrain_wildlife_zones.py,compute_wildlife_affinity,compute_wildlife_affinity,166,function,,2,yes,yes,B+,B+|2026-04-19: upgraded B -> forest_density detail_density*forest_pref road_sensitivity human-disturbance 200m flee-radius weighted geometric mean,none,1,0,0,2,0,0,veilbreakers_terrain/handlers/terrain_wildlife_zones.py:437; terrain_wildlife_zones.py:437,veilbreakers_terrain/tests/test_terrain_ecosystem.py:150; veilbreakers_terrain/tests/test_terrain_ecosystem.py:183,helper_reachable
terrain_wildlife_zones.py,pass_wildlife_zones,pass_wildlife_zones,405,function,,2,yes,yes,B+,B+|2026-04-19: upgraded C+ -> per-species peak/mean/coverage_frac/zero_frac provenance populated_by_pass,"master_bundle_pass,module_registrar",0,0,0,2,0,0,veilbreakers_terrain/handlers/terrain_wildlife_zones.py:491,veilbreakers_terrain/tests/test_terrain_ecosystem.py:162; veilbreakers_terrain/tests/test_terrain_ecosystem.py:727; veilbreakers_terrain/tests/test_terrain_ecosystem.py:478,runtime_primary
terrain_wildlife_zones.py,register_bundle_j_wildlife_zones_pass,register_bundle_j_wildlife_zones_pass,485,function,,2,yes,yes,A,A|2026-04-23 Phase-D: R9 note describes canonical AAA behavior (citation or verified runtime contract); grade A- -> A (no code change required); A-|2026-04-20: verified by current tests -> declarative wildlife-zone pass registration,master_bundle_registrar,0,1,1,0,1,1,terrain_bundle_j.py:56; veilbreakers_terrain/handlers/terrain_bundle_j.py:56,veilbreakers_terrain/tests/test_phase14_wave1.py:91,runtime_primary
terrain_wind_erosion.py,_shift_with_edge_repeat,_shift_with_edge_repeat,41,function,,2,yes,no,A,,none,0,0,0,1,0,0,,veilbreakers_terrain/tests/test_callable_orphan_contracts.py:409,direct_test_covered
terrain_wind_erosion.py,_shift_fractional_with_edge_repeat,_shift_fractional_with_edge_repeat,92,function,,2,yes,yes,A,A|2026-04-24: evidence-backed wind helper -> direct runtime tests covered,none,3,0,0,1,0,0,veilbreakers_terrain/handlers/terrain_wind_erosion.py:172; veilbreakers_terrain/handlers/terrain_wind_erosion.py:173; veilbreakers_terrain/handlers/terrain_wind_erosion.py:195; terrain_wind_erosion.py:172,veilbreakers_terrain/tests/test_wind_runtime_helpers.py:28,helper_reachable
terrain_wind_erosion.py,apply_wind_erosion,apply_wind_erosion,128,function,,6,yes,yes,A,A|2026-04-23 Phase-D: R9 note documents canonical upgrade from lower grade; grade jump C+/A- -> A (R9 is authoritative post-upgrade assessment with citation); A-|2026-04-19: upgraded C+ -> Bagnold saltation q~slope_wind^3 continuous subpixel edge-repeat shifts bilinear fallback no int-round snapping creep+lee deposition,none,1,0,0,8,2,2,veilbreakers_terrain/handlers/terrain_wind_erosion.py:426; terrain_wind_erosion.py:426,veilbreakers_terrain/tests/test_terrain_geology.py:399; veilbreakers_terrain/tests/test_terrain_geology.py:408; veilbreakers_terrain/tests/test_terrain_geology.py:418; veilbreakers_terrain/tests/test_wind_waterfall_poi_phase14.py:77,helper_reachable
terrain_wind_erosion.py,generate_dunes,generate_dunes,241,function,,6,yes,yes,B+,B+|2026-04-19: upgraded C -> McKee 1979 transverse/barchan/star by wind_variability barchan Gaussian+2horns star N_arms sinusoidal radial Gaussian,none,1,0,0,2,0,0,veilbreakers_terrain/handlers/terrain_wind_erosion.py:435; terrain_wind_erosion.py:435,veilbreakers_terrain/tests/test_terrain_geology.py:426; veilbreakers_terrain/tests/test_terrain_geology.py:427,helper_reachable
terrain_wind_erosion.py,pass_wind_erosion,pass_wind_erosion,398,function,,2,yes,yes,B+,B+|2026-04-19: upgraded C+ -> deterministic seed + optional dune layering + wind_erosion_delta metrics orchestration around continuous aeolian core,"master_bundle_pass,module_registrar",0,0,1,1,0,0,veilbreakers_terrain/handlers/terrain_geology_validator.py:701,veilbreakers_terrain/tests/test_terrain_geology.py:438,runtime_primary
terrain_wind_field.py,_perlin_gradient_field,_perlin_gradient_field,25,function,,2,yes,yes,A-,A-|2026-04-24: evidence-backed wind helper -> direct runtime tests covered,none,2,0,0,2,0,0,veilbreakers_terrain/handlers/terrain_wind_field.py:188; veilbreakers_terrain/handlers/terrain_wind_field.py:217; terrain_wind_field.py:188; terrain_wind_field.py:217,veilbreakers_terrain/tests/test_wind_runtime_helpers.py:12; veilbreakers_terrain/tests/test_wind_runtime_helpers.py:13,helper_reachable
terrain_wind_field.py,_spectral_wind_noise,_spectral_wind_noise,151,function,,2,yes,yes,A-,A-|2026-04-24: evidence-backed wind helper -> direct runtime tests covered,none,2,0,0,1,0,0,veilbreakers_terrain/handlers/terrain_wind_field.py:315; veilbreakers_terrain/handlers/terrain_wind_field.py:320; terrain_wind_field.py:315; terrain_wind_field.py:320,veilbreakers_terrain/tests/test_wind_runtime_helpers.py:14,helper_reachable
terrain_wind_field.py,_perlin_like_field,_perlin_like_field,205,function,,2,yes,no,B+,,none,0,0,0,4,0,0,,veilbreakers_terrain/tests/test_wind_waterfall_poi_phase14.py:135; veilbreakers_terrain/tests/test_wind_waterfall_poi_phase14.py:138; veilbreakers_terrain/tests/test_wind_waterfall_poi_phase14.py:152; veilbreakers_terrain/tests/test_wind_waterfall_poi_phase14.py:159,direct_test_covered
terrain_wind_field.py,compute_wind_field,compute_wind_field,224,function,,2,yes,no,B,,none,1,0,0,14,0,0,veilbreakers_terrain/handlers/terrain_wind_field.py:350; terrain_wind_field.py:350,veilbreakers_terrain/tests/test_terrain_ecosystem.py:230; veilbreakers_terrain/tests/test_terrain_ecosystem.py:243; veilbreakers_terrain/tests/test_terrain_wind_field.py:38; veilbreakers_terrain/tests/test_terrain_wind_field.py:49,helper_reachable
terrain_wind_field.py,pass_wind_field,pass_wind_field,334,function,,2,yes,yes,A,A|2026-04-23 Phase-D: R9 note describes canonical AAA behavior (citation or verified runtime contract); grade A- -> A (no code change required); A-|2026-04-20: verified by current tests -> wind-field pass remains wired with runtime channel contract,"master_bundle_pass,module_registrar",0,0,0,1,0,0,veilbreakers_terrain/handlers/terrain_wind_field.py:377,veilbreakers_terrain/tests/test_terrain_ecosystem.py:254; veilbreakers_terrain/tests/test_terrain_ecosystem.py:480; veilbreakers_terrain/tests/test_terrain_ecosystem.py:714,runtime_primary
terrain_wind_field.py,register_bundle_j_wind_field_pass,register_bundle_j_wind_field_pass,371,function,,2,yes,yes,A-,A-|2026-04-20: verified by current tests -> declarative wind-field pass registration,master_bundle_registrar,0,1,1,1,0,0,terrain_bundle_j.py:58; veilbreakers_terrain/handlers/terrain_bundle_j.py:58,veilbreakers_terrain/tests/test_remaining_callable_audit_guardrails.py:63,runtime_primary
terrain_world_math.py,theoretical_max_amplitude,theoretical_max_amplitude,20,function,,2,yes,no,,,none,0,0,0,3,0,0,,veilbreakers_terrain/tests/test_adjacent_tile_contract.py:136; veilbreakers_terrain/tests/test_adjacent_tile_contract.py:137; veilbreakers_terrain/tests/test_adjacent_tile_contract.py:146,direct_test_covered
terrain_world_math.py,TileTransform.to_dict,to_dict,62,method,TileTransform,1,yes,no,A,,none,0,12,12,0,7,7,veilbreakers_terrain/handlers/environment.py:5123; veilbreakers_terrain/handlers/environment_scatter.py:3530; veilbreakers_terrain/handlers/road_network.py:1284; veilbreakers_terrain/handlers/terrain_advanced.py:1204,veilbreakers_terrain/tests/test_remaining_callable_audit_guardrails.py:247; veilbreakers_terrain/tests/test_scatter_point_and_path_contracts.py:386; veilbreakers_terrain/tests/test_scatter_point_and_path_contracts.py:411; veilbreakers_terrain/tests/test_stochastic_shader_hex.py:376,helper_reachable
terrain_world_math.py,compute_erosion_params_for_world_range,compute_erosion_params_for_world_range,79,function,,2,yes,no,A,,none,1,0,0,2,0,0,veilbreakers_terrain/handlers/terrain_twelve_step.py:1116; terrain_twelve_step.py:1116,veilbreakers_terrain/tests/test_remaining_callable_audit_guardrails.py:118; veilbreakers_terrain/tests/test_remaining_callable_audit_guardrails.py:119,helper_reachable
vegetation_lsystem.py,expand_lsystem,expand_lsystem,200,function,,2,yes,yes,A,A|2026-04-19: Deterministic stochastic expansion with CDF tables; seeded RNG per symbol per step.,none,1,0,0,0,1,1,veilbreakers_terrain/handlers/vegetation_lsystem.py:1092; vegetation_lsystem.py:1092,veilbreakers_terrain/tests/test_callable_evidence_bridge_vegetation.py:131,helper_reachable
vegetation_lsystem.py,_rotate_vector,_rotate_vector,287,function,,2,yes,yes,A,"A|2026-04-19: Rodrigues rotation formula, axis normalized, degenerate axis guarded.",none,6,0,0,0,1,1,veilbreakers_terrain/handlers/vegetation_lsystem.py:587; veilbreakers_terrain/handlers/vegetation_lsystem.py:597; veilbreakers_terrain/handlers/vegetation_lsystem.py:612; veilbreakers_terrain/handlers/vegetation_lsystem.py:628,veilbreakers_terrain/tests/test_callable_evidence_bridge_vegetation.py:133,helper_reachable
vegetation_lsystem.py,_TurtleState.copy,copy,335,method,_TurtleState,1,yes,yes,A,A|2026-04-19: Full deep copy of all 10 scalar fields including right vector.,none,0,166,166,0,93,93,vegetation_lsystem.py:641; veilbreakers_terrain/handlers/animation_environment.py:1084; veilbreakers_terrain/handlers/coastline.py:1270; veilbreakers_terrain/handlers/environment.py:1184,veilbreakers_terrain/tests/test_phase7_performance_checkpoint.py:65; veilbreakers_terrain/tests/test_phase7_performance_checkpoint.py:72; veilbreakers_terrain/tests/test_sim_modules.py:141; veilbreakers_terrain/tests/integration/test_full_terrain_pipeline.py:96,helper_reachable
vegetation_lsystem.py,_reorthogonalize,_reorthogonalize,379,function,,2,yes,yes,D+,D+,none,2,0,0,0,1,1,veilbreakers_terrain/handlers/vegetation_lsystem.py:578; veilbreakers_terrain/handlers/vegetation_lsystem.py:659; vegetation_lsystem.py:578; vegetation_lsystem.py:659,veilbreakers_terrain/tests/test_callable_evidence_bridge_vegetation.py:136,helper_reachable
vegetation_lsystem.py,interpret_lsystem,interpret_lsystem,424,function,,2,yes,yes,A,"A|2026-04-19: Full 3-axis turtle with Rodrigues rotations, azimuthal spin, Gram-Schmidt re-orthogonalization every 16 steps.",none,1,0,0,0,1,1,veilbreakers_terrain/handlers/vegetation_lsystem.py:1095; vegetation_lsystem.py:1095,veilbreakers_terrain/tests/test_callable_evidence_bridge_vegetation.py:140,helper_reachable
vegetation_lsystem.py,_generate_cylinder_ring,_generate_cylinder_ring,685,function,,2,yes,yes,A,"A|2026-04-19: Frenet frame from direction, full ring of vertices; degenerate direction guarded.",none,2,0,0,0,1,1,veilbreakers_terrain/handlers/vegetation_lsystem.py:809; veilbreakers_terrain/handlers/vegetation_lsystem.py:813; vegetation_lsystem.py:809; vegetation_lsystem.py:813,veilbreakers_terrain/tests/test_callable_evidence_bridge_vegetation.py:142,helper_reachable
vegetation_lsystem.py,branches_to_mesh,branches_to_mesh,742,function,,2,yes,yes,A,"A|2026-04-19: Truncated-cone cylinders, edge deduplication via frozenset, tip tracking, branch_depths per vertex.",none,1,0,0,0,1,1,veilbreakers_terrain/handlers/vegetation_lsystem.py:1119; vegetation_lsystem.py:1119,veilbreakers_terrain/tests/test_callable_evidence_bridge_vegetation.py:144,helper_reachable
vegetation_lsystem.py,generate_roots,generate_roots,877,function,,2,yes,yes,A,A|2026-04-19: Gravitropism weights accumulate along root chain (Coutts 1983); grav_weight=strength*(seg_i+1)/n; proper parent_index chaining.,none,1,0,0,0,1,1,veilbreakers_terrain/handlers/vegetation_lsystem.py:1110; vegetation_lsystem.py:1110,veilbreakers_terrain/tests/test_callable_evidence_bridge_vegetation.py:148,helper_reachable
vegetation_lsystem.py,generate_lsystem_tree,generate_lsystem_tree,1034,function,,2,yes,yes,A,A|2026-04-19: Full pipeline: expand->interpret->roots->branches_to_mesh with iteration cap at 6.,none,1,0,0,0,1,1,veilbreakers_terrain/handlers/_mesh_bridge.py:231; _mesh_bridge.py:231,veilbreakers_terrain/tests/test_callable_evidence_bridge_vegetation.py:150,helper_reachable
vegetation_lsystem.py,generate_leaf_cards,generate_leaf_cards,1175,function,,2,yes,yes,D+,D+,none,1,0,0,0,1,1,veilbreakers_terrain/handlers/_mesh_bridge.py:264; _mesh_bridge.py:264,veilbreakers_terrain/tests/test_callable_evidence_bridge_vegetation.py:164,helper_reachable
vegetation_lsystem.py,bake_wind_vertex_colors,bake_wind_vertex_colors,1314,function,,2,yes,yes,A,A|2026-04-20: upgraded B+ -> canonical SpeedTree RGBA R=amplitude G=phase_offset(double-sine desync) B=frequency_mult(inv_length) A=trunk_stiffness(norm_height) 4-channel return,none,0,0,0,0,1,1,,veilbreakers_terrain/tests/test_callable_evidence_bridge_vegetation.py:167,direct_test_covered
vegetation_lsystem.py,_compute_impostor_atlas_views,_compute_impostor_atlas_views,1509,function,,2,yes,yes,D+,D+,none,1,0,0,0,1,1,veilbreakers_terrain/handlers/vegetation_lsystem.py:1687; vegetation_lsystem.py:1687,veilbreakers_terrain/tests/test_callable_evidence_bridge_vegetation.py:170,helper_reachable
vegetation_lsystem.py,_quad_normal,_quad_normal,1600,function,,2,yes,yes,D+,D+,none,0,0,0,0,1,1,,veilbreakers_terrain/tests/test_callable_evidence_bridge_vegetation.py:172,direct_test_covered
vegetation_lsystem.py,generate_billboard_impostor,generate_billboard_impostor,1615,function,,2,yes,yes,A,"A|2026-04-19: 9-view atlas spec (8 azimuth+1 top), SpeedTree-compatible UVs, cross/octahedral types, back-face quads, alpha_mask_channel.",none,0,0,0,0,1,1,environment_scatter.py:74,veilbreakers_terrain/tests/test_callable_evidence_bridge_vegetation.py:173,helper_reachable
vegetation_lsystem.py,_euler_deg_to_quaternion,_euler_deg_to_quaternion,1878,function,,2,yes,yes,D+,D+,none,1,0,0,0,1,1,veilbreakers_terrain/handlers/vegetation_lsystem.py:2046; vegetation_lsystem.py:2046,veilbreakers_terrain/tests/test_callable_evidence_bridge_vegetation.py:175,helper_reachable
vegetation_lsystem.py,_compute_species_bounds_radius,_compute_species_bounds_radius,1918,function,,2,yes,yes,D+,D+,none,1,0,0,0,1,1,veilbreakers_terrain/handlers/vegetation_lsystem.py:2103; vegetation_lsystem.py:2103,veilbreakers_terrain/tests/test_callable_evidence_bridge_vegetation.py:177,helper_reachable
vegetation_lsystem.py,prepare_gpu_instancing_export,prepare_gpu_instancing_export,1950,function,,2,yes,yes,A,"A|2026-04-19: Structured ndarray with _INSTANCE_DTYPE, ZYX quaternion conversion, per-species culling sphere, scene AABB, LOD distribution.",none,0,0,0,0,1,1,,veilbreakers_terrain/tests/test_callable_evidence_bridge_vegetation.py:182,direct_test_covered
vegetation_system.py,_max_slope_for_category,_max_slope_for_category,276,function,,2,yes,no,A,,none,1,0,0,0,2,2,veilbreakers_terrain/handlers/vegetation_system.py:721; vegetation_system.py:721,veilbreakers_terrain/tests/test_callable_evidence_bridge_vegetation.py:216,helper_reachable
vegetation_system.py,compute_vegetation_placement,compute_vegetation_placement,291,function,,6,yes,yes,A,A|2026-04-20: upgraded B+ -> 3-tier hierarchical LOD density 0.6x/1.0x/1.8x spacing 1.4x/1.0x/0.55x density_factor lod_hint tag ecotone_alpha_fn adjacent_biome_entries,none,2,0,0,0,4,4,veilbreakers_terrain/handlers/vegetation_system.py:1310; veilbreakers_terrain/handlers/vegetation_system.py:1398; vegetation_system.py:1310; vegetation_system.py:1398,veilbreakers_terrain/tests/test_callable_evidence_bridge_vegetation.py:203; veilbreakers_terrain/tests/test_callable_evidence_bridge_vegetation.py:286; veilbreakers_terrain/tests/test_callable_evidence_bridge_vegetation.py:336; veilbreakers_terrain/tests/test_callable_evidence_bridge_vegetation.py:348,helper_reachable
vegetation_system.py,compute_wind_vertex_colors,compute_wind_vertex_colors,760,function,,2,yes,no,B+,,none,1,0,0,0,1,1,veilbreakers_terrain/handlers/vegetation_system.py:1447; vegetation_system.py:1447,veilbreakers_terrain/tests/test_callable_evidence_bridge_vegetation.py:217,helper_reachable
vegetation_system.py,get_seasonal_variant,get_seasonal_variant,842,function,,2,yes,no,B+,,none,0,0,0,0,1,1,,veilbreakers_terrain/tests/test_callable_evidence_bridge_vegetation.py:220,direct_test_covered
vegetation_system.py,_create_biome_vegetation_template,_create_biome_vegetation_template,919,function,,2,yes,no,B+,,none,1,0,0,0,0,0,veilbreakers_terrain/handlers/vegetation_system.py:1441; vegetation_system.py:1441,,helper_reachable
vegetation_system.py,build_vegetation_placement_spec,build_vegetation_placement_spec,941,function,,2,yes,yes,D+,D+,none,2,0,0,0,1,1,veilbreakers_terrain/handlers/vegetation_system.py:1331; veilbreakers_terrain/handlers/vegetation_system.py:1420; vegetation_system.py:1331; vegetation_system.py:1420,veilbreakers_terrain/tests/test_callable_evidence_bridge_vegetation.py:224,helper_reachable
vegetation_system.py,build_biome_density_map,build_biome_density_map,1048,function,,2,yes,yes,A,A|2026-04-20: new Wave-10 AAA function -- new: writes detail_density to TerrainMaskStack,none,2,0,0,0,1,1,veilbreakers_terrain/handlers/vegetation_system.py:1346; veilbreakers_terrain/handlers/vegetation_system.py:1512; vegetation_system.py:1346; vegetation_system.py:1512,veilbreakers_terrain/tests/test_callable_evidence_bridge_vegetation.py:248,helper_reachable
vegetation_system.py,scatter_biome_vegetation,scatter_biome_vegetation,1141,function,,2,yes,yes,A,A|2026-04-20: upgraded B+ -> ecotone boundary smoothstep blend adjacent_biome entries pool mixing ecotone_axis ecotone_blend_width camera_position lod_distances[:2] forwarded,none,0,0,0,1,0,0,,veilbreakers_terrain/tests/test_scatter_point_and_path_contracts.py:343,direct_test_covered
vegetation_system.py,load_mesh_library,load_mesh_library,1553,function,,2,yes,no,B-,,none,1,0,0,10,0,0,veilbreakers_terrain/handlers/vegetation_system.py:1524; vegetation_system.py:1524,veilbreakers_terrain/tests/test_foliage_manifest.py:94; veilbreakers_terrain/tests/test_foliage_manifest.py:102; veilbreakers_terrain/tests/test_foliage_manifest.py:109; veilbreakers_terrain/tests/test_foliage_manifest.py:116,helper_reachable
vegetation_system.py,_derive_cliff_sdf_m,_derive_cliff_sdf_m,1610,function,,2,yes,no,B-,,none,1,0,0,0,0,0,veilbreakers_terrain/handlers/vegetation_system.py:1717; vegetation_system.py:1717,,helper_reachable
vegetation_system.py,_derive_water_edge_sdf_m,_derive_water_edge_sdf_m,1628,function,,2,yes,no,B-,,none,1,0,0,0,0,0,veilbreakers_terrain/handlers/vegetation_system.py:1718; vegetation_system.py:1718,,helper_reachable
vegetation_system.py,build_foliage_placement_manifest,build_foliage_placement_manifest,1645,function,,2,yes,no,B-,,none,1,0,0,6,0,0,veilbreakers_terrain/handlers/vegetation_system.py:1525; vegetation_system.py:1525,veilbreakers_terrain/tests/test_foliage_manifest.py:151; veilbreakers_terrain/tests/test_foliage_manifest.py:174; veilbreakers_terrain/tests/test_foliage_manifest.py:197; veilbreakers_terrain/tests/test_foliage_manifest.py:215,helper_reachable
vegetation_system.py,write_foliage_placement_manifest,write_foliage_placement_manifest,1834,function,,2,yes,no,B-,,none,1,0,0,1,0,0,veilbreakers_terrain/handlers/vegetation_system.py:1537; vegetation_system.py:1537,veilbreakers_terrain/tests/test_foliage_manifest.py:262,helper_reachable
vertex_paint_live.py,_smoothstep,_smoothstep,17,function,,2,yes,yes,A,A|2026-04-23: verified smoothstep helper -> clamped Hermite interpolation behaves correctly for live vertex-paint falloff,none,5,0,0,0,0,0,veilbreakers_terrain/handlers/_terrain_depth.py:746; veilbreakers_terrain/handlers/_terrain_noise.py:729; veilbreakers_terrain/handlers/vegetation_system.py:1281; veilbreakers_terrain/handlers/vertex_paint_live.py:47,,helper_reachable
vertex_paint_live.py,_dist3d,_dist3d,22,function,,2,yes,yes,A,A|2026-04-24: evidence-backed vertex paint distance helper -> direct Euclidean test covered,none,0,0,0,1,0,0,,veilbreakers_terrain/tests/test_live_tooling_runtime_helpers.py:74,direct_test_covered
vertex_paint_live.py,_dist2d,_dist2d,28,function,,2,yes,yes,A,A|2026-04-24: evidence-backed vertex paint distance helper -> direct Euclidean test covered,none,6,0,0,2,0,0,veilbreakers_terrain/handlers/world_map.py:307; veilbreakers_terrain/handlers/world_map.py:309; veilbreakers_terrain/handlers/world_map.py:400; veilbreakers_terrain/handlers/world_map.py:403,veilbreakers_terrain/tests/test_live_tooling_runtime_helpers.py:75; veilbreakers_terrain/tests/test_live_tooling_runtime_helpers.py:134,helper_reachable
vertex_paint_live.py,_falloff_weight,_falloff_weight,32,function,,2,yes,yes,A-,A-|2026-04-24: evidence-backed vertex paint falloff helper -> direct boundary and zero-radius tests covered,none,0,0,0,4,0,0,,veilbreakers_terrain/tests/test_live_tooling_runtime_helpers.py:76; veilbreakers_terrain/tests/test_live_tooling_runtime_helpers.py:77; veilbreakers_terrain/tests/test_live_tooling_runtime_helpers.py:78; veilbreakers_terrain/tests/test_live_tooling_runtime_helpers.py:79,direct_test_covered
vertex_paint_live.py,compute_paint_weights,compute_paint_weights,62,function,,2,yes,yes,B+,B+|2026-04-19: confirmed B+ -> numpy vectorised SMOOTH/LINEAR/SHARP/CONSTANT falloff,none,0,1,1,14,0,0,__init__.py:448; veilbreakers_terrain/handlers/__init__.py:448,veilbreakers_terrain/tests/test_live_tooling_runtime_helpers.py:88; veilbreakers_terrain/tests/test_live_tooling_runtime_helpers.py:90; veilbreakers_terrain/tests/test_live_tooling_runtime_helpers.py:94; veilbreakers_terrain/tests/test_missing_gaps.py:38,helper_reachable
vertex_paint_live.py,compute_paint_weights_uv,compute_paint_weights_uv,116,function,,2,yes,yes,B+,B+|2026-04-19: confirmed B+ -> numpy vectorised UV-space falloff all modes,none,0,1,1,5,0,0,__init__.py:456; veilbreakers_terrain/handlers/__init__.py:456,veilbreakers_terrain/tests/test_live_tooling_runtime_helpers.py:89; veilbreakers_terrain/tests/test_live_tooling_runtime_helpers.py:91; veilbreakers_terrain/tests/test_live_tooling_runtime_helpers.py:96; veilbreakers_terrain/tests/test_missing_gaps.py:144,helper_reachable
vertex_paint_live.py,blend_colors,blend_colors,168,function,,2,yes,yes,B+,B+|2026-04-19: confirmed B+ -> alpha preserved on ADD/SUBTRACT MULTIPLY identity at strength=0,none,0,1,1,12,0,0,__init__.py:464; veilbreakers_terrain/handlers/__init__.py:464,veilbreakers_terrain/tests/test_missing_gaps.py:166; veilbreakers_terrain/tests/test_missing_gaps.py:176; veilbreakers_terrain/tests/test_missing_gaps.py:186; veilbreakers_terrain/tests/test_missing_gaps.py:196,helper_reachable
vertex_paint_live.py,blend_colors_array,blend_colors_array,228,function,,2,yes,yes,A-,A-|2026-04-24: evidence-backed vertex color array helper -> direct clamp and shape tests covered,none,0,0,0,3,0,0,,veilbreakers_terrain/tests/test_live_tooling_runtime_helpers.py:111; veilbreakers_terrain/tests/test_live_tooling_runtime_helpers.py:117; veilbreakers_terrain/tests/test_live_tooling_runtime_helpers.py:119,direct_test_covered
weathering.py,_stage_weight,_stage_weight,116,function,,2,yes,yes,A,A|2026-04-19: Hann-window raised-cosine tent weight; C1-smooth transitions; zero at endpoints.,none,1,0,0,0,0,0,veilbreakers_terrain/handlers/weathering.py:436; weathering.py:436,,helper_reachable
weathering.py,_compute_bounding_box,_compute_bounding_box,144,function,,2,yes,yes,A,A|2026-04-19: AABB helper; handles empty list; returns named-key dict.,none,1,0,0,1,0,0,veilbreakers_terrain/handlers/weathering.py:555; weathering.py:555,veilbreakers_terrain/tests/test_performance_optimization.py:343,helper_reachable
weathering.py,_compute_edge_convexity,_compute_edge_convexity,172,function,,2,yes,yes,A-,"A-|2026-04-19: per-edge normal dot curvature; normalised to [-1,1]; acceptable for hero mesh counts.",none,1,0,0,0,0,0,veilbreakers_terrain/handlers/weathering.py:379; weathering.py:379,,helper_reachable
weathering.py,_compute_slope_aspect,_compute_slope_aspect,205,function,,2,yes,yes,A,"A|2026-04-19: Z-up slope=acos(nz) aspect=atan2(nx,-ny); north-facing=0 convention correct.",none,1,0,0,0,0,0,veilbreakers_terrain/handlers/weathering.py:388; weathering.py:388,,helper_reachable
weathering.py,_smooth_channel,_smooth_channel,230,function,,2,yes,yes,A,A|2026-04-19: rasterise to grid; scipy Gaussian smooth; EDT fill for empty cells; correct sigma scaling.,none,1,0,0,0,0,0,veilbreakers_terrain/handlers/weathering.py:419; weathering.py:419,,helper_reachable
weathering.py,compute_weathered_vertex_colors,compute_weathered_vertex_colors,300,function,,2,yes,yes,A,A|2026-04-23 Phase-D: R9 note documents canonical upgrade from lower grade; grade jump C-/A- -> A (R9 is authoritative post-upgrade assessment with citation); A-|2026-04-19: 5-stage Hann-blended model; concavity+north-factor+height+slope age modifiers; Gaussian-smoothed age field.,none,0,1,1,3,0,0,__init__.py:510; veilbreakers_terrain/handlers/__init__.py:510,veilbreakers_terrain/tests/test_performance_optimization.py:321; veilbreakers_terrain/tests/test_performance_optimization.py:322; veilbreakers_terrain/tests/test_performance_optimization.py:364,helper_reachable
weathering.py,apply_structural_settling,apply_structural_settling,469,function,,2,yes,yes,A,A|2026-04-23 Phase-D: R9 note documents canonical upgrade from lower grade; grade jump C/A- -> A (R9 is authoritative post-upgrade assessment with citation); A-|2026-04-19: subsidence (load*softness) + tilt (settlement gradient) + creep diffusion; numpy fast path; deterministic via seed.,none,0,1,1,2,0,0,__init__.py:517; veilbreakers_terrain/handlers/__init__.py:517,veilbreakers_terrain/tests/test_performance_optimization.py:342; veilbreakers_terrain/tests/test_performance_optimization.py:344,helper_reachable
world_map.py,_dist2d,_dist2d,298,function,,2,yes,yes,A,A|2026-04-24: evidence-backed world-map distance helper -> direct Euclidean test covered,none,6,0,0,2,0,0,veilbreakers_terrain/handlers/world_map.py:307; veilbreakers_terrain/handlers/world_map.py:309; veilbreakers_terrain/handlers/world_map.py:400; veilbreakers_terrain/handlers/world_map.py:403,veilbreakers_terrain/tests/test_live_tooling_runtime_helpers.py:75; veilbreakers_terrain/tests/test_live_tooling_runtime_helpers.py:134,helper_reachable
world_map.py,_nearest_region,_nearest_region,302,function,,2,yes,yes,A-,A-|2026-04-24: evidence-backed nearest-region helper -> direct nearest and fail-fast tests covered,none,1,0,0,2,0,0,veilbreakers_terrain/handlers/world_map.py:558; world_map.py:558,veilbreakers_terrain/tests/test_live_tooling_runtime_helpers.py:135; veilbreakers_terrain/tests/test_live_tooling_runtime_helpers.py:137,helper_reachable
world_map.py,_place_seed_points,_place_seed_points,316,function,,2,yes,yes,A-,A-|2026-04-24: evidence-backed seed placement helper -> direct bounds and validation tests covered,none,1,0,0,3,0,0,veilbreakers_terrain/handlers/world_map.py:524; world_map.py:524,veilbreakers_terrain/tests/test_live_tooling_runtime_helpers.py:143; veilbreakers_terrain/tests/test_live_tooling_runtime_helpers.py:147; veilbreakers_terrain/tests/test_live_tooling_runtime_helpers.py:149,helper_reachable
world_map.py,_compute_voronoi_bounds,_compute_voronoi_bounds,343,function,,2,yes,yes,A-,A-|2026-04-24: evidence-backed Voronoi bounds helper -> direct bounds and validation tests covered,none,1,0,0,3,0,0,veilbreakers_terrain/handlers/world_map.py:535; world_map.py:535,veilbreakers_terrain/tests/test_live_tooling_runtime_helpers.py:157; veilbreakers_terrain/tests/test_live_tooling_runtime_helpers.py:167; veilbreakers_terrain/tests/test_live_tooling_runtime_helpers.py:169,helper_reachable
world_map.py,_build_connections,_build_connections,422,function,,2,yes,yes,A-,A-|2026-04-24: evidence-backed world-map connection helper -> direct graph contract tests covered,none,1,0,0,2,0,0,veilbreakers_terrain/handlers/world_map.py:548; world_map.py:548,veilbreakers_terrain/tests/test_live_tooling_runtime_helpers.py:180; veilbreakers_terrain/tests/test_live_tooling_runtime_helpers.py:189,helper_reachable
world_map.py,generate_world_map,generate_world_map,495,function,,2,yes,yes,B+,B+|2026-04-19: confirmed B+ -> Voronoi 8-mirror Prim MST jittered grid layout,none,0,0,1,23,0,0,veilbreakers_terrain/handlers/__init__.py:281,veilbreakers_terrain/tests/test_live_tooling_runtime_helpers.py:196; veilbreakers_terrain/tests/test_world_map_light_atmosphere.py:30; veilbreakers_terrain/tests/test_world_map_light_atmosphere.py:39; veilbreakers_terrain/tests/test_world_map_light_atmosphere.py:45,helper_reachable
world_map.py,world_map_to_dict,world_map_to_dict,578,function,,2,yes,no,A,,none,0,0,1,2,0,0,veilbreakers_terrain/handlers/__init__.py:282,veilbreakers_terrain/tests/test_world_map_light_atmosphere.py:151; veilbreakers_terrain/tests/test_world_map_light_atmosphere.py:167; veilbreakers_terrain/tests/test_world_map_light_atmosphere.py:1166,helper_reachable
world_map.py,place_landmarks,place_landmarks,618,function,,2,yes,no,B+,,none,0,0,0,6,0,0,,veilbreakers_terrain/tests/test_world_map_light_atmosphere.py:274; veilbreakers_terrain/tests/test_world_map_light_atmosphere.py:283; veilbreakers_terrain/tests/test_world_map_light_atmosphere.py:291; veilbreakers_terrain/tests/test_world_map_light_atmosphere.py:304,direct_test_covered
world_map.py,generate_storytelling_scene,generate_storytelling_scene,671,function,,2,yes,no,B+,,none,0,0,0,6,0,0,,veilbreakers_terrain/tests/test_world_map_light_atmosphere.py:340; veilbreakers_terrain/tests/test_world_map_light_atmosphere.py:352; veilbreakers_terrain/tests/test_world_map_light_atmosphere.py:357; veilbreakers_terrain/tests/test_world_map_light_atmosphere.py:370,direct_test_covered
