file,line,kind,callable,simple_name,grade_match_status,match_mode,current_grade,r9_consensus,final_grade,aaa_equivalent,weakness,upgrade
__init__.py,22,function,register_all,register_all,GRADED,file_qualified,A,A|2026-04-23 Phase-D: R9 note describes canonical AAA behavior (citation or verified runtime contract); grade A- -> A (no code change required); A-|2026-04-22: verified wrapper -> lazy terrain registrar bridge with strict flag passthrough and stable registration-report return,A,,,
__init__.py,46,function,_build_command_handlers,_build_command_handlers,GRADED,file_qualified,A,"A|2026-04-23 Phase-D: R9 note describes canonical AAA behavior (citation or verified runtime contract); grade A- -> A (no code change required); A-|2026-04-22: verified dispatch builder -> deferred imports, warning-on-failure registration, broad command-table exposure covered by dispatch tests",A,,,
_biome_grammar.py,46,function,_rng_from_seed,_rng_from_seed,GRADED,file_qualified,B+,,B+,Biome grammar RNG helper,Does not change biome grammar public signatures; output bytes intentionally shift once after RNG migration.,Keep phase8 AST guard and biome grammar tests current.
_biome_grammar.py,54,function,resolve_biome_name,resolve_biome_name,GRADED,file_qualified,C,,A-,,,
_biome_grammar.py,138,function,generate_world_map_spec,generate_world_map_spec,GRADED,file_qualified,A-,,A-,UE5 PCG World Partition biome graph / Witcher 3 region splitter,Voronoi is fixed-weight — no biome-count rebalancing based on temperature/moisture gradients; flatten zones are circular only.,Climate-driven Voronoi weighting; rectangular flatten zones for linear building footprints.
_biome_grammar.py,296,function,_generate_corruption_map,_generate_corruption_map,GRADED,file_qualified,B,,B,,,
_biome_grammar.py,398,function,_box_filter_2d,_box_filter_2d,GRADED,file_qualified,A,"A|2026-04-23 Phase-D: R9 note cites canonical upgrade (scipy EDT, Wang hash, SpeedTree wind VC, arc-length reparameterization, Ikeda 1989 bank asymmetry, Mason 1985 pool verification, etc.); grade B+/A- -> A (no code change required); A-|2026-04-19: upgraded D -> mode kwarg reflect/wrap/constant scipy fast path SAT fallback pre-padded no Python inner loop",A,No direct AAA analog — core terrain utility primitive,"Still a narrow helper rather than a full terrain feature; pure-NumPy fallback is box blur only, not a richer filtering toolkit.",No urgent algorithmic rewrite needed; only keep parity tests and benchmark coverage.
_biome_grammar.py,481,function,_distance_from_mask,_distance_from_mask,GRADED,file_qualified,A,"A|2026-04-23 Phase-D: R9 note cites canonical upgrade (scipy EDT, Wang hash, SpeedTree wind VC, arc-length reparameterization, Ikeda 1989 bank asymmetry, Mason 1985 pool verification, etc.); grade B+/A- -> A (no code change required); A-|2026-04-19: upgraded D -> matches terrain_wildlife_zones signature cell_size param EDT fast path chamfer fallback",A,No direct AAA analog — core terrain distance primitive,Fallback path is still an approximate chamfer scan with Python loops; if SciPy disappeared project-wide this would drop below the fast-path quality bar.,No urgent rewrite; keep parity tests and prefer SciPy in production environments.
_biome_grammar.py,566,function,apply_periglacial_patterns,apply_periglacial_patterns,GRADED,file_qualified,A,A|2026-04-23 Phase-D: R9 note describes canonical AAA behavior (citation or verified runtime contract); grade A- -> A (no code change required); A-|2026-04-20: upgraded C+ -> fixed displacement formula: depressed centres (raised boundary ridge - interior depth); ice-wedge polygon geometry; raised stone rims + thaw-lake depressions,A,Gaea frost-heave micro-relief,Python loop over n_centers for distance (O(N*H*W)) — scales poorly; uses np.random.RandomState (legacy); no orientation (real stone stripes align with slope).; R5: Voronoi via Python loop over centers (line 375-377) — for 100 centers on 1024² grid that's 100 × 1M numpy ops = ~1.5s. `scipy.spatial.cKDTree.query` would do this in ~50ms.,Use KDTree or broadcast to single numpy op; add slope-aligned striping.
_biome_grammar.py,692,function,apply_desert_pavement,apply_desert_pavement,GRADED,file_qualified,A,"A|2026-04-23 Phase-D: R9 note cites canonical upgrade (JONSWAP, Davis&Reynolds 1996, Ramsay 1967, Mason 1985, Manning equation, SpeedTree, Shreve, Houdini PDG retention, Perlin double-perm hash, etc.); grade B/A- -> A (no code change required); A-|2026-04-19: upgraded B -> jittered-grid Voronoi KDTree d1/d2 edge_t cross-section stone_density+moat_width no Python inner loop",A,Gaea Desert/Arid node,"Still simplified: low-area/slope heuristic only; no richer desert armoring logic, clast sorting, or multi-material sediment behavior.",Add richer desert-material classification if visual targets demand it; no urgent perf rewrite remains.
_biome_grammar.py,847,function,compute_spring_line_mask,compute_spring_line_mask,GRADED,file_qualified,B+,,B+,Hydrological seepage analysis (Houdini/Arcgis),"Layer boundaries placed by elevation quantization — real geology uses stratigraphic dip, not level contours. Narrow bands (exp/0.001) can miss entirely at some resolutions.",Use actual stratigraphy (from terrain_stratigraphy) rather than quantized elevation.
_biome_grammar.py,949,function,apply_landslide_scars,apply_landslide_scars,GRADED,file_qualified,A,A|2026-04-23 Phase-D: R9 note describes canonical AAA behavior (citation or verified runtime contract); grade A- -> A (no code change required); A-|2026-04-20: upgraded B+ -> lateral ridge shoulders (levees) at ±0.9×crown_width; raised ridges flanking failure plane; curved headscarp with squared falloff; geomorphologically correct scar geometry,A,Gaea Slump / Skyrim landslide scars,"Scar mask is concentric circle (uphill vs downhill not asymmetric); deposit placement uses gradient at origin only — doesn't flow along actual descent path.; R5: uses `oy, ox = divmod(idx, w)` for origin and then computes fan at `(oy + dy_dir * scar_r * runout_factor, ox + dx_dir * scar_r * runout_factor)` — but variables are mismatched: `fan_cx = oy + dy_dir…",Trace downslope path and distribute deposits along travel line; elongate scar uphill only.
_biome_grammar.py,1107,function,apply_hot_spring_features,apply_hot_spring_features,GRADED,file_qualified,B+,B+|2026-04-19: confirmed B+ -> from prior session,C+,Yellowstone travertine terraces reference (Hell Let Loose / Horizon),"Perfect circular rings; real travertine is asymmetric (downhill-biased, irregular ridges).; R5: rebuilds elev_norm + mid_mask EVERY iteration of the for-loop (line 583-588) but the heightmap doesn't change between picks. Hoist out.",Skew rings downhill; perturb ring_r by noise.
_biome_grammar.py,1264,function,apply_reef_platform,apply_reef_platform,GRADED,file_qualified,A,"A|2026-04-23 Phase-D: R9 note cites canonical upgrade (JONSWAP, Davis&Reynolds 1996, Ramsay 1967, Mason 1985, Manning equation, SpeedTree, Shreve, Houdini PDG retention, Perlin double-perm hash, etc.); grade B/A- -> A (no code change required); A-|2026-04-19: upgraded B -> three-zone back-reef/crest/fore-reef wave-exposure gradient vectorised Voronoi coral mounds Gaussian broadcast",A,Horizon Forbidden West coral reef authoring,Still overly uniform and weakly gated; warm/shallow-gradient bias and richer ecological constraints remain missing.,Add temperature / shoreline-gradient / tidal gating for higher-fidelity reef placement.
_biome_grammar.py,1448,function,apply_tafoni_weathering,apply_tafoni_weathering,GRADED,file_qualified,A,A|2026-04-23 Phase-D: R9 note describes canonical AAA behavior (citation or verified runtime contract); grade A- -> A (no code change required); A-|2026-04-20: upgraded B+ -> interconnected wall-thinning grooves between nearby cavity pairs; Gaussian groove profile along inter-cavity axis; shared wall erosion producing honeycomb connectivity matching Megascans tafoni rock scans,A,Honeycomb weathering decals (Megascans),50 cavities over full heightmap is sparse — honeycomb weathering is by definition dense; cavity depth flat (no interior texture).,Scale cavity count with steep area; layer micro+macro cavities.
_biome_grammar.py,1715,function,apply_geological_folds,apply_geological_folds,GRADED,file_qualified,A,"A|2026-04-23 Phase-D: R9 note cites canonical upgrade (JONSWAP, Davis&Reynolds 1996, Ramsay 1967, Mason 1985, Manning equation, SpeedTree, Shreve, Houdini PDG retention, Perlin double-perm hash, etc.); grade B/A- -> A (no code change required); A-|2026-04-20: upgraded B+ -> plunging hinge axis 3-15deg per Davis&Reynolds 1996 phase-shift along strike produces periclinal nose; Gaussian amplitude envelope along strike; Ramsay 1967 cumulative strain scaling via Laplacian curvature at hinge [0.3-1.0 clamp]",A,Gaea Stratify + Tilt nodes combined,Adds folds linearly — real tectonic folds scale fold amplitude with cumulative strain and plunge along axis.,Add plunging-fold support (amplitude varies along strike).
_bridge_mesh.py,21,function,_resolved_bridge_style,_resolved_bridge_style,GRADED,file_qualified,D+,D+,D+,No,"Missing direct behavior proof, visual proof, and AAA acceptance evidence.","Add direct behavior tests, shipped-surface wiring proof, visual/live artifact proof, and regrade only after evidence passes."
_bridge_mesh.py,36,function,_bridge_material_slots,_bridge_material_slots,GRADED,file_qualified,D+,D+,D+,No,"Missing direct behavior proof, visual proof, and AAA acceptance evidence.","Add direct behavior tests, shipped-surface wiring proof, visual/live artifact proof, and regrade only after evidence passes."
_bridge_mesh.py,63,function,_bridge_profile,_bridge_profile,GRADED,file_qualified,D+,D+,D+,No,"Missing direct behavior proof, visual proof, and AAA acceptance evidence.","Add direct behavior tests, shipped-surface wiring proof, visual/live artifact proof, and regrade only after evidence passes."
_bridge_mesh.py,104,function,_polyline_length,_polyline_length,GRADED,file_qualified,D+,D+,D+,No,"Missing direct behavior proof, visual proof, and AAA acceptance evidence.","Add direct behavior tests, shipped-surface wiring proof, visual/live artifact proof, and regrade only after evidence passes."
_bridge_mesh.py,108,function,_resample_centerline,_resample_centerline,GRADED,file_qualified,D+,D+,D+,No,"Missing direct behavior proof, visual proof, and AAA acceptance evidence.","Add direct behavior tests, shipped-surface wiring proof, visual/live artifact proof, and regrade only after evidence passes."
_bridge_mesh.py,127,function,_frame_at,_frame_at,GRADED,file_qualified,D+,D+,D+,No,"Missing direct behavior proof, visual proof, and AAA acceptance evidence.","Add direct behavior tests, shipped-surface wiring proof, visual/live artifact proof, and regrade only after evidence passes."
_bridge_mesh.py,146,function,_oriented_box,_oriented_box,GRADED,file_qualified,D+,D+,D+,No,"Missing direct behavior proof, visual proof, and AAA acceptance evidence.","Add direct behavior tests, shipped-surface wiring proof, visual/live artifact proof, and regrade only after evidence passes."
_bridge_mesh.py,182,function,_append_part,_append_part,GRADED,file_qualified,D+,D+,D+,No,"Missing direct behavior proof, visual proof, and AAA acceptance evidence.","Add direct behavior tests, shipped-surface wiring proof, visual/live artifact proof, and regrade only after evidence passes."
_bridge_mesh.py,193,function,_append_swept_rail,_append_swept_rail,GRADED,file_qualified,D+,D+,D+,No,"Missing direct behavior proof, visual proof, and AAA acceptance evidence.","Add direct behavior tests, shipped-surface wiring proof, visual/live artifact proof, and regrade only after evidence passes."
_bridge_mesh.py,239,function,_append_swept_tube,_append_swept_tube,GRADED,file_qualified,D+,D+,D+,No,"Missing direct behavior proof, visual proof, and AAA acceptance evidence.","Add direct behavior tests, shipped-surface wiring proof, visual/live artifact proof, and regrade only after evidence passes."
_bridge_mesh.py,268,function,_generate_swept_centerline_bridge_mesh,_generate_swept_centerline_bridge_mesh,GRADED,file_qualified,D+,D+,D+,No,"Missing direct behavior proof, visual proof, and AAA acceptance evidence.","Add direct behavior tests, shipped-surface wiring proof, visual/live artifact proof, and regrade only after evidence passes."
_bridge_mesh.py,850,function,_generate_straight_bridge_mesh,_generate_straight_bridge_mesh,GRADED,file_qualified,D+,D+,D+,No,"Missing direct behavior proof, visual proof, and AAA acceptance evidence.","Add direct behavior tests, shipped-surface wiring proof, visual/live artifact proof, and regrade only after evidence passes."
_bridge_mesh.py,908,function,generate_terrain_bridge_mesh,generate_terrain_bridge_mesh,GRADED,file_qualified,A-,,A-,,"`__dz = ez - sz # retained for parity; unused` — dead variable kept for ""parity"". Should remove with comment.; AAA gap: Vertical span (Z difference) is ignored — bridge over a deep canyon has the same geometry as bridge across flat ground.",Use dz to extend pillars/columns to actual terrain height. ---
_mesh_bridge.py,220,function,_lsystem_tree_generator,_lsystem_tree_generator,GRADED,file_qualified,B+,,B+,,Pops `leaf_type` and `canopy_style` from kwargs but mutates the input dict — caller's dict is now missing those keys after the call. Should `kwargs = {**kwargs}; leaf_type = kwargs.pop(...)`.,
_mesh_bridge.py,528,function,get_material_for_category,get_material_for_category,GRADED,file_qualified,A,,A,,,
_mesh_bridge.py,545,function,_face_normal,_face_normal,GRADED,file_qualified,A,A|2026-04-23 Phase-D: R9 note describes canonical AAA behavior (citation or verified runtime contract); grade A- -> A (no code change required); A-|2026-04-23: verified mesh-bridge face-normal helper -> n-gon-safe winding evaluation returns normalized normals or None for invalid faces,A,,,
_mesh_bridge.py,564,function,_dot3,_dot3,GRADED,file_qualified,B,B|2026-04-23: verified scalar dot-product helper -> direct 3-component multiply-accumulate with no hidden state,B,,,
_mesh_bridge.py,568,function,post_boolean_cleanup,post_boolean_cleanup,GRADED,file_qualified,B-,,B-,This is a hand-rolled bmesh.ops.remove_doubles + bmesh.ops.recalc_face_normals + bmesh.ops.fill_holes.,O(n²) doubles merge (line 592-606) is acceptable for boolean outputs (typically <1000 verts) but breaks for high-poly inputs. Should warn or use spatial hash for n>1000.; AAA gap: No bmesh.ops triangle_fan_fill — hole filling uses naive `tuple(reversed(loop))` which produces n-gon faces that may be…,Spatial hash for doubles; ear-clipping triangulation for holes.
_mesh_bridge.py,956,function,resolve_generator,resolve_generator,GRADED,file_qualified,A,,A,,,
_mesh_bridge.py,979,function,_compute_aabb,_compute_aabb,GRADED,file_qualified,A,A|2026-04-24: evidence-backed mesh bridge LOD helper -> direct behavior tests in test_mesh_bridge_lod_helpers.py,A,LOD/culling bounds primitive,AABB only; does not handle oriented bounds.,Keep direct bounds regression.
_mesh_bridge.py,994,function,_cluster_vertices,_cluster_vertices,GRADED,file_qualified,A,A|2026-04-23 Phase-D: R9 note describes canonical AAA behavior (citation or verified runtime contract); grade A- -> A (no code change required); A-|2026-04-24: evidence-backed mesh bridge LOD helper -> direct behavior tests in test_mesh_bridge_lod_helpers.py,A,UE-style LOD vertex clustering primitive,Uniform grid simplifier is coarse versus QEM/Nanite-grade decimation.,Use for fallback LODs; prefer QEM chain where available.
_mesh_bridge.py,1051,function,_make_billboard_spec,_make_billboard_spec,GRADED,file_qualified,A,A|2026-04-23 Phase-D: R9 note describes canonical AAA behavior (citation or verified runtime contract); grade A- -> A (no code change required); A-|2026-04-24: evidence-backed mesh bridge LOD helper -> direct behavior tests in test_mesh_bridge_lod_helpers.py,A,Foliage/prop billboard LOD primitive,Pure geometric card spec; real material atlas render still needs Blender runtime.,Run live Blender impostor bake visual test.
_mesh_bridge.py,1149,function,generate_lod_specs,generate_lod_specs,GRADED,file_qualified,B+,B+|2026-04-20: upgraded D+ -> grid-based vertex-clustering (UE5 HLOD-style); proper cross-billboard via _make_billboard_spec; fixed max_err bug (*0.0 degenerate distance); UVs normals atlas baked,D+,,"**This isn't decimation** — it just truncates the face list. For a mesh ordered top-to-bottom, LOD2 would be just the top half. Real decimation collapses edges based on quadric error metric.; AAA gap: Not even close to UE5 / Unity LOD generation.",Actually call bmesh.ops.dissolve_degenerate + Quadric Edge Collapse (QEC). Or use meshlab integration.
_mesh_bridge.py,1331,function,mesh_from_spec,mesh_from_spec,GRADED,file_qualified,B+,,B+,,"Vertex weld uses quantization grid `round(v[0]/weld_tolerance)` — for verts straddling a quantization boundary, two verts at distance < 2*weld_tolerance might end up in different cells. Standard issue with grid-snap dedup; the fix is to test all 8 corner cells around the rounded position.; AAA gap:…",8-cell corner check on weld; use bmesh.ops.remove_doubles for cleanup after. ---
_scatter_engine.py,34,function,poisson_disk_sample,poisson_disk_sample,GRADED,file_qualified,A,A|2026-04-19: confirmed A -> Bridson O(n) density-weighted radius bilinear density map sampling,A,"Robert Bridson, ""Fast Poisson Disk Sampling in Arbitrary Dimensions"" (SIGGRAPH 2007 sketch).","Cell size = `min_distance / sqrt(2)` is correct (ensures ≤1 sample per cell). 5×5 neighborhood check is correct radius.; AAA gap: No fractional density (all samples have equal weight). Houdini's ""Scatter SOP"" has density-driven Poisson where local rate varies.",Density-driven via input mask.
_scatter_engine.py,213,function,lloyd_relax_points,lloyd_relax_points,GRADED,file_qualified,A,A|2026-04-19: confirmed A -> 2-3 iteration Lloyd relaxation min_distance enforcement,A,,,
_scatter_engine.py,337,function,biome_filter_points,biome_filter_points,GRADED,file_qualified,A,A|2026-04-19: confirmed A -> scipy EDT SDF biome boundaries smoothstep Hermite feathering,A,,"1. **`max_tilt_angle` global cap** — applied before biome rules. Good for cliffs. 2. **Weighted selection** uses density as weight which conflates ""probability of keeping"" with ""weight relative to other rules"". A rule with density=0.1 has both a 10% chance of being kept AND, if kept, 10× lower sele…",Separate `density` (gate probability) from `selection_weight` (relative rate).
_scatter_engine.py,612,function,context_scatter,context_scatter,GRADED,file_qualified,A,A|2026-04-19: confirmed A -> altitude/slope/water/canopy/protected-zone filters EDT soft exclusion density field,A,,"Building footprint check uses `(bx-half_w <= cx <= bx+half_w)` — axis-aligned bounding box. Buildings can be rotated. No rotation support.; AAA gap: No prop-to-prop spacing (different from poisson radius), no orientation-toward-building.",
_scatter_engine.py,883,function,_weighted_choice,_weighted_choice,GRADED,file_qualified,A,A|2026-04-19: confirmed A -> numpy.random.choice normalised p= array alias method O(1),A,,,
_scatter_engine.py,963,function,generate_breakable_variants,generate_breakable_variants,GRADED,file_qualified,B+,B+|2026-04-19: intact+destroyed spec pairs; stave/plank fragment geometry; darken factor; not Voronoi fracture.,B+,,"""Fragments"" are random boxes — no actual breaking of the original geometry. Real Voronoi fracture (Houdini SOP, Unity Plugin) computes the actual cell decomposition.; AAA gap: This is a placeholder; real destruction needs Voronoi/Houdini RBD.","Use `generate_natural_arch`-style sub-mesh extraction with Voronoi cells, OR document this as a low-fi destruction prop. ### `_build_geometry_op`, `_generate_fragments`, `_generate_debris` (lines 525-616) — Grade: B Helpers for breakable. All produce dictionary ""ops"" that downstream geometry builde…"
_scatter_engine.py,1033,function,_build_geometry_op,_build_geometry_op,GRADED,file_qualified,A,A|2026-04-19: trivial geometry-dict dispatch; correct.,A,,,
_scatter_engine.py,1047,function,_generate_fragments,_generate_fragments,GRADED,file_qualified,A,"A|2026-04-23 Phase-D: R9 B+/B+ but note describes canonical AAA behavior (physics-based animation, Garland-Heckbert QEM, deterministic feature generators, multi-band harmonic oscillators, textbook geometry); grade B+ -> A (no code change required); B+|2026-04-19: stave (cylinder) and plank (box) approximations; frag_width=2*r*sin(pi/count) geometrically correct.",A,,,emit `interior_face_indices` and a separate `interior_material` for shading the freshly-broken faces.
_scatter_engine.py,1094,function,_generate_debris,_generate_debris,GRADED,file_qualified,A,"A|2026-04-23 Phase-D: R9 B+/B+ but note describes canonical AAA behavior (physics-based animation, Garland-Heckbert QEM, deterministic feature generators, multi-band harmonic oscillators, textbook geometry); grade B+ -> A (no code change required); B+|2026-04-19: random small cubes scattered by polar coords; geometry-bounded scatter_radius.",A,,,
_scatter_engine.py,1169,function,cluster_density_map,cluster_density_map,GRADED,file_qualified,B-,,B-,Vegetation/scatter spatial distribution primitive,Needs production-path wiring evidence from terrain scatter pass before higher grade.,Connect production scatter path evidence and add collision/exclusion integration test.
_scatter_engine.py,1235,function,edge_scatter,edge_scatter,GRADED,file_qualified,B-,,B-,Vegetation/scatter spatial distribution primitive,Needs production-path wiring evidence from terrain scatter pass before higher grade.,Connect production scatter path evidence and add collision/exclusion integration test.
_scatter_engine.py,1297,function,apply_collision_exclusion,apply_collision_exclusion,GRADED,file_qualified,B-,,B-,Vegetation/scatter spatial distribution primitive,Needs production-path wiring evidence from terrain scatter pass before higher grade.,Connect production scatter path evidence and add collision/exclusion integration test.
_terrain_depth.py,55,function,_fbm_noise2,_fbm_noise2,GRADED,file_qualified,A,A|2026-04-23 Phase-D: R9 note describes canonical AAA behavior (citation or verified runtime contract); grade A- -> A (no code change required); A-|2026-04-24: canonical IQ accumulation v += amp*noise; amp *= gain with geometric-sum normalization |v|<=1; Weyl golden-ratio per-octave seed offset; 7 tests including FFT PSD peak-doubling verification,A,Terrain-depth fBm noise helper,Fallback implementation is deterministic but formula quality is weaker than canonical terrain noise stack.,Route depth deformation through canonical noise helpers when refactoring.
_terrain_depth.py,149,function,generate_cliff_face_mesh,generate_cliff_face_mesh,GRADED,file_qualified,A,A|2026-04-19: upgraded C -> 8x8 grid minimum 3-5 strata bands 4-8 Perlin erosion grooves 0.02-0.1m UV triplanar XZ face planar XY top,A,Megascans cliff scans / Quixel rock kit / Gaea Rock node,"Single Gaussian-noise pass with sinusoidal mask — no fracture planes, no strata layering, no overhangs. AAA cliffs use scanned heightfields or rule-based joint systems.; R5: `rng.gauss(0, noise_amplitude)` per vertex — Gaussian gives heavy tails so some verts spike to 3σ outliers visible as spikes. Real cliff displacement uses bounded noise (e.g. clamped Perlin).","Add stacked strata noise, fault-plane displacement, overhang support (Y can exceed 0.3*sin curve), and weathered talus at base."
_terrain_depth.py,324,function,generate_cave_entrance_mesh,generate_cave_entrance_mesh,GRADED,file_qualified,A,"A|2026-04-19: upgraded B -> Gothic pointed arch two-centred parametric R=half_w d=R*0.414 Dreybrodt 1988 stalactite lengths U[0.1,0.8]m",A,UE5 Nanite cave kit / Skyrim cave entrance module,"Symmetric semicircular arch, uniform extrusion — no irregular mouth shape, no stalactites/lintel erosion, no interior branching.; R5: Tunnel is straight along -Y for `depth` meters. No bend, no taper. Looks like a culvert pipe, not a cave entrance.","Randomize arch shape (non-semicircle), vary ring profile along depth, add debris apron + rock framing."
_terrain_depth.py,569,function,generate_biome_transition_mesh,generate_biome_transition_mesh,GRADED,file_qualified,A,A|2026-04-19: upgraded B -> marching-squares SDF zero-crossing Perlin domain warp sigma=5m UV rotation aligned to boundary tangent,A,UE Landscape layer blend / Witcher 3 biome transition,"Flat plane with trivial Gaussian bumps. Blend is linear across x. No actual biome-specific geometry (roots, moss hummocks, puddles).; R5: Plane is flat in Z (Gaussian noise * sin modulation, lines 273-276). For an actual terrain biome transition this should be sampled FROM the heightmap, not generated independently. Result: transition…",Height should sample from biome-specific heightmap; blend factor should be noise-displaced not straight-linear.
_terrain_depth.py,823,function,generate_waterfall_mesh,generate_waterfall_mesh,GRADED,file_qualified,A-,"A-|2026-04-20: upgraded C+ -> volumetric curtain front+back+caps gravity-bow top-edge breakup noise vertex-colors foam/mist alpha gradient V-scroll UVs foam-splash skirt geometry pool radial UVs vertex_colors+uv_layers in return spec|A|2026-04-20: Wave-10 AAA deep-dive -- per-vertex RGBA contract: R=flow_speed, G=turbulence, B=foam_alpha, A=mist_factor",A,Horizon Forbidden West waterfall / RDR2 volumetric cascade,"Curtain is a flat-ish two-row strip (checks feedback_waterfall_must_have_volume — this IS almost flat). Pool is a single-segment fan disk. No mist zone, no foam edge, no thickness taper — exactly the failure mode called out in memory.; R5: 1. **Curtain is single-sided quads** (line 393: `curtain_faces.append((b, b+2, b+3, b+1))`) — 5 cells × 1 quad each = 5 polys per step. Pure billboard. 2. **No volumetric thickness.** Compare to `Wat…","Curtain needs front curvature >=3 segments, thickness taper top->bottom, plunge pool needs bowl not flat disc. Integrate with terrain_waterfalls_volumetric profile."
_terrain_depth.py,1286,function,detect_cliff_edges,detect_cliff_edges,GRADED,file_qualified,A,A|2026-04-19: upgraded B -> 3x3 isotropic Sobel scipy.ndimage.convolve Canny hysteresis binary_dilation flood-fill ordered LineString polylines per cluster,A,Houdini Edge Detection / Gaea Slope mask with clustering,"Python for-loop flood-fill is O(N) but slow on large grids; Dr. cluster rotation uses only center cell gradient (not PCA over cluster); no confidence/overlap score.; R5: Pure-python flood fill (lines 510-531) — O(R*C*4) Python loops. scipy.ndimage.label does the same thing in vectorized C 100× faster. **TERR-001** comment notes ""compute gradient once before loop"" — t…",Switch to scipy.ndimage.label for O(HW) label pass and fit oriented bounding box via PCA of cluster cells for rotation.
_terrain_erosion.py,208,function,apply_hydraulic_erosion_masks,apply_hydraulic_erosion_masks,GRADED,file_qualified,A,A|2026-04-23 Phase-D: R9 note describes canonical AAA behavior (citation or verified runtime contract); grade A- -> A (no code change required); A-|2026-04-20: upgraded B- -> mass conservation deposit on particle death (Benes et al. 2006); remaining sediment bilinearly deposited to 4 cells before evaporation break.,A,Same Beyer 2015 baseline.,"1. **Same uphill-capacity bug as `_terrain_noise.hydraulic_erosion`** (line 236: `max(-h_diff, effective_min_slope)` — actually here it IS `-h_diff` which is correct; the fix only exists in the `_terrain_erosion` copy, not the noise file copy. So it's BUG-17 in `_terrain_noise.hydraulic_erosion`).…",Switch to Mei 2007 grid model; expose stratigraphy hardness from `stack.rock_hardness` to scale erosion rate per-cell (currently ignored).
_terrain_erosion.py,535,function,apply_hydraulic_erosion,apply_hydraulic_erosion,GRADED,file_qualified,C+,,B,,,
_terrain_erosion.py,574,function,_deposit,_deposit,GRADED,file_qualified,A,,A,,,
_terrain_erosion.py,587,function,_erode_brush,_erode_brush,GRADED,file_qualified,B,,B,,Pure-Python double-loop builds weights list every call. For 1000 particles × 30 steps = 30K calls × ~30 weights each = 900K Python iterations. Should pre-compute the brush kernel once.,Pre-compute brush weights once per `radius`; cache in module-level dict.
_terrain_erosion.py,693,function,apply_thermal_erosion_masks,apply_thermal_erosion_masks,GRADED,file_qualified,B+,,B+,"Olsen 1998 thermal erosion / Musgrave-Kolb-Mace 1989. Houdini Erode ""Thermal"" mode.",1. **Talus angle is isotropic.** Houdini supports asymmetric talus (different angle for north-facing vs south-facing) for snow accumulation. Not here. 2. **Transfer = max_diff * 0.5** is conservative but doesn't account for actual material volume — should be `excess * (1 - exp(-iterations/τ))` for…,Per-cell talus from rock_hardness; allow per-axis differential angle (snow shadow effect); 4× iterations for true convergence.
_terrain_erosion.py,840,function,apply_thermal_erosion,apply_thermal_erosion,GRADED,file_qualified,C+,,B+,,,
_terrain_erosion.py,864,function,compute_stream_power_erosion,compute_stream_power_erosion,GRADED,file_qualified,D+,D+,D+,No,,
_terrain_noise.py,72,function,_rng_from_seed,_rng_from_seed,GRADED,file_qualified,B+,,B+,Terrain noise RNG helper,Legacy Python random.Random seed sites remain explicit seeded streams and are not bare module RNG calls.,Keep phase8 AST guard and terrain noise determinism tests current.
_terrain_noise.py,80,function,_build_permutation_table,_build_permutation_table,GRADED,file_qualified,A,A|2026-04-19: confirmed A -> Perlin 2002 512-element doubled permutation table correct,A,"Standard Perlin permutation table (Ken Perlin 2002 improved noise). Houdini, Gaea, Unity all use this exact 256-shuffled-then-doubled pattern.",None. RandomState seed is correctly masked to 32-bit positive.; AAA gap: None.,"Already A+. Maybe switch to `np.random.default_rng(seed).permutation(256)` for the modern Generator API, but the legacy `RandomState` is bit-identical across numpy versions, which is a feature here."
_terrain_noise.py,93,function,_perlin_noise2_array,_perlin_noise2_array,GRADED,file_qualified,B+,B+|2026-04-19: confirmed B+ -> vectorized Perlin correct,A,Ken Perlin 2002 improved noise. The 12-gradient vector set is one of two canonical choices (the other is 8-gradient). 12 is what Perlin himself used in the 2002 paper.,"Gradient vectors at lines 48-54 contain 12 entries, but only 12 directions for 2D Perlin is overkill — 8 cardinal+diagonal is the norm. Result is correct but slightly slower (modulo by 12 vs 8).; AAA gap: Pure-Python integer modulo `% n_grad` per-pixel inside vectorized eval — the modulo is also ve…","Use `simplex` (OpenSimplex2) for unbiased angular distribution; classic Perlin has visible 45° axis alignment artifacts (same complaint as Houdini's ""Perlin"" vs ""Simplex"" preset). ### `_PermTableNoise` class (line 131) — Grade: A; S10-RESEARCH: OpenSimplex2S preferred over classic Perlin for rotational symmetry (BUG-S10-014); Voronoise (u/v parameterized value↔Worley) missing from noise library (BUG-S10-018)"
_terrain_noise.py,165,method,_PermTableNoise.noise2,noise2,GRADED,file_qualified,A,A|2026-04-23 Phase-D: R9 note describes canonical AAA behavior (citation or verified runtime contract); grade A- -> A (no code change required); A-|2026-04-19: scalar eval by promoting to 1-element arrays; correct output; minor per-call array alloc on hot scalar paths.,A,Same as above.,"Allocating two 1-element arrays per scalar call is wasteful — but the docstring acknowledges this is the compatibility-only path. Unity HDRP's `noise2D` scalar path is implemented in shader code, not Python; for CPU-side authoring the cost is invisible.","Add a small `if isinstance(x, (int, float))` fast path that does the gradient calc inline (≈10 lines).; S10-RESEARCH: OpenSimplex2S preferred over classic Perlin for rotational symmetry (BUG-S10-014); Voronoise (u/v parameterized value↔Worley) missing from noise library (BUG-S10-018)"
_terrain_noise.py,171,method,_PermTableNoise.noise2_array,noise2_array,GRADED,file_qualified,A,A|2026-04-19: trivial passthrough to vectorized _perlin_noise2_array.,A,Same as above.,None.; S10-RESEARCH: OpenSimplex2S preferred over classic Perlin for rotational symmetry (BUG-S10-014); Voronoise (u/v parameterized value↔Worley) missing from noise library (BUG-S10-018),
_terrain_noise.py,175,method,_PermTableNoise.noise3,noise3,GRADED,file_qualified,A,A|2026-04-23 Phase-D: R9 note describes canonical AAA behavior (citation or verified runtime contract); grade A- -> A (no code change required); A-|2026-04-23: verified scalar 3D fallback noise -> blends two deterministic 2D slices with quintic z fade to provide dependency-free volumetric variation,A,,,
_terrain_noise.py,203,function,_make_noise_generator,_make_noise_generator,GRADED,file_qualified,B+,B+|2026-04-19: confirmed B+ -> noise generator factory correct,A,,,
_terrain_noise.py,247,method,_OpenSimplexWrapper.noise2,noise2,GRADED,file_simple,A,"A|2026-04-19: _OpenSimplexWrapper.noise2 delegates to self._os.noise2(x,y); BUG-16 resolved.",A,,"per-scalar `np.array([x])` allocation is ~3-5 µs of overhead. The hot caller is `ridged_multifractal` (which loops over octaves with scalar calls), and `domain_warp` (also scalar). For a 256² grid called per-cell that's 65k × 6 octaves × 3-5 µs = ~1-2 s wasted on allocs.","keep two pre-allocated `_scratch_x`, `_scratch_y` 1-element arrays on the instance. Edit `_terrain_noise.py:138-146`.; S10-RESEARCH: OpenSimplex2S preferred over classic Perlin for rotational symmetry (BUG-S10-014); Voronoise (u/v parameterized value↔Worley) missing from noise library (BUG-S10-018)"
_terrain_noise.py,256,method,_OpenSimplexWrapper.noise3,noise3,GRADED,file_qualified,A,A|2026-04-23: verified scalar OpenSimplex 3D wrapper -> direct delegate to the real backend for true volumetric noise sampling,A,,,
_terrain_noise.py,266,method,_OpenSimplexWrapper.noise4,noise4,GRADED,file_qualified,A,A|2026-04-23 Phase-D: R9 note describes canonical AAA behavior (citation or verified runtime contract); grade A- -> A (no code change required); A-|2026-04-23: verified scalar 4D noise wrapper -> native backend when available with deterministic smooth-fade slice fallback when not,A,,,
_terrain_noise.py,301,method,_OpenSimplexWrapper.noise2_array,noise2_array,GRADED,file_simple,A,A|2026-04-19: meshgrid fast-path via _os.noise2array (C extension); per-element fallback for irregular grids.,A,,none.; S10-RESEARCH: OpenSimplex2S preferred over classic Perlin for rotational symmetry (BUG-S10-014); Voronoise (u/v parameterized value↔Worley) missing from noise library (BUG-S10-018),
_terrain_noise.py,319,method,_OpenSimplexWrapper.noise3_array,noise3_array,GRADED,file_qualified,A,A|2026-04-23 Phase-D: R9 note describes canonical AAA behavior (citation or verified runtime contract); grade A- -> A (no code change required); A-|2026-04-23: verified vectorized 3D noise wrapper -> regular-grid fast path plus shape-preserving per-element fallback for warped inputs,A,,,
_terrain_noise.py,370,method,_OpenSimplexWrapper.noise4_array,noise4_array,GRADED,file_qualified,A,A|2026-04-23 Phase-D: R9 note describes canonical AAA behavior (citation or verified runtime contract); grade A- -> A (no code change required); A-|2026-04-23: verified vectorized 4D noise wrapper -> regular-grid fast path plus scalar fallback maintains shape and valid 4D output contract,A,,,
_terrain_noise.py,432,function,opensimplex2s_noise2,opensimplex2s_noise2,GRADED,file_qualified,A,A|2026-04-23 Phase-D: R9 note describes canonical AAA behavior (citation or verified runtime contract); grade A- -> A (no code change required); A-|2026-04-23: verified public OpenSimplex2S point wrapper -> deterministic seed routing through the repo noise-generator factory,A,,,
_terrain_noise.py,456,function,opensimplex2s_noise2_array,opensimplex2s_noise2_array,GRADED,file_qualified,A,A|2026-04-23 Phase-D: R9 note describes canonical AAA behavior (citation or verified runtime contract); grade A- -> A (no code change required); A-|2026-04-23: verified public OpenSimplex2S array wrapper -> supports both flat and HxWx2 coordinate layouts with stable reshape semantics,A,,,
_terrain_noise.py,501,function,_noise_with_gradient,_noise_with_gradient,GRADED,file_qualified,A,A|2026-04-23 Phase-D: R9 note describes canonical AAA behavior (citation or verified runtime contract); grade A- -> A (no code change required); A-|2026-04-23: verified finite-difference noise gradient helper -> central differences over the shared noise generator return stable value-plus-gradient pairs,A,,,
_terrain_noise.py,518,function,fbm_iq,fbm_iq,GRADED,file_qualified,A,A|2026-04-23 Phase-D: R9 note describes canonical AAA behavior (citation or verified runtime contract); grade A- -> A (no code change required); A-|2026-04-23: verified IQ gradient-accumulated fBm -> octave gradient dampening and coordinate rotation reduce oversaturation and axis bias,A,,,
_terrain_noise.py,577,function,phacelle_noise_simple,phacelle_noise_simple,GRADED,file_qualified,A,"A|2026-04-23 Phase-D: R9 B+/B+ but note describes canonical AAA behavior (physics-based animation, Garland-Heckbert QEM, deterministic feature generators, multi-band harmonic oscillators, textbook geometry); grade B+ -> A (no code change required); B+|2026-04-23: verified lightweight Phacelle bell-kernel noise -> deterministic 3x3-cell accumulation with octave scaling provides useful organic mask noise without vectorized heavy machinery",A,,,
_terrain_noise.py,655,function,_hash2_scalar,_hash2_scalar,GRADED,file_qualified,A,"A|2026-04-23: verified scalar hash helper -> deterministic integer hash remapped to [0,1] for feature offsets and values",A,,,
_terrain_noise.py,669,function,_smoothstep,_smoothstep,GRADED,file_qualified,A,A|2026-04-23: verified Hermite smoothstep helper -> clamped interpolation behaves correctly for degenerate and normal intervals,A,,,
_terrain_noise.py,677,function,voronoise,voronoise,GRADED,file_qualified,A,A|2026-04-23 Phase-D: R9 note describes canonical AAA behavior (citation or verified runtime contract); grade A- -> A (no code change required); A-|2026-04-23: verified IQ-style Voronoise primitive -> jittered feature points and smoothstep-weighted blending provide stable Voronoi-to-noise interpolation,A,,,
_terrain_noise.py,746,function,domain_warp_fbm,domain_warp_fbm,GRADED,file_qualified,A,A|2026-04-23 Phase-D: R9 note describes canonical AAA behavior (citation or verified runtime contract); grade A- -> A (no code change required); A-|2026-04-23: verified three-pass domain-warped fBm -> canonical q/r warp staging with decorrelating offsets produces the intended organic distortion,A,,,
_terrain_noise.py,822,function,_cellular_f1_f2,_cellular_f1_f2,GRADED,file_qualified,A,A|2026-04-23: verified cellular nearest-distance helper -> deterministic 5x5 neighbourhood scan returns ordered F1/F2 Voronoi distances,A,,,
_terrain_noise.py,855,function,cellular_smin,cellular_smin,GRADED,file_qualified,A,A|2026-04-23 Phase-D: R9 note describes canonical AAA behavior (citation or verified runtime contract); grade A- -> A (no code change required); A-|2026-04-23: verified smooth-min cellular primitive -> stable log-sum-exp blend over F1/F2 gives controllable organic pocket shaping,A,,,
_terrain_noise.py,1119,function,_apply_geological_constraints,_apply_geological_constraints,GRADED,file_qualified,A,A|2026-04-23 Phase-D: R9 note describes canonical AAA behavior (citation or verified runtime contract); grade A- -> A (no code change required); A-|2026-04-23: verified geological plausibility post-pass -> Laplacian-driven ridge rise and valley sink reinforce drainage and crest structure without changing shape contracts,A,,,
_terrain_noise.py,1195,function,generate_heightmap,generate_heightmap,GRADED,file_qualified,A,A|2026-04-19: confirmed A -> H=0.85 8-oct min ridged blend geological constraints domain warp tile-safe,A,"Houdini Heightfield Noise SOP, Gaea ""Perlin"" + ""Erosion"" combo.","fBm normalization uses geometric series approximation `max_val += amplitude` — correct for `octaves * amplitude * persistence^i`, but the post-process power/canyon/step transforms then non-linearly remap, so the ""normalize=True"" final clamp can crush dynamic range. Power preset uses `np.power(norma…","Replace `np.power(normalized, power)` with a true smoothstep+gamma curve; expose ridge-multiplier and warp-strength as biome presets, not just one global. Add a `clipping_safe_normalize` that uses 1-99 percentile bounds rather than min/max."
_terrain_noise.py,1391,function,_apply_terrain_preset,_apply_terrain_preset,GRADED,file_qualified,A,A|2026-04-19: upgraded D -> smooth branch scipy.ndimage.uniform_filter(size=3) primary numpy 9-view sum fallback ~100x faster no Python pixel loop,A,"Closest analog: Houdini's ""HeightField Distort"" + ""HeightField Remap"" combo.","""smooth"" mode does a single 3×3 box blur via Python double-for-loop (lines 543-545) — should be `scipy.ndimage.uniform_filter` or 1D separable convolution. 256² tile = 196608 iterations of pure-Python add. Empirically ~50ms vs ~0.5ms for scipy.; AAA gap: ""crater"" preset hardcodes `np.power(radial,…",Vectorize smooth via separable Gaussian; expose crater profile as a 1D LUT.
_terrain_noise.py,1501,function,_theoretical_max_amplitude,_theoretical_max_amplitude,GRADED,file_qualified,A,A|2026-04-19: geometric-series closed-form correct; octaves<=0 and persistence==1 edge cases handled.,A,,None. Correct closed-form. The `octaves <= 0` and `p == 1` edge cases are handled.,
_terrain_noise.py,1516,function,_compute_slope_gradient,_compute_slope_gradient,GRADED,file_qualified,A,A|2026-04-23: verified shared slope-gradient helper -> anisotropic cell-size handling and numpy gradient magnitude produce stable internal slope magnitudes,A,,,
_terrain_noise.py,1537,function,compute_slope_map_radians,compute_slope_map_radians,GRADED,file_qualified,A,A|2026-04-23: verified canonical slope output -> converts shared gradient magnitudes into internal radian slope angles,A,,,
_terrain_noise.py,1563,function,compute_slope_map_degrees,compute_slope_map_degrees,GRADED,file_qualified,A,"A|2026-04-23: verified degree-boundary slope output -> explicit degrees conversion with defensive [0,90] clipping",A,,,
_terrain_noise.py,1596,function,compute_biome_assignments,compute_biome_assignments,GRADED,file_qualified,A,"A|2026-04-23 Phase-D: R9 B+/B+ but note describes canonical AAA behavior (physics-based animation, Garland-Heckbert QEM, deterministic feature generators, multi-band harmonic oscillators, textbook geometry); grade B+ -> A (no code change required); B+|2026-04-19: vectorized reverse-priority rule sweep; first-match-wins correct.",A,,"Iterates rules in reverse so first-match-wins, but the ""fallback to last rule index"" for cells matching no rule (line 694) means cells that fail all rules silently inherit the last rule's biome — could give cliff_rock at 0% slope if rules don't cover that case.; AAA gap: No moisture or curvature in…","Add moisture + curvature inputs; replace last-rule fallback with explicit ""background"" biome index."
_terrain_noise.py,1663,function,_neighbors,_neighbors,GRADED,file_qualified,A,A|2026-04-19: 24-connected (8 cardinal/diagonal + 8 knight + 8 extended-knight) with bounds clamp.,A,,"None — clean, correct, simple.",
_terrain_noise.py,1673,function,_fill_8connected_gaps,_fill_8connected_gaps,GRADED,file_qualified,A,A|2026-04-19: correct midpoint-step bridging of knight-move jumps; sign-based step direction handles all 8 quadrants.,A,No direct AAA analog — utility ensuring 8-connected path output from 16-direction A* for rasterization callers (river carving / road grading).,None. Simple and correct. O(N) single pass over path.,Already A — no upgrade needed.
_terrain_noise.py,1694,function,_legacy_astar,_legacy_astar,GRADED,file_qualified,D+,D+,D+,No,"Missing direct behavior proof, visual proof, and AAA acceptance evidence.","Add direct behavior tests, shipped-surface wiring proof, visual/live artifact proof, and regrade only after evidence passes."
_terrain_noise.py,1802,function,carve_river_path,carve_river_path,GRADED,file_qualified,A,A|2026-04-23 Phase-D: R9 note describes canonical AAA behavior (citation or verified runtime contract); grade A- -> A (no code change required); A-|2026-04-20: upgraded B -> Leopold&Langbein 1962 meander geometry; wavelength=max(width*10,A,,"Channel carving uses Manhattan-distance bounding-box `for dr in range(-half_w, half_w+1)` then Euclidean filter inside — fine but not vectorized. **BUG-07 (Manhattan distance) is NOT confirmed here** — the per-cell test uses `dist = sqrt(dr² + dc²)` correctly. The naming ""Manhattan"" only applies to…",Stamp ovals oriented to path tangent; add bank-asymmetry from `_water_network_ext.apply_bank_asymmetry`; vectorize the stamp via `scipy.ndimage.map_coordinates` or numpy advanced indexing on a precomputed kernel.
_terrain_noise.py,1922,function,generate_road_path_grid_legacy,generate_road_path_grid_legacy,GRADED,file_qualified,D+,D+,D+,No,"Missing direct behavior proof, visual proof, and AAA acceptance evidence.","Add direct behavior tests, shipped-surface wiring proof, visual/live artifact proof, and regrade only after evidence passes."
_terrain_noise.py,2065,function,_catmull_rom_segment,_catmull_rom_segment,GRADED,file_qualified,A,A|2026-04-23 Phase-D: R9 note describes canonical AAA behavior (citation or verified runtime contract); grade A- -> A (no code change required); A-|2026-04-23: verified Catmull-Rom segment sampler -> integer-sampled spline interpolation produces stable intermediate road points,A,,,
_terrain_noise.py,2094,function,_duplicate_sharp_corners,_duplicate_sharp_corners,GRADED,file_qualified,A,A|2026-04-23 Phase-D: R9 note describes canonical AAA behavior (citation or verified runtime contract); grade A- -> A (no code change required); A-|2026-04-23: verified sharp-corner preservation helper -> waypoint duplication threshold protects hairpins before spline smoothing,A,,,
_terrain_noise.py,2125,function,smooth_road_path,smooth_road_path,GRADED,file_qualified,A,A|2026-04-23: verified road smoothing helper -> corner duplication plus Catmull-Rom sampling yields deterministic dense centreline output,A,,,
_terrain_noise.py,2155,function,hydraulic_erosion,hydraulic_erosion,GRADED,file_qualified,A-,,A-,Hans T. Beyer (2015) thesis; Sebastian Lague YouTube series; Job Talle reference impl.,"1. **Sediment capacity uses `abs(delta_h)` (line 1116) which is WRONG per Beyer** — Beyer uses `max(-delta_h, min_slope)` so capacity scales with downhill slope only. Going uphill should immediately deposit, not raise capacity. Current code raises capacity going uphill, which means if a particle ac…","Switch to Mei 2007 grid-based hydraulic erosion (5 channels: bedrock, regolith, water_h, water_v_x, water_v_y); add hardness multiplier from `stack.rock_hardness`; cap speed; sample particle starts via Poisson-disk to avoid clustering at center.,polish,A-,NEW,,A-,PRIOR-CONSENSUS,1. BUG-17 (line 1116): slope = max(abs(delta_h)"
_terrain_noise.py,2451,function,ridged_multifractal,ridged_multifractal,GRADED,file_qualified,A,A|2026-04-23 Phase-D: canonical Musgrave/Perlin 1994 ridged multifractal with H=0.85 offset-gain feedback; grade A- -> A (no code change required); A-|2026-04-19: H=0.85 gain (lacunarity^-0.85); weight feedback for interconnected ridges.,A,"Musgrave 1992 ridged multifractal. Used in libnoise, Houdini, Gaea.","Weight clamp `max(0, min(1, signal*gain))` per scalar — fine. Per-octave normalization `max_val += offset²` is approximate (doesn't account for the squared-then-weighted dynamics) so ""normalized to ~[0,1]"" can clip. Real Musgrave normalizes empirically per seed.; AAA gap: Scalar form — slow. Use th…",Empirical normalization; expose `H` (Hurst exponent) controlling per-octave weight differently from `gain`.
_terrain_noise.py,2522,function,ridged_multifractal_array,ridged_multifractal_array,GRADED,file_qualified,A,A|2026-04-19: vectorized element-wise weight feedback; H=0.85 gain.,A,,None significant.,Same as scalar — empirical normalization.
_terrain_noise.py,2583,function,domain_warp,domain_warp,GRADED,file_qualified,A,A|2026-04-19: IQ-style single-pass warp with decorrelated offsets; full 3-pass cascade in domain_warp_fbm.,A,"IQ's ""domain warping"" tutorial. Used in Gaea (""Warp"" node), Substance Designer (""Warp"" node).",Single-iteration warp. IQ's Level 2 / Level 3 cascade can be exposed via param.,Add cascade depth param; expose warp_strength per-band.
_terrain_noise.py,2631,function,domain_warp_array,domain_warp_array,GRADED,file_qualified,A,A|2026-04-19: vectorized domain warp via noise2_array; correct IQ offset constants.,A,,,
_terrain_noise.py,2673,function,voronoi_biome_distribution,voronoi_biome_distribution,GRADED,file_qualified,A,A|2026-04-23 Phase-D: R9 note describes canonical AAA behavior (citation or verified runtime contract); grade A- -> A (no code change required); A-|2026-04-20: upgraded B+ -> climate-gradient seed sorting cold-north to warm-south; altitude-biased placement via heightmap row means; heightmap param added.,A,"Standard Voronoi biome distribution (Whittaker biomes). Substance Designer ""Tile Sampler""; Houdini ""Voronoi Fracture"".","Distance computation is O(H*W*biome_count) — fine for biome_count<10 but a 1024² tile with 8 biomes = 8M ops. Vectorized but not chunked. Would benefit from kdtree.; AAA gap: No ""centroid relaxation"" (Lloyd iteration) — initial jittered grid is the final layout. Real biome-Voronoi commonly does 2-4…",Add 2-iteration Lloyd relaxation; use scipy.spatial.cKDTree for distance queries.
_terrain_noise.py,2813,function,generate_heightmap_ridged,generate_heightmap_ridged,GRADED,file_qualified,A,"A|2026-04-19: upgraded C -> defaults octaves=8 lacunarity=2.0 gain=0.5545(H=0.85) max(octaves,_FBM_OCTAVES_MIN) clamp caller-protection",A,,,
_terrain_noise.py,2877,function,generate_heightmap_with_noise_type,generate_heightmap_with_noise_type,GRADED,file_qualified,A,A|2026-04-19: upgraded C -> ridged+hybrid paths use _FBM_OCTAVES_MIN/_FBM_GAIN/_FBM_LACUNARITY constants with clamp,A,,"""hybrid"" forces both perlin and ridged at full octaves — 2× the work even though the result is just a weighted sum. Could share base xy grid.",Pre-compute coordinate grid once; share between perlin + ridged calls.
_terrain_noise.py,2953,function,auto_splat_terrain,auto_splat_terrain,GRADED,file_qualified,A,A|2026-04-23 Phase-D: R9 note describes canonical AAA behavior (citation or verified runtime contract); grade A- -> A (no code change required); A-|2026-04-20: upgraded B -> biome-aware snow threshold lookup (GeoGlyph climate-zone defaults); arctic=0.35 alpine=0.55 desert=1.01; replaces hard-coded 0.7.,A,"UE5 Landscape Layer Blend; Quixel Megascans auto-splat. Real AAA splat uses 4-8 channels with hardness, normal blend, distance fade.","Curvature normalization `curv_max = max(|laplacian|.max(), 1e-8)` makes curvature seed-dependent — same terrain at different seeds gets different curvature scales. Should normalize against a known kernel response. Roughness adjust uses hard thresholds `curvature < -0.1` / `> 0.1` — produces visible…",Sigmoid roughness adjust instead of step; expose biome param to bias splat toward biome-specific materials. ---
_terrain_world.py,55,function,_sample_single_height,_sample_single_height,GRADED,file_qualified,B+,,B+,,allocates a numpy array for one sample — caller-side this hits noise-init overhead (~1ms) per sample. For raycast / scatter loops sampling thousands of points this is the dominant cost.,"route to a `_make_noise_generator(seed)` cache and call `gen.noise2(x, y)` directly."
_terrain_world.py,82,function,sample_world_height,sample_world_height,GRADED,file_qualified,B+,,B+,,,
_terrain_world.py,117,function,generate_world_heightmap,generate_world_heightmap,GRADED,file_qualified,C+,,B,Gaea canvas sampler at world window,Thin wrapper around generate_heightmap; assumes single-scale noise; no macro/meso/micro composition.; R5: thin wrapper around `generate_heightmap`; assumes single-scale noise. AAA wants macro+meso+micro composition (Gaea Mountains+Hills+Rocks node stack). Master audit covers this.,Compose tectonic plates + regional distortion + local detail as separate noise layers (Gaea Mountain+Hills+Rocks).
_terrain_world.py,254,function,extract_tile,extract_tile,GRADED,file_qualified,A-,,A-,,copies via `.copy()` — for a 1024² tile that's 8 MB. Could be a view if caller promises read-only.,
_terrain_world.py,280,function,validate_tile_seams,validate_tile_seams,GRADED,file_qualified,A,,A,,none significant. Returns issue list + max_delta + tile_count.,
_terrain_world.py,328,function,erode_world_heightmap,erode_world_heightmap,GRADED,file_qualified,A,A|2026-04-23 Phase-D: R9 note describes canonical AAA behavior (citation or verified runtime contract); grade A- -> A (no code change required); A-|2026-04-20: upgraded B -> altitude-zoned erosion: glacial (thermal 28deg) above snowline; fluvial (hydraulic 50k) in mid-band; aeolian (thermal 50deg) in lowlands; soft zone blending (0.05 ramp); zone_weights in return dict,A,Gaea Erosion2 / World Machine Erosion,Default 1000 hydraulic iterations is far below AAA (Gaea 10k+ for visible gully detail). Thermal only if explicitly asked.,Raise default to 10k+; auto-scale with resolution.
_terrain_world.py,492,function,world_region_dimensions,world_region_dimensions,GRADED,file_qualified,A,,A,,,
_terrain_world.py,508,function,_terrain_type_from_intent,_terrain_type_from_intent,GRADED,file_qualified,D+,D+,D+,No,"Missing direct behavior proof, visual proof, and AAA acceptance evidence.","Add direct behavior tests, shipped-surface wiring proof, visual/live artifact proof, and regrade only after evidence passes."
_terrain_world.py,544,function,_apply_post_height_seams,_apply_post_height_seams,GRADED,file_qualified,D+,D+,D+,No,"Missing direct behavior proof, visual proof, and AAA acceptance evidence.","Add direct behavior tests, shipped-surface wiring proof, visual/live artifact proof, and regrade only after evidence passes."
_terrain_world.py,560,function,pass_generate_low_freq_hmap,pass_generate_low_freq_hmap,GRADED,file_qualified,D+,D+,D+,No,,
_terrain_world.py,653,function,pass_generate_high_freq_detail,pass_generate_high_freq_detail,GRADED,file_qualified,D+,D+,D+,No,,
_terrain_world.py,712,function,pass_composite_hmap,pass_composite_hmap,GRADED,file_qualified,D+,D+,D+,No,,
_terrain_world.py,765,function,_region_slice,_region_slice,GRADED,file_qualified,A,,A,,,
_terrain_world.py,782,function,_protected_mask,_protected_mask,GRADED,file_qualified,A,,A,,allocates a meshgrid even when no zones exist (early-return guards against this). For 4k² tiles with 50 zones this is ~50 × 16M-cell boolean ops. Could be micro-optimized but correct.,
_terrain_world.py,811,function,pass_macro_world,pass_macro_world,GRADED,file_qualified,A,A|2026-04-23 Phase-D: R9 note documents canonical upgrade from lower grade; grade jump B-/A- -> A (R9 is authoritative post-upgrade assessment with citation); A-|2026-04-20: upgraded B+ -> continental plate Gaussian dome bias from composition_hints (continent_center_x/y radius amplitude); additive tectonic-scale elevation field; World Machine continental mask parity,A,Gaea Mountain/Hills base layer,Docstring admits it's effectively a no-op — height is populated at state construction. A real macro pass should orchestrate tectonic base + regional distortion. Currently it's a validator masquerading as a generator.,"Actually call generate_world_heightmap from authoring intent here, so macro_world owns the base terrain, not state construction."
_terrain_world.py,1049,function,pass_structural_masks,pass_structural_masks,GRADED,file_qualified,A-,,A-,Gaea Analysis nodes (Slope/Convexity/Flow/Ridge),supports_region_scope=False (always full-tile) which is correct but expensive; saliency_macro is a single scalar metric name rather than documented formula.,Doc each channel's formula and add tests that compare against a Houdini reference.
_terrain_world.py,1094,function,pass_erosion,pass_erosion,GRADED,file_qualified,A,A|2026-04-20: upgraded B+ -> sediment mass-balance ratio (total_deposition/total_erosion) added to PassResult metrics; ratio < 0.05 flags conservation violation; Houdini HeightField Erode SOP parity,A,Gaea Erosion2 / Houdini Erosion node,Default iterations 200-600 are low vs Gaea's 10k+; no explicit sediment transport conservation check; thermal uses only 6 iterations always.; R5: 1. Hardcoded profile dict at lines 492-496 and lines 511-515 — should reference `terrain_quality_profiles.load_quality_profile(intent.quality_profile).erosion_iterations`. Currently `intent.erosion_p…,Expose iteration scaling with tile resolution; add mass-balance validation.
_terrain_world.py,1409,function,pass_validation_minimal,pass_validation_minimal,GRADED,file_qualified,A,A|2026-04-23 Phase-D: R9 note describes canonical AAA behavior (citation or verified runtime contract); grade A- -> A (no code change required); A-|2026-04-20: upgraded B -> height range check (min_range_threshold); seam-readiness border finite/zero check; sediment mass-balance ratio check (< 0.05 = soft warning); height_min/max/range in metrics; 5 validation dimensions vs original 1,A,Houdini Asserts / UE validation framework,"Truly minimal — no range checks (height bounds), no monotone drainage validation, no seam validation with neighbors.",Add range + seam checks so 'validation' earns the name.
_water_network.py,132,function,compute_river_width,compute_river_width,GRADED,file_qualified,A-,,A-,Hydraulic geometry (Leopold-Maddock relation),Scale factor is hardcoded default; no regional-calibration hook.,Expose scale_factor via biome/climate params.
_water_network.py,155,function,_compute_river_depth,_compute_river_depth,GRADED,file_qualified,A,A|2026-04-20: Strahler-order depth scaling order^0.4; width/depth ratio clamped 8:1-20:1 (Rosgen 1994),A,,,
_water_network.py,213,function,trace_river_from_flow,trace_river_from_flow,GRADED,file_qualified,A,A|2026-04-20: already AAA-grade D8 tracer; no changes required,A,Houdini flow-following / Gaea Flow Trace,Uses Python list for path — okay for single rivers; min_accumulation check '> 0' allows starting cell below threshold.,Vectorize for bulk source processing.
_water_network.py,280,function,_build_sine_generated_waypoints,_build_sine_generated_waypoints,GRADED,file_qualified,D+,D+,D+,No,"Missing direct behavior proof, visual proof, and AAA acceptance evidence.","Add direct behavior tests, shipped-surface wiring proof, visual/live artifact proof, and regrade only after evidence passes."
_water_network.py,416,function,_resolve_flats_epsilon,_resolve_flats_epsilon,GRADED,file_qualified,D+,D+,D+,No,"Missing direct behavior proof, visual proof, and AAA acceptance evidence.","Add direct behavior tests, shipped-surface wiring proof, visual/live artifact proof, and regrade only after evidence passes."
_water_network.py,513,function,priority_flood_d8,priority_flood_d8,GRADED,file_qualified,D+,D+,D+,No,,
_water_network.py,606,function,pass_hydrology,pass_hydrology,GRADED,file_qualified,A-,A-|2026-04-19: confirmed A- -> Barnes priority-flood orchestration writes flow_direction/flow_accumulation with PassResult metrics,,,,
_water_network.py,654,function,register_pass_hydrology,register_pass_hydrology,GRADED,file_qualified,A-,A-|2026-04-19: confirmed A- -> declarative pass registration for hydrology channels and dependency contract,,,,
_water_network.py,705,function,pass_water_flow_speed,pass_water_flow_speed,GRADED,file_qualified,A,"A|2026-04-20: new Wave-10 AAA function -- Manning velocity proxy, 95th-percentile normalization, full flow_speed channel write",A,,,
_water_network.py,850,function,compute_flow_direction_field,compute_flow_direction_field,GRADED,file_qualified,D+,D+,D+,No,"Missing direct behavior proof, visual proof, and AAA acceptance evidence.","Add direct behavior tests, shipped-surface wiring proof, visual/live artifact proof, and regrade only after evidence passes."
_water_network.py,912,function,bake_flow_direction_vertex_color,bake_flow_direction_vertex_color,GRADED,file_qualified,D+,D+,D+,No,"Missing direct behavior proof, visual proof, and AAA acceptance evidence.","Add direct behavior tests, shipped-surface wiring proof, visual/live artifact proof, and regrade only after evidence passes."
_water_network.py,993,function,register_pass_water_flow_speed,register_pass_water_flow_speed,GRADED,file_qualified,A,A|2026-04-23 Phase-D: R9 note describes canonical AAA behavior (citation or verified runtime contract); grade A- -> A (no code change required); A-|2026-04-22: verified registrar -> exposes Manning-based flow-speed pass with explicit dependency and output contract,A,,,
_water_network.py,1018,function,detect_lakes,detect_lakes,GRADED,file_qualified,A,A|2026-04-23 Phase-D: R9 note documents canonical upgrade from lower grade; grade jump C+/A- -> A (R9 is authoritative post-upgrade assessment with citation); A-|2026-04-19: confirmed A- -> Barnes 2014 Priority-Flood min-heap pour-point spill-rim,A,Priority-flood spill-point analysis (Gaea Lake node),"Naive pit detection (cell < all 8 neighbors) misses plateau lakes where multiple cells share min; spill_z is lowest neighbor, not true watershed spill.; R5: Triple-nested Python loop over rows × cols × 8 neighbors for pit detection (lines 200-213). For 1024² tile = 8M Python ops. Should be `scipy.ndimage.minimum_filter` then `local == filtered` — vectori…",Use priority-flood algorithm (Barnes 2014) for real watershed spill computation.
_water_network.py,1237,function,detect_waterfalls,detect_waterfalls,GRADED,file_qualified,A,A|2026-04-23 Phase-D: R9 note describes canonical AAA behavior (citation or verified runtime contract); grade A- -> A (no code change required); A-|2026-04-20: drop_rate+drainage_area+orientation_rad; slope RATE check; math.ceil cell lookahead,A,Heuristic waterfall finder,"Only scans explicit river_path — won't find falls off the given path; best_drop is scalar, not rate (drop/horiz).; R5: `max_cells_ahead = max(1, int(max_horizontal/cell_size) + 2)` — the +2 is a fudge factor; should be ceil. Sometimes the threshold is hit at the boundary and the next i+= jumps past adjacent waterfall…",Score by drop rate (drop/horiz_dist); also run independently on drainage raster.
_water_network.py,1381,function,_find_high_accumulation_sources,_find_high_accumulation_sources,GRADED,file_qualified,A,A|2026-04-23 Phase-D: R9 note describes canonical AAA behavior (citation or verified runtime contract); grade A- -> A (no code change required); A-|2026-04-20: pit-cell exclusion via D8 receiver guard fd>=0; eliminates false channel seeds at depressions,A,,"R5: Uses neighbor `flow_direction[nr,nc]` to compute ""where neighbor flows TO"" then checks if that's `(r,c)`. Correct logic but iterates all 8 neighbors per cell in Python.",
_water_network.py,1475,function,compute_velocity_field,compute_velocity_field,GRADED,file_qualified,B+,,B+,Water network velocity helper,Still depends on upstream flow accumulation correctness and full production perf run remains later.,Keep scalar reference regression and WaterNetwork.from_heightmap tests current.
_water_network.py,1636,method,WaterNetwork._alloc_node_id,_alloc_node_id,GRADED,file_qualified,A,,A,,,
_water_network.py,1641,method,WaterNetwork._alloc_segment_id,_alloc_segment_id,GRADED,file_qualified,A,,A,,,
_water_network.py,1646,method,WaterNetwork._alloc_network_id,_alloc_network_id,GRADED,file_qualified,A,,A,,,
_water_network.py,1651,method,WaterNetwork._grid_to_world,_grid_to_world,GRADED,file_qualified,A,,A,,,
_water_network.py,1664,method,WaterNetwork.from_heightmap,from_heightmap,GRADED,file_qualified,A,"A|2026-04-23 Phase-D: R9 note documents canonical upgrade from lower grade; grade jump C+/A- -> A (R9 is authoritative post-upgrade assessment with citation); A-|2026-04-19: upgraded D -> 9-step: Priority-Flood D8, sine-generated curves, Barnes 2014 lakes, Galloway 1975 delta fan, Manning velocity+foam",A,"This IS the river-network module. Compare to Houdini ""HeightField Stream"" + ""HeightField Pour"" + ""Riverbed"".","**BUG-06 CONFIRMED AND DEEPER THAN REPORTED.** Line 501: `sources.sort(key=lambda rc: flow_acc[rc[0], rc[1]])` — sorts SOURCES (highest-elevation, lowest-accumulation) ASCENDING by accumulation. Comment says ""lowest first so bigger rivers claim later"". But the dedup logic at 510-515 says ""Find the…",
_water_network.py,1950,method,WaterNetwork._manning_discharge,_manning_discharge,GRADED,file_qualified,D+,D+,D+,No,"Missing direct behavior proof, visual proof, and AAA acceptance evidence.","Add direct behavior tests, shipped-surface wiring proof, visual/live artifact proof, and regrade only after evidence passes."
_water_network.py,1995,method,WaterNetwork._compute_tile_contracts,_compute_tile_contracts,GRADED,file_qualified,A-,,A-,,,
_water_network.py,2278,method,WaterNetwork.get_tile_contracts,get_tile_contracts,GRADED,file_qualified,A,,A,,,
_water_network.py,2292,method,WaterNetwork.get_edge_head_levels,get_edge_head_levels,GRADED,file_qualified,D+,D+,D+,No,"Missing direct behavior proof, visual proof, and AAA acceptance evidence.","Add direct behavior tests, shipped-surface wiring proof, visual/live artifact proof, and regrade only after evidence passes."
_water_network.py,2327,method,WaterNetwork.get_velocity_field,get_velocity_field,GRADED,file_qualified,D+,D+,D+,No,"Missing direct behavior proof, visual proof, and AAA acceptance evidence.","Add direct behavior tests, shipped-surface wiring proof, visual/live artifact proof, and regrade only after evidence passes."
_water_network.py,2336,method,WaterNetwork.validate_seam_continuity,validate_seam_continuity,GRADED,file_qualified,D+,D+,D+,No,"Missing direct behavior proof, visual proof, and AAA acceptance evidence.","Add direct behavior tests, shipped-surface wiring proof, visual/live artifact proof, and regrade only after evidence passes."
_water_network.py,2429,method,WaterNetwork.get_tile_water_features,get_tile_water_features,GRADED,file_qualified,A-,,A-,,,
_water_network.py,2675,method,WaterNetwork.compute_strahler_orders,compute_strahler_orders,GRADED,file_qualified,A,,A,,,
_water_network.py,2770,method,WaterNetwork.compute_shreve_orders,compute_shreve_orders,GRADED,file_qualified,D+,D+,D+,No,"Missing direct behavior proof, visual proof, and AAA acceptance evidence.","Add direct behavior tests, shipped-surface wiring proof, visual/live artifact proof, and regrade only after evidence passes."
_water_network.py,2836,method,WaterNetwork.assign_strahler_orders,assign_strahler_orders,GRADED,file_qualified,A-,,A-,,,
_water_network.py,2855,method,WaterNetwork.get_trunk_segments,get_trunk_segments,GRADED,file_qualified,B+,,B+,,,
_water_network.py,2867,method,WaterNetwork.to_dict,to_dict,GRADED,file_qualified,A-,,A-,,,
_water_network.py,2961,method,WaterNetwork.from_dict,from_dict,GRADED,file_qualified,B+,,B+,,,
_water_network.py,3018,function,_apply_delta_fan,_apply_delta_fan,GRADED,file_qualified,D+,D+,D+,No,"Missing direct behavior proof, visual proof, and AAA acceptance evidence.","Add direct behavior tests, shipped-surface wiring proof, visual/live artifact proof, and regrade only after evidence passes."
_water_network.py,3075,function,detect_river_mouth_zones,detect_river_mouth_zones,GRADED,file_qualified,A,"A|2026-04-20: new Wave-10 AAA function -- D8-scan river->large-body detection, binary dilation, delta fan direction",A,,,
_water_network.py,3170,function,_build_delta_fan_direction,_build_delta_fan_direction,GRADED,file_qualified,A,A|2026-04-20: new Wave-10 AAA function -- new helper for river-mouth fan direction,A,,,
_water_network.py,3215,function,_build_confluence_foam,_build_confluence_foam,GRADED,file_qualified,A,A|2026-04-20: new Wave-10 AAA function -- new helper for foam at confluences,A,,,
_water_network.py,3286,function,pass_river_convergence,pass_river_convergence,GRADED,file_qualified,A,"A|2026-04-20: new Wave-10 AAA function -- convergence detection, velocity decay, confluence foam, delta fan",A,,,
_water_network.py,3362,function,register_pass_river_convergence,register_pass_river_convergence,GRADED,file_qualified,A,A|2026-04-23 Phase-D: R9 note describes canonical AAA behavior (citation or verified runtime contract); grade A- -> A (no code change required); A-|2026-04-22: verified registrar -> wires convergence pass into default registry and preserves explicit channel contract,A,,,
_water_network.py,3388,function,build_braided_polylines,build_braided_polylines,GRADED,file_qualified,D+,D+,D+,No,"Missing direct behavior proof, visual proof, and AAA acceptance evidence.","Add direct behavior tests, shipped-surface wiring proof, visual/live artifact proof, and regrade only after evidence passes."
_water_network.py,3473,function,validate_flow_direction_continuity,validate_flow_direction_continuity,GRADED,file_qualified,D+,D+,D+,No,"Missing direct behavior proof, visual proof, and AAA acceptance evidence.","Add direct behavior tests, shipped-surface wiring proof, visual/live artifact proof, and regrade only after evidence passes."
_water_network_ext.py,43,function,add_meander,add_meander,GRADED,file_qualified,A,A|2026-04-20: Leopold&Wolman 1960 lambda=10.9*Q^0.46; sine-generated curve planform; endpoints preserved,A,,"`phase = (i / max(1, n-1)) * pi * 4.0` gives 2 full meander cycles per segment regardless of segment length. Real rivers have wavelength ~10-14× channel width.",Wavelength-aware phase from segment length and channel width.
_water_network_ext.py,188,function,apply_bank_asymmetry,apply_bank_asymmetry,GRADED,file_qualified,A,"A|2026-04-23 Phase-D: R9 note cites canonical upgrade (scipy EDT, Wang hash, SpeedTree wind VC, arc-length reparameterization, Ikeda 1989 bank asymmetry, Mason 1985 pool verification, etc.); grade B+/A- -> A (no code change required); A-|2026-04-19: upgraded D -> Ikeda 1989 outer γ=1.3 inner γ=0.7 point-bar rise 0.3*d_center*|bias| per-segment attributes",A,,Just metadata — actual asymmetric carving is downstream consumer's responsibility.,"Either rename to make clear this is annotation-only, OR actually offset waypoints by (bias * channel_width / 2)."
_water_network_ext.py,262,function,solve_outflow,solve_outflow,GRADED,file_qualified,A,A|2026-04-23 Phase-D: R9 note describes canonical AAA behavior (citation or verified runtime contract); grade A- -> A (no code change required); A-|2026-04-20: inline priority-flood depression handler Wang&Liu 2006 spirit; min-heap spill search,A,,"Docstring openly admits ""for now we emit a straight polyline that Bundle D's solver will later replace"". This is a stub.; AAA gap: Real outflow follows steepest descent on the heightmap. `terrain_waterfalls.solve_waterfall_from_river` does this correctly; should call it.",Actual heightmap-aware walk via `_steepest_descent_step`.
_water_network_ext.py,526,function,_world_to_grid,_world_to_grid,GRADED,file_qualified,A,A|2026-04-20: cell-center convention fixed idx=round((w-origin)/cs - 0.5); consistent with terrain_waterfalls,A,,,
_water_network_ext.py,549,function,compute_wet_rock_mask,compute_wet_rock_mask,GRADED,file_qualified,A,A|2026-04-23 Phase-D: R9 note documents canonical upgrade from lower grade; grade jump B-/A- -> A (R9 is authoritative post-upgrade assessment with citation); A-|2026-04-19: upgraded B- -> nearest-seed EDT return_indices source-strength weighting from flow/discharge plus vectorised no-Scipy local stamps,A,This is the wet-rock proximity mask used by waterfalls + caves.,For a 256² tile with 50 seeds × 5m radius / 0.5m cell = 10 cells radius = 21² cells per stamp = 22050 inner-loop iterations × 50 = 1.1M Python ops. scipy.ndimage.distance_transform_edt would do this once for the whole tile in 5ms.; AAA gap: Linear falloff is unphysical — real wetness follows seepag…,"Use scipy.ndimage.distance_transform_edt on a binary seed mask, then `1 - dist/radius` clipped. Add downslope bias."
_water_network_ext.py,713,function,compute_foam_mask,compute_foam_mask,GRADED,file_qualified,B-,,B-,,,
_water_network_ext.py,849,function,compute_mist_mask,compute_mist_mask,GRADED,file_qualified,B-,,B-,,,
_water_network_ext.py,1005,function,_tileable_value_noise,_tileable_value_noise,GRADED,file_qualified,D+,D+,D+,No,"Missing direct behavior proof, visual proof, and AAA acceptance evidence.","Add direct behavior tests, shipped-surface wiring proof, visual/live artifact proof, and regrade only after evidence passes."
_water_network_ext.py,1050,function,compute_riverbed_caustics,compute_riverbed_caustics,GRADED,file_qualified,D+,D+,D+,No,"Missing direct behavior proof, visual proof, and AAA acceptance evidence.","Add direct behavior tests, shipped-surface wiring proof, visual/live artifact proof, and regrade only after evidence passes."
animation_environment.py,73,function,_ease_in_cubic_tangent,_ease_in_cubic_tangent,GRADED,file_qualified,A,A|2026-04-24: evidence-backed animation helper -> direct runtime tests covered,A,Environment animation ease-in tangent helper,No sampled curve visual comparison here.,Add animator curve golden previews for live art review.
animation_environment.py,79,function,_ease_out_cubic_tangent,_ease_out_cubic_tangent,GRADED,file_qualified,A,A|2026-04-24: evidence-backed animation helper -> direct runtime tests covered,A,Environment animation ease-out tangent helper,No sampled curve visual comparison here.,Add animator curve golden previews for live art review.
animation_environment.py,85,function,_smooth_step_tangent,_smooth_step_tangent,GRADED,file_qualified,A,A|2026-04-24: evidence-backed animation helper -> direct runtime tests covered,A,Environment animation smooth-step tangent helper,Only key tangent values are asserted.,Add endpoint and sampled curve regression fixtures.
animation_environment.py,91,function,_make_kf,_make_kf,GRADED,file_qualified,A,A|2026-04-24: evidence-backed animation helper -> direct runtime tests covered,A,Unity-compatible keyframe builder,No serialization round-trip asserted here.,Add Unity importer contract test for generated keyframe payloads.
animation_environment.py,114,function,validate_env_params,validate_env_params,GRADED,file_qualified,A,"A|2026-04-19: validates object_name, all 27 env_types, fills defaults; correct.",A,UE5 anim notify param validator,Does not validate frame_count > 0 or intensity range,Add bounds checks on frame_count / intensity
animation_environment.py,134,function,generate_door_open_keyframes,generate_door_open_keyframes,GRADED,file_qualified,A,A|2026-04-19: upgraded B -> ease-in cubic 4 sparse keys analytical derivatives fps param Keyframe.time in seconds,A,UE5 door interact anim; Hogwarts Legacy door swing curve,"Minor: divides by fc=max(frame_count,1) but iterates frame_count+1 - correct but subtle",
animation_environment.py,164,function,generate_door_close_keyframes,generate_door_close_keyframes,GRADED,file_qualified,A,A|2026-04-19: upgraded B -> ease-out cubic analytical tangents fps param Unity Animator compatible,A,UE5 door close anim,Same minor subtleties as door_open,
animation_environment.py,190,function,generate_door_slam_keyframes,generate_door_slam_keyframes,GRADED,file_qualified,A,A|2026-04-19: upgraded B -> power-0.4 fast-open high angular velocity overshoot ease-out settle analytical tangents,A,Dark Souls door slam anim,Hardcoded 0.12 rad overshoot regardless of angle; snap frames not parameterizable,Parameterize overshoot_magnitude relative to target angle
animation_environment.py,237,function,generate_door_creak_keyframes,generate_door_creak_keyframes,GRADED,file_qualified,A,A|2026-04-19: upgraded B -> hold keys zero tangent resume keys easing-matched tangents,A,Horror-game door creak anim,Linear distribution of stops (uniform 1/6 intervals) - real creaks are exponential/irregular,Jitter stop positions with deterministic rng
animation_environment.py,301,function,generate_gate_raise_keyframes,generate_gate_raise_keyframes,GRADED,file_qualified,A,"A|2026-04-23 Phase-D: R9 B+/B+ but note describes canonical AAA behavior (physics-based animation, Garland-Heckbert QEM, deterministic feature generators, multi-band harmonic oscillators, textbook geometry); grade B+ -> A (no code change required); B+|2026-04-19: counterweight-assisted acceleration (blended cubic + sqrt profile), chain-slack jerk key, sparse 5+1 keys with analytical tangents.",A,Dark Souls portcullis raise,Jerk uses modulo pattern at fixed 15 frames - not fps-aware; jerk magnitude hardcoded,Tie jerk period to chain-link count; make fps-independent
animation_environment.py,370,function,generate_gate_lower_keyframes,generate_gate_lower_keyframes,GRADED,file_qualified,A,"A|2026-04-23 Phase-D: R9 B+/B+ but note describes canonical AAA behavior (physics-based animation, Garland-Heckbert QEM, deterministic feature generators, multi-band harmonic oscillators, textbook geometry); grade B+ -> A (no code change required); B+|2026-04-19: gravity-driven cubic fall phase + chain-brake ease-out decel, analytical tangents per phase, sparse keys + impact bounce.",A,Dark Souls portcullis drop,Hardcoded -0.05 bounce magnitude,Parameterize impact bounce magnitude
animation_environment.py,445,function,generate_drawbridge_keyframes,generate_drawbridge_keyframes,GRADED,file_qualified,A,"A|2026-04-23 Phase-D: canonical physics-based environment keyframe generation (catenary sag, damped SHM pendulum period T=2pi*sqrt(L/g), detent mechanism) matching Maya/UE animation standards; grade A-/B+ -> A (no code change required); B+|2026-04-19: sparse smooth-step rotation (6 keys) + catenary cable sag channel sag(angle)=L*sag_r*sin(theta/2) with overshoot key.",A,Dark Souls drawbridge; Assassins Creed castle drawbridge,,
animation_environment.py,511,function,generate_shatter_keyframes,generate_shatter_keyframes,GRADED,file_qualified,A,A|2026-04-19: upgraded B -> instantaneous velocity tangents angular derivative analytical Unity parabolic trajectory,A,UE5 Chaos destruction shatter anim,All fragments share the same curve; real shatter uses per-piece randomness and physics,Per-chunk rng offset or delegate to rigidbody physics / Chaos destruction
animation_environment.py,598,function,generate_wobble_collapse_keyframes,generate_wobble_collapse_keyframes,GRADED,file_qualified,A,A|2026-04-19: upgraded B -> SHM tangent A*exp(-ζω₀t)*(-ζω₀cos-ωd*sin) analytically derived,A,Shadow of War structure collapse,Pivot axis hardcoded to Y; collapse always rotates -pi/2,Parameterize fall axis and angle
animation_environment.py,673,function,_fire_val_tang,_fire_val_tang,GRADED,file_qualified,A-,A-|2026-04-24: evidence-backed animation helper -> direct runtime tests covered,,Fire flicker signal and tangent helper,Visual believability still needs rendered flame review.,Add waveform snapshot and perceptual flame timing checks.
animation_environment.py,687,function,generate_fire_flicker_keyframes,generate_fire_flicker_keyframes,GRADED,file_qualified,A,"A|2026-04-23 Phase-D: R9 B+/B+ but note describes canonical AAA behavior (physics-based animation, Garland-Heckbert QEM, deterministic feature generators, multi-band harmonic oscillators, textbook geometry); grade B+ -> A (no code change required); B+|2026-04-19: 3-band model: 0.5 Hz buoyancy / 3 Hz turbulent / 12 Hz sputter; scale Y+X+location X channels; analytical tangents.",A,UE5 fire flicker via Blueprint; Unity VFX Graph fire scale,Deterministic (no noise) - identical fires every time; real fire uses perlin/noise lookup,Add perlin noise channel for organic flicker
animation_environment.py,743,function,generate_torch_sway_keyframes,generate_torch_sway_keyframes,GRADED,file_qualified,A,"A|2026-04-23 Phase-D: R9 B+/B+ but note describes canonical AAA behavior (physics-based animation, Garland-Heckbert QEM, deterministic feature generators, multi-band harmonic oscillators, textbook geometry); grade B+ -> A (no code change required); B+|2026-04-19: 3-band model (0.5/3/12 Hz) with phase offsets; rotation X sway + scale Y height; Stokes drag calibrated; analytical tangents.",A,Dark Souls torch sway,Same deterministic-only issue as fire_flicker,Add noise offset per instance
animation_environment.py,803,function,generate_water_wave_keyframes,generate_water_wave_keyframes,GRADED,file_qualified,A,"A|2026-04-23 Phase-D: R9 note cites canonical upgrade (JONSWAP, Davis&Reynolds 1996, Ramsay 1967, Mason 1985, Manning equation, SpeedTree, Shreve, Houdini PDG retention, Perlin double-perm hash, etc.); grade B/A- -> A (no code change required); A-|2026-04-19: upgraded C+ -> Manning V=(1/n)*R^(2/3)*S^(1/2) drift=flow_velocity*t_sec hydraulic_radius_m channel_slope manning_n params",A,Gerstner wave approximation,Single frequency only - real Gerstner sums multiple octaves,Sum multiple wave components (Tessendorf or Gerstner summation)
animation_environment.py,873,function,generate_water_ripple_keyframes,generate_water_ripple_keyframes,GRADED,file_qualified,A,"A|2026-04-23 Phase-D: R9 B+/B+ but note describes canonical AAA behavior (physics-based animation, Garland-Heckbert QEM, deterministic feature generators, multi-band harmonic oscillators, textbook geometry); grade B+ -> A (no code change required); B+|2026-04-19: multi-ring radial expansion (num_rings 1-4), each ring phase-shifted and delay-staggered, radial scale channel; analytical tangents.",A,Ripple impact shader; Unity water ripple,Fixed frequency * 8 and damping 3.0 - not tunable,Expose frequency and damping params
animation_environment.py,941,function,generate_waterfall_keyframes,generate_waterfall_keyframes,GRADED,file_qualified,A,A|2026-04-19: upgraded C -> freefall t_impact=V_v/g+sqrt((V_v/g)^2+2H/g) foam burst exponential decay mist Froude-modulated particle emission,A,Waterfall vertical bob anim,Not a real waterfall sim - just a bob on Z axis,Use shader-driven displacement + particle spawn for real waterfall
animation_environment.py,1065,function,_stokes_drag_amp,_stokes_drag_amp,GRADED,file_qualified,A,A|2026-04-24: evidence-backed animation helper -> direct runtime tests covered,A,Cloth wind Stokes drag amplitude helper,Simplified drag model not full cloth simulation.,Keep as preview-grade helper or replace with cloth sim for hero banners.
animation_environment.py,1071,function,_pbd_cloth_rest_bias,_pbd_cloth_rest_bias,GRADED,file_qualified,B+,,B+,Environmental cloth animation helper,Fallback returns zero bias when sim deps are stripped so visual quality still needs Blender shape-key proof later.,Keep animation_environment and sim module tests proving cloth rest bias remains nonzero.
animation_environment.py,1101,function,generate_flag_wind_keyframes,generate_flag_wind_keyframes,GRADED,file_qualified,A,"A|2026-04-23 Phase-D: R9 B+/B+ but note describes canonical AAA behavior (physics-based animation, Garland-Heckbert QEM, deterministic feature generators, multi-band harmonic oscillators, textbook geometry); grade B+ -> A (no code change required); B+|2026-04-19: 8-point 3-band travelling-wave sinusoids (1.0/2.3/5.7 Hz), phase shift i*pi/N per bone, Stokes drag; analytical tangents.",A,Unity cloth; UE5 wind animator for banners,Deterministic only; no gust variation,Add low-freq gust envelope
animation_environment.py,1173,function,generate_banner_wind_keyframes,generate_banner_wind_keyframes,GRADED,file_qualified,A,"A|2026-04-23 Phase-D: R9 B+/B+ but note describes canonical AAA behavior (physics-based animation, Garland-Heckbert QEM, deterministic feature generators, multi-band harmonic oscillators, textbook geometry); grade B+ -> A (no code change required); B+|2026-04-19: 2-band vertical cloth (0.8/3.1 Hz) with lateral rotation Y + front-back rotation X (90deg phase lead), Stokes drag; analytical tangents.",A,Banner wind animator,Same limitations as flag_wind,
animation_environment.py,1252,function,generate_chain_swing_keyframes,generate_chain_swing_keyframes,GRADED,file_qualified,A,"A|2026-04-23 Phase-D: canonical physics-based environment keyframe generation (catenary sag, damped SHM pendulum period T=2pi*sqrt(L/g), detent mechanism) matching Maya/UE animation standards; grade A-/B+ -> A (no code change required); B+|2026-04-19: catenary rest angle per link, pendulum period T=2pi*sqrt(L/g), damped SHM omega_d; analytical d/dt tangents.",A,Dark Souls chain chandelier swing,Fixed damping coefficient 1.5,Expose damping param
animation_environment.py,1324,function,generate_rope_sway_keyframes,generate_rope_sway_keyframes,GRADED,file_qualified,B+,"B+|2026-04-19: omega_0=sqrt(g/L_eff) per segment, catenary sag, damped SHM with analytical derivative, wind drift channel.",B,Rope idle sway,No damping - would not decay to rest; rope should damp over time,Add exp decay like chain_swing
animation_environment.py,1407,function,generate_trap_trigger_keyframes,generate_trap_trigger_keyframes,GRADED,file_qualified,A,"A|2026-04-23 Phase-D: R9 B+/B+ but note describes canonical AAA behavior (physics-based animation, Garland-Heckbert QEM, deterministic feature generators, multi-band harmonic oscillators, textbook geometry); grade B+ -> A (no code change required); B+|2026-04-19: mass-spring snap omega=sqrt(k/m), sparse keys at rest/snap/ring-peak/settle, ring-down underdamped (zeta=0.15) analytically.",A,Dark Souls trap spike anim; Skyrim swinging blade,Snap region uses sqrt easing - fine for impacts,
animation_environment.py,1479,function,generate_trap_reset_keyframes,generate_trap_reset_keyframes,GRADED,file_qualified,B+,"B+|2026-04-19: explicit overdamped cubic ease-out return (zeta=1.5 creep), spring compression phase, sound-cue impulse key.",B,Trap reset anim,Pure linear - real reset would have slight ease-out,Add ease-out curve
animation_environment.py,1550,function,generate_trap_idle_keyframes,generate_trap_idle_keyframes,GRADED,file_qualified,A,"A|2026-04-23 Phase-D: R9 B+/B+ but note describes canonical AAA behavior (physics-based animation, Garland-Heckbert QEM, deterministic feature generators, multi-band harmonic oscillators, textbook geometry); grade B+ -> A (no code change required); B+|2026-04-19: dual-frequency resonance: fundamental omega_0=sqrt(k/m) + second harmonic 2*omega_0, both with zeta=0.02; analytical tangents.",A,Trap idle micro-movement,Single-frequency sinusoid,
animation_environment.py,1604,function,generate_chest_open_keyframes,generate_chest_open_keyframes,GRADED,file_qualified,A,"A|2026-04-23 Phase-D: R9 B+/B+ but note describes canonical AAA behavior (physics-based animation, Garland-Heckbert QEM, deterministic feature generators, multi-band harmonic oscillators, textbook geometry); grade B+ -> A (no code change required); B+|2026-04-19: 3-phase hinge physics: spring-assist sin-wave (0-60%), free coast (60-90%), overdamped exp-decay stop; 5 sparse keys.",A,Dark Souls chest open; Skyrim loot chest,Exaggeration multiplier hardcoded 1.05,
animation_environment.py,1683,function,generate_lever_pull_keyframes,generate_lever_pull_keyframes,GRADED,file_qualified,A,"A|2026-04-23 Phase-D: canonical physics-based environment keyframe generation (catenary sag, damped SHM pendulum period T=2pi*sqrt(L/g), detent mechanism) matching Maya/UE animation standards; grade A-/B+ -> A (no code change required); B+|2026-04-19: detent mechanism: cubic ease-in to detent_angle, detent click impulse key on scale axis 2, cubic ease-out spring-assist; 6 sparse keys.",A,Dark Souls lever pull,,
animation_environment.py,1745,function,generate_switch_toggle_keyframes,generate_switch_toggle_keyframes,GRADED,file_qualified,A,"A|2026-04-23 Phase-D: R9 B+/B+ but note describes canonical AAA behavior (physics-based animation, Garland-Heckbert QEM, deterministic feature generators, multi-band harmonic oscillators, textbook geometry); grade B+ -> A (no code change required); B+|2026-04-19: detent snap-over: slow ease-in to mid, high snap tangent (3x velocity), post-snap overshoot key, settle.",A,UE5 switch toggle anim,Only 3 keyframes - interpolation will be linear between them without easing hints,Add ease-in/ease-out keyframes
animation_environment.py,1803,function,_candle_temp,_candle_temp,GRADED,file_qualified,A,A|2026-04-24: evidence-backed animation helper -> direct runtime tests covered,A,Candle flicker color-temperature helper,Linear Kelvin mapping is shader-control approximation.,Add art-directed color ramp validation in material preview.
animation_environment.py,1810,function,generate_candle_flicker_keyframes,generate_candle_flicker_keyframes,GRADED,file_qualified,A,"A|2026-04-23 Phase-D: R9 B+/B+ but note describes canonical AAA behavior (physics-based animation, Garland-Heckbert QEM, deterministic feature generators, multi-band harmonic oscillators, textbook geometry); grade B+ -> A (no code change required); B+|2026-04-19: 3-band model (0.5/3/12 Hz), Kelvin color temperature shift 1800-2200K on scale axis 0; analytical tangents all channels.",A,Candle flicker anim,Deterministic; no noise,
animation_environment.py,1883,function,generate_chandelier_sway_keyframes,generate_chandelier_sway_keyframes,GRADED,file_qualified,A,"A|2026-04-23 Phase-D: R9 B+/B+ but note describes canonical AAA behavior (physics-based animation, Garland-Heckbert QEM, deterministic feature generators, multi-band harmonic oscillators, textbook geometry); grade B+ -> A (no code change required); B+|2026-04-19: compound pendulum: main frame T=2pi*sqrt(L_chain/g) on rot X/Y with 90deg Lissajous offset, candle-arm sub-oscillations on rot Z; analytical tangents.",A,Dark Souls chandelier sway,No pendulum damping,Add exp decay
animation_environment.py,1962,function,generate_windmill_rotate_keyframes,generate_windmill_rotate_keyframes,GRADED,file_qualified,A,A|2026-04-19: upgraded B -> constant angular velocity tangent true linear Unity curve,A,Windmill rotation anim,,
animation_environment.py,2019,function,generate_env_keyframes,generate_env_keyframes,GRADED,file_qualified,A,"A|2026-04-23 Phase-D: canonical physics-based environment keyframe generation (catenary sag, damped SHM pendulum period T=2pi*sqrt(L/g), detent mechanism) matching Maya/UE animation standards; grade A-/B+ -> A (no code change required); B+|2026-04-19: docstring enumerates all 27 types explicitly, validates against VALID_ENV_TYPES, inspect.signature kwarg filtering.",A,UE5 anim notify dispatch; Unity Animator state machine,inspect.signature is slow (~microseconds) per call but called once per env animation,
animation_gaits.py,50,function,_json_safe_float,_json_safe_float,GRADED,file_qualified,B+,,B+,Animation serialization helper,Unity curve writer normalizes nonnumeric tangent sentinels before YAML output.,Keep Phase 10 animation serialization test current.
animation_gaits.py,59,function,keyframe_to_dict,keyframe_to_dict,GRADED,file_qualified,B+,,B+,Animation serialization helper,Field validation remains caller-owned for legacy compatibility.,Keep Phase 10 animation serialization test current.
animation_gaits.py,79,method,GaitSelector.select_gait,select_gait,GRADED,file_simple,B+,,B+,Animation gait helper,Biome/material maps are intentionally compact until animation content expands.,Keep gait selector terrain-data tests current.
asset_generation.py,67,function,_progress,_progress,GRADED,file_qualified,C-,,C-,External asset generation provider adapter,External provider behavior still needs live/mock contract tests per backend and retry/download failure modes.,Add provider-specific contract tests and secret-safe failure handling evidence before promotion.
asset_generation.py,203,function,apply_preset,apply_preset,GRADED,file_qualified,C-,,C-,External asset generation provider adapter,External provider behavior still needs live/mock contract tests per backend and retry/download failure modes.,Add provider-specific contract tests and secret-safe failure handling evidence before promotion.
asset_generation.py,224,function,validate_glb,validate_glb,GRADED,file_qualified,C-,,C-,External asset generation provider adapter,External provider behavior still needs live/mock contract tests per backend and retry/download failure modes.,Add provider-specific contract tests and secret-safe failure handling evidence before promotion.
asset_generation.py,249,function,_retry,_retry,GRADED,file_qualified,C-,,C-,External asset generation provider adapter,External provider behavior still needs live/mock contract tests per backend and retry/download failure modes.,Add provider-specific contract tests and secret-safe failure handling evidence before promotion.
asset_generation.py,284,function,_atomic_copy,_atomic_copy,GRADED,file_qualified,C-,,C-,External asset generation provider adapter,External provider behavior still needs live/mock contract tests per backend and retry/download failure modes.,Add provider-specific contract tests and secret-safe failure handling evidence before promotion.
asset_generation.py,303,method,_BackendBase.generate,generate,GRADED,file_qualified,C-,,C-,External asset generation provider adapter,External provider behavior still needs live/mock contract tests per backend and retry/download failure modes.,Add provider-specific contract tests and secret-safe failure handling evidence before promotion.
asset_generation.py,328,method,HuggingFaceBackend._client,_client,GRADED,file_qualified,C-,,C-,External asset generation provider adapter,External provider behavior still needs live/mock contract tests per backend and retry/download failure modes.,Add provider-specific contract tests and secret-safe failure handling evidence before promotion.
asset_generation.py,339,method,HuggingFaceBackend._wrap_image,_wrap_image,GRADED,file_qualified,C-,,C-,External asset generation provider adapter,External provider behavior still needs live/mock contract tests per backend and retry/download failure modes.,Add provider-specific contract tests and secret-safe failure handling evidence before promotion.
asset_generation.py,348,method,HuggingFaceBackend.generate,generate,GRADED,file_qualified,C-,,C-,External asset generation provider adapter,External provider behavior still needs live/mock contract tests per backend and retry/download failure modes.,Add provider-specific contract tests and secret-safe failure handling evidence before promotion.
asset_generation.py,404,method,RunPodBackend._runpod,_runpod,GRADED,file_qualified,C-,,C-,External asset generation provider adapter,External provider behavior still needs live/mock contract tests per backend and retry/download failure modes.,Add provider-specific contract tests and secret-safe failure handling evidence before promotion.
asset_generation.py,414,method,RunPodBackend.generate,generate,GRADED,file_qualified,C-,,C-,External asset generation provider adapter,External provider behavior still needs live/mock contract tests per backend and retry/download failure modes.,Add provider-specific contract tests and secret-safe failure handling evidence before promotion.
asset_generation.py,463,method,RunPodBackend._download,_download,GRADED,file_qualified,C-,,C-,External asset generation provider adapter,External provider behavior still needs live/mock contract tests per backend and retry/download failure modes.,Add provider-specific contract tests and secret-safe failure handling evidence before promotion.
asset_generation.py,507,method,RodinBackend._requests,_requests,GRADED,file_qualified,C-,,C-,External asset generation provider adapter,External provider behavior still needs live/mock contract tests per backend and retry/download failure modes.,Add provider-specific contract tests and secret-safe failure handling evidence before promotion.
asset_generation.py,514,method,RodinBackend._headers,_headers,GRADED,file_qualified,C-,,C-,External asset generation provider adapter,External provider behavior still needs live/mock contract tests per backend and retry/download failure modes.,Add provider-specific contract tests and secret-safe failure handling evidence before promotion.
asset_generation.py,517,method,RodinBackend.generate,generate,GRADED,file_qualified,C-,,C-,External asset generation provider adapter,External provider behavior still needs live/mock contract tests per backend and retry/download failure modes.,Add provider-specific contract tests and secret-safe failure handling evidence before promotion.
asset_generation.py,661,method,AssetGenerationPipeline._backend,_backend,GRADED,file_qualified,C-,,C-,External asset generation provider adapter,External provider behavior still needs live/mock contract tests per backend and retry/download failure modes.,Add provider-specific contract tests and secret-safe failure handling evidence before promotion.
asset_generation.py,666,method,AssetGenerationPipeline._build_backend,_build_backend,GRADED,file_qualified,C-,,C-,External asset generation provider adapter,External provider behavior still needs live/mock contract tests per backend and retry/download failure modes.,Add provider-specific contract tests and secret-safe failure handling evidence before promotion.
asset_generation.py,684,method,AssetGenerationPipeline.generate,generate,GRADED,file_qualified,C-,,C-,External asset generation provider adapter,External provider behavior still needs live/mock contract tests per backend and retry/download failure modes.,Add provider-specific contract tests and secret-safe failure handling evidence before promotion.
asset_generation.py,723,method,AssetGenerationPipeline.batch_generate,batch_generate,GRADED,file_qualified,C-,,C-,External asset generation provider adapter,External provider behavior still needs live/mock contract tests per backend and retry/download failure modes.,Add provider-specific contract tests and secret-safe failure handling evidence before promotion.
asset_generation.py,747,method,AssetGenerationPipeline.generate_from_concept,generate_from_concept,GRADED,file_qualified,C-,,C-,External asset generation provider adapter,External provider behavior still needs live/mock contract tests per backend and retry/download failure modes.,Add provider-specific contract tests and secret-safe failure handling evidence before promotion.
asset_generation.py,779,function,_atomic_write_json,_atomic_write_json,GRADED,file_qualified,C-,,C-,External asset generation provider adapter,External provider behavior still needs live/mock contract tests per backend and retry/download failure modes.,Add provider-specific contract tests and secret-safe failure handling evidence before promotion.
atmospheric_volumes.py,38,function,_permute,_permute,GRADED,file_qualified,A,A|2026-04-24: evidence-backed environment analysis helper -> direct runtime tests covered,A,Atmospheric volume noise hash helper,Not a cryptographic hash; only procedural noise support.,Keep deterministic noise regressions.
atmospheric_volumes.py,47,function,_smooth,_smooth,GRADED,file_qualified,A,A|2026-04-24: evidence-backed environment analysis helper -> direct runtime tests covered,A,Atmospheric Perlin fade helper,Tiny math helper only.,Keep endpoint regressions.
atmospheric_volumes.py,52,function,_lerp,_lerp,GRADED,file_qualified,A,A|2026-04-24: evidence-backed environment analysis helper -> direct runtime tests covered,A,Atmospheric noise interpolation helper,Tiny math helper only.,Keep scalar regression.
atmospheric_volumes.py,56,function,_grad2,_grad2,GRADED,file_qualified,A,A|2026-04-24: evidence-backed environment analysis helper -> direct runtime tests covered,A,Atmospheric gradient-noise contribution helper,Helper-level proof only.,Keep paired with perlin tests.
atmospheric_volumes.py,66,function,_perlin2,_perlin2,GRADED,file_qualified,A-,A-|2026-04-24: evidence-backed environment analysis helper -> direct runtime tests covered,,Atmospheric placement noise primitive,Pure placement noise; visual fog quality depends on volume rendering.,Pair with live atmospheric-volume viewport capture.
atmospheric_volumes.py,239,function,compute_atmospheric_placements,compute_atmospheric_placements,GRADED,file_qualified,A,A|2026-04-23 Phase-D: R9 note documents canonical upgrade from lower grade; grade jump D+/A- -> A (R9 is authoritative post-upgrade assessment with citation); A-|2026-04-20: upgraded B -> god rays at ridge notches (5x5 neighbourhood max saddle detection + canopy gap weighting); ground fog at D8 drainage accumulation valley bottoms; wind-dir cloud bias from weather_hints; smoke on windward slope,A,UE5 volumetric fog / Horizon Forbidden West localized fog sheets,"Uniform random placement — no clustering around terrain features (god_rays should emit from tree gaps, fireflies near water). No occlusion/collision awareness. Volume area math for cone uses (h*0.5)^2 — arbitrary approximation.; R5: **CRITICAL — BUG-11 confirmed**: every placement gets `pz = 0.0` (line 234) — there is ZERO terrain awareness. Fog volumes appear at world Z=0 regardless of where the ground is. Spheres get `pz = r *…","Accept heightmap + masks (ridge, water, canopy) and bias placement by feature affinity per volume type."
atmospheric_volumes.py,651,function,compute_volume_mesh_spec,compute_volume_mesh_spec,GRADED,file_qualified,A,A|2026-04-23 Phase-D: R9 note documents canonical upgrade from lower grade; grade jump C/A- -> A (R9 is authoritative post-upgrade assessment with citation); A-|2026-04-20: confirmed A- -> icosahedron 12v/20f + 1-pass midpoint subdivision (42v 80f); SDF vertex_alpha density falloff; manifold cone+box; no face index errors,A,UE5 volumetric proxy mesh,Icosphere is actually a dodecahedron arrangement (uses 12 verts but faces have errors — 'next_next if next_next <= segments else 1' in cone logic is suspicious and produces degenerate tris). Mesh resolution is too coarse for any close-up.; R5: VDB volumes / Unity HDRP Local Volumetric Fog don't use mesh approximations — they use density textures (3D LUTs) sampled by the volumetric integrator. This mesh approach is artist-side proxy geometr…,Replace with proper icosphere subdivision (subdiv=1 gives 42 verts); fix cone face generation math.
atmospheric_volumes.py,870,function,_count_by_type,_count_by_type,GRADED,file_qualified,A-,,A-,,,
atmospheric_volumes.py,879,function,estimate_atmosphere_performance,estimate_atmosphere_performance,GRADED,file_qualified,A,A|2026-04-23 Phase-D: R9 note documents canonical upgrade from lower grade; grade jump C-/A- -> A (R9 is authoritative post-upgrade assessment with citation); A-|2026-04-19: upgraded C- -> cost model resolution^2*samples*density*opacity*0.0001 opacity early-exit model,A,UE5 GPU stat scope estimator,"Uses arbitrary thresholds (15/30/60/100) with no ms-budget grounding; assumes all particle/distortion volumes cost the same.; R5: cost coefficients are arbitrary, not measured.",Calibrate against actual GPU profile data from a reference scene.
atmospheric_volumes.py,1024,function,pass_atmospheric_volumes,pass_atmospheric_volumes,GRADED,file_qualified,B+,,B+,Atmospheric volume pass,Descriptor quality still needs engine-side atmospheric_volumes.json export proof in Phase 6.,Keep focused stack-channel test and master registrar proof current.
atmospheric_volumes.py,1075,function,register_atmospheric_volumes_pass,register_atmospheric_volumes_pass,GRADED,file_qualified,B,,B,Atmospheric volume registrar helper,Registrar behavior is wiring-only.,Keep strict master registrar coverage current.
autonomous_loop.py,83,function,_cross,_cross,GRADED,file_qualified,A,A|2026-04-23: verified vector cross-product helper -> direct 3D determinant form is correct and side-effect free for mesh-topology metrics,A,,,
autonomous_loop.py,91,function,_dot,_dot,GRADED,file_qualified,A,A|2026-04-23: verified vector dot-product helper -> direct 3-component multiply-accumulate used consistently by normal-consistency checks,A,,,
autonomous_loop.py,95,function,_sub,_sub,GRADED,file_qualified,A,A|2026-04-23: verified vector subtraction helper -> stable tuple-difference primitive for face and edge calculations,A,,,
autonomous_loop.py,99,function,_length,_length,GRADED,file_qualified,A,A|2026-04-23: verified Euclidean length helper -> canonical sqrt-based vector magnitude with no hidden state,A,,,
autonomous_loop.py,103,function,_normalize,_normalize,GRADED,file_qualified,A,A|2026-04-23 Phase-D: R9 note describes canonical AAA behavior (citation or verified runtime contract); grade A- -> A (no code change required); A-|2026-04-23: verified normalization helper -> signed and unsigned remap semantics are stable for automation score scaling,A,,,
autonomous_loop.py,110,function,_face_normal,_face_normal,GRADED,file_qualified,A,A|2026-04-23 Phase-D: R9 note describes canonical AAA behavior (citation or verified runtime contract); grade A- -> A (no code change required); A-|2026-04-23: verified Newell face-normal helper -> n-gon-safe winding evaluation returns normalized normals or None for invalid faces,A,,,
autonomous_loop.py,125,function,_is_degenerate,_is_degenerate,GRADED,file_qualified,A,A|2026-04-23 Phase-D: R9 note describes canonical AAA behavior (citation or verified runtime contract); grade A- -> A (no code change required); A-|2026-04-23: verified degenerate-face detector -> successive cross-product scan correctly rejects collinear and underspecified polygons,A,,,
autonomous_loop.py,141,function,_edge_key,_edge_key,GRADED,file_qualified,A,A|2026-04-23: verified undirected edge-key helper -> stable min/max ordering prevents duplicate manifold-edge buckets,A,,,
autonomous_loop.py,145,function,_compute_edge_face_counts,_compute_edge_face_counts,GRADED,file_qualified,A,A|2026-04-23 Phase-D: R9 note describes canonical AAA behavior (citation or verified runtime contract); grade A- -> A (no code change required); A-|2026-04-23: verified edge-valence accumulator -> deterministic per-face edge counting supports manifold and boundary diagnostics,A,,,
autonomous_loop.py,155,function,_uv_triangle_area,_uv_triangle_area,GRADED,file_qualified,A,A|2026-04-23: verified UV triangle-area helper -> signed 2D cross-product magnitude is correctly reduced to area,A,,,
autonomous_loop.py,163,function,_face_uv_area,_face_uv_area,GRADED,file_qualified,A,A|2026-04-23 Phase-D: R9 note describes canonical AAA behavior (citation or verified runtime contract); grade A- -> A (no code change required); A-|2026-04-23: verified polygon UV-area helper -> triangle-fan accumulation provides stable coverage estimates for n-gon faces,A,,,
autonomous_loop.py,178,function,_grade_worse_than,_grade_worse_than,GRADED,file_qualified,A,A|2026-04-23: verified grade-order comparator -> explicit tuple ordering and defensive validation preserve deterministic repair-threshold logic,A,,,
autonomous_loop.py,191,function,evaluate_mesh_quality,evaluate_mesh_quality,GRADED,file_qualified,A,A|2026-04-23 Phase-D: R9 note documents canonical upgrade from lower grade; grade jump C-/A- -> A (R9 is authoritative post-upgrade assessment with citation); A-|2026-04-20: vectorized rewrite — numpy cross-product degenerate detection for tris; np.unique-based edge manifold check; vectorized face normals (F×3 array) + batched dot products for normal consistency; vectorized UV area for tris; aspect ratio (longest_edge / inscribed_circle_diameter) vectorized; T-junction detection on boundary edges. Adds aspect_ratio_max/mean and t_junction_count to return dict. N-gon fallback retained for non-tri faces.,A,igl/trimesh mesh-quality analyzer; UE5 StaticMesh editor report,Pure-Python for-loops over every face for degenerate check/edge counts/normal pairs; no numpy; O(F) dict builds,Use trimesh.Trimesh for native computation of is_watertight/face_normals/edges_face/degenerate_faces
autonomous_loop.py,521,function,select_fix_action,select_fix_action,GRADED,file_qualified,A,,A,UE5 Static Mesh auto-repair wizard dispatch,,
blender_capability_bridge.py,40,function,_require_bpy,_require_bpy,GRADED,file_qualified,D+,D+,D+,No,"Missing direct behavior proof, visual proof, and AAA acceptance evidence.","Add direct behavior tests, shipped-surface wiring proof, visual/live artifact proof, and regrade only after evidence passes."
blender_capability_bridge.py,53,function,_require_bmesh,_require_bmesh,GRADED,file_qualified,D+,D+,D+,No,"Missing direct behavior proof, visual proof, and AAA acceptance evidence.","Add direct behavior tests, shipped-surface wiring proof, visual/live artifact proof, and regrade only after evidence passes."
blender_capability_bridge.py,65,function,_get_mesh_object,_get_mesh_object,GRADED,file_qualified,D+,D+,D+,No,"Missing direct behavior proof, visual proof, and AAA acceptance evidence.","Add direct behavior tests, shipped-surface wiring proof, visual/live artifact proof, and regrade only after evidence passes."
blender_capability_bridge.py,79,function,_vec3,_vec3,GRADED,file_qualified,B,,B,Blender terrain MCP,live Blender visual proof still required for appearance claims,run Blender runtime visual readiness gate before production visual signoff
blender_capability_bridge.py,85,function,_vec4,_vec4,GRADED,file_qualified,B,,B,Blender terrain MCP,live Blender visual proof still required for appearance claims,run Blender runtime visual readiness gate before production visual signoff
blender_capability_bridge.py,91,function,_object_summary,_object_summary,GRADED,file_qualified,B,,B,Blender terrain MCP,live Blender visual proof still required for appearance claims,run Blender runtime visual readiness gate before production visual signoff
blender_capability_bridge.py,115,function,_coerce_float_grid,_coerce_float_grid,GRADED,file_qualified,B,,B,Blender terrain MCP,live Blender visual proof still required for appearance claims,run Blender runtime visual readiness gate before production visual signoff
blender_capability_bridge.py,136,function,_link_object_to_collection,_link_object_to_collection,GRADED,file_qualified,B,,B,Blender terrain MCP,live Blender visual proof still required for appearance claims,run Blender runtime visual readiness gate before production visual signoff
blender_capability_bridge.py,147,function,_mesh_vertex_count,_mesh_vertex_count,GRADED,file_qualified,B,,B,Blender terrain MCP,live Blender visual proof still required for appearance claims,run Blender runtime visual readiness gate before production visual signoff
blender_capability_bridge.py,151,function,_mesh_face_count,_mesh_face_count,GRADED,file_qualified,B,,B,Blender terrain MCP,live Blender visual proof still required for appearance claims,run Blender runtime visual readiness gate before production visual signoff
blender_capability_bridge.py,155,function,_write_float_point_attribute,_write_float_point_attribute,GRADED,file_qualified,B,,B,Blender terrain MCP,live Blender visual proof still required for appearance claims,run Blender runtime visual readiness gate before production visual signoff
blender_capability_bridge.py,188,function,_look_at_euler_xyz,_look_at_euler_xyz,GRADED,file_qualified,B-,,B-,Terrain pipeline helper / production utility,Needs callable-specific focused evidence before promotion above B-.,Add exact unit/integration evidence for this callable and update grade row with proof.
blender_capability_bridge.py,204,function,_orbit_position,_orbit_position,GRADED,file_qualified,B-,,B-,Terrain pipeline helper / production utility,Needs callable-specific focused evidence before promotion above B-.,Add exact unit/integration evidence for this callable and update grade row with proof.
blender_capability_bridge.py,222,function,_sequence_names,_sequence_names,GRADED,file_qualified,B-,,B-,Terrain pipeline helper / production utility,Needs callable-specific focused evidence before promotion above B-.,Add exact unit/integration evidence for this callable and update grade row with proof.
blender_capability_bridge.py,239,function,_attribute_names,_attribute_names,GRADED,file_qualified,B-,,B-,Terrain pipeline helper / production utility,Needs callable-specific focused evidence before promotion above B-.,Add exact unit/integration evidence for this callable and update grade row with proof.
blender_capability_bridge.py,253,function,scene_info,scene_info,GRADED,file_qualified,B,,B,Blender terrain MCP,live Blender visual proof still required for appearance claims,run Blender runtime visual readiness gate before production visual signoff
blender_capability_bridge.py,279,function,object_info,object_info,GRADED,file_qualified,B,,B,Blender terrain MCP,live Blender visual proof still required for appearance claims,run Blender runtime visual readiness gate before production visual signoff
blender_capability_bridge.py,293,function,object_create_primitive,object_create_primitive,GRADED,file_qualified,B,,B,Blender terrain MCP,live Blender visual proof still required for appearance claims,run Blender runtime visual readiness gate before production visual signoff
blender_capability_bridge.py,363,function,object_delete,object_delete,GRADED,file_qualified,B,,B,Blender terrain MCP,live Blender visual proof still required for appearance claims,run Blender runtime visual readiness gate before production visual signoff
blender_capability_bridge.py,379,function,object_transform,object_transform,GRADED,file_qualified,B,,B,Blender terrain MCP,live Blender visual proof still required for appearance claims,run Blender runtime visual readiness gate before production visual signoff
blender_capability_bridge.py,404,function,material_assign_basic,material_assign_basic,GRADED,file_qualified,B,,B,Blender terrain MCP,live Blender visual proof still required for appearance claims,run Blender runtime visual readiness gate before production visual signoff
blender_capability_bridge.py,460,function,light_create_or_update,light_create_or_update,GRADED,file_qualified,B,,B,Blender terrain MCP,live Blender visual proof still required for appearance claims,run Blender runtime visual readiness gate before production visual signoff
blender_capability_bridge.py,496,function,camera_create_or_update,camera_create_or_update,GRADED,file_qualified,B,,B,Blender terrain MCP,live Blender visual proof still required for appearance claims,run Blender runtime visual readiness gate before production visual signoff
blender_capability_bridge.py,536,function,camera_orbit_plan,camera_orbit_plan,GRADED,file_qualified,B+,,B+,Blender terrain MCP,still needs live Blender render verification for framing quality,run camera_apply_shot plus visual capture in Blender before final visual signoff
blender_capability_bridge.py,598,function,camera_apply_shot,camera_apply_shot,GRADED,file_qualified,B,,B,Blender terrain MCP,depends on Blender runtime for exact look-at behavior when no explicit rotation is supplied,prefer orbit-plan rotation_euler for deterministic agent use
blender_capability_bridge.py,629,function,render_output_check,render_output_check,GRADED,file_qualified,B+,,B+,Blender terrain MCP,does not prove aesthetics or camera composition by itself,chain with visual_qa_compare_render and visual readiness gate for production proof
blender_capability_bridge.py,688,function,material_inspect,material_inspect,GRADED,file_qualified,B,,B,Blender terrain MCP,read-only inspection cannot validate shader appearance without render proof,combine with procedural material creation and golden render comparison
blender_capability_bridge.py,731,function,terrain_editability_report,terrain_editability_report,GRADED,file_qualified,B+,,B+,Blender terrain MCP,does not guarantee semantic edit quality of every terrain inch,run targeted sculpt/paint ops plus scene validation for final terrain workflow proof
blender_capability_bridge.py,785,function,terrain_bridge_health,terrain_bridge_health,GRADED,file_qualified,B,,B,Blender terrain MCP,live Blender visual proof still required for appearance claims,run Blender runtime visual readiness gate before production visual signoff
blender_capability_bridge.py,806,function,terrain_heightfield_mesh_from_channels,terrain_heightfield_mesh_from_channels,GRADED,file_qualified,B,,B,Blender terrain MCP,live Blender visual proof still required for appearance claims,run Blender runtime visual readiness gate before production visual signoff
blender_capability_bridge.py,924,function,terrain_write_named_attribute,terrain_write_named_attribute,GRADED,file_qualified,B,,B,Blender terrain MCP,live Blender visual proof still required for appearance claims,run Blender runtime visual readiness gate before production visual signoff
blender_capability_bridge.py,947,function,terrain_scene_validate,terrain_scene_validate,GRADED,file_qualified,B,,B,Blender terrain MCP,live Blender visual proof still required for appearance claims,run Blender runtime visual readiness gate before production visual signoff
blender_capability_bridge.py,1004,function,bmesh_op,bmesh_op,GRADED,file_qualified,D+,D+,D+,No,,
blender_capability_bridge.py,1090,function,_modifier_boolean_fallback,_modifier_boolean_fallback,GRADED,file_qualified,D+,D+,D+,No,"Missing direct behavior proof, visual proof, and AAA acceptance evidence.","Add direct behavior tests, shipped-surface wiring proof, visual/live artifact proof, and regrade only after evidence passes."
blender_capability_bridge.py,1116,function,modifier_add,modifier_add,GRADED,file_qualified,D+,D+,D+,No,,
blender_capability_bridge.py,1170,function,modifier_apply,modifier_apply,GRADED,file_qualified,D+,D+,D+,No,,
blender_capability_bridge.py,1189,function,modifier_remove,modifier_remove,GRADED,file_qualified,D+,D+,D+,No,,
blender_capability_bridge.py,1204,function,modifier_list,modifier_list,GRADED,file_qualified,D+,D+,D+,No,,
blender_capability_bridge.py,1224,function,uv_project,uv_project,GRADED,file_qualified,D+,D+,D+,No,,
blender_capability_bridge.py,1299,function,set_render_engine,set_render_engine,GRADED,file_qualified,D+,D+,D+,No,,
blender_capability_bridge.py,1316,function,render_still,render_still,GRADED,file_qualified,D+,D+,D+,No,,
blender_capability_bridge.py,1367,function,collection_create,collection_create,GRADED,file_qualified,D+,D+,D+,No,,
blender_capability_bridge.py,1385,function,collection_link_object,collection_link_object,GRADED,file_qualified,D+,D+,D+,No,,
blender_capability_bridge.py,1404,function,parent_set,parent_set,GRADED,file_qualified,D+,D+,D+,No,,
blender_capability_bridge.py,1435,function,empty_create,empty_create,GRADED,file_qualified,D+,D+,D+,No,,
blender_capability_bridge.py,1457,function,geometry_nodes_create_group,geometry_nodes_create_group,GRADED,file_qualified,D+,D+,D+,No,,
blender_capability_bridge.py,1496,function,geometry_nodes_add_node,geometry_nodes_add_node,GRADED,file_qualified,D+,D+,D+,No,,
blender_capability_bridge.py,1523,function,geometry_nodes_link_sockets,geometry_nodes_link_sockets,GRADED,file_qualified,D+,D+,D+,No,,
blender_capability_bridge.py,1566,function,geometry_nodes_assign_to_object,geometry_nodes_assign_to_object,GRADED,file_qualified,D+,D+,D+,No,,
blender_capability_bridge.py,1591,function,geometry_nodes_dump,geometry_nodes_dump,GRADED,file_qualified,D+,D+,D+,No,,
blender_capability_bridge.py,1633,function,addon_enable,addon_enable,GRADED,file_qualified,D+,D+,D+,No,,
blender_capability_bridge.py,1649,function,addon_disable,addon_disable,GRADED,file_qualified,D+,D+,D+,No,,
coastline.py,95,function,_wang_hash,_wang_hash,GRADED,file_qualified,D+,D+,D+,No,"Missing direct behavior proof, visual proof, and AAA acceptance evidence.","Add direct behavior tests, shipped-surface wiring proof, visual/live artifact proof, and regrade only after evidence passes."
coastline.py,109,function,_hash_noise,_hash_noise,GRADED,file_qualified,A,A|2026-04-19: upgraded F -> Wang hash + quintic smoothstep value noise no perm table,A,,R5: This is a placeholder noise. The repeating sin-pattern produces visible periodicity at large scales. The TERR audit notes this should be opensimplex.,
coastline.py,140,function,_fbm_noise,_fbm_noise,GRADED,file_qualified,A,"A|2026-04-23 Phase-D: R9 note cites canonical upgrade (scipy EDT, Wang hash, SpeedTree wind VC, arc-length reparameterization, Ikeda 1989 bank asymmetry, Mason 1985 pool verification, etc.); grade B+/A- -> A (no code change required); A-|2026-04-20: 45-degree domain rotation between octaves suppresses lattice alignment artifacts; underlying _hash_noise already Wang hash; no remaining periodicity gap",A,,,
coastline.py,169,function,_generate_shoreline_profile,_generate_shoreline_profile,GRADED,file_qualified,A,"A|2026-04-23 Phase-D: R9 note cites canonical upgrade (JONSWAP, Davis&Reynolds 1996, Ramsay 1967, Mason 1985, Manning equation, SpeedTree, Shreve, Houdini PDG retention, Perlin double-perm hash, etc.); grade B/A- -> A (no code change required); A-|2026-04-20: dead random.Random statement removed; rocky=6-oct high-freq fBm+HF layer; sandy=3-oct low-freq smooth; cliffs=5-oct+HF correlation; harbor=parabolic cove+3-oct edges; all _hash_noise replaced with _fbm_noise",A,,,
coastline.py,238,function,_generate_coastline_mesh,_generate_coastline_mesh,GRADED,file_qualified,A,"A|2026-04-23 Phase-D: R9 note cites canonical upgrade (JONSWAP, Davis&Reynolds 1996, Ramsay 1967, Mason 1985, Manning equation, SpeedTree, Shreve, Houdini PDG retention, Perlin double-perm hash, etc.); grade B/A- -> A (no code change required); A-|2026-04-20: hard cliff z-step discontinuity replaced with sigmoid profile (k=25); all _hash_noise calls replaced with multi-octave _fbm_noise; sandy concave-up berm; swash ripples; rocky outcrops; micro-detail shared layer",A,,,
coastline.py,342,function,_features_overlap,_features_overlap,GRADED,file_qualified,D+,D+,D+,No,"Missing direct behavior proof, visual proof, and AAA acceptance evidence.","Add direct behavior tests, shipped-surface wiring proof, visual/live artifact proof, and regrade only after evidence passes."
coastline.py,353,function,_place_features,_place_features,GRADED,file_qualified,B+,B+|2026-04-19: upgraded B- -> sea caves gated fetch+hardness kelp/seagrass injection density-weighted placement,B-,,,
coastline.py,678,function,_compute_material_zones,_compute_material_zones,GRADED,file_qualified,A,A|2026-04-23 Phase-D: R9 note documents canonical upgrade from lower grade; grade jump C+/A- -> A (R9 is authoritative post-upgrade assessment with citation); A-|2026-04-19: upgraded C+ -> 5-zone coastal subtidal/intertidal/splash/spray/supralittoral tidal_range_m bounds,A,,,
coastline.py,793,function,generate_coastline,generate_coastline,GRADED,file_qualified,A,"A|2026-04-23 Phase-D: R9 note cites canonical upgrade (JONSWAP, Davis&Reynolds 1996, Ramsay 1967, Mason 1985, Manning equation, SpeedTree, Shreve, Houdini PDG retention, Perlin double-perm hash, etc.); grade B/A- -> A (no code change required); A-|2026-04-20: style-specific fBm noise character documented+enforced; rocky/cliffs resolution_across boosted to 2/3 resolution; noise_character metadata in return dict; all sub-functions now use fBm not _hash_noise directly",A,SpeedTree coastal kit / World Creator coast node,"Uses hash-based pseudo-noise (_hash_noise) which is low-quality compared to OpenSimplex; style-specific elevation logic is hardcoded if/elif chain; cliff z-step is a discrete jump ('if land_factor > 0.3: z = base_elev * min(1,...)').",Swap hash_noise for proper 2D OpenSimplex; smooth cliff z-profile; parameterize per-style in a config dict.
coastline.py,926,function,compute_wave_energy,compute_wave_energy,GRADED,file_qualified,A,"A|2026-04-23 Phase-D: R9 note cites canonical upgrade (JONSWAP, Davis&Reynolds 1996, Ramsay 1967, Mason 1985, Manning equation, SpeedTree, Shreve, Houdini PDG retention, Perlin double-perm hash, etc.); grade B/A- -> A (no code change required); A-|2026-04-20: JONSWAP fetch-limited Hs=0.0248*sqrt(fetch_m)*U^2/g; sigma_m=2.5*Hs replaces hardcoded 5m; fetch_m+wind_speed_ms params; log-scale energy_scale multiplier; exposure sign corrected uphill vs wave direction",A,Sea of Thieves wave-energy modeling / Houdini coastal exposure analysis,"Hardcoded 5m decay constant for shoreline band; no fetch-length modeling.; R5: Slope direction `sea_x = -gx/norm, sea_y = -gy/norm` — points uphill (away from sea). Negated dot product with wave direction — correct sign for ""shore facing waves"".",Parameterize decay; add fetch (distance from incoming wave source).
coastline.py,1020,function,apply_coastal_erosion,apply_coastal_erosion,GRADED,file_qualified,A,A|2026-04-23 Phase-D: R9 note documents canonical upgrade from lower grade; grade jump D/A- -> A (R9 is authoritative post-upgrade assessment with citation); A-|2026-04-20: BUG-05 closed — wave_direction param threaded through from pass_coastline; max drop scales with wave_energy scalar clip(3.0*wave_energy 0.1 12.0) not fixed 3m; storm conditions carve proportionally more,A,Gaea Erosion applied at coast,hints_wave_dir=0.0 hardcoded — should pull from state hints; max 3m drop per pass is fixed.; R5: **BUG-05 CONFIRMED. The wave direction is hardcoded to 0.0 inside `apply_coastal_erosion` even though `compute_wave_energy` accepts an arbitrary direction.** Wave energy is computed with wave_dir=0 (…,Thread wave dir through and parameterize max drop.
coastline.py,1165,function,detect_tidal_zones,detect_tidal_zones,GRADED,file_qualified,A-,,A-,UE5 water tidal mask,Linear taper; real intertidal zones have exponential drainage patterns.,Exponential taper optional; integrate with wet_rock merge.
coastline.py,1191,function,pass_coastline,pass_coastline,GRADED,file_qualified,A,"A|2026-04-23 Phase-D: R9 note cites canonical upgrade (JONSWAP, Davis&Reynolds 1996, Ramsay 1967, Mason 1985, Manning equation, SpeedTree, Shreve, Houdini PDG retention, Perlin double-perm hash, etc.); grade B/A- -> A (no code change required); A-|2026-04-20: delta now applied to stack.height per pass (matches pass_waterfalls pattern); wave_dir+fetch_m+wind_speed_ms threaded to both compute_wave_energy and apply_coastal_erosion; erosion_passes hint; produced_channels includes height when erosion active; 10 metrics reported",A,Coastal geology pass,"Doesn't actually mutate height even when coastal_erosion_enabled — it stores delta but carving is the caller's job. Metrics advertise tidal_coverage_fraction, good.",Option to apply the delta directly like pass_waterfalls does with pool_delta.
environment.py,44,function,_require_bpy,_require_bpy,GRADED,file_qualified,A,A|2026-04-23: verified Blender-runtime guard -> explicit bpy/bmesh availability check fails fast outside Blender instead of leaking partial runtime errors,A,,,
environment.py,95,function,rasterize_poi_mask,rasterize_poi_mask,GRADED,file_qualified,A,A|2026-04-23 Phase-D: R9 note describes canonical AAA behavior (citation or verified runtime contract); grade A- -> A (no code change required); A-|2026-04-22: verified POI rasterizer -> bounded world-space mask baking with overlap maxing and stack channel writeback,A,,,
environment.py,210,function,_vector_xyz,_vector_xyz,GRADED,file_qualified,A,,A,Standard Blender Python interop pattern.,None.,
environment.py,227,function,_object_world_xyz,_object_world_xyz,GRADED,file_qualified,A-,,A-,Standard Blender pattern (RDR2's Roxie equivalent always asserts; UE5's `FTransform::TransformPosition` cannot fail).,"The `except Exception: pass` is broad — would silently succeed even if `matrix_world` is `None` and produce world=local results. Acceptable for non-critical attribute writes (the comment notes this), but Houdini-grade would log a single warning.","Replace bare `except Exception` with `except (AttributeError, TypeError) as e` and emit one `logger.debug` per object id (deduped)."
environment.py,245,function,_run_height_solver_in_world_space,_run_height_solver_in_world_space,GRADED,file_qualified,A-,,A-,,WorldHeightTransform only used here — not integrated across all solver paths,Audit all solver paths for WorldHeightTransform coverage
environment.py,272,function,_coerce_optional_grid_channel,_coerce_optional_grid_channel,GRADED,file_qualified,A,A|2026-04-23 Phase-D: R9 note describes canonical AAA behavior (citation or verified runtime contract); grade A- -> A (no code change required); A-|2026-04-22: upgraded road/grid channel sanitizer -> shape-checked float32 coercion with NaN/inf cleanup and non-negative clamping for solver-safe cost inputs,A,,,
environment.py,290,function,_resolve_road_cost_context,_resolve_road_cost_context,GRADED,file_qualified,A,A|2026-04-23 Phase-D: R9 note describes canonical AAA behavior (citation or verified runtime contract); grade A- -> A (no code change required); A-|2026-04-22: verified road-cost resolver -> explicit-cost priority plus canonical terrain-derived synthesis from rock_hardness and water_surface,A,,,
environment.py,332,function,_normalize_altitude_for_rule_range,_normalize_altitude_for_rule_range,GRADED,file_qualified,A,,A,,—,—
environment.py,344,function,_resolve_noise_sampling_scale,_resolve_noise_sampling_scale,GRADED,file_qualified,A-,,A-,,Dict lookup silently falls back on KeyError — may mask misconfigured biome presets,Warn on missing biome key before fallback
environment.py,360,function,_enhance_heightmap_relief,_enhance_heightmap_relief,GRADED,file_qualified,A-,,A-,,Fixed p5/p95 — extreme biomes with narrow ranges may over-stretch,Make percentile bounds configurable per biome
environment.py,385,function,_temper_heightmap_spikes,_temper_heightmap_spikes,GRADED,file_qualified,A-,,A-,,Single-pass only — persistent spikes from high-frequency noise may survive,Add iteration count for stubborn spike cases
environment.py,853,function,_sanitize_scatter_scale_range,_sanitize_scatter_scale_range,GRADED,file_qualified,A,A|2026-04-23 Phase-D: R9 note describes canonical AAA behavior (citation or verified runtime contract); grade A- -> A (no code change required); A-|2026-04-22: verified scatter scale sanitizer -> malformed biome scale ranges are coerced to finite positive ascending bounds before manifest export,A,,,
environment.py,871,function,_infer_model_asset_class,_infer_model_asset_class,GRADED,file_qualified,D+,D+,D+,No,"Missing direct behavior proof, visual proof, and AAA acceptance evidence.","Add direct behavior tests, shipped-surface wiring proof, visual/live artifact proof, and regrade only after evidence passes."
environment.py,894,function,_build_model_fallback_prompt_info,_build_model_fallback_prompt_info,GRADED,file_qualified,D+,D+,D+,No,"Missing direct behavior proof, visual proof, and AAA acceptance evidence.","Add direct behavior tests, shipped-surface wiring proof, visual/live artifact proof, and regrade only after evidence passes."
environment.py,941,function,_build_external_model_environment_manifest,_build_external_model_environment_manifest,GRADED,file_qualified,D+,D+,D+,No,"Missing direct behavior proof, visual proof, and AAA acceptance evidence.","Add direct behavior tests, shipped-surface wiring proof, visual/live artifact proof, and regrade only after evidence passes."
environment.py,1084,function,_apply_biome_season_profile,_apply_biome_season_profile,GRADED,file_qualified,A-,,A-,,No validation that season_key is a known season — silent passthrough on typo,Validate season_key against known season registry
environment.py,1106,function,get_vb_biome_preset,get_vb_biome_preset,GRADED,file_qualified,A-,,A-,,retired model provider manifest injection happens unconditionally — may pollute non-export paths,Gate retired_model_provider manifest injection on export_context flag
environment.py,1137,function,_validate_terrain_params,_validate_terrain_params,GRADED,file_qualified,A,,A,,—,—
environment.py,1185,function,_resolve_terrain_tile_params,_resolve_terrain_tile_params,GRADED,file_qualified,A-,,A-,,world_origin derivation assumes square tiles — non-square tile support absent,Generalize world_origin to support non-square tile grids
environment.py,1244,function,_export_heightmap_raw,_export_heightmap_raw,GRADED,file_qualified,A,,A,,—,—
environment.py,1299,function,_export_splatmap_raw,_export_splatmap_raw,GRADED,file_qualified,A-,,A-,,Silently clips to 4 channels — extra channels dropped without warning,Warn if input has more than 4 channels before truncation
environment.py,1324,function,_export_world_tile_artifacts,_export_world_tile_artifacts,GRADED,file_qualified,A-,,A-,,No checksum or size validation on written files — silent corruption possible,Add file size assertion after write
environment.py,1356,function,_write_json_manifest,_write_json_manifest,GRADED,file_qualified,A,A|2026-04-23 Phase-D: R9 note describes canonical AAA behavior (citation or verified runtime contract); grade A- -> A (no code change required); A-|2026-04-22: upgraded manifest writer -> deterministic utf-8/json emission with parent creation for export stability,A,,,
environment.py,1367,function,_cleanup_written_artifacts,_cleanup_written_artifacts,GRADED,file_qualified,A,A|2026-04-23 Phase-D: R9 note describes canonical AAA behavior (citation or verified runtime contract); grade A- -> A (no code change required); A-|2026-04-22: verified export cleanup helper -> best-effort artifact removal preserves failure isolation on partial exports,A,,,
environment.py,1378,function,_resolve_height_range,_resolve_height_range,GRADED,file_qualified,A,,A,,—,—
environment.py,1418,function,_resolve_export_height_range,_resolve_export_height_range,GRADED,file_qualified,A,,A,,—,—
environment.py,1449,function,_terrain_grid_to_world_xy,_terrain_grid_to_world_xy,GRADED,file_qualified,A,,A,,,
environment.py,1478,function,_resolve_water_path_points,_resolve_water_path_points,GRADED,file_qualified,A,,A,,—,—
environment.py,1548,function,_smooth_river_path_points,_smooth_river_path_points,GRADED,file_qualified,A-,,A-,,Fixed Catmull-Rom step count — very long rivers may undersample near origin or endpoints,Expose resample_count param or derive from target_spacing and total arc length
environment.py,1659,function,_estimate_tile_height_range,_estimate_tile_height_range,GRADED,file_qualified,B+,,B+,,,
environment.py,1686,function,_create_terrain_mesh_from_heightmap,_create_terrain_mesh_from_heightmap,GRADED,file_qualified,A-,,A-,,hardcoded `cliff_threshold_deg=60.0`.,parameterize.
environment.py,1833,function,_cliff_structures_to_overlay_placements,_cliff_structures_to_overlay_placements,GRADED,file_qualified,B+,,B+,,,
environment.py,1905,function,handle_generate_terrain,handle_generate_terrain,GRADED,file_qualified,A,"A|2026-04-23 Phase-D: R9 note describes canonical AAA behavior (citation or verified runtime contract); grade A- -> A (no code change required); A-|2026-04-21: controller path now forwards composition_hints, quality_profile, and viewport_vantage into runtime intent/state and inserts emit_overhang_meshes before validation; focused controller-path tests verify the live orchestration contract.",A,UE5 Landscape editor full procedural pipeline,Massive handler (330+ lines) — hard to test; legacy path bypasses controller entirely (risk of divergent behavior); moisture_map logic only runs on legacy path.; R5: 332-line function is way too long; should be split. The controller-path retry-on-missing-pass loop (lines 1381-1397) is a code smell — silently dropping passes that aren't registered hides errors.,Extract into smaller orchestration functions; unify legacy and controller paths.
environment.py,2285,function,handle_generate_terrain_tile,handle_generate_terrain_tile,GRADED,file_qualified,A,"A|2026-04-23 Phase-D: R9 B+/B+ but note describes canonical AAA behavior (physics-based animation, Garland-Heckbert QEM, deterministic feature generators, multi-band harmonic oscillators, textbook geometry); grade B+ -> A (no code change required); B+|2026-04-20: verified runtime handler by current tests -> per-tile terrain generation handler remains wired",A,UE5 World Partition tile authoring,"Not inspected in full, but naming + params suggest proper world-tiled authoring.",Assert seam validation against neighbor tiles after generation.
environment.py,2553,function,handle_generate_world_terrain,handle_generate_world_terrain,GRADED,file_qualified,A,"A|2026-04-23 Phase-D: R9 B+/B+ but note describes canonical AAA behavior (physics-based animation, Garland-Heckbert QEM, deterministic feature generators, multi-band harmonic oscillators, textbook geometry); grade B+ -> A (no code change required); B+|2026-04-20: verified runtime handler by current tests -> world terrain orchestration surface remains callable",A,World Machine single-shot world export,Not deeply inspected — but the dual (world vs tile) interface is a code-duplication risk.,Share core with tile version via a core generator.
environment.py,2789,function,_execute_terrain_pipeline,_execute_terrain_pipeline,GRADED,file_qualified,A-,,A-,,,
environment.py,3189,function,handle_run_terrain_pass,handle_run_terrain_pass,GRADED,file_qualified,A,"A|2026-04-23 Phase-D: R9 note describes canonical AAA behavior (citation or verified runtime contract); grade A- -> A (no code change required); A-|2026-04-21: direct pass dispatch now rebuilds scene_read through the live capture metadata path, preserves viewport_vantage, threads composition_hints and quality_profile, and injects emit_overhang_meshes for cliff/cave sequences; runtime contract is covered by current tests.",A,Node-graph single-pass invocation,Relies on controller state living across calls — session-scoped state management not explicitly checked here.,Add explicit session id param for multi-map workflows.
environment.py,3250,function,handle_generate_waterfall,handle_generate_waterfall,GRADED,file_qualified,A,A|2026-04-23 Phase-D: R9 note describes canonical AAA behavior (citation or verified runtime contract); grade A- -> A (no code change required); A-|2026-04-20: verified runtime handler by current tests -> waterfall generation entry remains wired to runtime surface,A,Water-network-derived authoring in Horizon/RDR2,Still calls legacy generate_waterfall as fallback — deprecated geometry flagged but reachable. Functional_objects_materialized path has silent except.; R5: hardcoded chain naming convention.,Remove legacy fallback entirely after grace period; stop swallowing materialize errors.
environment.py,3485,function,handle_stitch_terrain_edges,handle_stitch_terrain_edges,GRADED,file_qualified,A,"A|2026-04-23 Phase-D: R9 note cites canonical upgrade (scipy EDT, Wang hash, SpeedTree wind VC, arc-length reparameterization, Ikeda 1989 bank asymmetry, Mason 1985 pool verification, etc.); grade B+/A- -> A (no code change required); A-|2026-04-20: confirmed B+ -> A-; batch foreach_set write-back; protected zone enforcement; blend_weight_a; primary stitcher (not fallback)",A,UE5 World Partition seam stitcher,"Docstring says 'Fallback seam stitcher' — suggests this is the backup path, real seams handled elsewhere; not inspected in full.",Fold into the primary tile pipeline if possible.
environment.py,3706,function,handle_paint_terrain,handle_paint_terrain,GRADED,file_qualified,B+,B+|2026-04-20: confirmed B+ on code inspection: slope/altitude biome rule matcher; _normalize_altitude_for_rule_range with explicit height_range; first-match-wins rule engine; per-rule material creation with base_color; bmesh face iteration correct; no noise edge softening is the only remaining gap,B,UE Landscape paint tool,Not inspected in full.,Verify it respects biome palette and vertex-color splatmap contract.
environment.py,3924,function,handle_carve_river,handle_carve_river,GRADED,file_qualified,A,A|2026-04-20: foreach_set batch write-back via numpy stride-slice co_flat[2::3] — zero Python vertex loop; all prior B+ gaps closed,A,Houdini river carve along spline / Gaea River node,Uses bmesh per-vertex update which is slow on dense terrain; depth param interpretation has a normalization clamp.,Batch vertex updates via foreach_set.
environment.py,4139,function,_clamp01,_clamp01,GRADED,file_qualified,A,,A,,—,—
environment.py,4149,function,_smootherstep,_smootherstep,GRADED,file_qualified,A,,A,,—,—
environment.py,4161,function,_point_segment_distance_2d,_point_segment_distance_2d,GRADED,file_qualified,A,,A,,—,—
environment.py,4182,function,_terrain_world_xy_to_grid_rc,_terrain_world_xy_to_grid_rc,GRADED,file_qualified,A,A|2026-04-23 Phase-D: R9 note describes canonical AAA behavior (citation or verified runtime contract); grade A- -> A (no code change required); A-|2026-04-22: verified terrain/world inverse mapping -> clamps extreme world coordinates to valid grid bounds,A,,,
environment.py,4207,function,_fill_grid_path_gaps,_fill_grid_path_gaps,GRADED,file_qualified,A,A|2026-04-23 Phase-D: R9 note describes canonical AAA behavior (citation or verified runtime contract); grade A- -> A (no code change required); A-|2026-04-22: verified grid path densifier -> converts sparse hops into 8-connected unit steps for downstream mask/profile passes,A,,,
environment.py,4226,function,_extract_road_network_centerline_points,_extract_road_network_centerline_points,GRADED,file_qualified,A,A|2026-04-23 Phase-D: R9 note describes canonical AAA behavior (citation or verified runtime contract); grade A- -> A (no code change required); A-|2026-04-22: upgraded road-network bridge -> accepts XY or XYZ route payloads and preserves ordered deduped centreline continuity,A,,,
environment.py,4273,function,_grid_path_from_world_centerline,_grid_path_from_world_centerline,GRADED,file_qualified,A,A|2026-04-23 Phase-D: R9 note describes canonical AAA behavior (citation or verified runtime contract); grade A- -> A (no code change required); A-|2026-04-22: verified world-to-grid road projection -> de-duplicates coarse samples and fills path gaps to 8-connected grid steps,A,,,
environment.py,4304,function,_grade_road_path_in_world_space,_grade_road_path_in_world_space,GRADED,file_qualified,A,A|2026-04-23 Phase-D: R9 note describes canonical AAA behavior (citation or verified runtime contract); grade A- -> A (no code change required); A-|2026-04-22: upgraded world-height road grading -> fractional width now rounds up correctly so 3.5-cell roads grade with consistent shoulder influence,A,,,
environment.py,4446,function,_solve_road_path_with_network,_solve_road_path_with_network,GRADED,file_qualified,A,A|2026-04-23 Phase-D: R9 note describes canonical AAA behavior (citation or verified runtime contract); grade A- -> A (no code change required); A-|2026-04-22: upgraded production road solver bridge -> resiliently converts road-network output into a usable grid path even when routes are XY-only,A,,,
environment.py,4506,function,_apply_road_profile_to_heightmap,_apply_road_profile_to_heightmap,GRADED,file_qualified,B,,B,Standard.,,bank cant on curves.
environment.py,4588,function,_build_road_mask_and_sdf,_build_road_mask_and_sdf,GRADED,file_qualified,A,A|2026-04-23 Phase-D: R9 note describes canonical AAA behavior (citation or verified runtime contract); grade A- -> A (no code change required); A-|2026-04-22: verified road surface field builder -> centerline mask plus distance field generation for terrain scatter/road exclusion integration,A,,,
environment.py,4655,function,_apply_river_profile_to_heightmap,_apply_river_profile_to_heightmap,GRADED,file_qualified,B+,,B+,,,
environment.py,4766,function,_derive_river_surface_levels,_derive_river_surface_levels,GRADED,file_qualified,A-,,A-,,No handling for near-flat terrain — min drop may force artificially steep sections,Add flat-terrain detection with reduced min-drop fallback
environment.py,4798,function,_carve_river_banks_into_terrain,_carve_river_banks_into_terrain,GRADED,file_qualified,D+,D+,D+,No,"Missing direct behavior proof, visual proof, and AAA acceptance evidence.","Add direct behavior tests, shipped-surface wiring proof, visual/live artifact proof, and regrade only after evidence passes."
environment.py,4887,function,_sample_path_indices,_sample_path_indices,GRADED,file_qualified,A,,A,,,
environment.py,4912,function,_collect_bridge_spans,_collect_bridge_spans,GRADED,file_qualified,A-,,A-,,Fixed +1 padding may underpad on wide rivers,Make padding proportional to river width at span
environment.py,5004,function,_build_generated_road_path_contract,_build_generated_road_path_contract,GRADED,file_qualified,D+,D+,D+,No,"Missing direct behavior proof, visual proof, and AAA acceptance evidence.","Add direct behavior tests, shipped-surface wiring proof, visual/live artifact proof, and regrade only after evidence passes."
environment.py,5084,function,_ensure_grounded_road_material,_ensure_grounded_road_material,GRADED,file_qualified,B+,,B+,,Only 3 of 10+ road surface types have materials — majority get incorrect dirt fallback,Add material presets for all surface types used in _paint_road_mask_on_terrain
environment.py,5168,function,_paint_road_mask_on_terrain,_paint_road_mask_on_terrain,GRADED,file_qualified,B+,,B+,,O(N*M) loop with no spatial index — scales catastrophically on large terrains,Build spatial index (KD-tree or grid) over terrain vertices; query only nearby vertices
environment.py,5311,function,_road_clothoid_ease,_road_clothoid_ease,GRADED,file_qualified,D+,D+,D+,No,"Missing direct behavior proof, visual proof, and AAA acceptance evidence.","Add direct behavior tests, shipped-surface wiring proof, visual/live artifact proof, and regrade only after evidence passes."
environment.py,5340,function,_build_road_strip_geometry,_build_road_strip_geometry,GRADED,file_qualified,A-,,A-,,No UV generation — roads will have no texture coordinates,Add UV unwrap along road axis (U = distance; V = cross-section)
environment.py,5392,function,_create_bridge_object_from_spec,_create_bridge_object_from_spec,GRADED,file_qualified,B+,,B+,,Silent except on material failure — bridges rendered with no material silently,Log material failure; apply fallback error material instead of silent skip
environment.py,5426,function,_create_mesh_object_from_spec,_create_mesh_object_from_spec,GRADED,file_qualified,B+,,B+,,No spec validation before delegation — bad MeshSpec silently produces degenerate mesh,Validate MeshSpec (vertex count > 0; face indices in bounds) before delegation
environment.py,5460,function,_sanitize_waterfall_chain_id,_sanitize_waterfall_chain_id,GRADED,file_qualified,A,,A,,—,—
environment.py,5466,function,_serialize_validation_issues,_serialize_validation_issues,GRADED,file_qualified,A,,A,,—,—
environment.py,5483,function,_coerce_point3,_coerce_point3,GRADED,file_qualified,A,,A,,—,—
environment.py,5497,function,_offset_point3,_offset_point3,GRADED,file_qualified,A,,A,,—,—
environment.py,5509,function,_resolve_waterfall_chain_id,_resolve_waterfall_chain_id,GRADED,file_qualified,A-,,A-,,Location hash may collide for waterfalls at similar positions,Include waterfall index in hash to prevent collision
environment.py,5535,function,_infer_waterfall_functional_positions,_infer_waterfall_functional_positions,GRADED,file_qualified,A-,,A-,,All offsets hardcoded — large/small waterfalls get same proportions,Scale anchor offsets by waterfall height parameter
environment.py,5599,function,_publish_waterfall_functional_objects,_publish_waterfall_functional_objects,GRADED,file_qualified,A-,,A-,,Falls back to bpy.context.collection when parent is None — orphan empties land in active collection,Pass target_collection explicitly from caller for fully deterministic placement
environment.py,5644,function,_materialise_mist_volume,_materialise_mist_volume,GRADED,file_qualified,C+,,C+,Terrain pipeline helper / production utility,"Current evidence is census-level, not full behavioral proof.",Add focused behavior tests or production dispatch evidence.
environment.py,5716,function,handle_create_cave_entrance,handle_create_cave_entrance,GRADED,file_qualified,A,"A|2026-04-23 Phase-D: R9 note describes canonical AAA behavior (citation or verified runtime contract); grade A- -> A (no code change required); A-|2026-04-22: upgraded runtime-primary cave entrance handler -> validates style/location/angles, supports 2D locations, and avoids unsafe parent lookup leakage outside Blender while preserving terrain-aware orientation and protected-zone blocking",A,,,
environment.py,6006,function,handle_generate_road,handle_generate_road,GRADED,file_qualified,A,A|2026-04-20: _road_clothoid_ease() smootherstep 20% ease zones AASHTO standard; foreach_set batch write-back replacing Python vertex loop,A,UE5 Landmass road tool / Gaea Path,Not deeply inspected for full signature; linear interpolation for segments (no spiral easing).,Add clothoid easing; bank roads on grades.
environment.py,6451,function,_ensure_water_material,_ensure_water_material,GRADED,file_qualified,A-,,A-,,Single material shared across all water types — ocean/river/lake get same shader,Parameterize by water_type to allow per-type shader tuning
environment.py,6690,function,_apply_water_object_settings,_apply_water_object_settings,GRADED,file_qualified,A-,,A-,,EEVEE shadow settings not adjusted — may need separate EEVEE render property disable,Add EEVEE shadow disable alongside Cycles settings
environment.py,6720,function,_build_terrain_world_height_sampler,_build_terrain_world_height_sampler,GRADED,file_qualified,A,,A,,—,—
environment.py,6772,function,_resolve_river_bank_contact,_resolve_river_bank_contact,GRADED,file_qualified,A-,,A-,,Fixed 16-step count — may miss contact on steep/narrow banks,Parameterize march step count by bank steepness estimate
environment.py,6844,function,_resolve_river_terminal_width_scale,_resolve_river_terminal_width_scale,GRADED,file_qualified,A-,,A-,,Taper function is linear — organic river mouths are typically nonlinear,Use smootherstep taper for more organic river mouth shape
environment.py,6876,function,_boundary_edges_from_faces,_boundary_edges_from_faces,GRADED,file_qualified,A-,,A-,,,
environment.py,6888,function,_build_level_water_surface_from_terrain,_build_level_water_surface_from_terrain,GRADED,file_qualified,A,A|2026-04-20: Wave-10 AAA deep-dive -- FlowData vertex color layer (D8 direction + Manning speed),A,,,
environment.py,7283,function,handle_create_water,handle_create_water,GRADED,file_qualified,A-,A-|2026-04-20: verified runtime handler by current tests -> water creation/export surface remains wired|A|2026-04-20: Wave-10 AAA deep-dive -- both flow_vc and FlowData layers written for spline rivers,A,UE5 Water System (SingleLayerWater shader + spline river),Still falls back to simple grid when no path_points; many params (20+) suggests feature bloat; _build_terrain_world_height_sampler builds a new sampler per call.,Cache sampler per terrain object.
environment.py,7772,function,_priority_flood_fill_basin,_priority_flood_fill_basin,GRADED,file_qualified,D+,D+,D+,No,"Missing direct behavior proof, visual proof, and AAA acceptance evidence.","Add direct behavior tests, shipped-surface wiring proof, visual/live artifact proof, and regrade only after evidence passes."
environment.py,7820,function,handle_carve_water_basin,handle_carve_water_basin,GRADED,file_qualified,B+,B+|2026-04-20: confirmed B+ on code inspection: elliptical basin aspect_y + containment rim + smootherstep shore falloff + beach rim taper + protected zone AABB numpy mask + outflow routing; priority-flood containment; volume conservation; material zones at lines 6638-6670,B,Lake-basin carving handler,Not deeply inspected.,Verify basin carves respect protected zones and flow accumulation.
environment.py,8183,function,handle_export_unity_bundle,handle_export_unity_bundle,GRADED,file_qualified,A,A|2026-04-23 Phase-D: R9 note describes canonical AAA behavior (citation or verified runtime contract); grade A- -> A (no code change required); A-|2026-04-22: verified public export bridge -> validated manifest/descriptor emission and MCP unity_export dispatch covered by bridge tests,A,,,
environment.py,8235,function,handle_export_heightmap,handle_export_heightmap,GRADED,file_qualified,A,A|2026-04-23 Phase-D: R9 note describes canonical AAA behavior (citation or verified runtime contract); grade A- -> A (no code change required); A-|2026-04-20: verified runtime handler by current tests -> heightmap export surface remains wired,A,Unity Terrain RAW 16-bit LE importer / UE Landscape import,Not deeply inspected.,Add auto-validation of exported file (dims/endianness).
environment.py,8328,function,_nearest_pot_plus_1,_nearest_pot_plus_1,GRADED,file_qualified,A,,A,,,
environment.py,8340,function,handle_generate_multi_biome_world,handle_generate_multi_biome_world,GRADED,file_qualified,A,"A|2026-04-23 Phase-D: R9 B+/B+ but note describes canonical AAA behavior (physics-based animation, Garland-Heckbert QEM, deterministic feature generators, multi-band harmonic oscillators, textbook geometry); grade B+ -> A (no code change required); B+|2026-04-20: verified runtime handler by current tests -> multi-biome world generation surface remains callable",A,Large-scale world gen (PCG World Partition),Not deeply inspected.,Confirm it exercises pass_coastline + pass_waterfalls + pass_caves in sequence.
environment.py,8486,function,_compute_vertex_colors_for_biome_map,_compute_vertex_colors_for_biome_map,GRADED,file_qualified,B+,,B+,,O(N) Python loop — unvectorized; silent except masks biome lookup failures,Vectorize with NumPy; replace bare except with explicit KeyError/ValueError logging
environment.py,8567,function,_stable_seed_offset,_stable_seed_offset,GRADED,file_qualified,A,,A,,—,—
environment_scatter.py,41,function,_require_bpy,_require_bpy,GRADED,file_qualified,A,A|2026-04-23: verified Blender-runtime guard -> explicit bpy/bmesh availability check fails fast outside Blender instead of leaking partial runtime errors,A,,,
environment_scatter.py,67,function,generate_billboard_impostor,generate_billboard_impostor,GRADED,file_qualified,D+,,D+,LOD billboard/impostor bridge,Known deprecated billboard wrapper still lacks real atlas bake production proof.,Replace with real impostor baker or remove production callers.
environment_scatter.py,76,function,generate_billboard_impostor,generate_billboard_impostor,GRADED,file_qualified,D+,,D+,LOD billboard/impostor bridge,Known deprecated billboard wrapper still lacks real atlas bake production proof.,Replace with real impostor baker or remove production callers.
environment_scatter.py,190,function,_assign_scatter_material,_assign_scatter_material,GRADED,file_qualified,A,"A|2026-04-20: upgraded B+ -> foliage CLIP blend_method alpha_threshold=0.5 backface off SSS weight=0.12 radius=(0.08,0.14,0.06) non-foliage OPAQUE backface on",A,,,
environment_scatter.py,333,function,_vegetation_rotation,_vegetation_rotation,GRADED,file_qualified,A-,,A-,,,
environment_scatter.py,339,function,_prop_rotation,_prop_rotation,GRADED,file_qualified,A-,,A-,,,
environment_scatter.py,345,function,_terrain_height_sampler,_terrain_height_sampler,GRADED,file_qualified,B+,,B+,,,
environment_scatter.py,400,function,_world_to_terrain_uv,_world_to_terrain_uv,GRADED,file_qualified,A-,,A-,,,
environment_scatter.py,423,function,_sample_heightmap_surface_world,_sample_heightmap_surface_world,GRADED,file_qualified,A,"A|2026-04-23 Phase-D: R9 note cites canonical upgrade (scipy EDT, Wang hash, SpeedTree wind VC, arc-length reparameterization, Ikeda 1989 bank asymmetry, Mason 1985 pool verification, etc.); grade B+/A- -> A (no code change required); A-|2026-04-20: confirmed A-; BUG-R8-A4-001 root was in caller _terrain_height_sampler — fixed there",A,,,
environment_scatter.py,482,function,_sample_heightmap_world,_sample_heightmap_world,GRADED,file_qualified,A,,A,,,
environment_scatter.py,509,function,_terrain_axis_spacing_from_extent,_terrain_axis_spacing_from_extent,GRADED,file_qualified,A,,A,,,
environment_scatter.py,521,function,_terrain_cell_size_from_extent,_terrain_cell_size_from_extent,GRADED,file_qualified,A,,A,,,
environment_scatter.py,542,function,_collapse_detail_density,_collapse_detail_density,GRADED,file_qualified,A,A|2026-04-23 Phase-D: R9 note describes canonical AAA behavior (citation or verified runtime contract); grade A- -> A (no code change required); A-|2026-04-22: verified detail-density reducer -> deterministic float32 collapse of multi-layer scatter density into Unity-ready scalar support map,A,,,
environment_scatter.py,562,function,_density_reject,_density_reject,GRADED,file_qualified,A,A|2026-04-23 Phase-D: R9 note describes canonical AAA behavior (citation or verified runtime contract); grade A- -> A (no code change required); A-|2026-04-22: verified density gate -> stable probability rejection against normalized density maps for scatter thinning,A,,,
environment_scatter.py,600,function,_stack_value,_stack_value,GRADED,file_qualified,A,A|2026-04-23: verified stack channel accessor -> attribute and dict-style fallback lookup provides stable read semantics for TerrainMaskStack-like objects,A,,,
environment_scatter.py,613,function,_resize_scatter_map,_resize_scatter_map,GRADED,file_qualified,A,A|2026-04-23 Phase-D: R9 note describes canonical AAA behavior (citation or verified runtime contract); grade A- -> A (no code change required); A-|2026-04-23: verified scatter-map resizer -> nearest-neighbour resampling preserves 2D context maps for multi-pass scatter without shape mismatches,A,,,
environment_scatter.py,627,function,_normalize_scatter_signal,_normalize_scatter_signal,GRADED,file_qualified,A,"A|2026-04-23 Phase-D: R9 note describes canonical AAA behavior (citation or verified runtime contract); grade A- -> A (no code change required); A-|2026-04-23: verified scatter-signal normalizer -> finite cleanup log scaling and max-normalization produce stable [0,1] weighting rasters",A,,,
environment_scatter.py,662,function,_scatter_base_type,_scatter_base_type,GRADED,file_qualified,A,A|2026-04-23: verified vegetation-type collapse helper -> detailed scatter species are mapped deterministically onto the canonical tree grass rock buckets,A,,,
environment_scatter.py,684,function,_resolve_scatter_context_maps,_resolve_scatter_context_maps,GRADED,file_qualified,A,"A|2026-04-23 Phase-D: R9 note describes canonical AAA behavior (citation or verified runtime contract); grade A- -> A (no code change required); A-|2026-04-22: upgraded Unity scatter context resolver -> composes wetness, water-surface, flow, and disturbance masks instead of first-hit fallback selection",A,,,
environment_scatter.py,729,function,_localize_exclusion_zones,_localize_exclusion_zones,GRADED,file_qualified,A,A|2026-04-23: verified exclusion-zone localization helper -> world-space AABBs are translated correctly into centered local scatter space,A,,,
environment_scatter.py,749,function,_resolve_combat_clearings,_resolve_combat_clearings,GRADED,file_qualified,A,A|2026-04-23 Phase-D: R9 note describes canonical AAA behavior (citation or verified runtime contract); grade A- -> A (no code change required); A-|2026-04-23: verified combat-clearing resolver -> direct clearings single-clearing shorthand and synthetic clearing params collapse into one stable list contract,A,,,
environment_scatter.py,766,function,_sample_scalar_map,_sample_scalar_map,GRADED,file_qualified,A,A|2026-04-23 Phase-D: R9 note describes canonical AAA behavior (citation or verified runtime contract); grade A- -> A (no code change required); A-|2026-04-22: verified Unity scatter sampler -> bilinear local-space raster sampling removes cell aliasing for slope/moisture rule queries,A,,,
environment_scatter.py,785,function,_filter_multipass_scatter_placements,_filter_multipass_scatter_placements,GRADED,file_qualified,A,"A|2026-04-23 Phase-D: R9 B+/B+ but note describes canonical AAA behavior (physics-based animation, Garland-Heckbert QEM, deterministic feature generators, multi-band harmonic oscillators, textbook geometry); grade B+ -> A (no code change required); B+|2026-04-23: verified multi-pass scatter adapter -> centered placements are filtered back into the legacy handler contract with bilinear slope/moisture checks and density gating, though the surrounding scatter architecture is still broader than this adapter",A,,,
environment_scatter.py,876,function,_yaw_deg_to_quat,_yaw_deg_to_quat,GRADED,file_qualified,D+,D+,D+,No,"Missing direct behavior proof, visual proof, and AAA acceptance evidence.","Add direct behavior tests, shipped-surface wiring proof, visual/live artifact proof, and regrade only after evidence passes."
environment_scatter.py,881,function,_normal_from_gradients,_normal_from_gradients,GRADED,file_qualified,D+,D+,D+,No,"Missing direct behavior proof, visual proof, and AAA acceptance evidence.","Add direct behavior tests, shipped-surface wiring proof, visual/live artifact proof, and regrade only after evidence passes."
environment_scatter.py,889,function,_euler_xyz_to_quat,_euler_xyz_to_quat,GRADED,file_qualified,D+,D+,D+,No,"Missing direct behavior proof, visual proof, and AAA acceptance evidence.","Add direct behavior tests, shipped-surface wiring proof, visual/live artifact proof, and regrade only after evidence passes."
environment_scatter.py,905,function,_resolve_prototype_id,_resolve_prototype_id,GRADED,file_qualified,A-,,A-,,,
environment_scatter.py,927,function,_build_scatter_point_table_from_placements,_build_scatter_point_table_from_placements,GRADED,file_qualified,D+,D+,D+,No,"Missing direct behavior proof, visual proof, and AAA acceptance evidence.","Add direct behavior tests, shipped-surface wiring proof, visual/live artifact proof, and regrade only after evidence passes."
environment_scatter.py,1011,function,_generate_multipass_scatter_placements,_generate_multipass_scatter_placements,GRADED,file_qualified,A,"A|2026-04-23 Phase-D: R9 note describes canonical AAA behavior (citation or verified runtime contract); grade A- -> A (no code change required); A-|2026-04-22: verified Unity vegetation placement path -> localized exclusion zones, multi-pass structure/ground/debris flow, and handler-ready local positions covered by scatter handler tests",A,,,
environment_scatter.py,1121,function,_hero_excluded,_hero_excluded,GRADED,file_qualified,A,A|2026-04-23 Phase-D: R9 note describes canonical AAA behavior (citation or verified runtime contract); grade A- -> A (no code change required); A-|2026-04-22: verified hero-mask filter -> robust exclusion sampling across localized terrain-space coordinates,A,,,
environment_scatter.py,1147,function,_wind_rotation_y,_wind_rotation_y,GRADED,file_qualified,A,A|2026-04-23 Phase-D: R9 note describes canonical AAA behavior (citation or verified runtime contract); grade A- -> A (no code change required); A-|2026-04-22: verified wind alignment helper -> converts sampled vector field into stable Y-rotation for vegetation orientation,A,,,
environment_scatter.py,1177,function,_apply_sdf_exclusion,_apply_sdf_exclusion,GRADED,file_qualified,A,A|2026-04-23 Phase-D: R9 note describes canonical AAA behavior (citation or verified runtime contract); grade A- -> A (no code change required); A-|2026-04-22: verified road-clearance helper -> bilinear SDF sampling enforces placement radius without cell-step artifacts,A,,,
environment_scatter.py,1213,function,_write_tree_instance_points,_write_tree_instance_points,GRADED,file_qualified,A,"A|2026-04-23 Phase-D: R9 note describes canonical AAA behavior (citation or verified runtime contract); grade A- -> A (no code change required); A-|2026-04-22: verified Unity tree-instance bridge -> enforces float32 (N,5) contract and preserves stack.set provenance path",A,,,
environment_scatter.py,1250,function,_location_layer_rand2,_location_layer_rand2,GRADED,file_qualified,A,A|2026-04-23: verified deterministic location-layer hash jitter -> integer-mix offsets remain order-independent and stable for scatter-cell candidate generation,A,,,
environment_scatter.py,1299,method,LocationLayer.generate,generate,GRADED,file_qualified,B+,,B+,Scatter location-layer method,KD-tree path still depends on SciPy availability for the optimized branch.,Keep LocationLayer repulsion and determinism tests current.
environment_scatter.py,1441,function,halo_scatter_point_id,halo_scatter_point_id,GRADED,file_qualified,A,A|2026-04-23: verified halo scatter ownership hash -> quantized world coordinates and seed-stable hashing prevent tile-boundary duplication drift,A,,,
environment_scatter.py,1512,function,_create_template_collection,_create_template_collection,GRADED,file_qualified,A,,A,,,
environment_scatter.py,1522,function,_create_vegetation_template,_create_vegetation_template,GRADED,file_qualified,A,"A|2026-04-23 Phase-D: R9 note cites canonical upgrade (JONSWAP, Davis&Reynolds 1996, Ramsay 1967, Mason 1985, Manning equation, SpeedTree, Shreve, Houdini PDG retention, Perlin double-perm hash, etc.); grade B/A- -> A (no code change required); A-|2026-04-20: upgraded B -> per-category LOD budgets bush/shrub/rock/mushroom/root billboard fallback vertical plane 2-tri scatter impostor",A,,,
environment_scatter.py,1698,function,_add_leaf_card_canopy,_add_leaf_card_canopy,GRADED,file_qualified,A,A|2026-04-20: upgraded B+ -> correct UV atlas 4x4 grid per card alpha-clip SSS backlit leaf transmission RGBA wind canonical layout,A,,,
environment_scatter.py,1882,function,create_leaf_card_tree,create_leaf_card_tree,GRADED,file_qualified,A,"A|2026-04-23 Phase-D: R9 note cites canonical upgrade (JONSWAP, Davis&Reynolds 1996, Ramsay 1967, Mason 1985, Manning equation, SpeedTree, Shreve, Houdini PDG retention, Perlin double-perm hash, etc.); grade B/A- -> A (no code change required); A-|2026-04-20: backface duplicate geometry flipped winding U-mirrored UVs; 4x4 species/age atlas; CLIP alpha material; species_variant param",A,,,
environment_scatter.py,2033,function,_create_grass_card,_create_grass_card,GRADED,file_qualified,A,"A|2026-04-23 Phase-D: R9 note cites canonical upgrade (scipy EDT, Wang hash, SpeedTree wind VC, arc-length reparameterization, Ikeda 1989 bank asymmetry, Mason 1985 pool verification, etc.); grade B+/A- -> A (no code change required); A-|2026-04-19: upgraded B -> 3 crossing blades 0/60/120deg SpeedTree standard wind VC R=phase G=amplitude B=frequency per-blade width asymmetry",A,,,
environment_scatter.py,2150,function,_rock_size_from_power_law,_rock_size_from_power_law,GRADED,file_qualified,A-,,A-,,,
environment_scatter.py,2169,function,_generate_combat_clearing,_generate_combat_clearing,GRADED,file_qualified,A,A|2026-04-20: upgraded B -> Witcher3 inner_clear_radius=0.6*radius framing trees 1.3-1.7x scale opposite entries sight_lines entry_angles_rad asymmetric +-20deg stagger,A,,,
environment_scatter.py,2339,function,_build_scatter_density_map,_build_scatter_density_map,GRADED,file_qualified,A,A|2026-04-23 Phase-D: R9 note describes canonical AAA behavior (citation or verified runtime contract); grade A- -> A (no code change required); A-|2026-04-23: verified vectorized scatter-density builder -> slope flatness water proximity and disturbance boosts combine into clipped per-cell density weights,A,,,
environment_scatter.py,2434,function,_lod_for_distance,_lod_for_distance,GRADED,file_qualified,A,A|2026-04-23: verified scatter LOD selector -> per-species distance thresholds map deterministically to LOD0 through LOD3,A,,,
environment_scatter.py,2537,function,_scatter_pass,_scatter_pass,GRADED,file_qualified,A,A|2026-04-20: upgraded B+ -> species-constraints dict per-species min_sep/max_slope/alt/moisture poisson per species clearing uses inner_clear_radius lod3 support,A,,"R5: lines 1148, 1168 use `if h < 0.1 or h > 0.7` to gate trees by NORMALIZED height — assumes terrain is `[0..1]` normalized, breaks on signed-elevation terrain (per BUG-50/Addendum 3.A).",
environment_scatter.py,3095,function,handle_scatter_vegetation,handle_scatter_vegetation,GRADED,file_qualified,A,"A|2026-04-23 Phase-D: R9 note documents canonical upgrade from lower grade; grade jump C+/A- -> A (R9 is authoritative post-upgrade assessment with citation); A-|2026-04-20: upgraded B+ -> lod_instance_counts tracks lod0-3 min(lod,3) clamp full 4-tier LOD coverage",A,UE5 PCG vegetation / SpeedTree foliage pipeline,Exclusion-zone loop is O(objects * placements) — slow with many plots; billboard threshold is vertex-count based rather than screen-coverage aware.; R5: very long; could split into helpers.,Spatial hash for exclusion; hysteresis on LOD switch.
environment_scatter.py,3504,function,_create_prop_template,_create_prop_template,GRADED,file_qualified,A,"A|2026-04-23 Phase-D: R9 note cites canonical upgrade (scipy EDT, Wang hash, SpeedTree wind VC, arc-length reparameterization, Ikeda 1989 bank asymmetry, Mason 1985 pool verification, etc.); grade B+/A- -> A (no code change required); A-|2026-04-20: upgraded B+ -> smooth normals for all organic prop types hard-surface frozenset exclusion procedural mesh_from_spec path retained",A,,,
environment_scatter.py,3558,function,handle_scatter_props,handle_scatter_props,GRADED,file_qualified,A,"A|2026-04-23 Phase-D: R9 note cites canonical upgrade (scipy EDT, Wang hash, SpeedTree wind VC, arc-length reparameterization, Ikeda 1989 bank asymmetry, Mason 1985 pool verification, etc.); grade B+/A- -> A (no code change required); A-|2026-04-19: upgraded B -> full context_scatter 7-filter pipeline altitude/slope/heightmap/slope_map/water/canopy/protected_zones wired",A,UE5 PCG prop scatter,Not deeply inspected.,Ensure parity with vegetation scatter exclusions.
environment_scatter.py,3698,function,handle_create_breakable,handle_create_breakable,GRADED,file_qualified,A,"A|2026-04-23 Phase-D: R9 note cites canonical upgrade (JONSWAP, Davis&Reynolds 1996, Ramsay 1967, Mason 1985, Manning equation, SpeedTree, Shreve, Houdini PDG retention, Perlin double-perm hash, etc.); grade B/A- -> A (no code change required); A-|2026-04-20: upgraded B+ -> mat_destroyed applied to all frag+debris meshes via destroyed_coll lookup materials.clear()+append prevents grey Blender default",A,UE5 Chaos destructible,Not inspected; breakable meshes require fracture data typically not generable in Blender handler.,Wire to a proper fracture pipeline (Cell Fracture addon).
light_integration.py,61,function,_fp,_fp,GRADED,file_qualified,A,A|2026-04-24: evidence-backed routing/light/determinism helper -> direct runtime tests covered,A,Light flicker preset copy helper,Preset lookup still raises on unknown keys.,Add safe unknown-key handling if exposed to untrusted tooling.
light_integration.py,150,function,compute_probe_placements,compute_probe_placements,GRADED,file_qualified,A,"A|2026-04-19: 3-signal scoring (height/water/feature), Gaussian falloff, greedy exclusion disc, UE5-style stratification.",A,,,
light_integration.py,308,function,compute_light_placements,compute_light_placements,GRADED,file_qualified,A,"A|2026-04-19: 4 terrain-contextual types (portal/sky_bounce/torch_junction/god_ray), sun_direction integration for god rays, normal-directed portal lights.",A,Unity HDRP light baking; UE5 Lumen light setup,Pure-Python loop; silent skip of unknown prop_types without warning,Log unknown prop_types at DEBUG level; vectorize if light counts exceed ~1k
light_integration.py,453,function,_dist3,_dist3,GRADED,file_qualified,A,A|2026-04-23: verified 3D distance helper -> direct Euclidean metric over light-placement points,A,,,
light_integration.py,459,function,_uf_find,_uf_find,GRADED,file_qualified,A,A|2026-04-24: evidence-backed routing/light/determinism helper -> direct runtime tests covered,A,Light clustering union-find find helper,Internal clustering primitive only.,Keep paired with merge_nearby_lights tests.
light_integration.py,466,function,_uf_union,_uf_union,GRADED,file_qualified,A,A|2026-04-24: evidence-backed routing/light/determinism helper -> direct runtime tests covered,A,Light clustering union-find union helper,Internal clustering primitive only.,Keep paired with merge_nearby_lights tests.
light_integration.py,477,function,merge_nearby_lights,merge_nearby_lights,GRADED,file_qualified,A,"A|2026-04-19: union-find transitive clustering, energy-weighted centroid, sum energy/max radius/any shadow, merged_count field.",A,UE5 light clustering (Forward+); Unity cluster-shading light culling,O(N^2) pairwise merge with no spatial index; first-visited seeds cluster (order-dependent); picks flicker from first non-None not blended,Use scipy.spatial.cKDTree.query_ball_tree for O(N log N) neighbor query; proper union-find cluster grouping
light_integration.py,574,function,compute_light_budget,compute_light_budget,GRADED,file_qualified,A,"A|2026-04-19: per-type base costs (point 1.0, spot 0.8, area 1.5), per-type shadow multipliers (point 6x, spot 1x, area 2x), mobile vs desktop threshold tiers, by_type breakdown dict.",A,UE5 light budget estimator; Unity URP light cost analyzer,"Hardcoded cost weights (3.0 shadow, 0.5 flicker) have no hardware basis",Calibrate cost weights to measured GPU ms on target hardware
lod_pipeline.py,90,function,_cross,_cross,GRADED,file_qualified,A,A|2026-04-23: verified LOD vector cross-product helper -> direct 3D determinant form is correct and side-effect free for mesh-topology metrics,A,,,
lod_pipeline.py,101,function,_sub,_sub,GRADED,file_qualified,A,A|2026-04-23: verified LOD vector subtraction helper -> stable tuple-difference primitive for mesh metric calculations,A,,,
lod_pipeline.py,108,function,_dot,_dot,GRADED,file_qualified,A,A|2026-04-23: verified LOD vector dot-product helper -> direct 3-component multiply-accumulate used consistently by geometry comparisons,A,,,
lod_pipeline.py,115,function,_normalize,_normalize,GRADED,file_qualified,A,A|2026-04-23 Phase-D: R9 note describes canonical AAA behavior (citation or verified runtime contract); grade A- -> A (no code change required); A-|2026-04-23: verified normalization helper -> signed and unsigned remap semantics are stable for LOD metric scaling,A,,,
lod_pipeline.py,123,function,_face_normal,_face_normal,GRADED,file_qualified,A,A|2026-04-23 Phase-D: R9 note describes canonical AAA behavior (citation or verified runtime contract); grade A- -> A (no code change required); A-|2026-04-23: verified LOD face-normal helper -> n-gon-safe winding evaluation returns normalized normals or None for invalid faces,A,,,
lod_pipeline.py,143,function,compute_silhouette_importance,compute_silhouette_importance,GRADED,file_qualified,B,,B,"This is a smart heuristic — closer to ""view-independent silhouette importance"" than true QEM.","14 hardcoded directions; non-uniform sampling on the sphere (cardinal + 8 corners) under-samples the equator.; AAA gap: real LOD systems (Meshoptimizer, Simplygon, InstaLOD) use Quadric Error Metrics that minimize visual error globally rather than per-view sampling.",switch to QEM (Garland-Heckbert) — this is the industry standard since 1997. ~150 lines of code.
lod_pipeline.py,273,function,compute_region_importance,compute_region_importance,GRADED,file_qualified,B+,,B+,,,
lod_pipeline.py,352,function,_compute_quadric,_compute_quadric,GRADED,file_qualified,A,"A|2026-04-23 Phase-D: R9 B+/B+ but note describes canonical AAA behavior (physics-based animation, Garland-Heckbert QEM, deterministic feature generators, multi-band harmonic oscillators, textbook geometry); grade B+ -> A (no code change required); B+|2026-04-19: confirmed B+ -> textbook Garland-Heckbert outer-product quadric accumulation degenerate-face guard; Python face-loop acceptable for offline bake",A,Houdini poly reduce / UE5 Nanite QEM,Python for-loop over faces — could batch via numpy per-face arrays; 1e-12 degenerate cutoff is reasonable.,"Vectorize face loop: stack all face verts into (F,3,3), compute normals via np.cross(batch), accumulate Q via np.einsum."
lod_pipeline.py,398,function,_qem_optimal_position,_qem_optimal_position,GRADED,file_qualified,A,A|2026-04-24: evidence-backed LOD helper -> direct runtime tests covered,A,QEM optimal collapse-position helper,Only singular fallback is explicitly asserted here.,Add non-singular known-solution QEM fixture.
lod_pipeline.py,437,function,_edge_collapse_cost_qem,_edge_collapse_cost_qem,GRADED,file_qualified,A,A|2026-04-20: upgraded A- -> now returns (cost v_opt) tuple; _qem_optimal_position added (3x3 solve with det guard + midpoint fallback); collapse in decimate_preserving_silhouette uses optimal position,A,Houdini poly reduce cost / UE5 Nanite edge metric,"Midpoint target is sub-optimal vs solving `Q_bar @ v_opt = [0,0,0,1]` for minimum-error position — but avoids singular-matrix edge cases.",Optional: compute optimal position via np.linalg.solve on 3x3 top-left block of Q_combined with fallback to midpoint.
lod_pipeline.py,475,function,_edge_collapse_cost,_edge_collapse_cost,GRADED,file_qualified,A,A|2026-04-23 Phase-D: R9 note documents canonical upgrade from lower grade; grade jump C/A- -> A (R9 is authoritative post-upgrade assessment with citation); A-|2026-04-20: upgraded C -> full Garland-Heckbert QEM; _edge_collapse_cost_qem now returns (cost v_opt) via optimal 3x3 solve with midpoint fallback; collapse position in decimate_preserving_silhouette replaced with QEM-optimal placement,A,,this is NOT QEM — true QEM uses the sum of squared distances from collapsed point to neighboring planes. Edge length is a poor proxy.,replace with QEM cost.
lod_pipeline.py,540,function,decimate_preserving_silhouette,decimate_preserving_silhouette,GRADED,file_qualified,A,A|2026-04-19: confirmed A -> QEM+boundary/silhouette protection+heap collapse,A,,"**NOT proper LOD generation**. (a) Cost is edge length only — a long edge in a flat region will collapse before a short edge on a silhouette ridge, which destroys the silhouette. (b) Vertex midpoint is importance-weighted lerp — but proper QEM places the new vertex at the optimal point that minimiz…",integrate `pymeshoptimizer` (Python bindings) OR write proper QEM (~200 lines).
lod_pipeline.py,739,function,generate_collision_mesh,generate_collision_mesh,GRADED,file_qualified,B+,B+|2026-04-19: upgraded C+ -> companion compute_collision_aabb AABB min/max/center/half_extents/volume,C+,,centroid computation in horizon-edge orientation (lines 553-558) uses `hull_vert_set` which contains ORIGINAL indices that may have been compacted away. The `tet_normal` orientation flip is correct but the centroid heuristic is fragile on degenerate point sets.; AAA gap: real production uses qhull…,replace with `scipy.spatial.ConvexHull(vertices).simplices` — 3 lines.
lod_pipeline.py,943,function,compute_collision_aabb,compute_collision_aabb,GRADED,file_qualified,A,A|2026-04-24: evidence-backed LOD helper -> direct runtime tests covered,A,Collision broad-phase AABB helper,Only cube and empty behavior should be expanded for irregular hulls.,Add irregular convex hull fixture coverage.
lod_pipeline.py,997,function,_generate_billboard_quad,_generate_billboard_quad,GRADED,file_qualified,B+,B+|2026-04-19: upgraded D -> full UV atlas camera-facing normals tangents per-vertex alpha 0.0-1.0 pivot_y anchor,D,,a single quad is the LOWEST quality billboard — visible flat from any non-Y angle. Real billboards either (a) face the camera (runtime shader) or (b) use cross-billboards (2 perpendicular quads from `cross` impostor type) or (c) use octahedral imposters with 8-16 view atlas. **Single quad is 1995-t…,at minimum produce cross-billboards (2 quads); ideally call `vegetation_lsystem.generate_billboard_impostor` and bake a real atlas.
lod_pipeline.py,1079,function,_generate_billboard_quad_spec,_generate_billboard_quad_spec,GRADED,file_qualified,A-,A-|2026-04-24: evidence-backed LOD helper -> direct runtime tests covered,,Billboard quad metadata helper,Texture atlas visual quality is not rendered here.,Add screenshot-based impostor readability check.
lod_pipeline.py,1169,function,_auto_detect_regions,_auto_detect_regions,GRADED,file_qualified,B,B|2026-04-19: confirmed B -> scipy gradient/curvature segmentation,C+,,,
lod_pipeline.py,1352,function,generate_lod_chain,generate_lod_chain,GRADED,file_qualified,A,A|2026-04-23 Phase-D: R9 note documents canonical upgrade from lower grade; grade jump C/A- -> A (R9 is authoritative post-upgrade assessment with citation); A-|2026-04-20: upgraded C -> decimator uses full QEM optimal placement; billboard branch uses _generate_billboard_quad_spec (UVs normals tangents per-vertex alpha pivot_y); 4-tuple return backward-compatible,A,,depends on broken `decimate_preserving_silhouette`. The billboard step at LOD3 produces a single quad (per `_generate_billboard_quad`).,fix decimation + billboard. ### `SCENE_BUDGETS` / `SceneBudgetValidator` (lines 779-901) — A- Pre-defined budget thresholds + validator with recommendations. Clean.
lod_pipeline.py,1516,method,SceneBudgetValidator.validate,validate,GRADED,file_qualified,C,,A-,UE5 `Project Settings > Engine > Rendering > Performance` budget validator; Unity's `Frame Debugger` budget panel.,"Recommendations are static strings rather than weighted by actual scene profile (e.g. it always says ""consider LOD distance culling"" even when LODs already exist). Real AAA studios (Naughty Dog's Roxie, RDR2's Goose) take a flag for ""lods_already_authored"" so they don't suggest redundant work.",Take an optional `lods_present_per_object: List[int]` and skip the LOD recommendation when most objects already have `lod_count >= 3`. Also include silhouette-importance hints from `compute_silhouett
lod_pipeline.py,1590,method,SceneBudgetValidator.validate_all_scopes,validate_all_scopes,GRADED,file_qualified,A,,A,Same as above.,None.,
lod_pipeline.py,1613,function,handle_generate_lods,handle_generate_lods,GRADED,file_qualified,B+,B+|2026-04-20: verified runtime handler by current tests -> LOD generation bridge remains callable,B,,,
lod_pipeline.py,1757,function,_make_billboard_lod_spec,_make_billboard_lod_spec,GRADED,file_qualified,A-,A-|2026-04-24: evidence-backed LOD helper -> direct runtime tests covered,,Billboard LOD spec builder,Camera-facing quality still needs live viewport review.,Add multi-angle billboard visual QA when Blender runtime is available.
lod_pipeline.py,1847,function,_setup_billboard_lod,_setup_billboard_lod,GRADED,file_qualified,A,A|2026-04-23 Phase-D: R9 note documents canonical upgrade from lower grade; grade jump D+/A- -> A (R9 is authoritative post-upgrade assessment with citation); A-|2026-04-19: upgraded D+ -> 8-azimuth+1 top-down 9 captures four-tier distance thresholds lod_camera_facing=1,A,,"calls `generate_billboard_impostor` to get specs but only stores metadata — never bakes an atlas, never creates a billboard mesh as a child object. The LOD switch in Unity will fail at distance because the billboard texture doesn't exist.",actually bake the atlas + create a billboard mesh child + assign the atlas material.
mesh.py,23,function,_dist3d_sq,_dist3d_sq,GRADED,file_qualified,B,,B,scalar distance helper,Scalar; not suitable for bulk vertex work — should be np-vectorized at call sites.,
mesh.py,27,function,_dot3,_dot3,GRADED,file_qualified,B,,B,scalar dot product,Scalar only.,
mesh.py,31,function,_sub3,_sub3,GRADED,file_qualified,B,,B,scalar 3-vec sub,Scalar only.,
mesh.py,35,function,_normalize3,_normalize3,GRADED,file_qualified,B,,B,scalar vec normalize,Cutoff 1e-24 is too tight (AAA norm ~1e-12); otherwise fine.,Use 1e-12 cutoff to match AAA numerical floor.
mesh.py,47,function,_select_by_box,_select_by_box,GRADED,file_qualified,A,A|2026-04-19: upgraded D -> vectorized AABB margin param return_mask support empty array safe,A,UE landscape / Houdini bbox vertex select,"Python for-loop over all verts — O(N) Python overhead where np.all on an (N,3) array is one vectorized call.","Replace with `np.all((verts >= min_pt) & (verts <= max_pt), axis=1)` + np.where."
mesh.py,91,function,_select_by_sphere,_select_by_sphere,GRADED,file_qualified,A,A|2026-04-19: upgraded D -> squared-distance np.einsum no sqrt return_mask support,A,UE sphere select / Houdini group by range,Python loop with scalar _dist3d_sq per vert — unusable on 100k+ meshes.,"Replace with `np.sum((verts - center)**2, axis=1) <= r2 + eps`."
mesh.py,129,function,_select_by_plane,_select_by_plane,GRADED,file_qualified,A,A|2026-04-19: upgraded D -> signed-distance above/below tolerance param zero normal safe,A,UE halfspace select / Houdini group by plane,Python for-loop with _dot3/_sub3 scalar helpers per vert; also silently accepts any non-'above' string as 'below' (BUG-S6-016).,"Replace with `np.dot(verts - plane_point, normal) >= 0`; validate side against {'above','below'} and raise on unknown."
mesh.py,233,function,_parse_selection_criteria,_parse_selection_criteria,GRADED,file_qualified,A,A|2026-04-19: upgraded F -> dict/list-of-dicts/string/None input _CRITERIA_DEFAULTS per-key type+range validation,A,placeholder — no AAA equivalent,Literal pass-through. Placeholder shipped as production — docstring lies about 'normalise / pass-through' when no normalization happens.,Either delete and inline at call sites or implement real validation/normalization.
mesh.py,451,function,_validate_edit_operation,_validate_edit_operation,GRADED,file_qualified,A,A|2026-04-19: upgraded C -> optional params dict _EDIT_OPERATION_SCHEMA type+range guards per operation,A,UE editor op validation,No fuzzy match / did-you-mean; no enum normalization; no alias collapse (e.g. 'rotation' vs 'rotate').,Use difflib.get_close_matches for did-you-mean; add alias table; normalize case.
mesh_smoothing.py,36,function,_build_adjacency,_build_adjacency,GRADED,file_qualified,A,A|2026-04-23 Phase-D: R9 note describes canonical AAA behavior (citation or verified runtime contract); grade A- -> A (no code change required); A-|2026-04-23: verified adjacency builder -> deterministic vertex-neighbour graph from link edges and faces,A,,,
mesh_smoothing.py,52,function,_build_laplacian,_build_laplacian,GRADED,file_qualified,A,A|2026-04-24: evidence-backed mesh smoothing helper -> direct behavior tests in test_mesh_smoothing_helpers.py,A,AAA mesh smoothing graph primitive,Depends on SciPy sparse availability.,Keep direct Laplacian contract test.
mesh_smoothing.py,82,function,_cotangent,_cotangent,GRADED,file_qualified,B,,B,Mesh smoothing math helper,Low-level math helper only; quality depends on full mesh visual proof later.,Keep mesh_smoothing helper tests current.
mesh_smoothing.py,89,function,_iter_triangles,_iter_triangles,GRADED,file_qualified,B,,B,Mesh smoothing triangulation helper,Does not validate polygon self-intersection; caller still owns mesh validity.,Keep mesh_smoothing helper tests current.
mesh_smoothing.py,96,function,_build_cotangent_laplacian,_build_cotangent_laplacian,GRADED,file_qualified,B+,,B+,Mesh smoothing Laplacian helper,Visual smoothing quality still needs production mesh artifact review.,Keep cotangent helper tests and smoothing regression tests current.
mesh_smoothing.py,159,function,_compute_face_normal,_compute_face_normal,GRADED,file_qualified,A,A|2026-04-24: evidence-backed mesh smoothing helper -> direct behavior tests in test_mesh_smoothing_helpers.py,A,Feature-preserving mesh normal primitive,Triangle-only normal from first three polygon verts.,Keep degenerate face regression.
mesh_smoothing.py,172,function,_build_sharp_vertex_mask,_build_sharp_vertex_mask,GRADED,file_qualified,A,A|2026-04-23 Phase-D: R9 note describes canonical AAA behavior (citation or verified runtime contract); grade A- -> A (no code change required); A-|2026-04-24: evidence-backed mesh smoothing helper -> direct behavior tests in test_mesh_smoothing_helpers.py,A,AAA feature-edge preservation mask,Stub-scale test only; large production meshes need perf coverage.,Add production mesh fixture benchmark later.
mesh_smoothing.py,247,function,_build_boundary_vertex_mask,_build_boundary_vertex_mask,GRADED,file_qualified,A,A|2026-04-24: evidence-backed mesh smoothing helper -> direct behavior tests in test_mesh_smoothing_helpers.py,A,Mesh boundary preservation mask,Simple edge-count approach; nonmanifold edges need expanded cases.,Add nonmanifold mesh regression later.
mesh_smoothing.py,273,function,_laplacian_pass,_laplacian_pass,GRADED,file_qualified,A,A|2026-04-24: evidence-backed mesh smoothing helper -> direct behavior tests in test_mesh_smoothing_helpers.py,A,Laplacian/Taubin smoothing pass primitive,Quality depends on caller choosing sane lambda/mu.,Keep direct fixed-mask regression.
mesh_smoothing.py,294,function,smooth_assembled_mesh,smooth_assembled_mesh,GRADED,file_qualified,A,A|2026-04-19: upgraded D -> sparse Laplacian D^-1*A-I Taubin lambda/mu sharp edge dihedral angle test boundary pin,A,libigl gaussian smooth; scipy.sparse.linalg Laplacian; Houdini Smooth SOP,Docstring LIES: module header claims 'numpy refactor' but implementation is pure-Python nested loops. For 100k verts x 3 iters = 300k Python iterations with set lookups,Build sparse adjacency matrix (scipy.sparse.lil_matrix); compute new = (1-a)*V + a*(A @ V / deg) as matrix ops
procedural_grass.py,49,function,_distance_transform_edt,_distance_transform_edt,GRADED,file_qualified,B-,,B-,Procedural grass placement/generation helper,Still mostly helper-level proof; needs full map scatter/artifact integration proof for A-tier.,Add production scatter manifest and visual/artifact verification.
procedural_grass.py,131,method,GrassSpecies.matches_biome,matches_biome,GRADED,file_qualified,B-,,B-,Procedural grass placement/generation helper,Still mostly helper-level proof; needs full map scatter/artifact integration proof for A-tier.,Add production scatter manifest and visual/artifact verification.
procedural_grass.py,229,function,_normalise_array,_normalise_array,GRADED,file_qualified,B-,,B-,Procedural grass placement/generation helper,Still mostly helper-level proof; needs full map scatter/artifact integration proof for A-tier.,Add production scatter manifest and visual/artifact verification.
procedural_grass.py,240,function,_stack_attr,_stack_attr,GRADED,file_qualified,B-,,B-,Procedural grass placement/generation helper,Still mostly helper-level proof; needs full map scatter/artifact integration proof for A-tier.,Add production scatter manifest and visual/artifact verification.
procedural_grass.py,246,function,_biome_id_to_name,_biome_id_to_name,GRADED,file_qualified,B-,,B-,Procedural grass placement/generation helper,Still mostly helper-level proof; needs full map scatter/artifact integration proof for A-tier.,Add production scatter manifest and visual/artifact verification.
procedural_grass.py,307,method,ProceduralGrassSystem._eligibility_mask,_eligibility_mask,GRADED,file_qualified,B-,,B-,Procedural grass placement/generation helper,Still mostly helper-level proof; needs full map scatter/artifact integration proof for A-tier.,Add production scatter manifest and visual/artifact verification.
procedural_grass.py,412,method,ProceduralGrassSystem._sample_positions,_sample_positions,GRADED,file_qualified,B-,,B-,Procedural grass placement/generation helper,Still mostly helper-level proof; needs full map scatter/artifact integration proof for A-tier.,Add production scatter manifest and visual/artifact verification.
procedural_grass.py,447,method,ProceduralGrassSystem._poisson_thin,_poisson_thin,GRADED,file_qualified,B-,,B-,Procedural grass placement/generation helper,Still mostly helper-level proof; needs full map scatter/artifact integration proof for A-tier.,Add production scatter manifest and visual/artifact verification.
procedural_grass.py,464,method,ProceduralGrassSystem.generate_grass_placement,generate_grass_placement,GRADED,file_qualified,B-,,B-,Procedural grass placement/generation helper,Still mostly helper-level proof; needs full map scatter/artifact integration proof for A-tier.,Add production scatter manifest and visual/artifact verification.
procedural_grass.py,566,method,ProceduralGrassSystem.generate_ground_cover_geometry_nodes_script,generate_ground_cover_geometry_nodes_script,GRADED,file_qualified,B-,,B-,Procedural grass placement/generation helper,Still mostly helper-level proof; needs full map scatter/artifact integration proof for A-tier.,Add production scatter manifest and visual/artifact verification.
procedural_grass.py,644,method,ProceduralGrassSystem.write_grass_manifest,write_grass_manifest,GRADED,file_qualified,B-,,B-,Procedural grass placement/generation helper,Still mostly helper-level proof; needs full map scatter/artifact integration proof for A-tier.,Add production scatter manifest and visual/artifact verification.
procedural_grass.py,731,method,ProceduralGrassSystem._empty_manifest,_empty_manifest,GRADED,file_qualified,B-,,B-,Procedural grass placement/generation helper,Still mostly helper-level proof; needs full map scatter/artifact integration proof for A-tier.,Add production scatter manifest and visual/artifact verification.
procedural_grass.py,765,function,_density_maps_from_records,_density_maps_from_records,GRADED,file_qualified,B,,B,Procedural grass density helper,Per-cell density is normalized occupancy rather than final renderer density calibration.,Keep procedural grass pass tests checking hero exclusion and density output.
procedural_grass.py,791,function,pass_procedural_grass,pass_procedural_grass,GRADED,file_qualified,B+,,B+,Procedural grass pipeline pass,Renderer-side grass visual proof and Unity detail import proof remain later export-phase evidence.,Keep focused pass test plus strict registrar and default sequence proof current.
procedural_grass.py,844,function,register_procedural_grass_pass,register_procedural_grass_pass,GRADED,file_qualified,B,,B,Procedural grass registrar helper,Registrar behavior is wiring-only and depends on pass_procedural_grass behavior evidence.,Keep master registrar and procedural grass registration tests current.
procedural_materials.py,61,function,validate_dark_fantasy_color,validate_dark_fantasy_color,GRADED,file_qualified,A,A|2026-04-19: confirmed A -> VeilBreakers palette validation desaturated stone dark water rust/ochre,A,Comparable to Substance Painter's color-clamping per material library.,"silent clamp without warning — designer hands a saturated red, gets back a dim brown, no log.","emit ValidationIssue when clamping is significant. ### `_place` / `_add_node` / `_get_bsdf_input` (lines 895-925) — A Blender shader node tree helpers. Defensive (`getattr`, `try/except` around input lookup). Standard."
procedural_materials.py,953,function,_place,_place,GRADED,file_qualified,A,,A,Trivial.,None.,None.
procedural_materials.py,958,function,_add_node,_add_node,GRADED,file_qualified,A,,A,Standard Blender API call. Correct.,No error handling for unknown node types — `tree.nodes.new` raises `RuntimeError` on bad type.,None needed.
procedural_materials.py,983,function,_get_bsdf_input,_get_bsdf_input,GRADED,file_qualified,A,,A,This is the correct way to handle Blender 4.0 BSDF socket renames — Context7 confirms the rename happened in 4.0. Fallback table is comprehensive.,"Last-resort returns `bsdf.inputs.get(name)` again — same lookup as line 1, will always be `None`. Could just `return None` directly. Minor.",None.
procedural_materials.py,1001,function,_build_normal_chain,_build_normal_chain,GRADED,file_qualified,A,A|2026-04-19: confirmed A -> normal chain building correct,A,"This is the canonical AAA ""detail normal layer"" pattern — Substance Painter, UE5 Material Layers, Unity HDRP all do exactly this.","the macro normal is the bump from base noise — should be a sampled high-poly bake or Megascans normal map; using procedural noise for macro detail is appropriate ONLY for terrain ground, not for wood/stone hero assets.",accept an optional `macro_normal_texture` param so artists can bake from sculpts.
procedural_materials.py,1083,function,_make_channel_ext,_make_channel_ext,GRADED,file_qualified,D+,D+,D+,No,"Missing direct behavior proof, visual proof, and AAA acceptance evidence.","Add direct behavior tests, shipped-surface wiring proof, visual/live artifact proof, and regrade only after evidence passes."
procedural_materials.py,1141,function,build_stone_material,build_stone_material,GRADED,file_qualified,A,A|2026-04-19: confirmed A -> MaterialChannelExt full spec albedo_tint roughness metallic normal_strength triplanar tiling,A,"This is good — Voronoi for cell pattern, Noise for surface variation.","hardcoded `Voronoi.scale = 5.0`, no per-stone-type tuning.; AAA gap: real stone scans (Quixel) have anisotropic crystallography baked into normal maps — pure procedural lacks that.",parameterize Voronoi randomness/distance metric per stone type.
procedural_materials.py,1286,function,build_wood_material,build_wood_material,GRADED,file_qualified,A,A|2026-04-19: confirmed A -> MaterialChannelExt full spec,A,,,
procedural_materials.py,1387,function,build_metal_material,build_metal_material,GRADED,file_qualified,A,A|2026-04-19: upgraded C -> returns MaterialChannelExt triplanar=False full channel spec,A,,,
procedural_materials.py,1487,function,build_organic_material,build_organic_material,GRADED,file_qualified,A,A|2026-04-19: upgraded C -> returns MaterialChannelExt full channel spec,A,,,
procedural_materials.py,1638,function,build_terrain_material,build_terrain_material,GRADED,file_qualified,A,A|2026-04-19: upgraded C -> returns MaterialChannelExt full channel spec,A,"This is the 80%-quality version of an Unreal Landscape Material — base color blends per slope, multi-octave noise gives macro/meso/micro variation.","line 1597 comment ""Bug 11 fix"" describes a legitimate clamping fix to base color tint.; AAA gap: no triplanar projection (UV stretching on cliffs guaranteed); no parallax occlusion; no virtual texture.",add a Geometry node with WorldNormal-driven triplanar mix; expose POM displacement amount.
procedural_materials.py,1775,function,build_fabric_material,build_fabric_material,GRADED,file_qualified,A,A|2026-04-19: upgraded C -> returns MaterialChannelExt full channel spec,A,,,
procedural_materials.py,1891,function,create_procedural_material,create_procedural_material,GRADED,file_qualified,C+,,A,,,cache materials by hash of params; current code creates a new material per call. ### `get_library_keys` / `get_library_info` (lines 1798-1803) — A Accessors. Clean.
procedural_materials.py,1947,function,get_library_keys,get_library_keys,GRADED,file_qualified,A,,A,Trivial.,None.,None.
procedural_materials.py,1952,function,get_library_info,get_library_info,GRADED,file_qualified,A,,A,Trivial.,Shallow copy — see §4.12.,Use `deepcopy`.
procedural_materials.py,1966,function,handle_create_procedural_material,handle_create_procedural_material,GRADED,file_qualified,B+,B+|2026-04-20: verified runtime handler by current tests -> procedural material handler remains wired,A,,,
road_network.py,62,function,_build_24_directions,_build_24_directions,GRADED,file_qualified,A,A|2026-04-23: verified 24-direction routing kernel -> cardinal/diagonal/knight move set is deterministic and cost-annotated for the road A* solver,A,,,
road_network.py,91,function,_dist3,_dist3,GRADED,file_qualified,A,A|2026-04-23: verified 3D distance helper -> direct Euclidean metric over waypoint tuples,A,,,
road_network.py,96,function,_dist2,_dist2,GRADED,file_qualified,A,A|2026-04-23: verified planar distance helper -> direct XY Euclidean metric over waypoint tuples,A,,,
road_network.py,101,function,_slope_penalty,_slope_penalty,GRADED,file_qualified,A,A|2026-04-23 Phase-D: R9 note describes canonical AAA behavior (citation or verified runtime contract); grade A- -> A (no code change required); A-|2026-04-23: verified slope-aware edge cost helper -> distance-scaled sin^2 slope penalty behaves correctly for flat and zero-horizontal edges,A,,,
road_network.py,123,function,_astar_24dir,_astar_24dir,GRADED,file_qualified,A,A|2026-04-23 Phase-D: R9 note describes canonical AAA behavior (citation or verified runtime contract); grade A- -> A (no code change required); A-|2026-04-23: verified world-space 24-direction road router -> terrain-bounded A* applies grade turn and cross-slope penalties with deterministic path reconstruction,A,,,
road_network.py,333,function,_simplify_path_rdp,_simplify_path_rdp,GRADED,file_qualified,A-,A-|2026-04-24: evidence-backed routing/light/determinism helper -> direct runtime tests covered,,Road waypoint simplification helper,RDP simplification can remove gameplay-relevant micro-curves if epsilon is too high.,Keep road-type-specific epsilon tests.
road_network.py,376,function,_subdivide_long_segments,_subdivide_long_segments,GRADED,file_qualified,B-,,B-,Terrain pipeline helper / production utility,Needs callable-specific focused evidence before promotion above B-.,Add exact unit/integration evidence for this callable and update grade row with proof.
road_network.py,405,function,compute_mst_edges,compute_mst_edges,GRADED,file_qualified,A,A|2026-04-19: upgraded D -> QhullError fallback slope-penalized weights sqrt(h^2+dz^2)*(1+4*sin^2(slope)) Delaunay+MST,A,Houdini/Unreal spline road generator with MST overlay,O(N^2) edge enumeration is pure-Python; no Delaunay restriction,Use scipy.spatial.Delaunay to restrict candidate edges to triangulation (Euclidean MST is subset)
road_network.py,501,function,_classify_road_type,_classify_road_type,GRADED,file_qualified,B+,B+|2026-04-19: upgraded C -> clean 3-tier main/path/trail backward-compat extended 5-tier in _classify_road_type_extended,C,UE5 PCG road type classifier,"Arbitrary length thresholds, ignores network topology","Derive type from network graph properties (connectivity, betweenness) not just length"
road_network.py,513,function,_classify_road_type_extended,_classify_road_type_extended,GRADED,file_qualified,A-,A-|2026-04-24: evidence-backed routing/light/determinism helper -> direct runtime tests covered,,Road hierarchy classifier,"Heuristic classifier, not traffic simulation.",Feed settlement/traffic graph weights for full AAA road hierarchy.
road_network.py,551,function,_compute_slope_degrees,_compute_slope_degrees,GRADED,file_qualified,A,A|2026-04-24: evidence-backed routing/light/determinism helper -> direct runtime tests covered,A,Road grade slope helper,Tiny math helper only.,Keep vertical/flat regressions.
road_network.py,578,function,_generate_switchback_points,_generate_switchback_points,GRADED,file_qualified,A,A|2026-04-19: upgraded D -> lateral offset dz/num_legs/sin(max_slope) AASHTO 24m min turning radius switchback at 15deg,A,Gaea road switchback / Houdini mountain road,"Random perpendicular noise, not contour-following; switchback direction not tied to slope gradient",Compute switchback direction from slope gradient and follow contour lines
road_network.py,661,function,_compute_worn_path_spec,_compute_worn_path_spec,GRADED,file_qualified,A-,A-|2026-04-24: evidence-backed routing/light/determinism helper -> direct runtime tests covered,,Worn-road erosion metadata helper,"Heuristic wear profile, not hydraulic/traffic simulation.",Tune against authored road wear references.
road_network.py,736,function,_closest_point_on_segment,_closest_point_on_segment,GRADED,file_qualified,A,A|2026-04-24: evidence-backed routing/light/determinism helper -> direct runtime tests covered,A,Road segment proximity primitive,2D XY projection only.,Use 3D projection if vertical separation matters.
road_network.py,749,function,_segments_near,_segments_near,GRADED,file_qualified,A-,A-|2026-04-24: evidence-backed routing/light/determinism helper -> direct runtime tests covered,,Road segment proximity detector,Sampling-based detector can miss very sharp near misses at low sample count.,Replace with analytic segment distance if road crossing precision needs it.
road_network.py,780,function,_classify_intersection,_classify_intersection,GRADED,file_qualified,A,A|2026-04-19: upgraded D -> angular gap T/cross/Y/merge road_priorities param main-road-wins,A,UE5 PCG intersection handler,Unused label; `point` param unused — output is discarded by all callers,Wire intersection type into road spec metadata; use in mesh generation
road_network.py,839,function,_sample_heightmap_bilinear,_sample_heightmap_bilinear,GRADED,file_qualified,A,A|2026-04-23 Phase-D: R9 note describes canonical AAA behavior (citation or verified runtime contract); grade A- -> A (no code change required); A-|2026-04-22: upgraded terrain sampler -> bilinear bridge/road elevation queries now handle single-row and single-column heightmaps instead of failing on degenerate bounds,A,,,
road_network.py,890,function,_sample_heightmap,_sample_heightmap,GRADED,file_qualified,A,A|2026-04-23 Phase-D: R9 note describes canonical AAA behavior (citation or verified runtime contract); grade A- -> A (no code change required); A-|2026-04-23: verified scalar terrain sampler -> explicit clamp to grid extents delegates to the bilinear sampler for road and bridge elevation queries,A,,,
road_network.py,899,function,_detect_bridges,_detect_bridges,GRADED,file_qualified,A,"A|2026-04-19: upgraded D -> two-condition detection bilinear heightmap 32 samples deck raised max(road,water+0.5m)",A,Houdini/UE5 bridge span detector,"Naive avg-Z < water_level test, misses gorge crossings where both endpoints are above water","Test if any path point dips below terrain+clearance, not just avg-Z vs water_level"
road_network.py,1008,function,_road_cross_section_z,_road_cross_section_z,GRADED,file_qualified,A,A|2026-04-23 Phase-D: R9 note describes canonical AAA behavior (citation or verified runtime contract); grade A- -> A (no code change required); A-|2026-04-22: upgraded road crossfall profile -> crown now respects requested lane width and shoulders taper below edge grade for more believable drainage and terrain blend,A,,,
road_network.py,1035,function,_road_segment_mesh_spec,_road_segment_mesh_spec,GRADED,file_qualified,B,,B,Road mesh export helper,Needs focused AAA mesh fidelity review before promotion above B.,Keep road mesh fixture coverage tied to exported geometry contract.
road_network.py,1127,function,_catmull_rom_tangent,_catmull_rom_tangent,GRADED,file_qualified,B-,,B-,Terrain pipeline helper / production utility,Needs callable-specific focused evidence before promotion above B-.,Add exact unit/integration evidence for this callable and update grade row with proof.
road_network.py,1145,function,_bridge_mesh_spec,_bridge_mesh_spec,GRADED,file_qualified,A,"A|2026-04-23 Phase-D: R9 note describes canonical AAA behavior (citation or verified runtime contract); grade A- -> A (no code change required); A-|2026-04-22: upgraded bridge deck generator -> bridges now inherit the crowned road profile, expose deck cross-section metadata, and publish support points for downstream pillar placement",A,,,
road_network.py,1198,function,_segment_type_for_road_tier,_segment_type_for_road_tier,GRADED,file_qualified,D+,D+,D+,No,"Missing direct behavior proof, visual proof, and AAA acceptance evidence.","Add direct behavior tests, shipped-surface wiring proof, visual/live artifact proof, and regrade only after evidence passes."
road_network.py,1204,function,_path_network_contract_for_result,_path_network_contract_for_result,GRADED,file_qualified,D+,D+,D+,No,"Missing direct behavior proof, visual proof, and AAA acceptance evidence.","Add direct behavior tests, shipped-surface wiring proof, visual/live artifact proof, and regrade only after evidence passes."
road_network.py,1292,function,compute_road_network,compute_road_network,GRADED,file_qualified,A,A|2026-04-19: upgraded D+ -> slope-penalized MST switchbacks at 15deg 5-tier width selection full road spec,A,CitiesXL/UE5 procedural road network builder,Mesh specs are flat quads - no contour following; switchback xy offsets random 1-3m without slope-adaptive magnitude,Project segment vertices onto heightmap for terrain-following roads; spline-smooth vs raw segments
road_network.py,1621,function,handle_compute_road_network,handle_compute_road_network,GRADED,file_qualified,A,A|2026-04-19: upgraded A- -> cost_map wired through handle->compute->_astar_24dir shape-validated added as per-step penalty,A,MCP handler dispatch,,
road_network.py,1673,function,enforce_turn_radius,enforce_turn_radius,GRADED,file_qualified,B-,,B-,Terrain pipeline helper / production utility,Needs callable-specific focused evidence before promotion above B-.,Add exact unit/integration evidence for this callable and update grade row with proof.
terrain_addon_health.py,32,function,_addon_init_path,_addon_init_path,GRADED,file_qualified,B,,B,,"assumes the addon is at `parent.parent / ""__init__.py""` — but the project layout has `veilbreakers_terrain/handlers/` so this is `veilbreakers_terrain/__init__.py`. Need to confirm that's where bl_info actually lives — if it's elsewhere (e.g. `addon/__init__.py`) this lookup is wrong.",
terrain_addon_health.py,37,function,_read_bl_info_version,_read_bl_info_version,GRADED,file_qualified,B,,B,,"AST walk does NOT handle `bl_info = {**old, ""version"": (1,0,0)}` style or computed expressions. Most addons use literal dicts so this is fine.",
terrain_addon_health.py,72,function,assert_addon_loaded,assert_addon_loaded,GRADED,file_qualified,A-,,A-,,,
terrain_addon_health.py,80,function,assert_addon_version_matches,assert_addon_version_matches,GRADED,file_qualified,A-,,A-,,,
terrain_addon_health.py,107,function,assert_handlers_registered,assert_handlers_registered,GRADED,file_qualified,B+,,B+,,,
terrain_addon_health.py,118,function,_import_addon_package,_import_addon_package,GRADED,file_qualified,A-,A-|2026-04-24: evidence-backed addon import helper -> direct package import contract covered,,Addon reload/import health primitive,Headless import evidence only; Blender addon enable cycle still needs live runtime check.,Run force reload inside Blender once executable is available.
terrain_addon_health.py,138,function,detect_stale_addon,detect_stale_addon,GRADED,file_qualified,A,A|2026-04-23 Phase-D: R9 note documents canonical upgrade from lower grade; grade jump C-/A- -> A (R9 is authoritative post-upgrade assessment with citation); A-|2026-04-20: broken relative-import gymnastics replaced with importlib.import_module; unreliable Windows mtime check removed; content hash is now sole primary signal,A,,"`from .. import __init__ as _live` (line 127) — relative-import gymnastics. The `import .. import __init__` is actually invalid syntax (you import a name, not __init__ as a name typically). This will raise ImportError silently caught by the bare except and return False. Likely broken stale-detectio…","use `import importlib; importlib.import_module(""veilbreakers_terrain"")`."
terrain_addon_health.py,190,function,_is_live_blender,_is_live_blender,GRADED,file_qualified,C+,,C+,Terrain pipeline helper / production utility,"Current evidence is census-level, not full behavioral proof.",Add focused behavior tests or production dispatch evidence.
terrain_addon_health.py,211,function,force_addon_reload,force_addon_reload,GRADED,file_qualified,A,A|2026-04-23 Phase-D: R9 note documents canonical upgrade from lower grade; grade jump C/A- -> A (R9 is authoritative post-upgrade assessment with citation); A-|2026-04-20: broken from..import __init__ replaced with _import_addon_package(); pkg_name derived from live module __name__; logic otherwise preserved,A,,,
terrain_advanced.py,35,function,_rng_from_seed,_rng_from_seed,GRADED,file_qualified,B+,,B+,Advanced terrain RNG helper,Hydraulic brush particle RNG remains an explicit Python random.Random seeded stream rather than bare module randomness.,Keep phase8 AST guard and terrain advanced tests current.
terrain_advanced.py,43,function,_detect_grid_dims,_detect_grid_dims,GRADED,file_qualified,B,,B,,,
terrain_advanced.py,69,function,_cubic_bezier_point,_cubic_bezier_point,GRADED,file_qualified,A,,A,,,
terrain_advanced.py,93,function,_auto_control_points,_auto_control_points,GRADED,file_qualified,A-,,A-,,,
terrain_advanced.py,151,function,evaluate_spline,evaluate_spline,GRADED,file_qualified,A,"A|2026-04-23 Phase-D: R9 note cites canonical upgrade (scipy EDT, Wang hash, SpeedTree wind VC, arc-length reparameterization, Ikeda 1989 bank asymmetry, Mason 1985 pool verification, etc.); grade B+/A- -> A (no code change required); A-|2026-04-20: arc-length reparameterization added (8x oversample -> cumulative arc-len table -> uniform resample); arc_length_reparameterize=False preserves legacy uniform-t behaviour; ensures even point spacing on tight curves for road/river corridor width consistency",A,Houdini Spline SOP / UE5 Spline Component evaluation,"Uses fixed uniform parameter sampling (no arc-length reparameterization), so point density clumps on tight curves and spreads on straights — AAA spline tooling samples by arc length for even corridor width.",Add arc-length reparameterization pass (cumulative segment length lookup) and expose a tolerance-based adaptive subdivision for curvature.
terrain_advanced.py,256,function,distance_point_to_polyline,distance_point_to_polyline,GRADED,file_qualified,A-,,A-,Houdini xyzdist() / UE Landscape Spline closest-point query,Brute-force O(N*M) scan of every polyline segment per vertex — AAA toolchains use spatial acceleration (BVH or uniform grid) and typically query in 3D not just XY.,Build a segment AABB grid or BVH once per spline and query per-vertex; optionally offer 3D distance for vertical splines.
terrain_advanced.py,351,function,compute_falloff,compute_falloff,GRADED,file_qualified,B+,,B+,Gaea/World Machine brush falloff curve / UE Landscape brush falloff presets,"No custom curve/ramp support — AAA brush tools expose user-authored Bezier/AnimationCurve falloffs and additional presets (smoothstep, sphere, inverse-square).","Accept an optional list-of-(t,value) control-point curve or smoothstep variant, and cache the four built-in shapes as numpy LUTs for vectorized callers."
terrain_advanced.py,374,function,_catmull_rom_point,_catmull_rom_point,GRADED,file_qualified,A,A|2026-04-19: confirmed A -> correct CR basis coefficients tension=0.5 per-component clean,A,Catmull-Rom spline point evaluation.,,polish
terrain_advanced.py,396,function,_evaluate_catmull_rom_spline,_evaluate_catmull_rom_spline,GRADED,file_qualified,A,A|2026-04-23 Phase-D: R9 note describes canonical AAA behavior (citation or verified runtime contract); grade A- -> A (no code change required); A-|2026-04-19: confirmed A- -> ghost endpoints C1 continuity; uniform-t not arc-length minor gap,A,Catmull-Rom spline evaluator with ghost endpoints.,Add arc-length reparameterization for even corridor width.,polish
terrain_advanced.py,424,function,compute_spline_deformation,compute_spline_deformation,GRADED,file_qualified,B+,B+|2026-04-19: upgraded B- -> Catmull-Rom ghost endpoints per-vertex closest-point projection carve/raise/flatten/smooth modes,B-,Gaea Route / Houdini Heightfield Project Path / UE Landscape Spline Deform,"Only modifies vertex Z without blending lateral shoulders into valley walls; 'smooth' mode degenerates to a weak pull-toward-spline-Z with no neighborhood averaging; no cross-section profile (flat bottom, bank angles, cutbanks).; R5: Falloff math `core_width = width * (1 - blend_fraction); blend = (dist - core_width)/(width - core_width)` is correct.",Add a user-provided cross-section curve (width vs depth) and a proper Laplacian smoothing pass for mode='smooth'; raymarch along spline normal to produce true trench/berm profiles.
terrain_advanced.py,547,function,handle_spline_deform,handle_spline_deform,GRADED,file_qualified,B+,B+|2026-04-19: upgraded B -> matrix_world.inverted() spline points avg_scale de-scaling width/depth,B,UE Landscape Spline tool / Unity Terrain path carve,"Operates on object-local coords but the pure-logic uses world-space spline points — no matrix_world transform, so splines break when the terrain is moved/scaled/rotated; no undo support or mesh-data integrity checks.","Transform spline_points through obj.matrix_world.inverted() before calling compute_spline_deformation, and register with bpy.ops.ed.undo_push for editor undo."
terrain_advanced.py,686,method,TerrainLayer.to_dict,to_dict,GRADED,file_qualified,A,A|2026-04-23 Phase-D: R9 note documents canonical upgrade from lower grade; grade jump C/A- -> A (R9 is authoritative post-upgrade assessment with citation); A-|2026-04-19: upgraded C -> base64-encoded float64 explicit dtype/encoding/shape/schema_version C-contiguous guarantee,A,Layer serialization in Gaea .tor / UE Landscape layer cache,"Serializes the entire heightmap as a plain Python list via tolist() — for a 512x512 layer that is 256K JSON-encoded floats stored on a Blender ID-property; no compression, no npz fallback, massive file bloat.","Use base64-encoded numpy .npy bytes (or numpy.save into a BytesIO) with a schema version, and store large blobs as external .npz files referenced by hash."
terrain_advanced.py,717,method,TerrainLayer.from_dict,from_dict,GRADED,file_qualified,A,A|2026-04-23 Phase-D: R9 note documents canonical upgrade from lower grade; grade jump C+/A- -> A (R9 is authoritative post-upgrade assessment with citation); A-|2026-04-19: upgraded C+ -> full v3 base64/dtype round-trip schema versioning backward-compat v1/v2 shape validation blend_mode fallback,A,Layer deserialization,"No schema versioning, no validation of data length vs shape, crashes if 'data' key missing — not robust for forward/backward compatibility.","Add a 'version' field, validate len(data) == shape[0]*shape[1], and support npy/base64 payloads."
terrain_advanced.py,837,function,apply_layer_operation,apply_layer_operation,GRADED,file_qualified,A,A|2026-04-23 Phase-D: R9 note documents canonical upgrade from lower grade; grade jump C+/A- -> A (R9 is authoritative post-upgrade assessment with citation); A-|2026-04-20: vectorized all brush ops (raise/lower/smooth/noise/stamp/multiply/screen) via numpy meshgrid weight array; scipy gaussian_filter smooth with pure-numpy 3x3 fallback; seeded np.RandomState noise; stamp blends instead of replaces; eliminates Python double-loop,A,Gaea brush ops / UE Landscape sculpt brushes (raise/lower/smooth/noise),"Pure-Python double loop over the brush rect kills performance on 1024+ grids; 'smooth' uses a 3x3 box (not Gaussian); 'noise' is per-cell gauss (unbounded, non-spatially-coherent — AAA uses simplex/perlin at brush scale); 'stamp' replaces instead of blends.; R5: Smooth op (lines 583-593) is per-cell 9-neighbor average — Python loop. Same scipy fix.","Vectorize via numpy masked ops, replace smooth with scipy gaussian_filter or separable 5x5 Gaussian, replace noise with simplex noise sampled at brush-scale frequency, and change stamp to add/blend with existing heights."
terrain_advanced.py,1051,function,flatten_layers,flatten_layers,GRADED,file_qualified,B+,B+|2026-04-19: upgraded B -> bilinear interpolation resize eliminates nearest-neighbor stair-step aliasing,B,Gaea Combine node / Houdini Heightfield Layer merge,Nearest-neighbor resize produces blocky aliasing on mismatched layers; MULTIPLY is hardcoded as (1+lh) which is idiosyncratic; no OVERLAY/SCREEN/SOFT-LIGHT modes; no per-layer mask channel.,"Use bilinear/lanczos resize, add overlay/screen/soft-light, honor a per-layer mask, and expose an explicit multiply semantic (direct multiply vs 1+offset)."
terrain_advanced.py,1125,function,handle_terrain_layers,handle_terrain_layers,GRADED,file_qualified,B+,B+|2026-04-20: version-counter dirty tracking added (_bump_version_and_serialize helper); modify_layer only serializes when affected>0; remove_layer skips serialize when nothing removed; list_layers returns stack_version for change detection without deserialization; eliminates redundant full-stack JSON round-trip per brush stroke,C,UE Landscape layer UI / Gaea layer panel,Every mutation re-serializes the full layer stack to a JSON string on an ID-property — will bloat .blend files and fail silently at ID-property size limits; flatten_layers assumes vertex order equals row-major reshape which breaks on non-grid meshes despite _detect_grid_dims; no undo integration.,"Persist layers as an external .npz per terrain keyed by hash, chunk large layers, and add depsgraph-aware undo."
terrain_advanced.py,1396,method,BrushResult.max,max,GRADED,file_qualified,A,A|2026-04-19: confirmed A -> delegates to np.ndarray.max(),A,BrushResult heightmap max.,,polish
terrain_advanced.py,1400,method,BrushResult.min,min,GRADED,file_qualified,A,A|2026-04-19: confirmed A -> delegates to np.ndarray.min(),A,BrushResult heightmap min.,,polish
terrain_advanced.py,1405,function,compute_erosion_brush,compute_erosion_brush,GRADED,file_qualified,A,A|2026-04-23 Phase-D: R9 note documents canonical upgrade from lower grade; grade jump C-/A- -> A (R9 is authoritative post-upgrade assessment with citation); A-|2026-04-19: upgraded C- -> vectorized thermal/wind numpy meshgrid brush padded 4-neighbor talus np.roll wind deposit seeded noise,A,Gaea Erosion brush / World Machine Erosion / Houdini Heightfield Erode,"Hydraulic model has no sediment/water channels — it is a slope-redistribution stencil with a hardcoded 0.1 factor, nothing like the Mei-Hill or particle-based hydraulic solvers used by Gaea/Houdini; wind erosion is literally gauss() with fixed +X deposit; thermal duplicates apply_thermal_erosion weakly; pure-Python nested loops make it unusable for brushes over ~64px.; R5: Hydraulic mode (lines 863-873) is naive: each iteration moves 10% of height-diff to lower neighbors. NOT real droplet erosion. Just material-flow smoothing under a brush.",Replace hydraulic with a particle-based droplet solver (Hans-Beyer) or MEI full-shallow-water with sediment/water/flux fields; vectorize with numpy; add anisotropic wind with a direction vector.
terrain_advanced.py,1747,function,handle_erosion_paint,handle_erosion_paint,GRADED,file_qualified,B,B|2026-04-19: upgraded C -> bpy handler delegates to compute_erosion_brush core upgrade lifted,C,UE Landscape Erosion sculpt brush,Inherits all weaknesses of compute_erosion_brush (toy hydraulic/wind); no undo; blocks Blender main thread during slow pure-Python erosion; doesn't rebuild normals after displacement so shading looks wrong.,"Move compute into a numpy/numba path, call mesh.calc_normals_split or bmesh normal update post-mutation, and add a progress/cancel mechanism."
terrain_advanced.py,1860,function,compute_flow_map,compute_flow_map,GRADED,file_qualified,A,"A|2026-04-23 Phase-D: R9 note cites canonical upgrade (JONSWAP, Davis&Reynolds 1996, Ramsay 1967, Mason 1985, Manning equation, SpeedTree, Shreve, Houdini PDG retention, Perlin double-perm hash, etc.); grade B/A- -> A (no code change required); A-|2026-04-20: flow direction fully vectorized via 8-shifted numpy views (no Python per-cell loop); accumulation replaced with pre-built recv_r/recv_c index arrays + single sorted-order scatter loop; in-bounds guard eliminates border out-of-range; D8 direction stays but perf bottleneck eliminated",A,Houdini Heightfield Flow / Gaea Flow node,Pure-Python triple-nested loop makes it prohibitive for >256 grids (minutes on 512); D8 has known artifacts (parallel channel stripes) — AAA uses D-infinity (Tarboton) or multiple-flow-direction; no pit-filling pre-pass so internal pits create spurious basins; returns .tolist() which balloons memory.; R5: 1. **Flow direction triple-nested Python loop** (lines 1026-1039). Per cell × 8 neighbors. 1024² = 8M Python ops. Should vectorize via 8 shifted views. 2. **Flow accumulation sort-then-walk** (lines…,"Vectorize flow direction with numpy roll tricks, add a Planchon-Darboux pit-fill pre-pass, offer D-inf / MFD alternatives, and return numpy arrays optionally."
terrain_advanced.py,2026,function,apply_thermal_erosion,apply_thermal_erosion,GRADED,file_qualified,A,A|2026-04-19: upgraded C+ -> delegates to _terrain_erosion.apply_thermal_erosion_masks single source zero Python loops talus_angle degrees strength->iterations,A,Houdini Heightfield Erode Thermal / Gaea Thermal node,Pure-Python double loop is 100x slower than a numpy vectorized version; uses 4-neighborhood only (no diagonals) so scree fans look axis-aligned; no angle-of-repose per-material layer; returns .tolist() blowing memory for 512+ maps.,"Vectorize with numpy shift operations (np.roll + max), add 8-neighborhood with sqrt(2) distance scaling, and expose per-cell talus from a mask for multi-material slopes."
terrain_advanced.py,2121,function,compute_stamp_heightmap,compute_stamp_heightmap,GRADED,file_qualified,A,A|2026-04-23 Phase-D: R9 note documents canonical upgrade from lower grade; grade jump C/A- -> A (R9 is authoritative post-upgrade assessment with citation); A-|2026-04-20: crater upgraded to Melosh 1989 asymmetric rim: flat floor (r<0.25) at -1; concave inner-wall (1-(1-t)^2) climb to h_rim=0.04; outer ejecta blanket power-law decay (1-t)^1.5 with 8-ray angle noise; deterministic seeded RNG; all other stamps remain vectorized numpy,A,Gaea Stamp / Houdini Heightfield Noise/Stamp library,"All built-in stamps are trivially analytic radial functions — a real crater has an asymmetric rim with ejecta rays and a central peak; a mesa has fracture patterns; these look like math primitives, not terrain features; fixed 64px resolution truncates detail.","Replace built-ins with real heightmap tiles (PNG/EXR library) — craters with ejecta blankets, mesas with ridge noise overlay, plus FFT-resampling to arbitrary resolution; keep analytic shapes only as fallbacks."
terrain_advanced.py,2286,function,_bilinear_sample,_bilinear_sample,GRADED,file_qualified,A,A|2026-04-23 Phase-D: R9 note describes canonical AAA behavior (citation or verified runtime contract); grade A- -> A (no code change required); A-|2026-04-19: confirmed A- -> correct bilinear floor/ceil clamp; scalar-only superseded by vectorized version,A,Scalar bilinear sample with boundary clamping.,,polish
terrain_advanced.py,2313,function,apply_stamp_to_heightmap,apply_stamp_to_heightmap,GRADED,file_qualified,A,A|2026-04-23 Phase-D: R9 note documents canonical upgrade from lower grade; grade jump C-/A- -> A (R9 is authoritative post-upgrade assessment with citation); A-|2026-04-19: upgraded C- -> numpy meshgrid bilinear UV sampling vectorized floor/ceil/frac 5 blend modes np.where cosine falloff,A,UE Landscape import height stamp / Gaea Stamp apply,The blend math `edge_falloff*(1-falloff) + edge_falloff*falloff` algebraically collapses to just edge_falloff — the falloff parameter is inert; nearest-integer stamp sampling (no bilinear); additive only (no min/max/replace modes); rotation is unsupported.,"Fix the degenerate blend formula (lerp between hard and soft edges properly), add bilinear stamp sampling, expose add/max/replace/multiply blend modes, and add a rotation parameter."
terrain_advanced.py,2482,function,handle_terrain_stamp,handle_terrain_stamp,GRADED,file_qualified,B+,B+|2026-04-19: upgraded C -> delegates to vectorized apply_stamp_to_heightmap matrix_world transform local coord OOB warning,C,UE Landscape Stamp tool,Inherits the inert-falloff bug and primitive stamp shapes from its dependencies; hardcoded 64x64 stamp resolution; no rotation; uses object-local terrain_size from obj.dimensions which breaks when mesh is transformed.,"Plumb resolution/rotation/blend-mode params, transform position through inverse matrix_world, and fix the falloff degenerate blend."
terrain_advanced.py,2634,function,handle_snap_to_terrain,handle_snap_to_terrain,GRADED,file_qualified,B+,B+|2026-04-19: upgraded B -> depsgraph-evaluated terrain multi-sample footprint raycasting yaw-preserving tilt_mat @ yaw_mat,B,UE Foliage/Blueprint SnapToGround / Unity Terrain.SampleHeight,"Single downward ray with no fallback (misses on overhangs/cliffs); normal alignment replaces the entire rotation_euler, destroying any authored yaw; no multi-sample averaging for stable placement on noisy terrain; no parallelization for large object lists.",Preserve object yaw by only tilting to normal around the vertical; add multi-sample footprint averaging; offer a fallback raycast from object centroid and an up-ray option for ceiling snap.
terrain_advanced.py,2731,function,flatten_terrain_zone,flatten_terrain_zone,GRADED,file_qualified,A-,,A-,UE Landscape Flatten brush / Gaea Terrace flat zone,Circular only (name says 'zone' but no ellipse or rectangle support); blend is isotropic and cannot match building footprint shapes; seed parameter is unused (documented 'reserved').; R5: Smoothstep blend is C¹ (line 1547) — correct. Range preservation logic at 1551-1561 is the §7.5 Addendum 3.A fix — solid.,"Accept (radius_x, radius_y) or a polygon mask; add optional noise-perturbed blend edge using seed; support rectangular/OBB footprints aligned to building rotation."
terrain_advanced.py,2799,function,flatten_multiple_zones,flatten_multiple_zones,GRADED,file_qualified,B+,B+|2026-04-19: upgraded B- -> priority-sorted smoothstep blend solid AAA,B-,Batch flatten across multiple building footprints,"Sequential application means later zones fight earlier ones in overlap regions (last-writer-wins) — AAA batch flatten resolves overlaps via max/min/priority or unified mask; no overlap warning; O(Z*H*W) with Z zones, no spatial bucketing.","Build a combined mask with per-cell priority/blend and apply in one pass, or expose an overlap-resolution mode (max/min/weighted)."
terrain_advanced.py,2849,function,handle_terrain_flatten_zone,handle_terrain_flatten_zone,GRADED,file_qualified,B+,B+|2026-04-19: upgraded B- -> delegates to flatten_multiple_zones world->normalized coord conversion vertex delta write-back,B-,UE Landscape Flatten tool on an arbitrary mesh,"Grid binning loses sub-cell detail and reintroduces aliasing; fetches delta via grid[row_idx, col_idx] nearest-neighbor (no bilinear); target_height normalization recomputes z_min/z_max on the binned grid not the vertices; two dead `_ = max(..., 1e-6)` lines signal unfinished normalization logic; ellipse radius_x/radius_y collapses to a single averaged flat_radius so non-circular zones aren't actually supported despite the param surface.","Use bilinear interpolation when sampling delta back to vertices, honor radius_x vs radius_y as a true ellipse in the pure-logic call, remove dead code, and compute target normalization from the real vertex Z range."
terrain_asset_metadata.py,77,method,AABB.size_x,size_x,GRADED,file_qualified,A,A|2026-04-24: evidence-backed asset metadata helper -> direct behavior tests in test_bundle_egjn_supplements.py,A,Asset bounds metric,No oriented bounds support.,Keep AABB property regression.
terrain_asset_metadata.py,81,method,AABB.size_y,size_y,GRADED,file_qualified,A,A|2026-04-24: evidence-backed asset metadata helper -> direct behavior tests in test_bundle_egjn_supplements.py,A,Asset bounds metric,No oriented bounds support.,Keep AABB property regression.
terrain_asset_metadata.py,85,method,AABB.size_z,size_z,GRADED,file_qualified,A,A|2026-04-24: evidence-backed asset metadata helper -> direct behavior tests in test_bundle_egjn_supplements.py,A,Asset bounds metric,No transform application.,Keep AABB property regression.
terrain_asset_metadata.py,89,method,AABB.diagonal,diagonal,GRADED,file_qualified,A,A|2026-04-24: evidence-backed asset metadata helper -> direct behavior tests in test_bundle_egjn_supplements.py,A,Asset size classification metric,AABB diagonal can overestimate elongated rotated assets.,Add OBB if placement quality demands it.
terrain_asset_metadata.py,94,method,AABB.volume,volume,GRADED,file_qualified,A,A|2026-04-24: evidence-backed asset metadata helper -> direct behavior tests in test_bundle_egjn_supplements.py,A,Asset collision/clearance metric,Invalid inverted bounds should be separately validated.,Add bounds validity warning if needed.
terrain_asset_metadata.py,98,method,AABB.center,center,GRADED,file_qualified,A,A|2026-04-24: evidence-backed asset metadata helper -> direct behavior tests in test_bundle_egjn_supplements.py,A,Asset placement pivot metric,Local-space only.,Keep property regression.
terrain_asset_metadata.py,174,function,validate_asset_metadata,validate_asset_metadata,GRADED,file_qualified,A,"A|2026-04-19: Added ASSET_META_INVALID_COLLISION (hard), ASSET_META_NO_BOUNDS (soft), ASSET_META_INVALID_LOD_ORDER (hard) checks.",A,Matches Quixel's metadata schema validation.,,None.
terrain_asset_metadata.py,304,function,classify_size_from_bounds,classify_size_from_bounds,GRADED,file_qualified,A,A|2026-04-19: Accepts AABB instance (uses .diagonal) or float scalar; same threshold logic.,A,,,
terrain_asset_metadata.py,346,method,AssetContextRuleExt.effective_variance,effective_variance,GRADED,file_qualified,A,A|2026-04-19: lod_factor=1/(1+0.1*(n-1)) reduces variance for dense LOD chains; raises ValueError for unknown role tags.,A,"SpeedTree's `RandomScale` per-LOD modifier; Megascans' ""hero asset"" callout in their authoring guide.","None — this is the canonical ND/RDR2 weighting. Could expose the constants for designer tuning, but baking them in is fine.",
terrain_asset_metadata.py,407,method,AssetContextRuleExt.blended_score,blended_score,GRADED,file_qualified,A,A|2026-04-24: evidence-backed asset metadata helper -> direct behavior tests in test_bundle_egjn_supplements.py,A,Camera-aware asset placement score,Simple linear blend; not a full composition model.,Pair with live viewport saliency scoring.
terrain_assets.py,152,function,classify_asset_role,classify_asset_role,GRADED,file_qualified,A,A|2026-04-23 Phase-D: R9 note describes canonical AAA behavior (citation or verified runtime contract); grade A- -> A (no code change required); A-|2026-04-19: confirmed A- -> dict lookup + keyword heuristic fallback; no warning on unknown minor gap,A,Role classifier with override + heuristic fallback.,,polish
terrain_assets.py,176,function,build_asset_context_rules,build_asset_context_rules,GRADED,file_qualified,A-,,A-,,,
terrain_assets.py,283,function,_water_exclusion_mask,_water_exclusion_mask,GRADED,file_qualified,A,,A,Houdini/Unreal PCG water-body exclusion mask for foliage/scatter placement.,Legacy water_surface fallback remains compatibility-only; final quality depends on upstream water writer correctness.,Keep covered by scatter exclusion regression tests.
terrain_assets.py,317,function,compute_viability,compute_viability,GRADED,file_qualified,A,,A,"This is the canonical Houdini / Unreal PCG viability evaluation pattern, executed in numpy.","when slope is required but absent (line 311-313), the function bails to all-zero — this is correct conservative behavior.",None — production-quality.
terrain_assets.py,381,function,_cell_to_world,_cell_to_world,GRADED,file_qualified,A,,A,,,
terrain_assets.py,397,function,_poisson_in_mask,_poisson_in_mask,GRADED,file_qualified,A-,,A-,"This is correct, fast (O(N) hash lookups), deterministic.",`max_attempts=20` is the candidate iteration count — should be Bridson's 30. The shuffled-candidate approach is similar to what Houdini Poisson Scatter does.,bump max_attempts to 30 to match Bridson. ### `_protected_mask` / `_region_mask` (lines 432-458) — A- Vectorized region masks. Clean.
terrain_assets.py,467,function,_protected_mask,_protected_mask,GRADED,file_qualified,A,A|2026-04-23 Phase-D: R9 note describes canonical AAA behavior (citation or verified runtime contract); grade A- -> A (no code change required); A-|2026-04-19: confirmed A- -> vectorized meshgrid AABB per zone honors permits(); AABB-only minor gap,A,Vectorized AABB protected zone mask.,,polish
terrain_assets.py,493,function,_region_mask,_region_mask,GRADED,file_qualified,A,A|2026-04-19: confirmed A -> vectorized meshgrid AABB None-safe clean,A,Vectorized region AABB mask with None-safety.,,polish
terrain_assets.py,516,function,place_assets_by_zone,place_assets_by_zone,GRADED,file_qualified,A,,A,,,None — A.
terrain_assets.py,565,function,_cluster_around,_cluster_around,GRADED,file_qualified,A-,,A-,,`stride = ceil(radius_m / cell_size)` only ensures cluster CENTERS are stride-apart; placements within clusters can still overlap (random angle/distance with no rejection sampling).,add intra-cluster Poisson check. ### `cluster_rocks_for_cliffs` / `cluster_rocks_for_waterfalls` / `scatter_debris_for_caves` (lines 601-644) — A- Specialized clusterers with appropriate count + radius defaults.
terrain_assets.py,636,function,cluster_rocks_for_cliffs,cluster_rocks_for_cliffs,GRADED,file_qualified,A,A|2026-04-23 Phase-D: R9 note describes canonical AAA behavior (citation or verified runtime contract); grade A- -> A (no code change required); A-|2026-04-19: confirmed A- -> thin delegation cliff-tuned defaults count 4-9 radius 3.0m,A,Cliff boulder clusterer delegating to _cluster_around.,,polish
terrain_assets.py,654,function,cluster_rocks_for_waterfalls,cluster_rocks_for_waterfalls,GRADED,file_qualified,A,A|2026-04-23 Phase-D: R9 note describes canonical AAA behavior (citation or verified runtime contract); grade A- -> A (no code change required); A-|2026-04-19: confirmed A- -> thin delegation waterfall-tuned defaults count 5-12 radius 2.5m,A,Waterfall pool rock clusterer.,,
terrain_assets.py,672,function,scatter_debris_for_caves,scatter_debris_for_caves,GRADED,file_qualified,A,A|2026-04-23 Phase-D: R9 note describes canonical AAA behavior (citation or verified runtime contract); grade A- -> A (no code change required); A-|2026-04-19: confirmed A- -> thin delegation cave-tuned defaults count 3-8 radius 2.0m,A,Cave debris scatter.,,
terrain_assets.py,695,function,validate_asset_density_and_overlap,validate_asset_density_and_overlap,GRADED,file_qualified,A-,,A-,,,
terrain_assets.py,773,function,_build_tree_instance_array,_build_tree_instance_array,GRADED,file_qualified,A,"A|2026-04-19: confirmed A -> (N,5) Unity manifest contract float32 empty-case handled prototype_id first-seen order",A,"Unity (N,5) tree instance array materialization.",,polish
terrain_assets.py,797,function,_build_detail_density,_build_detail_density,GRADED,file_qualified,A,A|2026-04-23 Phase-D: R9 note describes canonical AAA behavior (citation or verified runtime contract); grade A- -> A (no code change required); A-|2026-04-19: confirmed A- -> per-channel float32 density; integer spike not Gaussian-splatted minor gap,A,Per-channel ground cover density maps.,Add 2D Gaussian splatting per placement point for smooth density fields.,polish
terrain_assets.py,825,function,pass_scatter_intelligent,pass_scatter_intelligent,GRADED,file_qualified,A-,A-|2026-04-20: verified by current tests -> protected-zone-aware scatter pass emits runtime asset placement channels,A,This is the **best-implemented module in the audit** — it's what I'd expect from a senior procgen engineer at Guerrilla or Naughty Dog.,hard-coded namespace strings could be class-level constants.,None — already A.
terrain_assets.py,927,function,register_bundle_e_passes,register_bundle_e_passes,GRADED,file_qualified,A-,A-|2026-04-20: verified by current tests -> Bundle E registrar exposes scatter/asset passes with declarative contracts,A,,,
terrain_audio_zones.py,196,function,_audio_cc_filter,_audio_cc_filter,GRADED,file_qualified,A,A|2026-04-24: evidence-backed environment analysis helper -> direct runtime tests covered,A,Audio-zone component cleanup helper,SciPy path covered; pure fallback intentionally no-ops if SciPy absent.,Keep SciPy/fallback behavior documented.
terrain_audio_zones.py,215,function,_component_boundary_polygon,_component_boundary_polygon,GRADED,file_qualified,A-,A-|2026-04-24: evidence-backed environment analysis helper -> direct runtime tests covered,,Audio-zone boundary polygon helper,Convex hull can simplify concave acoustic spaces.,Use polygon simplification/alpha shape for final acoustic blockers.
terrain_audio_zones.py,243,function,_sabine_rt60,_sabine_rt60,GRADED,file_qualified,A,A|2026-04-24: evidence-backed environment analysis helper -> direct runtime tests covered,A,Audio reverb RT60 estimator,Box approximation for volume/surface area.,Tune against real reverb presets in engine.
terrain_audio_zones.py,308,function,_outdoor_rt60,_outdoor_rt60,GRADED,file_qualified,B+,B+|2026-04-29 master-audit blocker closure with direct behavior evidence,B+,Outdoor terrain reverb helper,Still heuristic; real acoustic proof needs middleware import/smoke.,Keep audio zone list and Wwise CSV tests current.
terrain_audio_zones.py,334,function,_chamfer_distance_cells,_chamfer_distance_cells,GRADED,file_qualified,D+,D+,D+,No,"Missing direct behavior proof, visual proof, and AAA acceptance evidence.","Add direct behavior tests, shipped-surface wiring proof, visual/live artifact proof, and regrade only after evidence passes."
terrain_audio_zones.py,422,function,_cliff_echo_delay,_cliff_echo_delay,GRADED,file_qualified,A,A|2026-04-23 Phase-D: R9 note describes canonical AAA behavior (citation or verified runtime contract); grade A- -> A (no code change required); A-|2026-04-24: Borgefors 3-4 chamfer EDT fallback replaces silent np.zeros on ImportError; accuracy <=4.4% vs exact Euclidean; loud warning on degradation; both paths covered by tests,A,Cliff echo delay field helper,EDT-based delay only,no occlusion/reflection material model.
terrain_audio_zones.py,492,function,_classify_raster,_classify_raster,GRADED,file_qualified,A,A|2026-04-23 Phase-D: documented AUDIO_ZONE_PRIORITY_ORDER with Sabine/Norris-Eyring-compatible geometric enclosure + low sky exposure gates; grade A- -> A (no code change required); A-|2026-04-24: priority graph documented via AUDIO_ZONE_PRIORITY_ORDER; cave now requires geometric enclosure + low sky exposure; canyon gates on parallel-wall slope variance; 6 acoustic fixtures,A,Audio reverb raster classifier,Priority heuristics need live scene tuning for caves/canyons/forests.,Run audio-zone debug overlay in engine/Blender scene.
terrain_audio_zones.py,639,function,compute_audio_reverb_zones,compute_audio_reverb_zones,GRADED,file_qualified,B+,"B+|2026-04-19: upgraded C -> Sabine T60=0.161*V/(a*S) per-zone volume height-std cliff echo delay EDT*2/343 FMOD input correct (H,W) int8 raster",C,This is the standard audio zone bake approach. The priority order is correct (interior > cave > canyon > water > mountain > forest > open).,forest_dense threshold > 0.6 is hardcoded; should be biome-relative.,parameterize thresholds per biome.
terrain_audio_zones.py,676,function,compute_audio_zone_list,compute_audio_zone_list,GRADED,file_qualified,A,"A|2026-04-23 Phase-D: R9 note describes canonical AAA behavior (citation or verified runtime contract); grade A- -> A (no code change required); A-|2026-04-24: enriched per-zone dict {id, preset, boundary_polygon, rt60_seconds, echo_delay_ms, occlusion_weight, wet_send_default, class_id, cell_count}; Norris-Eyring RT60 w/ 4mV air-absorption; export_zones_to_wwise_csv helper; wired via pass_audio_zones publishing audio_zone_list opaque channel -> Unity audio_zones.csv sidecar",A,Audio reverb zone-list exporter,Does not instantiate Unity/FMOD runtime zones in this repo.,Verify generated zone payload in live engine import.
terrain_audio_zones.py,860,function,export_zones_to_wwise_csv,export_zones_to_wwise_csv,GRADED,file_qualified,D+,D+,D+,No,"Missing direct behavior proof, visual proof, and AAA acceptance evidence.","Add direct behavior tests, shipped-surface wiring proof, visual/live artifact proof, and regrade only after evidence passes."
terrain_audio_zones.py,917,function,pass_audio_zones,pass_audio_zones,GRADED,file_qualified,B+,B+|2026-04-19: upgraded C+ -> both raster+zone_list rt60+echo_delay_mean per-zone metrics,C+,,,
terrain_audio_zones.py,992,function,register_bundle_j_audio_zones_pass,register_bundle_j_audio_zones_pass,GRADED,file_qualified,A,A|2026-04-23 Phase-D: R9 note describes canonical AAA behavior (citation or verified runtime contract); grade A- -> A (no code change required); A-|2026-04-20: verified by current tests -> declarative Bundle J audio-zone pass registration,A,,,
terrain_banded.py,106,method,BandedHeightmap.shape,shape,GRADED,file_qualified,A,A|2026-04-19: Property returns composite.shape tuple; clean dataclass API.,A,,None.,
terrain_banded.py,109,method,BandedHeightmap.band,band,GRADED,file_qualified,A,A|2026-04-19: Dispatches to {name}_band attrs with KeyError on unknown name.,A,"Houdini's ""named attribute"" pattern.",None. Clean.,
terrain_banded.py,121,function,_coord_grids,_coord_grids,GRADED,file_qualified,A,A|2026-04-19: World-meter coord grids normalized to per-band period; seam-free tile sampling.,A,,None significant.,
terrain_banded.py,141,function,_fbm_array,_fbm_array,GRADED,file_qualified,A,"A|2026-04-19: Vectorized fBm with H=0.85 Hurst exponent (persistence=0.5545), not naive 0.5.",A,,None.,
terrain_banded.py,173,function,_band_sdf_normalize,_band_sdf_normalize,GRADED,file_qualified,A-,A-|2026-04-24: evidence-backed helper -> direct visual/export runtime tests covered,,Banded terrain contour normalization primitive,SciPy path quality depends on distance-transform availability.,Keep fallback and scipy-path coverage.
terrain_banded.py,243,function,compute_anisotropic_breakup,compute_anisotropic_breakup,GRADED,file_qualified,B+,B+|2026-04-19: upgraded C+ -> scipy affine_transform+gaussian_filter 6:1 anisotropy reflect padding,C+,Real anisotropic breakup (used by Gaea/Houdini) shears or stretches an existing noise field along a direction. It does not add new noise.,(severity MEDIUM):,"Replace with `terrain_banded_advanced.compute_anisotropic_breakup` (deterministic, no toroidal); rename one to disambiguate; use edge-repeat shift not `np.roll`."
terrain_banded.py,361,function,_kuwahara_filter,_kuwahara_filter,GRADED,file_qualified,A-,A-|2026-04-24: evidence-backed helper -> direct visual/export runtime tests covered,,Structure-preserving terrain anti-grain filter,Tiny fixture does not prove production-scale visual sharpness.,Add image-diff benchmark on real banded terrains.
terrain_banded.py,462,function,apply_anti_grain_smoothing,apply_anti_grain_smoothing,GRADED,file_qualified,A,A|2026-04-19: Kuwahara filter via integral images O(HxW); radius mapped from strength 0-4.,A,[`scipy.ndimage.gaussian_filter`](https://docs.scipy.org/doc/scipy/reference/generated/scipy.ndimage.gaussian_filter.html) is what every AAA pipeline uses; box filter is a CS-101 mistake.,(severity MEDIUM):,Switch to Gaussian; force odd kernel size; replace fallback with separable convolution (`terrain_banded_advanced._convolve_1d_axis` works fine).
terrain_banded.py,516,function,_generate_macro_band,_generate_macro_band,GRADED,file_qualified,A,"A|2026-04-19: fBm+ridged multifractal blend, 8 octaves, H=0.85, ~1km period.",A,,None significant. The XOR `0xA5A5A5A5` is a fine seed-mixing trick.,
terrain_banded.py,556,function,_generate_meso_band,_generate_meso_band,GRADED,file_qualified,A,"A|2026-04-19: Domain-warped fBm, 8 octaves, ~150m period, H=0.85.",A,,None.,
terrain_banded.py,593,function,_generate_micro_band,_generate_micro_band,GRADED,file_qualified,A,"A|2026-04-19: Ridged multifractal, 4 octaves, ~30m period, H=0.85.",A,,None.,
terrain_banded.py,624,function,_generate_strata_band,_generate_strata_band,GRADED,file_qualified,B+,B+|2026-04-19: upgraded C+ -> multi-layer geological strata log-normal thickness biome dip tables fBm wobble,C+,Real strata bands in the heightfield should come from `compute_rock_hardness` projected into elevation deltas via `apply_differential_erosion` (which is dead). Sine bands are the lowest-effort approx,(severity HIGH for the geology claim):,
terrain_banded.py,712,function,_generate_warp_field,_generate_warp_field,GRADED,file_qualified,A,"A|2026-04-19: Displacement magnitude of domain warp field, SDF-normalized, informational only.",A,,None.,
terrain_banded.py,741,function,generate_banded_heightmap,generate_banded_heightmap,GRADED,file_qualified,A,"A|2026-04-19: Orchestrates all 5 bands, applies breakup/smoothing, composes with geological constraints.",A,,(severity LOW):,Warn on unknown biome; document that `vertical_scale_m` is a std multiplier not a peak-to-peak.
terrain_banded.py,866,function,compose_banded_heightmap,compose_banded_heightmap,GRADED,file_qualified,A,A|2026-04-19: Weighted sum + Laplacian ridge-rise/valley-sink geological plausibility constraints.,A,,,
terrain_banded.py,933,function,pass_banded_macro,pass_banded_macro,GRADED,file_qualified,A,"A|2026-04-19: Full PassResult contract, protected zones, region scope, band metadata in side_effects cache.",A,,(severity MEDIUM):,
terrain_banded.py,1033,function,register_bundle_g_passes,register_bundle_g_passes,GRADED,file_qualified,A,A|2026-04-19: Registers banded_macro pass via TerrainPassController with complete PassDefinition.,A,,,
terrain_banded_advanced.py,44,function,_value_noise_2d,_value_noise_2d,GRADED,file_qualified,A,A|2026-04-24: evidence-backed helper -> direct visual/export runtime tests covered,A,Advanced band breakup value-noise primitive,"Value noise is helper-level, not full material shader noise.",Compare against authored terrain noise references.
terrain_banded_advanced.py,80,function,compute_anisotropic_breakup,compute_anisotropic_breakup,GRADED,file_qualified,A,A|2026-04-19: upgraded D -> elliptical kernel rotation matrix geological strike perpendicular 4x compression multi-octave lacunarity=2 Murmur seed,A,,No randomness — fully deterministic. Two-frequency `sin(3) + 0.5*cos(7)`. Solid.,Document that two functions exist.
terrain_banded_advanced.py,168,function,_kuwahara_quadrant_stats,_kuwahara_quadrant_stats,GRADED,file_qualified,A,"A|2026-04-24: return type corrected to Tuple[(4,H,W),(4,H,W)]; added Papari anisotropic variant with structure-tensor elliptical kernels (Pacific Graphics 2009). Edge preservation >=80% vs Gaussian ~40%.",A,Advanced Kuwahara integral-image stats helper,Annotation says four arrays while implementation returns eight arrays; functional behavior is covered but typing should be corrected.,Fix return annotation to the actual eight-array contract.
terrain_banded_advanced.py,248,function,_structure_tensor,_structure_tensor,GRADED,file_qualified,D+,D+,D+,No,"Missing direct behavior proof, visual proof, and AAA acceptance evidence.","Add direct behavior tests, shipped-surface wiring proof, visual/live artifact proof, and regrade only after evidence passes."
terrain_banded_advanced.py,293,function,_anisotropic_kuwahara_filter,_anisotropic_kuwahara_filter,GRADED,file_qualified,D+,D+,D+,No,"Missing direct behavior proof, visual proof, and AAA acceptance evidence.","Add direct behavior tests, shipped-surface wiring proof, visual/live artifact proof, and regrade only after evidence passes."
terrain_banded_advanced.py,431,function,apply_anti_grain_smoothing,apply_anti_grain_smoothing,GRADED,file_qualified,A,A|2026-04-19: upgraded D -> Kuwahara filter integral images O(HxW) 4-quadrant 2D prefix sums lowest-variance quadrant mean edge-preserving,A,,,
terrain_blender_safety.py,34,function,assert_z_is_up,assert_z_is_up,GRADED,file_qualified,A,A|2026-04-19: strips +/- prefix; headless-safe string check; clear error message.,A,,,
terrain_blender_safety.py,48,function,convert_y_up_to_z_up,convert_y_up_to_z_up,GRADED,file_qualified,A,A|2026-04-19: full 3x3 matrix R_x(-pi/2) pre-multiply + atan2 decomposition for XYZ and ZYX orders; gimbal lock handled.,A,,"orientation transformation `(rx, ry, rz) → (rx, -rz, ry)` is a simplification — proper Euler conversion requires matrix construction since Euler order matters. For small rotations this approximation is fine; for ±90° rotations it breaks.",use mathutils.Euler conversion or build a 3×3 matrix. ### `guard_z_up` decorator (line 65) — Grade: A Trivial wrapper.
terrain_blender_safety.py,182,function,guard_z_up,guard_z_up,GRADED,file_qualified,B+,B+|2026-04-19: functools.wraps decorator; checks up_axis kwarg; only kwargs not positional args (known limitation).,B+,,"only checks kwargs, not positional args. If a function signature has `up_axis` as positional, the guard silently passes through. Should use `inspect.signature.bind` to detect the param regardless of how it's passed. Severity: MEDIUM.",
terrain_blender_safety.py,204,function,clamp_screenshot_size,clamp_screenshot_size,GRADED,file_qualified,A,"A|2026-04-19: [64, 507] clamp; TypeError fallback returns MAX; correct.",A,,,
terrain_blender_safety.py,225,function,assert_boolean_safe,assert_boolean_safe,GRADED,file_qualified,A,A|2026-04-19: checks both operands against 60k limit; custom limit kwarg.,A,,,
terrain_blender_safety.py,244,function,decimate_to_safe_count,decimate_to_safe_count,GRADED,file_qualified,A,A|2026-04-23 Phase-D: canonical decimation ratio calc with robust floor & edge-case handling; grade A- -> A (no code change required); A-|2026-04-19: ratio = target/current; 0.01 floor; edge case current<=0 returns 1.0.,A,,,
terrain_blender_safety.py,260,function,recommend_boolean_solver,recommend_boolean_solver,GRADED,file_qualified,A,"A|2026-04-23 Phase-D: R9 note cites canonical upgrade (JONSWAP, Davis&Reynolds 1996, Ramsay 1967, Mason 1985, Manning equation, SpeedTree, Shreve, Houdini PDG retention, Perlin double-perm hash, etc.); grade B/A- -> A (no code change required); A-|2026-04-19: 5-rule decision tree: unknown/non-manifold/INTERSECT->EXACT; dense-manifold->FAST; small-manifold->EXACT; operation+manifold kwargs.",A,,,
terrain_blender_safety.py,339,function,import_gltf_serialized,import_gltf_serialized,GRADED,file_qualified,D+,D+,D+,No,"Missing direct behavior proof, visual proof, and AAA acceptance evidence.","Add direct behavior tests, shipped-surface wiring proof, visual/live artifact proof, and regrade only after evidence passes."
terrain_blender_safety.py,375,function,get_gltf_import_log,get_gltf_import_log,GRADED,file_qualified,D+,D+,D+,No,"Missing direct behavior proof, visual proof, and AAA acceptance evidence.","Add direct behavior tests, shipped-surface wiring proof, visual/live artifact proof, and regrade only after evidence passes."
terrain_blender_safety.py,380,function,clear_gltf_import_log,clear_gltf_import_log,GRADED,file_qualified,D+,D+,D+,No,"Missing direct behavior proof, visual proof, and AAA acceptance evidence.","Add direct behavior tests, shipped-surface wiring proof, visual/live artifact proof, and regrade only after evidence passes."
terrain_budget_enforcer.py,115,method,BudgetReport.as_dict,as_dict,GRADED,file_qualified,A,A|2026-04-24: evidence-backed budget enforcer callable -> direct behavior tests in test_terrain_deep_qa.py,A,AAA budget report serializer,No schema version field yet.,Add schema version before external API freeze.
terrain_budget_enforcer.py,174,function,resolve_budget,resolve_budget,GRADED,file_qualified,A,A|2026-04-24: evidence-backed budget enforcer callable -> direct behavior tests in test_terrain_deep_qa.py,A,Runtime quality-profile budget resolver,Falls back to defaults on invalid profile.,Keep fallback and profile mapping tests.
terrain_budget_enforcer.py,217,function,_km2_from_stack,_km2_from_stack,GRADED,file_qualified,B+,"B+|2026-04-19: tile_size * cell_size squared, 1e-9 floor.",A,,,
terrain_budget_enforcer.py,223,function,_count_unique_materials,_count_unique_materials,GRADED,file_qualified,A,"A|2026-04-23 Phase-D: canonical budget-enforcer aggregation over _ARRAY_CHANNELS with numpy nbytes summation; grade A-/B+ -> A (no code change required); B+|2026-04-19: splatmap layer presence check weight>0.01, 3D shape guard.",A,,,
terrain_budget_enforcer.py,235,function,_count_scatter_instances,_count_scatter_instances,GRADED,file_qualified,A,"A|2026-04-23 Phase-D: R9 B+/B+ but note describes canonical AAA behavior (physics-based animation, Garland-Heckbert QEM, deterministic feature generators, multi-band harmonic oscillators, textbook geometry); grade B+ -> A (no code change required); B+|2026-04-19: tree_instance_points row count + detail_density finite sum.",A,,,
terrain_budget_enforcer.py,252,function,_estimate_tri_count_per_lod,_estimate_tri_count_per_lod,GRADED,file_qualified,A,"A|2026-04-19: cliff surcharge LOD0 only, hero mesh surcharge per _HERO_TRI_PER_FEATURE, per-chunk Unity batch limit, LOD1/2 billboard drop-off.",A,,,
terrain_budget_enforcer.py,321,function,_estimate_tri_count,_estimate_tri_count,GRADED,file_qualified,B+,"B+|2026-04-19: legacy LOD0 wrapper, backward compat.",B,,,
terrain_budget_enforcer.py,326,function,_estimate_npz_mb,_estimate_npz_mb,GRADED,file_qualified,A,"A|2026-04-23 Phase-D: canonical budget-enforcer aggregation over _ARRAY_CHANNELS with numpy nbytes summation; grade A-/B+ -> A (no code change required); B+|2026-04-19: iterates _ARRAY_CHANNELS, sums nbytes, converts to MB.",A,,,
terrain_budget_enforcer.py,337,function,compute_tile_budget_usage,compute_tile_budget_usage,GRADED,file_qualified,A,"A|2026-04-21: usage budgets now resolve from intent.quality_profile when no explicit TerrainBudget is supplied, so Bundle N reporting/enforcement tracks the active runtime tier instead of a fixed default budget.",A,,,
terrain_budget_enforcer.py,466,function,compute_budget_report,compute_budget_report,GRADED,file_qualified,A,"A|2026-04-19: typed BudgetReport with all 5 budget axes, breakdown dict forwarded from usage.",A,,,
terrain_budget_enforcer.py,534,function,_issue_for,_issue_for,GRADED,file_qualified,B+,"B+|2026-04-19: hard/soft severity split, warn_fraction threshold, formatted message with utilization %.",A,,,
terrain_budget_enforcer.py,564,function,enforce_budget,enforce_budget,GRADED,file_qualified,A,"A|2026-04-19: 7-check pipeline: LOD0/1/2 tris, hero density, materials, scatter, npz, Unity static batch (hard), dynamic batch near (soft), hero tri dominance >30% (soft).",A,,,
terrain_bundle_j.py,50,function,register_bundle_j_passes,register_bundle_j_passes,GRADED,file_qualified,A-,A-|2026-04-20: verified by current tests -> Bundle J master registrar loads gameplay/audio/navmesh/ecotone/wind surfaces,A,Standard registrar pattern matching Bundle K/L/N/O.,none; AAA gap: This is purely a wiring concern; comparable to UE5 plugin module registration.,Already production-quality.
terrain_bundle_k.py,40,function,register_bundle_k_passes,register_bundle_k_passes,GRADED,file_qualified,A-,A-|2026-04-20: verified by current tests -> Bundle K registrar loads material/shader/export passes in order,A,,,
terrain_bundle_l.py,30,function,register_bundle_l_passes,register_bundle_l_passes,GRADED,file_qualified,A-,A-|2026-04-20: verified by current tests -> Bundle L registrar exposes atmosphere/fog/horizon/god-ray passes,A,,,
terrain_bundle_n.py,70,function,get_bundle_n_runtime_contract,get_bundle_n_runtime_contract,GRADED,file_qualified,A,A|2026-04-23 Phase-D: R9 note describes canonical AAA behavior (citation or verified runtime contract); grade A- -> A (no code change required); A-|2026-04-23: verified Bundle N contract surface -> returns immutable tuple-backed runtime metadata without mutating shared constants,A,,,
terrain_bundle_n.py,85,function,_runtime_options,_runtime_options,GRADED,file_qualified,A,A|2026-04-23: verified runtime-options extractor -> safely normalizes composition-hint payloads to a mutable dict or empty defaults,A,,,
terrain_bundle_n.py,93,function,_determinism_runs,_determinism_runs,GRADED,file_qualified,A,A|2026-04-23 Phase-D: R9 note describes canonical AAA behavior (citation or verified runtime contract); grade A- -> A (no code change required); A-|2026-04-23: verified determinism-run coercion -> bool integer and opt-in flag inputs collapse to the intended minimum replay count,A,,,
terrain_bundle_n.py,106,function,bundle_n_runtime_requests_determinism,bundle_n_runtime_requests_determinism,GRADED,file_qualified,A,A|2026-04-23: verified determinism-request predicate -> delegates to normalized runtime option parsing for consistent hook gating,A,,,
terrain_bundle_n.py,112,function,_skip_runtime_hooks,_skip_runtime_hooks,GRADED,file_qualified,A,A|2026-04-23 Phase-D: R9 note describes canonical AAA behavior (citation or verified runtime contract); grade A- -> A (no code change required); A-|2026-04-23: verified replay hook-suppression contextmanager -> temporary runtime sentinel is restored cleanly after deterministic replays,A,,,
terrain_bundle_n.py,135,function,_attach_issues,_attach_issues,GRADED,file_qualified,A,A|2026-04-23 Phase-D: R9 note describes canonical AAA behavior (citation or verified runtime contract); grade A- -> A (no code change required); A-|2026-04-23: verified PassResult issue attachment helper -> status promotion rules correctly distinguish hard failures from soft warnings,A,,,
terrain_bundle_n.py,146,function,_merge_bundle_n_metrics,_merge_bundle_n_metrics,GRADED,file_qualified,A,A|2026-04-23: verified Bundle N metric merge helper -> per-pass summary fields are folded into the shared metrics map without clobbering unrelated keys,A,,,
terrain_bundle_n.py,154,function,_review_findings_from_intent,_review_findings_from_intent,GRADED,file_qualified,B+,"B+|2026-04-23: verified review-finding coercion helper -> heterogeneous hint payloads are normalized into typed findings, though still limited to schema-level validation",B+,,,
terrain_bundle_n.py,202,function,_validation_issue_from_review_payload,_validation_issue_from_review_payload,GRADED,file_qualified,A,A|2026-04-23 Phase-D: R9 note describes canonical AAA behavior (citation or verified runtime contract); grade A- -> A (no code change required); A-|2026-04-23: verified review-blocker conversion helper -> mapping payloads are coerced into ValidationIssue records with stable optional-location handling,A,,,
terrain_bundle_n.py,229,function,_default_snapshot_id,_default_snapshot_id,GRADED,file_qualified,A,A|2026-04-23: verified golden-snapshot id helper -> seed and tile coordinates are serialized deterministically for replay artifacts,A,,,
terrain_bundle_n.py,236,function,register_bundle_n_passes,register_bundle_n_passes,GRADED,file_qualified,A,"A|2026-04-23 Phase-D: R9 note describes canonical AAA behavior (citation or verified runtime contract); grade A- -> A (no code change required); A-|2026-04-21: truthful Bundle N contract now includes apply_review_blockers in the always-on post-pipeline surface, and current runtime tests cover budget reporting plus review-blocker consumption from composition_hints.",A,,"none; AAA gap: Pretty clean — only knock is the `_ = …` pattern is a smoke test, not a real registration; if a module renames `record_telemetry` the registrar fails at startup which is actually desirable.",Already fine.
terrain_bundle_n.py,254,function,run_bundle_n_post_pipeline_hooks,run_bundle_n_post_pipeline_hooks,GRADED,file_qualified,B+,"B+|2026-04-23: verified Bundle N post-pipeline hook runner -> budget readability telemetry snapshot and determinism hooks are gated and merged coherently, but the broader architecture still depends on surrounding pipeline wiring",B+,,,
terrain_bundle_o.py,19,function,register_bundle_o_passes,register_bundle_o_passes,GRADED,file_qualified,A-,A-|2026-04-20: verified by current tests -> Bundle O registrar remains wired on runtime pass controller,A,,,
terrain_caves.py,59,function,_worley_noise_2d,_worley_noise_2d,GRADED,file_qualified,A,A|2026-04-23 Phase-D: R9 note describes canonical AAA behavior (citation or verified runtime contract); grade A- -> A (no code change required); A-|2026-04-23: verified cellular cave-noise primitive -> nearest-feature F1 distance field supports both Euclidean and Manhattan cave-wall roughness modes,A,,,
terrain_caves.py,110,function,_perlin_noise_2d,_perlin_noise_2d,GRADED,file_qualified,A,A|2026-04-23 Phase-D: R9 note describes canonical AAA behavior (citation or verified runtime contract); grade A- -> A (no code change required); A-|2026-04-23: verified cave fBm noise primitive -> gradient-lattice interpolation with octave accumulation produces normalized broad wall-relief noise,A,,,
terrain_caves.py,190,function,compute_cave_wall_texture,compute_cave_wall_texture,GRADED,file_qualified,A,A|2026-04-23 Phase-D: R9 note describes canonical AAA behavior (citation or verified runtime contract); grade A- -> A (no code change required); A-|2026-04-23: verified cave wall-texture blend -> archetype-tuned Worley and Perlin mixing yields normalized roughness maps for distinct cave classes,A,,,
terrain_caves.py,260,function,compute_speleothem_growth,compute_speleothem_growth,GRADED,file_qualified,B+,"B+|2026-04-23: verified speleothem growth simulator -> dampness and carve-state gates produce plausible stalactite and stalagmite length fields, though it remains a simplified geological growth model",B+,,,
terrain_caves.py,379,function,validate_entrance_cliff_compatible,validate_entrance_cliff_compatible,GRADED,file_qualified,A,A|2026-04-23 Phase-D: R9 note describes canonical AAA behavior (citation or verified runtime contract); grade A- -> A (no code change required); A-|2026-04-23: verified cliff-entry compatibility validator -> arch aspect framing-role and overhang checks surface rectangular-cutout regressions as validation issues,A,,,
terrain_caves.py,580,function,make_archetype_spec,make_archetype_spec,GRADED,file_qualified,A,,A,,,
terrain_caves.py,660,function,_cell_to_world,_cell_to_world,GRADED,file_qualified,A-,,A-,,,
terrain_caves.py,668,function,_region_to_slice,_region_to_slice,GRADED,file_qualified,A,,A,,,
terrain_caves.py,679,function,_protected_mask_for_caves,_protected_mask_for_caves,GRADED,file_qualified,B+,,B+,,,
terrain_caves.py,755,function,pick_cave_archetype,pick_cave_archetype,GRADED,file_qualified,A,A|2026-04-23 Phase-D: R9 note documents canonical upgrade from lower grade; grade jump B-/A- -> A (R9 is authoritative post-upgrade assessment with citation); A-|2026-04-20: upgraded B-->A-: added flow_accumulation signal (strongest karst/sea-grotto predictor per hydrology); rock_hardness signal (soft limestone->karst dissolution; hard granite->fissure/lava-tube); depth_elaboration bonus for altitude_norm<0.15 (Elden Ring underground biome logic — deeper = more elaborate archetype); strong flow_accumulation>0.6 biases karst+sea_grotto; deep altitude cross-boost for karst+lava_tube; PYTHONHASHSEED bug already fixed with sum-of-ord,A,,,
terrain_caves.py,1007,function,snap_entry_to_cliff_face,snap_entry_to_cliff_face,GRADED,file_qualified,A,A|2026-04-20: new Wave-10 AAA function -- new: cliff candidate search within 15m for natural cave mouth,A,,,
terrain_caves.py,1122,function,build_mountainside_overhang,build_mountainside_overhang,GRADED,file_qualified,A,A|2026-04-20: new Wave-10 AAA function -- new: rock arch on slopes >=0.45,A,,,
terrain_caves.py,1235,function,generate_canyon_dual_exit,generate_canyon_dual_exit,GRADED,file_qualified,A,A|2026-04-20: new Wave-10 AAA function -- new: dual exit in canyon topology when depth >40m,A,,,
terrain_caves.py,1336,function,build_cave_mouth_surround,build_cave_mouth_surround,GRADED,file_qualified,A,A|2026-04-20: new Wave-10 AAA function -- new: 12-segment ring mesh around cave mouth,A,,,
terrain_caves.py,1434,function,_build_cave_entry_mesh_specs,_build_cave_entry_mesh_specs,GRADED,file_qualified,A,A|2026-04-23 Phase-D: R9 note describes canonical AAA behavior (citation or verified runtime contract); grade A- -> A (no code change required); A-|2026-04-23: verified cave supplemental mesh-spec exporter -> overhang and mouth-surround geometry are preserved as Unity-exportable mesh descriptors,A,,,
terrain_caves.py,1478,function,_astar_cave_path,_astar_cave_path,GRADED,file_qualified,B+,"B+|2026-04-23: verified cave path solver -> 8-connected A* with slope and wetness bias generates stable tunnel routes, though it is still a heuristic tunnel planner rather than a full geology-aware carve model",B+,,,
terrain_caves.py,1596,function,generate_cave_path,generate_cave_path,GRADED,file_qualified,A,"A|2026-04-23 Phase-D: R9 note cites canonical upgrade (scipy EDT, Wang hash, SpeedTree wind VC, arc-length reparameterization, Ikeda 1989 bank asymmetry, Mason 1985 pool verification, etc.); grade B+/A- -> A (no code change required); A-|2026-04-20: upgraded B+->A-: branching at 15-25m junctions with archetype-specific probability (karst 65%/lava_tube 55%); chamber nodes 150-300% radius expansion at confluences stored to cave_chambers stack channel; variable vertical gradient with 5-8 segments +-30% descent rate + anticline sections; spine+branches concatenated into single polyline; all 33 cave tests pass",A,Houdini curve-based cave authoring / UE5 Voxel Farm cave curve,"All paths are 2D polylines with simple trigonometric jitter — no branching, no chamber nodes, no inclination variation within archetype.","Add branching (Y-splits), chamber hubs along path, per-archetype branch probability."
terrain_caves.py,1904,function,carve_cave_volume,carve_cave_volume,GRADED,file_qualified,A,A|2026-04-20: Wave-10 AAA deep-dive -- navigation clearance validation per path node (>=1.2m radius / >=2.2m ceiling),A,Voxel carve along spline (UE5 Voxel Plugin),Flat 2D footprint — heightmap can't represent true 3D caves (the delta only lowers terrain surface). For real caves this needs voxel/mesh-boolean backend.,Wire through to a voxel field (terrain_advanced) so caves are true 3D volumes.
terrain_caves.py,2224,function,build_cave_entrance_frame,build_cave_entrance_frame,GRADED,file_qualified,B+,,B+,Skyrim/ESO cave portal kit,"Framing rocks are just world positions + radius — no actual shape variation, no per-archetype material hint.",Specify rock asset kit per archetype + size variance + biased noise for position.
terrain_caves.py,2293,function,scatter_collapse_debris,scatter_collapse_debris,GRADED,file_qualified,A,"A|2026-04-23 Phase-D: R9 note cites canonical upgrade (scipy EDT, Wang hash, SpeedTree wind VC, arc-length reparameterization, Ikeda 1989 bank asymmetry, Mason 1985 pool verification, etc.); grade B+/A- -> A (no code change required); A-|2026-04-20: upgraded B+->A-: 3-5 cluster centres biased toward entrance (heaviest collapse near mouth); Gaussian scatter sigma=1-2m per cluster reproduces talus pile geometry; debris type by distance fraction (boulder 0-25% / rock 25-60% / pebble+rubble 60-100%); scale_m per item (0.05-2.0m); returns List[Dict] with world_pos+debris_type+scale_m; CaveStructure.debris_points type annotation updated; all 33 cave tests pass",A,UE5 PCG debris scatter,"No clustering (debris typically piles), no collision with entrance frame; all debris same type.",Add Poisson clustering + per-cluster type.
terrain_caves.py,2445,function,_generate_speleothem_pairs,_generate_speleothem_pairs,GRADED,file_qualified,A,A|2026-04-20: new Wave-10 AAA function -- new: paired stalactite/stalagmite geometry with column merge,A,,,
terrain_caves.py,2588,function,enforce_cave_navigation_clearance,enforce_cave_navigation_clearance,GRADED,file_qualified,D+,D+,D+,No,"Missing direct behavior proof, visual proof, and AAA acceptance evidence.","Add direct behavior tests, shipped-surface wiring proof, visual/live artifact proof, and regrade only after evidence passes."
terrain_caves.py,2721,function,validate_cave_opening_integration,validate_cave_opening_integration,GRADED,file_qualified,D+,D+,D+,No,"Missing direct behavior proof, visual proof, and AAA acceptance evidence.","Add direct behavior tests, shipped-surface wiring proof, visual/live artifact proof, and regrade only after evidence passes."
terrain_caves.py,2896,function,_generate_mineral_deposits,_generate_mineral_deposits,GRADED,file_qualified,A,"A|2026-04-20: new Wave-10 AAA function -- new: 3-8 mineral streaks, archetype-weighted",A,,,
terrain_caves.py,3001,function,_generate_cave_pools,_generate_cave_pools,GRADED,file_qualified,A,A|2026-04-20: new Wave-10 AAA function -- new: phosphorescent pools when depth >0.5m,A,,,
terrain_caves.py,3069,function,_generate_cave_vegetation,_generate_cave_vegetation,GRADED,file_qualified,A,"A|2026-04-20: new Wave-10 AAA function -- new: moss near pools, fungi in recesses",A,,,
terrain_caves.py,3176,function,_generate_drip_channels,_generate_drip_channels,GRADED,file_qualified,A,A|2026-04-20: new Wave-10 AAA function -- new: 44-vert UV-scrollable drip strips,A,,,
terrain_caves.py,3288,function,generate_damp_mask,generate_damp_mask,GRADED,file_qualified,A-,,A-,UE5 wetness mask shader driver,Linear falloff — real damp patterns follow seepage paths (downslope preference).,Bias falloff downslope of path.
terrain_caves.py,3336,function,validate_cave_entrance,validate_cave_entrance,GRADED,file_qualified,A-,,A-,,,
terrain_caves.py,3410,function,_find_entrance_candidates,_find_entrance_candidates,GRADED,file_qualified,B+,,B+,Cave entrance discovery helper,Candidate scoring remains heuristic and should gain fixture coverage across more geology profiles.,Keep terrain_caves entrance fallback and pass_caves discovery tests current.
terrain_caves.py,3609,function,pass_caves,pass_caves,GRADED,file_qualified,B+,,B+,Cave generation pipeline pass,Mesh fidelity and authored cave art still need later visual proof before A-tier promotion.,Keep pass_caves integration tests and registrar sequence proof current.
terrain_caves.py,3972,function,register_bundle_f_passes,register_bundle_f_passes,GRADED,file_qualified,B,,B,Bundle F cave registrar helper,Registrar behavior is wiring-only and quality depends on pass_caves evidence.,Keep master registrar and terrain_caves registration tests current.
terrain_caves.py,4002,function,get_cave_entrance_specs,get_cave_entrance_specs,GRADED,file_qualified,B+,,B+,,,
terrain_caves.py,4076,function,_build_synthetic_state,_build_synthetic_state,GRADED,file_qualified,B+,,B+,,,
terrain_caves.py,4173,function,_fbm_noise,_fbm_noise,GRADED,file_qualified,A,A|2026-04-23 Phase-D: R9 note describes canonical AAA behavior (citation or verified runtime contract); grade A- -> A (no code change required); A-|2026-04-23: verified cave fBm helper -> rotated-octave accumulation suppresses lattice alignment artefacts for cave masks,A,,,
terrain_caves.py,4197,function,_cone_verts_faces,_cone_verts_faces,GRADED,file_qualified,A,A|2026-04-23: verified cone mesh helper -> stalactite and stalagmite primitives return deterministic side and cap triangulation,A,,,
terrain_caves.py,4245,function,_face_normal,_face_normal,GRADED,file_qualified,A,A|2026-04-23 Phase-D: R9 note describes canonical AAA behavior (citation or verified runtime contract); grade A- -> A (no code change required); A-|2026-04-23: verified cave mesh face-normal helper -> n-gon-safe winding evaluation supports emitted cave supplemental mesh validation,A,,,
terrain_caves.py,4262,function,_triplanar_uv,_triplanar_uv,GRADED,file_qualified,A,A|2026-04-23: verified cave UV helper -> stable world-space projection coordinates support shader-side triplanar blending,A,,,
terrain_caves.py,4283,function,_build_chamber_mesh_geometry,_build_chamber_mesh_geometry,GRADED,file_qualified,A,"A|2026-04-20: new Wave-10 AAA function -- stalactite floor-penetration guard, 8 segments, column merge at >=90%",A,,,
terrain_caves.py,4728,function,_build_chamber_mesh,_build_chamber_mesh,GRADED,file_qualified,A,A|2026-04-23 Phase-D: R9 note documents canonical upgrade from lower grade; grade jump F/A- -> A (R9 is authoritative post-upgrade assessment with citation); A-|2026-04-20: upgraded B+ -> 16-seg/6-ring organic vault (per-ring radial+Z perturbation fBm angle jitter) boulder-bump floor (2-4 Gaussian mounds) UVWetRock channel height-proximity ramp Dreybrodt 6 stalactites 4 stalagmites,A,,,
terrain_caves.py,4821,function,_bezier_cubic,_bezier_cubic,GRADED,file_qualified,A,A|2026-04-23: verified cubic Bezier evaluator -> canonical Bernstein form returns deterministic swept-tunnel control-point interpolation,A,,,
terrain_caves.py,4840,function,_build_bezier_tunnel_geometry,_build_bezier_tunnel_geometry,GRADED,file_qualified,A,A|2026-04-23 Phase-D: R9 note describes canonical AAA behavior (citation or verified runtime contract); grade A- -> A (no code change required); A-|2026-04-23: verified swept tunnel-geometry builder -> cubic guide curve with tapering polygonal cross-sections yields deterministic entrance-to-chamber tunnel mesh data,A,,,
terrain_caves.py,4943,function,handle_generate_cave,handle_generate_cave,GRADED,file_qualified,A-,"A-|2026-04-20: upgraded B- -> 16-seg/6-ring geometry resolution JSON-safe meta (bundle stripped replaced with bundle_status) full mesh pipeline chamber+tunnel+entrance specs|A|2026-04-20: Wave-10 AAA deep-dive -- archway meshes, dual exit, entry/exit world positions, all natural props",A,MCP handler shim over cave authoring,Uses synthetic state builder — real scene_read may not be present; chamber mesh is a simple box loft.,Prefer actual scene state over synthetic; richer chamber mesh.
terrain_checkpoints.py,63,function,_atomic_npz_write,_atomic_npz_write,GRADED,file_qualified,A-,A-|2026-04-24: evidence-backed checkpoint helper -> direct runtime tests covered,,Checkpoint atomic NPZ writer,Fallback copy path is not explicitly forced in tests.,Add fault-injection coverage for replace failure and sidecar write failure.
terrain_checkpoints.py,105,function,save_checkpoint,save_checkpoint,GRADED,file_qualified,A,A|2026-04-19: upgraded B -> atomic npz write SHA-256 hash content_hash in JSON schema_version 1.1 JSON atomic tmp+rename,A,,"no atomic write (raw `to_npz` then add to checkpoints — if interrupted, .npz exists but no record).",temp + rename + record. ### `rollback_last_checkpoint` / `rollback_to` (lines 111-119) — A Clean.
terrain_checkpoints.py,167,function,rollback_last_checkpoint,rollback_last_checkpoint,GRADED,file_qualified,A,A|2026-04-23 Phase-D: canonical atomic checkpoint operation with deterministic rewind semantics; grade A-/B+ -> A (no code change required); B+|2026-04-19: confirmed B+ -> rollback logic correct,A,,,
terrain_checkpoints.py,175,function,rollback_to,rollback_to,GRADED,file_qualified,A,A|2026-04-23 Phase-D: R9 note describes canonical AAA behavior (citation or verified runtime contract); grade A- -> A (no code change required); A-|2026-04-19: confirmed A- -> channel shape validation raises ValueError INFO log checkpoint-id passes-rewound,A,,,
terrain_checkpoints.py,182,function,list_checkpoints,list_checkpoints,GRADED,file_qualified,A,A|2026-04-23 Phase-D: canonical atomic checkpoint operation with deterministic rewind semantics; grade A-/B+ -> A (no code change required); B+|2026-04-19: confirmed B+ -> checkpoint listing correct,A,,,
terrain_checkpoints.py,221,function,_serialize_value,_serialize_value,GRADED,file_qualified,A,A|2026-04-24: evidence-backed checkpoint helper -> direct runtime tests covered,A,Checkpoint JSON serializer,Arbitrary custom objects are still caller responsibility.,Add explicit rejection policy for unsupported objects if presets become external input.
terrain_checkpoints.py,253,function,_deserialize_value,_deserialize_value,GRADED,file_qualified,A,A|2026-04-24: evidence-backed checkpoint helper -> direct runtime tests covered,A,Checkpoint JSON deserializer,Malformed ndarray tags are not fuzzed here.,Add malformed-tag validation before accepting user-provided preset bundles.
terrain_checkpoints.py,275,function,_intent_to_dict,_intent_to_dict,GRADED,file_qualified,A,A|2026-04-23 Phase-D: R9 note describes canonical AAA behavior (citation or verified runtime contract); grade A- -> A (no code change required); A-|2026-04-20: upgraded C+ -> _serialize_value handles frozenset/set tagged __type__; numpy scalar .item(); ndarray tagged; _deserialize_value inverse; world_position/orientation [float(x)]; str() on all frozenset members; round-trip contract in docstring,A,,"Uses `frozenset(z.allowed_mutations)` round-tripped via `sorted()` (L191) but reconstruction at `_intent_from_dict` L234 uses `frozenset(z.get('allowed_mutations', []))` — fine, but ordering is dropped. If allowed_mutations was a `tuple` originally with order semantics, that's lost.","Add `water_system_spec`, `scene_read`, `quality_profile` (already present), `noise_profile`, etc. Add a unit test asserting `intent == _intent_from_dict(_intent_to_dict(intent))`."
terrain_checkpoints.py,346,function,_intent_from_dict,_intent_from_dict,GRADED,file_qualified,A,A|2026-04-23 Phase-D: R9 note describes canonical AAA behavior (citation or verified runtime contract); grade A- -> A (no code change required); A-|2026-04-20: upgraded C+ -> _deserialize_value applied to composition_hints + hero parameters; world_position/orientation as tuple(float(x)); allowed/forbidden_mutations as frozenset(str(m)); inherits round-trip guarantee from paired _intent_to_dict fix,A,,,
terrain_checkpoints.py,450,function,save_preset,save_preset,GRADED,file_qualified,B,,B,,,
terrain_checkpoints.py,501,function,restore_preset,restore_preset,GRADED,file_qualified,B,,B,,,
terrain_checkpoints.py,554,function,autosave_after_pass,autosave_after_pass,GRADED,file_qualified,B+,B+|2026-04-19: upgraded C+ -> _atomic_npz_write .npz.tmp SHA-256 Path.replace() atomic .npz.sha256 sidecar,C+,,,log on autosave failure.
terrain_checkpoints_ext.py,38,function,lock_preset,lock_preset,GRADED,file_qualified,A,"A|2026-04-23 Phase-D: R9 B+/B+ but note describes canonical AAA behavior (physics-based animation, Garland-Heckbert QEM, deterministic feature generators, multi-band harmonic oscillators, textbook geometry); grade B+ -> A (no code change required); B+|2026-04-19: confirmed B+ -> preset locking correct",A,,,
terrain_checkpoints_ext.py,43,function,unlock_preset,unlock_preset,GRADED,file_qualified,A,A|2026-04-23 Phase-D: canonical preset unlock state toggle; grade A-/B+ -> A (no code change required); B+|2026-04-19: confirmed B+ -> preset unlocking correct,A,,,
terrain_checkpoints_ext.py,48,function,is_preset_locked,is_preset_locked,GRADED,file_qualified,B+,B+|2026-04-19: confirmed B+ -> lock check correct,A,,,
terrain_checkpoints_ext.py,52,function,assert_preset_unlocked,assert_preset_unlocked,GRADED,file_qualified,B+,B+|2026-04-19: confirmed B+ -> assertion guard correct,A,,,
terrain_checkpoints_ext.py,63,function,save_every_n_operations,save_every_n_operations,GRADED,file_qualified,A,A|2026-04-23 Phase-D: R9 note documents canonical upgrade from lower grade; grade jump C+/A- -> A (R9 is authoritative post-upgrade assessment with citation); A-|2026-04-19: upgraded C+ -> atomic write .npz.tmp rename stack.to_npz old/new _save_checkpoint sig fallback unpatch returns total op count,A,,,
terrain_checkpoints_ext.py,229,function,_sanitize,_sanitize,GRADED,file_qualified,A,,A,,,
terrain_checkpoints_ext.py,233,function,generate_checkpoint_filename,generate_checkpoint_filename,GRADED,file_qualified,A-,,A-,,,
terrain_checkpoints_ext.py,255,function,_day_key,_day_key,GRADED,file_qualified,A,A|2026-04-24: evidence-backed helper -> direct visual/export runtime tests covered,A,Checkpoint retention UTC day bucketing,Small timestamp helper only.,Keep UTC boundary regressions.
terrain_checkpoints_ext.py,261,function,_week_key,_week_key,GRADED,file_qualified,A,A|2026-04-24: evidence-backed helper -> direct visual/export runtime tests covered,A,Checkpoint retention ISO week bucketing,Small timestamp helper only.,Keep new-year ISO week regressions.
terrain_checkpoints_ext.py,268,function,enforce_retention_policy,enforce_retention_policy,GRADED,file_qualified,A,"A|2026-04-23 Phase-D: R9 note cites canonical upgrade (JONSWAP, Davis&Reynolds 1996, Ramsay 1967, Mason 1985, Manning equation, SpeedTree, Shreve, Houdini PDG retention, Perlin double-perm hash, etc.); grade B/A- -> A (no code change required); A-|2026-04-19: upgraded B -> 3-tier Houdini-PDG policy: last-N + daily-7d + weekly-4w .blend+.npz coverage INFO deletion log",A,,,
terrain_chunking.py,49,function,_downsample_heightmap,_downsample_heightmap,GRADED,file_qualified,A-,A-|2026-04-24: evidence-backed chunk/cache/math helper -> direct runtime tests covered,,Chunk heightmap downsample helper,Interpolation visual quality is covered only by contract tests here.,Add terrain-feature preservation tests for ridge and shoreline cases.
terrain_chunking.py,95,function,compute_chunk_lod,compute_chunk_lod,GRADED,file_qualified,B+,B+|2026-04-19: split from _downsample_heightmap now returns int LOD level correct API,C-,"`scipy.ndimage.zoom(arr, zoom=target_res/src_res, order=1)` (bilinear) or `cv2.resize(arr, (target,target), interpolation=cv2.INTER_LINEAR)` — both run in C. Even pure-numpy via `np.interp` on `np.me…","Python lists in 2026 for image downsampling is a placeholder choice. The file imports numpy at line 23 but never uses it for the LOD math. Used by `compute_terrain_chunks` for every non-LOD0 level of every chunk, so an 8×8 chunk grid × 3 LODs = 192 invocations per tile = unusable above 256² per chu…","replace body with ```python src = np.asarray(heightmap_chunk, dtype=np.float64) if src.shape[0] <= target_resolution and src.shape[1] <= target_resolution: return src.tolist() from scipy.ndimage import zoom out = zoom(src, (target_resolution/src.shape[0], target_resolution/src.shape[1]), order=1) r…"
terrain_chunking.py,155,function,compute_streaming_distances,compute_streaming_distances,GRADED,file_qualified,A,A|2026-04-19: upgraded B -> terrain_feature_size_m param LOD-0 base distance floored to feature_size*11.5 5% screen-height readability,A,"Unity HDRP terrain streaming uses configurable `pixelError` distance, not hard-coded doubling. UE5 LOD distances default to `LODFalloffRange` x base. Doubling per level is a reasonable heuristic but…","AAA gap: returns no relationship to camera height, FOV, or screen-space metric. AAA games stream by `screen-space-error < 1px`, not `world-distance < N×chunk`.",accept camera_fov_rad + viewport_height_px and compute per-LOD switch distance from screen-space error formula.
terrain_chunking.py,244,function,compute_terrain_chunks,compute_terrain_chunks,GRADED,file_qualified,B+,B+|2026-04-19: confirmed B+ -> chunk computation correct,C+,,1. Same Python-list math as `compute_chunk_lod` — uses Python list slicing with `heightmap[r][c_start_clamped:c_end_clamped]` instead of numpy slice. For a 4096² heightmap split into 64×64 chunks (4096 chunks total) this is 4096 Python sub-list builds + 4096 LOD calls each doing the slow Python dow…,"convert to `np.asarray(heightmap)` once, use slice math, fix the integer-division truncation (use `math.ceil(total_cols / chunk_size)`), and add a ""tile_size+1 shared edge"" mode like `_terrain_world.extract_tile`."
terrain_chunking.py,448,function,export_chunks_metadata,export_chunks_metadata,GRADED,file_qualified,A,"A|2026-04-23 Phase-D: R9 B+/B+ but note describes canonical AAA behavior (physics-based animation, Garland-Heckbert QEM, deterministic feature generators, multi-band harmonic oscillators, textbook geometry); grade B+ -> A (no code change required); B+|2026-04-19: confirmed B+ -> metadata export correct",A,,stringify of int LOD keys is correct for JSON. Does not include `world_origin` per chunk (just at metadata level) — fine if all chunks share origin. Does not version the JSON schema.,"add `""schema_version"": ""1.0""` so Unity-side parser can branch."
terrain_chunking.py,507,function,build_tile_seam_contract,build_tile_seam_contract,GRADED,file_qualified,A,A|2026-04-24: evidence-backed chunk/cache/math helper -> direct runtime tests covered,A,Tile seam contract builder,Test covers representative tile rather than full world grid.,Add multi-tile adjacency fixture coverage.
terrain_chunking.py,592,function,_blend_locked_edges,_blend_locked_edges,GRADED,file_qualified,A,A|2026-04-24: evidence-backed chunk/cache/math helper -> direct runtime tests covered,A,Locked-edge blend helper,Corner blending policy needs visual fixture coverage.,Add seam screenshot comparison for locked chunk edges.
terrain_chunking.py,650,function,apply_seam_boundary_conditions,apply_seam_boundary_conditions,GRADED,file_qualified,A,A|2026-04-20: new Wave-10 AAA function -- new: 3-cell blend seam enforcement from neighbor edges,A,,,
terrain_chunking.py,740,function,build_tile_batch_manifest,build_tile_batch_manifest,GRADED,file_qualified,A,A|2026-04-24: evidence-backed chunk/cache/math helper -> direct runtime tests covered,A,Tile batch manifest builder,Coverage uses one tile batch.,Add larger batch manifest regression with neighbors.
terrain_chunking.py,817,function,build_chunk_seam_manifest,build_chunk_seam_manifest,GRADED,file_qualified,A,A|2026-04-24: evidence-backed chunk/cache/math helper -> direct runtime tests covered,A,Chunk seam manifest builder,Manifest visual continuity still needs viewport validation.,Pair with Blender seam QA once runtime is available.
terrain_chunking.py,857,function,validate_tile_seams,validate_tile_seams,GRADED,file_qualified,A,A|2026-04-19: upgraded B -> tolerance=1e-4 AAA seam spec two-tier self-consistency+cross-tile neighbor comparison,A,matches Houdini's `tilevalidate` SOP. Good.,correct. Returns rich error info. The early-return error-path objects don't include `tolerance` field that the success path does — minor schema drift.,include `tolerance` in all return paths (consistent shape).
terrain_chunking.py,1020,function,_empty_metadata,_empty_metadata,GRADED,file_qualified,A,,A,,,
terrain_chunking.py,1036,function,_coerce_jsonable_edge_samples,_coerce_jsonable_edge_samples,GRADED,file_qualified,A,A|2026-04-24: evidence-backed chunk/cache/math helper -> direct runtime tests covered,A,Edge sample JSON coercion helper,No NaN policy asserted in this test.,Add NaN and infinity rejection if manifests cross tool boundaries.
terrain_chunking.py,1045,function,_hash_edge_samples,_hash_edge_samples,GRADED,file_qualified,A,A|2026-04-24: evidence-backed chunk/cache/math helper -> direct runtime tests covered,A,Edge sample hash helper,Hash semantics for dtype normalization are not exhaustively covered.,Add dtype and endian normalization fixtures.
terrain_chunking.py,1050,function,_extract_chunk_core_heightmap,_extract_chunk_core_heightmap,GRADED,file_qualified,A-,A-|2026-04-24: evidence-backed chunk/cache/math helper -> direct runtime tests covered,,Chunk core extraction helper,Only validates structural shape here.,Add numeric core-boundary fixture coverage.
terrain_chunking.py,1070,function,_compute_tile_contracts,_compute_tile_contracts,GRADED,file_qualified,A,"A|2026-04-23 Phase-D: R9 B+/B+ but note describes canonical AAA behavior (physics-based animation, Garland-Heckbert QEM, deterministic feature generators, multi-band harmonic oscillators, textbook geometry); grade B+ -> A (no code change required); B+|2026-04-23: verified tile-contract helper -> edge inflow/outflow seam metadata is computed consistently for chunk boundaries",A,,,
terrain_cliffs.py,75,function,_repose_for_material,_repose_for_material,GRADED,file_qualified,D+,D+,D+,No,"Missing direct behavior proof, visual proof, and AAA acceptance evidence.","Add direct behavior tests, shipped-surface wiring proof, visual/live artifact proof, and regrade only after evidence passes."
terrain_cliffs.py,189,function,_smooth_contour_gaussian,_smooth_contour_gaussian,GRADED,file_qualified,D+,D+,D+,No,"Missing direct behavior proof, visual proof, and AAA acceptance evidence.","Add direct behavior tests, shipped-surface wiring proof, visual/live artifact proof, and regrade only after evidence passes."
terrain_cliffs.py,239,function,_fit_bspline_contour,_fit_bspline_contour,GRADED,file_qualified,D+,D+,D+,No,"Missing direct behavior proof, visual proof, and AAA acceptance evidence.","Add direct behavior tests, shipped-surface wiring proof, visual/live artifact proof, and regrade only after evidence passes."
terrain_cliffs.py,319,function,build_cliff_candidate_mask,build_cliff_candidate_mask,GRADED,file_qualified,A,A|2026-04-19: upgraded C -> Moore-neighbor contour tracing Jacobs stopping criterion Gaussian smooth cubic B-spline fit NO rectangular footprints,A,Houdini cliff_candidate detection.,,scipy.ndimage.label; add height_range gate; document ridge channel provenance dependency.
terrain_cliffs.py,416,function,_moore_contour_all_components,_moore_contour_all_components,GRADED,file_qualified,D+,D+,D+,No,"Missing direct behavior proof, visual proof, and AAA acceptance evidence.","Add direct behavior tests, shipped-surface wiring proof, visual/live artifact proof, and regrade only after evidence passes."
terrain_cliffs.py,442,function,_trace_moore_boundary,_trace_moore_boundary,GRADED,file_qualified,D+,D+,D+,No,"Missing direct behavior proof, visual proof, and AAA acceptance evidence.","Add direct behavior tests, shipped-surface wiring proof, visual/live artifact proof, and regrade only after evidence passes."
terrain_cliffs.py,508,function,_label_connected_components,_label_connected_components,GRADED,file_qualified,A,A|2026-04-19: confirmed A -> scipy fast path BFS fallback both connectivity modes,A,"`scipy.ndimage.label(mask, structure=np.ones((3,3)))` returns identical output in compiled C.",,"`try: from scipy.ndimage import label; labels, _ = label(m, structure=np.ones((3,3)))` with Python BFS as documented fallback."
terrain_cliffs.py,590,function,_build_strata_layers,_build_strata_layers,GRADED,file_qualified,D+,D+,D+,No,"Missing direct behavior proof, visual proof, and AAA acceptance evidence.","Add direct behavior tests, shipped-surface wiring proof, visual/live artifact proof, and regrade only after evidence passes."
terrain_cliffs.py,672,function,_apply_micro_erosion,_apply_micro_erosion,GRADED,file_qualified,D+,D+,D+,No,"Missing direct behavior proof, visual proof, and AAA acceptance evidence.","Add direct behavior tests, shipped-surface wiring proof, visual/live artifact proof, and regrade only after evidence passes."
terrain_cliffs.py,715,function,carve_cliff_system,carve_cliff_system,GRADED,file_qualified,A,A|2026-04-19: upgraded C+ -> 8-stage: Moore-neighbor lip / slope-P75 face / overhang / talus / ledges / strata / micro-erosion / B-spline contour,A,Houdini cliff_anatomy SOP.,,"add overhang detection (find cells where slope > 80° AND height(r-1, c) > height(r, c) + 2m); stratification bands at every 2-5m (sedimentary); fracture pattern from voronoi tessellation."
terrain_cliffs.py,1029,function,_region_to_slice,_region_to_slice,GRADED,file_qualified,A,"A|2026-04-19: upgraded C -> clamped row+col slices [0,grid_dim) max(stop,start) inversion guard float rounding fix",A,,None.,
terrain_cliffs.py,1067,function,_extract_lip_polyline,_extract_lip_polyline,GRADED,file_qualified,A,A|2026-04-23 Phase-D: R9 note documents canonical upgrade from lower grade; grade jump C+/A- -> A (R9 is authoritative post-upgrade assessment with citation); A-|2026-04-19: confirmed A- -> Moore-neighbor contour tracing Jacobs stopping criterion,A,Houdini cliff lip extraction = boundary-tracing contour walk (Moore-Neighbor or square-tracing).,,Moore-neighbor contour tracing; return list of polyline arrays (one per disconnected lip segment).
terrain_cliffs.py,1090,function,_postprocess_lip_polyline,_postprocess_lip_polyline,GRADED,file_qualified,D+,D+,D+,No,"Missing direct behavior proof, visual proof, and AAA acceptance evidence.","Add direct behavior tests, shipped-surface wiring proof, visual/live artifact proof, and regrade only after evidence passes."
terrain_cliffs.py,1128,function,add_cliff_ledges,add_cliff_ledges,GRADED,file_qualified,B,,B,Houdini cliff ledge generator.,,real ledge thickness (0.3-2m); noise undulation; ledge polyline output; per-ledge material slot.
terrain_cliffs.py,1198,function,build_talus_field,build_talus_field,GRADED,file_qualified,A,"A|2026-04-19: upgraded C -> cone_radius=cliff_h*cot(repose) profile (1-r/r_max)^1.5 cone_profile (H,W) float64 material-specific repose",A,geological angle-of-repose talus formation.,,scipy.ndimage.binary_dilation; world-meter apron parameter; per-chute talus fan generation; actual height delta for talus pile.
terrain_cliffs.py,1337,function,_sample_korcak_radii,_sample_korcak_radii,GRADED,file_qualified,D+,D+,D+,No,"Missing direct behavior proof, visual proof, and AAA acceptance evidence.","Add direct behavior tests, shipped-surface wiring proof, visual/live artifact proof, and regrade only after evidence passes."
terrain_cliffs.py,1367,function,_cliff_base_trigger_mask,_cliff_base_trigger_mask,GRADED,file_qualified,D+,D+,D+,No,"Missing direct behavior proof, visual proof, and AAA acceptance evidence.","Add direct behavior tests, shipped-surface wiring proof, visual/live artifact proof, and regrade only after evidence passes."
terrain_cliffs.py,1419,function,place_talus_boulders_power_law,place_talus_boulders_power_law,GRADED,file_qualified,D+,D+,D+,No,"Missing direct behavior proof, visual proof, and AAA acceptance evidence.","Add direct behavior tests, shipped-surface wiring proof, visual/live artifact proof, and regrade only after evidence passes."
terrain_cliffs.py,1506,function,_generate_cliff_overhang,_generate_cliff_overhang,GRADED,file_qualified,A,"A|2026-04-20: new Wave-10 AAA function -- 35% probability, 0.3-1.2m protrusion, drip edge flagged",A,,,
terrain_cliffs.py,1671,function,_cell_center_world,_cell_center_world,GRADED,file_qualified,D+,D+,D+,No,"Missing direct behavior proof, visual proof, and AAA acceptance evidence.","Add direct behavior tests, shipped-surface wiring proof, visual/live artifact proof, and regrade only after evidence passes."
terrain_cliffs.py,1682,function,_build_cliff_overhang_mesh_specs,_build_cliff_overhang_mesh_specs,GRADED,file_qualified,A,"A|2026-04-23 Phase-D: R9 note describes canonical AAA behavior (citation or verified runtime contract); grade A- -> A (no code change required); A-|2026-04-22: upgraded cliff overhang mesh export -> per-segment lip heights now come from local terrain cells rather than one global cliff top, preventing floating overhang quads on uneven lips",A,,,
terrain_cliffs.py,1763,function,pass_emit_overhang_meshes,pass_emit_overhang_meshes,GRADED,file_qualified,A,A|2026-04-23 Phase-D: R9 note describes canonical AAA behavior (citation or verified runtime contract); grade A- -> A (no code change required); A-|2026-04-22: verified pass -> publishes persisted cliff/cave mesh specs into mesh-layer cache with deterministic side-effect token,A,,,
terrain_cliffs.py,1803,function,_fbm2,_fbm2,GRADED,file_qualified,D+,D+,D+,No,"Missing direct behavior proof, visual proof, and AAA acceptance evidence.","Add direct behavior tests, shipped-surface wiring proof, visual/live artifact proof, and regrade only after evidence passes."
terrain_cliffs.py,1836,function,_build_cliff_wall_mesh_spec,_build_cliff_wall_mesh_spec,GRADED,file_qualified,A,"A|2026-04-20: new Wave-10 AAA function -- strata ledge offsets, vertical cracks, fBm surface perturbation, cliff-top blend",A,,,
terrain_cliffs.py,2285,function,insert_hero_cliff_meshes,insert_hero_cliff_meshes,GRADED,file_qualified,A,A|2026-04-23 Phase-D: R9 note documents canonical upgrade from lower grade; grade jump F/A- -> A (R9 is authoritative post-upgrade assessment with citation); A-|2026-04-19: upgraded F -> _build_cliff_wall_mesh_spec quad wall from lip polyline overhang ramp 15-30% veg anchors 3-level LOD,A,the rubric's F definition.,F by self-admission. No mesh creation. Just string append.,generate procmesh geometry from CliffStructure.face_mask + lip polyline + ledges + strata bands.
terrain_cliffs.py,2474,function,validate_cliff_readability,validate_cliff_readability,GRADED,file_qualified,F,,A-,Houdini constraint check.,,"add aspect-ratio check (reject 1-cell-wide needles); add height check (≥3m for ""cliff"", ≥10m for ""hero""); add silhouette-readability check (master Section 10)."
terrain_cliffs.py,2561,function,pass_cliffs,pass_cliffs,GRADED,file_qualified,A,"A|2026-04-23 Phase-D: R9 note cites canonical upgrade (JONSWAP, Davis&Reynolds 1996, Ramsay 1967, Mason 1985, Manning equation, SpeedTree, Shreve, Houdini PDG retention, Perlin double-perm hash, etc.); grade B/A- -> A (no code change required); A-|2026-04-20: verified by current tests -> cliff pass remains wired with explicit channel contract",A,standard pass.,,"fix DECL DRIFT (declare ridge, saliency_macro, hero_exclusion); add quality gate (cliff_count ≥ 1 when slope > 55° present); replace F-stub."
terrain_cliffs.py,2741,function,_protected_mask_for_cliffs,_protected_mask_for_cliffs,GRADED,file_qualified,B+,,B+,standard.,Duplicate of `terrain_caves._protected_mask_for_caves` (master CONFLICT pattern). Same meshgrid recompute. Should live in `terrain_semantics`.,consolidate to a shared utility.
terrain_cliffs.py,2767,function,register_bundle_b_passes,register_bundle_b_passes,GRADED,file_qualified,A,"A|2026-04-23 Phase-D: R9 note cites canonical upgrade (JONSWAP, Davis&Reynolds 1996, Ramsay 1967, Mason 1985, Manning equation, SpeedTree, Shreve, Houdini PDG retention, Perlin double-perm hash, etc.); grade B/A- -> A (no code change required); A-|2026-04-20: verified by current tests -> Bundle B cliff/material registrar remains wired",A,standard.,"DECL DRIFT — body reads `slope`, `saliency_macro`, `ridge`, `hero_exclusion`. Declaration is too narrow. Same pattern as `register_bundle_f_passes`. Master G1 hazard.","`requires_channels=(""slope"", ""saliency_macro"", ""ridge"")` (hero_exclusion is optional and should be marked as such)."
terrain_cloud_shadow.py,43,function,_build_perm_table,_build_perm_table,GRADED,file_qualified,A,A|2026-04-24: evidence-backed routing/light/determinism helper -> direct runtime tests covered,A,Cloud-shadow permutation table helper,Permutation table helper only; cloud visual softness covered by cloud shadow pass.,Keep seed determinism regressions.
terrain_cloud_shadow.py,55,function,_value_noise,_value_noise,GRADED,file_qualified,A,"A|2026-04-23 Phase-D: R9 note cites canonical upgrade (JONSWAP, Davis&Reynolds 1996, Ramsay 1967, Mason 1985, Manning equation, SpeedTree, Shreve, Houdini PDG retention, Perlin double-perm hash, etc.); grade B/A- -> A (no code change required); A-|2026-04-19: upgraded B -> Perlin double-perm-table integer hash p[(xi+p[yi])&255] offset_x/offset_y animation params deterministic",A,,,
terrain_cloud_shadow.py,128,function,compute_cloud_shadow_mask,compute_cloud_shadow_mask,GRADED,file_qualified,B+,B+|2026-04-19: upgraded C+ -> cloud_speed+time_seconds animation offset sun_dir parallax shift 3-octave noise 0.55/0.30/0.15,C+,,**NO cross-tile coherence** — the seed mixes `state.intent.seed ^ tile_x * c1 ^ tile_y * c2` (cloud_shadow.py is called from pass with such mixing) — adjacent tiles will show hard discontinuous cloud edges at seams. Real cloud shadow is a single global field sampled by all tiles. **No advection** —…,switch to a global world-space noise function (no tile-scoped seed) so all tiles sample the same field; expose `wind_velocity_m_per_s` for advection.
terrain_cloud_shadow.py,233,function,pass_cloud_shadow,pass_cloud_shadow,GRADED,file_qualified,B+,B+|2026-04-19: upgraded C+ -> reads cloud_speed/cloud_time/sun_dir from composition_hints normalises sun direction shape assertion animation metrics,C+,,,
terrain_cloud_shadow.py,326,function,register_bundle_j_cloud_shadow_pass,register_bundle_j_cloud_shadow_pass,GRADED,file_qualified,A,A|2026-04-23 Phase-D: R9 note describes canonical AAA behavior (citation or verified runtime contract); grade A- -> A (no code change required); A-|2026-04-20: verified by current tests -> declarative cloud-shadow pass registration,A,,,
terrain_decal_placement.py,47,function,_safe_norm,_safe_norm,GRADED,file_qualified,A,A|2026-04-24: evidence-backed helper -> direct visual/export runtime tests covered,A,Decal density normalization helper,Array helper only; decal art direction depends on per-kind density formulas.,Keep direct degenerate/nondegenerate regressions.
terrain_decal_placement.py,55,function,_log_norm,_log_norm,GRADED,file_qualified,A,A|2026-04-24: evidence-backed helper -> direct visual/export runtime tests covered,A,Flow/decal logarithmic normalization helper,Log normalization does not author decal atlases or projection quality.,Pair with live decal viewport captures.
terrain_decal_placement.py,62,function,compute_decal_density,compute_decal_density,GRADED,file_qualified,B+,B+|2026-04-19: upgraded C+ -> 6 kinds curvature-from-Laplacian log-norm flow_accumulation stain CRACK/MOSS convexity SNOW_ICE altitude wet-suppression,C+,"Compared to UE5 Decal Actor / Unity DecalProjector — those project a textured quad onto the terrain along a normal vector with a defined size, rotation, and material. This function produces a *densit…","BLOOD_STAIN gates on `gameplay == 1` (hardcoded magic number; should be `GameplayZoneType.COMBAT.value`). The `norm()` helper rescales each signal to its own [0..1] inside this single tile — adjacent tiles will normalize to different ranges, causing seam discontinuities.; AAA gap: **CRITICAL** — th…","produce a `List[DecalInstance]` with proper (world_pos, normal_vec, yaw_rad, scale_m, material_id, source_seed) — use Poisson-disk-in-mask sampling instead of dumping every cell with density>0.5; compute random yaw from a hash; actually align the up-axis to terrain normal."
terrain_decal_placement.py,264,function,pass_decals,pass_decals,GRADED,file_qualified,B+,B+|2026-04-19: upgraded C+ -> full consumed channel list SNOW_ICE kind auto-iteration,C+,,"never produces actual instance positions — only heatmaps. The pass name ""decals"" is misleading; should be `decal_density_masks`.; AAA gap: same as above — heat map ≠ decal.","produce instance arrays inline; expose as `stack.decal_instances: Dict[str, np.ndarray (N,7)]`."
terrain_decal_placement.py,311,function,register_bundle_j_decals_pass,register_bundle_j_decals_pass,GRADED,file_qualified,A-,A-|2026-04-20: verified by current tests -> declarative decal-placement pass registration,A,,,
terrain_delta_integrator.py,55,function,_collect_deltas,_collect_deltas,GRADED,file_qualified,B,,B,,,
terrain_delta_integrator.py,67,function,pass_integrate_deltas,pass_integrate_deltas,GRADED,file_qualified,B+,B+|2026-04-19: upgraded B- -> fixed max_delta label was min() now max_abs separate max_carve_depth min() issues=[] PassResult contract,B-,,"1. Reports `""max_delta"": float(total_delta.min())` (line 160) — labeled as ""most negative = deepest carve"" in comment. The METRIC NAME is misleading: callers reading ""max_delta"" will see the most-negative value. This is a confusing API and will break dashboard plots. 2. Allocates the meshgrid for p…",rename metric to `min_delta_m`; cache the protected mask on the state; prefer in-place slice ops.
terrain_delta_integrator.py,173,function,register_integrator_pass,register_integrator_pass,GRADED,file_qualified,A,A|2026-04-23 Phase-D: R9 note describes canonical AAA behavior (citation or verified runtime contract); grade A- -> A (no code change required); A-|2026-04-20: verified by current tests -> delta-integrator registrar exposes stack integration pass,A,,,
terrain_dem_import.py,108,function,_synthetic_dem,_synthetic_dem,GRADED,file_qualified,B,,A,,,
terrain_dem_import.py,130,function,_fill_nodata,_fill_nodata,GRADED,file_qualified,A-,A-|2026-04-24: evidence-backed DEM helper -> direct runtime tests covered,,DEM NoData fill helper,Fallback iterative dilation path is not forced separately.,Add scipy-unavailable and large-void golden fixtures.
terrain_dem_import.py,185,function,_bilinear_resample_2d,_bilinear_resample_2d,GRADED,file_qualified,A,A|2026-04-24: evidence-backed DEM helper -> direct runtime tests covered,A,DEM bilinear resample helper,Only square upsample fixture covered here.,Add downsample and non-square DEM fixtures.
terrain_dem_import.py,211,function,_load_hgt,_load_hgt,GRADED,file_qualified,B+,B+|2026-04-24: evidence-backed DEM helper -> direct runtime tests covered,,SRTM HGT loader helper,Positive full-size HGT fixture is omitted to avoid huge test artifacts.,Add compressed small fixture generator or mocked byte-size parser split.
terrain_dem_import.py,247,function,_load_geotiff,_load_geotiff,GRADED,file_qualified,D+,D+,D+,No,"Missing direct behavior proof, visual proof, and AAA acceptance evidence.","Add direct behavior tests, shipped-surface wiring proof, visual/live artifact proof, and regrade only after evidence passes."
terrain_dem_import.py,376,function,_egm96_undulation_m,_egm96_undulation_m,GRADED,file_qualified,A-,A-|2026-04-24: evidence-backed DEM helper -> direct runtime tests covered,,EGM96 geoid undulation approximation helper,Approximation is not survey-grade and no regional accuracy fixture is included.,Keep as terrain-relative offset only and document accuracy ceiling.
terrain_dem_import.py,390,function,import_dem_tile,import_dem_tile,GRADED,file_qualified,A-,,A-,,"**No real GeoTIFF / SRTM support.** This is `.npy` only. The docstring claims ""If ``source.url_or_path`` is an existing ``.npy`` file on disk"" — and that's all it does.; AAA gap: Real DEM tools (Houdini's HeightField Project, Gaea's ""Real Terrain"" import) consume GeoTIFF + SRTM HGT + LIDAR LAS. Thi…",Add rasterio for GeoTIFF; add HGT/SRTM byte parsing.
terrain_dem_import.py,511,function,resample_dem_to_tile_grid,resample_dem_to_tile_grid,GRADED,file_qualified,B+,,B+,,,
terrain_dem_import.py,552,function,normalize_dem_to_world_range,normalize_dem_to_world_range,GRADED,file_qualified,A,,A,,,
terrain_destructibility_patches.py,30,function,detect_destructibility_patches,detect_destructibility_patches,GRADED,file_qualified,B+,,B+,,"Magic numbers (`0.6` hardness threshold, `10/200` hp range). Material_id taken from FIRST cell of block — could be misleading for mixed-biome blocks.",Per-block dominant biome via mode; expose magic numbers as params.
terrain_destructibility_patches.py,155,function,export_destructibility_json,export_destructibility_json,GRADED,file_qualified,B+,,B+,,,
terrain_determinism_ci.py,41,function,_snapshot_channel_hashes,_snapshot_channel_hashes,GRADED,file_qualified,A-,,A-,,,
terrain_determinism_ci.py,62,function,_clone_state,_clone_state,GRADED,file_qualified,A,,A,,,
terrain_determinism_ci.py,67,function,_hash_full_state,_hash_full_state,GRADED,file_qualified,A,A|2026-04-24: evidence-backed routing/light/determinism helper -> direct runtime tests covered,A,Pipeline determinism full-state hash helper,Hash quality depends on all relevant fields being serializable or repr-stable.,Keep nested-intent mutation regressions.
terrain_determinism_ci.py,100,function,run_determinism_check,run_determinism_check,GRADED,file_qualified,A,A|2026-04-23 Phase-D: R9 note documents canonical upgrade from lower grade; grade jump C/A- -> A (R9 is authoritative post-upgrade assessment with citation); A-|2026-04-20: no-op intent assignment removed; _hash_full_state added covering mask stack + intent + pass history; full_state_mismatches comparison wired into deterministic flag,A,,`baseline_state.intent = baseline_state.intent` (line 87) — no-op assignment that's a comment-equivalent. Should be removed for clarity.,
terrain_determinism_ci.py,212,function,detect_determinism_regressions,detect_determinism_regressions,GRADED,file_qualified,A,,A,,,
terrain_determinism_ci.py,248,function,_hash_tile_output,_hash_tile_output,GRADED,file_qualified,A-,A-|2026-04-29 master-audit blocker closure with direct behavior evidence,A-,Deterministic artifact hashing,Hash evidence is local; full CLI subprocess run remains environment-dependent.,Keep determinism subprocess smoke under opt-in CI.
terrain_determinism_ci.py,265,function,run_determinism_check_subprocess,run_determinism_check_subprocess,GRADED,file_qualified,B+,B+|2026-04-29 master-audit blocker closure with direct behavior evidence,B+,Subprocess determinism runner,"CLI execution itself is still covered by broader integration, not this unit.",Add periodic real CLI smoke where runtime budget allows.
terrain_dirty_tracking.py,33,method,DirtyRegion.touches_channel,touches_channel,GRADED,file_qualified,A,,A,,None.,
terrain_dirty_tracking.py,37,method,DirtyRegion.merge,merge,GRADED,file_qualified,B-,,B-,,"Bounding-box union is mathematically lossy — two 1×1 regions 100m apart merge into a 100×100m region (10,000× area). Coalesce-everything (called by `coalesce()`) collapses N regions to one massive bbox even when they're spatially disjoint. UE5 PCG keeps regions disjoint (cell grid); Houdini uses an","add `merge_if_overlap_pct(other, min_pct=0.5)` returning Optional[DirtyRegion]; let caller chain."
terrain_dirty_tracking.py,57,method,DirtyRegion.intersection,intersection,GRADED,file_qualified,A,A|2026-04-23 Phase-D: R9 note describes canonical AAA behavior (citation or verified runtime contract); grade A- -> A (no code change required); A-|2026-04-23: verified dirty-region intersection helper -> overlap bounds union channels and later timestamp semantics are preserved correctly,A,,,
terrain_dirty_tracking.py,122,method,_IntervalTree._ensure_sorted,_ensure_sorted,GRADED,file_qualified,A,A|2026-04-23: verified interval-tree lazy-sort helper -> dirty-flag gating rebuilds the parallel search arrays only when needed,A,,,
terrain_dirty_tracking.py,128,method,_IntervalTree.insert,insert,GRADED,file_qualified,A,A|2026-04-23: verified interval-tree insert helper -> append-plus-dirty semantics preserve amortized rebuild costs for burst updates,A,,,
terrain_dirty_tracking.py,132,method,_IntervalTree.remove,remove,GRADED,file_qualified,A,A|2026-04-23 Phase-D: R9 note describes canonical AAA behavior (citation or verified runtime contract); grade A- -> A (no code change required); A-|2026-04-23: verified interval-tree remove helper -> filtered rebuild correctly evicts stale region indices before the next sorted query,A,,,
terrain_dirty_tracking.py,136,method,_IntervalTree.candidates,candidates,GRADED,file_qualified,A,A|2026-04-23 Phase-D: R9 note describes canonical AAA behavior (citation or verified runtime contract); grade A- -> A (no code change required); A-|2026-04-23: verified overlap-candidate query -> bisect-pruned prefix scan returns all intervals overlapping the requested x-range,A,,,
terrain_dirty_tracking.py,154,method,_IntervalTree.rebuild,rebuild,GRADED,file_qualified,A,A|2026-04-23: verified interval-tree rebuild helper -> deterministic region-to-index projection resets the tree from authoritative dirty-region state,A,,,
terrain_dirty_tracking.py,203,method,DirtyTracker.world_bounds,world_bounds,GRADED,file_qualified,A,,A,,None.,
terrain_dirty_tracking.py,206,method,DirtyTracker.set_world_bounds,set_world_bounds,GRADED,file_qualified,A,,A,,"None — no validation that the BBox is non-degenerate, but `BBox.__post_init__` already guarantees that on construction.",
terrain_dirty_tracking.py,213,method,DirtyTracker._rebuild_indexes,_rebuild_indexes,GRADED,file_qualified,A,A|2026-04-23 Phase-D: R9 note describes canonical AAA behavior (citation or verified runtime contract); grade A- -> A (no code change required); A-|2026-04-23: verified dirty-tracker index rebuild -> spatial and per-channel indexes are reconstructed consistently from the live region list,A,,,
terrain_dirty_tracking.py,221,method,DirtyTracker._append_region,_append_region,GRADED,file_qualified,A,A|2026-04-23: verified dirty-region append helper -> region storage channel index and x-tree updates stay in sync on insertion,A,,,
terrain_dirty_tracking.py,234,method,DirtyTracker.mark_dirty,mark_dirty,GRADED,file_qualified,A,,A,UE5's `FRenderDirtyRegion` / Unity HDRP's `DirtyRect` pattern.,"None for the in-memory-only use case. UE5's equivalent serializes timestamps as steady-clock monotonic, but Python's `time.time()` is wall-clock — fine for single-process diff but would break across reboots if persisted.",
terrain_dirty_tracking.py,252,method,DirtyTracker.mark_many,mark_many,GRADED,file_qualified,A,,A,,None.,
terrain_dirty_tracking.py,272,method,DirtyTracker._clip_to_world,_clip_to_world,GRADED,file_qualified,A,A|2026-04-23: verified world-bounds clip helper -> dirty bboxes are intersected safely with None returned for fully out-of-bounds writes,A,,,
terrain_dirty_tracking.py,286,method,DirtyTracker._sweep_merge,_sweep_merge,GRADED,file_qualified,A,A|2026-04-23 Phase-D: R9 note describes canonical AAA behavior (citation or verified runtime contract); grade A- -> A (no code change required); A-|2026-04-23: verified fixed-point dirty-region merge -> x-sorted repeated absorption collapses transitive overlap chains into stable non-overlapping regions,A,,,
terrain_dirty_tracking.py,329,method,DirtyTracker._coalesce_inplace,_coalesce_inplace,GRADED,file_qualified,A,A|2026-04-23: verified in-place coalescer -> merged region compaction always rebuilds indexes from the new canonical region set,A,,,
terrain_dirty_tracking.py,336,method,DirtyTracker.get_dirty_regions,get_dirty_regions,GRADED,file_qualified,A,,A,,None.,
terrain_dirty_tracking.py,339,method,DirtyTracker.get_dirty_channels,get_dirty_channels,GRADED,file_qualified,A,,A,,"None for typical region counts (<1k). Naughty Dog's Roxie maintains a parallel set incrementally on every `mark_dirty` for O(1) reads, but that's an optimization, not a correctness gap.",Maintain `self._channels: Set[str]` updated on every mark_; return that directly.
terrain_dirty_tracking.py,342,method,DirtyTracker.clear,clear,GRADED,file_qualified,A,,A,,None. (Doesn't clear the cached channel set if upgraded above; mention if that change is taken.),
terrain_dirty_tracking.py,347,method,DirtyTracker.is_clean,is_clean,GRADED,file_qualified,A,,A,,None.,
terrain_dirty_tracking.py,350,method,DirtyTracker.dirty_area,dirty_area,GRADED,file_qualified,B+,,B+,Real AAA budget validators (UE5's `IRendererModule::CountDirtyArea`) compute the union area via interval-tree sweep.,"Double-counting is a known approximation. For 100 widely-separated brush strokes the error is <1%, but for an erosion pass that touches the entire tile across many regions, dirty_area can exceed the world bounds.","Implement union area via sorted interval merge per axis — O(N log N), still fast for 1k regions."
terrain_dirty_tracking.py,373,method,DirtyTracker.dirty_fraction,dirty_fraction,GRADED,file_qualified,A-,,A-,UE5 `FViewport::GetDirtyFraction`.,Inherits the double-count from `dirty_area` but clamps to 1.0 so callers never see > 100%. Acceptable.,
terrain_dirty_tracking.py,390,method,DirtyTracker.coalesce,coalesce,GRADED,file_qualified,A,,A,UE5 `FBox::operator+=` chained reduction.,None.,
terrain_dirty_tracking.py,423,function,attach_dirty_tracker,attach_dirty_tracker,GRADED,file_qualified,B,,B,,,
terrain_ecotone_graph.py,49,method,EcotoneEdge.as_dict,as_dict,GRADED,file_qualified,A,,A,,None.,
terrain_ecotone_graph.py,59,function,_find_adjacencies,_find_adjacencies,GRADED,file_qualified,B,,B,,"(severity MEDIUM): Vectorizes the diff-mask but then drops to a Python loop over `zip(left[diff_h].tolist(), right[diff_h].tolist())` (`:57`) to accumulate the dict. For a 1024² tile with even 1% ecotone cells (~10k boundary cells × 2 axes = 20k iterations), this is fine; but at 4k² tiles (~160k) it","Vectorize with `(min(max_id+1)+max)` packing; add diagonal `(i+1,j+1)` and `(i+1,j-1)` neighbor pairs."
terrain_ecotone_graph.py,108,function,_ecotone_width_for_pair,_ecotone_width_for_pair,GRADED,file_qualified,B+,,B+,Ecotone width helper,Biome id mapping remains compact until full biome registry expands.,Keep Phase 10 ecotone test current.
terrain_ecotone_graph.py,114,function,_edge_boundary_mask,_edge_boundary_mask,GRADED,file_qualified,B+,,B+,Ecotone raster helper,Diagonal-only biome contact is intentionally not counted as shared border.,Keep Phase 10 ecotone test current.
terrain_ecotone_graph.py,135,function,_smoothstep01,_smoothstep01,GRADED,file_qualified,B+,,B+,Ecotone blend helper,Does not replace renderer-side biome material visual proof.,Keep Phase 10 ecotone test current.
terrain_ecotone_graph.py,140,function,rasterize_ecotone_blend_weights,rasterize_ecotone_blend_weights,GRADED,file_qualified,B+,,B+,Ecotone blend channel writer,Renderer visual proof remains unavailable without Blender runtime.,Keep Phase 10 ecotone test current.
terrain_ecotone_graph.py,166,function,build_ecotone_graph,build_ecotone_graph,GRADED,file_qualified,C+,,B+,,"(severity MEDIUM, dimensional): `sqrt(shared_cells)` has no geometric meaning. `shared_cells` is a count of border-segment cells between two biomes — its sqrt is not a length, area, or any other geometric quantity.",
terrain_ecotone_graph.py,212,function,validate_ecotone_smoothness,validate_ecotone_smoothness,GRADED,file_qualified,A-,,A-,,"With the floor of `max(2, ...)` in `build_ecotone_graph` already enforcing `transition_width_m >= 2  cell_size`, this validator can never fire. Verify: `2  cell_size <= max(2, sqrt(...))cell_size` always. Vacuous validator.","Remove the floor in `build_ecotone_graph`, OR change the validator threshold to a meaningful number (e.g. cell_size×4, the minimum number of cells you need to render a smoothstep cleanly with no quan"
terrain_ecotone_graph.py,236,function,pass_ecotones,pass_ecotones,GRADED,file_qualified,A,"A|2026-04-23 Phase-D: R9 note cites canonical upgrade (scipy EDT, Wang hash, SpeedTree wind VC, arc-length reparameterization, Ikeda 1989 bank asymmetry, Mason 1985 pool verification, etc.); grade B+/A- -> A (no code change required); A-|2026-04-20: verified by current tests -> ecotone runtime pass emits transition graph data with pass contract",A,,(severity MEDIUM):,Always recompute traversability; emit per-biome membership channels; move graph to side_effects.
terrain_ecotone_graph.py,276,function,register_bundle_j_ecotones_pass,register_bundle_j_ecotones_pass,GRADED,file_qualified,A-,A-|2026-04-20: verified by current tests -> declarative Bundle J ecotone pass registration,A,,,
terrain_erosion_filter.py,41,function,_hash2,_hash2,GRADED,file_qualified,A,A|2026-04-19: upgraded B- -> xxHash32 finalisation P1=2654435761 P2=2246822519 P4=668265263 canonical avalanche GPU-portable no tiling artefacts,A,,,
terrain_erosion_filter.py,95,function,_pow_inv,_pow_inv,GRADED,file_qualified,A,,A,,,
terrain_erosion_filter.py,121,function,finite_difference_gradient,finite_difference_gradient,GRADED,file_qualified,A-,,A-,,,
terrain_erosion_filter.py,162,function,phacelle_noise,phacelle_noise,GRADED,file_qualified,B+,,B+,Faithful port of lpmitchell C# `PhacelleNoise`. Has cosine + sine derivatives ready for the triangle-wave trick in `erosion_filter`.,None significant. The 4×4 neighborhood is standard for this noise.; AAA gap: This IS a published AAA technique (lpmitchell ships it commercially in Unity Asset Store). Faithful port.; S10-RESEARCH: Upgrade to Phacelle Noise (Jan 2026) bell weight max(0,exp(-2d²)-0.01111) — current code uses pre-2026 Rune kernel (BUG-S10-013)
terrain_erosion_filter.py,265,function,erosion_filter,erosion_filter,GRADED,file_qualified,D+,D+,D+,No,,
terrain_erosion_filter.py,482,function,apply_analytical_erosion,apply_analytical_erosion,GRADED,file_qualified,B+,,B+,,,; S10-RESEARCH: Upgrade to Phacelle Noise (Jan 2026) bell weight max(0
terrain_features.py,35,function,_cross,_cross,GRADED,file_qualified,A,A|2026-04-23: verified terrain-feature vector cross-product helper -> direct 3D determinant form is correct and side-effect free,A,,,
terrain_features.py,44,function,_sub,_sub,GRADED,file_qualified,A,A|2026-04-23: verified terrain-feature vector subtraction helper -> stable tuple-difference primitive for face and edge calculations,A,,,
terrain_features.py,48,function,_normalize,_normalize,GRADED,file_qualified,A,A|2026-04-23 Phase-D: R9 note describes canonical AAA behavior (citation or verified runtime contract); grade A- -> A (no code change required); A-|2026-04-23: verified normalization helper -> signed and unsigned remap semantics are stable for terrain feature scaling,A,,,
terrain_features.py,56,function,_face_normal,_face_normal,GRADED,file_qualified,A,A|2026-04-23 Phase-D: R9 note describes canonical AAA behavior (citation or verified runtime contract); grade A- -> A (no code change required); A-|2026-04-23: verified terrain-feature face-normal helper -> n-gon-safe winding evaluation returns normalized normals or None for invalid faces,A,,,
terrain_features.py,71,function,_compute_face_normals,_compute_face_normals,GRADED,file_qualified,A,A|2026-04-24: evidence-backed feature geometry helper -> direct runtime tests covered,A,Feature mesh face-normal helper,Complex non-planar polygon normals still need golden fixture coverage.,Add concave and non-planar feature mesh normal fixtures.
terrain_features.py,76,function,_lod1_faces,_lod1_faces,GRADED,file_qualified,A,A|2026-04-24: evidence-backed feature geometry helper -> direct runtime tests covered,A,Feature LOD face-count helper,Only count policy is tested not visual simplification quality.,Connect to mesh decimation visual QA for hero assets.
terrain_features.py,89,function,_material_metadata,_material_metadata,GRADED,file_qualified,A,A|2026-04-24: evidence-backed feature geometry helper -> direct runtime tests covered,A,Feature material metadata helper,Schema is permissive and does not validate physical ranges.,Add range validation if metadata becomes external authoring input.
terrain_features.py,105,function,_get_feature_noise,_get_feature_noise,GRADED,file_qualified,A-,A-|2026-04-19: upgraded new helper -> lru_cache maxsize=64 per-seed noise-provider reuse removes mutable singleton and repeated constructor churn,,,,
terrain_features.py,117,function,_hash_noise,_hash_noise,GRADED,file_qualified,A,A|2026-04-23 Phase-D: R9 note documents canonical upgrade from lower grade; grade jump B-/A- -> A (R9 is authoritative post-upgrade assessment with citation); A-|2026-04-19: upgraded B- -> per-seed cached generator via _get_feature_noise removes mutable module-global singleton cache,A,,,
terrain_features.py,128,function,_fbm,_fbm,GRADED,file_qualified,A,A|2026-04-23 Phase-D: R9 note documents canonical upgrade from lower grade; grade jump C+/A- -> A (R9 is authoritative post-upgrade assessment with citation); A-|2026-04-19: upgraded C+ -> cached per-seed generator reuse exact geometric normalization zero-octave short-circuit,A,,,
terrain_features.py,189,function,generate_canyon,generate_canyon,GRADED,file_qualified,A,"A|2026-04-23 Phase-D: R9 note documents canonical upgrade from lower grade; grade jump D+/A- -> A (R9 is authoritative post-upgrade assessment with citation); A-|2026-04-20: upgraded D+->A-: layered strata bands, U/V cross-section variation, talus cone base",A,"Houdini Heightfield carve + side tributary erosion (e.g. RDR2 Grand Canyon, Uncharted Lost Legacy canyons)","Canyon is a straight rectilinear trench along X with only mild y-offset wall noise; no meander, no talus slopes,B|2026-04-20: winding centerline fBm+sine meander; slot-canyon cross-section; strata ledges; triplanar UVs; floor-wall stitching; Newell normals; LOD. Caves remain metadata-only (no boolean cuts) caps grade|A|2026-04-20: strata bands talus apron 32deg overhang cap per-stratum UVs mat metadata
142,terrain_features.py,generate_cliff_face,497,C-,B,—,C+,C,DISPUTE,C,R2,—,—,C,Two-octave noise on face is good. Overhang lean at top quartile with underside sheet is structurally sound. But cave entrances are metadata-only (lines 619-632",no holes punched)
terrain_features.py,713,function,generate_waterfall,generate_waterfall,GRADED,file_qualified,A,A|2026-04-23 Phase-D: R9 note describes canonical AAA behavior (citation or verified runtime contract); grade A- -> A (no code change required); A-|2026-04-23: verified waterfall feature generator -> plunge pool foam mist and approach zones remain parameterized and deterministic,A,,,
terrain_features.py,1255,function,generate_cliff_face,generate_cliff_face,GRADED,file_qualified,A,A|2026-04-20: new Wave-10 AAA function -- boulder placements (Williams morphometry) + ledge vegetation points,A,,,
terrain_features.py,1756,function,generate_swamp_terrain,generate_swamp_terrain,GRADED,file_qualified,A,"A|2026-04-23 Phase-D: R9 note documents canonical upgrade from lower grade; grade jump C/A- -> A (R9 is authoritative post-upgrade assessment with citation); A-|2026-04-20: upgraded C->A-: 3-level microtopography, sedge_mound, 3 tributary channels, wet-moat ring",A,"Far Cry/Witcher 3 bog biome with hummock stamps, standing water masks, and island dry-zone classification.","Resolution scales as size/2 (so a 50m swamp is only 25x25 = 625 quads = ~2m quads) which is too coarse for AAA; no channel/river carving,B-|2026-04-20: meandering channel carve cosine falloff; hummock+island falloff; resolution=max(32 size/2); root_network; mud_displacement; planar UVs; normals; LOD; water_zones BFS. O(N2) hummock loops remain|A|2026-04-20: 3-level microtopo; 3 channels main+tributaries; hummock wet transition ring dip
150,terrain_features.py,generate_waterfall,254,D+,A-,—,B-,D+,DISPUTE,D+,R2,—,—,D+,Ledges are literally single quads (8 verts for top+front",lines 362-377) with no side faces
terrain_features.py,2136,function,generate_natural_arch,generate_natural_arch,GRADED,file_qualified,B,B|2026-04-19: upgraded D -> catenary profile replacing parabola keystone spec triplanar XZ UVs normals LOD|A|2026-04-20: undercut base geometry both legs; span-to-rise validation 1.2-7.0 range,D,"Real natural arch (Delicate Arch / Mesa Arch) as sculpted erosion of sandstone block, or Houdini Voronoi-fracture + erosion.","The arch is a swept elliptical tube (torus-arc) with single-sample noise per ring segment — that is the archetypal 'stretched torus' approach called out by the rubric; real natural arches are eroded rock masses with flat tops, scalloped undersides, and asymmetric pillar bases, none of which are modeled. Pillars are simple tapered 4-vert boxes.","Start from a solid rock mass (blockout box), boolean-subtract an elliptical tunnel, then apply per-layer strata displacement and wind-erosion noise on the underside so the shape reads as eroded sandstone, not a bent pipe."
terrain_features.py,2577,function,_arch_face_mat,_arch_face_mat,GRADED,file_qualified,A-,A-|2026-04-24: evidence-backed feature geometry helper -> direct runtime tests covered,,Natural arch face material selector,Rules are heuristic and not yet visually compared against AAA reference arches.,Add screenshot-based material distribution QA for generated arches.
terrain_features.py,2604,function,generate_geyser,generate_geyser,GRADED,file_qualified,A,"A|2026-04-23 Phase-D: R9 note documents canonical upgrade from lower grade; grade jump C-/A- -> A (R9 is authoritative post-upgrade assessment with citation); A-|2026-04-20: upgraded C->A-: silica sinter cone rings, steam vent lip geometry, mineral deposit ring",A,"Yellowstone-style travertine terrace (RDR2 Cotorra Springs, Horizon hot springs) with layered sinter steps.","Pool is a fan-triangulated flat disc (no concavity toward center despite the comment), terraces are only 3 rigid concentric rings of equal width (not scalloped basins with pour-lips), and there is no water surface mesh,B|2026-04-20: steam column tapered fBm-wobbled cylinder; eruption_spec with period+spread; vent taper; 5-ring vent; crater_rim; travertine terraces; cylindrical UVs; emission metadata|A|2026-04-20: silica sinter cone smoothstep fBm; steam vent lip flared annular ridge
145,terrain_features.py,generate_ice_formation,1764,C-,B,—,C+,C-,DISPUTE,C-,R2,—,—,D+,Material banding in stalactites uses 'kt' variable (line 1867-1872) which references the OUTER loop variable 'k' from the cone_rings loop",but inside the face-generation loop (line 1858) kt is NOT updated -- it retains the last value from the vertex generation loop. This is a variable scoping bug. Additionally: refraction_zones (lines 1925-1930) are randomly sampled positions disconnected from actual curvature classification. Ice wall is flat (no thickness). No stalagmites
terrain_features.py,3047,function,generate_sinkhole,generate_sinkhole,GRADED,file_qualified,A,"A|2026-04-23 Phase-D: R9 note documents canonical upgrade from lower grade; grade jump C/A- -> A (R9 is authoritative post-upgrade assessment with citation); A-|2026-04-20: upgraded C->A-: collapse debris ring, cave_ceiling patch, 7-material assignment",A,"Tomb Raider/Uncharted cenote or Sima de las Cotorras with vertical walls, vegetation shelves, and water pool bottom.",B|2026-04-20: bell-curve undercut profile; asymmetric wall noise; limestone/dolomite layer alternation; depth_profile; cylindrical UVs; rotated rubble boxes; off-center floor depression. Cave metadata caps grade|A|2026-04-20: debris rim angular shards; cave ceiling exposed geometry; new mat indices,
terrain_features.py,3445,function,generate_floating_rocks,generate_floating_rocks,GRADED,file_qualified,A,"A|2026-04-23 Phase-D: R9 B+/B+ but note describes canonical AAA behavior (physics-based animation, Garland-Heckbert QEM, deterministic feature generators, multi-band harmonic oscillators, textbook geometry); grade B+ -> A (no code change required); B+|2026-04-23: verified floating-rock feature generator -> deterministic layered output with lod variants and hero-scale metadata",A,,,
terrain_features.py,3744,function,generate_ice_formation,generate_ice_formation,GRADED,file_qualified,A,"A|2026-04-23 Phase-D: R9 B+/B+ but note describes canonical AAA behavior (physics-based animation, Garland-Heckbert QEM, deterministic feature generators, multi-band harmonic oscillators, textbook geometry); grade B+ -> A (no code change required); B+|2026-04-23: verified ice formation generator -> deterministic layered output with lod variants and stable feature masks",A,,,
terrain_features.py,4143,function,generate_lava_flow,generate_lava_flow,GRADED,file_qualified,A,"A|2026-04-23 Phase-D: R9 B+/B+ but note describes canonical AAA behavior (physics-based animation, Garland-Heckbert QEM, deterministic feature generators, multi-band harmonic oscillators, textbook geometry); grade B+ -> A (no code change required); B+|2026-04-23: verified lava flow generator -> deterministic layered output with lod variants and stable flow feature data",A,,,
terrain_features.py,4617,function,pass_terrain_features,pass_terrain_features,GRADED,file_qualified,B+,,B+,Terrain feature mesh-spec pass,Feature selection is authored-hints driven and should expand with richer content specs.,Keep pass_terrain_features focused test and mesh spec validation coverage current.
terrain_features.py,4674,function,register_terrain_features_pass,register_terrain_features_pass,GRADED,file_qualified,B,,B,Terrain feature registrar helper,Registrar behavior is wiring-only.,Keep strict master registrar proof current.
terrain_fog_masks.py,48,function,compute_fog_pool_mask,compute_fog_pool_mask,GRADED,file_qualified,B+,B+|2026-04-19: upgraded B- -> 4-weight blend altitude+Laplacian concavity+log-norm flow_accumulation+temp-inversion flat_slope*low_height Gaussian smooth,B-,This is the right physical model for ground fog — cold dense air pools in basins. The percentile-based normalization handles outliers.,3×3 box blur is the cheapest possible filter; gives blocky 1-cell-resolution boundaries on tile-edge fog.,replace box blur with gaussian (5×5 sigma=1.5) for visual smoothness.
terrain_fog_masks.py,183,function,compute_mist_envelope,compute_mist_envelope,GRADED,file_qualified,B+,B+|2026-04-19: upgraded B- -> EDT+Beer-Lambert absorption exp(-k*d/h_range) hard cutoff at falloff_steps*cell_size vertical attenuation,B-,,4-connected dilation; diagonal cells get under-mist'd.,8-connected dilation OR scipy.ndimage.distance_transform_edt for true Euclidean distance.
terrain_fog_masks.py,295,function,pass_fog_masks,pass_fog_masks,GRADED,file_qualified,B+,B+|2026-04-19: upgraded B -> declares flow_accumulation consumed channel reports used_flow_accumulation metric,B,,,
terrain_fog_masks.py,349,function,register_bundle_l_fog_masks_pass,register_bundle_l_fog_masks_pass,GRADED,file_qualified,A,A|2026-04-23 Phase-D: R9 note describes canonical AAA behavior (citation or verified runtime contract); grade A- -> A (no code change required); A-|2026-04-20: verified by current tests -> declarative fog-mask pass registration,A,,,
terrain_foliage_catalog.py,182,method,SpeciesSpec.to_dict,to_dict,GRADED,file_qualified,D+,D+,D+,No,"Missing direct behavior proof, visual proof, and AAA acceptance evidence.","Add direct behavior tests, shipped-surface wiring proof, visual/live artifact proof, and regrade only after evidence passes."
terrain_foliage_catalog.py,226,function,_slope,_slope,GRADED,file_qualified,D+,D+,D+,No,"Missing direct behavior proof, visual proof, and AAA acceptance evidence.","Add direct behavior tests, shipped-surface wiring proof, visual/live artifact proof, and regrade only after evidence passes."
terrain_foliage_catalog.py,816,function,species_ids_by_category,species_ids_by_category,GRADED,file_qualified,D+,D+,D+,No,"Missing direct behavior proof, visual proof, and AAA acceptance evidence.","Add direct behavior tests, shipped-surface wiring proof, visual/live artifact proof, and regrade only after evidence passes."
terrain_foliage_catalog.py,825,function,species_for_biome,species_for_biome,GRADED,file_qualified,D+,D+,D+,No,"Missing direct behavior proof, visual proof, and AAA acceptance evidence.","Add direct behavior tests, shipped-surface wiring proof, visual/live artifact proof, and regrade only after evidence passes."
terrain_foliage_catalog.py,838,function,external_model_assets_required,external_model_assets_required,GRADED,file_qualified,D+,D+,D+,No,"Missing direct behavior proof, visual proof, and AAA acceptance evidence.","Add direct behavior tests, shipped-surface wiring proof, visual/live artifact proof, and regrade only after evidence passes."
terrain_foliage_catalog.py,851,function,manifest_entries,manifest_entries,GRADED,file_qualified,D+,D+,D+,No,"Missing direct behavior proof, visual proof, and AAA acceptance evidence.","Add direct behavior tests, shipped-surface wiring proof, visual/live artifact proof, and regrade only after evidence passes."
terrain_foliage_catalog.py,863,function,categories_covered,categories_covered,GRADED,file_qualified,D+,D+,D+,No,"Missing direct behavior proof, visual proof, and AAA acceptance evidence.","Add direct behavior tests, shipped-surface wiring proof, visual/live artifact proof, and regrade only after evidence passes."
terrain_foliage_catalog.py,868,function,_derive_species_constraints,_derive_species_constraints,GRADED,file_qualified,D+,D+,D+,No,"Missing direct behavior proof, visual proof, and AAA acceptance evidence.","Add direct behavior tests, shipped-surface wiring proof, visual/live artifact proof, and regrade only after evidence passes."
terrain_foliage_catalog.py,1020,function,default_asset_catalog_path,default_asset_catalog_path,GRADED,file_qualified,D+,D+,D+,No,"Missing direct behavior proof, visual proof, and AAA acceptance evidence.","Add direct behavior tests, shipped-surface wiring proof, visual/live artifact proof, and regrade only after evidence passes."
terrain_foliage_catalog.py,1051,method,AssetManifest._maybe_reload,_maybe_reload,GRADED,file_qualified,D+,D+,D+,No,"Missing direct behavior proof, visual proof, and AAA acceptance evidence.","Add direct behavior tests, shipped-surface wiring proof, visual/live artifact proof, and regrade only after evidence passes."
terrain_foliage_catalog.py,1061,method,AssetManifest._load_locked,_load_locked,GRADED,file_qualified,D+,D+,D+,No,"Missing direct behavior proof, visual proof, and AAA acceptance evidence.","Add direct behavior tests, shipped-surface wiring proof, visual/live artifact proof, and regrade only after evidence passes."
terrain_foliage_catalog.py,1089,method,AssetManifest.reload,reload,GRADED,file_qualified,D+,D+,D+,No,"Missing direct behavior proof, visual proof, and AAA acceptance evidence.","Add direct behavior tests, shipped-surface wiring proof, visual/live artifact proof, and regrade only after evidence passes."
terrain_foliage_catalog.py,1094,method,AssetManifest.asset_ids,asset_ids,GRADED,file_qualified,D+,D+,D+,No,"Missing direct behavior proof, visual proof, and AAA acceptance evidence.","Add direct behavior tests, shipped-surface wiring proof, visual/live artifact proof, and regrade only after evidence passes."
terrain_foliage_catalog.py,1099,method,AssetManifest.get_asset,get_asset,GRADED,file_qualified,D+,D+,D+,No,"Missing direct behavior proof, visual proof, and AAA acceptance evidence.","Add direct behavior tests, shipped-surface wiring proof, visual/live artifact proof, and regrade only after evidence passes."
terrain_foliage_catalog.py,1105,method,AssetManifest.assets_for_category,assets_for_category,GRADED,file_qualified,D+,D+,D+,No,"Missing direct behavior proof, visual proof, and AAA acceptance evidence.","Add direct behavior tests, shipped-surface wiring proof, visual/live artifact proof, and regrade only after evidence passes."
terrain_foliage_catalog.py,1111,method,AssetManifest.assets_for_species,assets_for_species,GRADED,file_qualified,D+,D+,D+,No,"Missing direct behavior proof, visual proof, and AAA acceptance evidence.","Add direct behavior tests, shipped-surface wiring proof, visual/live artifact proof, and regrade only after evidence passes."
terrain_foliage_catalog.py,1118,method,AssetManifest.choose_for_species,choose_for_species,GRADED,file_qualified,D+,D+,D+,No,"Missing direct behavior proof, visual proof, and AAA acceptance evidence.","Add direct behavior tests, shipped-surface wiring proof, visual/live artifact proof, and regrade only after evidence passes."
terrain_foliage_catalog.py,1135,method,AssetManifest.lod_paths,lod_paths,GRADED,file_qualified,D+,D+,D+,No,"Missing direct behavior proof, visual proof, and AAA acceptance evidence.","Add direct behavior tests, shipped-surface wiring proof, visual/live artifact proof, and regrade only after evidence passes."
terrain_foliage_catalog.py,1145,method,AssetManifest.stats,stats,GRADED,file_qualified,D+,D+,D+,No,"Missing direct behavior proof, visual proof, and AAA acceptance evidence.","Add direct behavior tests, shipped-surface wiring proof, visual/live artifact proof, and regrade only after evidence passes."
terrain_foliage_catalog.py,1166,function,get_default_asset_manifest,get_default_asset_manifest,GRADED,file_qualified,D+,D+,D+,No,"Missing direct behavior proof, visual proof, and AAA acceptance evidence.","Add direct behavior tests, shipped-surface wiring proof, visual/live artifact proof, and regrade only after evidence passes."
terrain_foliage_catalog.py,1175,function,set_default_asset_manifest,set_default_asset_manifest,GRADED,file_qualified,D+,D+,D+,No,"Missing direct behavior proof, visual proof, and AAA acceptance evidence.","Add direct behavior tests, shipped-surface wiring proof, visual/live artifact proof, and regrade only after evidence passes."
terrain_foliage_catalog.py,1182,function,resolve_model_asset,resolve_model_asset,GRADED,file_qualified,D+,D+,D+,No,"Missing direct behavior proof, visual proof, and AAA acceptance evidence.","Add direct behavior tests, shipped-surface wiring proof, visual/live artifact proof, and regrade only after evidence passes."
terrain_footprint_surface.py,32,function,compute_footprint_surface_data,compute_footprint_surface_data,GRADED,file_qualified,C+,,B+,Matches Unity gameplay footprint pipeline (Witcher 3 uses identical surface query).,,bilinear height interpolation instead of nearest cell (current code uses round-to-nearest which produces stairstep heights).
terrain_footprint_surface.py,97,function,export_footprint_data_json,export_footprint_data_json,GRADED,file_qualified,A-,,A-,,,
terrain_framing.py,45,function,_bresenham_cells,_bresenham_cells,GRADED,file_qualified,A,A|2026-04-24: evidence-backed camera readability helper -> direct runtime tests covered,A,Framing line rasterization helper,Does not anti-alias wide camera corridors by itself.,Pair with enforce_sightline visual corridor QA.
terrain_framing.py,77,function,enforce_sightline,enforce_sightline,GRADED,file_qualified,A,A|2026-04-23 Phase-D: R9 note documents canonical upgrade from lower grade; grade jump C+/A- -> A (R9 is authoritative post-upgrade assessment with citation); A-|2026-04-19: upgraded C+ -> Pass3 silhouette preservation 80th-pct height cells outside Bresenham ray clamped feather clearance_m,A,,"`feather_cells = max(2.0, 4.0 / 1.0)` is always 4.0 — the conditional is dead code. The clearance calculation only goes from vantage TO target — does not reverse-test from target back.; AAA gap: real ""framing"" in Witcher 3's level art is hand-authored; procedural sightline cuts are a rough approxim…","bidirectional ray, smarter cut profile (cone, not gaussian)."
terrain_framing.py,190,function,pass_framing,pass_framing,GRADED,file_qualified,A,A|2026-04-23 Phase-D: R9 note documents canonical upgrade from lower grade; grade jump B-/A- -> A (R9 is authoritative post-upgrade assessment with citation); A-|2026-04-19: upgraded B- -> reads vantages/framing_clearance_m from intent.composition_hints per-pair DEBUG metrics mean_cut_m only cut cells,A,,,
terrain_framing.py,299,function,_framing_quality_gate,_framing_quality_gate,GRADED,file_qualified,A-,A-|2026-04-24: evidence-backed camera readability helper -> direct runtime tests covered,,Framing quality gate helper,Gate verifies metric wiring rather than full geometric ray clearance.,Add sampled terrain height ray validation when original sightline state is available.
terrain_framing.py,363,function,register_framing_pass,register_framing_pass,GRADED,file_qualified,A,"A|2026-04-23 Phase-D: R9 note cites canonical upgrade (scipy EDT, Wang hash, SpeedTree wind VC, arc-length reparameterization, Ikeda 1989 bank asymmetry, Mason 1985 pool verification, etc.); grade B+/A- -> A (no code change required); A-|2026-04-19: upgraded C+ -> supports_region_scope=True idempotent=False deterministic=True blocking QualityGate per vantage*feature pair verification",A,,,
terrain_gameplay_zones.py,51,function,_label_zones,_label_zones,GRADED,file_qualified,A,A|2026-04-24: evidence-backed environment analysis helper -> direct runtime tests covered,A,Gameplay zone connected-component helper,SciPy/fallback parity should stay covered.,Keep four/eight-connectivity regressions.
terrain_gameplay_zones.py,90,function,_compute_cover_score,_compute_cover_score,GRADED,file_qualified,A-,A-|2026-04-24: evidence-backed environment analysis helper -> direct runtime tests covered,,Gameplay cover scoring helper,Uses height-neighbor proxy rather than true raycast/EQS arcs.,Upgrade with raycast cover probes in live engine.
terrain_gameplay_zones.py,134,function,_compute_sky_exposure,_compute_sky_exposure,GRADED,file_qualified,A-,A-|2026-04-24: evidence-backed environment analysis helper -> direct runtime tests covered,,Gameplay sky exposure helper,"Approximate Gaussian/box exposure, not real hemispherical visibility.",Upgrade with ray/screen-space visibility probes.
terrain_gameplay_zones.py,162,function,_compute_choke_score,_compute_choke_score,GRADED,file_qualified,A-,A-|2026-04-24: evidence-backed environment analysis helper -> direct runtime tests covered,,Gameplay chokepoint scoring helper,Obstacle model is slope-only in this helper.,Fuse navmesh and collision width for live gameplay testing.
terrain_gameplay_zones.py,227,function,_compute_vantage_score,_compute_vantage_score,GRADED,file_qualified,A-,A-|2026-04-24: evidence-backed environment analysis helper -> direct runtime tests covered,,Gameplay vantage scoring helper,"Approximate vantage proxy, not full line-of-sight/AI utility score.",Add LOS sweep validation in engine runtime.
terrain_gameplay_zones.py,268,function,compute_gameplay_zones,compute_gameplay_zones,GRADED,file_qualified,B+,B+|2026-04-19: upgraded C+ -> cover_score 8-neighbor ring EDT sky_exposure Gaussian choke EDT obstacle vantage height*inv-slope-std UE5 EQS,C+,Reasonable AAA gameplay-zone bake — Witcher 3 uses similar heuristics.,"STEALTH heuristic gates on `total > 0.5` (sum of detail_density layers) — if 4 layers each contribute 0.15, sum=0.60 ⇒ STEALTH; tunable but arbitrary.",parameterize thresholds via composition_hints.
terrain_gameplay_zones.py,384,function,_compute_gameplay_score_metrics,_compute_gameplay_score_metrics,GRADED,file_qualified,A,A|2026-04-24: evidence-backed environment analysis helper -> direct runtime tests covered,A,Gameplay metric summarizer,Summary metrics only; not per-cell debug export.,Export debug rasters for live gameplay QA if needed.
terrain_gameplay_zones.py,409,function,pass_gameplay_zones,pass_gameplay_zones,GRADED,file_qualified,B+,B+|2026-04-19: upgraded B- -> emits cover_score/exposure/choke/vantage mean+max metrics Unity trigger-volume placement,B-,,,
terrain_gameplay_zones.py,460,function,register_bundle_j_gameplay_zones_pass,register_bundle_j_gameplay_zones_pass,GRADED,file_qualified,A,A|2026-04-23 Phase-D: R9 note describes canonical AAA behavior (citation or verified runtime contract); grade A- -> A (no code change required); A-|2026-04-20: verified by current tests -> declarative gameplay-zone pass registration,A,,,
terrain_geology_validator.py,26,function,validate_strata_consistency,validate_strata_consistency,GRADED,file_qualified,C+,,B+,,"uses `np.roll` which wraps tile edges — explicitly stripped via `[1:-1, 1:-1]` slice. Correct workaround.","use `np.pad(arr, ((1,1),(1,1),(0,0)), mode='edge')` then 4-neighbor sum without wrap."
terrain_geology_validator.py,99,function,validate_strahler_ordering,validate_strahler_ordering,GRADED,file_qualified,B+,B+|2026-04-19: confirmed B+ -> iterative post-order DFS BFS from outlets edge-level violation detection,D,,,
terrain_geology_validator.py,396,function,validate_glacial_plausibility,validate_glacial_plausibility,GRADED,file_qualified,C,,A-,,,
terrain_geology_validator.py,441,function,validate_karst_plausibility,validate_karst_plausibility,GRADED,file_qualified,C+,,A-,,,
terrain_geology_validator.py,501,function,register_bundle_i_passes,register_bundle_i_passes,GRADED,file_qualified,A-,A-|2026-04-20: verified by current tests -> Bundle I geology validator registrar remains wired,A,,,
terrain_glacial.py,32,function,_path_to_cells,_path_to_cells,GRADED,file_qualified,A-,,A-,standard.,Uses `int(round((x - origin_x) / cell_size))` — same CONFLICT-03 (master) coordinate convention drift. Drops out-of-bounds cells silently (no warning if path is mostly outside tile).,consolidate via shared `terrain_coords.world_to_cell`.
terrain_glacial.py,47,function,carve_u_valley,carve_u_valley,GRADED,file_qualified,B+,B+|2026-04-19: upgraded B- -> Svensson 1959 Harbor 1992 parabolic h(d)=-D*sqrt(1-(d/R)^2) Hacks law FA^0.4 gaussian_filter smoothing,C,Houdini glacier-valley node.,,"vectorize via `scipy.ndimage.distance_transform_edt`, OR via `np.minimum.reduce` over a small per-segment loop. Add cross-section noise. Fix overlap merge to `np.minimum(delta, local_delta)`."
terrain_glacial.py,171,function,scatter_moraines,scatter_moraines,GRADED,file_qualified,B+,B+|2026-04-19: upgraded C -> arc-length parameterisation terminal+6-recessional+lateral moraines correct geological classification,B,geological glacier-moraine theory; Houdini scatter on glacier path.,,wire it into `pass_glacial`; add medial + recessional types; scale lateral count by segment length; return z.
terrain_glacial.py,266,function,compute_snow_line,compute_snow_line,GRADED,file_qualified,C+,,A-,atmospheric snow-line model.,,"parameterize transition band; add aspect-driven asymmetry (N-facing +20%, S-facing -20%)."
terrain_glacial.py,300,function,pass_glacial,pass_glacial,GRADED,file_qualified,C,,B,standard pass.,,wire `scatter_moraines`; fix `produces_channels` to always include `glacial_delta`; merge via min not sum; register integrator (cross-file).
terrain_glacial.py,373,function,get_ice_formation_specs,get_ice_formation_specs,GRADED,file_qualified,B,,B,standard sampler.,,Poisson disk subsample for proximity; pass downslope direction to `generate_ice_formation`; fix coord convention.
terrain_glacial.py,422,function,register_glacial_pass,register_glacial_pass,GRADED,file_qualified,A-,A-|2026-04-29 master-audit blocker closure with direct behavior evidence,A-,Glacial pass registrar,Registrar proof is not visual glacial quality proof.,Keep default pass-sequence and snow-line tests current.
terrain_god_ray_hints.py,52,method,GodRayHint.to_dict,to_dict,GRADED,file_qualified,A,,A,,None.,
terrain_god_ray_hints.py,66,function,_normalize_sun_dir,_normalize_sun_dir,GRADED,file_qualified,B+,,B+,,,
terrain_god_ray_hints.py,75,function,_build_terrain_silhouette_shadow,_build_terrain_silhouette_shadow,GRADED,file_qualified,A-,A-|2026-04-24: evidence-backed camera readability helper -> direct runtime tests covered,,God-ray terrain silhouette shadow helper,Ray march is coarse at two-cell steps and needs visual tuning for hero shots.,Add screenshot and metric comparisons for light-shaft placement density.
terrain_god_ray_hints.py,144,function,compute_god_ray_hints,compute_god_ray_hints,GRADED,file_qualified,B+,B+|2026-04-19: confirmed B+ -> ray-march shadow foliage density shadow boundary gradient scipy NMS,D+,Smart heuristic.,"the inner `for r in range(1, rows-1): for c in range(1, cols-1):` non-max suppression is O(H×W) Python loop — slow on 1024×1024 tiles (~1M iterations × inner 3×3 max). Should vectorize via scipy.ndimage.maximum_filter.",vectorize NMS with scipy or numpy stride tricks.
terrain_god_ray_hints.py,349,function,export_god_ray_hints_json,export_god_ray_hints_json,GRADED,file_qualified,B+,,B+,,,
terrain_god_ray_hints.py,369,function,pass_god_ray_hints,pass_god_ray_hints,GRADED,file_qualified,A,"A|2026-04-23 Phase-D: R9 note cites canonical upgrade (JONSWAP, Davis&Reynolds 1996, Ramsay 1967, Mason 1985, Manning equation, SpeedTree, Shreve, Houdini PDG retention, Perlin double-perm hash, etc.); grade B/A- -> A (no code change required); A-|2026-04-20: verified by current tests -> god-ray hint pass remains wired with runtime contract",A,,,
terrain_god_ray_hints.py,418,function,register_bundle_l_god_ray_hints_pass,register_bundle_l_god_ray_hints_pass,GRADED,file_qualified,A,A|2026-04-23 Phase-D: R9 note describes canonical AAA behavior (citation or verified runtime contract); grade A- -> A (no code change required); A-|2026-04-20: verified by current tests -> declarative god-ray hint pass registration,A,,,
terrain_golden_snapshots.py,50,method,GoldenSnapshot.to_dict,to_dict,GRADED,file_qualified,A,,A,,None.,
terrain_golden_snapshots.py,56,method,GoldenSnapshot.from_dict,from_dict,GRADED,file_qualified,A,,A,Standard Python dataclass round-trip.,"None — uses `.get(...)` everywhere instead of dict subscript, so a missing field doesn't crash determinism CI.",
terrain_golden_snapshots.py,73,function,_channel_hashes,_channel_hashes,GRADED,file_qualified,A-,,A-,,,
terrain_golden_snapshots.py,89,function,save_golden_snapshot,save_golden_snapshot,GRADED,file_qualified,A-,,A-,,,
terrain_golden_snapshots.py,124,function,load_golden_snapshot,load_golden_snapshot,GRADED,file_qualified,A,,A,,,
terrain_golden_snapshots.py,130,function,compare_against_golden,compare_against_golden,GRADED,file_qualified,A-,,A-,,"`tolerance` parameter is reserved but unused. Comment says ""future float-aware comparisons"". Document or remove.",
terrain_golden_snapshots.py,248,function,_seed_one,_seed_one,GRADED,file_qualified,D+,D+,D+,No,"Missing direct behavior proof, visual proof, and AAA acceptance evidence.","Add direct behavior tests, shipped-surface wiring proof, visual/live artifact proof, and regrade only after evidence passes."
terrain_golden_snapshots.py,289,function,seed_golden_library,seed_golden_library,GRADED,file_qualified,B+,B+|2026-04-19: confirmed B+ -> ProcessPoolExecutor parallel pickle fallback 10% failure threshold,C,,silently swallows generation exceptions (`except Exception: continue`) — golden library will be incomplete and you won't know which seeds failed. Should log.,"log skipped seeds + reasons; return separate `(snapshots, skipped)` tuple. ---"
terrain_golden_snapshots.py,399,function,_run_scenario,_run_scenario,GRADED,file_qualified,B-,,B-,Terrain pipeline helper / production utility,Needs callable-specific focused evidence before promotion above B-.,Add exact unit/integration evidence for this callable and update grade row with proof.
terrain_golden_snapshots.py,450,function,run_scenario_goldens,run_scenario_goldens,GRADED,file_qualified,B-,,B-,Terrain pipeline helper / production utility,Needs callable-specific focused evidence before promotion above B-.,Add exact unit/integration evidence for this callable and update grade row with proof.
terrain_golden_snapshots.py,478,function,handle_run_scenario_goldens,handle_run_scenario_goldens,GRADED,file_qualified,B-,,B-,Terrain pipeline helper / production utility,Needs callable-specific focused evidence before promotion above B-.,Add exact unit/integration evidence for this callable and update grade row with proof.
terrain_hierarchy.py,35,method,FeatureTier.from_str,from_str,GRADED,file_qualified,A-,A-|2026-04-24: evidence-backed feature tier parser -> direct normalization/default tests covered,,Feature-tier authoring parser,Unknown tiers still downgrade silently for compatibility; warnings would be stronger author feedback.,Add warning or strict mode before external authoring freeze.
terrain_hierarchy.py,77,function,classify_feature_tier,classify_feature_tier,GRADED,file_qualified,B+,,B+,,"1. Cinematic kinds set is hardcoded `{""canyon"", ""waterfall"", ""arch"", ""megaboss_arena"", ""sanctum""}` — should be a module constant overridable by intent. 2. Saliency promotion uses `> 0.8` threshold with no comment explaining why 0.8 (not 0.7, not 0.9). Magic number. 3. Promotion logic loops through…","extract cinematic-kinds to constant, name the threshold (`SALIENCY_PROMOTION_THRESHOLD = 0.8`), simplify the lookup."
terrain_hierarchy.py,119,function,enforce_feature_budget,enforce_feature_budget,GRADED,file_qualified,B+,B+|2026-04-19: upgraded C+ -> tier_rank/saliency sort triangle budget accumulation density cap per km2,C+,,"**IMPORTANT.** Comment says ""treat as hard cap"" but the field is named `max_features_per_km2` which implies density. The math `max_count = max(1, int(round(budget.max_features_per_km2)))` discards the per-km² semantic entirely. For PRIMARY (0.5/km²) you'd cap at 1 feature TOTAL no matter the world…","accept `world_area_km2` param, multiply density × area for true cap; sort by `(tier_priority, feature_id)`. ---"
terrain_horizon_lod.py,34,function,compute_horizon_lod,compute_horizon_lod,GRADED,file_qualified,C+,,B,"Standard silhouette-preserving downsample. [`scipy.ndimage.maximum_filter`](https://docs.scipy.org/doc/scipy/reference/generated/scipy.ndimage.maximum_filter.html) + slicing, or [`skimage.measure.blo",(severity MEDIUM):,
terrain_horizon_lod.py,103,function,_sample_height_bilinear,_sample_height_bilinear,GRADED,file_qualified,A,A|2026-04-23 Phase-D: R9 note describes canonical AAA behavior (citation or verified runtime contract); grade A- -> A (no code change required); A-|2026-04-23: upgraded horizon LOD sampling -> ray-marched skyline queries now use bilinear terrain sampling so off-axis peaks do not leak into the wrong azimuth bins,A,,,
terrain_horizon_lod.py,129,function,build_horizon_skybox_mask,build_horizon_skybox_mask,GRADED,file_qualified,A,"A|2026-04-23 Phase-D: R9 note documents canonical upgrade from lower grade; grade jump D/A- -> A (R9 is authoritative post-upgrade assessment with citation); A-|2026-04-20: wiring confirmed - stack.set(lod_bias) at line 252, vectorized horizon profile",A,,(severity HIGH — wiring):,"Wire into `pass_horizon_lod`; emit profile to `side_effects` or to a new `stack.horizon_profile` channel; clamp `vz >= terrain.sample(vx,vy) + 1.0`."
terrain_horizon_lod.py,240,function,pass_horizon_lod,pass_horizon_lod,GRADED,file_qualified,A,A|2026-04-23 Phase-D: R9 note documents canonical upgrade from lower grade; grade jump B-/A- -> A (R9 is authoritative post-upgrade assessment with citation); A-|2026-04-20: confirmed fully wired — stack.set(lod_bias) written from NN-upsampled silhouette bias; stack.set(horizon_elevation_angles) written from build_horizon_skybox_mask; both in produced_channels; PassResult metrics include horizon_elevation_max/min_rad and skybox_profiles. D wiring bug was pre-existing fix already in tree.,A,,(severity MEDIUM):,"Store `lod_bias` at `out_res` resolution, not upsampled; use bilinear when consumer wants per-vertex bias. Wire `build_horizon_skybox_mask` into the pass."
terrain_horizon_lod.py,341,function,register_bundle_l_horizon_lod_pass,register_bundle_l_horizon_lod_pass,GRADED,file_qualified,A-,A-|2026-04-20: verified by current tests -> declarative horizon-LOD pass registration,A,,,
terrain_hot_reload.py,35,function,_module_path,_module_path,GRADED,file_qualified,A,,A,,,
terrain_hot_reload.py,40,function,_safe_reload,_safe_reload,GRADED,file_qualified,D+,,B+,,,
terrain_hot_reload.py,74,function,reload_biome_rules,reload_biome_rules,GRADED,file_qualified,A-,A-|2026-04-24: evidence-backed biome hot-reload callable -> package-list and success filtering covered,,Blender terrain iteration hot-reload entrypoint,"Polling/reload utility, not filesystem event observer.",Add watchdog-style debounce if live authoring requires automatic event watching.
terrain_hot_reload.py,84,function,reload_material_rules,reload_material_rules,GRADED,file_qualified,A-,A-|2026-04-24: evidence-backed material hot-reload callable -> package-list and success filtering covered,,Blender material iteration hot-reload entrypoint,Does not prove live Blender material datablock refresh.,Pair with live material viewport reload test.
terrain_hot_reload.py,118,method,HotReloadWatcher.add,add,GRADED,file_qualified,A-,,A-,Standard file-watcher pattern (e.g. UE5's `FCoreDelegates::OnModulesChanged`).,Quietly skips if mtime can't be read (no logging). Minor: a watch_-then-edit-but-fail-to-reload silently does nothing. Real Houdini Python SOPs log a warning.,"Wrap `p.stat().st_mtime` in `try/except OSError: log.debug(""could not stat %s"", p)`."
terrain_hot_reload.py,128,method,HotReloadWatcher.watch_biome_rules,watch_biome_rules,GRADED,file_qualified,A,,A,,None.,
terrain_hot_reload.py,133,method,HotReloadWatcher.watch_material_rules,watch_material_rules,GRADED,file_qualified,A,,A,,None.,
terrain_hot_reload.py,138,method,HotReloadWatcher.check_and_reload,check_and_reload,GRADED,file_qualified,C,,A-,"Standard file-watcher (Watchdog library, importlib.reload).","Polling-based — won't detect changes faster than the next poll call. Real authoring tools (UE5 Live Coding, Houdini's `hou.session.refresh`) use OS file-watch APIs (kqueue, ReadDirectoryChangesW). Polling is acceptable for AI-driven terrain authoring where the watcher fires after every operator ste","Return `(reloaded: List[str], failed: List[Tuple[str, str]])` and let the operator surface failures."
terrain_hot_reload.py,182,method,HotReloadWatcher.force_reload_all,force_reload_all,GRADED,file_simple,A,,A,,,
terrain_hot_reload.py,198,method,HotReloadWatcher.clear_errors,clear_errors,GRADED,file_qualified,A,A|2026-04-24: evidence-backed hot-reload state helper -> direct clear_errors test covered,A,Hot-reload UI error acknowledgement primitive,Tiny state helper only.,Keep direct regression.
terrain_hot_reload.py,203,function,force_reload_all,force_reload_all,GRADED,file_qualified,A,,A,,,
terrain_iteration_metrics.py,25,function,_get_peak_memory_mb,_get_peak_memory_mb,GRADED,file_qualified,B+,"B+|2026-04-23: verified peak-memory probe -> resource and psutil fallbacks provide portable RSS sampling, though platform reporting fidelity still depends on host availability",B+,,,
terrain_iteration_metrics.py,99,method,IterationMetrics.record,record,GRADED,file_qualified,A,A|2026-04-23 Phase-D: R9 note describes canonical AAA behavior (citation or verified runtime contract); grade A- -> A (no code change required); A-|2026-04-23: verified incremental iteration recorder -> pass totals cache stats peak-memory sampling and channel-write counters update coherently in O(1),A,,,
terrain_iteration_metrics.py,142,method,IterationMetrics.reset,reset,GRADED,file_qualified,A,A|2026-04-23: verified metrics reset helper -> counters buffers and incremental aggregates are restored to clean initial state,A,,,
terrain_iteration_metrics.py,161,method,IterationMetrics.merge,merge,GRADED,file_qualified,B-,B-|2026-04-23: verified iteration-metrics merge -> deterministic field aggregation remains correct but still reflects bookkeeping-grade rather than high-end systems depth,B-,,,
terrain_iteration_metrics.py,193,method,IterationMetrics.avg_pass_duration_s,avg_pass_duration_s,GRADED,file_qualified,A,,A,,None.,
terrain_iteration_metrics.py,201,method,IterationMetrics.cache_hit_rate,cache_hit_rate,GRADED,file_qualified,A,,A,,None.,
terrain_iteration_metrics.py,206,method,IterationMetrics.p50_duration_s,p50_duration_s,GRADED,file_qualified,A,,A,"Standard percentile computation. Equivalent to `numpy.percentile(..., method='linear')`.","None — would be a hair faster as `numpy.percentile`, but `numpy` import is already pulled in by the module so the gain is microseconds and the pure-Python sort is correct.",
terrain_iteration_metrics.py,210,method,IterationMetrics.p95_duration_s,p95_duration_s,GRADED,file_qualified,A,,A,,None.,
terrain_iteration_metrics.py,214,method,IterationMetrics.p99_duration_s,p99_duration_s,GRADED,file_qualified,A,A|2026-04-23: verified p99 accessor -> delegates to the shared percentile implementation for stable latency-tail reporting,A,,,
terrain_iteration_metrics.py,218,method,IterationMetrics.max_duration_s,max_duration_s,GRADED,file_qualified,A,,A,,None.,
terrain_iteration_metrics.py,222,method,IterationMetrics.slowest_pass_name,slowest_pass_name,GRADED,file_qualified,A,A|2026-04-23: verified slowest-pass accessor -> exposes the tracked worst-duration pass name without recomputation,A,,,
terrain_iteration_metrics.py,229,method,IterationMetrics.per_pass_totals,per_pass_totals,GRADED,file_simple,B+,B+|2026-04-19: confirmed B+ -> per-pass aggregation correct,A,,,
terrain_iteration_metrics.py,233,method,IterationMetrics.hotspots,hotspots,GRADED,file_qualified,A,A|2026-04-23 Phase-D: R9 note describes canonical AAA behavior (citation or verified runtime contract); grade A- -> A (no code change required); A-|2026-04-23: verified hotspot summary helper -> total-duration ranking returns deterministic top-N pass aggregates,A,,,
terrain_iteration_metrics.py,240,method,IterationMetrics.summary_report,summary_report,GRADED,file_simple,A,A|2026-04-19: upgraded B -> schema_version 1.1 p99_duration_s machine-parseable JSON stable key contract,A,,,
terrain_iteration_metrics.py,279,method,IterationMetrics.to_json,to_json,GRADED,file_qualified,A,A|2026-04-23: verified metrics serialization helper -> summary snapshots round-trip directly through JSON for telemetry and artifact writes,A,,,
terrain_iteration_metrics.py,289,function,_percentile,_percentile,GRADED,file_qualified,A,A|2026-04-19: upgraded B -> numpy.percentile method=linear numpy>=1.22 fallback interpolation= legacy pure-Python final fallback,A,,,
terrain_iteration_metrics.py,325,function,record_iteration,record_iteration,GRADED,file_qualified,D,,A,,,
terrain_iteration_metrics.py,330,function,record_cache_hit,record_cache_hit,GRADED,file_qualified,A,,A,,None.,
terrain_iteration_metrics.py,334,function,record_cache_miss,record_cache_miss,GRADED,file_qualified,A,,A,,None.,
terrain_iteration_metrics.py,338,function,record_wave,record_wave,GRADED,file_qualified,B,"B|2026-04-23: verified parallel-wave counter helper -> increments the aggregate wave count correctly, though wave_size remains bookkeeping-only today",B,,,
terrain_iteration_metrics.py,343,function,speedup_factor,speedup_factor,GRADED,file_qualified,A,,A,,,
terrain_iteration_metrics.py,362,function,meets_speedup_target,meets_speedup_target,GRADED,file_qualified,D,,A,,,
terrain_iteration_metrics.py,377,function,stdev_duration_s,stdev_duration_s,GRADED,file_qualified,A,,A,,,
terrain_karst.py,89,function,detect_karst_candidates,detect_karst_candidates,GRADED,file_qualified,A,"A|2026-04-23 Phase-D: R9 note documents canonical upgrade from lower grade; grade jump C+/A- -> A (R9 is authoritative post-upgrade assessment with citation); A-|2026-04-20: upgraded C+->A-: 6 bugs fixed, Williams radius morphometry, cenote/polje classification",A,Houdini karst detection on rock_hardness.,MULTIPLE bugs.,fix `h.ptp()` → `np.ptp(h)` or `h.max() - h.min()`; size each feature by drainage area; non-max-suppression instead of grid step.
terrain_karst.py,319,function,_compose_uvala,_compose_uvala,GRADED,file_qualified,A-,A-|2026-04-29 master-audit blocker closure with direct behavior evidence,A-,Karst uvala composition,Needs visual terrain proof inside Blender once runtime exists.,Keep karst carve and geology plausibility tests current.
terrain_karst.py,333,function,carve_karst_features,carve_karst_features,GRADED,file_qualified,B+,B+|2026-04-19: upgraded C -> fully vectorized numpy mgrid elliptical rotation wall cos^p profile uvala np.minimum polje superellipse n=4,C+,Houdini karst carving via heightfield_distort.,,"vectorize via `np.where(dist <= rad_cells, ...)`; fix depth scale (scale to ~5×radius); add noise modulation."
terrain_karst.py,433,function,pass_karst,pass_karst,GRADED,file_qualified,D+,,B-,standard pass.,,declare karst_delta in produces_channels conditionally OR always-produce zeros; add quality gate (≥1 feature when enabled and rock_hardness has limestone band); fix BUG-36.
terrain_karst.py,485,function,get_sinkhole_specs,get_sinkhole_specs,GRADED,file_qualified,B+,B+|2026-04-19: upgraded C -> cenote=flooded large=weathered small=40fresh/60weathered full SinkholeSpec,B-,standard mesh spec extractor.,,fix `generate_sinkhole` (BUG-4); proper depth scale; cenote water plane.
terrain_legacy_bug_fixes.py,32,function,_default_terrain_advanced_path,_default_terrain_advanced_path,GRADED,file_qualified,B,,B,,,
terrain_legacy_bug_fixes.py,52,function,audit_np_clip_in_file,audit_np_clip_in_file,GRADED,file_qualified,B-,,B-,,,
terrain_legacy_bug_fixes.py,113,function,_audit_pixel_units_in_file,_audit_pixel_units_in_file,GRADED,file_qualified,D+,D+,D+,No,"Missing direct behavior proof, visual proof, and AAA acceptance evidence.","Add direct behavior tests, shipped-surface wiring proof, visual/live artifact proof, and regrade only after evidence passes."
terrain_legacy_bug_fixes.py,141,function,audit_terrain_advanced_world_units,audit_terrain_advanced_world_units,GRADED,file_qualified,A,"A|2026-04-20: fully implemented static analysis — scans terrain_advanced.py for unit-range clips, missing out= kwargs, and pixel-unit scaling ops; returns structured summary dict; no stub behaviour present",A,,none. This is a documentation deliverable that does what it says. ---,
terrain_live_preview.py,27,function,_clone_stack_for_diff,_clone_stack_for_diff,GRADED,file_qualified,A,,A,,,
terrain_live_preview.py,75,method,LivePreviewSession.state,state,GRADED,file_qualified,A,,A,,None.,
terrain_live_preview.py,78,method,LivePreviewSession.current_hash,current_hash,GRADED,file_qualified,A,,A,,None.,
terrain_live_preview.py,81,method,LivePreviewSession.apply_edit,apply_edit,GRADED,file_simple,B+,,B+,,cache invalidate uses prefix match — could over-invalidate.,precise channel→cache-entry index. ### `diff_preview` / `diff_stacks` / `snapshot_stack` (lines 109-133) — A- Clean.
terrain_live_preview.py,127,method,LivePreviewSession.diff_preview,diff_preview,GRADED,file_simple,B,,B,N/A — this is not a diff; it's a hash-membership check. Actual visual diff lives in `compute_visual_diff` in `terrain_visual_diff` (called by `diff_stacks`).,"The function name promises a diff. It returns `{identical, found_before, found_after, history_length}` — that's a hash-equality + history-presence check. Misleading API.",Rename to `lookup_preview_hashes` OR retain stack snapshots (memory permitting) and return a real diff.
terrain_live_preview.py,147,method,LivePreviewSession.diff_stacks,diff_stacks,GRADED,file_qualified,B,"B|2026-04-24: test monkeypatches compute_visual_diff to stub lambda; plumbing coverage only, not diff behavior",B,Live terrain preview visual diff bridge,Monkeypatched diff evidence; full visual metric quality covered elsewhere.,Run live preview diff on generated terrain screenshots.
terrain_live_preview.py,151,method,LivePreviewSession.snapshot_stack,snapshot_stack,GRADED,file_qualified,A,A|2026-04-24: evidence-backed helper -> direct visual/export runtime tests covered,A,Live preview snapshot helper,Snapshot can be memory-heavy on large tiles.,Add budget guard for production tile sizes.
terrain_live_preview.py,155,method,LivePreviewSession.render_thumbnail_png,render_thumbnail_png,GRADED,file_qualified,B-,B-|2026-04-24: test fully mocks matplotlib backend; file bytes are literal 'fake png' — no pixel path exercised,B-,Live preview thumbnail renderer,Matplotlib is mocked here; real thumbnail pixels still need runtime capture.,Run with matplotlib/Blender available for pixel QA.
terrain_live_preview.py,186,function,edit_hero_feature,edit_hero_feature,GRADED,file_qualified,A,A|2026-04-23 Phase-D: R9 note documents canonical upgrade from lower grade; grade jump F/A- -> A (R9 is authoritative post-upgrade assessment with citation); A-|2026-04-19: upgraded F -> cosine-radial overlay float32 max-blend dirty_channels return,A,,"**CRITICAL** — this is a fake editor. Calling `edit_hero_feature(state, ""boss_arena"", [{""type"": ""translate"", ""dx"": 100}])` reports `applied=1` but the boss_arena has not moved. Any test relying on this passes false.","actually look up the HeroFeatureSpec by ID, construct a new frozen instance with mutated fields, swap into intent.hero_feature_specs tuple, mark relevant channels dirty."
terrain_macro_color.py,42,function,_resolve_palette,_resolve_palette,GRADED,file_qualified,B,,B,,,"Return `(palette, issues)` tuple; clamp/validate RGB."
terrain_macro_color.py,60,function,_resolve_strata_color_map,_resolve_strata_color_map,GRADED,file_qualified,D+,D+,D+,No,"Missing direct behavior proof, visual proof, and AAA acceptance evidence.","Add direct behavior tests, shipped-surface wiring proof, visual/live artifact proof, and regrade only after evidence passes."
terrain_macro_color.py,116,function,compute_macro_color,compute_macro_color,GRADED,file_qualified,B+,B+|2026-04-19: upgraded B- -> erosion bleaching deposition staining ochre wet blue-grey tint,B-,"Naughty Dog TLOU Part I (GDC 2023, Benainous): material breakup uses multi-octave grunge masks layered at 3+ scales (macro/meso/detail) over the base palette, edge-wear tinting, and per-vertex color-",,Vectorize biome lookup with `palette_lut[biome_arr]`; add 3-octave color noise (use `terrain_stochastic_shader.build_stochastic_sampling_mask` magnitude); palette-relative cool-shift; directional sno
terrain_macro_color.py,208,function,pass_macro_color,pass_macro_color,GRADED,file_qualified,A,"A|2026-04-23 Phase-D: R9 note cites canonical upgrade (scipy EDT, Wang hash, SpeedTree wind VC, arc-length reparameterization, Ikeda 1989 bank asymmetry, Mason 1985 pool verification, etc.); grade B+/A- -> A (no code change required); A-|2026-04-20: verified by current tests -> macro-color pass remains wired with runtime channel contract",A,,,Declare full deps; cache resolved palette.
terrain_macro_color.py,244,function,register_bundle_k_macro_color_pass,register_bundle_k_macro_color_pass,GRADED,file_qualified,A,"A|2026-04-23 Phase-D: R9 note cites canonical upgrade (JONSWAP, Davis&Reynolds 1996, Ramsay 1967, Mason 1985, Manning equation, SpeedTree, Shreve, Houdini PDG retention, Perlin double-perm hash, etc.); grade B/A- -> A (no code change required); A-|2026-04-20: verified by current tests -> declarative macro-color pass registration",A,,—,—
terrain_mask_cache.py,33,function,_hash_channel,_hash_channel,GRADED,file_qualified,A,A|2026-04-24: evidence-backed chunk/cache/math helper -> direct runtime tests covered,A,Mask cache channel hash helper,No cross-platform endian fixture yet.,Add dtype endian and NaN normalization tests.
terrain_mask_cache.py,49,function,cache_key_for_pass,cache_key_for_pass,GRADED,file_qualified,A,,A,,,
terrain_mask_cache.py,151,method,MaskCache.get,get,GRADED,file_qualified,A,,A,"Canonical LRU implementation (Raymond Hettinger's recipe, accepted into `functools.lru_cache`).",None.,
terrain_mask_cache.py,160,method,MaskCache.put,put,GRADED,file_qualified,A,,A,,None.,
terrain_mask_cache.py,188,method,MaskCache._remove_from_tag_index,_remove_from_tag_index,GRADED,file_qualified,A,A|2026-04-24: evidence-backed chunk/cache/math helper -> direct runtime tests covered,A,Mask cache tag-index removal helper,Internal helper only.,Keep paired with invalidation regressions.
terrain_mask_cache.py,193,method,MaskCache.get_or_compute,get_or_compute,GRADED,file_qualified,B+,,B+,,"stores `None` returns from compute_fn as a miss-value (since `if cached is not None` won't trigger), but a legitimate `None` cached value would be re-computed every time. Edge case but a real bug if any pass computes None.",use a sentinel object.
terrain_mask_cache.py,242,method,MaskCache.invalidate,invalidate,GRADED,file_qualified,A,,A,,None.,
terrain_mask_cache.py,250,method,MaskCache.invalidate_prefix,invalidate_prefix,GRADED,file_qualified,A,,A,,"snapshots use `np.array(val, copy=True)` (good, not deepcopy); restore uses `stack.set` (good — propagates provenance).","if `val is None` and current is not None, explicitly clear via `setattr(stack, ch, None)`."
terrain_mask_cache.py,293,method,MaskCache.invalidate_all,invalidate_all,GRADED,file_qualified,A,,A,,Doesn't reset hit/miss counters — intentional (counters track lifetime statistics).,
terrain_mask_cache.py,298,method,MaskCache.stats,stats,GRADED,file_qualified,A,,A,Equivalent to `functools.lru_cache.cache_info()`.,Integer-percent loses precision (45.7% → 45). Negligible for dashboards but a B+ if a strict reading were required. Returning float would match `IterationMetrics.cache_hit_rate`.,
terrain_mask_cache.py,316,function,_snapshot_produced_channels,_snapshot_produced_channels,GRADED,file_qualified,A,,A,,,
terrain_mask_cache.py,327,function,_restore_produced_channels,_restore_produced_channels,GRADED,file_qualified,A,A|2026-04-24: evidence-backed chunk/cache/math helper -> direct runtime tests covered,A,Cached mask-channel restore helper,Coverage uses one produced channel.,Add multi-channel restore and shape-mismatch rejection tests.
terrain_mask_cache.py,338,function,pass_with_cache,pass_with_cache,GRADED,file_qualified,A,,A,,,
terrain_masks.py,27,function,compute_slope,compute_slope,GRADED,file_qualified,A,,A,Microsoft Learn / numpy `np.gradient` docs (Context7-verified `/numpy/numpy`): np.gradient supports per-axis spacing and uses second-order central differences interior + first-order edges. Matches wh…,"none significant. The RADIANS-vs-DEGREES contract mismatch the master audit flagged is in `_terrain_noise.compute_slope_map` (different module), not here.",
terrain_masks.py,49,function,compute_curvature,compute_curvature,GRADED,file_qualified,A,,A,"standard finite-difference Laplacian, identical to `scipy.ndimage.laplace` (which uses the same stencil). Matches GIS curvature definition (positive = convex).",none.,
terrain_masks.py,73,function,compute_concavity,compute_concavity,GRADED,file_qualified,B+,,B+,,percentile is computed over ONLY the negative lobe; if curvature is mostly negative everywhere the 99th percentile clips way too aggressively. For a dense valley terrain you'd lose most of the depth signal.,"use a robust scaler (e.g. clip at `np.percentile(|curv|, 99)` over the whole array, then split sign)."
terrain_masks.py,90,function,compute_convexity,compute_convexity,GRADED,file_qualified,B+,,B+,,,
terrain_masks.py,107,function,extract_ridge_mask,extract_ridge_mask,GRADED,file_qualified,B,,B,"classic ridge detection from ""Detection of Ridges in 2D Images"" (Lindeberg). However, the proper formulation uses eigenvalues of the Hessian — this implementation only thresholds the diagonal entries…","misses diagonal ridges. Threshold ""5th percentile of negative curvatures"" is reasonable but data-driven, so it can produce no ridges if all curvature is positive (lake-flat terrain).; AAA gap: Houdini Heightfield uses the actual eigenvalue formulation; Gaea uses a Hessian + non-max suppression.","compute the Hessian (Hxx, Hxy, Hyy) and use λ_max < threshold instead of axis-aligned only."
terrain_masks.py,145,function,detect_basins,detect_basins,GRADED,file_qualified,B+,B+|2026-04-19: upgraded B- -> scipy watershed_ift primary numpy fallback scipy label seeds height-sorted priority-flood 8-neighbor flat-index arithmetic,C,"Context7-verified scipy: `scipy.ndimage.label(is_min, structure=np.ones((3,3)))` does the connected components in C; `scipy.ndimage.watershed_ift(height, markers)` does the dilation in C. The Houdini…","the ""two passes"" Python dilation is O(2 × N × 8) Python iterations per cell. On 1024² that's 16M Python operations; on 4096² that's 250M. Measured ~10s on 1k², ~3 min on 4k². scipy equivalent is <100ms.","```python from scipy import ndimage labels, n = ndimage.label(is_min, structure=np.ones((3,3), dtype=bool)) # fill non-seeds with watershed-by-flooding out = ndimage.watershed_ift(h.astype(np.uint16), labels) # enforce min_area as before ```"
terrain_masks.py,266,function,compute_macro_saliency,compute_macro_saliency,GRADED,file_qualified,B+,,B+,,weights are magic numbers without comment; height normalization is per-tile (`h.min/max`) so adjacent tiles get different normalization → seam pop in saliency. Should use `theoretical_max_amplitude` for tile-invariant normalization OR accept world-min/max as parameter.; AAA gap: Horizon FW uses lea…,add per-channel weight params + tile-invariant height normalization.
terrain_masks.py,302,function,compute_base_masks,compute_base_masks,GRADED,file_qualified,A,,A,,,
terrain_master_registrar.py,102,function,_safe_import_registrar,_safe_import_registrar,GRADED,file_qualified,A,,A,,,
terrain_master_registrar.py,127,function,register_all_terrain_passes,register_all_terrain_passes,GRADED,file_qualified,A,,A,,,
terrain_master_registrar.py,155,function,register_all_terrain_passes_detailed,register_all_terrain_passes_detailed,GRADED,file_qualified,A,,A,,,
terrain_master_registrar.py,170,function,_register_all_terrain_passes_impl,_register_all_terrain_passes_impl,GRADED,file_qualified,B,,B,,"Bundle A is hard-imported (line 123) — if `terrain_pipeline` import fails the entire registrar dies before recording the failure. Bundle A should also go through `_safe_import_registrar` for consistency. Also the `package_root` fallback `""blender_addon.handlers""` (line 128) is wrong — the package i…",fix the fallback to actually resolve the parent package name. ---
terrain_materials.py,50,function,get_default_biome,get_default_biome,GRADED,file_qualified,A,,A,,,
terrain_materials.py,997,function,_get_material_def,_get_material_def,GRADED,file_qualified,A-,,A-,,,
terrain_materials.py,1002,function,get_all_terrain_material_keys,get_all_terrain_material_keys,GRADED,file_qualified,A,,A,,,
terrain_materials.py,1015,function,get_biome_palette,get_biome_palette,GRADED,file_qualified,A,,A,,R5: hardcoded list — adding a biome requires editing this function.,
terrain_materials.py,1046,function,_face_slope_angle,_face_slope_angle,GRADED,file_qualified,A,,A,,,
terrain_materials.py,1068,function,_classify_face,_classify_face,GRADED,file_qualified,D+,D+,D+,No,,
terrain_materials.py,1119,function,assign_terrain_materials_by_slope,assign_terrain_materials_by_slope,GRADED,file_qualified,D+,D+,D+,No,,
terrain_materials.py,1326,function,blend_terrain_vertex_colors,blend_terrain_vertex_colors,GRADED,file_qualified,D+,D+,D+,No,,
terrain_materials.py,1573,function,apply_corruption_tint,apply_corruption_tint,GRADED,file_qualified,A,A|2026-04-19: upgraded B -> MicroSplat height-blend BT.709 luminance as surface-height proxy blend_contrast param,A,Corrupted-zone overlay shader,"Uniform tint — no per-vertex corruption variance; hardcoded purple (0.12, 0.04, 0.14) from 'linear sRGB' comment.; R5: works only on already-painted vertex colors; if not painted, silently no-ops.",Sample corruption_map per-vertex for spatial variance.
terrain_materials.py,1652,function,_wang_hash,_wang_hash,GRADED,file_qualified,D+,D+,D+,No,"Missing direct behavior proof, visual proof, and AAA acceptance evidence.","Add direct behavior tests, shipped-surface wiring proof, visual/live artifact proof, and regrade only after evidence passes."
terrain_materials.py,1662,function,_simple_noise_2d,_simple_noise_2d,GRADED,file_qualified,A,"A|2026-04-20: upgraded C+->A: LCG hash 1664525/1013904223, quintic smoothstep, platform-independent",A,,,
terrain_materials.py,1718,function,compute_biome_transition,compute_biome_transition,GRADED,file_qualified,A,A|2026-04-19: upgraded B -> MicroSplat height-blend quintic smoothstep blend_contrast param replaces linear lerp,A,Witcher 3 / ESO biome-boundary splat blend,"Axis-aligned boundary only (x or y); _simple_noise_2d is a hash-based approximation, not true Simplex; amplitude is in world units but scale is normalized.",Support arbitrary polyline boundary + OpenSimplex noise.
terrain_materials.py,1894,function,height_blend,height_blend,GRADED,file_qualified,B+,,B+,,,
terrain_materials.py,1952,function,_create_height_blend_group,_create_height_blend_group,GRADED,file_qualified,D+,D+,D+,No,,
terrain_materials.py,2105,function,_biome_environment_params,_biome_environment_params,GRADED,file_qualified,D+,D+,D+,No,"Missing direct behavior proof, visual proof, and AAA acceptance evidence.","Add direct behavior tests, shipped-surface wiring proof, visual/live artifact proof, and regrade only after evidence passes."
terrain_materials.py,2235,function,handle_setup_terrain_biome,handle_setup_terrain_biome,GRADED,file_qualified,B+,B+|2026-04-19: upgraded B- -> _biome_environment_params 16 biomes moisture/temperature/tree_line/snow_line/detail/wind/wetness spec_only=True,B-,,,
terrain_materials.py,2573,function,auto_assign_terrain_layers,auto_assign_terrain_layers,GRADED,file_qualified,A,A|2026-04-19: upgraded B -> MicroSplat saturate((h_a-h_b+half)/half) 8-degree transition bands flat/slope/cliff boundaries blend_contrast,A,,,
terrain_materials.py,2826,function,_resolve_biome_palette_name,_resolve_biome_palette_name,GRADED,file_qualified,A,,A,,,
terrain_materials.py,2842,function,_resolve_special_band_policy,_resolve_special_band_policy,GRADED,file_qualified,A-,,A-,,,
terrain_materials.py,2869,function,_clamp_rgba,_clamp_rgba,GRADED,file_qualified,D+,D+,D+,No,,
terrain_materials.py,2893,function,_build_terrain_recipe,_build_terrain_recipe,GRADED,file_qualified,D+,D+,D+,No,,
terrain_materials.py,3117,function,compute_world_splatmap_weights,compute_world_splatmap_weights,GRADED,file_qualified,A,A|2026-04-19: upgraded B -> numpy-vectorized MicroSplat height-blend 8-degree bands in_flat_band in_cliff_band hb_flat hb_cliff blend_contrast,A,UE5 Landscape auto-material RGBA (grass/dirt/rock/special),Linear slope thresholds; no anisotropic lighting hint; moisture tint is limited (>0.7 or <0.3).,Soften slope transition with smoothstep; expose moisture curve.
terrain_materials.py,3318,function,create_biome_terrain_material,create_biome_terrain_material,GRADED,file_qualified,B,,B,,,
terrain_materials.py,3516,function,handle_create_biome_terrain,handle_create_biome_terrain,GRADED,file_qualified,B+,,B+,,,
terrain_materials_ext.py,68,method,MaterialChannelExt.channel_id,channel_id,GRADED,file_qualified,A,,A,,None.,
terrain_materials_ext.py,77,function,validate_texel_density_coherency,validate_texel_density_coherency,GRADED,file_qualified,A,A|2026-04-19: confirmed A -> 1024/512/256px per meter validation,A,This is exactly the Unreal `Texel Density` audit rule — adjacent terrain layers must be within ~2× texel density or visible texture-resolution discontinuities appear.,none significant.,None — already production.
terrain_materials_ext.py,194,function,compute_height_blended_weights,compute_height_blended_weights,GRADED,file_qualified,A,A|2026-04-19: confirmed A -> MicroSplat height blend correct,A,"This is the standard Megascans / Unreal ""Height Lerp"" or ""Height Blend"" technique used to make snow accumulate on peaks and moss in valleys.","when `total <= 1e-9` falls back to base weights — this is correct fallback but it leaks the unmodified base into the output, so cells that were intended to fade out still appear with original weights.","instead of falling back to base, fall back to the dominant channel by weight."
terrain_materials_ext.py,269,function,validate_cliff_silhouette_area,validate_cliff_silhouette_area,GRADED,file_qualified,A,A|2026-04-19: confirmed A -> silhouette area validation correct,A,,,
terrain_materials_ext.py,334,function,validate_cliff_silhouette_shape,validate_cliff_silhouette_shape,GRADED,file_qualified,D+,D+,D+,No,"Missing direct behavior proof, visual proof, and AAA acceptance evidence.","Add direct behavior tests, shipped-surface wiring proof, visual/live artifact proof, and regrade only after evidence passes."
terrain_materials_v2.py,98,method,MaterialRuleSet.index_of,index_of,GRADED,file_qualified,A-,,A-,,None functionally. For very large rule sets (50+ layers) a `dict` lookup would be O(1). For Bundle B's 6-layer default this is irrelevant.,"Build a `_id_to_idx: Dict[str, int]` in `__post_init__` and look up there.; S10-RESEARCH: Add structural terrain-type labeling (stamp not classify) (BUG-S10-002); add Brucks height-blend formula (Phase 10.1); add macro color multiply (BUG-S10-008); add SDF-based road edge blending (BUG-S10-009)"
terrain_materials_v2.py,104,method,MaterialRuleSet.priority_order,priority_order,GRADED,file_qualified,A-,A-|2026-04-29 master-audit blocker closure with direct behavior evidence,A-,Terrain material rule priority,Priority is analytical; authored material quality still needs render proof.,Keep priority conflict behavior tests current.
terrain_materials_v2.py,119,function,default_dark_fantasy_rules,default_dark_fantasy_rules,GRADED,file_qualified,A,A|2026-04-19: confirmed A -> VeilBreakers dark fantasy rules correct,A,,"hardcoded altitude thresholds (snow > 250m, scree < 200m) — should be biome-parameterized.; AAA gap: real terrain shaders have 8-12 layers (e.g. Horizon FW: dirt, sand, grass_short, grass_long, rock_smooth, rock_jagged, snow, wet_mud, scree, ice).",expand to 8-channel default.; S10-RESEARCH: Add structural terrain-type labeling (stamp not classify) (BUG-S10-002); add Brucks height-blend formula (Phase 10.1); add macro color multiply (BUG-S10-008); add SDF-based road edge blending (BUG-S10-009)
terrain_materials_v2.py,194,function,triplanar_blend,triplanar_blend,GRADED,file_qualified,A-,A-|2026-04-24: evidence-backed material triplanar helper -> direct projection-selection test covered,,AAA terrain triplanar projection helper,Helper-level proof only; shader/runtime importer must still consume triplanar metadata.,Verify in live Blender/Unity material viewport screenshots.
terrain_materials_v2.py,251,function,compute_normal_z,compute_normal_z,GRADED,file_qualified,A,A|2026-04-24: evidence-backed material normal helper -> direct flat/steep/invalid tests covered,A,Terrain surface normal mask primitive,Heightmap-gradient normal only; no mesh-normal/overhang input for true caves.,Use mesh normals for overhang-capable terrain materials.
terrain_materials_v2.py,280,function,apply_brucks_blend,apply_brucks_blend,GRADED,file_qualified,A-,A-|2026-04-24: evidence-backed Brucks blend helper -> direct nonnegative competition tests covered,,Height-blended material transition primitive,Two-layer helper only; full multi-layer height blend is handled through channel metadata.,Expand to generalized N-layer height competition if authored materials require it.
terrain_materials_v2.py,326,function,compute_snow_line_factor,compute_snow_line_factor,GRADED,file_qualified,A-,A-|2026-04-24: evidence-backed snow-line helper -> direct altitude and normal-z tests covered,,AAA snow accumulation mask helper,"Climate model is scalar/threshold based, not biome/weather accumulation simulation.",Feed real climate/weather masks into snow-line pass for live worlds.
terrain_materials_v2.py,388,function,sample_macro_color,sample_macro_color,GRADED,file_qualified,A-,A-|2026-04-24: evidence-backed macro color helper -> direct world-wrap sampling tests covered,,World-space macro color texture sampler,Nearest-neighbor sample only; no bilinear filtering or authored biome blending.,Add bilinear macro sampling and region-mask blends for final visual polish.
terrain_materials_v2.py,426,function,apply_sdf_road_blend,apply_sdf_road_blend,GRADED,file_qualified,A-,A-|2026-04-24: evidence-backed SDF road blend helper -> direct normalization/noop tests covered,,SDF road-edge material blend primitive,Only blends to one road material channel; no tire-wear/mud shoulder layering.,Add multi-channel shoulder/wear masks for AAA roads.
terrain_materials_v2.py,496,function,_smoothstep_band,_smoothstep_band,GRADED,file_qualified,A,A|2026-04-19: confirmed A -> smoothstep band blending correct,A,,,
terrain_materials_v2.py,510,function,compute_slope_material_weights,compute_slope_material_weights,GRADED,file_qualified,A-,,A-,Matches Unity HDRP TerrainLit splatmap normalization contract.,"`curv_w = np.where(... & ...)` returns hard 0/1, no smoothstep — sharp boundaries on curvature transitions.",replace hard curvature gate with smoothstep band like slope/altitude.; S10-RESEARCH: Add structural terrain-type labeling (stamp not classify) (BUG-S10-002); add Brucks height-blend formula (Phase 10.1); add macro color multiply (BUG-S10-008); add SDF-based road edge blending (BUG-S10-009)
terrain_materials_v2.py,782,function,_resolve_height_blend_gammas,_resolve_height_blend_gammas,GRADED,file_qualified,A,A|2026-04-24: evidence-backed material gamma resolver -> direct default/override/fallback tests covered,A,Material metadata resolver,Metadata-only helper; visual proof depends on shader/import consumer.,Validate importer consumes gammas in live material graph.
terrain_materials_v2.py,800,function,_apply_region_mask,_apply_region_mask,GRADED,file_qualified,A-,A-|2026-04-29 master-audit blocker closure with direct behavior evidence,A-,Region-scoped material blend,Binary bbox mask remains hard unless caller supplies soft mask.,Add feathered region masks when authoring needs soft transitions.
terrain_materials_v2.py,821,function,_build_material_channel_exts,_build_material_channel_exts,GRADED,file_qualified,A-,A-|2026-04-24: evidence-backed material extension builder -> direct metadata tests covered,,Material channel extension builder,Metadata construction only; downstream texel-density enforcement still requires export/runtime checks.,Keep paired with validation/export material density tests.
terrain_materials_v2.py,864,function,pass_materials,pass_materials,GRADED,file_qualified,A-,A-|2026-04-20: verified by current tests -> materials pass remains wired and produces splat/material channels,A,,,
terrain_materials_v2.py,1019,function,register_bundle_b_material_passes,register_bundle_b_material_passes,GRADED,file_qualified,A-,A-|2026-04-20: verified by current tests -> material-pass registrar remains wired,A,,,
terrain_math.py,12,function,slope_radians,slope_radians,GRADED,file_qualified,A,A|2026-04-24: evidence-backed chunk/cache/math helper -> direct runtime tests covered,A,Terrain slope radians helper,Border handling follows numpy gradient edge behavior.,Add steep cliff and non-square cell fixtures when anisotropic cells are supported.
terrain_math.py,17,function,slope_degrees,slope_degrees,GRADED,file_qualified,A,A|2026-04-24: evidence-backed chunk/cache/math helper -> direct runtime tests covered,A,Terrain slope degrees helper,Depends on slope_radians correctness.,Keep degree-radian invariant regression.
terrain_math.py,21,function,slope_gradient_magnitude,slope_gradient_magnitude,GRADED,file_qualified,A,A|2026-04-24: evidence-backed chunk/cache/math helper -> direct runtime tests covered,A,Terrain raw gradient magnitude helper,Border handling follows numpy gradient edge behavior.,Add fixtures for noisy high-frequency terrain.
terrain_math.py,26,function,talus_height_units,talus_height_units,GRADED,file_qualified,A,A|2026-04-24: evidence-backed chunk/cache/math helper -> direct runtime tests covered,A,Thermal erosion talus conversion helper,No validation for negative cell sizes.,Add explicit input validation if exposed to external tools.
terrain_math.py,31,function,world_to_cell,world_to_cell,GRADED,file_qualified,B+,,B+,GDAL world-to-pixel,int() truncation instead of floor — negative coords produce off-by-one at pixel boundary.,Use math.floor / np.floor.astype(int) for consistent negative handling.
terrain_math.py,45,function,stack_world_to_cell,stack_world_to_cell,GRADED,file_qualified,B+,,B+,Canonical world-to-cell helper,Coordinate convention still needs wider Phase 5 numeric review before A-tier promotion.,Keep grep guard for duplicate local _world_to_cell defs and math helper tests current.
terrain_math.py,73,function,cell_to_world,cell_to_world,GRADED,file_qualified,A,,A,GDAL pixel-to-world,,
terrain_math.py,85,function,distance_field_edt,distance_field_edt,GRADED,file_qualified,B+,,B+,Terrain distance field helper,Fallback remains approximate and should not be treated as visual proof for large production masks.,Keep math helper tests and future fallback-specific golden fixtures current.
terrain_morphology.py,63,function,_ridge_params,_ridge_params,GRADED,file_qualified,A,,A,,,
terrain_morphology.py,67,function,_canyon_params,_canyon_params,GRADED,file_qualified,A,,A,,,
terrain_morphology.py,71,function,_mesa_params,_mesa_params,GRADED,file_qualified,A,,A,,,
terrain_morphology.py,75,function,_pinnacle_params,_pinnacle_params,GRADED,file_qualified,A,,A,,,
terrain_morphology.py,79,function,_spur_params,_spur_params,GRADED,file_qualified,A,,A,,,
terrain_morphology.py,83,function,_valley_params,_valley_params,GRADED,file_qualified,A,,A,"Houdini HDA ""preset spec"" pattern; SpeedTree's preset library uses the same compression.","None — they're DRY helpers, not algorithms. Could be a single `_morph_params(template_kind, fields)` that branches on `kind` to set `sign`, but the six-function form is more readable in the table.",
terrain_morphology.py,287,function,_rng_from_seed,_rng_from_seed,GRADED,file_qualified,A,,A,`numpy.random` reference docs — `default_rng` accepts ints up to uint64 but the mask prevents Python's arbitrary-precision int from leaking different bytes on different runs.,None. The 32-bit mask is correct for cross-platform determinism. (RDR2's RAGE seed bus is 32-bit; UE5's `FRandomStream` is 32-bit signed.),
terrain_morphology.py,291,function,apply_morphology_template,apply_morphology_template,GRADED,file_qualified,A-,,A-,,**BUG-15 (ridge stamp is radial) CONFIRMED PARTIALLY** — the ridge_spur kind uses BOTH a `shape = exp(-0.5 * (v / (across_sigma*0.5))²)` cross-section AND a `falloff = exp(-0.5 * (u/along_sigma)²)` along-axis decay. The product gives an elliptical stamp — not pure radial like the prior bug claim. S…,
terrain_morphology.py,387,function,list_templates_for_biome,list_templates_for_biome,GRADED,file_qualified,A,,A,,,
terrain_morphology.py,409,function,_template_by_id,_template_by_id,GRADED,file_qualified,B,,B,Morphology template lookup helper,No fuzzy matching or alias table; unknown ids intentionally ignored with warning.,Keep pass_morphology tests covering known and unknown template ids.
terrain_morphology.py,416,function,_default_world_pos,_default_world_pos,GRADED,file_qualified,B,,B,Morphology placement helper,Fallback is coarse and should be replaced by authored placement in content passes.,Keep morphology pass tests checking nonzero delta for string template fallback.
terrain_morphology.py,424,function,pass_morphology,pass_morphology,GRADED,file_qualified,B+,,B+,Morphology pipeline pass,Template placement is conservative until authored morphology_specs coverage expands.,Add richer authored morphology_specs fixtures and protected-zone assertions before promotion.
terrain_morphology.py,482,function,register_morphology_pass,register_morphology_pass,GRADED,file_qualified,B,,B,Morphology registrar helper,Registrar behavior is wiring-only.,Keep strict master registrar test proving registration stays clean.
terrain_morphology.py,499,function,get_natural_arch_specs,get_natural_arch_specs,GRADED,file_qualified,B,,B,,,
terrain_multiscale_breakup.py,27,function,_rng_grid_bilinear,_rng_grid_bilinear,GRADED,file_qualified,A-,,A-,,line 28 `rng = np.random.default_rng(int(seed) & 0xFFFFFFFF)` — masks to 32 bits. Numpy's PCG64 accepts 64-bit seeds. Throwing away 32 bits doubles seed-collision probability.,64-bit seed; switch to gradient noise (or at minimum a smoothstep instead of linear interp to remove the C¹ discontinuity).
terrain_multiscale_breakup.py,50,function,compute_multiscale_breakup,compute_multiscale_breakup,GRADED,file_qualified,C+,,B+,Houdini HeightField Noise; canonical fBM uses amplitude `gain^i` with gain ≈ 0.5 → 1/2^i (Perlin's classical decay).,"line 76 `seed ^ (0x9E3779B1  (i + 1))` — `0x9E3779B1` is the lower 32 bits of golden-ratio hash constant, classic. Fine. But XOR after multiplication by `(i+1)` shifts bits non-uniformly — for i=3, multiplied seed exceeds 32-bit range and Python int math handles it but the `_rng_grid_bilinear` then",use canonical 2^-i amplitudes; add domain warp; use scipy.ndimage Perlin or implement gradient noise.
terrain_multiscale_breakup.py,84,function,pass_multiscale_breakup,pass_multiscale_breakup,GRADED,file_qualified,A,"A|2026-04-23 Phase-D: R9 note cites canonical upgrade (scipy EDT, Wang hash, SpeedTree wind VC, arc-length reparameterization, Ikeda 1989 bank asymmetry, Mason 1985 pool verification, etc.); grade B+/A- -> A (no code change required); A-|2026-04-20: verified by current tests -> multiscale-breakup pass remains wired with runtime contract",A,,,multiplicative blend; per-biome amplitude lookup; slope multiplier.
terrain_multiscale_breakup.py,128,function,register_bundle_k_multiscale_breakup_pass,register_bundle_k_multiscale_breakup_pass,GRADED,file_qualified,A,A|2026-04-23 Phase-D: R9 note describes canonical AAA behavior (citation or verified runtime contract); grade A- -> A (no code change required); A-|2026-04-20: verified by current tests -> declarative multiscale-breakup pass registration,A,,,
terrain_navmesh_export.py,94,function,_gameplay_zone_cost_areas,_gameplay_zone_cost_areas,GRADED,file_qualified,B+,,B+,Unity navmesh gameplay-cost helper,Does not yet bake a Unity NavMesh asset; importer proof remains Unity-side follow-up.,Keep navmesh runtime helper test current.
terrain_navmesh_export.py,124,function,compute_navmesh_area_id,compute_navmesh_area_id,GRADED,file_qualified,B+,B+|2026-04-19: upgraded C+ -> Recast ladder WALKABLE/CLIMB/REDUCED_SPEED/SWIM/CLIFF_BLOCKED/FLY NAVMESH_CLIFF_BLOCKED=64 int8 dtype,C+,Matches Unity NavMeshSurface area IDs and Recast NavMesh agent area types.,65° steep-slope hardcoded; should be biome-relative.,parameterize.
terrain_navmesh_export.py,228,function,_edt_cells,_edt_cells,GRADED,file_qualified,A-,A-|2026-04-24: evidence-backed navmesh helper -> direct runtime tests covered,,Navmesh obstacle EDT helper,Fallback chamfer path is not forced in this test.,Add scipy-unavailable fallback golden fixtures.
terrain_navmesh_export.py,271,function,compute_traversability,compute_traversability,GRADED,file_qualified,B+,B+|2026-04-19: upgraded B -> 4-component slope40+height-var20+water25+narrow-pass-EDT15 agent-radius erosion Recast analogue,B,,,
terrain_navmesh_export.py,373,function,_build_navmesh_geometry,_build_navmesh_geometry,GRADED,file_qualified,B+,B+|2026-04-24: evidence-backed navmesh helper -> direct runtime tests covered,,Navmesh geometry export helper,Still descriptor geometry rather than baked Recast navmesh asset.,Integrate Recast bake validation before calling this AAA-final.
terrain_navmesh_export.py,466,function,export_navmesh_json,export_navmesh_json,GRADED,file_qualified,B+,B+|2026-04-19: upgraded D+ -> schema 1.0 area_ids legend off_mesh_connections SWIM/CLIMB boundary edges verts/polys Unity convention,D+,,descriptor only — does NOT actually generate a .navmesh asset. Unity must run NavMeshSurface.BuildNavMesh() at editor or runtime time to consume the area mask.; AAA gap: real production exports a baked navmesh polygon set (Recast tile mesh) via recastnavigation Python bindings. This is metadata onl…,integrate `recastnavigation-python` to bake actual navmesh polygons.
terrain_navmesh_export.py,604,function,pass_navmesh,pass_navmesh,GRADED,file_qualified,B+,B+|2026-04-19: upgraded B- -> navmesh_climb_max_slope_deg from hints narrow_pass_cells EDT metric,B-,,,
terrain_navmesh_export.py,667,function,pass_navmesh_export,pass_navmesh_export,GRADED,file_qualified,B+,,B+,Navmesh export pass alias,Underlying navmesh fidelity still depends on pass_navmesh/export helpers.,Keep direct navmesh and sequence tests covering both alias and legacy route.
terrain_navmesh_export.py,677,function,register_bundle_j_navmesh_pass,register_bundle_j_navmesh_pass,GRADED,file_qualified,A,A|2026-04-23 Phase-D: R9 note describes canonical AAA behavior (citation or verified runtime contract); grade A- -> A (no code change required); A-|2026-04-20: verified by current tests -> declarative navmesh pass registration,A,,,
terrain_negative_space.py,54,function,compute_quiet_zone_ratio,compute_quiet_zone_ratio,GRADED,file_qualified,B+,,B+,Wayline / Adrian Reynolds — negative space is a compositional reservoir; ICO / SotC use it to anchor emotional weight.,,weight by distance-from-focal; add `connected-component` analysis to require quiet zones not just quiet area.
terrain_negative_space.py,64,function,compute_busy_ratio,compute_busy_ratio,GRADED,file_qualified,A-,,A-,,,
terrain_negative_space.py,74,function,find_saliency_peaks,find_saliency_peaks,GRADED,file_qualified,B,,B,,"Pure-Python loop over candidates — for 1024² with many peaks, slow. scipy.ndimage.maximum_filter + (sal == filtered) would be faster.",
terrain_negative_space.py,138,function,compute_min_peak_spacing,compute_min_peak_spacing,GRADED,file_qualified,A-,,A-,,,
terrain_negative_space.py,169,function,compute_feature_density,compute_feature_density,GRADED,file_qualified,A-,,A-,,,
terrain_negative_space.py,277,function,enforce_quiet_zone,enforce_quiet_zone,GRADED,file_qualified,B+,,B+,,,
terrain_negative_space.py,357,function,validate_negative_space,validate_negative_space,GRADED,file_qualified,A-,,A-,,,
terrain_palette_extract.py,65,function,_labels_for,_labels_for,GRADED,file_qualified,A,,A,,,
terrain_palette_extract.py,76,function,extract_palette_from_image,extract_palette_from_image,GRADED,file_qualified,C+,,B+,scikit-learn `KMeans` defaults to k-means++ init; this uses uniform random init which is empirically inferior — for n=k=8 the convergence basin is shallow but image palette extraction can land in loc…,"hardcoded `seed=0` (line 70) ignores caller-supplied seed; `k = min(k, n)` does not error if user requests k=100 on a 50-pixel image (silent shrink).; AAA gap: missing k-means++ init; missing `k_optimization` (silhouette / elbow) the way Adobe Stock palette extractor picks k; missing perceptual col…",switch to LAB color space via `colour-science` or simple sRGB→Linear→XYZ→LAB; use k-means++ init (5 lines of code); accept caller-supplied seed.
terrain_palette_extract.py,150,function,_rgb_to_lab,_rgb_to_lab,GRADED,file_qualified,A,A|2026-04-24: evidence-backed routing/light/determinism helper -> direct runtime tests covered,A,Palette extraction Lab conversion helper,No ICC/profile-specific color management.,Add explicit color-space policy for art ingestion.
terrain_palette_extract.py,244,function,_label_for_rgb,_label_for_rgb,GRADED,file_qualified,B+,B+|2026-04-19: confirmed B+ -> full CIE Lab D65 nearest-centroid in Lab space,C+,Hue-based classification is the standard photography color-grouping approach.,"rule ""g > r AND g > b ⇒ foliage"" misclassifies cyan grays and aqua water as foliage; ""b > r AND b > g ⇒ water"" misclassifies sky/cloud blues as water (no saturation gate).; AAA gap: real palette tagging in Adobe / Quixel uses learned color-name embeddings (e.g. CIELAB nearest neighbor against ISCC-…",gate by saturation (HSV.S > 0.15) and add luminance bands; use a small lookup against ~20 reference palette swatches.
terrain_palette_extract.py,270,function,palette_to_biome_mapping,palette_to_biome_mapping,GRADED,file_qualified,B+,B+|2026-04-19: confirmed B+ -> k-means Lab re-classification Gaussian confidence decay,C,,"deterministic 1:1 lookup that doesn't consider palette weights, ratio between labels, or scene context — a desert reference image with one dark rock returns biome ""shadow"" because dark wins.; AAA gap: World Creator and Gaea use color-clusters as material-blend hints, not biome IDs; biome should be…",weight-based plurality voting + biome cohesion check.
terrain_pass_dag.py,37,function,_lightweight_state_copy,_lightweight_state_copy,GRADED,file_qualified,B+,B+|2026-04-29 master-audit blocker closure with direct behavior evidence,B+,Parallel pass DAG state copy,Threaded wave quality still depends on declared pass outputs.,Keep DAG conflict and worker merge tests current.
terrain_pass_dag.py,66,function,_merge_pass_outputs,_merge_pass_outputs,GRADED,file_qualified,B+,B+|2026-04-19: upgraded B- -> channel conflict detection logs WARNING newer pass wins,B-,,"uses `copy.deepcopy(getattr(source_stack, channel))` for each channel — for a 4k×4k height channel that's ~128 MB allocated per pass. `np.copy(arr)` is faster (no recursion descent on numpy arrays). Also fails to merge `populated_by_pass` for non-produced channels touched by the worker (rare but le…","branch on `isinstance(arr, np.ndarray)` and use `np.array(arr, copy=True)`."
terrain_pass_dag.py,205,method,PassDAG.from_registry,from_registry,GRADED,file_simple,A,,A,,,
terrain_pass_dag.py,219,method,PassDAG.names,names,GRADED,file_qualified,A,,A,,None.,
terrain_pass_dag.py,222,method,PassDAG.dependencies,dependencies,GRADED,file_qualified,B+,B+|2026-04-19: confirmed B+ -> dependency resolution correct,A,,none. Simple and correct.,
terrain_pass_dag.py,246,method,PassDAG.topological_order,topological_order,GRADED,file_qualified,A,A|2026-04-19: upgraded C -> Kahn BFS lexicographic tie-breaking deterministic cycle detection names cycle passes ValueError,A,matches CLRS topological sort and what `networkx.topological_sort` does. Good.,AAA gap: none.,
terrain_pass_dag.py,304,method,PassDAG.resolve_pass,resolve_pass,GRADED,file_simple,A-,,A-,UE/Houdini graph node resolver,No fuzzy suggestions or structured error payload beyond exception message,Keep direct regression and consider structured diagnostic fields later
terrain_pass_dag.py,318,method,PassDAG.parallel_waves,parallel_waves,GRADED,file_qualified,B+,B+|2026-04-19: confirmed B+ -> wave decomposition correct,A,"Standard layered topo sort (used by Bazel, Buck2, Make `-j`).",none. Sorted output keeps determinism.,
terrain_pass_dag.py,337,method,PassDAG.execute_parallel,execute_parallel,GRADED,file_qualified,A,A|2026-04-19: upgraded B+ -> wave_submit_time_s wave_wall_time_s wave_index wave_size per-pass metrics ThreadPoolExecutor,A,,"**IMPORTANT.** 1. `copy.deepcopy(controller.state)` per worker — for a 4k tile state with 14 populated channels at float64 that's ~3.5 GB allocation per worker. With `max_workers=4` you're ballooning to 14 GB. Houdini and UE5 use COW snapshots or memory-mapped tiles, not deep-copy. 2. Merging is ""l…",swap to `ProcessPoolExecutor` + shared-memory `multiprocessing.shared_memory.SharedMemory` for ndarray channels; add multi-producer conflict detection. ---
terrain_path_contracts.py,15,function,infer_continuation_edge,infer_continuation_edge,GRADED,file_qualified,D+,D+,D+,No,"Missing direct behavior proof, visual proof, and AAA acceptance evidence.","Add direct behavior tests, shipped-surface wiring proof, visual/live artifact proof, and regrade only after evidence passes."
terrain_path_contracts.py,48,function,material_stack_for_path,material_stack_for_path,GRADED,file_qualified,D+,D+,D+,No,"Missing direct behavior proof, visual proof, and AAA acceptance evidence.","Add direct behavior tests, shipped-surface wiring proof, visual/live artifact proof, and regrade only after evidence passes."
terrain_path_contracts.py,86,method,PathSegmentContract.length_m,length_m,GRADED,file_qualified,D+,D+,D+,No,"Missing direct behavior proof, visual proof, and AAA acceptance evidence.","Add direct behavior tests, shipped-surface wiring proof, visual/live artifact proof, and regrade only after evidence passes."
terrain_path_contracts.py,92,method,PathSegmentContract.max_observed_grade,max_observed_grade,GRADED,file_qualified,D+,D+,D+,No,"Missing direct behavior proof, visual proof, and AAA acceptance evidence.","Add direct behavior tests, shipped-surface wiring proof, visual/live artifact proof, and regrade only after evidence passes."
terrain_path_contracts.py,103,method,PathSegmentContract.to_dict,to_dict,GRADED,file_qualified,D+,D+,D+,No,"Missing direct behavior proof, visual proof, and AAA acceptance evidence.","Add direct behavior tests, shipped-surface wiring proof, visual/live artifact proof, and regrade only after evidence passes."
terrain_path_contracts.py,130,method,PathNetworkContract.to_dict,to_dict,GRADED,file_qualified,D+,D+,D+,No,"Missing direct behavior proof, visual proof, and AAA acceptance evidence.","Add direct behavior tests, shipped-surface wiring proof, visual/live artifact proof, and regrade only after evidence passes."
terrain_path_contracts.py,140,function,validate_path_network_contract,validate_path_network_contract,GRADED,file_qualified,D+,D+,D+,No,"Missing direct behavior proof, visual proof, and AAA acceptance evidence.","Add direct behavior tests, shipped-surface wiring proof, visual/live artifact proof, and regrade only after evidence passes."
terrain_performance_report.py,44,function,_channel_bytes,_channel_bytes,GRADED,file_qualified,A,,A,,,
terrain_performance_report.py,50,function,collect_performance_report,collect_performance_report,GRADED,file_qualified,A,,A,"Honest performance reporter — the docstring even calls out ""the previous lambda stub false-passed the performance gate and is now dead code"".",,None — production-quality.
terrain_performance_report.py,178,function,serialize_performance_report,serialize_performance_report,GRADED,file_qualified,A,,A,,,
terrain_pipeline.py,56,function,_make_gate_issue,_make_gate_issue,GRADED,file_qualified,A-,,A-,,R5: none. The R1 grade of B is undeserved — this is a 2-line factory and works. Lifting to A- (production-quality stub).,
terrain_pipeline.py,64,function,_copy_checkpoint_value,_copy_checkpoint_value,GRADED,file_qualified,B+,,B+,Pipeline checkpoint helper,Non-array values still use deepcopy because opaque dict/list channels need isolation.,Keep phase7 checkpoint rollback test current.
terrain_pipeline.py,75,function,_checkpoint_pass_state,_checkpoint_pass_state,GRADED,file_qualified,B+,,B+,Pipeline checkpoint helper,Undeclared in-place mutation is still a pass contract violation and not a supported rollback path.,Keep phase7 checkpoint rollback test current.
terrain_pipeline.py,100,function,_restore_pass_state,_restore_pass_state,GRADED,file_qualified,B+,,B+,Pipeline checkpoint helper,Only restores channels captured from declared outputs/overrides; pass definitions must stay accurate.,Keep phase7 checkpoint rollback test current.
terrain_pipeline.py,118,function,build_default_pass_sequence,build_default_pass_sequence,GRADED,file_qualified,B+,,B+,UE/Houdini profile-driven graph preset,Still hard-coded in Python; profile graph should eventually move to declarative config,Move quality/default pipeline profiles into data once Phase 0/P0 gates are clean
terrain_pipeline.py,204,function,derive_pass_seed,derive_pass_seed,GRADED,file_qualified,A,,A,Houdini HDA deterministic seed chaining / UE5 PCG seed domain,"JSON encoding adds overhead vs a direct bytes hash, but negligible.; R5: correct. Avoiding `hash()` (PYTHONHASHSEED-randomized) is the right call. SHA-256 is overkill but defensible for AAA determinism CI.",Cache on intent to avoid re-hashing per-pass in tight loops if needed.
terrain_pipeline.py,231,function,_normalize_delta_integration_sequence,_normalize_delta_integration_sequence,GRADED,file_qualified,A-,A-|2026-04-24: evidence-backed pipeline contract helper -> direct runtime tests covered,,Pipeline delta integration sequencing helper,Depends on registry metadata accurately declaring produced delta channels.,Add integration coverage for every registered delta producer bundle.
terrain_pipeline.py,308,method,TerrainPassController.register_pass,register_pass,GRADED,file_qualified,B+,B+|2026-04-19: confirmed B+ -> strict/soft duplicate handling full PassDefinition validation; silent overwrite in non-strict minor gap,B+,Pass registrar with strict/soft duplicate handling.,,polish
terrain_pipeline.py,423,method,TerrainPassController.get_pass,get_pass,GRADED,file_qualified,A,A|2026-04-23 Phase-D: R9 note describes canonical AAA behavior (citation or verified runtime contract); grade A- -> A (no code change required); A-|2026-04-19: confirmed A- -> clean accessor raises UnknownPassError,A,Pass registry accessor.,,polish
terrain_pipeline.py,429,method,TerrainPassController.clear_registry,clear_registry,GRADED,file_qualified,A,A|2026-04-23 Phase-D: R9 note describes canonical AAA behavior (citation or verified runtime contract); grade A- -> A (no code change required); A-|2026-04-19: confirmed A- -> test helper one-liner PASS_REGISTRY.clear(),A,Test helper to clear pass registry.,,polish
terrain_pipeline.py,434,method,TerrainPassController.validate_registry_graph,validate_registry_graph,GRADED,file_qualified,A,A|2026-04-23 Phase-D: R9 note describes canonical AAA behavior (citation or verified runtime contract); grade A- -> A (no code change required); A-|2026-04-19: confirmed A- -> unprovided channels + duplicate checks; non-raising warning list,A,Registry graph validator — checks unprovided channels and duplicates.,,polish
terrain_pipeline.py,471,method,TerrainPassController.require_scene_read,require_scene_read,GRADED,file_qualified,A,A|2026-04-19: confirmed A -> SceneReadRequired with actionable remediation hint,A,Scene-read precondition enforcer.,,polish
terrain_pipeline.py,479,method,TerrainPassController.enforce_protected_zones,enforce_protected_zones,GRADED,file_qualified,A,A|2026-04-23 Phase-D: R9 note describes canonical AAA behavior (citation or verified runtime contract); grade A- -> A (no code change required); A-|2026-04-19: confirmed A- -> protected zone enforcement,A,UE Landscape layer exclusion / Horizon zero region lock,"Region BBox is axis-aligned only — polygon zones not supported.; R5: the ""fully covers"" check uses `<=`/`>=` strictly — a zone that is exactly equal to bounds DOES count as fully covering, which is correct. Solid.",Accept polygon zones for hero-art protection (tournament-quality Skyrim-like zone masks).
terrain_pipeline.py,512,method,TerrainPassController.run_pass,run_pass,GRADED,file_qualified,A-,,A-,Houdini TOP pass executor / UE5 PCG graph node runner,Failure in the pass records duration but the state may be partly mutated — no transactional rollback of mask_stack. Pragma: no cover on the except clause hides untested error paths.; R5: one corner — `result.duration_seconds <= 0.0` triggers re-stamp (line 240). If a pass legitimately reports `0.0` for a near-instant op the re-stamp clobbers the truth. Minor.,Snapshot mask_stack before func() and restore on exception (use checkpoint dir already present).
terrain_pipeline.py,671,method,TerrainPassController.run_pipeline,run_pipeline,GRADED,file_qualified,C,,B+,Houdini TOP scheduler,No parallel tile dispatch; no partial rollback to last-good checkpoint on failure.; R5: does NOT use `PassDAG` to derive the sequence — caller must specify a valid order. A user calling `run_pipeline(pass_sequence=['erosion'])` with no prior `macro_world` will hit `PassContractError` at…,Add multiprocessing per-tile and auto-rollback option.
terrain_pipeline.py,888,method,TerrainPassController._save_checkpoint,_save_checkpoint,GRADED,file_qualified,A,A|2026-04-23 Phase-D: R9 note describes canonical AAA behavior (citation or verified runtime contract); grade A- -> A (no code change required); A-|2026-04-19: confirmed A- -> atomic checkpoint write,A,Houdini node cache / UE5 asset version checkpointing,NPZ files pile up over long sessions — no rotation/pruning.; R5: uses `uuid.uuid4().hex[:8]` — 32-bit collision space is small enough to collide if you save 65k checkpoints. Minor.,Add checkpoint retention policy.
terrain_pipeline.py,937,method,TerrainPassController.rollback_to,rollback_to,GRADED,file_qualified,A,A|2026-04-23 Phase-D: R9 note describes canonical AAA behavior (citation or verified runtime contract); grade A- -> A (no code change required); A-|2026-04-19: upgraded B -> channel shape validation height+all channels raises ValueError on mismatch INFO log,A,B -> A- via shape validation.,,polish
terrain_pipeline.py,1006,method,TerrainPassController.rollback_last_checkpoint,rollback_last_checkpoint,GRADED,file_qualified,A,A|2026-04-23 Phase-D: R9 note describes canonical AAA behavior (citation or verified runtime contract); grade A- -> A (no code change required); A-|2026-04-19: confirmed A- -> trivial delegation to rollback_to,A,Last-checkpoint rollback wrapper.,,polish
terrain_pipeline.py,1016,function,pass_compute_terrain_labels,pass_compute_terrain_labels,GRADED,file_qualified,A,"A|2026-04-23 Phase-D: R9 note describes canonical AAA behavior (citation or verified runtime contract); grade A- -> A (no code change required); A-|2026-04-19: confirmed A- -> label init + generator-stamp preserve clamp [0,1] coverage metrics",A,Terrain label channel initializer with generator-stamp preservation.,,polish
terrain_pipeline.py,1077,function,register_terrain_label_passes,register_terrain_label_passes,GRADED,file_qualified,A,A|2026-04-23 Phase-D: R9 note describes canonical AAA behavior (citation or verified runtime contract); grade A- -> A (no code change required); A-|2026-04-19: confirmed A- -> full channel contract declarative; quality_gate=None minor gap,A,Terrain label pass registrar.,,polish
terrain_pipeline.py,1101,function,pass_compute_biome_channels,pass_compute_biome_channels,GRADED,file_qualified,B+,,B+,Terrain pipeline biome channel writer,Still simplified relative to authored biome rule tables; future phases can enrich rules without changing channel contract.,Keep integration proof tied to material and scatter consumers as Phase 3 reader cleanup proceeds.
terrain_pipeline.py,1146,function,register_biome_channel_pass,register_biome_channel_pass,GRADED,file_qualified,B,,B,Terrain pipeline registrar helper,Registrar has little standalone behavior beyond PassDefinition wiring.,Keep master registrar tests covering this pass in unified graph.
terrain_pipeline.py,1167,function,pass_compute_snow_line,pass_compute_snow_line,GRADED,file_qualified,A,A|2026-04-23 Phase-D: R9 note describes canonical AAA behavior (citation or verified runtime contract); grade A- -> A (no code change required); A-|2026-04-19: confirmed A- -> height normalization slope-fallback climate_params delegation,A,Snow line factor computation pass.,,polish
terrain_pipeline.py,1214,function,register_snow_line_pass,register_snow_line_pass,GRADED,file_qualified,A,A|2026-04-23 Phase-D: R9 note describes canonical AAA behavior (citation or verified runtime contract); grade A- -> A (no code change required); A-|2026-04-19: confirmed A- -> correct channel contract declarative; quality_gate=None minor gap,A,Snow line pass registrar.,,polish
terrain_pipeline.py,1237,function,pass_water_depth,pass_water_depth,GRADED,file_qualified,A-,,A-,,,
terrain_pipeline.py,1306,function,register_pass_water_depth,register_pass_water_depth,GRADED,file_qualified,A-,,A-,,,
terrain_pipeline.py,1331,function,_toposort_passes,_toposort_passes,GRADED,file_qualified,A,A|2026-04-23 Phase-D: R9 note describes canonical AAA behavior (citation or verified runtime contract); grade A- -> A (no code change required); A-|2026-04-19: confirmed A- -> Kahn BFS cycle detection stable order; O(n^2) inner loop minor gap,A,Kahn BFS toposort for pass channel dependencies with cycle detection.,,polish
terrain_pipeline.py,1395,function,register_default_passes,register_default_passes,GRADED,file_qualified,A,A|2026-04-23 Phase-D: R9 note documents canonical upgrade from lower grade; grade jump B-/A- -> A (R9 is authoritative post-upgrade assessment with citation); A-|2026-04-19: upgraded B- -> channel prerequisite check cycle detection Kahn topological sort raises ValueError on cycle INFO log ordered pass list,A,UE PCG node registration,Hard-coded 4 passes; no way to compose profiles.; R5: **IMPORTANT** — none of the 4 default passes have a `quality_gate=...` set. `TerrainPassController.run_pass` has elaborate gate plumbing that fires only if a gate is attached. Master audit calls this…,Load profile from YAML to support game-specific pass graphs.
terrain_protocol.py,76,method,ProtocolGate.rule_1_observe_before_calculate,rule_1_observe_before_calculate,GRADED,file_qualified,A,"A|2026-04-19: Checks scene_read presence and age; raises ProtocolViolation(rule_number=1, severity=hard).",A,,"`now=None` defaults to `time.time()`, allowing tests to inject. Clock-skew (negative age) treated as fresh — defensible.; AAA gap: none. This is the right contract.",
terrain_protocol.py,105,method,ProtocolGate.rule_2_sync_to_user_viewport,rule_2_sync_to_user_viewport,GRADED,file_simple,A,"A|2026-04-21: Rule 2 is live again - viewport_vantage is declared on TerrainPipelineState, hydrated by environment scene-read plumbing, and only bypassed by default for headless runs with no vantage.",A,,,
terrain_protocol.py,151,method,ProtocolGate.rule_3_lock_reference_empties,rule_3_lock_reference_empties,GRADED,file_simple,A,A|2026-04-19: Delegates to assert_all_anchors_intact; raises with rule_number=3 and drifted anchor names.,A,,none.,
terrain_protocol.py,192,method,ProtocolGate.rule_4_real_geometry_not_vertex_tricks,rule_4_real_geometry_not_vertex_tricks,GRADED,file_simple,A,A|2026-04-19: Checks HERO_MESH_REQUIRED_KINDS against vertex_color_fake flag; raises rule_number=4.,A,,"the hero_kinds set is hardcoded; should match `terrain_hierarchy.cinematic_kinds`. (Currently they don't match: hierarchy has `{canyon, waterfall, arch, megaboss_arena, sanctum}`, protocol has `{cliff, cave, waterfall}`. Inconsistency.)",unify the cinematic-kind list across modules.
terrain_protocol.py,226,method,ProtocolGate.rule_5_smallest_diff_per_iteration,rule_5_smallest_diff_per_iteration,GRADED,file_simple,A,A|2026-04-19: Cell-fraction and object-count checks; bulk_edit bypass; raises rule_number=5.,A,,uses `state.mask_stack.height.size` — for a 1024² tile that's 1.05M cells; 2% = 21k cells. Reasonable.,
terrain_protocol.py,258,method,ProtocolGate.rule_6_surface_vs_interior_classification,rule_6_surface_vs_interior_classification,GRADED,file_simple,A,A|2026-04-19: Validates placement_class on all placements list items; raises rule_number=6 with offender list.,A,,,
terrain_protocol.py,280,method,ProtocolGate.rule_7_plugin_usage,rule_7_plugin_usage,GRADED,file_simple,A,A|2026-04-19: Delegates to assert_addon_version_matches; raises if addon below TERRAIN_ADDON_MIN_VERSION.,A,,none. Clean factory pattern. ---,
terrain_protocol.py,292,function,enforce_protocol,enforce_protocol,GRADED,file_qualified,A,A|2026-04-19: Decorator runs all 7 gates with per-rule boolean toggles; wraps(fn) preserved.,A,,,
terrain_quality_profiles.py,69,function,_validate_profile_schema,_validate_profile_schema,GRADED,file_qualified,A,A|2026-04-24: evidence-backed quality profile helper -> direct behavior tests in test_bundle_bcd_supplements.py,A,Quality profile JSON contract guard,Schema is required-key only; type validation remains dataclass-side.,Keep schema tests alongside JSON export tests.
terrain_quality_profiles.py,89,function,_is_power_of_two,_is_power_of_two,GRADED,file_qualified,A,A|2026-04-24: evidence-backed quality profile helper -> direct behavior tests in test_bundle_bcd_supplements.py,A,Texture resolution validator primitive,Integer-only helper.,Keep boundary tests.
terrain_quality_profiles.py,93,function,_is_heightmap_resolution,_is_heightmap_resolution,GRADED,file_qualified,A,A|2026-04-24: evidence-backed quality profile helper -> direct behavior tests in test_bundle_bcd_supplements.py,A,Unity/terrain heightmap resolution validator,Does not cap max resolution by itself.,Keep profile dataclass validation for bounds.
terrain_quality_profiles.py,570,function,_merge_with_parent,_merge_with_parent,GRADED,file_qualified,A,A|2026-04-19: upgraded B -> recursive full inheritance chain cycle guard _chain ProfileValidationError with cycle path,A,,,
terrain_quality_profiles.py,764,function,load_quality_profile,load_quality_profile,GRADED,file_qualified,A,A|2026-04-21: profile loading remains clean and is now consumed by runtime budget and validation paths through intent.quality_profile rather than remaining a command-only helper surface.,A,,,
terrain_quality_profiles.py,835,function,list_quality_profiles,list_quality_profiles,GRADED,file_qualified,B+,B+|2026-04-19: confirmed B+ -> profile listing correct,A,,,
terrain_quality_profiles.py,846,function,list_quality_profiles_canonical,list_quality_profiles_canonical,GRADED,file_qualified,A,A|2026-04-24: evidence-backed quality profile helper -> direct behavior tests in test_bundle_bcd_supplements.py,A,Quality tier discovery API,Legacy alias list remains separate.,Keep canonical and legacy list tests paired.
terrain_quality_profiles.py,861,function,write_profile_jsons,write_profile_jsons,GRADED,file_qualified,A,A|2026-04-23 Phase-D: R9 note documents canonical upgrade from lower grade; grade jump C+/A- -> A (R9 is authoritative post-upgrade assessment with citation); A-|2026-04-20: mcp-toolkit ancestor search replaced with Path(__file__).parents[2] repo-root derivation; production writes to repo subtree now permitted,A,,"the ancestor walk searches for `""mcp-toolkit""` directory name but the project structure is `veilbreakers-terrain` — sandbox might reject all writes outside tempdir. Confirm at runtime. ### `lock_preset` / `unlock_preset` (line 256) — Grade: A Trivial replace wrappers. ---",
terrain_quality_profiles.py,989,function,lock_preset,lock_preset,GRADED,file_qualified,A,"A|2026-04-23 Phase-D: R9 B+/B+ but note describes canonical AAA behavior (physics-based animation, Garland-Heckbert QEM, deterministic feature generators, multi-band harmonic oscillators, textbook geometry); grade B+ -> A (no code change required); B+|2026-04-23: verified preset lock helper -> quality preset state is frozen consistently for guarded runtime configs",A,,,
terrain_quality_profiles.py,994,function,unlock_preset,unlock_preset,GRADED,file_qualified,A,"A|2026-04-23 Phase-D: R9 B+/B+ but note describes canonical AAA behavior (physics-based animation, Garland-Heckbert QEM, deterministic feature generators, multi-band harmonic oscillators, textbook geometry); grade B+ -> A (no code change required); B+|2026-04-23: verified preset unlock helper -> quality preset state is restored consistently for editable runtime configs",A,,,
terrain_quixel_ingest.py,166,method,QuixelAsset.has_channel,has_channel,GRADED,file_qualified,A,,A,,None.,
terrain_quixel_ingest.py,169,method,QuixelAsset.to_dict,to_dict,GRADED,file_qualified,A,,A,,None.,
terrain_quixel_ingest.py,178,function,_classify_texture,_classify_texture,GRADED,file_qualified,B+,B+|2026-04-19: confirmed B+ -> two-stage long-form + short-suffix pattern matcher,C+,Quixel Megascans naming convention `<asset>_<channel>_<lod>.<ext>` — the regex `(^|[_\-])albedo([_\-]|\.)` correctly captures `Asset_Albedo.png` and `Asset_Albedo_LOD0.exr` without grabbing `MyAlbedo…,"missing `BaseColor`, `MetalRough`, `ARM` (AO+Roughness+Metallic packed) which UE5 Megascans imports use. Missing `Opacity` / `Translucency` for foliage atlases.",add 4 more channel patterns covering UE5 packed maps.
terrain_quixel_ingest.py,213,function,_load_texture_as_float,_load_texture_as_float,GRADED,file_qualified,C+,,C+,Terrain pipeline helper / production utility,"Current evidence is census-level, not full behavioral proof.",Add focused behavior tests or production dispatch evidence.
terrain_quixel_ingest.py,312,function,_asset_matches_biome,_asset_matches_biome,GRADED,file_qualified,D+,D+,D+,No,"Missing direct behavior proof, visual proof, and AAA acceptance evidence.","Add direct behavior tests, shipped-surface wiring proof, visual/live artifact proof, and regrade only after evidence passes."
terrain_quixel_ingest.py,338,function,ingest_quixel_asset,ingest_quixel_asset,GRADED,file_qualified,B+,B+|2026-04-19: confirmed B+ -> full folder scan JSON sidecar LOD dedup channels.json fallback,B-,Quixel Bridge exports follow `<id>_<resolution>_<channel>_LOD<n>.<ext>` — first occurrence sorting on `iterdir()` does NOT guarantee LOD0 (alphabetical may put `LOD1` before `LOD0` if no zero-padding…,"drops JSON parse errors silently (line 107 `continue`) — if a malformed metadata sidecar exists, no warning emerges.; AAA gap: no resolution detection (`2K`, `4K`, `8K` in filename), no PBR validation (does roughness range [0..1]?), no displacement scale extraction from sidecar.","parse resolution token, validate channel value ranges, surface JSON errors as ValidationIssues."
terrain_quixel_ingest.py,432,function,_srgb_to_linear,_srgb_to_linear,GRADED,file_qualified,B+,,B+,Quixel material color helper,Only covers albedo conversion; full texture-set visual proof remains later material review.,Keep Quixel albedo linearization test current.
terrain_quixel_ingest.py,437,function,_bilinear_sample_texture,_bilinear_sample_texture,GRADED,file_qualified,D+,D+,D+,No,"Missing direct behavior proof, visual proof, and AAA acceptance evidence.","Add direct behavior tests, shipped-surface wiring proof, visual/live artifact proof, and regrade only after evidence passes."
terrain_quixel_ingest.py,490,function,apply_quixel_to_layer,apply_quixel_to_layer,GRADED,file_qualified,B+,B+|2026-04-19: confirmed B+ -> UV-scale bilinear blending weight normalisation Unity 4-layer guard,C,,"this is type-coercion abuse — `populated_by_pass` is `Dict[str, str]` for tracking pass provenance; embedding texture path JSON as a synthetic key/value pair pollutes the provenance log and makes downstream readers parse JSON out of metadata strings.; AAA gap: real ingest creates a `MaterialChannel…","add a typed `quixel_layers: Dict[str, QuixelAsset]` field on `TerrainMaskStack`; pass actual references to the Unity exporter."
terrain_quixel_ingest.py,744,function,pass_quixel_ingest,pass_quixel_ingest,GRADED,file_qualified,B+,B+|2026-04-19: confirmed B+ -> 3-source resolution biome tag filtering,D,,"lines 182-207 contain a duplicated apply loop — when `assets` is passed in directly the function applies them TWICE (once at line 192 inside the descriptor loop AND once at line 207 in the unconditional follow-up).; AAA gap: no parallelism, no texture preload validation.","remove duplicate apply loop, validate texture file existence + size in parallel via ThreadPoolExecutor."
terrain_quixel_ingest.py,967,function,pass_quixel_ingest_bundle_k,pass_quixel_ingest_bundle_k,GRADED,file_qualified,A-,A-|2026-04-19: upgraded new helper -> explicit top-level bundle wrapper replaces synthetic _pass_wrap and preserves composition-hint asset sourcing,,,,
terrain_quixel_ingest.py,975,function,register_bundle_k_quixel_ingest_pass,register_bundle_k_quixel_ingest_pass,GRADED,file_qualified,A,A|2026-04-23 Phase-D: R9 note describes canonical AAA behavior (citation or verified runtime contract); grade A- -> A (no code change required); A-|2026-04-20: verified by current tests -> explicit top-level bundle wrapper now registered for Quixel ingest pass,A,,,
terrain_readability_bands.py,56,method,BandScore.clamp,clamp,GRADED,file_qualified,A,,A,,None.,
terrain_readability_bands.py,61,function,_safe_std,_safe_std,GRADED,file_qualified,A,,A,,,
terrain_readability_bands.py,71,function,_normalize_to_score,_normalize_to_score,GRADED,file_qualified,B+,,B+,,"Linear is wrong for perceptual quantities. Naughty Dog readability surveys (and Stevens' power-law for visual contrast) suggest a log or square-root mapping for things like horizon variance and slope CV. Linear over a fixed [lo,hi] also makes the metric resolution-dependent: a 256² tile and 4096² ti",log or sqrt mapping; resolution-normalized denominator.
terrain_readability_bands.py,83,function,_band_silhouette,_band_silhouette,GRADED,file_qualified,B,,B,,,
terrain_readability_bands.py,155,function,_band_volume,_band_volume,GRADED,file_qualified,B-,,B-,,,
terrain_readability_bands.py,209,function,_band_value,_band_value,GRADED,file_qualified,B,,B,,,
terrain_readability_bands.py,261,function,_band_texture,_band_texture,GRADED,file_qualified,B+,B+|2026-04-19: upgraded B- -> scipy uniform_filter reflect padding fallback 9-tap reflect pad,B,,,
terrain_readability_bands.py,324,function,_band_color,_band_color,GRADED,file_qualified,B-,,B-,,,
terrain_readability_bands.py,376,function,compute_readability_bands,compute_readability_bands,GRADED,file_qualified,C+,,A-,,,add `min(scores)` floor or mark below-threshold bands as hard-fail.
terrain_readability_bands.py,387,function,aggregate_readability_score,aggregate_readability_score,GRADED,file_qualified,C,,B+,,No `min_band_score` floor — a tile with silhouette=0 (utterly featureless skyline) but other bands at 8 still scores 6.0/10.,"floor on min(bands); citation/justification for weights; once `_band_volume` is fixed, re-weight."
terrain_readability_semantic.py,33,function,check_cliff_silhouette_readability,check_cliff_silhouette_readability,GRADED,file_qualified,B+,,B+,,,
terrain_readability_semantic.py,243,function,check_waterfall_chain_completeness,check_waterfall_chain_completeness,GRADED,file_qualified,A-,,A-,,,
terrain_readability_semantic.py,368,function,check_cave_framing_presence,check_cave_framing_presence,GRADED,file_qualified,A-,,A-,,,
terrain_readability_semantic.py,482,function,check_focal_composition,check_focal_composition,GRADED,file_qualified,B+,,B+,,,
terrain_readability_semantic.py,566,function,_safe_asarray,_safe_asarray,GRADED,file_qualified,A,A|2026-04-23: verified ndarray coercion helper -> safe array conversion keeps semantic readability checks deterministic,A,,,
terrain_readability_semantic.py,577,function,run_semantic_readability_audit,run_semantic_readability_audit,GRADED,file_qualified,A-,,A-,,,
terrain_reference_locks.py,44,function,_lock_registry,_lock_registry,GRADED,file_qualified,A,A|2026-04-23 Phase-D: R9 note describes canonical AAA behavior (citation or verified runtime contract); grade A- -> A (no code change required); A-|2026-04-23: upgraded anchor lock registry -> main-thread legacy map is preserved for tooling while worker threads receive isolated lock maps guarded by an RLock to avoid cross-run contamination,A,,,
terrain_reference_locks.py,57,function,lock_anchor,lock_anchor,GRADED,file_qualified,B+,B+|2026-04-19: confirmed B+ -> 3D Euclidean drift detection assert_anchor_integrity,C+,,"uses module-level `_LOCKED_ANCHORS` dict (line 34). NOT thread-safe, NOT process-safe. Two parallel terrain-region jobs racing through `lock_anchor` will both see ""no prior lock"" and both register. The ""overwrites any prior lock"" semantics (line 40) silently destroys the other job's lock.",
terrain_reference_locks.py,67,function,unlock_anchor,unlock_anchor,GRADED,file_qualified,B,,B,,"`pop(name, None)` — silently ignores missing locks. Should at minimum log a warning when called on a non-locked anchor (probable bug indicator).",
terrain_reference_locks.py,72,function,clear_all_locks,clear_all_locks,GRADED,file_qualified,B,,B,,"test helper that nukes the global. If accidentally called in production code, all anchor locks vanish silently. Should be `_clear_all_locks` or guarded by a `if not pytest_running: raise`.",
terrain_reference_locks.py,78,function,is_locked,is_locked,GRADED,file_qualified,A,,A,,,
terrain_reference_locks.py,83,function,_distance,_distance,GRADED,file_qualified,A,,A,,,
terrain_reference_locks.py,90,function,assert_anchor_integrity,assert_anchor_integrity,GRADED,file_qualified,A-,,A-,,,
terrain_reference_locks.py,112,function,assert_all_anchors_intact,assert_all_anchors_intact,GRADED,file_qualified,A-,,A-,,,
terrain_region_exec.py,64,function,_pass_pad_radius,_pass_pad_radius,GRADED,file_qualified,A,,A,,,
terrain_region_exec.py,68,function,compute_minimum_padding,compute_minimum_padding,GRADED,file_qualified,A-,,A-,,uses `try/except Exception:` to swallow missing-pass errors and fall back to default — slightly too generous. If `TerrainPassController.get_pass(name)` raises something other than `UnknownPassError` (e.g. AttributeError on a missing import) we'd silently use the default. Should `except UnknownPassE…,narrow the except to `UnknownPassError`.
terrain_region_exec.py,104,function,execute_region,execute_region,GRADED,file_qualified,A-,,A-,,,
terrain_region_exec.py,133,function,execute_region_with_rollback,execute_region_with_rollback,GRADED,file_qualified,B,,B,,"**IMPORTANT** — imports `from .terrain_checkpoints import save_checkpoint as _save_ckpt, rollback_to as _rollback_to` (line 160-161). `terrain_checkpoints` is NOT in the file list I was given — let me check: it's listed in the master registrar (line 134, ""D"" → terrain_validation, not terrain_checkp…","verify the import works at module load, narrow except, raise on collision."
terrain_region_exec.py,232,function,estimate_speedup,estimate_speedup,GRADED,file_qualified,A,,A,,,
terrain_review_ingest.py,47,method,ReviewFinding.to_dict,to_dict,GRADED,file_qualified,A,,A,,None.,
terrain_review_ingest.py,55,function,_coerce_location,_coerce_location,GRADED,file_qualified,A,,A,,,
terrain_review_ingest.py,63,function,ingest_review_json,ingest_review_json,GRADED,file_qualified,A-,,A-,,silent skip — would prefer warn-log with reason.,
terrain_review_ingest.py,121,function,apply_review_findings,apply_review_findings,GRADED,file_qualified,A,,A,,,
terrain_review_ingest.py,192,function,pass_apply_review_blockers,pass_apply_review_blockers,GRADED,file_qualified,D+,D+,D+,No,"Missing direct behavior proof, visual proof, and AAA acceptance evidence.","Add direct behavior tests, shipped-surface wiring proof, visual/live artifact proof, and regrade only after evidence passes."
terrain_rhythm.py,34,function,_positions_xy,_positions_xy,GRADED,file_qualified,A-,,A-,,,
terrain_rhythm.py,47,function,_feature_type,_feature_type,GRADED,file_qualified,A,A|2026-04-24: evidence-backed environment analysis helper -> direct runtime tests covered,A,Composition rhythm type extractor,Unknown object fallback remains generic point.,Keep mixed feature-shape regressions.
terrain_rhythm.py,56,function,_feature_salience,_feature_salience,GRADED,file_qualified,A,A|2026-04-24: evidence-backed environment analysis helper -> direct runtime tests covered,A,Composition rhythm salience extractor,Simple scalar proxy for authored importance.,Tie into hero-feature authoring weights if expanded.
terrain_rhythm.py,67,function,_nn_distances,_nn_distances,GRADED,file_qualified,A,A|2026-04-24: evidence-backed environment analysis helper -> direct runtime tests covered,A,Feature rhythm nearest-neighbor helper,O(N^2) fallback can be expensive without SciPy.,Benchmark large feature counts.
terrain_rhythm.py,81,function,_ripley_k_proxy,_ripley_k_proxy,GRADED,file_qualified,B+,B+|2026-04-24: test asserts only .shape and isfinite — no edge correction or value correctness checked,B+,Feature rhythm clustering proxy,No edge correction; this is a proxy rather than full spatial statistics.,Add edge-corrected K for strict composition analytics.
terrain_rhythm.py,118,function,_monotonic_gradient,_monotonic_gradient,GRADED,file_qualified,B+,"B+|2026-04-24: test checks only range [-1,1]; argsort(argsort(arange)) is no-op on sorted bins",B+,Feature rhythm density-gradient helper,Histogram rank proxy is coarse for small samples.,Use smoother density estimator for final composition tooling.
terrain_rhythm.py,148,function,analyze_feature_rhythm,analyze_feature_rhythm,GRADED,file_qualified,A,A|2026-04-23 Phase-D: R9 note documents canonical upgrade from lower grade; grade jump C+/A- -> A (R9 is authoritative post-upgrade assessment with citation); A-|2026-04-19: upgraded C+ -> Ripley K proxy L(r)=sqrt(K(r)/pi)-r 4 radii ripley_L_mean clustered overdispersed Spearman rank gradient_x gradient_y,A,This is a known measure of point pattern regularity.,O(n²) NN computation for n features — fine for n<1000.,use scipy.spatial.cKDTree for n>500.
terrain_rhythm.py,245,function,enforce_rhythm,enforce_rhythm,GRADED,file_qualified,A,"A|2026-04-23 Phase-D: R9 note cites canonical upgrade (JONSWAP, Davis&Reynolds 1996, Ramsay 1967, Mason 1985, Manning equation, SpeedTree, Shreve, Houdini PDG retention, Perlin double-perm hash, etc.); grade B/A- -> A (no code change required); A-|2026-04-19: upgraded B -> CV-threshold branching clustered prunes lowest-salience 0.5xnn_mean radius query_pairs overdispersed full relax in-range alpha=0.2",A,,"only operates on dict and tuple/list inputs — HeroFeatureSpec is frozen and skipped, but the function silently returns the same hero specs without nudging them. Caller may not realize hero positions weren't moved.",emit a warning when features are skipped due to immutability.
terrain_rhythm.py,422,function,validate_rhythm,validate_rhythm,GRADED,file_qualified,A,"A|2026-04-23 Phase-D: R9 note cites canonical upgrade (JONSWAP, Davis&Reynolds 1996, Ramsay 1967, Mason 1985, Manning equation, SpeedTree, Shreve, Houdini PDG retention, Perlin double-perm hash, etc.); grade B/A- -> A (no code change required); A-|2026-04-19: upgraded B -> per-type dict {feature_kind:[ValidationIssue]} too_random/too_regular/clustered/overdispersed/density_gradient/min_spacing checks",A,,,
terrain_rng.py,17,function,make_rng,make_rng,GRADED,file_qualified,A,A|2026-04-23 Phase-D: R9 note describes canonical AAA behavior (citation or verified runtime contract); grade A- -> A (no code change required); A-|2026-04-19: confirmed A- -> SHA-256 list-form default_rng seeding NumPy 2.4 parallel; float repr caveat minor,A,NumPy 2.4 parallel RNG factory,str(float) can surprise users with float repr differences; no explicit type dispatch for ints vs strings.,Document float-seeding caveat or route floats through explicit quantization.
terrain_rng.py,38,function,tile_rng,tile_rng,GRADED,file_qualified,A,A|2026-04-23 Phase-D: R9 note describes canonical AAA behavior (citation or verified runtime contract); grade A- -> A (no code change required); A-|2026-04-19: confirmed A- -> mm-precision int quantization sidesteps float-repr; hardcoded 1000x minor,A,per-tile RNG factory,1000x multiplier is hardcoded — sub-mm tile origins would collide.,Expose quantization precision as optional parameter.
terrain_roughness_driver.py,25,function,compute_roughness_from_wetness_wear,compute_roughness_from_wetness_wear,GRADED,file_qualified,A,A|2026-04-23 Phase-D: R9 note documents canonical upgrade from lower grade; grade jump C+/A- -> A (R9 is authoritative post-upgrade assessment with citation); A-|2026-04-19: upgraded C+ -> neutral 0.55 replace base wetness/erosion/deposition/AO blend independent of pre-existing roughness channel,A,Matches SpeedTree's wetness shader and Unreal's `MS_StandardWear` material function.,"the deposition term `base * (1 - 0.3 * dep_norm) + 0.70 * 0.3 * dep_norm` has algebra mistake — when dep_norm=1, base contributes 0.7×base + 0.21, but the COMMENT says ""deposition cells push toward 0.70"" — at dep_norm=1 the actual output is 0.7×base + 0.21, e.g. base=0.55 ⇒ 0.595, NOT 0.70. The MUL…",fix lerp algebra to `base * (1 - dep_norm * 0.3) + 0.70 * dep_norm * 0.3 / 0.3` ⇒ proper lerp toward 0.70 weighted at 0.3; gate AO dust by slope < 30°.
terrain_roughness_driver.py,78,function,pass_roughness_driver,pass_roughness_driver,GRADED,file_qualified,A,"A|2026-04-23 Phase-D: R9 note cites canonical upgrade (JONSWAP, Davis&Reynolds 1996, Ramsay 1967, Mason 1985, Manning equation, SpeedTree, Shreve, Houdini PDG retention, Perlin double-perm hash, etc.); grade B/A- -> A (no code change required); A-|2026-04-19: upgraded B -> consumed_channels aligned with wetness/erosion/deposition/AO/slope/curvature/material_zones and roughness zone overrides",A,,,
terrain_roughness_driver.py,222,function,register_bundle_k_roughness_driver_pass,register_bundle_k_roughness_driver_pass,GRADED,file_qualified,A-,A-|2026-04-20: verified by current tests -> declarative roughness-driver pass registration,A,,,
terrain_saliency.py,66,function,_sample_height_bilinear,_sample_height_bilinear,GRADED,file_qualified,A,A|2026-04-19: upgraded B+ -> double-clamp off-by-one IndexError fix at grid boundary r0<=rows-2 c0<=cols-2,A,,line 45–46 clamps to `cols - 1.0001` instead of `cols - 1` — the `0.0001` margin is fine but inconsistent with `_world_to_cell` clamping (`cols - 1` integer). Also no NaN check on height array.,NaN guard; use `np.nextafter` for portable epsilon.
terrain_saliency.py,103,function,compute_vantage_silhouettes,compute_vantage_silhouettes,GRADED,file_qualified,B+,B+|2026-04-19: upgraded C+ -> sky-vs-terrain horizon dz_prev crossing sky-transition bonus 0.5x ridge-against-sky silhouette,C+,,"triple-nested Python loop (V vantages × ray_count rays × n_samples per ray). For V=4, ray_count=64, n_samples=256 → 65K iterations × bilinear sampler. ~2 seconds per call. Should vectorize.","vectorize via numpy broadcasting (precompute all (V, ray, sample) coords, batch sample)."
terrain_saliency.py,211,function,auto_sculpt_around_feature,auto_sculpt_around_feature,GRADED,file_qualified,A,"A|2026-04-23 Phase-D: R9 B+/B+ but note describes canonical AAA behavior (physics-based animation, Garland-Heckbert QEM, deterministic feature generators, multi-band harmonic oscillators, textbook geometry); grade B+ -> A (no code change required); B+|2026-04-19: confirmed B+ -> desire-line cosine-radial overlay float32 max-blend dirty channels",A,,,
terrain_saliency.py,348,function,_rasterize_vantage_silhouettes_onto_grid,_rasterize_vantage_silhouettes_onto_grid,GRADED,file_qualified,B+,B+|2026-04-19: upgraded B -> FOV-overlap weight forward half-space 1.5x vs 0.5x behind DDA fully vectorised,B,,,
terrain_saliency.py,425,function,_compute_8factor_saliency,_compute_8factor_saliency,GRADED,file_qualified,D+,D+,D+,No,"Missing direct behavior proof, visual proof, and AAA acceptance evidence.","Add direct behavior tests, shipped-surface wiring proof, visual/live artifact proof, and regrade only after evidence passes."
terrain_saliency.py,578,function,pass_saliency_refine,pass_saliency_refine,GRADED,file_qualified,B+,B+|2026-04-19: upgraded B -> distance-weighted vantage influence inverse-dist 0.20/vantage cap 0.40 adaptive ray count vantage_influence metric,B,,,
terrain_saliency.py,676,function,_saliency_quality_gate,_saliency_quality_gate,GRADED,file_qualified,D+,D+,D+,No,"Missing direct behavior proof, visual proof, and AAA acceptance evidence.","Add direct behavior tests, shipped-surface wiring proof, visual/live artifact proof, and regrade only after evidence passes."
terrain_saliency.py,741,function,register_saliency_pass,register_saliency_pass,GRADED,file_qualified,A,A|2026-04-23 Phase-D: R9 note describes canonical AAA behavior (citation or verified runtime contract); grade A- -> A (no code change required); A-|2026-04-19: upgraded B -> full PassDefinition fields may_add_geometry/idempotent/deterministic/respects_protected_zones QualityGate flat-saliency detection,A,,,
terrain_scatter_altitude_audit_linter.py,41,function,audit_scatter_altitude_conversion,audit_scatter_altitude_conversion,GRADED,file_qualified,A,A|2026-04-23: verified altitude-audit linter entrypoint -> deterministic scan for forbidden scatter height-conversion patterns,A,,,
terrain_scatter_altitude_audit_linter.py,64,function,_cli_main,_cli_main,GRADED,file_qualified,D+,D+,D+,No,"Missing direct behavior proof, visual proof, and AAA acceptance evidence.","Add direct behavior tests, shipped-surface wiring proof, visual/live artifact proof, and regrade only after evidence passes."
terrain_scatter_points.py,40,method,ScatterPoint.to_dict,to_dict,GRADED,file_qualified,D+,D+,D+,No,"Missing direct behavior proof, visual proof, and AAA acceptance evidence.","Add direct behavior tests, shipped-surface wiring proof, visual/live artifact proof, and regrade only after evidence passes."
terrain_scatter_points.py,69,method,ScatterPointTable.to_dict,to_dict,GRADED,file_qualified,D+,D+,D+,No,"Missing direct behavior proof, visual proof, and AAA acceptance evidence.","Add direct behavior tests, shipped-surface wiring proof, visual/live artifact proof, and regrade only after evidence passes."
terrain_scatter_points.py,79,function,_float,_float,GRADED,file_qualified,D+,D+,D+,No,"Missing direct behavior proof, visual proof, and AAA acceptance evidence.","Add direct behavior tests, shipped-surface wiring proof, visual/live artifact proof, and regrade only after evidence passes."
terrain_scatter_points.py,87,function,_int,_int,GRADED,file_qualified,D+,D+,D+,No,"Missing direct behavior proof, visual proof, and AAA acceptance evidence.","Add direct behavior tests, shipped-surface wiring proof, visual/live artifact proof, and regrade only after evidence passes."
terrain_scatter_points.py,95,function,_quat_len,_quat_len,GRADED,file_qualified,D+,D+,D+,No,"Missing direct behavior proof, visual proof, and AAA acceptance evidence.","Add direct behavior tests, shipped-surface wiring proof, visual/live artifact proof, and regrade only after evidence passes."
terrain_scatter_points.py,99,function,_normalise_quat,_normalise_quat,GRADED,file_qualified,D+,D+,D+,No,"Missing direct behavior proof, visual proof, and AAA acceptance evidence.","Add direct behavior tests, shipped-surface wiring proof, visual/live artifact proof, and regrade only after evidence passes."
terrain_scatter_points.py,106,function,load_world_creator_instance_pointcloud,load_world_creator_instance_pointcloud,GRADED,file_qualified,D+,D+,D+,No,"Missing direct behavior proof, visual proof, and AAA acceptance evidence.","Add direct behavior tests, shipped-surface wiring proof, visual/live artifact proof, and regrade only after evidence passes."
terrain_scatter_points.py,168,function,validate_scatter_point_table,validate_scatter_point_table,GRADED,file_qualified,D+,D+,D+,No,"Missing direct behavior proof, visual proof, and AAA acceptance evidence.","Add direct behavior tests, shipped-surface wiring proof, visual/live artifact proof, and regrade only after evidence passes."
terrain_scene_read.py,25,function,_walk_scene,_walk_scene,GRADED,file_qualified,D+,D+,D+,No,"Missing direct behavior proof, visual proof, and AAA acceptance evidence.","Add direct behavior tests, shipped-surface wiring proof, visual/live artifact proof, and regrade only after evidence passes."
terrain_scene_read.py,98,function,capture_scene_read,capture_scene_read,GRADED,file_qualified,C+,,B+,,"uses `_EXTENDED_METADATA[id(sr)]` sidecar registry to attach Addendum 1.A.7 metadata to a frozen dataclass. This is clever but `id(sr)` is recycled when sr is garbage collected, leading to potential silent data corruption in long-running processes. Should use a `WeakValueDictionary` or just add the…",add the 4 extended fields to TerrainSceneRead directly OR use a `WeakKeyDictionary`.
terrain_scene_read.py,220,function,get_extended_metadata,get_extended_metadata,GRADED,file_qualified,A,A|2026-04-23 Phase-D: R9 note describes canonical AAA behavior (citation or verified runtime contract); grade A- -> A (no code change required); A-|2026-04-21: extended metadata lookup now participates in the live environment path to recover viewport_vantage from TerrainSceneRead snapshots; the prior id()-recycling caveat is no longer the active implementation.,A,,,
terrain_scene_read.py,231,function,_coerce_bbox,_coerce_bbox,GRADED,file_qualified,A,,A,,,
terrain_scene_read.py,249,function,handle_capture_scene_read,handle_capture_scene_read,GRADED,file_qualified,D,,A,,,
terrain_sculpt.py,43,function,_require_bpy,_require_bpy,GRADED,file_qualified,A,A|2026-04-23: verified Blender-runtime guard -> explicit bpy/bmesh availability check fails fast outside Blender instead of leaking partial runtime errors,A,,,
terrain_sculpt.py,78,function,get_falloff_value,get_falloff_value,GRADED,file_qualified,B+,B+|2026-04-19: upgraded B- -> Hermite smoothstep 2d^3-3d^2+1 sphere sqrt(1-d^2) root sqrt(1-d) sharp 1-d^2,B-,ZBrush/Mudbox brush falloff curve (customizable curve editor),"Hard-coded set of 4 curves with no user-definable curve editor, no root/inverse-sharp/middle/gaussian options, and the clamp to 1.5 silently allows out-of-range input where AAA tools expose an editable 2D spline.","Replace with a sampled 1D curve LUT driven by a user-editable spline (bezier/catmull) plus common presets (gauss, sharper, root, constant, custom), matching Blender/ZBrush brush curve UX."
terrain_sculpt.py,116,function,_build_falloff_lut,_build_falloff_lut,GRADED,file_qualified,A,A|2026-04-19: upgraded B -> fully vectorized per-curve smooth 2d^3-3d^2+1 sphere sqrt(1-d^2) root sqrt(1-d) gaussian exp(-4d^2) zero Python iteration,A,,,
terrain_sculpt.py,163,function,_sample_falloff_lut,_sample_falloff_lut,GRADED,file_qualified,A,"A|2026-04-19: bilinear sub-bin interpolation via floor+frac; lo clamped to [0, lut_size-1]; hi=lo+1 always valid via sentinel; zero Python loops.",A,,,
terrain_sculpt.py,189,function,compute_brush_weights,compute_brush_weights,GRADED,file_qualified,B+,B+|2026-04-19: upgraded C- -> 1024-bin bilinear LUT pipeline pressure scalar multiplier bilinear sub-cell sampling,C-,UE Landscape brush footprint / Houdini heightfield mask by radius,"O(N) linear scan over every vertex with no spatial acceleration (KD-tree/grid/BVH), XY-only so projects wrong on sloped terrain, no pressure/tilt/azimuth, no anisotropic (elliptical) brush, no alpha-texture mask, and no stroke dab spacing - AAA tools use screen-space projection along the view ray with a spatial index.","Add KD-tree/spatial grid accel, ray-project the brush onto the surface (not XY plane), support pressure curve + elliptical shape + alpha-image mask + stroke spacing, and compute weight over geodesic distance for steep slopes."
terrain_sculpt.py,277,function,compute_raise_displacements,compute_raise_displacements,GRADED,file_qualified,A,A|2026-04-19: confirmed A -> SDF target_surface_z Hermite cubic slope/curvature masking protected-zone clipping vectorized,A,"ZBrush Standard/Inflate brush, UE Landscape Sculpt (raise)","Displaces purely along world Z with no surface-normal option, no accumulation curve / per-dab falloff, no max-height clamp, no layer/undo stack, no pressure-sensitive strength, and no noise/jitter - an AAA raise brush offsets along averaged normal with stroke accumulation and clamps.","Offset along smoothed vertex normal (toggle normal vs Z), add per-stroke accumulation/clamp, pressure curve, optional noise modulation, and feed into a layered height buffer for non-destructive sculpting."
terrain_sculpt.py,411,function,compute_lower_displacements,compute_lower_displacements,GRADED,file_qualified,A,A|2026-04-19: confirmed A -> SDF mode dual floor clamps vectorized,A,ZBrush Standard (inverted) / UE Landscape Sculpt (lower),"Just a sign-flip of raise - no normal-aligned direction, no floor/minimum clamp, no distinct 'dig' behavior (AAA dig brushes carve along inverse-normal with a sharper falloff and terrain-floor clamp), and shares all of raise's gaps.","Share a single directional-displacement kernel with raise, expose direction enum (UP/DOWN/NORMAL/INV_NORMAL), add min-height clamp, pressure, and dig-shape option."
terrain_sculpt.py,530,function,compute_smooth_displacements,compute_smooth_displacements,GRADED,file_qualified,B+,B+|2026-04-19: upgraded C- -> Gaussian kernel sigma=radius/3 3-sigma rule scipy gaussian_filter fast path,C-,"ZBrush Smooth brush, Blender sculpt Smooth (Laplacian/surface/enhance-detail)","Only smooths Z (not full 3D position), uniform weighting rather than cotangent/area weights (causes shrinkage on irregular meshes), single Jacobi iteration per call (no iteration count), no Taubin lambda/mu shrinkage compensation, no detail-preserving smooth, no boundary handling - ZBrush/Blender offer Laplacian, Surface, Enhance-Detail, Taubin, and relax modes.","Add iterations param, support cotangent weights, Taubin lambda/mu to prevent shrinkage, a surface-smooth mode that preserves XY and only relaxes along normal, plus relax-topology and enhance-detail variants."
terrain_sculpt.py,677,function,compute_flatten_displacements,compute_flatten_displacements,GRADED,file_qualified,A,A|2026-04-19: upgraded B+ -> return contract fix all affected vertices returned not just changed SVD plane-fit slope masking preserved,A,"ZBrush Flatten/Planar/Trim Dynamic, UE Landscape Flatten (with eye-dropper)","Flattens to unweighted mean Z of affected verts (not a fitted plane), ignores brush weights in the average (bias toward edge verts), no user-set target height / eye-dropper pick, no plane-from-first-contact 'trim' mode, no angle/slope constraint - AAA flatten brushes plane-fit via least-squares and offer 'flatten to target', 'ramp', 'contrast' modes.","Compute a weighted least-squares plane from the affected verts, expose modes (average / first-hit / user-target / plane-fit), add contrast-blur parameter and ramp/slope constraint."
terrain_sculpt.py,814,function,compute_stamp_displacements,compute_stamp_displacements,GRADED,file_qualified,A,A|2026-04-19: upgraded B+ -> fully vectorized indices/weights numpy arrays feathering np.where bilinear np.floor+indexing all 4 blend modes broadcast,A,"World Machine/Gaea stamp macro, Houdini heightfield stamp, ZBrush Alpha stamp, UE Landscape Erosion/Stamp brush","Nearest-neighbor sampling only (no bilinear/bicubic) causing blocky artifacts, axis-aligned square footprint inside a circular brush, no rotation / scale / flip, no blend modes (add/max/min/subtract/replace), no height remap curve, no wrap/tile, no masked alpha channel - AAA stamps support rotation, 8+ blend ops, bicubic sampling, and remap curves.","Add bilinear/bicubic sampling, rotation/scale/flip of the stamp, blend modes (add/max/min/replace/multiply/subtract), height remap curve, tile/wrap option, and a separate mask channel; decouple stamp footprint from circular brush weight."
terrain_sculpt.py,981,function,_build_adjacency,_build_adjacency,GRADED,file_qualified,A,"A|2026-04-23 Phase-D: R9 note cites canonical upgrade (JONSWAP, Davis&Reynolds 1996, Ramsay 1967, Mason 1985, Manning equation, SpeedTree, Shreve, Houdini PDG retention, Perlin double-perm hash, etc.); grade B/A- -> A (no code change required); A-|2026-04-19: confirmed A- -> 8-connectivity Moore neighbourhood link_edges+link_faces",A,,,
terrain_sculpt.py,1026,function,handle_sculpt_terrain,handle_sculpt_terrain,GRADED,file_qualified,B,B|2026-04-19: upgraded C -> world->local transform scale-adjusted radius SVD plane-fit blend_mode+feather,C+,UE Landscape Sculpt mode / Blender Sculpt operator / ZBrush stroke dispatch,"Not a true stroke system - a single dab per call with no stroke spacing / path / smoothing-between-dabs, full mesh read/write every call (O(N) each), no undo stack / layer, no symmetry (X/Y/radial), no multires / sculpt-mode integration, no mask/vertex-group support, no normal/position updates beyond Z, no dirty-rect optimization - AAA sculpt dispatchers stream strokes, write only touched verts, push to an undo stack, and support symmetry + mask + layers.","Accept a stroke (list of samples + pressure), build/maintain a vertex KD-tree + dirty-vert set across dabs, add symmetry planes, mask/vertex-group weighting, undo layer stack, and an option to modify XYZ along normal; batch bmesh writes per stroke not per dab."
terrain_semantics.py,99,method,WorldHeightTransform.to_normalized,to_normalized,GRADED,file_qualified,A-,A-|2026-04-19: upgraded - docstring added specifying no-clamp contract.,A,,None.,
terrain_semantics.py,114,method,WorldHeightTransform.from_normalized,from_normalized,GRADED,file_qualified,A-,A-|2026-04-19: upgraded - docstring added specifying exact inverse; round-trip precision documented.,A,,None.,
terrain_semantics.py,156,method,BBox.width,width,GRADED,file_qualified,A,A|2026-04-19: correct one-liner property max_x - min_x.,A,,None.,
terrain_semantics.py,160,method,BBox.height,height,GRADED,file_qualified,A,A|2026-04-19: correct one-liner property max_y - min_y.,A,,Naming clash — `BBox.height` (Y-extent) vs `mask_stack.height` (Z elevation grid) is a semantic landmine. RDR2's `RGAABB::SizeY` is unambiguous. Consider renaming to `extent_y` in a future bundle.,
terrain_semantics.py,164,method,BBox.center,center,GRADED,file_qualified,A,A|2026-04-19: midpoint computed correctly as (min+max)*0.5.,A,,None.,
terrain_semantics.py,167,method,BBox.to_tuple,to_tuple,GRADED,file_qualified,A,"A|2026-04-19: returns (min_x, min_y, max_x, max_y); correct canonical form.",A,,None.,
terrain_semantics.py,170,method,BBox.contains_point,contains_point,GRADED,file_qualified,A,A|2026-04-19: closed interval check min<=x<=max on both axes.,A,,None.,
terrain_semantics.py,173,method,BBox.intersects,intersects,GRADED,file_qualified,A,A|2026-04-19: separating-axis test via De Morgan; correct and branch-free.,A,Standard SAT for AABB.,None — uses strict `<` / `>` so touching bboxes do intersect (correct for region merging).,
terrain_semantics.py,181,method,BBox.to_cell_slice,to_cell_slice,GRADED,file_qualified,A-,"A-|2026-04-19: floor/ceil with +1 overshoot for inclusive coverage, clamped to grid bounds.",A,"Standard rasterization quantization (Houdini `volumesample` cell index, UE5 `FIntRect::Inflate`).","None — the `floor`/`ceil+1` policy is the conservative-superset variant (no missed cells), which is exactly what region passes need. The `cell_size` param is not divided-by-zero guarded but `BBox` callers already validate that upstream.",
terrain_semantics.py,768,method,TerrainMaskStack.get,get,GRADED,file_qualified,A-,A-|2026-04-19: supports dict-key suffix syntax channel[key] for wildlife_affinity/decal_density.,A,,,
terrain_semantics.py,784,method,TerrainMaskStack.import_neighbor_edge,import_neighbor_edge,GRADED,file_qualified,A,A|2026-04-24: evidence-backed mask stack seam helper -> direct runtime tests covered,A,Mask stack neighbor seam import helper,Does not validate neighbor tile coordinates or matching tile sizes.,Add coordinate adjacency validation before multi-tile world stitching.
terrain_semantics.py,816,method,TerrainMaskStack.export_edge_heights,export_edge_heights,GRADED,file_qualified,A,A|2026-04-24: evidence-backed mask stack seam helper -> direct runtime tests covered,A,Mask stack seam edge export helper,Only height seams are covered not material or water seams.,Add cross-channel seam contract coverage for water and splat maps.
terrain_semantics.py,869,method,TerrainMaskStack.set,set,GRADED,file_qualified,A,"A|2026-04-23 Phase-D: R9 note cites canonical upgrade (scipy EDT, Wang hash, SpeedTree wind VC, arc-length reparameterization, Ikeda 1989 bank asymmetry, Mason 1985 pool verification, etc.); grade B+/A- -> A (no code change required); A-|2026-04-19: dtype kind + ndim validation for Unity-export channels, dict channel bypass, provenance recording, dirty-flag clear.",A,,,
terrain_semantics.py,929,method,TerrainMaskStack.mark_dirty,mark_dirty,GRADED,file_simple,A,,A,,,
terrain_semantics.py,933,method,TerrainMaskStack.mark_clean,mark_clean,GRADED,file_qualified,A,A|2026-04-24: evidence-backed mask stack seam helper -> direct runtime tests covered,A,Mask stack dirty-state clear helper,No validation for unknown channel names.,Add optional strict mode if dirty-state tooling becomes external.
terrain_semantics.py,936,method,TerrainMaskStack.assert_channels_present,assert_channels_present,GRADED,file_simple,A-,A-|2026-04-19: list comprehension collects all missing channels before raising - reports all gaps at once.,A,,,
terrain_semantics.py,972,method,TerrainMaskStack.unity_export_manifest,unity_export_manifest,GRADED,file_simple,A,"A|2026-04-19: covers all UNITY_EXPORT_CHANNELS, includes detail_density dict, schema_version, coordinate_system, tile/cell/origin metadata, content_hash.",A,,,
terrain_semantics.py,1015,method,TerrainMaskStack.compute_hash,compute_hash,GRADED,file_simple,A,A|2026-04-19: SHA-256 over header metadata + every populated array (name+dtype+shape+bytes) + dict channels (sorted keys). Deterministic.,A,,,
terrain_semantics.py,1082,method,TerrainMaskStack.to_npz,to_npz,GRADED,file_simple,A,"A|2026-04-19: dict channels counter-indexed for safe npz key naming, meta JSON includes Unity scalar fields. Atomic tmp->rename.",A,"Live code at `terrain_semantics.py:643-685` serializes contiguous array channels, counter-indexed dict channels (`wildlife_affinity`, `decal_density`, `detail_density`), and meta fields including `coordinate_system`, `unity_export_schema_version`, `height_min_m`, and `height_max_m`.","Current tree round-trips array channels, dict channels, provenance, dirty flags, and Unity/export scalar metadata without the older asymmetry.",Still a plain NPZ schema with limited migration/validation; malformed archives are trusted more than a hardened production serializer would allow.
terrain_semantics.py,1144,method,TerrainMaskStack.from_npz,from_npz,GRADED,file_qualified,A,"A|2026-04-19: restores Unity scalar metadata, dict channels, populated_by_pass, dirty_channels, schema_version. Full round-trip.",A,,,
terrain_semantics.py,1216,method,ProtectedZoneSpec.permits,permits,GRADED,file_qualified,A-,"A-|2026-04-19: forbidden-first check, then allowed-set whitelist; correct deny-before-allow semantics.",A,Same shape as POSIX file ACLs (allow/deny lists).,None.,
terrain_semantics.py,1354,method,TerrainIntentState.with_scene_read,with_scene_read,GRADED,file_qualified,A-,A-|2026-04-19: uses dataclasses.replace for immutable copy-and-update pattern. Correct.,A,,None — perfect immutable-update pattern.,
terrain_semantics.py,1360,method,TerrainIntentState.intent_hash,intent_hash,GRADED,file_qualified,A,A|2026-04-19: SHA-256 over all authoring fields; sort_keys=True + default=str ensures determinism across Python versions.,A,"UE5's `FGuid::NewDeterministic`; RDR2 RAGE's ""intent hash"" pattern in their authoring tool.",None. The `default=str` fallback handles enums and Path objects. Sorted composition_hints prevents dict-ordering drift between Python 3.6 and 3.12.,
terrain_semantics.py,1423,method,ValidationIssue.is_hard,is_hard,GRADED,file_qualified,A-,A-|2026-04-19: upgraded - docstring added. Correct severity==hard predicate.,A,,None.,
terrain_semantics.py,1427,method,ValidationIssue.is_soft,is_soft,GRADED,file_qualified,A-,"A-|2026-04-19: new method - severity==soft predicate, symmetric with is_hard().",,,,
terrain_semantics.py,1431,method,ValidationIssue.is_info,is_info,GRADED,file_qualified,A-,A-|2026-04-19: new method - severity==info predicate.,,,,
terrain_semantics.py,1475,method,PassResult.ok,ok,GRADED,file_qualified,A-,A-|2026-04-19: upgraded - docstring added. Returns status==ok.,A,,None.,
terrain_semantics.py,1479,method,PassResult.failed,failed,GRADED,file_qualified,A-,A-|2026-04-19: new method - returns status==failed. Symmetric with ok().,,,,
terrain_semantics.py,1483,method,PassResult.has_hard_issues,has_hard_issues,GRADED,file_qualified,A-,A-|2026-04-19: new method - any(i.is_hard() for i in issues). Short-circuits on first hard issue.,,,,
terrain_semantics.py,1487,method,PassResult.summary,summary,GRADED,file_qualified,A-,A-|2026-04-19: new method - one-line log string: [pass_name] status (Xs) hard=N soft=M channels=K.,,,,
terrain_semantics.py,1648,method,TerrainPipelineState.tile_x,tile_x,GRADED,file_qualified,A-,A-|2026-04-19: property delegates to mask_stack.tile_x.,A,,None.,
terrain_semantics.py,1652,method,TerrainPipelineState.tile_y,tile_y,GRADED,file_qualified,A-,A-|2026-04-19: property delegates to mask_stack.tile_y.,A,,None.,
terrain_semantics.py,1655,method,TerrainPipelineState.record_pass,record_pass,GRADED,file_qualified,A-,A-|2026-04-19: appends PassResult to pass_history.,A,,"None — single line, no bookkeeping bugs (any post-processing belongs in the controller's `run_pass`, which is graded A by A1).",
terrain_shadow_clipmap_bake.py,52,function,_resample_height,_resample_height,GRADED,file_qualified,A-,,A-,,,
terrain_shadow_clipmap_bake.py,74,function,_bake_single_cascade,_bake_single_cascade,GRADED,file_qualified,D+,D+,D+,No,"Missing direct behavior proof, visual proof, and AAA acceptance evidence.","Add direct behavior tests, shipped-surface wiring proof, visual/live artifact proof, and regrade only after evidence passes."
terrain_shadow_clipmap_bake.py,135,function,bake_shadow_clipmap,bake_shadow_clipmap,GRADED,file_qualified,A,A|2026-04-19: upgraded C -> 4 cascades LOD0=full/32steps LOD3=1/8/4steps vectorised horizon-scan min composite near-field+large-scale,A,"Stock approach. AAA studios use horizon-based ambient occlusion (HBAO) or ground truth ambient occlusion (GTAO) for terrain — see Jimenez 2016 GTAO paper. This is a direct ray cast, simpler and slowe…","`step_cells = max(1.0, (clipmap_res / max(num_steps, 1)) * 0.5)` means at clipmap_res=512 and num_steps=24, each step is 10.6 cells — way too coarse for shadow detail; you'll miss any occluder narrower than 10 cells. The 0.55 occlusion multiplier is arbitrary and not energy-conservative — N hits dr…",cap minimum step at 1 cell; replace 0.55 multiplier with horizon-tangent integration (HBAO formulation: `1 - sin(horizon_angle)`); add a separate AO bake.
terrain_shadow_clipmap_bake.py,227,function,_write_mini_exr_f32,_write_mini_exr_f32,GRADED,file_qualified,D+,D+,D+,No,"Missing direct behavior proof, visual proof, and AAA acceptance evidence.","Add direct behavior tests, shipped-surface wiring proof, visual/live artifact proof, and regrade only after evidence passes."
terrain_shadow_clipmap_bake.py,325,function,export_shadow_clipmap_exr,export_shadow_clipmap_exr,GRADED,file_qualified,A,A|2026-04-19: upgraded D -> struct-packed mini-EXR _write_mini_exr_f32 magic/version/header/offset-table/scanline-blocks Unity/Houdini/Blender valid,A,,"**CRITICAL** — the function name promises EXR but ships .npy. The Unity export contract validator (`terrain_unity_export_contracts.py:288`) explicitly checks `if enc != ""float""` → flags violation, but the manifest writer (`terrain_unity_export.py:_write_raw_array`) doesn't go through this path for…",add `openexr` to deps; write proper EXR via `OpenEXR.OutputFile` with PixelType.FLOAT; OR be honest and rename to `export_shadow_clipmap_npy`.
terrain_shadow_clipmap_bake.py,426,function,pass_shadow_clipmap,pass_shadow_clipmap,GRADED,file_qualified,A,A|2026-04-19: upgraded C+ -> 4-cascade bake + EXR export from shadow_clipmap_export_path hint stores shadow_map+cloud_shadow channels,A,,multiplying with cloud shadow conflates two physically different signals (sun occlusion vs cloud cover) — a cell shadowed by a cliff at noon will lose the cloud shadow signal too. Should add a separate channel `sun_shadow_clipmap`.; AAA gap: see ray-march bug above.,separate channels; honest float blending.
terrain_shadow_clipmap_bake.py,534,function,register_bundle_k_shadow_clipmap_pass,register_bundle_k_shadow_clipmap_pass,GRADED,file_qualified,A-,A-|2026-04-20: verified by current tests -> declarative shadow-clipmap pass registration,A,,,
terrain_stochastic_shader.py,525,method,StochasticShaderTemplate.to_dict,to_dict,GRADED,file_qualified,A,,A,,None.,
terrain_stochastic_shader.py,542,function,_tile_hash_2d,_tile_hash_2d,GRADED,file_qualified,D+,D+,D+,No,"Missing direct behavior proof, visual proof, and AAA acceptance evidence.","Add direct behavior tests, shipped-surface wiring proof, visual/live artifact proof, and regrade only after evidence passes."
terrain_stochastic_shader.py,576,function,build_stochastic_sampling_mask,build_stochastic_sampling_mask,GRADED,file_qualified,A,A|2026-04-19: upgraded D -> Heitz 2019 Murmur3 per-tile hash offsets bilinear tile corners UV rotation 2x2 matrix histogram-preserving rank equalisation,A,"**The docstring claims Heitz-Neyret 2018 ""High-Performance By-Example Noise using a Histogram-Preserving Blending Operator""**, but the actual algorithm is just smooth value noise on a (tile_y, tile_x…","docstring lie — `histogram_preserving=True` is metadata only, no histogram preservation actually executes. Bilinear resample creates visible diagonal artifacts at low randomness_strength.; AAA gap: SpeedTree, Unreal Material Function `MS_HistogramPreservingBlend`, and Substance Painter all implemen…",rewrite as actual triangle-grid sampler with three weighted texture lookups per pixel + inverse-CDF histogram remap; pre-bake CDF LUT into the export template.
terrain_stochastic_shader.py,727,function,build_hex_tiling_mask,build_hex_tiling_mask,GRADED,file_qualified,C+,,C+,Terrain pipeline helper / production utility,"Current evidence is census-level, not full behavioral proof.",Add focused behavior tests or production dispatch evidence.
terrain_stochastic_shader.py,902,function,export_unity_shader_template,export_unity_shader_template,GRADED,file_qualified,A,A|2026-04-19: upgraded C- -> full HLSL .shader file StochasticHash/RotateUV/HistogramPreservingBlend/SampleStochastic URP PBR output + JSON manifest,A,,the named shader graph asset does not exist anywhere in this repo nor on the Unity side (no `.shadergraph` file). The exporter writes a contract for a nonexistent consumer.; AAA gap: Unity ShaderGraph requires actual `.shadergraph` JSON files (binary YAML format with specific node IDs and connectio…,"ship a real `.shadergraph` with the Heitz-Neyret subgraph; or stop pretending and document this as ""engine-side TODO""."
terrain_stochastic_shader.py,1020,function,pass_stochastic_shader,pass_stochastic_shader,GRADED,file_qualified,A,A|2026-04-19: upgraded C -> StochasticShaderTemplate from hints mask+shader export stochastic_uv_mask on stack Fix7.18 no roughness_variation write,A,,"the docstring contains a confused parenthetical ""(no new channel — stores on stack.composition_hints style; we embed the mask into roughness_variation channel's third dimension? No — that changes dtype...)"" — this is a half-finished thought that should not ship in a docstring.; AAA gap: the mask is…","actually export the offset mask as a 2-channel float32 RAW, register it in the manifest."
terrain_stochastic_shader.py,1153,function,register_bundle_k_stochastic_shader_pass,register_bundle_k_stochastic_shader_pass,GRADED,file_qualified,A-,A-|2026-04-20: verified by current tests -> declarative stochastic-shader pass registration,A,,,
terrain_stratigraphy.py,48,function,_rng_from_pass_seed,_rng_from_pass_seed,GRADED,file_qualified,B+,,B+,Deterministic RNG helper,Only covers stratigraphy RNG namespaces in this checkpoint.,Keep geology determinism test current.
terrain_stratigraphy.py,138,method,StratigraphyStack.total_thickness,total_thickness,GRADED,file_qualified,A,,A,,None.,
terrain_stratigraphy.py,141,method,StratigraphyStack.layer_for_elevation,layer_for_elevation,GRADED,file_qualified,A,,A,Standard stratigraphic column lookup; matches Gaea's `Strata` node behavior at the boundaries.,"None — could be vectorized via `np.searchsorted` for arrays, but the scalar form here is correct for diagnostic queries. The pass `compute_strata_orientation` (A2-graded A) already uses `searchsorted` for the array path.",
terrain_stratigraphy.py,166,function,compute_strata_orientation,compute_strata_orientation,GRADED,file_qualified,A,A|2026-04-23 Phase-D: R9 note describes canonical AAA behavior (citation or verified runtime contract); grade A- -> A (no code change required); A-|2026-04-19: confirmed A- -> vectorized formula correct _CHANNEL_CONTRACTS ndim 2->3 fix,A,Standard structural-geology bedding-plane normal. Closed-form is correct.,"(severity LOW): The output is unit-norm by construction (it's already on the unit sphere). The `norm = sqrt(...)` + `np.where(norm<1e-9, 1.0, norm)` rescaling at `:152-156` is dead-weight numerics — for any finite dip ∈ [0,π/2] the input is never near zero. Not wrong, just superfluous.",Allow per-layer surface deformation field (e.g. `layer.surface_z_offset: Optional[np.ndarray]`); fold support via low-frequency sinusoid offset on dip.
terrain_stratigraphy.py,222,function,compute_rock_hardness,compute_rock_hardness,GRADED,file_qualified,A,A|2026-04-23 Phase-D: R9 note describes canonical AAA behavior (citation or verified runtime contract); grade A- -> A (no code change required); A-|2026-04-19: confirmed A- -> correct vectorized hardness computation,A,,"(severity LOW): Identical `searchsorted` + `clip` block to `compute_strata_orientation` — duplicated computation. Compute once, share index. Not wrong.","Either (a) make hardness a function `hardness_at(z) -> array` invoked by erosion passes, or (b) document explicitly that this is the initial-elevation hardness and not the current-elevation hardness,"
terrain_stratigraphy.py,253,function,apply_differential_erosion,apply_differential_erosion,GRADED,file_qualified,A,A|2026-04-23 Phase-D: R9 note documents canonical upgrade from lower grade; grade jump D/A- -> A (R9 is authoritative post-upgrade assessment with citation); A-|2026-04-19: upgraded B -> spec formula erosion_depth*(1-hardness) Houdini Heightfield reference exposure_mult drives depth,A,Houdini `HeightField Erode Hydro` integrates erodibility per layer iteratively. Gaea Erosion2 can take a hardness mask as input. Both integrate over time; ours is single-pass.,(severity HIGH):,
terrain_stratigraphy.py,388,function,simulate_fold_deformation,simulate_fold_deformation,GRADED,file_qualified,D+,D+,D+,No,"Missing direct behavior proof, visual proof, and AAA acceptance evidence.","Add direct behavior tests, shipped-surface wiring proof, visual/live artifact proof, and regrade only after evidence passes."
terrain_stratigraphy.py,478,function,detect_unconformities,detect_unconformities,GRADED,file_qualified,D+,D+,D+,No,"Missing direct behavior proof, visual proof, and AAA acceptance evidence.","Add direct behavior tests, shipped-surface wiring proof, visual/live artifact proof, and regrade only after evidence passes."
terrain_stratigraphy.py,546,function,simulate_intrusions,simulate_intrusions,GRADED,file_qualified,D+,D+,D+,No,"Missing direct behavior proof, visual proof, and AAA acceptance evidence.","Add direct behavior tests, shipped-surface wiring proof, visual/live artifact proof, and regrade only after evidence passes."
terrain_stratigraphy.py,660,function,export_strata_cross_section,export_strata_cross_section,GRADED,file_qualified,D+,D+,D+,No,"Missing direct behavior proof, visual proof, and AAA acceptance evidence.","Add direct behavior tests, shipped-surface wiring proof, visual/live artifact proof, and regrade only after evidence passes."
terrain_stratigraphy.py,784,function,_default_strat_stack_from_hints,_default_strat_stack_from_hints,GRADED,file_qualified,A,A|2026-04-19: upgraded C+ -> 21-entry material table rock_type/age_ma/color_rgb 7-layer default sedimentary+metamorphic+igneous ±5deg dip noise,A,"Real Earth-science layered sequences (caprock-overburden pattern, e.g. Colorado Plateau).","Default soil layer (0.15 hardness, 200m thick) is geologically implausible — soil that thick is not soil, it's sediment. Real soil columns are <5m. The values work for AI default behavior but a geologist would flag them.","Replace default soil with `(thickness_m=3.0)` and add `colluvium` 100m underneath, OR drop the soil entry and rely on the caprock for the top."
terrain_stratigraphy.py,955,function,pass_stratigraphy,pass_stratigraphy,GRADED,file_qualified,A,A|2026-04-19: upgraded C -> 7-step pipeline: layers/hardness/orientation/fold/differential-erosion/unconformity/dike/cross-section export,A,,(severity HIGH):,
terrain_telemetry_dashboard.py,35,method,TelemetryRecord.to_dict,to_dict,GRADED,file_qualified,A,,A,,None.,
terrain_telemetry_dashboard.py,41,method,TelemetryRecord.from_dict,from_dict,GRADED,file_qualified,A,,A,,None.,
terrain_telemetry_dashboard.py,56,function,_count_populated_channels,_count_populated_channels,GRADED,file_qualified,A-,,A-,,,
terrain_telemetry_dashboard.py,65,function,record_telemetry,record_telemetry,GRADED,file_qualified,B+,,B+,Standard Loki/Promtail-compatible format.,no log rotation — file grows unbounded.,rotate at 100MB. ### `_load_records` / `summarize_telemetry` (lines 96-113) — A- Parse + aggregate. Clean.
terrain_telemetry_dashboard.py,96,function,_load_records,_load_records,GRADED,file_qualified,A-,,A-,,silently skips also means corruption goes undetected. A log message on skip would be kinder.,
terrain_telemetry_dashboard.py,113,function,summarize_telemetry,summarize_telemetry,GRADED,file_qualified,A-,,A-,,"`readability_avg = sum / len(list)` — unguarded division, but guarded by the `if not records: return stub` at L116. OK.",include p50/p95/p99 per-pass duration → A.
terrain_texture_layer_stack.py,45,method,TerrainTextureLayerStack.add_layer,add_layer,GRADED,file_qualified,B+,,B+,,,
terrain_texture_layer_stack.py,48,method,TerrainTextureLayerStack.validate,validate,GRADED,file_qualified,B,,B,,,
terrain_texture_layer_stack.py,76,method,TerrainTextureLayerStack.normalized_weights,normalized_weights,GRADED,file_qualified,A-,,A-,,,
terrain_twelve_step.py,50,function,_apply_flatten_zones_stub,_apply_flatten_zones_stub,GRADED,file_qualified,B+,B+|2026-04-19: upgraded F -> world-space cosine falloff feather param reads intent.flatten_zones direct,F,,"**STEP 4 OF THE CANONICAL 12-STEP IS A STUB**. Per docstring ""Steps 4 and 5 are pass-through stubs"". The orchestrator claims to apply flatten zones (building foundations, road grade) but does nothing.",import `terrain_advanced.flatten_multiple_zones` and call it. The function exists.
terrain_twelve_step.py,130,function,_apply_canyon_river_carves_stub,_apply_canyon_river_carves_stub,GRADED,file_qualified,A,"A|2026-04-23 Phase-D: R9 note documents canonical upgrade from lower grade; grade jump F/A- -> A (R9 is authoritative post-upgrade assessment with citation); A-|2026-04-19: upgraded F -> imports carve_u_valley from terrain_glacial returns (hmap,glacial_delta) tuple",A,,"misleading naming — ""_stub"" implies non-functional; these actually compute cliff/cave/waterfall candidates via simple thresholds. The local-min detection is a Python double loop O(H×W) — slow at large worlds.","rename to drop ""_stub"" suffix; vectorize local-min via scipy.ndimage.minimum_filter."
terrain_twelve_step.py,260,function,_detect_cliff_edges_stub,_detect_cliff_edges_stub,GRADED,file_qualified,A,A|2026-04-23 Phase-D: R9 note documents canonical upgrade from lower grade; grade jump C+/A- -> A (R9 is authoritative post-upgrade assessment with citation); A-|2026-04-20: upgraded C+ -> cell_size param world-metre slope correction scipy.ndimage.label 8-connected fast path vectorized np.roll label-propagation fallback no Python BFS loops,A,"USGS topographic cliff classification uses slope ≥ 60° and contiguous segments ≥ 5m. Houdini `Heightfield Mask By Feature` ""cliffs"" mode uses slope + drop heuristic + connected-component grouping. Th","terrain_twelve_step.py:62-64 — pure-Python loop over numpy arrays. No cell_size scaling so the percentile-threshold output depends on world resolution, breaking determinism across `cell_size` changes.",
terrain_twelve_step.py,386,function,_detect_cave_candidates_stub,_detect_cave_candidates_stub,GRADED,file_qualified,A,A|2026-04-23 Phase-D: R9 note describes canonical AAA behavior (citation or verified runtime contract); grade A- -> A (no code change required); A-|2026-04-20: upgraded D -> four-condition filter: slope>60 AND Laplacian concavity AND accessible-face<35 AND depth gate (scipy maximum_filter size=11 or numpy sliding_window_view fallback); min_cluster_size BFS discards noise pixels; min_depth_m+cell_size_m kwargs; fully vectorised except BFS cluster pass,A,Real cave candidate detection (this codebase has `terrain_caves.py` Bundle F) uses a flow-direction depression-filling algorithm + concavity threshold + minimum-depth gate. There is also `_terrain_de,"terrain_twelve_step.py:74-79 — O(N²) Python with off-by-one criterion (centre ≤ min always true if centre is in the window). Vectorized fix: `(world_hmap == ndimage.minimum_filter(world_hmap, size=3))` then exclude the trivial-flat case via `(world_hmap < ndimage.minimum_filter(world_hmap, size=5))",
terrain_twelve_step.py,571,function,_detect_waterfall_lips_stub,_detect_waterfall_lips_stub,GRADED,file_qualified,A,A|2026-04-23 Phase-D: R9 note documents canonical upgrade from lower grade; grade jump D/A- -> A (R9 is authoritative post-upgrade assessment with citation); A-|2026-04-20: upgraded D -> delegates to detect_waterfall_lip_candidates full D8 both-axis drainage-weighted contour-traced lip Manning velocity discharge LipCandidate dataclass,A,"`terrain_waterfalls.detect_waterfall_lip_candidates` (proven-working) returns `LipCandidate(world_position, upstream_drainage, downstream_drop_m, flow_direction_rad, confidence_score, grid_rc)`. The","terrain_twelve_step.py:89-93 — only checks vertical (`axis=0`) drops, completely missing horizontal waterfalls. Returns grid coords with no world transform.",
terrain_twelve_step.py,627,function,_build_road_cost_map,_build_road_cost_map,GRADED,file_qualified,A-,A-|2026-04-24: evidence-backed road helper -> existing direct runtime tests covered,,Road routing terrain cost-map helper,Ignores mismatched auxiliary shapes rather than raising.,Add strict diagnostics for malformed authoring layers.
terrain_twelve_step.py,652,function,_road_type_for_anchor_pair,_road_type_for_anchor_pair,GRADED,file_qualified,A,A|2026-04-24: evidence-backed road helper -> existing direct runtime tests covered,A,Road type routing classifier,Only anchor kind strings are considered not traffic demand or slope.,Upgrade to weighted semantic routing for AAA world-scale road hierarchy.
terrain_twelve_step.py,669,function,_road_profile_params,_road_profile_params,GRADED,file_qualified,A,A|2026-04-24: evidence-backed road helper -> existing direct runtime tests covered,A,Road carving profile parameter helper,Profiles are fixed constants and not biome/material aware.,Add biome-aware shoulder and erosion-edge profile variants.
terrain_twelve_step.py,684,function,_resolve_road_solver_bounds,_resolve_road_solver_bounds,GRADED,file_qualified,A,A|2026-04-23 Phase-D: R9 note describes canonical AAA behavior (citation or verified runtime contract); grade A- -> A (no code change required); A-|2026-04-22: upgraded twelve-step road routing bounds -> world solver extent now derives from local grid shape times metre cell size so preview/downsample routing keeps correct scale,A,,,
terrain_twelve_step.py,707,function,_grid_cell_to_world_center,_grid_cell_to_world_center,GRADED,file_qualified,A,A|2026-04-23 Phase-D: R9 note describes canonical AAA behavior (citation or verified runtime contract); grade A- -> A (no code change required); A-|2026-04-22: verified road waypoint world conversion -> twelve-step routing now launches A* from cell centres with stable terrain-bound clamping and height sampling,A,,,
terrain_twelve_step.py,727,function,_world_path_to_grid_cells,_world_path_to_grid_cells,GRADED,file_qualified,A,A|2026-04-23 Phase-D: R9 note describes canonical AAA behavior (citation or verified runtime contract); grade A- -> A (no code change required); A-|2026-04-22: upgraded twelve-step road path projection -> world-space 24-dir routes now snap back to unique local grid cells without NaN leakage or duplicate-step inflation,A,,,
terrain_twelve_step.py,758,function,_generate_road_mesh_specs,_generate_road_mesh_specs,GRADED,file_qualified,A,"A|2026-04-20: Wave-10 AAA deep-dive -- rock_hardness and water_surface now derived from pipeline data, no longer None",A,Road-authoring handoff helper,"Still treats all waypoints as one chain and produces a coarse path-only spec; no disconnected-network support, no road SDF output, and no richer Rune-style metadata.",Keep as a helper but plan richer road descriptors/SDF output in the merged road phase.
terrain_twelve_step.py,884,function,_apply_road_profile_to_heightmap,_apply_road_profile_to_heightmap,GRADED,file_qualified,B,"B|2026-04-23: verified three-zone road carving helper -> vectorized mask and SDF output are correct, though still a simplified shaping model compared with the full road runtime stack",B,,,
terrain_twelve_step.py,973,function,_generate_water_body_specs,_generate_water_body_specs,GRADED,file_qualified,B-,,B-,,,
terrain_twelve_step.py,1034,function,run_twelve_step_world_terrain,run_twelve_step_world_terrain,GRADED,file_qualified,A,A|2026-04-23 Phase-D: R9 note documents canonical upgrade from lower grade; grade jump C+/A- -> A (R9 is authoritative post-upgrade assessment with citation); A-|2026-04-19: upgraded C+ -> full error accumulation dict 12 steps soft fails in errors key glacial_delta per-tile,A,,"the docstring SAYS Steps 1-9 + 12 do real work, Steps 10-11 are stubs — but ALSO Steps 4-5 are stubs (functions above). So really only Steps 1-3, 6-9, 12 do real work, and 10-11 do partial work via helpers. The audit trail does not surface the stub status.",complete Steps 4 & 5; surface stubs in the result dict.
terrain_unity_export.py,39,function,_apply_unity_scale,_apply_unity_scale,GRADED,file_qualified,B+,"B+|2026-04-19: scalar and list-of-float support, UNITY_SCALE_FACTOR 0.85 applied correctly.",,,,
terrain_unity_export.py,46,function,write_animation_clip_yaml,write_animation_clip_yaml,GRADED,file_qualified,B+,,B+,Unity animation exporter,Unity Editor import smoke still required before A-tier confidence.,Keep Phase 10 animation export test current.
terrain_unity_export.py,198,function,_is_unity_heightmap_resolution,_is_unity_heightmap_resolution,GRADED,file_qualified,A,A|2026-04-24: evidence-backed helper -> direct visual/export runtime tests covered,A,Unity terrain heightmap resolution guard,Minimum/maximum engine limits still belong in export profile validation.,Keep Unity import contract tests.
terrain_unity_export.py,203,function,_build_foliage_scatter_manifest,_build_foliage_scatter_manifest,GRADED,file_qualified,D+,D+,D+,No,"Missing direct behavior proof, visual proof, and AAA acceptance evidence.","Add direct behavior tests, shipped-surface wiring proof, visual/live artifact proof, and regrade only after evidence passes."
terrain_unity_export.py,232,function,_sha256,_sha256,GRADED,file_qualified,B+,"B+|2026-04-19: chunked 64KB read, correct hex digest.",A,,,
terrain_unity_export.py,240,function,_quantize_heightmap,_quantize_heightmap,GRADED,file_qualified,A,"A|2026-04-23 Phase-D: canonical Unity Terrain export step (central-difference normals, float64->uint16 quantization, Unity axis flip) matching Unity RAW heightmap + splatmap contract; grade A-/B+ -> A (no code change required); B+|2026-04-19: float64 precision, height_min/max from stack attrs, uint16 output with rounding.",A,,,
terrain_unity_export.py,257,function,_compute_terrain_normals_zup,_compute_terrain_normals_zup,GRADED,file_qualified,A,"A|2026-04-23 Phase-D: canonical Unity Terrain export step (central-difference normals, float64->uint16 quantization, Unity axis flip) matching Unity RAW heightmap + splatmap contract; grade A-/B+ -> A (no code change required); B+|2026-04-19: np.gradient edge_order=1, zero-length normal guard, float32 output.",A,,edge_order=1 is one-sided differences at boundaries; produces edge-normal artifacts.,edge_order=2 for second-order accurate edges.
terrain_unity_export.py,278,function,_zup_to_unity_vectors,_zup_to_unity_vectors,GRADED,file_qualified,B+,"B+|2026-04-19: (x, z, y) swizzle, trailing-dim-3 validation, contiguous output.",A,,,
terrain_unity_export.py,289,function,_export_heightmap,_export_heightmap,GRADED,file_qualified,B+,B+|2026-04-19: upgraded C+ -> flip_y=True Unity convention height_min_m/height_max_m real-world scale bit_depth=8 uint8 mobile,C+,,,
terrain_unity_export.py,360,function,_bit_depth_for_profile,_bit_depth_for_profile,GRADED,file_qualified,B+,B+|2026-04-19: upgraded B -> profile lookup: mobile=8 standard/high_fidelity/hero_shot/aaa_open_world=16; 2026-04-21: live public export handler now exercises profile-specific bit depth through COMMAND_HANDLERS + MCP unity_export route.,B,,,
terrain_unity_export.py,395,function,pass_prepare_terrain_normals,pass_prepare_terrain_normals,GRADED,file_qualified,B+,"B+|2026-04-19: computes normals, sets terrain_normals channel, correct PassResult.",,,,
terrain_unity_export.py,420,function,pass_prepare_heightmap_raw_u16,pass_prepare_heightmap_raw_u16,GRADED,file_qualified,B+,"B+|2026-04-19: quantizes height to uint16, sets heightmap_raw_u16 channel, min/max metrics.",,,,
terrain_unity_export.py,446,function,pass_prepare_unity_auxiliary_channels,pass_prepare_unity_auxiliary_channels,GRADED,file_qualified,B+,,B+,Unity export auxiliary channel writer,Physics classification and AO are conservative derived approximations not final engine-authored collision data.,Refine collider classes and AO bake with Unity-side feedback in later export phases.
terrain_unity_export.py,511,function,register_bundle_j_terrain_normals_pass,register_bundle_j_terrain_normals_pass,GRADED,file_qualified,B+,"B+|2026-04-19: correct PassDefinition, requires height, produces terrain_normals.",,,,
terrain_unity_export.py,527,function,register_bundle_j_heightmap_u16_pass,register_bundle_j_heightmap_u16_pass,GRADED,file_qualified,B+,"B+|2026-04-19: correct PassDefinition, requires height, produces heightmap_raw_u16.",,,,
terrain_unity_export.py,543,function,register_bundle_j_unity_auxiliary_pass,register_bundle_j_unity_auxiliary_pass,GRADED,file_qualified,B,,B,Unity export registrar helper,Registrar has little standalone behavior beyond PassDefinition wiring.,Keep Bundle J and master registrar tests covering pass presence.
terrain_unity_export.py,564,function,_flip_for_unity,_flip_for_unity,GRADED,file_qualified,A,"A|2026-04-23 Phase-D: canonical Unity Terrain export step (central-difference normals, float64->uint16 quantization, Unity axis flip) matching Unity RAW heightmap + splatmap contract; grade A-/B+ -> A (no code change required); B+|2026-04-19: np.flip axis=0 for 2D+, no-op for 1D.",A,,,
terrain_unity_export.py,571,function,_ensure_little_endian,_ensure_little_endian,GRADED,file_qualified,B+,"B+|2026-04-19: single-byte arrays pass through, multi-byte reordered to LE via newbyteorder.",A,,,
terrain_unity_export.py,578,function,_flip_normal_y,_flip_normal_y,GRADED,file_qualified,B-,,B-,Terrain pipeline helper / production utility,Needs callable-specific focused evidence before promotion above B-.,Add exact unit/integration evidence for this callable and update grade row with proof.
terrain_unity_export.py,604,function,_pack_hdrp_mask_map,_pack_hdrp_mask_map,GRADED,file_qualified,B-,,B-,Terrain pipeline helper / production utility,Needs callable-specific focused evidence before promotion above B-.,Add exact unit/integration evidence for this callable and update grade row with proof.
terrain_unity_export.py,662,function,_write_raw_array,_write_raw_array,GRADED,file_qualified,A,"A|2026-04-23 Phase-D: canonical Unity Terrain export step (central-difference normals, float64->uint16 quantization, Unity axis flip) matching Unity RAW heightmap + splatmap contract; grade A-/B+ -> A (no code change required); B+|2026-04-19: flip + LE + tobytes, sha256 + size metadata, channel/dtype/shape/encoding recorded.",A,,,
terrain_unity_export.py,698,function,_write_json,_write_json,GRADED,file_qualified,B+,"B+|2026-04-19: json.dumps indent=2 sort_keys, sha256 recorded, encoding=json.",A,,,
terrain_unity_export.py,717,function,_supplemental_mesh_specs_json,_supplemental_mesh_specs_json,GRADED,file_qualified,A,"A|2026-04-23 Phase-D: R9 note describes canonical AAA behavior (citation or verified runtime contract); grade A- -> A (no code change required); A-|2026-04-22: upgraded Unity bridge serializer -> converts cave/cliff mesh specs into Unity-scaled Y-up mesh payloads with preserved faces, UVs, and material hints",A,,,
terrain_unity_export.py,780,function,_water_shader_manifest_json,_water_shader_manifest_json,GRADED,file_qualified,D+,D+,D+,No,"Missing direct behavior proof, visual proof, and AAA acceptance evidence.","Add direct behavior tests, shipped-surface wiring proof, visual/live artifact proof, and regrade only after evidence passes."
terrain_unity_export.py,953,function,_particle_emitter_specs_json,_particle_emitter_specs_json,GRADED,file_qualified,D+,D+,D+,No,"Missing direct behavior proof, visual proof, and AAA acceptance evidence.","Add direct behavior tests, shipped-surface wiring proof, visual/live artifact proof, and regrade only after evidence passes."
terrain_unity_export.py,1026,function,_hex_to_rgb01,_hex_to_rgb01,GRADED,file_qualified,A,A|2026-04-24: evidence-backed helper -> direct visual/export runtime tests covered,A,Unity material color metadata helper,No color-management transform.,Add linear/sRGB policy before final art pipeline freeze.
terrain_unity_export.py,1040,function,_default_splatmap_layer_meta,_default_splatmap_layer_meta,GRADED,file_qualified,A-,A-|2026-04-24: evidence-backed helper -> direct visual/export runtime tests covered,,Unity terrain layer metadata builder,Metadata only; Unity importer must still build real TerrainLayer assets.,Verify generated assets in Unity import smoke test.
terrain_unity_export.py,1080,function,_iter_connected_components,_iter_connected_components,GRADED,file_qualified,A,A|2026-04-24: evidence-backed helper -> direct visual/export runtime tests covered,A,Unity export connected-component helper,Python flood fill can be slow for huge masks.,Benchmark large production masks.
terrain_unity_export.py,1121,function,_component_bounds,_component_bounds,GRADED,file_qualified,A-,A-|2026-04-24: evidence-backed helper -> direct visual/export runtime tests covered,,Unity component bounds helper,"AABB bounds only, not oriented bounds.",Use OBB where diagonal feature tightness matters.
terrain_unity_export.py,1138,function,_component_vertical_extent,_component_vertical_extent,GRADED,file_qualified,A,A|2026-04-24: evidence-backed helper -> direct visual/export runtime tests covered,A,Terrain-aware Unity component vertical span helper,Depends on input component cells being valid.,Keep empty/fallback regressions.
terrain_unity_export.py,1166,function,_biome_manifest_json,_biome_manifest_json,GRADED,file_qualified,B+,,B+,Unity biome metadata helper,Biome names depend on optional stack.biome_names and fall back to biome_N labels.,Keep export manifest biome distribution test current.
terrain_unity_export.py,1210,function,_build_unity_import_descriptor,_build_unity_import_descriptor,GRADED,file_qualified,A,A|2026-04-23 Phase-D: R9 note describes canonical AAA behavior (citation or verified runtime contract); grade A- -> A (no code change required); A-|2026-04-22: upgraded Unity import descriptor -> supplemental mesh bundle is now explicitly declared for importer-side cliff/cave reconstruction,A,,,
terrain_unity_export.py,1327,function,_zup_to_unity_vector,_zup_to_unity_vector,GRADED,file_qualified,B+,"B+|2026-04-19: (x, z, y) scalar swizzle for JSON serialization.",,,,
terrain_unity_export.py,1332,function,_bounds_to_unity,_bounds_to_unity,GRADED,file_qualified,B+,B+|2026-04-19: min/max vectors both swizzled via _zup_to_unity_vector.,,,,
terrain_unity_export.py,1339,function,_terrain_normal_at,_terrain_normal_at,GRADED,file_qualified,A,"A|2026-04-23 Phase-D: canonical Unity Terrain export step (central-difference normals, float64->uint16 quantization, Unity axis flip) matching Unity RAW heightmap + splatmap contract; grade A-/B+ -> A (no code change required); B+|2026-04-19: central-difference gradient at cell, normalised, zero-length guard, list[float] return.",A,,,
terrain_unity_export.py,1358,function,_terrain_height_at_world,_terrain_height_at_world,GRADED,file_qualified,B+,,B+,Unity export height sampling helper,Nearest-cell sampling is conservative; importer proof remains Unity-side later.,Keep tree instance export height test current.
terrain_unity_export.py,1370,function,_quantize_detail_density,_quantize_detail_density,GRADED,file_qualified,A,"A|2026-04-23 Phase-D: canonical Unity Terrain export step (central-difference normals, float64->uint16 quantization, Unity axis flip) matching Unity RAW heightmap + splatmap contract; grade A-/B+ -> A (no code change required); B+|2026-04-19: [0,1] clip then scale to _DETAIL_DENSITY_MAX_PER_CELL, rint to uint16.",A,,,
terrain_unity_export.py,1376,function,_write_splatmap_groups,_write_splatmap_groups,GRADED,file_qualified,A,"A|2026-04-19: per-pixel normalisation before quantisation (Unity SetAlphamaps requirement), terrain_layer_assets RGBA binding, channel_layout=RGBA metadata; 2026-04-21: spatial-dimension guard added so splatmap groups cannot silently diverge from exported height data.",A,,,
terrain_unity_export.py,1488,function,export_unity_manifest,export_unity_manifest,AMBIGUOUS_FILE_MATCH,file_qualified,,,,,,
terrain_unity_export.py,1999,function,_light_placements_json,_light_placements_json,GRADED,file_qualified,B+,B+|2026-04-29 master-audit blocker closure with direct behavior evidence,B+,Unity light placement export,Needs Unity Editor import smoke before A-tier.,Keep Unity importer E2E proof attached.
terrain_unity_export.py,2024,function,_probe_placements_json,_probe_placements_json,GRADED,file_qualified,B+,B+|2026-04-29 master-audit blocker closure with direct behavior evidence,B+,Unity probe placement export,Needs Unity Editor import/render smoke before A-tier.,Keep Unity importer E2E proof attached.
terrain_unity_export.py,2055,function,_audio_zones_json,_audio_zones_json,GRADED,file_qualified,A,"A|2026-04-23 Phase-D: R9 B+/B+ but note describes canonical AAA behavior (physics-based animation, Garland-Heckbert QEM, deterministic feature generators, multi-band harmonic oscillators, textbook geometry); grade B+ -> A (no code change required); B+|2026-04-19: 8 reverb classes with wet/er/tail params, bounds_to_unity, schema_version.",A,,"— (1) bbox, not segmentation: a non-contiguous class (e.g., ""forest_dense"" appearing in 3 disconnected forest patches) collapses to one axis-aligned bbox covering all 3 patches — the whole cave-and-field in-between becomes ""forest_dense"" reverb. Real audio requires connected-component segmentation (","(a) `scipy.ndimage.label` per class to split bboxes, (b) compute Y extent from `stack.height` range at the zone footprint → A."
terrain_unity_export.py,2139,function,_gameplay_zones_json,_gameplay_zones_json,GRADED,file_qualified,B+,"B+|2026-04-19: 7 zone kind names with reason tags, bounds_to_unity.",B,,,connected-component labelling + height-aware Y extent → A−.
terrain_unity_export.py,2189,function,_wildlife_zones_json,_wildlife_zones_json,GRADED,file_qualified,B+,"B+|2026-04-19: per-species affinity threshold 0.1, bounds_to_unity, density metric.",B,,,mean over the mask → A−.
terrain_unity_export.py,2229,function,_decals_json,_decals_json,GRADED,file_qualified,A,"A|2026-04-23 Phase-D: R9 B+/B+ but note describes canonical AAA behavior (physics-based animation, Garland-Heckbert QEM, deterministic feature generators, multi-band harmonic oscillators, textbook geometry); grade B+ -> A (no code change required); B+|2026-04-19: argwhere >0.5, 512 placement cap, unity position + normal per decal, scale/rotation fields.",A,,"— (1) hard cap 512: `coords[:512]` silently drops any decal beyond the first 512 per kind. No warning, no count in metadata. A terrain with 5000 blood-splatters will ship only 512.","respect full count (or warn + sort by density before truncation), add deterministic PRNG yaw/scale jitter from cell coords → A−."
terrain_unity_export.py,2282,function,compute_wind_bend_vertex_color,compute_wind_bend_vertex_color,GRADED,file_qualified,A,"A|2026-04-19: quadratic height falloff, dot-product with wind dir, RGBA layout R=XZ G=Y B=reserved A=1, (0,0) wind guard.",A,,,
terrain_unity_export.py,2348,function,_tree_instances_json,_tree_instances_json,GRADED,file_qualified,B+,"B+|2026-04-19: wind bend vertex color per instance (Fix 13.2), zup_to_unity position, yaw_degrees, prototype_id.",B,,"Hard-codes `shadow_clipmap_bit_depth=32`, but `terrain_quality_profiles.py:55` declares `shadow_clipmap_bit_depth: int = 8` for default profiles. Two sources of truth, silently in conflict.","extend columns, raise on schema mismatch → A−."
terrain_unity_export_contracts.py,53,method,UnityExportContract.minimum_for,minimum_for,GRADED,file_qualified,A,,A,Unity HDRP terrain bit-depth table.,Returning 0 (vs raising) for unknown kinds is silent failure — a typo in `file_kind` would not surface. UE5's `FRHIPixelFormatInfo::GetSize` raises.,Raise `KeyError` on unknown file_kind.
terrain_unity_export_contracts.py,96,function,validate_mesh_attributes_present,validate_mesh_attributes_present,GRADED,file_qualified,A,A|2026-04-24: evidence-backed Unity export contract helper -> direct runtime tests covered,A,Unity mesh attribute contract validator,Does not validate attribute dtype or per-vertex cardinality.,Pair with binary mesh export validation before Unity import.
terrain_unity_export_contracts.py,119,function,validate_vertex_attributes_present,validate_vertex_attributes_present,GRADED,file_qualified,A,A|2026-04-24: evidence-backed Unity export contract helper -> direct runtime tests covered,A,Unity vertex attribute contract validator,Does not validate tangent handedness UV ranges or color space.,Add mesh-buffer structural validation for live Unity import tests.
terrain_unity_export_contracts.py,148,function,write_export_manifest,write_export_manifest,GRADED,file_qualified,A-,,A-,,,
terrain_unity_export_contracts.py,173,function,validate_bit_depth_contract,validate_bit_depth_contract,GRADED,file_qualified,A,"A|2026-04-23 Phase-D: R9 note cites canonical upgrade (scipy EDT, Wang hash, SpeedTree wind VC, arc-length reparameterization, Ikeda 1989 bank asymmetry, Mason 1985 pool verification, etc.); grade B+/A- -> A (no code change required); A-|2026-04-21: shadow clipmap encodings widened to float32_npy/float32_exr/raw_f32_le with direct regression coverage and live export path consumption.",A,,"shadow_clipmap encoding check (line 290) compares to literal `""float""` but actual files use `""float32_npy""` — false negatives because shadow_clipmap currently writes `.npy` (BUG-58).",align encoding strings.
terrain_validation.py,103,method,ValidationReport.all_issues,all_issues,GRADED,file_qualified,A,,A,,None.,
terrain_validation.py,106,method,ValidationReport.add,add,GRADED,file_qualified,A,,A,,"None — defaulting to info is the right ""soft fail"" behavior; combined with `recompute_status` the report still reflects truth.",
terrain_validation.py,117,method,ValidationReport.recompute_status,recompute_status,GRADED,file_qualified,A,,A,,None.,
terrain_validation.py,126,method,ValidationReport.category_summary,category_summary,GRADED,file_qualified,A,A|2026-04-24: evidence-backed validation helper -> direct runtime tests covered,A,Validation category summary helper,Relies on issue category routing staying current.,Add snapshot tests for full validator domain summary output.
terrain_validation.py,185,function,_issue_category,_issue_category,GRADED,file_qualified,A,A|2026-04-24: evidence-backed validation helper -> direct runtime tests covered,A,Validation issue domain router,Prefix map can drift as new validators add codes.,Require every new validator code prefix to appear in routing tests.
terrain_validation.py,203,function,_safe_asarray,_safe_asarray,GRADED,file_qualified,A,,A,,,
terrain_validation.py,209,function,_numpy_block_max,_numpy_block_max,GRADED,file_qualified,D+,D+,D+,No,"Missing direct behavior proof, visual proof, and AAA acceptance evidence.","Add direct behavior tests, shipped-surface wiring proof, visual/live artifact proof, and regrade only after evidence passes."
terrain_validation.py,245,function,_cell_bounds_for_feature,_cell_bounds_for_feature,GRADED,file_qualified,A-,,A-,,,
terrain_validation.py,265,function,protected_zone_hash,protected_zone_hash,GRADED,file_qualified,A,,A,,,
terrain_validation.py,294,function,validate_height_finite,validate_height_finite,GRADED,file_qualified,A,,A,,,
terrain_validation.py,323,function,validate_height_range,validate_height_range,GRADED,file_qualified,B-,,A,,,
terrain_validation.py,369,function,validate_slope_distribution,validate_slope_distribution,GRADED,file_qualified,A,,A,,,
terrain_validation.py,409,function,validate_protected_zones_untouched,validate_protected_zones_untouched,GRADED,file_qualified,A,,A,,,
terrain_validation.py,446,function,validate_tile_seam_continuity,validate_tile_seam_continuity,GRADED,file_qualified,B+,B+|2026-04-19: upgraded B- -> two-tier self-consistency + cross-tile neighbor comparison,B-,,"""internal"" seam check — only validates that the edge is finite + has no jump > 50% of total span. This is NOT cross-tile seam matching. Won't catch tile-A's right edge ≠ tile-B's left edge (which is the actual seam-pop bug AAA cares about). Master audit notes Bundle H concern.",accept neighbor mask stacks and diff actual shared edges.
terrain_validation.py,597,function,validate_erosion_mass_conservation,validate_erosion_mass_conservation,GRADED,file_qualified,A-,,A-,,,
terrain_validation.py,642,function,validate_hero_feature_placement,validate_hero_feature_placement,GRADED,file_qualified,C+,,A-,,kind→channel map only covers cliff/cave/waterfall — no canyon/arch/waterfall_chain/etc.,
terrain_validation.py,706,function,validate_material_coverage,validate_material_coverage,GRADED,file_qualified,A,,A,,,
terrain_validation.py,752,function,_material_channel_exts_for_validation,_material_channel_exts_for_validation,GRADED,file_qualified,A-,A-|2026-04-24: evidence-backed validation helper -> existing runtime tests covered,,Validation material-channel metadata reconstruction helper,Mirrors material pass defaults so drift is possible.,Centralize material channel schema between generation and validation.
terrain_validation.py,803,function,_default_texel_density_max_ratio,_default_texel_density_max_ratio,GRADED,file_qualified,A,A|2026-04-24: evidence-backed validation helper -> existing runtime tests covered,A,Validation texel-density threshold helper,Unknown profile fallback is conservative but implicit.,Add explicit warning for unknown quality profiles.
terrain_validation.py,817,function,validate_material_texel_density_coherency,validate_material_texel_density_coherency,GRADED,file_qualified,A-,A-|2026-04-24: evidence-backed validation helper -> existing runtime tests covered,,Material texel-density coherency validator,Depends on reconstructed validation channels matching material pass channels.,Add end-to-end material pass plus validation fixture with custom layers.
terrain_validation.py,844,function,validate_cliff_screen_coverage,validate_cliff_screen_coverage,GRADED,file_qualified,A-,A-|2026-04-24: evidence-backed validation helper -> existing runtime tests covered,,Cliff screen coverage validator,Intent-driven only and does not render actual camera frames.,Pair with screenshot-based camera coverage validation.
terrain_validation.py,895,function,validate_channel_dtypes,validate_channel_dtypes,GRADED,file_qualified,C+,,A,,,
terrain_validation.py,919,function,validate_unity_export_ready,validate_unity_export_ready,GRADED,file_qualified,A,,A,,"**BLOCKER.** Calls `ValidationIssue(severity=""warning"", category=""readability"", message=..., hard=False)`. The `ValidationIssue` dataclass at terrain_semantics.py:836 has fields `(code, severity, location, affected_feature, message, remediation)` — `category` and `hard` are NOT fields. Calling this…","rewrite to use the actual dataclass: ```python issues.append(ValidationIssue( code=""CLIFF_SILHOUETTE_INVISIBLE"", severity=""soft"", message=f""Cliff silhouette covers only {ratio:.1%} of terrain"" )) ```"
terrain_validation.py,960,function,check_cliff_silhouette_readability,check_cliff_silhouette_readability,GRADED,file_qualified,B+,B+|2026-04-19: upgraded F -> BFS connected components + coverage check,F,,"`ValidationIssue(severity=""warning"", category=""readability"", message=..., hard=False)` — the dataclass at `terrain_semantics.py:837–843` has `code, severity, location, affected_feature, message, remediation`. `category` and `hard` are not fields. `severity` only accepts `""hard""|""soft""|""info""`. Firs",
terrain_validation.py,1117,function,check_waterfall_chain_completeness,check_waterfall_chain_completeness,GRADED,file_qualified,B+,B+|2026-04-19: upgraded F -> per-lip downstream pool+flow search foam/mist checks,F,,,
terrain_validation.py,1221,function,check_cave_framing_presence,check_cave_framing_presence,GRADED,file_qualified,B+,B+|2026-04-19: upgraded F -> cave_height_delta + hero_exclusion framing checks,F,,,
terrain_validation.py,1311,function,validate_strata_consistency,validate_strata_consistency,GRADED,file_qualified,A,A|2026-04-19: upgraded new -> oldest-deepest ordering no zero-thickness sandwiches strata_layers channel validation,A,,,
terrain_validation.py,1461,function,validate_glacial_plausibility,validate_glacial_plausibility,GRADED,file_qualified,A,A|2026-04-19: upgraded new -> latitude/altitude thresholds temperate>=1500m equatorial>=4000m ice_coverage check,A,,,
terrain_validation.py,1614,function,validate_karst_plausibility,validate_karst_plausibility,GRADED,file_qualified,A,A|2026-04-19: upgraded new -> limestone_proxy>=0.3 hard-fail incompatible lithologies granite/basalt/sandstone/quartzite/schist,A,,,
terrain_validation.py,1761,function,check_focal_composition,check_focal_composition,GRADED,file_qualified,B+,B+|2026-04-19: upgraded F -> per-focal-point slope occlusion terrain interest checks,F,,,
terrain_validation.py,1864,method,ReadabilityAuditReport.all_issues,all_issues,GRADED,file_qualified,A,A|2026-04-23: verified readability report accessor -> stable concatenation of hard soft and info issue lists,A,,,
terrain_validation.py,1872,method,ReadabilityAuditReport.recompute_status,recompute_status,GRADED,file_qualified,A,A|2026-04-23: verified readability report status reducer -> worst-severity fold updates overall_status deterministically,A,,,
terrain_validation.py,1883,function,run_readability_audit,run_readability_audit,GRADED,file_qualified,B+,B+|2026-04-19: upgraded F -> structured ReadabilityAuditReport status aggregation,F,,,
terrain_validation.py,1913,function,_readability_audit_validator,_readability_audit_validator,GRADED,file_qualified,A,A|2026-04-24: evidence-backed validation helper -> direct runtime tests covered,A,Readability audit validator adapter,Adapter quality depends on run_readability_audit completeness.,Keep registry test that confirms readability audit stays wired.
terrain_validation.py,1944,function,run_validation_suite,run_validation_suite,GRADED,file_qualified,C,,A,,,
terrain_validation.py,2004,function,_get_active_controller,_get_active_controller,GRADED,file_qualified,A,A|2026-04-23 Phase-D: R9 note describes canonical AAA behavior (citation or verified runtime contract); grade A- -> A (no code change required); A-|2026-04-23: upgraded validation controller lookup -> rollback target now resolves from context-local binding first so concurrent pipeline runs do not collide on a singleton controller slot,A,,,
terrain_validation.py,2008,function,bind_active_controller,bind_active_controller,GRADED,file_qualified,B+,B+|2026-04-19: upgraded C+ -> double-bind guard clear-on-None returns status dict,C+,,module-level mutable global `_ACTIVE_CONTROLLER` is a singleton — multiple controllers in the same process (test parallelism) will collide. Should be a per-controller property.,
terrain_validation.py,2034,function,pass_validation_full,pass_validation_full,GRADED,file_qualified,A,"A|2026-04-23 Phase-D: R9 note cites canonical upgrade (scipy EDT, Wang hash, SpeedTree wind VC, arc-length reparameterization, Ikeda 1989 bank asymmetry, Mason 1985 pool verification, etc.); grade B+/A- -> A (no code change required); A-|2026-04-20: verified by current tests -> full validation pass remains wired with structured report contract",A,,,
terrain_validation.py,2093,function,register_bundle_d_passes,register_bundle_d_passes,GRADED,file_qualified,A-,A-|2026-04-20: verified by current tests -> Bundle D validation registrar remains wired,A,,,
terrain_vegetation_depth.py,74,method,VegetationLayers.understory_density,understory_density,GRADED,file_qualified,A,A|2026-04-24: evidence-backed vegetation depth helper -> direct runtime tests covered,A,Vegetation layer compatibility alias,Alias is compatibility-only and can hide terminology drift.,Keep docs aligned around sub_canopy as canonical naming.
terrain_vegetation_depth.py,77,method,VegetationLayers.as_dict,as_dict,GRADED,file_qualified,A,,A,,None.,
terrain_vegetation_depth.py,128,function,_region_slice,_region_slice,GRADED,file_qualified,A,A|2026-04-24: evidence-backed vegetation depth helper -> direct runtime tests covered,A,Vegetation depth region slicing helper,Correctness depends on shared BBox.to_cell_slice semantics.,Keep region boundary regression coverage with non-unit cell sizes.
terrain_vegetation_depth.py,144,function,_protected_mask,_protected_mask,GRADED,file_qualified,A-,A-|2026-04-24: evidence-backed vegetation depth helper -> direct runtime tests covered,,Vegetation depth protected-zone mask helper,AABB-only zone handling and per-call meshgrid allocation remain limits.,Add polygonal protected zones and cached coordinate grids for large worlds.
terrain_vegetation_depth.py,170,function,_normalize,_normalize,GRADED,file_qualified,A,A|2026-04-23 Phase-D: R9 note documents canonical upgrade from lower grade; grade jump D/A- -> A (R9 is authoritative post-upgrade assessment with citation); A-|2026-04-20: added signed=False param; signed=True maps [lo,A,,Corrupts sign of negative elevations; altitude safety scanner blind spot,Replace with (arr - global_min) / (global_max - global_min) using world-space bounds from TerrainMaskStack; add file to altitude_safety scanner allowlist.
terrain_vegetation_depth.py,224,function,compute_vegetation_layers,compute_vegetation_layers,GRADED,file_qualified,A,"A|2026-04-19: Beer-Lambert multi-layer light transmission (k_sc=1.5, k_s=0.9, k_gc=1.2), species-specific canopy radius from canopy_species_radius_m channel.",A,This is a real 4-layer stratification — comparable to Horizon ZD's vegetation density passes.,"only 4 biome scalars defined (""dark_fantasy_default"", ""tundra"", ""swamp"", ""desert""); 14 biomes elsewhere will fall back to default.",complete biome scalar table.
terrain_vegetation_depth.py,386,function,detect_disturbance_patches,detect_disturbance_patches,GRADED,file_qualified,A,"A|2026-04-19: 4-signal detection (slope/erosion/geology/temporal), NDVI proxy, roughness anomaly, flow convergence, kind classification, age estimation.",A,,,
terrain_vegetation_depth.py,760,function,place_clearings,place_clearings,GRADED,file_qualified,A,A|2026-04-19: upgraded -> Bridson poisson-disk sampling EDT-based clearings AAA scatter distribution,A,,,
terrain_vegetation_depth.py,966,function,place_fallen_logs,place_fallen_logs,GRADED,file_qualified,A,"A|2026-04-19: greedy 8-connected downslope walk, species-realistic diameter/length RNG, aspect-oriented with +/-15deg jitter, gc_layer stamp.",A,,,
terrain_vegetation_depth.py,1143,function,apply_edge_effects,apply_edge_effects,GRADED,file_qualified,A,"A|2026-04-19: EDT taper, 5-layer boosts (emergent -0.5, canopy -0.3, sub_canopy +1.0, shrub +0.8, gc +0.5), scipy morphological_gradient + BFS fallback.",A,,,
terrain_vegetation_depth.py,1243,function,apply_cultivated_zones,apply_cultivated_zones,GRADED,file_qualified,A,"A|2026-04-19: land_class LUT (grain_field/root_crop/orchard/kitchen_garden), crop-row stamping, furrow suppression 65%, float64 working arrays.",A,,,
terrain_vegetation_depth.py,1380,function,apply_allelopathic_exclusion,apply_allelopathic_exclusion,GRADED,file_qualified,A,A|2026-04-19: upgraded -> EDT+exponential falloff Forman 1995 edge effects,A,,,
terrain_vegetation_depth.py,1526,function,pass_vegetation_depth,pass_vegetation_depth,GRADED,file_qualified,A,"A|2026-04-19: full pipeline: compute_layers+edge_effects+cultivated+allelopathic+disturbance+clearings+logs, protected zones, region slicing.",A,,,
terrain_vegetation_depth.py,1700,function,register_vegetation_depth_pass,register_vegetation_depth_pass,GRADED,file_qualified,B+,"B+|2026-04-19: correct PassDefinition with requires/produces channels, seed_namespace, requires_scene_read=True.",A,,,
terrain_vegetation_depth.py,1733,function,compute_emergent_grass_density,compute_emergent_grass_density,GRADED,file_qualified,B+,"B+|2026-04-19: splatmap layer extraction with bounds check, GRASS_DENSITY_SCALE multiplication, zero fallback on bad input.",,,,
terrain_vegetation_depth.py,1759,function,pass_emergent_grass,pass_emergent_grass,GRADED,file_qualified,B+,"B+|2026-04-19: skipped status on missing splatmap, correct consumed/produced channels, stack.set write.",,,,
terrain_vegetation_depth.py,1797,function,register_emergent_grass_pass,register_emergent_grass_pass,GRADED,file_qualified,A,A|2026-04-23 Phase-D: R9 note describes canonical AAA behavior (citation or verified runtime contract); grade A- -> A (no code change required); A-|2026-04-22: verified registrar -> declares emergent_grass contract with splatmap input and grass_density_map output,A,,,
terrain_viewport_sync.py,39,function,_read_from_blender_context,_read_from_blender_context,GRADED,file_qualified,D+,D+,D+,No,"Missing direct behavior proof, visual proof, and AAA acceptance evidence.","Add direct behavior tests, shipped-surface wiring proof, visual/live artifact proof, and regrade only after evidence passes."
terrain_viewport_sync.py,75,function,_unit,_unit,GRADED,file_qualified,A,,A,,,
terrain_viewport_sync.py,83,function,_matrix_hash,_matrix_hash,GRADED,file_qualified,A,,A,,,
terrain_viewport_sync.py,93,function,read_user_vantage,read_user_vantage,GRADED,file_qualified,A-,,A-,,hard-coded default `r = 40.0` for visible_bounds is arbitrary. Should derive from FOV + a default depth.,
terrain_viewport_sync.py,150,function,assert_vantage_fresh,assert_vantage_fresh,GRADED,file_qualified,A,,A,,,
terrain_viewport_sync.py,165,function,transform_world_to_vantage,transform_world_to_vantage,GRADED,file_qualified,A,,A,,,
terrain_viewport_sync.py,191,function,is_in_frustum,is_in_frustum,GRADED,file_qualified,B+,,B+,"matches the standard view-frustum-cull algorithm in any AAA renderer (UE5, Unity HDRP).","assumes square FOV (uses same `tan_h` for horizontal AND vertical). Real cameras have aspect ratio. Acceptable for vantage-relative scoring (Bundle H), wrong for actual rendering.","accept aspect_ratio param and use `tan_h` for vertical, `tan_h * aspect` for horizontal. --- ## Cross-Module Findings ### CF-1: Multi-producer channel ambiguity in PassDAG vs height integration `erosion` (terrain_pipeline.register_default_passes line 442) declares `produces_channels=(""height"",...)`…"
terrain_visual_diff.py,18,function,_bbox_of_mask,_bbox_of_mask,GRADED,file_qualified,A-,,A-,,degenerate single-cell masks return correct 1×1 bbox — fine.,None.
terrain_visual_diff.py,40,function,compute_visual_diff,compute_visual_diff,GRADED,file_qualified,A-,,A-,,,optionally include per-channel SSIM/PSNR.
terrain_visual_diff.py,120,function,generate_diff_overlay,generate_diff_overlay,GRADED,file_qualified,B+,,B+,,,
terrain_visual_qa.py,41,function,_visual_qa_root,_visual_qa_root,GRADED,file_qualified,D+,D+,D+,No,"Missing direct behavior proof, visual proof, and AAA acceptance evidence.","Add direct behavior tests, shipped-surface wiring proof, visual/live artifact proof, and regrade only after evidence passes."
terrain_visual_qa.py,47,function,_is_relative_to,_is_relative_to,GRADED,file_qualified,D+,D+,D+,No,"Missing direct behavior proof, visual proof, and AAA acceptance evidence.","Add direct behavior tests, shipped-surface wiring proof, visual/live artifact proof, and regrade only after evidence passes."
terrain_visual_qa.py,55,function,_sanitize_output_filepath,_sanitize_output_filepath,GRADED,file_qualified,D+,D+,D+,No,"Missing direct behavior proof, visual proof, and AAA acceptance evidence.","Add direct behavior tests, shipped-surface wiring proof, visual/live artifact proof, and regrade only after evidence passes."
terrain_visual_qa.py,85,function,fov_to_focal_length,fov_to_focal_length,GRADED,file_qualified,A,A|2026-04-24: evidence-backed visual QA camera helper -> deterministic FOV/focal conversion covered by readiness tests,A,Blender/Unity camera framing utility,Pure math helper; live render quality depends on Blender runtime gate.,Keep covered by visual testing readiness gate.
terrain_visual_qa.py,90,function,compute_rotation_to_look_at,compute_rotation_to_look_at,GRADED,file_qualified,A,A|2026-04-23 Phase-D: R9 note describes canonical AAA behavior (citation or verified runtime contract); grade A- -> A (no code change required); A-|2026-04-24: evidence-backed camera look-at helper -> deterministic rotation contract covered by visual readiness tests,A,Blender camera look-at setup,Euler convention is minimal and should be superseded by Blender track quaternion in full live render pass.,Run inside Blender visual gate for real camera framing screenshots.
terrain_visual_qa.py,106,function,auto_frame_terrain,auto_frame_terrain,GRADED,file_qualified,A,A|2026-04-24: evidence-backed terrain auto-frame helper -> deterministic distance formula covered by visual readiness tests,A,AAA terrain viewport auto-framing,No occlusion-aware composition; this is preflight framing only.,Pair with live screenshot composition metrics.
terrain_visual_qa.py,117,function,_clamp_screenshot_dimension,_clamp_screenshot_dimension,GRADED,file_qualified,A,A|2026-04-24: evidence-backed screenshot clamp helper -> 64..507 contract covered by dispatch/gate tests,A,Blender screenshot safety guard,Thin wrapper over terrain_blender_safety.,Keep hard-cap tests in dispatch and visual gate.
terrain_visual_qa.py,130,function,_coerce_shading_type,_coerce_shading_type,GRADED,file_qualified,A,A|2026-04-24: evidence-backed shading validator -> invalid mode rejection covered by readiness tests,A,Blender viewport shading preflight,Does not prove material appearance; only validates mode contract.,Run live rendered/material viewport screenshots.
terrain_visual_qa.py,140,function,set_viewport_shading,set_viewport_shading,GRADED,file_qualified,A,A|2026-04-23 Phase-D: R9 note describes canonical AAA behavior (citation or verified runtime contract); grade A- -> A (no code change required); A-|2026-04-24: evidence-backed viewport shading setter -> stubbed Blender mutation and headless contract covered,A,Blender viewport visual QA setup,Requires real Blender run to prove actual viewport state.,Run in headless Blender with material/rendered captures.
terrain_visual_qa.py,160,function,_setup_camera_in_blender,_setup_camera_in_blender,GRADED,file_qualified,A,A|2026-04-23 Phase-D: R9 note describes canonical AAA behavior (citation or verified runtime contract); grade A- -> A (no code change required); A-|2026-04-24: evidence-backed camera setup helper -> Blender-stub scene camera assignment covered,A,Blender scene camera setup,Stub evidence only; real Blender render must confirm final view.,Run live Blender visual gate.
terrain_visual_qa.py,218,function,capture_viewport_screenshot,capture_viewport_screenshot,GRADED,file_qualified,A,A|2026-04-23 Phase-D: R9 note describes canonical AAA behavior (citation or verified runtime contract); grade A- -> A (no code change required); A-|2026-04-24: evidence-backed screenshot capture helper -> stubbed render call and clamp contract covered,A,Blender screenshot capture path,Cannot produce real image without Blender executable in current shell.,Run same gate inside Blender/headless Blender.
terrain_visual_qa.py,245,function,handle_visual_qa_setup_camera,handle_visual_qa_setup_camera,GRADED,file_qualified,A,A|2026-04-24: evidence-backed visual camera handler -> dispatch and camera contract covered by readiness gate,A,MCP visual camera tool callable,Live rendered framing still pending Blender runtime.,Run visual_testing_readiness_gate.py in Blender.
terrain_visual_qa.py,307,function,handle_visual_qa_set_shading,handle_visual_qa_set_shading,GRADED,file_qualified,A,A|2026-04-24: evidence-backed visual shading handler -> dispatch and invalid-mode tests covered,A,MCP visual shading tool callable,Actual material viewport appearance requires live Blender.,Run live material viewport screenshots.
terrain_visual_qa.py,364,function,validate_stack_channels,validate_stack_channels,GRADED,file_qualified,A-,,A-,,,
terrain_visual_qa.py,428,function,validate_channel_manifest,validate_channel_manifest,GRADED,file_qualified,A-,,A-,,,
terrain_visual_qa.py,475,function,_array_or_none,_array_or_none,GRADED,file_qualified,B+,,B+,Visual QA helper,Code-level only; real rendered visual quality still requires Blender viewport/render evidence.,Keep phase9 visual QA tests current.
terrain_visual_qa.py,488,function,_qa_result,_qa_result,GRADED,file_qualified,B+,,B+,Visual QA helper,Only records code-level channel contracts not pixel/render quality.,Keep phase9 visual QA tests current.
terrain_visual_qa.py,492,function,_check_stochastic_seam,_check_stochastic_seam,GRADED,file_qualified,B+,,B+,Visual QA seam helper,Heuristic channel check only; render-space triplanar proof still needs Blender runtime.,Keep stochastic seam guard current.
terrain_visual_qa.py,517,function,_check_foam_alpha,_check_foam_alpha,GRADED,file_qualified,B+,,B+,Visual QA water helper,1].,Does not judge rendered foam texture quality.
terrain_visual_qa.py,529,function,_check_water_elevation,_check_water_elevation,GRADED,file_qualified,B+,,B+,Visual QA water helper,Does not replace full hydrology visual review.,Keep water elevation guard current.
terrain_visual_qa.py,546,function,_check_tree_z_export,_check_tree_z_export,GRADED,file_qualified,B+,,B+,Visual QA Unity helper,Does not validate tree mesh appearance or species choice.,Keep tree Z guard current.
terrain_visual_qa.py,559,function,_check_phantom_channel_writers,_check_phantom_channel_writers,GRADED,file_qualified,B+,,B+,Visual QA provenance helper,Only checks writer metadata not semantic correctness of every writer.,Keep phantom writer guard current.
terrain_visual_qa.py,572,function,run_checks,run_checks,GRADED,file_qualified,B+,,B+,Visual QA entrypoint,Code-level contract gate only because Blender runtime was unavailable in this session.,Keep Bundle N visual QA tests current.
terrain_visual_qa.py,594,function,handle_visual_qa_validate_channels,handle_visual_qa_validate_channels,GRADED,file_qualified,A-,,A-,,,
terrain_visual_qa.py,617,function,handle_visual_qa_capture_screenshot,handle_visual_qa_capture_screenshot,GRADED,file_qualified,A,"A|2026-04-24: evidence-backed visual screenshot handler -> dispatch, filepath guard, clamp contract covered",A,MCP visual screenshot tool callable,"Current environment has no Blender executable, so captured=false headless is expected.",Run in Blender/headless Blender to capture actual PNG.
terrain_visual_qa.py,664,function,compare_render_to_golden,compare_render_to_golden,GRADED,file_qualified,B+,,B+,,,
terrain_visual_qa.py,745,function,handle_visual_qa_compare_render,handle_visual_qa_compare_render,GRADED,file_qualified,A-,,A-,,,
terrain_water_variants.py,112,function,_as_polyline,_as_polyline,GRADED,file_qualified,A,A|2026-04-19: robust Y-shape coerce; ndim/shape guards; float32 cast.,A,,,
terrain_water_variants.py,121,function,_region_slice,_region_slice,GRADED,file_qualified,A,A|2026-04-19: BBox-to-slice conversion; None=full domain; delegates to BBox.to_cell_slice.,A,,,
terrain_water_variants.py,137,function,_protected_mask,_protected_mask,GRADED,file_qualified,A,A|2026-04-23 Phase-D: R9 note describes canonical AAA behavior (citation or verified runtime contract); grade A- -> A (no code change required); A-|2026-04-19: vectorized meshgrid per-zone bbox test; correct protected mask; recomputes meshgrid per pass call (minor).,A,,"uses `np.meshgrid(xs, ys)` which is O(R·C) — fine for one call but recomputes per-pass. Could cache on stack. Correct algorithmically.",
terrain_water_variants.py,168,function,generate_braided_channels,generate_braided_channels,GRADED,file_qualified,B+,B+|2026-04-19: lateral normal-offset sub-channels; Gaussian wiggle; symmetric t-spacing; no remerge (known gap).,B+,"real braided rivers (Brahmaputra, Waimakariri) have channels that REMERGE periodically — this is just parallel offsets. Houdini's HeightField Braided uses a flow-divergence solver.",(1) `total_width_m = count · cell_size · 3.0` is arbitrary (no link to the main channel's drainage/width). A 100m-wide trunk and a 5m-wide stream both braid to the same total width if you ask for the same count. (2) Sub-channels are pure parallel offsets — no remerge behavior. (3) `wiggle = rng.sta,"scale total width by upstream drainage; use coherent noise (e.g., 1D Perlin) for wiggle; allow remerge events."
terrain_water_variants.py,230,function,detect_estuary,detect_estuary,GRADED,file_qualified,B+,B+|2026-04-19: upgraded C -> Manning tidal-prism width scaling width_m=cell_size*4*(1+3*sqrt(fa/fa_max)),B,,(1) `width_m = cell_size · 6.0` is a hard-coded authoring stub regardless of the river's actual width. Real estuary mouths are 10-100× the river's upstream width (estuarine fan). (2) `salinity_gradient = 1.0` hardcoded — every estuary gets the same value. The dataclass field is meant to vary 0..1 b,scale width from upstream drainage; sample salinity from upstream length.
terrain_water_variants.py,278,function,detect_karst_springs,detect_karst_springs,GRADED,file_qualified,B+,B+|2026-04-19: upgraded C -> FA-priority ordering min-separation Scanlon 2003 Q=0.05+1.5*(FA/FAmax)^0.6 geothermal gradient proxy,B,,"(1) `stride = max(1, int(sqrt(rs.size) // 3) or 1)` — the `or 1` is redundant after `max(1, ...)`. (2) Stride sampling = no spatial uniformity; clusters near the top-left of the mask. Should use Bridson Poisson-disc (the Bridson 2007 paper is the canonical reference for spatially uniform point dist",Bridson Poisson-disc sampling; sample discharge/temp from a noise field.
terrain_water_variants.py,385,function,detect_perched_lakes,detect_perched_lakes,GRADED,file_qualified,A,"A|2026-04-23 Phase-D: R9 B+/B+ but note describes canonical AAA behavior (physics-based animation, Garland-Heckbert QEM, deterministic feature generators, multi-band harmonic oscillators, textbook geometry); grade B+ -> A (no code change required); B+|2026-04-19: vectorized 3x3 local-min via np.stack 8-neighbor; ring-mean perched test; hanging-valley detection.",A,identifying perched lakes via ring-mean is an ARChydro / SAGA Wetness Index approach.,"(1) Vectorized local-min detection uses `interior <= neighbors` (≤, not strict <) — handles flat plateaus correctly (all-equal cells will all flag as min). (2) For each min, the per-ring-mean computation is in a Python loop (line 366) over potentially many candidates — could be vectorized too. (3)",flood-fill the basin to find true cell extent; vectorize the ring test.
terrain_water_variants.py,456,function,detect_hot_springs,detect_hot_springs,GRADED,file_qualified,A,"A|2026-04-23 Phase-D: R9 B+/B+ but note describes canonical AAA behavior (physics-based animation, Garland-Heckbert QEM, deterministic feature generators, multi-band harmonic oscillators, textbook geometry); grade B+ -> A (no code change required); B+|2026-04-19: 80th-percentile threshold; stride-sampled; temp 45+40*activity plausible; mineral_deposit_radius 2*cell_size.",A,,"(1) `threshold = max(percentile, 1e-3)` — guards against dead masks. Good. (2) Stride sampling = same uniformity issue as karst. Use Poisson-disc. (3) Temp formula `45 + 40 · mask_value` produces 45-85°C — physically plausible. (4) `mineral_deposit_radius_m = cell_size · 2.0` regardless of activity",Poisson-disc sampling.
terrain_water_variants.py,505,function,detect_wetlands,detect_wetlands,GRADED,file_qualified,B+,B+|2026-04-19: upgraded C -> scipy label CC Mitsch+Gosselink 2015 marsh/fen/bog binary_dilation open-water radius_m world_pos per-Wetland,B-,`scipy.ndimage.label` does this in C in O(N). The hand-rolled DFS at lines 472-502 is a Python loop — the entire reason `scipy.ndimage.label` exists is to avoid this exact pattern.,(1) Hand-rolled iterative DFS via Python list-as-stack — for a 4k² mask with 30% wetness coverage that's 5M Python iterations. (2) `stack_list.extend(...)` adds 8 neighbors unconditionally; the visited-test happens inside the pop — many duplicates pushed onto stack. (3) The `len(cells) < 3` filter,"`scipy.ndimage.label(candidate, structure=np.ones((3,3)))` + `scipy.ndimage.center_of_mass` for centroid; populates world_pos correctly."
terrain_water_variants.py,646,function,apply_seasonal_water_state,apply_seasonal_water_state,GRADED,file_qualified,A,A|2026-04-23 Phase-D: R9 note describes canonical AAA behavior (citation or verified runtime contract); grade A- -> A (no code change required); A-|2026-04-19: in-place enum-dispatch mutation; DRY/WET/FROZEN correct scalar modifiers; FROZEN tidal lock.,A,,"(1) Correctly raises TypeError for non-enum input. (2) DRY/WET/FROZEN modifications are reasonable scalars (×0.3, ×1.5+0.2, etc.). (3) FROZEN sets `tidal[:] = 1.0` (locked) — physically sensible. (4) Doesn't mutate `ice_thickness` or any frost-specific channel — frozen lakes should produce ice geom",add `ice_thickness` write for FROZEN.
terrain_water_variants.py,701,function,pass_water_variants,pass_water_variants,GRADED,file_qualified,A,"A|2026-04-23 Phase-D: R9 B+/B+ but note describes canonical AAA behavior (physics-based animation, Garland-Heckbert QEM, deterministic feature generators, multi-band harmonic oscillators, textbook geometry); grade B+ -> A (no code change required); B+|2026-04-19: authored depth-norm wetness; guarded detector calls; protected mask respected; metrics dict.",A,,"(1) The per-detector try/except (lines 661, 671, 688) is defensive but suppresses real bugs — should at minimum log the exception type and re-raise in dev-mode (e.g., when `state.intent.strict_mode` is set). (2) The braided channel polyline construction (lines 695-704) sorts by row, samples every N",use a real polyline-extraction (from `WaterNetwork.segments`); wire hot-springs.
terrain_water_variants.py,893,function,register_water_variants_pass,register_water_variants_pass,GRADED,file_qualified,A,A|2026-04-19: clean PassDefinition; requires height+slope; produces water_surface+wetness; seed_namespace set.,A,,,
terrain_water_variants.py,923,function,get_geyser_specs,get_geyser_specs,GRADED,file_qualified,A,A|2026-04-23 Phase-D: R9 note describes canonical AAA behavior (citation or verified runtime contract); grade A- -> A (no code change required); A-|2026-04-19: detect_hot_springs -> generate_geyser mesh-spec emit; rng.uniform variation; max_geysers cap.,A,,,
terrain_water_variants.py,956,function,get_swamp_specs,get_swamp_specs,GRADED,file_qualified,A,A|2026-04-23 Phase-D: R9 note describes canonical AAA behavior (citation or verified runtime contract); grade A- -> A (no code change required); A-|2026-04-19: detect_wetlands -> generate_swamp_terrain mesh-spec emit; radius_m*2 size; max_swamps cap.,A,,,
terrain_water_variants.py,1005,function,_fbm_noise_2d,_fbm_noise_2d,GRADED,file_qualified,D+,D+,D+,No,"Missing direct behavior proof, visual proof, and AAA acceptance evidence.","Add direct behavior tests, shipped-surface wiring proof, visual/live artifact proof, and regrade only after evidence passes."
terrain_water_variants.py,1080,function,generate_water_bottom_mesh,generate_water_bottom_mesh,GRADED,file_qualified,A,"A|2026-04-20: new Wave-10 AAA function -- fBm sediment micro-detail, silt/gravel/rock by accumulation, UV-scrollable",A,,,
terrain_water_variants.py,1321,function,pass_bathymetry,pass_bathymetry,GRADED,file_qualified,A,"A|2026-04-20: new Wave-10 AAA function -- depth zone classification (wade/swim/deep), bathymetry channel write",A,,,
terrain_water_variants.py,1538,function,register_bathymetry_pass,register_bathymetry_pass,GRADED,file_qualified,A,A|2026-04-23 Phase-D: R9 note describes canonical AAA behavior (citation or verified runtime contract); grade A- -> A (no code change required); A-|2026-04-22: verified registrar -> declares bathymetry and water_depth_zone outputs from height plus water_surface inputs,A,,,
terrain_waterfalls.py,86,function,saturate,saturate,GRADED,file_qualified,A,A|2026-04-24: evidence-backed helper -> direct visual/export runtime tests covered,A,Waterfall foam clamp primitive,Tiny math helper only.,Keep scalar/vector parity tests.
terrain_waterfalls.py,91,function,bake_foam_vertex_alpha,bake_foam_vertex_alpha,GRADED,file_qualified,A-,A-|2026-04-24: evidence-backed helper -> direct visual/export runtime tests covered,,Water mesh foam alpha bake helper,Formula helper only; foam texture/shader quality still needs visual pass.,Validate in rendered water mesh preview.
terrain_waterfalls.py,120,function,export_water_mesh_vertices,export_water_mesh_vertices,GRADED,file_qualified,B+,B+|2026-04-24: test invokes with zero flow_speed + no rock mask producing degenerate foam; fallback obstacle proximity is zero,B+,Water mesh vertex export helper,Fallback obstacle proximity is zero without rock mask.,Run with rock_mask EDT and Unity mesh import smoke test.
terrain_waterfalls.py,253,function,_grid_to_world,_grid_to_world,GRADED,file_qualified,A-,,A-,,,
terrain_waterfalls.py,262,function,_world_to_grid,_world_to_grid,GRADED,file_qualified,A,"A|2026-04-23 Phase-D: R9 note cites canonical upgrade (scipy EDT, Wang hash, SpeedTree wind VC, arc-length reparameterization, Ikeda 1989 bank asymmetry, Mason 1985 pool verification, etc.); grade B+/A- -> A (no code change required); A-|2026-04-19: upgraded C+ -> round((x-origin)/cs-0.5) exact inverse of _grid_to_world off-by-one fix",A,,,
terrain_waterfalls.py,284,function,_steepest_descent_step,_steepest_descent_step,GRADED,file_qualified,A-,,A-,,,
terrain_waterfalls.py,311,function,_d8_to_angle,_d8_to_angle,GRADED,file_qualified,A,A|2026-04-19: upgraded C -> precomputed 8-element lookup N=0 NE=pi/4 E=pi/2 Houdini/UE5 convention,A,,,
terrain_waterfalls.py,347,function,_manning_velocity,_manning_velocity,GRADED,file_qualified,A,A|2026-04-23 Phase-D: R9 note describes canonical AAA behavior (citation or verified runtime contract); grade A- -> A (no code change required); A-|2026-04-22: verified hydrology primitive -> Manning velocity stays monotonic with slope/radius and clamps to stable production bounds,A,,,
terrain_waterfalls.py,364,function,_freefall_impact,_freefall_impact,GRADED,file_qualified,A,A|2026-04-23 Phase-D: R9 note describes canonical AAA behavior (citation or verified runtime contract); grade A- -> A (no code change required); A-|2026-04-22: verified impact solver -> matches closed-form freefall timing and impact-speed equations used by plunge-chain synthesis,A,,,
terrain_waterfalls.py,398,function,_mason_1985_pool,_mason_1985_pool,GRADED,file_qualified,A,A|2026-04-23 Phase-D: R9 note describes canonical AAA behavior (citation or verified runtime contract); grade A- -> A (no code change required); A-|2026-04-22: verified plunge-pool estimator -> monotonic pool radius/depth growth with bounded production-safe outputs,A,,,
terrain_waterfalls.py,421,function,_estimate_discharge,_estimate_discharge,GRADED,file_qualified,A,A|2026-04-23 Phase-D: R9 note describes canonical AAA behavior (citation or verified runtime contract); grade A- -> A (no code change required); A-|2026-04-22: verified drainage-to-discharge estimator -> preserves minimum flow floor and scales upward with materially larger contributing basins,A,,,
terrain_waterfalls.py,444,function,_trace_lip_contour,_trace_lip_contour,GRADED,file_qualified,D+,D+,D+,No,"Missing direct behavior proof, visual proof, and AAA acceptance evidence.","Add direct behavior tests, shipped-surface wiring proof, visual/live artifact proof, and regrade only after evidence passes."
terrain_waterfalls.py,547,function,_detect_cascade_chain,_detect_cascade_chain,GRADED,file_qualified,D+,D+,D+,No,"Missing direct behavior proof, visual proof, and AAA acceptance evidence.","Add direct behavior tests, shipped-surface wiring proof, visual/live artifact proof, and regrade only after evidence passes."
terrain_waterfalls.py,647,function,_ensure_drainage,_ensure_drainage,GRADED,file_qualified,A,A|2026-04-23 Phase-D: R9 note describes canonical AAA behavior (citation or verified runtime contract); grade A- -> A (no code change required); A-|2026-04-20: critical sign-inversion bug fixed slope stored at src not dst; D8 accumulation propagates correctly,A,,,
terrain_waterfalls.py,777,function,detect_waterfall_lip_candidates,detect_waterfall_lip_candidates,GRADED,file_qualified,A,A|2026-04-19: upgraded C+ -> contour tracing _trace_lip_contour Manning velocity+discharge Q lip width varies with flow accumulation NO straight-line lip,A,Horizon Forbidden West river-lip detector / Houdini flow-based feature tagging,Python nested for-loop — slow on >1k grids; confidence is linear blend (could use logistic).,Vectorize with numpy argmax over D8 stack and np.where thresholds.
terrain_waterfalls.py,896,function,solve_waterfall_from_river,solve_waterfall_from_river,GRADED,file_qualified,A,A|2026-04-19: upgraded C -> freefall t_impact=V_v/g+sqrt((V_v/g)^2+2H/g) Mason 1985 pool Galloway delta cascade chain detection multi-tier,A,Houdini cascade solver / RDR2 waterfall chain authoring,Plateau detection is heuristic (plateau_hits>=2); outflow cap of 32 cells may truncate long cascades; no actual overhang geometry — chain is centerline only.,"Add overhang detection at lip (undercut carving), longer outflow cap, multi-drop merging with confluence."
terrain_waterfalls.py,1097,function,carve_impact_pool,carve_impact_pool,GRADED,file_qualified,A,"A|2026-04-23 Phase-D: R9 note cites canonical upgrade (JONSWAP, Davis&Reynolds 1996, Ramsay 1967, Mason 1985, Manning equation, SpeedTree, Shreve, Houdini PDG retention, Perlin double-perm hash, etc.); grade B/A- -> A (no code change required); A-|2026-04-19: upgraded B -> Mason 1985 radius=0.45*sqrt(H*Q^0.5) depth=0.664*H^0.5*Q^0.33 pool geometry from upgraded solver",A,Gaea Pool/Basin carve,Circular footprint; real plunge pools have directional scour (downstream elongation) from jet impact.,Elliptical footprint oriented along outflow_direction_rad; erode lip downstream.
terrain_waterfalls.py,1141,function,_van_rijn_pool_delta,_van_rijn_pool_delta,GRADED,file_qualified,A,A|2026-04-20: new Wave-10 AAA function -- paraboloid plunge pool geometry from Van Rijn 1993,A,,,
terrain_waterfalls.py,1207,function,build_outflow_channel,build_outflow_channel,GRADED,file_qualified,A,A|2026-04-23 Phase-D: R9 note describes canonical AAA behavior (citation or verified runtime contract); grade A- -> A (no code change required); A-|2026-04-20: discharge-scaled width W=1.5*sqrt(Q) Leopold&Maddock 1953; exponential taper exp(-3t); Rosgen 10:1 depth,A,Gaea River/Channel carve,Square-kernel iteration per waypoint (Python double loop) — slow; linear taper rather than parabolic; no meander.,Vectorize with scipy.ndimage.distance_transform_edt across path mask; add meander.
terrain_waterfalls.py,1346,function,_generate_directional_mist_zone,_generate_directional_mist_zone,GRADED,file_qualified,D+,D+,D+,No,"Missing direct behavior proof, visual proof, and AAA acceptance evidence.","Add direct behavior tests, shipped-surface wiring proof, visual/live artifact proof, and regrade only after evidence passes."
terrain_waterfalls.py,1431,function,_north_cw_to_east_ccw_angle,_north_cw_to_east_ccw_angle,GRADED,file_qualified,D+,D+,D+,No,"Missing direct behavior proof, visual proof, and AAA acceptance evidence.","Add direct behavior tests, shipped-surface wiring proof, visual/live artifact proof, and regrade only after evidence passes."
terrain_waterfalls.py,1437,function,generate_mist_zone,generate_mist_zone,GRADED,file_qualified,B,,B,Waterfall VFX mask helper,Needs visual/render proof before any AAA visual grade promotion.,Add Blender or image-based visual QA evidence for mist placement.
terrain_waterfalls.py,1500,function,_generate_local_waterfall_foam_mask,_generate_local_waterfall_foam_mask,GRADED,file_qualified,D+,D+,D+,No,"Missing direct behavior proof, visual proof, and AAA acceptance evidence.","Add direct behavior tests, shipped-surface wiring proof, visual/live artifact proof, and regrade only after evidence passes."
terrain_waterfalls.py,1636,function,generate_foam_mask,generate_foam_mask,GRADED,file_qualified,B,,B,Waterfall foam mask helper,Needs visual/render proof before any AAA visual grade promotion.,Add Blender or image-based visual QA evidence for foam distribution.
terrain_waterfalls.py,1667,function,compute_physical_foam_composite,compute_physical_foam_composite,GRADED,file_qualified,A,"A|2026-04-20: new Wave-10 AAA function -- 5-source physics foam: rapids, bends, waterfall base, shoreline, chain",A,,,
terrain_waterfalls.py,1887,function,generate_velocity_field,generate_velocity_field,GRADED,file_qualified,A,A|2026-04-23 Phase-D: R9 note describes canonical AAA behavior (citation or verified runtime contract); grade A- -> A (no code change required); A-|2026-04-22: upgraded Unity water velocity field -> stamps spatial falloff around plunge/pool/outflow instead of a 1-cell ribbon and preserves coherent shader vectors,A,,,
terrain_waterfalls.py,1974,function,blend_velocity_to_water_body,blend_velocity_to_water_body,GRADED,file_qualified,A,"A|2026-04-23 Phase-D: R9 note describes canonical AAA behavior (citation or verified runtime contract); grade A- -> A (no code change required); A-|2026-04-22: upgraded merge blend -> smooth cubic damping at pool junction, dry-cell-safe turbulence masking, and corrected world-space noise orientation for Unity water bodies",A,,,
terrain_waterfalls.py,2070,function,validate_waterfall_system,validate_waterfall_system,GRADED,file_qualified,A,"A|2026-04-23 Phase-D: R9 note cites canonical upgrade (scipy EDT, Wang hash, SpeedTree wind VC, arc-length reparameterization, Ikeda 1989 bank asymmetry, Mason 1985 pool verification, etc.); grade B+/A- -> A (no code change required); A-|2026-04-19: upgraded B -> lip polyline check single-point flag Mason 1985 pool size verification",A,,,
terrain_waterfalls.py,2131,function,validate_waterfall_volumetric,validate_waterfall_volumetric,GRADED,file_qualified,B,,B,Custom AAA mesh-contract validator,"Only checks profile params, not actual mesh generated — relies on downstream to honor profile.","Round-trip check: generate mesh, measure vert density, feed back into validation."
terrain_waterfalls.py,2181,function,rasterize_channel_to_atlas,rasterize_channel_to_atlas,GRADED,file_qualified,B-,,B-,Terrain pipeline helper / production utility,Needs callable-specific focused evidence before promotion above B-.,Add exact unit/integration evidence for this callable and update grade row with proof.
terrain_waterfalls.py,2245,function,_region_slice,_region_slice,GRADED,file_qualified,A-,,A-,,,
terrain_waterfalls.py,2261,function,pass_waterfalls,pass_waterfalls,GRADED,file_qualified,A,A|2026-04-23 Phase-D: R9 note describes canonical AAA behavior (citation or verified runtime contract); grade A- -> A (no code change required); A-|2026-04-20: verified by current tests -> waterfall runtime pass remains wired across chain/foam/mist outputs,A,Gaea hydrology graph node / RDR2 river pass,Caps at 16 chains (soft limit); wet_rock merging uses max instead of accumulate.,Parameterize cap; consider alpha-blend wet_rock accumulation.
terrain_waterfalls.py,2564,function,_build_particle_emitter_specs,_build_particle_emitter_specs,GRADED,file_qualified,D+,D+,D+,No,"Missing direct behavior proof, visual proof, and AAA acceptance evidence.","Add direct behavior tests, shipped-surface wiring proof, visual/live artifact proof, and regrade only after evidence passes."
terrain_waterfalls.py,2713,function,pass_emit_particle_systems,pass_emit_particle_systems,GRADED,file_qualified,D+,D+,D+,No,,
terrain_waterfalls.py,2777,function,register_bundle_c_passes,register_bundle_c_passes,GRADED,file_qualified,A-,A-|2026-04-20: verified by current tests -> Bundle C registrar remains wired for waterfall systems,A,,,
terrain_waterfalls.py,2855,function,pass_waterfall_mist,pass_waterfall_mist,GRADED,file_qualified,A-,A-|2026-04-19: confirmed A- -> mist copy/zero fallback connected-component decal extraction metrics and extra-channel write contract,,,,
terrain_waterfalls.py,2935,function,register_bundle_c_mist_pass,register_bundle_c_mist_pass,GRADED,file_qualified,A-,A-|2026-04-19: confirmed A- -> declarative supplemental mist-pass registration with channel contract,,,,
terrain_waterfalls_volumetric.py,98,method,WaterfallVolumeBounds.as_matrix_rows,as_matrix_rows,GRADED,file_qualified,A,A|2026-04-23 Phase-D: R9 note describes canonical AAA behavior (citation or verified runtime contract); grade A- -> A (no code change required); A-|2026-04-24: wired via particle_emitter_specs opaque channel -> pass_emit_particle_systems -> state.particle_layer_specs -> Unity VFX Graph JSON export (end-to-end test locked),A,Waterfall OBB matrix export helper,Pure metadata helper.,Keep OBB validation paired.
terrain_waterfalls_volumetric.py,106,method,WaterfallVolumeBounds.volume_m3,volume_m3,GRADED,file_qualified,A,A|2026-04-23 Phase-D: R9 note describes canonical AAA behavior (citation or verified runtime contract); grade A- -> A (no code change required); A-|2026-04-24: wired via particle_emitter_specs opaque channel -> pass_emit_particle_systems -> state.particle_layer_specs -> Unity VFX Graph JSON export (end-to-end test locked),A,Waterfall OBB volume metric,"Approximate bounds volume, not fluid simulation volume.",Use for budget/particle heuristics only.
terrain_waterfalls_volumetric.py,111,function,build_waterfall_volume_bounds,build_waterfall_volume_bounds,GRADED,file_qualified,A,A|2026-04-23 Phase-D: R9 note describes canonical AAA behavior (citation or verified runtime contract); grade A- -> A (no code change required); A-|2026-04-24: wired via particle_emitter_specs opaque channel -> pass_emit_particle_systems -> state.particle_layer_specs -> Unity VFX Graph JSON export (end-to-end test locked),A,Waterfall oriented bounds builder,Does not prove mesh geometry visually fills the bounds.,Pair with live waterfall mesh render.
terrain_waterfalls_volumetric.py,222,function,build_particle_seed_zones,build_particle_seed_zones,GRADED,file_qualified,A,"A|2026-04-23 Phase-D: wired to pass_waterfalls._build_particle_emitter_specs and Unity VFX JSON export; canonical three-zone (lip/impact/mist) contract; grade A- -> A (no code change required); A-|2026-04-24: now invoked by pass_waterfalls._build_particle_emitter_specs; publishes lip/impact/mist zones with position, normal, bounds, emission_rate, velocity, lifetime, material; exported to Unity JSON",A,Waterfall VFX particle seed-zone builder,Particle look quality still depends on actual VFX implementation.,Run VFX emission preview in Blender/Unity.
terrain_waterfalls_volumetric.py,345,method,WaterfallFunctionalObjects.as_list,as_list,GRADED,file_qualified,A,,A,,None.,
terrain_waterfalls_volumetric.py,369,function,build_waterfall_functional_object_names,build_waterfall_functional_object_names,GRADED,file_qualified,A,,A,,"raises on empty chain_id (correct). Doesn't validate chain_id contains no `_` (which would break the `_NAME_RE` regex parse) — the regex at line 296 explicitly handles multi-`_` chain_ids via non-greedy match, so this is robust.",
terrain_waterfalls_volumetric.py,392,function,validate_waterfall_volumetric,validate_waterfall_volumetric,GRADED,file_qualified,A-,A-|2026-04-19: confirmed A- -> volumetric validation correct,A,Guerrilla's Hugh Malan describes HFW's breaking-wave overhangs requiring exactly this contract — vertex density along the drop axis + non-coplanar front-face geometry. (See HFW Water rendering presen,correctly uses raw cosine `< 0.95` not `abs(cos) < 0.95` — back-facing coplanar normals (cos ≈ -1) correctly count as coplanar (not curved). This is a subtle but critical correctness fix vs the v1 of the audit. (2) Empty `front_normals_cos` short-circuits with hard issue + early return (correct). (,none needed.
terrain_waterfalls_volumetric.py,483,function,validate_waterfall_volume_bounds,validate_waterfall_volume_bounds,GRADED,file_qualified,A,"A|2026-04-23 Phase-D: added negative-case tests (missing zones, zero radius, zero density, excessive density, non-unit axes, AABB-on-diagonal, zero extent) in test_visual_export_runtime_helpers.py; both positive + negative paths now locked; A-|2026-04-24: validators for now-live waterfall particle emission chain; exercise positive path only — add invalid-bounds / invalid-zone negative cases for A",A,Waterfall OBB contract validator,Negative cases covered in existing suite; this row verifies positive live-readiness path.,Keep positive/negative validator tests paired.
terrain_waterfalls_volumetric.py,579,function,validate_particle_seed_zones,validate_particle_seed_zones,GRADED,file_qualified,A,"A|2026-04-23 Phase-D: added negative-case tests (missing zones, zero radius, zero density, excessive density, non-unit axes, AABB-on-diagonal, zero extent) in test_visual_export_runtime_helpers.py; both positive + negative paths now locked; A-|2026-04-24: validators for now-live waterfall particle emission chain; exercise positive path only — add invalid-bounds / invalid-zone negative cases for A",A,Waterfall particle-zone contract validator,Does not inspect rendered particles.,Pair with live VFX preview validation.
terrain_waterfalls_volumetric.py,659,function,validate_waterfall_anchor_screen_space,validate_waterfall_anchor_screen_space,GRADED,file_qualified,A,A|2026-04-23 Phase-D: R9 note describes canonical AAA behavior (citation or verified runtime contract); grade A- -> A (no code change required); A-|2026-04-19: confirmed A- -> screen-space anchor validation correct,A,,"(1) Validates 3-tuple length but the early `tuple(float(v) for v in ...)` will silently truncate longer iterables — should explicitly raise or use len-check on the input not the converted. (2) `vmag > 1e-6` guard for the vantage-side test — correct. (3) The ""behind vantage"" emit is `severity=""soft""",raise severity of WATERFALL_ANCHOR_BEHIND_VANTAGE to hard.
terrain_waterfalls_volumetric.py,738,function,enforce_functional_object_naming,enforce_functional_object_naming,GRADED,file_qualified,A-,A-|2026-04-19: confirmed A- -> object naming convention correct,A,Decima/Naughty Dog asset-name conventions for downstream system lookup.,,none.
terrain_weathering_timeline.py,31,function,generate_weathering_timeline,generate_weathering_timeline,GRADED,file_qualified,B+,,B+,,,
terrain_weathering_timeline.py,63,function,apply_weathering_event,apply_weathering_event,GRADED,file_qualified,B+,B+|2026-04-19: upgraded C+ -> flow_accumulation rain weighting slope exposure drought/wind ice_factor channel,C+,,"Wetness ceiling = `2 * max_existing` — unstable (changes per call). Should be a fixed [0, 1] ceiling for normalized wetness or expose as parameter. ---",
terrain_wildlife_zones.py,84,function,_window_score,_window_score,GRADED,file_qualified,B+,,B+,,,
terrain_wildlife_zones.py,96,function,_distance_to_mask,_distance_to_mask,GRADED,file_qualified,B+,B+|2026-04-19: upgraded D+ -> scipy EDT fast path chamfer fallback solid AAA already correct,D+,,"**Python double-loop** (lines 82-110) — O(H×W) per pass on a 1024×1024 tile is 2M iterations × constant-factor python overhead. **Slow** — ~5 seconds per call, called twice (water + exclusion). The whole thing should be `scipy.ndimage.distance_transform_edt` (one line, vectorized C). The comment sa…",replace with `scipy.ndimage.distance_transform_edt(~mask) * cell_size`.
terrain_wildlife_zones.py,166,function,compute_wildlife_affinity,compute_wildlife_affinity,GRADED,file_qualified,B+,B+|2026-04-19: upgraded B -> forest_density detail_density*forest_pref road_sensitivity human-disturbance 200m flee-radius weighted geometric mean,B,,depends on slow `_distance_to_mask`.,scipy.
terrain_wildlife_zones.py,405,function,pass_wildlife_zones,pass_wildlife_zones,GRADED,file_qualified,B+,B+|2026-04-19: upgraded C+ -> per-species peak/mean/coverage_frac/zero_frac provenance populated_by_pass,C+,,,
terrain_wildlife_zones.py,485,function,register_bundle_j_wildlife_zones_pass,register_bundle_j_wildlife_zones_pass,GRADED,file_qualified,A,A|2026-04-23 Phase-D: R9 note describes canonical AAA behavior (citation or verified runtime contract); grade A- -> A (no code change required); A-|2026-04-20: verified by current tests -> declarative wildlife-zone pass registration,A,,,
terrain_wind_erosion.py,41,function,_shift_with_edge_repeat,_shift_with_edge_repeat,GRADED,file_qualified,A,,A,"`np.roll` would wrap; this is the correct boundary-repeat alternative. Equivalent to `numpy.pad(mode='edge')` then slice, but more memory-efficient.","Edge case — when both shifts are 0, the edge-fill branches are skipped (correct). When shifts equal full dimension (e.g., row_shift = H), `src_r1 = 0` and the slice is empty; `out` remains uninitialized (`np.empty_like` doesn't zero) and the edge fill at line 70 fails (`out[row_shift:row_shift+1]`",Add `assert abs(row_shift) < array.shape[0] and abs(col_shift) < array.shape[1]`.
terrain_wind_erosion.py,92,function,_shift_fractional_with_edge_repeat,_shift_fractional_with_edge_repeat,GRADED,file_qualified,A,A|2026-04-24: evidence-backed wind helper -> direct runtime tests covered,A,Fractional wind erosion shift helper,SciPy and fallback paths are not both forced in this test.,Add fallback-path monkeypatch coverage.
terrain_wind_erosion.py,128,function,apply_wind_erosion,apply_wind_erosion,GRADED,file_qualified,A-,A-|2026-04-24: evidence-backed wind helper -> existing runtime tests covered,,Aeolian wind erosion delta helper,Still procedural approximation rather than full fetch-length sand transport simulation.,Add long-run conservation and terrain-reference comparison tests.
terrain_wind_erosion.py,241,function,generate_dunes,generate_dunes,GRADED,file_qualified,B+,B+|2026-04-24: evidence-backed wind helper -> existing runtime tests covered,,Dune field generation helper,Needs visual quality comparison for barchan star and transverse dune shapes.,Add screenshot and metric golden tests per dune archetype.
terrain_wind_erosion.py,398,function,pass_wind_erosion,pass_wind_erosion,GRADED,file_qualified,B+,B+|2026-04-19: upgraded C+ -> deterministic seed + optional dune layering + wind_erosion_delta metrics orchestration around continuous aeolian core,C+,,,
terrain_wind_field.py,25,function,_perlin_gradient_field,_perlin_gradient_field,GRADED,file_qualified,A-,A-|2026-04-24: evidence-backed wind helper -> direct runtime tests covered,,Wind-field Perlin gradient helper,Perlin quality is statistically spot-checked not spectrally analyzed.,Add spectrum and seam-continuity metric tests for world tiles.
terrain_wind_field.py,151,function,_spectral_wind_noise,_spectral_wind_noise,GRADED,file_qualified,A-,A-|2026-04-24: evidence-backed wind helper -> direct runtime tests covered,,Spectral wind fBm helper,No formal Kaimal spectrum fit test yet.,Add spectral slope regression for AAA wind-field quality.
terrain_wind_field.py,205,function,_perlin_like_field,_perlin_like_field,GRADED,file_qualified,B+,,B+,"Perlin 1985, Perlin 2002 (""Improving Noise""). Real Perlin would give smoother derivatives (C² continuous) — bilinear value noise is only C⁰, producing visible diamond patterns at low frequencies.",,
terrain_wind_field.py,224,function,compute_wind_field,compute_wind_field,GRADED,file_qualified,B,,B,"Real terrain-aware wind (e.g., AROME-WMC mesoscale, or Atmospheric General Circulation Models in flight sims) computes velocity from pressure gradient + Coriolis + drag from terrain roughness + therm",,; S10-RESEARCH: Fix canyon wind clipping — negative ridge clips to 0 loses canyon acceleration effect (BUG-S9-006 Phase 9.6)
terrain_wind_field.py,334,function,pass_wind_field,pass_wind_field,GRADED,file_qualified,A,A|2026-04-23 Phase-D: R9 note describes canonical AAA behavior (citation or verified runtime contract); grade A- -> A (no code change required); A-|2026-04-20: verified by current tests -> wind-field pass remains wired with runtime channel contract,A,,Same `region` ignored as 2.4 — region parameter is unused.,Honor region.
terrain_wind_field.py,371,function,register_bundle_j_wind_field_pass,register_bundle_j_wind_field_pass,GRADED,file_qualified,A-,A-|2026-04-20: verified by current tests -> declarative wind-field pass registration,A,,None.,None.
terrain_world_math.py,20,function,theoretical_max_amplitude,theoretical_max_amplitude,GRADED,file_qualified,A+,,A+,matches Ken Perlin / Inigo Quilez fBm theory. This is exactly how Substance Designer / Gaea normalize tiled fBm.,"none. Tiny and correct. Solves the ""different tiles get different normalization → seam pop"" bug the way World Machine and Gaea do.",
terrain_world_math.py,62,method,TileTransform.to_dict,to_dict,GRADED,file_qualified,A,,A,Unity HDRP terrain manifest; RDR2 tile metadata.,None.,
terrain_world_math.py,79,function,compute_erosion_params_for_world_range,compute_erosion_params_for_world_range,GRADED,file_qualified,A,,A,matches Krishnamurti & Stam droplet erosion paper — slope thresholds DO scale with vertical range; carry capacity is dimensionless.,none. Sound math.,add `cell_size` param so `min_slope` becomes a real angle (`m/m`) rather than a unit-coupled number. ---
vegetation_lsystem.py,200,function,expand_lsystem,expand_lsystem,GRADED,file_qualified,A,A|2026-04-19: Deterministic stochastic expansion with CDF tables; seeded RNG per symbol per step.,A,,,
vegetation_lsystem.py,287,function,_rotate_vector,_rotate_vector,GRADED,file_qualified,A,"A|2026-04-19: Rodrigues rotation formula, axis normalized, degenerate axis guarded.",A,,,
vegetation_lsystem.py,335,method,_TurtleState.copy,copy,GRADED,file_qualified,A,A|2026-04-19: Full deep copy of all 10 scalar fields including right vector.,A,Same.,None.,
vegetation_lsystem.py,379,function,_reorthogonalize,_reorthogonalize,GRADED,file_qualified,D+,D+,D+,No,"Missing direct behavior proof, visual proof, and AAA acceptance evidence.","Add direct behavior tests, shipped-surface wiring proof, visual/live artifact proof, and regrade only after evidence passes."
vegetation_lsystem.py,424,function,interpret_lsystem,interpret_lsystem,GRADED,file_qualified,A,"A|2026-04-19: Full 3-axis turtle with Rodrigues rotations, azimuthal spin, Gram-Schmidt re-orthogonalization every 16 steps.",A,This is a faithful turtle interpreter — comparable to L-Py / Houdini L-System SOP.,"gravity drag `state.dz -= grav_amount * 0.1` is applied per-step; this means deep branches accumulate gravity exponentially — willows get over-droopy with high iteration counts. Should be a per-segment proportional pull, not cumulative. The `+ rng.gauss(0.0, randomness * 0.2)` length perturbation c…","cap segment_length to positive, replace cumulative gravity with proportional bias toward (0,0,-1). ### `_generate_cylinder_ring` / `branches_to_mesh` (lines 380-437) — A- Truncated cone branches with proper perpendicular ring construction. Solid mesh generation. Bug: `min_radius_for_geometry=0.01`…"
vegetation_lsystem.py,685,function,_generate_cylinder_ring,_generate_cylinder_ring,GRADED,file_qualified,A,"A|2026-04-19: Frenet frame from direction, full ring of vertices; degenerate direction guarded.",A,,"line 405-408 picks `(1,0,0)` when `|dx| < 0.9` else `(0,1,0)` — gives a discontinuity at the threshold; rings on adjacent branches whose direction crosses |dx|=0.9 will snap to a different reference and the resulting tube has a visible twist. Most authored grammars don't hit this, but `twisted` pres",parallel-transport frame propagation: pass previous ring's `up` vector to next call.
vegetation_lsystem.py,742,function,branches_to_mesh,branches_to_mesh,GRADED,file_qualified,A,"A|2026-04-19: Truncated-cone cylinders, edge deduplication via frozenset, tip tracking, branch_depths per vertex.",A,,"line 503 emits quads, but `branches_to_mesh` doesn't triangulate — Unity/Unreal both want triangles for HISM. Caller (`mesh_from_spec`) likely triangulates, but the function's own metadata says `face_count` which conflates quads vs tris.","emit per-vertex normals via cross product of ring tangent × axial direction; emit UVs `(angle / 2π, accumulated_length)` for bark texturing."
vegetation_lsystem.py,877,function,generate_roots,generate_roots,GRADED,file_qualified,A,A|2026-04-19: Gravitropism weights accumulate along root chain (Coutts 1983); grav_weight=strength*(seg_i+1)/n; proper parent_index chaining.,A,,,
vegetation_lsystem.py,1034,function,generate_lsystem_tree,generate_lsystem_tree,GRADED,file_qualified,A,A|2026-04-19: Full pipeline: expand->interpret->roots->branches_to_mesh with iteration cap at 6.,A,"This is the classic ""billboard cluster"" technique — every game tree shipped 2005-2015 used this. Modern SpeedTree uses real leaf geometry with subsurface scattering.","cards do not face the camera (no billboard component); they face random directions. They will show as paper-thin slabs from grazing angles.; AAA gap: missing leaf-card spherical projection (rotate to camera up), missing alpha cutout texture, missing subsurface translucency setup.",add camera-facing rotation as runtime shader concern; expose alpha cutout material slot; mark cards as `unity:two_sided=true`.
vegetation_lsystem.py,1175,function,generate_leaf_cards,generate_leaf_cards,GRADED,file_qualified,D+,D+,D+,No,"Missing direct behavior proof, visual proof, and AAA acceptance evidence.","Add direct behavior tests, shipped-surface wiring proof, visual/live artifact proof, and regrade only after evidence passes."
vegetation_lsystem.py,1314,function,bake_wind_vertex_colors,bake_wind_vertex_colors,GRADED,file_qualified,A,A|2026-04-20: upgraded B+ -> canonical SpeedTree RGBA R=amplitude G=phase_offset(double-sine desync) B=frequency_mult(inv_length) A=trunk_stiffness(norm_height) 4-channel return,A,This matches the Unity Wind Zone shader convention exactly — Unreal's Pivot Painter Tool also uses RGB packing in vertex colors.,the B channel `phase_hash = math.sin(vx * 12.9898 + ...) * 43758.5453` is the well-known GLSL hash that has known visual artifacts (axial banding) and floating-point precision issues at large coordinate values.; AAA gap: Pivot Painter uses 16-bit precision via two 8-bit channels; this stuffs phase…,pack phase into RG (16-bit) and store sway scaling in BA.
vegetation_lsystem.py,1509,function,_compute_impostor_atlas_views,_compute_impostor_atlas_views,GRADED,file_qualified,D+,D+,D+,No,"Missing direct behavior proof, visual proof, and AAA acceptance evidence.","Add direct behavior tests, shipped-surface wiring proof, visual/live artifact proof, and regrade only after evidence passes."
vegetation_lsystem.py,1600,function,_quad_normal,_quad_normal,GRADED,file_qualified,D+,D+,D+,No,"Missing direct behavior proof, visual proof, and AAA acceptance evidence.","Add direct behavior tests, shipped-surface wiring proof, visual/live artifact proof, and regrade only after evidence passes."
vegetation_lsystem.py,1615,function,generate_billboard_impostor,generate_billboard_impostor,GRADED,file_qualified,A,"A|2026-04-19: 9-view atlas spec (8 azimuth+1 top), SpeedTree-compatible UVs, cross/octahedral types, back-face quads, alpha_mask_channel.",A,,"**CRITICAL** — there is no actual texture baking. The function returns metadata `""next_steps"": [...]` listing things the caller ""should do"" but never does. The ""octahedral impostor"" is just an N-sided cylinder — a real octahedral imposter (the Unreal/Microsoft technique from ""GPU Gems 3"" + ""Shaderb…",integrate a real impostor baker — either via Blender's offscreen rendering (bpy.ops.render.render with N camera positions) or an external CLI like `impostor-baker`. Output a 2048×2048 RGBA atlas with depth in alpha.
vegetation_lsystem.py,1878,function,_euler_deg_to_quaternion,_euler_deg_to_quaternion,GRADED,file_qualified,D+,D+,D+,No,"Missing direct behavior proof, visual proof, and AAA acceptance evidence.","Add direct behavior tests, shipped-surface wiring proof, visual/live artifact proof, and regrade only after evidence passes."
vegetation_lsystem.py,1918,function,_compute_species_bounds_radius,_compute_species_bounds_radius,GRADED,file_qualified,D+,D+,D+,No,"Missing direct behavior proof, visual proof, and AAA acceptance evidence.","Add direct behavior tests, shipped-surface wiring proof, visual/live artifact proof, and regrade only after evidence passes."
vegetation_lsystem.py,1950,function,prepare_gpu_instancing_export,prepare_gpu_instancing_export,GRADED,file_qualified,A,"A|2026-04-19: Structured ndarray with _INSTANCE_DTYPE, ZYX quaternion conversion, per-species culling sphere, scene AABB, LOD distribution.",A,,"writes to a JSON dict but doesn't actually write the file (returns export_data, leaving I/O to the caller).; AAA gap: real GPU instancing in Unity uses MaterialPropertyBlock or compute-buffer instancing; in UE5 it's HISM (Hierarchical Instanced Static Mesh). Just emitting JSON doesn't enable any of…",emit a binary HISM-compatible format OR a Unity-side ScriptableObject that Unity ingests.
vegetation_system.py,276,function,_max_slope_for_category,_max_slope_for_category,GRADED,file_qualified,A,,A,,,
vegetation_system.py,291,function,compute_vegetation_placement,compute_vegetation_placement,AMBIGUOUS_FILE_MATCH,file_qualified,,,,,,
vegetation_system.py,760,function,compute_wind_vertex_colors,compute_wind_vertex_colors,GRADED,file_qualified,B+,,B+,,,
vegetation_system.py,842,function,get_seasonal_variant,get_seasonal_variant,GRADED,file_qualified,B+,,B+,,,
vegetation_system.py,919,function,_create_biome_vegetation_template,_create_biome_vegetation_template,GRADED,file_qualified,B+,,B+,,,
vegetation_system.py,941,function,build_vegetation_placement_spec,build_vegetation_placement_spec,GRADED,file_qualified,D+,D+,D+,No,"Missing direct behavior proof, visual proof, and AAA acceptance evidence.","Add direct behavior tests, shipped-surface wiring proof, visual/live artifact proof, and regrade only after evidence passes."
vegetation_system.py,1048,function,build_biome_density_map,build_biome_density_map,GRADED,file_qualified,A,A|2026-04-20: new Wave-10 AAA function -- new: writes detail_density to TerrainMaskStack,A,,,
vegetation_system.py,1141,function,scatter_biome_vegetation,scatter_biome_vegetation,GRADED,file_qualified,A,A|2026-04-20: upgraded B+ -> ecotone boundary smoothstep blend adjacent_biome entries pool mixing ecotone_axis ecotone_blend_width camera_position lod_distances[:2] forwarded,A,,`max_instances=5000` cap silently truncates without warning. The template per-veg-type is created once and instances share data — that's correct Blender instancing. The `_setup_billboard_lod` only fires for trees (set `_TREE_VEG_TYPES` in lod_pipeline) — rocks/ground cover get only LOD distance cus…,implement HISM-style hierarchical batching by spatial chunk.
vegetation_system.py,1552,function,load_mesh_library,load_mesh_library,GRADED,file_qualified,B-,,B-,Terrain pipeline helper / production utility,Needs callable-specific focused evidence before promotion above B-.,Add exact unit/integration evidence for this callable and update grade row with proof.
vegetation_system.py,1609,function,_derive_cliff_sdf_m,_derive_cliff_sdf_m,GRADED,file_qualified,B-,,B-,Terrain pipeline helper / production utility,Needs callable-specific focused evidence before promotion above B-.,Add exact unit/integration evidence for this callable and update grade row with proof.
vegetation_system.py,1627,function,_derive_water_edge_sdf_m,_derive_water_edge_sdf_m,GRADED,file_qualified,B-,,B-,Terrain pipeline helper / production utility,Needs callable-specific focused evidence before promotion above B-.,Add exact unit/integration evidence for this callable and update grade row with proof.
vegetation_system.py,1644,function,build_foliage_placement_manifest,build_foliage_placement_manifest,GRADED,file_qualified,B-,,B-,Terrain pipeline helper / production utility,Needs callable-specific focused evidence before promotion above B-.,Add exact unit/integration evidence for this callable and update grade row with proof.
vegetation_system.py,1833,function,write_foliage_placement_manifest,write_foliage_placement_manifest,GRADED,file_qualified,B-,,B-,Terrain pipeline helper / production utility,Needs callable-specific focused evidence before promotion above B-.,Add exact unit/integration evidence for this callable and update grade row with proof.
vertex_paint_live.py,17,function,_smoothstep,_smoothstep,GRADED,file_qualified,A,A|2026-04-23: verified smoothstep helper -> clamped Hermite interpolation behaves correctly for live vertex-paint falloff,A,,,
vertex_paint_live.py,22,function,_dist3d,_dist3d,GRADED,file_qualified,A,A|2026-04-24: evidence-backed vertex paint distance helper -> direct Euclidean test covered,A,Vertex paint brush math primitive,Pure scalar helper; vectorized path remains primary for bulk paint.,Keep scalar/vector parity tests.
vertex_paint_live.py,28,function,_dist2d,_dist2d,GRADED,file_qualified,A,A|2026-04-24: evidence-backed vertex paint distance helper -> direct Euclidean test covered,A,UV brush math primitive,Pure scalar helper; vectorized path remains primary for bulk paint.,Keep scalar/vector parity tests.
vertex_paint_live.py,32,function,_falloff_weight,_falloff_weight,GRADED,file_qualified,A-,A-|2026-04-24: evidence-backed vertex paint falloff helper -> direct boundary and zero-radius tests covered,,Vertex paint falloff primitive,Unknown mode still falls back to smooth for compatibility instead of strict rejection.,Add strict-mode validation for authoring tools if needed.
vertex_paint_live.py,62,function,compute_paint_weights,compute_paint_weights,GRADED,file_qualified,B+,B+|2026-04-19: confirmed B+ -> numpy vectorised SMOOTH/LINEAR/SHARP/CONSTANT falloff,D,Blender sculpt brush kernel; ZBrush masking brush,Python for-loop with math.sqrt per vertex - for 100k verts this is 100ms+ instead of <1ms vectorized,"Vectorize with numpy: d = np.linalg.norm(verts - center, axis=1); apply np.where falloff"
vertex_paint_live.py,116,function,compute_paint_weights_uv,compute_paint_weights_uv,GRADED,file_qualified,B+,B+|2026-04-19: confirmed B+ -> numpy vectorised UV-space falloff all modes,D,Substance Painter UV brush kernel,Same Python-loop issue as 3D version; runs per brush stroke during live painting,Vectorize identically to 3D version using numpy
vertex_paint_live.py,168,function,blend_colors,blend_colors,GRADED,file_qualified,B+,B+|2026-04-19: confirmed B+ -> alpha preserved on ADD/SUBTRACT MULTIPLY identity at strength=0,B-,Photoshop layer blend modes; Substance color ops,"Scalar per-call is fine but caller loops this per vertex, reintroducing Python overhead","Offer vectorized blend_colors_array(existing_Nx4, new_Nx4, strength, mode) for per-vertex application"
vertex_paint_live.py,228,function,blend_colors_array,blend_colors_array,GRADED,file_qualified,A-,A-|2026-04-24: evidence-backed vertex color array helper -> direct clamp and shape tests covered,,Vectorized vertex color weighting primitive,It weights existing colors only; full brush blend modes live in blend_colors.,Add vectorized mode-aware brush blending if batch paint expands.
weathering.py,116,function,_stage_weight,_stage_weight,GRADED,file_qualified,A,A|2026-04-19: Hann-window raised-cosine tent weight; C1-smooth transitions; zero at endpoints.,A,,,
weathering.py,144,function,_compute_bounding_box,_compute_bounding_box,GRADED,file_qualified,A,A|2026-04-19: AABB helper; handles empty list; returns named-key dict.,A,,,
weathering.py,172,function,_compute_edge_convexity,_compute_edge_convexity,GRADED,file_qualified,A-,"A-|2026-04-19: per-edge normal dot curvature; normalised to [-1,1]; acceptable for hero mesh counts.",,,,
weathering.py,205,function,_compute_slope_aspect,_compute_slope_aspect,GRADED,file_qualified,A,"A|2026-04-19: Z-up slope=acos(nz) aspect=atan2(nx,-ny); north-facing=0 convention correct.",A,,,
weathering.py,230,function,_smooth_channel,_smooth_channel,GRADED,file_qualified,A,A|2026-04-19: rasterise to grid; scipy Gaussian smooth; EDT fill for empty cells; correct sigma scaling.,A,,,
weathering.py,300,function,compute_weathered_vertex_colors,compute_weathered_vertex_colors,GRADED,file_qualified,A,A|2026-04-23 Phase-D: R9 note documents canonical upgrade from lower grade; grade jump C-/A- -> A (R9 is authoritative post-upgrade assessment with citation); A-|2026-04-19: 5-stage Hann-blended model; concavity+north-factor+height+slope age modifiers; Gaussian-smoothed age field.,A,Quixel Mixer weathering overlay; Substance weather smart masks,Per-vertex Python loop with float ops; edge convexity also Python-looped in _compute_edge_convexity; no numpy,Vectorize convexity (np.einsum for edge dots) and color blend (numpy broadcasts)
weathering.py,469,function,apply_structural_settling,apply_structural_settling,GRADED,file_qualified,A,A|2026-04-23 Phase-D: R9 note documents canonical upgrade from lower grade; grade jump C/A- -> A (R9 is authoritative post-upgrade assessment with citation); A-|2026-04-19: subsidence (load*softness) + tilt (settlement gradient) + creep diffusion; numpy fast path; deterministic via seed.,A,UE5 foliage settling; Unity terrain post-processing,Per-vertex rng.gauss in Python; bbox is computed then discarded (dead code + misleading cache param); no spatial coherence so neighbors are independent,"Use np.random.default_rng(seed).normal(0, strength, n); add spatial coherence via low-freq perlin noise"
world_map.py,298,function,_dist2d,_dist2d,GRADED,file_qualified,A,A|2026-04-24: evidence-backed world-map distance helper -> direct Euclidean test covered,A,World-map spatial helper,Pure planar distance only; no terrain-cost weighting.,Use terrain-cost distance for road gameplay if needed.
world_map.py,302,function,_nearest_region,_nearest_region,GRADED,file_qualified,A-,A-|2026-04-24: evidence-backed nearest-region helper -> direct nearest and fail-fast tests covered,,POI-to-region assignment primitive,Center-only lookup ignores actual Voronoi polygon containment.,Upgrade to polygon containment if exact region ownership matters.
world_map.py,316,function,_place_seed_points,_place_seed_points,GRADED,file_qualified,A-,A-|2026-04-24: evidence-backed seed placement helper -> direct bounds and validation tests covered,,Open-world region seed layout primitive,Not blue-noise/Poisson; grid jitter can still look regular at scale.,Upgrade to Poisson-disk seeds for AAA world layout polish.
world_map.py,343,function,_compute_voronoi_bounds,_compute_voronoi_bounds,GRADED,file_qualified,A-,A-|2026-04-24: evidence-backed Voronoi bounds helper -> direct bounds and validation tests covered,,Voronoi region bounds primitive,"Bounds are boxes, not exact clipped polygons; fallback is resolution-dependent.",Use exact clipped Voronoi polygons for AAA world partition exports.
world_map.py,422,function,_build_connections,_build_connections,GRADED,file_qualified,A-,A-|2026-04-24: evidence-backed world-map connection helper -> direct graph contract tests covered,,World-map road/region graph primitive,"Road quality is straight-line graph only, not terrain-cost pathfinding.",Route connections through slope/biome cost maps for AAA road layout.
world_map.py,495,function,generate_world_map,generate_world_map,GRADED,file_qualified,B+,B+|2026-04-19: confirmed B+ -> Voronoi 8-mirror Prim MST jittered grid layout,B-,Houdini POP/Voronoi region gen; Ubisoft Ghost Recon world generator,_compute_voronoi_bounds is O(res^2 * N) pure-Python; _nearest_region is O(N) per POI; scales poorly beyond ~20 regions,Replace _compute_voronoi_bounds with scipy.spatial.Voronoi; use cKDTree for _nearest_region
world_map.py,578,function,world_map_to_dict,world_map_to_dict,GRADED,file_qualified,A,,A,Unity/UE5 level serialization JSON dump,None for scope,
world_map.py,618,function,place_landmarks,place_landmarks,GRADED,file_qualified,B+,,B+,Skyrim landmark placement; Horizon Zero Dawn tallneck placement,No collision check against existing POIs/rivers/road network; min_height variance hardcoded at 0..0.5x,Add Poisson-disk rejection vs existing world features
world_map.py,671,function,generate_storytelling_scene,generate_storytelling_scene,GRADED,file_qualified,B+,,B+,RDR2 environmental storytelling prop scatter,Only blood_trail has patterned distribution; other patterns use uniform polar scatter with no spatial templates,Add per-pattern spatial templates (camp circular layout; battlefield dispersed cluster)
