file,line,kind,callable,simple_name,grade_match_status,final_grade,r9_consensus,aaa_equivalent,weakness,upgrade
__init__.py,18,function,register_all,register_all,MISSING,,,,,
__init__.py,42,function,_build_command_handlers,_build_command_handlers,MISSING,,,,,
__init__.py,55,function,_try_register,_try_register,MISSING,,,,,
__init__.py,67,function,_make_signature_handler,_make_signature_handler,MISSING,,,,,
__init__.py,72,function,_handler,_handler,MISSING,,,,,
__init__.py,221,function,_handle_generate_coastline,_handle_generate_coastline,MISSING,,,,,
__init__.py,262,function,_handle_generate_world_map,_handle_generate_world_map,MISSING,,,,,
__init__.py,281,function,_handle_compute_light_placements,_handle_compute_light_placements,MISSING,,,,,
__init__.py,289,function,_handle_merge_lights,_handle_merge_lights,MISSING,,,,,
__init__.py,292,function,_handle_light_budget,_handle_light_budget,MISSING,,,,,
__init__.py,295,function,_handle_compute_probe_placements,_handle_compute_probe_placements,MISSING,,,,,
__init__.py,330,function,_handle_compute_atmospheric_placements,_handle_compute_atmospheric_placements,MISSING,,,,,
__init__.py,337,function,_handle_volume_mesh_spec,_handle_volume_mesh_spec,MISSING,,,,,
__init__.py,340,function,_handle_atmosphere_performance,_handle_atmosphere_performance,MISSING,,,,,
__init__.py,358,function,_handle_select_by_box,_handle_select_by_box,MISSING,,,,,
__init__.py,365,function,_handle_select_by_sphere,_handle_select_by_sphere,MISSING,,,,,
__init__.py,372,function,_handle_select_by_plane,_handle_select_by_plane,MISSING,,,,,
__init__.py,380,function,_handle_parse_selection_criteria,_handle_parse_selection_criteria,MISSING,,,,,
__init__.py,399,function,_handle_smooth_assembled_mesh,_handle_smooth_assembled_mesh,MISSING,,,,,
__init__.py,418,function,_handle_compute_paint_weights,_handle_compute_paint_weights,MISSING,,,,,
__init__.py,426,function,_handle_compute_paint_weights_uv,_handle_compute_paint_weights_uv,MISSING,,,,,
__init__.py,434,function,_handle_blend_colors,_handle_blend_colors,MISSING,,,,,
__init__.py,455,function,_handle_evaluate_mesh_quality,_handle_evaluate_mesh_quality,MISSING,,,,,
__init__.py,462,function,_handle_select_fix_action,_handle_select_fix_action,MISSING,,,,,
__init__.py,480,function,_handle_compute_weathered_vertex_colors,_handle_compute_weathered_vertex_colors,MISSING,,,,,
__init__.py,487,function,_handle_apply_structural_settling,_handle_apply_structural_settling,MISSING,,,,,
__init__.py,508,function,_handle_generate_env_keyframes,_handle_generate_env_keyframes,MISSING,,,,,
__init__.py,516,function,_make_generator_handler,_make_generator_handler,MISSING,,,,,
__init__.py,519,function,_h,_h,MISSING,,,,,
__init__.py,550,function,_get_or_build_session,_get_or_build_session,MISSING,,,,,
__init__.py,564,function,_handle_terrain_preview_apply,_handle_terrain_preview_apply,MISSING,,,,,
__init__.py,573,function,_handle_terrain_preview_state,_handle_terrain_preview_state,MISSING,,,,,
__init__.py,583,function,_handle_terrain_preview_reset,_handle_terrain_preview_reset,MISSING,,,,,
__init__.py,587,function,_handle_terrain_preview_diff,_handle_terrain_preview_diff,MISSING,,,,,
__init__.py,601,function,_handle_terrain_preview_render_thumbnail,_handle_terrain_preview_render_thumbnail,MISSING,,,,,
__init__.py,633,function,_get_watcher,_get_watcher,MISSING,,,,,
__init__.py,642,function,_handle_hot_reload_start,_handle_hot_reload_start,MISSING,,,,,
__init__.py,646,function,_handle_hot_reload_stop,_handle_hot_reload_stop,MISSING,,,,,
__init__.py,650,function,_handle_hot_reload_check,_handle_hot_reload_check,MISSING,,,,,
__init__.py,680,function,_coerce_bbox,_coerce_bbox,MISSING,,,,,
__init__.py,699,function,_serialize_vantage,_serialize_vantage,MISSING,,,,,
__init__.py,711,function,_coerce_vantage,_coerce_vantage,MISSING,,,,,
__init__.py,730,function,_handle_read_viewport_vantage,_handle_read_viewport_vantage,MISSING,,,,,
__init__.py,741,function,_handle_assert_vantage_fresh,_handle_assert_vantage_fresh,MISSING,,,,,
__init__.py,754,function,_handle_is_in_frustum,_handle_is_in_frustum,MISSING,,,,,
__init__.py,780,function,_handle_addon_health,_handle_addon_health,MISSING,,,,,
__init__.py,800,function,_handle_detect_stale_addon,_handle_detect_stale_addon,MISSING,,,,,
__init__.py,803,function,_handle_force_addon_reload,_handle_force_addon_reload,MISSING,,,,,
__init__.py,818,function,_handle_boolean_safety_check,_handle_boolean_safety_check,MISSING,,,,,
__init__.py,844,function,_handle_convert_yup_to_zup,_handle_convert_yup_to_zup,MISSING,,,,,
__init__.py,858,function,_handle_clamp_screenshot_size,_handle_clamp_screenshot_size,MISSING,,,,,
__init__.py,882,function,_handle_performance_report,_handle_performance_report,MISSING,,,,,
__init__.py,901,function,_handle_navmesh_export,_handle_navmesh_export,MISSING,,,,,
__init__.py,928,function,_handle_validation,_handle_validation,MISSING,,,,,
__init__.py,963,function,_handle_load_quality_profile,_handle_load_quality_profile,MISSING,,,,,
__init__.py,981,function,_handle_list_quality_profiles,_handle_list_quality_profiles,MISSING,,,,,
__init__.py,984,function,_handle_apply_quality_profile,_handle_apply_quality_profile,MISSING,,,,,
_biome_grammar.py,46,function,resolve_biome_name,resolve_biome_name,GRADED,,,,,
_biome_grammar.py,130,function,generate_world_map_spec,generate_world_map_spec,GRADED,,,UE5 PCG World Partition biome graph / Witcher 3 region splitter,Voronoi is fixed-weight — no biome-count rebalancing based on temperature/moisture gradients; flatten zones are circular only.,Climate-driven Voronoi weighting; rectangular flatten zones for linear building footprints.
_biome_grammar.py,288,function,_generate_corruption_map,_generate_corruption_map,GRADED,,,,,
_biome_grammar.py,339,function,_fbm_grid,_fbm_grid,MISSING,,,,,
_biome_grammar.py,390,function,_box_filter_2d,_box_filter_2d,GRADED,,,,,
_biome_grammar.py,473,function,_distance_from_mask,_distance_from_mask,GRADED,,,,,
_biome_grammar.py,558,function,apply_periglacial_patterns,apply_periglacial_patterns,GRADED,,,Gaea frost-heave micro-relief,Python loop over n_centers for distance (O(N*H*W)) — scales poorly; uses np.random.RandomState (legacy); no orientation (real stone stripes align with slope).,Use KDTree or broadcast to single numpy op; add slope-aligned striping.
_biome_grammar.py,684,function,apply_desert_pavement,apply_desert_pavement,GRADED,,,Gaea Desert/Arid node,Pure-numpy box filter via _box_filter_2d has O(H*W) Python loop — slow on 1k+ grids.,Use np.cumsum-based vectorized integral-image computation.
_biome_grammar.py,839,function,compute_spring_line_mask,compute_spring_line_mask,GRADED,,,Hydrological seepage analysis (Houdini/Arcgis),"Layer boundaries placed by elevation quantization — real geology uses stratigraphic dip, not level contours. Narrow bands (exp/0.001) can miss entirely at some resolutions.",Use actual stratigraphy (from terrain_stratigraphy) rather than quantized elevation.
_biome_grammar.py,941,function,apply_landslide_scars,apply_landslide_scars,GRADED,,,Gaea Slump / Skyrim landslide scars,Scar mask is concentric circle (uphill vs downhill not asymmetric); deposit placement uses gradient at origin only — doesn't flow along actual descent path.,Trace downslope path and distribute deposits along travel line; elongate scar uphill only.
_biome_grammar.py,1099,function,apply_hot_spring_features,apply_hot_spring_features,GRADED,,,Yellowstone travertine terraces reference (Hell Let Loose / Horizon),"Perfect circular rings; real travertine is asymmetric (downhill-biased, irregular ridges).",Skew rings downhill; perturb ring_r by noise.
_biome_grammar.py,1256,function,apply_reef_platform,apply_reef_platform,GRADED,,,Horizon Forbidden West coral reef authoring,Uniform reef around whole coast; real reefs are biased toward warm/shallow-gradient shores.,Gate by tidal_range and distance-from-land to avoid reefs in deep-water-hugging coasts.
_biome_grammar.py,1440,function,apply_tafoni_weathering,apply_tafoni_weathering,GRADED,,,Honeycomb weathering decals (Megascans),50 cavities over full heightmap is sparse — honeycomb weathering is by definition dense; cavity depth flat (no interior texture).,Scale cavity count with steep area; layer micro+macro cavities.
_biome_grammar.py,1543,function,_place_cavities,_place_cavities,MISSING,,,,,
_biome_grammar.py,1607,function,_contagion_prob,_contagion_prob,MISSING,,,,,
_biome_grammar.py,1707,function,apply_geological_folds,apply_geological_folds,GRADED,,,Gaea Stratify + Tilt nodes combined,Adds folds linearly — real tectonic folds scale fold amplitude with cumulative strain and plunge along axis.,Add plunging-fold support (amplitude varies along strike).
_bridge_mesh.py,21,function,generate_terrain_bridge_mesh,generate_terrain_bridge_mesh,MISSING,,,,,
_mesh_bridge.py,220,function,_lsystem_tree_generator,_lsystem_tree_generator,MISSING,,,,,
_mesh_bridge.py,528,function,get_material_for_category,get_material_for_category,MISSING,,,,,
_mesh_bridge.py,545,function,_face_normal,_face_normal,MISSING,,,,,
_mesh_bridge.py,564,function,_dot3,_dot3,MISSING,,,,,
_mesh_bridge.py,568,function,post_boolean_cleanup,post_boolean_cleanup,MISSING,,,,,
_mesh_bridge.py,952,function,resolve_generator,resolve_generator,MISSING,,,,,
_mesh_bridge.py,975,function,_compute_aabb,_compute_aabb,MISSING,,,,,
_mesh_bridge.py,990,function,_cluster_vertices,_cluster_vertices,MISSING,,,,,
_mesh_bridge.py,1047,function,_make_billboard_spec,_make_billboard_spec,MISSING,,,,,
_mesh_bridge.py,1145,function,generate_lod_specs,generate_lod_specs,MISSING,,,,,
_mesh_bridge.py,1327,function,mesh_from_spec,mesh_from_spec,MISSING,,,,,
_scatter_engine.py,34,function,poisson_disk_sample,poisson_disk_sample,MISSING,,,,,
_scatter_engine.py,85,function,_rand_uniform,_rand_uniform,MISSING,,,,,
_scatter_engine.py,87,function,_rand_int,_rand_int,MISSING,,,,,
_scatter_engine.py,91,function,_rand_uniform,_rand_uniform,MISSING,,,,,
_scatter_engine.py,93,function,_rand_int,_rand_int,MISSING,,,,,
_scatter_engine.py,107,function,_density_at,_density_at,MISSING,,,,,
_scatter_engine.py,136,function,_grid_idx,_grid_idx,MISSING,,,,,
_scatter_engine.py,143,function,_is_valid,_is_valid,MISSING,,,,,
_scatter_engine.py,212,function,lloyd_relax_points,lloyd_relax_points,MISSING,,,,,
_scatter_engine.py,312,function,biome_filter_points,biome_filter_points,MISSING,,,,,
_scatter_engine.py,587,function,context_scatter,context_scatter,MISSING,,,,,
_scatter_engine.py,734,function,_map_sample,_map_sample,MISSING,,,,,
_scatter_engine.py,856,function,_weighted_choice,_weighted_choice,MISSING,,,,,
_scatter_engine.py,936,function,generate_breakable_variants,generate_breakable_variants,MISSING,,,,,
_scatter_engine.py,1006,function,_build_geometry_op,_build_geometry_op,MISSING,,,,,
_scatter_engine.py,1020,function,_generate_fragments,_generate_fragments,MISSING,,,,,
_scatter_engine.py,1067,function,_generate_debris,_generate_debris,MISSING,,,,,
_scatter_engine.py,1134,function,generate_canyon,generate_canyon,NAME_ONLY_MATCH,,,"Houdini Heightfield carve + side tributary erosion (e.g. RDR2 Grand Canyon, Uncharted Lost Legacy canyons)","Canyon is a straight rectilinear trench along X with only mild y-offset wall noise; no meander, no talus slopes, no stratified horizontal rock layers, and 'side caves' are only metadata dicts with zero actual mesh carved into the walls.","Build canyon centerline via meandering spline, carve walls from a base heightmap with multi-octave stratified erosion, generate real boolean cave voids at each side cave, and add scree/debris cones at wall bases."
_scatter_engine.py,1234,function,generate_waterfall,generate_waterfall,NAME_ONLY_MATCH,,,"Horizon Forbidden West / Genshin waterfall with volumetric water plume, pool caustics, and mist VFX; Gaea water-carving layer.","Ledges are literally single quads (no side/bottom faces), pool is a crude 16-sided fan triangle disc with no lip or undercut, 'cave behind' is pure metadata with no geometry carved, and there is no water mesh, no plunge basin curvature, and no erosion behind/below the falls.","Generate real boxed ledges with front undercuts, carve a real cave void behind the flow with SDF boolean, build a volumetric water plume mesh (tapered prism, not plane) and a contoured plunge pool with distinct lip, and output mist emitter positions."
_scatter_engine.py,1328,function,generate_cliff_face,generate_cliff_face,NAME_ONLY_MATCH,,,"Uncharted / Tomb Raider climbable cliff with ledge kit, or UE Landscape Layer Blend with overhang tool.","Base cliff is still a single planar heightfield tilted at the top (not true overhangs with undercut), cave entrances are metadata only with no holes punched in the face, and ledge ribbon is a flat two-vertex strip with no thickness or railings/handholds.","Use a displaced volumetric slab (front + top + underside stitched) so overhang becomes a real shelf, boolean-carve cave entrances through the face, and extrude the ledge into a 3D walkable shelf with chamfered edge."
_scatter_engine.py,1416,function,generate_swamp_terrain,generate_swamp_terrain,NAME_ONLY_MATCH,,,"Far Cry/Witcher 3 bog biome with hummock stamps, standing water masks, and island dry-zone classification.","Resolution scales as size/2 (so a 50m swamp is only 25x25 = 625 quads = ~2m quads) which is too coarse for AAA; no channel/river carving, no peat/hammock micro-morphology, and water is tagged via material only — there is no actual water plane mesh.","Raise resolution to sub-meter, carve drainage channels with hydraulic erosion pass, emit a separate water surface mesh aligned to water_level, and output root/reed scatter masks instead of just material IDs."
_scatter_engine.py,1516,function,generate_sinkhole,generate_sinkhole,NAME_ONLY_MATCH,,,"Tomb Raider/Uncharted cenote or Sima de las Cotorras with vertical walls, vegetation shelves, and water pool bottom.","Walls are still rotationally symmetric (only 15% narrowing at bottom, no undercuts or bell shape), rubble boxes are axis-aligned and identical topology, the bottom cave is metadata-only with no actual opening cut into the wall, and there is no water/vegetation shelf despite sinkholes typically having both.","Allow non-axisymmetric radius profile (bell or hourglass), boolean-carve the bottom cave into the wall mesh, scatter rocks with varied topology and rotation, and add a mid-depth vegetation shelf ring."
_scatter_engine.py,1621,function,generate_floating_rocks,generate_floating_rocks,NAME_ONLY_MATCH,,,Avatar/Horizon floating islands or Zelda TOTK sky islands; Houdini Voronoi-fractured rock clusters.,"Chain 'links' are open cylindrical shafts stacked vertically (not interlocked torus rings), rocks are fundamentally noisy spheres with no sharp fractured planes or crystalline protrusions, undersides look identical to tops (same material differentiation is purely tag-based), and there is no island flat top / grass zone typical of fantasy float rocks.","Replace sphere base with Voronoi-fractured polyhedra giving flat facets, differentiate top via flattened cap + grass mask, make chain links actual torus primitives interlocking at 90-degree alternation, and add crystal vein mesh geometry rather than just material tag."
_scatter_engine.py,1727,function,generate_ice_formation,generate_ice_formation,NAME_ONLY_MATCH,,,"God of War Ragnarok ice caves / Horizon FW Cauldrons with volumetric ice, parallax refraction, and icicle clusters.","Stalactite material banding uses `kt` variable that is actually the OUTER loop counter `k` from a previous loop (variable captured incorrectly — bug: `kt` in the mat_indices block references the last stalactite's last ring k/cone_rings, not current face position), 'refraction zones' are randomly sampled metadata disconnected from the actual curvature classification applied to faces, ice wall is a flat displaced plane (no thickness), and there is no floor/stalagmite, no pool, no volumetric ice.",Fix the kt-scoping bug so banding tracks current ring properly; extrude the ice wall into a volume with frosted interior; add matching stalagmites and frozen pool mesh; derive refraction_zones from the actual high-curvature face centers rather than random sampling.
_scatter_engine.py,1819,function,generate_lava_flow,generate_lava_flow,NAME_ONLY_MATCH,,,Horizon Burning Shores lava channels or Kilauea reference with pahoehoe crust folds and incandescent fissures.,"Flow is still a single-strip ribbon — no branching, no pillow/tube morphology, no solidification fingers; crust edges are symmetric with simple linear height profile, no a'a vs pahoehoe variation; lava surface is the same continuous grid as the rock banks with no lip or embankment discontinuity; heat zones are uniformly distributed along t with no flow-physics grounding.","Replace ribbon with a 2D flow-accumulation field producing branching channels, model crust as a separate floating shell above a lower hot-lava surface (two meshes) with broken crust patches, and derive heat_zones from channel-width narrowings/drop points instead of uniform sampling."
_terrain_depth.py,55,function,_fbm_noise2,_fbm_noise2,MISSING,,,,,
_terrain_depth.py,66,function,_h,_h,MISSING,,,,,
_terrain_depth.py,84,function,generate_cliff_face_mesh,generate_cliff_face_mesh,GRADED,,,Megascans cliff scans / Quixel rock kit / Gaea Rock node,"Single Gaussian-noise pass with sinusoidal mask — no fracture planes, no strata layering, no overhangs. AAA cliffs use scanned heightfields or rule-based joint systems.","Add stacked strata noise, fault-plane displacement, overhang support (Y can exceed 0.3*sin curve), and weathered talus at base."
_terrain_depth.py,142,function,_strata_y_offset,_strata_y_offset,MISSING,,,,,
_terrain_depth.py,165,function,_erosion_recess,_erosion_recess,MISSING,,,,,
_terrain_depth.py,259,function,generate_cave_entrance_mesh,generate_cave_entrance_mesh,GRADED,,,UE5 Nanite cave kit / Skyrim cave entrance module,"Symmetric semicircular arch, uniform extrusion — no irregular mouth shape, no stalactites/lintel erosion, no interior branching.","Randomize arch shape (non-semicircle), vary ring profile along depth, add debris apron + rock framing."
_terrain_depth.py,504,function,generate_biome_transition_mesh,generate_biome_transition_mesh,GRADED,,,UE Landscape layer blend / Witcher 3 biome transition,"Flat plane with trivial Gaussian bumps. Blend is linear across x. No actual biome-specific geometry (roots, moss hummocks, puddles).",Height should sample from biome-specific heightmap; blend factor should be noise-displaced not straight-linear.
_terrain_depth.py,584,function,_boundary_warp_offset,_boundary_warp_offset,MISSING,,,,,
_terrain_depth.py,617,function,_sample_hmap,_sample_hmap,MISSING,,,,,
_terrain_depth.py,638,function,_smoothstep,_smoothstep,MISSING,,,,,
_terrain_depth.py,758,function,generate_waterfall_mesh,generate_waterfall_mesh,GRADED,,,Horizon Forbidden West waterfall / RDR2 volumetric cascade,"Curtain is a flat-ish two-row strip (checks feedback_waterfall_must_have_volume — this IS almost flat). Pool is a single-segment fan disk. No mist zone, no foam edge, no thickness taper — exactly the failure mode called out in memory.","Curtain needs front curvature >=3 segments, thickness taper top->bottom, plunge pool needs bowl not flat disc. Integrate with terrain_waterfalls_volumetric profile."
_terrain_depth.py,899,function,_curtain_row,_curtain_row,MISSING,,,,,
_terrain_depth.py,1221,function,detect_cliff_edges,detect_cliff_edges,GRADED,,,Houdini Edge Detection / Gaea Slope mask with clustering,Python for-loop flood-fill is O(N) but slow on large grids; Dr. cluster rotation uses only center cell gradient (not PCA over cluster); no confidence/overlap score.,Switch to scipy.ndimage.label for O(HW) label pass and fit oriented bounding box via PCA of cluster cells for rotation.
_terrain_erosion.py,208,function,apply_hydraulic_erosion_masks,apply_hydraulic_erosion_masks,MISSING,,,,,
_terrain_erosion.py,528,function,apply_hydraulic_erosion,apply_hydraulic_erosion,MISSING,,,,,
_terrain_erosion.py,567,function,_deposit,_deposit,MISSING,,,,,
_terrain_erosion.py,580,function,_erode_brush,_erode_brush,MISSING,,,,,
_terrain_erosion.py,686,function,apply_thermal_erosion_masks,apply_thermal_erosion_masks,MISSING,,,,,
_terrain_erosion.py,833,function,apply_thermal_erosion,apply_thermal_erosion,NAME_ONLY_MATCH,,,Houdini Heightfield Erode Thermal / Gaea Thermal node,Pure-Python double loop is 100x slower than a numpy vectorized version; uses 4-neighborhood only (no diagonals) so scree fans look axis-aligned; no angle-of-repose per-material layer; returns .tolist() blowing memory for 512+ maps.,"Vectorize with numpy shift operations (np.roll + max), add 8-neighborhood with sqrt(2) distance scaling, and expose per-cell talus from a mask for multi-material slopes."
_terrain_erosion.py,857,function,compute_stream_power_erosion,compute_stream_power_erosion,MISSING,,,,,
_terrain_erosion.py,949,function,_build_receiver_topo,_build_receiver_topo,MISSING,,,,,
_terrain_noise.py,68,function,_build_permutation_table,_build_permutation_table,MISSING,,,,,
_terrain_noise.py,81,function,_perlin_noise2_array,_perlin_noise2_array,MISSING,,,,,
_terrain_noise.py,153,method,_PermTableNoise.noise2,noise2,MISSING,,,,,
_terrain_noise.py,159,method,_PermTableNoise.noise2_array,noise2_array,MISSING,,,,,
_terrain_noise.py,163,method,_PermTableNoise.noise3,noise3,MISSING,,,,,
_terrain_noise.py,191,function,_make_noise_generator,_make_noise_generator,MISSING,,,,,
_terrain_noise.py,235,method,_OpenSimplexWrapper.noise2,noise2,MISSING,,,,,
_terrain_noise.py,244,method,_OpenSimplexWrapper.noise3,noise3,MISSING,,,,,
_terrain_noise.py,254,method,_OpenSimplexWrapper.noise4,noise4,MISSING,,,,,
_terrain_noise.py,289,method,_OpenSimplexWrapper.noise2_array,noise2_array,MISSING,,,,,
_terrain_noise.py,307,method,_OpenSimplexWrapper.noise3_array,noise3_array,MISSING,,,,,
_terrain_noise.py,358,method,_OpenSimplexWrapper.noise4_array,noise4_array,MISSING,,,,,
_terrain_noise.py,420,function,opensimplex2s_noise2,opensimplex2s_noise2,MISSING,,,,,
_terrain_noise.py,444,function,opensimplex2s_noise2_array,opensimplex2s_noise2_array,MISSING,,,,,
_terrain_noise.py,489,function,_noise_with_gradient,_noise_with_gradient,MISSING,,,,,
_terrain_noise.py,506,function,fbm_iq,fbm_iq,MISSING,,,,,
_terrain_noise.py,559,function,phacelle_noise_simple,phacelle_noise_simple,MISSING,,,,,
_terrain_noise.py,591,function,_hash_float,_hash_float,MISSING,,,,,
_terrain_noise.py,637,function,_hash2_scalar,_hash2_scalar,MISSING,,,,,
_terrain_noise.py,651,function,_smoothstep,_smoothstep,MISSING,,,,,
_terrain_noise.py,659,function,voronoise,voronoise,MISSING,,,,,
_terrain_noise.py,728,function,domain_warp_fbm,domain_warp_fbm,MISSING,,,,,
_terrain_noise.py,797,function,_cellular_f1_f2,_cellular_f1_f2,MISSING,,,,,
_terrain_noise.py,830,function,cellular_smin,cellular_smin,MISSING,,,,,
_terrain_noise.py,1094,function,_apply_geological_constraints,_apply_geological_constraints,MISSING,,,,,
_terrain_noise.py,1170,function,generate_heightmap,generate_heightmap,MISSING,,,,,
_terrain_noise.py,1363,function,_apply_terrain_preset,_apply_terrain_preset,MISSING,,,,,
_terrain_noise.py,1471,function,_theoretical_max_amplitude,_theoretical_max_amplitude,MISSING,,,,,
_terrain_noise.py,1486,function,_compute_slope_gradient,_compute_slope_gradient,MISSING,,,,,
_terrain_noise.py,1507,function,compute_slope_map_radians,compute_slope_map_radians,MISSING,,,,,
_terrain_noise.py,1533,function,compute_slope_map_degrees,compute_slope_map_degrees,MISSING,,,,,
_terrain_noise.py,1566,function,compute_biome_assignments,compute_biome_assignments,MISSING,,,,,
_terrain_noise.py,1633,function,_neighbors,_neighbors,MISSING,,,,,
_terrain_noise.py,1643,function,_fill_8connected_gaps,_fill_8connected_gaps,MISSING,,,,,
_terrain_noise.py,1664,function,_astar,_astar,MISSING,,,,,
_terrain_noise.py,1703,function,heuristic,heuristic,MISSING,,,,,
_terrain_noise.py,1754,function,carve_river_path,carve_river_path,MISSING,,,,,
_terrain_noise.py,1858,function,generate_road_path_grid,generate_road_path_grid,MISSING,,,,,
_terrain_noise.py,1945,function,generate_road_path,generate_road_path,MISSING,,,,,
_terrain_noise.py,2001,function,_xy_to_rc,_xy_to_rc,MISSING,,,,,
_terrain_noise.py,2021,function,_h,_h,MISSING,,,,,
_terrain_noise.py,2107,function,_catmull_rom_segment,_catmull_rom_segment,MISSING,,,,,
_terrain_noise.py,2136,function,_duplicate_sharp_corners,_duplicate_sharp_corners,MISSING,,,,,
_terrain_noise.py,2167,function,smooth_road_path,smooth_road_path,MISSING,,,,,
_terrain_noise.py,2197,function,hydraulic_erosion,hydraulic_erosion,MISSING,,,,,
_terrain_noise.py,2493,function,ridged_multifractal,ridged_multifractal,MISSING,,,,,
_terrain_noise.py,2564,function,ridged_multifractal_array,ridged_multifractal_array,MISSING,,,,,
_terrain_noise.py,2625,function,domain_warp,domain_warp,MISSING,,,,,
_terrain_noise.py,2673,function,domain_warp_array,domain_warp_array,MISSING,,,,,
_terrain_noise.py,2715,function,voronoi_biome_distribution,voronoi_biome_distribution,MISSING,,,,,
_terrain_noise.py,2855,function,generate_heightmap_ridged,generate_heightmap_ridged,MISSING,,,,,
_terrain_noise.py,2919,function,generate_heightmap_with_noise_type,generate_heightmap_with_noise_type,MISSING,,,,,
_terrain_noise.py,2995,function,auto_splat_terrain,auto_splat_terrain,MISSING,,,,,
_terrain_world.py,55,function,_sample_single_height,_sample_single_height,MISSING,,,,,
_terrain_world.py,82,function,sample_world_height,sample_world_height,MISSING,,,,,
_terrain_world.py,122,function,generate_world_heightmap,generate_world_heightmap,GRADED,,,Gaea canvas sampler at world window,Thin wrapper around generate_heightmap; assumes single-scale noise; no macro/meso/micro composition.,Compose tectonic plates + regional distortion + local detail as separate noise layers (Gaea Mountain+Hills+Rocks).
_terrain_world.py,259,function,extract_tile,extract_tile,MISSING,,,,,
_terrain_world.py,285,function,validate_tile_seams,validate_tile_seams,MISSING,,,,,
_terrain_world.py,333,function,erode_world_heightmap,erode_world_heightmap,GRADED,,,Gaea Erosion2 / World Machine Erosion,Default 1000 hydraulic iterations is far below AAA (Gaea 10k+ for visible gully detail). Thermal only if explicitly asked.,Raise default to 10k+; auto-scale with resolution.
_terrain_world.py,497,function,world_region_dimensions,world_region_dimensions,MISSING,,,,,
_terrain_world.py,513,function,_terrain_type_from_intent,_terrain_type_from_intent,MISSING,,,,,
_terrain_world.py,526,function,_apply_post_height_seams,_apply_post_height_seams,MISSING,,,,,
_terrain_world.py,542,function,pass_generate_low_freq_hmap,pass_generate_low_freq_hmap,MISSING,,,,,
_terrain_world.py,603,function,pass_generate_high_freq_detail,pass_generate_high_freq_detail,MISSING,,,,,
_terrain_world.py,659,function,pass_composite_hmap,pass_composite_hmap,MISSING,,,,,
_terrain_world.py,712,function,_region_slice,_region_slice,NAME_ONLY_MATCH,,,,,
_terrain_world.py,729,function,_protected_mask,_protected_mask,MISSING,,,,,
_terrain_world.py,758,function,pass_macro_world,pass_macro_world,GRADED,,,Gaea Mountain/Hills base layer,Docstring admits it's effectively a no-op — height is populated at state construction. A real macro pass should orchestrate tectonic base + regional distortion. Currently it's a validator masquerading as a generator.,"Actually call generate_world_heightmap from authoring intent here, so macro_world owns the base terrain, not state construction."
_terrain_world.py,996,function,pass_structural_masks,pass_structural_masks,GRADED,,,Gaea Analysis nodes (Slope/Convexity/Flow/Ridge),supports_region_scope=False (always full-tile) which is correct but expensive; saliency_macro is a single scalar metric name rather than documented formula.,Doc each channel's formula and add tests that compare against a Houdini reference.
_terrain_world.py,1038,function,pass_erosion,pass_erosion,GRADED,,,Gaea Erosion2 / Houdini Erosion node,Default iterations 200-600 are low vs Gaea's 10k+; no explicit sediment transport conservation check; thermal uses only 6 iterations always.,Expose iteration scaling with tile resolution; add mass-balance validation.
_terrain_world.py,1195,function,_scope,_scope,MISSING,,,,,
_terrain_world.py,1324,function,pass_validation_minimal,pass_validation_minimal,GRADED,,,Houdini Asserts / UE validation framework,"Truly minimal — no range checks (height bounds), no monotone drainage validation, no seam validation with neighbors.",Add range + seam checks so 'validation' earns the name.
_water_network.py,118,function,compute_river_width,compute_river_width,GRADED,,,Hydraulic geometry (Leopold-Maddock relation),Scale factor is hardcoded default; no regional-calibration hook.,Expose scale_factor via biome/climate params.
_water_network.py,141,function,_compute_river_depth,_compute_river_depth,GRADED,,,,,
_water_network.py,199,function,trace_river_from_flow,trace_river_from_flow,GRADED,,,Houdini flow-following / Gaea Flow Trace,Uses Python list for path — okay for single rivers; min_accumulation check '> 0' allows starting cell below threshold.,Vectorize for bulk source processing.
_water_network.py,266,function,_build_sine_generated_waypoints,_build_sine_generated_waypoints,MISSING,,,,,
_water_network.py,402,function,priority_flood_d8,priority_flood_d8,MISSING,,,,,
_water_network.py,488,function,pass_hydrology,pass_hydrology,MISSING,,,,,
_water_network.py,536,function,register_pass_hydrology,register_pass_hydrology,MISSING,,,,,
_water_network.py,587,function,pass_water_flow_speed,pass_water_flow_speed,MISSING,,,,,
_water_network.py,694,function,register_pass_water_flow_speed,register_pass_water_flow_speed,MISSING,,,,,
_water_network.py,719,function,detect_lakes,detect_lakes,GRADED,,,Priority-flood spill-point analysis (Gaea Lake node),"Naive pit detection (cell < all 8 neighbors) misses plateau lakes where multiple cells share min; spill_z is lowest neighbor, not true watershed spill.",Use priority-flood algorithm (Barnes 2014) for real watershed spill computation.
_water_network.py,930,function,detect_waterfalls,detect_waterfalls,GRADED,,,Heuristic waterfall finder,"Only scans explicit river_path — won't find falls off the given path; best_drop is scalar, not rate (drop/horiz).",Score by drop rate (drop/horiz_dist); also run independently on drainage raster.
_water_network.py,1074,function,_find_high_accumulation_sources,_find_high_accumulation_sources,GRADED,,,,,
_water_network.py,1168,function,compute_velocity_field,compute_velocity_field,MISSING,,,,,
_water_network.py,1317,method,WaterNetwork._alloc_node_id,_alloc_node_id,GRADED,,,,,
_water_network.py,1322,method,WaterNetwork._alloc_segment_id,_alloc_segment_id,GRADED,,,,,
_water_network.py,1327,method,WaterNetwork._alloc_network_id,_alloc_network_id,GRADED,,,,,
_water_network.py,1332,method,WaterNetwork._grid_to_world,_grid_to_world,GRADED,,,,,
_water_network.py,1345,method,WaterNetwork.from_heightmap,from_heightmap,MISSING,,,,,
_water_network.py,1617,method,WaterNetwork._manning_discharge,_manning_discharge,MISSING,,,,,
_water_network.py,1662,method,WaterNetwork._compute_tile_contracts,_compute_tile_contracts,GRADED,,,,,
_water_network.py,1703,method,WaterNetwork._cell_center,_cell_center,MISSING,,,,,
_water_network.py,1707,method,WaterNetwork._liang_barsky_t,_liang_barsky_t,MISSING,,,,,
_water_network.py,1799,method,WaterNetwork._make_contract,_make_contract,MISSING,,,,,
_water_network.py,1825,method,WaterNetwork._ensure_tile,_ensure_tile,MISSING,,,,,
_water_network.py,1940,method,WaterNetwork.get_tile_contracts,get_tile_contracts,GRADED,,,,,
_water_network.py,1954,method,WaterNetwork.get_edge_head_levels,get_edge_head_levels,MISSING,,,,,
_water_network.py,1989,method,WaterNetwork.get_velocity_field,get_velocity_field,MISSING,,,,,
_water_network.py,1998,method,WaterNetwork.validate_seam_continuity,validate_seam_continuity,MISSING,,,,,
_water_network.py,2085,method,WaterNetwork.get_tile_water_features,get_tile_water_features,GRADED,,,,,
_water_network.py,2331,method,WaterNetwork.compute_strahler_orders,compute_strahler_orders,GRADED,,,,,
_water_network.py,2426,method,WaterNetwork.compute_shreve_orders,compute_shreve_orders,MISSING,,,,,
_water_network.py,2492,method,WaterNetwork.assign_strahler_orders,assign_strahler_orders,GRADED,,,,,
_water_network.py,2511,method,WaterNetwork.get_trunk_segments,get_trunk_segments,GRADED,,,,,
_water_network.py,2523,method,WaterNetwork.to_dict,to_dict,GRADED,,,,,
_water_network.py,2536,method,WaterNetwork._to_py,_to_py,MISSING,,,,,
_water_network.py,2612,method,WaterNetwork.from_dict,from_dict,GRADED,,,,,
_water_network.py,2663,function,_apply_delta_fan,_apply_delta_fan,MISSING,,,,,
_water_network.py,2741,function,detect_river_mouth_zones,detect_river_mouth_zones,MISSING,,,,,
_water_network.py,2836,function,_build_delta_fan_direction,_build_delta_fan_direction,MISSING,,,,,
_water_network.py,2881,function,_build_confluence_foam,_build_confluence_foam,MISSING,,,,,
_water_network.py,2952,function,pass_river_convergence,pass_river_convergence,MISSING,,,,,
_water_network.py,3028,function,register_pass_river_convergence,register_pass_river_convergence,MISSING,,,,,
_water_network_ext.py,43,function,add_meander,add_meander,MISSING,,,,,
_water_network_ext.py,188,function,apply_bank_asymmetry,apply_bank_asymmetry,MISSING,,,,,
_water_network_ext.py,262,function,solve_outflow,solve_outflow,MISSING,,,,,
_water_network_ext.py,524,function,_world_to_grid,_world_to_grid,NAME_ONLY_MATCH,,,,,
_water_network_ext.py,547,function,compute_wet_rock_mask,compute_wet_rock_mask,MISSING,,,,,
_water_network_ext.py,593,function,_smoothstep01,_smoothstep01,MISSING,,,,,
_water_network_ext.py,616,function,_source_strength_at,_source_strength_at,MISSING,,,,,
_water_network_ext.py,711,function,compute_foam_mask,compute_foam_mask,MISSING,,,,,
_water_network_ext.py,847,function,compute_mist_mask,compute_mist_mask,MISSING,,,,,
animation_environment.py,73,function,_ease_in_cubic_tangent,_ease_in_cubic_tangent,MISSING,,,,,
animation_environment.py,79,function,_ease_out_cubic_tangent,_ease_out_cubic_tangent,MISSING,,,,,
animation_environment.py,85,function,_smooth_step_tangent,_smooth_step_tangent,MISSING,,,,,
animation_environment.py,91,function,_make_kf,_make_kf,MISSING,,,,,
animation_environment.py,114,function,validate_env_params,validate_env_params,MISSING,,,,,
animation_environment.py,134,function,generate_door_open_keyframes,generate_door_open_keyframes,MISSING,,,,,
animation_environment.py,164,function,generate_door_close_keyframes,generate_door_close_keyframes,MISSING,,,,,
animation_environment.py,190,function,generate_door_slam_keyframes,generate_door_slam_keyframes,MISSING,,,,,
animation_environment.py,237,function,generate_door_creak_keyframes,generate_door_creak_keyframes,MISSING,,,,,
animation_environment.py,301,function,generate_gate_raise_keyframes,generate_gate_raise_keyframes,MISSING,,,,,
animation_environment.py,336,function,_h,_h,MISSING,,,,,
animation_environment.py,344,function,_dh,_dh,MISSING,,,,,
animation_environment.py,370,function,generate_gate_lower_keyframes,generate_gate_lower_keyframes,MISSING,,,,,
animation_environment.py,407,function,_h,_h,MISSING,,,,,
animation_environment.py,421,function,_dh,_dh,MISSING,,,,,
animation_environment.py,445,function,generate_drawbridge_keyframes,generate_drawbridge_keyframes,MISSING,,,,,
animation_environment.py,511,function,generate_shatter_keyframes,generate_shatter_keyframes,MISSING,,,,,
animation_environment.py,598,function,generate_wobble_collapse_keyframes,generate_wobble_collapse_keyframes,MISSING,,,,,
animation_environment.py,673,function,_fire_val_tang,_fire_val_tang,MISSING,,,,,
animation_environment.py,687,function,generate_fire_flicker_keyframes,generate_fire_flicker_keyframes,MISSING,,,,,
animation_environment.py,743,function,generate_torch_sway_keyframes,generate_torch_sway_keyframes,MISSING,,,,,
animation_environment.py,803,function,generate_water_wave_keyframes,generate_water_wave_keyframes,MISSING,,,,,
animation_environment.py,873,function,generate_water_ripple_keyframes,generate_water_ripple_keyframes,MISSING,,,,,
animation_environment.py,941,function,generate_waterfall_keyframes,generate_waterfall_keyframes,MISSING,,,,,
animation_environment.py,1065,function,_stokes_drag_amp,_stokes_drag_amp,MISSING,,,,,
animation_environment.py,1071,function,generate_flag_wind_keyframes,generate_flag_wind_keyframes,MISSING,,,,,
animation_environment.py,1141,function,generate_banner_wind_keyframes,generate_banner_wind_keyframes,MISSING,,,,,
animation_environment.py,1218,function,generate_chain_swing_keyframes,generate_chain_swing_keyframes,MISSING,,,,,
animation_environment.py,1290,function,generate_rope_sway_keyframes,generate_rope_sway_keyframes,MISSING,,,,,
animation_environment.py,1373,function,generate_trap_trigger_keyframes,generate_trap_trigger_keyframes,MISSING,,,,,
animation_environment.py,1445,function,generate_trap_reset_keyframes,generate_trap_reset_keyframes,MISSING,,,,,
animation_environment.py,1516,function,generate_trap_idle_keyframes,generate_trap_idle_keyframes,MISSING,,,,,
animation_environment.py,1570,function,generate_chest_open_keyframes,generate_chest_open_keyframes,MISSING,,,,,
animation_environment.py,1604,function,_h,_h,MISSING,,,,,
animation_environment.py,1622,function,_dh,_dh,MISSING,,,,,
animation_environment.py,1649,function,generate_lever_pull_keyframes,generate_lever_pull_keyframes,MISSING,,,,,
animation_environment.py,1711,function,generate_switch_toggle_keyframes,generate_switch_toggle_keyframes,MISSING,,,,,
animation_environment.py,1769,function,_candle_temp,_candle_temp,MISSING,,,,,
animation_environment.py,1776,function,generate_candle_flicker_keyframes,generate_candle_flicker_keyframes,MISSING,,,,,
animation_environment.py,1849,function,generate_chandelier_sway_keyframes,generate_chandelier_sway_keyframes,MISSING,,,,,
animation_environment.py,1928,function,generate_windmill_rotate_keyframes,generate_windmill_rotate_keyframes,MISSING,,,,,
animation_environment.py,1985,function,generate_env_keyframes,generate_env_keyframes,MISSING,,,,,
atmospheric_volumes.py,35,function,_permute,_permute,MISSING,,,,,
atmospheric_volumes.py,44,function,_smooth,_smooth,MISSING,,,,,
atmospheric_volumes.py,49,function,_lerp,_lerp,MISSING,,,,,
atmospheric_volumes.py,53,function,_grad2,_grad2,MISSING,,,,,
atmospheric_volumes.py,63,function,_perlin2,_perlin2,MISSING,,,,,
atmospheric_volumes.py,77,function,_h,_h,MISSING,,,,,
atmospheric_volumes.py,236,function,compute_atmospheric_placements,compute_atmospheric_placements,GRADED,,,UE5 volumetric fog / Horizon Forbidden West localized fog sheets,"Uniform random placement — no clustering around terrain features (god_rays should emit from tree gaps, fireflies near water). No occlusion/collision awareness. Volume area math for cone uses (h*0.5)^2 — arbitrary approximation.","Accept heightmap + masks (ridge, water, canopy) and bias placement by feature affinity per volume type."
atmospheric_volumes.py,478,function,_build_prob_map,_build_prob_map,MISSING,,,,,
atmospheric_volumes.py,518,function,_sample_terrain_position,_sample_terrain_position,MISSING,,,,,
atmospheric_volumes.py,648,function,compute_volume_mesh_spec,compute_volume_mesh_spec,GRADED,,,UE5 volumetric proxy mesh,Icosphere is actually a dodecahedron arrangement (uses 12 verts but faces have errors — 'next_next if next_next <= segments else 1' in cone logic is suspicious and produces degenerate tris). Mesh resolution is too coarse for any close-up.,Replace with proper icosphere subdivision (subdiv=1 gives 42 verts); fix cone face generation math.
atmospheric_volumes.py,720,function,_norm,_norm,MISSING,,,,,
atmospheric_volumes.py,746,function,_mid,_mid,MISSING,,,,,
atmospheric_volumes.py,867,function,_count_by_type,_count_by_type,GRADED,,,,,
atmospheric_volumes.py,876,function,estimate_atmosphere_performance,estimate_atmosphere_performance,GRADED,,,UE5 GPU stat scope estimator,Uses arbitrary thresholds (15/30/60/100) with no ms-budget grounding; assumes all particle/distortion volumes cost the same.,Calibrate against actual GPU profile data from a reference scene.
autonomous_loop.py,83,function,_cross,_cross,MISSING,,,,,
autonomous_loop.py,91,function,_dot,_dot,MISSING,,,,,
autonomous_loop.py,95,function,_sub,_sub,MISSING,,,,,
autonomous_loop.py,99,function,_length,_length,MISSING,,,,,
autonomous_loop.py,103,function,_normalize,_normalize,MISSING,,,,,
autonomous_loop.py,110,function,_face_normal,_face_normal,MISSING,,,,,
autonomous_loop.py,125,function,_is_degenerate,_is_degenerate,MISSING,,,,,
autonomous_loop.py,141,function,_edge_key,_edge_key,MISSING,,,,,
autonomous_loop.py,145,function,_compute_edge_face_counts,_compute_edge_face_counts,MISSING,,,,,
autonomous_loop.py,155,function,_uv_triangle_area,_uv_triangle_area,MISSING,,,,,
autonomous_loop.py,163,function,_face_uv_area,_face_uv_area,MISSING,,,,,
autonomous_loop.py,178,function,_grade_worse_than,_grade_worse_than,MISSING,,,,,
autonomous_loop.py,191,function,evaluate_mesh_quality,evaluate_mesh_quality,MISSING,,,,,
autonomous_loop.py,521,function,select_fix_action,select_fix_action,MISSING,,,,,
autonomous_loop.py,554,function,_try,_try,MISSING,,,,,
coastline.py,94,function,_wang_hash,_wang_hash,MISSING,,,,,
coastline.py,108,function,_hash_noise,_hash_noise,GRADED,,,,,
coastline.py,125,function,_corner,_corner,MISSING,,,,,
coastline.py,139,function,_fbm_noise,_fbm_noise,GRADED,,,,,
coastline.py,168,function,_generate_shoreline_profile,_generate_shoreline_profile,GRADED,,,,,
coastline.py,237,function,_generate_coastline_mesh,_generate_coastline_mesh,GRADED,,,,,
coastline.py,341,function,_features_overlap,_features_overlap,MISSING,,,,,
coastline.py,352,function,_place_features,_place_features,GRADED,,,,,
coastline.py,432,function,_try_place,_try_place,MISSING,,,,,
coastline.py,442,function,_fetch_at,_fetch_at,MISSING,,,,,
coastline.py,451,function,_hardness_at,_hardness_at,MISSING,,,,,
coastline.py,458,function,_density_weight,_density_weight,MISSING,,,,,
coastline.py,677,function,_compute_material_zones,_compute_material_zones,GRADED,,,,,
coastline.py,740,function,_zone_to_idx,_zone_to_idx,MISSING,,,,,
coastline.py,792,function,generate_coastline,generate_coastline,GRADED,,,SpeedTree coastal kit / World Creator coast node,"Uses hash-based pseudo-noise (_hash_noise) which is low-quality compared to OpenSimplex; style-specific elevation logic is hardcoded if/elif chain; cliff z-step is a discrete jump ('if land_factor > 0.3: z = base_elev * min(1,...)').",Swap hash_noise for proper 2D OpenSimplex; smooth cliff z-profile; parameterize per-style in a config dict.
coastline.py,925,function,compute_wave_energy,compute_wave_energy,GRADED,,,Sea of Thieves wave-energy modeling / Houdini coastal exposure analysis,Hardcoded 5m decay constant for shoreline band; no fetch-length modeling.,Parameterize decay; add fetch (distance from incoming wave source).
coastline.py,1019,function,apply_coastal_erosion,apply_coastal_erosion,GRADED,,,Gaea Erosion applied at coast,hints_wave_dir=0.0 hardcoded — should pull from state hints; max 3m drop per pass is fixed.,Thread wave dir through and parameterize max drop.
coastline.py,1164,function,detect_tidal_zones,detect_tidal_zones,GRADED,,,UE5 water tidal mask,Linear taper; real intertidal zones have exponential drainage patterns.,Exponential taper optional; integrate with wet_rock merge.
coastline.py,1190,function,pass_coastline,pass_coastline,GRADED,,,Coastal geology pass,"Doesn't actually mutate height even when coastal_erosion_enabled — it stores delta but carving is the caller's job. Metrics advertise tidal_coverage_fraction, good.",Option to apply the delta directly like pass_waterfalls does with pool_delta.
environment.py,42,function,_require_bpy,_require_bpy,MISSING,,,,,
environment.py,84,function,rasterize_poi_mask,rasterize_poi_mask,MISSING,,,,,
environment.py,198,function,_vector_xyz,_vector_xyz,MISSING,,,,,
environment.py,215,function,_object_world_xyz,_object_world_xyz,MISSING,,,,,
environment.py,233,function,_run_height_solver_in_world_space,_run_height_solver_in_world_space,MISSING,,,,,
environment.py,260,function,_coerce_optional_grid_channel,_coerce_optional_grid_channel,MISSING,,,,,
environment.py,274,function,_resolve_road_cost_context,_resolve_road_cost_context,MISSING,,,,,
environment.py,316,function,_normalize_altitude_for_rule_range,_normalize_altitude_for_rule_range,MISSING,,,,,
environment.py,328,function,_resolve_noise_sampling_scale,_resolve_noise_sampling_scale,MISSING,,,,,
environment.py,344,function,_enhance_heightmap_relief,_enhance_heightmap_relief,MISSING,,,,,
environment.py,369,function,_temper_heightmap_spikes,_temper_heightmap_spikes,MISSING,,,,,
environment.py,837,function,_build_tripo_environment_manifest,_build_tripo_environment_manifest,MISSING,,,,,
environment.py,967,function,_apply_biome_season_profile,_apply_biome_season_profile,MISSING,,,,,
environment.py,989,function,get_vb_biome_preset,get_vb_biome_preset,MISSING,,,,,
environment.py,1020,function,_validate_terrain_params,_validate_terrain_params,MISSING,,,,,
environment.py,1068,function,_resolve_terrain_tile_params,_resolve_terrain_tile_params,MISSING,,,,,
environment.py,1127,function,_export_heightmap_raw,_export_heightmap_raw,MISSING,,,,,
environment.py,1173,function,_export_splatmap_raw,_export_splatmap_raw,MISSING,,,,,
environment.py,1194,function,_export_world_tile_artifacts,_export_world_tile_artifacts,MISSING,,,,,
environment.py,1226,function,_write_json_manifest,_write_json_manifest,MISSING,,,,,
environment.py,1233,function,_cleanup_written_artifacts,_cleanup_written_artifacts,MISSING,,,,,
environment.py,1244,function,_resolve_height_range,_resolve_height_range,MISSING,,,,,
environment.py,1284,function,_resolve_export_height_range,_resolve_export_height_range,MISSING,,,,,
environment.py,1315,function,_terrain_grid_to_world_xy,_terrain_grid_to_world_xy,MISSING,,,,,
environment.py,1344,function,_resolve_water_path_points,_resolve_water_path_points,MISSING,,,,,
environment.py,1391,function,_smooth_river_path_points,_smooth_river_path_points,MISSING,,,,,
environment.py,1480,function,_estimate_tile_height_range,_estimate_tile_height_range,MISSING,,,,,
environment.py,1507,function,_create_terrain_mesh_from_heightmap,_create_terrain_mesh_from_heightmap,MISSING,,,,,
environment.py,1654,function,_cliff_structures_to_overlay_placements,_cliff_structures_to_overlay_placements,MISSING,,,,,
environment.py,1726,function,handle_generate_terrain,handle_generate_terrain,GRADED,,,UE5 Landscape editor full procedural pipeline,Massive handler (330+ lines) — hard to test; legacy path bypasses controller entirely (risk of divergent behavior); moisture_map logic only runs on legacy path.,Extract into smaller orchestration functions; unify legacy and controller paths.
environment.py,2065,function,handle_generate_terrain_tile,handle_generate_terrain_tile,GRADED,,,UE5 World Partition tile authoring,"Not inspected in full, but naming + params suggest proper world-tiled authoring.",Assert seam validation against neighbor tiles after generation.
environment.py,2328,function,handle_generate_world_terrain,handle_generate_world_terrain,GRADED,,,World Machine single-shot world export,Not deeply inspected — but the dual (world vs tile) interface is a code-duplication risk.,Share core with tile version via a core generator.
environment.py,2531,function,_execute_terrain_pipeline,_execute_terrain_pipeline,GRADED,,,,,
environment.py,2569,function,_to_bbox,_to_bbox,MISSING,,,,,
environment.py,2866,function,handle_run_terrain_pass,handle_run_terrain_pass,GRADED,,,Node-graph single-pass invocation,Relies on controller state living across calls — session-scoped state management not explicitly checked here.,Add explicit session id param for multi-map workflows.
environment.py,2900,function,_serialize,_serialize,MISSING,,,,,
environment.py,2927,function,handle_generate_waterfall,handle_generate_waterfall,GRADED,,,Water-network-derived authoring in Horizon/RDR2,Still calls legacy generate_waterfall as fallback — deprecated geometry flagged but reachable. Functional_objects_materialized path has silent except.,Remove legacy fallback entirely after grace period; stop swallowing materialize errors.
environment.py,2934,function,_coerce_facing_direction,_coerce_facing_direction,MISSING,,,,,
environment.py,2994,function,_candidate_score,_candidate_score,MISSING,,,,,
environment.py,3152,function,handle_stitch_terrain_edges,handle_stitch_terrain_edges,GRADED,,,UE5 World Partition seam stitcher,"Docstring says 'Fallback seam stitcher' — suggests this is the backup path, real seams handled elsewhere; not inspected in full.",Fold into the primary tile pipeline if possible.
environment.py,3231,function,_in_protected_zone,_in_protected_zone,MISSING,,,,,
environment.py,3237,function,_edge_vertices,_edge_vertices,MISSING,,,,,
environment.py,3373,function,handle_paint_terrain,handle_paint_terrain,GRADED,,,UE Landscape paint tool,Not inspected in full.,Verify it respects biome palette and vertex-color splatmap contract.
environment.py,3507,function,_smoothstep_np,_smoothstep_np,MISSING,,,,,
environment.py,3591,function,handle_carve_river,handle_carve_river,GRADED,,,Houdini river carve along spline / Gaea River node,Uses bmesh per-vertex update which is slow on dense terrain; depth param interpretation has a normalization clamp.,Batch vertex updates via foreach_set.
environment.py,3795,function,_clamp01,_clamp01,MISSING,,,,,
environment.py,3805,function,_smootherstep,_smootherstep,MISSING,,,,,
environment.py,3817,function,_point_segment_distance_2d,_point_segment_distance_2d,MISSING,,,,,
environment.py,3838,function,_terrain_world_xy_to_grid_rc,_terrain_world_xy_to_grid_rc,MISSING,,,,,
environment.py,3863,function,_fill_grid_path_gaps,_fill_grid_path_gaps,MISSING,,,,,
environment.py,3882,function,_extract_road_network_centerline_points,_extract_road_network_centerline_points,MISSING,,,,,
environment.py,3916,function,_grid_path_from_world_centerline,_grid_path_from_world_centerline,MISSING,,,,,
environment.py,3947,function,_grade_road_path_in_world_space,_grade_road_path_in_world_space,MISSING,,,,,
environment.py,3990,function,_solve_road_path_with_network,_solve_road_path_with_network,MISSING,,,,,
environment.py,4050,function,_apply_road_profile_to_heightmap,_apply_road_profile_to_heightmap,MISSING,,,,,
environment.py,4077,function,_ss,_ss,MISSING,,,,,
environment.py,4132,function,_build_road_mask_and_sdf,_build_road_mask_and_sdf,MISSING,,,,,
environment.py,4139,function,_fill_gaps,_fill_gaps,MISSING,,,,,
environment.py,4199,function,_apply_river_profile_to_heightmap,_apply_river_profile_to_heightmap,MISSING,,,,,
environment.py,4225,function,_ss,_ss,MISSING,,,,,
environment.py,4228,function,_seg_dist,_seg_dist,MISSING,,,,,
environment.py,4310,function,_derive_river_surface_levels,_derive_river_surface_levels,MISSING,,,,,
environment.py,4342,function,_sample_path_indices,_sample_path_indices,MISSING,,,,,
environment.py,4367,function,_collect_bridge_spans,_collect_bridge_spans,MISSING,,,,,
environment.py,4450,function,_ensure_grounded_road_material,_ensure_grounded_road_material,MISSING,,,,,
environment.py,4534,function,_paint_road_mask_on_terrain,_paint_road_mask_on_terrain,MISSING,,,,,
environment.py,4600,function,_min_dist_to_path,_min_dist_to_path,MISSING,,,,,
environment.py,4612,function,_ss,_ss,MISSING,,,,,
environment.py,4642,function,_apply_blend_vec,_apply_blend_vec,MISSING,,,,,
environment.py,4677,function,_road_clothoid_ease,_road_clothoid_ease,MISSING,,,,,
environment.py,4706,function,_build_road_strip_geometry,_build_road_strip_geometry,MISSING,,,,,
environment.py,4758,function,_create_bridge_object_from_spec,_create_bridge_object_from_spec,MISSING,,,,,
environment.py,4792,function,_create_mesh_object_from_spec,_create_mesh_object_from_spec,MISSING,,,,,
environment.py,4826,function,_sanitize_waterfall_chain_id,_sanitize_waterfall_chain_id,MISSING,,,,,
environment.py,4832,function,_serialize_validation_issues,_serialize_validation_issues,MISSING,,,,,
environment.py,4849,function,_coerce_point3,_coerce_point3,MISSING,,,,,
environment.py,4863,function,_offset_point3,_offset_point3,MISSING,,,,,
environment.py,4875,function,_resolve_waterfall_chain_id,_resolve_waterfall_chain_id,MISSING,,,,,
environment.py,4901,function,_infer_waterfall_functional_positions,_infer_waterfall_functional_positions,MISSING,,,,,
environment.py,4965,function,_publish_waterfall_functional_objects,_publish_waterfall_functional_objects,MISSING,,,,,
environment.py,5010,function,handle_create_cave_entrance,handle_create_cave_entrance,GRADED,,,Cave portal authoring handler,Not deeply inspected — grading by association with generate_cave_entrance_mesh (C).,Upgrade geometry via terrain_caves path integration.
environment.py,5269,function,handle_generate_road,handle_generate_road,GRADED,,,UE5 Landmass road tool / Gaea Path,Not deeply inspected for full signature; linear interpolation for segments (no spiral easing).,Add clothoid easing; bank roads on grades.
environment.py,5660,function,_ensure_water_material,_ensure_water_material,MISSING,,,,,
environment.py,5860,function,_apply_water_object_settings,_apply_water_object_settings,MISSING,,,,,
environment.py,5890,function,_build_terrain_world_height_sampler,_build_terrain_world_height_sampler,MISSING,,,,,
environment.py,5915,function,_sample,_sample,MISSING,,,,,
environment.py,5942,function,_resolve_river_bank_contact,_resolve_river_bank_contact,MISSING,,,,,
environment.py,6003,function,_resolve_river_terminal_width_scale,_resolve_river_terminal_width_scale,MISSING,,,,,
environment.py,6035,function,_boundary_edges_from_faces,_boundary_edges_from_faces,MISSING,,,,,
environment.py,6047,function,_build_level_water_surface_from_terrain,_build_level_water_surface_from_terrain,MISSING,,,,,
environment.py,6173,function,_shore_factor,_shore_factor,MISSING,,,,,
environment.py,6222,function,_cell_flow_dir_vec,_cell_flow_dir_vec,MISSING,,,,,
environment.py,6248,function,_vertex_slope,_vertex_slope,MISSING,,,,,
environment.py,6434,function,handle_create_water,handle_create_water,GRADED,,,UE5 Water System (SingleLayerWater shader + spline river),Still falls back to simple grid when no path_points; many params (20+) suggests feature bloat; _build_terrain_world_height_sampler builds a new sampler per call.,Cache sampler per terrain object.
environment.py,6906,function,_priority_flood_fill_basin,_priority_flood_fill_basin,MISSING,,,,,
environment.py,6954,function,handle_carve_water_basin,handle_carve_water_basin,GRADED,,,Lake-basin carving handler,Not deeply inspected.,Verify basin carves respect protected zones and flow accumulation.
environment.py,7111,function,_ss,_ss,MISSING,,,,,
environment.py,7317,function,handle_export_unity_bundle,handle_export_unity_bundle,MISSING,,,,,
environment.py,7369,function,handle_export_heightmap,handle_export_heightmap,GRADED,,,Unity Terrain RAW 16-bit LE importer / UE Landscape import,Not deeply inspected.,Add auto-validation of exported file (dims/endianness).
environment.py,7441,function,_nearest_pot_plus_1,_nearest_pot_plus_1,MISSING,,,,,
environment.py,7453,function,handle_generate_multi_biome_world,handle_generate_multi_biome_world,GRADED,,,Large-scale world gen (PCG World Partition),Not deeply inspected.,Confirm it exercises pass_coastline + pass_waterfalls + pass_caves in sequence.
environment.py,7599,function,_compute_vertex_colors_for_biome_map,_compute_vertex_colors_for_biome_map,MISSING,,,,,
environment.py,7680,function,_stable_seed_offset,_stable_seed_offset,MISSING,,,,,
environment_scatter.py,41,function,_require_bpy,_require_bpy,MISSING,,,,,
environment_scatter.py,168,function,_assign_scatter_material,_assign_scatter_material,GRADED,,,,,
environment_scatter.py,311,function,_vegetation_rotation,_vegetation_rotation,GRADED,,,,,
environment_scatter.py,317,function,_prop_rotation,_prop_rotation,GRADED,,,,,
environment_scatter.py,323,function,_terrain_height_sampler,_terrain_height_sampler,GRADED,,,,,
environment_scatter.py,359,function,_sample,_sample,MISSING,,,,,
environment_scatter.py,377,function,_world_to_terrain_uv,_world_to_terrain_uv,GRADED,,,,,
environment_scatter.py,400,function,_sample_heightmap_surface_world,_sample_heightmap_surface_world,GRADED,,,,,
environment_scatter.py,458,function,_sample_heightmap_world,_sample_heightmap_world,GRADED,,,,,
environment_scatter.py,483,function,_terrain_axis_spacing_from_extent,_terrain_axis_spacing_from_extent,GRADED,,,,,
environment_scatter.py,495,function,_terrain_cell_size_from_extent,_terrain_cell_size_from_extent,GRADED,,,,,
environment_scatter.py,516,function,_collapse_detail_density,_collapse_detail_density,MISSING,,,,,
environment_scatter.py,536,function,_density_reject,_density_reject,MISSING,,,,,
environment_scatter.py,556,function,_stack_value,_stack_value,MISSING,,,,,
environment_scatter.py,569,function,_resize_scatter_map,_resize_scatter_map,MISSING,,,,,
environment_scatter.py,583,function,_normalize_scatter_signal,_normalize_scatter_signal,MISSING,,,,,
environment_scatter.py,600,function,_scatter_base_type,_scatter_base_type,MISSING,,,,,
environment_scatter.py,613,function,_resolve_scatter_context_maps,_resolve_scatter_context_maps,MISSING,,,,,
environment_scatter.py,647,function,_localize_exclusion_zones,_localize_exclusion_zones,MISSING,,,,,
environment_scatter.py,667,function,_resolve_combat_clearings,_resolve_combat_clearings,MISSING,,,,,
environment_scatter.py,684,function,_sample_scalar_map,_sample_scalar_map,MISSING,,,,,
environment_scatter.py,693,function,_filter_multipass_scatter_placements,_filter_multipass_scatter_placements,MISSING,,,,,
environment_scatter.py,775,function,_generate_multipass_scatter_placements,_generate_multipass_scatter_placements,MISSING,,,,,
environment_scatter.py,872,function,_hero_excluded,_hero_excluded,MISSING,,,,,
environment_scatter.py,898,function,_wind_rotation_y,_wind_rotation_y,MISSING,,,,,
environment_scatter.py,928,function,_apply_sdf_exclusion,_apply_sdf_exclusion,MISSING,,,,,
environment_scatter.py,964,function,_write_tree_instance_points,_write_tree_instance_points,MISSING,,,,,
environment_scatter.py,992,function,_location_layer_rand2,_location_layer_rand2,MISSING,,,,,
environment_scatter.py,1041,method,LocationLayer.generate,generate,MISSING,,,,,
environment_scatter.py,1154,function,halo_scatter_point_id,halo_scatter_point_id,MISSING,,,,,
environment_scatter.py,1225,function,_create_template_collection,_create_template_collection,GRADED,,,,,
environment_scatter.py,1235,function,_create_vegetation_template,_create_vegetation_template,GRADED,,,,,
environment_scatter.py,1411,function,_add_leaf_card_canopy,_add_leaf_card_canopy,GRADED,,,,,
environment_scatter.py,1482,function,_atlas_uv,_atlas_uv,MISSING,,,,,
environment_scatter.py,1491,function,_atlas_uv_flipped,_atlas_uv_flipped,MISSING,,,,,
environment_scatter.py,1501,function,_add_card,_add_card,MISSING,,,,,
environment_scatter.py,1595,function,create_leaf_card_tree,create_leaf_card_tree,GRADED,,,,,
environment_scatter.py,1746,function,_create_grass_card,_create_grass_card,GRADED,,,,,
environment_scatter.py,1785,function,_add_blade,_add_blade,MISSING,,,,,
environment_scatter.py,1790,function,_rot,_rot,MISSING,,,,,
environment_scatter.py,1863,function,_rock_size_from_power_law,_rock_size_from_power_law,GRADED,,,,,
environment_scatter.py,1882,function,_generate_combat_clearing,_generate_combat_clearing,GRADED,,,,,
environment_scatter.py,2052,function,_build_scatter_density_map,_build_scatter_density_map,MISSING,,,,,
environment_scatter.py,2135,function,_lod_for_distance,_lod_for_distance,MISSING,,,,,
environment_scatter.py,2187,function,_scatter_pass,_scatter_pass,GRADED,,,,,
environment_scatter.py,2270,function,_cell,_cell,MISSING,,,,,
environment_scatter.py,2277,function,_density_at,_density_at,MISSING,,,,,
environment_scatter.py,2281,function,_height_at,_height_at,MISSING,,,,,
environment_scatter.py,2285,function,_slope_at,_slope_at,MISSING,,,,,
environment_scatter.py,2289,function,_moisture_at,_moisture_at,MISSING,,,,,
environment_scatter.py,2302,function,_in_building,_in_building,MISSING,,,,,
environment_scatter.py,2310,function,_in_clearing,_in_clearing,MISSING,,,,,
environment_scatter.py,2323,function,_viewer_dist,_viewer_dist,MISSING,,,,,
environment_scatter.py,2326,function,_scale_pm20,_scale_pm20,MISSING,,,,,
environment_scatter.py,2330,function,_passes_species_constraints,_passes_species_constraints,MISSING,,,,,
environment_scatter.py,2522,function,handle_scatter_vegetation,handle_scatter_vegetation,GRADED,,,UE5 PCG vegetation / SpeedTree foliage pipeline,Exclusion-zone loop is O(objects * placements) — slow with many plots; billboard threshold is vertex-count based rather than screen-coverage aware.,Spatial hash for exclusion; hysteresis on LOD switch.
environment_scatter.py,2896,function,_create_prop_template,_create_prop_template,GRADED,,,,,
environment_scatter.py,2950,function,handle_scatter_props,handle_scatter_props,GRADED,,,UE5 PCG prop scatter,Not deeply inspected.,Ensure parity with vegetation scatter exclusions.
environment_scatter.py,3090,function,handle_create_breakable,handle_create_breakable,GRADED,,,UE5 Chaos destructible,Not inspected; breakable meshes require fracture data typically not generable in Blender handler.,Wire to a proper fracture pipeline (Cell Fracture addon).
light_integration.py,61,function,_fp,_fp,MISSING,,,,,
light_integration.py,150,function,compute_probe_placements,compute_probe_placements,MISSING,,,,,
light_integration.py,306,function,compute_light_placements,compute_light_placements,MISSING,,,,,
light_integration.py,451,function,_dist3,_dist3,MISSING,,,,,
light_integration.py,457,function,_uf_find,_uf_find,MISSING,,,,,
light_integration.py,464,function,_uf_union,_uf_union,MISSING,,,,,
light_integration.py,475,function,merge_nearby_lights,merge_nearby_lights,MISSING,,,,,
light_integration.py,572,function,compute_light_budget,compute_light_budget,MISSING,,,,,
lod_pipeline.py,90,function,_cross,_cross,MISSING,,,,,
lod_pipeline.py,101,function,_sub,_sub,MISSING,,,,,
lod_pipeline.py,108,function,_dot,_dot,MISSING,,,,,
lod_pipeline.py,115,function,_normalize,_normalize,MISSING,,,,,
lod_pipeline.py,123,function,_face_normal,_face_normal,MISSING,,,,,
lod_pipeline.py,143,function,compute_silhouette_importance,compute_silhouette_importance,MISSING,,,,,
lod_pipeline.py,273,function,compute_region_importance,compute_region_importance,MISSING,,,,,
lod_pipeline.py,352,function,_compute_quadric,_compute_quadric,MISSING,,,,,
lod_pipeline.py,398,function,_qem_optimal_position,_qem_optimal_position,MISSING,,,,,
lod_pipeline.py,437,function,_edge_collapse_cost_qem,_edge_collapse_cost_qem,MISSING,,,,,
lod_pipeline.py,475,function,_edge_collapse_cost,_edge_collapse_cost,MISSING,,,,,
lod_pipeline.py,540,function,decimate_preserving_silhouette,decimate_preserving_silhouette,MISSING,,,,,
lod_pipeline.py,633,function,find_root,find_root,MISSING,,,,,
lod_pipeline.py,739,function,generate_collision_mesh,generate_collision_mesh,MISSING,,,,,
lod_pipeline.py,943,function,compute_collision_aabb,compute_collision_aabb,MISSING,,,,,
lod_pipeline.py,997,function,_generate_billboard_quad,_generate_billboard_quad,MISSING,,,,,
lod_pipeline.py,1079,function,_generate_billboard_quad_spec,_generate_billboard_quad_spec,MISSING,,,,,
lod_pipeline.py,1119,function,_alpha,_alpha,MISSING,,,,,
lod_pipeline.py,1169,function,_auto_detect_regions,_auto_detect_regions,MISSING,,,,,
lod_pipeline.py,1254,function,_vert_in_grid_labels,_vert_in_grid_labels,MISSING,,,,,
lod_pipeline.py,1352,function,generate_lod_chain,generate_lod_chain,MISSING,,,,,
lod_pipeline.py,1517,method,SceneBudgetValidator.validate,validate,MISSING,,,,,
lod_pipeline.py,1591,method,SceneBudgetValidator.validate_all_scopes,validate_all_scopes,MISSING,,,,,
lod_pipeline.py,1614,function,handle_generate_lods,handle_generate_lods,MISSING,,,,,
lod_pipeline.py,1753,function,_make_billboard_lod_spec,_make_billboard_lod_spec,MISSING,,,,,
lod_pipeline.py,1843,function,_setup_billboard_lod,_setup_billboard_lod,MISSING,,,,,
mesh.py,23,function,_dist3d_sq,_dist3d_sq,MISSING,,,,,
mesh.py,27,function,_dot3,_dot3,MISSING,,,,,
mesh.py,31,function,_sub3,_sub3,MISSING,,,,,
mesh.py,35,function,_normalize3,_normalize3,MISSING,,,,,
mesh.py,47,function,_select_by_box,_select_by_box,MISSING,,,,,
mesh.py,91,function,_select_by_sphere,_select_by_sphere,MISSING,,,,,
mesh.py,129,function,_select_by_plane,_select_by_plane,MISSING,,,,,
mesh.py,233,function,_parse_selection_criteria,_parse_selection_criteria,MISSING,,,,,
mesh.py,451,function,_validate_edit_operation,_validate_edit_operation,MISSING,,,,,
mesh_smoothing.py,31,function,_build_adjacency,_build_adjacency,NAME_ONLY_MATCH,,,,,
mesh_smoothing.py,47,function,_build_laplacian,_build_laplacian,MISSING,,,,,
mesh_smoothing.py,67,function,_compute_face_normal,_compute_face_normal,MISSING,,,,,
mesh_smoothing.py,80,function,_build_sharp_vertex_mask,_build_sharp_vertex_mask,MISSING,,,,,
mesh_smoothing.py,155,function,_build_boundary_vertex_mask,_build_boundary_vertex_mask,MISSING,,,,,
mesh_smoothing.py,181,function,_laplacian_pass,_laplacian_pass,MISSING,,,,,
mesh_smoothing.py,204,function,smooth_assembled_mesh,smooth_assembled_mesh,MISSING,,,,,
procedural_materials.py,61,function,validate_dark_fantasy_color,validate_dark_fantasy_color,MISSING,,,,,
procedural_materials.py,106,function,_in_range,_in_range,MISSING,,,,,
procedural_materials.py,953,function,_place,_place,MISSING,,,,,
procedural_materials.py,958,function,_add_node,_add_node,MISSING,,,,,
procedural_materials.py,983,function,_get_bsdf_input,_get_bsdf_input,MISSING,,,,,
procedural_materials.py,1001,function,_build_normal_chain,_build_normal_chain,MISSING,,,,,
procedural_materials.py,1083,function,_make_channel_ext,_make_channel_ext,MISSING,,,,,
procedural_materials.py,1141,function,build_stone_material,build_stone_material,MISSING,,,,,
procedural_materials.py,1286,function,build_wood_material,build_wood_material,MISSING,,,,,
procedural_materials.py,1387,function,build_metal_material,build_metal_material,MISSING,,,,,
procedural_materials.py,1487,function,build_organic_material,build_organic_material,MISSING,,,,,
procedural_materials.py,1638,function,build_terrain_material,build_terrain_material,MISSING,,,,,
procedural_materials.py,1775,function,build_fabric_material,build_fabric_material,MISSING,,,,,
procedural_materials.py,1891,function,create_procedural_material,create_procedural_material,MISSING,,,,,
procedural_materials.py,1947,function,get_library_keys,get_library_keys,MISSING,,,,,
procedural_materials.py,1952,function,get_library_info,get_library_info,MISSING,,,,,
procedural_materials.py,1966,function,handle_create_procedural_material,handle_create_procedural_material,MISSING,,,,,
road_network.py,54,function,_build_24_directions,_build_24_directions,MISSING,,,,,
road_network.py,83,function,_dist3,_dist3,MISSING,,,,,
road_network.py,88,function,_dist2,_dist2,MISSING,,,,,
road_network.py,93,function,_slope_penalty,_slope_penalty,MISSING,,,,,
road_network.py,115,function,_astar_24dir,_astar_24dir,MISSING,,,,,
road_network.py,151,function,_h,_h,MISSING,,,,,
road_network.py,158,function,_h,_h,MISSING,,,,,
road_network.py,180,function,_world_to_grid,_world_to_grid,NAME_ONLY_MATCH,,,,,
road_network.py,185,function,_grid_to_world,_grid_to_world,AMBIGUOUS_NAME_MATCH,,,,,
road_network.py,203,function,_heuristic,_heuristic,MISSING,,,,,
road_network.py,326,function,_simplify_path_rdp,_simplify_path_rdp,MISSING,,,,,
road_network.py,374,function,compute_mst_edges,compute_mst_edges,MISSING,,,,,
road_network.py,425,function,_find,_find,MISSING,,,,,
road_network.py,431,function,_union,_union,MISSING,,,,,
road_network.py,470,function,_classify_road_type,_classify_road_type,MISSING,,,,,
road_network.py,482,function,_classify_road_type_extended,_classify_road_type_extended,MISSING,,,,,
road_network.py,520,function,_compute_slope_degrees,_compute_slope_degrees,MISSING,,,,,
road_network.py,547,function,_generate_switchback_points,_generate_switchback_points,MISSING,,,,,
road_network.py,630,function,_compute_worn_path_spec,_compute_worn_path_spec,MISSING,,,,,
road_network.py,705,function,_closest_point_on_segment,_closest_point_on_segment,MISSING,,,,,
road_network.py,718,function,_segments_near,_segments_near,MISSING,,,,,
road_network.py,749,function,_classify_intersection,_classify_intersection,MISSING,,,,,
road_network.py,808,function,_sample_heightmap_bilinear,_sample_heightmap_bilinear,MISSING,,,,,
road_network.py,847,function,_sample_heightmap,_sample_heightmap,MISSING,,,,,
road_network.py,856,function,_detect_bridges,_detect_bridges,MISSING,,,,,
road_network.py,919,function,_road_cross_section_z,_road_cross_section_z,MISSING,,,,,
road_network.py,932,function,_road_segment_mesh_spec,_road_segment_mesh_spec,MISSING,,,,,
road_network.py,1016,function,_bridge_mesh_spec,_bridge_mesh_spec,MISSING,,,,,
road_network.py,1050,function,compute_road_network,compute_road_network,MISSING,,,,,
road_network.py,1184,function,_traffic_for_pair,_traffic_for_pair,MISSING,,,,,
road_network.py,1329,function,handle_compute_road_network,handle_compute_road_network,MISSING,,,,,
terrain_addon_health.py,32,function,_addon_init_path,_addon_init_path,MISSING,,,,,
terrain_addon_health.py,37,function,_read_bl_info_version,_read_bl_info_version,MISSING,,,,,
terrain_addon_health.py,72,function,assert_addon_loaded,assert_addon_loaded,MISSING,,,,,
terrain_addon_health.py,80,function,assert_addon_version_matches,assert_addon_version_matches,MISSING,,,,,
terrain_addon_health.py,107,function,assert_handlers_registered,assert_handlers_registered,MISSING,,,,,
terrain_addon_health.py,118,function,_import_addon_package,_import_addon_package,MISSING,,,,,
terrain_addon_health.py,138,function,detect_stale_addon,detect_stale_addon,MISSING,,,,,
terrain_addon_health.py,190,function,force_addon_reload,force_addon_reload,MISSING,,,,,
terrain_advanced.py,34,function,_detect_grid_dims,_detect_grid_dims,GRADED,,,,,
terrain_advanced.py,60,function,_cubic_bezier_point,_cubic_bezier_point,GRADED,,,,,
terrain_advanced.py,84,function,_auto_control_points,_auto_control_points,GRADED,,,,,
terrain_advanced.py,142,function,evaluate_spline,evaluate_spline,GRADED,,,Houdini Spline SOP / UE5 Spline Component evaluation,"Uses fixed uniform parameter sampling (no arc-length reparameterization), so point density clumps on tight curves and spreads on straights — AAA spline tooling samples by arc length for even corridor width.",Add arc-length reparameterization pass (cumulative segment length lookup) and expose a tolerance-based adaptive subdivision for curvature.
terrain_advanced.py,247,function,distance_point_to_polyline,distance_point_to_polyline,GRADED,,,Houdini xyzdist() / UE Landscape Spline closest-point query,Brute-force O(N*M) scan of every polyline segment per vertex — AAA toolchains use spatial acceleration (BVH or uniform grid) and typically query in 3D not just XY.,Build a segment AABB grid or BVH once per spline and query per-vertex; optionally offer 3D distance for vertical splines.
terrain_advanced.py,342,function,compute_falloff,compute_falloff,GRADED,,,Gaea/World Machine brush falloff curve / UE Landscape brush falloff presets,"No custom curve/ramp support — AAA brush tools expose user-authored Bezier/AnimationCurve falloffs and additional presets (smoothstep, sphere, inverse-square).","Accept an optional list-of-(t,value) control-point curve or smoothstep variant, and cache the four built-in shapes as numpy LUTs for vectorized callers."
terrain_advanced.py,365,function,_catmull_rom_point,_catmull_rom_point,MISSING,,,,,
terrain_advanced.py,387,function,_evaluate_catmull_rom_spline,_evaluate_catmull_rom_spline,MISSING,,,,,
terrain_advanced.py,415,function,compute_spline_deformation,compute_spline_deformation,GRADED,,,Gaea Route / Houdini Heightfield Project Path / UE Landscape Spline Deform,"Only modifies vertex Z without blending lateral shoulders into valley walls; 'smooth' mode degenerates to a weak pull-toward-spline-Z with no neighborhood averaging; no cross-section profile (flat bottom, bank angles, cutbanks).",Add a user-provided cross-section curve (width vs depth) and a proper Laplacian smoothing pass for mode='smooth'; raymarch along spline normal to produce true trench/berm profiles.
terrain_advanced.py,538,function,handle_spline_deform,handle_spline_deform,GRADED,,,UE Landscape Spline tool / Unity Terrain path carve,"Operates on object-local coords but the pure-logic uses world-space spline points — no matrix_world transform, so splines break when the terrain is moved/scaled/rotated; no undo support or mesh-data integrity checks.","Transform spline_points through obj.matrix_world.inverted() before calling compute_spline_deformation, and register with bpy.ops.ed.undo_push for editor undo."
terrain_advanced.py,677,method,TerrainLayer.to_dict,to_dict,NAME_ONLY_MATCH,,,,,
terrain_advanced.py,708,method,TerrainLayer.from_dict,from_dict,NAME_ONLY_MATCH,,,,,
terrain_advanced.py,828,function,apply_layer_operation,apply_layer_operation,GRADED,,,Gaea brush ops / UE Landscape sculpt brushes (raise/lower/smooth/noise),"Pure-Python double loop over the brush rect kills performance on 1024+ grids; 'smooth' uses a 3x3 box (not Gaussian); 'noise' is per-cell gauss (unbounded, non-spatially-coherent — AAA uses simplex/perlin at brush scale); 'stamp' replaces instead of blends.","Vectorize via numpy masked ops, replace smooth with scipy gaussian_filter or separable 5x5 Gaussian, replace noise with simplex noise sampled at brush-scale frequency, and change stamp to add/blend with existing heights."
terrain_advanced.py,1042,function,flatten_layers,flatten_layers,GRADED,,,Gaea Combine node / Houdini Heightfield Layer merge,Nearest-neighbor resize produces blocky aliasing on mismatched layers; MULTIPLY is hardcoded as (1+lh) which is idiosyncratic; no OVERLAY/SCREEN/SOFT-LIGHT modes; no per-layer mask channel.,"Use bilinear/lanczos resize, add overlay/screen/soft-light, honor a per-layer mask, and expose an explicit multiply semantic (direct multiply vs 1+offset)."
terrain_advanced.py,1116,function,handle_terrain_layers,handle_terrain_layers,GRADED,,,UE Landscape layer UI / Gaea layer panel,Every mutation re-serializes the full layer stack to a JSON string on an ID-property — will bloat .blend files and fail silently at ID-property size limits; flatten_layers assumes vertex order equals row-major reshape which breaks on non-grid meshes despite _detect_grid_dims; no undo integration.,"Persist layers as an external .npz per terrain keyed by hash, chunk large layers, and add depsgraph-aware undo."
terrain_advanced.py,1193,function,_bump_version_and_serialize,_bump_version_and_serialize,MISSING,,,,,
terrain_advanced.py,1387,method,BrushResult.max,max,MISSING,,,,,
terrain_advanced.py,1391,method,BrushResult.min,min,MISSING,,,,,
terrain_advanced.py,1396,function,compute_erosion_brush,compute_erosion_brush,GRADED,,,Gaea Erosion brush / World Machine Erosion / Houdini Heightfield Erode,"Hydraulic model has no sediment/water channels — it is a slope-redistribution stencil with a hardcoded 0.1 factor, nothing like the Mei-Hill or particle-based hydraulic solvers used by Gaea/Houdini; wind erosion is literally gauss() with fixed +X deposit; thermal duplicates apply_thermal_erosion weakly; pure-Python nested loops make it unusable for brushes over ~64px.",Replace hydraulic with a particle-based droplet solver (Hans-Beyer) or MEI full-shallow-water with sediment/water/flux fields; vectorize with numpy; add anisotropic wind with a direction vector.
terrain_advanced.py,1702,function,handle_erosion_paint,handle_erosion_paint,GRADED,,,UE Landscape Erosion sculpt brush,Inherits all weaknesses of compute_erosion_brush (toy hydraulic/wind); no undo; blocks Blender main thread during slow pure-Python erosion; doesn't rebuild normals after displacement so shading looks wrong.,"Move compute into a numpy/numba path, call mesh.calc_normals_split or bmesh normal update post-mutation, and add a progress/cancel mechanism."
terrain_advanced.py,1815,function,compute_flow_map,compute_flow_map,GRADED,,,Houdini Heightfield Flow / Gaea Flow node,Pure-Python triple-nested loop makes it prohibitive for >256 grids (minutes on 512); D8 has known artifacts (parallel channel stripes) — AAA uses D-infinity (Tarboton) or multiple-flow-direction; no pit-filling pre-pass so internal pits create spurious basins; returns .tolist() which balloons memory.,"Vectorize flow direction with numpy roll tricks, add a Planchon-Darboux pit-fill pre-pass, offer D-inf / MFD alternatives, and return numpy arrays optionally."
terrain_advanced.py,1925,function,_uf_find,_uf_find,MISSING,,,,,
terrain_advanced.py,1981,function,apply_thermal_erosion,apply_thermal_erosion,GRADED,,,Houdini Heightfield Erode Thermal / Gaea Thermal node,Pure-Python double loop is 100x slower than a numpy vectorized version; uses 4-neighborhood only (no diagonals) so scree fans look axis-aligned; no angle-of-repose per-material layer; returns .tolist() blowing memory for 512+ maps.,"Vectorize with numpy shift operations (np.roll + max), add 8-neighborhood with sqrt(2) distance scaling, and expose per-cell talus from a mask for multi-material slopes."
terrain_advanced.py,2076,function,compute_stamp_heightmap,compute_stamp_heightmap,GRADED,,,Gaea Stamp / Houdini Heightfield Noise/Stamp library,"All built-in stamps are trivially analytic radial functions — a real crater has an asymmetric rim with ejecta rays and a central peak; a mesa has fracture patterns; these look like math primitives, not terrain features; fixed 64px resolution truncates detail.","Replace built-ins with real heightmap tiles (PNG/EXR library) — craters with ejecta blankets, mesas with ridge noise overlay, plus FFT-resampling to arbitrary resolution; keep analytic shapes only as fallbacks."
terrain_advanced.py,2238,function,_bilinear_sample,_bilinear_sample,MISSING,,,,,
terrain_advanced.py,2265,function,apply_stamp_to_heightmap,apply_stamp_to_heightmap,GRADED,,,UE Landscape import height stamp / Gaea Stamp apply,The blend math `edge_falloff*(1-falloff) + edge_falloff*falloff` algebraically collapses to just edge_falloff — the falloff parameter is inert; nearest-integer stamp sampling (no bilinear); additive only (no min/max/replace modes); rotation is unsupported.,"Fix the degenerate blend formula (lerp between hard and soft edges properly), add bilinear stamp sampling, expose add/max/replace/multiply blend modes, and add a rotation parameter."
terrain_advanced.py,2434,function,handle_terrain_stamp,handle_terrain_stamp,GRADED,,,UE Landscape Stamp tool,Inherits the inert-falloff bug and primitive stamp shapes from its dependencies; hardcoded 64x64 stamp resolution; no rotation; uses object-local terrain_size from obj.dimensions which breaks when mesh is transformed.,"Plumb resolution/rotation/blend-mode params, transform position through inverse matrix_world, and fix the falloff degenerate blend."
terrain_advanced.py,2586,function,handle_snap_to_terrain,handle_snap_to_terrain,GRADED,,,UE Foliage/Blueprint SnapToGround / Unity Terrain.SampleHeight,"Single downward ray with no fallback (misses on overhangs/cliffs); normal alignment replaces the entire rotation_euler, destroying any authored yaw; no multi-sample averaging for stable placement on noisy terrain; no parallelization for large object lists.",Preserve object yaw by only tilting to normal around the vertical; add multi-sample footprint averaging; offer a fallback raycast from object centroid and an up-ray option for ceiling snap.
terrain_advanced.py,2683,function,flatten_terrain_zone,flatten_terrain_zone,GRADED,,,UE Landscape Flatten brush / Gaea Terrace flat zone,Circular only (name says 'zone' but no ellipse or rectangle support); blend is isotropic and cannot match building footprint shapes; seed parameter is unused (documented 'reserved').,"Accept (radius_x, radius_y) or a polygon mask; add optional noise-perturbed blend edge using seed; support rectangular/OBB footprints aligned to building rotation."
terrain_advanced.py,2751,function,flatten_multiple_zones,flatten_multiple_zones,GRADED,,,Batch flatten across multiple building footprints,"Sequential application means later zones fight earlier ones in overlap regions (last-writer-wins) — AAA batch flatten resolves overlaps via max/min/priority or unified mask; no overlap warning; O(Z*H*W) with Z zones, no spatial bucketing.","Build a combined mask with per-cell priority/blend and apply in one pass, or expose an overlap-resolution mode (max/min/weighted)."
terrain_advanced.py,2801,function,handle_terrain_flatten_zone,handle_terrain_flatten_zone,GRADED,,,UE Landscape Flatten tool on an arbitrary mesh,"Grid binning loses sub-cell detail and reintroduces aliasing; fetches delta via grid[row_idx, col_idx] nearest-neighbor (no bilinear); target_height normalization recomputes z_min/z_max on the binned grid not the vertices; two dead `_ = max(..., 1e-6)` lines signal unfinished normalization logic; ellipse radius_x/radius_y collapses to a single averaged flat_radius so non-circular zones aren't actually supported despite the param surface.","Use bilinear interpolation when sampling delta back to vertices, honor radius_x vs radius_y as a true ellipse in the pure-logic call, remove dead code, and compute target normalization from the real vertex Z range."
terrain_asset_metadata.py,77,method,AABB.size_x,size_x,MISSING,,,,,
terrain_asset_metadata.py,81,method,AABB.size_y,size_y,MISSING,,,,,
terrain_asset_metadata.py,85,method,AABB.size_z,size_z,MISSING,,,,,
terrain_asset_metadata.py,89,method,AABB.diagonal,diagonal,MISSING,,,,,
terrain_asset_metadata.py,94,method,AABB.volume,volume,MISSING,,,,,
terrain_asset_metadata.py,98,method,AABB.center,center,MISSING,,,,,
terrain_asset_metadata.py,174,function,validate_asset_metadata,validate_asset_metadata,MISSING,,,,,
terrain_asset_metadata.py,304,function,classify_size_from_bounds,classify_size_from_bounds,MISSING,,,,,
terrain_asset_metadata.py,346,method,AssetContextRuleExt.effective_variance,effective_variance,MISSING,,,,,
terrain_asset_metadata.py,407,method,AssetContextRuleExt.blended_score,blended_score,MISSING,,,,,
terrain_assets.py,152,function,classify_asset_role,classify_asset_role,MISSING,,,,,
terrain_assets.py,176,function,build_asset_context_rules,build_asset_context_rules,MISSING,,,,,
terrain_assets.py,283,function,compute_viability,compute_viability,MISSING,,,,,
terrain_assets.py,346,function,_cell_to_world,_cell_to_world,NAME_ONLY_MATCH,,,,,
terrain_assets.py,362,function,_poisson_in_mask,_poisson_in_mask,MISSING,,,,,
terrain_assets.py,398,function,_gkey,_gkey,MISSING,,,,,
terrain_assets.py,432,function,_protected_mask,_protected_mask,MISSING,,,,,
terrain_assets.py,458,function,_region_mask,_region_mask,MISSING,,,,,
terrain_assets.py,481,function,place_assets_by_zone,place_assets_by_zone,MISSING,,,,,
terrain_assets.py,530,function,_cluster_around,_cluster_around,MISSING,,,,,
terrain_assets.py,601,function,cluster_rocks_for_cliffs,cluster_rocks_for_cliffs,MISSING,,,,,
terrain_assets.py,619,function,cluster_rocks_for_waterfalls,cluster_rocks_for_waterfalls,MISSING,,,,,
terrain_assets.py,637,function,scatter_debris_for_caves,scatter_debris_for_caves,MISSING,,,,,
terrain_assets.py,660,function,validate_asset_density_and_overlap,validate_asset_density_and_overlap,MISSING,,,,,
terrain_assets.py,738,function,_build_tree_instance_array,_build_tree_instance_array,MISSING,,,,,
terrain_assets.py,762,function,_build_detail_density,_build_detail_density,MISSING,,,,,
terrain_assets.py,790,function,pass_scatter_intelligent,pass_scatter_intelligent,MISSING,,,,,
terrain_assets.py,893,function,register_bundle_e_passes,register_bundle_e_passes,MISSING,,,,,
terrain_audio_zones.py,182,function,_audio_cc_filter,_audio_cc_filter,MISSING,,,,,
terrain_audio_zones.py,201,function,_component_boundary_polygon,_component_boundary_polygon,MISSING,,,,,
terrain_audio_zones.py,224,function,_sabine_rt60,_sabine_rt60,MISSING,,,,,
terrain_audio_zones.py,262,function,_cliff_echo_delay,_cliff_echo_delay,MISSING,,,,,
terrain_audio_zones.py,291,function,_classify_raster,_classify_raster,MISSING,,,,,
terrain_audio_zones.py,397,function,compute_audio_reverb_zones,compute_audio_reverb_zones,MISSING,,,,,
terrain_audio_zones.py,420,function,compute_audio_zone_list,compute_audio_zone_list,MISSING,,,,,
terrain_audio_zones.py,540,function,pass_audio_zones,pass_audio_zones,MISSING,,,,,
terrain_audio_zones.py,604,function,register_bundle_j_audio_zones_pass,register_bundle_j_audio_zones_pass,MISSING,,,,,
terrain_baked.py,36,method,_NumpyEncoder.default,default,MISSING,,,,,
terrain_baked.py,62,function,fbm_array,fbm_array,MISSING,,,,,
terrain_baked.py,121,function,_perlin_noise,_perlin_noise,MISSING,,,,,
terrain_baked.py,201,method,_BBoxCompat.min_x,min_x,MISSING,,,,,
terrain_baked.py,205,method,_BBoxCompat.min_y,min_y,MISSING,,,,,
terrain_baked.py,209,method,_BBoxCompat.max_x,max_x,MISSING,,,,,
terrain_baked.py,213,method,_BBoxCompat.max_y,max_y,MISSING,,,,,
terrain_baked.py,217,method,_BBoxCompat.width,width,MISSING,,,,,
terrain_baked.py,221,method,_BBoxCompat.height,height,MISSING,,,,,
terrain_baked.py,225,method,_BBoxCompat.center,center,MISSING,,,,,
terrain_baked.py,228,method,_BBoxCompat.contains_point,contains_point,MISSING,,,,,
terrain_baked.py,231,method,_BBoxCompat.intersects,intersects,MISSING,,,,,
terrain_baked.py,235,method,_BBoxCompat.contains,contains,MISSING,,,,,
terrain_baked.py,240,method,_BBoxCompat.union,union,MISSING,,,,,
terrain_baked.py,247,method,_BBoxCompat.expand,expand,MISSING,,,,,
terrain_baked.py,254,method,_BBoxCompat.to_tuple,to_tuple,MISSING,,,,,
terrain_baked.py,331,method,BakedTerrain._grid_origin_and_scale,_grid_origin_and_scale,MISSING,,,,,
terrain_baked.py,343,method,BakedTerrain._world_to_grid,_world_to_grid,NAME_ONLY_MATCH,,,,,
terrain_baked.py,360,method,BakedTerrain._world_to_grid_batch,_world_to_grid_batch,MISSING,,,,,
terrain_baked.py,388,method,BakedTerrain._bilinear,_bilinear,MISSING,,,,,
terrain_baked.py,404,method,BakedTerrain._bilinear_batch,_bilinear_batch,MISSING,,,,,
terrain_baked.py,439,method,BakedTerrain.sample_height,sample_height,MISSING,,,,,
terrain_baked.py,448,method,BakedTerrain.get_gradient,get_gradient,MISSING,,,,,
terrain_baked.py,455,method,BakedTerrain.get_slope,get_slope,MISSING,,,,,
terrain_baked.py,464,method,BakedTerrain.sample_height_batch,sample_height_batch,MISSING,,,,,
terrain_baked.py,492,method,BakedTerrain.get_gradient_batch,get_gradient_batch,MISSING,,,,,
terrain_baked.py,512,method,BakedTerrain.get_slope_batch,get_slope_batch,MISSING,,,,,
terrain_baked.py,528,method,BakedTerrain.sample_material_batch,sample_material_batch,MISSING,,,,,
terrain_baked.py,561,method,BakedTerrain.compute_gradients,compute_gradients,MISSING,,,,,
terrain_baked.py,580,method,BakedTerrain.world_bounds,world_bounds,MISSING,,,,,
terrain_baked.py,604,method,BakedTerrain.banded_heights,banded_heights,MISSING,,,,,
terrain_baked.py,645,method,BakedTerrain.height_band_mask,height_band_mask,MISSING,,,,,
terrain_baked.py,703,method,BakedTerrain.height_strata_id,height_strata_id,MISSING,,,,,
terrain_baked.py,739,method,BakedTerrain.height_strata_id_i16,height_strata_id_i16,MISSING,,,,,
terrain_baked.py,762,method,BakedTerrain.slope_grid,slope_grid,MISSING,,,,,
terrain_baked.py,773,method,BakedTerrain.curvature_grid,curvature_grid,MISSING,,,,,
terrain_baked.py,796,method,BakedTerrain.compute_ridge_map,compute_ridge_map,MISSING,,,,,
terrain_baked.py,824,method,BakedTerrain.as_mask_stack,as_mask_stack,MISSING,,,,,
terrain_baked.py,931,method,BakedTerrain.to_npz,to_npz,MISSING,,,,,
terrain_baked.py,956,method,BakedTerrain.from_npz,from_npz,MISSING,,,,,
terrain_banded.py,106,method,BandedHeightmap.shape,shape,MISSING,,,,,
terrain_banded.py,109,method,BandedHeightmap.band,band,MISSING,,,,,
terrain_banded.py,121,function,_coord_grids,_coord_grids,MISSING,,,,,
terrain_banded.py,141,function,_fbm_array,_fbm_array,MISSING,,,,,
terrain_banded.py,173,function,_band_sdf_normalize,_band_sdf_normalize,MISSING,,,,,
terrain_banded.py,243,function,compute_anisotropic_breakup,compute_anisotropic_breakup,MISSING,,,,,
terrain_banded.py,334,function,_gauss_1d,_gauss_1d,MISSING,,,,,
terrain_banded.py,361,function,_kuwahara_filter,_kuwahara_filter,MISSING,,,,,
terrain_banded.py,399,function,_integral,_integral,MISSING,,,,,
terrain_banded.py,408,function,_box_stats,_box_stats,MISSING,,,,,
terrain_banded.py,439,function,_quadrant_stats,_quadrant_stats,MISSING,,,,,
terrain_banded.py,462,function,apply_anti_grain_smoothing,apply_anti_grain_smoothing,MISSING,,,,,
terrain_banded.py,512,function,_generate_macro_band,_generate_macro_band,MISSING,,,,,
terrain_banded.py,552,function,_generate_meso_band,_generate_meso_band,MISSING,,,,,
terrain_banded.py,589,function,_generate_micro_band,_generate_micro_band,MISSING,,,,,
terrain_banded.py,620,function,_generate_strata_band,_generate_strata_band,MISSING,,,,,
terrain_banded.py,708,function,_generate_warp_field,_generate_warp_field,MISSING,,,,,
terrain_banded.py,737,function,generate_banded_heightmap,generate_banded_heightmap,MISSING,,,,,
terrain_banded.py,862,function,compose_banded_heightmap,compose_banded_heightmap,MISSING,,,,,
terrain_banded.py,929,function,pass_banded_macro,pass_banded_macro,MISSING,,,,,
terrain_banded.py,1029,function,register_bundle_g_passes,register_bundle_g_passes,MISSING,,,,,
terrain_banded_advanced.py,29,function,_value_noise_2d,_value_noise_2d,MISSING,,,,,
terrain_banded_advanced.py,48,function,_fade,_fade,MISSING,,,,,
terrain_banded_advanced.py,54,function,_hash,_hash,MISSING,,,,,
terrain_banded_advanced.py,65,function,compute_anisotropic_breakup,compute_anisotropic_breakup,MISSING,,,,,
terrain_banded_advanced.py,153,function,_kuwahara_quadrant_stats,_kuwahara_quadrant_stats,MISSING,,,,,
terrain_banded_advanced.py,185,function,_box_sum,_box_sum,MISSING,,,,,
terrain_banded_advanced.py,225,function,_box,_box,MISSING,,,,,
terrain_banded_advanced.py,242,function,apply_anti_grain_smoothing,apply_anti_grain_smoothing,MISSING,,,,,
terrain_blender_safety.py,34,function,assert_z_is_up,assert_z_is_up,MISSING,,,,,
terrain_blender_safety.py,48,function,convert_y_up_to_z_up,convert_y_up_to_z_up,MISSING,,,,,
terrain_blender_safety.py,114,function,_rot_x,_rot_x,MISSING,,,,,
terrain_blender_safety.py,118,function,_rot_y,_rot_y,MISSING,,,,,
terrain_blender_safety.py,122,function,_rot_z,_rot_z,MISSING,,,,,
terrain_blender_safety.py,126,function,_mat_mul,_mat_mul,MISSING,,,,,
terrain_blender_safety.py,182,function,guard_z_up,guard_z_up,MISSING,,,,,
terrain_blender_safety.py,186,function,wrapper,wrapper,MISSING,,,,,
terrain_blender_safety.py,204,function,clamp_screenshot_size,clamp_screenshot_size,MISSING,,,,,
terrain_blender_safety.py,225,function,assert_boolean_safe,assert_boolean_safe,MISSING,,,,,
terrain_blender_safety.py,244,function,decimate_to_safe_count,decimate_to_safe_count,MISSING,,,,,
terrain_blender_safety.py,260,function,recommend_boolean_solver,recommend_boolean_solver,MISSING,,,,,
terrain_blender_safety.py,339,function,import_tripo_glb_serialized,import_tripo_glb_serialized,MISSING,,,,,
terrain_blender_safety.py,375,function,get_tripo_import_log,get_tripo_import_log,MISSING,,,,,
terrain_blender_safety.py,380,function,clear_tripo_import_log,clear_tripo_import_log,MISSING,,,,,
terrain_budget_enforcer.py,115,method,BudgetReport.as_dict,as_dict,MISSING,,,,,
terrain_budget_enforcer.py,174,function,resolve_budget,resolve_budget,MISSING,,,,,
terrain_budget_enforcer.py,217,function,_km2_from_stack,_km2_from_stack,MISSING,,,,,
terrain_budget_enforcer.py,223,function,_count_unique_materials,_count_unique_materials,MISSING,,,,,
terrain_budget_enforcer.py,235,function,_count_scatter_instances,_count_scatter_instances,MISSING,,,,,
terrain_budget_enforcer.py,252,function,_estimate_tri_count_per_lod,_estimate_tri_count_per_lod,MISSING,,,,,
terrain_budget_enforcer.py,319,function,_estimate_tri_count,_estimate_tri_count,MISSING,,,,,
terrain_budget_enforcer.py,324,function,_estimate_npz_mb,_estimate_npz_mb,MISSING,,,,,
terrain_budget_enforcer.py,335,function,compute_tile_budget_usage,compute_tile_budget_usage,MISSING,,,,,
terrain_budget_enforcer.py,464,function,compute_budget_report,compute_budget_report,MISSING,,,,,
terrain_budget_enforcer.py,532,function,_issue_for,_issue_for,MISSING,,,,,
terrain_budget_enforcer.py,562,function,enforce_budget,enforce_budget,MISSING,,,,,
terrain_bundle_j.py,49,function,register_bundle_j_passes,register_bundle_j_passes,MISSING,,,,,
terrain_bundle_k.py,40,function,register_bundle_k_passes,register_bundle_k_passes,MISSING,,,,,
terrain_bundle_l.py,30,function,register_bundle_l_passes,register_bundle_l_passes,MISSING,,,,,
terrain_bundle_n.py,65,function,get_bundle_n_runtime_contract,get_bundle_n_runtime_contract,MISSING,,,,,
terrain_bundle_n.py,80,function,_runtime_options,_runtime_options,MISSING,,,,,
terrain_bundle_n.py,88,function,_determinism_runs,_determinism_runs,MISSING,,,,,
terrain_bundle_n.py,101,function,bundle_n_runtime_requests_determinism,bundle_n_runtime_requests_determinism,MISSING,,,,,
terrain_bundle_n.py,107,function,_skip_runtime_hooks,_skip_runtime_hooks,MISSING,,,,,
terrain_bundle_n.py,130,function,_attach_issues,_attach_issues,MISSING,,,,,
terrain_bundle_n.py,141,function,_merge_bundle_n_metrics,_merge_bundle_n_metrics,MISSING,,,,,
terrain_bundle_n.py,149,function,_review_findings_from_intent,_review_findings_from_intent,MISSING,,,,,
terrain_bundle_n.py,197,function,_validation_issue_from_review_payload,_validation_issue_from_review_payload,MISSING,,,,,
terrain_bundle_n.py,224,function,_default_snapshot_id,_default_snapshot_id,MISSING,,,,,
terrain_bundle_n.py,231,function,register_bundle_n_passes,register_bundle_n_passes,MISSING,,,,,
terrain_bundle_n.py,247,function,run_bundle_n_post_pipeline_hooks,run_bundle_n_post_pipeline_hooks,MISSING,,,,,
terrain_bundle_o.py,19,function,register_bundle_o_passes,register_bundle_o_passes,MISSING,,,,,
terrain_caves.py,58,function,_worley_noise_2d,_worley_noise_2d,MISSING,,,,,
terrain_caves.py,109,function,_perlin_noise_2d,_perlin_noise_2d,MISSING,,,,,
terrain_caves.py,130,function,_fade,_fade,MISSING,,,,,
terrain_caves.py,134,function,_gradient_noise,_gradient_noise,MISSING,,,,,
terrain_caves.py,158,function,_dot_grad,_dot_grad,MISSING,,,,,
terrain_caves.py,189,function,compute_cave_wall_texture,compute_cave_wall_texture,MISSING,,,,,
terrain_caves.py,259,function,compute_speleothem_growth,compute_speleothem_growth,MISSING,,,,,
terrain_caves.py,378,function,validate_entrance_cliff_compatible,validate_entrance_cliff_compatible,MISSING,,,,,
terrain_caves.py,579,function,make_archetype_spec,make_archetype_spec,GRADED,,,,,
terrain_caves.py,664,function,_world_to_cell,_world_to_cell,GRADED,,,,,
terrain_caves.py,676,function,_cell_to_world,_cell_to_world,GRADED,,,,,
terrain_caves.py,684,function,_region_to_slice,_region_to_slice,GRADED,,,,,
terrain_caves.py,695,function,_protected_mask_for_caves,_protected_mask_for_caves,GRADED,,,,,
terrain_caves.py,771,function,pick_cave_archetype,pick_cave_archetype,GRADED,,,,,
terrain_caves.py,829,function,_sample,_sample,MISSING,,,,,
terrain_caves.py,1023,function,snap_entry_to_cliff_face,snap_entry_to_cliff_face,MISSING,,,,,
terrain_caves.py,1138,function,build_mountainside_overhang,build_mountainside_overhang,MISSING,,,,,
terrain_caves.py,1251,function,generate_canyon_dual_exit,generate_canyon_dual_exit,MISSING,,,,,
terrain_caves.py,1310,function,_has_cliff_in_quadrant,_has_cliff_in_quadrant,MISSING,,,,,
terrain_caves.py,1352,function,build_cave_mouth_surround,build_cave_mouth_surround,MISSING,,,,,
terrain_caves.py,1450,function,_build_cave_entry_mesh_specs,_build_cave_entry_mesh_specs,MISSING,,,,,
terrain_caves.py,1494,function,_astar_cave_path,_astar_cave_path,MISSING,,,,,
terrain_caves.py,1529,function,_heuristic,_heuristic,MISSING,,,,,
terrain_caves.py,1612,function,generate_cave_path,generate_cave_path,GRADED,,,Houdini curve-based cave authoring / UE5 Voxel Farm cave curve,"All paths are 2D polylines with simple trigonometric jitter — no branching, no chamber nodes, no inclination variation within archetype.","Add branching (Y-splits), chamber hubs along path, per-archetype branch probability."
terrain_caves.py,1906,function,carve_cave_volume,carve_cave_volume,GRADED,,,Voxel carve along spline (UE5 Voxel Plugin),Flat 2D footprint — heightmap can't represent true 3D caves (the delta only lowers terrain surface). For real caves this needs voxel/mesh-boolean backend.,Wire through to a voxel field (terrain_advanced) so caves are true 3D volumes.
terrain_caves.py,2226,function,build_cave_entrance_frame,build_cave_entrance_frame,GRADED,,,Skyrim/ESO cave portal kit,"Framing rocks are just world positions + radius — no actual shape variation, no per-archetype material hint.",Specify rock asset kit per archetype + size variance + biased noise for position.
terrain_caves.py,2295,function,scatter_collapse_debris,scatter_collapse_debris,GRADED,,,UE5 PCG debris scatter,"No clustering (debris typically piles), no collision with entrance frame; all debris same type.",Add Poisson clustering + per-cluster type.
terrain_caves.py,2349,function,_path_point_at_dist,_path_point_at_dist,MISSING,,,,,
terrain_caves.py,2447,function,_generate_speleothem_pairs,_generate_speleothem_pairs,MISSING,,,,,
terrain_caves.py,2498,function,_dreybrodt,_dreybrodt,MISSING,,,,,
terrain_caves.py,2566,function,_generate_mineral_deposits,_generate_mineral_deposits,MISSING,,,,,
terrain_caves.py,2671,function,_generate_cave_pools,_generate_cave_pools,MISSING,,,,,
terrain_caves.py,2739,function,_generate_cave_vegetation,_generate_cave_vegetation,MISSING,,,,,
terrain_caves.py,2846,function,_generate_drip_channels,_generate_drip_channels,MISSING,,,,,
terrain_caves.py,2958,function,generate_damp_mask,generate_damp_mask,GRADED,,,UE5 wetness mask shader driver,Linear falloff — real damp patterns follow seepage paths (downslope preference).,Bias falloff downslope of path.
terrain_caves.py,3006,function,validate_cave_entrance,validate_cave_entrance,GRADED,,,,,
terrain_caves.py,3080,function,_find_entrance_candidates,_find_entrance_candidates,GRADED,,,,,
terrain_caves.py,3178,function,_neighbourhood_slice,_neighbourhood_slice,MISSING,,,,,
terrain_caves.py,3185,function,_score_or_reject,_score_or_reject,MISSING,,,,,
terrain_caves.py,3233,function,pass_caves,pass_caves,GRADED,,,UE PCG cave authoring graph,Only processes scene-read supplied entrances (no auto-discovery from heightmap features); cell_count recomputed per loop.,Add auto-entrance detection using cliff-edge + slope + basin proximity when scene_read is empty.
terrain_caves.py,3530,function,register_bundle_f_passes,register_bundle_f_passes,GRADED,,,,,
terrain_caves.py,3556,function,get_cave_entrance_specs,get_cave_entrance_specs,GRADED,,,,,
terrain_caves.py,3630,function,_build_synthetic_state,_build_synthetic_state,GRADED,,,,,
terrain_caves.py,3727,function,_fbm_noise,_fbm_noise,NAME_ONLY_MATCH,,,,,
terrain_caves.py,3751,function,_cone_verts_faces,_cone_verts_faces,MISSING,,,,,
terrain_caves.py,3799,function,_face_normal,_face_normal,MISSING,,,,,
terrain_caves.py,3816,function,_triplanar_uv,_triplanar_uv,MISSING,,,,,
terrain_caves.py,3837,function,_build_chamber_mesh_geometry,_build_chamber_mesh_geometry,MISSING,,,,,
terrain_caves.py,3924,function,_add_vert,_add_vert,MISSING,,,,,
terrain_caves.py,4000,function,_floor_height,_floor_height,MISSING,,,,,
terrain_caves.py,4089,function,_dreybrodt_dims,_dreybrodt_dims,MISSING,,,,,
terrain_caves.py,4282,function,_build_chamber_mesh,_build_chamber_mesh,GRADED,,,,,
terrain_caves.py,4371,function,_bezier_cubic,_bezier_cubic,MISSING,,,,,
terrain_caves.py,4390,function,_build_bezier_tunnel_geometry,_build_bezier_tunnel_geometry,MISSING,,,,,
terrain_caves.py,4493,function,handle_generate_cave,handle_generate_cave,GRADED,,,MCP handler shim over cave authoring,Uses synthetic state builder — real scene_read may not be present; chamber mesh is a simple box loft.,Prefer actual scene state over synthetic; richer chamber mesh.
terrain_caves.py,4717,function,_build_archway_mesh,_build_archway_mesh,MISSING,,,,,
terrain_checkpoints.py,63,function,_atomic_npz_write,_atomic_npz_write,MISSING,,,,,
terrain_checkpoints.py,105,function,save_checkpoint,save_checkpoint,MISSING,,,,,
terrain_checkpoints.py,167,function,rollback_last_checkpoint,rollback_last_checkpoint,NAME_ONLY_MATCH,,,,,
terrain_checkpoints.py,175,function,rollback_to,rollback_to,NAME_ONLY_MATCH,,,,,
terrain_checkpoints.py,182,function,list_checkpoints,list_checkpoints,MISSING,,,,,
terrain_checkpoints.py,221,function,_serialize_value,_serialize_value,MISSING,,,,,
terrain_checkpoints.py,253,function,_deserialize_value,_deserialize_value,MISSING,,,,,
terrain_checkpoints.py,275,function,_intent_to_dict,_intent_to_dict,MISSING,,,,,
terrain_checkpoints.py,346,function,_intent_from_dict,_intent_from_dict,MISSING,,,,,
terrain_checkpoints.py,450,function,save_preset,save_preset,MISSING,,,,,
terrain_checkpoints.py,501,function,restore_preset,restore_preset,MISSING,,,,,
terrain_checkpoints.py,554,function,autosave_after_pass,autosave_after_pass,MISSING,,,,,
terrain_checkpoints.py,581,function,wrapped_run_pass,wrapped_run_pass,MISSING,,,,,
terrain_checkpoints_ext.py,38,function,lock_preset,lock_preset,MISSING,,,,,
terrain_checkpoints_ext.py,43,function,unlock_preset,unlock_preset,MISSING,,,,,
terrain_checkpoints_ext.py,48,function,is_preset_locked,is_preset_locked,MISSING,,,,,
terrain_checkpoints_ext.py,52,function,assert_preset_unlocked,assert_preset_unlocked,MISSING,,,,,
terrain_checkpoints_ext.py,63,function,save_every_n_operations,save_every_n_operations,MISSING,,,,,
terrain_checkpoints_ext.py,95,function,_atomic_npz_save,_atomic_npz_save,MISSING,,,,,
terrain_checkpoints_ext.py,187,function,wrapped,wrapped,MISSING,,,,,
terrain_checkpoints_ext.py,214,function,unpatch,unpatch,MISSING,,,,,
terrain_checkpoints_ext.py,229,function,_sanitize,_sanitize,MISSING,,,,,
terrain_checkpoints_ext.py,233,function,generate_checkpoint_filename,generate_checkpoint_filename,MISSING,,,,,
terrain_checkpoints_ext.py,255,function,_day_key,_day_key,MISSING,,,,,
terrain_checkpoints_ext.py,261,function,_week_key,_week_key,MISSING,,,,,
terrain_checkpoints_ext.py,268,function,enforce_retention_policy,enforce_retention_policy,MISSING,,,,,
terrain_checkpoints_ext.py,293,function,_is_checkpoint,_is_checkpoint,MISSING,,,,,
terrain_chunking.py,49,function,_downsample_heightmap,_downsample_heightmap,MISSING,,,,,
terrain_chunking.py,95,function,compute_chunk_lod,compute_chunk_lod,MISSING,,,,,
terrain_chunking.py,155,function,compute_streaming_distances,compute_streaming_distances,MISSING,,,,,
terrain_chunking.py,244,function,compute_terrain_chunks,compute_terrain_chunks,MISSING,,,,,
terrain_chunking.py,448,function,export_chunks_metadata,export_chunks_metadata,MISSING,,,,,
terrain_chunking.py,507,function,build_tile_seam_contract,build_tile_seam_contract,MISSING,,,,,
terrain_chunking.py,592,function,_blend_locked_edges,_blend_locked_edges,MISSING,,,,,
terrain_chunking.py,650,function,apply_seam_boundary_conditions,apply_seam_boundary_conditions,MISSING,,,,,
terrain_chunking.py,740,function,build_tile_batch_manifest,build_tile_batch_manifest,MISSING,,,,,
terrain_chunking.py,817,function,build_chunk_seam_manifest,build_chunk_seam_manifest,MISSING,,,,,
terrain_chunking.py,857,function,validate_tile_seams,validate_tile_seams,MISSING,,,,,
terrain_chunking.py,1020,function,_empty_metadata,_empty_metadata,MISSING,,,,,
terrain_chunking.py,1036,function,_coerce_jsonable_edge_samples,_coerce_jsonable_edge_samples,MISSING,,,,,
terrain_chunking.py,1045,function,_hash_edge_samples,_hash_edge_samples,MISSING,,,,,
terrain_chunking.py,1050,function,_extract_chunk_core_heightmap,_extract_chunk_core_heightmap,MISSING,,,,,
terrain_chunking.py,1070,function,_compute_tile_contracts,_compute_tile_contracts,NAME_ONLY_MATCH,,,,,
terrain_cliffs.py,75,function,_repose_for_material,_repose_for_material,MISSING,,,,,
terrain_cliffs.py,186,function,_smooth_contour_gaussian,_smooth_contour_gaussian,MISSING,,,,,
terrain_cliffs.py,236,function,_fit_bspline_contour,_fit_bspline_contour,MISSING,,,,,
terrain_cliffs.py,316,function,build_cliff_candidate_mask,build_cliff_candidate_mask,MISSING,,,,,
terrain_cliffs.py,409,function,_moore_contour_all_components,_moore_contour_all_components,MISSING,,,,,
terrain_cliffs.py,435,function,_trace_moore_boundary,_trace_moore_boundary,MISSING,,,,,
terrain_cliffs.py,460,function,_backtrack_dir,_backtrack_dir,MISSING,,,,,
terrain_cliffs.py,501,function,_label_connected_components,_label_connected_components,MISSING,,,,,
terrain_cliffs.py,583,function,_build_strata_layers,_build_strata_layers,MISSING,,,,,
terrain_cliffs.py,642,function,_apply_micro_erosion,_apply_micro_erosion,MISSING,,,,,
terrain_cliffs.py,685,function,carve_cliff_system,carve_cliff_system,MISSING,,,,,
terrain_cliffs.py,999,function,_region_to_slice,_region_to_slice,NAME_ONLY_MATCH,,,,,
terrain_cliffs.py,1037,function,_extract_lip_polyline,_extract_lip_polyline,MISSING,,,,,
terrain_cliffs.py,1060,function,_postprocess_lip_polyline,_postprocess_lip_polyline,MISSING,,,,,
terrain_cliffs.py,1098,function,add_cliff_ledges,add_cliff_ledges,MISSING,,,,,
terrain_cliffs.py,1168,function,build_talus_field,build_talus_field,MISSING,,,,,
terrain_cliffs.py,1289,function,_generate_cliff_overhang,_generate_cliff_overhang,MISSING,,,,,
terrain_cliffs.py,1454,function,_cell_center_world,_cell_center_world,MISSING,,,,,
terrain_cliffs.py,1465,function,_build_cliff_overhang_mesh_specs,_build_cliff_overhang_mesh_specs,MISSING,,,,,
terrain_cliffs.py,1506,function,pass_emit_overhang_meshes,pass_emit_overhang_meshes,MISSING,,,,,
terrain_cliffs.py,1546,function,_fbm2,_fbm2,MISSING,,,,,
terrain_cliffs.py,1552,function,_h,_h,MISSING,,,,,
terrain_cliffs.py,1579,function,_build_cliff_wall_mesh_spec,_build_cliff_wall_mesh_spec,MISSING,,,,,
terrain_cliffs.py,1764,function,_strata_offset_at,_strata_offset_at,MISSING,,,,,
terrain_cliffs.py,1807,function,_crack_groove_at,_crack_groove_at,MISSING,,,,,
terrain_cliffs.py,1832,function,_fbm_normal_perturb,_fbm_normal_perturb,MISSING,,,,,
terrain_cliffs.py,2028,function,insert_hero_cliff_meshes,insert_hero_cliff_meshes,MISSING,,,,,
terrain_cliffs.py,2217,function,validate_cliff_readability,validate_cliff_readability,MISSING,,,,,
terrain_cliffs.py,2286,function,pass_cliffs,pass_cliffs,MISSING,,,,,
terrain_cliffs.py,2415,function,_protected_mask_for_cliffs,_protected_mask_for_cliffs,MISSING,,,,,
terrain_cliffs.py,2441,function,register_bundle_b_passes,register_bundle_b_passes,MISSING,,,,,
terrain_cloud_shadow.py,43,function,_build_perm_table,_build_perm_table,MISSING,,,,,
terrain_cloud_shadow.py,55,function,_value_noise,_value_noise,MISSING,,,,,
terrain_cloud_shadow.py,131,function,compute_cloud_shadow_mask,compute_cloud_shadow_mask,MISSING,,,,,
terrain_cloud_shadow.py,236,function,pass_cloud_shadow,pass_cloud_shadow,MISSING,,,,,
terrain_cloud_shadow.py,322,function,register_bundle_j_cloud_shadow_pass,register_bundle_j_cloud_shadow_pass,MISSING,,,,,
terrain_decal_placement.py,47,function,_safe_norm,_safe_norm,MISSING,,,,,
terrain_decal_placement.py,55,function,_log_norm,_log_norm,MISSING,,,,,
terrain_decal_placement.py,62,function,compute_decal_density,compute_decal_density,MISSING,,,,,
terrain_decal_placement.py,259,function,pass_decals,pass_decals,MISSING,,,,,
terrain_decal_placement.py,307,function,register_bundle_j_decals_pass,register_bundle_j_decals_pass,MISSING,,,,,
terrain_delta_integrator.py,54,function,_collect_deltas,_collect_deltas,MISSING,,,,,
terrain_delta_integrator.py,66,function,pass_integrate_deltas,pass_integrate_deltas,MISSING,,,,,
terrain_delta_integrator.py,172,function,register_integrator_pass,register_integrator_pass,MISSING,,,,,
terrain_dem_import.py,108,function,_synthetic_dem,_synthetic_dem,MISSING,,,,,
terrain_dem_import.py,130,function,_fill_nodata,_fill_nodata,MISSING,,,,,
terrain_dem_import.py,185,function,_bilinear_resample_2d,_bilinear_resample_2d,MISSING,,,,,
terrain_dem_import.py,211,function,_load_hgt,_load_hgt,MISSING,,,,,
terrain_dem_import.py,247,function,_load_geotiff,_load_geotiff,MISSING,,,,,
terrain_dem_import.py,324,function,read_tag,read_tag,MISSING,,,,,
terrain_dem_import.py,376,function,_egm96_undulation_m,_egm96_undulation_m,MISSING,,,,,
terrain_dem_import.py,390,function,import_dem_tile,import_dem_tile,MISSING,,,,,
terrain_dem_import.py,511,function,resample_dem_to_tile_grid,resample_dem_to_tile_grid,MISSING,,,,,
terrain_dem_import.py,552,function,normalize_dem_to_world_range,normalize_dem_to_world_range,MISSING,,,,,
terrain_destructibility_patches.py,30,function,detect_destructibility_patches,detect_destructibility_patches,MISSING,,,,,
terrain_destructibility_patches.py,155,function,export_destructibility_json,export_destructibility_json,MISSING,,,,,
terrain_determinism_ci.py,41,function,_snapshot_channel_hashes,_snapshot_channel_hashes,MISSING,,,,,
terrain_determinism_ci.py,62,function,_clone_state,_clone_state,MISSING,,,,,
terrain_determinism_ci.py,67,function,_hash_full_state,_hash_full_state,MISSING,,,,,
terrain_determinism_ci.py,100,function,run_determinism_check,run_determinism_check,MISSING,,,,,
terrain_determinism_ci.py,212,function,detect_determinism_regressions,detect_determinism_regressions,MISSING,,,,,
terrain_dirty_tracking.py,33,method,DirtyRegion.touches_channel,touches_channel,MISSING,,,,,
terrain_dirty_tracking.py,37,method,DirtyRegion.merge,merge,MISSING,,,,,
terrain_dirty_tracking.py,57,method,DirtyRegion.intersection,intersection,MISSING,,,,,
terrain_dirty_tracking.py,122,method,_IntervalTree._ensure_sorted,_ensure_sorted,MISSING,,,,,
terrain_dirty_tracking.py,128,method,_IntervalTree.insert,insert,MISSING,,,,,
terrain_dirty_tracking.py,132,method,_IntervalTree.remove,remove,MISSING,,,,,
terrain_dirty_tracking.py,136,method,_IntervalTree.candidates,candidates,MISSING,,,,,
terrain_dirty_tracking.py,154,method,_IntervalTree.rebuild,rebuild,MISSING,,,,,
terrain_dirty_tracking.py,203,method,DirtyTracker.world_bounds,world_bounds,MISSING,,,,,
terrain_dirty_tracking.py,206,method,DirtyTracker.set_world_bounds,set_world_bounds,MISSING,,,,,
terrain_dirty_tracking.py,213,method,DirtyTracker._rebuild_indexes,_rebuild_indexes,MISSING,,,,,
terrain_dirty_tracking.py,221,method,DirtyTracker._append_region,_append_region,MISSING,,,,,
terrain_dirty_tracking.py,234,method,DirtyTracker.mark_dirty,mark_dirty,MISSING,,,,,
terrain_dirty_tracking.py,252,method,DirtyTracker.mark_many,mark_many,MISSING,,,,,
terrain_dirty_tracking.py,272,method,DirtyTracker._clip_to_world,_clip_to_world,MISSING,,,,,
terrain_dirty_tracking.py,286,method,DirtyTracker._sweep_merge,_sweep_merge,MISSING,,,,,
terrain_dirty_tracking.py,300,method,DirtyTracker._overlaps,_overlaps,MISSING,,,,,
terrain_dirty_tracking.py,329,method,DirtyTracker._coalesce_inplace,_coalesce_inplace,MISSING,,,,,
terrain_dirty_tracking.py,336,method,DirtyTracker.get_dirty_regions,get_dirty_regions,MISSING,,,,,
terrain_dirty_tracking.py,339,method,DirtyTracker.get_dirty_channels,get_dirty_channels,MISSING,,,,,
terrain_dirty_tracking.py,342,method,DirtyTracker.clear,clear,MISSING,,,,,
terrain_dirty_tracking.py,347,method,DirtyTracker.is_clean,is_clean,MISSING,,,,,
terrain_dirty_tracking.py,350,method,DirtyTracker.dirty_area,dirty_area,MISSING,,,,,
terrain_dirty_tracking.py,373,method,DirtyTracker.dirty_fraction,dirty_fraction,MISSING,,,,,
terrain_dirty_tracking.py,390,method,DirtyTracker.coalesce,coalesce,MISSING,,,,,
terrain_dirty_tracking.py,423,function,attach_dirty_tracker,attach_dirty_tracker,MISSING,,,,,
terrain_dirty_tracking.py,468,function,_hooked_set,_hooked_set,MISSING,,,,,
terrain_ecotone_graph.py,37,method,EcotoneEdge.as_dict,as_dict,MISSING,,,,,
terrain_ecotone_graph.py,47,function,_find_adjacencies,_find_adjacencies,MISSING,,,,,
terrain_ecotone_graph.py,57,function,_count_pairs,_count_pairs,MISSING,,,,,
terrain_ecotone_graph.py,96,function,build_ecotone_graph,build_ecotone_graph,MISSING,,,,,
terrain_ecotone_graph.py,143,function,validate_ecotone_smoothness,validate_ecotone_smoothness,MISSING,,,,,
terrain_ecotone_graph.py,167,function,pass_ecotones,pass_ecotones,MISSING,,,,,
terrain_ecotone_graph.py,205,function,register_bundle_j_ecotones_pass,register_bundle_j_ecotones_pass,MISSING,,,,,
terrain_erosion_filter.py,41,function,_hash2,_hash2,MISSING,,,,,
terrain_erosion_filter.py,95,function,_pow_inv,_pow_inv,MISSING,,,,,
terrain_erosion_filter.py,121,function,finite_difference_gradient,finite_difference_gradient,MISSING,,,,,
terrain_erosion_filter.py,162,function,phacelle_noise,phacelle_noise,MISSING,,,,,
terrain_erosion_filter.py,265,function,erosion_filter,erosion_filter,MISSING,,,,,
terrain_erosion_filter.py,472,function,apply_analytical_erosion,apply_analytical_erosion,MISSING,,,,,
terrain_features.py,33,function,_cross,_cross,MISSING,,,,,
terrain_features.py,42,function,_sub,_sub,MISSING,,,,,
terrain_features.py,46,function,_normalize,_normalize,MISSING,,,,,
terrain_features.py,54,function,_face_normal,_face_normal,MISSING,,,,,
terrain_features.py,69,function,_compute_face_normals,_compute_face_normals,MISSING,,,,,
terrain_features.py,74,function,_lod1_faces,_lod1_faces,MISSING,,,,,
terrain_features.py,79,function,_material_metadata,_material_metadata,MISSING,,,,,
terrain_features.py,95,function,_get_feature_noise,_get_feature_noise,MISSING,,,,,
terrain_features.py,107,function,_hash_noise,_hash_noise,GRADED,,,,,
terrain_features.py,118,function,_fbm,_fbm,GRADED,,,,,
terrain_features.py,179,function,generate_canyon,generate_canyon,GRADED,,,"Houdini Heightfield carve + side tributary erosion (e.g. RDR2 Grand Canyon, Uncharted Lost Legacy canyons)","Canyon is a straight rectilinear trench along X with only mild y-offset wall noise; no meander, no talus slopes, no stratified horizontal rock layers, and 'side caves' are only metadata dicts with zero actual mesh carved into the walls.","Build canyon centerline via meandering spline, carve walls from a base heightmap with multi-octave stratified erosion, generate real boolean cave voids at each side cave, and add scree/debris cones at wall bases."
terrain_features.py,417,function,_wall_verts_for_side,_wall_verts_for_side,MISSING,,,,,
terrain_features.py,471,function,_wall_face_mat,_wall_face_mat,MISSING,,,,,
terrain_features.py,703,function,generate_waterfall,generate_waterfall,GRADED,,,"Horizon Forbidden West / Genshin waterfall with volumetric water plume, pool caustics, and mist VFX; Gaea water-carving layer.","Ledges are literally single quads (no side/bottom faces), pool is a crude 16-sided fan triangle disc with no lip or undercut, 'cave behind' is pure metadata with no geometry carved, and there is no water mesh, no plunge basin curvature, and no erosion behind/below the falls.","Generate real boxed ledges with front undercuts, carve a real cave void behind the flow with SDF boolean, build a volumetric water plume mesh (tapered prism, not plane) and a contoured plunge pool with distinct lip, and output mist emitter positions."
terrain_features.py,1180,function,_rot_xy,_rot_xy,MISSING,,,,,
terrain_features.py,1245,function,generate_cliff_face,generate_cliff_face,GRADED,,,"Uncharted / Tomb Raider climbable cliff with ledge kit, or UE Landscape Layer Blend with overhang tool.","Base cliff is still a single planar heightfield tilted at the top (not true overhangs with undercut), cave entrances are metadata only with no holes punched in the face, and ledge ribbon is a flat two-vertex strip with no thickness or railings/handholds.","Use a displaced volumetric slab (front + top + underside stitched) so overhang becomes a real shelf, boolean-carve cave entrances through the face, and extrude the ledge into a 3D walkable shelf with chamfered edge."
terrain_features.py,1358,function,_crack_displacement,_crack_displacement,MISSING,,,,,
terrain_features.py,1746,function,generate_swamp_terrain,generate_swamp_terrain,GRADED,,,"Far Cry/Witcher 3 bog biome with hummock stamps, standing water masks, and island dry-zone classification.","Resolution scales as size/2 (so a 50m swamp is only 25x25 = 625 quads = ~2m quads) which is too coarse for AAA; no channel/river carving, no peat/hammock micro-morphology, and water is tagged via material only — there is no actual water plane mesh.","Raise resolution to sub-meter, carve drainage channels with hydraulic erosion pass, emit a separate water surface mesh aligned to water_level, and output root/reed scatter masks instead of just material IDs."
terrain_features.py,2126,function,generate_natural_arch,generate_natural_arch,GRADED,,,"Real natural arch (Delicate Arch / Mesa Arch) as sculpted erosion of sandstone block, or Houdini Voronoi-fracture + erosion.","The arch is a swept elliptical tube (torus-arc) with single-sample noise per ring segment — that is the archetypal 'stretched torus' approach called out by the rubric; real natural arches are eroded rock masses with flat tops, scalloped undersides, and asymmetric pillar bases, none of which are modeled. Pillars are simple tapered 4-vert boxes.","Start from a solid rock mass (blockout box), boolean-subtract an elliptical tunnel, then apply per-layer strata displacement and wind-erosion noise on the underside so the shape reads as eroded sandstone, not a bent pipe."
terrain_features.py,2222,function,_arch_z,_arch_z,MISSING,,,,,
terrain_features.py,2232,function,_arch_inner_z,_arch_inner_z,MISSING,,,,,
terrain_features.py,2241,function,_tapered_thickness,_tapered_thickness,MISSING,,,,,
terrain_features.py,2567,function,_arch_face_mat,_arch_face_mat,MISSING,,,,,
terrain_features.py,2594,function,generate_geyser,generate_geyser,GRADED,,,"Yellowstone-style travertine terrace (RDR2 Cotorra Springs, Horizon hot springs) with layered sinter steps.","Pool is a fan-triangulated flat disc (no concavity toward center despite the comment), terraces are only 3 rigid concentric rings of equal width (not scalloped basins with pour-lips), and there is no water surface mesh, no steam vent placement, and the vent cone is just 3 rings.","Model terraces as stacked basin polygons with irregular pour-lips carved per tier, add a real water surface inside each basin, generate steam/sulfur plume emitter points, and vary terrace counts by pool_radius."
terrain_features.py,3037,function,generate_sinkhole,generate_sinkhole,GRADED,,,"Tomb Raider/Uncharted cenote or Sima de las Cotorras with vertical walls, vegetation shelves, and water pool bottom.","Walls are still rotationally symmetric (only 15% narrowing at bottom, no undercuts or bell shape), rubble boxes are axis-aligned and identical topology, the bottom cave is metadata-only with no actual opening cut into the wall, and there is no water/vegetation shelf despite sinkholes typically having both.","Allow non-axisymmetric radius profile (bell or hourglass), boolean-carve the bottom cave into the wall mesh, scatter rocks with varied topology and rotation, and add a mid-depth vegetation shelf ring."
terrain_features.py,3437,function,generate_floating_rocks,generate_floating_rocks,GRADED,,,Avatar/Horizon floating islands or Zelda TOTK sky islands; Houdini Voronoi-fractured rock clusters.,"Chain 'links' are open cylindrical shafts stacked vertically (not interlocked torus rings), rocks are fundamentally noisy spheres with no sharp fractured planes or crystalline protrusions, undersides look identical to tops (same material differentiation is purely tag-based), and there is no island flat top / grass zone typical of fantasy float rocks.","Replace sphere base with Voronoi-fractured polyhedra giving flat facets, differentiate top via flattened cap + grass mask, make chain links actual torus primitives interlocking at 90-degree alternation, and add crystal vein mesh geometry rather than just material tag."
terrain_features.py,3736,function,generate_ice_formation,generate_ice_formation,GRADED,,,"God of War Ragnarok ice caves / Horizon FW Cauldrons with volumetric ice, parallax refraction, and icicle clusters.","Stalactite material banding uses `kt` variable that is actually the OUTER loop counter `k` from a previous loop (variable captured incorrectly — bug: `kt` in the mat_indices block references the last stalactite's last ring k/cone_rings, not current face position), 'refraction zones' are randomly sampled metadata disconnected from the actual curvature classification applied to faces, ice wall is a flat displaced plane (no thickness), and there is no floor/stalagmite, no pool, no volumetric ice.",Fix the kt-scoping bug so banding tracks current ring properly; extrude the ice wall into a volume with frosted interior; add matching stalagmites and frozen pool mesh; derive refraction_zones from the actual high-curvature face centers rather than random sampling.
terrain_features.py,3803,function,_build_hex_column,_build_hex_column,MISSING,,,,,
terrain_features.py,4135,function,generate_lava_flow,generate_lava_flow,GRADED,,,Horizon Burning Shores lava channels or Kilauea reference with pahoehoe crust folds and incandescent fissures.,"Flow is still a single-strip ribbon — no branching, no pillow/tube morphology, no solidification fingers; crust edges are symmetric with simple linear height profile, no a'a vs pahoehoe variation; lava surface is the same continuous grid as the rock banks with no lip or embankment discontinuity; heat zones are uniformly distributed along t with no flow-physics grounding.","Replace ribbon with a 2D flow-accumulation field producing branching channels, model crust as a separate floating shell above a lower hot-lava surface (two meshes) with broken crust patches, and derive heat_zones from channel-width narrowings/drop points instead of uniform sampling."
terrain_fog_masks.py,48,function,compute_fog_pool_mask,compute_fog_pool_mask,MISSING,,,,,
terrain_fog_masks.py,183,function,compute_mist_envelope,compute_mist_envelope,MISSING,,,,,
terrain_fog_masks.py,295,function,pass_fog_masks,pass_fog_masks,MISSING,,,,,
terrain_fog_masks.py,349,function,register_bundle_l_fog_masks_pass,register_bundle_l_fog_masks_pass,MISSING,,,,,
terrain_footprint_surface.py,31,function,_world_to_cell,_world_to_cell,NAME_ONLY_MATCH,,,,,
terrain_footprint_surface.py,42,function,compute_footprint_surface_data,compute_footprint_surface_data,MISSING,,,,,
terrain_footprint_surface.py,104,function,export_footprint_data_json,export_footprint_data_json,MISSING,,,,,
terrain_framing.py,45,function,_bresenham_cells,_bresenham_cells,MISSING,,,,,
terrain_framing.py,77,function,enforce_sightline,enforce_sightline,MISSING,,,,,
terrain_framing.py,190,function,pass_framing,pass_framing,MISSING,,,,,
terrain_framing.py,299,function,_framing_quality_gate,_framing_quality_gate,MISSING,,,,,
terrain_framing.py,363,function,register_framing_pass,register_framing_pass,MISSING,,,,,
terrain_gameplay_zones.py,51,function,_label_zones,_label_zones,MISSING,,,,,
terrain_gameplay_zones.py,90,function,_compute_cover_score,_compute_cover_score,MISSING,,,,,
terrain_gameplay_zones.py,124,function,_compute_sky_exposure,_compute_sky_exposure,MISSING,,,,,
terrain_gameplay_zones.py,152,function,_compute_choke_score,_compute_choke_score,MISSING,,,,,
terrain_gameplay_zones.py,217,function,_compute_vantage_score,_compute_vantage_score,MISSING,,,,,
terrain_gameplay_zones.py,258,function,compute_gameplay_zones,compute_gameplay_zones,MISSING,,,,,
terrain_gameplay_zones.py,330,function,_apply_zone_with_cc,_apply_zone_with_cc,MISSING,,,,,
terrain_gameplay_zones.py,374,function,_compute_gameplay_score_metrics,_compute_gameplay_score_metrics,MISSING,,,,,
terrain_gameplay_zones.py,399,function,pass_gameplay_zones,pass_gameplay_zones,MISSING,,,,,
terrain_gameplay_zones.py,450,function,register_bundle_j_gameplay_zones_pass,register_bundle_j_gameplay_zones_pass,MISSING,,,,,
terrain_geology_validator.py,26,function,validate_strata_consistency,validate_strata_consistency,MISSING,,,,,
terrain_geology_validator.py,67,function,_norm,_norm,MISSING,,,,,
terrain_geology_validator.py,97,function,validate_strahler_ordering,validate_strahler_ordering,MISSING,,,,,
terrain_geology_validator.py,154,function,_get,_get,MISSING,,,,,
terrain_geology_validator.py,190,function,_compute_order,_compute_order,MISSING,,,,,
terrain_geology_validator.py,276,function,_compute_nx,_compute_nx,MISSING,,,,,
terrain_geology_validator.py,394,function,validate_glacial_plausibility,validate_glacial_plausibility,MISSING,,,,,
terrain_geology_validator.py,439,function,validate_karst_plausibility,validate_karst_plausibility,MISSING,,,,,
terrain_geology_validator.py,499,function,register_bundle_i_passes,register_bundle_i_passes,MISSING,,,,,
terrain_glacial.py,32,function,_path_to_cells,_path_to_cells,MISSING,,,,,
terrain_glacial.py,47,function,carve_u_valley,carve_u_valley,MISSING,,,,,
terrain_glacial.py,171,function,scatter_moraines,scatter_moraines,MISSING,,,,,
terrain_glacial.py,208,function,_interp,_interp,MISSING,,,,,
terrain_glacial.py,266,function,compute_snow_line,compute_snow_line,MISSING,,,,,
terrain_glacial.py,300,function,pass_glacial,pass_glacial,MISSING,,,,,
terrain_glacial.py,363,function,get_ice_formation_specs,get_ice_formation_specs,MISSING,,,,,
terrain_god_ray_hints.py,52,method,GodRayHint.to_dict,to_dict,NAME_ONLY_MATCH,,,,,
terrain_god_ray_hints.py,66,function,_normalize_sun_dir,_normalize_sun_dir,MISSING,,,,,
terrain_god_ray_hints.py,75,function,_build_terrain_silhouette_shadow,_build_terrain_silhouette_shadow,MISSING,,,,,
terrain_god_ray_hints.py,144,function,compute_god_ray_hints,compute_god_ray_hints,MISSING,,,,,
terrain_god_ray_hints.py,336,function,export_god_ray_hints_json,export_god_ray_hints_json,MISSING,,,,,
terrain_god_ray_hints.py,356,function,pass_god_ray_hints,pass_god_ray_hints,MISSING,,,,,
terrain_god_ray_hints.py,405,function,register_bundle_l_god_ray_hints_pass,register_bundle_l_god_ray_hints_pass,MISSING,,,,,
terrain_golden_snapshots.py,49,method,GoldenSnapshot.to_dict,to_dict,NAME_ONLY_MATCH,,,,,
terrain_golden_snapshots.py,55,method,GoldenSnapshot.from_dict,from_dict,NAME_ONLY_MATCH,,,,,
terrain_golden_snapshots.py,71,function,_channel_hashes,_channel_hashes,MISSING,,,,,
terrain_golden_snapshots.py,87,function,save_golden_snapshot,save_golden_snapshot,MISSING,,,,,
terrain_golden_snapshots.py,123,function,load_golden_snapshot,load_golden_snapshot,MISSING,,,,,
terrain_golden_snapshots.py,129,function,compare_against_golden,compare_against_golden,MISSING,,,,,
terrain_golden_snapshots.py,235,function,_seed_one,_seed_one,MISSING,,,,,
terrain_golden_snapshots.py,276,function,seed_golden_library,seed_golden_library,MISSING,,,,,
terrain_hierarchy.py,35,method,FeatureTier.from_str,from_str,MISSING,,,,,
terrain_hierarchy.py,77,function,classify_feature_tier,classify_feature_tier,MISSING,,,,,
terrain_hierarchy.py,119,function,enforce_feature_budget,enforce_feature_budget,MISSING,,,,,
terrain_hierarchy.py,142,function,_footprint,_footprint,MISSING,,,,,
terrain_hierarchy.py,149,function,_tier_rank,_tier_rank,MISSING,,,,,
terrain_hierarchy.py,154,function,_saliency,_saliency,MISSING,,,,,
terrain_hierarchy.py,159,function,_feature_id,_feature_id,MISSING,,,,,
terrain_hierarchy.py,164,function,_tri_estimate,_tri_estimate,MISSING,,,,,
terrain_horizon_lod.py,34,function,compute_horizon_lod,compute_horizon_lod,MISSING,,,,,
terrain_horizon_lod.py,103,function,build_horizon_skybox_mask,build_horizon_skybox_mask,MISSING,,,,,
terrain_horizon_lod.py,213,function,pass_horizon_lod,pass_horizon_lod,MISSING,,,,,
terrain_horizon_lod.py,314,function,register_bundle_l_horizon_lod_pass,register_bundle_l_horizon_lod_pass,MISSING,,,,,
terrain_hot_reload.py,35,function,_module_path,_module_path,MISSING,,,,,
terrain_hot_reload.py,40,function,_safe_reload,_safe_reload,MISSING,,,,,
terrain_hot_reload.py,74,function,reload_biome_rules,reload_biome_rules,MISSING,,,,,
terrain_hot_reload.py,84,function,reload_material_rules,reload_material_rules,MISSING,,,,,
terrain_hot_reload.py,118,method,HotReloadWatcher.add,add,MISSING,,,,,
terrain_hot_reload.py,128,method,HotReloadWatcher.watch_biome_rules,watch_biome_rules,MISSING,,,,,
terrain_hot_reload.py,133,method,HotReloadWatcher.watch_material_rules,watch_material_rules,MISSING,,,,,
terrain_hot_reload.py,138,method,HotReloadWatcher.check_and_reload,check_and_reload,MISSING,,,,,
terrain_hot_reload.py,182,method,HotReloadWatcher.force_reload_all,force_reload_all,MISSING,,,,,
terrain_hot_reload.py,198,method,HotReloadWatcher.clear_errors,clear_errors,MISSING,,,,,
terrain_hot_reload.py,203,function,force_reload_all,force_reload_all,MISSING,,,,,
terrain_iteration_metrics.py,24,function,_get_peak_memory_mb,_get_peak_memory_mb,MISSING,,,,,
terrain_iteration_metrics.py,98,method,IterationMetrics.record,record,MISSING,,,,,
terrain_iteration_metrics.py,141,method,IterationMetrics.reset,reset,MISSING,,,,,
terrain_iteration_metrics.py,160,method,IterationMetrics.merge,merge,MISSING,,,,,
terrain_iteration_metrics.py,192,method,IterationMetrics.avg_pass_duration_s,avg_pass_duration_s,MISSING,,,,,
terrain_iteration_metrics.py,200,method,IterationMetrics.cache_hit_rate,cache_hit_rate,MISSING,,,,,
terrain_iteration_metrics.py,205,method,IterationMetrics.p50_duration_s,p50_duration_s,MISSING,,,,,
terrain_iteration_metrics.py,209,method,IterationMetrics.p95_duration_s,p95_duration_s,MISSING,,,,,
terrain_iteration_metrics.py,213,method,IterationMetrics.p99_duration_s,p99_duration_s,MISSING,,,,,
terrain_iteration_metrics.py,217,method,IterationMetrics.max_duration_s,max_duration_s,MISSING,,,,,
terrain_iteration_metrics.py,221,method,IterationMetrics.slowest_pass_name,slowest_pass_name,MISSING,,,,,
terrain_iteration_metrics.py,228,method,IterationMetrics.per_pass_totals,per_pass_totals,MISSING,,,,,
terrain_iteration_metrics.py,232,method,IterationMetrics.hotspots,hotspots,MISSING,,,,,
terrain_iteration_metrics.py,239,method,IterationMetrics.summary_report,summary_report,MISSING,,,,,
terrain_iteration_metrics.py,278,method,IterationMetrics.to_json,to_json,MISSING,,,,,
terrain_iteration_metrics.py,288,function,_percentile,_percentile,MISSING,,,,,
terrain_iteration_metrics.py,324,function,record_iteration,record_iteration,MISSING,,,,,
terrain_iteration_metrics.py,329,function,record_cache_hit,record_cache_hit,MISSING,,,,,
terrain_iteration_metrics.py,333,function,record_cache_miss,record_cache_miss,MISSING,,,,,
terrain_iteration_metrics.py,337,function,record_wave,record_wave,MISSING,,,,,
terrain_iteration_metrics.py,342,function,speedup_factor,speedup_factor,MISSING,,,,,
terrain_iteration_metrics.py,361,function,meets_speedup_target,meets_speedup_target,MISSING,,,,,
terrain_iteration_metrics.py,376,function,stdev_duration_s,stdev_duration_s,MISSING,,,,,
terrain_karst.py,89,function,detect_karst_candidates,detect_karst_candidates,MISSING,,,,,
terrain_karst.py,319,function,carve_karst_features,carve_karst_features,MISSING,,,,,
terrain_karst.py,420,function,pass_karst,pass_karst,MISSING,,,,,
terrain_karst.py,472,function,get_sinkhole_specs,get_sinkhole_specs,MISSING,,,,,
terrain_legacy_bug_fixes.py,31,function,_default_terrain_advanced_path,_default_terrain_advanced_path,MISSING,,,,,
terrain_legacy_bug_fixes.py,51,function,audit_np_clip_in_file,audit_np_clip_in_file,MISSING,,,,,
terrain_legacy_bug_fixes.py,112,function,_audit_pixel_units_in_file,_audit_pixel_units_in_file,MISSING,,,,,
terrain_legacy_bug_fixes.py,140,function,audit_terrain_advanced_world_units,audit_terrain_advanced_world_units,MISSING,,,,,
terrain_live_preview.py,27,function,_clone_stack_for_diff,_clone_stack_for_diff,MISSING,,,,,
terrain_live_preview.py,75,method,LivePreviewSession.state,state,MISSING,,,,,
terrain_live_preview.py,78,method,LivePreviewSession.current_hash,current_hash,MISSING,,,,,
terrain_live_preview.py,81,method,LivePreviewSession.apply_edit,apply_edit,MISSING,,,,,
terrain_live_preview.py,127,method,LivePreviewSession.diff_preview,diff_preview,MISSING,,,,,
terrain_live_preview.py,147,method,LivePreviewSession.diff_stacks,diff_stacks,MISSING,,,,,
terrain_live_preview.py,151,method,LivePreviewSession.snapshot_stack,snapshot_stack,MISSING,,,,,
terrain_live_preview.py,155,method,LivePreviewSession.render_thumbnail_png,render_thumbnail_png,MISSING,,,,,
terrain_live_preview.py,186,function,edit_hero_feature,edit_hero_feature,MISSING,,,,,
terrain_macro_color.py,42,function,_resolve_palette,_resolve_palette,MISSING,,,,,
terrain_macro_color.py,60,function,compute_macro_color,compute_macro_color,MISSING,,,,,
terrain_macro_color.py,142,function,pass_macro_color,pass_macro_color,MISSING,,,,,
terrain_macro_color.py,175,function,register_bundle_k_macro_color_pass,register_bundle_k_macro_color_pass,MISSING,,,,,
terrain_mask_cache.py,33,function,_hash_channel,_hash_channel,MISSING,,,,,
terrain_mask_cache.py,49,function,cache_key_for_pass,cache_key_for_pass,MISSING,,,,,
terrain_mask_cache.py,151,method,MaskCache.get,get,MISSING,,,,,
terrain_mask_cache.py,160,method,MaskCache.put,put,MISSING,,,,,
terrain_mask_cache.py,188,method,MaskCache._remove_from_tag_index,_remove_from_tag_index,MISSING,,,,,
terrain_mask_cache.py,193,method,MaskCache.get_or_compute,get_or_compute,MISSING,,,,,
terrain_mask_cache.py,242,method,MaskCache.invalidate,invalidate,MISSING,,,,,
terrain_mask_cache.py,250,method,MaskCache.invalidate_prefix,invalidate_prefix,MISSING,,,,,
terrain_mask_cache.py,293,method,MaskCache.invalidate_all,invalidate_all,MISSING,,,,,
terrain_mask_cache.py,298,method,MaskCache.stats,stats,MISSING,,,,,
terrain_mask_cache.py,316,function,_snapshot_produced_channels,_snapshot_produced_channels,MISSING,,,,,
terrain_mask_cache.py,327,function,_restore_produced_channels,_restore_produced_channels,MISSING,,,,,
terrain_mask_cache.py,338,function,pass_with_cache,pass_with_cache,MISSING,,,,,
terrain_masks.py,27,function,compute_slope,compute_slope,MISSING,,,,,
terrain_masks.py,49,function,compute_curvature,compute_curvature,MISSING,,,,,
terrain_masks.py,73,function,compute_concavity,compute_concavity,MISSING,,,,,
terrain_masks.py,90,function,compute_convexity,compute_convexity,MISSING,,,,,
terrain_masks.py,107,function,extract_ridge_mask,extract_ridge_mask,MISSING,,,,,
terrain_masks.py,145,function,detect_basins,detect_basins,MISSING,,,,,
terrain_masks.py,266,function,compute_macro_saliency,compute_macro_saliency,MISSING,,,,,
terrain_masks.py,302,function,compute_base_masks,compute_base_masks,MISSING,,,,,
terrain_master_registrar.py,102,function,_safe_import_registrar,_safe_import_registrar,MISSING,,,,,
terrain_master_registrar.py,127,function,register_all_terrain_passes,register_all_terrain_passes,MISSING,,,,,
terrain_master_registrar.py,155,function,register_all_terrain_passes_detailed,register_all_terrain_passes_detailed,MISSING,,,,,
terrain_master_registrar.py,170,function,_register_all_terrain_passes_impl,_register_all_terrain_passes_impl,MISSING,,,,,
terrain_materials.py,50,function,get_default_biome,get_default_biome,GRADED,,,,,
terrain_materials.py,997,function,_get_material_def,_get_material_def,GRADED,,,,,
terrain_materials.py,1002,function,get_all_terrain_material_keys,get_all_terrain_material_keys,GRADED,,,,,
terrain_materials.py,1015,function,get_biome_palette,get_biome_palette,GRADED,,,,,
terrain_materials.py,1046,function,_face_slope_angle,_face_slope_angle,GRADED,,,,,
terrain_materials.py,1068,function,_classify_face,_classify_face,GRADED,,,,,
terrain_materials.py,1119,function,assign_terrain_materials_by_slope,assign_terrain_materials_by_slope,GRADED,,,UE Landscape layer slope/height auto-assign,Modulo face index distribution is deterministic but visually linear — no spatial coherence (adjacent faces can flip material).,Use spatial hash (face center) with blue noise for variance.
terrain_materials.py,1326,function,blend_terrain_vertex_colors,blend_terrain_vertex_colors,GRADED,,,UE5 Vertex-color splatmap (4-channel),Static zone->channel weights ignore biome-specific preferences (a swamp shouldn't give .6 grass + 0 rock uniformly); no smoothing across vertices.,Pull zone weights per-biome from palette; Laplacian smooth.
terrain_materials.py,1392,function,_srgb_to_linear,_srgb_to_linear,MISSING,,,,,
terrain_materials.py,1398,function,_linear_to_srgb,_linear_to_srgb,MISSING,,,,,
terrain_materials.py,1524,function,_hblend,_hblend,MISSING,,,,,
terrain_materials.py,1573,function,apply_corruption_tint,apply_corruption_tint,GRADED,,,Corrupted-zone overlay shader,"Uniform tint — no per-vertex corruption variance; hardcoded purple (0.12, 0.04, 0.14) from 'linear sRGB' comment.",Sample corruption_map per-vertex for spatial variance.
terrain_materials.py,1652,function,_wang_hash,_wang_hash,MISSING,,,,,
terrain_materials.py,1662,function,_simple_noise_2d,_simple_noise_2d,GRADED,,,,,
terrain_materials.py,1683,function,_quintic,_quintic,MISSING,,,,,
terrain_materials.py,1689,function,_hash_val,_hash_val,MISSING,,,,,
terrain_materials.py,1718,function,compute_biome_transition,compute_biome_transition,GRADED,,,Witcher 3 / ESO biome-boundary splat blend,"Axis-aligned boundary only (x or y); _simple_noise_2d is a hash-based approximation, not true Simplex; amplitude is in world units but scale is normalized.",Support arbitrary polyline boundary + OpenSimplex noise.
terrain_materials.py,1894,function,height_blend,height_blend,GRADED,,,,,
terrain_materials.py,1952,function,_create_height_blend_group,_create_height_blend_group,GRADED,,,,,
terrain_materials.py,2000,function,_new_input,_new_input,MISSING,,,,,
terrain_materials.py,2105,function,_biome_environment_params,_biome_environment_params,MISSING,,,,,
terrain_materials.py,2235,function,handle_setup_terrain_biome,handle_setup_terrain_biome,GRADED,,,,,
terrain_materials.py,2573,function,auto_assign_terrain_layers,auto_assign_terrain_layers,GRADED,,,,,
terrain_materials.py,2826,function,_resolve_biome_palette_name,_resolve_biome_palette_name,GRADED,,,,,
terrain_materials.py,2842,function,_resolve_special_band_policy,_resolve_special_band_policy,GRADED,,,,,
terrain_materials.py,2869,function,_clamp_rgba,_clamp_rgba,GRADED,,,,,
terrain_materials.py,2893,function,_build_terrain_recipe,_build_terrain_recipe,GRADED,,,,,
terrain_materials.py,2911,function,_hook_vector,_hook_vector,MISSING,,,,,
terrain_materials.py,3117,function,compute_world_splatmap_weights,compute_world_splatmap_weights,GRADED,,,UE5 Landscape auto-material RGBA (grass/dirt/rock/special),Linear slope thresholds; no anisotropic lighting hint; moisture tint is limited (>0.7 or <0.3).,Soften slope transition with smoothstep; expose moisture curve.
terrain_materials.py,3318,function,create_biome_terrain_material,create_biome_terrain_material,GRADED,,,,,
terrain_materials.py,3516,function,handle_create_biome_terrain,handle_create_biome_terrain,GRADED,,,,,
terrain_materials_ext.py,68,method,MaterialChannelExt.channel_id,channel_id,MISSING,,,,,
terrain_materials_ext.py,77,function,validate_texel_density_coherency,validate_texel_density_coherency,MISSING,,,,,
terrain_materials_ext.py,194,function,compute_height_blended_weights,compute_height_blended_weights,MISSING,,,,,
terrain_materials_ext.py,269,function,validate_cliff_silhouette_area,validate_cliff_silhouette_area,MISSING,,,,,
terrain_materials_v2.py,95,method,MaterialRuleSet.index_of,index_of,MISSING,,,,,
terrain_materials_v2.py,107,function,default_dark_fantasy_rules,default_dark_fantasy_rules,MISSING,,,,,
terrain_materials_v2.py,182,function,triplanar_blend,triplanar_blend,MISSING,,,,,
terrain_materials_v2.py,239,function,compute_normal_z,compute_normal_z,MISSING,,,,,
terrain_materials_v2.py,263,function,apply_brucks_blend,apply_brucks_blend,MISSING,,,,,
terrain_materials_v2.py,309,function,compute_snow_line_factor,compute_snow_line_factor,MISSING,,,,,
terrain_materials_v2.py,371,function,sample_macro_color,sample_macro_color,MISSING,,,,,
terrain_materials_v2.py,409,function,apply_sdf_road_blend,apply_sdf_road_blend,MISSING,,,,,
terrain_materials_v2.py,479,function,_smoothstep_band,_smoothstep_band,MISSING,,,,,
terrain_materials_v2.py,493,function,compute_slope_material_weights,compute_slope_material_weights,MISSING,,,,,
terrain_materials_v2.py,567,function,_default_noise,_default_noise,MISSING,,,,,
terrain_materials_v2.py,729,function,_resolve_height_blend_gammas,_resolve_height_blend_gammas,MISSING,,,,,
terrain_materials_v2.py,747,function,_build_material_channel_exts,_build_material_channel_exts,MISSING,,,,,
terrain_materials_v2.py,790,function,pass_materials,pass_materials,MISSING,,,,,
terrain_materials_v2.py,918,function,register_bundle_b_material_passes,register_bundle_b_material_passes,MISSING,,,,,
terrain_math.py,12,function,slope_radians,slope_radians,MISSING,,,,,
terrain_math.py,17,function,slope_degrees,slope_degrees,MISSING,,,,,
terrain_math.py,21,function,slope_gradient_magnitude,slope_gradient_magnitude,MISSING,,,,,
terrain_math.py,26,function,talus_height_units,talus_height_units,MISSING,,,,,
terrain_math.py,31,function,world_to_cell,world_to_cell,MISSING,,,,,
terrain_math.py,45,function,cell_to_world,cell_to_world,MISSING,,,,,
terrain_math.py,57,function,distance_field_edt,distance_field_edt,MISSING,,,,,
terrain_morphology.py,55,function,_ridge_params,_ridge_params,MISSING,,,,,
terrain_morphology.py,59,function,_canyon_params,_canyon_params,MISSING,,,,,
terrain_morphology.py,63,function,_mesa_params,_mesa_params,MISSING,,,,,
terrain_morphology.py,67,function,_pinnacle_params,_pinnacle_params,MISSING,,,,,
terrain_morphology.py,71,function,_spur_params,_spur_params,MISSING,,,,,
terrain_morphology.py,75,function,_valley_params,_valley_params,MISSING,,,,,
terrain_morphology.py,279,function,_rng_from_seed,_rng_from_seed,MISSING,,,,,
terrain_morphology.py,283,function,apply_morphology_template,apply_morphology_template,MISSING,,,,,
terrain_morphology.py,379,function,list_templates_for_biome,list_templates_for_biome,MISSING,,,,,
terrain_morphology.py,401,function,get_natural_arch_specs,get_natural_arch_specs,MISSING,,,,,
terrain_multiscale_breakup.py,27,function,_rng_grid_bilinear,_rng_grid_bilinear,MISSING,,,,,
terrain_multiscale_breakup.py,50,function,compute_multiscale_breakup,compute_multiscale_breakup,MISSING,,,,,
terrain_multiscale_breakup.py,84,function,pass_multiscale_breakup,pass_multiscale_breakup,MISSING,,,,,
terrain_multiscale_breakup.py,128,function,register_bundle_k_multiscale_breakup_pass,register_bundle_k_multiscale_breakup_pass,MISSING,,,,,
terrain_navmesh_export.py,83,function,compute_navmesh_area_id,compute_navmesh_area_id,MISSING,,,,,
terrain_navmesh_export.py,183,function,_edt_cells,_edt_cells,MISSING,,,,,
terrain_navmesh_export.py,226,function,compute_traversability,compute_traversability,MISSING,,,,,
terrain_navmesh_export.py,320,function,_build_navmesh_geometry,_build_navmesh_geometry,MISSING,,,,,
terrain_navmesh_export.py,413,function,export_navmesh_json,export_navmesh_json,MISSING,,,,,
terrain_navmesh_export.py,517,function,_json_default,_json_default,MISSING,,,,,
terrain_navmesh_export.py,532,function,pass_navmesh,pass_navmesh,MISSING,,,,,
terrain_navmesh_export.py,595,function,register_bundle_j_navmesh_pass,register_bundle_j_navmesh_pass,MISSING,,,,,
terrain_negative_space.py,54,function,compute_quiet_zone_ratio,compute_quiet_zone_ratio,MISSING,,,,,
terrain_negative_space.py,64,function,compute_busy_ratio,compute_busy_ratio,MISSING,,,,,
terrain_negative_space.py,74,function,find_saliency_peaks,find_saliency_peaks,MISSING,,,,,
terrain_negative_space.py,138,function,compute_min_peak_spacing,compute_min_peak_spacing,MISSING,,,,,
terrain_negative_space.py,169,function,compute_feature_density,compute_feature_density,MISSING,,,,,
terrain_negative_space.py,277,function,enforce_quiet_zone,enforce_quiet_zone,MISSING,,,,,
terrain_negative_space.py,357,function,validate_negative_space,validate_negative_space,MISSING,,,,,
terrain_palette_extract.py,65,function,_labels_for,_labels_for,MISSING,,,,,
terrain_palette_extract.py,76,function,extract_palette_from_image,extract_palette_from_image,MISSING,,,,,
terrain_palette_extract.py,144,function,_rgb_to_lab,_rgb_to_lab,MISSING,,,,,
terrain_palette_extract.py,158,function,_lin,_lin,MISSING,,,,,
terrain_palette_extract.py,174,function,_f,_f,MISSING,,,,,
terrain_palette_extract.py,238,function,_label_for_rgb,_label_for_rgb,MISSING,,,,,
terrain_palette_extract.py,264,function,palette_to_biome_mapping,palette_to_biome_mapping,MISSING,,,,,
terrain_pass_dag.py,28,function,_merge_pass_outputs,_merge_pass_outputs,MISSING,,,,,
terrain_pass_dag.py,164,method,PassDAG.from_registry,from_registry,MISSING,,,,,
terrain_pass_dag.py,178,method,PassDAG.names,names,MISSING,,,,,
terrain_pass_dag.py,181,method,PassDAG.dependencies,dependencies,MISSING,,,,,
terrain_pass_dag.py,191,method,PassDAG.topological_order,topological_order,MISSING,,,,,
terrain_pass_dag.py,249,method,PassDAG.parallel_waves,parallel_waves,MISSING,,,,,
terrain_pass_dag.py,268,method,PassDAG.execute_parallel,execute_parallel,MISSING,,,,,
terrain_pass_dag.py,321,method,PassDAG._runner,_runner,MISSING,,,,,
terrain_performance_report.py,44,function,_channel_bytes,_channel_bytes,MISSING,,,,,
terrain_performance_report.py,50,function,collect_performance_report,collect_performance_report,MISSING,,,,,
terrain_performance_report.py,178,function,serialize_performance_report,serialize_performance_report,MISSING,,,,,
terrain_pipeline.py,50,function,_make_gate_issue,_make_gate_issue,GRADED,,,,,
terrain_pipeline.py,59,function,derive_pass_seed,derive_pass_seed,GRADED,,,Houdini HDA deterministic seed chaining / UE5 PCG seed domain,"JSON encoding adds overhead vs a direct bytes hash, but negligible.",Cache on intent to avoid re-hashing per-pass in tight loops if needed.
terrain_pipeline.py,86,function,_normalize_delta_integration_sequence,_normalize_delta_integration_sequence,MISSING,,,,,
terrain_pipeline.py,147,method,TerrainPassController.register_pass,register_pass,GRADED,,,,,
terrain_pipeline.py,190,method,TerrainPassController.get_pass,get_pass,GRADED,,,,,
terrain_pipeline.py,196,method,TerrainPassController.clear_registry,clear_registry,GRADED,,,,,
terrain_pipeline.py,201,method,TerrainPassController.validate_registry_graph,validate_registry_graph,MISSING,,,,,
terrain_pipeline.py,238,method,TerrainPassController.require_scene_read,require_scene_read,GRADED,,,,,
terrain_pipeline.py,246,method,TerrainPassController.enforce_protected_zones,enforce_protected_zones,GRADED,,,,,
terrain_pipeline.py,279,method,TerrainPassController.run_pass,run_pass,GRADED,,,,,
terrain_pipeline.py,424,method,TerrainPassController.run_pipeline,run_pipeline,GRADED,,,,,
terrain_pipeline.py,610,method,TerrainPassController._save_checkpoint,_save_checkpoint,GRADED,,,,,
terrain_pipeline.py,659,method,TerrainPassController.rollback_to,rollback_to,GRADED,,,,,
terrain_pipeline.py,728,method,TerrainPassController.rollback_last_checkpoint,rollback_last_checkpoint,GRADED,,,,,
terrain_pipeline.py,738,function,pass_compute_terrain_labels,pass_compute_terrain_labels,MISSING,,,,,
terrain_pipeline.py,794,function,register_terrain_label_passes,register_terrain_label_passes,MISSING,,,,,
terrain_pipeline.py,818,function,pass_compute_snow_line,pass_compute_snow_line,MISSING,,,,,
terrain_pipeline.py,865,function,register_snow_line_pass,register_snow_line_pass,MISSING,,,,,
terrain_pipeline.py,886,function,pass_compute_macro_color,pass_compute_macro_color,MISSING,,,,,
terrain_pipeline.py,941,function,register_macro_color_pass,register_macro_color_pass,MISSING,,,,,
terrain_pipeline.py,962,function,_toposort_passes,_toposort_passes,MISSING,,,,,
terrain_pipeline.py,1026,function,register_default_passes,register_default_passes,GRADED,,,UE PCG node registration,Hard-coded 4 passes; no way to compose profiles.,Load profile from YAML to support game-specific pass graphs.
terrain_protocol.py,76,method,ProtocolGate.rule_1_observe_before_calculate,rule_1_observe_before_calculate,MISSING,,,,,
terrain_protocol.py,105,method,ProtocolGate.rule_2_sync_to_user_viewport,rule_2_sync_to_user_viewport,MISSING,,,,,
terrain_protocol.py,144,method,ProtocolGate.rule_3_lock_reference_empties,rule_3_lock_reference_empties,MISSING,,,,,
terrain_protocol.py,185,method,ProtocolGate.rule_4_real_geometry_not_vertex_tricks,rule_4_real_geometry_not_vertex_tricks,MISSING,,,,,
terrain_protocol.py,219,method,ProtocolGate.rule_5_smallest_diff_per_iteration,rule_5_smallest_diff_per_iteration,MISSING,,,,,
terrain_protocol.py,251,method,ProtocolGate.rule_6_surface_vs_interior_classification,rule_6_surface_vs_interior_classification,MISSING,,,,,
terrain_protocol.py,273,method,ProtocolGate.rule_7_plugin_usage,rule_7_plugin_usage,MISSING,,,,,
terrain_protocol.py,285,function,enforce_protocol,enforce_protocol,MISSING,,,,,
terrain_protocol.py,335,function,decorator,decorator,MISSING,,,,,
terrain_protocol.py,337,function,wrapper,wrapper,MISSING,,,,,
terrain_quality_profiles.py,69,function,_validate_profile_schema,_validate_profile_schema,MISSING,,,,,
terrain_quality_profiles.py,89,function,_is_power_of_two,_is_power_of_two,MISSING,,,,,
terrain_quality_profiles.py,93,function,_is_heightmap_resolution,_is_heightmap_resolution,MISSING,,,,,
terrain_quality_profiles.py,570,function,_merge_with_parent,_merge_with_parent,MISSING,,,,,
terrain_quality_profiles.py,764,function,load_quality_profile,load_quality_profile,MISSING,,,,,
terrain_quality_profiles.py,826,function,list_quality_profiles,list_quality_profiles,MISSING,,,,,
terrain_quality_profiles.py,837,function,list_quality_profiles_canonical,list_quality_profiles_canonical,MISSING,,,,,
terrain_quality_profiles.py,852,function,write_profile_jsons,write_profile_jsons,MISSING,,,,,
terrain_quality_profiles.py,913,function,_is_under,_is_under,MISSING,,,,,
terrain_quality_profiles.py,980,function,lock_preset,lock_preset,MISSING,,,,,
terrain_quality_profiles.py,985,function,unlock_preset,unlock_preset,MISSING,,,,,
terrain_quixel_ingest.py,166,method,QuixelAsset.has_channel,has_channel,MISSING,,,,,
terrain_quixel_ingest.py,169,method,QuixelAsset.to_dict,to_dict,NAME_ONLY_MATCH,,,,,
terrain_quixel_ingest.py,178,function,_classify_texture,_classify_texture,MISSING,,,,,
terrain_quixel_ingest.py,238,function,_asset_matches_biome,_asset_matches_biome,MISSING,,,,,
terrain_quixel_ingest.py,264,function,ingest_quixel_asset,ingest_quixel_asset,MISSING,,,,,
terrain_quixel_ingest.py,358,function,_bilinear_sample_texture,_bilinear_sample_texture,MISSING,,,,,
terrain_quixel_ingest.py,411,function,apply_quixel_to_layer,apply_quixel_to_layer,MISSING,,,,,
terrain_quixel_ingest.py,593,function,pass_quixel_ingest,pass_quixel_ingest,MISSING,,,,,
terrain_quixel_ingest.py,816,function,pass_quixel_ingest_bundle_k,pass_quixel_ingest_bundle_k,MISSING,,,,,
terrain_quixel_ingest.py,824,function,register_bundle_k_quixel_ingest_pass,register_bundle_k_quixel_ingest_pass,MISSING,,,,,
terrain_readability_bands.py,56,method,BandScore.clamp,clamp,MISSING,,,,,
terrain_readability_bands.py,61,function,_safe_std,_safe_std,MISSING,,,,,
terrain_readability_bands.py,71,function,_normalize_to_score,_normalize_to_score,MISSING,,,,,
terrain_readability_bands.py,83,function,_band_silhouette,_band_silhouette,MISSING,,,,,
terrain_readability_bands.py,155,function,_band_volume,_band_volume,MISSING,,,,,
terrain_readability_bands.py,209,function,_band_value,_band_value,MISSING,,,,,
terrain_readability_bands.py,261,function,_band_texture,_band_texture,MISSING,,,,,
terrain_readability_bands.py,324,function,_band_color,_band_color,MISSING,,,,,
terrain_readability_bands.py,376,function,compute_readability_bands,compute_readability_bands,MISSING,,,,,
terrain_readability_bands.py,387,function,aggregate_readability_score,aggregate_readability_score,MISSING,,,,,
terrain_readability_semantic.py,33,function,check_cliff_silhouette_readability,check_cliff_silhouette_readability,MISSING,,,,,
terrain_readability_semantic.py,243,function,check_waterfall_chain_completeness,check_waterfall_chain_completeness,MISSING,,,,,
terrain_readability_semantic.py,368,function,check_cave_framing_presence,check_cave_framing_presence,MISSING,,,,,
terrain_readability_semantic.py,482,function,check_focal_composition,check_focal_composition,MISSING,,,,,
terrain_readability_semantic.py,566,function,_safe_asarray,_safe_asarray,MISSING,,,,,
terrain_readability_semantic.py,577,function,run_semantic_readability_audit,run_semantic_readability_audit,MISSING,,,,,
terrain_reference_locks.py,37,function,lock_anchor,lock_anchor,MISSING,,,,,
terrain_reference_locks.py,46,function,unlock_anchor,unlock_anchor,MISSING,,,,,
terrain_reference_locks.py,50,function,clear_all_locks,clear_all_locks,MISSING,,,,,
terrain_reference_locks.py,55,function,is_locked,is_locked,MISSING,,,,,
terrain_reference_locks.py,59,function,_distance,_distance,MISSING,,,,,
terrain_reference_locks.py,66,function,assert_anchor_integrity,assert_anchor_integrity,MISSING,,,,,
terrain_reference_locks.py,84,function,assert_all_anchors_intact,assert_all_anchors_intact,MISSING,,,,,
terrain_region_exec.py,64,function,_pass_pad_radius,_pass_pad_radius,MISSING,,,,,
terrain_region_exec.py,68,function,compute_minimum_padding,compute_minimum_padding,MISSING,,,,,
terrain_region_exec.py,104,function,execute_region,execute_region,MISSING,,,,,
terrain_region_exec.py,133,function,execute_region_with_rollback,execute_region_with_rollback,MISSING,,,,,
terrain_region_exec.py,232,function,estimate_speedup,estimate_speedup,MISSING,,,,,
terrain_review_ingest.py,47,method,ReviewFinding.to_dict,to_dict,NAME_ONLY_MATCH,,,,,
terrain_review_ingest.py,55,function,_coerce_location,_coerce_location,MISSING,,,,,
terrain_review_ingest.py,63,function,ingest_review_json,ingest_review_json,MISSING,,,,,
terrain_review_ingest.py,121,function,apply_review_findings,apply_review_findings,MISSING,,,,,
terrain_review_ingest.py,192,function,pass_apply_review_blockers,pass_apply_review_blockers,MISSING,,,,,
terrain_rhythm.py,34,function,_positions_xy,_positions_xy,MISSING,,,,,
terrain_rhythm.py,47,function,_feature_type,_feature_type,MISSING,,,,,
terrain_rhythm.py,56,function,_feature_salience,_feature_salience,MISSING,,,,,
terrain_rhythm.py,67,function,_nn_distances,_nn_distances,MISSING,,,,,
terrain_rhythm.py,81,function,_ripley_k_proxy,_ripley_k_proxy,MISSING,,,,,
terrain_rhythm.py,118,function,_monotonic_gradient,_monotonic_gradient,MISSING,,,,,
terrain_rhythm.py,148,function,analyze_feature_rhythm,analyze_feature_rhythm,MISSING,,,,,
terrain_rhythm.py,245,function,enforce_rhythm,enforce_rhythm,MISSING,,,,,
terrain_rhythm.py,422,function,validate_rhythm,validate_rhythm,MISSING,,,,,
terrain_rng.py,17,function,make_rng,make_rng,MISSING,,,,,
terrain_rng.py,34,function,tile_rng,tile_rng,MISSING,,,,,
terrain_roughness_driver.py,25,function,compute_roughness_from_wetness_wear,compute_roughness_from_wetness_wear,MISSING,,,,,
terrain_roughness_driver.py,78,function,pass_roughness_driver,pass_roughness_driver,MISSING,,,,,
terrain_roughness_driver.py,223,function,register_bundle_k_roughness_driver_pass,register_bundle_k_roughness_driver_pass,MISSING,,,,,
terrain_saliency.py,70,function,_world_to_cell,_world_to_cell,NAME_ONLY_MATCH,,,,,
terrain_saliency.py,88,function,_sample_height_bilinear,_sample_height_bilinear,MISSING,,,,,
terrain_saliency.py,125,function,compute_vantage_silhouettes,compute_vantage_silhouettes,MISSING,,,,,
terrain_saliency.py,233,function,auto_sculpt_around_feature,auto_sculpt_around_feature,MISSING,,,,,
terrain_saliency.py,370,function,_rasterize_vantage_silhouettes_onto_grid,_rasterize_vantage_silhouettes_onto_grid,MISSING,,,,,
terrain_saliency.py,447,function,_compute_8factor_saliency,_compute_8factor_saliency,MISSING,,,,,
terrain_saliency.py,475,function,_norm01,_norm01,MISSING,,,,,
terrain_saliency.py,602,function,pass_saliency_refine,pass_saliency_refine,MISSING,,,,,
terrain_saliency.py,700,function,_saliency_quality_gate,_saliency_quality_gate,MISSING,,,,,
terrain_saliency.py,765,function,register_saliency_pass,register_saliency_pass,MISSING,,,,,
terrain_scatter_altitude_audit_linter.py,41,function,audit_scatter_altitude_conversion,audit_scatter_altitude_conversion,MISSING,,,,,
terrain_scene_read.py,24,function,_walk_scene,_walk_scene,MISSING,,,,,
terrain_scene_read.py,74,function,capture_scene_read,capture_scene_read,MISSING,,,,,
terrain_scene_read.py,190,function,get_extended_metadata,get_extended_metadata,MISSING,,,,,
terrain_scene_read.py,200,function,_coerce_bbox,_coerce_bbox,MISSING,,,,,
terrain_scene_read.py,218,function,handle_capture_scene_read,handle_capture_scene_read,MISSING,,,,,
terrain_sculpt.py,43,function,_require_bpy,_require_bpy,MISSING,,,,,
terrain_sculpt.py,78,function,get_falloff_value,get_falloff_value,GRADED,,,ZBrush/Mudbox brush falloff curve (customizable curve editor),"Hard-coded set of 4 curves with no user-definable curve editor, no root/inverse-sharp/middle/gaussian options, and the clamp to 1.5 silently allows out-of-range input where AAA tools expose an editable 2D spline.","Replace with a sampled 1D curve LUT driven by a user-editable spline (bezier/catmull) plus common presets (gauss, sharper, root, constant, custom), matching Blender/ZBrush brush curve UX."
terrain_sculpt.py,116,function,_build_falloff_lut,_build_falloff_lut,MISSING,,,,,
terrain_sculpt.py,163,function,_sample_falloff_lut,_sample_falloff_lut,MISSING,,,,,
terrain_sculpt.py,189,function,compute_brush_weights,compute_brush_weights,GRADED,,,UE Landscape brush footprint / Houdini heightfield mask by radius,"O(N) linear scan over every vertex with no spatial acceleration (KD-tree/grid/BVH), XY-only so projects wrong on sloped terrain, no pressure/tilt/azimuth, no anisotropic (elliptical) brush, no alpha-texture mask, and no stroke dab spacing - AAA tools use screen-space projection along the view ray with a spatial index.","Add KD-tree/spatial grid accel, ray-project the brush onto the surface (not XY plane), support pressure curve + elliptical shape + alpha-image mask + stroke spacing, and compute weight over geodesic distance for steep slopes."
terrain_sculpt.py,277,function,compute_raise_displacements,compute_raise_displacements,GRADED,,,"ZBrush Standard/Inflate brush, UE Landscape Sculpt (raise)","Displaces purely along world Z with no surface-normal option, no accumulation curve / per-dab falloff, no max-height clamp, no layer/undo stack, no pressure-sensitive strength, and no noise/jitter - an AAA raise brush offsets along averaged normal with stroke accumulation and clamps.","Offset along smoothed vertex normal (toggle normal vs Z), add per-stroke accumulation/clamp, pressure curve, optional noise modulation, and feed into a layered height buffer for non-destructive sculpting."
terrain_sculpt.py,411,function,compute_lower_displacements,compute_lower_displacements,GRADED,,,ZBrush Standard (inverted) / UE Landscape Sculpt (lower),"Just a sign-flip of raise - no normal-aligned direction, no floor/minimum clamp, no distinct 'dig' behavior (AAA dig brushes carve along inverse-normal with a sharper falloff and terrain-floor clamp), and shares all of raise's gaps.","Share a single directional-displacement kernel with raise, expose direction enum (UP/DOWN/NORMAL/INV_NORMAL), add min-height clamp, pressure, and dig-shape option."
terrain_sculpt.py,530,function,compute_smooth_displacements,compute_smooth_displacements,GRADED,,,"ZBrush Smooth brush, Blender sculpt Smooth (Laplacian/surface/enhance-detail)","Only smooths Z (not full 3D position), uniform weighting rather than cotangent/area weights (causes shrinkage on irregular meshes), single Jacobi iteration per call (no iteration count), no Taubin lambda/mu shrinkage compensation, no detail-preserving smooth, no boundary handling - ZBrush/Blender offer Laplacian, Surface, Enhance-Detail, Taubin, and relax modes.","Add iterations param, support cotangent weights, Taubin lambda/mu to prevent shrinkage, a surface-smooth mode that preserves XY and only relaxes along normal, plus relax-topology and enhance-detail variants."
terrain_sculpt.py,677,function,compute_flatten_displacements,compute_flatten_displacements,GRADED,,,"ZBrush Flatten/Planar/Trim Dynamic, UE Landscape Flatten (with eye-dropper)","Flattens to unweighted mean Z of affected verts (not a fitted plane), ignores brush weights in the average (bias toward edge verts), no user-set target height / eye-dropper pick, no plane-from-first-contact 'trim' mode, no angle/slope constraint - AAA flatten brushes plane-fit via least-squares and offer 'flatten to target', 'ramp', 'contrast' modes.","Compute a weighted least-squares plane from the affected verts, expose modes (average / first-hit / user-target / plane-fit), add contrast-blur parameter and ramp/slope constraint."
terrain_sculpt.py,814,function,compute_stamp_displacements,compute_stamp_displacements,GRADED,,,"World Machine/Gaea stamp macro, Houdini heightfield stamp, ZBrush Alpha stamp, UE Landscape Erosion/Stamp brush","Nearest-neighbor sampling only (no bilinear/bicubic) causing blocky artifacts, axis-aligned square footprint inside a circular brush, no rotation / scale / flip, no blend modes (add/max/min/subtract/replace), no height remap curve, no wrap/tile, no masked alpha channel - AAA stamps support rotation, 8+ blend ops, bicubic sampling, and remap curves.","Add bilinear/bicubic sampling, rotation/scale/flip of the stamp, blend modes (add/max/min/replace/multiply/subtract), height remap curve, tile/wrap option, and a separate mask channel; decouple stamp footprint from circular brush weight."
terrain_sculpt.py,981,function,_build_adjacency,_build_adjacency,GRADED,,,,,
terrain_sculpt.py,1026,function,handle_sculpt_terrain,handle_sculpt_terrain,GRADED,,,UE Landscape Sculpt mode / Blender Sculpt operator / ZBrush stroke dispatch,"Not a true stroke system - a single dab per call with no stroke spacing / path / smoothing-between-dabs, full mesh read/write every call (O(N) each), no undo stack / layer, no symmetry (X/Y/radial), no multires / sculpt-mode integration, no mask/vertex-group support, no normal/position updates beyond Z, no dirty-rect optimization - AAA sculpt dispatchers stream strokes, write only touched verts, push to an undo stack, and support symmetry + mask + layers.","Accept a stroke (list of samples + pressure), build/maintain a vertex KD-tree + dirty-vert set across dabs, add symmetry planes, mask/vertex-group weighting, undo layer stack, and an option to modify XYZ along normal; batch bmesh writes per stroke not per dab."
terrain_semantics.py,99,method,WorldHeightTransform.to_normalized,to_normalized,MISSING,,,,,
terrain_semantics.py,114,method,WorldHeightTransform.from_normalized,from_normalized,MISSING,,,,,
terrain_semantics.py,156,method,BBox.width,width,MISSING,,,,,
terrain_semantics.py,160,method,BBox.height,height,MISSING,,,,,
terrain_semantics.py,164,method,BBox.center,center,MISSING,,,,,
terrain_semantics.py,167,method,BBox.to_tuple,to_tuple,MISSING,,,,,
terrain_semantics.py,170,method,BBox.contains_point,contains_point,MISSING,,,,,
terrain_semantics.py,173,method,BBox.intersects,intersects,MISSING,,,,,
terrain_semantics.py,181,method,BBox.to_cell_slice,to_cell_slice,MISSING,,,,,
terrain_semantics.py,657,method,TerrainMaskStack.get,get,MISSING,,,,,
terrain_semantics.py,673,method,TerrainMaskStack.import_neighbor_edge,import_neighbor_edge,MISSING,,,,,
terrain_semantics.py,705,method,TerrainMaskStack.export_edge_heights,export_edge_heights,MISSING,,,,,
terrain_semantics.py,745,method,TerrainMaskStack.set,set,MISSING,,,,,
terrain_semantics.py,798,method,TerrainMaskStack.mark_dirty,mark_dirty,MISSING,,,,,
terrain_semantics.py,802,method,TerrainMaskStack.mark_clean,mark_clean,MISSING,,,,,
terrain_semantics.py,805,method,TerrainMaskStack.assert_channels_present,assert_channels_present,MISSING,,,,,
terrain_semantics.py,841,method,TerrainMaskStack.unity_export_manifest,unity_export_manifest,MISSING,,,,,
terrain_semantics.py,884,method,TerrainMaskStack.compute_hash,compute_hash,MISSING,,,,,
terrain_semantics.py,951,method,TerrainMaskStack.to_npz,to_npz,MISSING,,,,,
terrain_semantics.py,1001,method,TerrainMaskStack.from_npz,from_npz,MISSING,,,,,
terrain_semantics.py,1073,method,ProtectedZoneSpec.permits,permits,MISSING,,,,,
terrain_semantics.py,1209,method,TerrainIntentState.with_scene_read,with_scene_read,MISSING,,,,,
terrain_semantics.py,1215,method,TerrainIntentState.intent_hash,intent_hash,MISSING,,,,,
terrain_semantics.py,1278,method,ValidationIssue.is_hard,is_hard,MISSING,,,,,
terrain_semantics.py,1282,method,ValidationIssue.is_soft,is_soft,MISSING,,,,,
terrain_semantics.py,1286,method,ValidationIssue.is_info,is_info,MISSING,,,,,
terrain_semantics.py,1330,method,PassResult.ok,ok,MISSING,,,,,
terrain_semantics.py,1334,method,PassResult.failed,failed,MISSING,,,,,
terrain_semantics.py,1338,method,PassResult.has_hard_issues,has_hard_issues,MISSING,,,,,
terrain_semantics.py,1342,method,PassResult.summary,summary,MISSING,,,,,
terrain_semantics.py,1481,method,TerrainPipelineState.tile_x,tile_x,MISSING,,,,,
terrain_semantics.py,1485,method,TerrainPipelineState.tile_y,tile_y,MISSING,,,,,
terrain_semantics.py,1488,method,TerrainPipelineState.record_pass,record_pass,MISSING,,,,,
terrain_shadow_clipmap_bake.py,50,function,_resample_height,_resample_height,MISSING,,,,,
terrain_shadow_clipmap_bake.py,72,function,_bake_single_cascade,_bake_single_cascade,MISSING,,,,,
terrain_shadow_clipmap_bake.py,133,function,bake_shadow_clipmap,bake_shadow_clipmap,MISSING,,,,,
terrain_shadow_clipmap_bake.py,225,function,_write_mini_exr_f32,_write_mini_exr_f32,MISSING,,,,,
terrain_shadow_clipmap_bake.py,256,function,_write_str,_write_str,MISSING,,,,,
terrain_shadow_clipmap_bake.py,260,function,_write_attr,_write_attr,MISSING,,,,,
terrain_shadow_clipmap_bake.py,323,function,export_shadow_clipmap_exr,export_shadow_clipmap_exr,MISSING,,,,,
terrain_shadow_clipmap_bake.py,424,function,pass_shadow_clipmap,pass_shadow_clipmap,MISSING,,,,,
terrain_shadow_clipmap_bake.py,518,function,register_bundle_k_shadow_clipmap_pass,register_bundle_k_shadow_clipmap_pass,MISSING,,,,,
terrain_stochastic_shader.py,300,method,StochasticShaderTemplate.to_dict,to_dict,NAME_ONLY_MATCH,,,,,
terrain_stochastic_shader.py,316,function,_tile_hash_2d,_tile_hash_2d,MISSING,,,,,
terrain_stochastic_shader.py,335,function,_hash,_hash,MISSING,,,,,
terrain_stochastic_shader.py,350,function,build_stochastic_sampling_mask,build_stochastic_sampling_mask,MISSING,,,,,
terrain_stochastic_shader.py,459,function,_bilerp,_bilerp,MISSING,,,,,
terrain_stochastic_shader.py,515,function,export_unity_shader_template,export_unity_shader_template,MISSING,,,,,
terrain_stochastic_shader.py,619,function,pass_stochastic_shader,pass_stochastic_shader,MISSING,,,,,
terrain_stochastic_shader.py,733,function,register_bundle_k_stochastic_shader_pass,register_bundle_k_stochastic_shader_pass,MISSING,,,,,
terrain_stratigraphy.py,116,method,StratigraphyStack.total_thickness,total_thickness,MISSING,,,,,
terrain_stratigraphy.py,119,method,StratigraphyStack.layer_for_elevation,layer_for_elevation,MISSING,,,,,
terrain_stratigraphy.py,144,function,compute_strata_orientation,compute_strata_orientation,MISSING,,,,,
terrain_stratigraphy.py,200,function,compute_rock_hardness,compute_rock_hardness,MISSING,,,,,
terrain_stratigraphy.py,231,function,apply_differential_erosion,apply_differential_erosion,MISSING,,,,,
terrain_stratigraphy.py,364,function,simulate_fold_deformation,simulate_fold_deformation,MISSING,,,,,
terrain_stratigraphy.py,454,function,detect_unconformities,detect_unconformities,MISSING,,,,,
terrain_stratigraphy.py,521,function,simulate_intrusions,simulate_intrusions,MISSING,,,,,
terrain_stratigraphy.py,625,function,export_strata_cross_section,export_strata_cross_section,MISSING,,,,,
terrain_stratigraphy.py,749,function,_default_strat_stack_from_hints,_default_strat_stack_from_hints,MISSING,,,,,
terrain_stratigraphy.py,920,function,pass_stratigraphy,pass_stratigraphy,MISSING,,,,,
terrain_telemetry_dashboard.py,35,method,TelemetryRecord.to_dict,to_dict,NAME_ONLY_MATCH,,,,,
terrain_telemetry_dashboard.py,41,method,TelemetryRecord.from_dict,from_dict,NAME_ONLY_MATCH,,,,,
terrain_telemetry_dashboard.py,56,function,_count_populated_channels,_count_populated_channels,MISSING,,,,,
terrain_telemetry_dashboard.py,65,function,record_telemetry,record_telemetry,MISSING,,,,,
terrain_telemetry_dashboard.py,96,function,_load_records,_load_records,MISSING,,,,,
terrain_telemetry_dashboard.py,113,function,summarize_telemetry,summarize_telemetry,MISSING,,,,,
terrain_twelve_step.py,50,function,_apply_flatten_zones_stub,_apply_flatten_zones_stub,MISSING,,,,,
terrain_twelve_step.py,130,function,_apply_canyon_river_carves_stub,_apply_canyon_river_carves_stub,MISSING,,,,,
terrain_twelve_step.py,260,function,_detect_cliff_edges_stub,_detect_cliff_edges_stub,MISSING,,,,,
terrain_twelve_step.py,388,function,_detect_cave_candidates_stub,_detect_cave_candidates_stub,MISSING,,,,,
terrain_twelve_step.py,573,function,_detect_waterfall_lips_stub,_detect_waterfall_lips_stub,MISSING,,,,,
terrain_twelve_step.py,629,function,_build_road_cost_map,_build_road_cost_map,MISSING,,,,,
terrain_twelve_step.py,654,function,_road_type_for_anchor_pair,_road_type_for_anchor_pair,MISSING,,,,,
terrain_twelve_step.py,671,function,_road_profile_params,_road_profile_params,MISSING,,,,,
terrain_twelve_step.py,686,function,_generate_road_mesh_specs,_generate_road_mesh_specs,MISSING,,,,,
terrain_twelve_step.py,797,function,_apply_road_profile_to_heightmap,_apply_road_profile_to_heightmap,MISSING,,,,,
terrain_twelve_step.py,886,function,_generate_water_body_specs,_generate_water_body_specs,MISSING,,,,,
terrain_twelve_step.py,947,function,run_twelve_step_world_terrain,run_twelve_step_world_terrain,MISSING,,,,,
terrain_unity_export.py,34,function,_apply_unity_scale,_apply_unity_scale,MISSING,,,,,
terrain_unity_export.py,41,function,_is_unity_heightmap_resolution,_is_unity_heightmap_resolution,MISSING,,,,,
terrain_unity_export.py,46,function,_sha256,_sha256,MISSING,,,,,
terrain_unity_export.py,54,function,_quantize_heightmap,_quantize_heightmap,MISSING,,,,,
terrain_unity_export.py,65,function,_compute_terrain_normals_zup,_compute_terrain_normals_zup,MISSING,,,,,
terrain_unity_export.py,82,function,_zup_to_unity_vectors,_zup_to_unity_vectors,MISSING,,,,,
terrain_unity_export.py,93,function,_export_heightmap,_export_heightmap,MISSING,,,,,
terrain_unity_export.py,164,function,_bit_depth_for_profile,_bit_depth_for_profile,MISSING,,,,,
terrain_unity_export.py,199,function,pass_prepare_terrain_normals,pass_prepare_terrain_normals,MISSING,,,,,
terrain_unity_export.py,224,function,pass_prepare_heightmap_raw_u16,pass_prepare_heightmap_raw_u16,MISSING,,,,,
terrain_unity_export.py,250,function,register_bundle_j_terrain_normals_pass,register_bundle_j_terrain_normals_pass,MISSING,,,,,
terrain_unity_export.py,266,function,register_bundle_j_heightmap_u16_pass,register_bundle_j_heightmap_u16_pass,MISSING,,,,,
terrain_unity_export.py,282,function,_flip_for_unity,_flip_for_unity,MISSING,,,,,
terrain_unity_export.py,289,function,_ensure_little_endian,_ensure_little_endian,MISSING,,,,,
terrain_unity_export.py,296,function,_write_raw_array,_write_raw_array,MISSING,,,,,
terrain_unity_export.py,328,function,_write_json,_write_json,MISSING,,,,,
terrain_unity_export.py,347,function,_hex_to_rgb01,_hex_to_rgb01,MISSING,,,,,
terrain_unity_export.py,361,function,_default_splatmap_layer_meta,_default_splatmap_layer_meta,MISSING,,,,,
terrain_unity_export.py,401,function,_iter_connected_components,_iter_connected_components,MISSING,,,,,
terrain_unity_export.py,442,function,_component_bounds,_component_bounds,MISSING,,,,,
terrain_unity_export.py,459,function,_component_vertical_extent,_component_vertical_extent,MISSING,,,,,
terrain_unity_export.py,487,function,_build_unity_import_descriptor,_build_unity_import_descriptor,MISSING,,,,,
terrain_unity_export.py,589,function,_zup_to_unity_vector,_zup_to_unity_vector,MISSING,,,,,
terrain_unity_export.py,594,function,_bounds_to_unity,_bounds_to_unity,MISSING,,,,,
terrain_unity_export.py,601,function,_terrain_normal_at,_terrain_normal_at,MISSING,,,,,
terrain_unity_export.py,620,function,_quantize_detail_density,_quantize_detail_density,MISSING,,,,,
terrain_unity_export.py,626,function,_write_splatmap_groups,_write_splatmap_groups,MISSING,,,,,
terrain_unity_export.py,738,function,export_unity_manifest,export_unity_manifest,MISSING,,,,,
terrain_unity_export.py,1097,function,_audio_zones_json,_audio_zones_json,MISSING,,,,,
terrain_unity_export.py,1143,function,_gameplay_zones_json,_gameplay_zones_json,MISSING,,,,,
terrain_unity_export.py,1186,function,_wildlife_zones_json,_wildlife_zones_json,MISSING,,,,,
terrain_unity_export.py,1219,function,_decals_json,_decals_json,MISSING,,,,,
terrain_unity_export.py,1266,function,compute_wind_bend_vertex_color,compute_wind_bend_vertex_color,MISSING,,,,,
terrain_unity_export.py,1332,function,_tree_instances_json,_tree_instances_json,MISSING,,,,,
terrain_unity_export_contracts.py,43,method,UnityExportContract.minimum_for,minimum_for,MISSING,,,,,
terrain_unity_export_contracts.py,86,function,validate_mesh_attributes_present,validate_mesh_attributes_present,MISSING,,,,,
terrain_unity_export_contracts.py,109,function,validate_vertex_attributes_present,validate_vertex_attributes_present,MISSING,,,,,
terrain_unity_export_contracts.py,138,function,write_export_manifest,write_export_manifest,MISSING,,,,,
terrain_unity_export_contracts.py,163,function,validate_bit_depth_contract,validate_bit_depth_contract,MISSING,,,,,
terrain_validation.py,89,method,ValidationReport.all_issues,all_issues,MISSING,,,,,
terrain_validation.py,92,method,ValidationReport.add,add,MISSING,,,,,
terrain_validation.py,103,method,ValidationReport.recompute_status,recompute_status,MISSING,,,,,
terrain_validation.py,112,method,ValidationReport.category_summary,category_summary,MISSING,,,,,
terrain_validation.py,171,function,_issue_category,_issue_category,MISSING,,,,,
terrain_validation.py,189,function,_safe_asarray,_safe_asarray,MISSING,,,,,
terrain_validation.py,195,function,_cell_bounds_for_feature,_cell_bounds_for_feature,MISSING,,,,,
terrain_validation.py,215,function,protected_zone_hash,protected_zone_hash,MISSING,,,,,
terrain_validation.py,244,function,validate_height_finite,validate_height_finite,MISSING,,,,,
terrain_validation.py,273,function,validate_height_range,validate_height_range,MISSING,,,,,
terrain_validation.py,319,function,validate_slope_distribution,validate_slope_distribution,MISSING,,,,,
terrain_validation.py,359,function,validate_protected_zones_untouched,validate_protected_zones_untouched,MISSING,,,,,
terrain_validation.py,396,function,validate_tile_seam_continuity,validate_tile_seam_continuity,MISSING,,,,,
terrain_validation.py,555,function,validate_erosion_mass_conservation,validate_erosion_mass_conservation,MISSING,,,,,
terrain_validation.py,600,function,validate_hero_feature_placement,validate_hero_feature_placement,MISSING,,,,,
terrain_validation.py,664,function,validate_material_coverage,validate_material_coverage,MISSING,,,,,
terrain_validation.py,710,function,_material_channel_exts_for_validation,_material_channel_exts_for_validation,MISSING,,,,,
terrain_validation.py,761,function,_default_texel_density_max_ratio,_default_texel_density_max_ratio,MISSING,,,,,
terrain_validation.py,775,function,validate_material_texel_density_coherency,validate_material_texel_density_coherency,MISSING,,,,,
terrain_validation.py,802,function,validate_cliff_screen_coverage,validate_cliff_screen_coverage,MISSING,,,,,
terrain_validation.py,853,function,validate_channel_dtypes,validate_channel_dtypes,MISSING,,,,,
terrain_validation.py,877,function,validate_unity_export_ready,validate_unity_export_ready,MISSING,,,,,
terrain_validation.py,918,function,check_cliff_silhouette_readability,check_cliff_silhouette_readability,MISSING,,,,,
terrain_validation.py,1065,function,check_waterfall_chain_completeness,check_waterfall_chain_completeness,MISSING,,,,,
terrain_validation.py,1158,function,check_cave_framing_presence,check_cave_framing_presence,MISSING,,,,,
terrain_validation.py,1240,function,validate_strata_consistency,validate_strata_consistency,MISSING,,,,,
terrain_validation.py,1372,function,validate_glacial_plausibility,validate_glacial_plausibility,MISSING,,,,,
terrain_validation.py,1525,function,validate_karst_plausibility,validate_karst_plausibility,MISSING,,,,,
terrain_validation.py,1672,function,check_focal_composition,check_focal_composition,MISSING,,,,,
terrain_validation.py,1775,method,ReadabilityAuditReport.all_issues,all_issues,MISSING,,,,,
terrain_validation.py,1783,method,ReadabilityAuditReport.recompute_status,recompute_status,MISSING,,,,,
terrain_validation.py,1794,function,run_readability_audit,run_readability_audit,MISSING,,,,,
terrain_validation.py,1824,function,_readability_audit_validator,_readability_audit_validator,MISSING,,,,,
terrain_validation.py,1855,function,run_validation_suite,run_validation_suite,MISSING,,,,,
terrain_validation.py,1908,function,bind_active_controller,bind_active_controller,MISSING,,,,,
terrain_validation.py,1934,function,pass_validation_full,pass_validation_full,MISSING,,,,,
terrain_validation.py,1983,function,register_bundle_d_passes,register_bundle_d_passes,MISSING,,,,,
terrain_vegetation_depth.py,74,method,VegetationLayers.understory_density,understory_density,MISSING,,,,,
terrain_vegetation_depth.py,77,method,VegetationLayers.as_dict,as_dict,MISSING,,,,,
terrain_vegetation_depth.py,128,function,_region_slice,_region_slice,NAME_ONLY_MATCH,,,,,
terrain_vegetation_depth.py,144,function,_protected_mask,_protected_mask,MISSING,,,,,
terrain_vegetation_depth.py,170,function,_normalize,_normalize,MISSING,,,,,
terrain_vegetation_depth.py,224,function,compute_vegetation_layers,compute_vegetation_layers,MISSING,,,,,
terrain_vegetation_depth.py,386,function,detect_disturbance_patches,detect_disturbance_patches,MISSING,,,,,
terrain_vegetation_depth.py,756,function,place_clearings,place_clearings,MISSING,,,,,
terrain_vegetation_depth.py,873,function,_grid_key,_grid_key,MISSING,,,,,
terrain_vegetation_depth.py,876,function,_is_valid,_is_valid,MISSING,,,,,
terrain_vegetation_depth.py,962,function,place_fallen_logs,place_fallen_logs,MISSING,,,,,
terrain_vegetation_depth.py,1139,function,apply_edge_effects,apply_edge_effects,MISSING,,,,,
terrain_vegetation_depth.py,1239,function,apply_cultivated_zones,apply_cultivated_zones,MISSING,,,,,
terrain_vegetation_depth.py,1304,function,_apply_zone,_apply_zone,MISSING,,,,,
terrain_vegetation_depth.py,1376,function,apply_allelopathic_exclusion,apply_allelopathic_exclusion,MISSING,,,,,
terrain_vegetation_depth.py,1522,function,pass_vegetation_depth,pass_vegetation_depth,MISSING,,,,,
terrain_vegetation_depth.py,1697,function,register_vegetation_depth_pass,register_vegetation_depth_pass,MISSING,,,,,
terrain_vegetation_depth.py,1724,function,compute_emergent_grass_density,compute_emergent_grass_density,MISSING,,,,,
terrain_vegetation_depth.py,1750,function,pass_emergent_grass,pass_emergent_grass,MISSING,,,,,
terrain_vegetation_depth.py,1788,function,register_emergent_grass_pass,register_emergent_grass_pass,MISSING,,,,,
terrain_viewport_sync.py,39,function,_read_from_blender_context,_read_from_blender_context,MISSING,,,,,
terrain_viewport_sync.py,73,function,_unit,_unit,MISSING,,,,,
terrain_viewport_sync.py,81,function,_matrix_hash,_matrix_hash,MISSING,,,,,
terrain_viewport_sync.py,91,function,read_user_vantage,read_user_vantage,MISSING,,,,,
terrain_viewport_sync.py,148,function,assert_vantage_fresh,assert_vantage_fresh,MISSING,,,,,
terrain_viewport_sync.py,163,function,transform_world_to_vantage,transform_world_to_vantage,MISSING,,,,,
terrain_viewport_sync.py,189,function,is_in_frustum,is_in_frustum,MISSING,,,,,
terrain_visual_diff.py,18,function,_bbox_of_mask,_bbox_of_mask,MISSING,,,,,
terrain_visual_diff.py,40,function,compute_visual_diff,compute_visual_diff,MISSING,,,,,
terrain_visual_diff.py,120,function,generate_diff_overlay,generate_diff_overlay,MISSING,,,,,
terrain_water_variants.py,112,function,_as_polyline,_as_polyline,MISSING,,,,,
terrain_water_variants.py,121,function,_region_slice,_region_slice,NAME_ONLY_MATCH,,,,,
terrain_water_variants.py,137,function,_protected_mask,_protected_mask,MISSING,,,,,
terrain_water_variants.py,168,function,generate_braided_channels,generate_braided_channels,MISSING,,,,,
terrain_water_variants.py,230,function,detect_estuary,detect_estuary,MISSING,,,,,
terrain_water_variants.py,278,function,detect_karst_springs,detect_karst_springs,MISSING,,,,,
terrain_water_variants.py,385,function,detect_perched_lakes,detect_perched_lakes,MISSING,,,,,
terrain_water_variants.py,456,function,detect_hot_springs,detect_hot_springs,MISSING,,,,,
terrain_water_variants.py,505,function,detect_wetlands,detect_wetlands,MISSING,,,,,
terrain_water_variants.py,646,function,apply_seasonal_water_state,apply_seasonal_water_state,MISSING,,,,,
terrain_water_variants.py,699,function,pass_water_variants,pass_water_variants,MISSING,,,,,
terrain_water_variants.py,862,function,register_water_variants_pass,register_water_variants_pass,MISSING,,,,,
terrain_water_variants.py,881,function,get_geyser_specs,get_geyser_specs,MISSING,,,,,
terrain_water_variants.py,914,function,get_swamp_specs,get_swamp_specs,MISSING,,,,,
terrain_water_variants.py,963,function,_fbm_noise_2d,_fbm_noise_2d,MISSING,,,,,
terrain_water_variants.py,1038,function,generate_water_bottom_mesh,generate_water_bottom_mesh,MISSING,,,,,
terrain_water_variants.py,1279,function,pass_bathymetry,pass_bathymetry,MISSING,,,,,
terrain_water_variants.py,1379,function,_find,_find,MISSING,,,,,
terrain_water_variants.py,1387,function,_union,_union,MISSING,,,,,
terrain_water_variants.py,1475,function,register_bathymetry_pass,register_bathymetry_pass,MISSING,,,,,
terrain_waterfalls.py,83,function,saturate,saturate,MISSING,,,,,
terrain_waterfalls.py,88,function,bake_foam_vertex_alpha,bake_foam_vertex_alpha,MISSING,,,,,
terrain_waterfalls.py,117,function,export_water_mesh_vertices,export_water_mesh_vertices,MISSING,,,,,
terrain_waterfalls.py,250,function,_grid_to_world,_grid_to_world,GRADED,,,,,
terrain_waterfalls.py,259,function,_world_to_grid,_world_to_grid,GRADED,,,,,
terrain_waterfalls.py,281,function,_steepest_descent_step,_steepest_descent_step,GRADED,,,,,
terrain_waterfalls.py,308,function,_d8_to_angle,_d8_to_angle,GRADED,,,,,
terrain_waterfalls.py,344,function,_manning_velocity,_manning_velocity,MISSING,,,,,
terrain_waterfalls.py,361,function,_freefall_impact,_freefall_impact,MISSING,,,,,
terrain_waterfalls.py,395,function,_mason_1985_pool,_mason_1985_pool,MISSING,,,,,
terrain_waterfalls.py,418,function,_estimate_discharge,_estimate_discharge,MISSING,,,,,
terrain_waterfalls.py,441,function,_trace_lip_contour,_trace_lip_contour,MISSING,,,,,
terrain_waterfalls.py,487,function,_walk_direction,_walk_direction,MISSING,,,,,
terrain_waterfalls.py,544,function,_detect_cascade_chain,_detect_cascade_chain,MISSING,,,,,
terrain_waterfalls.py,644,function,_ensure_drainage,_ensure_drainage,GRADED,,,,,
terrain_waterfalls.py,774,function,detect_waterfall_lip_candidates,detect_waterfall_lip_candidates,GRADED,,,Horizon Forbidden West river-lip detector / Houdini flow-based feature tagging,Python nested for-loop — slow on >1k grids; confidence is linear blend (could use logistic).,Vectorize with numpy argmax over D8 stack and np.where thresholds.
terrain_waterfalls.py,893,function,solve_waterfall_from_river,solve_waterfall_from_river,GRADED,,,Houdini cascade solver / RDR2 waterfall chain authoring,Plateau detection is heuristic (plateau_hits>=2); outflow cap of 32 cells may truncate long cascades; no actual overhang geometry — chain is centerline only.,"Add overhang detection at lip (undercut carving), longer outflow cap, multi-drop merging with confluence."
terrain_waterfalls.py,1094,function,carve_impact_pool,carve_impact_pool,GRADED,,,Gaea Pool/Basin carve,Circular footprint; real plunge pools have directional scour (downstream elongation) from jet impact.,Elliptical footprint oriented along outflow_direction_rad; erode lip downstream.
terrain_waterfalls.py,1138,function,_van_rijn_pool_delta,_van_rijn_pool_delta,MISSING,,,,,
terrain_waterfalls.py,1204,function,build_outflow_channel,build_outflow_channel,GRADED,,,Gaea River/Channel carve,Square-kernel iteration per waypoint (Python double loop) — slow; linear taper rather than parabolic; no meander.,Vectorize with scipy.ndimage.distance_transform_edt across path mask; add meander.
terrain_waterfalls.py,1266,function,_fbm_lateral,_fbm_lateral,MISSING,,,,,
terrain_waterfalls.py,1343,function,_generate_directional_mist_zone,_generate_directional_mist_zone,MISSING,,,,,
terrain_waterfalls.py,1419,function,_north_cw_to_east_ccw_angle,_north_cw_to_east_ccw_angle,MISSING,,,,,
terrain_waterfalls.py,1425,function,generate_mist_zone,generate_mist_zone,GRADED,,,Horizon Forbidden West localized volumetric fog,Perfect circle — wind direction not modeled; Python inner loops.,Bias mist downwind from chain's outflow vector; vectorize.
terrain_waterfalls.py,1468,function,_generate_local_waterfall_foam_mask,_generate_local_waterfall_foam_mask,MISSING,,,,,
terrain_waterfalls.py,1579,function,generate_foam_mask,generate_foam_mask,GRADED,,,UE5 water foam mask,"Same radial profile as mist; no foam along plunge path itself, only pool.",Add foam along full plunge_path and outflow with turbulence-derived intensity.
terrain_waterfalls.py,1610,function,compute_physical_foam_composite,compute_physical_foam_composite,MISSING,,,,,
terrain_waterfalls.py,1794,function,generate_velocity_field,generate_velocity_field,MISSING,,,,,
terrain_waterfalls.py,1849,function,blend_velocity_to_water_body,blend_velocity_to_water_body,MISSING,,,,,
terrain_waterfalls.py,1941,function,validate_waterfall_system,validate_waterfall_system,GRADED,,,,,
terrain_waterfalls.py,2002,function,validate_waterfall_volumetric,validate_waterfall_volumetric,GRADED,,,Custom AAA mesh-contract validator,"Only checks profile params, not actual mesh generated — relies on downstream to honor profile.","Round-trip check: generate mesh, measure vert density, feed back into validation."
terrain_waterfalls.py,2052,function,_region_slice,_region_slice,GRADED,,,,,
terrain_waterfalls.py,2068,function,pass_waterfalls,pass_waterfalls,GRADED,,,Gaea hydrology graph node / RDR2 river pass,Caps at 16 chains (soft limit); wet_rock merging uses max instead of accumulate.,Parameterize cap; consider alpha-blend wet_rock accumulation.
terrain_waterfalls.py,2271,function,register_bundle_c_passes,register_bundle_c_passes,GRADED,,,,,
terrain_waterfalls.py,2316,function,pass_waterfall_mist,pass_waterfall_mist,MISSING,,,,,
terrain_waterfalls.py,2396,function,register_bundle_c_mist_pass,register_bundle_c_mist_pass,MISSING,,,,,
terrain_waterfalls_volumetric.py,98,method,WaterfallVolumeBounds.as_matrix_rows,as_matrix_rows,MISSING,,,,,
terrain_waterfalls_volumetric.py,106,method,WaterfallVolumeBounds.volume_m3,volume_m3,MISSING,,,,,
terrain_waterfalls_volumetric.py,111,function,build_waterfall_volume_bounds,build_waterfall_volume_bounds,MISSING,,,,,
terrain_waterfalls_volumetric.py,222,function,build_particle_seed_zones,build_particle_seed_zones,MISSING,,,,,
terrain_waterfalls_volumetric.py,345,method,WaterfallFunctionalObjects.as_list,as_list,MISSING,,,,,
terrain_waterfalls_volumetric.py,369,function,build_waterfall_functional_object_names,build_waterfall_functional_object_names,MISSING,,,,,
terrain_waterfalls_volumetric.py,392,function,validate_waterfall_volumetric,validate_waterfall_volumetric,NAME_ONLY_MATCH,,,Custom AAA mesh-contract validator,"Only checks profile params, not actual mesh generated — relies on downstream to honor profile.","Round-trip check: generate mesh, measure vert density, feed back into validation."
terrain_waterfalls_volumetric.py,483,function,validate_waterfall_volume_bounds,validate_waterfall_volume_bounds,MISSING,,,,,
terrain_waterfalls_volumetric.py,579,function,validate_particle_seed_zones,validate_particle_seed_zones,MISSING,,,,,
terrain_waterfalls_volumetric.py,659,function,validate_waterfall_anchor_screen_space,validate_waterfall_anchor_screen_space,MISSING,,,,,
terrain_waterfalls_volumetric.py,738,function,enforce_functional_object_naming,enforce_functional_object_naming,MISSING,,,,,
terrain_weathering_timeline.py,31,function,generate_weathering_timeline,generate_weathering_timeline,MISSING,,,,,
terrain_weathering_timeline.py,60,function,apply_weathering_event,apply_weathering_event,MISSING,,,,,
terrain_wildlife_zones.py,84,function,_window_score,_window_score,MISSING,,,,,
terrain_wildlife_zones.py,96,function,_distance_to_mask,_distance_to_mask,MISSING,,,,,
terrain_wildlife_zones.py,168,function,compute_wildlife_affinity,compute_wildlife_affinity,MISSING,,,,,
terrain_wildlife_zones.py,405,function,pass_wildlife_zones,pass_wildlife_zones,MISSING,,,,,
terrain_wildlife_zones.py,485,function,register_bundle_j_wildlife_zones_pass,register_bundle_j_wildlife_zones_pass,MISSING,,,,,
terrain_wind_erosion.py,41,function,_shift_with_edge_repeat,_shift_with_edge_repeat,MISSING,,,,,
terrain_wind_erosion.py,92,function,_shift_fractional_with_edge_repeat,_shift_fractional_with_edge_repeat,MISSING,,,,,
terrain_wind_erosion.py,128,function,apply_wind_erosion,apply_wind_erosion,MISSING,,,,,
terrain_wind_erosion.py,241,function,generate_dunes,generate_dunes,MISSING,,,,,
terrain_wind_erosion.py,398,function,pass_wind_erosion,pass_wind_erosion,MISSING,,,,,
terrain_wind_field.py,25,function,_perlin_gradient_field,_perlin_gradient_field,MISSING,,,,,
terrain_wind_field.py,86,function,_wang,_wang,MISSING,,,,,
terrain_wind_field.py,111,function,_fade,_fade,MISSING,,,,,
terrain_wind_field.py,125,function,_dot_grad,_dot_grad,MISSING,,,,,
terrain_wind_field.py,151,function,_spectral_wind_noise,_spectral_wind_noise,MISSING,,,,,
terrain_wind_field.py,205,function,_perlin_like_field,_perlin_like_field,MISSING,,,,,
terrain_wind_field.py,224,function,compute_wind_field,compute_wind_field,MISSING,,,,,
terrain_wind_field.py,310,function,pass_wind_field,pass_wind_field,MISSING,,,,,
terrain_wind_field.py,347,function,register_bundle_j_wind_field_pass,register_bundle_j_wind_field_pass,MISSING,,,,,
terrain_world_math.py,20,function,theoretical_max_amplitude,theoretical_max_amplitude,MISSING,,,,,
terrain_world_math.py,62,method,TileTransform.to_dict,to_dict,NAME_ONLY_MATCH,,,,,
terrain_world_math.py,79,function,compute_erosion_params_for_world_range,compute_erosion_params_for_world_range,MISSING,,,,,
vegetation_lsystem.py,200,function,expand_lsystem,expand_lsystem,MISSING,,,,,
vegetation_lsystem.py,287,function,_rotate_vector,_rotate_vector,MISSING,,,,,
vegetation_lsystem.py,335,method,_TurtleState.copy,copy,MISSING,,,,,
vegetation_lsystem.py,379,function,_reorthogonalize,_reorthogonalize,MISSING,,,,,
vegetation_lsystem.py,424,function,interpret_lsystem,interpret_lsystem,MISSING,,,,,
vegetation_lsystem.py,685,function,_generate_cylinder_ring,_generate_cylinder_ring,MISSING,,,,,
vegetation_lsystem.py,742,function,branches_to_mesh,branches_to_mesh,MISSING,,,,,
vegetation_lsystem.py,781,function,_add_edge,_add_edge,MISSING,,,,,
vegetation_lsystem.py,877,function,generate_roots,generate_roots,MISSING,,,,,
vegetation_lsystem.py,1034,function,generate_lsystem_tree,generate_lsystem_tree,MISSING,,,,,
vegetation_lsystem.py,1175,function,generate_leaf_cards,generate_leaf_cards,MISSING,,,,,
vegetation_lsystem.py,1314,function,bake_wind_vertex_colors,bake_wind_vertex_colors,MISSING,,,,,
vegetation_lsystem.py,1509,function,_compute_impostor_atlas_views,_compute_impostor_atlas_views,MISSING,,,,,
vegetation_lsystem.py,1600,function,_quad_normal,_quad_normal,MISSING,,,,,
vegetation_lsystem.py,1615,function,generate_billboard_impostor,generate_billboard_impostor,MISSING,,,,,
vegetation_lsystem.py,1878,function,_euler_deg_to_quaternion,_euler_deg_to_quaternion,MISSING,,,,,
vegetation_lsystem.py,1918,function,_compute_species_bounds_radius,_compute_species_bounds_radius,MISSING,,,,,
vegetation_lsystem.py,1950,function,prepare_gpu_instancing_export,prepare_gpu_instancing_export,MISSING,,,,,
vegetation_system.py,269,function,_max_slope_for_category,_max_slope_for_category,MISSING,,,,,
vegetation_system.py,284,function,compute_vegetation_placement,compute_vegetation_placement,MISSING,,,,,
vegetation_system.py,422,function,_sample_terrain,_sample_terrain,MISSING,,,,,
vegetation_system.py,526,function,_competition_blocked,_competition_blocked,MISSING,,,,,
vegetation_system.py,541,function,_register_placed,_register_placed,MISSING,,,,,
vegetation_system.py,688,function,compute_wind_vertex_colors,compute_wind_vertex_colors,MISSING,,,,,
vegetation_system.py,770,function,get_seasonal_variant,get_seasonal_variant,MISSING,,,,,
vegetation_system.py,847,function,_create_biome_vegetation_template,_create_biome_vegetation_template,MISSING,,,,,
vegetation_system.py,869,function,build_vegetation_placement_spec,build_vegetation_placement_spec,MISSING,,,,,
vegetation_system.py,976,function,build_biome_density_map,build_biome_density_map,MISSING,,,,,
vegetation_system.py,1071,function,scatter_biome_vegetation,scatter_biome_vegetation,MISSING,,,,,
vegetation_system.py,1178,function,_smoothstep,_smoothstep,MISSING,,,,,
vegetation_system.py,1183,function,ecotone_alpha_fn,ecotone_alpha_fn,MISSING,,,,,
vertex_paint_live.py,17,function,_smoothstep,_smoothstep,MISSING,,,,,
vertex_paint_live.py,22,function,_dist3d,_dist3d,MISSING,,,,,
vertex_paint_live.py,28,function,_dist2d,_dist2d,MISSING,,,,,
vertex_paint_live.py,32,function,_falloff_weight,_falloff_weight,MISSING,,,,,
vertex_paint_live.py,62,function,compute_paint_weights,compute_paint_weights,MISSING,,,,,
vertex_paint_live.py,112,function,compute_paint_weights_uv,compute_paint_weights_uv,MISSING,,,,,
vertex_paint_live.py,160,function,blend_colors,blend_colors,MISSING,,,,,
vertex_paint_live.py,184,function,_clamp,_clamp,MISSING,,,,,
vertex_paint_live.py,220,function,blend_colors_array,blend_colors_array,MISSING,,,,,
weathering.py,116,function,_stage_weight,_stage_weight,MISSING,,,,,
weathering.py,144,function,_compute_bounding_box,_compute_bounding_box,MISSING,,,,,
weathering.py,172,function,_compute_edge_convexity,_compute_edge_convexity,MISSING,,,,,
weathering.py,205,function,_compute_slope_aspect,_compute_slope_aspect,MISSING,,,,,
weathering.py,230,function,_smooth_channel,_smooth_channel,MISSING,,,,,
weathering.py,300,function,compute_weathered_vertex_colors,compute_weathered_vertex_colors,MISSING,,,,,
weathering.py,469,function,apply_structural_settling,apply_structural_settling,MISSING,,,,,
world_map.py,298,function,_dist2d,_dist2d,MISSING,,,,,
world_map.py,302,function,_nearest_region,_nearest_region,MISSING,,,,,
world_map.py,314,function,_place_seed_points,_place_seed_points,MISSING,,,,,
world_map.py,337,function,_compute_voronoi_bounds,_compute_voronoi_bounds,MISSING,,,,,
world_map.py,411,function,_build_connections,_build_connections,MISSING,,,,,
world_map.py,484,function,generate_world_map,generate_world_map,MISSING,,,,,
world_map.py,565,function,world_map_to_dict,world_map_to_dict,MISSING,,,,,
world_map.py,605,function,place_landmarks,place_landmarks,MISSING,,,,,
world_map.py,658,function,generate_storytelling_scene,generate_storytelling_scene,MISSING,,,,,
