file,qualified_name,function,line,kind,container_class,runtime_exposure,runtime_reachable,non_test_callers,test_callers,sample_non_test_callers,sample_test_callers,csv_exact_match,csv_semantic_match,csv_semantic_match_count,has_any_r9,claimed_grade,strict_current_grade,strict_failure_flags,first_pass_status,master_status
__init__.py,register_all,register_all,18,function,,none,no,2,0,veilbreakers_terrain/__init__.py:40,,no,no,0,no,,,,helper_reachable,cross_module_helper
__init__.py,_build_command_handlers,_build_command_handlers,42,function,,module_init,yes,0,0,,,no,no,0,no,,,,helper_reachable,runtime_primary
__init__.py,_try_register,_try_register,55,function,,none,yes,56,0,__init__.py:85; __init__.py:90; __init__.py:95; __init__.py:100; __init__.py:105,,no,no,0,no,,,,helper_reachable,runtime_transitive
__init__.py,_make_signature_handler,_make_signature_handler,67,function,,command_wrapper,yes,6,0,__init__.py:223; __init__.py:226; __init__.py:229,,no,no,0,no,,,,helper_reachable,runtime_primary
__init__.py,_handler,_handler,72,function,,none,no,0,0,,,no,no,0,no,,,,test_only_or_unwired,orphan_candidate
__init__.py,_handle_generate_coastline,_handle_generate_coastline,206,function,,command_wrapper,yes,0,0,,,no,no,0,no,,,,runtime_primary,runtime_primary
__init__.py,_handle_generate_world_map,_handle_generate_world_map,247,function,,command_wrapper,yes,0,0,,,no,no,0,no,,,,runtime_primary,runtime_primary
__init__.py,_handle_compute_light_placements,_handle_compute_light_placements,266,function,,command_wrapper,yes,0,0,,,no,no,0,no,,,,runtime_primary,runtime_primary
__init__.py,_handle_merge_lights,_handle_merge_lights,270,function,,command_wrapper,yes,0,0,,,no,no,0,no,,,,runtime_primary,runtime_primary
__init__.py,_handle_light_budget,_handle_light_budget,273,function,,command_wrapper,yes,0,0,,,no,no,0,no,,,,runtime_primary,runtime_primary
__init__.py,_handle_compute_atmospheric_placements,_handle_compute_atmospheric_placements,288,function,,command_wrapper,yes,0,0,,,no,no,0,no,,,,runtime_primary,runtime_primary
__init__.py,_handle_volume_mesh_spec,_handle_volume_mesh_spec,295,function,,command_wrapper,yes,0,0,,,no,no,0,no,,,,runtime_primary,runtime_primary
__init__.py,_handle_atmosphere_performance,_handle_atmosphere_performance,298,function,,command_wrapper,yes,0,0,,,no,no,0,no,,,,runtime_primary,runtime_primary
__init__.py,_handle_select_by_box,_handle_select_by_box,316,function,,command_wrapper,yes,0,0,,,no,no,0,no,,,,runtime_primary,runtime_primary
__init__.py,_handle_select_by_sphere,_handle_select_by_sphere,323,function,,command_wrapper,yes,0,0,,,no,no,0,no,,,,runtime_primary,runtime_primary
__init__.py,_handle_select_by_plane,_handle_select_by_plane,330,function,,command_wrapper,yes,0,0,,,no,no,0,no,,,,runtime_primary,runtime_primary
__init__.py,_handle_parse_selection_criteria,_handle_parse_selection_criteria,338,function,,command_wrapper,yes,0,0,,,no,no,0,no,,,,runtime_primary,runtime_primary
__init__.py,_handle_smooth_assembled_mesh,_handle_smooth_assembled_mesh,357,function,,command_wrapper,yes,0,0,,,no,no,0,no,,,,runtime_primary,runtime_primary
__init__.py,_handle_compute_paint_weights,_handle_compute_paint_weights,376,function,,command_wrapper,yes,0,0,,,no,no,0,no,,,,runtime_primary,runtime_primary
__init__.py,_handle_compute_paint_weights_uv,_handle_compute_paint_weights_uv,384,function,,command_wrapper,yes,0,0,,,no,no,0,no,,,,runtime_primary,runtime_primary
__init__.py,_handle_blend_colors,_handle_blend_colors,392,function,,command_wrapper,yes,0,0,,,no,no,0,no,,,,runtime_primary,runtime_primary
__init__.py,_handle_evaluate_mesh_quality,_handle_evaluate_mesh_quality,413,function,,command_wrapper,yes,0,0,,,no,no,0,no,,,,runtime_primary,runtime_primary
__init__.py,_handle_select_fix_action,_handle_select_fix_action,420,function,,command_wrapper,yes,0,0,,,no,no,0,no,,,,runtime_primary,runtime_primary
__init__.py,_handle_compute_weathered_vertex_colors,_handle_compute_weathered_vertex_colors,438,function,,command_wrapper,yes,0,0,,,no,no,0,no,,,,runtime_primary,runtime_primary
__init__.py,_handle_apply_structural_settling,_handle_apply_structural_settling,445,function,,command_wrapper,yes,0,0,,,no,no,0,no,,,,runtime_primary,runtime_primary
__init__.py,_handle_generate_env_keyframes,_handle_generate_env_keyframes,466,function,,command_wrapper,yes,0,0,,,no,no,0,no,,,,runtime_primary,runtime_primary
__init__.py,_make_generator_handler,_make_generator_handler,474,function,,command_wrapper,yes,2,0,__init__.py:494,,no,no,0,no,,,,runtime_primary,runtime_primary
__init__.py,_h,_h,477,function,,command_wrapper,yes,0,0,,,no,no,0,no,,,,runtime_primary,runtime_primary
__init__.py,_get_or_build_session,_get_or_build_session,508,function,,none,yes,8,0,__init__.py:523; __init__.py:532; __init__.py:546; __init__.py:560,,no,no,0,no,,,,helper_reachable,runtime_transitive
__init__.py,_handle_terrain_preview_apply,_handle_terrain_preview_apply,522,function,,command_wrapper,yes,0,0,,,no,no,0,no,,,,runtime_primary,runtime_primary
__init__.py,_handle_terrain_preview_state,_handle_terrain_preview_state,531,function,,command_wrapper,yes,0,0,,,no,no,0,no,,,,runtime_primary,runtime_primary
__init__.py,_handle_terrain_preview_reset,_handle_terrain_preview_reset,541,function,,command_wrapper,yes,0,0,,,no,no,0,no,,,,runtime_primary,runtime_primary
__init__.py,_handle_terrain_preview_diff,_handle_terrain_preview_diff,545,function,,command_wrapper,yes,0,0,,,no,no,0,no,,,,runtime_primary,runtime_primary
__init__.py,_handle_terrain_preview_render_thumbnail,_handle_terrain_preview_render_thumbnail,559,function,,command_wrapper,yes,0,0,,,no,no,0,no,,,,runtime_primary,runtime_primary
__init__.py,_get_watcher,_get_watcher,591,function,,none,yes,4,0,__init__.py:601; __init__.py:609,,no,no,0,no,,,,helper_reachable,runtime_transitive
__init__.py,_handle_hot_reload_start,_handle_hot_reload_start,600,function,,command_wrapper,yes,0,0,,,no,no,0,no,,,,runtime_primary,runtime_primary
__init__.py,_handle_hot_reload_stop,_handle_hot_reload_stop,604,function,,command_wrapper,yes,0,0,,,no,no,0,no,,,,runtime_primary,runtime_primary
__init__.py,_handle_hot_reload_check,_handle_hot_reload_check,608,function,,command_wrapper,yes,0,0,,,no,no,0,no,,,,runtime_primary,runtime_primary
__init__.py,_coerce_bbox,_coerce_bbox,638,function,,none,yes,4,0,__init__.py:674; __init__.py:689,,no,no,0,no,,,,helper_reachable,runtime_transitive
__init__.py,_serialize_vantage,_serialize_vantage,657,function,,none,yes,2,0,__init__.py:697,,no,no,0,no,,,,helper_reachable,runtime_transitive
__init__.py,_coerce_vantage,_coerce_vantage,669,function,,none,yes,4,0,__init__.py:700; __init__.py:713,,no,no,0,no,,,,helper_reachable,runtime_transitive
__init__.py,_handle_read_viewport_vantage,_handle_read_viewport_vantage,688,function,,command_wrapper,yes,0,0,,,no,no,0,no,,,,runtime_primary,runtime_primary
__init__.py,_handle_assert_vantage_fresh,_handle_assert_vantage_fresh,699,function,,command_wrapper,yes,0,0,,,no,no,0,no,,,,runtime_primary,runtime_primary
__init__.py,_handle_is_in_frustum,_handle_is_in_frustum,712,function,,command_wrapper,yes,0,0,,,no,no,0,no,,,,runtime_primary,runtime_primary
__init__.py,_handle_addon_health,_handle_addon_health,738,function,,command_wrapper,yes,0,0,,,no,no,0,no,,,,runtime_primary,runtime_primary
__init__.py,_handle_detect_stale_addon,_handle_detect_stale_addon,758,function,,command_wrapper,yes,0,0,,,no,no,0,no,,,,runtime_primary,runtime_primary
__init__.py,_handle_force_addon_reload,_handle_force_addon_reload,761,function,,command_wrapper,yes,0,0,,,no,no,0,no,,,,runtime_primary,runtime_primary
__init__.py,_handle_boolean_safety_check,_handle_boolean_safety_check,776,function,,command_wrapper,yes,0,0,,,no,no,0,no,,,,runtime_primary,runtime_primary
__init__.py,_handle_convert_yup_to_zup,_handle_convert_yup_to_zup,802,function,,command_wrapper,yes,0,0,,,no,no,0,no,,,,runtime_primary,runtime_primary
__init__.py,_handle_clamp_screenshot_size,_handle_clamp_screenshot_size,816,function,,command_wrapper,yes,0,0,,,no,no,0,no,,,,runtime_primary,runtime_primary
__init__.py,_handle_performance_report,_handle_performance_report,840,function,,command_wrapper,yes,0,0,,,no,no,0,no,,,,runtime_primary,runtime_primary
__init__.py,_handle_navmesh_export,_handle_navmesh_export,859,function,,command_wrapper,yes,0,0,,,no,no,0,no,,,,runtime_primary,runtime_primary
__init__.py,_handle_validation,_handle_validation,886,function,,command_wrapper,yes,0,0,,,no,no,0,no,,,,runtime_primary,runtime_primary
__init__.py,_handle_load_quality_profile,_handle_load_quality_profile,921,function,,command_wrapper,yes,2,0,__init__.py:948,,no,no,0,no,,,,runtime_primary,runtime_primary
__init__.py,_handle_list_quality_profiles,_handle_list_quality_profiles,939,function,,command_wrapper,yes,0,0,,,no,no,0,no,,,,runtime_primary,runtime_primary
__init__.py,_handle_apply_quality_profile,_handle_apply_quality_profile,942,function,,command_wrapper,yes,0,0,,,no,no,0,no,,,,runtime_primary,runtime_primary
_biome_grammar.py,resolve_biome_name,resolve_biome_name,46,function,,none,yes,2,6,_biome_grammar.py:171,veilbreakers_terrain/tests/test_biome_grammar.py:262; veilbreakers_terrain/tests/test_biome_grammar.py:266; veilbreakers_terrain/tests/test_biome_grammar.py:271,yes,yes,1,no,C,D,FAIL_NONE,helper_reachable,runtime_transitive
_biome_grammar.py,generate_world_map_spec,generate_world_map_spec,130,function,,none,yes,2,94,environment.py:6722,veilbreakers_terrain/tests/test_biome_grammar.py:31; veilbreakers_terrain/tests/test_biome_grammar.py:35; veilbreakers_terrain/tests/test_biome_grammar.py:39; veilbreakers_terrain/tests/test_biome_grammar.py:44; veilbreakers_terrain/tests/test_biome_grammar.py:49,yes,yes,1,no,C+,C,FAIL_NONE,helper_reachable,runtime_transitive
_biome_grammar.py,_generate_corruption_map,_generate_corruption_map,241,function,,none,yes,2,0,_biome_grammar.py:192,,yes,yes,1,no,B,D+,FAIL_NONE,helper_reachable,runtime_transitive
_biome_grammar.py,_fbm_grid,_fbm_grid,292,function,,none,yes,6,0,_biome_grammar.py:306; _biome_grammar.py:310; _biome_grammar.py:317,,no,no,0,no,,,,helper_reachable,runtime_transitive
_biome_grammar.py,_box_filter_2d,_box_filter_2d,327,function,,none,no,4,0,_biome_grammar.py:670; _biome_grammar.py:1244,,yes,yes,1,yes,A-,C+,FAIL_NONE,helper_reachable,module_local_helper
_biome_grammar.py,_distance_from_mask,_distance_from_mask,410,function,,none,no,2,0,_biome_grammar.py:1211,,yes,yes,1,yes,A-,C+,FAIL_NONE,helper_reachable,module_local_helper
_biome_grammar.py,apply_periglacial_patterns,apply_periglacial_patterns,495,function,,none,no,0,4,,veilbreakers_terrain/tests/test_terrain_features_phase14.py:69; veilbreakers_terrain/tests/test_terrain_features_phase14.py:79,yes,yes,1,yes,B+,C+,FAIL_NONE,test_only_or_unwired,test_only_or_unwired
_biome_grammar.py,apply_desert_pavement,apply_desert_pavement,609,function,,none,no,0,0,,,yes,yes,1,yes,A-,C+,FAIL_NONE,orphan_candidate,orphan_candidate
_biome_grammar.py,compute_spring_line_mask,compute_spring_line_mask,764,function,,none,no,0,0,,,yes,yes,1,no,B+,C-,FAIL_NONE,orphan_candidate,orphan_candidate
_biome_grammar.py,apply_landslide_scars,apply_landslide_scars,866,function,,none,no,0,2,,veilbreakers_terrain/tests/test_terrain_features_phase14.py:50,yes,yes,1,yes,B+,C+,FAIL_NONE,test_only_or_unwired,test_only_or_unwired
_biome_grammar.py,apply_hot_spring_features,apply_hot_spring_features,1005,function,,none,no,0,4,,veilbreakers_terrain/tests/test_terrain_features_phase14.py:21; veilbreakers_terrain/tests/test_terrain_features_phase14.py:30,yes,yes,1,yes,B+,C+,FAIL_NONE,test_only_or_unwired,test_only_or_unwired
_biome_grammar.py,apply_reef_platform,apply_reef_platform,1141,function,,none,no,0,0,,,yes,yes,1,yes,A-,C+,FAIL_NONE,orphan_candidate,orphan_candidate
_biome_grammar.py,apply_tafoni_weathering,apply_tafoni_weathering,1325,function,,none,no,0,4,,veilbreakers_terrain/tests/test_terrain_features_phase14.py:96; veilbreakers_terrain/tests/test_terrain_features_phase14.py:105,yes,yes,1,yes,B+,C+,FAIL_NONE,test_only_or_unwired,test_only_or_unwired
_biome_grammar.py,_place_cavities,_place_cavities,1419,function,,none,no,6,0,_biome_grammar.py:1504; _biome_grammar.py:1513; _biome_grammar.py:1521,,no,no,0,no,,,,helper_reachable,module_local_helper
_biome_grammar.py,_contagion_prob,_contagion_prob,1483,function,,none,no,4,0,_biome_grammar.py:1512; _biome_grammar.py:1520,,no,no,0,no,,,,helper_reachable,module_local_helper
_biome_grammar.py,apply_geological_folds,apply_geological_folds,1529,function,,none,no,0,0,,,yes,yes,1,yes,B+,C,FAIL_NONE,orphan_candidate,orphan_candidate
_bridge_mesh.py,generate_terrain_bridge_mesh,generate_terrain_bridge_mesh,21,function,,none,no,0,0,,,yes,yes,1,no,A-,B,FAIL_NONE,helper_reachable,orphan_candidate
_mesh_bridge.py,_lsystem_tree_generator,_lsystem_tree_generator,220,function,,none,no,0,0,,,yes,yes,1,no,B+,D+,FAIL_NONE,orphan_candidate,orphan_candidate
_mesh_bridge.py,get_material_for_category,get_material_for_category,528,function,,none,no,0,0,,,yes,yes,1,no,A,C+,FAIL_NONE,orphan_candidate,orphan_candidate
_mesh_bridge.py,_face_normal,_face_normal,545,function,,none,no,4,0,_mesh_bridge.py:896; _mesh_bridge.py:908,,no,no,0,no,,,,helper_reachable,module_local_helper
_mesh_bridge.py,_dot3,_dot3,564,function,,none,no,2,0,_mesh_bridge.py:909,,no,no,0,no,,,,helper_reachable,module_local_helper
_mesh_bridge.py,post_boolean_cleanup,post_boolean_cleanup,568,function,,none,no,0,0,,,yes,yes,1,no,B-,D,FAIL_NONE,orphan_candidate,orphan_candidate
_mesh_bridge.py,resolve_generator,resolve_generator,952,function,,none,yes,4,0,vegetation_system.py:747; vegetation_system.py:749,,yes,yes,1,no,A,B+,FAIL_NONE,helper_reachable,runtime_transitive
_mesh_bridge.py,_compute_aabb,_compute_aabb,975,function,,none,no,4,0,_mesh_bridge.py:1210; _mesh_bridge.py:1285,,no,no,0,no,,,,helper_reachable,module_local_helper
_mesh_bridge.py,_cluster_vertices,_cluster_vertices,990,function,,none,no,2,0,_mesh_bridge.py:1251,,no,no,0,no,,,,helper_reachable,module_local_helper
_mesh_bridge.py,_make_billboard_spec,_make_billboard_spec,1047,function,,none,no,2,0,_mesh_bridge.py:1231,,no,no,0,no,,,,helper_reachable,module_local_helper
_mesh_bridge.py,generate_lod_specs,generate_lod_specs,1144,function,,none,no,0,0,,,yes,yes,1,no,D+,F,FAIL_NONE,orphan_candidate,orphan_candidate
_mesh_bridge.py,mesh_from_spec,mesh_from_spec,1326,function,,none,yes,8,0,environment.py:4287; environment_scatter.py:896; environment_scatter.py:2173; vegetation_system.py:755,,yes,yes,1,no,B+,C+,FAIL_NONE,helper_reachable,runtime_transitive
_scatter_engine.py,poisson_disk_sample,poisson_disk_sample,34,function,,none,yes,16,8,_scatter_engine.py:677; environment_scatter.py:1640; environment_scatter.py:1645; environment_scatter.py:1690; environment_scatter.py:1737,veilbreakers_terrain/tests/test_coverage_gaps.py:158; veilbreakers_terrain/tests/test_environment_scatter_handlers.py:131; veilbreakers_terrain/tests/test_environment_scatter_handlers.py:188; veilbreakers_terrain/tests/test_environment_scatter_handlers.py:213,yes,yes,1,yes,A,B+,FAIL_NONE,helper_reachable,runtime_transitive
_scatter_engine.py,_rand_uniform,_rand_uniform,85,function,,none,yes,8,0,_scatter_engine.py:163; _scatter_engine.py:164; _scatter_engine.py:181; _scatter_engine.py:182,,no,no,0,no,,,,helper_reachable,runtime_transitive
_scatter_engine.py,_rand_int,_rand_int,87,function,,none,yes,2,0,_scatter_engine.py:171,,no,no,0,no,,,,helper_reachable,runtime_transitive
_scatter_engine.py,_rand_uniform,_rand_uniform,91,function,,none,yes,8,0,_scatter_engine.py:163; _scatter_engine.py:164; _scatter_engine.py:181; _scatter_engine.py:182,,no,no,0,no,,,,helper_reachable,runtime_transitive
_scatter_engine.py,_rand_int,_rand_int,93,function,,none,yes,2,0,_scatter_engine.py:171,,no,no,0,no,,,,helper_reachable,runtime_transitive
_scatter_engine.py,_density_at,_density_at,107,function,,none,yes,4,0,_scatter_engine.py:176; _scatter_engine.py:187,,no,no,0,no,,,,helper_reachable,runtime_transitive
_scatter_engine.py,_grid_idx,_grid_idx,136,function,,none,yes,4,0,_scatter_engine.py:166; _scatter_engine.py:195,,no,no,0,no,,,,helper_reachable,runtime_transitive
_scatter_engine.py,_is_valid,_is_valid,143,function,,none,yes,2,0,_scatter_engine.py:192,,no,no,0,no,,,,helper_reachable,runtime_transitive
_scatter_engine.py,lloyd_relax_points,lloyd_relax_points,212,function,,none,no,2,0,environment_scatter.py:1641,,yes,yes,1,yes,A,C+,FAIL_NONE,helper_reachable,cross_module_helper
_scatter_engine.py,biome_filter_points,biome_filter_points,312,function,,none,yes,2,6,environment_scatter.py:1888,veilbreakers_terrain/tests/test_environment_scatter_handlers.py:165; veilbreakers_terrain/tests/test_environment_scatter_handlers.py:200; veilbreakers_terrain/tests/test_environment_scatter_handlers.py:246,yes,yes,1,yes,A,A-,FAIL_NONE,helper_reachable,runtime_transitive
_scatter_engine.py,context_scatter,context_scatter,587,function,,none,yes,2,6,environment_scatter.py:2283,veilbreakers_terrain/tests/test_coverage_gaps.py:169; veilbreakers_terrain/tests/test_environment_scatter_handlers.py:268; veilbreakers_terrain/tests/test_environment_scatter_handlers.py:283,yes,yes,1,yes,A,A-,FAIL_NONE,helper_reachable,runtime_transitive
_scatter_engine.py,_map_sample,_map_sample,734,function,,none,yes,12,0,_scatter_engine.py:772; _scatter_engine.py:778; _scatter_engine.py:784; _scatter_engine.py:792; _scatter_engine.py:800,,no,no,0,no,,,,helper_reachable,runtime_transitive
_scatter_engine.py,_weighted_choice,_weighted_choice,856,function,,none,yes,2,0,_scatter_engine.py:840,,yes,yes,1,yes,A,C+,FAIL_NONE,helper_reachable,runtime_transitive
_scatter_engine.py,generate_breakable_variants,generate_breakable_variants,936,function,,none,yes,2,6,environment_scatter.py:2355,veilbreakers_terrain/tests/test_coverage_gaps.py:182; veilbreakers_terrain/tests/test_environment_scatter_handlers.py:293; veilbreakers_terrain/tests/test_environment_scatter_handlers.py:315,yes,yes,1,yes,B+,B-,FAIL_NONE,helper_reachable,runtime_transitive
_scatter_engine.py,_build_geometry_op,_build_geometry_op,1006,function,,none,yes,2,0,_scatter_engine.py:969,,yes,yes,1,yes,A,C+,FAIL_NONE,helper_reachable,runtime_transitive
_scatter_engine.py,_generate_fragments,_generate_fragments,1020,function,,none,yes,2,0,_scatter_engine.py:979,,yes,yes,1,yes,B+,C-,FAIL_NONE,helper_reachable,runtime_transitive
_scatter_engine.py,_generate_debris,_generate_debris,1067,function,,none,yes,2,0,_scatter_engine.py:980,,yes,yes,1,yes,B+,C-,FAIL_NONE,helper_reachable,runtime_transitive
_scatter_engine.py,generate_canyon,generate_canyon,1134,function,,none,no,0,0,,,yes,yes,1,yes,B+,B,FAIL_NONE,test_only_or_unwired,orphan_candidate
_scatter_engine.py,generate_waterfall,generate_waterfall,1234,function,,none,no,0,0,,,yes,yes,1,yes,A-,B+,FAIL_NONE,helper_reachable,orphan_candidate
_scatter_engine.py,generate_cliff_face,generate_cliff_face,1328,function,,none,no,0,0,,,yes,yes,1,yes,A-,B+,FAIL_NONE,test_only_or_unwired,orphan_candidate
_scatter_engine.py,generate_swamp_terrain,generate_swamp_terrain,1416,function,,none,no,0,0,,,yes,yes,1,yes,B+,B-,FAIL_NONE,helper_reachable,orphan_candidate
_scatter_engine.py,generate_sinkhole,generate_sinkhole,1516,function,,none,no,0,0,,,yes,yes,1,yes,B+,B-,FAIL_NONE,helper_reachable,orphan_candidate
_scatter_engine.py,generate_floating_rocks,generate_floating_rocks,1621,function,,none,no,0,0,,,yes,yes,1,yes,B+,B,FAIL_NONE,test_only_or_unwired,orphan_candidate
_scatter_engine.py,generate_ice_formation,generate_ice_formation,1727,function,,none,no,0,0,,,yes,yes,1,yes,B+,B-,FAIL_NONE,helper_reachable,orphan_candidate
_scatter_engine.py,generate_lava_flow,generate_lava_flow,1819,function,,none,no,0,0,,,yes,yes,1,yes,B+,B,FAIL_NONE,test_only_or_unwired,orphan_candidate
_terrain_depth.py,_fbm_noise2,_fbm_noise2,55,function,,none,yes,8,0,_terrain_depth.py:175; _terrain_depth.py:198; _terrain_depth.py:589; _terrain_depth.py:643,,no,no,0,no,,,,helper_reachable,runtime_transitive
_terrain_depth.py,_h,_h,66,function,,none,yes,8,0,_terrain_depth.py:76; _terrain_depth.py:77,,no,no,0,no,,,,helper_reachable,runtime_transitive
_terrain_depth.py,generate_cliff_face_mesh,generate_cliff_face_mesh,84,function,,none,yes,4,22,environment.py:1524; terrain_cliffs.py:1566,veilbreakers_terrain/tests/test_mesh_quality_phase14.py:42; veilbreakers_terrain/tests/test_mesh_quality_phase14.py:50; veilbreakers_terrain/tests/test_terrain_depth.py:84; veilbreakers_terrain/tests/test_terrain_depth.py:88; veilbreakers_terrain/tests/test_terrain_depth.py:95,yes,yes,1,yes,A,B+,FAIL_NONE,helper_reachable,runtime_transitive
_terrain_depth.py,_strata_y_offset,_strata_y_offset,142,function,,none,yes,2,0,_terrain_depth.py:206,,no,no,0,no,,,,helper_reachable,runtime_transitive
_terrain_depth.py,_erosion_recess,_erosion_recess,165,function,,none,yes,2,0,_terrain_depth.py:209,,no,no,0,no,,,,helper_reachable,runtime_transitive
_terrain_depth.py,generate_cave_entrance_mesh,generate_cave_entrance_mesh,259,function,,none,yes,4,20,environment.py:4679; terrain_caves.py:1937,veilbreakers_terrain/tests/test_mesh_quality_phase14.py:64; veilbreakers_terrain/tests/test_mesh_quality_phase14.py:70; veilbreakers_terrain/tests/test_terrain_depth.py:143; veilbreakers_terrain/tests/test_terrain_depth.py:148; veilbreakers_terrain/tests/test_terrain_depth.py:155,yes,yes,1,yes,A,B+,FAIL_NONE,helper_reachable,runtime_transitive
_terrain_depth.py,generate_biome_transition_mesh,generate_biome_transition_mesh,504,function,,none,no,0,18,,veilbreakers_terrain/tests/test_mesh_quality_phase14.py:87; veilbreakers_terrain/tests/test_mesh_quality_phase14.py:105; veilbreakers_terrain/tests/test_terrain_depth.py:191; veilbreakers_terrain/tests/test_terrain_depth.py:195; veilbreakers_terrain/tests/test_terrain_depth.py:201,yes,yes,1,yes,A,B,FAIL_NONE,test_only_or_unwired,test_only_or_unwired
_terrain_depth.py,_boundary_warp_offset,_boundary_warp_offset,584,function,,none,no,2,0,_terrain_depth.py:598,,no,no,0,no,,,,helper_reachable,module_local_helper
_terrain_depth.py,_sample_hmap,_sample_hmap,617,function,,none,no,4,0,_terrain_depth.py:683; _terrain_depth.py:684,,no,no,0,no,,,,helper_reachable,module_local_helper
_terrain_depth.py,_smoothstep,_smoothstep,638,function,,none,no,2,0,_terrain_depth.py:681,,no,no,0,no,,,,helper_reachable,module_local_helper
_terrain_depth.py,generate_waterfall_mesh,generate_waterfall_mesh,758,function,,none,no,0,20,,veilbreakers_terrain/tests/test_mesh_quality_phase14.py:18; veilbreakers_terrain/tests/test_mesh_quality_phase14.py:27; veilbreakers_terrain/tests/test_terrain_depth.py:246; veilbreakers_terrain/tests/test_terrain_depth.py:250; veilbreakers_terrain/tests/test_terrain_depth.py:258,yes,yes,1,no,C+,D+,FAIL_NONE,test_only_or_unwired,test_only_or_unwired
_terrain_depth.py,_curtain_row,_curtain_row,850,function,,none,no,4,0,_terrain_depth.py:874; _terrain_depth.py:875,,no,no,0,no,,,,helper_reachable,module_local_helper
_terrain_depth.py,detect_cliff_edges,detect_cliff_edges,1004,function,,none,yes,2,26,environment.py:1516,veilbreakers_terrain/tests/test_p7_vectorization.py:55; veilbreakers_terrain/tests/test_p7_vectorization.py:69; veilbreakers_terrain/tests/test_terrain_depth.py:406; veilbreakers_terrain/tests/test_terrain_depth.py:416; veilbreakers_terrain/tests/test_terrain_depth.py:432,yes,yes,1,yes,A,A-,FAIL_NONE,helper_reachable,runtime_transitive
_terrain_erosion.py,apply_hydraulic_erosion_masks,apply_hydraulic_erosion_masks,208,function,,none,yes,4,2,_terrain_erosion.py:540; _terrain_world.py:890,veilbreakers_terrain/tests/test_physical_plausibility.py:54,yes,yes,1,no,B-,C,FAIL_NONE,helper_reachable,runtime_transitive
_terrain_erosion.py,apply_hydraulic_erosion,apply_hydraulic_erosion,518,function,,none,yes,2,48,_terrain_world.py:298,veilbreakers_terrain/tests/integration/test_full_terrain_pipeline.py:97; veilbreakers_terrain/tests/integration/test_full_terrain_pipeline.py:123; veilbreakers_terrain/tests/test_coverage_gaps.py:97; veilbreakers_terrain/tests/test_cross_feature.py:29; veilbreakers_terrain/tests/test_cross_feature.py:345,yes,yes,1,no,C+,C,FAIL_NONE,helper_reachable,runtime_transitive
_terrain_erosion.py,_deposit,_deposit,557,function,,none,yes,4,0,_terrain_erosion.py:431; _terrain_erosion.py:432,,yes,yes,1,no,A,C+,FAIL_NONE,helper_reachable,runtime_transitive
_terrain_erosion.py,_erode_brush,_erode_brush,570,function,,none,yes,4,0,_terrain_erosion.py:442; _terrain_erosion.py:443,,yes,yes,1,no,B,D+,FAIL_NONE,helper_reachable,runtime_transitive
_terrain_erosion.py,apply_thermal_erosion_masks,apply_thermal_erosion_masks,676,function,,none,yes,6,0,_terrain_erosion.py:833; _terrain_world.py:898; terrain_advanced.py:1884,,yes,yes,1,no,B+,C+,FAIL_NONE,helper_reachable,runtime_transitive
_terrain_erosion.py,apply_thermal_erosion,apply_thermal_erosion,823,function,,none,yes,2,26,_terrain_world.py:307,veilbreakers_terrain/tests/test_coverage_gaps.py:110; veilbreakers_terrain/tests/test_coverage_gaps.py:124; veilbreakers_terrain/tests/test_p7_thermal_consolidation.py:41; veilbreakers_terrain/tests/test_p7_thermal_consolidation.py:60; veilbreakers_terrain/tests/test_physical_plausibility.py:333,yes,yes,1,no,C+,C-,FAIL_NONE,helper_reachable,runtime_transitive
_terrain_erosion.py,compute_stream_power_erosion,compute_stream_power_erosion,847,function,,none,no,2,30,_terrain_world.py:955,veilbreakers_terrain/tests/test_stream_power_erosion.py:90; veilbreakers_terrain/tests/test_stream_power_erosion.py:96; veilbreakers_terrain/tests/test_stream_power_erosion.py:102; veilbreakers_terrain/tests/test_stream_power_erosion.py:109; veilbreakers_terrain/tests/test_stream_power_erosion.py:118,no,no,0,no,,,,helper_reachable,cross_module_helper
_terrain_erosion.py,_build_receiver_topo,_build_receiver_topo,935,function,,none,no,2,0,_terrain_erosion.py:998,,no,no,0,no,,,,helper_reachable,module_local_helper
_terrain_noise.py,_build_permutation_table,_build_permutation_table,68,function,,none,no,10,2,_terrain_noise.py:151; _terrain_noise.py:182; _terrain_noise.py:183; _terrain_noise.py:269; _terrain_noise.py:270,veilbreakers_terrain/tests/test_performance_optimization.py:144,yes,yes,1,yes,A,B-,FAIL_TRANSITIVE_MODULE,helper_reachable,module_local_helper
_terrain_noise.py,_perlin_noise2_array,_perlin_noise2_array,81,function,,none,yes,12,0,_terrain_noise.py:157; _terrain_noise.py:161; _terrain_noise.py:186; _terrain_noise.py:187; _terrain_noise.py:273,,yes,yes,1,yes,B+,C-,FAIL_TRANSITIVE_MODULE,helper_reachable,runtime_transitive
_terrain_noise.py,_PermTableNoise.noise2,noise2,153,method,_PermTableNoise,none,no,9,0,_terrain_noise.py:234; _terrain_noise.py:308; _terrain_noise.py:448; _terrain_noise.py:507; _terrain_noise.py:508,,yes,yes,2,yes,A-,C,FAIL_TRANSITIVE_MODULE,helper_reachable,module_local_helper
_terrain_noise.py,_PermTableNoise.noise2_array,noise2_array,159,method,_PermTableNoise,none,yes,8,0,_terrain_noise.py:479; _terrain_noise.py:483; _terrain_noise.py:1289; _terrain_noise.py:2517; _terrain_noise.py:2617,,yes,yes,2,yes,A,C+,FAIL_TRANSITIVE_MODULE,helper_reachable,runtime_transitive
_terrain_noise.py,_PermTableNoise.noise3,noise3,163,method,_PermTableNoise,none,no,2,0,_terrain_noise.py:244; _terrain_noise.py:359,,no,no,0,no,,,,helper_reachable,module_local_helper
_terrain_noise.py,_make_noise_generator,_make_noise_generator,191,function,,none,yes,32,10,_biome_grammar.py:284; _biome_grammar.py:285; _biome_grammar.py:286; _terrain_noise.py:447; _terrain_noise.py:473,veilbreakers_terrain/tests/test_performance_optimization.py:119; veilbreakers_terrain/tests/test_performance_optimization.py:133; veilbreakers_terrain/tests/test_terrain_noise_bugfixes.py:92; veilbreakers_terrain/tests/test_terrain_noise_bugfixes.py:120; veilbreakers_terrain/tests/test_terrain_noise_phase11.py:97,yes,yes,1,yes,B+,B-,FAIL_TRANSITIVE_MODULE,helper_reachable,runtime_transitive
_terrain_noise.py,_OpenSimplexWrapper.noise2,noise2,232,method,_OpenSimplexWrapper,none,no,0,0,,,yes,yes,2,yes,A,B+,FAIL_TRANSITIVE_MODULE,helper_reachable,orphan_candidate
_terrain_noise.py,_OpenSimplexWrapper.noise3,noise3,236,method,_OpenSimplexWrapper,none,no,0,0,,,no,no,0,no,,,,helper_reachable,orphan_candidate
_terrain_noise.py,_OpenSimplexWrapper.noise4,noise4,246,method,_OpenSimplexWrapper,none,no,2,0,_terrain_noise.py:260; _terrain_noise.py:409,,no,no,0,no,,,,helper_reachable,module_local_helper
_terrain_noise.py,_OpenSimplexWrapper.noise2_array,noise2_array,281,method,_OpenSimplexWrapper,none,no,0,0,,,yes,yes,2,yes,A,B+,FAIL_TRANSITIVE_MODULE,helper_reachable,orphan_candidate
_terrain_noise.py,_OpenSimplexWrapper.noise3_array,noise3_array,314,method,_OpenSimplexWrapper,none,no,0,0,,,no,no,0,no,,,,orphan_candidate,orphan_candidate
_terrain_noise.py,_OpenSimplexWrapper.noise4_array,noise4_array,365,method,_OpenSimplexWrapper,none,no,0,0,,,no,no,0,no,,,,orphan_candidate,orphan_candidate
_terrain_noise.py,opensimplex2s_noise2,opensimplex2s_noise2,427,function,,none,no,0,12,,veilbreakers_terrain/tests/test_terrain_noise_phase11.py:54; veilbreakers_terrain/tests/test_terrain_noise_phase11.py:61; veilbreakers_terrain/tests/test_terrain_noise_phase11.py:62; veilbreakers_terrain/tests/test_terrain_noise_phase11.py:71; veilbreakers_terrain/tests/test_terrain_noise_phase11.py:72,no,no,0,no,,,,test_only_or_unwired,test_only_or_unwired
_terrain_noise.py,opensimplex2s_noise2_array,opensimplex2s_noise2_array,451,function,,none,no,0,4,,veilbreakers_terrain/tests/test_terrain_noise_phase11.py:79; veilbreakers_terrain/tests/test_terrain_noise_phase11.py:91,no,no,0,no,,,,test_only_or_unwired,test_only_or_unwired
_terrain_noise.py,_noise_with_gradient,_noise_with_gradient,496,function,,none,no,2,0,_terrain_noise.py:548,,no,no,0,no,,,,helper_reachable,module_local_helper
_terrain_noise.py,fbm_iq,fbm_iq,513,function,,none,no,10,10,_terrain_noise.py:773; _terrain_noise.py:774; _terrain_noise.py:777; _terrain_noise.py:783; _terrain_noise.py:791,veilbreakers_terrain/tests/test_terrain_noise_phase11.py:177; veilbreakers_terrain/tests/test_terrain_noise_phase11.py:183; veilbreakers_terrain/tests/test_terrain_noise_phase11.py:184; veilbreakers_terrain/tests/test_terrain_noise_phase11.py:190; veilbreakers_terrain/tests/test_terrain_noise_phase11.py:260,no,no,0,no,,,,helper_reachable,module_local_helper
_terrain_noise.py,phacelle_noise_simple,phacelle_noise_simple,566,function,,none,no,0,10,,veilbreakers_terrain/tests/test_terrain_noise_phase11.py:156; veilbreakers_terrain/tests/test_terrain_noise_phase11.py:163; veilbreakers_terrain/tests/test_terrain_noise_phase11.py:164; veilbreakers_terrain/tests/test_terrain_noise_phase11.py:170; veilbreakers_terrain/tests/test_terrain_noise_phase11.py:171,no,no,0,no,,,,test_only_or_unwired,test_only_or_unwired
_terrain_noise.py,_hash_float,_hash_float,598,function,,none,no,6,0,_terrain_noise.py:619; _terrain_noise.py:620; _terrain_noise.py:628,,no,no,0,no,,,,helper_reachable,module_local_helper
_terrain_noise.py,_hash2_scalar,_hash2_scalar,644,function,,none,no,10,0,_terrain_noise.py:711; _terrain_noise.py:712; _terrain_noise.py:721; _terrain_noise.py:824; _terrain_noise.py:825,,no,no,0,no,,,,helper_reachable,module_local_helper
_terrain_noise.py,_smoothstep,_smoothstep,658,function,,none,no,2,0,_terrain_noise.py:718,,no,no,0,no,,,,helper_reachable,module_local_helper
_terrain_noise.py,voronoise,voronoise,666,function,,none,no,0,16,,veilbreakers_terrain/tests/test_terrain_noise_phase11.py:201; veilbreakers_terrain/tests/test_terrain_noise_phase11.py:208; veilbreakers_terrain/tests/test_terrain_noise_phase11.py:214; veilbreakers_terrain/tests/test_terrain_noise_phase11.py:220; veilbreakers_terrain/tests/test_terrain_noise_phase11.py:221,no,no,0,no,,,,test_only_or_unwired,test_only_or_unwired
_terrain_noise.py,domain_warp_fbm,domain_warp_fbm,735,function,,none,no,0,10,,veilbreakers_terrain/tests/test_terrain_noise_phase11.py:245; veilbreakers_terrain/tests/test_terrain_noise_phase11.py:251; veilbreakers_terrain/tests/test_terrain_noise_phase11.py:252; veilbreakers_terrain/tests/test_terrain_noise_phase11.py:259; veilbreakers_terrain/tests/test_terrain_noise_phase11.py:266,no,no,0,no,,,,test_only_or_unwired,test_only_or_unwired
_terrain_noise.py,_cellular_f1_f2,_cellular_f1_f2,804,function,,none,no,2,0,_terrain_noise.py:868,,no,no,0,no,,,,helper_reachable,module_local_helper
_terrain_noise.py,cellular_smin,cellular_smin,837,function,,none,no,0,10,,veilbreakers_terrain/tests/test_terrain_noise_phase11.py:277; veilbreakers_terrain/tests/test_terrain_noise_phase11.py:283; veilbreakers_terrain/tests/test_terrain_noise_phase11.py:284; veilbreakers_terrain/tests/test_terrain_noise_phase11.py:292; veilbreakers_terrain/tests/test_terrain_noise_phase11.py:298,no,no,0,no,,,,test_only_or_unwired,test_only_or_unwired
_terrain_noise.py,_apply_geological_constraints,_apply_geological_constraints,1098,function,,none,yes,4,0,_terrain_noise.py:1319; terrain_banded.py:899,,no,no,0,no,,,,helper_reachable,runtime_transitive
_terrain_noise.py,generate_heightmap,generate_heightmap,1174,function,,none,yes,12,152,_terrain_noise.py:2820; _terrain_noise.py:2834; _terrain_world.py:67; _terrain_world.py:143; environment.py:1904,veilbreakers_terrain/tests/test_coverage_gaps.py:34; veilbreakers_terrain/tests/test_coverage_gaps.py:47; veilbreakers_terrain/tests/test_cross_feature.py:23; veilbreakers_terrain/tests/test_cross_feature.py:265; veilbreakers_terrain/tests/test_cross_feature.py:391,yes,yes,1,yes,A,B-,"FAIL_PERF_SEVERE,FAIL_TRANSITIVE_MODULE",helper_reachable,runtime_transitive
_terrain_noise.py,_apply_terrain_preset,_apply_terrain_preset,1344,function,,none,yes,2,0,_terrain_noise.py:1322,,yes,yes,1,yes,A,C+,FAIL_TRANSITIVE_MODULE,helper_reachable,runtime_transitive
_terrain_noise.py,_theoretical_max_amplitude,_theoretical_max_amplitude,1452,function,,none,yes,2,6,environment.py:1423,veilbreakers_terrain/tests/test_terrain_tiling.py:149; veilbreakers_terrain/tests/test_terrain_tiling.py:150; veilbreakers_terrain/tests/test_terrain_tiling.py:151,yes,yes,1,yes,A,B+,FAIL_TRANSITIVE_MODULE,helper_reachable,runtime_transitive
_terrain_noise.py,_compute_slope_gradient,_compute_slope_gradient,1467,function,,none,no,2,0,_terrain_noise.py:1510,,no,no,0,no,,,,helper_reachable,module_local_helper
_terrain_noise.py,compute_slope_map_radians,compute_slope_map_radians,1488,function,,none,no,2,4,_terrain_noise.py:1535,veilbreakers_terrain/tests/test_p7_conventions.py:31; veilbreakers_terrain/tests/test_p7_conventions.py:53,no,no,0,no,,,,helper_reachable,module_local_helper
_terrain_noise.py,compute_slope_map_degrees,compute_slope_map_degrees,1514,function,,none,no,2,6,_terrain_noise.py:1922,veilbreakers_terrain/tests/test_p7_conventions.py:39; veilbreakers_terrain/tests/test_p7_conventions.py:47; veilbreakers_terrain/tests/test_p7_conventions.py:54,no,no,0,no,,,,helper_reachable,module_local_helper
_terrain_noise.py,compute_biome_assignments,compute_biome_assignments,1547,function,,none,no,0,26,,veilbreakers_terrain/tests/test_coverage_gaps.py:68; veilbreakers_terrain/tests/test_cross_feature.py:52; veilbreakers_terrain/tests/test_cross_feature.py:93; veilbreakers_terrain/tests/test_cross_feature.py:118; veilbreakers_terrain/tests/test_cross_feature.py:394,yes,yes,1,yes,B+,C,FAIL_TRANSITIVE_MODULE,test_only_or_unwired,test_only_or_unwired
_terrain_noise.py,_neighbors,_neighbors,1614,function,,none,no,4,0,_terrain_noise.py:1700; _terrain_noise.py:1958,,yes,yes,1,yes,A,C+,FAIL_TRANSITIVE_MODULE,helper_reachable,module_local_helper
_terrain_noise.py,_fill_8connected_gaps,_fill_8connected_gaps,1624,function,,none,no,2,4,_terrain_noise.py:1698,veilbreakers_terrain/tests/test_road_astar_24dir.py:121; veilbreakers_terrain/tests/test_road_astar_24dir.py:134,yes,yes,1,yes,A,B-,FAIL_TRANSITIVE_MODULE,helper_reachable,module_local_helper
_terrain_noise.py,_astar,_astar,1645,function,,none,no,6,14,_terrain_noise.py:1765; _terrain_noise.py:1834; terrain_twelve_step.py:620,veilbreakers_terrain/tests/test_road_astar_24dir.py:60; veilbreakers_terrain/tests/test_road_astar_24dir.py:68; veilbreakers_terrain/tests/test_road_astar_24dir.py:69; veilbreakers_terrain/tests/test_road_astar_24dir.py:83; veilbreakers_terrain/tests/test_road_astar_24dir.py:96,yes,yes,1,yes,A,B+,FAIL_TRANSITIVE_MODULE,helper_reachable,cross_module_helper
_terrain_noise.py,heuristic,heuristic,1680,function,,none,no,2,0,_terrain_noise.py:1712,,no,no,0,no,,,,helper_reachable,module_local_helper
_terrain_noise.py,carve_river_path,carve_river_path,1730,function,,none,no,2,14,terrain_twelve_step.py:236,veilbreakers_terrain/tests/test_coverage_gaps.py:76; veilbreakers_terrain/tests/test_terrain_noise.py:502; veilbreakers_terrain/tests/test_terrain_noise.py:512; veilbreakers_terrain/tests/test_terrain_noise.py:526; veilbreakers_terrain/tests/test_terrain_noise.py:534,yes,yes,1,yes,B+,B-,FAIL_TRANSITIVE_MODULE,helper_reachable,cross_module_helper
_terrain_noise.py,generate_road_path_grid,generate_road_path_grid,1788,function,,none,no,0,14,,veilbreakers_terrain/tests/test_terrain_noise.py:576; veilbreakers_terrain/tests/test_terrain_noise.py:587; veilbreakers_terrain/tests/test_terrain_noise.py:602; veilbreakers_terrain/tests/test_terrain_noise.py:618; veilbreakers_terrain/tests/test_terrain_noise.py:629,no,no,0,no,,,,test_only_or_unwired,test_only_or_unwired
_terrain_noise.py,generate_road_path,generate_road_path,1869,function,,none,no,0,12,,veilbreakers_terrain/tests/test_terrain_noise.py:677; veilbreakers_terrain/tests/test_terrain_noise.py:692; veilbreakers_terrain/tests/test_terrain_noise.py:707; veilbreakers_terrain/tests/test_terrain_noise.py:711; veilbreakers_terrain/tests/test_terrain_noise.py:726,yes,yes,1,yes,A,B+,FAIL_TRANSITIVE_MODULE,test_only_or_unwired,test_only_or_unwired
_terrain_noise.py,_xy_to_rc,_xy_to_rc,1925,function,,none,no,4,0,_terrain_noise.py:1934; _terrain_noise.py:1935,,no,no,0,no,,,,helper_reachable,module_local_helper
_terrain_noise.py,_h,_h,1945,function,,none,no,2,0,_terrain_noise.py:1966,,no,no,0,no,,,,helper_reachable,module_local_helper
_terrain_noise.py,_catmull_rom_segment,_catmull_rom_segment,2031,function,,none,no,2,4,_terrain_noise.py:2108,veilbreakers_terrain/tests/test_road_astar_24dir.py:159; veilbreakers_terrain/tests/test_road_astar_24dir.py:165,no,no,0,no,,,,helper_reachable,module_local_helper
_terrain_noise.py,_duplicate_sharp_corners,_duplicate_sharp_corners,2060,function,,none,no,2,4,_terrain_noise.py:2103,veilbreakers_terrain/tests/test_road_astar_24dir.py:176; veilbreakers_terrain/tests/test_road_astar_24dir.py:188,no,no,0,no,,,,helper_reachable,module_local_helper
_terrain_noise.py,smooth_road_path,smooth_road_path,2091,function,,none,no,4,8,_terrain_noise.py:2011; terrain_twelve_step.py:635,veilbreakers_terrain/tests/test_road_astar_24dir.py:197; veilbreakers_terrain/tests/test_road_astar_24dir.py:208; veilbreakers_terrain/tests/test_road_astar_24dir.py:217; veilbreakers_terrain/tests/test_road_astar_24dir.py:223,no,no,0,no,,,,helper_reachable,cross_module_helper
_terrain_noise.py,hydraulic_erosion,hydraulic_erosion,2121,function,,none,no,0,0,,,yes,yes,1,yes,B+,C,FAIL_TRANSITIVE_MODULE,test_only_or_unwired,orphan_candidate
_terrain_noise.py,ridged_multifractal,ridged_multifractal,2406,function,,none,no,0,0,,,yes,yes,1,yes,A-,C+,FAIL_TRANSITIVE_MODULE,test_only_or_unwired,orphan_candidate
_terrain_noise.py,ridged_multifractal_array,ridged_multifractal_array,2477,function,,none,yes,8,0,_terrain_noise.py:1302; _terrain_noise.py:2766; terrain_banded.py:533; terrain_banded.py:602,,yes,yes,1,yes,A,B+,FAIL_TRANSITIVE_MODULE,helper_reachable,runtime_transitive
_terrain_noise.py,domain_warp,domain_warp,2538,function,,none,no,0,0,,,yes,yes,1,yes,A,C+,FAIL_TRANSITIVE_MODULE,orphan_candidate,orphan_candidate
_terrain_noise.py,domain_warp_array,domain_warp_array,2586,function,,none,yes,6,0,_terrain_noise.py:1273; terrain_banded.py:567; terrain_banded.py:715,,yes,yes,1,yes,A,B,FAIL_TRANSITIVE_MODULE,helper_reachable,runtime_transitive
_terrain_noise.py,voronoi_biome_distribution,voronoi_biome_distribution,2628,function,,none,yes,2,22,_biome_grammar.py:181,veilbreakers_terrain/tests/test_terrain_biome_voronoi.py:22; veilbreakers_terrain/tests/test_terrain_biome_voronoi.py:33; veilbreakers_terrain/tests/test_terrain_biome_voronoi.py:44; veilbreakers_terrain/tests/test_terrain_biome_voronoi.py:45; veilbreakers_terrain/tests/test_terrain_biome_voronoi.py:51,yes,yes,1,yes,B+,B-,FAIL_TRANSITIVE_MODULE,helper_reachable,runtime_transitive
_terrain_noise.py,generate_heightmap_ridged,generate_heightmap_ridged,2718,function,,none,no,4,0,_terrain_noise.py:2826; _terrain_noise.py:2838,,yes,yes,1,yes,A,B-,FAIL_TRANSITIVE_MODULE,helper_reachable,module_local_helper
_terrain_noise.py,generate_heightmap_with_noise_type,generate_heightmap_with_noise_type,2782,function,,none,no,0,0,,,yes,yes,1,yes,A,B-,FAIL_TRANSITIVE_MODULE,test_only_or_unwired,orphan_candidate
_terrain_noise.py,auto_splat_terrain,auto_splat_terrain,2858,function,,none,no,0,0,,,yes,yes,1,yes,B+,C,FAIL_TRANSITIVE_MODULE,test_only_or_unwired,orphan_candidate
_terrain_world.py,_sample_single_height,_sample_single_height,55,function,,none,no,2,0,_terrain_world.py:97,,yes,yes,1,no,B+,D+,FAIL_NONE,helper_reachable,module_local_helper
_terrain_world.py,sample_world_height,sample_world_height,82,function,,none,no,0,6,,veilbreakers_terrain/tests/test_adjacent_tile_contract.py:103; veilbreakers_terrain/tests/test_terrain_tiling.py:129; veilbreakers_terrain/tests/test_terrain_tiling.py:136,yes,yes,1,no,B+,B-,FAIL_NONE,test_only_or_unwired,test_only_or_unwired
_terrain_world.py,generate_world_heightmap,generate_world_heightmap,122,function,,none,yes,12,14,_terrain_world.py:107; _terrain_world.py:383; _terrain_world.py:436; _terrain_world.py:643; environment.py:2036,veilbreakers_terrain/tests/test_adjacent_tile_contract.py:39; veilbreakers_terrain/tests/test_adjacent_tile_contract.py:59; veilbreakers_terrain/tests/test_adjacent_tile_contract.py:79; veilbreakers_terrain/tests/test_adjacent_tile_contract.py:113; veilbreakers_terrain/tests/test_terrain_tiling.py:46,yes,yes,1,no,C+,C-,FAIL_NONE,helper_reachable,runtime_transitive
_terrain_world.py,extract_tile,extract_tile,159,function,,none,no,8,34,terrain_twelve_step.py:983; terrain_twelve_step.py:999; terrain_twelve_step.py:1000; terrain_twelve_step.py:1006,veilbreakers_terrain/tests/test_adjacent_tile_contract.py:50; veilbreakers_terrain/tests/test_adjacent_tile_contract.py:51; veilbreakers_terrain/tests/test_adjacent_tile_contract.py:70; veilbreakers_terrain/tests/test_adjacent_tile_contract.py:71; veilbreakers_terrain/tests/test_adjacent_tile_contract.py:90,yes,yes,1,no,A-,B,FAIL_NONE,helper_reachable,cross_module_helper
_terrain_world.py,validate_tile_seams,validate_tile_seams,185,function,,none,no,2,8,terrain_twelve_step.py:1042,veilbreakers_terrain/tests/test_terrain_chunking.py:332; veilbreakers_terrain/tests/test_terrain_chunking.py:359; veilbreakers_terrain/tests/test_terrain_tiling.py:93; veilbreakers_terrain/tests/test_terrain_tiling.py:120,yes,yes,1,no,A,B+,FAIL_NONE,helper_reachable,cross_module_helper
_terrain_world.py,erode_world_heightmap,erode_world_heightmap,233,function,,none,yes,8,2,environment.py:1920; environment.py:2057; environment.py:2065; terrain_twelve_step.py:898,veilbreakers_terrain/tests/test_terrain_tiling.py:79,yes,yes,1,no,B,C+,FAIL_NONE,helper_reachable,runtime_transitive
_terrain_world.py,world_region_dimensions,world_region_dimensions,328,function,,none,no,0,0,,,yes,yes,1,no,A,C+,FAIL_NONE,orphan_candidate,orphan_candidate
_terrain_world.py,_terrain_type_from_intent,_terrain_type_from_intent,344,function,,none,no,4,0,_terrain_world.py:381; _terrain_world.py:433,,no,no,0,no,,,,helper_reachable,module_local_helper
_terrain_world.py,pass_generate_low_freq_hmap,pass_generate_low_freq_hmap,357,function,,none,no,0,4,,veilbreakers_terrain/tests/test_erosion_freq_split.py:229; veilbreakers_terrain/tests/test_erosion_freq_split.py:240,no,no,0,no,,,,test_only_or_unwired,test_only_or_unwired
_terrain_world.py,pass_generate_high_freq_detail,pass_generate_high_freq_detail,408,function,,none,no,0,4,,veilbreakers_terrain/tests/test_erosion_freq_split.py:247; veilbreakers_terrain/tests/test_erosion_freq_split.py:256,no,no,0,no,,,,test_only_or_unwired,test_only_or_unwired
_terrain_world.py,pass_composite_hmap,pass_composite_hmap,464,function,,none,no,0,6,,veilbreakers_terrain/tests/test_erosion_freq_split.py:270; veilbreakers_terrain/tests/test_erosion_freq_split.py:286; veilbreakers_terrain/tests/test_erosion_freq_split.py:295,no,no,0,no,,,,test_only_or_unwired,test_only_or_unwired
_terrain_world.py,_region_slice,_region_slice,516,function,,none,yes,6,0,_terrain_world.py:881; _terrain_world.py:908; terrain_banded.py:938,,yes,yes,1,no,A,C+,FAIL_NONE,helper_reachable,runtime_transitive
_terrain_world.py,_protected_mask,_protected_mask,533,function,,none,yes,4,0,_terrain_world.py:837; terrain_banded.py:967,,yes,yes,1,no,A,C+,FAIL_NONE,helper_reachable,runtime_transitive
_terrain_world.py,pass_macro_world,pass_macro_world,562,function,,none,no,0,2,,veilbreakers_terrain/tests/test_mesh_quality_phase14.py:302,yes,yes,1,yes,B+,B-,FAIL_NONE,test_only_or_unwired,test_only_or_unwired
_terrain_world.py,pass_structural_masks,pass_structural_masks,728,function,,none,no,0,4,,veilbreakers_terrain/tests/integration/test_full_terrain_pipeline.py:111; veilbreakers_terrain/tests/integration/test_full_terrain_pipeline.py:202,yes,yes,1,no,A-,B,FAIL_NONE,test_only_or_unwired,test_only_or_unwired
_terrain_world.py,pass_erosion,pass_erosion,770,function,,none,no,0,20,,veilbreakers_terrain/tests/test_erosion_freq_split.py:308; veilbreakers_terrain/tests/test_erosion_freq_split.py:326; veilbreakers_terrain/tests/test_erosion_freq_split.py:339; veilbreakers_terrain/tests/test_mesh_quality_phase14.py:238; veilbreakers_terrain/tests/test_mesh_quality_phase14.py:239,yes,yes,1,no,B+,B-,FAIL_NONE,test_only_or_unwired,test_only_or_unwired
_terrain_world.py,_scope,_scope,915,function,,none,no,12,0,_terrain_world.py:920; _terrain_world.py:921; _terrain_world.py:922; _terrain_world.py:923; _terrain_world.py:924,,no,no,0,no,,,,helper_reachable,module_local_helper
_terrain_world.py,pass_validation_minimal,pass_validation_minimal,1028,function,,none,no,0,0,,,yes,yes,1,no,B,C-,FAIL_NONE,orphan_candidate,orphan_candidate
_water_network.py,compute_river_width,compute_river_width,118,function,,none,no,12,8,_water_network.py:975; _water_network.py:1210; _water_network.py:1264; _water_network.py:1281; _water_network.py:1365,veilbreakers_terrain/tests/test_physical_plausibility.py:141; veilbreakers_terrain/tests/test_physical_plausibility.py:412; veilbreakers_terrain/tests/test_physical_plausibility.py:418; veilbreakers_terrain/tests/test_physical_plausibility.py:419,yes,yes,1,no,A-,C+,FAIL_TRANSITIVE_MODULE,helper_reachable,module_local_helper
_water_network.py,_compute_river_depth,_compute_river_depth,141,function,,none,no,12,0,_water_network.py:976; _water_network.py:1211; _water_network.py:1268; _water_network.py:1311; _water_network.py:1366,,yes,yes,1,yes,B+,D+,FAIL_TRANSITIVE_MODULE,helper_reachable,module_local_helper
_water_network.py,trace_river_from_flow,trace_river_from_flow,172,function,,none,no,2,2,_water_network.py:1144,veilbreakers_terrain/tests/test_physical_plausibility.py:126,yes,yes,1,yes,B+,C-,FAIL_TRANSITIVE_MODULE,helper_reachable,module_local_helper
_water_network.py,_build_sine_generated_waypoints,_build_sine_generated_waypoints,239,function,,none,no,2,0,_water_network.py:1199,,no,no,0,no,,,,helper_reachable,module_local_helper
_water_network.py,priority_flood_d8,priority_flood_d8,375,function,,none,yes,4,8,_water_network.py:490; _water_network.py:1126,veilbreakers_terrain/tests/test_p7_priority_flood.py:13; veilbreakers_terrain/tests/test_p7_priority_flood.py:25; veilbreakers_terrain/tests/test_p7_priority_flood.py:34; veilbreakers_terrain/tests/test_p7_priority_flood.py:44,no,no,0,no,,,,helper_reachable,runtime_transitive
_water_network.py,pass_hydrology,pass_hydrology,461,function,,"default_pass,module_registrar",yes,0,2,,veilbreakers_terrain/tests/test_p7_priority_flood.py:81,no,no,0,no,,,,registrar_declared_only,runtime_primary
_water_network.py,register_pass_hydrology,register_pass_hydrology,509,function,,default_registrar,yes,2,0,terrain_pipeline.py:1138,,no,no,0,no,,,,helper_reachable,runtime_primary
_water_network.py,detect_lakes,detect_lakes,527,function,,none,no,2,10,_water_network.py:1165,veilbreakers_terrain/tests/test_phase14_wave1.py:197; veilbreakers_terrain/tests/test_phase14_wave1.py:216; veilbreakers_terrain/tests/test_physical_plausibility.py:354; veilbreakers_terrain/tests/test_physical_plausibility.py:380; veilbreakers_terrain/tests/test_physical_plausibility.py:391,yes,yes,1,yes,A-,C-,"FAIL_DIRECT_BEHAVIOR,FAIL_TRANSITIVE_MODULE",helper_reachable,module_local_helper
_water_network.py,detect_waterfalls,detect_waterfalls,734,function,,none,no,2,0,_water_network.py:1176,,yes,yes,1,no,B+,D+,FAIL_TRANSITIVE_MODULE,helper_reachable,module_local_helper
_water_network.py,_find_high_accumulation_sources,_find_high_accumulation_sources,818,function,,none,no,2,0,_water_network.py:1132,,yes,yes,1,no,B,D,FAIL_TRANSITIVE_MODULE,helper_reachable,module_local_helper
_water_network.py,compute_velocity_field,compute_velocity_field,890,function,,none,no,2,0,_water_network.py:1317,,no,no,0,no,,,,helper_reachable,module_local_helper
_water_network.py,WaterNetwork._alloc_node_id,_alloc_node_id,1039,method,WaterNetwork,none,no,2,0,_water_network.py:1227; _water_network.py:1303,,yes,yes,1,yes,B+,D+,FAIL_TRANSITIVE_MODULE,helper_reachable,module_local_helper
_water_network.py,WaterNetwork._alloc_segment_id,_alloc_segment_id,1044,method,WaterNetwork,none,no,1,0,_water_network.py:1286,,yes,yes,1,yes,B+,D+,FAIL_TRANSITIVE_MODULE,helper_reachable,module_local_helper
_water_network.py,WaterNetwork._alloc_network_id,_alloc_network_id,1049,method,WaterNetwork,none,no,1,0,_water_network.py:1159,,yes,yes,1,yes,B+,D+,FAIL_TRANSITIVE_MODULE,helper_reachable,module_local_helper
_water_network.py,WaterNetwork._grid_to_world,_grid_to_world,1054,method,WaterNetwork,none,no,1,0,_water_network.py:1302,,yes,yes,1,no,A,C+,FAIL_TRANSITIVE_MODULE,helper_reachable,module_local_helper
_water_network.py,WaterNetwork.from_heightmap,from_heightmap,1067,method,WaterNetwork,none,no,0,0,,,yes,yes,1,yes,A-,C-,FAIL_TRANSITIVE_MODULE,helper_reachable,orphan_candidate
_water_network.py,WaterNetwork._manning_discharge,_manning_discharge,1335,method,WaterNetwork,none,no,1,0,_water_network.py:1499,,no,no,0,no,,,,helper_reachable,module_local_helper
_water_network.py,WaterNetwork._compute_tile_contracts,_compute_tile_contracts,1380,method,WaterNetwork,none,no,1,0,_water_network.py:1324,,yes,yes,1,yes,B+,B-,FAIL_TRANSITIVE_MODULE,helper_reachable,module_local_helper
_water_network.py,WaterNetwork._cell_center,_cell_center,1421,method,WaterNetwork,none,no,2,0,_water_network.py:1469; _water_network.py:1470,,no,no,0,no,,,,helper_reachable,module_local_helper
_water_network.py,WaterNetwork._liang_barsky_t,_liang_barsky_t,1425,method,WaterNetwork,none,no,0,0,,,no,no,0,no,,,,orphan_candidate,orphan_candidate
_water_network.py,WaterNetwork._make_contract,_make_contract,1517,method,WaterNetwork,none,no,8,0,_water_network.py:1572; _water_network.py:1576; _water_network.py:1589; _water_network.py:1593; _water_network.py:1624,,no,no,0,no,,,,helper_reachable,module_local_helper
_water_network.py,WaterNetwork._ensure_tile,_ensure_tile,1543,method,WaterNetwork,none,no,8,0,_water_network.py:1580; _water_network.py:1581; _water_network.py:1597; _water_network.py:1598; _water_network.py:1632,,no,no,0,no,,,,helper_reachable,module_local_helper
_water_network.py,WaterNetwork.get_tile_contracts,get_tile_contracts,1658,method,WaterNetwork,none,no,1,0,_water_network.py:1692,,yes,yes,1,no,A,C,FAIL_TRANSITIVE_MODULE,helper_reachable,module_local_helper
_water_network.py,WaterNetwork.get_edge_head_levels,get_edge_head_levels,1672,method,WaterNetwork,none,no,0,0,,,no,no,0,no,,,,orphan_candidate,orphan_candidate
_water_network.py,WaterNetwork.get_velocity_field,get_velocity_field,1707,method,WaterNetwork,none,no,0,0,,,no,no,0,no,,,,orphan_candidate,orphan_candidate
_water_network.py,WaterNetwork.validate_seam_continuity,validate_seam_continuity,1716,method,WaterNetwork,none,no,0,0,,,no,no,0,no,,,,orphan_candidate,orphan_candidate
_water_network.py,WaterNetwork.get_tile_water_features,get_tile_water_features,1803,method,WaterNetwork,none,no,0,0,,,yes,yes,1,yes,B+,D+,FAIL_TRANSITIVE_MODULE,helper_reachable,orphan_candidate
_water_network.py,WaterNetwork.compute_strahler_orders,compute_strahler_orders,1970,method,WaterNetwork,none,no,4,0,_water_network.py:1845; _water_network.py:2140; _water_network.py:2157; _water_network.py:2217,,yes,yes,1,no,A-,C+,FAIL_TRANSITIVE_MODULE,helper_reachable,module_local_helper
_water_network.py,WaterNetwork.compute_shreve_orders,compute_shreve_orders,2065,method,WaterNetwork,none,no,3,0,_water_network.py:1846; _water_network.py:2141; _water_network.py:2218,,no,no,0,no,,,,helper_reachable,module_local_helper
_water_network.py,WaterNetwork.assign_strahler_orders,assign_strahler_orders,2131,method,WaterNetwork,none,no,0,0,,,yes,yes,1,yes,A-,C+,FAIL_TRANSITIVE_MODULE,test_only_or_unwired,orphan_candidate
_water_network.py,WaterNetwork.get_trunk_segments,get_trunk_segments,2150,method,WaterNetwork,none,no,0,0,,,yes,yes,1,no,A-,C+,FAIL_TRANSITIVE_MODULE,test_only_or_unwired,orphan_candidate
_water_network.py,WaterNetwork.to_dict,to_dict,2162,method,WaterNetwork,none,no,0,0,,,yes,yes,1,yes,A-,B-,FAIL_TRANSITIVE_MODULE,helper_reachable,orphan_candidate
_water_network.py,WaterNetwork._to_py,_to_py,2175,method,WaterNetwork,none,no,4,0,_water_network.py:2184; _water_network.py:2190; _water_network.py:2197; _water_network.py:2209,,no,no,0,no,,,,helper_reachable,module_local_helper
_water_network.py,WaterNetwork.from_dict,from_dict,2251,method,WaterNetwork,none,no,0,0,,,yes,yes,1,no,A-,B-,FAIL_TRANSITIVE_MODULE,helper_reachable,orphan_candidate
_water_network.py,_apply_delta_fan,_apply_delta_fan,2302,function,,none,no,2,0,_water_network.py:1257,,no,no,0,no,,,,helper_reachable,module_local_helper
_water_network_ext.py,add_meander,add_meander,35,function,,none,no,0,6,,veilbreakers_terrain/tests/test_water_network_upgrade.py:85; veilbreakers_terrain/tests/test_water_network_upgrade.py:96; veilbreakers_terrain/tests/test_water_network_upgrade.py:106,yes,yes,1,yes,A,B,FAIL_NONE,test_only_or_unwired,test_only_or_unwired
_water_network_ext.py,apply_bank_asymmetry,apply_bank_asymmetry,180,function,,none,no,0,8,,veilbreakers_terrain/tests/test_water_network_upgrade.py:114; veilbreakers_terrain/tests/test_water_network_upgrade.py:117; veilbreakers_terrain/tests/test_water_network_upgrade.py:125; veilbreakers_terrain/tests/test_water_network_upgrade.py:127,yes,yes,1,yes,A-,B-,FAIL_NONE,test_only_or_unwired,test_only_or_unwired
_water_network_ext.py,solve_outflow,solve_outflow,254,function,,none,no,0,2,,veilbreakers_terrain/tests/test_water_network_upgrade.py:241,yes,yes,1,yes,B+,C+,FAIL_NONE,test_only_or_unwired,test_only_or_unwired
_water_network_ext.py,_world_to_grid,_world_to_grid,459,function,,none,yes,6,4,_water_network_ext.py:528; _water_network_ext.py:622; _water_network_ext.py:755,veilbreakers_terrain/tests/test_terrain_waterfalls.py:199; veilbreakers_terrain/tests/test_terrain_waterfalls.py:383,yes,yes,1,yes,B+,B-,FAIL_NONE,helper_reachable,runtime_transitive
_water_network_ext.py,compute_wet_rock_mask,compute_wet_rock_mask,470,function,,none,yes,2,4,terrain_waterfalls.py:1792,veilbreakers_terrain/tests/test_water_network_upgrade.py:135; veilbreakers_terrain/tests/test_water_network_upgrade.py:146,yes,yes,1,no,B-,C,FAIL_NONE,helper_reachable,runtime_transitive
_water_network_ext.py,compute_foam_mask,compute_foam_mask,578,function,,none,no,0,2,,veilbreakers_terrain/tests/test_water_network_upgrade.py:184,yes,yes,1,no,B-,D+,FAIL_NONE,test_only_or_unwired,test_only_or_unwired
_water_network_ext.py,compute_mist_mask,compute_mist_mask,714,function,,none,no,0,2,,veilbreakers_terrain/tests/test_water_network_upgrade.py:224,yes,yes,1,no,B-,D+,FAIL_NONE,test_only_or_unwired,test_only_or_unwired
animation_environment.py,_ease_in_cubic_tangent,_ease_in_cubic_tangent,73,function,,none,yes,12,0,animation_environment.py:158; animation_environment.py:279; animation_environment.py:282; animation_environment.py:1690; animation_environment.py:1704,,no,no,0,no,,,,helper_reachable,runtime_transitive
animation_environment.py,_ease_out_cubic_tangent,_ease_out_cubic_tangent,79,function,,none,yes,4,0,animation_environment.py:184; animation_environment.py:231,,no,no,0,no,,,,helper_reachable,runtime_transitive
animation_environment.py,_smooth_step_tangent,_smooth_step_tangent,85,function,,none,yes,6,0,animation_environment.py:285; animation_environment.py:480; animation_environment.py:498,,no,no,0,no,,,,helper_reachable,runtime_transitive
animation_environment.py,_make_kf,_make_kf,91,function,,none,yes,146,0,animation_environment.py:159; animation_environment.py:185; animation_environment.py:214; animation_environment.py:220; animation_environment.py:226,,no,no,0,no,,,,helper_reachable,runtime_transitive
animation_environment.py,validate_env_params,validate_env_params,114,function,,none,no,0,8,,veilbreakers_terrain/tests/test_animation_environment.py:16; veilbreakers_terrain/tests/test_animation_environment.py:21; veilbreakers_terrain/tests/test_animation_environment.py:25; veilbreakers_terrain/tests/test_animation_environment.py:29,yes,yes,1,yes,A,B,FAIL_NONE,test_only_or_unwired,test_only_or_unwired
animation_environment.py,generate_door_open_keyframes,generate_door_open_keyframes,134,function,,command_handler_generated,yes,0,2,,veilbreakers_terrain/tests/test_animation_environment.py:35,yes,yes,1,yes,A,B,FAIL_NONE,runtime_primary,runtime_primary
animation_environment.py,generate_door_close_keyframes,generate_door_close_keyframes,164,function,,command_handler_generated,yes,0,0,,,yes,yes,1,yes,A,B-,FAIL_NONE,runtime_primary,runtime_primary
animation_environment.py,generate_door_slam_keyframes,generate_door_slam_keyframes,190,function,,command_handler_generated,yes,0,2,,veilbreakers_terrain/tests/test_animation_environment.py:42,yes,yes,1,yes,A,B,FAIL_NONE,runtime_primary,runtime_primary
animation_environment.py,generate_door_creak_keyframes,generate_door_creak_keyframes,237,function,,command_handler_generated,yes,0,0,,,yes,yes,1,yes,A,B-,FAIL_NONE,runtime_primary,runtime_primary
animation_environment.py,generate_gate_raise_keyframes,generate_gate_raise_keyframes,301,function,,command_handler_generated,yes,0,2,,veilbreakers_terrain/tests/test_animation_environment.py:52,yes,yes,1,yes,B+,C+,FAIL_NONE,runtime_primary,runtime_primary
animation_environment.py,_h,_h,336,function,,none,yes,16,0,animation_environment.py:353; animation_environment.py:362; animation_environment.py:433; animation_environment.py:1611; animation_environment.py:1617,,no,no,0,no,,,,helper_reachable,runtime_transitive
animation_environment.py,_dh,_dh,344,function,,none,yes,20,0,animation_environment.py:356; animation_environment.py:358; animation_environment.py:363; animation_environment.py:366; animation_environment.py:434,,no,no,0,no,,,,helper_reachable,runtime_transitive
animation_environment.py,generate_gate_lower_keyframes,generate_gate_lower_keyframes,370,function,,command_handler_generated,yes,0,2,,veilbreakers_terrain/tests/test_animation_environment.py:57,yes,yes,1,yes,B+,C+,FAIL_NONE,runtime_primary,runtime_primary
animation_environment.py,_h,_h,407,function,,none,yes,16,0,animation_environment.py:353; animation_environment.py:362; animation_environment.py:433; animation_environment.py:1611; animation_environment.py:1617,,no,no,0,no,,,,helper_reachable,runtime_transitive
animation_environment.py,_dh,_dh,421,function,,none,yes,20,0,animation_environment.py:356; animation_environment.py:358; animation_environment.py:363; animation_environment.py:366; animation_environment.py:434,,no,no,0,no,,,,helper_reachable,runtime_transitive
animation_environment.py,generate_drawbridge_keyframes,generate_drawbridge_keyframes,445,function,,command_handler_generated,yes,0,0,,,yes,yes,1,yes,B+,C,FAIL_NONE,runtime_primary,runtime_primary
animation_environment.py,generate_shatter_keyframes,generate_shatter_keyframes,511,function,,command_handler_generated,yes,0,0,,,yes,yes,1,yes,A,B-,FAIL_NONE,runtime_primary,runtime_primary
animation_environment.py,generate_wobble_collapse_keyframes,generate_wobble_collapse_keyframes,598,function,,command_handler_generated,yes,0,0,,,yes,yes,1,yes,A,B-,FAIL_NONE,runtime_primary,runtime_primary
animation_environment.py,_fire_val_tang,_fire_val_tang,673,function,,none,yes,10,0,animation_environment.py:724; animation_environment.py:725; animation_environment.py:785; animation_environment.py:790; animation_environment.py:1820,,no,no,0,no,,,,helper_reachable,runtime_transitive
animation_environment.py,generate_fire_flicker_keyframes,generate_fire_flicker_keyframes,687,function,,command_handler_generated,yes,0,4,,veilbreakers_terrain/tests/test_animation_environment.py:64; veilbreakers_terrain/tests/test_animation_environment.py:71,yes,yes,1,yes,B+,C+,FAIL_NONE,runtime_primary,runtime_primary
animation_environment.py,generate_torch_sway_keyframes,generate_torch_sway_keyframes,743,function,,command_handler_generated,yes,0,0,,,yes,yes,1,yes,B+,C,FAIL_NONE,runtime_primary,runtime_primary
animation_environment.py,generate_water_wave_keyframes,generate_water_wave_keyframes,803,function,,command_handler_generated,yes,0,2,,veilbreakers_terrain/tests/test_animation_environment.py:78,yes,yes,1,yes,A-,B-,FAIL_NONE,runtime_primary,runtime_primary
animation_environment.py,generate_water_ripple_keyframes,generate_water_ripple_keyframes,873,function,,command_handler_generated,yes,0,0,,,yes,yes,1,yes,B+,C,FAIL_NONE,runtime_primary,runtime_primary
animation_environment.py,generate_waterfall_keyframes,generate_waterfall_keyframes,941,function,,command_handler_generated,yes,0,0,,,yes,yes,1,yes,A,B-,FAIL_NONE,runtime_primary,runtime_primary
animation_environment.py,_stokes_drag_amp,_stokes_drag_amp,1065,function,,none,yes,4,0,animation_environment.py:1110; animation_environment.py:1172,,no,no,0,no,,,,helper_reachable,runtime_transitive
animation_environment.py,generate_flag_wind_keyframes,generate_flag_wind_keyframes,1071,function,,command_handler_generated,yes,0,2,,veilbreakers_terrain/tests/test_animation_environment.py:86,yes,yes,1,yes,B+,C+,FAIL_NONE,runtime_primary,runtime_primary
animation_environment.py,generate_banner_wind_keyframes,generate_banner_wind_keyframes,1141,function,,command_handler_generated,yes,0,0,,,yes,yes,1,yes,B+,C,FAIL_NONE,runtime_primary,runtime_primary
animation_environment.py,generate_chain_swing_keyframes,generate_chain_swing_keyframes,1218,function,,command_handler_generated,yes,0,0,,,yes,yes,1,yes,B+,C,FAIL_NONE,runtime_primary,runtime_primary
animation_environment.py,generate_rope_sway_keyframes,generate_rope_sway_keyframes,1290,function,,command_handler_generated,yes,0,0,,,yes,yes,1,yes,B+,C,FAIL_NONE,runtime_primary,runtime_primary
animation_environment.py,generate_trap_trigger_keyframes,generate_trap_trigger_keyframes,1373,function,,command_handler_generated,yes,0,2,,veilbreakers_terrain/tests/test_animation_environment.py:98,yes,yes,1,yes,B+,C+,FAIL_NONE,runtime_primary,runtime_primary
animation_environment.py,generate_trap_reset_keyframes,generate_trap_reset_keyframes,1445,function,,command_handler_generated,yes,0,0,,,yes,yes,1,yes,B+,C,FAIL_NONE,runtime_primary,runtime_primary
animation_environment.py,generate_trap_idle_keyframes,generate_trap_idle_keyframes,1516,function,,command_handler_generated,yes,0,0,,,yes,yes,1,yes,B+,C,FAIL_NONE,runtime_primary,runtime_primary
animation_environment.py,generate_chest_open_keyframes,generate_chest_open_keyframes,1570,function,,command_handler_generated,yes,0,2,,veilbreakers_terrain/tests/test_animation_environment.py:93,yes,yes,1,yes,B+,C+,FAIL_NONE,runtime_primary,runtime_primary
animation_environment.py,_h,_h,1604,function,,none,yes,16,0,animation_environment.py:353; animation_environment.py:362; animation_environment.py:433; animation_environment.py:1611; animation_environment.py:1617,,no,no,0,no,,,,helper_reachable,runtime_transitive
animation_environment.py,_dh,_dh,1622,function,,none,yes,20,0,animation_environment.py:356; animation_environment.py:358; animation_environment.py:363; animation_environment.py:366; animation_environment.py:434,,no,no,0,no,,,,helper_reachable,runtime_transitive
animation_environment.py,generate_lever_pull_keyframes,generate_lever_pull_keyframes,1649,function,,command_handler_generated,yes,0,0,,,yes,yes,1,yes,B+,C,FAIL_NONE,runtime_primary,runtime_primary
animation_environment.py,generate_switch_toggle_keyframes,generate_switch_toggle_keyframes,1711,function,,command_handler_generated,yes,0,0,,,yes,yes,1,yes,B+,C,FAIL_NONE,runtime_primary,runtime_primary
animation_environment.py,_candle_temp,_candle_temp,1769,function,,none,yes,2,0,animation_environment.py:1833,,no,no,0,no,,,,helper_reachable,runtime_transitive
animation_environment.py,generate_candle_flicker_keyframes,generate_candle_flicker_keyframes,1776,function,,command_handler_generated,yes,0,0,,,yes,yes,1,yes,B+,C,FAIL_NONE,runtime_primary,runtime_primary
animation_environment.py,generate_chandelier_sway_keyframes,generate_chandelier_sway_keyframes,1849,function,,command_handler_generated,yes,0,0,,,yes,yes,1,yes,B+,C,FAIL_NONE,runtime_primary,runtime_primary
animation_environment.py,generate_windmill_rotate_keyframes,generate_windmill_rotate_keyframes,1928,function,,command_handler_generated,yes,0,2,,veilbreakers_terrain/tests/test_animation_environment.py:104,yes,yes,1,yes,A,B,FAIL_NONE,runtime_primary,runtime_primary
animation_environment.py,generate_env_keyframes,generate_env_keyframes,1985,function,,none,yes,2,4,__init__.py:467,veilbreakers_terrain/tests/test_animation_environment.py:114; veilbreakers_terrain/tests/test_animation_environment.py:121,yes,yes,1,yes,B+,B-,FAIL_NONE,helper_reachable,runtime_transitive
atmospheric_volumes.py,_permute,_permute,35,function,,none,yes,4,0,atmospheric_volumes.py:78,,no,no,0,no,,,,helper_reachable,runtime_transitive
atmospheric_volumes.py,_smooth,_smooth,44,function,,none,yes,4,0,atmospheric_volumes.py:74; atmospheric_volumes.py:75,,no,no,0,no,,,,helper_reachable,runtime_transitive
atmospheric_volumes.py,_lerp,_lerp,49,function,,none,yes,6,0,atmospheric_volumes.py:85,,no,no,0,no,,,,helper_reachable,runtime_transitive
atmospheric_volumes.py,_grad2,_grad2,53,function,,none,yes,8,0,atmospheric_volumes.py:80; atmospheric_volumes.py:81; atmospheric_volumes.py:82; atmospheric_volumes.py:83,,no,no,0,no,,,,helper_reachable,runtime_transitive
atmospheric_volumes.py,_perlin2,_perlin2,63,function,,none,yes,4,0,atmospheric_volumes.py:401; atmospheric_volumes.py:402,,no,no,0,no,,,,helper_reachable,runtime_transitive
atmospheric_volumes.py,_h,_h,77,function,,none,yes,8,0,atmospheric_volumes.py:80; atmospheric_volumes.py:81; atmospheric_volumes.py:82; atmospheric_volumes.py:83,,no,no,0,no,,,,helper_reachable,runtime_transitive
atmospheric_volumes.py,compute_atmospheric_placements,compute_atmospheric_placements,236,function,,none,yes,2,44,__init__.py:289,veilbreakers_terrain/tests/test_atmospheric_volumes.py:65; veilbreakers_terrain/tests/test_atmospheric_volumes.py:71; veilbreakers_terrain/tests/test_atmospheric_volumes.py:77; veilbreakers_terrain/tests/test_atmospheric_volumes.py:93; veilbreakers_terrain/tests/test_atmospheric_volumes.py:102,yes,yes,1,yes,B,B-,FAIL_NONE,helper_reachable,runtime_transitive
atmospheric_volumes.py,_build_prob_map,_build_prob_map,336,function,,none,yes,2,0,atmospheric_volumes.py:440,,no,no,0,no,,,,helper_reachable,runtime_transitive
atmospheric_volumes.py,_sample_terrain_position,_sample_terrain_position,363,function,,none,yes,2,0,atmospheric_volumes.py:443,,no,no,0,no,,,,helper_reachable,runtime_transitive
atmospheric_volumes.py,compute_volume_mesh_spec,compute_volume_mesh_spec,493,function,,none,yes,2,32,__init__.py:296,veilbreakers_terrain/tests/test_atmospheric_volumes.py:131; veilbreakers_terrain/tests/test_atmospheric_volumes.py:137; veilbreakers_terrain/tests/test_atmospheric_volumes.py:143; veilbreakers_terrain/tests/test_atmospheric_volumes.py:149; veilbreakers_terrain/tests/test_atmospheric_volumes.py:155,yes,yes,1,yes,B+,B-,FAIL_NONE,helper_reachable,runtime_transitive
atmospheric_volumes.py,_norm,_norm,565,function,,none,yes,24,0,atmospheric_volumes.py:571; atmospheric_volumes.py:572; atmospheric_volumes.py:573; atmospheric_volumes.py:574; atmospheric_volumes.py:575,,no,no,0,no,,,,helper_reachable,runtime_transitive
atmospheric_volumes.py,_mid,_mid,591,function,,none,yes,6,0,atmospheric_volumes.py:605; atmospheric_volumes.py:606; atmospheric_volumes.py:607,,no,no,0,no,,,,helper_reachable,runtime_transitive
atmospheric_volumes.py,_count_by_type,_count_by_type,712,function,,none,yes,2,0,atmospheric_volumes.py:787,,yes,yes,1,no,A-,C+,FAIL_NONE,helper_reachable,runtime_transitive
atmospheric_volumes.py,estimate_atmosphere_performance,estimate_atmosphere_performance,721,function,,none,yes,2,38,__init__.py:299,veilbreakers_terrain/tests/test_atmospheric_volumes.py:186; veilbreakers_terrain/tests/test_atmospheric_volumes.py:195; veilbreakers_terrain/tests/test_atmospheric_volumes.py:204; veilbreakers_terrain/tests/test_atmospheric_volumes.py:205; veilbreakers_terrain/tests/test_atmospheric_volumes.py:210,yes,yes,1,yes,A-,B+,FAIL_NONE,helper_reachable,runtime_transitive
autonomous_loop.py,_cross,_cross,81,function,,none,yes,2,0,autonomous_loop.py:133,,no,no,0,no,,,,helper_reachable,runtime_transitive
autonomous_loop.py,_dot,_dot,89,function,,none,yes,2,0,autonomous_loop.py:273,,no,no,0,no,,,,helper_reachable,runtime_transitive
autonomous_loop.py,_sub,_sub,93,function,,none,yes,4,0,autonomous_loop.py:131; autonomous_loop.py:132,,no,no,0,no,,,,helper_reachable,runtime_transitive
autonomous_loop.py,_length,_length,97,function,,none,yes,4,0,autonomous_loop.py:102; autonomous_loop.py:134,,no,no,0,no,,,,helper_reachable,runtime_transitive
autonomous_loop.py,_normalize,_normalize,101,function,,none,yes,2,0,autonomous_loop.py:120,,no,no,0,no,,,,helper_reachable,runtime_transitive
autonomous_loop.py,_face_normal,_face_normal,108,function,,none,yes,2,0,autonomous_loop.py:265,,no,no,0,no,,,,helper_reachable,runtime_transitive
autonomous_loop.py,_is_degenerate,_is_degenerate,123,function,,none,yes,2,0,autonomous_loop.py:222,,no,no,0,no,,,,helper_reachable,runtime_transitive
autonomous_loop.py,_edge_key,_edge_key,139,function,,none,yes,4,0,autonomous_loop.py:148; autonomous_loop.py:262,,no,no,0,no,,,,helper_reachable,runtime_transitive
autonomous_loop.py,_compute_edge_face_counts,_compute_edge_face_counts,143,function,,none,yes,2,0,autonomous_loop.py:229,,no,no,0,no,,,,helper_reachable,runtime_transitive
autonomous_loop.py,_uv_triangle_area,_uv_triangle_area,153,function,,none,yes,2,0,autonomous_loop.py:168,,no,no,0,no,,,,helper_reachable,runtime_transitive
autonomous_loop.py,_face_uv_area,_face_uv_area,161,function,,none,yes,2,0,autonomous_loop.py:280,,no,no,0,no,,,,helper_reachable,runtime_transitive
autonomous_loop.py,_grade_worse_than,_grade_worse_than,176,function,,none,yes,2,0,autonomous_loop.py:365,,no,no,0,no,,,,helper_reachable,runtime_transitive
autonomous_loop.py,evaluate_mesh_quality,evaluate_mesh_quality,189,function,,none,yes,2,24,__init__.py:414,veilbreakers_terrain/tests/test_missing_gaps.py:321; veilbreakers_terrain/tests/test_missing_gaps.py:331; veilbreakers_terrain/tests/test_missing_gaps.py:341; veilbreakers_terrain/tests/test_missing_gaps.py:350; veilbreakers_terrain/tests/test_missing_gaps.py:358,yes,yes,1,no,C-,D+,FAIL_NONE,helper_reachable,runtime_transitive
autonomous_loop.py,select_fix_action,select_fix_action,299,function,,none,yes,2,16,__init__.py:421,veilbreakers_terrain/tests/test_missing_gaps.py:462; veilbreakers_terrain/tests/test_missing_gaps.py:473; veilbreakers_terrain/tests/test_missing_gaps.py:484; veilbreakers_terrain/tests/test_missing_gaps.py:495; veilbreakers_terrain/tests/test_missing_gaps.py:506,yes,yes,1,no,A,B+,FAIL_NONE,helper_reachable,runtime_transitive
autonomous_loop.py,_try,_try,332,function,,none,yes,10,0,autonomous_loop.py:337; autonomous_loop.py:343; autonomous_loop.py:350; autonomous_loop.py:357; autonomous_loop.py:366,,no,no,0,no,,,,helper_reachable,runtime_transitive
coastline.py,_wang_hash,_wang_hash,94,function,,none,yes,8,0,coastline.py:126; coastline.py:406,,no,no,0,no,,,,helper_reachable,runtime_transitive
coastline.py,_hash_noise,_hash_noise,108,function,,none,yes,12,2,coastline.py:150; coastline.py:195; coastline.py:198; coastline.py:250; coastline.py:267,veilbreakers_terrain/tests/test_road_coastline_terrain_features.py:499,yes,yes,1,yes,A,A-,FAIL_NONE,helper_reachable,runtime_transitive
coastline.py,_corner,_corner,125,function,,none,yes,8,0,coastline.py:129; coastline.py:130; coastline.py:131; coastline.py:132,,no,no,0,no,,,,helper_reachable,runtime_transitive
coastline.py,_fbm_noise,_fbm_noise,139,function,,none,yes,4,4,coastline.py:184; coastline.py:258,veilbreakers_terrain/tests/test_road_coastline_terrain_features.py:505; veilbreakers_terrain/tests/test_road_coastline_terrain_features.py:506,yes,yes,1,no,B+,B-,FAIL_NONE,helper_reachable,runtime_transitive
coastline.py,_generate_shoreline_profile,_generate_shoreline_profile,161,function,,none,yes,2,0,coastline.py:807,,yes,yes,1,no,B,D+,FAIL_NONE,helper_reachable,runtime_transitive
coastline.py,_generate_coastline_mesh,_generate_coastline_mesh,209,function,,none,yes,2,0,coastline.py:812,,yes,yes,1,no,B,D+,FAIL_NONE,helper_reachable,runtime_transitive
coastline.py,_features_overlap,_features_overlap,299,function,,none,yes,2,0,coastline.py:392,,no,no,0,no,,,,helper_reachable,runtime_transitive
coastline.py,_place_features,_place_features,310,function,,none,yes,2,0,coastline.py:823,,yes,yes,1,yes,B+,C-,FAIL_NONE,helper_reachable,runtime_transitive
coastline.py,_try_place,_try_place,390,function,,none,yes,32,0,coastline.py:443; coastline.py:459; coastline.py:471; coastline.py:486; coastline.py:501,,no,no,0,no,,,,helper_reachable,runtime_transitive
coastline.py,_fetch_at,_fetch_at,400,function,,none,yes,2,0,coastline.py:435,,no,no,0,no,,,,helper_reachable,runtime_transitive
coastline.py,_hardness_at,_hardness_at,409,function,,none,yes,2,0,coastline.py:436,,no,no,0,no,,,,helper_reachable,runtime_transitive
coastline.py,_density_weight,_density_weight,416,function,,none,yes,4,0,coastline.py:483; coastline.py:498,,no,no,0,no,,,,helper_reachable,runtime_transitive
coastline.py,_compute_material_zones,_compute_material_zones,635,function,,none,yes,2,0,coastline.py:833,,yes,yes,1,yes,A-,C,FAIL_NONE,helper_reachable,runtime_transitive
coastline.py,_zone_to_idx,_zone_to_idx,698,function,,none,yes,2,0,coastline.py:740,,no,no,0,no,,,,helper_reachable,runtime_transitive
coastline.py,generate_coastline,generate_coastline,750,function,,none,yes,2,32,__init__.py:207,veilbreakers_terrain/tests/test_road_coastline_terrain_features.py:388; veilbreakers_terrain/tests/test_road_coastline_terrain_features.py:398; veilbreakers_terrain/tests/test_road_coastline_terrain_features.py:405; veilbreakers_terrain/tests/test_road_coastline_terrain_features.py:412; veilbreakers_terrain/tests/test_road_coastline_terrain_features.py:420,yes,yes,1,no,B,C+,FAIL_NONE,helper_reachable,runtime_transitive
coastline.py,compute_wave_energy,compute_wave_energy,864,function,,none,no,2,2,coastline.py:1099,veilbreakers_terrain/tests/test_terrain_geology.py:315,yes,yes,1,no,B,C-,FAIL_NONE,helper_reachable,module_local_helper
coastline.py,apply_coastal_erosion,apply_coastal_erosion,907,function,,none,no,2,2,coastline.py:1103,veilbreakers_terrain/tests/test_terrain_geology.py:339,yes,yes,1,yes,B+,C+,FAIL_NONE,helper_reachable,module_local_helper
coastline.py,detect_tidal_zones,detect_tidal_zones,1049,function,,none,no,2,2,coastline.py:1096,veilbreakers_terrain/tests/test_terrain_geology.py:328,yes,yes,1,no,A-,C+,FAIL_NONE,helper_reachable,module_local_helper
coastline.py,pass_coastline,pass_coastline,1075,function,,none,no,0,4,,veilbreakers_terrain/tests/test_phase14_wave1.py:75; veilbreakers_terrain/tests/test_terrain_geology.py:353,yes,yes,1,no,B,B-,FAIL_NONE,test_only_or_unwired,test_only_or_unwired
environment.py,_require_bpy,_require_bpy,41,function,,none,no,0,0,,,no,no,0,no,,,,orphan_candidate,orphan_candidate
environment.py,rasterize_poi_mask,rasterize_poi_mask,82,function,,none,no,0,8,,veilbreakers_terrain/tests/test_wind_waterfall_poi_phase14.py:250; veilbreakers_terrain/tests/test_wind_waterfall_poi_phase14.py:260; veilbreakers_terrain/tests/test_wind_waterfall_poi_phase14.py:274; veilbreakers_terrain/tests/test_wind_waterfall_poi_phase14.py:283,no,no,0,no,,,,test_only_or_unwired,test_only_or_unwired
environment.py,_vector_xyz,_vector_xyz,196,function,,none,yes,6,0,environment.py:219; environment.py:223; environment.py:227,,yes,yes,1,no,A,C+,FAIL_NONE,helper_reachable,runtime_transitive
environment.py,_object_world_xyz,_object_world_xyz,213,function,,none,yes,4,0,environment.py:5308; environment.py:5476,,yes,yes,1,no,A-,C,FAIL_NONE,helper_reachable,runtime_transitive
environment.py,_run_height_solver_in_world_space,_run_height_solver_in_world_space,231,function,,none,yes,4,4,environment.py:3468; environment.py:4835,veilbreakers_terrain/tests/test_environment_handlers.py:169; veilbreakers_terrain/tests/test_environment_handlers.py:194,yes,yes,1,no,A-,C+,FAIL_NONE,helper_reachable,runtime_transitive
environment.py,_normalize_altitude_for_rule_range,_normalize_altitude_for_rule_range,258,function,,none,no,0,10,,veilbreakers_terrain/tests/test_environment_handlers.py:210; veilbreakers_terrain/tests/test_environment_handlers.py:211; veilbreakers_terrain/tests/test_environment_handlers.py:212; veilbreakers_terrain/tests/test_environment_handlers.py:217; veilbreakers_terrain/tests/test_environment_handlers.py:218,yes,yes,1,no,A,B-,FAIL_NONE,test_only_or_unwired,test_only_or_unwired
environment.py,_resolve_noise_sampling_scale,_resolve_noise_sampling_scale,270,function,,none,yes,2,6,environment.py:1718,veilbreakers_terrain/tests/test_environment_handlers.py:227; veilbreakers_terrain/tests/test_environment_handlers.py:234; veilbreakers_terrain/tests/test_environment_handlers.py:244,yes,yes,1,no,A-,C+,FAIL_NONE,helper_reachable,runtime_transitive
environment.py,_enhance_heightmap_relief,_enhance_heightmap_relief,286,function,,none,yes,4,4,environment.py:1824; environment.py:1935,veilbreakers_terrain/tests/test_environment_handlers.py:265; veilbreakers_terrain/tests/test_environment_handlers.py:284,yes,yes,1,no,A-,C+,FAIL_NONE,helper_reachable,runtime_transitive
environment.py,_temper_heightmap_spikes,_temper_heightmap_spikes,311,function,,none,yes,4,0,environment.py:1825; environment.py:1936,,yes,yes,1,no,A-,C,FAIL_NONE,helper_reachable,runtime_transitive
environment.py,_build_tripo_environment_manifest,_build_tripo_environment_manifest,779,function,,none,yes,2,0,environment.py:954,,yes,yes,1,no,B-,D,FAIL_NONE,helper_reachable,runtime_transitive
environment.py,_apply_biome_season_profile,_apply_biome_season_profile,909,function,,none,yes,2,0,environment.py:949,,yes,yes,1,no,A-,C,FAIL_NONE,helper_reachable,runtime_transitive
environment.py,get_vb_biome_preset,get_vb_biome_preset,931,function,,none,yes,4,12,environment.py:1679; environment.py:6737,veilbreakers_terrain/tests/test_environment_handlers.py:1619; veilbreakers_terrain/tests/test_environment_handlers.py:1637; veilbreakers_terrain/tests/test_environment_handlers.py:1638; veilbreakers_terrain/tests/test_environment_handlers.py:1645; veilbreakers_terrain/tests/test_environment_handlers.py:1660,yes,yes,1,no,A-,B-,FAIL_NONE,helper_reachable,runtime_transitive
environment.py,_validate_terrain_params,_validate_terrain_params,962,function,,none,yes,2,36,environment.py:1712,veilbreakers_terrain/tests/test_environment_handlers.py:29; veilbreakers_terrain/tests/test_environment_handlers.py:40; veilbreakers_terrain/tests/test_environment_handlers.py:47; veilbreakers_terrain/tests/test_environment_handlers.py:54; veilbreakers_terrain/tests/test_environment_handlers.py:61,yes,yes,1,no,A,B,FAIL_NONE,helper_reachable,runtime_transitive
environment.py,_resolve_terrain_tile_params,_resolve_terrain_tile_params,1010,function,,none,yes,2,6,environment.py:1993,veilbreakers_terrain/tests/test_environment_handlers.py:1274; veilbreakers_terrain/tests/test_environment_handlers.py:1286; veilbreakers_terrain/tests/test_environment_handlers.py:1304,yes,yes,1,no,A-,C+,FAIL_NONE,helper_reachable,runtime_transitive
environment.py,_export_heightmap_raw,_export_heightmap_raw,1069,function,,none,yes,4,24,environment.py:1152; environment.py:6646,veilbreakers_terrain/tests/test_environment_handlers.py:364; veilbreakers_terrain/tests/test_environment_handlers.py:372; veilbreakers_terrain/tests/test_environment_handlers.py:380; veilbreakers_terrain/tests/test_environment_handlers.py:395; veilbreakers_terrain/tests/test_environment_handlers.py:396,yes,yes,1,no,A,B,FAIL_NONE,helper_reachable,runtime_transitive
environment.py,_export_splatmap_raw,_export_splatmap_raw,1115,function,,none,yes,2,4,environment.py:1162,veilbreakers_terrain/tests/test_environment_handlers.py:483; veilbreakers_terrain/tests/test_environment_handlers.py:496,yes,yes,1,no,A-,C+,FAIL_NONE,helper_reachable,runtime_transitive
environment.py,_export_world_tile_artifacts,_export_world_tile_artifacts,1136,function,,none,yes,2,0,environment.py:2159,,yes,yes,1,no,A-,C,FAIL_NONE,helper_reachable,runtime_transitive
environment.py,_write_json_manifest,_write_json_manifest,1168,function,,none,yes,4,0,environment.py:2202; environment.py:2316,,no,no,0,no,,,,helper_reachable,runtime_transitive
environment.py,_resolve_height_range,_resolve_height_range,1175,function,,none,yes,6,2,environment.py:1229; environment.py:1243; environment.py:2088,veilbreakers_terrain/tests/test_terrain_wiring_integration.py:398,yes,yes,1,no,A,B-,FAIL_NONE,helper_reachable,runtime_transitive
environment.py,_resolve_export_height_range,_resolve_export_height_range,1215,function,,none,yes,2,8,environment.py:6634,veilbreakers_terrain/tests/test_environment_handlers.py:1143; veilbreakers_terrain/tests/test_environment_handlers.py:1157; veilbreakers_terrain/tests/test_terrain_wiring_integration.py:380; veilbreakers_terrain/tests/test_terrain_wiring_integration.py:387,yes,yes,1,no,A,B,FAIL_NONE,helper_reachable,runtime_transitive
environment.py,_terrain_grid_to_world_xy,_terrain_grid_to_world_xy,1246,function,,none,yes,8,12,environment.py:3562; environment.py:3940; environment.py:3950; environment.py:4895,veilbreakers_terrain/tests/test_environment_handlers.py:1311; veilbreakers_terrain/tests/test_environment_handlers.py:1320; veilbreakers_terrain/tests/test_environment_handlers.py:1329; veilbreakers_terrain/tests/test_environment_handlers.py:1346; veilbreakers_terrain/tests/test_environment_handlers.py:1356,yes,yes,1,no,A,B-,FAIL_NONE,helper_reachable,runtime_transitive
environment.py,_resolve_water_path_points,_resolve_water_path_points,1275,function,,none,yes,2,8,environment.py:5843,veilbreakers_terrain/tests/test_environment_handlers.py:1384; veilbreakers_terrain/tests/test_environment_handlers.py:1400; veilbreakers_terrain/tests/test_terrain_wiring_integration.py:344; veilbreakers_terrain/tests/test_terrain_wiring_integration.py:361,yes,yes,1,no,A,B,FAIL_NONE,helper_reachable,runtime_transitive
environment.py,_smooth_river_path_points,_smooth_river_path_points,1322,function,,none,yes,6,2,environment.py:3575; environment.py:3579; environment.py:5853,veilbreakers_terrain/tests/test_environment_handlers.py:1427,yes,yes,1,no,A-,C+,FAIL_NONE,helper_reachable,runtime_transitive
environment.py,_estimate_tile_height_range,_estimate_tile_height_range,1411,function,,none,yes,2,0,environment.py:2092,,yes,yes,1,no,B+,D+,FAIL_NONE,helper_reachable,runtime_transitive
environment.py,_create_terrain_mesh_from_heightmap,_create_terrain_mesh_from_heightmap,1438,function,,none,yes,6,0,environment.py:1843; environment.py:1955; environment.py:2120,,yes,yes,1,no,A-,C+,FAIL_NONE,helper_reachable,runtime_transitive
environment.py,_cliff_structures_to_overlay_placements,_cliff_structures_to_overlay_placements,1585,function,,none,yes,2,0,environment.py:1837,,yes,yes,1,no,B+,C,FAIL_NONE,helper_reachable,runtime_transitive
environment.py,handle_generate_terrain,handle_generate_terrain,1657,function,,command_handler,yes,2,0,environment.py:6754,,yes,yes,1,no,A-,B-,FAIL_NONE,runtime_primary,runtime_primary
environment.py,handle_generate_terrain_tile,handle_generate_terrain_tile,1989,function,,command_handler,yes,2,0,environment.py:2264,,yes,yes,1,no,B+,C+,FAIL_NONE,runtime_primary,runtime_primary
environment.py,handle_generate_world_terrain,handle_generate_world_terrain,2210,function,,command_handler,yes,0,0,,,yes,yes,1,no,B+,C+,FAIL_NONE,runtime_primary,runtime_primary
environment.py,_execute_terrain_pipeline,_execute_terrain_pipeline,2367,function,,none,yes,4,0,environment.py:1785; environment.py:2704,,yes,yes,1,no,A-,C+,FAIL_NONE,helper_reachable,runtime_transitive
environment.py,_to_bbox,_to_bbox,2405,function,,none,yes,6,0,environment.py:2426; environment.py:2432; environment.py:2442,,no,no,0,no,,,,helper_reachable,runtime_transitive
environment.py,handle_run_terrain_pass,handle_run_terrain_pass,2674,function,,command_handler,yes,0,12,,veilbreakers_terrain/tests/test_terrain_master_registrar.py:62; veilbreakers_terrain/tests/test_terrain_master_registrar.py:102; veilbreakers_terrain/tests/test_terrain_master_registrar.py:120; veilbreakers_terrain/tests/test_terrain_master_registrar.py:146; veilbreakers_terrain/tests/test_terrain_master_registrar.py:187,yes,yes,1,no,A-,B,FAIL_NONE,runtime_primary,runtime_primary
environment.py,_serialize,_serialize,2708,function,,none,yes,2,0,environment.py:2727,,no,no,0,no,,,,helper_reachable,runtime_transitive
environment.py,handle_generate_waterfall,handle_generate_waterfall,2735,function,,command_handler,yes,0,0,,,yes,yes,1,no,A-,B,FAIL_NONE,runtime_primary,runtime_primary
environment.py,_coerce_facing_direction,_coerce_facing_direction,2742,function,,none,yes,4,0,environment.py:2750; environment.py:2818,,no,no,0,no,,,,helper_reachable,runtime_transitive
environment.py,_candidate_score,_candidate_score,2802,function,,none,no,0,0,,,no,no,0,no,,,,orphan_candidate,orphan_candidate
environment.py,handle_stitch_terrain_edges,handle_stitch_terrain_edges,2960,function,,command_handler,yes,0,0,,,yes,yes,1,no,B+,C-,FAIL_NONE,runtime_primary,runtime_primary
environment.py,_in_protected_zone,_in_protected_zone,3039,function,,none,yes,4,0,environment.py:3145,,no,no,0,no,,,,helper_reachable,runtime_transitive
environment.py,_edge_vertices,_edge_vertices,3045,function,,none,yes,4,0,environment.py:3095; environment.py:3096,,no,no,0,no,,,,helper_reachable,runtime_transitive
environment.py,handle_paint_terrain,handle_paint_terrain,3181,function,,command_handler,yes,0,0,,,yes,yes,1,no,B,D+,FAIL_NONE,runtime_primary,runtime_primary
environment.py,_smoothstep_np,_smoothstep_np,3315,function,,none,yes,8,0,environment.py:3324; environment.py:3325; environment.py:3332; environment.py:3333,,no,no,0,no,,,,helper_reachable,runtime_transitive
environment.py,handle_carve_river,handle_carve_river,3399,function,,command_handler,yes,0,0,,,yes,yes,1,no,B+,C-,FAIL_NONE,runtime_primary,runtime_primary
environment.py,_clamp01,_clamp01,3605,function,,none,yes,4,0,environment.py:3623; environment.py:3642,,yes,yes,1,no,A,C+,FAIL_NONE,helper_reachable,runtime_transitive
environment.py,_smootherstep,_smootherstep,3615,function,,none,yes,2,0,environment.py:5434,,yes,yes,1,no,A,C+,FAIL_NONE,helper_reachable,runtime_transitive
environment.py,_point_segment_distance_2d,_point_segment_distance_2d,3627,function,,none,no,0,0,,,yes,yes,1,no,A,C+,FAIL_NONE,orphan_candidate,orphan_candidate
environment.py,_apply_road_profile_to_heightmap,_apply_road_profile_to_heightmap,3648,function,,none,no,2,2,environment.py:4857,veilbreakers_terrain/tests/test_environment_handlers.py:300,yes,yes,1,no,B,B-,FAIL_NONE,helper_reachable,module_local_helper
environment.py,_ss,_ss,3675,function,,none,yes,32,0,environment.py:3704; environment.py:3710; environment.py:3785; environment.py:3789; environment.py:3794,,no,no,0,no,,,,helper_reachable,runtime_transitive
environment.py,_apply_river_profile_to_heightmap,_apply_river_profile_to_heightmap,3730,function,,none,yes,2,0,environment.py:3477,,yes,yes,1,no,B+,D+,FAIL_NONE,helper_reachable,runtime_transitive
environment.py,_ss,_ss,3756,function,,none,yes,32,0,environment.py:3704; environment.py:3710; environment.py:3785; environment.py:3789; environment.py:3794,,no,no,0,no,,,,helper_reachable,runtime_transitive
environment.py,_seg_dist,_seg_dist,3759,function,,none,yes,4,0,environment.py:3781; environment.py:3824,,no,no,0,no,,,,helper_reachable,runtime_transitive
environment.py,_derive_river_surface_levels,_derive_river_surface_levels,3841,function,,none,yes,2,0,environment.py:3553,,yes,yes,1,no,A-,C,FAIL_NONE,helper_reachable,runtime_transitive
environment.py,_sample_path_indices,_sample_path_indices,3873,function,,none,no,2,2,environment.py:4938,veilbreakers_terrain/tests/test_environment_handlers.py:318,yes,yes,1,no,A,B-,FAIL_NONE,helper_reachable,module_local_helper
environment.py,_collect_bridge_spans,_collect_bridge_spans,3898,function,,none,no,2,2,environment.py:4917,veilbreakers_terrain/tests/test_environment_handlers.py:330,yes,yes,1,no,A-,C+,FAIL_NONE,helper_reachable,module_local_helper
environment.py,_ensure_grounded_road_material,_ensure_grounded_road_material,3981,function,,none,no,2,0,environment.py:5022,,yes,yes,1,no,B+,D+,FAIL_NONE,helper_reachable,module_local_helper
environment.py,_paint_road_mask_on_terrain,_paint_road_mask_on_terrain,4065,function,,none,no,2,2,environment.py:4909,veilbreakers_terrain/tests/test_environment_handlers.py:1248,yes,yes,1,no,B+,C,FAIL_NONE,helper_reachable,module_local_helper
environment.py,_min_dist_to_path,_min_dist_to_path,4131,function,,none,no,4,0,environment.py:4151; environment.py:4162,,no,no,0,no,,,,helper_reachable,module_local_helper
environment.py,_ss,_ss,4143,function,,none,yes,32,0,environment.py:3704; environment.py:3710; environment.py:3785; environment.py:3789; environment.py:3794,,no,no,0,no,,,,helper_reachable,runtime_transitive
environment.py,_apply_blend_vec,_apply_blend_vec,4173,function,,none,no,4,0,environment.py:4196; environment.py:4203,,no,no,0,no,,,,helper_reachable,module_local_helper
environment.py,_build_road_strip_geometry,_build_road_strip_geometry,4208,function,,none,no,2,0,environment.py:4993,,yes,yes,1,no,A-,C,FAIL_NONE,helper_reachable,module_local_helper
environment.py,_create_bridge_object_from_spec,_create_bridge_object_from_spec,4240,function,,none,no,2,0,environment.py:5040,,yes,yes,1,no,B+,D+,FAIL_NONE,helper_reachable,module_local_helper
environment.py,_create_mesh_object_from_spec,_create_mesh_object_from_spec,4274,function,,none,yes,4,0,environment.py:2920; environment.py:4691,,yes,yes,1,no,B+,C,FAIL_NONE,helper_reachable,runtime_transitive
environment.py,_sanitize_waterfall_chain_id,_sanitize_waterfall_chain_id,4308,function,,none,yes,8,0,environment.py:4368; environment.py:4371; environment.py:4375; environment.py:4376,,yes,yes,1,no,A,C+,FAIL_NONE,helper_reachable,runtime_transitive
environment.py,_serialize_validation_issues,_serialize_validation_issues,4314,function,,none,yes,2,0,environment.py:2902,,yes,yes,1,no,A,C+,FAIL_NONE,helper_reachable,runtime_transitive
environment.py,_coerce_point3,_coerce_point3,4331,function,,none,yes,8,0,environment.py:4395; environment.py:4396; environment.py:4400; environment.py:4405,,yes,yes,1,no,A,C+,FAIL_NONE,helper_reachable,runtime_transitive
environment.py,_offset_point3,_offset_point3,4345,function,,none,yes,4,0,environment.py:4399; environment.py:4404,,yes,yes,1,no,A,C+,FAIL_NONE,helper_reachable,runtime_transitive
environment.py,_resolve_waterfall_chain_id,_resolve_waterfall_chain_id,4357,function,,none,yes,2,0,environment.py:2875,,yes,yes,1,no,A-,C,FAIL_NONE,helper_reachable,runtime_transitive
environment.py,_infer_waterfall_functional_positions,_infer_waterfall_functional_positions,4383,function,,none,yes,2,0,environment.py:2898,,yes,yes,1,no,A-,C,FAIL_NONE,helper_reachable,runtime_transitive
environment.py,_publish_waterfall_functional_objects,_publish_waterfall_functional_objects,4447,function,,none,yes,2,0,environment.py:2940,,yes,yes,1,no,A-,C-,FAIL_NONE,helper_reachable,runtime_transitive
environment.py,handle_create_cave_entrance,handle_create_cave_entrance,4492,function,,none,no,0,0,,,yes,yes,1,no,B,D+,FAIL_NONE,orphan_candidate,public_handle_unwired
environment.py,handle_generate_road,handle_generate_road,4751,function,,none,no,0,0,,,yes,yes,1,no,B+,C-,FAIL_NONE,orphan_candidate,public_handle_unwired
environment.py,_ensure_water_material,_ensure_water_material,5068,function,,none,yes,6,0,environment.py:2929; environment.py:5720; environment.py:6156,,yes,yes,1,no,A-,C+,FAIL_NONE,helper_reachable,runtime_transitive
environment.py,_apply_water_object_settings,_apply_water_object_settings,5266,function,,none,yes,4,0,environment.py:5718; environment.py:6150,,yes,yes,1,no,A-,C,FAIL_NONE,helper_reachable,runtime_transitive
environment.py,_build_terrain_world_height_sampler,_build_terrain_world_height_sampler,5296,function,,none,yes,2,0,environment.py:5818,,yes,yes,1,no,A,C+,FAIL_NONE,helper_reachable,runtime_transitive
environment.py,_sample,_sample,5321,function,,none,no,0,0,,,no,no,0,no,,,,helper_reachable,orphan_candidate
environment.py,_resolve_river_bank_contact,_resolve_river_bank_contact,5348,function,,none,yes,4,2,environment.py:5962; environment.py:5972,veilbreakers_terrain/tests/test_environment_handlers.py:1469,yes,yes,1,no,A-,C+,FAIL_NONE,helper_reachable,runtime_transitive
environment.py,_resolve_river_terminal_width_scale,_resolve_river_terminal_width_scale,5409,function,,none,yes,2,6,environment.py:5988,veilbreakers_terrain/tests/test_environment_handlers.py:1446; veilbreakers_terrain/tests/test_environment_handlers.py:1458; veilbreakers_terrain/tests/test_environment_handlers.py:1459,yes,yes,1,no,A-,C+,FAIL_NONE,helper_reachable,runtime_transitive
environment.py,_boundary_edges_from_faces,_boundary_edges_from_faces,5441,function,,none,yes,2,0,environment.py:5684,,yes,yes,1,no,A-,C,FAIL_NONE,helper_reachable,runtime_transitive
environment.py,_build_level_water_surface_from_terrain,_build_level_water_surface_from_terrain,5453,function,,none,yes,2,0,environment.py:5826,,yes,yes,1,no,B+,D+,FAIL_NONE,helper_reachable,runtime_transitive
environment.py,_shore_factor,_shore_factor,5579,function,,none,yes,4,0,environment.py:5629; environment.py:5658,,no,no,0,no,,,,helper_reachable,runtime_transitive
environment.py,handle_create_water,handle_create_water,5750,function,,command_handler,yes,0,34,,veilbreakers_terrain/tests/test_aaa_water_scatter.py:360; veilbreakers_terrain/tests/test_aaa_water_scatter.py:403; veilbreakers_terrain/tests/test_aaa_water_scatter.py:409; veilbreakers_terrain/tests/test_aaa_water_scatter.py:419; veilbreakers_terrain/tests/test_aaa_water_scatter.py:430,yes,yes,1,no,B+,C+,FAIL_NONE,runtime_primary,runtime_primary
environment.py,_priority_flood_fill_basin,_priority_flood_fill_basin,6184,function,,none,yes,2,0,environment.py:6374,,no,no,0,no,,,,helper_reachable,runtime_transitive
environment.py,handle_carve_water_basin,handle_carve_water_basin,6232,function,,command_handler,yes,0,0,,,yes,yes,1,no,B,D+,FAIL_NONE,runtime_primary,runtime_primary
environment.py,_ss,_ss,6389,function,,none,yes,32,0,environment.py:3704; environment.py:3710; environment.py:3785; environment.py:3789; environment.py:3794,,no,no,0,no,,,,helper_reachable,runtime_transitive
environment.py,handle_export_heightmap,handle_export_heightmap,6595,function,,command_handler,yes,0,0,,,yes,yes,1,no,A-,C,FAIL_NONE,runtime_primary,runtime_primary
environment.py,_nearest_pot_plus_1,_nearest_pot_plus_1,6667,function,,none,yes,2,14,environment.py:6638,veilbreakers_terrain/tests/test_environment_handlers.py:1496; veilbreakers_terrain/tests/test_environment_handlers.py:1502; veilbreakers_terrain/tests/test_environment_handlers.py:1508; veilbreakers_terrain/tests/test_environment_handlers.py:1514; veilbreakers_terrain/tests/test_environment_handlers.py:1520,yes,yes,1,no,A,B,FAIL_NONE,helper_reachable,runtime_transitive
environment.py,handle_generate_multi_biome_world,handle_generate_multi_biome_world,6679,function,,command_handler,yes,0,0,,,yes,yes,1,no,B+,B-,FAIL_NONE,runtime_primary,runtime_primary
environment.py,_compute_vertex_colors_for_biome_map,_compute_vertex_colors_for_biome_map,6825,function,,none,yes,2,0,environment.py:6761,,yes,yes,1,no,B+,C,FAIL_NONE,helper_reachable,runtime_transitive
environment.py,_stable_seed_offset,_stable_seed_offset,6906,function,,none,yes,2,0,environment.py:6799,,yes,yes,1,no,A,C+,FAIL_NONE,helper_reachable,runtime_transitive
environment_scatter.py,_require_bpy,_require_bpy,41,function,,none,no,0,0,,,no,no,0,no,,,,orphan_candidate,orphan_candidate
environment_scatter.py,_assign_scatter_material,_assign_scatter_material,167,function,,none,yes,8,0,environment_scatter.py:904; environment_scatter.py:926; environment_scatter.py:2178; environment_scatter.py:2194,,yes,yes,1,yes,B+,C-,FAIL_NONE,helper_reachable,runtime_transitive
environment_scatter.py,_vegetation_rotation,_vegetation_rotation,270,function,,none,yes,2,0,environment_scatter.py:2091,,yes,yes,1,no,A-,C,FAIL_NONE,helper_reachable,runtime_transitive
environment_scatter.py,_prop_rotation,_prop_rotation,276,function,,none,yes,2,0,environment_scatter.py:2322,,yes,yes,1,no,A-,C,FAIL_NONE,helper_reachable,runtime_transitive
environment_scatter.py,_terrain_height_sampler,_terrain_height_sampler,282,function,,none,yes,2,0,environment_scatter.py:2256,,yes,yes,1,no,B+,D+,FAIL_NONE,helper_reachable,runtime_transitive
environment_scatter.py,_sample,_sample,317,function,,none,no,0,0,,,no,no,0,no,,,,helper_reachable,orphan_candidate
environment_scatter.py,_world_to_terrain_uv,_world_to_terrain_uv,332,function,,none,yes,2,0,environment_scatter.py:377,,yes,yes,1,no,A-,C,FAIL_NONE,helper_reachable,runtime_transitive
environment_scatter.py,_sample_heightmap_surface_world,_sample_heightmap_surface_world,355,function,,none,yes,4,0,environment_scatter.py:425; environment_scatter.py:2075,,yes,yes,1,no,D,F,FAIL_NONE,helper_reachable,runtime_transitive
environment_scatter.py,_sample_heightmap_world,_sample_heightmap_world,413,function,,none,no,2,8,environment_scatter.py:318,veilbreakers_terrain/tests/test_environment_scatter_handlers.py:37; veilbreakers_terrain/tests/test_environment_scatter_handlers.py:47; veilbreakers_terrain/tests/test_environment_scatter_handlers.py:73; veilbreakers_terrain/tests/test_environment_scatter_handlers.py:98,yes,yes,1,no,A,B-,FAIL_NONE,helper_reachable,module_local_helper
environment_scatter.py,_terrain_axis_spacing_from_extent,_terrain_axis_spacing_from_extent,438,function,,none,yes,6,0,environment_scatter.py:457; environment_scatter.py:1858; environment_scatter.py:2278,,yes,yes,1,no,A,C+,FAIL_NONE,helper_reachable,runtime_transitive
environment_scatter.py,_terrain_cell_size_from_extent,_terrain_cell_size_from_extent,450,function,,none,no,0,2,,veilbreakers_terrain/tests/test_environment_scatter_handlers.py:114,yes,yes,1,no,A,B-,FAIL_NONE,test_only_or_unwired,test_only_or_unwired
environment_scatter.py,_collapse_detail_density,_collapse_detail_density,471,function,,none,yes,2,6,environment_scatter.py:1904,veilbreakers_terrain/tests/test_environment_scatter_handlers.py:460; veilbreakers_terrain/tests/test_environment_scatter_handlers.py:467; veilbreakers_terrain/tests/test_environment_scatter_handlers.py:471,no,no,0,no,,,,helper_reachable,runtime_transitive
environment_scatter.py,_density_reject,_density_reject,491,function,,none,yes,2,10,environment_scatter.py:1912,veilbreakers_terrain/tests/test_environment_scatter_handlers.py:478; veilbreakers_terrain/tests/test_environment_scatter_handlers.py:480; veilbreakers_terrain/tests/test_environment_scatter_handlers.py:484; veilbreakers_terrain/tests/test_environment_scatter_handlers.py:490; veilbreakers_terrain/tests/test_environment_scatter_handlers.py:496,no,no,0,no,,,,helper_reachable,runtime_transitive
environment_scatter.py,_hero_excluded,_hero_excluded,511,function,,none,yes,2,10,environment_scatter.py:2015,veilbreakers_terrain/tests/test_environment_scatter_handlers.py:503; veilbreakers_terrain/tests/test_environment_scatter_handlers.py:508; veilbreakers_terrain/tests/test_environment_scatter_handlers.py:512; veilbreakers_terrain/tests/test_environment_scatter_handlers.py:519; veilbreakers_terrain/tests/test_environment_scatter_handlers.py:521,no,no,0,no,,,,helper_reachable,runtime_transitive
environment_scatter.py,_wind_rotation_y,_wind_rotation_y,537,function,,none,yes,2,6,environment_scatter.py:2022,veilbreakers_terrain/tests/test_environment_scatter_handlers.py:527; veilbreakers_terrain/tests/test_environment_scatter_handlers.py:536; veilbreakers_terrain/tests/test_environment_scatter_handlers.py:545,no,no,0,no,,,,helper_reachable,runtime_transitive
environment_scatter.py,_apply_sdf_exclusion,_apply_sdf_exclusion,567,function,,none,yes,2,14,environment_scatter.py:2005,veilbreakers_terrain/tests/test_environment_scatter_handlers.py:681; veilbreakers_terrain/tests/test_environment_scatter_handlers.py:692; veilbreakers_terrain/tests/test_environment_scatter_handlers.py:717; veilbreakers_terrain/tests/test_environment_scatter_handlers.py:731; veilbreakers_terrain/tests/test_environment_scatter_handlers.py:750,no,no,0,no,,,,helper_reachable,runtime_transitive
environment_scatter.py,_write_tree_instance_points,_write_tree_instance_points,603,function,,none,yes,2,8,environment_scatter.py:2122,veilbreakers_terrain/tests/test_environment_scatter_handlers.py:561; veilbreakers_terrain/tests/test_environment_scatter_handlers.py:569; veilbreakers_terrain/tests/test_environment_scatter_handlers.py:576; veilbreakers_terrain/tests/test_environment_scatter_handlers.py:709,no,no,0,no,,,,helper_reachable,runtime_transitive
environment_scatter.py,_location_layer_rand2,_location_layer_rand2,631,function,,none,no,0,2,,veilbreakers_terrain/tests/test_environment_scatter_handlers.py:642,no,no,0,no,,,,test_only_or_unwired,test_only_or_unwired
environment_scatter.py,LocationLayer.generate,generate,680,method,LocationLayer,none,no,0,0,,,no,no,0,no,,,,test_only_or_unwired,orphan_candidate
environment_scatter.py,halo_scatter_point_id,halo_scatter_point_id,793,function,,none,no,0,10,,veilbreakers_terrain/tests/test_environment_scatter_handlers.py:825; veilbreakers_terrain/tests/test_environment_scatter_handlers.py:827; veilbreakers_terrain/tests/test_environment_scatter_handlers.py:836; veilbreakers_terrain/tests/test_environment_scatter_handlers.py:843; veilbreakers_terrain/tests/test_environment_scatter_handlers.py:844,no,no,0,no,,,,test_only_or_unwired,test_only_or_unwired
environment_scatter.py,_create_template_collection,_create_template_collection,864,function,,none,yes,4,0,environment_scatter.py:2031; environment_scatter.py:2303,,yes,yes,1,no,A,C+,FAIL_NONE,helper_reachable,runtime_transitive
environment_scatter.py,_create_vegetation_template,_create_vegetation_template,874,function,,none,yes,2,0,environment_scatter.py:2037,,yes,yes,1,no,B,D+,FAIL_NONE,helper_reachable,runtime_transitive
environment_scatter.py,_add_leaf_card_canopy,_add_leaf_card_canopy,1008,function,,none,no,2,0,environment_scatter.py:1192,,yes,yes,1,yes,B+,C-,FAIL_NONE,helper_reachable,module_local_helper
environment_scatter.py,create_leaf_card_tree,create_leaf_card_tree,1124,function,,none,no,0,0,,,yes,yes,1,no,B,C-,FAIL_NONE,test_only_or_unwired,orphan_candidate
environment_scatter.py,_create_grass_card,_create_grass_card,1209,function,,none,no,0,0,,,yes,yes,1,yes,A-,B-,FAIL_NONE,test_only_or_unwired,orphan_candidate
environment_scatter.py,_add_blade,_add_blade,1248,function,,none,no,6,0,environment_scatter.py:1293; environment_scatter.py:1294; environment_scatter.py:1295,,no,no,0,no,,,,helper_reachable,module_local_helper
environment_scatter.py,_rot,_rot,1253,function,,none,no,12,0,environment_scatter.py:1259; environment_scatter.py:1260; environment_scatter.py:1261; environment_scatter.py:1262; environment_scatter.py:1263,,no,no,0,no,,,,helper_reachable,module_local_helper
environment_scatter.py,_rock_size_from_power_law,_rock_size_from_power_law,1326,function,,none,no,2,0,environment_scatter.py:1750,,yes,yes,1,no,A-,C+,FAIL_NONE,helper_reachable,module_local_helper
environment_scatter.py,_generate_combat_clearing,_generate_combat_clearing,1345,function,,none,no,0,0,,,yes,yes,1,no,B,C,FAIL_NONE,test_only_or_unwired,orphan_candidate
environment_scatter.py,_build_scatter_density_map,_build_scatter_density_map,1430,function,,none,no,2,0,environment_scatter.py:1584,,no,no,0,no,,,,helper_reachable,module_local_helper
environment_scatter.py,_lod_for_distance,_lod_for_distance,1513,function,,none,no,8,0,environment_scatter.py:1664; environment_scatter.py:1685; environment_scatter.py:1732; environment_scatter.py:1758,,no,no,0,no,,,,helper_reachable,module_local_helper
environment_scatter.py,_scatter_pass,_scatter_pass,1529,function,,none,no,0,0,,,yes,yes,1,yes,B+,C+,FAIL_NONE,test_only_or_unwired,orphan_candidate
environment_scatter.py,_cell,_cell,1591,function,,none,no,8,0,environment_scatter.py:1599; environment_scatter.py:1603; environment_scatter.py:1607; environment_scatter.py:1713,,no,no,0,no,,,,helper_reachable,module_local_helper
environment_scatter.py,_density_at,_density_at,1598,function,,none,no,8,0,environment_scatter.py:1656; environment_scatter.py:1677; environment_scatter.py:1723; environment_scatter.py:1748,,no,no,0,no,,,,helper_reachable,module_local_helper
environment_scatter.py,_height_at,_height_at,1602,function,,none,no,4,0,environment_scatter.py:1650; environment_scatter.py:1671,,no,no,0,no,,,,helper_reachable,module_local_helper
environment_scatter.py,_slope_at,_slope_at,1606,function,,none,no,4,0,environment_scatter.py:1651; environment_scatter.py:1672,,no,no,0,no,,,,helper_reachable,module_local_helper
environment_scatter.py,_in_building,_in_building,1610,function,,none,no,4,0,environment_scatter.py:1654; environment_scatter.py:1675,,no,no,0,no,,,,helper_reachable,module_local_helper
environment_scatter.py,_in_clearing,_in_clearing,1618,function,,none,no,4,0,environment_scatter.py:1654; environment_scatter.py:1675,,no,no,0,no,,,,helper_reachable,module_local_helper
environment_scatter.py,_viewer_dist,_viewer_dist,1627,function,,none,no,8,0,environment_scatter.py:1658; environment_scatter.py:1679; environment_scatter.py:1725; environment_scatter.py:1751,,no,no,0,no,,,,helper_reachable,module_local_helper
environment_scatter.py,_scale_pm20,_scale_pm20,1630,function,,none,no,8,0,environment_scatter.py:1663; environment_scatter.py:1684; environment_scatter.py:1730; environment_scatter.py:1756,,no,no,0,no,,,,helper_reachable,module_local_helper
environment_scatter.py,handle_scatter_vegetation,handle_scatter_vegetation,1791,function,,command_handler,yes,0,0,,,yes,yes,1,no,C+,C-,FAIL_NONE,runtime_primary,runtime_primary
environment_scatter.py,_create_prop_template,_create_prop_template,2152,function,,none,yes,2,0,environment_scatter.py:2314,,yes,yes,1,no,B+,D+,FAIL_NONE,helper_reachable,runtime_transitive
environment_scatter.py,handle_scatter_props,handle_scatter_props,2198,function,,command_handler,yes,0,0,,,yes,yes,1,yes,A-,B,FAIL_NONE,runtime_primary,runtime_primary
environment_scatter.py,handle_create_breakable,handle_create_breakable,2338,function,,command_handler,yes,0,0,,,yes,yes,1,no,B,C,FAIL_NONE,runtime_primary,runtime_primary
light_integration.py,_fp,_fp,61,function,,none,no,0,0,,,no,no,0,no,,,,helper_reachable,orphan_candidate
light_integration.py,compute_probe_placements,compute_probe_placements,148,function,,none,no,0,0,,,yes,yes,1,yes,A,C+,FAIL_NONE,orphan_candidate,orphan_candidate
light_integration.py,compute_light_placements,compute_light_placements,304,function,,none,yes,2,22,__init__.py:268,veilbreakers_terrain/tests/test_world_map_light_atmosphere.py:452; veilbreakers_terrain/tests/test_world_map_light_atmosphere.py:462; veilbreakers_terrain/tests/test_world_map_light_atmosphere.py:469; veilbreakers_terrain/tests/test_world_map_light_atmosphere.py:484; veilbreakers_terrain/tests/test_world_map_light_atmosphere.py:493,yes,yes,1,yes,A,A-,FAIL_NONE,helper_reachable,runtime_transitive
light_integration.py,_dist3,_dist3,446,function,,none,yes,2,0,light_integration.py:502,,no,no,0,no,,,,helper_reachable,runtime_transitive
light_integration.py,_uf_find,_uf_find,452,function,,none,yes,6,0,light_integration.py:460; light_integration.py:507,,no,no,0,no,,,,helper_reachable,runtime_transitive
light_integration.py,_uf_union,_uf_union,459,function,,none,yes,2,0,light_integration.py:503,,no,no,0,no,,,,helper_reachable,runtime_transitive
light_integration.py,merge_nearby_lights,merge_nearby_lights,470,function,,none,yes,2,10,__init__.py:271,veilbreakers_terrain/tests/test_world_map_light_atmosphere.py:554; veilbreakers_terrain/tests/test_world_map_light_atmosphere.py:564; veilbreakers_terrain/tests/test_world_map_light_atmosphere.py:576; veilbreakers_terrain/tests/test_world_map_light_atmosphere.py:588; veilbreakers_terrain/tests/test_world_map_light_atmosphere.py:605,yes,yes,1,yes,A,A-,FAIL_NONE,helper_reachable,runtime_transitive
light_integration.py,compute_light_budget,compute_light_budget,560,function,,none,yes,2,12,__init__.py:274,veilbreakers_terrain/tests/test_world_map_light_atmosphere.py:617; veilbreakers_terrain/tests/test_world_map_light_atmosphere.py:628; veilbreakers_terrain/tests/test_world_map_light_atmosphere.py:639; veilbreakers_terrain/tests/test_world_map_light_atmosphere.py:648; veilbreakers_terrain/tests/test_world_map_light_atmosphere.py:655,yes,yes,1,yes,A,A-,FAIL_NONE,helper_reachable,runtime_transitive
lod_pipeline.py,_cross,_cross,90,function,,none,yes,10,0,lod_pipeline.py:135; lod_pipeline.py:785; lod_pipeline.py:807; lod_pipeline.py:833; lod_pipeline.py:863,,no,no,0,no,,,,helper_reachable,runtime_transitive
lod_pipeline.py,_sub,_sub,101,function,,none,yes,34,0,lod_pipeline.py:133; lod_pipeline.py:134; lod_pipeline.py:758; lod_pipeline.py:768; lod_pipeline.py:775,,no,no,0,no,,,,helper_reachable,runtime_transitive
lod_pipeline.py,_dot,_dot,108,function,,none,yes,20,0,lod_pipeline.py:221; lod_pipeline.py:483; lod_pipeline.py:573; lod_pipeline.py:759; lod_pipeline.py:769,,no,no,0,no,,,,helper_reachable,runtime_transitive
lod_pipeline.py,_normalize,_normalize,115,function,,none,yes,6,0,lod_pipeline.py:135; lod_pipeline.py:198; lod_pipeline.py:785,,no,no,0,no,,,,helper_reachable,runtime_transitive
lod_pipeline.py,_face_normal,_face_normal,123,function,,none,yes,4,0,lod_pipeline.py:201; lod_pipeline.py:553,,no,no,0,no,,,,helper_reachable,runtime_transitive
lod_pipeline.py,compute_silhouette_importance,compute_silhouette_importance,143,function,,none,yes,2,0,lod_pipeline.py:1352,,yes,yes,1,no,B,D+,FAIL_NONE,helper_reachable,runtime_transitive
lod_pipeline.py,compute_region_importance,compute_region_importance,273,function,,none,yes,2,0,lod_pipeline.py:1358,,yes,yes,1,no,B+,D+,FAIL_NONE,helper_reachable,runtime_transitive
lod_pipeline.py,_compute_quadric,_compute_quadric,352,function,,none,yes,2,0,lod_pipeline.py:547,,yes,yes,1,yes,B+,C-,FAIL_NONE,helper_reachable,runtime_transitive
lod_pipeline.py,_edge_collapse_cost_qem,_edge_collapse_cost_qem,398,function,,none,yes,2,0,lod_pipeline.py:460,,yes,yes,1,yes,A-,C,FAIL_NONE,helper_reachable,runtime_transitive
lod_pipeline.py,_edge_collapse_cost,_edge_collapse_cost,428,function,,none,yes,4,0,lod_pipeline.py:600; lod_pipeline.py:621,,yes,yes,1,no,F,F,FAIL_NONE,helper_reachable,runtime_transitive
lod_pipeline.py,decimate_preserving_silhouette,decimate_preserving_silhouette,493,function,,none,yes,8,2,lod_pipeline.py:739; lod_pipeline.py:887; lod_pipeline.py:1383; lod_pipeline.py:1394,veilbreakers_terrain/tests/test_p7_vectorization.py:86,yes,yes,1,yes,A,B,FAIL_NONE,helper_reachable,runtime_transitive
lod_pipeline.py,find_root,find_root,586,function,,none,yes,6,0,lod_pipeline.py:614; lod_pipeline.py:615; lod_pipeline.py:661,,no,no,0,no,,,,helper_reachable,runtime_transitive
lod_pipeline.py,generate_collision_mesh,generate_collision_mesh,690,function,,none,yes,2,0,lod_pipeline.py:1588,,yes,yes,1,yes,B+,C-,FAIL_NONE,helper_reachable,runtime_transitive
lod_pipeline.py,compute_collision_aabb,compute_collision_aabb,894,function,,none,no,0,0,,,no,no,0,no,,,,orphan_candidate,orphan_candidate
lod_pipeline.py,_generate_billboard_quad,_generate_billboard_quad,948,function,,none,yes,4,0,lod_pipeline.py:1058; lod_pipeline.py:1373,,yes,yes,1,yes,B+,C-,FAIL_NONE,helper_reachable,runtime_transitive
lod_pipeline.py,_generate_billboard_quad_spec,_generate_billboard_quad_spec,1030,function,,none,yes,2,0,lod_pipeline.py:1869,,no,no,0,no,,,,helper_reachable,runtime_transitive
lod_pipeline.py,_alpha,_alpha,1070,function,,none,yes,2,0,lod_pipeline.py:1100,,no,no,0,no,,,,helper_reachable,runtime_transitive
lod_pipeline.py,_auto_detect_regions,_auto_detect_regions,1120,function,,none,yes,2,0,lod_pipeline.py:1357,,yes,yes,1,yes,B,D+,FAIL_NONE,helper_reachable,runtime_transitive
lod_pipeline.py,_vert_in_grid_labels,_vert_in_grid_labels,1205,function,,none,yes,4,0,lod_pipeline.py:1226; lod_pipeline.py:1245,,no,no,0,no,,,,helper_reachable,runtime_transitive
lod_pipeline.py,generate_lod_chain,generate_lod_chain,1303,function,,none,yes,4,0,lod_pipeline.py:1585; lod_pipeline.py:1882,,yes,yes,1,no,C+,D,FAIL_NONE,helper_reachable,runtime_transitive
lod_pipeline.py,SceneBudgetValidator.validate,validate,1448,method,SceneBudgetValidator,none,no,1,0,lod_pipeline.py:1535,,yes,yes,1,no,C,F,FAIL_NONE,helper_reachable,module_local_helper
lod_pipeline.py,SceneBudgetValidator.validate_all_scopes,validate_all_scopes,1522,method,SceneBudgetValidator,none,no,0,0,,,yes,yes,1,no,A,C+,FAIL_NONE,orphan_candidate,orphan_candidate
lod_pipeline.py,handle_generate_lods,handle_generate_lods,1545,function,,command_handler,yes,0,0,,,yes,yes,1,no,B,D+,FAIL_NONE,runtime_primary,runtime_primary
lod_pipeline.py,_make_billboard_lod_spec,_make_billboard_lod_spec,1684,function,,none,yes,2,0,lod_pipeline.py:1855,,no,no,0,no,,,,helper_reachable,runtime_transitive
lod_pipeline.py,_setup_billboard_lod,_setup_billboard_lod,1774,function,,none,yes,4,0,environment_scatter.py:2048; vegetation_system.py:1041,,yes,yes,1,yes,A-,C+,FAIL_NONE,helper_reachable,runtime_transitive
mesh.py,_dist3d_sq,_dist3d_sq,23,function,,none,no,0,0,,,yes,yes,1,no,B,D+,FAIL_NONE,orphan_candidate,orphan_candidate
mesh.py,_dot3,_dot3,27,function,,none,no,0,0,,,yes,yes,1,no,B,C,FAIL_NONE,helper_reachable,orphan_candidate
mesh.py,_sub3,_sub3,31,function,,none,no,0,0,,,yes,yes,1,no,B,D+,FAIL_NONE,orphan_candidate,orphan_candidate
mesh.py,_normalize3,_normalize3,35,function,,none,no,0,0,,,yes,yes,1,no,B,D+,FAIL_NONE,orphan_candidate,orphan_candidate
mesh.py,_select_by_box,_select_by_box,47,function,,none,yes,2,14,__init__.py:317,veilbreakers_terrain/tests/test_precision_mesh_editing.py:25; veilbreakers_terrain/tests/test_precision_mesh_editing.py:32; veilbreakers_terrain/tests/test_precision_mesh_editing.py:39; veilbreakers_terrain/tests/test_precision_mesh_editing.py:47; veilbreakers_terrain/tests/test_precision_mesh_editing.py:53,yes,yes,1,yes,A,A-,FAIL_NONE,helper_reachable,runtime_transitive
mesh.py,_select_by_sphere,_select_by_sphere,91,function,,none,yes,2,14,__init__.py:324,veilbreakers_terrain/tests/test_precision_mesh_editing.py:79; veilbreakers_terrain/tests/test_precision_mesh_editing.py:86; veilbreakers_terrain/tests/test_precision_mesh_editing.py:94; veilbreakers_terrain/tests/test_precision_mesh_editing.py:102; veilbreakers_terrain/tests/test_precision_mesh_editing.py:109,yes,yes,1,yes,A,A-,FAIL_NONE,helper_reachable,runtime_transitive
mesh.py,_select_by_plane,_select_by_plane,129,function,,none,yes,2,12,__init__.py:331,veilbreakers_terrain/tests/test_precision_mesh_editing.py:135; veilbreakers_terrain/tests/test_precision_mesh_editing.py:145; veilbreakers_terrain/tests/test_precision_mesh_editing.py:153; veilbreakers_terrain/tests/test_precision_mesh_editing.py:162; veilbreakers_terrain/tests/test_precision_mesh_editing.py:171,yes,yes,1,yes,A,A-,FAIL_NONE,helper_reachable,runtime_transitive
mesh.py,_parse_selection_criteria,_parse_selection_criteria,233,function,,none,yes,2,8,__init__.py:339,veilbreakers_terrain/tests/test_precision_mesh_editing.py:192; veilbreakers_terrain/tests/test_precision_mesh_editing.py:199; veilbreakers_terrain/tests/test_precision_mesh_editing.py:206; veilbreakers_terrain/tests/test_precision_mesh_editing.py:212,yes,yes,1,yes,A,B+,FAIL_NONE,helper_reachable,runtime_transitive
mesh.py,_validate_edit_operation,_validate_edit_operation,451,function,,none,no,0,20,,veilbreakers_terrain/tests/test_precision_mesh_editing.py:231; veilbreakers_terrain/tests/test_precision_mesh_editing.py:236; veilbreakers_terrain/tests/test_precision_mesh_editing.py:241; veilbreakers_terrain/tests/test_precision_mesh_editing.py:246; veilbreakers_terrain/tests/test_precision_mesh_editing.py:251,yes,yes,1,yes,A,B,FAIL_NONE,test_only_or_unwired,test_only_or_unwired
mesh_smoothing.py,_build_adjacency,_build_adjacency,31,function,,none,yes,2,0,mesh_smoothing.py:275,,no,no,0,no,,,,helper_reachable,runtime_transitive
mesh_smoothing.py,_build_laplacian,_build_laplacian,47,function,,none,yes,2,0,mesh_smoothing.py:276,,no,no,0,no,,,,helper_reachable,runtime_transitive
mesh_smoothing.py,_compute_face_normal,_compute_face_normal,67,function,,none,yes,2,0,mesh_smoothing.py:118,,no,no,0,no,,,,helper_reachable,runtime_transitive
mesh_smoothing.py,_build_sharp_vertex_mask,_build_sharp_vertex_mask,80,function,,none,yes,2,0,mesh_smoothing.py:285,,no,no,0,no,,,,helper_reachable,runtime_transitive
mesh_smoothing.py,_build_boundary_vertex_mask,_build_boundary_vertex_mask,155,function,,none,yes,2,0,mesh_smoothing.py:296,,no,no,0,no,,,,helper_reachable,runtime_transitive
mesh_smoothing.py,_laplacian_pass,_laplacian_pass,181,function,,none,yes,4,0,mesh_smoothing.py:303; mesh_smoothing.py:305,,no,no,0,no,,,,helper_reachable,runtime_transitive
mesh_smoothing.py,smooth_assembled_mesh,smooth_assembled_mesh,204,function,,none,yes,2,14,__init__.py:358,veilbreakers_terrain/tests/test_performance_optimization.py:200; veilbreakers_terrain/tests/test_performance_optimization.py:208; veilbreakers_terrain/tests/test_performance_optimization.py:221; veilbreakers_terrain/tests/test_performance_optimization.py:235; veilbreakers_terrain/tests/test_performance_optimization.py:236,yes,yes,1,yes,A,A-,FAIL_NONE,helper_reachable,runtime_transitive
procedural_materials.py,validate_dark_fantasy_color,validate_dark_fantasy_color,61,function,,none,no,2,0,procedural_materials.py:1115,,yes,yes,1,yes,A,C+,FAIL_NONE,helper_reachable,module_local_helper
procedural_materials.py,_in_range,_in_range,106,function,,none,no,26,0,procedural_materials.py:109; procedural_materials.py:113; procedural_materials.py:117; procedural_materials.py:121; procedural_materials.py:125,,no,no,0,no,,,,helper_reachable,module_local_helper
procedural_materials.py,_place,_place,953,function,,none,yes,2,0,procedural_materials.py:962,,yes,yes,1,no,A,C+,FAIL_NONE,helper_reachable,runtime_transitive
procedural_materials.py,_add_node,_add_node,958,function,,none,yes,218,0,procedural_materials.py:1031; procedural_materials.py:1037; procedural_materials.py:1045; procedural_materials.py:1050; procedural_materials.py:1060,,yes,yes,1,no,A,C+,FAIL_NONE,helper_reachable,runtime_transitive
procedural_materials.py,_get_bsdf_input,_get_bsdf_input,983,function,,none,yes,32,0,procedural_materials.py:1180; procedural_materials.py:1307; procedural_materials.py:1418; procedural_materials.py:1425; procedural_materials.py:1507,,yes,yes,1,no,A,C+,FAIL_NONE,helper_reachable,runtime_transitive
procedural_materials.py,_build_normal_chain,_build_normal_chain,1001,function,,none,no,12,0,procedural_materials.py:1273; procedural_materials.py:1373; procedural_materials.py:1466; procedural_materials.py:1607; procedural_materials.py:1757,,yes,yes,1,yes,A,C+,FAIL_NONE,helper_reachable,module_local_helper
procedural_materials.py,_make_channel_ext,_make_channel_ext,1083,function,,none,no,12,0,procedural_materials.py:1277; procedural_materials.py:1377; procedural_materials.py:1477; procedural_materials.py:1626; procedural_materials.py:1760,,no,no,0,no,,,,helper_reachable,module_local_helper
procedural_materials.py,build_stone_material,build_stone_material,1141,function,,none,no,0,0,,,yes,yes,1,yes,A,C+,FAIL_NONE,orphan_candidate,orphan_candidate
procedural_materials.py,build_wood_material,build_wood_material,1284,function,,none,no,0,0,,,yes,yes,1,yes,A,C+,FAIL_NONE,orphan_candidate,orphan_candidate
procedural_materials.py,build_metal_material,build_metal_material,1384,function,,none,no,0,0,,,yes,yes,1,yes,A,C+,FAIL_NONE,orphan_candidate,orphan_candidate
procedural_materials.py,build_organic_material,build_organic_material,1484,function,,none,no,0,0,,,yes,yes,1,yes,A,C+,FAIL_NONE,orphan_candidate,orphan_candidate
procedural_materials.py,build_terrain_material,build_terrain_material,1633,function,,none,no,0,0,,,yes,yes,1,yes,A,C+,FAIL_NONE,orphan_candidate,orphan_candidate
procedural_materials.py,build_fabric_material,build_fabric_material,1767,function,,none,no,0,0,,,yes,yes,1,yes,A,C+,FAIL_NONE,orphan_candidate,orphan_candidate
procedural_materials.py,create_procedural_material,create_procedural_material,1882,function,,none,yes,8,0,_mesh_bridge.py:1537; environment.py:4266; environment.py:4299; procedural_materials.py:1988,,yes,yes,1,no,C+,C-,FAIL_NONE,helper_reachable,runtime_transitive
procedural_materials.py,get_library_keys,get_library_keys,1938,function,,none,yes,2,0,procedural_materials.py:1970,,yes,yes,1,no,A,C+,FAIL_NONE,helper_reachable,runtime_transitive
procedural_materials.py,get_library_info,get_library_info,1943,function,,none,no,0,0,,,yes,yes,1,no,A,C+,FAIL_NONE,orphan_candidate,orphan_candidate
procedural_materials.py,handle_create_procedural_material,handle_create_procedural_material,1957,function,,command_handler,yes,0,0,,,yes,yes,1,no,A,C+,FAIL_NONE,runtime_primary,runtime_primary
road_network.py,_build_24_directions,_build_24_directions,54,function,,none,no,0,0,,,no,no,0,no,,,,helper_reachable,orphan_candidate
road_network.py,_dist3,_dist3,83,function,,none,yes,6,0,road_network.py:668; road_network.py:676; road_network.py:1229,,no,no,0,no,,,,helper_reachable,runtime_transitive
road_network.py,_dist2,_dist2,88,function,,none,yes,4,0,road_network.py:99; road_network.py:566,,no,no,0,no,,,,helper_reachable,runtime_transitive
road_network.py,_slope_penalty,_slope_penalty,93,function,,none,yes,4,0,road_network.py:411; road_network.py:417,,no,no,0,no,,,,helper_reachable,runtime_transitive
road_network.py,_astar_24dir,_astar_24dir,115,function,,none,yes,2,0,road_network.py:1197,,no,no,0,no,,,,helper_reachable,runtime_transitive
road_network.py,_h,_h,151,function,,none,yes,10,0,road_network.py:188; road_network.py:244; road_network.py:253; road_network.py:284,,no,no,0,no,,,,helper_reachable,runtime_transitive
road_network.py,_h,_h,158,function,,none,yes,10,0,road_network.py:188; road_network.py:244; road_network.py:253; road_network.py:284,,no,no,0,no,,,,helper_reachable,runtime_transitive
road_network.py,_world_to_grid,_world_to_grid,180,function,,none,yes,4,0,road_network.py:191; road_network.py:192,,no,no,0,no,,,,helper_reachable,runtime_transitive
road_network.py,_grid_to_world,_grid_to_world,185,function,,none,yes,2,0,road_network.py:315,,no,no,0,no,,,,helper_reachable,runtime_transitive
road_network.py,_heuristic,_heuristic,203,function,,none,yes,4,0,road_network.py:213; road_network.py:303,,no,no,0,no,,,,helper_reachable,runtime_transitive
road_network.py,_simplify_path_rdp,_simplify_path_rdp,326,function,,none,yes,6,0,road_network.py:362; road_network.py:363; road_network.py:1207,,no,no,0,no,,,,helper_reachable,runtime_transitive
road_network.py,compute_mst_edges,compute_mst_edges,374,function,,none,yes,2,12,road_network.py:1167,veilbreakers_terrain/tests/test_road_coastline_terrain_features.py:23; veilbreakers_terrain/tests/test_road_coastline_terrain_features.py:33; veilbreakers_terrain/tests/test_road_coastline_terrain_features.py:39; veilbreakers_terrain/tests/test_road_coastline_terrain_features.py:45; veilbreakers_terrain/tests/test_road_coastline_terrain_features.py:52,yes,yes,1,yes,A,B,FAIL_NONE,helper_reachable,runtime_transitive
road_network.py,_find,_find,425,function,,none,yes,4,0,road_network.py:432,,no,no,0,no,,,,helper_reachable,runtime_transitive
road_network.py,_union,_union,431,function,,none,yes,2,0,road_network.py:444,,no,no,0,no,,,,helper_reachable,runtime_transitive
road_network.py,_classify_road_type,_classify_road_type,470,function,,none,yes,2,8,road_network.py:1187,veilbreakers_terrain/tests/test_road_coastline_terrain_features.py:72; veilbreakers_terrain/tests/test_road_coastline_terrain_features.py:77; veilbreakers_terrain/tests/test_road_coastline_terrain_features.py:82; veilbreakers_terrain/tests/test_road_coastline_terrain_features.py:87,yes,yes,1,yes,B+,C+,FAIL_NONE,helper_reachable,runtime_transitive
road_network.py,_classify_road_type_extended,_classify_road_type_extended,482,function,,none,yes,2,0,road_network.py:1188,,no,no,0,no,,,,helper_reachable,runtime_transitive
road_network.py,_compute_slope_degrees,_compute_slope_degrees,520,function,,none,yes,4,8,road_network.py:559; road_network.py:1182,veilbreakers_terrain/tests/test_road_coastline_terrain_features.py:96; veilbreakers_terrain/tests/test_road_coastline_terrain_features.py:101; veilbreakers_terrain/tests/test_road_coastline_terrain_features.py:107; veilbreakers_terrain/tests/test_road_coastline_terrain_features.py:113,no,no,0,no,,,,helper_reachable,runtime_transitive
road_network.py,_generate_switchback_points,_generate_switchback_points,547,function,,none,yes,2,10,road_network.py:1217,veilbreakers_terrain/tests/test_road_coastline_terrain_features.py:123; veilbreakers_terrain/tests/test_road_coastline_terrain_features.py:129; veilbreakers_terrain/tests/test_road_coastline_terrain_features.py:137; veilbreakers_terrain/tests/test_road_coastline_terrain_features.py:144; veilbreakers_terrain/tests/test_road_coastline_terrain_features.py:145,yes,yes,1,yes,A,B,FAIL_NONE,helper_reachable,runtime_transitive
road_network.py,_compute_worn_path_spec,_compute_worn_path_spec,630,function,,none,yes,2,0,road_network.py:1234,,no,no,0,no,,,,helper_reachable,runtime_transitive
road_network.py,_closest_point_on_segment,_closest_point_on_segment,705,function,,none,no,2,0,road_network.py:733,,no,no,0,no,,,,helper_reachable,module_local_helper
road_network.py,_segments_near,_segments_near,718,function,,none,no,0,6,,veilbreakers_terrain/tests/test_road_coastline_terrain_features.py:157; veilbreakers_terrain/tests/test_road_coastline_terrain_features.py:167; veilbreakers_terrain/tests/test_road_coastline_terrain_features.py:175,no,no,0,no,,,,test_only_or_unwired,test_only_or_unwired
road_network.py,_classify_intersection,_classify_intersection,749,function,,none,no,0,4,,veilbreakers_terrain/tests/test_road_coastline_terrain_features.py:187; veilbreakers_terrain/tests/test_road_coastline_terrain_features.py:200,yes,yes,1,yes,A,B,FAIL_NONE,test_only_or_unwired,test_only_or_unwired
road_network.py,_sample_heightmap_bilinear,_sample_heightmap_bilinear,808,function,,none,yes,4,0,road_network.py:849; road_network.py:881,,no,no,0,no,,,,helper_reachable,runtime_transitive
road_network.py,_sample_heightmap,_sample_heightmap,847,function,,none,no,0,0,,,no,no,0,no,,,,orphan_candidate,orphan_candidate
road_network.py,_detect_bridges,_detect_bridges,856,function,,none,yes,2,8,road_network.py:1256,veilbreakers_terrain/tests/test_road_coastline_terrain_features.py:211; veilbreakers_terrain/tests/test_road_coastline_terrain_features.py:219; veilbreakers_terrain/tests/test_road_coastline_terrain_features.py:227; veilbreakers_terrain/tests/test_road_coastline_terrain_features.py:240,yes,yes,1,yes,A,B,FAIL_NONE,helper_reachable,runtime_transitive
road_network.py,_road_cross_section_z,_road_cross_section_z,919,function,,none,yes,2,0,road_network.py:982,,no,no,0,no,,,,helper_reachable,runtime_transitive
road_network.py,_road_segment_mesh_spec,_road_segment_mesh_spec,932,function,,none,yes,2,6,road_network.py:1239,veilbreakers_terrain/tests/test_road_coastline_terrain_features.py:333; veilbreakers_terrain/tests/test_road_coastline_terrain_features.py:342; veilbreakers_terrain/tests/test_road_coastline_terrain_features.py:348,yes,yes,1,yes,A,B,FAIL_NONE,helper_reachable,runtime_transitive
road_network.py,_bridge_mesh_spec,_bridge_mesh_spec,1016,function,,none,yes,2,0,road_network.py:1262,,no,no,0,no,,,,helper_reachable,runtime_transitive
road_network.py,compute_road_network,compute_road_network,1050,function,,none,yes,2,24,road_network.py:1304,veilbreakers_terrain/tests/test_road_coastline_terrain_features.py:256; veilbreakers_terrain/tests/test_road_coastline_terrain_features.py:267; veilbreakers_terrain/tests/test_road_coastline_terrain_features.py:274; veilbreakers_terrain/tests/test_road_coastline_terrain_features.py:281; veilbreakers_terrain/tests/test_road_coastline_terrain_features.py:282,yes,yes,1,yes,A,B,FAIL_NONE,helper_reachable,runtime_transitive
road_network.py,_traffic_for_pair,_traffic_for_pair,1161,function,,none,yes,2,0,road_network.py:1183,,no,no,0,no,,,,helper_reachable,runtime_transitive
road_network.py,handle_compute_road_network,handle_compute_road_network,1282,function,,command_handler,yes,0,0,,,yes,yes,1,yes,A,B-,FAIL_NONE,runtime_primary,runtime_primary
terrain_addon_health.py,_addon_init_path,_addon_init_path,32,function,,none,yes,10,0,terrain_addon_health.py:43; terrain_addon_health.py:74; terrain_addon_health.py:76; terrain_addon_health.py:96; terrain_addon_health.py:131,,yes,yes,1,no,B,D+,FAIL_NONE,helper_reachable,runtime_transitive
terrain_addon_health.py,_read_bl_info_version,_read_bl_info_version,37,function,,none,yes,4,4,terrain_addon_health.py:91; terrain_addon_health.py:168,veilbreakers_terrain/tests/test_bundle_r.py:568; veilbreakers_terrain/tests/test_bundle_r.py:608,yes,yes,1,no,B,C-,FAIL_NONE,helper_reachable,runtime_transitive
terrain_addon_health.py,assert_addon_loaded,assert_addon_loaded,72,function,,none,yes,2,2,__init__.py:742,veilbreakers_terrain/tests/test_bundle_r.py:550,yes,yes,1,no,A-,C+,FAIL_NONE,helper_reachable,runtime_transitive
terrain_addon_health.py,assert_addon_version_matches,assert_addon_version_matches,80,function,,none,yes,4,4,__init__.py:743; terrain_protocol.py:277,veilbreakers_terrain/tests/test_bundle_r.py:558; veilbreakers_terrain/tests/test_bundle_r.py:572,yes,yes,1,no,A-,B,FAIL_NONE,helper_reachable,runtime_transitive
terrain_addon_health.py,assert_handlers_registered,assert_handlers_registered,107,function,,none,no,0,4,,veilbreakers_terrain/tests/test_bundle_r.py:580; veilbreakers_terrain/tests/test_bundle_r.py:590,yes,yes,1,no,B+,C,FAIL_NONE,test_only_or_unwired,test_only_or_unwired
terrain_addon_health.py,detect_stale_addon,detect_stale_addon,118,function,,none,yes,4,2,__init__.py:754; __init__.py:759,veilbreakers_terrain/tests/test_bundle_r.py:596,yes,yes,1,no,C-,F,FAIL_NONE,helper_reachable,runtime_transitive
terrain_addon_health.py,force_addon_reload,force_addon_reload,178,function,,none,yes,2,2,__init__.py:762,veilbreakers_terrain/tests/test_bundle_r.py:602,yes,yes,1,no,C,D,FAIL_NONE,helper_reachable,runtime_transitive
terrain_advanced.py,_detect_grid_dims,_detect_grid_dims,34,function,,none,yes,6,0,terrain_advanced.py:1159; terrain_advanced.py:1620; terrain_advanced.py:2263,,yes,yes,1,no,B,C,FAIL_NONE,helper_reachable,runtime_transitive
terrain_advanced.py,_cubic_bezier_point,_cubic_bezier_point,60,function,,none,no,2,0,terrain_advanced.py:167,,yes,yes,1,no,A,C+,FAIL_NONE,helper_reachable,module_local_helper
terrain_advanced.py,_auto_control_points,_auto_control_points,84,function,,none,no,2,0,terrain_advanced.py:160,,yes,yes,1,no,A-,C+,FAIL_NONE,helper_reachable,module_local_helper
terrain_advanced.py,evaluate_spline,evaluate_spline,142,function,,none,no,0,12,,veilbreakers_terrain/tests/test_terrain_advanced.py:39; veilbreakers_terrain/tests/test_terrain_advanced.py:49; veilbreakers_terrain/tests/test_terrain_advanced.py:55; veilbreakers_terrain/tests/test_terrain_advanced.py:61; veilbreakers_terrain/tests/test_terrain_advanced.py:71,yes,yes,1,no,B+,C,FAIL_NONE,test_only_or_unwired,test_only_or_unwired
terrain_advanced.py,distance_point_to_polyline,distance_point_to_polyline,173,function,,none,yes,2,12,terrain_advanced.py:417,veilbreakers_terrain/tests/test_terrain_advanced.py:83; veilbreakers_terrain/tests/test_terrain_advanced.py:90; veilbreakers_terrain/tests/test_terrain_advanced.py:96; veilbreakers_terrain/tests/test_terrain_advanced.py:102; veilbreakers_terrain/tests/test_terrain_advanced.py:109,yes,yes,1,no,A-,C+,FAIL_NONE,helper_reachable,runtime_transitive
terrain_advanced.py,compute_falloff,compute_falloff,268,function,,none,yes,4,16,terrain_advanced.py:427; terrain_advanced.py:895,veilbreakers_terrain/tests/test_terrain_advanced.py:198; veilbreakers_terrain/tests/test_terrain_advanced.py:202; veilbreakers_terrain/tests/test_terrain_advanced.py:206; veilbreakers_terrain/tests/test_terrain_advanced.py:210; veilbreakers_terrain/tests/test_terrain_advanced.py:214,yes,yes,1,no,B+,C,FAIL_NONE,helper_reachable,runtime_transitive
terrain_advanced.py,_catmull_rom_point,_catmull_rom_point,291,function,,none,yes,2,0,terrain_advanced.py:337,,yes,yes,1,yes,A,B-,FAIL_NONE,helper_reachable,runtime_transitive
terrain_advanced.py,_evaluate_catmull_rom_spline,_evaluate_catmull_rom_spline,313,function,,none,yes,2,0,terrain_advanced.py:402,,yes,yes,1,yes,A-,C+,FAIL_NONE,helper_reachable,runtime_transitive
terrain_advanced.py,compute_spline_deformation,compute_spline_deformation,341,function,,none,yes,2,12,terrain_advanced.py:534,veilbreakers_terrain/tests/test_terrain_advanced.py:139; veilbreakers_terrain/tests/test_terrain_advanced.py:149; veilbreakers_terrain/tests/test_terrain_advanced.py:164; veilbreakers_terrain/tests/test_terrain_advanced.py:172; veilbreakers_terrain/tests/test_terrain_advanced.py:179,yes,yes,1,yes,B+,C+,FAIL_NONE,helper_reachable,runtime_transitive
terrain_advanced.py,handle_spline_deform,handle_spline_deform,464,function,,command_handler,yes,0,0,,,yes,yes,1,yes,B+,C+,FAIL_NONE,runtime_primary,runtime_primary
terrain_advanced.py,TerrainLayer.to_dict,to_dict,603,method,TerrainLayer,none,yes,4,0,terrain_advanced.py:1096; terrain_advanced.py:1106; terrain_advanced.py:1139; terrain_advanced.py:1192,,yes,yes,1,yes,A-,C+,FAIL_NONE,helper_reachable,runtime_transitive
terrain_advanced.py,TerrainLayer.from_dict,from_dict,634,method,TerrainLayer,none,yes,1,0,terrain_advanced.py:1068,,yes,yes,1,yes,A-,C+,FAIL_NONE,helper_reachable,runtime_transitive
terrain_advanced.py,apply_layer_operation,apply_layer_operation,754,function,,none,yes,2,12,terrain_advanced.py:1130,veilbreakers_terrain/tests/test_terrain_advanced.py:272; veilbreakers_terrain/tests/test_terrain_advanced.py:283; veilbreakers_terrain/tests/test_terrain_advanced.py:292; veilbreakers_terrain/tests/test_terrain_advanced.py:304; veilbreakers_terrain/tests/test_terrain_advanced.py:311,yes,yes,1,yes,B+,C+,FAIL_NONE,helper_reachable,runtime_transitive
terrain_advanced.py,flatten_layers,flatten_layers,936,function,,none,yes,2,10,terrain_advanced.py:1162,veilbreakers_terrain/tests/test_terrain_advanced.py:340; veilbreakers_terrain/tests/test_terrain_advanced.py:348; veilbreakers_terrain/tests/test_terrain_advanced.py:358; veilbreakers_terrain/tests/test_terrain_advanced.py:364; veilbreakers_terrain/tests/test_terrain_advanced.py:372,yes,yes,1,yes,B+,C+,FAIL_NONE,helper_reachable,runtime_transitive
terrain_advanced.py,handle_terrain_layers,handle_terrain_layers,1010,function,,command_handler,yes,0,0,,,yes,yes,1,yes,B+,C+,FAIL_NONE,runtime_primary,runtime_primary
terrain_advanced.py,BrushResult.max,max,1260,method,BrushResult,none,yes,86,0,terrain_advanced.py:45; terrain_advanced.py:236; terrain_advanced.py:284; terrain_advanced.py:409; terrain_advanced.py:426,,yes,yes,1,yes,A,B-,FAIL_NONE,helper_reachable,runtime_transitive
terrain_advanced.py,BrushResult.min,min,1264,method,BrushResult,none,yes,30,0,terrain_advanced.py:236; terrain_advanced.py:284; terrain_advanced.py:409; terrain_advanced.py:435; terrain_advanced.py:509,,yes,yes,1,yes,A,B-,FAIL_NONE,helper_reachable,runtime_transitive
terrain_advanced.py,compute_erosion_brush,compute_erosion_brush,1269,function,,none,yes,2,22,terrain_advanced.py:1634,veilbreakers_terrain/tests/test_terrain_advanced.py:669; veilbreakers_terrain/tests/test_terrain_advanced.py:679; veilbreakers_terrain/tests/test_terrain_advanced.py:689; veilbreakers_terrain/tests/test_terrain_advanced.py:698; veilbreakers_terrain/tests/test_terrain_advanced.py:704,yes,yes,1,yes,A-,B-,FAIL_NONE,helper_reachable,runtime_transitive
terrain_advanced.py,handle_erosion_paint,handle_erosion_paint,1575,function,,command_handler,yes,0,0,,,yes,yes,1,yes,B,C,FAIL_NONE,runtime_primary,runtime_primary
terrain_advanced.py,compute_flow_map,compute_flow_map,1688,function,,none,yes,8,42,_terrain_world.py:317; environment.py:1942; environment.py:2103; terrain_twelve_step.py:915,veilbreakers_terrain/tests/test_cross_feature.py:35; veilbreakers_terrain/tests/test_cross_feature.py:82; veilbreakers_terrain/tests/test_cross_feature.py:353; veilbreakers_terrain/tests/test_cross_feature.py:395; veilbreakers_terrain/tests/test_phase14_wave1.py:122,yes,yes,1,yes,B+,B-,FAIL_NONE,helper_reachable,runtime_transitive
terrain_advanced.py,_uf_find,_uf_find,1773,function,,none,yes,6,0,terrain_advanced.py:1797; terrain_advanced.py:1798; terrain_advanced.py:1806,,no,no,0,no,,,,helper_reachable,runtime_transitive
terrain_advanced.py,apply_thermal_erosion,apply_thermal_erosion,1829,function,,none,no,0,22,,veilbreakers_terrain/tests/test_p7_thermal_consolidation.py:30; veilbreakers_terrain/tests/test_p7_thermal_consolidation.py:42; veilbreakers_terrain/tests/test_p7_thermal_consolidation.py:52; veilbreakers_terrain/tests/test_terrain_advanced.py:494; veilbreakers_terrain/tests/test_terrain_advanced.py:501,yes,yes,1,yes,A,B+,FAIL_NONE,helper_reachable,test_only_or_unwired
terrain_advanced.py,compute_stamp_heightmap,compute_stamp_heightmap,1921,function,,none,yes,2,20,terrain_advanced.py:2255,veilbreakers_terrain/tests/test_terrain_advanced.py:558; veilbreakers_terrain/tests/test_terrain_advanced.py:564; veilbreakers_terrain/tests/test_terrain_advanced.py:572; veilbreakers_terrain/tests/test_terrain_advanced.py:578; veilbreakers_terrain/tests/test_terrain_advanced.py:584,yes,yes,1,yes,B+,C+,FAIL_NONE,helper_reachable,runtime_transitive
terrain_advanced.py,_bilinear_sample,_bilinear_sample,2011,function,,none,no,0,0,,,yes,yes,1,yes,A-,C+,FAIL_NONE,orphan_candidate,orphan_candidate
terrain_advanced.py,apply_stamp_to_heightmap,apply_stamp_to_heightmap,2038,function,,none,yes,2,12,terrain_advanced.py:2322,veilbreakers_terrain/tests/test_terrain_advanced.py:600; veilbreakers_terrain/tests/test_terrain_advanced.py:610; veilbreakers_terrain/tests/test_terrain_advanced.py:614; veilbreakers_terrain/tests/test_terrain_advanced.py:627; veilbreakers_terrain/tests/test_terrain_advanced.py:637,yes,yes,1,yes,A-,B-,FAIL_NONE,helper_reachable,runtime_transitive
terrain_advanced.py,handle_terrain_stamp,handle_terrain_stamp,2207,function,,command_handler,yes,0,0,,,yes,yes,1,yes,B+,C+,FAIL_NONE,runtime_primary,runtime_primary
terrain_advanced.py,handle_snap_to_terrain,handle_snap_to_terrain,2359,function,,command_handler,yes,0,0,,,yes,yes,1,yes,B+,C+,FAIL_NONE,runtime_primary,runtime_primary
terrain_advanced.py,flatten_terrain_zone,flatten_terrain_zone,2456,function,,none,yes,2,18,terrain_advanced.py:2562,veilbreakers_terrain/tests/test_terrain_advanced_world_units.py:102; veilbreakers_terrain/tests/test_terrain_advanced_world_units.py:123; veilbreakers_terrain/tests/test_terrain_flatten.py:42; veilbreakers_terrain/tests/test_terrain_flatten.py:69; veilbreakers_terrain/tests/test_terrain_flatten.py:96,yes,yes,1,no,A-,C+,FAIL_NONE,helper_reachable,runtime_transitive
terrain_advanced.py,flatten_multiple_zones,flatten_multiple_zones,2524,function,,none,yes,8,4,environment.py:1819; environment.py:1933; environment.py:2082; terrain_advanced.py:2737,veilbreakers_terrain/tests/test_terrain_flatten.py:160; veilbreakers_terrain/tests/test_terrain_flatten.py:182,yes,yes,1,yes,B+,B-,FAIL_NONE,helper_reachable,runtime_transitive
terrain_advanced.py,handle_terrain_flatten_zone,handle_terrain_flatten_zone,2574,function,,command_handler,yes,0,0,,,yes,yes,1,yes,B+,C+,FAIL_NONE,runtime_primary,runtime_primary
terrain_asset_metadata.py,AABB.size_x,size_x,77,property,AABB,none,no,0,0,,,no,no,0,no,,,,orphan_candidate,orphan_candidate
terrain_asset_metadata.py,AABB.size_y,size_y,81,property,AABB,none,no,0,0,,,no,no,0,no,,,,orphan_candidate,orphan_candidate
terrain_asset_metadata.py,AABB.size_z,size_z,85,property,AABB,none,no,0,0,,,no,no,0,no,,,,orphan_candidate,orphan_candidate
terrain_asset_metadata.py,AABB.diagonal,diagonal,89,property,AABB,none,no,0,0,,,no,no,0,no,,,,orphan_candidate,orphan_candidate
terrain_asset_metadata.py,AABB.volume,volume,94,property,AABB,none,no,0,0,,,no,no,0,no,,,,orphan_candidate,orphan_candidate
terrain_asset_metadata.py,AABB.center,center,98,property,AABB,none,no,0,0,,,no,no,0,no,,,,test_only_or_unwired,orphan_candidate
terrain_asset_metadata.py,validate_asset_metadata,validate_asset_metadata,174,function,,none,no,0,12,,veilbreakers_terrain/tests/test_bundle_egjn_supplements.py:107; veilbreakers_terrain/tests/test_bundle_egjn_supplements.py:116; veilbreakers_terrain/tests/test_bundle_egjn_supplements.py:128; veilbreakers_terrain/tests/test_bundle_egjn_supplements.py:138; veilbreakers_terrain/tests/test_bundle_egjn_supplements.py:148,yes,yes,1,yes,A,B,FAIL_NONE,test_only_or_unwired,test_only_or_unwired
terrain_asset_metadata.py,classify_size_from_bounds,classify_size_from_bounds,304,function,,none,no,0,8,,veilbreakers_terrain/tests/test_bundle_egjn_supplements.py:162; veilbreakers_terrain/tests/test_bundle_egjn_supplements.py:163; veilbreakers_terrain/tests/test_bundle_egjn_supplements.py:164; veilbreakers_terrain/tests/test_bundle_egjn_supplements.py:165,yes,yes,1,yes,A,B,FAIL_NONE,test_only_or_unwired,test_only_or_unwired
terrain_asset_metadata.py,AssetContextRuleExt.effective_variance,effective_variance,346,method,AssetContextRuleExt,none,no,0,0,,,yes,yes,1,yes,A,C+,FAIL_NONE,test_only_or_unwired,orphan_candidate
terrain_asset_metadata.py,AssetContextRuleExt.blended_score,blended_score,407,method,AssetContextRuleExt,none,no,0,0,,,no,no,0,no,,,,orphan_candidate,orphan_candidate
terrain_assets.py,classify_asset_role,classify_asset_role,152,function,,none,no,0,14,,veilbreakers_terrain/tests/test_terrain_assets.py:358; veilbreakers_terrain/tests/test_terrain_assets.py:359; veilbreakers_terrain/tests/test_terrain_assets.py:360; veilbreakers_terrain/tests/test_terrain_assets.py:361; veilbreakers_terrain/tests/test_terrain_assets.py:362,yes,yes,1,yes,A-,B-,FAIL_NONE,test_only_or_unwired,test_only_or_unwired
terrain_assets.py,build_asset_context_rules,build_asset_context_rules,176,function,,none,yes,2,2,terrain_assets.py:805,veilbreakers_terrain/tests/test_terrain_assets.py:283,yes,yes,1,no,A-,C+,FAIL_NONE,helper_reachable,runtime_transitive
terrain_assets.py,compute_viability,compute_viability,283,function,,none,yes,2,10,terrain_assets.py:505,veilbreakers_terrain/tests/test_terrain_assets.py:132; veilbreakers_terrain/tests/test_terrain_assets.py:145; veilbreakers_terrain/tests/test_terrain_assets.py:156; veilbreakers_terrain/tests/test_terrain_assets.py:164; veilbreakers_terrain/tests/test_terrain_assets.py:180,yes,yes,1,no,A,B+,FAIL_NONE,helper_reachable,runtime_transitive
terrain_assets.py,_cell_to_world,_cell_to_world,346,function,,none,yes,4,0,terrain_assets.py:524; terrain_assets.py:597,,yes,yes,1,no,A,B,FAIL_NONE,helper_reachable,runtime_transitive
terrain_assets.py,_poisson_in_mask,_poisson_in_mask,362,function,,none,yes,2,0,terrain_assets.py:516,,yes,yes,1,no,A-,C+,FAIL_NONE,helper_reachable,runtime_transitive
terrain_assets.py,_gkey,_gkey,398,function,,none,yes,2,0,terrain_assets.py:405,,no,no,0,no,,,,helper_reachable,runtime_transitive
terrain_assets.py,_protected_mask,_protected_mask,432,function,,none,yes,2,0,terrain_assets.py:807,,yes,yes,1,yes,A-,B-,FAIL_NONE,helper_reachable,runtime_transitive
terrain_assets.py,_region_mask,_region_mask,458,function,,none,yes,4,0,terrain_assets.py:497; terrain_assets.py:561,,yes,yes,1,yes,A,B-,FAIL_NONE,helper_reachable,runtime_transitive
terrain_assets.py,place_assets_by_zone,place_assets_by_zone,481,function,,none,yes,2,14,terrain_assets.py:809,veilbreakers_terrain/tests/test_terrain_assets.py:199; veilbreakers_terrain/tests/test_terrain_assets.py:200; veilbreakers_terrain/tests/test_terrain_assets.py:215; veilbreakers_terrain/tests/test_terrain_assets.py:230; veilbreakers_terrain/tests/test_terrain_assets.py:243,yes,yes,1,no,A,A-,FAIL_NONE,helper_reachable,runtime_transitive
terrain_assets.py,_cluster_around,_cluster_around,530,function,,none,yes,6,0,terrain_assets.py:609; terrain_assets.py:627; terrain_assets.py:645,,yes,yes,1,no,A-,C+,FAIL_NONE,helper_reachable,runtime_transitive
terrain_assets.py,cluster_rocks_for_cliffs,cluster_rocks_for_cliffs,601,function,,none,yes,2,2,terrain_assets.py:820,veilbreakers_terrain/tests/test_terrain_assets.py:300,yes,yes,1,yes,A-,B-,FAIL_NONE,helper_reachable,runtime_transitive
terrain_assets.py,cluster_rocks_for_waterfalls,cluster_rocks_for_waterfalls,619,function,,none,yes,2,2,terrain_assets.py:827,veilbreakers_terrain/tests/test_terrain_assets.py:313,yes,yes,1,yes,A-,B-,FAIL_NONE,helper_reachable,runtime_transitive
terrain_assets.py,scatter_debris_for_caves,scatter_debris_for_caves,637,function,,none,yes,2,2,terrain_assets.py:834,veilbreakers_terrain/tests/test_terrain_assets.py:325,yes,yes,1,yes,A-,B-,FAIL_NONE,helper_reachable,runtime_transitive
terrain_assets.py,validate_asset_density_and_overlap,validate_asset_density_and_overlap,660,function,,none,yes,2,2,terrain_assets.py:866,veilbreakers_terrain/tests/test_terrain_assets.py:345,yes,yes,1,no,A-,C+,FAIL_NONE,helper_reachable,runtime_transitive
terrain_assets.py,_build_tree_instance_array,_build_tree_instance_array,738,function,,none,yes,2,0,terrain_assets.py:843,,yes,yes,1,yes,A,B-,FAIL_NONE,helper_reachable,runtime_transitive
terrain_assets.py,_build_detail_density,_build_detail_density,762,function,,none,yes,2,0,terrain_assets.py:844,,yes,yes,1,yes,A-,C+,FAIL_NONE,helper_reachable,runtime_transitive
terrain_assets.py,pass_scatter_intelligent,pass_scatter_intelligent,790,function,,"master_bundle_pass,module_registrar",yes,0,0,,,yes,yes,1,no,A,B+,FAIL_NONE,runtime_primary,runtime_primary
terrain_assets.py,register_bundle_e_passes,register_bundle_e_passes,893,function,,master_registrar,yes,0,2,,veilbreakers_terrain/tests/test_terrain_assets.py:114,yes,yes,1,no,A,B+,FAIL_NONE,runtime_primary,runtime_primary
terrain_audio_zones.py,_audio_cc_filter,_audio_cc_filter,182,function,,none,yes,12,0,terrain_audio_zones.py:341; terrain_audio_zones.py:342; terrain_audio_zones.py:345; terrain_audio_zones.py:356; terrain_audio_zones.py:367,,no,no,0,no,,,,helper_reachable,runtime_transitive
terrain_audio_zones.py,_component_boundary_polygon,_component_boundary_polygon,201,function,,none,yes,2,0,terrain_audio_zones.py:500,,no,no,0,no,,,,helper_reachable,runtime_transitive
terrain_audio_zones.py,_sabine_rt60,_sabine_rt60,224,function,,none,yes,2,0,terrain_audio_zones.py:490,,no,no,0,no,,,,helper_reachable,runtime_transitive
terrain_audio_zones.py,_cliff_echo_delay,_cliff_echo_delay,262,function,,none,yes,2,0,terrain_audio_zones.py:446,,no,no,0,no,,,,helper_reachable,runtime_transitive
terrain_audio_zones.py,_classify_raster,_classify_raster,291,function,,none,yes,6,0,terrain_audio_zones.py:417; terrain_audio_zones.py:438; terrain_audio_zones.py:560,,no,no,0,no,,,,helper_reachable,runtime_transitive
terrain_audio_zones.py,compute_audio_reverb_zones,compute_audio_reverb_zones,397,function,,none,no,0,6,,veilbreakers_terrain/tests/test_terrain_ecosystem.py:98; veilbreakers_terrain/tests/test_terrain_ecosystem.py:112; veilbreakers_terrain/tests/test_terrain_ecosystem.py:125,yes,yes,1,yes,B+,C+,FAIL_NONE,test_only_or_unwired,test_only_or_unwired
terrain_audio_zones.py,compute_audio_zone_list,compute_audio_zone_list,420,function,,none,yes,2,0,terrain_audio_zones.py:563,,no,no,0,no,,,,helper_reachable,runtime_transitive
terrain_audio_zones.py,pass_audio_zones,pass_audio_zones,540,function,,"master_bundle_pass,module_registrar",yes,0,6,,veilbreakers_terrain/tests/test_terrain_ecosystem.py:132; veilbreakers_terrain/tests/test_terrain_ecosystem.py:478; veilbreakers_terrain/tests/test_terrain_ecosystem.py:706,yes,yes,1,yes,B+,B-,FAIL_NONE,registrar_declared_only,runtime_primary
terrain_audio_zones.py,register_bundle_j_audio_zones_pass,register_bundle_j_audio_zones_pass,604,function,,master_registrar,yes,2,0,terrain_bundle_j.py:53,,yes,yes,1,no,A-,C+,FAIL_NONE,helper_reachable,runtime_primary
terrain_baked.py,_NumpyEncoder.default,default,36,method,_NumpyEncoder,none,no,1,0,terrain_baked.py:43,,yes,yes,1,yes,A,C+,FAIL_NONE,helper_reachable,module_local_helper
terrain_baked.py,fbm_array,fbm_array,62,function,,none,no,0,0,,,no,no,0,no,,,,orphan_candidate,orphan_candidate
terrain_baked.py,_perlin_noise,_perlin_noise,121,function,,none,no,2,0,terrain_baked.py:160,,no,no,0,no,,,,helper_reachable,module_local_helper
terrain_baked.py,_BBoxCompat.min_x,min_x,201,property,_BBoxCompat,none,no,0,0,,,no,no,0,no,,,,test_only_or_unwired,orphan_candidate
terrain_baked.py,_BBoxCompat.min_y,min_y,205,property,_BBoxCompat,none,no,0,0,,,no,no,0,no,,,,test_only_or_unwired,orphan_candidate
terrain_baked.py,_BBoxCompat.max_x,max_x,209,property,_BBoxCompat,none,no,0,0,,,no,no,0,no,,,,test_only_or_unwired,orphan_candidate
terrain_baked.py,_BBoxCompat.max_y,max_y,213,property,_BBoxCompat,none,no,0,0,,,no,no,0,no,,,,orphan_candidate,orphan_candidate
terrain_baked.py,_BBoxCompat.width,width,217,property,_BBoxCompat,none,no,0,0,,,no,no,0,no,,,,orphan_candidate,orphan_candidate
terrain_baked.py,_BBoxCompat.height,height,221,property,_BBoxCompat,none,no,0,0,,,no,no,0,no,,,,test_only_or_unwired,orphan_candidate
terrain_baked.py,_BBoxCompat.center,center,225,property,_BBoxCompat,none,no,0,0,,,no,no,0,no,,,,test_only_or_unwired,orphan_candidate
terrain_baked.py,_BBoxCompat.contains_point,contains_point,228,method,_BBoxCompat,none,no,0,0,,,no,no,0,no,,,,helper_reachable,orphan_candidate
terrain_baked.py,_BBoxCompat.intersects,intersects,231,method,_BBoxCompat,none,no,0,0,,,no,no,0,no,,,,helper_reachable,orphan_candidate
terrain_baked.py,_BBoxCompat.contains,contains,235,method,_BBoxCompat,none,no,0,0,,,no,no,0,no,,,,orphan_candidate,orphan_candidate
terrain_baked.py,_BBoxCompat.union,union,240,method,_BBoxCompat,none,no,0,0,,,no,no,0,no,,,,test_only_or_unwired,orphan_candidate
terrain_baked.py,_BBoxCompat.expand,expand,247,method,_BBoxCompat,none,no,0,0,,,no,no,0,no,,,,orphan_candidate,orphan_candidate
terrain_baked.py,_BBoxCompat.to_tuple,to_tuple,254,method,_BBoxCompat,none,no,0,0,,,no,no,0,no,,,,helper_reachable,orphan_candidate
terrain_baked.py,BakedTerrain._grid_origin_and_scale,_grid_origin_and_scale,331,method,BakedTerrain,none,no,3,0,terrain_baked.py:351; terrain_baked.py:373; terrain_baked.py:591,,no,no,0,no,,,,helper_reachable,module_local_helper
terrain_baked.py,BakedTerrain._world_to_grid,_world_to_grid,343,method,BakedTerrain,none,no,2,0,terrain_baked.py:445; terrain_baked.py:450,,yes,yes,1,yes,A-,B,FAIL_NONE,helper_reachable,module_local_helper
terrain_baked.py,BakedTerrain._world_to_grid_batch,_world_to_grid_batch,360,method,BakedTerrain,none,no,3,0,terrain_baked.py:488; terrain_baked.py:507; terrain_baked.py:554,,no,no,0,no,,,,helper_reachable,module_local_helper
terrain_baked.py,BakedTerrain._bilinear,_bilinear,388,method,BakedTerrain,none,no,3,0,terrain_baked.py:446; terrain_baked.py:451; terrain_baked.py:452,,yes,yes,1,yes,A,C+,FAIL_NONE,helper_reachable,module_local_helper
terrain_baked.py,BakedTerrain._bilinear_batch,_bilinear_batch,404,method,BakedTerrain,none,no,4,0,terrain_baked.py:489; terrain_baked.py:508; terrain_baked.py:509; terrain_baked.py:555,,no,no,0,no,,,,helper_reachable,module_local_helper
terrain_baked.py,BakedTerrain.sample_height,sample_height,439,method,BakedTerrain,none,no,0,0,,,yes,yes,1,yes,A,B,FAIL_NONE,test_only_or_unwired,orphan_candidate
terrain_baked.py,BakedTerrain.get_gradient,get_gradient,448,method,BakedTerrain,none,no,1,0,terrain_baked.py:457,,yes,yes,1,yes,A,B,FAIL_NONE,helper_reachable,module_local_helper
terrain_baked.py,BakedTerrain.get_slope,get_slope,455,method,BakedTerrain,none,no,0,0,,,yes,yes,1,yes,A,B,FAIL_NONE,test_only_or_unwired,orphan_candidate
terrain_baked.py,BakedTerrain.sample_height_batch,sample_height_batch,464,method,BakedTerrain,none,no,0,0,,,no,no,0,no,,,,orphan_candidate,orphan_candidate
terrain_baked.py,BakedTerrain.get_gradient_batch,get_gradient_batch,492,method,BakedTerrain,none,no,1,0,terrain_baked.py:525,,no,no,0,no,,,,helper_reachable,module_local_helper
terrain_baked.py,BakedTerrain.get_slope_batch,get_slope_batch,512,method,BakedTerrain,none,no,0,0,,,no,no,0,no,,,,orphan_candidate,orphan_candidate
terrain_baked.py,BakedTerrain.sample_material_batch,sample_material_batch,528,method,BakedTerrain,none,no,0,0,,,no,no,0,no,,,,orphan_candidate,orphan_candidate
terrain_baked.py,BakedTerrain.compute_gradients,compute_gradients,561,method,BakedTerrain,none,no,0,0,,,no,no,0,no,,,,orphan_candidate,orphan_candidate
terrain_baked.py,BakedTerrain.world_bounds,world_bounds,580,method,BakedTerrain,none,no,0,0,,,no,no,0,no,,,,test_only_or_unwired,orphan_candidate
terrain_baked.py,BakedTerrain.banded_heights,banded_heights,604,method,BakedTerrain,none,no,0,0,,,no,no,0,no,,,,orphan_candidate,orphan_candidate
terrain_baked.py,BakedTerrain.height_band_mask,height_band_mask,645,method,BakedTerrain,none,no,0,0,,,no,no,0,no,,,,orphan_candidate,orphan_candidate
terrain_baked.py,BakedTerrain.height_strata_id,height_strata_id,703,method,BakedTerrain,none,no,0,0,,,no,no,0,no,,,,orphan_candidate,orphan_candidate
terrain_baked.py,BakedTerrain.height_strata_id_i16,height_strata_id_i16,739,method,BakedTerrain,none,no,0,0,,,no,no,0,no,,,,orphan_candidate,orphan_candidate
terrain_baked.py,BakedTerrain.slope_grid,slope_grid,762,method,BakedTerrain,none,no,1,0,terrain_baked.py:887,,no,no,0,no,,,,helper_reachable,module_local_helper
terrain_baked.py,BakedTerrain.curvature_grid,curvature_grid,773,method,BakedTerrain,none,no,2,0,terrain_baked.py:804; terrain_baked.py:891,,no,no,0,no,,,,helper_reachable,module_local_helper
terrain_baked.py,BakedTerrain.compute_ridge_map,compute_ridge_map,796,method,BakedTerrain,none,no,0,0,,,no,no,0,no,,,,orphan_candidate,orphan_candidate
terrain_baked.py,BakedTerrain.as_mask_stack,as_mask_stack,824,method,BakedTerrain,none,no,0,0,,,no,no,0,no,,,,orphan_candidate,orphan_candidate
terrain_baked.py,BakedTerrain.to_npz,to_npz,931,method,BakedTerrain,none,no,0,0,,,yes,yes,1,yes,A,B+,FAIL_NONE,helper_reachable,orphan_candidate
terrain_baked.py,BakedTerrain.from_npz,from_npz,956,method,BakedTerrain,none,no,0,0,,,yes,yes,1,yes,A,B+,FAIL_NONE,helper_reachable,orphan_candidate
terrain_banded.py,BandedHeightmap.shape,shape,106,property,BandedHeightmap,none,no,0,0,,,yes,yes,1,yes,A,C+,FAIL_TRANSITIVE_MODULE,test_only_or_unwired,orphan_candidate
terrain_banded.py,BandedHeightmap.band,band,109,method,BandedHeightmap,none,no,0,0,,,yes,yes,1,yes,A,C+,FAIL_TRANSITIVE_MODULE,test_only_or_unwired,orphan_candidate
terrain_banded.py,_coord_grids,_coord_grids,121,function,,none,yes,8,2,terrain_banded.py:523; terrain_banded.py:563; terrain_banded.py:599; terrain_banded.py:713,veilbreakers_terrain/tests/test_terrain_banded.py:183,yes,yes,1,yes,A,B-,FAIL_TRANSITIVE_MODULE,helper_reachable,runtime_transitive
terrain_banded.py,_fbm_array,_fbm_array,141,function,,none,yes,6,2,terrain_banded.py:526; terrain_banded.py:573; terrain_banded.py:690,veilbreakers_terrain/tests/test_terrain_banded.py:184,yes,yes,1,yes,A,B-,FAIL_TRANSITIVE_MODULE,helper_reachable,runtime_transitive
terrain_banded.py,_band_sdf_normalize,_band_sdf_normalize,173,function,,none,yes,10,0,terrain_banded.py:543; terrain_banded.py:580; terrain_banded.py:611; terrain_banded.py:693; terrain_banded.py:717,,no,no,0,no,,,,helper_reachable,runtime_transitive
terrain_banded.py,compute_anisotropic_breakup,compute_anisotropic_breakup,237,function,,none,yes,8,0,terrain_banded.py:808; terrain_banded.py:810; terrain_banded.py:812; terrain_banded.py:814,,yes,yes,1,yes,B+,B-,FAIL_TRANSITIVE_MODULE,helper_reachable,runtime_transitive
terrain_banded.py,_gauss_1d,_gauss_1d,328,function,,none,yes,4,0,terrain_banded.py:335; terrain_banded.py:336,,no,no,0,no,,,,helper_reachable,runtime_transitive
terrain_banded.py,_kuwahara_filter,_kuwahara_filter,355,function,,none,yes,2,0,terrain_banded.py:497,,no,no,0,no,,,,helper_reachable,runtime_transitive
terrain_banded.py,_integral,_integral,393,function,,none,yes,4,0,terrain_banded.py:399; terrain_banded.py:400,,no,no,0,no,,,,helper_reachable,runtime_transitive
terrain_banded.py,_box_stats,_box_stats,402,function,,none,yes,2,0,terrain_banded.py:438,,no,no,0,no,,,,helper_reachable,runtime_transitive
terrain_banded.py,_quadrant_stats,_quadrant_stats,433,function,,none,yes,8,0,terrain_banded.py:440; terrain_banded.py:441; terrain_banded.py:442; terrain_banded.py:443,,no,no,0,no,,,,helper_reachable,runtime_transitive
terrain_banded.py,apply_anti_grain_smoothing,apply_anti_grain_smoothing,456,function,,none,yes,8,0,terrain_banded.py:818; terrain_banded.py:819; terrain_banded.py:820; terrain_banded.py:821,,yes,yes,1,yes,A,B+,FAIL_TRANSITIVE_MODULE,helper_reachable,runtime_transitive
terrain_banded.py,_generate_macro_band,_generate_macro_band,506,function,,none,yes,2,0,terrain_banded.py:778,,yes,yes,1,yes,A,C+,FAIL_TRANSITIVE_MODULE,helper_reachable,runtime_transitive
terrain_banded.py,_generate_meso_band,_generate_meso_band,546,function,,none,yes,2,0,terrain_banded.py:783,,yes,yes,1,yes,A,C+,FAIL_TRANSITIVE_MODULE,helper_reachable,runtime_transitive
terrain_banded.py,_generate_micro_band,_generate_micro_band,583,function,,none,yes,2,0,terrain_banded.py:788,,yes,yes,1,yes,A,C+,FAIL_TRANSITIVE_MODULE,helper_reachable,runtime_transitive
terrain_banded.py,_generate_strata_band,_generate_strata_band,614,function,,none,yes,2,0,terrain_banded.py:793,,yes,yes,1,yes,B+,D+,"FAIL_NUMERIC_STABILITY,FAIL_TRANSITIVE_MODULE",helper_reachable,runtime_transitive
terrain_banded.py,_generate_warp_field,_generate_warp_field,696,function,,none,yes,2,0,terrain_banded.py:798,,yes,yes,1,yes,A,C+,FAIL_TRANSITIVE_MODULE,helper_reachable,runtime_transitive
terrain_banded.py,generate_banded_heightmap,generate_banded_heightmap,725,function,,none,yes,2,4,terrain_banded.py:955,veilbreakers_terrain/tests/test_terrain_banded.py:33; veilbreakers_terrain/tests/test_terrain_banded.py:325,yes,yes,1,yes,A,B-,FAIL_TRANSITIVE_MODULE,helper_reachable,runtime_transitive
terrain_banded.py,compose_banded_heightmap,compose_banded_heightmap,846,function,,none,yes,2,10,terrain_banded.py:842,veilbreakers_terrain/tests/test_terrain_banded.py:119; veilbreakers_terrain/tests/test_terrain_banded.py:134; veilbreakers_terrain/tests/test_terrain_banded.py:135; veilbreakers_terrain/tests/test_terrain_banded.py:154; veilbreakers_terrain/tests/test_terrain_banded.py:155,yes,yes,1,yes,A,C+,"FAIL_NUMERIC_STABILITY,FAIL_TRANSITIVE_MODULE",helper_reachable,runtime_transitive
terrain_banded.py,pass_banded_macro,pass_banded_macro,914,function,,"master_bundle_pass,module_registrar",yes,0,0,,,yes,yes,1,yes,A,B-,FAIL_TRANSITIVE_MODULE,runtime_primary,runtime_primary
terrain_banded.py,register_bundle_g_passes,register_bundle_g_passes,1014,function,,master_registrar,yes,0,4,,veilbreakers_terrain/tests/test_terrain_banded.py:243; veilbreakers_terrain/tests/test_terrain_banded.py:316,yes,yes,1,yes,A,B+,FAIL_TRANSITIVE_MODULE,runtime_primary,runtime_primary
terrain_banded_advanced.py,_value_noise_2d,_value_noise_2d,29,function,,none,no,2,0,terrain_banded_advanced.py:138,,no,no,0,no,,,,helper_reachable,module_local_helper
terrain_banded_advanced.py,_fade,_fade,48,function,,none,no,4,0,terrain_banded_advanced.py:51; terrain_banded_advanced.py:52,,no,no,0,no,,,,helper_reachable,module_local_helper
terrain_banded_advanced.py,_hash,_hash,54,function,,none,no,8,0,terrain_banded_advanced.py:57; terrain_banded_advanced.py:58; terrain_banded_advanced.py:59; terrain_banded_advanced.py:60,,no,no,0,no,,,,helper_reachable,module_local_helper
terrain_banded_advanced.py,compute_anisotropic_breakup,compute_anisotropic_breakup,65,function,,none,no,0,14,,veilbreakers_terrain/tests/test_bundle_egjn_supplements.py:213; veilbreakers_terrain/tests/test_bundle_egjn_supplements.py:214; veilbreakers_terrain/tests/test_bundle_egjn_supplements.py:220; veilbreakers_terrain/tests/test_bundle_egjn_supplements.py:225; veilbreakers_terrain/tests/test_bundle_egjn_supplements.py:230,yes,yes,1,yes,A,A-,FAIL_NONE,helper_reachable,test_only_or_unwired
terrain_banded_advanced.py,_kuwahara_quadrant_stats,_kuwahara_quadrant_stats,153,function,,none,no,2,0,terrain_banded_advanced.py:274,,no,no,0,no,,,,helper_reachable,module_local_helper
terrain_banded_advanced.py,_box_sum,_box_sum,185,function,,none,no,0,0,,,no,no,0,no,,,,orphan_candidate,orphan_candidate
terrain_banded_advanced.py,_box,_box,225,function,,none,no,4,0,terrain_banded_advanced.py:231; terrain_banded_advanced.py:232,,no,no,0,no,,,,helper_reachable,module_local_helper
terrain_banded_advanced.py,apply_anti_grain_smoothing,apply_anti_grain_smoothing,242,function,,none,no,0,8,,veilbreakers_terrain/tests/test_bundle_egjn_supplements.py:192; veilbreakers_terrain/tests/test_bundle_egjn_supplements.py:199; veilbreakers_terrain/tests/test_bundle_egjn_supplements.py:204; veilbreakers_terrain/tests/test_bundle_egjn_supplements.py:209,yes,yes,1,yes,A,A-,FAIL_NONE,helper_reachable,test_only_or_unwired
terrain_blender_safety.py,assert_z_is_up,assert_z_is_up,34,function,,none,no,2,10,terrain_blender_safety.py:189,veilbreakers_terrain/tests/test_bundle_r.py:620; veilbreakers_terrain/tests/test_bundle_r.py:621; veilbreakers_terrain/tests/test_bundle_r.py:622; veilbreakers_terrain/tests/test_bundle_r.py:623; veilbreakers_terrain/tests/test_bundle_r.py:633,yes,yes,1,yes,A,B,FAIL_NONE,helper_reachable,module_local_helper
terrain_blender_safety.py,convert_y_up_to_z_up,convert_y_up_to_z_up,48,function,,none,yes,2,2,__init__.py:805,veilbreakers_terrain/tests/test_bundle_r.py:639,yes,yes,1,yes,A,B,FAIL_NONE,helper_reachable,runtime_transitive
terrain_blender_safety.py,_rot_x,_rot_x,114,function,,none,yes,8,0,terrain_blender_safety.py:134; terrain_blender_safety.py:136; terrain_blender_safety.py:153; terrain_blender_safety.py:154,,no,no,0,no,,,,helper_reachable,runtime_transitive
terrain_blender_safety.py,_rot_y,_rot_y,118,function,,none,yes,4,0,terrain_blender_safety.py:134; terrain_blender_safety.py:153,,no,no,0,no,,,,helper_reachable,runtime_transitive
terrain_blender_safety.py,_rot_z,_rot_z,122,function,,none,yes,4,0,terrain_blender_safety.py:134; terrain_blender_safety.py:153,,no,no,0,no,,,,helper_reachable,runtime_transitive
terrain_blender_safety.py,_mat_mul,_mat_mul,126,function,,none,yes,12,0,terrain_blender_safety.py:134; terrain_blender_safety.py:137; terrain_blender_safety.py:153; terrain_blender_safety.py:155,,no,no,0,no,,,,helper_reachable,runtime_transitive
terrain_blender_safety.py,guard_z_up,guard_z_up,182,function,,none,no,0,0,,,yes,yes,1,yes,B+,C+,FAIL_NONE,orphan_candidate,orphan_candidate
terrain_blender_safety.py,wrapper,wrapper,186,function,,none,no,0,0,,,no,no,0,no,,,,orphan_candidate,orphan_candidate
terrain_blender_safety.py,clamp_screenshot_size,clamp_screenshot_size,204,function,,none,yes,2,10,__init__.py:821,veilbreakers_terrain/tests/test_bundle_r.py:664; veilbreakers_terrain/tests/test_bundle_r.py:665; veilbreakers_terrain/tests/test_bundle_r.py:674; veilbreakers_terrain/tests/test_bundle_r.py:680; veilbreakers_terrain/tests/test_bundle_r.py:681,yes,yes,1,yes,A,B,FAIL_NONE,helper_reachable,runtime_transitive
terrain_blender_safety.py,assert_boolean_safe,assert_boolean_safe,225,function,,none,yes,2,6,__init__.py:793,veilbreakers_terrain/tests/test_bundle_r.py:687; veilbreakers_terrain/tests/test_bundle_r.py:697; veilbreakers_terrain/tests/test_bundle_r.py:699,yes,yes,1,yes,A,B,FAIL_NONE,helper_reachable,runtime_transitive
terrain_blender_safety.py,decimate_to_safe_count,decimate_to_safe_count,244,function,,none,yes,2,4,__init__.py:789,veilbreakers_terrain/tests/test_bundle_r.py:708; veilbreakers_terrain/tests/test_bundle_r.py:715,yes,yes,1,yes,A-,B-,FAIL_NONE,helper_reachable,runtime_transitive
terrain_blender_safety.py,recommend_boolean_solver,recommend_boolean_solver,260,function,,none,yes,2,4,__init__.py:781,veilbreakers_terrain/tests/test_bundle_r.py:721; veilbreakers_terrain/tests/test_bundle_r.py:722,yes,yes,1,yes,A-,B-,FAIL_NONE,helper_reachable,runtime_transitive
terrain_blender_safety.py,import_tripo_glb_serialized,import_tripo_glb_serialized,339,function,,none,no,0,4,,veilbreakers_terrain/tests/test_bundle_r.py:736; veilbreakers_terrain/tests/test_bundle_r.py:747,yes,yes,1,yes,A,B,FAIL_NONE,test_only_or_unwired,test_only_or_unwired
terrain_blender_safety.py,get_tripo_import_log,get_tripo_import_log,375,function,,none,no,0,2,,veilbreakers_terrain/tests/test_bundle_r.py:737,yes,yes,1,yes,A,B,FAIL_NONE,test_only_or_unwired,test_only_or_unwired
terrain_blender_safety.py,clear_tripo_import_log,clear_tripo_import_log,380,function,,none,no,0,2,,veilbreakers_terrain/tests/test_bundle_r.py:732,yes,yes,1,yes,A,B,FAIL_NONE,test_only_or_unwired,test_only_or_unwired
terrain_budget_enforcer.py,BudgetReport.as_dict,as_dict,115,method,BudgetReport,none,no,0,0,,,no,no,0,no,,,,helper_reachable,orphan_candidate
terrain_budget_enforcer.py,_km2_from_stack,_km2_from_stack,174,function,,none,no,2,0,terrain_budget_enforcer.py:321,,yes,yes,1,yes,B+,C-,FAIL_NONE,helper_reachable,module_local_helper
terrain_budget_enforcer.py,_count_unique_materials,_count_unique_materials,180,function,,none,no,2,0,terrain_budget_enforcer.py:330,,yes,yes,1,yes,B+,C-,FAIL_NONE,helper_reachable,module_local_helper
terrain_budget_enforcer.py,_count_scatter_instances,_count_scatter_instances,192,function,,none,no,2,0,terrain_budget_enforcer.py:331,,yes,yes,1,yes,B+,C-,FAIL_NONE,helper_reachable,module_local_helper
terrain_budget_enforcer.py,_estimate_tri_count_per_lod,_estimate_tri_count_per_lod,209,function,,none,no,4,0,terrain_budget_enforcer.py:278; terrain_budget_enforcer.py:328,,yes,yes,1,yes,A,C+,FAIL_NONE,helper_reachable,module_local_helper
terrain_budget_enforcer.py,_estimate_tri_count,_estimate_tri_count,276,function,,none,no,0,0,,,yes,yes,1,yes,B+,C-,FAIL_NONE,orphan_candidate,orphan_candidate
terrain_budget_enforcer.py,_estimate_npz_mb,_estimate_npz_mb,281,function,,none,no,2,0,terrain_budget_enforcer.py:332,,yes,yes,1,yes,B+,C-,FAIL_NONE,helper_reachable,module_local_helper
terrain_budget_enforcer.py,compute_tile_budget_usage,compute_tile_budget_usage,292,function,,none,no,4,2,terrain_budget_enforcer.py:442; terrain_budget_enforcer.py:537,veilbreakers_terrain/tests/test_terrain_deep_qa.py:301,yes,yes,1,yes,A,B,FAIL_NONE,helper_reachable,module_local_helper
terrain_budget_enforcer.py,compute_budget_report,compute_budget_report,421,function,,none,no,0,0,,,yes,yes,1,yes,A,C+,FAIL_NONE,orphan_candidate,orphan_candidate
terrain_budget_enforcer.py,_issue_for,_issue_for,489,function,,none,no,4,0,terrain_budget_enforcer.py:551; terrain_budget_enforcer.py:571,,yes,yes,1,yes,B+,C-,FAIL_NONE,helper_reachable,module_local_helper
terrain_budget_enforcer.py,enforce_budget,enforce_budget,519,function,,none,no,2,6,terrain_pipeline.py:551,veilbreakers_terrain/tests/test_terrain_deep_qa.py:315; veilbreakers_terrain/tests/test_terrain_deep_qa.py:328; veilbreakers_terrain/tests/test_terrain_deep_qa.py:349,yes,yes,1,yes,A,B+,FAIL_NONE,test_only_or_unwired,cross_module_helper
terrain_bundle_j.py,register_bundle_j_passes,register_bundle_j_passes,49,function,,master_registrar,yes,0,8,,veilbreakers_terrain/tests/test_terrain_ecosystem.py:580; veilbreakers_terrain/tests/test_terrain_ecosystem.py:597; veilbreakers_terrain/tests/test_terrain_ecosystem.py:618; veilbreakers_terrain/tests/test_terrain_ecosystem.py:640,yes,yes,1,no,A,B+,FAIL_NONE,runtime_primary,runtime_primary
terrain_bundle_k.py,register_bundle_k_passes,register_bundle_k_passes,40,function,,master_registrar,yes,0,4,,veilbreakers_terrain/tests/test_terrain_material_ceiling.py:491; veilbreakers_terrain/tests/test_terrain_material_ceiling.py:509,yes,yes,1,no,A,B+,FAIL_NONE,runtime_primary,runtime_primary
terrain_bundle_l.py,register_bundle_l_passes,register_bundle_l_passes,30,function,,master_registrar,yes,0,4,,veilbreakers_terrain/tests/test_terrain_atmosphere.py:285; veilbreakers_terrain/tests/test_terrain_atmosphere.py:300,yes,yes,1,no,A,B+,FAIL_NONE,runtime_primary,runtime_primary
terrain_bundle_n.py,register_bundle_n_passes,register_bundle_n_passes,34,function,,none,no,0,2,,veilbreakers_terrain/tests/test_terrain_deep_qa.py:133,yes,yes,1,no,A-,B,FAIL_NONE,runtime_primary,test_only_or_unwired
terrain_bundle_o.py,register_bundle_o_passes,register_bundle_o_passes,19,function,,master_registrar,yes,0,14,,veilbreakers_terrain/tests/test_terrain_water_vegetation_depth.py:522; veilbreakers_terrain/tests/test_terrain_water_vegetation_depth.py:535; veilbreakers_terrain/tests/test_terrain_water_vegetation_depth.py:541; veilbreakers_terrain/tests/test_terrain_water_vegetation_depth.py:557; veilbreakers_terrain/tests/test_terrain_water_vegetation_depth.py:583,yes,yes,1,no,A,B+,FAIL_NONE,runtime_primary,runtime_primary
terrain_caves.py,_worley_noise_2d,_worley_noise_2d,49,function,,none,yes,2,0,terrain_caves.py:231,,no,no,0,no,,,,helper_reachable,runtime_transitive
terrain_caves.py,_perlin_noise_2d,_perlin_noise_2d,100,function,,none,yes,2,0,terrain_caves.py:232,,no,no,0,no,,,,helper_reachable,runtime_transitive
terrain_caves.py,_fade,_fade,121,function,,none,yes,4,0,terrain_caves.py:146; terrain_caves.py:147,,no,no,0,no,,,,helper_reachable,runtime_transitive
terrain_caves.py,_gradient_noise,_gradient_noise,125,function,,none,yes,2,0,terrain_caves.py:167,,no,no,0,no,,,,helper_reachable,runtime_transitive
terrain_caves.py,_dot_grad,_dot_grad,149,function,,none,yes,8,0,terrain_caves.py:153; terrain_caves.py:154; terrain_caves.py:155; terrain_caves.py:156,,no,no,0,no,,,,helper_reachable,runtime_transitive
terrain_caves.py,compute_cave_wall_texture,compute_cave_wall_texture,180,function,,none,yes,2,0,terrain_caves.py:1278,,no,no,0,no,,,,helper_reachable,runtime_transitive
terrain_caves.py,compute_speleothem_growth,compute_speleothem_growth,250,function,,none,yes,2,0,terrain_caves.py:1844,,no,no,0,no,,,,helper_reachable,runtime_transitive
terrain_caves.py,validate_entrance_cliff_compatible,validate_entrance_cliff_compatible,369,function,,none,yes,2,0,terrain_caves.py:1825,,no,no,0,no,,,,helper_reachable,runtime_transitive
terrain_caves.py,make_archetype_spec,make_archetype_spec,570,function,,none,yes,4,20,terrain_caves.py:1080; terrain_caves.py:1754,veilbreakers_terrain/tests/test_terrain_caves.py:157; veilbreakers_terrain/tests/test_terrain_caves.py:168; veilbreakers_terrain/tests/test_terrain_caves.py:316; veilbreakers_terrain/tests/test_terrain_caves.py:342; veilbreakers_terrain/tests/test_terrain_caves.py:364,yes,yes,1,no,A,B-,FAIL_TRANSITIVE_MODULE,helper_reachable,runtime_transitive
terrain_caves.py,_world_to_cell,_world_to_cell,644,function,,none,yes,14,0,terrain_caves.py:794; terrain_caves.py:1097; terrain_caves.py:1098; terrain_caves.py:1227; terrain_caves.py:1442,,yes,yes,1,no,B,C-,FAIL_TRANSITIVE_MODULE,helper_reachable,runtime_transitive
terrain_caves.py,_cell_to_world,_cell_to_world,656,function,,none,yes,2,0,terrain_caves.py:1145,,yes,yes,1,no,A-,B-,FAIL_TRANSITIVE_MODULE,helper_reachable,runtime_transitive
terrain_caves.py,_region_to_slice,_region_to_slice,664,function,,none,no,0,0,,,yes,yes,1,no,A,B,FAIL_TRANSITIVE_MODULE,helper_reachable,orphan_candidate
terrain_caves.py,_protected_mask_for_caves,_protected_mask_for_caves,675,function,,none,yes,2,0,terrain_caves.py:1735,,yes,yes,1,no,B+,D+,FAIL_TRANSITIVE_MODULE,helper_reachable,runtime_transitive
terrain_caves.py,pick_cave_archetype,pick_cave_archetype,751,function,,none,yes,2,12,terrain_caves.py:1751,veilbreakers_terrain/tests/test_terrain_caves.py:189; veilbreakers_terrain/tests/test_terrain_caves.py:201; veilbreakers_terrain/tests/test_terrain_caves.py:212; veilbreakers_terrain/tests/test_terrain_caves.py:226; veilbreakers_terrain/tests/test_terrain_caves.py:234,yes,yes,1,no,B-,D,"FAIL_DIRECT_BEHAVIOR,FAIL_TRANSITIVE_MODULE",helper_reachable,runtime_transitive
terrain_caves.py,_sample,_sample,802,function,,none,yes,10,0,terrain_caves.py:811; terrain_caves.py:812; terrain_caves.py:813; terrain_caves.py:814; terrain_caves.py:880,,no,no,0,no,,,,helper_reachable,runtime_transitive
terrain_caves.py,_astar_cave_path,_astar_cave_path,938,function,,none,yes,2,0,terrain_caves.py:1116,,no,no,0,no,,,,helper_reachable,runtime_transitive
terrain_caves.py,_heuristic,_heuristic,973,function,,none,yes,2,0,terrain_caves.py:1029,,no,no,0,no,,,,helper_reachable,runtime_transitive
terrain_caves.py,generate_cave_path,generate_cave_path,1056,function,,none,yes,2,22,terrain_caves.py:1755,veilbreakers_terrain/tests/test_terrain_caves.py:248; veilbreakers_terrain/tests/test_terrain_caves.py:251; veilbreakers_terrain/tests/test_terrain_caves.py:263; veilbreakers_terrain/tests/test_terrain_caves.py:266; veilbreakers_terrain/tests/test_terrain_caves.py:277,yes,yes,1,no,B+,C,FAIL_TRANSITIVE_MODULE,helper_reachable,runtime_transitive
terrain_caves.py,carve_cave_volume,carve_cave_volume,1162,function,,none,yes,2,2,terrain_caves.py:1758,veilbreakers_terrain/tests/test_terrain_caves.py:320,yes,yes,1,no,C+,F,"FAIL_CONTRACT_CHANNEL,FAIL_DIRECT_BEHAVIOR,FAIL_TRANSITIVE_MODULE",helper_reachable,runtime_transitive
terrain_caves.py,build_cave_entrance_frame,build_cave_entrance_frame,1299,function,,none,yes,2,6,terrain_caves.py:1766,veilbreakers_terrain/tests/test_terrain_caves.py:343; veilbreakers_terrain/tests/test_terrain_caves.py:365; veilbreakers_terrain/tests/test_terrain_caves.py:459,yes,yes,1,no,B+,C-,FAIL_TRANSITIVE_MODULE,helper_reachable,runtime_transitive
terrain_caves.py,scatter_collapse_debris,scatter_collapse_debris,1368,function,,none,yes,2,8,terrain_caves.py:1767,veilbreakers_terrain/tests/test_terrain_caves.py:390; veilbreakers_terrain/tests/test_terrain_caves.py:391; veilbreakers_terrain/tests/test_terrain_caves.py:410; veilbreakers_terrain/tests/test_terrain_caves.py:411,yes,yes,1,no,B+,C-,FAIL_TRANSITIVE_MODULE,helper_reachable,runtime_transitive
terrain_caves.py,generate_damp_mask,generate_damp_mask,1418,function,,none,yes,2,4,terrain_caves.py:1768,veilbreakers_terrain/tests/test_terrain_caves.py:433; veilbreakers_terrain/tests/test_terrain_caves.py:465,yes,yes,1,no,A-,C+,FAIL_TRANSITIVE_MODULE,helper_reachable,runtime_transitive
terrain_caves.py,validate_cave_entrance,validate_cave_entrance,1466,function,,none,yes,2,6,terrain_caves.py:1822,veilbreakers_terrain/tests/test_terrain_caves.py:467; veilbreakers_terrain/tests/test_terrain_caves.py:482; veilbreakers_terrain/tests/test_terrain_caves.py:499,yes,yes,1,no,A-,C+,FAIL_TRANSITIVE_MODULE,helper_reachable,runtime_transitive
terrain_caves.py,_find_entrance_candidates,_find_entrance_candidates,1540,function,,none,yes,2,0,terrain_caves.py:1737,,yes,yes,1,yes,B+,C-,FAIL_TRANSITIVE_MODULE,helper_reachable,runtime_transitive
terrain_caves.py,_neighbourhood_slice,_neighbourhood_slice,1638,function,,none,yes,2,0,terrain_caves.py:1656,,no,no,0,no,,,,helper_reachable,runtime_transitive
terrain_caves.py,_score_or_reject,_score_or_reject,1645,function,,none,yes,2,0,terrain_caves.py:1685,,no,no,0,no,,,,helper_reachable,runtime_transitive
terrain_caves.py,pass_caves,pass_caves,1693,function,,"master_bundle_pass,module_registrar",yes,2,0,terrain_caves.py:2688,,yes,yes,1,no,C+,F,"FAIL_CONTRACT_CHANNEL,FAIL_DIRECT_BEHAVIOR,FAIL_TRANSITIVE_MODULE",runtime_primary,runtime_primary
terrain_caves.py,register_bundle_f_passes,register_bundle_f_passes,1886,function,,master_registrar,yes,0,12,,veilbreakers_terrain/tests/test_terrain_caves.py:512; veilbreakers_terrain/tests/test_terrain_caves.py:532; veilbreakers_terrain/tests/test_terrain_caves.py:559; veilbreakers_terrain/tests/test_terrain_caves.py:582; veilbreakers_terrain/tests/test_terrain_caves.py:600,yes,yes,1,no,B,C+,FAIL_TRANSITIVE_MODULE,runtime_primary,runtime_primary
terrain_caves.py,get_cave_entrance_specs,get_cave_entrance_specs,1904,function,,none,yes,2,0,terrain_caves.py:2693,,yes,yes,1,no,B+,D+,FAIL_TRANSITIVE_MODULE,helper_reachable,runtime_transitive
terrain_caves.py,_build_synthetic_state,_build_synthetic_state,1978,function,,none,yes,2,0,terrain_caves.py:2681,,yes,yes,1,no,B+,D+,FAIL_TRANSITIVE_MODULE,helper_reachable,runtime_transitive
terrain_caves.py,_fbm_noise,_fbm_noise,2075,function,,none,yes,4,0,terrain_caves.py:2294; terrain_caves.py:2299,,no,no,0,no,,,,helper_reachable,runtime_transitive
terrain_caves.py,_cone_verts_faces,_cone_verts_faces,2099,function,,none,yes,4,0,terrain_caves.py:2406; terrain_caves.py:2436,,no,no,0,no,,,,helper_reachable,runtime_transitive
terrain_caves.py,_face_normal,_face_normal,2147,function,,none,yes,2,0,terrain_caves.py:2449,,no,no,0,no,,,,helper_reachable,runtime_transitive
terrain_caves.py,_triplanar_uv,_triplanar_uv,2164,function,,none,yes,2,0,terrain_caves.py:2255,,no,no,0,no,,,,helper_reachable,runtime_transitive
terrain_caves.py,_build_chamber_mesh_geometry,_build_chamber_mesh_geometry,2185,function,,none,yes,4,0,terrain_caves.py:2476; terrain_caves.py:2738,,no,no,0,no,,,,helper_reachable,runtime_transitive
terrain_caves.py,_add_vert,_add_vert,2252,function,,none,yes,12,0,terrain_caves.py:2267; terrain_caves.py:2284; terrain_caves.py:2296; terrain_caves.py:2300; terrain_caves.py:2409,,no,no,0,no,,,,helper_reachable,runtime_transitive
terrain_caves.py,_dreybrodt_dims,_dreybrodt_dims,2369,function,,none,yes,4,0,terrain_caves.py:2403; terrain_caves.py:2431,,no,no,0,no,,,,helper_reachable,runtime_transitive
terrain_caves.py,_build_chamber_mesh,_build_chamber_mesh,2454,function,,none,yes,2,0,terrain_caves.py:2768,,yes,yes,1,yes,B+,C-,FAIL_TRANSITIVE_MODULE,helper_reachable,runtime_transitive
terrain_caves.py,_bezier_cubic,_bezier_cubic,2520,function,,none,yes,8,0,terrain_caves.py:2577; terrain_caves.py:2587; terrain_caves.py:2590; terrain_caves.py:2591,,no,no,0,no,,,,helper_reachable,runtime_transitive
terrain_caves.py,_build_bezier_tunnel_geometry,_build_bezier_tunnel_geometry,2539,function,,none,yes,2,0,terrain_caves.py:2789,,no,no,0,no,,,,helper_reachable,runtime_transitive
terrain_caves.py,handle_generate_cave,handle_generate_cave,2642,function,,command_handler,yes,0,0,,,yes,yes,1,no,B-,C-,FAIL_TRANSITIVE_MODULE,runtime_primary,runtime_primary
terrain_checkpoints.py,_atomic_npz_write,_atomic_npz_write,63,function,,none,no,4,0,terrain_checkpoints.py:127; terrain_checkpoints.py:411,,no,no,0,no,,,,helper_reachable,module_local_helper
terrain_checkpoints.py,save_checkpoint,save_checkpoint,105,function,,none,no,4,24,terrain_checkpoints.py:549; terrain_region_exec.py:191,veilbreakers_terrain/tests/test_terrain_checkpoints.py:87; veilbreakers_terrain/tests/test_terrain_checkpoints.py:98; veilbreakers_terrain/tests/test_terrain_checkpoints.py:107; veilbreakers_terrain/tests/test_terrain_checkpoints.py:127; veilbreakers_terrain/tests/test_terrain_checkpoints.py:155,yes,yes,1,yes,A,C+,"FAIL_OUTPUT_IO,FAIL_TRANSITIVE_MODULE",helper_reachable,cross_module_helper
terrain_checkpoints.py,rollback_last_checkpoint,rollback_last_checkpoint,166,function,,none,no,0,4,,veilbreakers_terrain/tests/test_terrain_checkpoints.py:132; veilbreakers_terrain/tests/test_terrain_checkpoints.py:142,yes,yes,1,yes,B+,C-,"FAIL_OUTPUT_IO,FAIL_TRANSITIVE_MODULE",helper_reachable,test_only_or_unwired
terrain_checkpoints.py,rollback_to,rollback_to,174,function,,none,no,6,6,terrain_checkpoints.py:171; terrain_checkpoints.py:178; terrain_region_exec.py:214,veilbreakers_terrain/tests/test_terrain_checkpoints.py:159; veilbreakers_terrain/tests/test_terrain_checkpoints.py:172; veilbreakers_terrain/tests/test_terrain_checkpoints.py:183,yes,yes,1,yes,A-,C+,"FAIL_OUTPUT_IO,FAIL_TRANSITIVE_MODULE",helper_reachable,cross_module_helper
terrain_checkpoints.py,list_checkpoints,list_checkpoints,181,function,,none,no,0,4,,veilbreakers_terrain/tests/test_terrain_checkpoints.py:201; veilbreakers_terrain/tests/test_terrain_checkpoints.py:215,yes,yes,1,yes,B+,D+,"FAIL_OUTPUT_IO,FAIL_TRANSITIVE_MODULE",test_only_or_unwired,test_only_or_unwired
terrain_checkpoints.py,_serialize_value,_serialize_value,220,function,,none,no,10,0,terrain_checkpoints.py:225; terrain_checkpoints.py:227; terrain_checkpoints.py:245; terrain_checkpoints.py:249; terrain_checkpoints.py:284,,no,no,0,no,,,,helper_reachable,module_local_helper
terrain_checkpoints.py,_intent_to_dict,_intent_to_dict,231,function,,none,no,2,0,terrain_checkpoints.py:417,,yes,yes,1,no,C+,F,FAIL_TRANSITIVE_MODULE,helper_reachable,module_local_helper
terrain_checkpoints.py,_intent_from_dict,_intent_from_dict,295,function,,none,no,2,0,terrain_checkpoints.py:456,,yes,yes,1,no,C+,F,FAIL_TRANSITIVE_MODULE,helper_reachable,module_local_helper
terrain_checkpoints.py,save_preset,save_preset,386,function,,none,no,0,6,,veilbreakers_terrain/tests/test_terrain_checkpoints.py:235; veilbreakers_terrain/tests/test_terrain_checkpoints.py:253; veilbreakers_terrain/tests/test_terrain_checkpoints.py:273,yes,yes,1,no,B,D,"FAIL_OUTPUT_IO,FAIL_TRANSITIVE_MODULE",test_only_or_unwired,test_only_or_unwired
terrain_checkpoints.py,restore_preset,restore_preset,437,function,,none,no,0,4,,veilbreakers_terrain/tests/test_terrain_checkpoints.py:239; veilbreakers_terrain/tests/test_terrain_checkpoints.py:254,yes,yes,1,no,B,D,"FAIL_OUTPUT_IO,FAIL_TRANSITIVE_MODULE",test_only_or_unwired,test_only_or_unwired
terrain_checkpoints.py,autosave_after_pass,autosave_after_pass,490,function,,none,no,0,12,,veilbreakers_terrain/tests/test_terrain_checkpoints.py:298; veilbreakers_terrain/tests/test_terrain_checkpoints.py:328; veilbreakers_terrain/tests/test_terrain_checkpoints.py:330; veilbreakers_terrain/tests/test_terrain_checkpoints.py:342; veilbreakers_terrain/tests/test_terrain_checkpoints.py:344,yes,yes,1,yes,B+,D+,"FAIL_OUTPUT_IO,FAIL_TRANSITIVE_MODULE",test_only_or_unwired,test_only_or_unwired
terrain_checkpoints.py,wrapped_run_pass,wrapped_run_pass,517,function,,none,no,0,0,,,yes,yes,1,no,D,F,FAIL_TRANSITIVE_MODULE,orphan_candidate,orphan_candidate
terrain_checkpoints_ext.py,lock_preset,lock_preset,38,function,,none,no,0,2,,veilbreakers_terrain/tests/test_bundle_bcd_supplements.py:399,yes,yes,1,yes,B+,B-,FAIL_NONE,test_only_or_unwired,test_only_or_unwired
terrain_checkpoints_ext.py,unlock_preset,unlock_preset,43,function,,none,no,0,2,,veilbreakers_terrain/tests/test_bundle_bcd_supplements.py:403,yes,yes,1,yes,B+,B-,FAIL_NONE,test_only_or_unwired,test_only_or_unwired
terrain_checkpoints_ext.py,is_preset_locked,is_preset_locked,48,function,,none,no,2,4,terrain_checkpoints_ext.py:54,veilbreakers_terrain/tests/test_bundle_bcd_supplements.py:400; veilbreakers_terrain/tests/test_bundle_bcd_supplements.py:404,yes,yes,1,yes,B+,C+,FAIL_NONE,helper_reachable,module_local_helper
terrain_checkpoints_ext.py,assert_preset_unlocked,assert_preset_unlocked,52,function,,none,no,0,2,,veilbreakers_terrain/tests/test_bundle_bcd_supplements.py:402,yes,yes,1,yes,B+,C+,FAIL_NONE,test_only_or_unwired,test_only_or_unwired
terrain_checkpoints_ext.py,save_every_n_operations,save_every_n_operations,63,function,,none,no,0,4,,veilbreakers_terrain/tests/test_bundle_bcd_supplements.py:455; veilbreakers_terrain/tests/test_bundle_bcd_supplements.py:471,yes,yes,1,yes,A-,B+,FAIL_NONE,test_only_or_unwired,test_only_or_unwired
terrain_checkpoints_ext.py,_atomic_npz_save,_atomic_npz_save,95,function,,none,no,2,0,terrain_checkpoints_ext.py:209,,no,no,0,no,,,,helper_reachable,module_local_helper
terrain_checkpoints_ext.py,wrapped,wrapped,187,function,,none,no,0,0,,,no,no,0,no,,,,orphan_candidate,orphan_candidate
terrain_checkpoints_ext.py,unpatch,unpatch,214,function,,none,no,0,0,,,no,no,0,no,,,,test_only_or_unwired,orphan_candidate
terrain_checkpoints_ext.py,_sanitize,_sanitize,229,function,,none,no,4,0,terrain_checkpoints_ext.py:123; terrain_checkpoints_ext.py:245,,yes,yes,1,no,A,C+,FAIL_NONE,helper_reachable,module_local_helper
terrain_checkpoints_ext.py,generate_checkpoint_filename,generate_checkpoint_filename,233,function,,none,no,0,10,,veilbreakers_terrain/tests/test_bundle_bcd_supplements.py:371; veilbreakers_terrain/tests/test_bundle_bcd_supplements.py:376; veilbreakers_terrain/tests/test_bundle_bcd_supplements.py:382; veilbreakers_terrain/tests/test_bundle_bcd_supplements.py:389; veilbreakers_terrain/tests/test_bundle_bcd_supplements.py:395,yes,yes,1,no,A-,C+,FAIL_NONE,test_only_or_unwired,test_only_or_unwired
terrain_checkpoints_ext.py,_day_key,_day_key,255,function,,none,no,2,0,terrain_checkpoints_ext.py:330,,no,no,0,no,,,,helper_reachable,module_local_helper
terrain_checkpoints_ext.py,_week_key,_week_key,261,function,,none,no,2,0,terrain_checkpoints_ext.py:340,,no,no,0,no,,,,helper_reachable,module_local_helper
terrain_checkpoints_ext.py,enforce_retention_policy,enforce_retention_policy,268,function,,none,no,0,6,,veilbreakers_terrain/tests/test_bundle_bcd_supplements.py:418; veilbreakers_terrain/tests/test_bundle_bcd_supplements.py:427; veilbreakers_terrain/tests/test_bundle_bcd_supplements.py:433,yes,yes,1,yes,A-,B-,FAIL_NONE,test_only_or_unwired,test_only_or_unwired
terrain_checkpoints_ext.py,_is_checkpoint,_is_checkpoint,293,function,,none,no,2,0,terrain_checkpoints_ext.py:300,,no,no,0,no,,,,helper_reachable,module_local_helper
terrain_chunking.py,_downsample_heightmap,_downsample_heightmap,49,function,,none,no,2,28,terrain_chunking.py:377,veilbreakers_terrain/tests/test_cross_feature.py:178; veilbreakers_terrain/tests/test_cross_feature.py:186; veilbreakers_terrain/tests/test_cross_feature.py:195; veilbreakers_terrain/tests/test_cross_feature.py:207; veilbreakers_terrain/tests/test_cross_feature.py:214,no,no,0,no,,,,helper_reachable,module_local_helper
terrain_chunking.py,compute_chunk_lod,compute_chunk_lod,95,function,,none,no,0,22,,veilbreakers_terrain/tests/test_cross_feature.py:245; veilbreakers_terrain/tests/test_cross_feature.py:253; veilbreakers_terrain/tests/test_cross_feature.py:254; veilbreakers_terrain/tests/test_cross_feature.py:398; veilbreakers_terrain/tests/test_terrain_chunking.py:34,yes,yes,1,yes,B+,D+,"FAIL_API_DRIFT,FAIL_TRANSITIVE_MODULE",test_only_or_unwired,test_only_or_unwired
terrain_chunking.py,compute_streaming_distances,compute_streaming_distances,155,function,,none,no,2,18,terrain_chunking.py:418,veilbreakers_terrain/tests/test_missing_gaps.py:768; veilbreakers_terrain/tests/test_missing_gaps.py:776; veilbreakers_terrain/tests/test_missing_gaps.py:783; veilbreakers_terrain/tests/test_missing_gaps.py:790; veilbreakers_terrain/tests/test_missing_gaps.py:797,yes,yes,1,yes,A,B-,FAIL_TRANSITIVE_MODULE,helper_reachable,module_local_helper
terrain_chunking.py,compute_terrain_chunks,compute_terrain_chunks,244,function,,none,no,0,62,,veilbreakers_terrain/tests/test_cross_feature.py:360; veilbreakers_terrain/tests/test_missing_gaps.py:570; veilbreakers_terrain/tests/test_missing_gaps.py:579; veilbreakers_terrain/tests/test_missing_gaps.py:596; veilbreakers_terrain/tests/test_missing_gaps.py:619,yes,yes,1,yes,B+,C,FAIL_TRANSITIVE_MODULE,test_only_or_unwired,test_only_or_unwired
terrain_chunking.py,export_chunks_metadata,export_chunks_metadata,448,function,,none,no,0,16,,veilbreakers_terrain/tests/test_missing_gaps.py:813; veilbreakers_terrain/tests/test_missing_gaps.py:826; veilbreakers_terrain/tests/test_missing_gaps.py:839; veilbreakers_terrain/tests/test_terrain_chunking.py:201; veilbreakers_terrain/tests/test_terrain_chunking.py:209,yes,yes,1,yes,B+,C,FAIL_TRANSITIVE_MODULE,test_only_or_unwired,test_only_or_unwired
terrain_chunking.py,build_tile_seam_contract,build_tile_seam_contract,507,function,,none,yes,6,8,environment.py:2170; terrain_chunking.py:684; terrain_unity_export.py:766,veilbreakers_terrain/tests/test_environment_handlers.py:877; veilbreakers_terrain/tests/test_terrain_chunking.py:248; veilbreakers_terrain/tests/test_terrain_chunking.py:271; veilbreakers_terrain/tests/test_terrain_chunking.py:279,no,no,0,no,,,,helper_reachable,runtime_transitive
terrain_chunking.py,build_tile_batch_manifest,build_tile_batch_manifest,592,function,,none,yes,4,2,environment.py:2305; terrain_chunking.py:696,veilbreakers_terrain/tests/test_terrain_chunking.py:288,no,no,0,no,,,,helper_reachable,runtime_transitive
terrain_chunking.py,build_chunk_seam_manifest,build_chunk_seam_manifest,663,function,,none,no,2,0,terrain_chunking.py:494,,no,no,0,no,,,,helper_reachable,module_local_helper
terrain_chunking.py,validate_tile_seams,validate_tile_seams,703,function,,none,no,0,14,,veilbreakers_terrain/tests/test_phase14_wave1.py:263; veilbreakers_terrain/tests/test_phase14_wave1.py:275; veilbreakers_terrain/tests/test_phase14_wave1.py:286; veilbreakers_terrain/tests/test_phase14_wave1.py:295; veilbreakers_terrain/tests/test_terrain_chunking.py:308,yes,yes,1,yes,A,B,FAIL_TRANSITIVE_MODULE,helper_reachable,test_only_or_unwired
terrain_chunking.py,_empty_metadata,_empty_metadata,866,function,,none,no,4,0,terrain_chunking.py:305; terrain_chunking.py:308,,yes,yes,1,no,A,C+,FAIL_TRANSITIVE_MODULE,helper_reachable,module_local_helper
terrain_chunking.py,_coerce_jsonable_edge_samples,_coerce_jsonable_edge_samples,882,function,,none,yes,10,0,terrain_chunking.py:553; terrain_chunking.py:554; terrain_chunking.py:555; terrain_chunking.py:556; terrain_chunking.py:584,,no,no,0,no,,,,helper_reachable,runtime_transitive
terrain_chunking.py,_hash_edge_samples,_hash_edge_samples,891,function,,none,yes,4,0,terrain_chunking.py:583; terrain_chunking.py:588,,no,no,0,no,,,,helper_reachable,runtime_transitive
terrain_chunking.py,_extract_chunk_core_heightmap,_extract_chunk_core_heightmap,896,function,,none,no,2,0,terrain_chunking.py:681,,no,no,0,no,,,,helper_reachable,module_local_helper
terrain_chunking.py,_compute_tile_contracts,_compute_tile_contracts,916,function,,none,no,0,4,,veilbreakers_terrain/tests/test_mesh_quality_phase14.py:320; veilbreakers_terrain/tests/test_mesh_quality_phase14.py:333,no,no,0,no,,,,helper_reachable,test_only_or_unwired
terrain_cliffs.py,_repose_for_material,_repose_for_material,69,function,,none,yes,4,0,terrain_cliffs.py:907; terrain_cliffs.py:1192,,no,no,0,no,,,,helper_reachable,runtime_transitive
terrain_cliffs.py,_smooth_contour_gaussian,_smooth_contour_gaussian,176,function,,none,yes,6,0,terrain_cliffs.py:388; terrain_cliffs.py:926; terrain_cliffs.py:1075,,no,no,0,no,,,,helper_reachable,runtime_transitive
terrain_cliffs.py,_fit_bspline_contour,_fit_bspline_contour,226,function,,none,yes,4,0,terrain_cliffs.py:393; terrain_cliffs.py:931,,no,no,0,no,,,,helper_reachable,runtime_transitive
terrain_cliffs.py,build_cliff_candidate_mask,build_cliff_candidate_mask,306,function,,none,yes,4,8,terrain_cliffs.py:733; terrain_cliffs.py:1737,veilbreakers_terrain/tests/test_terrain_cliffs.py:140; veilbreakers_terrain/tests/test_terrain_cliffs.py:141; veilbreakers_terrain/tests/test_terrain_cliffs.py:155; veilbreakers_terrain/tests/test_terrain_cliffs.py:163,yes,yes,1,yes,A,B,FAIL_NONE,helper_reachable,runtime_transitive
terrain_cliffs.py,_moore_contour_all_components,_moore_contour_all_components,399,function,,none,yes,2,0,terrain_cliffs.py:386,,no,no,0,no,,,,helper_reachable,runtime_transitive
terrain_cliffs.py,_trace_moore_boundary,_trace_moore_boundary,425,function,,none,yes,4,0,terrain_cliffs.py:416; terrain_cliffs.py:1046,,no,no,0,no,,,,helper_reachable,runtime_transitive
terrain_cliffs.py,_backtrack_dir,_backtrack_dir,450,function,,none,yes,4,0,terrain_cliffs.py:459; terrain_cliffs.py:479,,no,no,0,no,,,,helper_reachable,runtime_transitive
terrain_cliffs.py,_label_connected_components,_label_connected_components,491,function,,none,yes,6,0,terrain_cliffs.py:373; terrain_cliffs.py:410; terrain_cliffs.py:744,,yes,yes,1,yes,A,B+,FAIL_NONE,helper_reachable,runtime_transitive
terrain_cliffs.py,_build_strata_layers,_build_strata_layers,573,function,,none,yes,2,0,terrain_cliffs.py:881,,no,no,0,no,,,,helper_reachable,runtime_transitive
terrain_cliffs.py,_apply_micro_erosion,_apply_micro_erosion,632,function,,none,yes,2,0,terrain_cliffs.py:908,,no,no,0,no,,,,helper_reachable,runtime_transitive
terrain_cliffs.py,carve_cliff_system,carve_cliff_system,675,function,,none,yes,4,16,environment.py:1832; terrain_cliffs.py:1755,veilbreakers_terrain/tests/test_terrain_cliffs.py:180; veilbreakers_terrain/tests/test_terrain_cliffs.py:192; veilbreakers_terrain/tests/test_terrain_cliffs.py:205; veilbreakers_terrain/tests/test_terrain_cliffs.py:223; veilbreakers_terrain/tests/test_terrain_cliffs.py:238,yes,yes,1,yes,A,A-,FAIL_NONE,helper_reachable,runtime_transitive
terrain_cliffs.py,_region_to_slice,_region_to_slice,989,function,,none,yes,4,0,terrain_cliffs.py:739; terrain_cliffs.py:1741,,yes,yes,1,yes,A,B+,FAIL_NONE,helper_reachable,runtime_transitive
terrain_cliffs.py,_extract_lip_polyline,_extract_lip_polyline,1027,function,,none,yes,2,0,terrain_cliffs.py:782,,yes,yes,1,yes,A-,C+,FAIL_NONE,helper_reachable,runtime_transitive
terrain_cliffs.py,_postprocess_lip_polyline,_postprocess_lip_polyline,1050,function,,none,yes,2,0,terrain_cliffs.py:1047,,no,no,0,no,,,,helper_reachable,runtime_transitive
terrain_cliffs.py,add_cliff_ledges,add_cliff_ledges,1088,function,,none,yes,2,6,terrain_cliffs.py:1759,veilbreakers_terrain/tests/test_terrain_cliffs.py:227; veilbreakers_terrain/tests/test_terrain_cliffs.py:240; veilbreakers_terrain/tests/test_terrain_cliffs.py:354,yes,yes,1,no,B,C-,FAIL_NONE,helper_reachable,runtime_transitive
terrain_cliffs.py,build_talus_field,build_talus_field,1158,function,,none,yes,2,4,terrain_cliffs.py:1760,veilbreakers_terrain/tests/test_terrain_cliffs.py:258; veilbreakers_terrain/tests/test_terrain_cliffs.py:355,yes,yes,1,yes,A,B,FAIL_NONE,helper_reachable,runtime_transitive
terrain_cliffs.py,_build_cliff_wall_mesh_spec,_build_cliff_wall_mesh_spec,1279,function,,none,yes,2,0,terrain_cliffs.py:1552,,no,no,0,no,,,,helper_reachable,runtime_transitive
terrain_cliffs.py,insert_hero_cliff_meshes,insert_hero_cliff_meshes,1462,function,,none,yes,2,2,terrain_cliffs.py:1763,veilbreakers_terrain/tests/test_terrain_cliffs.py:370,yes,yes,1,yes,A-,C+,FAIL_NONE,helper_reachable,runtime_transitive
terrain_cliffs.py,validate_cliff_readability,validate_cliff_readability,1640,function,,none,yes,2,4,terrain_cliffs.py:1779,veilbreakers_terrain/tests/test_terrain_cliffs.py:337; veilbreakers_terrain/tests/test_terrain_cliffs.py:356,yes,yes,1,no,F,F,FAIL_NONE,helper_reachable,runtime_transitive
terrain_cliffs.py,pass_cliffs,pass_cliffs,1709,function,,"master_bundle_pass,module_registrar",yes,0,0,,,yes,yes,1,no,B,C+,FAIL_NONE,runtime_primary,runtime_primary
terrain_cliffs.py,_protected_mask_for_cliffs,_protected_mask_for_cliffs,1807,function,,none,yes,2,0,terrain_cliffs.py:1748,,yes,yes,1,no,B+,C-,FAIL_NONE,helper_reachable,runtime_transitive
terrain_cliffs.py,register_bundle_b_passes,register_bundle_b_passes,1833,function,,master_registrar,yes,0,6,,veilbreakers_terrain/tests/test_terrain_cliffs.py:276; veilbreakers_terrain/tests/test_terrain_cliffs.py:291; veilbreakers_terrain/tests/test_terrain_cliffs.py:304,yes,yes,1,no,B,C+,FAIL_NONE,runtime_primary,runtime_primary
terrain_cloud_shadow.py,_build_perm_table,_build_perm_table,43,function,,none,yes,2,0,terrain_cloud_shadow.py:80,,no,no,0,no,,,,helper_reachable,runtime_transitive
terrain_cloud_shadow.py,_value_noise,_value_noise,55,function,,none,yes,6,0,terrain_cloud_shadow.py:193; terrain_cloud_shadow.py:195; terrain_cloud_shadow.py:197,,yes,yes,1,yes,A-,C,FAIL_NONE,helper_reachable,runtime_transitive
terrain_cloud_shadow.py,compute_cloud_shadow_mask,compute_cloud_shadow_mask,131,function,,none,yes,2,6,terrain_cloud_shadow.py:292,veilbreakers_terrain/tests/test_terrain_ecosystem.py:266; veilbreakers_terrain/tests/test_terrain_ecosystem.py:275; veilbreakers_terrain/tests/test_terrain_ecosystem.py:276,yes,yes,1,yes,B+,C+,FAIL_NONE,helper_reachable,runtime_transitive
terrain_cloud_shadow.py,pass_cloud_shadow,pass_cloud_shadow,236,function,,"master_bundle_pass,module_registrar",yes,0,2,,veilbreakers_terrain/tests/test_terrain_ecosystem.py:283,yes,yes,1,yes,B+,B-,FAIL_NONE,registrar_declared_only,runtime_primary
terrain_cloud_shadow.py,register_bundle_j_cloud_shadow_pass,register_bundle_j_cloud_shadow_pass,322,function,,master_registrar,yes,2,0,terrain_bundle_j.py:57,,yes,yes,1,no,A-,C+,FAIL_NONE,helper_reachable,runtime_primary
terrain_decal_placement.py,_safe_norm,_safe_norm,47,function,,none,yes,4,0,terrain_decal_placement.py:59; terrain_decal_placement.py:138,,no,no,0,no,,,,helper_reachable,runtime_transitive
terrain_decal_placement.py,_log_norm,_log_norm,55,function,,none,yes,2,0,terrain_decal_placement.py:145,,no,no,0,no,,,,helper_reachable,runtime_transitive
terrain_decal_placement.py,compute_decal_density,compute_decal_density,62,function,,none,yes,2,2,terrain_decal_placement.py:278,veilbreakers_terrain/tests/test_terrain_ecosystem.py:300,yes,yes,1,yes,B+,C+,FAIL_NONE,helper_reachable,runtime_transitive
terrain_decal_placement.py,pass_decals,pass_decals,259,function,,"master_bundle_pass,module_registrar",yes,0,4,,veilbreakers_terrain/tests/test_terrain_ecosystem.py:309; veilbreakers_terrain/tests/test_terrain_ecosystem.py:699,yes,yes,1,yes,B+,B-,FAIL_NONE,registrar_declared_only,runtime_primary
terrain_decal_placement.py,register_bundle_j_decals_pass,register_bundle_j_decals_pass,307,function,,master_registrar,yes,2,2,terrain_bundle_j.py:58,veilbreakers_terrain/tests/test_phase14_wave1.py:101,yes,yes,1,no,A,B+,FAIL_NONE,helper_reachable,runtime_primary
terrain_delta_integrator.py,_collect_deltas,_collect_deltas,54,function,,none,yes,2,0,terrain_delta_integrator.py:83,,yes,yes,1,no,B,D+,FAIL_NONE,helper_reachable,runtime_transitive
terrain_delta_integrator.py,pass_integrate_deltas,pass_integrate_deltas,66,function,,"default_pass,module_registrar",yes,0,18,,veilbreakers_terrain/tests/test_delta_integrator.py:77; veilbreakers_terrain/tests/test_delta_integrator.py:101; veilbreakers_terrain/tests/test_delta_integrator.py:130; veilbreakers_terrain/tests/test_delta_integrator.py:151; veilbreakers_terrain/tests/test_delta_integrator.py:169,yes,yes,1,yes,B+,B-,FAIL_NONE,registrar_declared_only,runtime_primary
terrain_delta_integrator.py,register_integrator_pass,register_integrator_pass,172,function,,default_registrar,yes,2,0,terrain_pipeline.py:1136,,yes,yes,1,no,C+,D+,FAIL_NONE,helper_reachable,runtime_primary
terrain_dem_import.py,_synthetic_dem,_synthetic_dem,108,function,,none,no,4,0,terrain_dem_import.py:430; terrain_dem_import.py:467,,yes,yes,1,no,B,D+,FAIL_NONE,helper_reachable,module_local_helper
terrain_dem_import.py,_fill_nodata,_fill_nodata,130,function,,none,no,10,0,terrain_dem_import.py:242; terrain_dem_import.py:279; terrain_dem_import.py:285; terrain_dem_import.py:365; terrain_dem_import.py:442,,no,no,0,no,,,,helper_reachable,module_local_helper
terrain_dem_import.py,_bilinear_resample_2d,_bilinear_resample_2d,185,function,,none,no,2,0,terrain_dem_import.py:475,,no,no,0,no,,,,helper_reachable,module_local_helper
terrain_dem_import.py,_load_hgt,_load_hgt,211,function,,none,no,2,0,terrain_dem_import.py:450,,no,no,0,no,,,,helper_reachable,module_local_helper
terrain_dem_import.py,_load_geotiff,_load_geotiff,247,function,,none,no,2,0,terrain_dem_import.py:445,,no,no,0,no,,,,helper_reachable,module_local_helper
terrain_dem_import.py,read_tag,read_tag,324,function,,none,no,2,0,terrain_dem_import.py:331,,no,no,0,no,,,,helper_reachable,module_local_helper
terrain_dem_import.py,_egm96_undulation_m,_egm96_undulation_m,376,function,,none,no,2,0,terrain_dem_import.py:486,,no,no,0,no,,,,helper_reachable,module_local_helper
terrain_dem_import.py,import_dem_tile,import_dem_tile,390,function,,none,no,0,10,,veilbreakers_terrain/tests/test_bundle_pq.py:70; veilbreakers_terrain/tests/test_bundle_pq.py:71; veilbreakers_terrain/tests/test_bundle_pq.py:76; veilbreakers_terrain/tests/test_bundle_pq.py:77; veilbreakers_terrain/tests/test_bundle_pq.py:86,yes,yes,1,no,C-,D,FAIL_NONE,test_only_or_unwired,test_only_or_unwired
terrain_dem_import.py,resample_dem_to_tile_grid,resample_dem_to_tile_grid,511,function,,none,no,0,6,,veilbreakers_terrain/tests/test_bundle_pq.py:93; veilbreakers_terrain/tests/test_bundle_pq.py:98; veilbreakers_terrain/tests/test_bundle_pq.py:102,yes,yes,1,no,B+,C,FAIL_NONE,test_only_or_unwired,test_only_or_unwired
terrain_dem_import.py,normalize_dem_to_world_range,normalize_dem_to_world_range,552,function,,none,no,0,6,,veilbreakers_terrain/tests/test_bundle_pq.py:106; veilbreakers_terrain/tests/test_bundle_pq.py:112; veilbreakers_terrain/tests/test_bundle_pq.py:116,yes,yes,1,no,A,B-,FAIL_NONE,test_only_or_unwired,test_only_or_unwired
terrain_destructibility_patches.py,detect_destructibility_patches,detect_destructibility_patches,30,function,,none,no,0,10,,veilbreakers_terrain/tests/test_bundle_pq.py:215; veilbreakers_terrain/tests/test_bundle_pq.py:220; veilbreakers_terrain/tests/test_bundle_pq.py:227; veilbreakers_terrain/tests/test_bundle_pq.py:234; veilbreakers_terrain/tests/test_bundle_pq.py:240,yes,yes,1,no,C,D,FAIL_NONE,test_only_or_unwired,test_only_or_unwired
terrain_destructibility_patches.py,export_destructibility_json,export_destructibility_json,152,function,,none,no,0,2,,veilbreakers_terrain/tests/test_bundle_pq.py:242,yes,yes,1,no,B+,C,FAIL_NONE,test_only_or_unwired,test_only_or_unwired
terrain_determinism_ci.py,_snapshot_channel_hashes,_snapshot_channel_hashes,38,function,,none,no,2,0,terrain_determinism_ci.py:102,,yes,yes,1,no,A-,C,FAIL_NONE,helper_reachable,module_local_helper
terrain_determinism_ci.py,_clone_state,_clone_state,59,function,,none,no,4,0,terrain_determinism_ci.py:86; terrain_determinism_ci.py:93,,yes,yes,1,no,A,C+,FAIL_NONE,helper_reachable,module_local_helper
terrain_determinism_ci.py,run_determinism_check,run_determinism_check,64,function,,none,no,0,4,,veilbreakers_terrain/tests/test_terrain_deep_qa.py:150; veilbreakers_terrain/tests/test_terrain_deep_qa.py:183,yes,yes,1,no,C,D+,FAIL_NONE,test_only_or_unwired,test_only_or_unwired
terrain_determinism_ci.py,detect_determinism_regressions,detect_determinism_regressions,166,function,,none,no,0,6,,veilbreakers_terrain/tests/test_terrain_deep_qa.py:162; veilbreakers_terrain/tests/test_terrain_deep_qa.py:173; veilbreakers_terrain/tests/test_terrain_deep_qa.py:207,yes,yes,1,no,A,B-,FAIL_NONE,test_only_or_unwired,test_only_or_unwired
terrain_dirty_tracking.py,DirtyRegion.touches_channel,touches_channel,33,method,DirtyRegion,none,no,0,0,,,yes,yes,1,no,A,C+,FAIL_NONE,orphan_candidate,orphan_candidate
terrain_dirty_tracking.py,DirtyRegion.merge,merge,37,method,DirtyRegion,none,no,2,0,terrain_dirty_tracking.py:319; terrain_dirty_tracking.py:414,,yes,yes,1,no,B-,D,FAIL_NONE,helper_reachable,module_local_helper
terrain_dirty_tracking.py,DirtyRegion.intersection,intersection,57,method,DirtyRegion,none,no,0,0,,,no,no,0,no,,,,orphan_candidate,orphan_candidate
terrain_dirty_tracking.py,_IntervalTree._ensure_sorted,_ensure_sorted,122,method,_IntervalTree,none,no,1,0,terrain_dirty_tracking.py:143,,no,no,0,no,,,,helper_reachable,module_local_helper
terrain_dirty_tracking.py,_IntervalTree.insert,insert,128,method,_IntervalTree,none,no,1,0,terrain_dirty_tracking.py:225,,no,no,0,no,,,,helper_reachable,module_local_helper
terrain_dirty_tracking.py,_IntervalTree.remove,remove,132,method,_IntervalTree,none,no,0,0,,,no,no,0,no,,,,helper_reachable,orphan_candidate
terrain_dirty_tracking.py,_IntervalTree.candidates,candidates,136,method,_IntervalTree,none,no,0,0,,,no,no,0,no,,,,orphan_candidate,orphan_candidate
terrain_dirty_tracking.py,_IntervalTree.rebuild,rebuild,154,method,_IntervalTree,none,no,1,0,terrain_dirty_tracking.py:216,,no,no,0,no,,,,helper_reachable,module_local_helper
terrain_dirty_tracking.py,DirtyTracker.world_bounds,world_bounds,203,property,DirtyTracker,none,no,0,0,,,yes,yes,2,no,A,C+,FAIL_NONE,test_only_or_unwired,orphan_candidate
terrain_dirty_tracking.py,DirtyTracker.set_world_bounds,set_world_bounds,206,method,DirtyTracker,none,no,0,0,,,yes,yes,2,no,A,C+,FAIL_NONE,orphan_candidate,orphan_candidate
terrain_dirty_tracking.py,DirtyTracker._rebuild_indexes,_rebuild_indexes,213,method,DirtyTracker,none,no,1,0,terrain_dirty_tracking.py:334,,no,no,0,no,,,,helper_reachable,module_local_helper
terrain_dirty_tracking.py,DirtyTracker._append_region,_append_region,221,method,DirtyTracker,none,no,2,0,terrain_dirty_tracking.py:248; terrain_dirty_tracking.py:268,,no,no,0,no,,,,helper_reachable,module_local_helper
terrain_dirty_tracking.py,DirtyTracker.mark_dirty,mark_dirty,234,method,DirtyTracker,none,no,1,0,terrain_dirty_tracking.py:491,,yes,yes,2,no,A,C+,FAIL_NONE,helper_reachable,module_local_helper
terrain_dirty_tracking.py,DirtyTracker.mark_many,mark_many,252,method,DirtyTracker,none,no,0,0,,,yes,yes,2,no,A,C+,FAIL_NONE,orphan_candidate,orphan_candidate
terrain_dirty_tracking.py,DirtyTracker._clip_to_world,_clip_to_world,272,method,DirtyTracker,none,no,2,0,terrain_dirty_tracking.py:239; terrain_dirty_tracking.py:259,,no,no,0,no,,,,helper_reachable,module_local_helper
terrain_dirty_tracking.py,DirtyTracker._sweep_merge,_sweep_merge,286,method,DirtyTracker,none,no,2,0,terrain_dirty_tracking.py:333; terrain_dirty_tracking.py:367,,no,no,0,no,,,,helper_reachable,module_local_helper
terrain_dirty_tracking.py,DirtyTracker._overlaps,_overlaps,300,method,DirtyTracker,none,no,1,0,terrain_dirty_tracking.py:318,,no,no,0,no,,,,helper_reachable,module_local_helper
terrain_dirty_tracking.py,DirtyTracker._coalesce_inplace,_coalesce_inplace,329,method,DirtyTracker,none,no,3,0,terrain_dirty_tracking.py:249; terrain_dirty_tracking.py:269; terrain_dirty_tracking.py:405,,no,no,0,no,,,,helper_reachable,module_local_helper
terrain_dirty_tracking.py,DirtyTracker.get_dirty_regions,get_dirty_regions,336,method,DirtyTracker,none,no,0,0,,,yes,yes,2,no,A,C+,FAIL_NONE,test_only_or_unwired,orphan_candidate
terrain_dirty_tracking.py,DirtyTracker.get_dirty_channels,get_dirty_channels,339,method,DirtyTracker,none,no,0,0,,,yes,yes,2,no,A,C+,FAIL_NONE,test_only_or_unwired,orphan_candidate
terrain_dirty_tracking.py,DirtyTracker.clear,clear,342,method,DirtyTracker,none,no,2,0,terrain_dirty_tracking.py:343; terrain_dirty_tracking.py:344,,yes,yes,2,no,A,C+,FAIL_NONE,helper_reachable,module_local_helper
terrain_dirty_tracking.py,DirtyTracker.is_clean,is_clean,347,method,DirtyTracker,none,no,0,0,,,yes,yes,2,no,A,C+,FAIL_NONE,test_only_or_unwired,orphan_candidate
terrain_dirty_tracking.py,DirtyTracker.dirty_area,dirty_area,350,method,DirtyTracker,none,no,1,0,terrain_dirty_tracking.py:388,,yes,yes,2,yes,B+,D+,FAIL_NONE,helper_reachable,module_local_helper
terrain_dirty_tracking.py,DirtyTracker.dirty_fraction,dirty_fraction,373,method,DirtyTracker,none,no,0,0,,,yes,yes,2,yes,A-,C,FAIL_NONE,test_only_or_unwired,orphan_candidate
terrain_dirty_tracking.py,DirtyTracker.coalesce,coalesce,390,method,DirtyTracker,none,no,0,0,,,yes,yes,2,yes,A,C+,FAIL_NONE,test_only_or_unwired,orphan_candidate
terrain_dirty_tracking.py,attach_dirty_tracker,attach_dirty_tracker,423,function,,none,no,2,4,terrain_live_preview.py:63,veilbreakers_terrain/tests/test_terrain_iteration.py:164; veilbreakers_terrain/tests/test_terrain_iteration.py:165,yes,yes,1,no,B,C+,FAIL_NONE,helper_reachable,cross_module_helper
terrain_dirty_tracking.py,_hooked_set,_hooked_set,468,function,,none,no,0,0,,,no,no,0,no,,,,orphan_candidate,orphan_candidate
terrain_ecotone_graph.py,EcotoneEdge.as_dict,as_dict,37,method,EcotoneEdge,none,yes,1,0,terrain_ecotone_graph.py:137,,yes,yes,1,no,A,C+,FAIL_NONE,helper_reachable,runtime_transitive
terrain_ecotone_graph.py,_find_adjacencies,_find_adjacencies,47,function,,none,yes,2,0,terrain_ecotone_graph.py:119,,yes,yes,1,no,B,D+,FAIL_NONE,helper_reachable,runtime_transitive
terrain_ecotone_graph.py,_count_pairs,_count_pairs,57,function,,none,yes,4,0,terrain_ecotone_graph.py:81; terrain_ecotone_graph.py:89,,no,no,0,no,,,,helper_reachable,runtime_transitive
terrain_ecotone_graph.py,build_ecotone_graph,build_ecotone_graph,96,function,,none,yes,2,4,terrain_ecotone_graph.py:187,veilbreakers_terrain/tests/test_terrain_ecosystem.py:377; veilbreakers_terrain/tests/test_terrain_ecosystem.py:389,yes,yes,1,no,C+,D+,FAIL_NONE,helper_reachable,runtime_transitive
terrain_ecotone_graph.py,validate_ecotone_smoothness,validate_ecotone_smoothness,143,function,,none,yes,2,2,terrain_ecotone_graph.py:188,veilbreakers_terrain/tests/test_terrain_ecosystem.py:412,yes,yes,1,no,A-,C+,FAIL_NONE,helper_reachable,runtime_transitive
terrain_ecotone_graph.py,pass_ecotones,pass_ecotones,167,function,,"master_bundle_pass,module_registrar",yes,0,2,,veilbreakers_terrain/tests/test_terrain_ecosystem.py:419,yes,yes,1,no,B+,C+,FAIL_NONE,registrar_declared_only,runtime_primary
terrain_ecotone_graph.py,register_bundle_j_ecotones_pass,register_bundle_j_ecotones_pass,205,function,,master_registrar,yes,2,0,terrain_bundle_j.py:60,,yes,yes,1,no,A,C+,FAIL_NONE,helper_reachable,runtime_primary
terrain_erosion_filter.py,_hash2,_hash2,41,function,,none,no,4,0,terrain_erosion_filter.py:222; terrain_erosion_filter.py:314,,yes,yes,1,yes,A,B+,FAIL_NONE,helper_reachable,module_local_helper
terrain_erosion_filter.py,_pow_inv,_pow_inv,95,function,,none,no,4,20,terrain_erosion_filter.py:405; terrain_erosion_filter.py:410,veilbreakers_terrain/tests/test_p7_pow_inv.py:9; veilbreakers_terrain/tests/test_p7_pow_inv.py:15; veilbreakers_terrain/tests/test_p7_pow_inv.py:16; veilbreakers_terrain/tests/test_p7_pow_inv.py:22; veilbreakers_terrain/tests/test_p7_pow_inv.py:29,yes,yes,1,no,A,B,FAIL_NONE,helper_reachable,module_local_helper
terrain_erosion_filter.py,finite_difference_gradient,finite_difference_gradient,121,function,,none,no,2,8,terrain_erosion_filter.py:494,veilbreakers_terrain/tests/test_terrain_erosion_filter.py:104; veilbreakers_terrain/tests/test_terrain_erosion_filter.py:248; veilbreakers_terrain/tests/test_terrain_erosion_filter.py:264; veilbreakers_terrain/tests/test_terrain_erosion_filter.py:273,yes,yes,1,no,A-,C+,FAIL_NONE,helper_reachable,module_local_helper
terrain_erosion_filter.py,phacelle_noise,phacelle_noise,162,function,,none,no,2,6,terrain_erosion_filter.py:356,veilbreakers_terrain/tests/test_terrain_noise_phase11.py:124; veilbreakers_terrain/tests/test_terrain_noise_phase11.py:136; veilbreakers_terrain/tests/test_terrain_noise_phase11.py:137,yes,yes,1,no,B+,B-,FAIL_NONE,helper_reachable,module_local_helper
terrain_erosion_filter.py,erosion_filter,erosion_filter,265,function,,none,no,2,0,terrain_erosion_filter.py:496,,yes,yes,1,no,B+,C-,FAIL_NONE,helper_reachable,module_local_helper
terrain_erosion_filter.py,apply_analytical_erosion,apply_analytical_erosion,456,function,,none,no,2,34,_terrain_world.py:854,veilbreakers_terrain/tests/test_terrain_erosion_filter.py:33; veilbreakers_terrain/tests/test_terrain_erosion_filter.py:49; veilbreakers_terrain/tests/test_terrain_erosion_filter.py:65; veilbreakers_terrain/tests/test_terrain_erosion_filter.py:66; veilbreakers_terrain/tests/test_terrain_erosion_filter.py:81,yes,yes,1,no,B+,B-,FAIL_NONE,helper_reachable,cross_module_helper
terrain_features.py,_cross,_cross,32,function,,none,no,0,0,,,no,no,0,no,,,,helper_reachable,orphan_candidate
terrain_features.py,_sub,_sub,41,function,,none,no,0,0,,,no,no,0,no,,,,helper_reachable,orphan_candidate
terrain_features.py,_normalize,_normalize,45,function,,none,yes,2,0,terrain_features.py:65,,no,no,0,no,,,,helper_reachable,runtime_transitive
terrain_features.py,_face_normal,_face_normal,53,function,,none,yes,2,0,terrain_features.py:70,,no,no,0,no,,,,helper_reachable,runtime_transitive
terrain_features.py,_compute_face_normals,_compute_face_normals,68,function,,none,yes,18,0,terrain_features.py:500; terrain_features.py:1032; terrain_features.py:1433; terrain_features.py:1790; terrain_features.py:2168,,no,no,0,no,,,,helper_reachable,runtime_transitive
terrain_features.py,_lod1_faces,_lod1_faces,73,function,,none,yes,18,0,terrain_features.py:529; terrain_features.py:1070; terrain_features.py:1461; terrain_features.py:1815; terrain_features.py:2193,,no,no,0,no,,,,helper_reachable,runtime_transitive
terrain_features.py,_material_metadata,_material_metadata,78,function,,none,yes,18,0,terrain_features.py:515; terrain_features.py:1051; terrain_features.py:1445; terrain_features.py:1803; terrain_features.py:2178,,no,no,0,no,,,,helper_reachable,runtime_transitive
terrain_features.py,_hash_noise,_hash_noise,97,function,,none,yes,78,0,terrain_features.py:277; terrain_features.py:317; terrain_features.py:639; terrain_features.py:683; terrain_features.py:718,,yes,yes,1,no,B-,C,FAIL_NONE,helper_reachable,runtime_transitive
terrain_features.py,_fbm,_fbm,112,function,,none,no,46,0,terrain_features.py:273; terrain_features.py:383; terrain_features.py:1169; terrain_features.py:1251; terrain_features.py:1539,,yes,yes,1,no,C+,F,FAIL_NONE,helper_reachable,module_local_helper
terrain_features.py,generate_canyon,generate_canyon,171,function,,none,no,0,18,,veilbreakers_terrain/tests/test_road_coastline_terrain_features.py:521; veilbreakers_terrain/tests/test_road_coastline_terrain_features.py:530; veilbreakers_terrain/tests/test_road_coastline_terrain_features.py:538; veilbreakers_terrain/tests/test_road_coastline_terrain_features.py:551; veilbreakers_terrain/tests/test_road_coastline_terrain_features.py:557,yes,yes,1,yes,B,B-,FAIL_NONE,test_only_or_unwired,test_only_or_unwired
terrain_features.py,_wall_verts_for_side,_wall_verts_for_side,358,function,,none,no,4,0,terrain_features.py:409; terrain_features.py:410,,no,no,0,no,,,,helper_reachable,module_local_helper
terrain_features.py,generate_waterfall,generate_waterfall,541,function,,none,yes,4,30,environment.py:2824; environment.py:2838,veilbreakers_terrain/tests/test_road_coastline_terrain_features.py:602; veilbreakers_terrain/tests/test_road_coastline_terrain_features.py:611; veilbreakers_terrain/tests/test_road_coastline_terrain_features.py:619; veilbreakers_terrain/tests/test_road_coastline_terrain_features.py:625; veilbreakers_terrain/tests/test_road_coastline_terrain_features.py:631,yes,yes,1,yes,B+,B-,FAIL_NONE,helper_reachable,runtime_transitive
terrain_features.py,_rot_xy,_rot_xy,1018,function,,none,yes,12,0,terrain_features.py:1023; terrain_features.py:1025; terrain_features.py:1026; terrain_features.py:1027; terrain_features.py:1029,,yes,yes,1,no,A-,C,FAIL_NONE,helper_reachable,runtime_transitive
terrain_features.py,generate_cliff_face,generate_cliff_face,1083,function,,none,no,0,22,,veilbreakers_terrain/tests/test_road_coastline_terrain_features.py:689; veilbreakers_terrain/tests/test_road_coastline_terrain_features.py:699; veilbreakers_terrain/tests/test_road_coastline_terrain_features.py:709; veilbreakers_terrain/tests/test_road_coastline_terrain_features.py:715; veilbreakers_terrain/tests/test_road_coastline_terrain_features.py:725,yes,yes,1,yes,B,B-,FAIL_NONE,test_only_or_unwired,test_only_or_unwired
terrain_features.py,_crack_displacement,_crack_displacement,1196,function,,none,no,2,0,terrain_features.py:1257,,no,no,0,no,,,,helper_reachable,module_local_helper
terrain_features.py,generate_swamp_terrain,generate_swamp_terrain,1473,function,,none,no,2,26,terrain_water_variants.py:936,veilbreakers_terrain/tests/test_road_coastline_terrain_features.py:778; veilbreakers_terrain/tests/test_road_coastline_terrain_features.py:787; veilbreakers_terrain/tests/test_road_coastline_terrain_features.py:797; veilbreakers_terrain/tests/test_road_coastline_terrain_features.py:806; veilbreakers_terrain/tests/test_road_coastline_terrain_features.py:812,yes,yes,1,yes,B-,C+,FAIL_NONE,helper_reachable,cross_module_helper
terrain_features.py,generate_natural_arch,generate_natural_arch,1828,function,,none,no,2,28,terrain_morphology.py:446,veilbreakers_terrain/tests/test_terrain_features_v2.py:23; veilbreakers_terrain/tests/test_terrain_features_v2.py:31; veilbreakers_terrain/tests/test_terrain_features_v2.py:39; veilbreakers_terrain/tests/test_terrain_features_v2.py:49; veilbreakers_terrain/tests/test_terrain_features_v2.py:59,yes,yes,1,yes,B,C,FAIL_NONE,helper_reachable,cross_module_helper
terrain_features.py,_arch_z,_arch_z,1924,function,,none,no,4,0,terrain_features.py:1937; terrain_features.py:1974,,no,no,0,no,,,,helper_reachable,module_local_helper
terrain_features.py,_arch_inner_z,_arch_inner_z,1934,function,,none,no,4,0,terrain_features.py:1975; terrain_features.py:2150,,no,no,0,no,,,,helper_reachable,module_local_helper
terrain_features.py,_tapered_thickness,_tapered_thickness,1943,function,,none,no,6,0,terrain_features.py:1936; terrain_features.py:1973; terrain_features.py:2150,,no,no,0,no,,,,helper_reachable,module_local_helper
terrain_features.py,_arch_face_mat,_arch_face_mat,2205,function,,none,no,4,0,terrain_features.py:2027; terrain_features.py:2034,,no,no,0,no,,,,helper_reachable,module_local_helper
terrain_features.py,generate_geyser,generate_geyser,2232,function,,none,no,2,22,terrain_water_variants.py:903,veilbreakers_terrain/tests/test_terrain_features_v2.py:125; veilbreakers_terrain/tests/test_terrain_features_v2.py:133; veilbreakers_terrain/tests/test_terrain_features_v2.py:142; veilbreakers_terrain/tests/test_terrain_features_v2.py:150; veilbreakers_terrain/tests/test_terrain_features_v2.py:157,yes,yes,1,yes,B,B-,FAIL_NONE,helper_reachable,cross_module_helper
terrain_features.py,generate_sinkhole,generate_sinkhole,2590,function,,none,no,2,26,terrain_karst.py:396,veilbreakers_terrain/tests/test_terrain_features_v2.py:216; veilbreakers_terrain/tests/test_terrain_features_v2.py:224; veilbreakers_terrain/tests/test_terrain_features_v2.py:233; veilbreakers_terrain/tests/test_terrain_features_v2.py:242; veilbreakers_terrain/tests/test_terrain_features_v2.py:248,yes,yes,1,yes,B-,C+,FAIL_NONE,helper_reachable,cross_module_helper
terrain_features.py,generate_floating_rocks,generate_floating_rocks,2923,function,,none,no,0,28,,veilbreakers_terrain/tests/test_terrain_features_v2.py:318; veilbreakers_terrain/tests/test_terrain_features_v2.py:326; veilbreakers_terrain/tests/test_terrain_features_v2.py:335; veilbreakers_terrain/tests/test_terrain_features_v2.py:341; veilbreakers_terrain/tests/test_terrain_features_v2.py:348,yes,yes,1,no,C+,C-,FAIL_NONE,test_only_or_unwired,test_only_or_unwired
terrain_features.py,generate_ice_formation,generate_ice_formation,3168,function,,none,no,2,26,terrain_glacial.py:400,veilbreakers_terrain/tests/test_terrain_features_v2.py:428; veilbreakers_terrain/tests/test_terrain_features_v2.py:436; veilbreakers_terrain/tests/test_terrain_features_v2.py:446; veilbreakers_terrain/tests/test_terrain_features_v2.py:456; veilbreakers_terrain/tests/test_terrain_features_v2.py:462,yes,yes,1,yes,B,C+,FAIL_NONE,helper_reachable,cross_module_helper
terrain_features.py,_build_hex_column,_build_hex_column,3233,function,,none,no,2,0,terrain_features.py:3347,,no,no,0,no,,,,helper_reachable,module_local_helper
terrain_features.py,generate_lava_flow,generate_lava_flow,3546,function,,none,no,0,26,,veilbreakers_terrain/tests/test_terrain_features_v2.py:535; veilbreakers_terrain/tests/test_terrain_features_v2.py:543; veilbreakers_terrain/tests/test_terrain_features_v2.py:552; veilbreakers_terrain/tests/test_terrain_features_v2.py:561; veilbreakers_terrain/tests/test_terrain_features_v2.py:569,yes,yes,1,yes,B,B-,FAIL_NONE,test_only_or_unwired,test_only_or_unwired
terrain_fog_masks.py,compute_fog_pool_mask,compute_fog_pool_mask,48,function,,none,yes,2,4,terrain_fog_masks.py:317,veilbreakers_terrain/tests/test_terrain_atmosphere.py:160; veilbreakers_terrain/tests/test_terrain_atmosphere.py:170,yes,yes,1,yes,B+,C+,FAIL_NONE,helper_reachable,runtime_transitive
terrain_fog_masks.py,compute_mist_envelope,compute_mist_envelope,183,function,,none,yes,2,2,terrain_fog_masks.py:322,veilbreakers_terrain/tests/test_terrain_atmosphere.py:182,yes,yes,1,yes,B+,C+,FAIL_NONE,helper_reachable,runtime_transitive
terrain_fog_masks.py,pass_fog_masks,pass_fog_masks,295,function,,"master_bundle_pass,module_registrar",yes,0,2,,veilbreakers_terrain/tests/test_terrain_atmosphere.py:195,yes,yes,1,yes,B+,B-,FAIL_NONE,registrar_declared_only,runtime_primary
terrain_fog_masks.py,register_bundle_l_fog_masks_pass,register_bundle_l_fog_masks_pass,349,function,,master_registrar,yes,2,0,terrain_bundle_l.py:33,,yes,yes,1,no,A-,C+,FAIL_NONE,helper_reachable,runtime_primary
terrain_footprint_surface.py,_world_to_cell,_world_to_cell,31,function,,none,no,2,0,terrain_footprint_surface.py:63,,yes,yes,1,no,A,C+,FAIL_NONE,helper_reachable,module_local_helper
terrain_footprint_surface.py,compute_footprint_surface_data,compute_footprint_surface_data,42,function,,none,no,0,10,,veilbreakers_terrain/tests/test_bundle_pq.py:175; veilbreakers_terrain/tests/test_bundle_pq.py:181; veilbreakers_terrain/tests/test_bundle_pq.py:188; veilbreakers_terrain/tests/test_bundle_pq.py:194; veilbreakers_terrain/tests/test_bundle_pq.py:204,yes,yes,1,no,C+,D+,FAIL_NONE,test_only_or_unwired,test_only_or_unwired
terrain_footprint_surface.py,export_footprint_data_json,export_footprint_data_json,104,function,,none,no,0,2,,veilbreakers_terrain/tests/test_bundle_pq.py:196,yes,yes,1,no,A-,C+,FAIL_NONE,test_only_or_unwired,test_only_or_unwired
terrain_framing.py,_bresenham_cells,_bresenham_cells,45,function,,none,yes,2,0,terrain_framing.py:128,,no,no,0,no,,,,helper_reachable,runtime_transitive
terrain_framing.py,enforce_sightline,enforce_sightline,77,function,,none,yes,2,4,terrain_framing.py:247,veilbreakers_terrain/tests/test_terrain_composition.py:247; veilbreakers_terrain/tests/test_terrain_composition.py:256,yes,yes,1,yes,A-,C+,FAIL_NONE,helper_reachable,runtime_transitive
terrain_framing.py,pass_framing,pass_framing,190,function,,"master_bundle_pass,module_registrar",yes,0,4,,veilbreakers_terrain/tests/test_terrain_composition.py:266; veilbreakers_terrain/tests/test_terrain_composition.py:287,yes,yes,1,yes,A-,B,FAIL_NONE,runtime_primary,runtime_primary
terrain_framing.py,_framing_quality_gate,_framing_quality_gate,299,function,,none,no,0,0,,,no,no,0,no,,,,orphan_candidate,orphan_candidate
terrain_framing.py,register_framing_pass,register_framing_pass,363,function,,master_registrar,yes,0,2,,veilbreakers_terrain/tests/test_terrain_composition.py:299,yes,yes,1,yes,A-,B+,FAIL_NONE,runtime_primary,runtime_primary
terrain_gameplay_zones.py,_label_zones,_label_zones,51,function,,none,yes,2,0,terrain_gameplay_zones.py:331,,no,no,0,no,,,,helper_reachable,runtime_transitive
terrain_gameplay_zones.py,_compute_cover_score,_compute_cover_score,90,function,,none,yes,6,0,terrain_gameplay_zones.py:132; terrain_gameplay_zones.py:296; terrain_gameplay_zones.py:384,,no,no,0,no,,,,helper_reachable,runtime_transitive
terrain_gameplay_zones.py,_compute_sky_exposure,_compute_sky_exposure,124,function,,none,yes,4,0,terrain_gameplay_zones.py:297; terrain_gameplay_zones.py:385,,no,no,0,no,,,,helper_reachable,runtime_transitive
terrain_gameplay_zones.py,_compute_choke_score,_compute_choke_score,152,function,,none,yes,4,0,terrain_gameplay_zones.py:298; terrain_gameplay_zones.py:386,,no,no,0,no,,,,helper_reachable,runtime_transitive
terrain_gameplay_zones.py,_compute_vantage_score,_compute_vantage_score,217,function,,none,yes,4,0,terrain_gameplay_zones.py:299; terrain_gameplay_zones.py:387,,no,no,0,no,,,,helper_reachable,runtime_transitive
terrain_gameplay_zones.py,compute_gameplay_zones,compute_gameplay_zones,258,function,,none,yes,2,4,terrain_gameplay_zones.py:418,veilbreakers_terrain/tests/test_terrain_ecosystem.py:195; veilbreakers_terrain/tests/test_terrain_ecosystem.py:209,yes,yes,1,yes,B+,C+,FAIL_NONE,helper_reachable,runtime_transitive
terrain_gameplay_zones.py,_apply_zone_with_cc,_apply_zone_with_cc,330,function,,none,yes,8,0,terrain_gameplay_zones.py:340; terrain_gameplay_zones.py:341; terrain_gameplay_zones.py:342; terrain_gameplay_zones.py:343,,no,no,0,no,,,,helper_reachable,runtime_transitive
terrain_gameplay_zones.py,_compute_gameplay_score_metrics,_compute_gameplay_score_metrics,374,function,,none,yes,2,0,terrain_gameplay_zones.py:429,,no,no,0,no,,,,helper_reachable,runtime_transitive
terrain_gameplay_zones.py,pass_gameplay_zones,pass_gameplay_zones,399,function,,"master_bundle_pass,module_registrar",yes,0,4,,veilbreakers_terrain/tests/test_terrain_ecosystem.py:216; veilbreakers_terrain/tests/test_terrain_ecosystem.py:479,yes,yes,1,yes,B+,B-,FAIL_NONE,registrar_declared_only,runtime_primary
terrain_gameplay_zones.py,register_bundle_j_gameplay_zones_pass,register_bundle_j_gameplay_zones_pass,450,function,,master_registrar,yes,2,0,terrain_bundle_j.py:55,,yes,yes,1,no,A-,C+,FAIL_NONE,helper_reachable,runtime_primary
terrain_geology_validator.py,validate_strata_consistency,validate_strata_consistency,26,function,,none,no,0,4,,veilbreakers_terrain/tests/test_terrain_geology.py:464; veilbreakers_terrain/tests/test_terrain_geology.py:476,yes,yes,1,no,C+,C-,FAIL_NONE,test_only_or_unwired,test_only_or_unwired
terrain_geology_validator.py,_norm,_norm,67,function,,none,no,4,0,terrain_geology_validator.py:71; terrain_geology_validator.py:72,,no,no,0,no,,,,helper_reachable,module_local_helper
terrain_geology_validator.py,validate_strahler_ordering,validate_strahler_ordering,97,function,,none,no,0,4,,veilbreakers_terrain/tests/test_terrain_geology.py:492; veilbreakers_terrain/tests/test_terrain_geology.py:501,yes,yes,1,yes,B+,C+,FAIL_NONE,test_only_or_unwired,test_only_or_unwired
terrain_geology_validator.py,_get,_get,154,function,,none,no,22,0,terrain_geology_validator.py:171; terrain_geology_validator.py:172; terrain_geology_validator.py:177; terrain_geology_validator.py:223; terrain_geology_validator.py:224,,no,no,0,no,,,,helper_reachable,module_local_helper
terrain_geology_validator.py,_compute_order,_compute_order,190,function,,none,no,2,0,terrain_geology_validator.py:217,,no,no,0,no,,,,helper_reachable,module_local_helper
terrain_geology_validator.py,_compute_nx,_compute_nx,271,function,,none,no,2,0,terrain_geology_validator.py:296,,no,no,0,no,,,,helper_reachable,module_local_helper
terrain_geology_validator.py,validate_glacial_plausibility,validate_glacial_plausibility,365,function,,none,no,0,4,,veilbreakers_terrain/tests/test_terrain_geology.py:511; veilbreakers_terrain/tests/test_terrain_geology.py:524,yes,yes,1,no,C,C-,FAIL_NONE,test_only_or_unwired,test_only_or_unwired
terrain_geology_validator.py,validate_karst_plausibility,validate_karst_plausibility,410,function,,none,no,0,2,,veilbreakers_terrain/tests/test_terrain_geology.py:549,yes,yes,1,no,C+,C-,FAIL_NONE,test_only_or_unwired,test_only_or_unwired
terrain_geology_validator.py,register_bundle_i_passes,register_bundle_i_passes,470,function,,none,no,0,4,,veilbreakers_terrain/tests/test_terrain_geology.py:568; veilbreakers_terrain/tests/test_terrain_geology.py:593,yes,yes,1,no,C+,C-,FAIL_NONE,runtime_primary,test_only_or_unwired
terrain_glacial.py,_path_to_cells,_path_to_cells,32,function,,none,no,2,0,terrain_glacial.py:77,,yes,yes,1,no,A-,C,FAIL_NONE,helper_reachable,module_local_helper
terrain_glacial.py,carve_u_valley,carve_u_valley,47,function,,none,no,4,6,terrain_glacial.py:335; terrain_twelve_step.py:205,veilbreakers_terrain/tests/test_mesh_quality_phase14.py:130; veilbreakers_terrain/tests/test_mesh_quality_phase14.py:149; veilbreakers_terrain/tests/test_terrain_geology.py:217,yes,yes,1,yes,B+,B,FAIL_NONE,helper_reachable,cross_module_helper
terrain_glacial.py,scatter_moraines,scatter_moraines,171,function,,none,no,0,4,,veilbreakers_terrain/tests/test_terrain_geology.py:231; veilbreakers_terrain/tests/test_terrain_geology.py:232,yes,yes,1,yes,B+,C,FAIL_NONE,test_only_or_unwired,test_only_or_unwired
terrain_glacial.py,_interp,_interp,208,function,,none,no,8,0,terrain_glacial.py:224; terrain_glacial.py:231; terrain_glacial.py:241; terrain_glacial.py:251,,no,no,0,no,,,,helper_reachable,module_local_helper
terrain_glacial.py,compute_snow_line,compute_snow_line,266,function,,none,no,2,2,terrain_glacial.py:315,veilbreakers_terrain/tests/test_terrain_geology.py:202,yes,yes,1,no,C+,D+,FAIL_NONE,helper_reachable,module_local_helper
terrain_glacial.py,pass_glacial,pass_glacial,300,function,,none,no,0,4,,veilbreakers_terrain/tests/test_phase14_wave1.py:64; veilbreakers_terrain/tests/test_terrain_geology.py:242,yes,yes,1,no,C,C-,FAIL_NONE,test_only_or_unwired,test_only_or_unwired
terrain_glacial.py,get_ice_formation_specs,get_ice_formation_specs,363,function,,none,no,0,0,,,yes,yes,1,no,B,D+,FAIL_NONE,orphan_candidate,orphan_candidate
terrain_god_ray_hints.py,GodRayHint.to_dict,to_dict,52,method,GodRayHint,none,no,1,0,terrain_god_ray_hints.py:346,,yes,yes,1,no,A,C+,FAIL_NONE,helper_reachable,module_local_helper
terrain_god_ray_hints.py,_normalize_sun_dir,_normalize_sun_dir,66,function,,none,yes,2,0,terrain_god_ray_hints.py:194,,yes,yes,1,no,B+,D+,FAIL_NONE,helper_reachable,runtime_transitive
terrain_god_ray_hints.py,_build_terrain_silhouette_shadow,_build_terrain_silhouette_shadow,75,function,,none,yes,2,0,terrain_god_ray_hints.py:200,,no,no,0,no,,,,helper_reachable,runtime_transitive
terrain_god_ray_hints.py,compute_god_ray_hints,compute_god_ray_hints,144,function,,none,yes,2,10,terrain_god_ray_hints.py:387,veilbreakers_terrain/tests/test_terrain_atmosphere.py:213; veilbreakers_terrain/tests/test_terrain_atmosphere.py:228; veilbreakers_terrain/tests/test_terrain_atmosphere.py:239; veilbreakers_terrain/tests/test_terrain_atmosphere.py:265; veilbreakers_terrain/tests/test_terrain_atmosphere.py:266,yes,yes,1,yes,B+,C+,FAIL_NONE,helper_reachable,runtime_transitive
terrain_god_ray_hints.py,export_god_ray_hints_json,export_god_ray_hints_json,336,function,,none,no,0,2,,veilbreakers_terrain/tests/test_terrain_atmosphere.py:242,yes,yes,1,no,B+,C,FAIL_NONE,test_only_or_unwired,test_only_or_unwired
terrain_god_ray_hints.py,pass_god_ray_hints,pass_god_ray_hints,356,function,,"master_bundle_pass,module_registrar",yes,0,2,,veilbreakers_terrain/tests/test_terrain_atmosphere.py:255,yes,yes,1,no,B,C+,FAIL_NONE,registrar_declared_only,runtime_primary
terrain_god_ray_hints.py,register_bundle_l_god_ray_hints_pass,register_bundle_l_god_ray_hints_pass,405,function,,master_registrar,yes,2,0,terrain_bundle_l.py:34,,yes,yes,1,no,A-,C+,FAIL_NONE,helper_reachable,runtime_primary
terrain_golden_snapshots.py,GoldenSnapshot.to_dict,to_dict,49,method,GoldenSnapshot,none,no,1,0,terrain_golden_snapshots.py:117,,yes,yes,1,no,A,C+,FAIL_NONE,helper_reachable,module_local_helper
terrain_golden_snapshots.py,GoldenSnapshot.from_dict,from_dict,55,method,GoldenSnapshot,none,no,1,0,terrain_golden_snapshots.py:126,,yes,yes,1,no,A,C+,FAIL_NONE,helper_reachable,module_local_helper
terrain_golden_snapshots.py,_channel_hashes,_channel_hashes,71,function,,none,no,4,0,terrain_golden_snapshots.py:104; terrain_golden_snapshots.py:189,,yes,yes,1,no,A-,C,FAIL_NONE,helper_reachable,module_local_helper
terrain_golden_snapshots.py,save_golden_snapshot,save_golden_snapshot,87,function,,none,no,2,8,terrain_golden_snapshots.py:265,veilbreakers_terrain/tests/test_terrain_deep_qa.py:367; veilbreakers_terrain/tests/test_terrain_deep_qa.py:383; veilbreakers_terrain/tests/test_terrain_deep_qa.py:396; veilbreakers_terrain/tests/test_terrain_deep_qa.py:413,yes,yes,1,no,A-,B,FAIL_NONE,helper_reachable,module_local_helper
terrain_golden_snapshots.py,load_golden_snapshot,load_golden_snapshot,123,function,,none,no,0,2,,veilbreakers_terrain/tests/test_terrain_deep_qa.py:369,yes,yes,1,no,A,B-,FAIL_NONE,test_only_or_unwired,test_only_or_unwired
terrain_golden_snapshots.py,compare_against_golden,compare_against_golden,129,function,,none,no,0,6,,veilbreakers_terrain/tests/test_terrain_deep_qa.py:384; veilbreakers_terrain/tests/test_terrain_deep_qa.py:400; veilbreakers_terrain/tests/test_terrain_deep_qa.py:417,yes,yes,1,no,A-,C+,FAIL_NONE,test_only_or_unwired,test_only_or_unwired
terrain_golden_snapshots.py,_seed_one,_seed_one,235,function,,none,no,2,0,terrain_golden_snapshots.py:330,,no,no,0,no,,,,helper_reachable,module_local_helper
terrain_golden_snapshots.py,seed_golden_library,seed_golden_library,276,function,,none,no,0,2,,veilbreakers_terrain/tests/test_terrain_deep_qa.py:437,yes,yes,1,yes,B+,C+,FAIL_NONE,test_only_or_unwired,test_only_or_unwired
terrain_hierarchy.py,FeatureTier.from_str,from_str,35,method,FeatureTier,none,no,3,0,terrain_hierarchy.py:89; terrain_hierarchy.py:151; terrain_hierarchy.py:152,,no,no,0,no,,,,helper_reachable,module_local_helper
terrain_hierarchy.py,classify_feature_tier,classify_feature_tier,77,function,,none,no,0,4,,veilbreakers_terrain/tests/test_terrain_composition.py:326; veilbreakers_terrain/tests/test_terrain_composition.py:341,yes,yes,1,no,B+,C+,FAIL_NONE,test_only_or_unwired,test_only_or_unwired
terrain_hierarchy.py,enforce_feature_budget,enforce_feature_budget,119,function,,none,no,0,4,,veilbreakers_terrain/tests/test_terrain_composition.py:355; veilbreakers_terrain/tests/test_terrain_composition.py:370,yes,yes,1,yes,B+,C+,FAIL_NONE,test_only_or_unwired,test_only_or_unwired
terrain_hierarchy.py,_footprint,_footprint,142,function,,none,no,2,0,terrain_hierarchy.py:170,,no,no,0,no,,,,helper_reachable,module_local_helper
terrain_hierarchy.py,_tier_rank,_tier_rank,149,function,,none,no,2,0,terrain_hierarchy.py:174,,no,no,0,no,,,,helper_reachable,module_local_helper
terrain_hierarchy.py,_saliency,_saliency,154,function,,none,no,2,0,terrain_hierarchy.py:174,,no,no,0,no,,,,helper_reachable,module_local_helper
terrain_hierarchy.py,_feature_id,_feature_id,159,function,,none,no,2,0,terrain_hierarchy.py:174,,no,no,0,no,,,,helper_reachable,module_local_helper
terrain_hierarchy.py,_tri_estimate,_tri_estimate,164,function,,none,no,2,0,terrain_hierarchy.py:186,,no,no,0,no,,,,helper_reachable,module_local_helper
terrain_horizon_lod.py,compute_horizon_lod,compute_horizon_lod,34,function,,none,yes,2,8,terrain_horizon_lod.py:236,veilbreakers_terrain/tests/test_terrain_atmosphere.py:94; veilbreakers_terrain/tests/test_terrain_atmosphere.py:104; veilbreakers_terrain/tests/test_terrain_atmosphere.py:112; veilbreakers_terrain/tests/test_terrain_atmosphere.py:113,yes,yes,1,no,C+,D,FAIL_TRANSITIVE_MODULE,helper_reachable,runtime_transitive
terrain_horizon_lod.py,build_horizon_skybox_mask,build_horizon_skybox_mask,103,function,,none,yes,4,6,terrain_horizon_lod.py:278; terrain_horizon_lod.py:287,veilbreakers_terrain/tests/test_terrain_atmosphere.py:121; veilbreakers_terrain/tests/test_terrain_atmosphere.py:132; veilbreakers_terrain/tests/test_terrain_atmosphere.py:133,yes,yes,1,no,D,F,FAIL_TRANSITIVE_MODULE,helper_reachable,runtime_transitive
terrain_horizon_lod.py,pass_horizon_lod,pass_horizon_lod,213,function,,"master_bundle_pass,module_registrar",yes,0,2,,veilbreakers_terrain/tests/test_terrain_atmosphere.py:141,yes,yes,1,no,B-,D,"FAIL_CONTRACT_CHANNEL,FAIL_TRANSITIVE_MODULE",registrar_declared_only,runtime_primary
terrain_horizon_lod.py,register_bundle_l_horizon_lod_pass,register_bundle_l_horizon_lod_pass,314,function,,master_registrar,yes,2,0,terrain_bundle_l.py:32,,yes,yes,1,no,A,C+,FAIL_TRANSITIVE_MODULE,helper_reachable,runtime_primary
terrain_hot_reload.py,_module_path,_module_path,35,function,,none,no,6,0,terrain_hot_reload.py:124; terrain_hot_reload.py:154; terrain_hot_reload.py:160,,yes,yes,1,no,A,C+,FAIL_NONE,helper_reachable,module_local_helper
terrain_hot_reload.py,_safe_reload,_safe_reload,40,function,,none,no,12,0,terrain_hot_reload.py:78; terrain_hot_reload.py:88; terrain_hot_reload.py:148; terrain_hot_reload.py:173; terrain_hot_reload.py:190,,yes,yes,1,no,D+,F,FAIL_NONE,helper_reachable,module_local_helper
terrain_hot_reload.py,reload_biome_rules,reload_biome_rules,74,function,,none,no,0,2,,veilbreakers_terrain/tests/test_terrain_iteration.py:497,no,no,0,no,,,,test_only_or_unwired,test_only_or_unwired
terrain_hot_reload.py,reload_material_rules,reload_material_rules,84,function,,none,no,0,0,,,no,no,0,no,,,,orphan_candidate,orphan_candidate
terrain_hot_reload.py,HotReloadWatcher.add,add,118,method,HotReloadWatcher,none,no,2,0,terrain_hot_reload.py:131; terrain_hot_reload.py:136,,yes,yes,1,no,A-,C,FAIL_NONE,helper_reachable,module_local_helper
terrain_hot_reload.py,HotReloadWatcher.watch_biome_rules,watch_biome_rules,128,method,HotReloadWatcher,none,no,0,0,,,yes,yes,1,no,A,C+,FAIL_NONE,helper_reachable,orphan_candidate
terrain_hot_reload.py,HotReloadWatcher.watch_material_rules,watch_material_rules,133,method,HotReloadWatcher,none,no,0,0,,,yes,yes,1,no,A,C+,FAIL_NONE,helper_reachable,orphan_candidate
terrain_hot_reload.py,HotReloadWatcher.check_and_reload,check_and_reload,138,method,HotReloadWatcher,none,no,0,0,,,yes,yes,1,no,C,F,FAIL_NONE,helper_reachable,orphan_candidate
terrain_hot_reload.py,HotReloadWatcher.force_reload_all,force_reload_all,182,method,HotReloadWatcher,none,no,0,0,,,yes,yes,1,no,A,C+,FAIL_NONE,orphan_candidate,orphan_candidate
terrain_hot_reload.py,HotReloadWatcher.clear_errors,clear_errors,198,method,HotReloadWatcher,none,no,0,0,,,no,no,0,no,,,,orphan_candidate,orphan_candidate
terrain_hot_reload.py,force_reload_all,force_reload_all,203,function,,none,no,0,0,,,yes,yes,1,no,A,C+,FAIL_NONE,orphan_candidate,orphan_candidate
terrain_iteration_metrics.py,_get_peak_memory_mb,_get_peak_memory_mb,24,function,,none,no,2,0,terrain_iteration_metrics.py:131,,no,no,0,no,,,,helper_reachable,module_local_helper
terrain_iteration_metrics.py,IterationMetrics.record,record,98,method,IterationMetrics,none,no,1,0,terrain_iteration_metrics.py:326,,no,no,0,no,,,,helper_reachable,module_local_helper
terrain_iteration_metrics.py,IterationMetrics.reset,reset,141,method,IterationMetrics,none,no,0,0,,,no,no,0,no,,,,orphan_candidate,orphan_candidate
terrain_iteration_metrics.py,IterationMetrics.merge,merge,160,method,IterationMetrics,none,no,0,0,,,no,no,0,no,,,,helper_reachable,orphan_candidate
terrain_iteration_metrics.py,IterationMetrics.avg_pass_duration_s,avg_pass_duration_s,192,property,IterationMetrics,none,no,0,0,,,yes,yes,1,no,A,C+,FAIL_NONE,test_only_or_unwired,orphan_candidate
terrain_iteration_metrics.py,IterationMetrics.cache_hit_rate,cache_hit_rate,200,property,IterationMetrics,none,no,0,0,,,yes,yes,1,no,A,C+,FAIL_NONE,test_only_or_unwired,orphan_candidate
terrain_iteration_metrics.py,IterationMetrics.p50_duration_s,p50_duration_s,205,property,IterationMetrics,none,no,0,0,,,yes,yes,1,no,A,C+,FAIL_NONE,test_only_or_unwired,orphan_candidate
terrain_iteration_metrics.py,IterationMetrics.p95_duration_s,p95_duration_s,209,property,IterationMetrics,none,no,0,0,,,yes,yes,1,no,A,C+,FAIL_NONE,test_only_or_unwired,orphan_candidate
terrain_iteration_metrics.py,IterationMetrics.p99_duration_s,p99_duration_s,213,property,IterationMetrics,none,no,0,0,,,no,no,0,no,,,,orphan_candidate,orphan_candidate
terrain_iteration_metrics.py,IterationMetrics.max_duration_s,max_duration_s,217,property,IterationMetrics,none,no,0,0,,,yes,yes,1,no,A,C+,FAIL_NONE,orphan_candidate,orphan_candidate
terrain_iteration_metrics.py,IterationMetrics.slowest_pass_name,slowest_pass_name,221,property,IterationMetrics,none,no,0,0,,,no,no,0,no,,,,orphan_candidate,orphan_candidate
terrain_iteration_metrics.py,IterationMetrics.per_pass_totals,per_pass_totals,228,method,IterationMetrics,none,no,0,0,,,yes,yes,1,yes,B+,C-,FAIL_NONE,orphan_candidate,orphan_candidate
terrain_iteration_metrics.py,IterationMetrics.hotspots,hotspots,232,method,IterationMetrics,none,no,1,0,terrain_iteration_metrics.py:271,,no,no,0,no,,,,helper_reachable,module_local_helper
terrain_iteration_metrics.py,IterationMetrics.summary_report,summary_report,239,method,IterationMetrics,none,no,1,0,terrain_iteration_metrics.py:285,,yes,yes,1,yes,A,B,FAIL_NONE,helper_reachable,module_local_helper
terrain_iteration_metrics.py,IterationMetrics.to_json,to_json,278,method,IterationMetrics,none,no,0,0,,,no,no,0,no,,,,orphan_candidate,orphan_candidate
terrain_iteration_metrics.py,_percentile,_percentile,288,function,,none,no,6,0,terrain_iteration_metrics.py:206; terrain_iteration_metrics.py:210; terrain_iteration_metrics.py:214,,yes,yes,1,yes,A,C+,FAIL_NONE,helper_reachable,module_local_helper
terrain_iteration_metrics.py,record_iteration,record_iteration,324,function,,none,no,0,10,,veilbreakers_terrain/tests/test_terrain_iteration.py:516; veilbreakers_terrain/tests/test_terrain_iteration.py:517; veilbreakers_terrain/tests/test_terrain_iteration.py:520; veilbreakers_terrain/tests/test_terrain_iteration.py:521; veilbreakers_terrain/tests/test_terrain_wiring_integration.py:461,yes,yes,1,no,D,F,FAIL_NONE,test_only_or_unwired,test_only_or_unwired
terrain_iteration_metrics.py,record_cache_hit,record_cache_hit,329,function,,none,no,0,4,,veilbreakers_terrain/tests/test_terrain_iteration.py:536; veilbreakers_terrain/tests/test_terrain_iteration.py:537,yes,yes,1,no,A,B-,FAIL_NONE,test_only_or_unwired,test_only_or_unwired
terrain_iteration_metrics.py,record_cache_miss,record_cache_miss,333,function,,none,no,0,2,,veilbreakers_terrain/tests/test_terrain_iteration.py:538,yes,yes,1,no,A,B-,FAIL_NONE,test_only_or_unwired,test_only_or_unwired
terrain_iteration_metrics.py,record_wave,record_wave,337,function,,none,no,0,0,,,no,no,0,no,,,,orphan_candidate,orphan_candidate
terrain_iteration_metrics.py,speedup_factor,speedup_factor,342,function,,none,no,2,4,terrain_iteration_metrics.py:372,veilbreakers_terrain/tests/test_terrain_iteration.py:523; veilbreakers_terrain/tests/test_terrain_iteration.py:613,yes,yes,1,no,A,B-,FAIL_NONE,helper_reachable,module_local_helper
terrain_iteration_metrics.py,meets_speedup_target,meets_speedup_target,361,function,,none,no,0,4,,veilbreakers_terrain/tests/test_terrain_wiring_integration.py:485; veilbreakers_terrain/tests/test_terrain_wiring_integration.py:488,yes,yes,1,no,D,F,FAIL_NONE,test_only_or_unwired,test_only_or_unwired
terrain_iteration_metrics.py,stdev_duration_s,stdev_duration_s,376,function,,none,no,0,0,,,yes,yes,1,no,A,C+,FAIL_NONE,orphan_candidate,orphan_candidate
terrain_karst.py,detect_karst_candidates,detect_karst_candidates,89,function,,none,no,4,4,terrain_karst.py:316; terrain_karst.py:359,veilbreakers_terrain/tests/test_terrain_geology.py:378; veilbreakers_terrain/tests/test_terrain_geology.py:425,yes,yes,1,no,C+,D,FAIL_NONE,helper_reachable,module_local_helper
terrain_karst.py,carve_karst_features,carve_karst_features,191,function,,none,no,2,2,terrain_karst.py:318,veilbreakers_terrain/tests/test_terrain_geology.py:428,yes,yes,1,yes,B+,C+,FAIL_NONE,helper_reachable,module_local_helper
terrain_karst.py,pass_karst,pass_karst,292,function,,none,no,0,2,,veilbreakers_terrain/tests/test_terrain_geology.py:438,yes,yes,1,no,D+,D,FAIL_NONE,test_only_or_unwired,test_only_or_unwired
terrain_karst.py,get_sinkhole_specs,get_sinkhole_specs,344,function,,none,no,0,0,,,yes,yes,1,yes,B+,C-,FAIL_NONE,orphan_candidate,orphan_candidate
terrain_legacy_bug_fixes.py,_default_terrain_advanced_path,_default_terrain_advanced_path,31,function,,none,no,2,0,terrain_legacy_bug_fixes.py:160,,yes,yes,1,no,B,D+,FAIL_NONE,helper_reachable,module_local_helper
terrain_legacy_bug_fixes.py,audit_np_clip_in_file,audit_np_clip_in_file,51,function,,none,no,2,4,terrain_legacy_bug_fixes.py:161,veilbreakers_terrain/tests/test_bundle_bcd_supplements.py:482; veilbreakers_terrain/tests/test_bundle_bcd_supplements.py:491,yes,yes,1,no,B-,D+,FAIL_NONE,helper_reachable,module_local_helper
terrain_legacy_bug_fixes.py,_audit_pixel_units_in_file,_audit_pixel_units_in_file,112,function,,none,no,2,0,terrain_legacy_bug_fixes.py:197,,no,no,0,no,,,,helper_reachable,module_local_helper
terrain_legacy_bug_fixes.py,audit_terrain_advanced_world_units,audit_terrain_advanced_world_units,140,function,,none,no,0,2,,veilbreakers_terrain/tests/test_bundle_bcd_supplements.py:495,yes,yes,1,no,C-,F,FAIL_NONE,test_only_or_unwired,test_only_or_unwired
terrain_live_preview.py,_clone_stack_for_diff,_clone_stack_for_diff,27,function,,none,no,2,4,terrain_live_preview.py:153,veilbreakers_terrain/tests/test_terrain_iteration.py:334; veilbreakers_terrain/tests/test_terrain_iteration.py:351,yes,yes,1,no,A,B-,FAIL_NONE,helper_reachable,module_local_helper
terrain_live_preview.py,LivePreviewSession.state,state,75,property,LivePreviewSession,none,no,0,0,,,yes,yes,1,no,A,C+,FAIL_NONE,test_only_or_unwired,orphan_candidate
terrain_live_preview.py,LivePreviewSession.current_hash,current_hash,78,method,LivePreviewSession,none,no,2,0,terrain_live_preview.py:95; terrain_live_preview.py:113,,yes,yes,1,no,A,C+,FAIL_NONE,helper_reachable,module_local_helper
terrain_live_preview.py,LivePreviewSession.apply_edit,apply_edit,81,method,LivePreviewSession,none,no,0,0,,,yes,yes,1,no,B+,B-,FAIL_NONE,helper_reachable,orphan_candidate
terrain_live_preview.py,LivePreviewSession.diff_preview,diff_preview,127,method,LivePreviewSession,none,no,0,0,,,yes,yes,1,no,B,C-,FAIL_NONE,helper_reachable,orphan_candidate
terrain_live_preview.py,LivePreviewSession.diff_stacks,diff_stacks,147,method,LivePreviewSession,none,no,0,0,,,no,no,0,no,,,,orphan_candidate,orphan_candidate
terrain_live_preview.py,LivePreviewSession.snapshot_stack,snapshot_stack,151,method,LivePreviewSession,none,no,0,0,,,no,no,0,no,,,,orphan_candidate,orphan_candidate
terrain_live_preview.py,LivePreviewSession.render_thumbnail_png,render_thumbnail_png,155,method,LivePreviewSession,none,no,0,0,,,no,no,0,no,,,,helper_reachable,orphan_candidate
terrain_live_preview.py,edit_hero_feature,edit_hero_feature,197,function,,none,no,0,0,,,yes,yes,1,yes,A-,C+,FAIL_NONE,orphan_candidate,orphan_candidate
terrain_macro_color.py,_resolve_palette,_resolve_palette,42,function,,none,yes,4,0,terrain_macro_color.py:75; terrain_macro_color.py:162,,yes,yes,1,no,B,D+,FAIL_NONE,helper_reachable,runtime_transitive
terrain_macro_color.py,compute_macro_color,compute_macro_color,60,function,,none,yes,2,10,terrain_macro_color.py:150,veilbreakers_terrain/tests/test_terrain_material_ceiling.py:166; veilbreakers_terrain/tests/test_terrain_material_ceiling.py:182; veilbreakers_terrain/tests/test_terrain_material_ceiling.py:192; veilbreakers_terrain/tests/test_terrain_material_ceiling.py:195; veilbreakers_terrain/tests/test_terrain_material_ceiling.py:204,yes,yes,1,yes,B+,C+,FAIL_NONE,helper_reachable,runtime_transitive
terrain_macro_color.py,pass_macro_color,pass_macro_color,135,function,,"master_bundle_pass,module_registrar",yes,0,2,,veilbreakers_terrain/tests/test_terrain_material_ceiling.py:212,yes,yes,1,no,B+,C+,FAIL_NONE,registrar_declared_only,runtime_primary
terrain_macro_color.py,register_bundle_k_macro_color_pass,register_bundle_k_macro_color_pass,168,function,,master_registrar,yes,2,0,terrain_bundle_k.py:43,,yes,yes,1,no,B,C-,FAIL_NONE,helper_reachable,runtime_primary
terrain_mask_cache.py,_hash_channel,_hash_channel,33,function,,none,no,2,0,terrain_mask_cache.py:364,,no,no,0,no,,,,helper_reachable,module_local_helper
terrain_mask_cache.py,cache_key_for_pass,cache_key_for_pass,49,function,,none,no,2,6,terrain_mask_cache.py:366,veilbreakers_terrain/tests/test_terrain_iteration.py:217; veilbreakers_terrain/tests/test_terrain_iteration.py:218; veilbreakers_terrain/tests/test_terrain_iteration.py:219,yes,yes,1,no,A,B-,FAIL_NONE,helper_reachable,module_local_helper
terrain_mask_cache.py,MaskCache.get,get,151,method,MaskCache,none,no,4,0,terrain_mask_cache.py:275; terrain_mask_cache.py:322; terrain_mask_cache.py:364; terrain_mask_cache.py:377,,yes,yes,1,no,A,C+,FAIL_NONE,helper_reachable,module_local_helper
terrain_mask_cache.py,MaskCache.put,put,160,method,MaskCache,none,no,1,0,terrain_mask_cache.py:384,,yes,yes,1,no,A,C+,FAIL_NONE,helper_reachable,module_local_helper
terrain_mask_cache.py,MaskCache._remove_from_tag_index,_remove_from_tag_index,188,method,MaskCache,none,no,4,0,terrain_mask_cache.py:183; terrain_mask_cache.py:231; terrain_mask_cache.py:246; terrain_mask_cache.py:286,,no,no,0,no,,,,helper_reachable,module_local_helper
terrain_mask_cache.py,MaskCache.get_or_compute,get_or_compute,193,method,MaskCache,none,no,0,0,,,yes,yes,1,no,B+,D+,FAIL_NONE,test_only_or_unwired,orphan_candidate
terrain_mask_cache.py,MaskCache.invalidate,invalidate,242,method,MaskCache,none,no,0,0,,,yes,yes,1,no,A,C+,FAIL_NONE,orphan_candidate,orphan_candidate
terrain_mask_cache.py,MaskCache.invalidate_prefix,invalidate_prefix,250,method,MaskCache,none,no,0,0,,,yes,yes,1,no,A,C+,FAIL_NONE,helper_reachable,orphan_candidate
terrain_mask_cache.py,MaskCache.invalidate_all,invalidate_all,293,method,MaskCache,none,no,0,0,,,yes,yes,1,no,A,C+,FAIL_NONE,orphan_candidate,orphan_candidate
terrain_mask_cache.py,MaskCache.stats,stats,298,method,MaskCache,none,no,0,0,,,yes,yes,1,no,A,C+,FAIL_NONE,orphan_candidate,orphan_candidate
terrain_mask_cache.py,_snapshot_produced_channels,_snapshot_produced_channels,316,function,,none,no,2,0,terrain_mask_cache.py:383,,yes,yes,1,no,A,C+,FAIL_NONE,helper_reachable,module_local_helper
terrain_mask_cache.py,_restore_produced_channels,_restore_produced_channels,327,function,,none,no,2,0,terrain_mask_cache.py:379,,no,no,0,no,,,,helper_reachable,module_local_helper
terrain_mask_cache.py,pass_with_cache,pass_with_cache,338,function,,none,no,2,8,terrain_live_preview.py:107,veilbreakers_terrain/tests/test_terrain_iteration.py:246; veilbreakers_terrain/tests/test_terrain_iteration.py:251; veilbreakers_terrain/tests/test_terrain_iteration.py:602; veilbreakers_terrain/tests/test_terrain_iteration.py:607,yes,yes,1,no,A,B+,FAIL_NONE,helper_reachable,cross_module_helper
terrain_masks.py,compute_slope,compute_slope,27,function,,none,no,2,0,terrain_masks.py:335,,yes,yes,1,no,A,C+,FAIL_NONE,helper_reachable,module_local_helper
terrain_masks.py,compute_curvature,compute_curvature,49,function,,none,no,2,0,terrain_masks.py:336,,yes,yes,1,no,A,C+,FAIL_NONE,helper_reachable,module_local_helper
terrain_masks.py,compute_concavity,compute_concavity,73,function,,none,no,2,0,terrain_masks.py:337,,yes,yes,1,no,B+,D+,FAIL_NONE,helper_reachable,module_local_helper
terrain_masks.py,compute_convexity,compute_convexity,90,function,,none,no,2,0,terrain_masks.py:338,,yes,yes,1,no,B+,D+,FAIL_NONE,helper_reachable,module_local_helper
terrain_masks.py,extract_ridge_mask,extract_ridge_mask,107,function,,none,no,2,0,terrain_masks.py:339,,yes,yes,1,no,B,D+,FAIL_NONE,helper_reachable,module_local_helper
terrain_masks.py,detect_basins,detect_basins,145,function,,none,no,2,0,terrain_masks.py:340,,yes,yes,1,yes,B+,C-,FAIL_NONE,helper_reachable,module_local_helper
terrain_masks.py,compute_macro_saliency,compute_macro_saliency,266,function,,none,no,2,0,terrain_masks.py:341,,yes,yes,1,no,B+,D+,FAIL_NONE,helper_reachable,module_local_helper
terrain_masks.py,compute_base_masks,compute_base_masks,302,function,,none,no,2,8,_terrain_world.py:739,veilbreakers_terrain/tests/test_terrain_caves.py:93; veilbreakers_terrain/tests/test_terrain_cliffs.py:68; veilbreakers_terrain/tests/test_terrain_cliffs.py:114; veilbreakers_terrain/tests/test_terrain_materials_v2.py:56,yes,yes,1,no,A,A-,FAIL_NONE,helper_reachable,cross_module_helper
terrain_master_registrar.py,_safe_import_registrar,_safe_import_registrar,102,function,,none,yes,2,2,terrain_master_registrar.py:242,veilbreakers_terrain/tests/test_terrain_master_registrar.py:34,yes,yes,1,no,A,B-,FAIL_NONE,helper_reachable,runtime_transitive
terrain_master_registrar.py,register_all_terrain_passes,register_all_terrain_passes,127,function,,none,yes,6,10,__init__.py:39; environment.py:2394; environment.py:2640,veilbreakers_terrain/tests/integration/test_full_terrain_pipeline.py:74; veilbreakers_terrain/tests/integration/test_full_terrain_pipeline.py:83; veilbreakers_terrain/tests/test_terrain_master_registrar.py:16; veilbreakers_terrain/tests/test_terrain_master_registrar.py:46; veilbreakers_terrain/tests/test_terrain_wiring_integration.py:50,yes,yes,1,no,A,B+,FAIL_NONE,helper_reachable,runtime_transitive
terrain_master_registrar.py,register_all_terrain_passes_detailed,register_all_terrain_passes_detailed,155,function,,none,no,0,0,,,yes,yes,1,no,A,C+,FAIL_NONE,uninvoked_registrar,uninvoked_registrar
terrain_master_registrar.py,_register_all_terrain_passes_impl,_register_all_terrain_passes_impl,170,function,,none,yes,4,0,terrain_master_registrar.py:151; terrain_master_registrar.py:167,,yes,yes,1,no,B,D+,FAIL_NONE,helper_reachable,runtime_transitive
terrain_materials.py,get_default_biome,get_default_biome,50,function,,none,no,0,0,,,yes,yes,1,no,A,C+,FAIL_NONE,orphan_candidate,orphan_candidate
terrain_materials.py,_get_material_def,_get_material_def,997,function,,none,yes,4,0,environment.py:6863; terrain_materials.py:2277,,yes,yes,1,no,A-,B-,FAIL_NONE,helper_reachable,runtime_transitive
terrain_materials.py,get_all_terrain_material_keys,get_all_terrain_material_keys,1002,function,,none,no,0,0,,,yes,yes,1,no,A,C+,FAIL_NONE,orphan_candidate,orphan_candidate
terrain_materials.py,get_biome_palette,get_biome_palette,1015,function,,none,yes,8,0,terrain_materials.py:1153; terrain_materials.py:1345; terrain_materials.py:2265; terrain_materials.py:3012,,yes,yes,1,no,A,C+,FAIL_NONE,helper_reachable,runtime_transitive
terrain_materials.py,_face_slope_angle,_face_slope_angle,1046,function,,none,yes,4,0,terrain_materials.py:1087; terrain_materials.py:1211,,yes,yes,1,no,A,C+,FAIL_NONE,helper_reachable,runtime_transitive
terrain_materials.py,_classify_face,_classify_face,1068,function,,none,yes,4,0,terrain_materials.py:1469; terrain_materials.py:2344,,yes,yes,1,yes,B+,C,FAIL_NONE,helper_reachable,runtime_transitive
terrain_materials.py,assign_terrain_materials_by_slope,assign_terrain_materials_by_slope,1096,function,,none,yes,2,0,terrain_materials.py:2304,,yes,yes,1,yes,B+,C,FAIL_NONE,helper_reachable,runtime_transitive
terrain_materials.py,blend_terrain_vertex_colors,blend_terrain_vertex_colors,1290,function,,none,yes,2,0,terrain_materials.py:2317,,yes,yes,1,yes,B+,C,FAIL_NONE,helper_reachable,runtime_transitive
terrain_materials.py,_srgb_to_linear,_srgb_to_linear,1356,function,,none,yes,16,0,terrain_materials.py:1387; terrain_materials.py:1388; terrain_materials.py:1389; terrain_materials.py:1432; terrain_materials.py:1433,,no,no,0,no,,,,helper_reachable,runtime_transitive
terrain_materials.py,_linear_to_srgb,_linear_to_srgb,1362,function,,none,yes,12,0,terrain_materials.py:1453; terrain_materials.py:1454; terrain_materials.py:1502; terrain_materials.py:1503; terrain_materials.py:1504,,no,no,0,no,,,,helper_reachable,runtime_transitive
terrain_materials.py,apply_corruption_tint,apply_corruption_tint,1521,function,,none,yes,2,0,terrain_materials.py:2321,,yes,yes,1,yes,A,B+,FAIL_NONE,helper_reachable,runtime_transitive
terrain_materials.py,_wang_hash,_wang_hash,1600,function,,none,no,6,0,terrain_materials.py:1635,,no,no,0,no,,,,helper_reachable,module_local_helper
terrain_materials.py,_simple_noise_2d,_simple_noise_2d,1610,function,,none,no,2,2,terrain_materials.py:1772,veilbreakers_terrain/tests/test_terrain_materials.py:616,yes,yes,1,no,C+,C-,FAIL_NONE,helper_reachable,module_local_helper
terrain_materials.py,_quintic,_quintic,1627,function,,none,no,4,0,terrain_materials.py:1630; terrain_materials.py:1631,,no,no,0,no,,,,helper_reachable,module_local_helper
terrain_materials.py,_hash_val,_hash_val,1633,function,,none,no,8,0,terrain_materials.py:1639; terrain_materials.py:1640; terrain_materials.py:1641; terrain_materials.py:1642,,no,no,0,no,,,,helper_reachable,module_local_helper
terrain_materials.py,compute_biome_transition,compute_biome_transition,1650,function,,none,no,0,32,,veilbreakers_terrain/tests/test_terrain_materials.py:433; veilbreakers_terrain/tests/test_terrain_materials.py:439; veilbreakers_terrain/tests/test_terrain_materials.py:446; veilbreakers_terrain/tests/test_terrain_materials.py:454; veilbreakers_terrain/tests/test_terrain_materials.py:463,yes,yes,1,yes,A,B,FAIL_NONE,test_only_or_unwired,test_only_or_unwired
terrain_materials.py,height_blend,height_blend,1826,function,,none,no,0,0,,,yes,yes,1,no,B+,C-,FAIL_NONE,orphan_candidate,orphan_candidate
terrain_materials.py,_create_height_blend_group,_create_height_blend_group,1884,function,,none,yes,2,0,terrain_materials.py:3263,,yes,yes,1,yes,B+,C,FAIL_NONE,helper_reachable,runtime_transitive
terrain_materials.py,_new_input,_new_input,1924,function,,none,yes,8,0,terrain_materials.py:1938; terrain_materials.py:1939; terrain_materials.py:1940; terrain_materials.py:1941,,no,no,0,no,,,,helper_reachable,runtime_transitive
terrain_materials.py,_biome_environment_params,_biome_environment_params,2010,function,,none,yes,2,0,terrain_materials.py:2193,,no,no,0,no,,,,helper_reachable,runtime_transitive
terrain_materials.py,handle_setup_terrain_biome,handle_setup_terrain_biome,2140,function,,command_handler,yes,0,0,,,yes,yes,1,yes,B+,C,FAIL_NONE,runtime_primary,runtime_primary
terrain_materials.py,auto_assign_terrain_layers,auto_assign_terrain_layers,2478,function,,none,yes,6,68,terrain_materials.py:1745; terrain_materials.py:1748; terrain_materials.py:3349,veilbreakers_terrain/tests/test_terrain_materials.py:170; veilbreakers_terrain/tests/test_terrain_materials.py:173; veilbreakers_terrain/tests/test_terrain_materials.py:177; veilbreakers_terrain/tests/test_terrain_materials.py:181; veilbreakers_terrain/tests/test_terrain_materials.py:186,yes,yes,1,yes,A,B,FAIL_NONE,helper_reachable,runtime_transitive
terrain_materials.py,_resolve_biome_palette_name,_resolve_biome_palette_name,2731,function,,none,yes,6,0,terrain_materials.py:2759; terrain_materials.py:3191; terrain_materials.py:3396,,yes,yes,1,no,A,C+,FAIL_NONE,helper_reachable,runtime_transitive
terrain_materials.py,_resolve_special_band_policy,_resolve_special_band_policy,2747,function,,none,yes,4,0,terrain_materials.py:2537; terrain_materials.py:3015,,yes,yes,1,no,A-,C+,FAIL_NONE,helper_reachable,runtime_transitive
terrain_materials.py,_clamp_rgba,_clamp_rgba,2774,function,,none,yes,12,0,terrain_materials.py:2869; terrain_materials.py:2871; terrain_materials.py:2921; terrain_materials.py:2923; terrain_materials.py:2957,,yes,yes,1,yes,B+,C,FAIL_NONE,helper_reachable,runtime_transitive
terrain_materials.py,_build_terrain_recipe,_build_terrain_recipe,2784,function,,none,yes,2,0,terrain_materials.py:3249,,yes,yes,1,yes,B+,C,FAIL_NONE,helper_reachable,runtime_transitive
terrain_materials.py,_hook_vector,_hook_vector,2802,function,,none,yes,10,0,terrain_materials.py:2808; terrain_materials.py:2820; terrain_materials.py:2834; terrain_materials.py:2899; terrain_materials.py:2939,,no,no,0,no,,,,helper_reachable,runtime_transitive
terrain_materials.py,compute_world_splatmap_weights,compute_world_splatmap_weights,2977,function,,none,yes,2,12,environment.py:2112,veilbreakers_terrain/tests/test_environment_handlers.py:516; veilbreakers_terrain/tests/test_environment_handlers.py:520; veilbreakers_terrain/tests/test_environment_handlers.py:532; veilbreakers_terrain/tests/test_environment_handlers.py:537; veilbreakers_terrain/tests/test_terrain_materials.py:271,yes,yes,1,yes,A,A-,FAIL_NONE,helper_reachable,runtime_transitive
terrain_materials.py,create_biome_terrain_material,create_biome_terrain_material,3178,function,,none,yes,2,6,terrain_materials.py:3404,veilbreakers_terrain/tests/test_terrain_materials.py:812; veilbreakers_terrain/tests/test_terrain_materials.py:814; veilbreakers_terrain/tests/test_terrain_materials.py:843,yes,yes,1,no,B,C-,FAIL_NONE,helper_reachable,runtime_transitive
terrain_materials.py,handle_create_biome_terrain,handle_create_biome_terrain,3376,function,,none,yes,2,0,environment.py:6781,,yes,yes,1,no,B+,B-,FAIL_NONE,helper_reachable,runtime_transitive
terrain_materials_ext.py,MaterialChannelExt.channel_id,channel_id,68,property,MaterialChannelExt,none,no,0,0,,,yes,yes,1,no,A,C+,FAIL_NONE,test_only_or_unwired,orphan_candidate
terrain_materials_ext.py,validate_texel_density_coherency,validate_texel_density_coherency,77,function,,none,no,0,8,,veilbreakers_terrain/tests/test_bundle_bcd_supplements.py:97; veilbreakers_terrain/tests/test_bundle_bcd_supplements.py:103; veilbreakers_terrain/tests/test_bundle_bcd_supplements.py:112; veilbreakers_terrain/tests/test_bundle_bcd_supplements.py:117,yes,yes,1,yes,A,B,FAIL_NONE,test_only_or_unwired,test_only_or_unwired
terrain_materials_ext.py,compute_height_blended_weights,compute_height_blended_weights,194,function,,none,no,0,8,,veilbreakers_terrain/tests/test_bundle_bcd_supplements.py:125; veilbreakers_terrain/tests/test_bundle_bcd_supplements.py:137; veilbreakers_terrain/tests/test_bundle_bcd_supplements.py:146; veilbreakers_terrain/tests/test_bundle_bcd_supplements.py:153,yes,yes,1,yes,A,B,FAIL_NONE,test_only_or_unwired,test_only_or_unwired
terrain_materials_ext.py,validate_cliff_silhouette_area,validate_cliff_silhouette_area,269,function,,none,no,0,10,,veilbreakers_terrain/tests/test_bundle_bcd_supplements.py:157; veilbreakers_terrain/tests/test_bundle_bcd_supplements.py:160; veilbreakers_terrain/tests/test_bundle_bcd_supplements.py:164; veilbreakers_terrain/tests/test_bundle_bcd_supplements.py:168; veilbreakers_terrain/tests/test_bundle_bcd_supplements.py:173,yes,yes,1,yes,A,B,FAIL_NONE,test_only_or_unwired,test_only_or_unwired
terrain_materials_v2.py,MaterialRuleSet.index_of,index_of,94,method,MaterialRuleSet,none,yes,7,0,terrain_materials_v2.py:439; terrain_materials_v2.py:599; terrain_materials_v2.py:607; terrain_materials_v2.py:608; terrain_materials_v2.py:631,,yes,yes,1,no,A-,C+,FAIL_NONE,helper_reachable,runtime_transitive
terrain_materials_v2.py,default_dark_fantasy_rules,default_dark_fantasy_rules,106,function,,none,yes,4,44,terrain_materials_v2.py:503; terrain_materials_v2.py:753,veilbreakers_terrain/tests/test_normal_rock_brucks_snow.py:111; veilbreakers_terrain/tests/test_normal_rock_brucks_snow.py:160; veilbreakers_terrain/tests/test_normal_rock_brucks_snow.py:236; veilbreakers_terrain/tests/test_normal_rock_brucks_snow.py:266; veilbreakers_terrain/tests/test_ridge_macro_sdf.py:80,yes,yes,1,yes,A,B,FAIL_NONE,helper_reachable,runtime_transitive
terrain_materials_v2.py,triplanar_blend,triplanar_blend,181,function,,none,yes,2,6,terrain_materials_v2.py:586,veilbreakers_terrain/tests/test_p7_conventions.py:72; veilbreakers_terrain/tests/test_p7_conventions.py:82; veilbreakers_terrain/tests/test_p7_conventions.py:93,no,no,0,no,,,,helper_reachable,runtime_transitive
terrain_materials_v2.py,compute_normal_z,compute_normal_z,238,function,,none,yes,2,6,terrain_materials_v2.py:529,veilbreakers_terrain/tests/test_normal_rock_brucks_snow.py:72; veilbreakers_terrain/tests/test_normal_rock_brucks_snow.py:84; veilbreakers_terrain/tests/test_normal_rock_brucks_snow.py:99,no,no,0,no,,,,helper_reachable,runtime_transitive
terrain_materials_v2.py,apply_brucks_blend,apply_brucks_blend,262,function,,none,yes,2,4,terrain_materials_v2.py:613,veilbreakers_terrain/tests/test_normal_rock_brucks_snow.py:126; veilbreakers_terrain/tests/test_normal_rock_brucks_snow.py:139,no,no,0,no,,,,helper_reachable,runtime_transitive
terrain_materials_v2.py,compute_snow_line_factor,compute_snow_line_factor,308,function,,none,yes,2,8,terrain_pipeline.py:814,veilbreakers_terrain/tests/test_normal_rock_brucks_snow.py:179; veilbreakers_terrain/tests/test_normal_rock_brucks_snow.py:188; veilbreakers_terrain/tests/test_normal_rock_brucks_snow.py:198; veilbreakers_terrain/tests/test_normal_rock_brucks_snow.py:199,no,no,0,no,,,,test_only_or_unwired,runtime_transitive
terrain_materials_v2.py,sample_macro_color,sample_macro_color,370,function,,none,no,2,2,terrain_pipeline.py:889,veilbreakers_terrain/tests/test_ridge_macro_sdf.py:131,no,no,0,no,,,,test_only_or_unwired,cross_module_helper
terrain_materials_v2.py,apply_sdf_road_blend,apply_sdf_road_blend,408,function,,none,yes,2,10,terrain_materials_v2.py:714,veilbreakers_terrain/tests/test_ridge_macro_sdf.py:184; veilbreakers_terrain/tests/test_ridge_macro_sdf.py:199; veilbreakers_terrain/tests/test_ridge_macro_sdf.py:214; veilbreakers_terrain/tests/test_ridge_macro_sdf.py:237; veilbreakers_terrain/tests/test_ridge_macro_sdf.py:252,no,no,0,no,,,,helper_reachable,runtime_transitive
terrain_materials_v2.py,_smoothstep_band,_smoothstep_band,478,function,,none,yes,4,0,terrain_materials_v2.py:545; terrain_materials_v2.py:548,,yes,yes,1,yes,A,B-,FAIL_NONE,helper_reachable,runtime_transitive
terrain_materials_v2.py,compute_slope_material_weights,compute_slope_material_weights,492,function,,none,yes,2,50,terrain_materials_v2.py:755,veilbreakers_terrain/tests/test_normal_rock_brucks_snow.py:112; veilbreakers_terrain/tests/test_normal_rock_brucks_snow.py:161; veilbreakers_terrain/tests/test_normal_rock_brucks_snow.py:237; veilbreakers_terrain/tests/test_normal_rock_brucks_snow.py:238; veilbreakers_terrain/tests/test_normal_rock_brucks_snow.py:267,yes,yes,1,no,A-,B-,FAIL_NONE,helper_reachable,runtime_transitive
terrain_materials_v2.py,_default_noise,_default_noise,566,function,,none,no,0,0,,,no,no,0,no,,,,orphan_candidate,orphan_candidate
terrain_materials_v2.py,pass_materials,pass_materials,724,function,,"master_bundle_pass,module_registrar",yes,0,0,,,yes,yes,1,no,A,B+,FAIL_NONE,runtime_primary,runtime_primary
terrain_materials_v2.py,register_bundle_b_material_passes,register_bundle_b_material_passes,804,function,,master_registrar,yes,0,10,,veilbreakers_terrain/tests/test_terrain_materials_v2.py:326; veilbreakers_terrain/tests/test_terrain_materials_v2.py:342; veilbreakers_terrain/tests/test_terrain_materials_v2.py:359; veilbreakers_terrain/tests/test_terrain_materials_v2.py:380; veilbreakers_terrain/tests/test_terrain_materials_v2.py:410,yes,yes,1,no,A,A-,FAIL_NONE,runtime_primary,runtime_primary
terrain_math.py,slope_radians,slope_radians,12,function,,none,no,2,0,terrain_math.py:19,,yes,yes,1,no,A,C+,FAIL_NONE,helper_reachable,module_local_helper
terrain_math.py,slope_degrees,slope_degrees,17,function,,none,no,0,0,,,yes,yes,1,no,A,C+,FAIL_NONE,orphan_candidate,orphan_candidate
terrain_math.py,slope_gradient_magnitude,slope_gradient_magnitude,21,function,,none,no,0,0,,,yes,yes,1,no,A,C+,FAIL_NONE,orphan_candidate,orphan_candidate
terrain_math.py,talus_height_units,talus_height_units,26,function,,none,no,0,0,,,yes,yes,1,no,A,C+,FAIL_NONE,orphan_candidate,orphan_candidate
terrain_math.py,world_to_cell,world_to_cell,31,function,,none,no,0,0,,,yes,yes,1,no,B+,C-,FAIL_NONE,orphan_candidate,orphan_candidate
terrain_math.py,cell_to_world,cell_to_world,45,function,,none,no,0,0,,,yes,yes,1,no,A,C+,FAIL_NONE,orphan_candidate,orphan_candidate
terrain_math.py,distance_field_edt,distance_field_edt,57,function,,none,no,0,0,,,yes,yes,1,yes,B+,C-,FAIL_NONE,orphan_candidate,orphan_candidate
terrain_morphology.py,_ridge_params,_ridge_params,55,function,,none,no,0,0,,,yes,yes,1,no,A,C+,FAIL_NONE,helper_reachable,orphan_candidate
terrain_morphology.py,_canyon_params,_canyon_params,59,function,,none,no,0,0,,,yes,yes,1,no,A,C+,FAIL_NONE,helper_reachable,orphan_candidate
terrain_morphology.py,_mesa_params,_mesa_params,63,function,,none,no,0,0,,,yes,yes,1,no,A,C+,FAIL_NONE,helper_reachable,orphan_candidate
terrain_morphology.py,_pinnacle_params,_pinnacle_params,67,function,,none,no,0,0,,,yes,yes,1,no,A,C+,FAIL_NONE,helper_reachable,orphan_candidate
terrain_morphology.py,_spur_params,_spur_params,71,function,,none,no,0,0,,,yes,yes,1,no,A,C+,FAIL_NONE,helper_reachable,orphan_candidate
terrain_morphology.py,_valley_params,_valley_params,75,function,,none,no,0,0,,,yes,yes,1,no,A,C+,FAIL_NONE,helper_reachable,orphan_candidate
terrain_morphology.py,_rng_from_seed,_rng_from_seed,279,function,,none,no,2,0,terrain_morphology.py:305,,yes,yes,1,no,A,C+,FAIL_NONE,helper_reachable,module_local_helper
terrain_morphology.py,apply_morphology_template,apply_morphology_template,283,function,,none,no,0,8,,veilbreakers_terrain/tests/test_terrain_composition.py:195; veilbreakers_terrain/tests/test_terrain_composition.py:207; veilbreakers_terrain/tests/test_terrain_composition.py:218; veilbreakers_terrain/tests/test_terrain_composition.py:219,yes,yes,1,no,A-,C+,FAIL_NONE,test_only_or_unwired,test_only_or_unwired
terrain_morphology.py,list_templates_for_biome,list_templates_for_biome,379,function,,none,no,0,6,,veilbreakers_terrain/tests/test_terrain_composition.py:225; veilbreakers_terrain/tests/test_terrain_composition.py:226; veilbreakers_terrain/tests/test_terrain_composition.py:227,yes,yes,1,no,A,B-,FAIL_NONE,test_only_or_unwired,test_only_or_unwired
terrain_morphology.py,get_natural_arch_specs,get_natural_arch_specs,401,function,,none,no,0,0,,,yes,yes,1,no,B,D+,FAIL_NONE,orphan_candidate,orphan_candidate
terrain_multiscale_breakup.py,_rng_grid_bilinear,_rng_grid_bilinear,27,function,,none,yes,2,0,terrain_multiscale_breakup.py:76,,yes,yes,1,no,A-,C,FAIL_NONE,helper_reachable,runtime_transitive
terrain_multiscale_breakup.py,compute_multiscale_breakup,compute_multiscale_breakup,50,function,,none,yes,2,8,terrain_multiscale_breakup.py:107,veilbreakers_terrain/tests/test_terrain_material_ceiling.py:228; veilbreakers_terrain/tests/test_terrain_material_ceiling.py:238; veilbreakers_terrain/tests/test_terrain_material_ceiling.py:239; veilbreakers_terrain/tests/test_terrain_material_ceiling.py:249,yes,yes,1,no,C+,D+,FAIL_NONE,helper_reachable,runtime_transitive
terrain_multiscale_breakup.py,pass_multiscale_breakup,pass_multiscale_breakup,84,function,,"master_bundle_pass,module_registrar",yes,0,2,,veilbreakers_terrain/tests/test_terrain_material_ceiling.py:257,yes,yes,1,no,B+,C+,FAIL_NONE,registrar_declared_only,runtime_primary
terrain_multiscale_breakup.py,register_bundle_k_multiscale_breakup_pass,register_bundle_k_multiscale_breakup_pass,130,function,,master_registrar,yes,2,0,terrain_bundle_k.py:44,,yes,yes,1,no,A-,C+,FAIL_NONE,helper_reachable,runtime_primary
terrain_navmesh_export.py,compute_navmesh_area_id,compute_navmesh_area_id,83,function,,none,yes,4,2,terrain_navmesh_export.py:452; terrain_navmesh_export.py:556,veilbreakers_terrain/tests/test_terrain_ecosystem.py:331,yes,yes,1,yes,B+,C+,FAIL_NONE,helper_reachable,runtime_transitive
terrain_navmesh_export.py,_edt_cells,_edt_cells,183,function,,none,yes,4,0,terrain_navmesh_export.py:288; terrain_navmesh_export.py:572,,no,no,0,no,,,,helper_reachable,runtime_transitive
terrain_navmesh_export.py,compute_traversability,compute_traversability,226,function,,none,yes,4,2,terrain_ecotone_graph.py:185; terrain_navmesh_export.py:563,veilbreakers_terrain/tests/test_terrain_ecosystem.py:340,yes,yes,1,yes,B+,B-,FAIL_NONE,helper_reachable,runtime_transitive
terrain_navmesh_export.py,_build_navmesh_geometry,_build_navmesh_geometry,320,function,,none,yes,2,0,terrain_navmesh_export.py:462,,no,no,0,no,,,,helper_reachable,runtime_transitive
terrain_navmesh_export.py,export_navmesh_json,export_navmesh_json,413,function,,none,yes,2,2,__init__.py:869,veilbreakers_terrain/tests/test_terrain_ecosystem.py:360,yes,yes,1,yes,B+,B-,FAIL_NONE,helper_reachable,runtime_transitive
terrain_navmesh_export.py,_json_default,_json_default,517,function,,none,no,0,0,,,no,no,0,no,,,,orphan_candidate,orphan_candidate
terrain_navmesh_export.py,pass_navmesh,pass_navmesh,532,function,,"master_bundle_pass,module_registrar",yes,0,2,,veilbreakers_terrain/tests/test_terrain_ecosystem.py:348,yes,yes,1,yes,B+,B-,FAIL_NONE,registrar_declared_only,runtime_primary
terrain_navmesh_export.py,register_bundle_j_navmesh_pass,register_bundle_j_navmesh_pass,595,function,,master_registrar,yes,2,0,terrain_bundle_j.py:59,,yes,yes,1,no,A-,C+,FAIL_NONE,helper_reachable,runtime_primary
terrain_negative_space.py,compute_quiet_zone_ratio,compute_quiet_zone_ratio,54,function,,none,no,2,4,terrain_negative_space.py:387,veilbreakers_terrain/tests/test_terrain_composition.py:456; veilbreakers_terrain/tests/test_terrain_composition.py:464,yes,yes,1,no,B+,C,FAIL_NONE,helper_reachable,module_local_helper
terrain_negative_space.py,compute_busy_ratio,compute_busy_ratio,64,function,,none,no,0,0,,,yes,yes,1,no,A-,C,FAIL_NONE,orphan_candidate,orphan_candidate
terrain_negative_space.py,find_saliency_peaks,find_saliency_peaks,74,function,,none,no,4,0,terrain_negative_space.py:152; terrain_negative_space.py:214,,yes,yes,1,no,B,D+,FAIL_NONE,helper_reachable,module_local_helper
terrain_negative_space.py,compute_min_peak_spacing,compute_min_peak_spacing,138,function,,none,no,2,0,terrain_negative_space.py:419,,yes,yes,1,no,A-,C,FAIL_NONE,helper_reachable,module_local_helper
terrain_negative_space.py,compute_feature_density,compute_feature_density,169,function,,none,no,2,2,terrain_negative_space.py:401,veilbreakers_terrain/tests/test_terrain_wiring_integration.py:427,yes,yes,1,no,A-,C+,FAIL_NONE,helper_reachable,module_local_helper
terrain_negative_space.py,enforce_quiet_zone,enforce_quiet_zone,274,function,,none,no,0,2,,veilbreakers_terrain/tests/test_terrain_composition.py:475,yes,yes,1,no,B+,C+,FAIL_NONE,test_only_or_unwired,test_only_or_unwired
terrain_negative_space.py,validate_negative_space,validate_negative_space,354,function,,none,no,0,6,,veilbreakers_terrain/tests/test_terrain_composition.py:484; veilbreakers_terrain/tests/test_terrain_composition.py:495; veilbreakers_terrain/tests/test_terrain_wiring_integration.py:429,yes,yes,1,no,A-,C+,FAIL_NONE,test_only_or_unwired,test_only_or_unwired
terrain_palette_extract.py,_labels_for,_labels_for,65,function,,none,no,4,0,terrain_palette_extract.py:111; terrain_palette_extract.py:124,,yes,yes,1,no,A,C+,FAIL_NONE,helper_reachable,module_local_helper
terrain_palette_extract.py,extract_palette_from_image,extract_palette_from_image,76,function,,none,no,0,10,,veilbreakers_terrain/tests/test_bundle_pq.py:129; veilbreakers_terrain/tests/test_bundle_pq.py:136; veilbreakers_terrain/tests/test_bundle_pq.py:143; veilbreakers_terrain/tests/test_bundle_pq.py:149; veilbreakers_terrain/tests/test_bundle_pq.py:154,yes,yes,1,no,C+,D+,FAIL_NONE,test_only_or_unwired,test_only_or_unwired
terrain_palette_extract.py,_rgb_to_lab,_rgb_to_lab,144,function,,none,no,4,0,terrain_palette_extract.py:249; terrain_palette_extract.py:304,,no,no,0,no,,,,helper_reachable,module_local_helper
terrain_palette_extract.py,_lin,_lin,158,function,,none,no,6,0,terrain_palette_extract.py:161,,no,no,0,no,,,,helper_reachable,module_local_helper
terrain_palette_extract.py,_f,_f,174,function,,none,no,6,0,terrain_palette_extract.py:177,,no,no,0,no,,,,helper_reachable,module_local_helper
terrain_palette_extract.py,_label_for_rgb,_label_for_rgb,238,function,,none,no,2,0,terrain_palette_extract.py:133,,yes,yes,1,yes,B+,C-,FAIL_NONE,helper_reachable,module_local_helper
terrain_palette_extract.py,palette_to_biome_mapping,palette_to_biome_mapping,264,function,,none,no,0,2,,veilbreakers_terrain/tests/test_bundle_pq.py:162,yes,yes,1,yes,B+,C+,FAIL_NONE,test_only_or_unwired,test_only_or_unwired
terrain_pass_dag.py,_merge_pass_outputs,_merge_pass_outputs,28,function,,none,no,2,0,terrain_pass_dag.py:354,,yes,yes,1,yes,B+,C-,FAIL_NONE,helper_reachable,module_local_helper
terrain_pass_dag.py,PassDAG.from_registry,from_registry,164,method,PassDAG,none,no,0,0,,,yes,yes,1,no,A,B-,FAIL_NONE,test_only_or_unwired,orphan_candidate
terrain_pass_dag.py,PassDAG.names,names,178,property,PassDAG,none,no,0,0,,,yes,yes,2,no,A,C+,FAIL_NONE,orphan_candidate,orphan_candidate
terrain_pass_dag.py,PassDAG.dependencies,dependencies,181,method,PassDAG,none,no,2,0,terrain_pass_dag.py:212; terrain_pass_dag.py:257,,yes,yes,1,yes,B+,C-,FAIL_NONE,helper_reachable,module_local_helper
terrain_pass_dag.py,PassDAG.topological_order,topological_order,191,method,PassDAG,none,no,1,0,terrain_pass_dag.py:256,,yes,yes,1,yes,A,C+,FAIL_NONE,helper_reachable,module_local_helper
terrain_pass_dag.py,PassDAG.parallel_waves,parallel_waves,249,method,PassDAG,none,no,1,0,terrain_pass_dag.py:303,,yes,yes,1,yes,B+,C-,FAIL_NONE,helper_reachable,module_local_helper
terrain_pass_dag.py,PassDAG.execute_parallel,execute_parallel,268,method,PassDAG,none,no,0,0,,,yes,yes,2,yes,A,C+,FAIL_NONE,test_only_or_unwired,orphan_candidate
terrain_pass_dag.py,PassDAG._runner,_runner,321,method,PassDAG,none,no,0,0,,,no,no,0,no,,,,orphan_candidate,orphan_candidate
terrain_performance_report.py,_channel_bytes,_channel_bytes,44,function,,none,yes,4,0,terrain_performance_report.py:161; terrain_performance_report.py:164,,yes,yes,1,no,A,C+,FAIL_NONE,helper_reachable,runtime_transitive
terrain_performance_report.py,collect_performance_report,collect_performance_report,50,function,,none,yes,2,16,__init__.py:843,veilbreakers_terrain/tests/test_bundle_egjn_supplements.py:445; veilbreakers_terrain/tests/test_bundle_egjn_supplements.py:452; veilbreakers_terrain/tests/test_bundle_egjn_supplements.py:457; veilbreakers_terrain/tests/test_bundle_egjn_supplements.py:465; veilbreakers_terrain/tests/test_bundle_egjn_supplements.py:473,yes,yes,1,no,A,B+,FAIL_NONE,helper_reachable,runtime_transitive
terrain_performance_report.py,serialize_performance_report,serialize_performance_report,178,function,,none,yes,2,2,__init__.py:844,veilbreakers_terrain/tests/test_bundle_egjn_supplements.py:492,yes,yes,1,no,A,B+,FAIL_NONE,helper_reachable,runtime_transitive
terrain_pipeline.py,_make_gate_issue,_make_gate_issue,50,function,,none,no,2,0,terrain_pipeline.py:357,,yes,yes,1,no,A-,C,FAIL_NONE,helper_reachable,module_local_helper
terrain_pipeline.py,derive_pass_seed,derive_pass_seed,59,function,,none,yes,36,10,_terrain_world.py:794; terrain_assets.py:509; terrain_assets.py:569; terrain_assets.py:838; terrain_caves.py:1712,veilbreakers_terrain/tests/test_terrain_pipeline_smoke.py:304; veilbreakers_terrain/tests/test_terrain_pipeline_smoke.py:305; veilbreakers_terrain/tests/test_terrain_pipeline_smoke.py:306; veilbreakers_terrain/tests/test_terrain_pipeline_smoke.py:307; veilbreakers_terrain/tests/test_terrain_pipeline_smoke.py:308,yes,yes,1,no,A,B+,FAIL_NONE,helper_reachable,runtime_transitive
terrain_pipeline.py,TerrainPassController.register_pass,register_pass,113,method,TerrainPassController,none,yes,4,0,terrain_pipeline.py:758; terrain_pipeline.py:829; terrain_pipeline.py:905; terrain_pipeline.py:1125,,yes,yes,2,yes,B+,C-,FAIL_NONE,helper_reachable,runtime_transitive
terrain_pipeline.py,TerrainPassController.get_pass,get_pass,156,method,TerrainPassController,none,no,2,0,terrain_pipeline.py:264; terrain_pipeline.py:494,,yes,yes,2,yes,A-,C,FAIL_NONE,helper_reachable,module_local_helper
terrain_pipeline.py,TerrainPassController.clear_registry,clear_registry,162,method,TerrainPassController,none,no,0,0,,,yes,yes,2,yes,A-,C,FAIL_NONE,test_only_or_unwired,orphan_candidate
terrain_pipeline.py,TerrainPassController.validate_registry_graph,validate_registry_graph,167,method,TerrainPassController,none,no,0,0,,,yes,yes,1,yes,A-,C,FAIL_NONE,helper_reachable,orphan_candidate
terrain_pipeline.py,TerrainPassController.require_scene_read,require_scene_read,204,method,TerrainPassController,none,no,1,0,terrain_pipeline.py:267,,yes,yes,2,yes,A,C+,FAIL_NONE,helper_reachable,module_local_helper
terrain_pipeline.py,TerrainPassController.enforce_protected_zones,enforce_protected_zones,212,method,TerrainPassController,none,no,2,0,terrain_pipeline.py:271; terrain_pipeline.py:500,,yes,yes,2,yes,A-,C,FAIL_NONE,helper_reachable,module_local_helper
terrain_pipeline.py,TerrainPassController.run_pass,run_pass,245,method,TerrainPassController,none,no,1,0,terrain_pipeline.py:532,,yes,yes,2,no,A-,C,FAIL_NONE,helper_reachable,module_local_helper
terrain_pipeline.py,TerrainPassController.run_pipeline,run_pipeline,390,method,TerrainPassController,none,no,0,0,,,yes,yes,2,yes,C,F,FAIL_NONE,helper_reachable,orphan_candidate
terrain_pipeline.py,TerrainPassController._save_checkpoint,_save_checkpoint,576,method,TerrainPassController,none,no,1,0,terrain_pipeline.py:384,,yes,yes,2,yes,A-,C,FAIL_NONE,helper_reachable,module_local_helper
terrain_pipeline.py,TerrainPassController.rollback_to,rollback_to,624,method,TerrainPassController,none,no,2,0,terrain_pipeline.py:449; terrain_pipeline.py:693,,yes,yes,2,yes,A-,C,FAIL_NONE,helper_reachable,module_local_helper
terrain_pipeline.py,TerrainPassController.rollback_last_checkpoint,rollback_last_checkpoint,690,method,TerrainPassController,none,no,0,0,,,yes,yes,2,yes,A-,C,FAIL_NONE,helper_reachable,orphan_candidate
terrain_pipeline.py,pass_compute_terrain_labels,pass_compute_terrain_labels,700,function,,"default_pass,module_registrar",yes,0,4,,veilbreakers_terrain/tests/test_structural_terrain_labels.py:85; veilbreakers_terrain/tests/test_structural_terrain_labels.py:101,yes,yes,1,yes,A-,B+,FAIL_NONE,runtime_primary,runtime_primary
terrain_pipeline.py,register_terrain_label_passes,register_terrain_label_passes,756,function,,default_registrar,yes,2,2,terrain_pipeline.py:1139,veilbreakers_terrain/tests/test_structural_terrain_labels.py:111,yes,yes,1,yes,A-,B-,FAIL_NONE,runtime_primary,runtime_primary
terrain_pipeline.py,pass_compute_snow_line,pass_compute_snow_line,780,function,,"default_pass,module_registrar",yes,0,2,,veilbreakers_terrain/tests/test_normal_rock_brucks_snow.py:209,yes,yes,1,yes,A-,B+,FAIL_NONE,runtime_primary,runtime_primary
terrain_pipeline.py,register_snow_line_pass,register_snow_line_pass,827,function,,default_registrar,yes,2,0,terrain_pipeline.py:1140,,yes,yes,1,yes,A-,C,FAIL_NONE,runtime_primary,runtime_primary
terrain_pipeline.py,pass_compute_macro_color,pass_compute_macro_color,848,function,,module_registrar,no,0,4,,veilbreakers_terrain/tests/test_ridge_macro_sdf.py:141; veilbreakers_terrain/tests/test_ridge_macro_sdf.py:152,yes,yes,1,yes,A-,B+,FAIL_NONE,runtime_primary,registrar_declared_only
terrain_pipeline.py,register_macro_color_pass,register_macro_color_pass,903,function,,none,no,0,0,,,yes,yes,1,yes,A-,C,FAIL_NONE,uninvoked_registrar,uninvoked_registrar
terrain_pipeline.py,_toposort_passes,_toposort_passes,924,function,,none,yes,2,0,terrain_pipeline.py:1118,,yes,yes,1,yes,A-,C,FAIL_NONE,helper_reachable,runtime_transitive
terrain_pipeline.py,register_default_passes,register_default_passes,988,function,,default_registrar,yes,2,22,terrain_master_registrar.py:202,veilbreakers_terrain/tests/test_erosion_freq_split.py:167; veilbreakers_terrain/tests/test_erosion_freq_split.py:219; veilbreakers_terrain/tests/test_p7_priority_flood.py:100; veilbreakers_terrain/tests/test_stream_power_erosion.py:221; veilbreakers_terrain/tests/test_terrain_checkpoints.py:294,yes,yes,1,yes,A-,B+,FAIL_NONE,runtime_primary,runtime_primary
terrain_protocol.py,ProtocolGate.rule_1_observe_before_calculate,rule_1_observe_before_calculate,76,method,ProtocolGate,none,no,1,0,terrain_protocol.py:345,,yes,yes,1,yes,A,C+,FAIL_NONE,helper_reachable,module_local_helper
terrain_protocol.py,ProtocolGate.rule_2_sync_to_user_viewport,rule_2_sync_to_user_viewport,105,method,ProtocolGate,none,no,1,0,terrain_protocol.py:347,,yes,yes,1,yes,A,A-,FAIL_NONE,helper_reachable,module_local_helper
terrain_protocol.py,ProtocolGate.rule_3_lock_reference_empties,rule_3_lock_reference_empties,144,method,ProtocolGate,none,no,1,0,terrain_protocol.py:352,,yes,yes,1,yes,A,A-,FAIL_NONE,helper_reachable,module_local_helper
terrain_protocol.py,ProtocolGate.rule_4_real_geometry_not_vertex_tricks,rule_4_real_geometry_not_vertex_tricks,185,method,ProtocolGate,none,no,1,0,terrain_protocol.py:354,,yes,yes,1,yes,A,A-,FAIL_NONE,helper_reachable,module_local_helper
terrain_protocol.py,ProtocolGate.rule_5_smallest_diff_per_iteration,rule_5_smallest_diff_per_iteration,219,method,ProtocolGate,none,no,1,0,terrain_protocol.py:356,,yes,yes,1,yes,A,A-,FAIL_NONE,helper_reachable,module_local_helper
terrain_protocol.py,ProtocolGate.rule_6_surface_vs_interior_classification,rule_6_surface_vs_interior_classification,251,method,ProtocolGate,none,no,1,0,terrain_protocol.py:363,,yes,yes,1,yes,A,A-,FAIL_NONE,helper_reachable,module_local_helper
terrain_protocol.py,ProtocolGate.rule_7_plugin_usage,rule_7_plugin_usage,273,method,ProtocolGate,none,no,1,0,terrain_protocol.py:365,,yes,yes,1,yes,A,A-,FAIL_NONE,helper_reachable,module_local_helper
terrain_protocol.py,enforce_protocol,enforce_protocol,285,function,,none,no,0,0,,,yes,yes,1,yes,A,A-,FAIL_NONE,test_only_or_unwired,orphan_candidate
terrain_protocol.py,decorator,decorator,335,function,,none,no,0,0,,,no,no,0,no,,,,orphan_candidate,orphan_candidate
terrain_protocol.py,wrapper,wrapper,337,function,,none,no,0,0,,,no,no,0,no,,,,orphan_candidate,orphan_candidate
terrain_quality_profiles.py,_validate_profile_schema,_validate_profile_schema,69,function,,none,no,2,0,terrain_quality_profiles.py:945,,no,no,0,no,,,,helper_reachable,module_local_helper
terrain_quality_profiles.py,_is_power_of_two,_is_power_of_two,89,function,,none,no,4,0,terrain_quality_profiles.py:95; terrain_quality_profiles.py:277,,no,no,0,no,,,,helper_reachable,module_local_helper
terrain_quality_profiles.py,_is_heightmap_resolution,_is_heightmap_resolution,93,function,,none,no,2,0,terrain_quality_profiles.py:284,,no,no,0,no,,,,helper_reachable,module_local_helper
terrain_quality_profiles.py,_merge_with_parent,_merge_with_parent,570,function,,none,yes,2,0,terrain_quality_profiles.py:813,,yes,yes,1,yes,A,C+,FAIL_NONE,helper_reachable,runtime_transitive
terrain_quality_profiles.py,load_quality_profile,load_quality_profile,764,function,,none,yes,4,12,__init__.py:924; terrain_quality_profiles.py:812,veilbreakers_terrain/tests/test_bundle_bcd_supplements.py:318; veilbreakers_terrain/tests/test_bundle_bcd_supplements.py:325; veilbreakers_terrain/tests/test_bundle_bcd_supplements.py:330; veilbreakers_terrain/tests/test_bundle_bcd_supplements.py:331; veilbreakers_terrain/tests/test_bundle_bcd_supplements.py:338,yes,yes,1,yes,A,B+,FAIL_NONE,helper_reachable,runtime_transitive
terrain_quality_profiles.py,list_quality_profiles,list_quality_profiles,826,function,,none,yes,4,4,__init__.py:940; terrain_quality_profiles.py:928,veilbreakers_terrain/tests/test_bundle_bcd_supplements.py:308; veilbreakers_terrain/tests/test_bundle_bcd_supplements.py:317,yes,yes,1,yes,B+,B-,FAIL_NONE,helper_reachable,runtime_transitive
terrain_quality_profiles.py,list_quality_profiles_canonical,list_quality_profiles_canonical,837,function,,none,no,2,0,terrain_quality_profiles.py:927,,no,no,0,no,,,,helper_reachable,module_local_helper
terrain_quality_profiles.py,write_profile_jsons,write_profile_jsons,852,function,,none,no,0,2,,veilbreakers_terrain/tests/test_bundle_bcd_supplements.py:346,yes,yes,1,no,C+,D,FAIL_NONE,test_only_or_unwired,test_only_or_unwired
terrain_quality_profiles.py,_is_under,_is_under,908,function,,none,no,2,0,terrain_quality_profiles.py:917,,no,no,0,no,,,,helper_reachable,module_local_helper
terrain_quality_profiles.py,lock_preset,lock_preset,975,function,,none,no,0,0,,,no,no,0,no,,,,test_only_or_unwired,orphan_candidate
terrain_quality_profiles.py,unlock_preset,unlock_preset,980,function,,none,no,0,0,,,no,no,0,no,,,,test_only_or_unwired,orphan_candidate
terrain_quixel_ingest.py,QuixelAsset.has_channel,has_channel,166,method,QuixelAsset,none,no,0,0,,,yes,yes,1,no,A,C+,FAIL_NONE,test_only_or_unwired,orphan_candidate
terrain_quixel_ingest.py,QuixelAsset.to_dict,to_dict,169,method,QuixelAsset,none,no,0,0,,,yes,yes,1,no,A,C+,FAIL_NONE,helper_reachable,orphan_candidate
terrain_quixel_ingest.py,_classify_texture,_classify_texture,178,function,,none,yes,2,0,terrain_quixel_ingest.py:301,,yes,yes,1,yes,B+,C-,FAIL_NONE,helper_reachable,runtime_transitive
terrain_quixel_ingest.py,_asset_matches_biome,_asset_matches_biome,238,function,,none,yes,2,0,terrain_quixel_ingest.py:725,,no,no,0,no,,,,helper_reachable,runtime_transitive
terrain_quixel_ingest.py,ingest_quixel_asset,ingest_quixel_asset,264,function,,none,yes,4,4,terrain_quixel_ingest.py:662; terrain_quixel_ingest.py:736,veilbreakers_terrain/tests/test_terrain_material_ceiling.py:415; veilbreakers_terrain/tests/test_terrain_material_ceiling.py:428,yes,yes,1,yes,B+,C+,FAIL_NONE,helper_reachable,runtime_transitive
terrain_quixel_ingest.py,_bilinear_sample_texture,_bilinear_sample_texture,358,function,,none,yes,6,0,terrain_quixel_ingest.py:519; terrain_quixel_ingest.py:533; terrain_quixel_ingest.py:551,,no,no,0,no,,,,helper_reachable,runtime_transitive
terrain_quixel_ingest.py,apply_quixel_to_layer,apply_quixel_to_layer,411,function,,none,yes,6,2,terrain_quixel_ingest.py:640; terrain_quixel_ingest.py:663; terrain_quixel_ingest.py:737,veilbreakers_terrain/tests/test_terrain_material_ceiling.py:440,yes,yes,1,yes,B+,C+,FAIL_NONE,helper_reachable,runtime_transitive
terrain_quixel_ingest.py,pass_quixel_ingest,pass_quixel_ingest,593,function,,none,yes,2,4,terrain_quixel_ingest.py:821,veilbreakers_terrain/tests/test_terrain_material_ceiling.py:458; veilbreakers_terrain/tests/test_terrain_material_ceiling.py:469,yes,yes,1,yes,B+,B-,FAIL_NONE,helper_reachable,runtime_transitive
terrain_quixel_ingest.py,register_bundle_k_quixel_ingest_pass,register_bundle_k_quixel_ingest_pass,817,function,,master_registrar,yes,2,0,terrain_bundle_k.py:47,,yes,yes,1,no,A-,C+,FAIL_NONE,helper_reachable,runtime_primary
terrain_quixel_ingest.py,_pass_wrap,_pass_wrap,820,function,,"master_bundle_pass,module_registrar",yes,0,0,,,no,no,0,no,,,,registrar_declared_only,runtime_primary
terrain_readability_bands.py,BandScore.clamp,clamp,56,method,BandScore,none,no,19,0,terrain_readability_bands.py:102; terrain_readability_bands.py:107; terrain_readability_bands.py:112; terrain_readability_bands.py:139; terrain_readability_bands.py:170,,yes,yes,1,no,A,C+,FAIL_NONE,helper_reachable,module_local_helper
terrain_readability_bands.py,_safe_std,_safe_std,61,function,,none,no,0,0,,,yes,yes,1,no,A,C+,FAIL_NONE,orphan_candidate,orphan_candidate
terrain_readability_bands.py,_normalize_to_score,_normalize_to_score,71,function,,none,no,12,0,terrain_readability_bands.py:133; terrain_readability_bands.py:137; terrain_readability_bands.py:190; terrain_readability_bands.py:243; terrain_readability_bands.py:306,,yes,yes,1,no,B+,D+,FAIL_NONE,helper_reachable,module_local_helper
terrain_readability_bands.py,_band_silhouette,_band_silhouette,83,function,,none,no,2,0,terrain_readability_bands.py:379,,yes,yes,1,no,B,D+,FAIL_NONE,helper_reachable,module_local_helper
terrain_readability_bands.py,_band_volume,_band_volume,155,function,,none,no,2,0,terrain_readability_bands.py:380,,yes,yes,1,no,B-,D,FAIL_NONE,helper_reachable,module_local_helper
terrain_readability_bands.py,_band_value,_band_value,209,function,,none,no,2,0,terrain_readability_bands.py:381,,yes,yes,1,no,B,D+,FAIL_NONE,helper_reachable,module_local_helper
terrain_readability_bands.py,_band_texture,_band_texture,261,function,,none,no,2,0,terrain_readability_bands.py:382,,yes,yes,1,yes,B+,C-,FAIL_NONE,helper_reachable,module_local_helper
terrain_readability_bands.py,_band_color,_band_color,324,function,,none,no,2,0,terrain_readability_bands.py:383,,yes,yes,1,no,B-,D,FAIL_NONE,helper_reachable,module_local_helper
terrain_readability_bands.py,compute_readability_bands,compute_readability_bands,376,function,,none,no,0,10,,veilbreakers_terrain/tests/test_terrain_deep_qa.py:223; veilbreakers_terrain/tests/test_terrain_deep_qa.py:234; veilbreakers_terrain/tests/test_terrain_deep_qa.py:245; veilbreakers_terrain/tests/test_terrain_deep_qa.py:267; veilbreakers_terrain/tests/test_terrain_deep_qa.py:268,yes,yes,1,no,C+,C-,FAIL_NONE,test_only_or_unwired,test_only_or_unwired
terrain_readability_bands.py,aggregate_readability_score,aggregate_readability_score,387,function,,none,no,0,8,,veilbreakers_terrain/tests/test_terrain_deep_qa.py:245; veilbreakers_terrain/tests/test_terrain_deep_qa.py:267; veilbreakers_terrain/tests/test_terrain_deep_qa.py:268; veilbreakers_terrain/tests/test_terrain_deep_qa.py:277,yes,yes,1,no,C,D,FAIL_NONE,test_only_or_unwired,test_only_or_unwired
terrain_readability_semantic.py,check_cliff_silhouette_readability,check_cliff_silhouette_readability,33,function,,none,no,2,10,terrain_readability_semantic.py:594,veilbreakers_terrain/tests/test_bundle_egjn_supplements.py:249; veilbreakers_terrain/tests/test_bundle_egjn_supplements.py:254; veilbreakers_terrain/tests/test_bundle_egjn_supplements.py:263; veilbreakers_terrain/tests/test_bundle_egjn_supplements.py:270; veilbreakers_terrain/tests/test_bundle_egjn_supplements.py:277,yes,yes,1,no,B+,B-,FAIL_NONE,helper_reachable,module_local_helper
terrain_readability_semantic.py,check_waterfall_chain_completeness,check_waterfall_chain_completeness,243,function,,none,no,2,4,terrain_readability_semantic.py:595,veilbreakers_terrain/tests/test_bundle_egjn_supplements.py:284; veilbreakers_terrain/tests/test_bundle_egjn_supplements.py:289,yes,yes,1,no,A-,B,FAIL_NONE,helper_reachable,module_local_helper
terrain_readability_semantic.py,check_cave_framing_presence,check_cave_framing_presence,368,function,,none,no,2,6,terrain_readability_semantic.py:596,veilbreakers_terrain/tests/test_bundle_egjn_supplements.py:295; veilbreakers_terrain/tests/test_bundle_egjn_supplements.py:301; veilbreakers_terrain/tests/test_bundle_egjn_supplements.py:307,yes,yes,1,no,A-,B,FAIL_NONE,helper_reachable,module_local_helper
terrain_readability_semantic.py,check_focal_composition,check_focal_composition,482,function,,none,no,2,6,terrain_readability_semantic.py:598,veilbreakers_terrain/tests/test_bundle_egjn_supplements.py:311; veilbreakers_terrain/tests/test_bundle_egjn_supplements.py:315; veilbreakers_terrain/tests/test_bundle_egjn_supplements.py:320,yes,yes,1,no,B+,B-,FAIL_NONE,helper_reachable,module_local_helper
terrain_readability_semantic.py,_safe_asarray,_safe_asarray,566,function,,none,no,8,0,terrain_readability_semantic.py:274; terrain_readability_semantic.py:275; terrain_readability_semantic.py:398; terrain_readability_semantic.py:399,,no,no,0,no,,,,helper_reachable,module_local_helper
terrain_readability_semantic.py,run_semantic_readability_audit,run_semantic_readability_audit,577,function,,none,no,0,2,,veilbreakers_terrain/tests/test_bundle_egjn_supplements.py:329,yes,yes,1,no,A-,C+,FAIL_NONE,test_only_or_unwired,test_only_or_unwired
terrain_reference_locks.py,lock_anchor,lock_anchor,37,function,,none,no,0,24,,veilbreakers_terrain/tests/test_bundle_r.py:162; veilbreakers_terrain/tests/test_bundle_r.py:380; veilbreakers_terrain/tests/test_bundle_r.py:394; veilbreakers_terrain/tests/test_bundle_r.py:409; veilbreakers_terrain/tests/test_bundle_r.py:423,yes,yes,1,yes,B+,C+,FAIL_NONE,test_only_or_unwired,test_only_or_unwired
terrain_reference_locks.py,unlock_anchor,unlock_anchor,46,function,,none,no,0,2,,veilbreakers_terrain/tests/test_bundle_r.py:395,yes,yes,1,no,B,C-,FAIL_NONE,test_only_or_unwired,test_only_or_unwired
terrain_reference_locks.py,clear_all_locks,clear_all_locks,50,function,,none,no,0,28,,veilbreakers_terrain/tests/test_bundle_r.py:144; veilbreakers_terrain/tests/test_bundle_r.py:161; veilbreakers_terrain/tests/test_bundle_r.py:167; veilbreakers_terrain/tests/test_bundle_r.py:253; veilbreakers_terrain/tests/test_bundle_r.py:378,yes,yes,1,no,B,C,FAIL_NONE,test_only_or_unwired,test_only_or_unwired
terrain_reference_locks.py,is_locked,is_locked,55,function,,none,no,0,4,,veilbreakers_terrain/tests/test_bundle_r.py:381; veilbreakers_terrain/tests/test_bundle_r.py:396,yes,yes,1,no,A,B-,FAIL_NONE,test_only_or_unwired,test_only_or_unwired
terrain_reference_locks.py,_distance,_distance,59,function,,none,no,4,0,terrain_reference_locks.py:76; terrain_reference_locks.py:108,,yes,yes,1,no,A,C+,FAIL_NONE,helper_reachable,module_local_helper
terrain_reference_locks.py,assert_anchor_integrity,assert_anchor_integrity,66,function,,none,no,0,10,,veilbreakers_terrain/tests/test_bundle_r.py:410; veilbreakers_terrain/tests/test_bundle_r.py:426; veilbreakers_terrain/tests/test_bundle_r.py:468; veilbreakers_terrain/tests/test_bundle_r.py:497; veilbreakers_terrain/tests/test_bundle_r.py:513,yes,yes,1,no,A-,B-,FAIL_NONE,test_only_or_unwired,test_only_or_unwired
terrain_reference_locks.py,assert_all_anchors_intact,assert_all_anchors_intact,84,function,,none,no,2,4,terrain_protocol.py:153,veilbreakers_terrain/tests/test_bundle_r.py:453; veilbreakers_terrain/tests/test_bundle_r.py:538,yes,yes,1,no,A-,B,FAIL_NONE,helper_reachable,cross_module_helper
terrain_region_exec.py,_pass_pad_radius,_pass_pad_radius,64,function,,none,no,2,0,terrain_region_exec.py:84,,yes,yes,1,no,A,C+,FAIL_NONE,helper_reachable,module_local_helper
terrain_region_exec.py,compute_minimum_padding,compute_minimum_padding,68,function,,none,no,4,4,terrain_region_exec.py:120; terrain_region_exec.py:176,veilbreakers_terrain/tests/test_terrain_iteration.py:267; veilbreakers_terrain/tests/test_terrain_iteration.py:279,yes,yes,1,no,A-,C+,FAIL_NONE,helper_reachable,module_local_helper
terrain_region_exec.py,execute_region,execute_region,104,function,,none,no,2,2,terrain_live_preview.py:111,veilbreakers_terrain/tests/test_terrain_iteration.py:295,yes,yes,1,no,A-,B,FAIL_NONE,helper_reachable,cross_module_helper
terrain_region_exec.py,execute_region_with_rollback,execute_region_with_rollback,133,function,,none,no,0,0,,,yes,yes,1,no,B,D+,FAIL_NONE,orphan_candidate,orphan_candidate
terrain_region_exec.py,estimate_speedup,estimate_speedup,232,function,,none,no,0,6,,veilbreakers_terrain/tests/test_terrain_wiring_integration.py:446; veilbreakers_terrain/tests/test_terrain_wiring_integration.py:447; veilbreakers_terrain/tests/test_terrain_wiring_integration.py:448,yes,yes,1,no,A,B-,FAIL_NONE,test_only_or_unwired,test_only_or_unwired
terrain_review_ingest.py,ReviewFinding.to_dict,to_dict,47,method,ReviewFinding,none,no,1,0,terrain_review_ingest.py:139,,yes,yes,1,no,A,C+,FAIL_NONE,helper_reachable,module_local_helper
terrain_review_ingest.py,_coerce_location,_coerce_location,55,function,,none,no,2,0,terrain_review_ingest.py:95,,yes,yes,1,no,A,C+,FAIL_NONE,helper_reachable,module_local_helper
terrain_review_ingest.py,ingest_review_json,ingest_review_json,63,function,,none,no,0,2,,veilbreakers_terrain/tests/test_terrain_deep_qa.py:488,yes,yes,1,no,A-,B,FAIL_NONE,test_only_or_unwired,test_only_or_unwired
terrain_review_ingest.py,apply_review_findings,apply_review_findings,121,function,,none,no,0,2,,veilbreakers_terrain/tests/test_terrain_deep_qa.py:507,yes,yes,1,no,A,B-,FAIL_NONE,test_only_or_unwired,test_only_or_unwired
terrain_review_ingest.py,pass_apply_review_blockers,pass_apply_review_blockers,192,function,,none,no,0,0,,,no,no,0,no,,,,orphan_candidate,orphan_candidate
terrain_rhythm.py,_positions_xy,_positions_xy,34,function,,none,no,4,0,terrain_rhythm.py:279; terrain_rhythm.py:456,,yes,yes,1,no,A-,C,FAIL_NONE,helper_reachable,module_local_helper
terrain_rhythm.py,_feature_type,_feature_type,47,function,,none,no,2,0,terrain_rhythm.py:449,,no,no,0,no,,,,helper_reachable,module_local_helper
terrain_rhythm.py,_feature_salience,_feature_salience,56,function,,none,no,2,0,terrain_rhythm.py:302,,no,no,0,no,,,,helper_reachable,module_local_helper
terrain_rhythm.py,_nn_distances,_nn_distances,67,function,,none,no,6,0,terrain_rhythm.py:194; terrain_rhythm.py:286; terrain_rhythm.py:539,,no,no,0,no,,,,helper_reachable,module_local_helper
terrain_rhythm.py,_ripley_k_proxy,_ripley_k_proxy,81,function,,none,no,2,0,terrain_rhythm.py:210,,no,no,0,no,,,,helper_reachable,module_local_helper
terrain_rhythm.py,_monotonic_gradient,_monotonic_gradient,118,function,,none,no,4,0,terrain_rhythm.py:217; terrain_rhythm.py:218,,no,no,0,no,,,,helper_reachable,module_local_helper
terrain_rhythm.py,analyze_feature_rhythm,analyze_feature_rhythm,148,function,,none,no,2,6,terrain_rhythm.py:464,veilbreakers_terrain/tests/test_terrain_composition.py:386; veilbreakers_terrain/tests/test_terrain_composition.py:396; veilbreakers_terrain/tests/test_terrain_composition.py:406,yes,yes,1,yes,A-,B-,FAIL_NONE,helper_reachable,module_local_helper
terrain_rhythm.py,enforce_rhythm,enforce_rhythm,245,function,,none,no,0,2,,veilbreakers_terrain/tests/test_terrain_composition.py:417,yes,yes,1,yes,A-,B-,FAIL_NONE,test_only_or_unwired,test_only_or_unwired
terrain_rhythm.py,validate_rhythm,validate_rhythm,422,function,,none,no,0,2,,veilbreakers_terrain/tests/test_terrain_composition.py:428,yes,yes,1,yes,A-,B-,FAIL_NONE,test_only_or_unwired,test_only_or_unwired
terrain_rng.py,make_rng,make_rng,17,function,,none,no,2,0,terrain_rng.py:37,,yes,yes,1,yes,A-,C,FAIL_NONE,helper_reachable,module_local_helper
terrain_rng.py,tile_rng,tile_rng,34,function,,none,no,0,0,,,yes,yes,1,yes,A-,C,FAIL_NONE,orphan_candidate,orphan_candidate
terrain_roughness_driver.py,compute_roughness_from_wetness_wear,compute_roughness_from_wetness_wear,25,function,,none,yes,2,14,terrain_roughness_driver.py:122,veilbreakers_terrain/tests/test_phase14_wave1.py:159; veilbreakers_terrain/tests/test_phase14_wave1.py:176; veilbreakers_terrain/tests/test_terrain_material_ceiling.py:350; veilbreakers_terrain/tests/test_terrain_material_ceiling.py:362; veilbreakers_terrain/tests/test_terrain_material_ceiling.py:365,yes,yes,1,no,C+,D+,FAIL_NONE,helper_reachable,runtime_transitive
terrain_roughness_driver.py,pass_roughness_driver,pass_roughness_driver,78,function,,"master_bundle_pass,module_registrar",yes,0,2,,veilbreakers_terrain/tests/test_terrain_material_ceiling.py:384,yes,yes,1,yes,B+,B-,FAIL_NONE,registrar_declared_only,runtime_primary
terrain_roughness_driver.py,register_bundle_k_roughness_driver_pass,register_bundle_k_roughness_driver_pass,199,function,,master_registrar,yes,2,0,terrain_bundle_k.py:46,,yes,yes,1,no,A,C+,FAIL_NONE,helper_reachable,runtime_primary
terrain_saliency.py,_world_to_cell,_world_to_cell,70,function,,none,no,0,0,,,yes,yes,1,yes,B+,C,FAIL_NONE,helper_reachable,orphan_candidate
terrain_saliency.py,_sample_height_bilinear,_sample_height_bilinear,88,function,,none,no,0,0,,,yes,yes,1,yes,A,C+,FAIL_NONE,orphan_candidate,orphan_candidate
terrain_saliency.py,compute_vantage_silhouettes,compute_vantage_silhouettes,125,function,,none,yes,2,4,terrain_saliency.py:653,veilbreakers_terrain/tests/test_terrain_composition.py:101; veilbreakers_terrain/tests/test_terrain_composition.py:110,yes,yes,1,yes,B+,C+,FAIL_NONE,helper_reachable,runtime_transitive
terrain_saliency.py,auto_sculpt_around_feature,auto_sculpt_around_feature,233,function,,none,no,0,4,,veilbreakers_terrain/tests/test_terrain_composition.py:117; veilbreakers_terrain/tests/test_terrain_composition.py:126,yes,yes,1,yes,B+,C,FAIL_NONE,test_only_or_unwired,test_only_or_unwired
terrain_saliency.py,_rasterize_vantage_silhouettes_onto_grid,_rasterize_vantage_silhouettes_onto_grid,370,function,,none,yes,2,0,terrain_saliency.py:654,,yes,yes,1,yes,B+,C-,FAIL_NONE,helper_reachable,runtime_transitive
terrain_saliency.py,_compute_8factor_saliency,_compute_8factor_saliency,447,function,,none,yes,2,0,terrain_saliency.py:664,,no,no,0,no,,,,helper_reachable,runtime_transitive
terrain_saliency.py,_norm01,_norm01,475,function,,none,yes,22,0,terrain_saliency.py:484; terrain_saliency.py:500; terrain_saliency.py:507; terrain_saliency.py:515; terrain_saliency.py:524,,no,no,0,no,,,,helper_reachable,runtime_transitive
terrain_saliency.py,pass_saliency_refine,pass_saliency_refine,602,function,,"master_bundle_pass,module_registrar",yes,0,4,,veilbreakers_terrain/tests/test_terrain_composition.py:136; veilbreakers_terrain/tests/test_terrain_composition.py:148,yes,yes,1,yes,B+,B-,FAIL_NONE,runtime_primary,runtime_primary
terrain_saliency.py,_saliency_quality_gate,_saliency_quality_gate,700,function,,none,no,0,0,,,no,no,0,no,,,,orphan_candidate,orphan_candidate
terrain_saliency.py,register_saliency_pass,register_saliency_pass,765,function,,master_registrar,yes,0,2,,veilbreakers_terrain/tests/test_terrain_composition.py:161,yes,yes,1,yes,A-,B+,FAIL_NONE,runtime_primary,runtime_primary
terrain_scatter_altitude_safety.py,audit_scatter_altitude_conversion,audit_scatter_altitude_conversion,44,function,,none,no,0,0,,,yes,yes,1,no,A,C+,FAIL_NONE,orphan_candidate,orphan_candidate
terrain_scene_read.py,_walk_scene,_walk_scene,24,function,,none,no,2,0,terrain_scene_read.py:106,,no,no,0,no,,,,helper_reachable,module_local_helper
terrain_scene_read.py,capture_scene_read,capture_scene_read,74,function,,none,no,2,10,terrain_scene_read.py:226,veilbreakers_terrain/tests/test_bundle_r.py:758; veilbreakers_terrain/tests/test_bundle_r.py:767; veilbreakers_terrain/tests/test_bundle_r.py:774; veilbreakers_terrain/tests/test_bundle_r.py:786; veilbreakers_terrain/tests/test_bundle_r.py:809,yes,yes,1,no,C+,C,FAIL_NONE,helper_reachable,module_local_helper
terrain_scene_read.py,get_extended_metadata,get_extended_metadata,190,function,,none,no,2,0,terrain_scene_read.py:250,,yes,yes,1,no,B+,D+,FAIL_NONE,helper_reachable,module_local_helper
terrain_scene_read.py,_coerce_bbox,_coerce_bbox,200,function,,none,no,2,0,terrain_scene_read.py:239,,yes,yes,1,no,A,C+,FAIL_NONE,helper_reachable,module_local_helper
terrain_scene_read.py,handle_capture_scene_read,handle_capture_scene_read,218,function,,none,no,0,2,,veilbreakers_terrain/tests/test_bundle_r.py:794,yes,yes,1,no,D,F,FAIL_NONE,test_only_or_unwired,test_only_or_unwired
terrain_sculpt.py,_require_bpy,_require_bpy,43,function,,none,no,0,0,,,no,no,0,no,,,,orphan_candidate,orphan_candidate
terrain_sculpt.py,get_falloff_value,get_falloff_value,78,function,,none,no,0,32,,veilbreakers_terrain/tests/test_precision_mesh_editing.py:293; veilbreakers_terrain/tests/test_precision_mesh_editing.py:299; veilbreakers_terrain/tests/test_precision_mesh_editing.py:305; veilbreakers_terrain/tests/test_precision_mesh_editing.py:311; veilbreakers_terrain/tests/test_precision_mesh_editing.py:316,yes,yes,1,yes,B+,C+,FAIL_NONE,test_only_or_unwired,test_only_or_unwired
terrain_sculpt.py,_build_falloff_lut,_build_falloff_lut,116,function,,none,yes,2,0,terrain_sculpt.py:255,,yes,yes,1,yes,A,C+,FAIL_NONE,helper_reachable,runtime_transitive
terrain_sculpt.py,_sample_falloff_lut,_sample_falloff_lut,163,function,,none,yes,2,0,terrain_sculpt.py:256,,yes,yes,1,yes,A,C+,FAIL_NONE,helper_reachable,runtime_transitive
terrain_sculpt.py,compute_brush_weights,compute_brush_weights,189,function,,none,yes,2,14,terrain_sculpt.py:1123,veilbreakers_terrain/tests/test_precision_mesh_editing.py:365; veilbreakers_terrain/tests/test_precision_mesh_editing.py:373; veilbreakers_terrain/tests/test_precision_mesh_editing.py:380; veilbreakers_terrain/tests/test_precision_mesh_editing.py:387; veilbreakers_terrain/tests/test_precision_mesh_editing.py:401,yes,yes,1,yes,B+,C+,FAIL_NONE,helper_reachable,runtime_transitive
terrain_sculpt.py,compute_raise_displacements,compute_raise_displacements,277,function,,none,yes,2,6,terrain_sculpt.py:1139,veilbreakers_terrain/tests/test_precision_mesh_editing.py:422; veilbreakers_terrain/tests/test_precision_mesh_editing.py:432; veilbreakers_terrain/tests/test_precision_mesh_editing.py:438,yes,yes,1,yes,A,B,FAIL_NONE,helper_reachable,runtime_transitive
terrain_sculpt.py,compute_lower_displacements,compute_lower_displacements,411,function,,none,yes,2,4,terrain_sculpt.py:1144,veilbreakers_terrain/tests/test_precision_mesh_editing.py:450; veilbreakers_terrain/tests/test_precision_mesh_editing.py:459,yes,yes,1,yes,A,B,FAIL_NONE,helper_reachable,runtime_transitive
terrain_sculpt.py,compute_smooth_displacements,compute_smooth_displacements,530,function,,none,yes,2,6,terrain_sculpt.py:1150,veilbreakers_terrain/tests/test_precision_mesh_editing.py:479; veilbreakers_terrain/tests/test_precision_mesh_editing.py:490; veilbreakers_terrain/tests/test_precision_mesh_editing.py:501,yes,yes,1,yes,B+,C+,FAIL_NONE,helper_reachable,runtime_transitive
terrain_sculpt.py,compute_flatten_displacements,compute_flatten_displacements,677,function,,none,yes,2,6,terrain_sculpt.py:1158,veilbreakers_terrain/tests/test_precision_mesh_editing.py:513; veilbreakers_terrain/tests/test_precision_mesh_editing.py:523; veilbreakers_terrain/tests/test_precision_mesh_editing.py:533,yes,yes,1,yes,A,B,FAIL_NONE,helper_reachable,runtime_transitive
terrain_sculpt.py,compute_stamp_displacements,compute_stamp_displacements,814,function,,none,yes,2,8,terrain_sculpt.py:1166,veilbreakers_terrain/tests/test_precision_mesh_editing.py:552; veilbreakers_terrain/tests/test_precision_mesh_editing.py:562; veilbreakers_terrain/tests/test_precision_mesh_editing.py:570; veilbreakers_terrain/tests/test_precision_mesh_editing.py:582,yes,yes,1,yes,A,B,FAIL_NONE,helper_reachable,runtime_transitive
terrain_sculpt.py,_build_adjacency,_build_adjacency,981,function,,none,yes,2,0,terrain_sculpt.py:1149,,yes,yes,1,yes,A-,C+,FAIL_NONE,helper_reachable,runtime_transitive
terrain_sculpt.py,handle_sculpt_terrain,handle_sculpt_terrain,1026,function,,command_handler,yes,0,0,,,yes,yes,1,yes,B,D+,FAIL_NONE,runtime_primary,runtime_primary
terrain_semantics.py,WorldHeightTransform.to_normalized,to_normalized,99,method,WorldHeightTransform,none,no,0,0,,,yes,yes,1,yes,A-,C,FAIL_NONE,helper_reachable,orphan_candidate
terrain_semantics.py,WorldHeightTransform.from_normalized,from_normalized,114,method,WorldHeightTransform,none,no,0,0,,,yes,yes,1,yes,A-,C,FAIL_NONE,helper_reachable,orphan_candidate
terrain_semantics.py,BBox.width,width,156,property,BBox,none,no,0,0,,,yes,yes,1,yes,A,C+,FAIL_NONE,orphan_candidate,orphan_candidate
terrain_semantics.py,BBox.height,height,160,property,BBox,none,no,0,0,,,yes,yes,1,yes,A,C+,FAIL_NONE,test_only_or_unwired,orphan_candidate
terrain_semantics.py,BBox.center,center,164,property,BBox,none,no,0,0,,,yes,yes,1,yes,A,C+,FAIL_NONE,test_only_or_unwired,orphan_candidate
terrain_semantics.py,BBox.to_tuple,to_tuple,167,method,BBox,none,no,2,0,terrain_semantics.py:1051; terrain_semantics.py:1068,,yes,yes,1,yes,A,C+,FAIL_NONE,helper_reachable,module_local_helper
terrain_semantics.py,BBox.contains_point,contains_point,170,method,BBox,none,no,0,0,,,yes,yes,1,yes,A,C+,FAIL_NONE,helper_reachable,orphan_candidate
terrain_semantics.py,BBox.intersects,intersects,173,method,BBox,none,no,0,0,,,yes,yes,1,yes,A,C+,FAIL_NONE,helper_reachable,orphan_candidate
terrain_semantics.py,BBox.to_cell_slice,to_cell_slice,181,method,BBox,none,no,0,0,,,yes,yes,1,yes,A-,C,FAIL_NONE,helper_reachable,orphan_candidate
terrain_semantics.py,TerrainMaskStack.get,get,570,method,TerrainMaskStack,none,no,15,0,terrain_semantics.py:560; terrain_semantics.py:581; terrain_semantics.py:633; terrain_semantics.py:640; terrain_semantics.py:667,,yes,yes,1,yes,A-,C,FAIL_NONE,helper_reachable,module_local_helper
terrain_semantics.py,TerrainMaskStack.set,set,603,method,TerrainMaskStack,none,no,0,0,,,yes,yes,1,yes,A-,C,FAIL_NONE,helper_reachable,orphan_candidate
terrain_semantics.py,TerrainMaskStack.mark_dirty,mark_dirty,656,method,TerrainMaskStack,none,no,0,0,,,yes,yes,1,no,A,B+,FAIL_NONE,helper_reachable,orphan_candidate
terrain_semantics.py,TerrainMaskStack.mark_clean,mark_clean,660,method,TerrainMaskStack,none,no,0,0,,,no,no,0,no,,,,orphan_candidate,orphan_candidate
terrain_semantics.py,TerrainMaskStack.assert_channels_present,assert_channels_present,663,method,TerrainMaskStack,none,no,0,0,,,yes,yes,1,yes,A-,C,FAIL_NONE,orphan_candidate,orphan_candidate
terrain_semantics.py,TerrainMaskStack.unity_export_manifest,unity_export_manifest,699,method,TerrainMaskStack,none,no,0,0,,,yes,yes,1,yes,A,B,FAIL_NONE,test_only_or_unwired,orphan_candidate
terrain_semantics.py,TerrainMaskStack.compute_hash,compute_hash,742,method,TerrainMaskStack,none,no,2,0,terrain_semantics.py:737; terrain_semantics.py:830,,yes,yes,1,yes,A,B+,FAIL_NONE,helper_reachable,module_local_helper
terrain_semantics.py,TerrainMaskStack.to_npz,to_npz,798,method,TerrainMaskStack,none,no,0,0,,,yes,yes,1,yes,A,B+,FAIL_NONE,helper_reachable,orphan_candidate
terrain_semantics.py,TerrainMaskStack.from_npz,from_npz,842,method,TerrainMaskStack,none,no,0,0,,,yes,yes,2,yes,A,C+,FAIL_NONE,helper_reachable,orphan_candidate
terrain_semantics.py,ProtectedZoneSpec.permits,permits,905,method,ProtectedZoneSpec,none,no,0,0,,,yes,yes,1,yes,A-,C,FAIL_NONE,helper_reachable,orphan_candidate
terrain_semantics.py,TerrainIntentState.with_scene_read,with_scene_read,1041,method,TerrainIntentState,none,no,0,0,,,yes,yes,1,yes,A-,C,FAIL_NONE,orphan_candidate,orphan_candidate
terrain_semantics.py,TerrainIntentState.intent_hash,intent_hash,1047,method,TerrainIntentState,none,no,0,0,,,yes,yes,1,yes,A,C+,FAIL_NONE,helper_reachable,orphan_candidate
terrain_semantics.py,ValidationIssue.is_hard,is_hard,1107,method,ValidationIssue,none,no,2,0,terrain_semantics.py:1169; terrain_semantics.py:1173,,yes,yes,1,yes,A-,C,FAIL_NONE,helper_reachable,module_local_helper
terrain_semantics.py,ValidationIssue.is_soft,is_soft,1111,method,ValidationIssue,none,no,1,0,terrain_semantics.py:1174,,yes,yes,1,yes,A-,C,FAIL_NONE,helper_reachable,module_local_helper
terrain_semantics.py,ValidationIssue.is_info,is_info,1115,method,ValidationIssue,none,no,0,0,,,yes,yes,1,yes,A-,C,FAIL_NONE,orphan_candidate,orphan_candidate
terrain_semantics.py,PassResult.ok,ok,1159,method,PassResult,none,no,0,0,,,yes,yes,1,yes,A-,C,FAIL_NONE,orphan_candidate,orphan_candidate
terrain_semantics.py,PassResult.failed,failed,1163,method,PassResult,none,no,0,0,,,yes,yes,1,yes,A-,C,FAIL_NONE,orphan_candidate,orphan_candidate
terrain_semantics.py,PassResult.has_hard_issues,has_hard_issues,1167,method,PassResult,none,no,0,0,,,yes,yes,1,yes,A-,C,FAIL_NONE,orphan_candidate,orphan_candidate
terrain_semantics.py,PassResult.summary,summary,1171,method,PassResult,none,no,0,0,,,yes,yes,1,yes,A-,C,FAIL_NONE,orphan_candidate,orphan_candidate
terrain_semantics.py,TerrainPipelineState.tile_x,tile_x,1309,property,TerrainPipelineState,none,no,0,0,,,yes,yes,1,yes,A-,C,FAIL_NONE,test_only_or_unwired,orphan_candidate
terrain_semantics.py,TerrainPipelineState.tile_y,tile_y,1313,property,TerrainPipelineState,none,no,0,0,,,yes,yes,1,yes,A-,C,FAIL_NONE,test_only_or_unwired,orphan_candidate
terrain_semantics.py,TerrainPipelineState.record_pass,record_pass,1316,method,TerrainPipelineState,none,no,0,0,,,yes,yes,1,yes,A-,C,FAIL_NONE,helper_reachable,orphan_candidate
terrain_shadow_clipmap_bake.py,_resample_height,_resample_height,50,function,,none,yes,8,0,terrain_shadow_clipmap_bake.py:186; terrain_shadow_clipmap_bake.py:201; terrain_shadow_clipmap_bake.py:211; terrain_shadow_clipmap_bake.py:469,,yes,yes,1,no,A-,C,FAIL_NONE,helper_reachable,runtime_transitive
terrain_shadow_clipmap_bake.py,_bake_single_cascade,_bake_single_cascade,72,function,,none,yes,2,0,terrain_shadow_clipmap_bake.py:207,,no,no,0,no,,,,helper_reachable,runtime_transitive
terrain_shadow_clipmap_bake.py,bake_shadow_clipmap,bake_shadow_clipmap,133,function,,none,yes,2,6,terrain_shadow_clipmap_bake.py:460,veilbreakers_terrain/tests/test_terrain_material_ceiling.py:273; veilbreakers_terrain/tests/test_terrain_material_ceiling.py:282; veilbreakers_terrain/tests/test_terrain_material_ceiling.py:298,yes,yes,1,yes,A,B,FAIL_NONE,helper_reachable,runtime_transitive
terrain_shadow_clipmap_bake.py,_write_mini_exr_f32,_write_mini_exr_f32,225,function,,none,yes,2,0,terrain_shadow_clipmap_bake.py:353,,no,no,0,no,,,,helper_reachable,runtime_transitive
terrain_shadow_clipmap_bake.py,_write_str,_write_str,256,function,,none,yes,4,0,terrain_shadow_clipmap_bake.py:261,,no,no,0,no,,,,helper_reachable,runtime_transitive
terrain_shadow_clipmap_bake.py,_write_attr,_write_attr,260,function,,none,yes,16,0,terrain_shadow_clipmap_bake.py:287; terrain_shadow_clipmap_bake.py:288; terrain_shadow_clipmap_bake.py:289; terrain_shadow_clipmap_bake.py:290; terrain_shadow_clipmap_bake.py:291,,no,no,0,no,,,,helper_reachable,runtime_transitive
terrain_shadow_clipmap_bake.py,export_shadow_clipmap_exr,export_shadow_clipmap_exr,323,function,,none,yes,2,2,terrain_shadow_clipmap_bake.py:489,veilbreakers_terrain/tests/test_terrain_material_ceiling.py:301,yes,yes,1,yes,A,B,FAIL_NONE,helper_reachable,runtime_transitive
terrain_shadow_clipmap_bake.py,pass_shadow_clipmap,pass_shadow_clipmap,424,function,,"master_bundle_pass,module_registrar",yes,0,2,,veilbreakers_terrain/tests/test_terrain_material_ceiling.py:333,yes,yes,1,yes,A,B+,FAIL_NONE,registrar_declared_only,runtime_primary
terrain_shadow_clipmap_bake.py,register_bundle_k_shadow_clipmap_pass,register_bundle_k_shadow_clipmap_pass,518,function,,master_registrar,yes,2,0,terrain_bundle_k.py:45,,yes,yes,1,no,A,C+,FAIL_NONE,helper_reachable,runtime_primary
terrain_stochastic_shader.py,StochasticShaderTemplate.to_dict,to_dict,300,method,StochasticShaderTemplate,none,yes,1,0,terrain_stochastic_shader.py:543,,yes,yes,1,no,A,C+,FAIL_NONE,helper_reachable,runtime_transitive
terrain_stochastic_shader.py,_tile_hash_2d,_tile_hash_2d,316,function,,none,yes,2,0,terrain_stochastic_shader.py:433,,no,no,0,no,,,,helper_reachable,runtime_transitive
terrain_stochastic_shader.py,_hash,_hash,335,function,,none,yes,8,0,terrain_stochastic_shader.py:343; terrain_stochastic_shader.py:344; terrain_stochastic_shader.py:345; terrain_stochastic_shader.py:346,,no,no,0,no,,,,helper_reachable,runtime_transitive
terrain_stochastic_shader.py,build_stochastic_sampling_mask,build_stochastic_sampling_mask,350,function,,none,yes,2,12,terrain_stochastic_shader.py:662,veilbreakers_terrain/tests/test_terrain_material_ceiling.py:85; veilbreakers_terrain/tests/test_terrain_material_ceiling.py:97; veilbreakers_terrain/tests/test_terrain_material_ceiling.py:98; veilbreakers_terrain/tests/test_terrain_material_ceiling.py:107; veilbreakers_terrain/tests/test_terrain_material_ceiling.py:108,yes,yes,1,yes,A,B,FAIL_NONE,helper_reachable,runtime_transitive
terrain_stochastic_shader.py,_bilerp,_bilerp,459,function,,none,yes,6,0,terrain_stochastic_shader.py:466; terrain_stochastic_shader.py:467; terrain_stochastic_shader.py:468,,no,no,0,no,,,,helper_reachable,runtime_transitive
terrain_stochastic_shader.py,export_unity_shader_template,export_unity_shader_template,515,function,,none,yes,2,2,terrain_stochastic_shader.py:691,veilbreakers_terrain/tests/test_terrain_material_ceiling.py:135,yes,yes,1,yes,A,B-,FAIL_NONE,helper_reachable,runtime_transitive
terrain_stochastic_shader.py,pass_stochastic_shader,pass_stochastic_shader,619,function,,"master_bundle_pass,module_registrar",yes,0,2,,veilbreakers_terrain/tests/test_terrain_material_ceiling.py:149,yes,yes,1,yes,A,B+,FAIL_NONE,registrar_declared_only,runtime_primary
terrain_stochastic_shader.py,register_bundle_k_stochastic_shader_pass,register_bundle_k_stochastic_shader_pass,733,function,,master_registrar,yes,2,0,terrain_bundle_k.py:42,,yes,yes,1,no,A,C+,FAIL_NONE,helper_reachable,runtime_primary
terrain_stratigraphy.py,StratigraphyStack.total_thickness,total_thickness,116,method,StratigraphyStack,none,no,1,0,terrain_stratigraphy.py:1026,,yes,yes,1,no,A,C+,FAIL_NONE,helper_reachable,module_local_helper
terrain_stratigraphy.py,StratigraphyStack.layer_for_elevation,layer_for_elevation,119,method,StratigraphyStack,none,no,0,0,,,yes,yes,1,no,A,C+,FAIL_NONE,test_only_or_unwired,orphan_candidate
terrain_stratigraphy.py,compute_strata_orientation,compute_strata_orientation,144,function,,none,no,2,4,terrain_stratigraphy.py:956,veilbreakers_terrain/tests/test_terrain_geology.py:146; veilbreakers_terrain/tests/test_terrain_geology.py:463,yes,yes,1,yes,A-,B-,FAIL_NONE,helper_reachable,module_local_helper
terrain_stratigraphy.py,compute_rock_hardness,compute_rock_hardness,200,function,,none,no,4,8,terrain_stratigraphy.py:955; terrain_stratigraphy.py:975,veilbreakers_terrain/tests/test_terrain_geology.py:122; veilbreakers_terrain/tests/test_terrain_geology.py:171; veilbreakers_terrain/tests/test_terrain_geology.py:424; veilbreakers_terrain/tests/test_terrain_geology.py:547,yes,yes,1,yes,A-,B-,FAIL_NONE,helper_reachable,module_local_helper
terrain_stratigraphy.py,apply_differential_erosion,apply_differential_erosion,231,function,,none,no,2,2,terrain_stratigraphy.py:982,veilbreakers_terrain/tests/test_terrain_geology.py:172,yes,yes,1,yes,A-,C+,FAIL_NONE,helper_reachable,module_local_helper
terrain_stratigraphy.py,simulate_fold_deformation,simulate_fold_deformation,364,function,,none,no,2,0,terrain_stratigraphy.py:967,,no,no,0,no,,,,helper_reachable,module_local_helper
terrain_stratigraphy.py,detect_unconformities,detect_unconformities,454,function,,none,no,2,0,terrain_stratigraphy.py:991,,no,no,0,no,,,,helper_reachable,module_local_helper
terrain_stratigraphy.py,simulate_intrusions,simulate_intrusions,521,function,,none,no,2,0,terrain_stratigraphy.py:1000,,no,no,0,no,,,,helper_reachable,module_local_helper
terrain_stratigraphy.py,export_strata_cross_section,export_strata_cross_section,625,function,,none,no,2,0,terrain_stratigraphy.py:1009,,no,no,0,no,,,,helper_reachable,module_local_helper
terrain_stratigraphy.py,_default_strat_stack_from_hints,_default_strat_stack_from_hints,749,function,,none,no,2,0,terrain_stratigraphy.py:952,,yes,yes,1,yes,A,C+,FAIL_NONE,helper_reachable,module_local_helper
terrain_stratigraphy.py,pass_stratigraphy,pass_stratigraphy,920,function,,none,no,0,4,,veilbreakers_terrain/tests/test_mesh_quality_phase14.py:184; veilbreakers_terrain/tests/test_terrain_geology.py:186,yes,yes,1,yes,A,B+,FAIL_NONE,test_only_or_unwired,test_only_or_unwired
terrain_telemetry_dashboard.py,TelemetryRecord.to_dict,to_dict,35,method,TelemetryRecord,none,no,1,0,terrain_telemetry_dashboard.py:91,,yes,yes,1,no,A,C+,FAIL_NONE,helper_reachable,module_local_helper
terrain_telemetry_dashboard.py,TelemetryRecord.from_dict,from_dict,41,method,TelemetryRecord,none,no,1,0,terrain_telemetry_dashboard.py:109,,yes,yes,1,no,A,C+,FAIL_NONE,helper_reachable,module_local_helper
terrain_telemetry_dashboard.py,_count_populated_channels,_count_populated_channels,56,function,,none,no,2,0,terrain_telemetry_dashboard.py:84,,yes,yes,1,no,A-,C,FAIL_NONE,helper_reachable,module_local_helper
terrain_telemetry_dashboard.py,record_telemetry,record_telemetry,65,function,,none,no,0,4,,veilbreakers_terrain/tests/test_terrain_deep_qa.py:526; veilbreakers_terrain/tests/test_terrain_deep_qa.py:560,yes,yes,1,no,B+,B-,FAIL_NONE,test_only_or_unwired,test_only_or_unwired
terrain_telemetry_dashboard.py,_load_records,_load_records,96,function,,none,no,2,0,terrain_telemetry_dashboard.py:115,,yes,yes,1,no,A-,C,FAIL_NONE,helper_reachable,module_local_helper
terrain_telemetry_dashboard.py,summarize_telemetry,summarize_telemetry,113,function,,none,no,0,4,,veilbreakers_terrain/tests/test_terrain_deep_qa.py:545; veilbreakers_terrain/tests/test_terrain_deep_qa.py:564,yes,yes,1,no,A-,C+,FAIL_NONE,test_only_or_unwired,test_only_or_unwired
terrain_twelve_step.py,_apply_flatten_zones_stub,_apply_flatten_zones_stub,43,function,,none,no,2,0,terrain_twelve_step.py:875,,yes,yes,1,yes,B+,C-,FAIL_NONE,helper_reachable,module_local_helper
terrain_twelve_step.py,_apply_canyon_river_carves_stub,_apply_canyon_river_carves_stub,123,function,,none,no,2,0,terrain_twelve_step.py:885,,yes,yes,1,yes,A-,C,FAIL_NONE,helper_reachable,module_local_helper
terrain_twelve_step.py,_detect_cliff_edges_stub,_detect_cliff_edges_stub,253,function,,none,no,2,0,terrain_twelve_step.py:929,,yes,yes,1,no,C+,F,FAIL_NONE,helper_reachable,module_local_helper
terrain_twelve_step.py,_detect_cave_candidates_stub,_detect_cave_candidates_stub,343,function,,none,no,2,0,terrain_twelve_step.py:934,,yes,yes,1,yes,B,D+,FAIL_NONE,helper_reachable,module_local_helper
terrain_twelve_step.py,_detect_waterfall_lips_stub,_detect_waterfall_lips_stub,439,function,,none,no,2,0,terrain_twelve_step.py:948,,yes,yes,1,no,D,F,FAIL_NONE,helper_reachable,module_local_helper
terrain_twelve_step.py,_build_road_cost_map,_build_road_cost_map,495,function,,none,no,2,14,terrain_twelve_step.py:615,veilbreakers_terrain/tests/test_road_pipeline.py:26; veilbreakers_terrain/tests/test_road_pipeline.py:34; veilbreakers_terrain/tests/test_road_pipeline.py:42; veilbreakers_terrain/tests/test_road_pipeline.py:50; veilbreakers_terrain/tests/test_road_pipeline.py:58,no,no,0,no,,,,helper_reachable,module_local_helper
terrain_twelve_step.py,_road_type_for_anchor_pair,_road_type_for_anchor_pair,520,function,,none,no,2,14,terrain_twelve_step.py:608,veilbreakers_terrain/tests/test_road_pipeline.py:86; veilbreakers_terrain/tests/test_road_pipeline.py:90; veilbreakers_terrain/tests/test_road_pipeline.py:94; veilbreakers_terrain/tests/test_road_pipeline.py:98; veilbreakers_terrain/tests/test_road_pipeline.py:102,no,no,0,no,,,,helper_reachable,module_local_helper
terrain_twelve_step.py,_road_profile_params,_road_profile_params,537,function,,none,no,2,10,terrain_twelve_step.py:612,veilbreakers_terrain/tests/test_road_pipeline.py:114; veilbreakers_terrain/tests/test_road_pipeline.py:119; veilbreakers_terrain/tests/test_road_pipeline.py:124; veilbreakers_terrain/tests/test_road_pipeline.py:131; veilbreakers_terrain/tests/test_road_pipeline.py:132,no,no,0,no,,,,helper_reachable,module_local_helper
terrain_twelve_step.py,_generate_road_mesh_specs,_generate_road_mesh_specs,552,function,,none,no,2,14,terrain_twelve_step.py:963,veilbreakers_terrain/tests/test_road_pipeline.py:165; veilbreakers_terrain/tests/test_road_pipeline.py:172; veilbreakers_terrain/tests/test_road_pipeline.py:179; veilbreakers_terrain/tests/test_road_pipeline.py:186; veilbreakers_terrain/tests/test_road_pipeline.py:193,yes,yes,1,no,B-,C-,FAIL_NONE,helper_reachable,module_local_helper
terrain_twelve_step.py,_apply_road_profile_to_heightmap,_apply_road_profile_to_heightmap,662,function,,none,no,2,22,terrain_twelve_step.py:638,veilbreakers_terrain/tests/test_road_channels.py:103; veilbreakers_terrain/tests/test_road_channels.py:115; veilbreakers_terrain/tests/test_road_channels.py:137; veilbreakers_terrain/tests/test_road_channels.py:154; veilbreakers_terrain/tests/test_road_channels.py:162,no,no,0,no,,,,helper_reachable,module_local_helper
terrain_twelve_step.py,_generate_water_body_specs,_generate_water_body_specs,751,function,,none,no,2,0,terrain_twelve_step.py:1033,,yes,yes,1,no,B-,D,FAIL_NONE,helper_reachable,module_local_helper
terrain_twelve_step.py,run_twelve_step_world_terrain,run_twelve_step_world_terrain,812,function,,none,no,0,22,,veilbreakers_terrain/tests/test_adjacent_tile_contract.py:200; veilbreakers_terrain/tests/test_adjacent_tile_contract.py:217; veilbreakers_terrain/tests/test_adjacent_tile_contract.py:218; veilbreakers_terrain/tests/test_terrain_world_orchestration.py:57; veilbreakers_terrain/tests/test_terrain_world_orchestration.py:66,yes,yes,1,yes,A-,B-,FAIL_NONE,test_only_or_unwired,test_only_or_unwired
terrain_unity_export.py,_apply_unity_scale,_apply_unity_scale,33,function,,none,no,30,8,terrain_unity_export.py:673; terrain_unity_export.py:674; terrain_unity_export.py:692; terrain_unity_export.py:741; terrain_unity_export.py:742,veilbreakers_terrain/tests/test_p13_unity_scale_factor.py:29; veilbreakers_terrain/tests/test_p13_unity_scale_factor.py:32; veilbreakers_terrain/tests/test_p13_unity_scale_factor.py:39; veilbreakers_terrain/tests/test_p13_unity_scale_factor.py:43,yes,yes,1,yes,B+,C+,FAIL_NONE,helper_reachable,module_local_helper
terrain_unity_export.py,_sha256,_sha256,40,function,,none,no,4,0,terrain_unity_export.py:304; terrain_unity_export.py:332,,yes,yes,1,yes,B+,C-,FAIL_NONE,helper_reachable,module_local_helper
terrain_unity_export.py,_quantize_heightmap,_quantize_heightmap,48,function,,none,yes,4,2,terrain_unity_export.py:225; terrain_unity_export.py:513,veilbreakers_terrain/tests/integration/test_full_terrain_pipeline.py:190,yes,yes,1,yes,B+,C+,FAIL_NONE,helper_reachable,runtime_transitive
terrain_unity_export.py,_compute_terrain_normals_zup,_compute_terrain_normals_zup,59,function,,none,yes,4,0,terrain_unity_export.py:200; terrain_unity_export.py:523,,yes,yes,1,yes,B+,C-,FAIL_NONE,helper_reachable,runtime_transitive
terrain_unity_export.py,_zup_to_unity_vectors,_zup_to_unity_vectors,76,function,,none,yes,4,0,terrain_unity_export.py:201; terrain_unity_export.py:524,,yes,yes,1,yes,B+,C-,FAIL_NONE,helper_reachable,runtime_transitive
terrain_unity_export.py,_export_heightmap,_export_heightmap,87,function,,none,no,0,0,,,yes,yes,1,yes,B+,C-,FAIL_NONE,orphan_candidate,orphan_candidate
terrain_unity_export.py,_bit_depth_for_profile,_bit_depth_for_profile,158,function,,none,no,2,0,terrain_unity_export.py:511,,yes,yes,1,yes,B+,C-,FAIL_NONE,helper_reachable,module_local_helper
terrain_unity_export.py,pass_prepare_terrain_normals,pass_prepare_terrain_normals,193,function,,"master_bundle_pass,module_registrar",yes,0,2,,veilbreakers_terrain/tests/test_terrain_ecosystem.py:546,yes,yes,1,yes,B+,B-,FAIL_NONE,registrar_declared_only,runtime_primary
terrain_unity_export.py,pass_prepare_heightmap_raw_u16,pass_prepare_heightmap_raw_u16,218,function,,"master_bundle_pass,module_registrar",yes,0,2,,veilbreakers_terrain/tests/test_terrain_ecosystem.py:558,yes,yes,1,yes,B+,B-,FAIL_NONE,registrar_declared_only,runtime_primary
terrain_unity_export.py,register_bundle_j_terrain_normals_pass,register_bundle_j_terrain_normals_pass,244,function,,master_registrar,yes,2,0,terrain_bundle_j.py:51,,yes,yes,1,yes,B+,C+,FAIL_NONE,helper_reachable,runtime_primary
terrain_unity_export.py,register_bundle_j_heightmap_u16_pass,register_bundle_j_heightmap_u16_pass,260,function,,master_registrar,yes,2,0,terrain_bundle_j.py:52,,yes,yes,1,yes,B+,C+,FAIL_NONE,helper_reachable,runtime_primary
terrain_unity_export.py,_flip_for_unity,_flip_for_unity,276,function,,none,no,2,0,terrain_unity_export.py:300,,yes,yes,1,yes,B+,C-,FAIL_NONE,helper_reachable,module_local_helper
terrain_unity_export.py,_ensure_little_endian,_ensure_little_endian,283,function,,none,no,2,0,terrain_unity_export.py:300,,yes,yes,1,yes,B+,C-,FAIL_NONE,helper_reachable,module_local_helper
terrain_unity_export.py,_write_raw_array,_write_raw_array,290,function,,none,no,14,0,terrain_unity_export.py:445; terrain_unity_export.py:533; terrain_unity_export.py:541; terrain_unity_export.py:573; terrain_unity_export.py:585,,yes,yes,1,yes,B+,C-,FAIL_NONE,helper_reachable,module_local_helper
terrain_unity_export.py,_write_json,_write_json,322,function,,none,no,2,0,terrain_unity_export.py:654,,yes,yes,1,yes,B+,C-,FAIL_NONE,helper_reachable,module_local_helper
terrain_unity_export.py,_zup_to_unity_vector,_zup_to_unity_vector,341,function,,none,no,10,0,terrain_unity_export.py:348; terrain_unity_export.py:349; terrain_unity_export.py:909; terrain_unity_export.py:910; terrain_unity_export.py:1020,,yes,yes,1,yes,B+,C+,FAIL_NONE,helper_reachable,module_local_helper
terrain_unity_export.py,_bounds_to_unity,_bounds_to_unity,346,function,,none,no,6,0,terrain_unity_export.py:811; terrain_unity_export.py:852; terrain_unity_export.py:880,,yes,yes,1,yes,B+,C-,FAIL_NONE,helper_reachable,module_local_helper
terrain_unity_export.py,_terrain_normal_at,_terrain_normal_at,353,function,,none,no,2,0,terrain_unity_export.py:910,,yes,yes,1,yes,B+,C-,FAIL_NONE,helper_reachable,module_local_helper
terrain_unity_export.py,_quantize_detail_density,_quantize_detail_density,372,function,,none,no,2,0,terrain_unity_export.py:590,,yes,yes,1,yes,B+,C-,FAIL_NONE,helper_reachable,module_local_helper
terrain_unity_export.py,_write_splatmap_groups,_write_splatmap_groups,378,function,,none,no,2,0,terrain_unity_export.py:549,,yes,yes,1,yes,A,C+,FAIL_NONE,helper_reachable,module_local_helper
terrain_unity_export.py,export_unity_manifest,export_unity_manifest,484,function,,none,no,0,32,,veilbreakers_terrain/tests/test_p13_unity_scale_factor.py:74; veilbreakers_terrain/tests/test_p13_unity_scale_factor.py:83; veilbreakers_terrain/tests/test_p13_unity_scale_factor.py:90; veilbreakers_terrain/tests/test_p13_unity_scale_factor.py:99; veilbreakers_terrain/tests/test_p13_unity_scale_factor.py:106,yes,yes,1,yes,B+,C+,FAIL_NONE,test_only_or_unwired,test_only_or_unwired
terrain_unity_export.py,_audio_zones_json,_audio_zones_json,781,function,,none,no,2,0,terrain_unity_export.py:620,,yes,yes,1,yes,B+,C-,FAIL_NONE,helper_reachable,module_local_helper
terrain_unity_export.py,_gameplay_zones_json,_gameplay_zones_json,824,function,,none,no,2,0,terrain_unity_export.py:621,,yes,yes,1,yes,B+,C-,FAIL_NONE,helper_reachable,module_local_helper
terrain_unity_export.py,_wildlife_zones_json,_wildlife_zones_json,864,function,,none,no,2,0,terrain_unity_export.py:622,,yes,yes,1,yes,B+,C-,FAIL_NONE,helper_reachable,module_local_helper
terrain_unity_export.py,_decals_json,_decals_json,892,function,,none,no,2,0,terrain_unity_export.py:623,,yes,yes,1,yes,B+,C-,FAIL_NONE,helper_reachable,module_local_helper
terrain_unity_export.py,compute_wind_bend_vertex_color,compute_wind_bend_vertex_color,927,function,,none,no,2,26,terrain_unity_export.py:1007,veilbreakers_terrain/tests/test_p13_wind_bend_vertex_color.py:20; veilbreakers_terrain/tests/test_p13_wind_bend_vertex_color.py:30; veilbreakers_terrain/tests/test_p13_wind_bend_vertex_color.py:41; veilbreakers_terrain/tests/test_p13_wind_bend_vertex_color.py:47; veilbreakers_terrain/tests/test_p13_wind_bend_vertex_color.py:52,yes,yes,1,yes,A,B,FAIL_NONE,helper_reachable,module_local_helper
terrain_unity_export.py,_tree_instances_json,_tree_instances_json,993,function,,none,no,2,0,terrain_unity_export.py:619,,yes,yes,1,yes,B+,C-,FAIL_NONE,helper_reachable,module_local_helper
terrain_unity_export_contracts.py,UnityExportContract.minimum_for,minimum_for,43,method,UnityExportContract,none,no,0,0,,,yes,yes,1,no,A,C+,FAIL_NONE,test_only_or_unwired,orphan_candidate
terrain_unity_export_contracts.py,validate_mesh_attributes_present,validate_mesh_attributes_present,86,function,,none,no,0,8,,veilbreakers_terrain/tests/test_bundle_egjn_supplements.py:358; veilbreakers_terrain/tests/test_bundle_egjn_supplements.py:362; veilbreakers_terrain/tests/test_cross_feature.py:289; veilbreakers_terrain/tests/test_cross_feature.py:297,no,no,0,no,,,,test_only_or_unwired,test_only_or_unwired
terrain_unity_export_contracts.py,validate_vertex_attributes_present,validate_vertex_attributes_present,109,function,,none,no,0,4,,veilbreakers_terrain/tests/test_cross_feature.py:307; veilbreakers_terrain/tests/test_cross_feature.py:315,no,no,0,no,,,,test_only_or_unwired,test_only_or_unwired
terrain_unity_export_contracts.py,write_export_manifest,write_export_manifest,138,function,,none,no,0,4,,veilbreakers_terrain/tests/test_bundle_egjn_supplements.py:426; veilbreakers_terrain/tests/test_bundle_egjn_supplements.py:434,yes,yes,1,no,A-,C+,FAIL_NONE,test_only_or_unwired,test_only_or_unwired
terrain_unity_export_contracts.py,validate_bit_depth_contract,validate_bit_depth_contract,163,function,,none,no,0,10,,veilbreakers_terrain/tests/test_bundle_egjn_supplements.py:387; veilbreakers_terrain/tests/test_bundle_egjn_supplements.py:394; veilbreakers_terrain/tests/test_bundle_egjn_supplements.py:402; veilbreakers_terrain/tests/test_bundle_egjn_supplements.py:410; veilbreakers_terrain/tests/test_bundle_egjn_supplements.py:418,yes,yes,1,no,C+,D+,FAIL_NONE,test_only_or_unwired,test_only_or_unwired
terrain_validation.py,ValidationReport.all_issues,all_issues,89,property,ValidationReport,none,no,0,0,,,yes,yes,1,no,A,C+,FAIL_NONE,orphan_candidate,orphan_candidate
terrain_validation.py,ValidationReport.add,add,92,method,ValidationReport,none,yes,1,0,terrain_validation.py:1755,,yes,yes,1,no,A,C+,FAIL_NONE,helper_reachable,runtime_transitive
terrain_validation.py,ValidationReport.recompute_status,recompute_status,103,method,ValidationReport,none,yes,2,0,terrain_validation.py:1684; terrain_validation.py:1760,,yes,yes,1,no,A,C+,FAIL_NONE,helper_reachable,runtime_transitive
terrain_validation.py,ValidationReport.category_summary,category_summary,112,method,ValidationReport,none,no,0,0,,,no,no,0,no,,,,orphan_candidate,orphan_candidate
terrain_validation.py,_issue_category,_issue_category,170,function,,none,yes,2,0,terrain_validation.py:100,,no,no,0,no,,,,helper_reachable,runtime_transitive
terrain_validation.py,_safe_asarray,_safe_asarray,188,function,,none,no,50,0,terrain_validation.py:200; terrain_validation.py:220; terrain_validation.py:249; terrain_validation.py:278; terrain_validation.py:324,,yes,yes,1,no,A,B,FAIL_NONE,helper_reachable,module_local_helper
terrain_validation.py,_cell_bounds_for_feature,_cell_bounds_for_feature,194,function,,none,no,2,0,terrain_validation.py:632,,yes,yes,1,no,A-,C+,FAIL_NONE,helper_reachable,module_local_helper
terrain_validation.py,protected_zone_hash,protected_zone_hash,214,function,,none,no,4,0,terrain_validation.py:381; terrain_validation.py:382,,yes,yes,1,no,A,C+,FAIL_NONE,helper_reachable,module_local_helper
terrain_validation.py,validate_height_finite,validate_height_finite,243,function,,none,no,0,6,,veilbreakers_terrain/tests/integration/test_full_terrain_pipeline.py:136; veilbreakers_terrain/tests/test_terrain_validation.py:61; veilbreakers_terrain/tests/test_terrain_validation.py:70,yes,yes,1,no,A,B-,FAIL_NONE,test_only_or_unwired,test_only_or_unwired
terrain_validation.py,validate_height_range,validate_height_range,272,function,,none,no,0,8,,veilbreakers_terrain/tests/integration/test_full_terrain_pipeline.py:139; veilbreakers_terrain/tests/test_terrain_validation.py:85; veilbreakers_terrain/tests/test_terrain_validation.py:93; veilbreakers_terrain/tests/test_terrain_validation.py:102,yes,yes,1,no,B-,C-,FAIL_NONE,test_only_or_unwired,test_only_or_unwired
terrain_validation.py,validate_slope_distribution,validate_slope_distribution,318,function,,none,no,0,6,,veilbreakers_terrain/tests/test_terrain_validation.py:116; veilbreakers_terrain/tests/test_terrain_validation.py:125; veilbreakers_terrain/tests/test_terrain_validation.py:133,yes,yes,1,no,A,B-,FAIL_NONE,test_only_or_unwired,test_only_or_unwired
terrain_validation.py,validate_protected_zones_untouched,validate_protected_zones_untouched,358,function,,none,no,0,6,,veilbreakers_terrain/tests/test_terrain_validation.py:162; veilbreakers_terrain/tests/test_terrain_validation.py:178; veilbreakers_terrain/tests/test_terrain_validation.py:193,yes,yes,1,no,A,B-,FAIL_NONE,test_only_or_unwired,test_only_or_unwired
terrain_validation.py,validate_tile_seam_continuity,validate_tile_seam_continuity,395,function,,none,no,0,4,,veilbreakers_terrain/tests/test_terrain_validation.py:209; veilbreakers_terrain/tests/test_terrain_validation.py:217,yes,yes,1,yes,B+,C+,FAIL_NONE,test_only_or_unwired,test_only_or_unwired
terrain_validation.py,validate_erosion_mass_conservation,validate_erosion_mass_conservation,542,function,,none,no,0,6,,veilbreakers_terrain/tests/test_terrain_validation.py:234; veilbreakers_terrain/tests/test_terrain_validation.py:246; veilbreakers_terrain/tests/test_terrain_validation.py:256,yes,yes,1,no,A-,C+,FAIL_NONE,test_only_or_unwired,test_only_or_unwired
terrain_validation.py,validate_hero_feature_placement,validate_hero_feature_placement,587,function,,none,no,0,6,,veilbreakers_terrain/tests/test_terrain_validation.py:281; veilbreakers_terrain/tests/test_terrain_validation.py:298; veilbreakers_terrain/tests/test_terrain_validation.py:317,yes,yes,1,no,C+,D+,FAIL_NONE,test_only_or_unwired,test_only_or_unwired
terrain_validation.py,validate_material_coverage,validate_material_coverage,651,function,,none,no,0,8,,veilbreakers_terrain/tests/test_terrain_validation.py:336; veilbreakers_terrain/tests/test_terrain_validation.py:347; veilbreakers_terrain/tests/test_terrain_validation.py:359; veilbreakers_terrain/tests/test_terrain_validation.py:367,yes,yes,1,no,A,B-,FAIL_NONE,test_only_or_unwired,test_only_or_unwired
terrain_validation.py,validate_channel_dtypes,validate_channel_dtypes,723,function,,none,no,0,6,,veilbreakers_terrain/tests/test_terrain_validation.py:380; veilbreakers_terrain/tests/test_terrain_validation.py:390; veilbreakers_terrain/tests/test_terrain_validation.py:399,yes,yes,1,no,C+,D+,FAIL_NONE,test_only_or_unwired,test_only_or_unwired
terrain_validation.py,validate_unity_export_ready,validate_unity_export_ready,747,function,,none,no,0,6,,veilbreakers_terrain/tests/test_terrain_validation.py:412; veilbreakers_terrain/tests/test_terrain_validation.py:423; veilbreakers_terrain/tests/test_terrain_validation.py:435,yes,yes,1,no,A,B-,FAIL_NONE,test_only_or_unwired,test_only_or_unwired
terrain_validation.py,check_cliff_silhouette_readability,check_cliff_silhouette_readability,788,function,,none,no,2,0,terrain_validation.py:1679,,yes,yes,1,yes,B+,C,FAIL_NONE,helper_reachable,module_local_helper
terrain_validation.py,check_waterfall_chain_completeness,check_waterfall_chain_completeness,935,function,,none,no,2,0,terrain_validation.py:1680,,yes,yes,1,yes,B+,B-,FAIL_NONE,helper_reachable,module_local_helper
terrain_validation.py,check_cave_framing_presence,check_cave_framing_presence,1028,function,,none,no,2,0,terrain_validation.py:1681,,yes,yes,1,yes,B+,B-,FAIL_NONE,helper_reachable,module_local_helper
terrain_validation.py,validate_strata_consistency,validate_strata_consistency,1110,function,,none,no,0,0,,,yes,yes,1,yes,A,A-,FAIL_NONE,test_only_or_unwired,orphan_candidate
terrain_validation.py,validate_glacial_plausibility,validate_glacial_plausibility,1242,function,,none,no,0,0,,,yes,yes,1,yes,A,A-,FAIL_NONE,test_only_or_unwired,orphan_candidate
terrain_validation.py,validate_karst_plausibility,validate_karst_plausibility,1395,function,,none,no,0,0,,,yes,yes,1,yes,A,A-,FAIL_NONE,test_only_or_unwired,orphan_candidate
terrain_validation.py,check_focal_composition,check_focal_composition,1542,function,,none,no,2,2,terrain_validation.py:1682,veilbreakers_terrain/tests/test_terrain_validation.py:142,yes,yes,1,yes,B+,B-,FAIL_NONE,helper_reachable,module_local_helper
terrain_validation.py,ReadabilityAuditReport.all_issues,all_issues,1645,property,ReadabilityAuditReport,none,no,0,0,,,no,yes,1,no,A,C+,FAIL_NONE,orphan_candidate,orphan_candidate
terrain_validation.py,ReadabilityAuditReport.recompute_status,recompute_status,1653,method,ReadabilityAuditReport,none,no,0,0,,,no,yes,1,no,A,C+,FAIL_NONE,helper_reachable,orphan_candidate
terrain_validation.py,run_readability_audit,run_readability_audit,1664,function,,none,no,2,0,terrain_validation.py:1698,,yes,yes,1,yes,B+,C,FAIL_NONE,helper_reachable,module_local_helper
terrain_validation.py,_readability_audit_validator,_readability_audit_validator,1694,function,,none,no,0,0,,,no,no,0,no,,,,orphan_candidate,orphan_candidate
terrain_validation.py,run_validation_suite,run_validation_suite,1723,function,,none,yes,4,6,__init__.py:895; terrain_validation.py:1813,veilbreakers_terrain/tests/test_terrain_validation.py:448; veilbreakers_terrain/tests/test_terrain_validation.py:463; veilbreakers_terrain/tests/test_terrain_validation.py:475,yes,yes,1,no,C,D+,FAIL_NONE,helper_reachable,runtime_transitive
terrain_validation.py,bind_active_controller,bind_active_controller,1776,function,,none,yes,4,4,environment.py:2611; environment.py:2660,veilbreakers_terrain/tests/test_terrain_validation.py:543; veilbreakers_terrain/tests/test_terrain_validation.py:547,yes,yes,1,yes,B+,B-,FAIL_NONE,helper_reachable,runtime_transitive
terrain_validation.py,pass_validation_full,pass_validation_full,1802,function,,"master_bundle_pass,module_registrar",yes,0,6,,veilbreakers_terrain/tests/integration/test_full_terrain_pipeline.py:203; veilbreakers_terrain/tests/test_terrain_validation.py:521; veilbreakers_terrain/tests/test_terrain_validation.py:545,yes,yes,1,no,B+,B-,FAIL_NONE,runtime_primary,runtime_primary
terrain_validation.py,register_bundle_d_passes,register_bundle_d_passes,1851,function,,master_registrar,yes,0,2,,veilbreakers_terrain/tests/test_terrain_validation.py:560,yes,yes,1,no,A,B+,FAIL_NONE,runtime_primary,runtime_primary
terrain_vegetation_depth.py,VegetationLayers.understory_density,understory_density,79,property,VegetationLayers,none,no,0,0,,,no,no,0,no,,,,test_only_or_unwired,orphan_candidate
terrain_vegetation_depth.py,VegetationLayers.as_dict,as_dict,82,method,VegetationLayers,none,yes,1,0,terrain_vegetation_depth.py:1597,,yes,yes,1,no,A,C+,FAIL_NONE,helper_reachable,runtime_transitive
terrain_vegetation_depth.py,_region_slice,_region_slice,135,function,,none,yes,2,0,terrain_vegetation_depth.py:1542,,no,no,0,no,,,,helper_reachable,runtime_transitive
terrain_vegetation_depth.py,_protected_mask,_protected_mask,151,function,,none,yes,2,0,terrain_vegetation_depth.py:1543,,no,no,0,no,,,,helper_reachable,runtime_transitive
terrain_vegetation_depth.py,_normalize,_normalize,177,function,,none,yes,12,0,terrain_vegetation_depth.py:259; terrain_vegetation_depth.py:260; terrain_vegetation_depth.py:261; terrain_vegetation_depth.py:269; terrain_vegetation_depth.py:526,,yes,yes,1,no,D,F,FAIL_NONE,helper_reachable,runtime_transitive
terrain_vegetation_depth.py,compute_vegetation_layers,compute_vegetation_layers,201,function,,none,yes,2,12,terrain_vegetation_depth.py:1555,veilbreakers_terrain/tests/test_terrain_water_vegetation_depth.py:330; veilbreakers_terrain/tests/test_terrain_water_vegetation_depth.py:345; veilbreakers_terrain/tests/test_terrain_water_vegetation_depth.py:359; veilbreakers_terrain/tests/test_terrain_water_vegetation_depth.py:472; veilbreakers_terrain/tests/test_terrain_water_vegetation_depth.py:487,yes,yes,1,yes,A,B,FAIL_NONE,helper_reachable,runtime_transitive
terrain_vegetation_depth.py,detect_disturbance_patches,detect_disturbance_patches,383,function,,none,yes,2,10,terrain_vegetation_depth.py:1619,veilbreakers_terrain/tests/test_terrain_water_vegetation_depth.py:381; veilbreakers_terrain/tests/test_terrain_water_vegetation_depth.py:382; veilbreakers_terrain/tests/test_terrain_water_vegetation_depth.py:391; veilbreakers_terrain/tests/test_terrain_water_vegetation_depth.py:392; veilbreakers_terrain/tests/test_terrain_water_vegetation_depth.py:401,yes,yes,1,yes,A,B,FAIL_NONE,helper_reachable,runtime_transitive
terrain_vegetation_depth.py,place_clearings,place_clearings,745,function,,none,yes,2,4,terrain_vegetation_depth.py:1654,veilbreakers_terrain/tests/test_terrain_water_vegetation_depth.py:414; veilbreakers_terrain/tests/test_terrain_water_vegetation_depth.py:427,yes,yes,1,yes,A,B,FAIL_NONE,helper_reachable,runtime_transitive
terrain_vegetation_depth.py,_grid_key,_grid_key,862,function,,none,yes,6,0,terrain_vegetation_depth.py:867; terrain_vegetation_depth.py:883; terrain_vegetation_depth.py:910,,no,no,0,no,,,,helper_reachable,runtime_transitive
terrain_vegetation_depth.py,_is_valid,_is_valid,865,function,,none,yes,2,0,terrain_vegetation_depth.py:906,,no,no,0,no,,,,helper_reachable,runtime_transitive
terrain_vegetation_depth.py,place_fallen_logs,place_fallen_logs,951,function,,none,yes,2,6,terrain_vegetation_depth.py:1662,veilbreakers_terrain/tests/test_terrain_water_vegetation_depth.py:444; veilbreakers_terrain/tests/test_terrain_water_vegetation_depth.py:455; veilbreakers_terrain/tests/test_terrain_water_vegetation_depth.py:462,yes,yes,1,yes,A,B,FAIL_NONE,helper_reachable,runtime_transitive
terrain_vegetation_depth.py,apply_edge_effects,apply_edge_effects,1128,function,,none,yes,2,2,terrain_vegetation_depth.py:1578,veilbreakers_terrain/tests/test_terrain_water_vegetation_depth.py:476,yes,yes,1,yes,A,B,FAIL_NONE,helper_reachable,runtime_transitive
terrain_vegetation_depth.py,apply_cultivated_zones,apply_cultivated_zones,1232,function,,none,yes,2,2,terrain_vegetation_depth.py:1592,veilbreakers_terrain/tests/test_terrain_water_vegetation_depth.py:490,yes,yes,1,yes,A,B,FAIL_NONE,helper_reachable,runtime_transitive
terrain_vegetation_depth.py,_apply_zone,_apply_zone,1298,function,,none,yes,2,0,terrain_vegetation_depth.py:1344,,no,no,0,no,,,,helper_reachable,runtime_transitive
terrain_vegetation_depth.py,apply_allelopathic_exclusion,apply_allelopathic_exclusion,1374,function,,none,yes,2,2,terrain_vegetation_depth.py:1605,veilbreakers_terrain/tests/test_terrain_water_vegetation_depth.py:510,yes,yes,1,yes,A,B,FAIL_NONE,helper_reachable,runtime_transitive
terrain_vegetation_depth.py,pass_vegetation_depth,pass_vegetation_depth,1526,function,,"master_bundle_pass,module_registrar",yes,0,8,,veilbreakers_terrain/tests/test_terrain_water_vegetation_depth.py:524; veilbreakers_terrain/tests/test_terrain_water_vegetation_depth.py:548; veilbreakers_terrain/tests/test_terrain_water_vegetation_depth.py:560; veilbreakers_terrain/tests/test_terrain_water_vegetation_depth.py:561,yes,yes,1,yes,A,B+,FAIL_NONE,registrar_declared_only,runtime_primary
terrain_vegetation_depth.py,register_vegetation_depth_pass,register_vegetation_depth_pass,1692,function,,master_registrar,yes,2,0,terrain_bundle_o.py:27,,yes,yes,1,yes,B+,C+,FAIL_NONE,helper_reachable,runtime_primary
terrain_vegetation_depth.py,compute_emergent_grass_density,compute_emergent_grass_density,1719,function,,none,no,2,12,terrain_vegetation_depth.py:1769,veilbreakers_terrain/tests/test_environment_scatter_handlers.py:781; veilbreakers_terrain/tests/test_environment_scatter_handlers.py:790; veilbreakers_terrain/tests/test_environment_scatter_handlers.py:797; veilbreakers_terrain/tests/test_environment_scatter_handlers.py:804; veilbreakers_terrain/tests/test_environment_scatter_handlers.py:808,yes,yes,1,yes,B+,C+,FAIL_NONE,helper_reachable,module_local_helper
terrain_vegetation_depth.py,pass_emergent_grass,pass_emergent_grass,1745,function,,none,no,0,0,,,yes,yes,1,yes,B+,C-,FAIL_NONE,orphan_candidate,orphan_candidate
terrain_viewport_sync.py,_read_from_blender_context,_read_from_blender_context,39,function,,none,yes,2,0,terrain_viewport_sync.py:106,,no,no,0,no,,,,helper_reachable,runtime_transitive
terrain_viewport_sync.py,_unit,_unit,73,function,,none,yes,8,0,terrain_viewport_sync.py:121; terrain_viewport_sync.py:139; terrain_viewport_sync.py:211; terrain_viewport_sync.py:212,,yes,yes,1,no,A,C+,FAIL_NONE,helper_reachable,runtime_transitive
terrain_viewport_sync.py,_matrix_hash,_matrix_hash,81,function,,none,yes,2,0,terrain_viewport_sync.py:144,,yes,yes,1,no,A,C+,FAIL_NONE,helper_reachable,runtime_transitive
terrain_viewport_sync.py,read_user_vantage,read_user_vantage,91,function,,none,yes,2,22,__init__.py:690,veilbreakers_terrain/tests/test_bundle_r.py:72; veilbreakers_terrain/tests/test_bundle_r.py:287; veilbreakers_terrain/tests/test_bundle_r.py:297; veilbreakers_terrain/tests/test_bundle_r.py:308; veilbreakers_terrain/tests/test_bundle_r.py:319,yes,yes,1,no,A-,B+,FAIL_NONE,helper_reachable,runtime_transitive
terrain_viewport_sync.py,assert_vantage_fresh,assert_vantage_fresh,148,function,,none,yes,2,4,__init__.py:704,veilbreakers_terrain/tests/test_bundle_r.py:298; veilbreakers_terrain/tests/test_bundle_r.py:310,yes,yes,1,no,A,B-,FAIL_NONE,helper_reachable,runtime_transitive
terrain_viewport_sync.py,transform_world_to_vantage,transform_world_to_vantage,163,function,,none,no,0,2,,veilbreakers_terrain/tests/test_bundle_r.py:340,yes,yes,1,no,A,B-,FAIL_NONE,test_only_or_unwired,test_only_or_unwired
terrain_viewport_sync.py,is_in_frustum,is_in_frustum,189,function,,none,yes,2,4,__init__.py:720,veilbreakers_terrain/tests/test_bundle_r.py:320; veilbreakers_terrain/tests/test_bundle_r.py:330,yes,yes,1,no,B+,C,FAIL_NONE,helper_reachable,runtime_transitive
terrain_visual_diff.py,_bbox_of_mask,_bbox_of_mask,18,function,,none,no,2,0,terrain_visual_diff.py:102,,yes,yes,1,no,A-,C,FAIL_NONE,helper_reachable,module_local_helper
terrain_visual_diff.py,compute_visual_diff,compute_visual_diff,40,function,,none,no,2,4,terrain_live_preview.py:149,veilbreakers_terrain/tests/test_terrain_iteration.py:320; veilbreakers_terrain/tests/test_terrain_iteration.py:337,yes,yes,1,no,A-,B,FAIL_NONE,helper_reachable,cross_module_helper
terrain_visual_diff.py,generate_diff_overlay,generate_diff_overlay,120,function,,none,no,0,2,,veilbreakers_terrain/tests/test_terrain_iteration.py:354,yes,yes,1,no,B+,C,FAIL_NONE,test_only_or_unwired,test_only_or_unwired
terrain_water_variants.py,_as_polyline,_as_polyline,112,function,,none,yes,4,0,terrain_water_variants.py:181; terrain_water_variants.py:246,,yes,yes,1,yes,A,C,FAIL_TRANSITIVE_MODULE,helper_reachable,runtime_transitive
terrain_water_variants.py,_region_slice,_region_slice,121,function,,none,yes,2,0,terrain_water_variants.py:715,,yes,yes,1,yes,A,C+,FAIL_TRANSITIVE_MODULE,helper_reachable,runtime_transitive
terrain_water_variants.py,_protected_mask,_protected_mask,137,function,,none,yes,2,0,terrain_water_variants.py:716,,yes,yes,1,yes,A-,C+,FAIL_TRANSITIVE_MODULE,helper_reachable,runtime_transitive
terrain_water_variants.py,generate_braided_channels,generate_braided_channels,168,function,,none,yes,2,8,terrain_water_variants.py:827,veilbreakers_terrain/tests/test_terrain_water_vegetation_depth.py:120; veilbreakers_terrain/tests/test_terrain_water_vegetation_depth.py:132; veilbreakers_terrain/tests/test_terrain_water_vegetation_depth.py:133; veilbreakers_terrain/tests/test_terrain_water_vegetation_depth.py:141,yes,yes,1,yes,B+,C,FAIL_TRANSITIVE_MODULE,helper_reachable,runtime_transitive
terrain_water_variants.py,detect_estuary,detect_estuary,230,function,,none,no,0,4,,veilbreakers_terrain/tests/test_terrain_water_vegetation_depth.py:158; veilbreakers_terrain/tests/test_terrain_water_vegetation_depth.py:168,yes,yes,1,yes,B+,C,FAIL_TRANSITIVE_MODULE,test_only_or_unwired,test_only_or_unwired
terrain_water_variants.py,detect_karst_springs,detect_karst_springs,278,function,,none,no,0,6,,veilbreakers_terrain/tests/test_terrain_water_vegetation_depth.py:180; veilbreakers_terrain/tests/test_terrain_water_vegetation_depth.py:188; veilbreakers_terrain/tests/test_terrain_water_vegetation_depth.py:195,yes,yes,1,yes,B+,C,FAIL_TRANSITIVE_MODULE,test_only_or_unwired,test_only_or_unwired
terrain_water_variants.py,detect_perched_lakes,detect_perched_lakes,385,function,,none,yes,2,4,terrain_water_variants.py:777,veilbreakers_terrain/tests/test_terrain_water_vegetation_depth.py:215; veilbreakers_terrain/tests/test_terrain_water_vegetation_depth.py:227,yes,yes,1,yes,B+,C,FAIL_TRANSITIVE_MODULE,helper_reachable,runtime_transitive
terrain_water_variants.py,detect_hot_springs,detect_hot_springs,456,function,,none,no,2,6,terrain_water_variants.py:896,veilbreakers_terrain/tests/test_terrain_water_vegetation_depth.py:239; veilbreakers_terrain/tests/test_terrain_water_vegetation_depth.py:247; veilbreakers_terrain/tests/test_terrain_water_vegetation_depth.py:254,yes,yes,1,yes,B+,C,FAIL_TRANSITIVE_MODULE,helper_reachable,module_local_helper
terrain_water_variants.py,detect_wetlands,detect_wetlands,505,function,,none,yes,4,4,terrain_water_variants.py:792; terrain_water_variants.py:929,veilbreakers_terrain/tests/test_terrain_water_vegetation_depth.py:269; veilbreakers_terrain/tests/test_terrain_water_vegetation_depth.py:276,yes,yes,1,yes,B+,D+,"FAIL_DIRECT_BEHAVIOR,FAIL_TRANSITIVE_MODULE",helper_reachable,runtime_transitive
terrain_water_variants.py,apply_seasonal_water_state,apply_seasonal_water_state,646,function,,none,no,0,10,,veilbreakers_terrain/tests/test_terrain_water_vegetation_depth.py:287; veilbreakers_terrain/tests/test_terrain_water_vegetation_depth.py:295; veilbreakers_terrain/tests/test_terrain_water_vegetation_depth.py:302; veilbreakers_terrain/tests/test_terrain_water_vegetation_depth.py:311; veilbreakers_terrain/tests/test_terrain_water_vegetation_depth.py:318,yes,yes,1,yes,A-,C+,FAIL_TRANSITIVE_MODULE,test_only_or_unwired,test_only_or_unwired
terrain_water_variants.py,pass_water_variants,pass_water_variants,699,function,,"master_bundle_pass,module_registrar",yes,0,2,,veilbreakers_terrain/tests/test_terrain_water_vegetation_depth.py:571,yes,yes,1,yes,B+,C+,FAIL_TRANSITIVE_MODULE,registrar_declared_only,runtime_primary
terrain_water_variants.py,register_water_variants_pass,register_water_variants_pass,862,function,,master_registrar,yes,2,0,terrain_bundle_o.py:26,,yes,yes,1,yes,A,C+,FAIL_TRANSITIVE_MODULE,helper_reachable,runtime_primary
terrain_water_variants.py,get_geyser_specs,get_geyser_specs,881,function,,none,no,0,0,,,yes,yes,1,yes,A-,C-,FAIL_TRANSITIVE_MODULE,orphan_candidate,orphan_candidate
terrain_water_variants.py,get_swamp_specs,get_swamp_specs,914,function,,none,no,0,0,,,yes,yes,1,yes,A-,C-,FAIL_TRANSITIVE_MODULE,orphan_candidate,orphan_candidate
terrain_waterfalls.py,saturate,saturate,83,function,,none,no,4,8,terrain_waterfalls.py:111; terrain_waterfalls.py:114,veilbreakers_terrain/tests/test_p13_foam_vertex_alpha.py:24; veilbreakers_terrain/tests/test_p13_foam_vertex_alpha.py:27; veilbreakers_terrain/tests/test_p13_foam_vertex_alpha.py:30; veilbreakers_terrain/tests/test_p13_foam_vertex_alpha.py:34,no,no,0,no,,,,helper_reachable,module_local_helper
terrain_waterfalls.py,bake_foam_vertex_alpha,bake_foam_vertex_alpha,88,function,,none,no,2,18,terrain_waterfalls.py:144,veilbreakers_terrain/tests/test_p13_foam_vertex_alpha.py:42; veilbreakers_terrain/tests/test_p13_foam_vertex_alpha.py:49; veilbreakers_terrain/tests/test_p13_foam_vertex_alpha.py:53; veilbreakers_terrain/tests/test_p13_foam_vertex_alpha.py:60; veilbreakers_terrain/tests/test_p13_foam_vertex_alpha.py:68,no,no,0,no,,,,helper_reachable,module_local_helper
terrain_waterfalls.py,export_water_mesh_vertices,export_water_mesh_vertices,117,function,,none,no,0,0,,,no,no,0,no,,,,orphan_candidate,orphan_candidate
terrain_waterfalls.py,_grid_to_world,_grid_to_world,250,function,,none,yes,14,0,terrain_waterfalls.py:479; terrain_waterfalls.py:604; terrain_waterfalls.py:809; terrain_waterfalls.py:910; terrain_waterfalls.py:958,,yes,yes,1,no,A-,C+,FAIL_TRANSITIVE_MODULE,helper_reachable,runtime_transitive
terrain_waterfalls.py,_world_to_grid,_world_to_grid,259,function,,none,yes,20,0,terrain_waterfalls.py:893; terrain_waterfalls.py:1007; terrain_waterfalls.py:1091; terrain_waterfalls.py:1185; terrain_waterfalls.py:1243,,yes,yes,1,yes,A-,B-,FAIL_TRANSITIVE_MODULE,helper_reachable,runtime_transitive
terrain_waterfalls.py,_steepest_descent_step,_steepest_descent_step,281,function,,none,yes,14,0,terrain_waterfalls.py:476; terrain_waterfalls.py:501; terrain_waterfalls.py:511; terrain_waterfalls.py:576; terrain_waterfalls.py:597,,yes,yes,1,no,A-,C,FAIL_TRANSITIVE_MODULE,helper_reachable,runtime_transitive
terrain_waterfalls.py,_d8_to_angle,_d8_to_angle,308,function,,none,yes,6,0,terrain_waterfalls.py:617; terrain_waterfalls.py:810; terrain_waterfalls.py:1019,,yes,yes,1,yes,A,C+,FAIL_TRANSITIVE_MODULE,helper_reachable,runtime_transitive
terrain_waterfalls.py,_manning_velocity,_manning_velocity,344,function,,none,yes,6,0,terrain_waterfalls.py:612; terrain_waterfalls.py:817; terrain_waterfalls.py:954,,no,no,0,no,,,,helper_reachable,runtime_transitive
terrain_waterfalls.py,_freefall_impact,_freefall_impact,361,function,,none,yes,2,0,terrain_waterfalls.py:977,,no,no,0,no,,,,helper_reachable,runtime_transitive
terrain_waterfalls.py,_mason_1985_pool,_mason_1985_pool,395,function,,none,yes,4,0,terrain_waterfalls.py:985; terrain_waterfalls.py:1614,,no,no,0,no,,,,helper_reachable,runtime_transitive
terrain_waterfalls.py,_estimate_discharge,_estimate_discharge,418,function,,none,yes,8,0,terrain_waterfalls.py:606; terrain_waterfalls.py:814; terrain_waterfalls.py:952; terrain_waterfalls.py:984,,no,no,0,no,,,,helper_reachable,runtime_transitive
terrain_waterfalls.py,_trace_lip_contour,_trace_lip_contour,441,function,,none,yes,2,0,terrain_waterfalls.py:824,,no,no,0,no,,,,helper_reachable,runtime_transitive
terrain_waterfalls.py,_walk_direction,_walk_direction,487,function,,none,yes,4,0,terrain_waterfalls.py:517; terrain_waterfalls.py:518,,no,no,0,no,,,,helper_reachable,runtime_transitive
terrain_waterfalls.py,_detect_cascade_chain,_detect_cascade_chain,544,function,,none,yes,2,0,terrain_waterfalls.py:900,,no,no,0,no,,,,helper_reachable,runtime_transitive
terrain_waterfalls.py,_ensure_drainage,_ensure_drainage,644,function,,none,yes,4,0,terrain_waterfalls.py:772; terrain_waterfalls.py:897,,yes,yes,1,yes,B+,C-,FAIL_TRANSITIVE_MODULE,helper_reachable,runtime_transitive
terrain_waterfalls.py,detect_waterfall_lip_candidates,detect_waterfall_lip_candidates,753,function,,none,yes,4,20,terrain_twelve_step.py:488; terrain_waterfalls.py:1726,veilbreakers_terrain/tests/test_terrain_waterfalls.py:124; veilbreakers_terrain/tests/test_terrain_waterfalls.py:140; veilbreakers_terrain/tests/test_terrain_waterfalls.py:151; veilbreakers_terrain/tests/test_terrain_waterfalls.py:172; veilbreakers_terrain/tests/test_terrain_waterfalls.py:191,yes,yes,1,yes,A,B+,FAIL_TRANSITIVE_MODULE,helper_reachable,runtime_transitive
terrain_waterfalls.py,solve_waterfall_from_river,solve_waterfall_from_river,872,function,,none,yes,2,16,terrain_waterfalls.py:1741,veilbreakers_terrain/tests/test_terrain_waterfalls.py:153; veilbreakers_terrain/tests/test_terrain_waterfalls.py:173; veilbreakers_terrain/tests/test_terrain_waterfalls.py:192; veilbreakers_terrain/tests/test_terrain_waterfalls.py:288; veilbreakers_terrain/tests/test_terrain_waterfalls.py:307,yes,yes,1,yes,A,B-,FAIL_TRANSITIVE_MODULE,helper_reachable,runtime_transitive
terrain_waterfalls.py,carve_impact_pool,carve_impact_pool,1073,function,,none,yes,2,2,terrain_waterfalls.py:1750,veilbreakers_terrain/tests/test_terrain_waterfalls.py:175,yes,yes,1,yes,A-,C+,FAIL_TRANSITIVE_MODULE,helper_reachable,runtime_transitive
terrain_waterfalls.py,build_outflow_channel,build_outflow_channel,1117,function,,none,yes,2,2,terrain_waterfalls.py:1751,veilbreakers_terrain/tests/test_terrain_waterfalls.py:346,yes,yes,1,yes,B+,C,FAIL_TRANSITIVE_MODULE,helper_reachable,runtime_transitive
terrain_waterfalls.py,_fbm_lateral,_fbm_lateral,1147,function,,none,yes,2,0,terrain_waterfalls.py:1181,,no,no,0,no,,,,helper_reachable,runtime_transitive
terrain_waterfalls.py,generate_mist_zone,generate_mist_zone,1212,function,,none,yes,2,2,terrain_waterfalls.py:1763,veilbreakers_terrain/tests/test_terrain_waterfalls.py:193,yes,yes,1,yes,A,C+,"FAIL_DIRECT_BEHAVIOR,FAIL_TRANSITIVE_MODULE",helper_reachable,runtime_transitive
terrain_waterfalls.py,generate_foam_mask,generate_foam_mask,1296,function,,none,yes,4,2,terrain_waterfalls.py:1760; terrain_waterfalls.py:1794,veilbreakers_terrain/tests/test_terrain_waterfalls.py:380,yes,yes,1,yes,A,B-,FAIL_TRANSITIVE_MODULE,helper_reachable,runtime_transitive
terrain_waterfalls.py,generate_velocity_field,generate_velocity_field,1419,function,,none,yes,2,0,terrain_waterfalls.py:1776,,no,no,0,no,,,,helper_reachable,runtime_transitive
terrain_waterfalls.py,blend_velocity_to_water_body,blend_velocity_to_water_body,1474,function,,none,yes,2,0,terrain_waterfalls.py:1778,,no,no,0,no,,,,helper_reachable,runtime_transitive
terrain_waterfalls.py,validate_waterfall_system,validate_waterfall_system,1566,function,,none,yes,2,2,terrain_waterfalls.py:1828,veilbreakers_terrain/tests/test_terrain_waterfalls.py:235,yes,yes,1,yes,A-,C+,FAIL_TRANSITIVE_MODULE,helper_reachable,runtime_transitive
terrain_waterfalls.py,validate_waterfall_volumetric,validate_waterfall_volumetric,1627,function,,none,no,0,0,,,yes,yes,1,no,B,C+,FAIL_TRANSITIVE_MODULE,test_only_or_unwired,orphan_candidate
terrain_waterfalls.py,_region_slice,_region_slice,1677,function,,none,yes,2,0,terrain_waterfalls.py:1712,,yes,yes,1,no,A-,C+,FAIL_TRANSITIVE_MODULE,helper_reachable,runtime_transitive
terrain_waterfalls.py,pass_waterfalls,pass_waterfalls,1693,function,,"master_bundle_pass,module_registrar",yes,0,0,,,yes,yes,1,no,D,F,"FAIL_CONTRACT_CHANNEL,FAIL_DIRECT_BEHAVIOR,FAIL_TRANSITIVE_MODULE",runtime_primary,runtime_primary
terrain_waterfalls.py,register_bundle_c_passes,register_bundle_c_passes,1863,function,,master_registrar,yes,0,10,,veilbreakers_terrain/tests/test_terrain_waterfalls.py:246; veilbreakers_terrain/tests/test_terrain_waterfalls.py:269; veilbreakers_terrain/tests/test_terrain_waterfalls.py:319; veilbreakers_terrain/tests/test_terrain_waterfalls.py:359; veilbreakers_terrain/tests/test_wind_waterfall_poi_phase14.py:214,yes,yes,1,no,A,B+,FAIL_TRANSITIVE_MODULE,runtime_primary,runtime_primary
terrain_waterfalls.py,pass_waterfall_mist,pass_waterfall_mist,1908,function,,"master_bundle_pass,module_registrar",yes,0,8,,veilbreakers_terrain/tests/test_wind_waterfall_poi_phase14.py:157; veilbreakers_terrain/tests/test_wind_waterfall_poi_phase14.py:168; veilbreakers_terrain/tests/test_wind_waterfall_poi_phase14.py:179; veilbreakers_terrain/tests/test_wind_waterfall_poi_phase14.py:191,no,no,0,no,,,,runtime_primary,runtime_primary
terrain_waterfalls.py,register_bundle_c_mist_pass,register_bundle_c_mist_pass,1986,function,,master_registrar,yes,2,2,terrain_waterfalls.py:1886,veilbreakers_terrain/tests/test_wind_waterfall_poi_phase14.py:202,no,no,0,no,,,,runtime_primary,runtime_primary
terrain_waterfalls_volumetric.py,WaterfallVolumeBounds.as_matrix_rows,as_matrix_rows,98,method,WaterfallVolumeBounds,none,no,0,0,,,no,no,0,no,,,,orphan_candidate,orphan_candidate
terrain_waterfalls_volumetric.py,WaterfallVolumeBounds.volume_m3,volume_m3,106,method,WaterfallVolumeBounds,none,no,0,0,,,no,no,0,no,,,,orphan_candidate,orphan_candidate
terrain_waterfalls_volumetric.py,build_waterfall_volume_bounds,build_waterfall_volume_bounds,111,function,,none,no,0,0,,,no,no,0,no,,,,orphan_candidate,orphan_candidate
terrain_waterfalls_volumetric.py,build_particle_seed_zones,build_particle_seed_zones,222,function,,none,no,0,0,,,no,no,0,no,,,,orphan_candidate,orphan_candidate
terrain_waterfalls_volumetric.py,WaterfallFunctionalObjects.as_list,as_list,345,method,WaterfallFunctionalObjects,none,no,0,0,,,yes,yes,1,no,A,C+,FAIL_NONE,helper_reachable,orphan_candidate
terrain_waterfalls_volumetric.py,build_waterfall_functional_object_names,build_waterfall_functional_object_names,369,function,,none,yes,2,10,environment.py:2880,veilbreakers_terrain/tests/test_bundle_bcd_supplements.py:190; veilbreakers_terrain/tests/test_bundle_bcd_supplements.py:200; veilbreakers_terrain/tests/test_bundle_bcd_supplements.py:271; veilbreakers_terrain/tests/test_bundle_bcd_supplements.py:277; veilbreakers_terrain/tests/test_bundle_bcd_supplements.py:295,yes,yes,1,no,A,B+,FAIL_NONE,helper_reachable,runtime_transitive
terrain_waterfalls_volumetric.py,validate_waterfall_volumetric,validate_waterfall_volumetric,392,function,,none,no,0,8,,veilbreakers_terrain/tests/test_bundle_bcd_supplements.py:206; veilbreakers_terrain/tests/test_bundle_bcd_supplements.py:217; veilbreakers_terrain/tests/test_bundle_bcd_supplements.py:227; veilbreakers_terrain/tests/test_bundle_bcd_supplements.py:237,yes,yes,1,yes,A-,B+,FAIL_NONE,test_only_or_unwired,test_only_or_unwired
terrain_waterfalls_volumetric.py,validate_waterfall_volume_bounds,validate_waterfall_volume_bounds,483,function,,none,no,0,0,,,no,no,0,no,,,,orphan_candidate,orphan_candidate
terrain_waterfalls_volumetric.py,validate_particle_seed_zones,validate_particle_seed_zones,579,function,,none,no,0,0,,,no,no,0,no,,,,orphan_candidate,orphan_candidate
terrain_waterfalls_volumetric.py,validate_waterfall_anchor_screen_space,validate_waterfall_anchor_screen_space,659,function,,none,no,0,6,,veilbreakers_terrain/tests/test_bundle_bcd_supplements.py:244; veilbreakers_terrain/tests/test_bundle_bcd_supplements.py:254; veilbreakers_terrain/tests/test_bundle_bcd_supplements.py:264,yes,yes,1,yes,A-,B-,FAIL_NONE,test_only_or_unwired,test_only_or_unwired
terrain_waterfalls_volumetric.py,enforce_functional_object_naming,enforce_functional_object_naming,738,function,,none,yes,2,8,environment.py:2903,veilbreakers_terrain/tests/test_bundle_bcd_supplements.py:272; veilbreakers_terrain/tests/test_bundle_bcd_supplements.py:280; veilbreakers_terrain/tests/test_bundle_bcd_supplements.py:290; veilbreakers_terrain/tests/test_bundle_bcd_supplements.py:298,yes,yes,1,yes,A-,B+,FAIL_NONE,helper_reachable,runtime_transitive
terrain_weathering_timeline.py,generate_weathering_timeline,generate_weathering_timeline,31,function,,none,no,0,10,,veilbreakers_terrain/tests/test_bundle_pq.py:255; veilbreakers_terrain/tests/test_bundle_pq.py:256; veilbreakers_terrain/tests/test_bundle_pq.py:263; veilbreakers_terrain/tests/test_bundle_pq.py:264; veilbreakers_terrain/tests/test_bundle_pq.py:268,yes,yes,1,no,B+,C,FAIL_NONE,test_only_or_unwired,test_only_or_unwired
terrain_weathering_timeline.py,apply_weathering_event,apply_weathering_event,60,function,,none,no,0,8,,veilbreakers_terrain/tests/test_bundle_pq.py:274; veilbreakers_terrain/tests/test_bundle_pq.py:281; veilbreakers_terrain/tests/test_bundle_pq.py:288; veilbreakers_terrain/tests/test_bundle_pq.py:294,yes,yes,1,yes,B+,C+,FAIL_NONE,test_only_or_unwired,test_only_or_unwired
terrain_wildlife_zones.py,_window_score,_window_score,84,function,,none,yes,4,0,terrain_wildlife_zones.py:288; terrain_wildlife_zones.py:289,,yes,yes,1,no,B+,D+,FAIL_NONE,helper_reachable,runtime_transitive
terrain_wildlife_zones.py,_distance_to_mask,_distance_to_mask,96,function,,none,yes,4,0,terrain_wildlife_zones.py:234; terrain_wildlife_zones.py:246,,yes,yes,1,yes,B+,C+,FAIL_NONE,helper_reachable,runtime_transitive
terrain_wildlife_zones.py,compute_wildlife_affinity,compute_wildlife_affinity,168,function,,none,yes,2,4,terrain_wildlife_zones.py:437,veilbreakers_terrain/tests/test_terrain_ecosystem.py:150; veilbreakers_terrain/tests/test_terrain_ecosystem.py:183,yes,yes,1,yes,B+,C+,FAIL_NONE,helper_reachable,runtime_transitive
terrain_wildlife_zones.py,pass_wildlife_zones,pass_wildlife_zones,405,function,,"master_bundle_pass,module_registrar",yes,0,4,,veilbreakers_terrain/tests/test_terrain_ecosystem.py:162; veilbreakers_terrain/tests/test_terrain_ecosystem.py:692,yes,yes,1,yes,B+,B-,FAIL_NONE,registrar_declared_only,runtime_primary
terrain_wildlife_zones.py,register_bundle_j_wildlife_zones_pass,register_bundle_j_wildlife_zones_pass,485,function,,master_registrar,yes,2,2,terrain_bundle_j.py:54,veilbreakers_terrain/tests/test_phase14_wave1.py:91,yes,yes,1,no,A-,B,FAIL_NONE,helper_reachable,runtime_primary
terrain_wind_erosion.py,_shift_with_edge_repeat,_shift_with_edge_repeat,31,function,,none,no,4,0,terrain_wind_erosion.py:139; terrain_wind_erosion.py:140,,yes,yes,1,no,A,C+,FAIL_NONE,helper_reachable,module_local_helper
terrain_wind_erosion.py,apply_wind_erosion,apply_wind_erosion,82,function,,none,no,2,16,terrain_wind_erosion.py:357,veilbreakers_terrain/tests/test_terrain_geology.py:257; veilbreakers_terrain/tests/test_terrain_geology.py:266; veilbreakers_terrain/tests/test_terrain_geology.py:276; veilbreakers_terrain/tests/test_wind_waterfall_poi_phase14.py:72; veilbreakers_terrain/tests/test_wind_waterfall_poi_phase14.py:73,yes,yes,1,yes,B+,C+,FAIL_NONE,helper_reachable,module_local_helper
terrain_wind_erosion.py,generate_dunes,generate_dunes,190,function,,none,no,2,4,terrain_wind_erosion.py:366,veilbreakers_terrain/tests/test_terrain_geology.py:284; veilbreakers_terrain/tests/test_terrain_geology.py:285,yes,yes,1,yes,B+,C+,FAIL_NONE,helper_reachable,module_local_helper
terrain_wind_erosion.py,pass_wind_erosion,pass_wind_erosion,329,function,,none,no,0,2,,veilbreakers_terrain/tests/test_terrain_geology.py:296,yes,yes,1,no,C+,C-,FAIL_NONE,test_only_or_unwired,test_only_or_unwired
terrain_wind_field.py,_perlin_gradient_field,_perlin_gradient_field,25,function,,none,yes,4,0,terrain_wind_field.py:188; terrain_wind_field.py:217,,no,no,0,no,,,,helper_reachable,runtime_transitive
terrain_wind_field.py,_wang,_wang,86,function,,none,yes,6,0,terrain_wind_field.py:92,,no,no,0,no,,,,helper_reachable,runtime_transitive
terrain_wind_field.py,_fade,_fade,111,function,,none,yes,4,0,terrain_wind_field.py:114; terrain_wind_field.py:115,,no,no,0,no,,,,helper_reachable,runtime_transitive
terrain_wind_field.py,_dot_grad,_dot_grad,125,function,,none,yes,8,0,terrain_wind_field.py:133; terrain_wind_field.py:134; terrain_wind_field.py:135; terrain_wind_field.py:136,,no,no,0,no,,,,helper_reachable,runtime_transitive
terrain_wind_field.py,_spectral_wind_noise,_spectral_wind_noise,151,function,,none,yes,4,0,terrain_wind_field.py:291; terrain_wind_field.py:296,,no,no,0,no,,,,helper_reachable,runtime_transitive
terrain_wind_field.py,_perlin_like_field,_perlin_like_field,205,function,,none,no,0,8,,veilbreakers_terrain/tests/test_wind_waterfall_poi_phase14.py:116; veilbreakers_terrain/tests/test_wind_waterfall_poi_phase14.py:119; veilbreakers_terrain/tests/test_wind_waterfall_poi_phase14.py:133; veilbreakers_terrain/tests/test_wind_waterfall_poi_phase14.py:140,yes,yes,1,no,B+,C,FAIL_NONE,test_only_or_unwired,test_only_or_unwired
terrain_wind_field.py,compute_wind_field,compute_wind_field,224,function,,none,yes,2,28,terrain_wind_field.py:326,veilbreakers_terrain/tests/test_terrain_ecosystem.py:230; veilbreakers_terrain/tests/test_terrain_ecosystem.py:238; veilbreakers_terrain/tests/test_terrain_wind_field.py:38; veilbreakers_terrain/tests/test_terrain_wind_field.py:49; veilbreakers_terrain/tests/test_terrain_wind_field.py:50,yes,yes,1,no,B,C,FAIL_NONE,helper_reachable,runtime_transitive
terrain_wind_field.py,pass_wind_field,pass_wind_field,310,function,,"master_bundle_pass,module_registrar",yes,0,2,,veilbreakers_terrain/tests/test_terrain_ecosystem.py:252,yes,yes,1,no,A-,B,FAIL_NONE,registrar_declared_only,runtime_primary
terrain_wind_field.py,register_bundle_j_wind_field_pass,register_bundle_j_wind_field_pass,347,function,,master_registrar,yes,2,0,terrain_bundle_j.py:56,,yes,yes,1,no,A,B,FAIL_NONE,helper_reachable,runtime_primary
terrain_world_math.py,theoretical_max_amplitude,theoretical_max_amplitude,20,function,,none,no,0,6,,veilbreakers_terrain/tests/test_adjacent_tile_contract.py:136; veilbreakers_terrain/tests/test_adjacent_tile_contract.py:137; veilbreakers_terrain/tests/test_adjacent_tile_contract.py:146,yes,yes,1,no,,SCOPE_EXEMPT,FAIL_NONE,test_only_or_unwired,test_only_or_unwired
terrain_world_math.py,TileTransform.to_dict,to_dict,62,method,TileTransform,none,no,0,0,,,yes,yes,1,no,A,C+,FAIL_NONE,helper_reachable,orphan_candidate
terrain_world_math.py,compute_erosion_params_for_world_range,compute_erosion_params_for_world_range,79,function,,none,no,2,0,terrain_twelve_step.py:894,,yes,yes,1,no,A,C+,FAIL_NONE,helper_reachable,cross_module_helper
vegetation_lsystem.py,expand_lsystem,expand_lsystem,200,function,,none,no,2,0,vegetation_lsystem.py:1092,,yes,yes,1,yes,A,C+,FAIL_NONE,helper_reachable,module_local_helper
vegetation_lsystem.py,_rotate_vector,_rotate_vector,287,function,,none,no,12,0,vegetation_lsystem.py:587; vegetation_lsystem.py:597; vegetation_lsystem.py:612; vegetation_lsystem.py:628; vegetation_lsystem.py:633,,yes,yes,1,yes,A,C+,FAIL_NONE,helper_reachable,module_local_helper
vegetation_lsystem.py,_TurtleState.copy,copy,335,method,_TurtleState,none,no,1,0,vegetation_lsystem.py:641,,yes,yes,1,yes,A,C+,FAIL_NONE,helper_reachable,module_local_helper
vegetation_lsystem.py,_reorthogonalize,_reorthogonalize,379,function,,none,no,4,0,vegetation_lsystem.py:578; vegetation_lsystem.py:659,,no,no,0,no,,,,helper_reachable,module_local_helper
vegetation_lsystem.py,interpret_lsystem,interpret_lsystem,424,function,,none,no,2,0,vegetation_lsystem.py:1095,,yes,yes,1,yes,A,C+,FAIL_NONE,helper_reachable,module_local_helper
vegetation_lsystem.py,_generate_cylinder_ring,_generate_cylinder_ring,685,function,,none,no,4,0,vegetation_lsystem.py:809; vegetation_lsystem.py:813,,yes,yes,1,yes,A,C+,FAIL_NONE,helper_reachable,module_local_helper
vegetation_lsystem.py,branches_to_mesh,branches_to_mesh,742,function,,none,no,2,0,vegetation_lsystem.py:1119,,yes,yes,1,yes,A,C+,FAIL_NONE,helper_reachable,module_local_helper
vegetation_lsystem.py,_add_edge,_add_edge,781,function,,none,no,8,0,vegetation_lsystem.py:835; vegetation_lsystem.py:836; vegetation_lsystem.py:838; vegetation_lsystem.py:839,,no,no,0,no,,,,helper_reachable,module_local_helper
vegetation_lsystem.py,generate_roots,generate_roots,877,function,,none,no,2,0,vegetation_lsystem.py:1110,,yes,yes,1,yes,A,C+,FAIL_NONE,helper_reachable,module_local_helper
vegetation_lsystem.py,generate_lsystem_tree,generate_lsystem_tree,1034,function,,none,no,2,0,_mesh_bridge.py:231,,yes,yes,1,yes,A,C+,FAIL_NONE,helper_reachable,cross_module_helper
vegetation_lsystem.py,generate_leaf_cards,generate_leaf_cards,1175,function,,none,no,2,0,_mesh_bridge.py:264,,no,no,0,no,,,,helper_reachable,cross_module_helper
vegetation_lsystem.py,bake_wind_vertex_colors,bake_wind_vertex_colors,1314,function,,none,no,0,0,,,yes,yes,1,yes,B+,C-,FAIL_NONE,orphan_candidate,orphan_candidate
vegetation_lsystem.py,_compute_impostor_atlas_views,_compute_impostor_atlas_views,1488,function,,none,yes,2,0,vegetation_lsystem.py:1666,,no,no,0,no,,,,helper_reachable,runtime_transitive
vegetation_lsystem.py,_quad_normal,_quad_normal,1579,function,,none,no,0,0,,,no,no,0,no,,,,orphan_candidate,orphan_candidate
vegetation_lsystem.py,generate_billboard_impostor,generate_billboard_impostor,1594,function,,none,yes,2,0,lod_pipeline.py:1842,,yes,yes,1,yes,A,C+,FAIL_NONE,helper_reachable,runtime_transitive
vegetation_lsystem.py,_euler_deg_to_quaternion,_euler_deg_to_quaternion,1857,function,,none,no,2,0,vegetation_lsystem.py:2025,,no,no,0,no,,,,helper_reachable,module_local_helper
vegetation_lsystem.py,_compute_species_bounds_radius,_compute_species_bounds_radius,1897,function,,none,no,2,0,vegetation_lsystem.py:2082,,no,no,0,no,,,,helper_reachable,module_local_helper
vegetation_lsystem.py,prepare_gpu_instancing_export,prepare_gpu_instancing_export,1929,function,,none,no,0,0,,,yes,yes,1,yes,A,C+,FAIL_NONE,orphan_candidate,orphan_candidate
vegetation_system.py,_max_slope_for_category,_max_slope_for_category,269,function,,none,yes,2,0,vegetation_system.py:546,,yes,yes,1,no,A,C+,FAIL_NONE,helper_reachable,runtime_transitive
vegetation_system.py,compute_vegetation_placement,compute_vegetation_placement,284,function,,none,yes,4,0,vegetation_system.py:932; vegetation_system.py:1001,,yes,yes,1,yes,B+,C-,FAIL_NONE,helper_reachable,runtime_transitive
vegetation_system.py,_sample_terrain,_sample_terrain,393,function,,none,yes,2,0,vegetation_system.py:498,,no,no,0,no,,,,helper_reachable,runtime_transitive
vegetation_system.py,_competition_blocked,_competition_blocked,469,function,,none,yes,2,0,vegetation_system.py:552,,no,no,0,no,,,,helper_reachable,runtime_transitive
vegetation_system.py,_register_placed,_register_placed,484,function,,none,yes,2,0,vegetation_system.py:576,,no,no,0,no,,,,helper_reachable,runtime_transitive
vegetation_system.py,compute_wind_vertex_colors,compute_wind_vertex_colors,581,function,,none,yes,2,0,vegetation_system.py:1045,,yes,yes,1,no,B+,D+,FAIL_NONE,helper_reachable,runtime_transitive
vegetation_system.py,get_seasonal_variant,get_seasonal_variant,663,function,,none,no,0,0,,,yes,yes,1,no,B+,D+,FAIL_NONE,orphan_candidate,orphan_candidate
vegetation_system.py,_create_biome_vegetation_template,_create_biome_vegetation_template,740,function,,none,yes,2,0,vegetation_system.py:1039,,yes,yes,1,no,B+,D+,FAIL_NONE,helper_reachable,runtime_transitive
vegetation_system.py,build_vegetation_placement_spec,build_vegetation_placement_spec,762,function,,none,yes,4,0,vegetation_system.py:949; vegetation_system.py:1019,,no,no,0,no,,,,helper_reachable,runtime_transitive
vegetation_system.py,scatter_biome_vegetation,scatter_biome_vegetation,860,function,,command_handler,yes,2,0,environment.py:6795,,yes,yes,1,yes,B+,B-,FAIL_NONE,runtime_primary,runtime_primary
vertex_paint_live.py,_smoothstep,_smoothstep,17,function,,none,no,4,0,vertex_paint_live.py:47; vertex_paint_live.py:59,,no,no,0,no,,,,helper_reachable,module_local_helper
vertex_paint_live.py,_dist3d,_dist3d,22,function,,none,no,0,0,,,no,no,0,no,,,,orphan_candidate,orphan_candidate
vertex_paint_live.py,_dist2d,_dist2d,28,function,,none,no,0,0,,,no,no,0,no,,,,helper_reachable,orphan_candidate
vertex_paint_live.py,_falloff_weight,_falloff_weight,32,function,,none,no,0,0,,,no,no,0,no,,,,orphan_candidate,orphan_candidate
vertex_paint_live.py,compute_paint_weights,compute_paint_weights,62,function,,none,yes,2,22,__init__.py:377,veilbreakers_terrain/tests/test_missing_gaps.py:38; veilbreakers_terrain/tests/test_missing_gaps.py:48; veilbreakers_terrain/tests/test_missing_gaps.py:58; veilbreakers_terrain/tests/test_missing_gaps.py:67; veilbreakers_terrain/tests/test_missing_gaps.py:76,yes,yes,1,yes,B+,B-,FAIL_NONE,helper_reachable,runtime_transitive
vertex_paint_live.py,compute_paint_weights_uv,compute_paint_weights_uv,112,function,,none,yes,2,4,__init__.py:385,veilbreakers_terrain/tests/test_missing_gaps.py:144; veilbreakers_terrain/tests/test_missing_gaps.py:153,yes,yes,1,yes,B+,B-,FAIL_NONE,helper_reachable,runtime_transitive
vertex_paint_live.py,blend_colors,blend_colors,160,function,,none,yes,2,24,__init__.py:393,veilbreakers_terrain/tests/test_missing_gaps.py:166; veilbreakers_terrain/tests/test_missing_gaps.py:176; veilbreakers_terrain/tests/test_missing_gaps.py:186; veilbreakers_terrain/tests/test_missing_gaps.py:196; veilbreakers_terrain/tests/test_missing_gaps.py:207,yes,yes,1,yes,B+,B-,FAIL_NONE,helper_reachable,runtime_transitive
vertex_paint_live.py,_clamp,_clamp,184,function,,none,yes,2,0,vertex_paint_live.py:217,,no,no,0,no,,,,helper_reachable,runtime_transitive
vertex_paint_live.py,blend_colors_array,blend_colors_array,220,function,,none,no,0,0,,,no,no,0,no,,,,orphan_candidate,orphan_candidate
weathering.py,_stage_weight,_stage_weight,116,function,,none,yes,2,0,weathering.py:436,,yes,yes,1,yes,A,C+,FAIL_NONE,helper_reachable,runtime_transitive
weathering.py,_compute_bounding_box,_compute_bounding_box,144,function,,none,yes,2,2,weathering.py:555,veilbreakers_terrain/tests/test_performance_optimization.py:343,yes,yes,1,yes,A,B,FAIL_NONE,helper_reachable,runtime_transitive
weathering.py,_compute_edge_convexity,_compute_edge_convexity,172,function,,none,yes,2,0,weathering.py:379,,yes,yes,1,yes,A-,C,FAIL_NONE,helper_reachable,runtime_transitive
weathering.py,_compute_slope_aspect,_compute_slope_aspect,205,function,,none,yes,2,0,weathering.py:388,,yes,yes,1,yes,A,C+,FAIL_NONE,helper_reachable,runtime_transitive
weathering.py,_smooth_channel,_smooth_channel,230,function,,none,yes,2,0,weathering.py:419,,yes,yes,1,yes,A,C+,FAIL_NONE,helper_reachable,runtime_transitive
weathering.py,compute_weathered_vertex_colors,compute_weathered_vertex_colors,300,function,,none,yes,2,6,__init__.py:439,veilbreakers_terrain/tests/test_performance_optimization.py:321; veilbreakers_terrain/tests/test_performance_optimization.py:322; veilbreakers_terrain/tests/test_performance_optimization.py:364,yes,yes,1,yes,A-,B,FAIL_NONE,helper_reachable,runtime_transitive
weathering.py,apply_structural_settling,apply_structural_settling,469,function,,none,yes,2,4,__init__.py:446,veilbreakers_terrain/tests/test_performance_optimization.py:342; veilbreakers_terrain/tests/test_performance_optimization.py:344,yes,yes,1,yes,A-,B,FAIL_NONE,helper_reachable,runtime_transitive
world_map.py,_dist2d,_dist2d,298,function,,none,yes,12,0,world_map.py:305; world_map.py:307; world_map.py:389; world_map.py:392; world_map.py:431,,no,no,0,no,,,,helper_reachable,runtime_transitive
world_map.py,_nearest_region,_nearest_region,302,function,,none,yes,2,0,world_map.py:545,,no,no,0,no,,,,helper_reachable,runtime_transitive
world_map.py,_place_seed_points,_place_seed_points,314,function,,none,yes,2,0,world_map.py:511,,no,no,0,no,,,,helper_reachable,runtime_transitive
world_map.py,_compute_voronoi_bounds,_compute_voronoi_bounds,337,function,,none,yes,2,0,world_map.py:522,,no,no,0,no,,,,helper_reachable,runtime_transitive
world_map.py,_build_connections,_build_connections,411,function,,none,yes,2,0,world_map.py:535,,no,no,0,no,,,,helper_reachable,runtime_transitive
world_map.py,generate_world_map,generate_world_map,484,function,,none,yes,2,44,__init__.py:248,veilbreakers_terrain/tests/test_world_map_light_atmosphere.py:23; veilbreakers_terrain/tests/test_world_map_light_atmosphere.py:32; veilbreakers_terrain/tests/test_world_map_light_atmosphere.py:38; veilbreakers_terrain/tests/test_world_map_light_atmosphere.py:44; veilbreakers_terrain/tests/test_world_map_light_atmosphere.py:57,yes,yes,1,yes,B+,B-,FAIL_NONE,helper_reachable,runtime_transitive
world_map.py,world_map_to_dict,world_map_to_dict,565,function,,none,yes,2,4,__init__.py:254,veilbreakers_terrain/tests/test_world_map_light_atmosphere.py:144; veilbreakers_terrain/tests/test_world_map_light_atmosphere.py:160,yes,yes,1,no,A,B+,FAIL_NONE,helper_reachable,runtime_transitive
world_map.py,place_landmarks,place_landmarks,605,function,,none,no,0,12,,veilbreakers_terrain/tests/test_world_map_light_atmosphere.py:267; veilbreakers_terrain/tests/test_world_map_light_atmosphere.py:276; veilbreakers_terrain/tests/test_world_map_light_atmosphere.py:284; veilbreakers_terrain/tests/test_world_map_light_atmosphere.py:297; veilbreakers_terrain/tests/test_world_map_light_atmosphere.py:306,yes,yes,1,no,B+,B-,FAIL_NONE,test_only_or_unwired,test_only_or_unwired
world_map.py,generate_storytelling_scene,generate_storytelling_scene,658,function,,none,no,0,12,,veilbreakers_terrain/tests/test_world_map_light_atmosphere.py:333; veilbreakers_terrain/tests/test_world_map_light_atmosphere.py:345; veilbreakers_terrain/tests/test_world_map_light_atmosphere.py:350; veilbreakers_terrain/tests/test_world_map_light_atmosphere.py:363; veilbreakers_terrain/tests/test_world_map_light_atmosphere.py:378,yes,yes,1,no,B+,B-,FAIL_NONE,test_only_or_unwired,test_only_or_unwired
