File,Callable,SimpleName,Line,Kind,Grade,GradeMatchStatus,GradeMatchMode,DomainTags,IsToolOrBlenderCallable,EvidenceTypes,EvidenceScore,EvidenceFiles,RiskLevel,FalseGradeFlag,RequiredNextEvidence
_biome_grammar.py,resolve_biome_name,resolve_biome_name,46,function,C,GRADED,file_qualified,blender_tool;materials_texturing;geometry_mesh;scatter_ecology,True,direct_test;module_test;live_probe,9,veilbreakers_terrain/tests/test_biome_grammar.py;veilbreakers_terrain/tests/test_terrain_features_phase14.py,LOW,False,
_biome_grammar.py,generate_world_map_spec,generate_world_map_spec,130,function,A-,GRADED,file_qualified,blender_tool;materials_texturing;geometry_mesh;scatter_ecology,True,direct_test;module_test;live_probe,10,veilbreakers_terrain/tests/test_biome_grammar.py;veilbreakers_terrain/tests/test_terrain_features_phase14.py,LOW,False,
_biome_grammar.py,_generate_corruption_map,_generate_corruption_map,288,function,B,GRADED,file_qualified,blender_tool;materials_texturing;geometry_mesh;scatter_ecology,True,module_test;live_probe,5,veilbreakers_terrain/tests/test_biome_grammar.py;veilbreakers_terrain/tests/test_terrain_features_phase14.py,LOW,False,direct_behavior_test;material_texture_contract_test
_biome_grammar.py,_box_filter_2d,_box_filter_2d,390,function,A,GRADED,file_qualified,blender_tool;materials_texturing;geometry_mesh;scatter_ecology,True,module_test;live_probe,6,veilbreakers_terrain/tests/test_biome_grammar.py;veilbreakers_terrain/tests/test_terrain_features_phase14.py,LOW,False,direct_behavior_test;material_texture_contract_test
_biome_grammar.py,_distance_from_mask,_distance_from_mask,473,function,A,GRADED,file_qualified,blender_tool;materials_texturing;geometry_mesh;scatter_ecology,True,module_test;live_probe,6,veilbreakers_terrain/tests/test_biome_grammar.py;veilbreakers_terrain/tests/test_terrain_features_phase14.py,LOW,False,direct_behavior_test;material_texture_contract_test
_biome_grammar.py,apply_periglacial_patterns,apply_periglacial_patterns,558,function,A,GRADED,file_qualified,blender_tool;materials_texturing;geometry_mesh;scatter_ecology,True,direct_test;module_test;live_probe,10,veilbreakers_terrain/tests/test_biome_grammar.py;veilbreakers_terrain/tests/test_terrain_features_phase14.py,LOW,False,
_biome_grammar.py,apply_desert_pavement,apply_desert_pavement,684,function,A,GRADED,file_qualified,blender_tool;materials_texturing;geometry_mesh;scatter_ecology,True,module_test;live_probe,6,veilbreakers_terrain/tests/test_biome_grammar.py;veilbreakers_terrain/tests/test_terrain_features_phase14.py,LOW,False,direct_behavior_test;material_texture_contract_test
_biome_grammar.py,compute_spring_line_mask,compute_spring_line_mask,839,function,B+,GRADED,file_qualified,blender_tool;materials_texturing;geometry_mesh;scatter_ecology,True,module_test;live_probe,6,veilbreakers_terrain/tests/test_biome_grammar.py;veilbreakers_terrain/tests/test_terrain_features_phase14.py,LOW,False,direct_behavior_test;material_texture_contract_test
_biome_grammar.py,apply_landslide_scars,apply_landslide_scars,941,function,A,GRADED,file_qualified,blender_tool;materials_texturing;geometry_mesh;scatter_ecology,True,direct_test;module_test;live_probe,10,veilbreakers_terrain/tests/test_biome_grammar.py;veilbreakers_terrain/tests/test_terrain_features_phase14.py,LOW,False,
_biome_grammar.py,apply_hot_spring_features,apply_hot_spring_features,1099,function,B+,GRADED,file_qualified,blender_tool;materials_texturing;geometry_mesh;scatter_ecology,True,direct_test;module_test;live_probe,10,veilbreakers_terrain/tests/test_biome_grammar.py;veilbreakers_terrain/tests/test_terrain_features_phase14.py,LOW,False,
_biome_grammar.py,apply_reef_platform,apply_reef_platform,1256,function,A,GRADED,file_qualified,blender_tool;materials_texturing;geometry_mesh;scatter_ecology,True,module_test;live_probe,6,veilbreakers_terrain/tests/test_biome_grammar.py;veilbreakers_terrain/tests/test_terrain_features_phase14.py,LOW,False,direct_behavior_test;material_texture_contract_test
_biome_grammar.py,apply_tafoni_weathering,apply_tafoni_weathering,1440,function,A,GRADED,file_qualified,blender_tool;materials_texturing;geometry_mesh;scatter_ecology,True,direct_test;module_test;live_probe,10,veilbreakers_terrain/tests/test_biome_grammar.py;veilbreakers_terrain/tests/test_terrain_features_phase14.py,LOW,False,
_biome_grammar.py,apply_geological_folds,apply_geological_folds,1707,function,A,GRADED,file_qualified,blender_tool;materials_texturing;geometry_mesh;scatter_ecology,True,module_test;live_probe,6,veilbreakers_terrain/tests/test_biome_grammar.py;veilbreakers_terrain/tests/test_terrain_features_phase14.py,LOW,False,direct_behavior_test;material_texture_contract_test
_bridge_mesh.py,_resolved_bridge_style,_resolved_bridge_style,21,function,D+,GRADED,file_qualified,blender_tool;materials_texturing;geometry_mesh;pipeline_wiring,True,direct_test;module_test;live_probe,9,veilbreakers_terrain/tests/test_callable_evidence_bridge_vegetation.py,LOW,False,
_bridge_mesh.py,_bridge_material_slots,_bridge_material_slots,36,function,D+,GRADED,file_qualified,blender_tool;materials_texturing;geometry_mesh;pipeline_wiring,True,direct_test;module_test;live_probe,9,veilbreakers_terrain/tests/test_callable_evidence_bridge_vegetation.py,LOW,False,
_bridge_mesh.py,_bridge_profile,_bridge_profile,63,function,D+,GRADED,file_qualified,blender_tool;materials_texturing;geometry_mesh;pipeline_wiring,True,direct_test;module_test;live_probe,9,veilbreakers_terrain/tests/test_callable_evidence_bridge_vegetation.py,LOW,False,
_bridge_mesh.py,_polyline_length,_polyline_length,104,function,D+,GRADED,file_qualified,blender_tool;materials_texturing;geometry_mesh;pipeline_wiring,True,direct_test;module_test;live_probe,9,veilbreakers_terrain/tests/test_callable_evidence_bridge_vegetation.py;veilbreakers_terrain/tests/test_water_network_upgrade.py,LOW,False,
_bridge_mesh.py,_resample_centerline,_resample_centerline,108,function,D+,GRADED,file_qualified,blender_tool;materials_texturing;geometry_mesh;pipeline_wiring,True,direct_test;module_test;live_probe,9,veilbreakers_terrain/tests/test_callable_evidence_bridge_vegetation.py,LOW,False,
_bridge_mesh.py,_frame_at,_frame_at,127,function,D+,GRADED,file_qualified,blender_tool;materials_texturing;geometry_mesh;pipeline_wiring,True,direct_test;module_test;live_probe,9,veilbreakers_terrain/tests/test_callable_evidence_bridge_vegetation.py,LOW,False,
_bridge_mesh.py,_oriented_box,_oriented_box,146,function,D+,GRADED,file_qualified,blender_tool;materials_texturing;geometry_mesh;pipeline_wiring,True,direct_test;module_test;live_probe,9,veilbreakers_terrain/tests/test_callable_evidence_bridge_vegetation.py,LOW,False,
_bridge_mesh.py,_append_part,_append_part,182,function,D+,GRADED,file_qualified,blender_tool;materials_texturing;geometry_mesh;pipeline_wiring,True,direct_test;module_test;live_probe,9,veilbreakers_terrain/tests/test_callable_evidence_bridge_vegetation.py,LOW,False,
_bridge_mesh.py,_append_swept_rail,_append_swept_rail,193,function,D+,GRADED,file_qualified,blender_tool;materials_texturing;geometry_mesh;pipeline_wiring,True,direct_test;module_test;live_probe,9,veilbreakers_terrain/tests/test_callable_evidence_bridge_vegetation.py,LOW,False,
_bridge_mesh.py,_append_swept_tube,_append_swept_tube,239,function,D+,GRADED,file_qualified,blender_tool;materials_texturing;geometry_mesh;pipeline_wiring,True,direct_test;module_test;live_probe,9,veilbreakers_terrain/tests/test_callable_evidence_bridge_vegetation.py,LOW,False,
_bridge_mesh.py,_generate_swept_centerline_bridge_mesh,_generate_swept_centerline_bridge_mesh,268,function,D+,GRADED,file_qualified,blender_tool;materials_texturing;geometry_mesh;pipeline_wiring,True,direct_test;module_test;live_probe,9,veilbreakers_terrain/tests/test_callable_evidence_bridge_vegetation.py,LOW,False,
_bridge_mesh.py,_generate_straight_bridge_mesh,_generate_straight_bridge_mesh,837,function,D+,GRADED,file_qualified,blender_tool;materials_texturing;geometry_mesh;pipeline_wiring,True,module_test;live_probe,5,veilbreakers_terrain/tests/test_callable_evidence_bridge_vegetation.py,LOW,False,direct_behavior_test;material_texture_contract_test
_bridge_mesh.py,generate_terrain_bridge_mesh,generate_terrain_bridge_mesh,895,function,A-,GRADED,file_qualified,blender_tool;materials_texturing;geometry_mesh;pipeline_wiring,True,direct_test;module_test;live_probe,10,veilbreakers_terrain/tests/test_callable_evidence_bridge_vegetation.py;veilbreakers_terrain/tests/test_terrain_depth.py,LOW,False,
_mesh_bridge.py,_lsystem_tree_generator,_lsystem_tree_generator,220,function,B+,GRADED,file_qualified,blender_tool;geometry_mesh;scatter_ecology,True,module_test;live_probe,6,veilbreakers_terrain/tests/test_environment_scatter_handlers.py;veilbreakers_terrain/tests/test_mesh_bridge_lod_helpers.py,LOW,False,direct_behavior_test
_mesh_bridge.py,get_material_for_category,get_material_for_category,528,function,A,GRADED,file_qualified,blender_tool;materials_texturing;geometry_mesh;scatter_ecology,True,module_test;live_probe,6,veilbreakers_terrain/tests/test_environment_scatter_handlers.py;veilbreakers_terrain/tests/test_mesh_bridge_lod_helpers.py,LOW,False,direct_behavior_test;material_texture_contract_test
_mesh_bridge.py,_face_normal,_face_normal,545,function,A,GRADED,file_qualified,blender_tool;geometry_mesh;scatter_ecology,True,direct_test;module_test;live_probe,10,veilbreakers_terrain/tests/test_environment_scatter_handlers.py;veilbreakers_terrain/tests/test_lod_material_live_readiness.py;veilbreakers_terrain/tests/test_mesh_bridge_lod_helpers.py,LOW,False,
_mesh_bridge.py,_dot3,_dot3,564,function,B,GRADED,file_qualified,blender_tool;geometry_mesh;scatter_ecology,True,module_test;live_probe,5,veilbreakers_terrain/tests/test_environment_scatter_handlers.py;veilbreakers_terrain/tests/test_mesh_bridge_lod_helpers.py,LOW,False,direct_behavior_test
_mesh_bridge.py,post_boolean_cleanup,post_boolean_cleanup,568,function,B-,GRADED,file_qualified,blender_tool;geometry_mesh;scatter_ecology,True,module_test;live_probe,5,veilbreakers_terrain/tests/test_environment_scatter_handlers.py;veilbreakers_terrain/tests/test_mesh_bridge_lod_helpers.py,LOW,False,direct_behavior_test
_mesh_bridge.py,resolve_generator,resolve_generator,956,function,A,GRADED,file_qualified,blender_tool;geometry_mesh;scatter_ecology,True,module_test;live_probe,6,veilbreakers_terrain/tests/test_environment_scatter_handlers.py;veilbreakers_terrain/tests/test_mesh_bridge_lod_helpers.py,LOW,False,direct_behavior_test
_mesh_bridge.py,_compute_aabb,_compute_aabb,979,function,A,GRADED,file_qualified,blender_tool;geometry_mesh;scatter_ecology,True,direct_test;module_test;live_probe,10,veilbreakers_terrain/tests/test_environment_scatter_handlers.py;veilbreakers_terrain/tests/test_mesh_bridge_lod_helpers.py,LOW,False,
_mesh_bridge.py,_cluster_vertices,_cluster_vertices,994,function,A,GRADED,file_qualified,blender_tool;geometry_mesh;scatter_ecology,True,direct_test;module_test;live_probe,10,veilbreakers_terrain/tests/test_environment_scatter_handlers.py;veilbreakers_terrain/tests/test_mesh_bridge_lod_helpers.py,LOW,False,
_mesh_bridge.py,_make_billboard_spec,_make_billboard_spec,1051,function,A,GRADED,file_qualified,blender_tool;geometry_mesh;scatter_ecology,True,direct_test;module_test;live_probe,10,veilbreakers_terrain/tests/test_environment_scatter_handlers.py;veilbreakers_terrain/tests/test_mesh_bridge_lod_helpers.py,LOW,False,
_mesh_bridge.py,generate_lod_specs,generate_lod_specs,1149,function,B+,GRADED,file_qualified,blender_tool;geometry_mesh;scatter_ecology,True,module_test;live_probe,6,veilbreakers_terrain/tests/test_environment_scatter_handlers.py;veilbreakers_terrain/tests/test_mesh_bridge_lod_helpers.py,LOW,False,direct_behavior_test
_mesh_bridge.py,mesh_from_spec,mesh_from_spec,1331,function,B+,GRADED,file_qualified,blender_tool;geometry_mesh;scatter_ecology,True,direct_test;module_test;live_probe,10,veilbreakers_terrain/tests/test_environment_scatter_handlers.py;veilbreakers_terrain/tests/test_mesh_bridge_lod_helpers.py;veilbreakers_terrain/tests/test_vb_toolkit_primitives_available.py,LOW,False,
_scatter_engine.py,poisson_disk_sample,poisson_disk_sample,34,function,A,GRADED,file_qualified,blender_tool;geometry_mesh;scatter_ecology,True,direct_test;module_test;live_probe,10,veilbreakers_terrain/tests/test_coverage_gaps.py;veilbreakers_terrain/tests/test_environment_scatter_handlers.py,LOW,False,
_scatter_engine.py,lloyd_relax_points,lloyd_relax_points,212,function,A,GRADED,file_qualified,blender_tool;geometry_mesh;scatter_ecology,True,module_test;live_probe,6,veilbreakers_terrain/tests/test_coverage_gaps.py;veilbreakers_terrain/tests/test_environment_scatter_handlers.py,LOW,False,direct_behavior_test
_scatter_engine.py,biome_filter_points,biome_filter_points,312,function,A,GRADED,file_qualified,blender_tool;geometry_mesh;scatter_ecology,True,direct_test;module_test;live_probe,10,veilbreakers_terrain/tests/test_coverage_gaps.py;veilbreakers_terrain/tests/test_environment_scatter_handlers.py,LOW,False,
_scatter_engine.py,context_scatter,context_scatter,587,function,A,GRADED,file_qualified,blender_tool;geometry_mesh;scatter_ecology,True,direct_test;module_test;live_probe,10,veilbreakers_terrain/tests/test_coverage_gaps.py;veilbreakers_terrain/tests/test_environment_scatter_handlers.py,LOW,False,
_scatter_engine.py,_weighted_choice,_weighted_choice,856,function,A,GRADED,file_qualified,blender_tool;geometry_mesh;scatter_ecology,True,module_test;live_probe,6,veilbreakers_terrain/tests/test_coverage_gaps.py;veilbreakers_terrain/tests/test_environment_scatter_handlers.py,LOW,False,direct_behavior_test
_scatter_engine.py,generate_breakable_variants,generate_breakable_variants,936,function,B+,GRADED,file_qualified,blender_tool;geometry_mesh;scatter_ecology,True,direct_test;module_test;live_probe,10,veilbreakers_terrain/tests/test_coverage_gaps.py;veilbreakers_terrain/tests/test_environment_scatter_handlers.py,LOW,False,
_scatter_engine.py,_build_geometry_op,_build_geometry_op,1006,function,A,GRADED,file_qualified,blender_tool;geometry_mesh;scatter_ecology,True,module_test;live_probe,6,veilbreakers_terrain/tests/test_coverage_gaps.py;veilbreakers_terrain/tests/test_environment_scatter_handlers.py,LOW,False,direct_behavior_test
_scatter_engine.py,_generate_fragments,_generate_fragments,1020,function,A,GRADED,file_qualified,blender_tool;geometry_mesh;scatter_ecology,True,module_test;live_probe,6,veilbreakers_terrain/tests/test_coverage_gaps.py;veilbreakers_terrain/tests/test_environment_scatter_handlers.py,LOW,False,direct_behavior_test
_scatter_engine.py,_generate_debris,_generate_debris,1067,function,A,GRADED,file_qualified,blender_tool;geometry_mesh;scatter_ecology,True,module_test;live_probe,6,veilbreakers_terrain/tests/test_coverage_gaps.py;veilbreakers_terrain/tests/test_environment_scatter_handlers.py,LOW,False,direct_behavior_test
_scatter_engine.py,generate_canyon,generate_canyon,1134,function,B+,GRADED,file_qualified,blender_tool;geometry_mesh;scatter_ecology,True,direct_test;module_test;live_probe,10,veilbreakers_terrain/tests/test_coverage_gaps.py;veilbreakers_terrain/tests/test_environment_scatter_handlers.py;veilbreakers_terrain/tests/test_live_readiness_regressions.py;veilbreakers_terrain/tests/test_road_coastline_terrain_features.py,LOW,False,
_scatter_engine.py,generate_waterfall,generate_waterfall,1234,function,A,GRADED,file_qualified,blender_tool;water;geometry_mesh;scatter_ecology,True,direct_test;module_test;live_probe,10,veilbreakers_terrain/tests/test_coverage_gaps.py;veilbreakers_terrain/tests/test_environment_handlers.py;veilbreakers_terrain/tests/test_environment_scatter_handlers.py;veilbreakers_terrain/tests/test_road_coastline_terrain_features.py;veilbreakers_terrain/tests/test_terrain_wiring_integration.py,LOW,False,
_scatter_engine.py,generate_cliff_face,generate_cliff_face,1328,function,A,GRADED,file_qualified,blender_tool;geometry_mesh;scatter_ecology,True,direct_test;module_test;live_probe,10,veilbreakers_terrain/tests/test_coverage_gaps.py;veilbreakers_terrain/tests/test_environment_scatter_handlers.py;veilbreakers_terrain/tests/test_road_coastline_terrain_features.py,LOW,False,
_scatter_engine.py,generate_swamp_terrain,generate_swamp_terrain,1416,function,B+,GRADED,file_qualified,blender_tool;geometry_mesh;scatter_ecology,True,direct_test;module_test;live_probe,10,veilbreakers_terrain/tests/test_coverage_gaps.py;veilbreakers_terrain/tests/test_environment_scatter_handlers.py;veilbreakers_terrain/tests/test_road_coastline_terrain_features.py,LOW,False,
_scatter_engine.py,generate_sinkhole,generate_sinkhole,1516,function,B+,GRADED,file_qualified,blender_tool;geometry_mesh;scatter_ecology,True,direct_test;module_test;live_probe,10,veilbreakers_terrain/tests/test_coverage_gaps.py;veilbreakers_terrain/tests/test_environment_scatter_handlers.py;veilbreakers_terrain/tests/test_terrain_features_v2.py,LOW,False,
_scatter_engine.py,generate_floating_rocks,generate_floating_rocks,1621,function,B+,GRADED,file_qualified,blender_tool;geometry_mesh;scatter_ecology,True,direct_test;module_test;live_probe,10,veilbreakers_terrain/tests/test_coverage_gaps.py;veilbreakers_terrain/tests/test_environment_scatter_handlers.py;veilbreakers_terrain/tests/test_terrain_features_v2.py,LOW,False,
_scatter_engine.py,generate_ice_formation,generate_ice_formation,1727,function,B+,GRADED,file_qualified,blender_tool;geometry_mesh;scatter_ecology,True,direct_test;module_test;live_probe,10,veilbreakers_terrain/tests/test_coverage_gaps.py;veilbreakers_terrain/tests/test_environment_scatter_handlers.py;veilbreakers_terrain/tests/test_terrain_features_v2.py,LOW,False,
_scatter_engine.py,generate_lava_flow,generate_lava_flow,1819,function,B+,GRADED,file_qualified,blender_tool;water;geometry_mesh;scatter_ecology,True,direct_test;module_test;live_probe,10,veilbreakers_terrain/tests/test_coverage_gaps.py;veilbreakers_terrain/tests/test_environment_scatter_handlers.py;veilbreakers_terrain/tests/test_terrain_features_v2.py,LOW,False,
_terrain_depth.py,_fbm_noise2,_fbm_noise2,55,function,A,GRADED,file_qualified,blender_tool;water;geometry_mesh;scatter_ecology,True,direct_test;module_test;live_probe,10,veilbreakers_terrain/tests/test_mesh_quality_phase14.py;veilbreakers_terrain/tests/test_p7_vectorization.py;veilbreakers_terrain/tests/test_routing_light_determinism_helpers.py;veilbreakers_terrain/tests/test_terrain_depth.py;veilbreakers_terrain/tests/test_terrain_wiring_integration.py,LOW,False,
_terrain_depth.py,generate_cliff_face_mesh,generate_cliff_face_mesh,149,function,A,GRADED,file_qualified,blender_tool;water;geometry_mesh;scatter_ecology,True,direct_test;module_test;live_probe,10,veilbreakers_terrain/tests/test_mesh_quality_phase14.py;veilbreakers_terrain/tests/test_p7_vectorization.py;veilbreakers_terrain/tests/test_routing_light_determinism_helpers.py;veilbreakers_terrain/tests/test_terrain_depth.py;veilbreakers_terrain/tests/test_terrain_wiring_integration.py,LOW,False,
_terrain_depth.py,generate_cave_entrance_mesh,generate_cave_entrance_mesh,324,function,A,GRADED,file_qualified,blender_tool;water;geometry_mesh;scatter_ecology,True,direct_test;module_test;live_probe,10,veilbreakers_terrain/tests/test_mesh_quality_phase14.py;veilbreakers_terrain/tests/test_p7_vectorization.py;veilbreakers_terrain/tests/test_routing_light_determinism_helpers.py;veilbreakers_terrain/tests/test_terrain_depth.py;veilbreakers_terrain/tests/test_terrain_wiring_integration.py,LOW,False,
_terrain_depth.py,generate_biome_transition_mesh,generate_biome_transition_mesh,569,function,A,GRADED,file_qualified,blender_tool;water;geometry_mesh;scatter_ecology,True,direct_test;module_test;live_probe,10,veilbreakers_terrain/tests/test_mesh_quality_phase14.py;veilbreakers_terrain/tests/test_p7_vectorization.py;veilbreakers_terrain/tests/test_routing_light_determinism_helpers.py;veilbreakers_terrain/tests/test_terrain_depth.py;veilbreakers_terrain/tests/test_terrain_wiring_integration.py,LOW,False,
_terrain_depth.py,generate_waterfall_mesh,generate_waterfall_mesh,823,function,A-,GRADED,file_qualified,blender_tool;water;geometry_mesh;scatter_ecology,True,direct_test;module_test;live_probe,10,veilbreakers_terrain/tests/test_mesh_quality_phase14.py;veilbreakers_terrain/tests/test_p7_vectorization.py;veilbreakers_terrain/tests/test_routing_light_determinism_helpers.py;veilbreakers_terrain/tests/test_terrain_depth.py;veilbreakers_terrain/tests/test_terrain_wiring_integration.py,LOW,False,
_terrain_depth.py,detect_cliff_edges,detect_cliff_edges,1286,function,A,GRADED,file_qualified,blender_tool;water;geometry_mesh;scatter_ecology,True,direct_test;module_test;live_probe,10,veilbreakers_terrain/tests/test_mesh_quality_phase14.py;veilbreakers_terrain/tests/test_p7_vectorization.py;veilbreakers_terrain/tests/test_routing_light_determinism_helpers.py;veilbreakers_terrain/tests/test_terrain_depth.py;veilbreakers_terrain/tests/test_terrain_wiring_integration.py,LOW,False,
_terrain_erosion.py,apply_hydraulic_erosion_masks,apply_hydraulic_erosion_masks,208,function,A,GRADED,file_qualified,blender_tool;materials_texturing;water;geometry_mesh,True,direct_test;module_test;live_probe,10,veilbreakers_terrain/tests/integration/test_full_terrain_pipeline.py;veilbreakers_terrain/tests/test_coverage_gaps.py;veilbreakers_terrain/tests/test_cross_feature.py;veilbreakers_terrain/tests/test_erosion_config.py;veilbreakers_terrain/tests/test_geometric_quality.py;veilbreakers_terrain/tests/test_p2_subtle_fixes.py;veilbreakers_terrain/tests/test_p7_priority_flood.py;veilbreakers_terrain/tests/test_p7_thermal_consolidation.py;...(+7),LOW,False,
_terrain_erosion.py,apply_hydraulic_erosion,apply_hydraulic_erosion,534,function,C+,GRADED,file_qualified,blender_tool;materials_texturing;water;geometry_mesh,True,direct_test;module_test;live_probe,9,veilbreakers_terrain/tests/integration/test_full_terrain_pipeline.py;veilbreakers_terrain/tests/test_coverage_gaps.py;veilbreakers_terrain/tests/test_cross_feature.py;veilbreakers_terrain/tests/test_erosion_config.py;veilbreakers_terrain/tests/test_geometric_quality.py;veilbreakers_terrain/tests/test_p2_subtle_fixes.py;veilbreakers_terrain/tests/test_p7_thermal_consolidation.py;veilbreakers_terrain/tests/test_physical_plausibility.py;...(+5),LOW,False,
_terrain_erosion.py,_deposit,_deposit,573,function,A,GRADED,file_qualified,blender_tool;materials_texturing;water;geometry_mesh,True,direct_test;module_test;live_probe,10,veilbreakers_terrain/tests/integration/test_full_terrain_pipeline.py;veilbreakers_terrain/tests/test_coverage_gaps.py;veilbreakers_terrain/tests/test_cross_feature.py;veilbreakers_terrain/tests/test_erosion_config.py;veilbreakers_terrain/tests/test_geometric_quality.py;veilbreakers_terrain/tests/test_p2_subtle_fixes.py;veilbreakers_terrain/tests/test_p7_thermal_consolidation.py;veilbreakers_terrain/tests/test_physical_plausibility.py;...(+5),LOW,False,
_terrain_erosion.py,_erode_brush,_erode_brush,586,function,B,GRADED,file_qualified,blender_tool;materials_texturing;water;geometry_mesh,True,module_test;live_probe,5,veilbreakers_terrain/tests/integration/test_full_terrain_pipeline.py;veilbreakers_terrain/tests/test_coverage_gaps.py;veilbreakers_terrain/tests/test_cross_feature.py;veilbreakers_terrain/tests/test_erosion_config.py;veilbreakers_terrain/tests/test_geometric_quality.py;veilbreakers_terrain/tests/test_p2_subtle_fixes.py;veilbreakers_terrain/tests/test_p7_thermal_consolidation.py;veilbreakers_terrain/tests/test_physical_plausibility.py;...(+5),LOW,False,direct_behavior_test;material_texture_contract_test
_terrain_erosion.py,apply_thermal_erosion_masks,apply_thermal_erosion_masks,692,function,B+,GRADED,file_qualified,blender_tool;materials_texturing;water;geometry_mesh,True,direct_test;module_test;live_probe,10,veilbreakers_terrain/tests/integration/test_full_terrain_pipeline.py;veilbreakers_terrain/tests/test_coverage_gaps.py;veilbreakers_terrain/tests/test_cross_feature.py;veilbreakers_terrain/tests/test_erosion_config.py;veilbreakers_terrain/tests/test_geometric_quality.py;veilbreakers_terrain/tests/test_p2_subtle_fixes.py;veilbreakers_terrain/tests/test_p7_priority_flood.py;veilbreakers_terrain/tests/test_p7_thermal_consolidation.py;...(+7),LOW,False,
_terrain_erosion.py,apply_thermal_erosion,apply_thermal_erosion,839,function,C+,GRADED,file_qualified,blender_tool;materials_texturing;water;geometry_mesh,True,direct_test;module_test;live_probe,9,veilbreakers_terrain/tests/integration/test_full_terrain_pipeline.py;veilbreakers_terrain/tests/test_coverage_gaps.py;veilbreakers_terrain/tests/test_cross_feature.py;veilbreakers_terrain/tests/test_erosion_config.py;veilbreakers_terrain/tests/test_geometric_quality.py;veilbreakers_terrain/tests/test_p2_subtle_fixes.py;veilbreakers_terrain/tests/test_p7_thermal_consolidation.py;veilbreakers_terrain/tests/test_physical_plausibility.py;...(+6),LOW,False,
_terrain_erosion.py,compute_stream_power_erosion,compute_stream_power_erosion,863,function,D+,GRADED,file_qualified,blender_tool;materials_texturing;water;geometry_mesh,True,direct_test;module_test;live_probe,9,veilbreakers_terrain/tests/integration/test_full_terrain_pipeline.py;veilbreakers_terrain/tests/test_coverage_gaps.py;veilbreakers_terrain/tests/test_cross_feature.py;veilbreakers_terrain/tests/test_erosion_config.py;veilbreakers_terrain/tests/test_geometric_quality.py;veilbreakers_terrain/tests/test_p2_subtle_fixes.py;veilbreakers_terrain/tests/test_p7_thermal_consolidation.py;veilbreakers_terrain/tests/test_physical_plausibility.py;...(+5),LOW,False,
_terrain_noise.py,_build_permutation_table,_build_permutation_table,72,function,A,GRADED,file_qualified,blender_tool;water;geometry_mesh;scatter_ecology,True,direct_test;module_test;live_probe,10,veilbreakers_terrain/tests/test_aaa_terrain_vegetation.py;veilbreakers_terrain/tests/test_aaa_water_scatter.py;veilbreakers_terrain/tests/test_coverage_gaps.py;veilbreakers_terrain/tests/test_cross_feature.py;veilbreakers_terrain/tests/test_environment_handlers.py;veilbreakers_terrain/tests/test_environment_scatter_handlers.py;veilbreakers_terrain/tests/test_geometric_quality.py;veilbreakers_terrain/tests/test_p2_subtle_fixes.py;...(+16),LOW,False,
_terrain_noise.py,_perlin_noise2_array,_perlin_noise2_array,85,function,B+,GRADED,file_qualified,blender_tool;water;geometry_mesh;scatter_ecology,True,module_test;live_probe,6,veilbreakers_terrain/tests/test_aaa_terrain_vegetation.py;veilbreakers_terrain/tests/test_aaa_water_scatter.py;veilbreakers_terrain/tests/test_coverage_gaps.py;veilbreakers_terrain/tests/test_cross_feature.py;veilbreakers_terrain/tests/test_environment_handlers.py;veilbreakers_terrain/tests/test_environment_scatter_handlers.py;veilbreakers_terrain/tests/test_geometric_quality.py;veilbreakers_terrain/tests/test_p2_subtle_fixes.py;...(+16),LOW,False,direct_behavior_test
_terrain_noise.py,_PermTableNoise.noise2,noise2,157,method,A,GRADED,file_qualified,blender_tool;water;geometry_mesh;scatter_ecology,True,direct_test;module_test;live_probe,10,veilbreakers_terrain/tests/test_aaa_terrain_vegetation.py;veilbreakers_terrain/tests/test_aaa_water_scatter.py;veilbreakers_terrain/tests/test_coverage_gaps.py;veilbreakers_terrain/tests/test_cross_feature.py;veilbreakers_terrain/tests/test_environment_handlers.py;veilbreakers_terrain/tests/test_environment_scatter_handlers.py;veilbreakers_terrain/tests/test_geometric_quality.py;veilbreakers_terrain/tests/test_p2_subtle_fixes.py;...(+16),LOW,False,
_terrain_noise.py,_PermTableNoise.noise2_array,noise2_array,163,method,A,GRADED,file_qualified,blender_tool;water;geometry_mesh;scatter_ecology,True,direct_test;module_test;live_probe,10,veilbreakers_terrain/tests/test_aaa_terrain_vegetation.py;veilbreakers_terrain/tests/test_aaa_water_scatter.py;veilbreakers_terrain/tests/test_coverage_gaps.py;veilbreakers_terrain/tests/test_cross_feature.py;veilbreakers_terrain/tests/test_environment_handlers.py;veilbreakers_terrain/tests/test_environment_scatter_handlers.py;veilbreakers_terrain/tests/test_geometric_quality.py;veilbreakers_terrain/tests/test_p2_subtle_fixes.py;...(+16),LOW,False,
_terrain_noise.py,_PermTableNoise.noise3,noise3,167,method,A,GRADED,file_qualified,blender_tool;water;geometry_mesh;scatter_ecology,True,module_test;live_probe,6,veilbreakers_terrain/tests/test_aaa_terrain_vegetation.py;veilbreakers_terrain/tests/test_aaa_water_scatter.py;veilbreakers_terrain/tests/test_coverage_gaps.py;veilbreakers_terrain/tests/test_cross_feature.py;veilbreakers_terrain/tests/test_environment_handlers.py;veilbreakers_terrain/tests/test_environment_scatter_handlers.py;veilbreakers_terrain/tests/test_geometric_quality.py;veilbreakers_terrain/tests/test_p2_subtle_fixes.py;...(+16),LOW,False,direct_behavior_test
_terrain_noise.py,_make_noise_generator,_make_noise_generator,195,function,B+,GRADED,file_qualified,blender_tool;water;geometry_mesh;scatter_ecology,True,direct_test;module_test;live_probe,10,veilbreakers_terrain/tests/test_aaa_terrain_vegetation.py;veilbreakers_terrain/tests/test_aaa_water_scatter.py;veilbreakers_terrain/tests/test_coverage_gaps.py;veilbreakers_terrain/tests/test_cross_feature.py;veilbreakers_terrain/tests/test_environment_handlers.py;veilbreakers_terrain/tests/test_environment_scatter_handlers.py;veilbreakers_terrain/tests/test_geometric_quality.py;veilbreakers_terrain/tests/test_p2_subtle_fixes.py;...(+17),LOW,False,
_terrain_noise.py,_OpenSimplexWrapper.noise2,noise2,239,method,A,GRADED,file_simple,blender_tool;water;geometry_mesh;scatter_ecology,True,direct_test;module_test;live_probe,10,veilbreakers_terrain/tests/test_aaa_terrain_vegetation.py;veilbreakers_terrain/tests/test_aaa_water_scatter.py;veilbreakers_terrain/tests/test_coverage_gaps.py;veilbreakers_terrain/tests/test_cross_feature.py;veilbreakers_terrain/tests/test_environment_handlers.py;veilbreakers_terrain/tests/test_environment_scatter_handlers.py;veilbreakers_terrain/tests/test_geometric_quality.py;veilbreakers_terrain/tests/test_p2_subtle_fixes.py;...(+16),LOW,False,
_terrain_noise.py,_OpenSimplexWrapper.noise3,noise3,248,method,A,GRADED,file_qualified,blender_tool;water;geometry_mesh;scatter_ecology,True,module_test;live_probe,6,veilbreakers_terrain/tests/test_aaa_terrain_vegetation.py;veilbreakers_terrain/tests/test_aaa_water_scatter.py;veilbreakers_terrain/tests/test_coverage_gaps.py;veilbreakers_terrain/tests/test_cross_feature.py;veilbreakers_terrain/tests/test_environment_handlers.py;veilbreakers_terrain/tests/test_environment_scatter_handlers.py;veilbreakers_terrain/tests/test_geometric_quality.py;veilbreakers_terrain/tests/test_p2_subtle_fixes.py;...(+16),LOW,False,direct_behavior_test
_terrain_noise.py,_OpenSimplexWrapper.noise4,noise4,258,method,A,GRADED,file_qualified,blender_tool;water;geometry_mesh;scatter_ecology,True,module_test;live_probe,6,veilbreakers_terrain/tests/test_aaa_terrain_vegetation.py;veilbreakers_terrain/tests/test_aaa_water_scatter.py;veilbreakers_terrain/tests/test_coverage_gaps.py;veilbreakers_terrain/tests/test_cross_feature.py;veilbreakers_terrain/tests/test_environment_handlers.py;veilbreakers_terrain/tests/test_environment_scatter_handlers.py;veilbreakers_terrain/tests/test_geometric_quality.py;veilbreakers_terrain/tests/test_p2_subtle_fixes.py;...(+16),LOW,False,direct_behavior_test
_terrain_noise.py,_OpenSimplexWrapper.noise2_array,noise2_array,293,method,A,GRADED,file_simple,blender_tool;water;geometry_mesh;scatter_ecology,True,direct_test;module_test;live_probe,10,veilbreakers_terrain/tests/test_aaa_terrain_vegetation.py;veilbreakers_terrain/tests/test_aaa_water_scatter.py;veilbreakers_terrain/tests/test_coverage_gaps.py;veilbreakers_terrain/tests/test_cross_feature.py;veilbreakers_terrain/tests/test_environment_handlers.py;veilbreakers_terrain/tests/test_environment_scatter_handlers.py;veilbreakers_terrain/tests/test_geometric_quality.py;veilbreakers_terrain/tests/test_p2_subtle_fixes.py;...(+16),LOW,False,
_terrain_noise.py,_OpenSimplexWrapper.noise3_array,noise3_array,311,method,A,GRADED,file_qualified,blender_tool;water;geometry_mesh;scatter_ecology,True,module_test;live_probe,6,veilbreakers_terrain/tests/test_aaa_terrain_vegetation.py;veilbreakers_terrain/tests/test_aaa_water_scatter.py;veilbreakers_terrain/tests/test_coverage_gaps.py;veilbreakers_terrain/tests/test_cross_feature.py;veilbreakers_terrain/tests/test_environment_handlers.py;veilbreakers_terrain/tests/test_environment_scatter_handlers.py;veilbreakers_terrain/tests/test_geometric_quality.py;veilbreakers_terrain/tests/test_p2_subtle_fixes.py;...(+16),LOW,False,direct_behavior_test
_terrain_noise.py,_OpenSimplexWrapper.noise4_array,noise4_array,362,method,A,GRADED,file_qualified,blender_tool;water;geometry_mesh;scatter_ecology,True,module_test;live_probe,6,veilbreakers_terrain/tests/test_aaa_terrain_vegetation.py;veilbreakers_terrain/tests/test_aaa_water_scatter.py;veilbreakers_terrain/tests/test_coverage_gaps.py;veilbreakers_terrain/tests/test_cross_feature.py;veilbreakers_terrain/tests/test_environment_handlers.py;veilbreakers_terrain/tests/test_environment_scatter_handlers.py;veilbreakers_terrain/tests/test_geometric_quality.py;veilbreakers_terrain/tests/test_p2_subtle_fixes.py;...(+16),LOW,False,direct_behavior_test
_terrain_noise.py,opensimplex2s_noise2,opensimplex2s_noise2,424,function,A,GRADED,file_qualified,blender_tool;water;geometry_mesh;scatter_ecology,True,direct_test;module_test;live_probe,10,veilbreakers_terrain/tests/test_aaa_terrain_vegetation.py;veilbreakers_terrain/tests/test_aaa_water_scatter.py;veilbreakers_terrain/tests/test_coverage_gaps.py;veilbreakers_terrain/tests/test_cross_feature.py;veilbreakers_terrain/tests/test_environment_handlers.py;veilbreakers_terrain/tests/test_environment_scatter_handlers.py;veilbreakers_terrain/tests/test_geometric_quality.py;veilbreakers_terrain/tests/test_p2_subtle_fixes.py;...(+16),LOW,False,
_terrain_noise.py,opensimplex2s_noise2_array,opensimplex2s_noise2_array,448,function,A,GRADED,file_qualified,blender_tool;water;geometry_mesh;scatter_ecology,True,direct_test;module_test;live_probe,10,veilbreakers_terrain/tests/test_aaa_terrain_vegetation.py;veilbreakers_terrain/tests/test_aaa_water_scatter.py;veilbreakers_terrain/tests/test_coverage_gaps.py;veilbreakers_terrain/tests/test_cross_feature.py;veilbreakers_terrain/tests/test_environment_handlers.py;veilbreakers_terrain/tests/test_environment_scatter_handlers.py;veilbreakers_terrain/tests/test_geometric_quality.py;veilbreakers_terrain/tests/test_p2_subtle_fixes.py;...(+16),LOW,False,
_terrain_noise.py,_noise_with_gradient,_noise_with_gradient,493,function,A,GRADED,file_qualified,blender_tool;water;geometry_mesh;scatter_ecology,True,module_test;live_probe,6,veilbreakers_terrain/tests/test_aaa_terrain_vegetation.py;veilbreakers_terrain/tests/test_aaa_water_scatter.py;veilbreakers_terrain/tests/test_coverage_gaps.py;veilbreakers_terrain/tests/test_cross_feature.py;veilbreakers_terrain/tests/test_environment_handlers.py;veilbreakers_terrain/tests/test_environment_scatter_handlers.py;veilbreakers_terrain/tests/test_geometric_quality.py;veilbreakers_terrain/tests/test_p2_subtle_fixes.py;...(+16),LOW,False,direct_behavior_test
_terrain_noise.py,fbm_iq,fbm_iq,510,function,A,GRADED,file_qualified,blender_tool;water;geometry_mesh;scatter_ecology,True,direct_test;module_test;live_probe,10,veilbreakers_terrain/tests/test_aaa_terrain_vegetation.py;veilbreakers_terrain/tests/test_aaa_water_scatter.py;veilbreakers_terrain/tests/test_coverage_gaps.py;veilbreakers_terrain/tests/test_cross_feature.py;veilbreakers_terrain/tests/test_environment_handlers.py;veilbreakers_terrain/tests/test_environment_scatter_handlers.py;veilbreakers_terrain/tests/test_geometric_quality.py;veilbreakers_terrain/tests/test_p2_subtle_fixes.py;...(+16),LOW,False,
_terrain_noise.py,phacelle_noise_simple,phacelle_noise_simple,569,function,A,GRADED,file_qualified,blender_tool;water;geometry_mesh;scatter_ecology,True,direct_test;module_test;live_probe,10,veilbreakers_terrain/tests/test_aaa_terrain_vegetation.py;veilbreakers_terrain/tests/test_aaa_water_scatter.py;veilbreakers_terrain/tests/test_coverage_gaps.py;veilbreakers_terrain/tests/test_cross_feature.py;veilbreakers_terrain/tests/test_environment_handlers.py;veilbreakers_terrain/tests/test_environment_scatter_handlers.py;veilbreakers_terrain/tests/test_geometric_quality.py;veilbreakers_terrain/tests/test_p2_subtle_fixes.py;...(+16),LOW,False,
_terrain_noise.py,_hash2_scalar,_hash2_scalar,647,function,A,GRADED,file_qualified,blender_tool;water;geometry_mesh;scatter_ecology,True,module_test;live_probe,6,veilbreakers_terrain/tests/test_aaa_terrain_vegetation.py;veilbreakers_terrain/tests/test_aaa_water_scatter.py;veilbreakers_terrain/tests/test_coverage_gaps.py;veilbreakers_terrain/tests/test_cross_feature.py;veilbreakers_terrain/tests/test_environment_handlers.py;veilbreakers_terrain/tests/test_environment_scatter_handlers.py;veilbreakers_terrain/tests/test_geometric_quality.py;veilbreakers_terrain/tests/test_p2_subtle_fixes.py;...(+16),LOW,False,direct_behavior_test
_terrain_noise.py,_smoothstep,_smoothstep,661,function,A,GRADED,file_qualified,blender_tool;water;geometry_mesh;scatter_ecology,True,module_test;live_probe,6,veilbreakers_terrain/tests/test_aaa_terrain_vegetation.py;veilbreakers_terrain/tests/test_aaa_water_scatter.py;veilbreakers_terrain/tests/test_coverage_gaps.py;veilbreakers_terrain/tests/test_cross_feature.py;veilbreakers_terrain/tests/test_environment_handlers.py;veilbreakers_terrain/tests/test_environment_scatter_handlers.py;veilbreakers_terrain/tests/test_geometric_quality.py;veilbreakers_terrain/tests/test_p2_subtle_fixes.py;...(+16),LOW,False,direct_behavior_test
_terrain_noise.py,voronoise,voronoise,669,function,A,GRADED,file_qualified,blender_tool;water;geometry_mesh;scatter_ecology,True,direct_test;module_test;live_probe,10,veilbreakers_terrain/tests/test_aaa_terrain_vegetation.py;veilbreakers_terrain/tests/test_aaa_water_scatter.py;veilbreakers_terrain/tests/test_coverage_gaps.py;veilbreakers_terrain/tests/test_cross_feature.py;veilbreakers_terrain/tests/test_environment_handlers.py;veilbreakers_terrain/tests/test_environment_scatter_handlers.py;veilbreakers_terrain/tests/test_geometric_quality.py;veilbreakers_terrain/tests/test_p2_subtle_fixes.py;...(+16),LOW,False,
_terrain_noise.py,domain_warp_fbm,domain_warp_fbm,738,function,A,GRADED,file_qualified,blender_tool;water;geometry_mesh;scatter_ecology,True,direct_test;module_test;live_probe,10,veilbreakers_terrain/tests/test_aaa_terrain_vegetation.py;veilbreakers_terrain/tests/test_aaa_water_scatter.py;veilbreakers_terrain/tests/test_coverage_gaps.py;veilbreakers_terrain/tests/test_cross_feature.py;veilbreakers_terrain/tests/test_environment_handlers.py;veilbreakers_terrain/tests/test_environment_scatter_handlers.py;veilbreakers_terrain/tests/test_geometric_quality.py;veilbreakers_terrain/tests/test_p2_subtle_fixes.py;...(+16),LOW,False,
_terrain_noise.py,_cellular_f1_f2,_cellular_f1_f2,814,function,A,GRADED,file_qualified,blender_tool;water;geometry_mesh;scatter_ecology,True,module_test;live_probe,6,veilbreakers_terrain/tests/test_aaa_terrain_vegetation.py;veilbreakers_terrain/tests/test_aaa_water_scatter.py;veilbreakers_terrain/tests/test_coverage_gaps.py;veilbreakers_terrain/tests/test_cross_feature.py;veilbreakers_terrain/tests/test_environment_handlers.py;veilbreakers_terrain/tests/test_environment_scatter_handlers.py;veilbreakers_terrain/tests/test_geometric_quality.py;veilbreakers_terrain/tests/test_p2_subtle_fixes.py;...(+16),LOW,False,direct_behavior_test
_terrain_noise.py,cellular_smin,cellular_smin,847,function,A,GRADED,file_qualified,blender_tool;water;geometry_mesh;scatter_ecology,True,direct_test;module_test;live_probe,10,veilbreakers_terrain/tests/test_aaa_terrain_vegetation.py;veilbreakers_terrain/tests/test_aaa_water_scatter.py;veilbreakers_terrain/tests/test_coverage_gaps.py;veilbreakers_terrain/tests/test_cross_feature.py;veilbreakers_terrain/tests/test_environment_handlers.py;veilbreakers_terrain/tests/test_environment_scatter_handlers.py;veilbreakers_terrain/tests/test_geometric_quality.py;veilbreakers_terrain/tests/test_p2_subtle_fixes.py;...(+16),LOW,False,
_terrain_noise.py,_apply_geological_constraints,_apply_geological_constraints,1111,function,A,GRADED,file_qualified,blender_tool;water;geometry_mesh;scatter_ecology,True,module_test;live_probe,6,veilbreakers_terrain/tests/test_aaa_terrain_vegetation.py;veilbreakers_terrain/tests/test_aaa_water_scatter.py;veilbreakers_terrain/tests/test_coverage_gaps.py;veilbreakers_terrain/tests/test_cross_feature.py;veilbreakers_terrain/tests/test_environment_handlers.py;veilbreakers_terrain/tests/test_environment_scatter_handlers.py;veilbreakers_terrain/tests/test_geometric_quality.py;veilbreakers_terrain/tests/test_p2_subtle_fixes.py;...(+16),LOW,False,direct_behavior_test
_terrain_noise.py,generate_heightmap,generate_heightmap,1187,function,A,GRADED,file_qualified,blender_tool;water;geometry_mesh;scatter_ecology,True,direct_test;module_test;live_probe,10,veilbreakers_terrain/tests/test_aaa_terrain_vegetation.py;veilbreakers_terrain/tests/test_aaa_water_scatter.py;veilbreakers_terrain/tests/test_coverage_gaps.py;veilbreakers_terrain/tests/test_cross_feature.py;veilbreakers_terrain/tests/test_environment_handlers.py;veilbreakers_terrain/tests/test_environment_scatter_handlers.py;veilbreakers_terrain/tests/test_geometric_quality.py;veilbreakers_terrain/tests/test_p2_subtle_fixes.py;...(+16),LOW,False,
_terrain_noise.py,_apply_terrain_preset,_apply_terrain_preset,1383,function,A,GRADED,file_qualified,blender_tool;water;geometry_mesh;scatter_ecology,True,module_test;live_probe,6,veilbreakers_terrain/tests/test_aaa_terrain_vegetation.py;veilbreakers_terrain/tests/test_aaa_water_scatter.py;veilbreakers_terrain/tests/test_coverage_gaps.py;veilbreakers_terrain/tests/test_cross_feature.py;veilbreakers_terrain/tests/test_environment_handlers.py;veilbreakers_terrain/tests/test_environment_scatter_handlers.py;veilbreakers_terrain/tests/test_geometric_quality.py;veilbreakers_terrain/tests/test_p2_subtle_fixes.py;...(+16),LOW,False,direct_behavior_test
_terrain_noise.py,_theoretical_max_amplitude,_theoretical_max_amplitude,1491,function,A,GRADED,file_qualified,blender_tool;water;geometry_mesh;scatter_ecology,True,direct_test;module_test;live_probe,10,veilbreakers_terrain/tests/test_aaa_terrain_vegetation.py;veilbreakers_terrain/tests/test_aaa_water_scatter.py;veilbreakers_terrain/tests/test_coverage_gaps.py;veilbreakers_terrain/tests/test_cross_feature.py;veilbreakers_terrain/tests/test_environment_handlers.py;veilbreakers_terrain/tests/test_environment_scatter_handlers.py;veilbreakers_terrain/tests/test_geometric_quality.py;veilbreakers_terrain/tests/test_p2_subtle_fixes.py;...(+16),LOW,False,
_terrain_noise.py,_compute_slope_gradient,_compute_slope_gradient,1506,function,A,GRADED,file_qualified,blender_tool;water;geometry_mesh;scatter_ecology,True,module_test;live_probe,6,veilbreakers_terrain/tests/test_aaa_terrain_vegetation.py;veilbreakers_terrain/tests/test_aaa_water_scatter.py;veilbreakers_terrain/tests/test_coverage_gaps.py;veilbreakers_terrain/tests/test_cross_feature.py;veilbreakers_terrain/tests/test_environment_handlers.py;veilbreakers_terrain/tests/test_environment_scatter_handlers.py;veilbreakers_terrain/tests/test_geometric_quality.py;veilbreakers_terrain/tests/test_p2_subtle_fixes.py;...(+16),LOW,False,direct_behavior_test
_terrain_noise.py,compute_slope_map_radians,compute_slope_map_radians,1527,function,A,GRADED,file_qualified,blender_tool;water;geometry_mesh;scatter_ecology,True,direct_test;module_test;live_probe,10,veilbreakers_terrain/tests/test_aaa_terrain_vegetation.py;veilbreakers_terrain/tests/test_aaa_water_scatter.py;veilbreakers_terrain/tests/test_coverage_gaps.py;veilbreakers_terrain/tests/test_cross_feature.py;veilbreakers_terrain/tests/test_environment_handlers.py;veilbreakers_terrain/tests/test_environment_scatter_handlers.py;veilbreakers_terrain/tests/test_geometric_quality.py;veilbreakers_terrain/tests/test_p2_subtle_fixes.py;...(+16),LOW,False,
_terrain_noise.py,compute_slope_map_degrees,compute_slope_map_degrees,1553,function,A,GRADED,file_qualified,blender_tool;water;geometry_mesh;scatter_ecology,True,direct_test;module_test;live_probe,10,veilbreakers_terrain/tests/test_aaa_terrain_vegetation.py;veilbreakers_terrain/tests/test_aaa_water_scatter.py;veilbreakers_terrain/tests/test_coverage_gaps.py;veilbreakers_terrain/tests/test_cross_feature.py;veilbreakers_terrain/tests/test_environment_handlers.py;veilbreakers_terrain/tests/test_environment_scatter_handlers.py;veilbreakers_terrain/tests/test_geometric_quality.py;veilbreakers_terrain/tests/test_p2_subtle_fixes.py;...(+16),LOW,False,
_terrain_noise.py,compute_biome_assignments,compute_biome_assignments,1586,function,A,GRADED,file_qualified,blender_tool;water;geometry_mesh;scatter_ecology,True,direct_test;module_test;live_probe,10,veilbreakers_terrain/tests/test_aaa_terrain_vegetation.py;veilbreakers_terrain/tests/test_aaa_water_scatter.py;veilbreakers_terrain/tests/test_coverage_gaps.py;veilbreakers_terrain/tests/test_cross_feature.py;veilbreakers_terrain/tests/test_environment_handlers.py;veilbreakers_terrain/tests/test_environment_scatter_handlers.py;veilbreakers_terrain/tests/test_geometric_quality.py;veilbreakers_terrain/tests/test_p2_subtle_fixes.py;...(+16),LOW,False,
_terrain_noise.py,_neighbors,_neighbors,1653,function,A,GRADED,file_qualified,blender_tool;water;geometry_mesh;scatter_ecology,True,module_test;live_probe,6,veilbreakers_terrain/tests/test_aaa_terrain_vegetation.py;veilbreakers_terrain/tests/test_aaa_water_scatter.py;veilbreakers_terrain/tests/test_coverage_gaps.py;veilbreakers_terrain/tests/test_cross_feature.py;veilbreakers_terrain/tests/test_environment_handlers.py;veilbreakers_terrain/tests/test_environment_scatter_handlers.py;veilbreakers_terrain/tests/test_geometric_quality.py;veilbreakers_terrain/tests/test_p2_subtle_fixes.py;...(+16),LOW,False,direct_behavior_test
_terrain_noise.py,_fill_8connected_gaps,_fill_8connected_gaps,1663,function,A,GRADED,file_qualified,blender_tool;water;geometry_mesh;scatter_ecology,True,direct_test;module_test;live_probe,10,veilbreakers_terrain/tests/test_aaa_terrain_vegetation.py;veilbreakers_terrain/tests/test_aaa_water_scatter.py;veilbreakers_terrain/tests/test_coverage_gaps.py;veilbreakers_terrain/tests/test_cross_feature.py;veilbreakers_terrain/tests/test_environment_handlers.py;veilbreakers_terrain/tests/test_environment_scatter_handlers.py;veilbreakers_terrain/tests/test_geometric_quality.py;veilbreakers_terrain/tests/test_p2_subtle_fixes.py;...(+16),LOW,False,
_terrain_noise.py,_legacy_astar,_legacy_astar,1684,function,D+,GRADED,file_qualified,blender_tool;water;geometry_mesh;scatter_ecology,True,direct_test;module_test;live_probe,9,veilbreakers_terrain/tests/test_aaa_terrain_vegetation.py;veilbreakers_terrain/tests/test_aaa_water_scatter.py;veilbreakers_terrain/tests/test_coverage_gaps.py;veilbreakers_terrain/tests/test_cross_feature.py;veilbreakers_terrain/tests/test_environment_handlers.py;veilbreakers_terrain/tests/test_environment_scatter_handlers.py;veilbreakers_terrain/tests/test_geometric_quality.py;veilbreakers_terrain/tests/test_p2_subtle_fixes.py;...(+16),LOW,False,
_terrain_noise.py,carve_river_path,carve_river_path,1792,function,A,GRADED,file_qualified,blender_tool;water;geometry_mesh;scatter_ecology,True,direct_test;module_test;live_probe,10,veilbreakers_terrain/tests/test_aaa_terrain_vegetation.py;veilbreakers_terrain/tests/test_aaa_water_scatter.py;veilbreakers_terrain/tests/test_coverage_gaps.py;veilbreakers_terrain/tests/test_cross_feature.py;veilbreakers_terrain/tests/test_environment_handlers.py;veilbreakers_terrain/tests/test_environment_scatter_handlers.py;veilbreakers_terrain/tests/test_geometric_quality.py;veilbreakers_terrain/tests/test_p2_subtle_fixes.py;...(+16),LOW,False,
_terrain_noise.py,generate_road_path_grid_legacy,generate_road_path_grid_legacy,1912,function,D+,GRADED,file_qualified,blender_tool;water;geometry_mesh;scatter_ecology,True,direct_test;module_test;live_probe,9,veilbreakers_terrain/tests/test_aaa_terrain_vegetation.py;veilbreakers_terrain/tests/test_aaa_water_scatter.py;veilbreakers_terrain/tests/test_coverage_gaps.py;veilbreakers_terrain/tests/test_cross_feature.py;veilbreakers_terrain/tests/test_environment_handlers.py;veilbreakers_terrain/tests/test_environment_scatter_handlers.py;veilbreakers_terrain/tests/test_geometric_quality.py;veilbreakers_terrain/tests/test_p2_subtle_fixes.py;...(+16),LOW,False,
_terrain_noise.py,_catmull_rom_segment,_catmull_rom_segment,2055,function,A,GRADED,file_qualified,blender_tool;water;geometry_mesh;scatter_ecology,True,direct_test;module_test;live_probe,10,veilbreakers_terrain/tests/test_aaa_terrain_vegetation.py;veilbreakers_terrain/tests/test_aaa_water_scatter.py;veilbreakers_terrain/tests/test_coverage_gaps.py;veilbreakers_terrain/tests/test_cross_feature.py;veilbreakers_terrain/tests/test_environment_handlers.py;veilbreakers_terrain/tests/test_environment_scatter_handlers.py;veilbreakers_terrain/tests/test_geometric_quality.py;veilbreakers_terrain/tests/test_p2_subtle_fixes.py;...(+16),LOW,False,
_terrain_noise.py,_duplicate_sharp_corners,_duplicate_sharp_corners,2084,function,A,GRADED,file_qualified,blender_tool;water;geometry_mesh;scatter_ecology,True,direct_test;module_test;live_probe,10,veilbreakers_terrain/tests/test_aaa_terrain_vegetation.py;veilbreakers_terrain/tests/test_aaa_water_scatter.py;veilbreakers_terrain/tests/test_coverage_gaps.py;veilbreakers_terrain/tests/test_cross_feature.py;veilbreakers_terrain/tests/test_environment_handlers.py;veilbreakers_terrain/tests/test_environment_scatter_handlers.py;veilbreakers_terrain/tests/test_geometric_quality.py;veilbreakers_terrain/tests/test_p2_subtle_fixes.py;...(+16),LOW,False,
_terrain_noise.py,smooth_road_path,smooth_road_path,2115,function,A,GRADED,file_qualified,blender_tool;water;geometry_mesh;scatter_ecology,True,direct_test;module_test;live_probe,10,veilbreakers_terrain/tests/test_aaa_terrain_vegetation.py;veilbreakers_terrain/tests/test_aaa_water_scatter.py;veilbreakers_terrain/tests/test_coverage_gaps.py;veilbreakers_terrain/tests/test_cross_feature.py;veilbreakers_terrain/tests/test_environment_handlers.py;veilbreakers_terrain/tests/test_environment_scatter_handlers.py;veilbreakers_terrain/tests/test_geometric_quality.py;veilbreakers_terrain/tests/test_p2_subtle_fixes.py;...(+16),LOW,False,
_terrain_noise.py,hydraulic_erosion,hydraulic_erosion,2145,function,A-,GRADED,file_qualified,blender_tool;water;geometry_mesh;scatter_ecology,True,direct_test;module_test;live_probe,10,veilbreakers_terrain/tests/test_aaa_terrain_vegetation.py;veilbreakers_terrain/tests/test_aaa_water_scatter.py;veilbreakers_terrain/tests/test_coverage_gaps.py;veilbreakers_terrain/tests/test_cross_feature.py;veilbreakers_terrain/tests/test_environment_handlers.py;veilbreakers_terrain/tests/test_environment_scatter_handlers.py;veilbreakers_terrain/tests/test_geometric_quality.py;veilbreakers_terrain/tests/test_p2_subtle_fixes.py;...(+16),LOW,False,
_terrain_noise.py,ridged_multifractal,ridged_multifractal,2441,function,A,GRADED,file_qualified,blender_tool;water;geometry_mesh;scatter_ecology,True,direct_test;module_test;live_probe,10,veilbreakers_terrain/tests/test_aaa_terrain_vegetation.py;veilbreakers_terrain/tests/test_aaa_water_scatter.py;veilbreakers_terrain/tests/test_coverage_gaps.py;veilbreakers_terrain/tests/test_cross_feature.py;veilbreakers_terrain/tests/test_environment_handlers.py;veilbreakers_terrain/tests/test_environment_scatter_handlers.py;veilbreakers_terrain/tests/test_geometric_quality.py;veilbreakers_terrain/tests/test_p2_subtle_fixes.py;...(+16),LOW,False,
_terrain_noise.py,ridged_multifractal_array,ridged_multifractal_array,2512,function,A,GRADED,file_qualified,blender_tool;water;geometry_mesh;scatter_ecology,True,direct_test;module_test;live_probe,10,veilbreakers_terrain/tests/test_aaa_terrain_vegetation.py;veilbreakers_terrain/tests/test_aaa_water_scatter.py;veilbreakers_terrain/tests/test_coverage_gaps.py;veilbreakers_terrain/tests/test_cross_feature.py;veilbreakers_terrain/tests/test_environment_handlers.py;veilbreakers_terrain/tests/test_environment_scatter_handlers.py;veilbreakers_terrain/tests/test_geometric_quality.py;veilbreakers_terrain/tests/test_p2_subtle_fixes.py;...(+16),LOW,False,
_terrain_noise.py,domain_warp,domain_warp,2573,function,A,GRADED,file_qualified,blender_tool;water;geometry_mesh;scatter_ecology,True,module_test;live_probe,6,veilbreakers_terrain/tests/test_aaa_terrain_vegetation.py;veilbreakers_terrain/tests/test_aaa_water_scatter.py;veilbreakers_terrain/tests/test_coverage_gaps.py;veilbreakers_terrain/tests/test_cross_feature.py;veilbreakers_terrain/tests/test_environment_handlers.py;veilbreakers_terrain/tests/test_environment_scatter_handlers.py;veilbreakers_terrain/tests/test_geometric_quality.py;veilbreakers_terrain/tests/test_p2_subtle_fixes.py;...(+16),LOW,False,direct_behavior_test
_terrain_noise.py,domain_warp_array,domain_warp_array,2621,function,A,GRADED,file_qualified,blender_tool;water;geometry_mesh;scatter_ecology,True,module_test;live_probe,6,veilbreakers_terrain/tests/test_aaa_terrain_vegetation.py;veilbreakers_terrain/tests/test_aaa_water_scatter.py;veilbreakers_terrain/tests/test_coverage_gaps.py;veilbreakers_terrain/tests/test_cross_feature.py;veilbreakers_terrain/tests/test_environment_handlers.py;veilbreakers_terrain/tests/test_environment_scatter_handlers.py;veilbreakers_terrain/tests/test_geometric_quality.py;veilbreakers_terrain/tests/test_p2_subtle_fixes.py;...(+16),LOW,False,direct_behavior_test
_terrain_noise.py,voronoi_biome_distribution,voronoi_biome_distribution,2663,function,A,GRADED,file_qualified,blender_tool;water;geometry_mesh;scatter_ecology,True,direct_test;module_test;live_probe,10,veilbreakers_terrain/tests/test_aaa_terrain_vegetation.py;veilbreakers_terrain/tests/test_aaa_water_scatter.py;veilbreakers_terrain/tests/test_coverage_gaps.py;veilbreakers_terrain/tests/test_cross_feature.py;veilbreakers_terrain/tests/test_environment_handlers.py;veilbreakers_terrain/tests/test_environment_scatter_handlers.py;veilbreakers_terrain/tests/test_geometric_quality.py;veilbreakers_terrain/tests/test_p2_subtle_fixes.py;...(+16),LOW,False,
_terrain_noise.py,generate_heightmap_ridged,generate_heightmap_ridged,2803,function,A,GRADED,file_qualified,blender_tool;water;geometry_mesh;scatter_ecology,True,direct_test;module_test;live_probe,10,veilbreakers_terrain/tests/test_aaa_terrain_vegetation.py;veilbreakers_terrain/tests/test_aaa_water_scatter.py;veilbreakers_terrain/tests/test_coverage_gaps.py;veilbreakers_terrain/tests/test_cross_feature.py;veilbreakers_terrain/tests/test_environment_handlers.py;veilbreakers_terrain/tests/test_environment_scatter_handlers.py;veilbreakers_terrain/tests/test_geometric_quality.py;veilbreakers_terrain/tests/test_p2_subtle_fixes.py;...(+16),LOW,False,
_terrain_noise.py,generate_heightmap_with_noise_type,generate_heightmap_with_noise_type,2867,function,A,GRADED,file_qualified,blender_tool;water;geometry_mesh;scatter_ecology,True,direct_test;module_test;live_probe,10,veilbreakers_terrain/tests/test_aaa_terrain_vegetation.py;veilbreakers_terrain/tests/test_aaa_water_scatter.py;veilbreakers_terrain/tests/test_coverage_gaps.py;veilbreakers_terrain/tests/test_cross_feature.py;veilbreakers_terrain/tests/test_environment_handlers.py;veilbreakers_terrain/tests/test_environment_scatter_handlers.py;veilbreakers_terrain/tests/test_geometric_quality.py;veilbreakers_terrain/tests/test_p2_subtle_fixes.py;...(+16),LOW,False,
_terrain_noise.py,auto_splat_terrain,auto_splat_terrain,2943,function,A,GRADED,file_qualified,blender_tool;materials_texturing;water;geometry_mesh;scatter_ecology,True,direct_test;module_test;live_probe,10,veilbreakers_terrain/tests/test_aaa_terrain_vegetation.py;veilbreakers_terrain/tests/test_aaa_water_scatter.py;veilbreakers_terrain/tests/test_coverage_gaps.py;veilbreakers_terrain/tests/test_cross_feature.py;veilbreakers_terrain/tests/test_environment_handlers.py;veilbreakers_terrain/tests/test_environment_scatter_handlers.py;veilbreakers_terrain/tests/test_geometric_quality.py;veilbreakers_terrain/tests/test_p2_subtle_fixes.py;...(+16),LOW,False,
_terrain_world.py,_sample_single_height,_sample_single_height,55,function,B+,GRADED,file_qualified,blender_tool;visual_qa;water;geometry_mesh;pipeline_wiring,True,module_test;live_probe,6,veilbreakers_terrain/tests/integration/test_full_terrain_pipeline.py;veilbreakers_terrain/tests/test_adjacent_tile_contract.py;veilbreakers_terrain/tests/test_erosion_freq_split.py;veilbreakers_terrain/tests/test_mesh_quality_phase14.py;veilbreakers_terrain/tests/test_p7_priority_flood.py;veilbreakers_terrain/tests/test_stream_power_erosion.py;veilbreakers_terrain/tests/test_terrain_chunking.py;veilbreakers_terrain/tests/test_terrain_tiling.py;...(+1),LOW,False,direct_behavior_test
_terrain_world.py,sample_world_height,sample_world_height,82,function,B+,GRADED,file_qualified,blender_tool;visual_qa;water;geometry_mesh;pipeline_wiring,True,direct_test;module_test;live_probe,10,veilbreakers_terrain/tests/integration/test_full_terrain_pipeline.py;veilbreakers_terrain/tests/test_adjacent_tile_contract.py;veilbreakers_terrain/tests/test_erosion_freq_split.py;veilbreakers_terrain/tests/test_mesh_quality_phase14.py;veilbreakers_terrain/tests/test_p7_priority_flood.py;veilbreakers_terrain/tests/test_stream_power_erosion.py;veilbreakers_terrain/tests/test_terrain_chunking.py;veilbreakers_terrain/tests/test_terrain_tiling.py;...(+1),LOW,False,
_terrain_world.py,generate_world_heightmap,generate_world_heightmap,122,function,C+,GRADED,file_qualified,blender_tool;visual_qa;water;geometry_mesh;pipeline_wiring,True,direct_test;module_test;live_probe,9,veilbreakers_terrain/tests/integration/test_full_terrain_pipeline.py;veilbreakers_terrain/tests/test_adjacent_tile_contract.py;veilbreakers_terrain/tests/test_environment_handlers.py;veilbreakers_terrain/tests/test_erosion_freq_split.py;veilbreakers_terrain/tests/test_mesh_quality_phase14.py;veilbreakers_terrain/tests/test_p7_priority_flood.py;veilbreakers_terrain/tests/test_stream_power_erosion.py;veilbreakers_terrain/tests/test_terrain_chunking.py;...(+2),LOW,False,
_terrain_world.py,extract_tile,extract_tile,259,function,A-,GRADED,file_qualified,blender_tool;visual_qa;water;geometry_mesh;pipeline_wiring,True,direct_test;module_test;live_probe,10,veilbreakers_terrain/tests/integration/test_full_terrain_pipeline.py;veilbreakers_terrain/tests/test_adjacent_tile_contract.py;veilbreakers_terrain/tests/test_erosion_freq_split.py;veilbreakers_terrain/tests/test_mesh_quality_phase14.py;veilbreakers_terrain/tests/test_p7_priority_flood.py;veilbreakers_terrain/tests/test_stream_power_erosion.py;veilbreakers_terrain/tests/test_terrain_chunking.py;veilbreakers_terrain/tests/test_terrain_tiling.py;...(+1),LOW,False,
_terrain_world.py,validate_tile_seams,validate_tile_seams,285,function,A,GRADED,file_qualified,blender_tool;visual_qa;water;geometry_mesh;pipeline_wiring,True,direct_test;module_test;live_probe,10,veilbreakers_terrain/tests/integration/test_full_terrain_pipeline.py;veilbreakers_terrain/tests/test_adjacent_tile_contract.py;veilbreakers_terrain/tests/test_erosion_freq_split.py;veilbreakers_terrain/tests/test_mesh_quality_phase14.py;veilbreakers_terrain/tests/test_p7_priority_flood.py;veilbreakers_terrain/tests/test_phase14_wave1.py;veilbreakers_terrain/tests/test_stream_power_erosion.py;veilbreakers_terrain/tests/test_terrain_chunking.py;...(+2),LOW,False,
_terrain_world.py,erode_world_heightmap,erode_world_heightmap,333,function,A,GRADED,file_qualified,blender_tool;visual_qa;water;geometry_mesh;pipeline_wiring,True,direct_test;module_test;live_probe,10,veilbreakers_terrain/tests/integration/test_full_terrain_pipeline.py;veilbreakers_terrain/tests/test_adjacent_tile_contract.py;veilbreakers_terrain/tests/test_erosion_freq_split.py;veilbreakers_terrain/tests/test_mesh_quality_phase14.py;veilbreakers_terrain/tests/test_p7_priority_flood.py;veilbreakers_terrain/tests/test_stream_power_erosion.py;veilbreakers_terrain/tests/test_terrain_chunking.py;veilbreakers_terrain/tests/test_terrain_tiling.py;...(+1),LOW,False,
_terrain_world.py,world_region_dimensions,world_region_dimensions,497,function,A,GRADED,file_qualified,blender_tool;visual_qa;water;geometry_mesh;pipeline_wiring,True,module_test;live_probe,6,veilbreakers_terrain/tests/integration/test_full_terrain_pipeline.py;veilbreakers_terrain/tests/test_adjacent_tile_contract.py;veilbreakers_terrain/tests/test_erosion_freq_split.py;veilbreakers_terrain/tests/test_mesh_quality_phase14.py;veilbreakers_terrain/tests/test_p7_priority_flood.py;veilbreakers_terrain/tests/test_stream_power_erosion.py;veilbreakers_terrain/tests/test_terrain_chunking.py;veilbreakers_terrain/tests/test_terrain_tiling.py;...(+1),LOW,False,direct_behavior_test
_terrain_world.py,_terrain_type_from_intent,_terrain_type_from_intent,513,function,D+,GRADED,file_qualified,blender_tool;visual_qa;water;geometry_mesh;pipeline_wiring,True,module_test;live_probe,5,veilbreakers_terrain/tests/integration/test_full_terrain_pipeline.py;veilbreakers_terrain/tests/test_adjacent_tile_contract.py;veilbreakers_terrain/tests/test_erosion_freq_split.py;veilbreakers_terrain/tests/test_mesh_quality_phase14.py;veilbreakers_terrain/tests/test_p7_priority_flood.py;veilbreakers_terrain/tests/test_stream_power_erosion.py;veilbreakers_terrain/tests/test_terrain_chunking.py;veilbreakers_terrain/tests/test_terrain_tiling.py;...(+1),LOW,False,direct_behavior_test
_terrain_world.py,_apply_post_height_seams,_apply_post_height_seams,549,function,D+,GRADED,file_qualified,blender_tool;visual_qa;water;geometry_mesh;pipeline_wiring,True,module_test;live_probe,5,veilbreakers_terrain/tests/integration/test_full_terrain_pipeline.py;veilbreakers_terrain/tests/test_adjacent_tile_contract.py;veilbreakers_terrain/tests/test_erosion_freq_split.py;veilbreakers_terrain/tests/test_mesh_quality_phase14.py;veilbreakers_terrain/tests/test_p7_priority_flood.py;veilbreakers_terrain/tests/test_stream_power_erosion.py;veilbreakers_terrain/tests/test_terrain_chunking.py;veilbreakers_terrain/tests/test_terrain_tiling.py;...(+1),LOW,False,direct_behavior_test
_terrain_world.py,pass_generate_low_freq_hmap,pass_generate_low_freq_hmap,565,function,D+,GRADED,file_qualified,blender_tool;visual_qa;water;geometry_mesh;pipeline_wiring,True,direct_test;module_test;live_probe,9,veilbreakers_terrain/tests/integration/test_full_terrain_pipeline.py;veilbreakers_terrain/tests/test_adjacent_tile_contract.py;veilbreakers_terrain/tests/test_erosion_freq_split.py;veilbreakers_terrain/tests/test_mesh_quality_phase14.py;veilbreakers_terrain/tests/test_p7_priority_flood.py;veilbreakers_terrain/tests/test_stream_power_erosion.py;veilbreakers_terrain/tests/test_terrain_chunking.py;veilbreakers_terrain/tests/test_terrain_master_registrar.py;...(+2),LOW,False,
_terrain_world.py,pass_generate_high_freq_detail,pass_generate_high_freq_detail,626,function,D+,GRADED,file_qualified,blender_tool;visual_qa;water;geometry_mesh;pipeline_wiring,True,direct_test;module_test;live_probe,9,veilbreakers_terrain/tests/integration/test_full_terrain_pipeline.py;veilbreakers_terrain/tests/test_adjacent_tile_contract.py;veilbreakers_terrain/tests/test_erosion_freq_split.py;veilbreakers_terrain/tests/test_mesh_quality_phase14.py;veilbreakers_terrain/tests/test_p7_priority_flood.py;veilbreakers_terrain/tests/test_stream_power_erosion.py;veilbreakers_terrain/tests/test_terrain_chunking.py;veilbreakers_terrain/tests/test_terrain_master_registrar.py;...(+2),LOW,False,
_terrain_world.py,pass_composite_hmap,pass_composite_hmap,685,function,D+,GRADED,file_qualified,blender_tool;visual_qa;water;geometry_mesh;pipeline_wiring,True,direct_test;module_test;live_probe,9,veilbreakers_terrain/tests/integration/test_full_terrain_pipeline.py;veilbreakers_terrain/tests/test_adjacent_tile_contract.py;veilbreakers_terrain/tests/test_erosion_freq_split.py;veilbreakers_terrain/tests/test_mesh_quality_phase14.py;veilbreakers_terrain/tests/test_p7_priority_flood.py;veilbreakers_terrain/tests/test_stream_power_erosion.py;veilbreakers_terrain/tests/test_terrain_chunking.py;veilbreakers_terrain/tests/test_terrain_master_registrar.py;...(+2),LOW,False,
_terrain_world.py,_region_slice,_region_slice,738,function,A,GRADED,file_qualified,blender_tool;visual_qa;water;geometry_mesh;pipeline_wiring,True,direct_test;module_test;live_probe,10,veilbreakers_terrain/tests/integration/test_full_terrain_pipeline.py;veilbreakers_terrain/tests/test_adjacent_tile_contract.py;veilbreakers_terrain/tests/test_erosion_freq_split.py;veilbreakers_terrain/tests/test_mesh_quality_phase14.py;veilbreakers_terrain/tests/test_p7_priority_flood.py;veilbreakers_terrain/tests/test_stream_power_erosion.py;veilbreakers_terrain/tests/test_terrain_chunking.py;veilbreakers_terrain/tests/test_terrain_tiling.py;...(+2),LOW,False,
_terrain_world.py,_protected_mask,_protected_mask,755,function,A,GRADED,file_qualified,blender_tool;visual_qa;water;geometry_mesh;pipeline_wiring,True,direct_test;module_test;live_probe,10,veilbreakers_terrain/tests/integration/test_full_terrain_pipeline.py;veilbreakers_terrain/tests/test_adjacent_tile_contract.py;veilbreakers_terrain/tests/test_erosion_freq_split.py;veilbreakers_terrain/tests/test_mesh_quality_phase14.py;veilbreakers_terrain/tests/test_p7_priority_flood.py;veilbreakers_terrain/tests/test_stream_power_erosion.py;veilbreakers_terrain/tests/test_terrain_chunking.py;veilbreakers_terrain/tests/test_terrain_tiling.py;...(+2),LOW,False,
_terrain_world.py,pass_macro_world,pass_macro_world,784,function,A,GRADED,file_qualified,blender_tool;visual_qa;water;geometry_mesh;pipeline_wiring,True,direct_test;module_test;live_probe,10,veilbreakers_terrain/tests/integration/test_full_terrain_pipeline.py;veilbreakers_terrain/tests/test_adjacent_tile_contract.py;veilbreakers_terrain/tests/test_erosion_freq_split.py;veilbreakers_terrain/tests/test_mesh_quality_phase14.py;veilbreakers_terrain/tests/test_p7_priority_flood.py;veilbreakers_terrain/tests/test_stream_power_erosion.py;veilbreakers_terrain/tests/test_terrain_chunking.py;veilbreakers_terrain/tests/test_terrain_tiling.py;...(+1),LOW,False,
_terrain_world.py,pass_structural_masks,pass_structural_masks,1022,function,A-,GRADED,file_qualified,blender_tool;visual_qa;water;geometry_mesh;pipeline_wiring,True,direct_test;module_test;live_probe,10,veilbreakers_terrain/tests/integration/test_full_terrain_pipeline.py;veilbreakers_terrain/tests/test_adjacent_tile_contract.py;veilbreakers_terrain/tests/test_erosion_freq_split.py;veilbreakers_terrain/tests/test_mesh_quality_phase14.py;veilbreakers_terrain/tests/test_p7_priority_flood.py;veilbreakers_terrain/tests/test_stream_power_erosion.py;veilbreakers_terrain/tests/test_terrain_chunking.py;veilbreakers_terrain/tests/test_terrain_tiling.py;...(+1),LOW,False,
_terrain_world.py,pass_erosion,pass_erosion,1064,function,A,GRADED,file_qualified,blender_tool;visual_qa;water;geometry_mesh;pipeline_wiring,True,direct_test;module_test;live_probe,10,veilbreakers_terrain/tests/integration/test_full_terrain_pipeline.py;veilbreakers_terrain/tests/test_adjacent_tile_contract.py;veilbreakers_terrain/tests/test_erosion_freq_split.py;veilbreakers_terrain/tests/test_mesh_quality_phase14.py;veilbreakers_terrain/tests/test_p7_priority_flood.py;veilbreakers_terrain/tests/test_stream_power_erosion.py;veilbreakers_terrain/tests/test_terrain_chunking.py;veilbreakers_terrain/tests/test_terrain_tiling.py;...(+1),LOW,False,
_terrain_world.py,pass_validation_minimal,pass_validation_minimal,1354,function,A,GRADED,file_qualified,blender_tool;visual_qa;water;geometry_mesh;pipeline_wiring,True,module_test;live_probe,6,veilbreakers_terrain/tests/integration/test_full_terrain_pipeline.py;veilbreakers_terrain/tests/test_adjacent_tile_contract.py;veilbreakers_terrain/tests/test_erosion_freq_split.py;veilbreakers_terrain/tests/test_mesh_quality_phase14.py;veilbreakers_terrain/tests/test_p7_priority_flood.py;veilbreakers_terrain/tests/test_stream_power_erosion.py;veilbreakers_terrain/tests/test_terrain_chunking.py;veilbreakers_terrain/tests/test_terrain_tiling.py;...(+1),LOW,False,direct_behavior_test
_water_network.py,compute_river_width,compute_river_width,132,function,A-,GRADED,file_qualified,blender_tool;water;pipeline_wiring,True,direct_test;module_test;live_probe,10,veilbreakers_terrain/tests/test_mesh_quality_phase14.py;veilbreakers_terrain/tests/test_p2_subtle_fixes.py;veilbreakers_terrain/tests/test_p7_priority_flood.py;veilbreakers_terrain/tests/test_phase14_wave1.py;veilbreakers_terrain/tests/test_phase_e_water_upgrade.py;veilbreakers_terrain/tests/test_physical_plausibility.py;veilbreakers_terrain/tests/test_terrain_wiring_integration.py;veilbreakers_terrain/tests/test_water_network_upgrade.py,LOW,False,
_water_network.py,_compute_river_depth,_compute_river_depth,155,function,A,GRADED,file_qualified,blender_tool;water;pipeline_wiring,True,module_test;live_probe,6,veilbreakers_terrain/tests/test_mesh_quality_phase14.py;veilbreakers_terrain/tests/test_p2_subtle_fixes.py;veilbreakers_terrain/tests/test_p7_priority_flood.py;veilbreakers_terrain/tests/test_phase14_wave1.py;veilbreakers_terrain/tests/test_phase_e_water_upgrade.py;veilbreakers_terrain/tests/test_physical_plausibility.py;veilbreakers_terrain/tests/test_terrain_wiring_integration.py;veilbreakers_terrain/tests/test_water_network_upgrade.py,LOW,False,direct_behavior_test
_water_network.py,trace_river_from_flow,trace_river_from_flow,213,function,A,GRADED,file_qualified,blender_tool;water;pipeline_wiring,True,direct_test;module_test;live_probe,10,veilbreakers_terrain/tests/test_mesh_quality_phase14.py;veilbreakers_terrain/tests/test_p2_subtle_fixes.py;veilbreakers_terrain/tests/test_p7_priority_flood.py;veilbreakers_terrain/tests/test_phase14_wave1.py;veilbreakers_terrain/tests/test_phase_e_water_upgrade.py;veilbreakers_terrain/tests/test_physical_plausibility.py;veilbreakers_terrain/tests/test_terrain_wiring_integration.py;veilbreakers_terrain/tests/test_water_network_upgrade.py,LOW,False,
_water_network.py,_build_sine_generated_waypoints,_build_sine_generated_waypoints,280,function,D+,GRADED,file_qualified,blender_tool;water;pipeline_wiring,True,module_test;live_probe,5,veilbreakers_terrain/tests/test_mesh_quality_phase14.py;veilbreakers_terrain/tests/test_p2_subtle_fixes.py;veilbreakers_terrain/tests/test_p7_priority_flood.py;veilbreakers_terrain/tests/test_phase14_wave1.py;veilbreakers_terrain/tests/test_phase_e_water_upgrade.py;veilbreakers_terrain/tests/test_physical_plausibility.py;veilbreakers_terrain/tests/test_terrain_wiring_integration.py;veilbreakers_terrain/tests/test_water_network_upgrade.py,LOW,False,direct_behavior_test
_water_network.py,_resolve_flats_epsilon,_resolve_flats_epsilon,416,function,D+,GRADED,file_qualified,blender_tool;water;pipeline_wiring,True,module_test;live_probe,5,veilbreakers_terrain/tests/test_mesh_quality_phase14.py;veilbreakers_terrain/tests/test_p2_subtle_fixes.py;veilbreakers_terrain/tests/test_p7_priority_flood.py;veilbreakers_terrain/tests/test_phase14_wave1.py;veilbreakers_terrain/tests/test_phase_e_water_upgrade.py;veilbreakers_terrain/tests/test_physical_plausibility.py;veilbreakers_terrain/tests/test_terrain_wiring_integration.py;veilbreakers_terrain/tests/test_water_network_upgrade.py,LOW,False,direct_behavior_test
_water_network.py,priority_flood_d8,priority_flood_d8,513,function,D+,GRADED,file_qualified,blender_tool;water;pipeline_wiring,True,direct_test;module_test;live_probe,9,veilbreakers_terrain/tests/test_mesh_quality_phase14.py;veilbreakers_terrain/tests/test_p2_subtle_fixes.py;veilbreakers_terrain/tests/test_p7_priority_flood.py;veilbreakers_terrain/tests/test_phase14_wave1.py;veilbreakers_terrain/tests/test_phase_e_water_upgrade.py;veilbreakers_terrain/tests/test_physical_plausibility.py;veilbreakers_terrain/tests/test_terrain_wiring_integration.py;veilbreakers_terrain/tests/test_water_network_upgrade.py,LOW,False,
_water_network.py,pass_hydrology,pass_hydrology,606,function,A-,GRADED,file_qualified,blender_tool;water;pipeline_wiring,True,direct_test;module_test;live_probe,10,veilbreakers_terrain/tests/test_environment_handlers.py;veilbreakers_terrain/tests/test_mesh_quality_phase14.py;veilbreakers_terrain/tests/test_p2_subtle_fixes.py;veilbreakers_terrain/tests/test_p7_priority_flood.py;veilbreakers_terrain/tests/test_phase14_wave1.py;veilbreakers_terrain/tests/test_phase_e_water_upgrade.py;veilbreakers_terrain/tests/test_physical_plausibility.py;veilbreakers_terrain/tests/test_terrain_wiring_integration.py;...(+1),LOW,False,
_water_network.py,register_pass_hydrology,register_pass_hydrology,654,function,A-,GRADED,file_qualified,blender_tool;water;pipeline_wiring,True,module_test;live_probe,6,veilbreakers_terrain/tests/test_mesh_quality_phase14.py;veilbreakers_terrain/tests/test_p2_subtle_fixes.py;veilbreakers_terrain/tests/test_p7_priority_flood.py;veilbreakers_terrain/tests/test_phase14_wave1.py;veilbreakers_terrain/tests/test_phase_e_water_upgrade.py;veilbreakers_terrain/tests/test_physical_plausibility.py;veilbreakers_terrain/tests/test_terrain_wiring_integration.py;veilbreakers_terrain/tests/test_water_network_upgrade.py,LOW,False,direct_behavior_test
_water_network.py,pass_water_flow_speed,pass_water_flow_speed,705,function,A,GRADED,file_qualified,blender_tool;water;pipeline_wiring,True,direct_test;module_test;live_probe,10,veilbreakers_terrain/tests/test_live_readiness_regressions.py;veilbreakers_terrain/tests/test_mesh_quality_phase14.py;veilbreakers_terrain/tests/test_p2_subtle_fixes.py;veilbreakers_terrain/tests/test_p7_priority_flood.py;veilbreakers_terrain/tests/test_phase14_wave1.py;veilbreakers_terrain/tests/test_phase_e_water_upgrade.py;veilbreakers_terrain/tests/test_physical_plausibility.py;veilbreakers_terrain/tests/test_terrain_wiring_integration.py;...(+1),LOW,False,
_water_network.py,compute_flow_direction_field,compute_flow_direction_field,845,function,D+,GRADED,file_qualified,blender_tool;water;pipeline_wiring,True,direct_test;module_test;live_probe,9,veilbreakers_terrain/tests/test_mesh_quality_phase14.py;veilbreakers_terrain/tests/test_p2_subtle_fixes.py;veilbreakers_terrain/tests/test_p7_priority_flood.py;veilbreakers_terrain/tests/test_phase14_wave1.py;veilbreakers_terrain/tests/test_phase_e_water_upgrade.py;veilbreakers_terrain/tests/test_physical_plausibility.py;veilbreakers_terrain/tests/test_terrain_wiring_integration.py;veilbreakers_terrain/tests/test_water_network_upgrade.py,LOW,False,
_water_network.py,bake_flow_direction_vertex_color,bake_flow_direction_vertex_color,907,function,D+,GRADED,file_qualified,blender_tool;water;pipeline_wiring,True,direct_test;module_test;live_probe,9,veilbreakers_terrain/tests/test_mesh_quality_phase14.py;veilbreakers_terrain/tests/test_p2_subtle_fixes.py;veilbreakers_terrain/tests/test_p7_priority_flood.py;veilbreakers_terrain/tests/test_phase14_wave1.py;veilbreakers_terrain/tests/test_phase_e_water_upgrade.py;veilbreakers_terrain/tests/test_physical_plausibility.py;veilbreakers_terrain/tests/test_terrain_wiring_integration.py;veilbreakers_terrain/tests/test_water_network_upgrade.py,LOW,False,
_water_network.py,register_pass_water_flow_speed,register_pass_water_flow_speed,988,function,A,GRADED,file_qualified,blender_tool;water;pipeline_wiring,True,module_test;live_probe,6,veilbreakers_terrain/tests/test_mesh_quality_phase14.py;veilbreakers_terrain/tests/test_p2_subtle_fixes.py;veilbreakers_terrain/tests/test_p7_priority_flood.py;veilbreakers_terrain/tests/test_phase14_wave1.py;veilbreakers_terrain/tests/test_phase_e_water_upgrade.py;veilbreakers_terrain/tests/test_physical_plausibility.py;veilbreakers_terrain/tests/test_terrain_wiring_integration.py;veilbreakers_terrain/tests/test_water_network_upgrade.py,LOW,False,direct_behavior_test
_water_network.py,detect_lakes,detect_lakes,1013,function,A,GRADED,file_qualified,blender_tool;water;pipeline_wiring,True,direct_test;module_test;live_probe,10,veilbreakers_terrain/tests/test_mesh_quality_phase14.py;veilbreakers_terrain/tests/test_p2_subtle_fixes.py;veilbreakers_terrain/tests/test_p7_priority_flood.py;veilbreakers_terrain/tests/test_phase14_wave1.py;veilbreakers_terrain/tests/test_phase_e_water_upgrade.py;veilbreakers_terrain/tests/test_physical_plausibility.py;veilbreakers_terrain/tests/test_terrain_wiring_integration.py;veilbreakers_terrain/tests/test_water_network_upgrade.py,LOW,False,
_water_network.py,detect_waterfalls,detect_waterfalls,1232,function,A,GRADED,file_qualified,blender_tool;water;pipeline_wiring,True,module_test;live_probe,6,veilbreakers_terrain/tests/test_mesh_quality_phase14.py;veilbreakers_terrain/tests/test_p2_subtle_fixes.py;veilbreakers_terrain/tests/test_p7_priority_flood.py;veilbreakers_terrain/tests/test_phase14_wave1.py;veilbreakers_terrain/tests/test_phase_e_water_upgrade.py;veilbreakers_terrain/tests/test_physical_plausibility.py;veilbreakers_terrain/tests/test_terrain_wiring_integration.py;veilbreakers_terrain/tests/test_water_network_upgrade.py,LOW,False,direct_behavior_test
_water_network.py,_find_high_accumulation_sources,_find_high_accumulation_sources,1376,function,A,GRADED,file_qualified,blender_tool;water;pipeline_wiring,True,module_test;live_probe,6,veilbreakers_terrain/tests/test_mesh_quality_phase14.py;veilbreakers_terrain/tests/test_p2_subtle_fixes.py;veilbreakers_terrain/tests/test_p7_priority_flood.py;veilbreakers_terrain/tests/test_phase14_wave1.py;veilbreakers_terrain/tests/test_phase_e_water_upgrade.py;veilbreakers_terrain/tests/test_physical_plausibility.py;veilbreakers_terrain/tests/test_terrain_wiring_integration.py;veilbreakers_terrain/tests/test_water_network_upgrade.py,LOW,False,direct_behavior_test
_water_network.py,compute_velocity_field,compute_velocity_field,1470,function,D+,GRADED,file_qualified,blender_tool;water;pipeline_wiring,True,direct_test;module_test;live_probe,9,veilbreakers_terrain/tests/test_mesh_quality_phase14.py;veilbreakers_terrain/tests/test_p2_subtle_fixes.py;veilbreakers_terrain/tests/test_p7_priority_flood.py;veilbreakers_terrain/tests/test_phase14_wave1.py;veilbreakers_terrain/tests/test_phase_e_water_upgrade.py;veilbreakers_terrain/tests/test_physical_plausibility.py;veilbreakers_terrain/tests/test_terrain_best_practice_guardrail.py;veilbreakers_terrain/tests/test_terrain_wiring_integration.py;...(+1),LOW,False,
_water_network.py,WaterNetwork._alloc_node_id,_alloc_node_id,1619,method,A,GRADED,file_simple,blender_tool;water;pipeline_wiring,True,module_test;live_probe,6,veilbreakers_terrain/tests/test_mesh_quality_phase14.py;veilbreakers_terrain/tests/test_p2_subtle_fixes.py;veilbreakers_terrain/tests/test_p7_priority_flood.py;veilbreakers_terrain/tests/test_phase14_wave1.py;veilbreakers_terrain/tests/test_phase_e_water_upgrade.py;veilbreakers_terrain/tests/test_physical_plausibility.py;veilbreakers_terrain/tests/test_terrain_wiring_integration.py;veilbreakers_terrain/tests/test_water_network_upgrade.py,LOW,False,direct_behavior_test
_water_network.py,WaterNetwork._alloc_segment_id,_alloc_segment_id,1624,method,A,GRADED,file_simple,blender_tool;water;pipeline_wiring,True,module_test;live_probe,6,veilbreakers_terrain/tests/test_mesh_quality_phase14.py;veilbreakers_terrain/tests/test_p2_subtle_fixes.py;veilbreakers_terrain/tests/test_p7_priority_flood.py;veilbreakers_terrain/tests/test_phase14_wave1.py;veilbreakers_terrain/tests/test_phase_e_water_upgrade.py;veilbreakers_terrain/tests/test_physical_plausibility.py;veilbreakers_terrain/tests/test_terrain_wiring_integration.py;veilbreakers_terrain/tests/test_water_network_upgrade.py,LOW,False,direct_behavior_test
_water_network.py,WaterNetwork._alloc_network_id,_alloc_network_id,1629,method,A,GRADED,file_simple,blender_tool;water;pipeline_wiring,True,module_test;live_probe,6,veilbreakers_terrain/tests/test_mesh_quality_phase14.py;veilbreakers_terrain/tests/test_p2_subtle_fixes.py;veilbreakers_terrain/tests/test_p7_priority_flood.py;veilbreakers_terrain/tests/test_phase14_wave1.py;veilbreakers_terrain/tests/test_phase_e_water_upgrade.py;veilbreakers_terrain/tests/test_physical_plausibility.py;veilbreakers_terrain/tests/test_terrain_wiring_integration.py;veilbreakers_terrain/tests/test_water_network_upgrade.py,LOW,False,direct_behavior_test
_water_network.py,WaterNetwork._grid_to_world,_grid_to_world,1634,method,A,GRADED,file_simple,blender_tool;water;pipeline_wiring,True,module_test;live_probe,6,veilbreakers_terrain/tests/test_mesh_quality_phase14.py;veilbreakers_terrain/tests/test_p2_subtle_fixes.py;veilbreakers_terrain/tests/test_p7_priority_flood.py;veilbreakers_terrain/tests/test_phase14_wave1.py;veilbreakers_terrain/tests/test_phase_e_water_upgrade.py;veilbreakers_terrain/tests/test_physical_plausibility.py;veilbreakers_terrain/tests/test_terrain_wiring_integration.py;veilbreakers_terrain/tests/test_water_network_upgrade.py,LOW,False,direct_behavior_test
_water_network.py,WaterNetwork.from_heightmap,from_heightmap,1647,method,A,GRADED,file_qualified,blender_tool;water;geometry_mesh;pipeline_wiring,True,module_test;live_probe,6,veilbreakers_terrain/tests/test_mesh_quality_phase14.py;veilbreakers_terrain/tests/test_p2_subtle_fixes.py;veilbreakers_terrain/tests/test_p7_priority_flood.py;veilbreakers_terrain/tests/test_phase14_wave1.py;veilbreakers_terrain/tests/test_phase_e_water_upgrade.py;veilbreakers_terrain/tests/test_physical_plausibility.py;veilbreakers_terrain/tests/test_terrain_wiring_integration.py;veilbreakers_terrain/tests/test_water_network_upgrade.py,LOW,False,direct_behavior_test
_water_network.py,WaterNetwork._manning_discharge,_manning_discharge,1929,method,D+,GRADED,file_qualified,blender_tool;water;pipeline_wiring,True,module_test;live_probe,5,veilbreakers_terrain/tests/test_mesh_quality_phase14.py;veilbreakers_terrain/tests/test_p2_subtle_fixes.py;veilbreakers_terrain/tests/test_p7_priority_flood.py;veilbreakers_terrain/tests/test_phase14_wave1.py;veilbreakers_terrain/tests/test_phase_e_water_upgrade.py;veilbreakers_terrain/tests/test_physical_plausibility.py;veilbreakers_terrain/tests/test_terrain_wiring_integration.py;veilbreakers_terrain/tests/test_water_network_upgrade.py,LOW,False,direct_behavior_test
_water_network.py,WaterNetwork._compute_tile_contracts,_compute_tile_contracts,1974,method,B+,GRADED,file_simple,blender_tool;water;pipeline_wiring,True,direct_test;module_test;live_probe,10,veilbreakers_terrain/tests/test_mesh_quality_phase14.py;veilbreakers_terrain/tests/test_p2_subtle_fixes.py;veilbreakers_terrain/tests/test_p7_priority_flood.py;veilbreakers_terrain/tests/test_phase14_wave1.py;veilbreakers_terrain/tests/test_phase_e_water_upgrade.py;veilbreakers_terrain/tests/test_physical_plausibility.py;veilbreakers_terrain/tests/test_terrain_wiring_integration.py;veilbreakers_terrain/tests/test_water_network_upgrade.py,LOW,False,
_water_network.py,WaterNetwork.get_tile_contracts,get_tile_contracts,2257,method,A,GRADED,file_simple,blender_tool;water;pipeline_wiring,True,module_test;live_probe,6,veilbreakers_terrain/tests/test_mesh_quality_phase14.py;veilbreakers_terrain/tests/test_p2_subtle_fixes.py;veilbreakers_terrain/tests/test_p7_priority_flood.py;veilbreakers_terrain/tests/test_phase14_wave1.py;veilbreakers_terrain/tests/test_phase_e_water_upgrade.py;veilbreakers_terrain/tests/test_physical_plausibility.py;veilbreakers_terrain/tests/test_terrain_wiring_integration.py;veilbreakers_terrain/tests/test_water_network_upgrade.py,LOW,False,direct_behavior_test
_water_network.py,WaterNetwork.get_edge_head_levels,get_edge_head_levels,2271,method,D+,GRADED,file_qualified,blender_tool;water;pipeline_wiring,True,module_test;live_probe,5,veilbreakers_terrain/tests/test_mesh_quality_phase14.py;veilbreakers_terrain/tests/test_p2_subtle_fixes.py;veilbreakers_terrain/tests/test_p7_priority_flood.py;veilbreakers_terrain/tests/test_phase14_wave1.py;veilbreakers_terrain/tests/test_phase_e_water_upgrade.py;veilbreakers_terrain/tests/test_physical_plausibility.py;veilbreakers_terrain/tests/test_terrain_wiring_integration.py;veilbreakers_terrain/tests/test_water_network_upgrade.py,LOW,False,direct_behavior_test
_water_network.py,WaterNetwork.get_velocity_field,get_velocity_field,2306,method,D+,GRADED,file_qualified,blender_tool;water;pipeline_wiring,True,module_test;live_probe,5,veilbreakers_terrain/tests/test_mesh_quality_phase14.py;veilbreakers_terrain/tests/test_p2_subtle_fixes.py;veilbreakers_terrain/tests/test_p7_priority_flood.py;veilbreakers_terrain/tests/test_phase14_wave1.py;veilbreakers_terrain/tests/test_phase_e_water_upgrade.py;veilbreakers_terrain/tests/test_physical_plausibility.py;veilbreakers_terrain/tests/test_terrain_wiring_integration.py;veilbreakers_terrain/tests/test_water_network_upgrade.py,LOW,False,direct_behavior_test
_water_network.py,WaterNetwork.validate_seam_continuity,validate_seam_continuity,2315,method,D+,GRADED,file_qualified,blender_tool;water;pipeline_wiring,True,module_test;live_probe,5,veilbreakers_terrain/tests/test_mesh_quality_phase14.py;veilbreakers_terrain/tests/test_p2_subtle_fixes.py;veilbreakers_terrain/tests/test_p7_priority_flood.py;veilbreakers_terrain/tests/test_phase14_wave1.py;veilbreakers_terrain/tests/test_phase_e_water_upgrade.py;veilbreakers_terrain/tests/test_physical_plausibility.py;veilbreakers_terrain/tests/test_terrain_wiring_integration.py;veilbreakers_terrain/tests/test_water_network_upgrade.py,LOW,False,direct_behavior_test
_water_network.py,WaterNetwork.get_tile_water_features,get_tile_water_features,2408,method,A,GRADED,file_simple,blender_tool;water;pipeline_wiring,True,module_test;live_probe,6,veilbreakers_terrain/tests/test_mesh_quality_phase14.py;veilbreakers_terrain/tests/test_p2_subtle_fixes.py;veilbreakers_terrain/tests/test_p7_priority_flood.py;veilbreakers_terrain/tests/test_phase14_wave1.py;veilbreakers_terrain/tests/test_phase_e_water_upgrade.py;veilbreakers_terrain/tests/test_physical_plausibility.py;veilbreakers_terrain/tests/test_terrain_wiring_integration.py;veilbreakers_terrain/tests/test_water_network_upgrade.py,LOW,False,direct_behavior_test
_water_network.py,WaterNetwork.compute_strahler_orders,compute_strahler_orders,2654,method,A-,GRADED,file_simple,blender_tool;water;pipeline_wiring,True,direct_test;module_test;live_probe,10,veilbreakers_terrain/tests/test_mesh_quality_phase14.py;veilbreakers_terrain/tests/test_p2_subtle_fixes.py;veilbreakers_terrain/tests/test_p7_priority_flood.py;veilbreakers_terrain/tests/test_phase14_wave1.py;veilbreakers_terrain/tests/test_phase_e_water_upgrade.py;veilbreakers_terrain/tests/test_physical_plausibility.py;veilbreakers_terrain/tests/test_terrain_wiring_integration.py;veilbreakers_terrain/tests/test_water_network_upgrade.py,LOW,False,
_water_network.py,WaterNetwork.compute_shreve_orders,compute_shreve_orders,2749,method,D+,GRADED,file_qualified,blender_tool;water;pipeline_wiring,True,module_test;live_probe,5,veilbreakers_terrain/tests/test_mesh_quality_phase14.py;veilbreakers_terrain/tests/test_p2_subtle_fixes.py;veilbreakers_terrain/tests/test_p7_priority_flood.py;veilbreakers_terrain/tests/test_phase14_wave1.py;veilbreakers_terrain/tests/test_phase_e_water_upgrade.py;veilbreakers_terrain/tests/test_physical_plausibility.py;veilbreakers_terrain/tests/test_terrain_wiring_integration.py;veilbreakers_terrain/tests/test_water_network_upgrade.py,LOW,False,direct_behavior_test
_water_network.py,WaterNetwork.assign_strahler_orders,assign_strahler_orders,2815,method,A,GRADED,file_simple,blender_tool;water;pipeline_wiring,True,direct_test;module_test;live_probe,10,veilbreakers_terrain/tests/test_mesh_quality_phase14.py;veilbreakers_terrain/tests/test_p2_subtle_fixes.py;veilbreakers_terrain/tests/test_p7_priority_flood.py;veilbreakers_terrain/tests/test_phase14_wave1.py;veilbreakers_terrain/tests/test_phase_e_water_upgrade.py;veilbreakers_terrain/tests/test_physical_plausibility.py;veilbreakers_terrain/tests/test_terrain_wiring_integration.py;veilbreakers_terrain/tests/test_water_network_upgrade.py,LOW,False,
_water_network.py,WaterNetwork.get_trunk_segments,get_trunk_segments,2834,method,A-,GRADED,file_simple,blender_tool;water;pipeline_wiring,True,direct_test;module_test;live_probe,10,veilbreakers_terrain/tests/test_mesh_quality_phase14.py;veilbreakers_terrain/tests/test_p2_subtle_fixes.py;veilbreakers_terrain/tests/test_p7_priority_flood.py;veilbreakers_terrain/tests/test_phase14_wave1.py;veilbreakers_terrain/tests/test_phase_e_water_upgrade.py;veilbreakers_terrain/tests/test_physical_plausibility.py;veilbreakers_terrain/tests/test_terrain_wiring_integration.py;veilbreakers_terrain/tests/test_water_network_upgrade.py,LOW,False,
_water_network.py,WaterNetwork.to_dict,to_dict,2846,method,A,GRADED,file_simple,blender_tool;water;pipeline_wiring,True,direct_test;module_test;live_probe,10,veilbreakers_terrain/tests/test_mesh_quality_phase14.py;veilbreakers_terrain/tests/test_p2_subtle_fixes.py;veilbreakers_terrain/tests/test_p7_priority_flood.py;veilbreakers_terrain/tests/test_phase14_wave1.py;veilbreakers_terrain/tests/test_phase_e_water_upgrade.py;veilbreakers_terrain/tests/test_physical_plausibility.py;veilbreakers_terrain/tests/test_terrain_advanced.py;veilbreakers_terrain/tests/test_terrain_best_practice_guardrail.py;...(+3),LOW,False,
_water_network.py,WaterNetwork.from_dict,from_dict,2940,method,A-,GRADED,file_simple,blender_tool;water;pipeline_wiring,True,direct_test;module_test;live_probe,10,veilbreakers_terrain/tests/test_mesh_quality_phase14.py;veilbreakers_terrain/tests/test_p2_subtle_fixes.py;veilbreakers_terrain/tests/test_p7_priority_flood.py;veilbreakers_terrain/tests/test_phase14_wave1.py;veilbreakers_terrain/tests/test_phase_e_water_upgrade.py;veilbreakers_terrain/tests/test_physical_plausibility.py;veilbreakers_terrain/tests/test_terrain_advanced.py;veilbreakers_terrain/tests/test_terrain_deep_qa.py;...(+2),LOW,False,
_water_network.py,_apply_delta_fan,_apply_delta_fan,2997,function,D+,GRADED,file_qualified,blender_tool;water;pipeline_wiring,True,module_test;live_probe,5,veilbreakers_terrain/tests/test_mesh_quality_phase14.py;veilbreakers_terrain/tests/test_p2_subtle_fixes.py;veilbreakers_terrain/tests/test_p7_priority_flood.py;veilbreakers_terrain/tests/test_phase14_wave1.py;veilbreakers_terrain/tests/test_phase_e_water_upgrade.py;veilbreakers_terrain/tests/test_physical_plausibility.py;veilbreakers_terrain/tests/test_terrain_wiring_integration.py;veilbreakers_terrain/tests/test_water_network_upgrade.py,LOW,False,direct_behavior_test
_water_network.py,detect_river_mouth_zones,detect_river_mouth_zones,3075,function,A,GRADED,file_qualified,blender_tool;water;pipeline_wiring,True,module_test;live_probe,6,veilbreakers_terrain/tests/test_mesh_quality_phase14.py;veilbreakers_terrain/tests/test_p2_subtle_fixes.py;veilbreakers_terrain/tests/test_p7_priority_flood.py;veilbreakers_terrain/tests/test_phase14_wave1.py;veilbreakers_terrain/tests/test_phase_e_water_upgrade.py;veilbreakers_terrain/tests/test_physical_plausibility.py;veilbreakers_terrain/tests/test_terrain_wiring_integration.py;veilbreakers_terrain/tests/test_water_network_upgrade.py,LOW,False,direct_behavior_test
_water_network.py,_build_delta_fan_direction,_build_delta_fan_direction,3170,function,A,GRADED,file_qualified,blender_tool;water;pipeline_wiring,True,module_test;live_probe,6,veilbreakers_terrain/tests/test_mesh_quality_phase14.py;veilbreakers_terrain/tests/test_p2_subtle_fixes.py;veilbreakers_terrain/tests/test_p7_priority_flood.py;veilbreakers_terrain/tests/test_phase14_wave1.py;veilbreakers_terrain/tests/test_phase_e_water_upgrade.py;veilbreakers_terrain/tests/test_physical_plausibility.py;veilbreakers_terrain/tests/test_terrain_wiring_integration.py;veilbreakers_terrain/tests/test_water_network_upgrade.py,LOW,False,direct_behavior_test
_water_network.py,_build_confluence_foam,_build_confluence_foam,3215,function,A,GRADED,file_qualified,blender_tool;water;pipeline_wiring,True,module_test;live_probe,6,veilbreakers_terrain/tests/test_mesh_quality_phase14.py;veilbreakers_terrain/tests/test_p2_subtle_fixes.py;veilbreakers_terrain/tests/test_p7_priority_flood.py;veilbreakers_terrain/tests/test_phase14_wave1.py;veilbreakers_terrain/tests/test_phase_e_water_upgrade.py;veilbreakers_terrain/tests/test_physical_plausibility.py;veilbreakers_terrain/tests/test_terrain_wiring_integration.py;veilbreakers_terrain/tests/test_water_network_upgrade.py,LOW,False,direct_behavior_test
_water_network.py,pass_river_convergence,pass_river_convergence,3286,function,A,GRADED,file_qualified,blender_tool;water;pipeline_wiring,True,direct_test;module_test;live_probe,10,veilbreakers_terrain/tests/test_live_readiness_regressions.py;veilbreakers_terrain/tests/test_mesh_quality_phase14.py;veilbreakers_terrain/tests/test_p2_subtle_fixes.py;veilbreakers_terrain/tests/test_p7_priority_flood.py;veilbreakers_terrain/tests/test_phase14_wave1.py;veilbreakers_terrain/tests/test_phase_e_water_upgrade.py;veilbreakers_terrain/tests/test_physical_plausibility.py;veilbreakers_terrain/tests/test_terrain_wiring_integration.py;...(+1),LOW,False,
_water_network.py,register_pass_river_convergence,register_pass_river_convergence,3362,function,A,GRADED,file_qualified,blender_tool;water;pipeline_wiring,True,module_test;live_probe,6,veilbreakers_terrain/tests/test_mesh_quality_phase14.py;veilbreakers_terrain/tests/test_p2_subtle_fixes.py;veilbreakers_terrain/tests/test_p7_priority_flood.py;veilbreakers_terrain/tests/test_phase14_wave1.py;veilbreakers_terrain/tests/test_phase_e_water_upgrade.py;veilbreakers_terrain/tests/test_physical_plausibility.py;veilbreakers_terrain/tests/test_terrain_wiring_integration.py;veilbreakers_terrain/tests/test_water_network_upgrade.py,LOW,False,direct_behavior_test
_water_network.py,build_braided_polylines,build_braided_polylines,3388,function,D+,GRADED,file_qualified,blender_tool;water;pipeline_wiring,True,direct_test;module_test;live_probe,9,veilbreakers_terrain/tests/test_mesh_quality_phase14.py;veilbreakers_terrain/tests/test_p2_subtle_fixes.py;veilbreakers_terrain/tests/test_p7_priority_flood.py;veilbreakers_terrain/tests/test_phase14_wave1.py;veilbreakers_terrain/tests/test_phase_e_water_upgrade.py;veilbreakers_terrain/tests/test_physical_plausibility.py;veilbreakers_terrain/tests/test_terrain_wiring_integration.py;veilbreakers_terrain/tests/test_water_network_upgrade.py,LOW,False,
_water_network.py,validate_flow_direction_continuity,validate_flow_direction_continuity,3473,function,D+,GRADED,file_qualified,blender_tool;water;pipeline_wiring,True,direct_test;module_test;live_probe,9,veilbreakers_terrain/tests/test_mesh_quality_phase14.py;veilbreakers_terrain/tests/test_p2_subtle_fixes.py;veilbreakers_terrain/tests/test_p7_priority_flood.py;veilbreakers_terrain/tests/test_phase14_wave1.py;veilbreakers_terrain/tests/test_phase_e_water_upgrade.py;veilbreakers_terrain/tests/test_physical_plausibility.py;veilbreakers_terrain/tests/test_terrain_wiring_integration.py;veilbreakers_terrain/tests/test_water_network_upgrade.py,LOW,False,
_water_network_ext.py,add_meander,add_meander,43,function,A,GRADED,file_qualified,blender_tool;water;geometry_mesh,True,direct_test;module_test;live_probe,10,veilbreakers_terrain/tests/test_phase_e_water_upgrade.py;veilbreakers_terrain/tests/test_terrain_waterfalls.py;veilbreakers_terrain/tests/test_water_network_upgrade.py,LOW,False,
_water_network_ext.py,apply_bank_asymmetry,apply_bank_asymmetry,188,function,A,GRADED,file_qualified,blender_tool;water;geometry_mesh,True,direct_test;module_test;live_probe,10,veilbreakers_terrain/tests/test_phase_e_water_upgrade.py;veilbreakers_terrain/tests/test_terrain_waterfalls.py;veilbreakers_terrain/tests/test_water_network_upgrade.py,LOW,False,
_water_network_ext.py,solve_outflow,solve_outflow,262,function,A,GRADED,file_qualified,blender_tool;water;geometry_mesh,True,direct_test;module_test;live_probe,10,veilbreakers_terrain/tests/test_phase_e_water_upgrade.py;veilbreakers_terrain/tests/test_terrain_waterfalls.py;veilbreakers_terrain/tests/test_water_network_upgrade.py,LOW,False,
_water_network_ext.py,_world_to_grid,_world_to_grid,524,function,A,GRADED,file_qualified,blender_tool;water;geometry_mesh,True,direct_test;module_test;live_probe,10,veilbreakers_terrain/tests/test_phase_e_water_upgrade.py;veilbreakers_terrain/tests/test_terrain_waterfalls.py;veilbreakers_terrain/tests/test_water_network_upgrade.py,LOW,False,
_water_network_ext.py,compute_wet_rock_mask,compute_wet_rock_mask,547,function,A,GRADED,file_qualified,blender_tool;water;geometry_mesh,True,direct_test;module_test;live_probe,10,veilbreakers_terrain/tests/test_phase_e_water_upgrade.py;veilbreakers_terrain/tests/test_terrain_waterfalls.py;veilbreakers_terrain/tests/test_water_network_upgrade.py,LOW,False,
_water_network_ext.py,compute_foam_mask,compute_foam_mask,711,function,B-,GRADED,file_qualified,blender_tool;water;geometry_mesh,True,direct_test;module_test;live_probe,9,veilbreakers_terrain/tests/test_phase_e_water_upgrade.py;veilbreakers_terrain/tests/test_terrain_waterfalls.py;veilbreakers_terrain/tests/test_water_network_upgrade.py,LOW,False,
_water_network_ext.py,compute_mist_mask,compute_mist_mask,847,function,B-,GRADED,file_qualified,blender_tool;water;geometry_mesh,True,direct_test;module_test;live_probe,9,veilbreakers_terrain/tests/test_phase_e_water_upgrade.py;veilbreakers_terrain/tests/test_terrain_waterfalls.py;veilbreakers_terrain/tests/test_water_network_upgrade.py,LOW,False,
_water_network_ext.py,_tileable_value_noise,_tileable_value_noise,1003,function,D+,GRADED,file_qualified,blender_tool;water;geometry_mesh,True,module_test;live_probe,5,veilbreakers_terrain/tests/test_phase_e_water_upgrade.py;veilbreakers_terrain/tests/test_terrain_waterfalls.py;veilbreakers_terrain/tests/test_water_network_upgrade.py,LOW,False,direct_behavior_test
_water_network_ext.py,compute_riverbed_caustics,compute_riverbed_caustics,1048,function,D+,GRADED,file_qualified,blender_tool;water;geometry_mesh,True,direct_test;module_test;live_probe,9,veilbreakers_terrain/tests/test_phase_e_water_upgrade.py;veilbreakers_terrain/tests/test_terrain_waterfalls.py;veilbreakers_terrain/tests/test_water_network_upgrade.py,LOW,False,
animation_environment.py,_ease_in_cubic_tangent,_ease_in_cubic_tangent,73,function,A,GRADED,file_qualified,blender_tool;water;geometry_mesh,True,direct_test;module_test;live_probe,10,veilbreakers_terrain/tests/test_animation_environment.py;veilbreakers_terrain/tests/test_animation_environment_runtime_helpers.py,LOW,False,
animation_environment.py,_ease_out_cubic_tangent,_ease_out_cubic_tangent,79,function,A,GRADED,file_qualified,blender_tool;water;geometry_mesh,True,direct_test;module_test;live_probe,10,veilbreakers_terrain/tests/test_animation_environment.py;veilbreakers_terrain/tests/test_animation_environment_runtime_helpers.py,LOW,False,
animation_environment.py,_smooth_step_tangent,_smooth_step_tangent,85,function,A,GRADED,file_qualified,blender_tool;water;geometry_mesh,True,direct_test;module_test;live_probe,10,veilbreakers_terrain/tests/test_animation_environment.py;veilbreakers_terrain/tests/test_animation_environment_runtime_helpers.py,LOW,False,
animation_environment.py,_make_kf,_make_kf,91,function,A,GRADED,file_qualified,blender_tool;water;geometry_mesh,True,direct_test;module_test;live_probe,10,veilbreakers_terrain/tests/test_animation_environment.py;veilbreakers_terrain/tests/test_animation_environment_runtime_helpers.py,LOW,False,
animation_environment.py,validate_env_params,validate_env_params,114,function,A,GRADED,file_qualified,blender_tool;water;geometry_mesh,True,direct_test;module_test;live_probe,10,veilbreakers_terrain/tests/test_animation_environment.py;veilbreakers_terrain/tests/test_animation_environment_runtime_helpers.py,LOW,False,
animation_environment.py,generate_door_open_keyframes,generate_door_open_keyframes,134,function,A,GRADED,file_qualified,blender_tool;water;geometry_mesh,True,direct_test;module_test;live_probe,10,veilbreakers_terrain/tests/test_animation_environment.py;veilbreakers_terrain/tests/test_animation_environment_runtime_helpers.py,LOW,False,
animation_environment.py,generate_door_close_keyframes,generate_door_close_keyframes,164,function,A,GRADED,file_qualified,blender_tool;water;geometry_mesh,True,module_test;live_probe,6,veilbreakers_terrain/tests/test_animation_environment.py;veilbreakers_terrain/tests/test_animation_environment_runtime_helpers.py,LOW,False,direct_behavior_test
animation_environment.py,generate_door_slam_keyframes,generate_door_slam_keyframes,190,function,A,GRADED,file_qualified,blender_tool;water;geometry_mesh,True,direct_test;module_test;live_probe,10,veilbreakers_terrain/tests/test_animation_environment.py;veilbreakers_terrain/tests/test_animation_environment_runtime_helpers.py,LOW,False,
animation_environment.py,generate_door_creak_keyframes,generate_door_creak_keyframes,237,function,A,GRADED,file_qualified,blender_tool;water;geometry_mesh,True,module_test;live_probe,6,veilbreakers_terrain/tests/test_animation_environment.py;veilbreakers_terrain/tests/test_animation_environment_runtime_helpers.py,LOW,False,direct_behavior_test
animation_environment.py,generate_gate_raise_keyframes,generate_gate_raise_keyframes,301,function,A,GRADED,file_qualified,blender_tool;water;geometry_mesh,True,direct_test;module_test;live_probe,10,veilbreakers_terrain/tests/test_animation_environment.py;veilbreakers_terrain/tests/test_animation_environment_runtime_helpers.py,LOW,False,
animation_environment.py,generate_gate_lower_keyframes,generate_gate_lower_keyframes,370,function,A,GRADED,file_qualified,blender_tool;water;geometry_mesh,True,direct_test;module_test;live_probe,10,veilbreakers_terrain/tests/test_animation_environment.py;veilbreakers_terrain/tests/test_animation_environment_runtime_helpers.py,LOW,False,
animation_environment.py,generate_drawbridge_keyframes,generate_drawbridge_keyframes,445,function,A,GRADED,file_qualified,blender_tool;water;geometry_mesh,True,module_test;live_probe,6,veilbreakers_terrain/tests/test_animation_environment.py;veilbreakers_terrain/tests/test_animation_environment_runtime_helpers.py,LOW,False,direct_behavior_test
animation_environment.py,generate_shatter_keyframes,generate_shatter_keyframes,511,function,A,GRADED,file_qualified,blender_tool;water;geometry_mesh,True,module_test;live_probe,6,veilbreakers_terrain/tests/test_animation_environment.py;veilbreakers_terrain/tests/test_animation_environment_runtime_helpers.py,LOW,False,direct_behavior_test
animation_environment.py,generate_wobble_collapse_keyframes,generate_wobble_collapse_keyframes,598,function,A,GRADED,file_qualified,blender_tool;water;geometry_mesh,True,module_test;live_probe,6,veilbreakers_terrain/tests/test_animation_environment.py;veilbreakers_terrain/tests/test_animation_environment_runtime_helpers.py,LOW,False,direct_behavior_test
animation_environment.py,_fire_val_tang,_fire_val_tang,673,function,A-,GRADED,file_qualified,blender_tool;water;geometry_mesh,True,direct_test;module_test;live_probe,10,veilbreakers_terrain/tests/test_animation_environment.py;veilbreakers_terrain/tests/test_animation_environment_runtime_helpers.py,LOW,False,
animation_environment.py,generate_fire_flicker_keyframes,generate_fire_flicker_keyframes,687,function,A,GRADED,file_qualified,blender_tool;water;geometry_mesh,True,direct_test;module_test;live_probe,10,veilbreakers_terrain/tests/test_animation_environment.py;veilbreakers_terrain/tests/test_animation_environment_runtime_helpers.py,LOW,False,
animation_environment.py,generate_torch_sway_keyframes,generate_torch_sway_keyframes,743,function,A,GRADED,file_qualified,blender_tool;water;geometry_mesh,True,module_test;live_probe,6,veilbreakers_terrain/tests/test_animation_environment.py;veilbreakers_terrain/tests/test_animation_environment_runtime_helpers.py,LOW,False,direct_behavior_test
animation_environment.py,generate_water_wave_keyframes,generate_water_wave_keyframes,803,function,A,GRADED,file_qualified,blender_tool;water;geometry_mesh,True,direct_test;module_test;live_probe,10,veilbreakers_terrain/tests/test_animation_environment.py;veilbreakers_terrain/tests/test_animation_environment_runtime_helpers.py,LOW,False,
animation_environment.py,generate_water_ripple_keyframes,generate_water_ripple_keyframes,873,function,A,GRADED,file_qualified,blender_tool;water;geometry_mesh,True,module_test;live_probe,6,veilbreakers_terrain/tests/test_animation_environment.py;veilbreakers_terrain/tests/test_animation_environment_runtime_helpers.py,LOW,False,direct_behavior_test
animation_environment.py,generate_waterfall_keyframes,generate_waterfall_keyframes,941,function,A,GRADED,file_qualified,blender_tool;water;geometry_mesh,True,module_test;live_probe,6,veilbreakers_terrain/tests/test_animation_environment.py;veilbreakers_terrain/tests/test_animation_environment_runtime_helpers.py,LOW,False,direct_behavior_test
animation_environment.py,_stokes_drag_amp,_stokes_drag_amp,1065,function,A,GRADED,file_qualified,blender_tool;water;geometry_mesh,True,direct_test;module_test;live_probe,10,veilbreakers_terrain/tests/test_animation_environment.py;veilbreakers_terrain/tests/test_animation_environment_runtime_helpers.py,LOW,False,
animation_environment.py,generate_flag_wind_keyframes,generate_flag_wind_keyframes,1071,function,A,GRADED,file_qualified,blender_tool;water;geometry_mesh,True,direct_test;module_test;live_probe,10,veilbreakers_terrain/tests/test_animation_environment.py;veilbreakers_terrain/tests/test_animation_environment_runtime_helpers.py,LOW,False,
animation_environment.py,generate_banner_wind_keyframes,generate_banner_wind_keyframes,1141,function,A,GRADED,file_qualified,blender_tool;water;geometry_mesh,True,module_test;live_probe,6,veilbreakers_terrain/tests/test_animation_environment.py;veilbreakers_terrain/tests/test_animation_environment_runtime_helpers.py,LOW,False,direct_behavior_test
animation_environment.py,generate_chain_swing_keyframes,generate_chain_swing_keyframes,1218,function,A,GRADED,file_qualified,blender_tool;water;geometry_mesh,True,module_test;live_probe,6,veilbreakers_terrain/tests/test_animation_environment.py;veilbreakers_terrain/tests/test_animation_environment_runtime_helpers.py,LOW,False,direct_behavior_test
animation_environment.py,generate_rope_sway_keyframes,generate_rope_sway_keyframes,1290,function,B+,GRADED,file_qualified,blender_tool;water;geometry_mesh,True,module_test;live_probe,6,veilbreakers_terrain/tests/test_animation_environment.py;veilbreakers_terrain/tests/test_animation_environment_runtime_helpers.py,LOW,False,direct_behavior_test
animation_environment.py,generate_trap_trigger_keyframes,generate_trap_trigger_keyframes,1373,function,A,GRADED,file_qualified,blender_tool;water;geometry_mesh,True,direct_test;module_test;live_probe,10,veilbreakers_terrain/tests/test_animation_environment.py;veilbreakers_terrain/tests/test_animation_environment_runtime_helpers.py,LOW,False,
animation_environment.py,generate_trap_reset_keyframes,generate_trap_reset_keyframes,1445,function,B+,GRADED,file_qualified,blender_tool;water;geometry_mesh,True,module_test;live_probe,6,veilbreakers_terrain/tests/test_animation_environment.py;veilbreakers_terrain/tests/test_animation_environment_runtime_helpers.py,LOW,False,direct_behavior_test
animation_environment.py,generate_trap_idle_keyframes,generate_trap_idle_keyframes,1516,function,A,GRADED,file_qualified,blender_tool;water;geometry_mesh,True,module_test;live_probe,6,veilbreakers_terrain/tests/test_animation_environment.py;veilbreakers_terrain/tests/test_animation_environment_runtime_helpers.py,LOW,False,direct_behavior_test
animation_environment.py,generate_chest_open_keyframes,generate_chest_open_keyframes,1570,function,A,GRADED,file_qualified,blender_tool;water;geometry_mesh,True,direct_test;module_test;live_probe,10,veilbreakers_terrain/tests/test_animation_environment.py;veilbreakers_terrain/tests/test_animation_environment_runtime_helpers.py,LOW,False,
animation_environment.py,generate_lever_pull_keyframes,generate_lever_pull_keyframes,1649,function,A,GRADED,file_qualified,blender_tool;water;geometry_mesh,True,module_test;live_probe,6,veilbreakers_terrain/tests/test_animation_environment.py;veilbreakers_terrain/tests/test_animation_environment_runtime_helpers.py,LOW,False,direct_behavior_test
animation_environment.py,generate_switch_toggle_keyframes,generate_switch_toggle_keyframes,1711,function,A,GRADED,file_qualified,blender_tool;water;geometry_mesh,True,module_test;live_probe,6,veilbreakers_terrain/tests/test_animation_environment.py;veilbreakers_terrain/tests/test_animation_environment_runtime_helpers.py,LOW,False,direct_behavior_test
animation_environment.py,_candle_temp,_candle_temp,1769,function,A,GRADED,file_qualified,blender_tool;water;geometry_mesh,True,direct_test;module_test;live_probe,10,veilbreakers_terrain/tests/test_animation_environment.py;veilbreakers_terrain/tests/test_animation_environment_runtime_helpers.py,LOW,False,
animation_environment.py,generate_candle_flicker_keyframes,generate_candle_flicker_keyframes,1776,function,A,GRADED,file_qualified,blender_tool;water;geometry_mesh,True,module_test;live_probe,6,veilbreakers_terrain/tests/test_animation_environment.py;veilbreakers_terrain/tests/test_animation_environment_runtime_helpers.py,LOW,False,direct_behavior_test
animation_environment.py,generate_chandelier_sway_keyframes,generate_chandelier_sway_keyframes,1849,function,A,GRADED,file_qualified,blender_tool;water;geometry_mesh,True,module_test;live_probe,6,veilbreakers_terrain/tests/test_animation_environment.py;veilbreakers_terrain/tests/test_animation_environment_runtime_helpers.py,LOW,False,direct_behavior_test
animation_environment.py,generate_windmill_rotate_keyframes,generate_windmill_rotate_keyframes,1928,function,A,GRADED,file_qualified,blender_tool;water;geometry_mesh,True,direct_test;module_test;live_probe,10,veilbreakers_terrain/tests/test_animation_environment.py;veilbreakers_terrain/tests/test_animation_environment_runtime_helpers.py,LOW,False,
animation_environment.py,generate_env_keyframes,generate_env_keyframes,1985,function,A,GRADED,file_qualified,blender_tool;water;geometry_mesh,True,direct_test;module_test;live_probe,10,veilbreakers_terrain/tests/test_animation_environment.py;veilbreakers_terrain/tests/test_animation_environment_runtime_helpers.py,LOW,False,
atmospheric_volumes.py,_permute,_permute,35,function,A,GRADED,file_qualified,blender_tool;geometry_mesh;scatter_ecology,True,direct_test;module_test;live_probe,10,veilbreakers_terrain/tests/test_atmospheric_volumes.py;veilbreakers_terrain/tests/test_environment_analysis_runtime_helpers.py;veilbreakers_terrain/tests/test_terrain_features_phase14.py;veilbreakers_terrain/tests/test_world_map_light_atmosphere.py,LOW,False,
atmospheric_volumes.py,_smooth,_smooth,44,function,A,GRADED,file_qualified,blender_tool;geometry_mesh;scatter_ecology,True,direct_test;module_test;live_probe,10,veilbreakers_terrain/tests/test_atmospheric_volumes.py;veilbreakers_terrain/tests/test_environment_analysis_runtime_helpers.py;veilbreakers_terrain/tests/test_terrain_features_phase14.py;veilbreakers_terrain/tests/test_world_map_light_atmosphere.py,LOW,False,
atmospheric_volumes.py,_lerp,_lerp,49,function,A,GRADED,file_qualified,blender_tool;geometry_mesh;scatter_ecology,True,direct_test;module_test;live_probe,10,veilbreakers_terrain/tests/test_atmospheric_volumes.py;veilbreakers_terrain/tests/test_environment_analysis_runtime_helpers.py;veilbreakers_terrain/tests/test_terrain_features_phase14.py;veilbreakers_terrain/tests/test_world_map_light_atmosphere.py,LOW,False,
atmospheric_volumes.py,_grad2,_grad2,53,function,A,GRADED,file_qualified,blender_tool;geometry_mesh;scatter_ecology,True,direct_test;module_test;live_probe,10,veilbreakers_terrain/tests/test_atmospheric_volumes.py;veilbreakers_terrain/tests/test_environment_analysis_runtime_helpers.py;veilbreakers_terrain/tests/test_terrain_features_phase14.py;veilbreakers_terrain/tests/test_world_map_light_atmosphere.py,LOW,False,
atmospheric_volumes.py,_perlin2,_perlin2,63,function,A-,GRADED,file_qualified,blender_tool;geometry_mesh;scatter_ecology,True,direct_test;module_test;live_probe,10,veilbreakers_terrain/tests/test_atmospheric_volumes.py;veilbreakers_terrain/tests/test_environment_analysis_runtime_helpers.py;veilbreakers_terrain/tests/test_terrain_features_phase14.py;veilbreakers_terrain/tests/test_world_map_light_atmosphere.py,LOW,False,
atmospheric_volumes.py,compute_atmospheric_placements,compute_atmospheric_placements,236,function,A,GRADED,file_qualified,blender_tool;geometry_mesh;scatter_ecology,True,direct_test;module_test;live_probe,10,veilbreakers_terrain/tests/test_atmospheric_volumes.py;veilbreakers_terrain/tests/test_environment_analysis_runtime_helpers.py;veilbreakers_terrain/tests/test_terrain_features_phase14.py;veilbreakers_terrain/tests/test_world_map_light_atmosphere.py,LOW,False,
atmospheric_volumes.py,compute_volume_mesh_spec,compute_volume_mesh_spec,648,function,A,GRADED,file_qualified,blender_tool;geometry_mesh;scatter_ecology,True,direct_test;module_test;live_probe,10,veilbreakers_terrain/tests/test_atmospheric_volumes.py;veilbreakers_terrain/tests/test_environment_analysis_runtime_helpers.py;veilbreakers_terrain/tests/test_terrain_features_phase14.py;veilbreakers_terrain/tests/test_world_map_light_atmosphere.py,LOW,False,
atmospheric_volumes.py,_count_by_type,_count_by_type,867,function,A-,GRADED,file_qualified,blender_tool;geometry_mesh;scatter_ecology,True,module_test;live_probe,6,veilbreakers_terrain/tests/test_atmospheric_volumes.py;veilbreakers_terrain/tests/test_environment_analysis_runtime_helpers.py;veilbreakers_terrain/tests/test_terrain_features_phase14.py;veilbreakers_terrain/tests/test_world_map_light_atmosphere.py,LOW,False,direct_behavior_test
atmospheric_volumes.py,estimate_atmosphere_performance,estimate_atmosphere_performance,876,function,A,GRADED,file_qualified,blender_tool;geometry_mesh;scatter_ecology,True,direct_test;module_test;live_probe,10,veilbreakers_terrain/tests/test_atmospheric_volumes.py;veilbreakers_terrain/tests/test_environment_analysis_runtime_helpers.py;veilbreakers_terrain/tests/test_terrain_features_phase14.py;veilbreakers_terrain/tests/test_world_map_light_atmosphere.py,LOW,False,
autonomous_loop.py,_cross,_cross,83,function,A,GRADED,file_qualified,blender_tool;visual_qa;materials_texturing;water;geometry_mesh;scatter_ecology;pipeline_wiring,True,direct_test;module_test;live_probe,10,veilbreakers_terrain/tests/test_lod_material_live_readiness.py;veilbreakers_terrain/tests/test_missing_gaps.py,LOW,False,
autonomous_loop.py,_dot,_dot,91,function,A,GRADED,file_qualified,blender_tool;visual_qa;materials_texturing;water;geometry_mesh;scatter_ecology;pipeline_wiring,True,direct_test;module_test;live_probe,10,veilbreakers_terrain/tests/test_lod_material_live_readiness.py;veilbreakers_terrain/tests/test_missing_gaps.py,LOW,False,
autonomous_loop.py,_sub,_sub,95,function,A,GRADED,file_qualified,blender_tool;visual_qa;materials_texturing;water;geometry_mesh;scatter_ecology;pipeline_wiring,True,direct_test;module_test;live_probe,10,veilbreakers_terrain/tests/test_lod_material_live_readiness.py;veilbreakers_terrain/tests/test_missing_gaps.py,LOW,False,
autonomous_loop.py,_length,_length,99,function,A,GRADED,file_qualified,blender_tool;visual_qa;materials_texturing;water;geometry_mesh;scatter_ecology;pipeline_wiring,True,module_test;live_probe,6,veilbreakers_terrain/tests/test_missing_gaps.py,LOW,False,direct_behavior_test;material_texture_contract_test
autonomous_loop.py,_normalize,_normalize,103,function,A,GRADED,file_qualified,blender_tool;visual_qa;materials_texturing;water;geometry_mesh;scatter_ecology;pipeline_wiring,True,direct_test;module_test;live_probe,10,veilbreakers_terrain/tests/test_lod_material_live_readiness.py;veilbreakers_terrain/tests/test_missing_gaps.py,LOW,False,
autonomous_loop.py,_face_normal,_face_normal,110,function,A,GRADED,file_qualified,blender_tool;visual_qa;materials_texturing;water;geometry_mesh;scatter_ecology;pipeline_wiring,True,direct_test;module_test;live_probe,10,veilbreakers_terrain/tests/test_lod_material_live_readiness.py;veilbreakers_terrain/tests/test_missing_gaps.py,LOW,False,
autonomous_loop.py,_is_degenerate,_is_degenerate,125,function,A,GRADED,file_qualified,blender_tool;visual_qa;materials_texturing;water;geometry_mesh;scatter_ecology;pipeline_wiring,True,module_test;live_probe,6,veilbreakers_terrain/tests/test_missing_gaps.py,LOW,False,direct_behavior_test;material_texture_contract_test
autonomous_loop.py,_edge_key,_edge_key,141,function,A,GRADED,file_qualified,blender_tool;visual_qa;materials_texturing;water;geometry_mesh;scatter_ecology;pipeline_wiring,True,module_test;live_probe,6,veilbreakers_terrain/tests/test_missing_gaps.py,LOW,False,direct_behavior_test;material_texture_contract_test
autonomous_loop.py,_compute_edge_face_counts,_compute_edge_face_counts,145,function,A,GRADED,file_qualified,blender_tool;visual_qa;materials_texturing;water;geometry_mesh;scatter_ecology;pipeline_wiring,True,module_test;live_probe,6,veilbreakers_terrain/tests/test_missing_gaps.py,LOW,False,direct_behavior_test;material_texture_contract_test
autonomous_loop.py,_uv_triangle_area,_uv_triangle_area,155,function,A,GRADED,file_qualified,blender_tool;visual_qa;materials_texturing;water;geometry_mesh;scatter_ecology;pipeline_wiring,True,module_test;live_probe,6,veilbreakers_terrain/tests/test_missing_gaps.py,LOW,False,direct_behavior_test;material_texture_contract_test
autonomous_loop.py,_face_uv_area,_face_uv_area,163,function,A,GRADED,file_qualified,blender_tool;visual_qa;materials_texturing;water;geometry_mesh;scatter_ecology;pipeline_wiring,True,module_test;live_probe,6,veilbreakers_terrain/tests/test_missing_gaps.py,LOW,False,direct_behavior_test;material_texture_contract_test
autonomous_loop.py,_grade_worse_than,_grade_worse_than,178,function,A,GRADED,file_qualified,blender_tool;visual_qa;materials_texturing;water;geometry_mesh;scatter_ecology;pipeline_wiring,True,module_test;live_probe,6,veilbreakers_terrain/tests/test_missing_gaps.py,LOW,False,direct_behavior_test;material_texture_contract_test
autonomous_loop.py,evaluate_mesh_quality,evaluate_mesh_quality,191,function,A,GRADED,file_qualified,blender_tool;visual_qa;materials_texturing;water;geometry_mesh;scatter_ecology;pipeline_wiring,True,direct_test;module_test;live_probe,10,veilbreakers_terrain/tests/test_missing_gaps.py,LOW,False,
autonomous_loop.py,select_fix_action,select_fix_action,521,function,A,GRADED,file_qualified,blender_tool;visual_qa;materials_texturing;water;geometry_mesh;scatter_ecology;pipeline_wiring,True,direct_test;module_test;live_probe,10,veilbreakers_terrain/tests/test_missing_gaps.py,LOW,False,
blender_capability_bridge.py,_require_bpy,_require_bpy,37,function,D+,GRADED,file_qualified,blender_tool;visual_qa;camera_readability;geometry_mesh;scatter_ecology,True,direct_test;module_test;live_probe,9,veilbreakers_terrain/tests/test_callable_evidence_bridge_vegetation.py,LOW,False,
blender_capability_bridge.py,_require_bmesh,_require_bmesh,50,function,D+,GRADED,file_qualified,blender_tool;visual_qa;camera_readability;geometry_mesh;scatter_ecology,True,direct_test;module_test;live_probe,9,veilbreakers_terrain/tests/test_callable_evidence_bridge_vegetation.py,LOW,False,
blender_capability_bridge.py,_get_mesh_object,_get_mesh_object,62,function,D+,GRADED,file_qualified,blender_tool;visual_qa;camera_readability;geometry_mesh;scatter_ecology,True,direct_test;module_test;live_probe,9,veilbreakers_terrain/tests/test_callable_evidence_bridge_vegetation.py,LOW,False,
blender_capability_bridge.py,bmesh_op,bmesh_op,83,function,D+,GRADED,file_qualified,blender_tool;visual_qa;camera_readability;geometry_mesh;scatter_ecology,True,direct_test;module_test;live_probe,9,veilbreakers_terrain/tests/test_blender_capability_bridge.py;veilbreakers_terrain/tests/test_callable_evidence_bridge_vegetation.py,LOW,False,
blender_capability_bridge.py,_modifier_boolean_fallback,_modifier_boolean_fallback,186,function,D+,GRADED,file_qualified,blender_tool;visual_qa;camera_readability;geometry_mesh;scatter_ecology,True,module_test;live_probe,5,veilbreakers_terrain/tests/test_callable_evidence_bridge_vegetation.py,LOW,False,direct_behavior_test;camera_readability_probe
blender_capability_bridge.py,modifier_add,modifier_add,212,function,D+,GRADED,file_qualified,blender_tool;visual_qa;camera_readability;geometry_mesh;scatter_ecology,True,direct_test;module_test;live_probe,9,veilbreakers_terrain/tests/test_blender_capability_bridge.py;veilbreakers_terrain/tests/test_callable_evidence_bridge_vegetation.py,LOW,False,
blender_capability_bridge.py,modifier_apply,modifier_apply,266,function,D+,GRADED,file_qualified,blender_tool;visual_qa;camera_readability;geometry_mesh;scatter_ecology,True,direct_test;module_test;live_probe,9,veilbreakers_terrain/tests/test_blender_capability_bridge.py;veilbreakers_terrain/tests/test_callable_evidence_bridge_vegetation.py,LOW,False,
blender_capability_bridge.py,modifier_remove,modifier_remove,285,function,D+,GRADED,file_qualified,blender_tool;visual_qa;camera_readability;geometry_mesh;scatter_ecology,True,direct_test;module_test;live_probe,9,veilbreakers_terrain/tests/test_blender_capability_bridge.py;veilbreakers_terrain/tests/test_callable_evidence_bridge_vegetation.py,LOW,False,
blender_capability_bridge.py,modifier_list,modifier_list,300,function,D+,GRADED,file_qualified,blender_tool;visual_qa;camera_readability;geometry_mesh;scatter_ecology,True,direct_test;module_test;live_probe,9,veilbreakers_terrain/tests/test_blender_capability_bridge.py;veilbreakers_terrain/tests/test_callable_evidence_bridge_vegetation.py,LOW,False,
blender_capability_bridge.py,uv_project,uv_project,320,function,D+,GRADED,file_qualified,blender_tool;visual_qa;camera_readability;geometry_mesh;scatter_ecology,True,direct_test;module_test;live_probe,9,veilbreakers_terrain/tests/test_blender_capability_bridge.py;veilbreakers_terrain/tests/test_callable_evidence_bridge_vegetation.py,LOW,False,
blender_capability_bridge.py,set_render_engine,set_render_engine,395,function,D+,GRADED,file_qualified,blender_tool;visual_qa;camera_readability;geometry_mesh;scatter_ecology,True,direct_test;module_test;live_probe,9,veilbreakers_terrain/tests/test_callable_evidence_bridge_vegetation.py,LOW,False,
blender_capability_bridge.py,render_still,render_still,412,function,D+,GRADED,file_qualified,blender_tool;visual_qa;camera_readability;geometry_mesh;scatter_ecology,True,direct_test;module_test;live_probe,9,veilbreakers_terrain/tests/test_blender_capability_bridge.py;veilbreakers_terrain/tests/test_callable_evidence_bridge_vegetation.py,LOW,False,
blender_capability_bridge.py,collection_create,collection_create,463,function,D+,GRADED,file_qualified,blender_tool;visual_qa;camera_readability;geometry_mesh;scatter_ecology,True,direct_test;module_test;live_probe,9,veilbreakers_terrain/tests/test_blender_capability_bridge.py;veilbreakers_terrain/tests/test_callable_evidence_bridge_vegetation.py,LOW,False,
blender_capability_bridge.py,collection_link_object,collection_link_object,481,function,D+,GRADED,file_qualified,blender_tool;visual_qa;camera_readability;geometry_mesh;scatter_ecology,True,direct_test;module_test;live_probe,9,veilbreakers_terrain/tests/test_callable_evidence_bridge_vegetation.py,LOW,False,
blender_capability_bridge.py,parent_set,parent_set,500,function,D+,GRADED,file_qualified,blender_tool;visual_qa;camera_readability;geometry_mesh;scatter_ecology,True,direct_test;module_test;live_probe,9,veilbreakers_terrain/tests/test_blender_capability_bridge.py;veilbreakers_terrain/tests/test_callable_evidence_bridge_vegetation.py,LOW,False,
blender_capability_bridge.py,empty_create,empty_create,531,function,D+,GRADED,file_qualified,blender_tool;visual_qa;camera_readability;geometry_mesh;scatter_ecology,True,direct_test;module_test;live_probe,9,veilbreakers_terrain/tests/test_blender_capability_bridge.py;veilbreakers_terrain/tests/test_callable_evidence_bridge_vegetation.py,LOW,False,
blender_capability_bridge.py,geometry_nodes_create_group,geometry_nodes_create_group,553,function,D+,GRADED,file_qualified,blender_tool;visual_qa;camera_readability;geometry_mesh;scatter_ecology,True,direct_test;module_test;live_probe,9,veilbreakers_terrain/tests/test_callable_evidence_bridge_vegetation.py,LOW,False,
blender_capability_bridge.py,geometry_nodes_add_node,geometry_nodes_add_node,592,function,D+,GRADED,file_qualified,blender_tool;visual_qa;camera_readability;geometry_mesh;scatter_ecology,True,direct_test;module_test;live_probe,9,veilbreakers_terrain/tests/test_callable_evidence_bridge_vegetation.py,LOW,False,
blender_capability_bridge.py,geometry_nodes_link_sockets,geometry_nodes_link_sockets,619,function,D+,GRADED,file_qualified,blender_tool;visual_qa;camera_readability;geometry_mesh;scatter_ecology,True,direct_test;module_test;live_probe,9,veilbreakers_terrain/tests/test_callable_evidence_bridge_vegetation.py,LOW,False,
blender_capability_bridge.py,geometry_nodes_assign_to_object,geometry_nodes_assign_to_object,662,function,D+,GRADED,file_qualified,blender_tool;visual_qa;camera_readability;geometry_mesh;scatter_ecology,True,direct_test;module_test;live_probe,9,veilbreakers_terrain/tests/test_callable_evidence_bridge_vegetation.py,LOW,False,
blender_capability_bridge.py,geometry_nodes_dump,geometry_nodes_dump,687,function,D+,GRADED,file_qualified,blender_tool;visual_qa;camera_readability;geometry_mesh;scatter_ecology,True,direct_test;module_test;live_probe,9,veilbreakers_terrain/tests/test_callable_evidence_bridge_vegetation.py,LOW,False,
blender_capability_bridge.py,addon_enable,addon_enable,729,function,D+,GRADED,file_qualified,blender_tool;visual_qa;camera_readability;geometry_mesh;scatter_ecology,True,direct_test;module_test;live_probe,9,veilbreakers_terrain/tests/test_blender_capability_bridge.py;veilbreakers_terrain/tests/test_callable_evidence_bridge_vegetation.py,LOW,False,
blender_capability_bridge.py,addon_disable,addon_disable,745,function,D+,GRADED,file_qualified,blender_tool;visual_qa;camera_readability;geometry_mesh;scatter_ecology,True,direct_test;module_test;live_probe,9,veilbreakers_terrain/tests/test_blender_capability_bridge.py;veilbreakers_terrain/tests/test_callable_evidence_bridge_vegetation.py,LOW,False,
coastline.py,_wang_hash,_wang_hash,94,function,D+,GRADED,file_qualified,blender_tool;materials_texturing;water;geometry_mesh;pipeline_wiring,True,module_test;live_probe,5,veilbreakers_terrain/tests/test_phase14_wave1.py;veilbreakers_terrain/tests/test_road_coastline_terrain_features.py;veilbreakers_terrain/tests/test_terrain_geology.py,LOW,False,direct_behavior_test;material_texture_contract_test
coastline.py,_hash_noise,_hash_noise,108,function,A,GRADED,file_qualified,blender_tool;materials_texturing;water;geometry_mesh;pipeline_wiring,True,direct_test;module_test;live_probe,10,veilbreakers_terrain/tests/test_phase14_wave1.py;veilbreakers_terrain/tests/test_road_coastline_terrain_features.py;veilbreakers_terrain/tests/test_terrain_geology.py,LOW,False,
coastline.py,_fbm_noise,_fbm_noise,139,function,A,GRADED,file_qualified,blender_tool;materials_texturing;water;geometry_mesh;pipeline_wiring,True,direct_test;module_test;live_probe,10,veilbreakers_terrain/tests/test_phase14_wave1.py;veilbreakers_terrain/tests/test_road_coastline_terrain_features.py;veilbreakers_terrain/tests/test_terrain_geology.py,LOW,False,
coastline.py,_generate_shoreline_profile,_generate_shoreline_profile,168,function,A,GRADED,file_qualified,blender_tool;materials_texturing;water;geometry_mesh;pipeline_wiring,True,module_test;live_probe,6,veilbreakers_terrain/tests/test_phase14_wave1.py;veilbreakers_terrain/tests/test_road_coastline_terrain_features.py;veilbreakers_terrain/tests/test_terrain_geology.py,LOW,False,direct_behavior_test;material_texture_contract_test
coastline.py,_generate_coastline_mesh,_generate_coastline_mesh,237,function,A,GRADED,file_qualified,blender_tool;materials_texturing;water;geometry_mesh;pipeline_wiring,True,module_test;live_probe,6,veilbreakers_terrain/tests/test_phase14_wave1.py;veilbreakers_terrain/tests/test_road_coastline_terrain_features.py;veilbreakers_terrain/tests/test_terrain_geology.py,LOW,False,direct_behavior_test;material_texture_contract_test
coastline.py,_features_overlap,_features_overlap,341,function,D+,GRADED,file_qualified,blender_tool;materials_texturing;water;geometry_mesh;pipeline_wiring,True,module_test;live_probe,5,veilbreakers_terrain/tests/test_phase14_wave1.py;veilbreakers_terrain/tests/test_road_coastline_terrain_features.py;veilbreakers_terrain/tests/test_terrain_geology.py,LOW,False,direct_behavior_test;material_texture_contract_test
coastline.py,_place_features,_place_features,352,function,B+,GRADED,file_qualified,blender_tool;materials_texturing;water;geometry_mesh;pipeline_wiring,True,module_test;live_probe,6,veilbreakers_terrain/tests/test_phase14_wave1.py;veilbreakers_terrain/tests/test_road_coastline_terrain_features.py;veilbreakers_terrain/tests/test_terrain_geology.py,LOW,False,direct_behavior_test;material_texture_contract_test
coastline.py,_compute_material_zones,_compute_material_zones,677,function,A,GRADED,file_qualified,blender_tool;materials_texturing;water;geometry_mesh;pipeline_wiring,True,module_test;live_probe,6,veilbreakers_terrain/tests/test_phase14_wave1.py;veilbreakers_terrain/tests/test_road_coastline_terrain_features.py;veilbreakers_terrain/tests/test_terrain_geology.py,LOW,False,direct_behavior_test;material_texture_contract_test
coastline.py,generate_coastline,generate_coastline,792,function,A,GRADED,file_qualified,blender_tool;materials_texturing;water;geometry_mesh;pipeline_wiring,True,direct_test;module_test;live_probe,10,veilbreakers_terrain/tests/test_phase14_wave1.py;veilbreakers_terrain/tests/test_road_coastline_terrain_features.py;veilbreakers_terrain/tests/test_terrain_geology.py,LOW,False,
coastline.py,compute_wave_energy,compute_wave_energy,925,function,A,GRADED,file_qualified,blender_tool;materials_texturing;water;geometry_mesh;pipeline_wiring,True,direct_test;module_test;live_probe,10,veilbreakers_terrain/tests/test_phase14_wave1.py;veilbreakers_terrain/tests/test_road_coastline_terrain_features.py;veilbreakers_terrain/tests/test_terrain_geology.py,LOW,False,
coastline.py,apply_coastal_erosion,apply_coastal_erosion,1019,function,A,GRADED,file_qualified,blender_tool;materials_texturing;water;geometry_mesh;pipeline_wiring,True,direct_test;module_test;live_probe,10,veilbreakers_terrain/tests/test_phase14_wave1.py;veilbreakers_terrain/tests/test_road_coastline_terrain_features.py;veilbreakers_terrain/tests/test_terrain_geology.py,LOW,False,
coastline.py,detect_tidal_zones,detect_tidal_zones,1164,function,A-,GRADED,file_qualified,blender_tool;materials_texturing;water;geometry_mesh;pipeline_wiring,True,direct_test;module_test;live_probe,10,veilbreakers_terrain/tests/test_phase14_wave1.py;veilbreakers_terrain/tests/test_road_coastline_terrain_features.py;veilbreakers_terrain/tests/test_terrain_geology.py,LOW,False,
coastline.py,pass_coastline,pass_coastline,1190,function,A,GRADED,file_qualified,blender_tool;materials_texturing;water;geometry_mesh;pipeline_wiring,True,direct_test;module_test;live_probe,10,veilbreakers_terrain/tests/test_phase14_wave1.py;veilbreakers_terrain/tests/test_road_coastline_terrain_features.py;veilbreakers_terrain/tests/test_terrain_geology.py,LOW,False,
environment.py,_require_bpy,_require_bpy,43,function,A,GRADED,file_qualified,blender_tool;materials_texturing;water;geometry_mesh;scatter_ecology,True,direct_test;module_test;live_probe,10,veilbreakers_terrain/tests/test_aaa_water_scatter.py;veilbreakers_terrain/tests/test_callable_evidence_bridge_vegetation.py;veilbreakers_terrain/tests/test_environment_handlers.py;veilbreakers_terrain/tests/test_road_pipeline.py;veilbreakers_terrain/tests/test_terrain_master_registrar.py;veilbreakers_terrain/tests/test_terrain_unity_export_bridge.py;veilbreakers_terrain/tests/test_terrain_wiring_integration.py;veilbreakers_terrain/tests/test_wind_waterfall_poi_phase14.py,LOW,False,
environment.py,rasterize_poi_mask,rasterize_poi_mask,92,function,A,GRADED,file_qualified,blender_tool;materials_texturing;water;geometry_mesh;scatter_ecology,True,direct_test;module_test;live_probe,10,veilbreakers_terrain/tests/test_aaa_water_scatter.py;veilbreakers_terrain/tests/test_environment_handlers.py;veilbreakers_terrain/tests/test_road_pipeline.py;veilbreakers_terrain/tests/test_terrain_master_registrar.py;veilbreakers_terrain/tests/test_terrain_unity_export_bridge.py;veilbreakers_terrain/tests/test_terrain_wiring_integration.py;veilbreakers_terrain/tests/test_wind_waterfall_poi_phase14.py,LOW,False,
environment.py,_vector_xyz,_vector_xyz,206,function,A,GRADED,file_qualified,blender_tool;materials_texturing;water;geometry_mesh;scatter_ecology,True,module_test;live_probe,6,veilbreakers_terrain/tests/test_aaa_water_scatter.py;veilbreakers_terrain/tests/test_environment_handlers.py;veilbreakers_terrain/tests/test_road_pipeline.py;veilbreakers_terrain/tests/test_terrain_master_registrar.py;veilbreakers_terrain/tests/test_terrain_unity_export_bridge.py;veilbreakers_terrain/tests/test_terrain_wiring_integration.py;veilbreakers_terrain/tests/test_wind_waterfall_poi_phase14.py,LOW,False,direct_behavior_test;material_texture_contract_test
environment.py,_object_world_xyz,_object_world_xyz,223,function,A-,GRADED,file_qualified,blender_tool;materials_texturing;water;geometry_mesh;scatter_ecology,True,module_test;live_probe,6,veilbreakers_terrain/tests/test_aaa_water_scatter.py;veilbreakers_terrain/tests/test_environment_handlers.py;veilbreakers_terrain/tests/test_road_pipeline.py;veilbreakers_terrain/tests/test_terrain_master_registrar.py;veilbreakers_terrain/tests/test_terrain_unity_export_bridge.py;veilbreakers_terrain/tests/test_terrain_wiring_integration.py;veilbreakers_terrain/tests/test_wind_waterfall_poi_phase14.py,LOW,False,direct_behavior_test;material_texture_contract_test
environment.py,_run_height_solver_in_world_space,_run_height_solver_in_world_space,241,function,A-,GRADED,file_qualified,blender_tool;materials_texturing;water;geometry_mesh;scatter_ecology,True,direct_test;module_test;live_probe,10,veilbreakers_terrain/tests/test_aaa_water_scatter.py;veilbreakers_terrain/tests/test_environment_handlers.py;veilbreakers_terrain/tests/test_road_pipeline.py;veilbreakers_terrain/tests/test_terrain_master_registrar.py;veilbreakers_terrain/tests/test_terrain_unity_export_bridge.py;veilbreakers_terrain/tests/test_terrain_wiring_integration.py;veilbreakers_terrain/tests/test_wind_waterfall_poi_phase14.py,LOW,False,
environment.py,_coerce_optional_grid_channel,_coerce_optional_grid_channel,268,function,A,GRADED,file_qualified,blender_tool;materials_texturing;water;geometry_mesh;scatter_ecology,True,module_test;live_probe,6,veilbreakers_terrain/tests/test_aaa_water_scatter.py;veilbreakers_terrain/tests/test_environment_handlers.py;veilbreakers_terrain/tests/test_road_pipeline.py;veilbreakers_terrain/tests/test_terrain_master_registrar.py;veilbreakers_terrain/tests/test_terrain_unity_export_bridge.py;veilbreakers_terrain/tests/test_terrain_wiring_integration.py;veilbreakers_terrain/tests/test_wind_waterfall_poi_phase14.py,LOW,False,direct_behavior_test;material_texture_contract_test
environment.py,_resolve_road_cost_context,_resolve_road_cost_context,286,function,A,GRADED,file_qualified,blender_tool;materials_texturing;water;geometry_mesh;scatter_ecology,True,module_test;live_probe,6,veilbreakers_terrain/tests/test_aaa_water_scatter.py;veilbreakers_terrain/tests/test_environment_handlers.py;veilbreakers_terrain/tests/test_road_pipeline.py;veilbreakers_terrain/tests/test_terrain_master_registrar.py;veilbreakers_terrain/tests/test_terrain_unity_export_bridge.py;veilbreakers_terrain/tests/test_terrain_wiring_integration.py;veilbreakers_terrain/tests/test_wind_waterfall_poi_phase14.py,LOW,False,direct_behavior_test;material_texture_contract_test
environment.py,_normalize_altitude_for_rule_range,_normalize_altitude_for_rule_range,328,function,A,GRADED,file_qualified,blender_tool;materials_texturing;water;geometry_mesh;scatter_ecology,True,direct_test;module_test;live_probe,10,veilbreakers_terrain/tests/test_aaa_water_scatter.py;veilbreakers_terrain/tests/test_environment_handlers.py;veilbreakers_terrain/tests/test_road_pipeline.py;veilbreakers_terrain/tests/test_terrain_master_registrar.py;veilbreakers_terrain/tests/test_terrain_unity_export_bridge.py;veilbreakers_terrain/tests/test_terrain_wiring_integration.py;veilbreakers_terrain/tests/test_wind_waterfall_poi_phase14.py,LOW,False,
environment.py,_resolve_noise_sampling_scale,_resolve_noise_sampling_scale,340,function,A-,GRADED,file_qualified,blender_tool;materials_texturing;water;geometry_mesh;scatter_ecology,True,direct_test;module_test;live_probe,10,veilbreakers_terrain/tests/test_aaa_water_scatter.py;veilbreakers_terrain/tests/test_environment_handlers.py;veilbreakers_terrain/tests/test_road_pipeline.py;veilbreakers_terrain/tests/test_terrain_master_registrar.py;veilbreakers_terrain/tests/test_terrain_unity_export_bridge.py;veilbreakers_terrain/tests/test_terrain_wiring_integration.py;veilbreakers_terrain/tests/test_wind_waterfall_poi_phase14.py,LOW,False,
environment.py,_enhance_heightmap_relief,_enhance_heightmap_relief,356,function,A-,GRADED,file_qualified,blender_tool;materials_texturing;water;geometry_mesh;scatter_ecology,True,direct_test;module_test;live_probe,10,veilbreakers_terrain/tests/test_aaa_water_scatter.py;veilbreakers_terrain/tests/test_environment_handlers.py;veilbreakers_terrain/tests/test_road_pipeline.py;veilbreakers_terrain/tests/test_terrain_master_registrar.py;veilbreakers_terrain/tests/test_terrain_unity_export_bridge.py;veilbreakers_terrain/tests/test_terrain_wiring_integration.py;veilbreakers_terrain/tests/test_wind_waterfall_poi_phase14.py,LOW,False,
environment.py,_temper_heightmap_spikes,_temper_heightmap_spikes,381,function,A-,GRADED,file_qualified,blender_tool;materials_texturing;water;geometry_mesh;scatter_ecology,True,module_test;live_probe,6,veilbreakers_terrain/tests/test_aaa_water_scatter.py;veilbreakers_terrain/tests/test_environment_handlers.py;veilbreakers_terrain/tests/test_road_pipeline.py;veilbreakers_terrain/tests/test_terrain_master_registrar.py;veilbreakers_terrain/tests/test_terrain_unity_export_bridge.py;veilbreakers_terrain/tests/test_terrain_wiring_integration.py;veilbreakers_terrain/tests/test_wind_waterfall_poi_phase14.py,LOW,False,direct_behavior_test;material_texture_contract_test
environment.py,_sanitize_scatter_scale_range,_sanitize_scatter_scale_range,849,function,A,GRADED,file_qualified,blender_tool;materials_texturing;water;geometry_mesh;scatter_ecology,True,module_test;live_probe,6,veilbreakers_terrain/tests/test_aaa_water_scatter.py;veilbreakers_terrain/tests/test_environment_handlers.py;veilbreakers_terrain/tests/test_road_pipeline.py;veilbreakers_terrain/tests/test_terrain_master_registrar.py;veilbreakers_terrain/tests/test_terrain_unity_export_bridge.py;veilbreakers_terrain/tests/test_terrain_wiring_integration.py;veilbreakers_terrain/tests/test_wind_waterfall_poi_phase14.py,LOW,False,direct_behavior_test;material_texture_contract_test
environment.py,_infer_model_asset_class,_infer_model_asset_class,867,function,D+,GRADED,file_qualified,blender_tool;materials_texturing;water;geometry_mesh;scatter_ecology,True,module_test;live_probe,5,veilbreakers_terrain/tests/test_aaa_water_scatter.py;veilbreakers_terrain/tests/test_environment_handlers.py;veilbreakers_terrain/tests/test_road_pipeline.py;veilbreakers_terrain/tests/test_terrain_master_registrar.py;veilbreakers_terrain/tests/test_terrain_unity_export_bridge.py;veilbreakers_terrain/tests/test_terrain_wiring_integration.py;veilbreakers_terrain/tests/test_wind_waterfall_poi_phase14.py,LOW,False,direct_behavior_test;material_texture_contract_test
environment.py,_build_model_fallback_prompt_info,_build_model_fallback_prompt_info,890,function,D+,GRADED,file_qualified,blender_tool;materials_texturing;water;geometry_mesh;scatter_ecology,True,module_test;live_probe,5,veilbreakers_terrain/tests/test_aaa_water_scatter.py;veilbreakers_terrain/tests/test_environment_handlers.py;veilbreakers_terrain/tests/test_road_pipeline.py;veilbreakers_terrain/tests/test_terrain_master_registrar.py;veilbreakers_terrain/tests/test_terrain_unity_export_bridge.py;veilbreakers_terrain/tests/test_terrain_wiring_integration.py;veilbreakers_terrain/tests/test_wind_waterfall_poi_phase14.py,LOW,False,direct_behavior_test;material_texture_contract_test
environment.py,_build_external_model_environment_manifest,_build_external_model_environment_manifest,937,function,D+,GRADED,file_qualified,blender_tool;materials_texturing;water;geometry_mesh;scatter_ecology,True,direct_test;module_test;live_probe,9,veilbreakers_terrain/tests/test_aaa_water_scatter.py;veilbreakers_terrain/tests/test_environment_handlers.py;veilbreakers_terrain/tests/test_road_pipeline.py;veilbreakers_terrain/tests/test_terrain_master_registrar.py;veilbreakers_terrain/tests/test_terrain_unity_export_bridge.py;veilbreakers_terrain/tests/test_terrain_wiring_integration.py;veilbreakers_terrain/tests/test_wind_waterfall_poi_phase14.py,LOW,False,
environment.py,_apply_biome_season_profile,_apply_biome_season_profile,1080,function,A-,GRADED,file_qualified,blender_tool;materials_texturing;water;geometry_mesh;scatter_ecology,True,module_test;live_probe,6,veilbreakers_terrain/tests/test_aaa_water_scatter.py;veilbreakers_terrain/tests/test_environment_handlers.py;veilbreakers_terrain/tests/test_road_pipeline.py;veilbreakers_terrain/tests/test_terrain_master_registrar.py;veilbreakers_terrain/tests/test_terrain_unity_export_bridge.py;veilbreakers_terrain/tests/test_terrain_wiring_integration.py;veilbreakers_terrain/tests/test_wind_waterfall_poi_phase14.py,LOW,False,direct_behavior_test;material_texture_contract_test
environment.py,get_vb_biome_preset,get_vb_biome_preset,1102,function,A-,GRADED,file_qualified,blender_tool;materials_texturing;water;geometry_mesh;scatter_ecology,True,direct_test;module_test;live_probe,10,veilbreakers_terrain/tests/test_aaa_water_scatter.py;veilbreakers_terrain/tests/test_environment_handlers.py;veilbreakers_terrain/tests/test_road_pipeline.py;veilbreakers_terrain/tests/test_terrain_master_registrar.py;veilbreakers_terrain/tests/test_terrain_unity_export_bridge.py;veilbreakers_terrain/tests/test_terrain_wiring_integration.py;veilbreakers_terrain/tests/test_wind_waterfall_poi_phase14.py,LOW,False,
environment.py,_validate_terrain_params,_validate_terrain_params,1133,function,A,GRADED,file_qualified,blender_tool;materials_texturing;water;geometry_mesh;scatter_ecology,True,direct_test;module_test;live_probe,10,veilbreakers_terrain/tests/test_aaa_water_scatter.py;veilbreakers_terrain/tests/test_environment_handlers.py;veilbreakers_terrain/tests/test_road_pipeline.py;veilbreakers_terrain/tests/test_terrain_master_registrar.py;veilbreakers_terrain/tests/test_terrain_unity_export_bridge.py;veilbreakers_terrain/tests/test_terrain_wiring_integration.py;veilbreakers_terrain/tests/test_wind_waterfall_poi_phase14.py,LOW,False,
environment.py,_resolve_terrain_tile_params,_resolve_terrain_tile_params,1181,function,A-,GRADED,file_qualified,blender_tool;materials_texturing;water;geometry_mesh;scatter_ecology,True,direct_test;module_test;live_probe,10,veilbreakers_terrain/tests/test_aaa_water_scatter.py;veilbreakers_terrain/tests/test_environment_handlers.py;veilbreakers_terrain/tests/test_road_pipeline.py;veilbreakers_terrain/tests/test_terrain_master_registrar.py;veilbreakers_terrain/tests/test_terrain_unity_export_bridge.py;veilbreakers_terrain/tests/test_terrain_wiring_integration.py;veilbreakers_terrain/tests/test_wind_waterfall_poi_phase14.py,LOW,False,
environment.py,_export_heightmap_raw,_export_heightmap_raw,1240,function,A,GRADED,file_qualified,blender_tool;materials_texturing;water;geometry_mesh;scatter_ecology,True,direct_test;module_test;live_probe,10,veilbreakers_terrain/tests/test_aaa_water_scatter.py;veilbreakers_terrain/tests/test_environment_handlers.py;veilbreakers_terrain/tests/test_road_pipeline.py;veilbreakers_terrain/tests/test_terrain_master_registrar.py;veilbreakers_terrain/tests/test_terrain_unity_export_bridge.py;veilbreakers_terrain/tests/test_terrain_wiring_integration.py;veilbreakers_terrain/tests/test_wind_waterfall_poi_phase14.py,LOW,False,
environment.py,_export_splatmap_raw,_export_splatmap_raw,1295,function,A-,GRADED,file_qualified,blender_tool;materials_texturing;water;geometry_mesh;scatter_ecology,True,direct_test;module_test;live_probe,10,veilbreakers_terrain/tests/test_aaa_water_scatter.py;veilbreakers_terrain/tests/test_environment_handlers.py;veilbreakers_terrain/tests/test_road_pipeline.py;veilbreakers_terrain/tests/test_terrain_master_registrar.py;veilbreakers_terrain/tests/test_terrain_unity_export_bridge.py;veilbreakers_terrain/tests/test_terrain_wiring_integration.py;veilbreakers_terrain/tests/test_wind_waterfall_poi_phase14.py,LOW,False,
environment.py,_export_world_tile_artifacts,_export_world_tile_artifacts,1320,function,A-,GRADED,file_qualified,blender_tool;materials_texturing;water;geometry_mesh;scatter_ecology,True,direct_test;module_test;live_probe,10,veilbreakers_terrain/tests/test_aaa_water_scatter.py;veilbreakers_terrain/tests/test_environment_handlers.py;veilbreakers_terrain/tests/test_road_pipeline.py;veilbreakers_terrain/tests/test_terrain_master_registrar.py;veilbreakers_terrain/tests/test_terrain_unity_export_bridge.py;veilbreakers_terrain/tests/test_terrain_wiring_integration.py;veilbreakers_terrain/tests/test_wind_waterfall_poi_phase14.py,LOW,False,
environment.py,_write_json_manifest,_write_json_manifest,1352,function,A,GRADED,file_qualified,blender_tool;materials_texturing;water;geometry_mesh;scatter_ecology,True,direct_test;module_test;live_probe,10,veilbreakers_terrain/tests/test_aaa_water_scatter.py;veilbreakers_terrain/tests/test_environment_handlers.py;veilbreakers_terrain/tests/test_road_pipeline.py;veilbreakers_terrain/tests/test_terrain_master_registrar.py;veilbreakers_terrain/tests/test_terrain_unity_export_bridge.py;veilbreakers_terrain/tests/test_terrain_wiring_integration.py;veilbreakers_terrain/tests/test_wind_waterfall_poi_phase14.py,LOW,False,
environment.py,_cleanup_written_artifacts,_cleanup_written_artifacts,1363,function,A,GRADED,file_qualified,blender_tool;materials_texturing;water;geometry_mesh;scatter_ecology,True,direct_test;module_test;live_probe,10,veilbreakers_terrain/tests/test_aaa_water_scatter.py;veilbreakers_terrain/tests/test_environment_handlers.py;veilbreakers_terrain/tests/test_road_pipeline.py;veilbreakers_terrain/tests/test_terrain_master_registrar.py;veilbreakers_terrain/tests/test_terrain_unity_export_bridge.py;veilbreakers_terrain/tests/test_terrain_wiring_integration.py;veilbreakers_terrain/tests/test_wind_waterfall_poi_phase14.py,LOW,False,
environment.py,_resolve_height_range,_resolve_height_range,1374,function,A,GRADED,file_qualified,blender_tool;materials_texturing;water;geometry_mesh;scatter_ecology,True,direct_test;module_test;live_probe,10,veilbreakers_terrain/tests/test_aaa_water_scatter.py;veilbreakers_terrain/tests/test_environment_handlers.py;veilbreakers_terrain/tests/test_road_pipeline.py;veilbreakers_terrain/tests/test_terrain_master_registrar.py;veilbreakers_terrain/tests/test_terrain_unity_export_bridge.py;veilbreakers_terrain/tests/test_terrain_wiring_integration.py;veilbreakers_terrain/tests/test_wind_waterfall_poi_phase14.py,LOW,False,
environment.py,_resolve_export_height_range,_resolve_export_height_range,1414,function,A,GRADED,file_qualified,blender_tool;materials_texturing;water;geometry_mesh;scatter_ecology,True,direct_test;module_test;live_probe,10,veilbreakers_terrain/tests/test_aaa_water_scatter.py;veilbreakers_terrain/tests/test_environment_handlers.py;veilbreakers_terrain/tests/test_road_pipeline.py;veilbreakers_terrain/tests/test_terrain_master_registrar.py;veilbreakers_terrain/tests/test_terrain_unity_export_bridge.py;veilbreakers_terrain/tests/test_terrain_wiring_integration.py;veilbreakers_terrain/tests/test_wind_waterfall_poi_phase14.py,LOW,False,
environment.py,_terrain_grid_to_world_xy,_terrain_grid_to_world_xy,1445,function,A,GRADED,file_qualified,blender_tool;materials_texturing;water;geometry_mesh;scatter_ecology,True,direct_test;module_test;live_probe,10,veilbreakers_terrain/tests/test_aaa_water_scatter.py;veilbreakers_terrain/tests/test_environment_handlers.py;veilbreakers_terrain/tests/test_road_pipeline.py;veilbreakers_terrain/tests/test_terrain_master_registrar.py;veilbreakers_terrain/tests/test_terrain_unity_export_bridge.py;veilbreakers_terrain/tests/test_terrain_wiring_integration.py;veilbreakers_terrain/tests/test_wind_waterfall_poi_phase14.py,LOW,False,
environment.py,_resolve_water_path_points,_resolve_water_path_points,1474,function,A,GRADED,file_qualified,blender_tool;materials_texturing;water;geometry_mesh;scatter_ecology,True,direct_test;module_test;live_probe,10,veilbreakers_terrain/tests/test_aaa_water_scatter.py;veilbreakers_terrain/tests/test_environment_handlers.py;veilbreakers_terrain/tests/test_road_pipeline.py;veilbreakers_terrain/tests/test_terrain_master_registrar.py;veilbreakers_terrain/tests/test_terrain_unity_export_bridge.py;veilbreakers_terrain/tests/test_terrain_wiring_integration.py;veilbreakers_terrain/tests/test_wind_waterfall_poi_phase14.py,LOW,False,
environment.py,_smooth_river_path_points,_smooth_river_path_points,1544,function,A-,GRADED,file_qualified,blender_tool;materials_texturing;water;geometry_mesh;scatter_ecology,True,direct_test;module_test;live_probe,10,veilbreakers_terrain/tests/test_aaa_water_scatter.py;veilbreakers_terrain/tests/test_environment_handlers.py;veilbreakers_terrain/tests/test_road_pipeline.py;veilbreakers_terrain/tests/test_terrain_master_registrar.py;veilbreakers_terrain/tests/test_terrain_unity_export_bridge.py;veilbreakers_terrain/tests/test_terrain_wiring_integration.py;veilbreakers_terrain/tests/test_wind_waterfall_poi_phase14.py,LOW,False,
environment.py,_estimate_tile_height_range,_estimate_tile_height_range,1655,function,B+,GRADED,file_qualified,blender_tool;materials_texturing;water;geometry_mesh;scatter_ecology,True,module_test;live_probe,6,veilbreakers_terrain/tests/test_aaa_water_scatter.py;veilbreakers_terrain/tests/test_environment_handlers.py;veilbreakers_terrain/tests/test_road_pipeline.py;veilbreakers_terrain/tests/test_terrain_master_registrar.py;veilbreakers_terrain/tests/test_terrain_unity_export_bridge.py;veilbreakers_terrain/tests/test_terrain_wiring_integration.py;veilbreakers_terrain/tests/test_wind_waterfall_poi_phase14.py,LOW,False,direct_behavior_test;material_texture_contract_test
environment.py,_create_terrain_mesh_from_heightmap,_create_terrain_mesh_from_heightmap,1682,function,A-,GRADED,file_qualified,blender_tool;materials_texturing;water;geometry_mesh;scatter_ecology,True,direct_test;module_test;live_probe,10,veilbreakers_terrain/tests/test_aaa_water_scatter.py;veilbreakers_terrain/tests/test_environment_handlers.py;veilbreakers_terrain/tests/test_road_pipeline.py;veilbreakers_terrain/tests/test_terrain_master_registrar.py;veilbreakers_terrain/tests/test_terrain_unity_export_bridge.py;veilbreakers_terrain/tests/test_terrain_wiring_integration.py;veilbreakers_terrain/tests/test_wind_waterfall_poi_phase14.py,LOW,False,
environment.py,_cliff_structures_to_overlay_placements,_cliff_structures_to_overlay_placements,1829,function,B+,GRADED,file_qualified,blender_tool;materials_texturing;water;geometry_mesh;scatter_ecology,True,direct_test;module_test;live_probe,10,veilbreakers_terrain/tests/test_aaa_water_scatter.py;veilbreakers_terrain/tests/test_environment_handlers.py;veilbreakers_terrain/tests/test_road_pipeline.py;veilbreakers_terrain/tests/test_terrain_master_registrar.py;veilbreakers_terrain/tests/test_terrain_unity_export_bridge.py;veilbreakers_terrain/tests/test_terrain_wiring_integration.py;veilbreakers_terrain/tests/test_wind_waterfall_poi_phase14.py,LOW,False,
environment.py,handle_generate_terrain,handle_generate_terrain,1901,function,A,GRADED,file_qualified,blender_tool;materials_texturing;water;geometry_mesh;scatter_ecology,True,direct_test;module_test;live_probe,10,veilbreakers_terrain/tests/test_aaa_water_scatter.py;veilbreakers_terrain/tests/test_environment_handlers.py;veilbreakers_terrain/tests/test_road_pipeline.py;veilbreakers_terrain/tests/test_terrain_master_registrar.py;veilbreakers_terrain/tests/test_terrain_unity_export_bridge.py;veilbreakers_terrain/tests/test_terrain_wiring_integration.py;veilbreakers_terrain/tests/test_wind_waterfall_poi_phase14.py,LOW,False,
environment.py,handle_generate_terrain_tile,handle_generate_terrain_tile,2253,function,A,GRADED,file_qualified,blender_tool;materials_texturing;water;geometry_mesh;scatter_ecology,True,direct_test;module_test;live_probe,10,veilbreakers_terrain/tests/test_aaa_water_scatter.py;veilbreakers_terrain/tests/test_environment_handlers.py;veilbreakers_terrain/tests/test_road_pipeline.py;veilbreakers_terrain/tests/test_terrain_master_registrar.py;veilbreakers_terrain/tests/test_terrain_unity_export_bridge.py;veilbreakers_terrain/tests/test_terrain_wiring_integration.py;veilbreakers_terrain/tests/test_wind_waterfall_poi_phase14.py,LOW,False,
environment.py,handle_generate_world_terrain,handle_generate_world_terrain,2525,function,A,GRADED,file_qualified,blender_tool;materials_texturing;water;geometry_mesh;scatter_ecology,True,direct_test;module_test;live_probe,10,veilbreakers_terrain/tests/test_aaa_water_scatter.py;veilbreakers_terrain/tests/test_environment_handlers.py;veilbreakers_terrain/tests/test_road_pipeline.py;veilbreakers_terrain/tests/test_terrain_master_registrar.py;veilbreakers_terrain/tests/test_terrain_unity_export_bridge.py;veilbreakers_terrain/tests/test_terrain_wiring_integration.py;veilbreakers_terrain/tests/test_wind_waterfall_poi_phase14.py,LOW,False,
environment.py,_execute_terrain_pipeline,_execute_terrain_pipeline,2761,function,A-,GRADED,file_qualified,blender_tool;materials_texturing;water;geometry_mesh;scatter_ecology;pipeline_wiring,True,direct_test;module_test;live_probe,10,veilbreakers_terrain/tests/test_aaa_water_scatter.py;veilbreakers_terrain/tests/test_environment_handlers.py;veilbreakers_terrain/tests/test_road_pipeline.py;veilbreakers_terrain/tests/test_terrain_master_registrar.py;veilbreakers_terrain/tests/test_terrain_unity_export_bridge.py;veilbreakers_terrain/tests/test_terrain_wiring_integration.py;veilbreakers_terrain/tests/test_wind_waterfall_poi_phase14.py,LOW,False,
environment.py,handle_run_terrain_pass,handle_run_terrain_pass,3144,function,A,GRADED,file_qualified,blender_tool;materials_texturing;water;geometry_mesh;scatter_ecology,True,direct_test;module_test;live_probe,10,veilbreakers_terrain/tests/test_aaa_water_scatter.py;veilbreakers_terrain/tests/test_environment_handlers.py;veilbreakers_terrain/tests/test_road_pipeline.py;veilbreakers_terrain/tests/test_terrain_master_registrar.py;veilbreakers_terrain/tests/test_terrain_unity_export_bridge.py;veilbreakers_terrain/tests/test_terrain_wiring_integration.py;veilbreakers_terrain/tests/test_wind_waterfall_poi_phase14.py,LOW,False,
environment.py,handle_generate_waterfall,handle_generate_waterfall,3205,function,A,GRADED,file_qualified,blender_tool;materials_texturing;water;geometry_mesh;scatter_ecology,True,direct_test;module_test;live_probe,10,veilbreakers_terrain/tests/test_aaa_water_scatter.py;veilbreakers_terrain/tests/test_environment_handlers.py;veilbreakers_terrain/tests/test_road_pipeline.py;veilbreakers_terrain/tests/test_terrain_master_registrar.py;veilbreakers_terrain/tests/test_terrain_unity_export_bridge.py;veilbreakers_terrain/tests/test_terrain_wiring_integration.py;veilbreakers_terrain/tests/test_wind_waterfall_poi_phase14.py,LOW,False,
environment.py,handle_stitch_terrain_edges,handle_stitch_terrain_edges,3432,function,A,GRADED,file_qualified,blender_tool;materials_texturing;water;geometry_mesh;scatter_ecology,True,module_test;live_probe,6,veilbreakers_terrain/tests/test_aaa_water_scatter.py;veilbreakers_terrain/tests/test_environment_handlers.py;veilbreakers_terrain/tests/test_road_pipeline.py;veilbreakers_terrain/tests/test_terrain_master_registrar.py;veilbreakers_terrain/tests/test_terrain_unity_export_bridge.py;veilbreakers_terrain/tests/test_terrain_wiring_integration.py;veilbreakers_terrain/tests/test_wind_waterfall_poi_phase14.py,LOW,False,direct_behavior_test;material_texture_contract_test
environment.py,handle_paint_terrain,handle_paint_terrain,3653,function,B+,GRADED,file_qualified,blender_tool;materials_texturing;water;geometry_mesh;scatter_ecology,True,module_test;live_probe,6,veilbreakers_terrain/tests/test_aaa_water_scatter.py;veilbreakers_terrain/tests/test_environment_handlers.py;veilbreakers_terrain/tests/test_road_pipeline.py;veilbreakers_terrain/tests/test_terrain_master_registrar.py;veilbreakers_terrain/tests/test_terrain_unity_export_bridge.py;veilbreakers_terrain/tests/test_terrain_wiring_integration.py;veilbreakers_terrain/tests/test_wind_waterfall_poi_phase14.py,LOW,False,direct_behavior_test;material_texture_contract_test
environment.py,handle_carve_river,handle_carve_river,3871,function,A,GRADED,file_qualified,blender_tool;materials_texturing;water;geometry_mesh;scatter_ecology,True,module_test;live_probe,6,veilbreakers_terrain/tests/test_aaa_water_scatter.py;veilbreakers_terrain/tests/test_environment_handlers.py;veilbreakers_terrain/tests/test_road_pipeline.py;veilbreakers_terrain/tests/test_terrain_master_registrar.py;veilbreakers_terrain/tests/test_terrain_unity_export_bridge.py;veilbreakers_terrain/tests/test_terrain_wiring_integration.py;veilbreakers_terrain/tests/test_wind_waterfall_poi_phase14.py,LOW,False,direct_behavior_test;material_texture_contract_test
environment.py,_clamp01,_clamp01,4075,function,A,GRADED,file_qualified,blender_tool;materials_texturing;water;geometry_mesh;scatter_ecology,True,module_test;live_probe,6,veilbreakers_terrain/tests/test_aaa_water_scatter.py;veilbreakers_terrain/tests/test_environment_handlers.py;veilbreakers_terrain/tests/test_road_pipeline.py;veilbreakers_terrain/tests/test_terrain_master_registrar.py;veilbreakers_terrain/tests/test_terrain_unity_export_bridge.py;veilbreakers_terrain/tests/test_terrain_wiring_integration.py;veilbreakers_terrain/tests/test_wind_waterfall_poi_phase14.py,LOW,False,direct_behavior_test;material_texture_contract_test
environment.py,_smootherstep,_smootherstep,4085,function,A,GRADED,file_qualified,blender_tool;materials_texturing;water;geometry_mesh;scatter_ecology,True,module_test;live_probe,6,veilbreakers_terrain/tests/test_aaa_water_scatter.py;veilbreakers_terrain/tests/test_environment_handlers.py;veilbreakers_terrain/tests/test_road_pipeline.py;veilbreakers_terrain/tests/test_terrain_master_registrar.py;veilbreakers_terrain/tests/test_terrain_unity_export_bridge.py;veilbreakers_terrain/tests/test_terrain_wiring_integration.py;veilbreakers_terrain/tests/test_wind_waterfall_poi_phase14.py,LOW,False,direct_behavior_test;material_texture_contract_test
environment.py,_point_segment_distance_2d,_point_segment_distance_2d,4097,function,A,GRADED,file_qualified,blender_tool;materials_texturing;water;geometry_mesh;scatter_ecology,True,module_test;live_probe,6,veilbreakers_terrain/tests/test_aaa_water_scatter.py;veilbreakers_terrain/tests/test_environment_handlers.py;veilbreakers_terrain/tests/test_road_pipeline.py;veilbreakers_terrain/tests/test_terrain_master_registrar.py;veilbreakers_terrain/tests/test_terrain_unity_export_bridge.py;veilbreakers_terrain/tests/test_terrain_wiring_integration.py;veilbreakers_terrain/tests/test_wind_waterfall_poi_phase14.py,LOW,False,direct_behavior_test;material_texture_contract_test
environment.py,_terrain_world_xy_to_grid_rc,_terrain_world_xy_to_grid_rc,4118,function,A,GRADED,file_qualified,blender_tool;materials_texturing;water;geometry_mesh;scatter_ecology,True,direct_test;module_test;live_probe,10,veilbreakers_terrain/tests/test_aaa_water_scatter.py;veilbreakers_terrain/tests/test_environment_handlers.py;veilbreakers_terrain/tests/test_road_pipeline.py;veilbreakers_terrain/tests/test_terrain_master_registrar.py;veilbreakers_terrain/tests/test_terrain_unity_export_bridge.py;veilbreakers_terrain/tests/test_terrain_wiring_integration.py;veilbreakers_terrain/tests/test_wind_waterfall_poi_phase14.py,LOW,False,
environment.py,_fill_grid_path_gaps,_fill_grid_path_gaps,4143,function,A,GRADED,file_qualified,blender_tool;materials_texturing;water;geometry_mesh;scatter_ecology,True,direct_test;module_test;live_probe,10,veilbreakers_terrain/tests/test_aaa_water_scatter.py;veilbreakers_terrain/tests/test_environment_handlers.py;veilbreakers_terrain/tests/test_road_pipeline.py;veilbreakers_terrain/tests/test_terrain_master_registrar.py;veilbreakers_terrain/tests/test_terrain_unity_export_bridge.py;veilbreakers_terrain/tests/test_terrain_wiring_integration.py;veilbreakers_terrain/tests/test_wind_waterfall_poi_phase14.py,LOW,False,
environment.py,_extract_road_network_centerline_points,_extract_road_network_centerline_points,4162,function,A,GRADED,file_qualified,blender_tool;materials_texturing;water;geometry_mesh;scatter_ecology,True,direct_test;module_test;live_probe,10,veilbreakers_terrain/tests/test_aaa_water_scatter.py;veilbreakers_terrain/tests/test_environment_handlers.py;veilbreakers_terrain/tests/test_road_pipeline.py;veilbreakers_terrain/tests/test_terrain_master_registrar.py;veilbreakers_terrain/tests/test_terrain_unity_export_bridge.py;veilbreakers_terrain/tests/test_terrain_wiring_integration.py;veilbreakers_terrain/tests/test_wind_waterfall_poi_phase14.py,LOW,False,
environment.py,_grid_path_from_world_centerline,_grid_path_from_world_centerline,4209,function,A,GRADED,file_qualified,blender_tool;materials_texturing;water;geometry_mesh;scatter_ecology,True,direct_test;module_test;live_probe,10,veilbreakers_terrain/tests/test_aaa_water_scatter.py;veilbreakers_terrain/tests/test_environment_handlers.py;veilbreakers_terrain/tests/test_road_pipeline.py;veilbreakers_terrain/tests/test_terrain_master_registrar.py;veilbreakers_terrain/tests/test_terrain_unity_export_bridge.py;veilbreakers_terrain/tests/test_terrain_wiring_integration.py;veilbreakers_terrain/tests/test_wind_waterfall_poi_phase14.py,LOW,False,
environment.py,_grade_road_path_in_world_space,_grade_road_path_in_world_space,4240,function,A,GRADED,file_qualified,blender_tool;materials_texturing;water;geometry_mesh;scatter_ecology,True,direct_test;module_test;live_probe,10,veilbreakers_terrain/tests/test_aaa_water_scatter.py;veilbreakers_terrain/tests/test_environment_handlers.py;veilbreakers_terrain/tests/test_road_pipeline.py;veilbreakers_terrain/tests/test_terrain_master_registrar.py;veilbreakers_terrain/tests/test_terrain_unity_export_bridge.py;veilbreakers_terrain/tests/test_terrain_wiring_integration.py;veilbreakers_terrain/tests/test_wind_waterfall_poi_phase14.py,LOW,False,
environment.py,_solve_road_path_with_network,_solve_road_path_with_network,4382,function,A,GRADED,file_qualified,blender_tool;materials_texturing;water;geometry_mesh;scatter_ecology,True,direct_test;module_test;live_probe,10,veilbreakers_terrain/tests/test_aaa_water_scatter.py;veilbreakers_terrain/tests/test_environment_handlers.py;veilbreakers_terrain/tests/test_road_pipeline.py;veilbreakers_terrain/tests/test_terrain_master_registrar.py;veilbreakers_terrain/tests/test_terrain_unity_export_bridge.py;veilbreakers_terrain/tests/test_terrain_wiring_integration.py;veilbreakers_terrain/tests/test_wind_waterfall_poi_phase14.py,LOW,False,
environment.py,_apply_road_profile_to_heightmap,_apply_road_profile_to_heightmap,4442,function,B,GRADED,file_qualified,blender_tool;materials_texturing;water;geometry_mesh;scatter_ecology,True,direct_test;module_test;live_probe,9,veilbreakers_terrain/tests/test_aaa_water_scatter.py;veilbreakers_terrain/tests/test_environment_handlers.py;veilbreakers_terrain/tests/test_road_channels.py;veilbreakers_terrain/tests/test_road_pipeline.py;veilbreakers_terrain/tests/test_terrain_master_registrar.py;veilbreakers_terrain/tests/test_terrain_unity_export_bridge.py;veilbreakers_terrain/tests/test_terrain_wiring_integration.py;veilbreakers_terrain/tests/test_wind_waterfall_poi_phase14.py,LOW,False,
environment.py,_build_road_mask_and_sdf,_build_road_mask_and_sdf,4524,function,A,GRADED,file_qualified,blender_tool;materials_texturing;water;geometry_mesh;scatter_ecology,True,direct_test;module_test;live_probe,10,veilbreakers_terrain/tests/test_aaa_water_scatter.py;veilbreakers_terrain/tests/test_environment_handlers.py;veilbreakers_terrain/tests/test_road_pipeline.py;veilbreakers_terrain/tests/test_terrain_master_registrar.py;veilbreakers_terrain/tests/test_terrain_unity_export_bridge.py;veilbreakers_terrain/tests/test_terrain_wiring_integration.py;veilbreakers_terrain/tests/test_wind_waterfall_poi_phase14.py,LOW,False,
environment.py,_apply_river_profile_to_heightmap,_apply_river_profile_to_heightmap,4591,function,B+,GRADED,file_qualified,blender_tool;materials_texturing;water;geometry_mesh;scatter_ecology,True,module_test;live_probe,6,veilbreakers_terrain/tests/test_aaa_water_scatter.py;veilbreakers_terrain/tests/test_environment_handlers.py;veilbreakers_terrain/tests/test_road_pipeline.py;veilbreakers_terrain/tests/test_terrain_master_registrar.py;veilbreakers_terrain/tests/test_terrain_unity_export_bridge.py;veilbreakers_terrain/tests/test_terrain_wiring_integration.py;veilbreakers_terrain/tests/test_wind_waterfall_poi_phase14.py,LOW,False,direct_behavior_test;material_texture_contract_test
environment.py,_derive_river_surface_levels,_derive_river_surface_levels,4702,function,A-,GRADED,file_qualified,blender_tool;materials_texturing;water;geometry_mesh;scatter_ecology,True,module_test;live_probe,6,veilbreakers_terrain/tests/test_aaa_water_scatter.py;veilbreakers_terrain/tests/test_environment_handlers.py;veilbreakers_terrain/tests/test_road_pipeline.py;veilbreakers_terrain/tests/test_terrain_master_registrar.py;veilbreakers_terrain/tests/test_terrain_unity_export_bridge.py;veilbreakers_terrain/tests/test_terrain_wiring_integration.py;veilbreakers_terrain/tests/test_wind_waterfall_poi_phase14.py,LOW,False,direct_behavior_test;material_texture_contract_test
environment.py,_carve_river_banks_into_terrain,_carve_river_banks_into_terrain,4734,function,D+,GRADED,file_qualified,blender_tool;materials_texturing;water;geometry_mesh;scatter_ecology,True,module_test;live_probe,5,veilbreakers_terrain/tests/test_aaa_water_scatter.py;veilbreakers_terrain/tests/test_environment_handlers.py;veilbreakers_terrain/tests/test_road_pipeline.py;veilbreakers_terrain/tests/test_terrain_master_registrar.py;veilbreakers_terrain/tests/test_terrain_unity_export_bridge.py;veilbreakers_terrain/tests/test_terrain_wiring_integration.py;veilbreakers_terrain/tests/test_wind_waterfall_poi_phase14.py,LOW,False,direct_behavior_test;material_texture_contract_test
environment.py,_sample_path_indices,_sample_path_indices,4823,function,A,GRADED,file_qualified,blender_tool;materials_texturing;water;geometry_mesh;scatter_ecology,True,direct_test;module_test;live_probe,10,veilbreakers_terrain/tests/test_aaa_water_scatter.py;veilbreakers_terrain/tests/test_environment_handlers.py;veilbreakers_terrain/tests/test_road_pipeline.py;veilbreakers_terrain/tests/test_terrain_master_registrar.py;veilbreakers_terrain/tests/test_terrain_unity_export_bridge.py;veilbreakers_terrain/tests/test_terrain_wiring_integration.py;veilbreakers_terrain/tests/test_wind_waterfall_poi_phase14.py,LOW,False,
environment.py,_collect_bridge_spans,_collect_bridge_spans,4848,function,A-,GRADED,file_qualified,blender_tool;materials_texturing;water;geometry_mesh;scatter_ecology,True,direct_test;module_test;live_probe,10,veilbreakers_terrain/tests/test_aaa_water_scatter.py;veilbreakers_terrain/tests/test_environment_handlers.py;veilbreakers_terrain/tests/test_road_pipeline.py;veilbreakers_terrain/tests/test_terrain_master_registrar.py;veilbreakers_terrain/tests/test_terrain_unity_export_bridge.py;veilbreakers_terrain/tests/test_terrain_wiring_integration.py;veilbreakers_terrain/tests/test_wind_waterfall_poi_phase14.py,LOW,False,
environment.py,_build_generated_road_path_contract,_build_generated_road_path_contract,4940,function,D+,GRADED,file_qualified,blender_tool;materials_texturing;water;geometry_mesh;scatter_ecology;pipeline_wiring,True,module_test;live_probe,5,veilbreakers_terrain/tests/test_aaa_water_scatter.py;veilbreakers_terrain/tests/test_environment_handlers.py;veilbreakers_terrain/tests/test_road_pipeline.py;veilbreakers_terrain/tests/test_terrain_master_registrar.py;veilbreakers_terrain/tests/test_terrain_unity_export_bridge.py;veilbreakers_terrain/tests/test_terrain_wiring_integration.py;veilbreakers_terrain/tests/test_wind_waterfall_poi_phase14.py,LOW,False,direct_behavior_test;material_texture_contract_test
environment.py,_ensure_grounded_road_material,_ensure_grounded_road_material,5020,function,B+,GRADED,file_qualified,blender_tool;materials_texturing;water;geometry_mesh;scatter_ecology,True,module_test;live_probe,6,veilbreakers_terrain/tests/test_aaa_water_scatter.py;veilbreakers_terrain/tests/test_environment_handlers.py;veilbreakers_terrain/tests/test_road_pipeline.py;veilbreakers_terrain/tests/test_terrain_master_registrar.py;veilbreakers_terrain/tests/test_terrain_unity_export_bridge.py;veilbreakers_terrain/tests/test_terrain_wiring_integration.py;veilbreakers_terrain/tests/test_wind_waterfall_poi_phase14.py,LOW,False,direct_behavior_test;material_texture_contract_test
environment.py,_paint_road_mask_on_terrain,_paint_road_mask_on_terrain,5104,function,B+,GRADED,file_qualified,blender_tool;materials_texturing;water;geometry_mesh;scatter_ecology,True,direct_test;module_test;live_probe,10,veilbreakers_terrain/tests/test_aaa_water_scatter.py;veilbreakers_terrain/tests/test_environment_handlers.py;veilbreakers_terrain/tests/test_road_pipeline.py;veilbreakers_terrain/tests/test_terrain_master_registrar.py;veilbreakers_terrain/tests/test_terrain_unity_export_bridge.py;veilbreakers_terrain/tests/test_terrain_wiring_integration.py;veilbreakers_terrain/tests/test_wind_waterfall_poi_phase14.py,LOW,False,
environment.py,_road_clothoid_ease,_road_clothoid_ease,5247,function,D+,GRADED,file_qualified,blender_tool;materials_texturing;water;geometry_mesh;scatter_ecology,True,module_test;live_probe,5,veilbreakers_terrain/tests/test_aaa_water_scatter.py;veilbreakers_terrain/tests/test_environment_handlers.py;veilbreakers_terrain/tests/test_road_pipeline.py;veilbreakers_terrain/tests/test_terrain_master_registrar.py;veilbreakers_terrain/tests/test_terrain_unity_export_bridge.py;veilbreakers_terrain/tests/test_terrain_wiring_integration.py;veilbreakers_terrain/tests/test_wind_waterfall_poi_phase14.py,LOW,False,direct_behavior_test;material_texture_contract_test
environment.py,_build_road_strip_geometry,_build_road_strip_geometry,5276,function,A-,GRADED,file_qualified,blender_tool;materials_texturing;water;geometry_mesh;scatter_ecology,True,module_test;live_probe,6,veilbreakers_terrain/tests/test_aaa_water_scatter.py;veilbreakers_terrain/tests/test_environment_handlers.py;veilbreakers_terrain/tests/test_road_pipeline.py;veilbreakers_terrain/tests/test_terrain_master_registrar.py;veilbreakers_terrain/tests/test_terrain_unity_export_bridge.py;veilbreakers_terrain/tests/test_terrain_wiring_integration.py;veilbreakers_terrain/tests/test_wind_waterfall_poi_phase14.py,LOW,False,direct_behavior_test;material_texture_contract_test
environment.py,_create_bridge_object_from_spec,_create_bridge_object_from_spec,5328,function,B+,GRADED,file_qualified,blender_tool;materials_texturing;water;geometry_mesh;scatter_ecology,True,module_test;live_probe,6,veilbreakers_terrain/tests/test_aaa_water_scatter.py;veilbreakers_terrain/tests/test_environment_handlers.py;veilbreakers_terrain/tests/test_road_pipeline.py;veilbreakers_terrain/tests/test_terrain_master_registrar.py;veilbreakers_terrain/tests/test_terrain_unity_export_bridge.py;veilbreakers_terrain/tests/test_terrain_wiring_integration.py;veilbreakers_terrain/tests/test_wind_waterfall_poi_phase14.py,LOW,False,direct_behavior_test;material_texture_contract_test
environment.py,_create_mesh_object_from_spec,_create_mesh_object_from_spec,5362,function,B+,GRADED,file_qualified,blender_tool;materials_texturing;water;geometry_mesh;scatter_ecology,True,direct_test;module_test;live_probe,10,veilbreakers_terrain/tests/test_aaa_water_scatter.py;veilbreakers_terrain/tests/test_environment_handlers.py;veilbreakers_terrain/tests/test_road_pipeline.py;veilbreakers_terrain/tests/test_terrain_master_registrar.py;veilbreakers_terrain/tests/test_terrain_unity_export_bridge.py;veilbreakers_terrain/tests/test_terrain_wiring_integration.py;veilbreakers_terrain/tests/test_wind_waterfall_poi_phase14.py,LOW,False,
environment.py,_sanitize_waterfall_chain_id,_sanitize_waterfall_chain_id,5396,function,A,GRADED,file_qualified,blender_tool;materials_texturing;water;geometry_mesh;scatter_ecology,True,module_test;live_probe,6,veilbreakers_terrain/tests/test_aaa_water_scatter.py;veilbreakers_terrain/tests/test_environment_handlers.py;veilbreakers_terrain/tests/test_road_pipeline.py;veilbreakers_terrain/tests/test_terrain_master_registrar.py;veilbreakers_terrain/tests/test_terrain_unity_export_bridge.py;veilbreakers_terrain/tests/test_terrain_wiring_integration.py;veilbreakers_terrain/tests/test_wind_waterfall_poi_phase14.py,LOW,False,direct_behavior_test;material_texture_contract_test
environment.py,_serialize_validation_issues,_serialize_validation_issues,5402,function,A,GRADED,file_qualified,blender_tool;materials_texturing;water;geometry_mesh;scatter_ecology,True,module_test;live_probe,6,veilbreakers_terrain/tests/test_aaa_water_scatter.py;veilbreakers_terrain/tests/test_environment_handlers.py;veilbreakers_terrain/tests/test_road_pipeline.py;veilbreakers_terrain/tests/test_terrain_master_registrar.py;veilbreakers_terrain/tests/test_terrain_unity_export_bridge.py;veilbreakers_terrain/tests/test_terrain_wiring_integration.py;veilbreakers_terrain/tests/test_wind_waterfall_poi_phase14.py,LOW,False,direct_behavior_test;material_texture_contract_test
environment.py,_coerce_point3,_coerce_point3,5419,function,A,GRADED,file_qualified,blender_tool;materials_texturing;water;geometry_mesh;scatter_ecology,True,module_test;live_probe,6,veilbreakers_terrain/tests/test_aaa_water_scatter.py;veilbreakers_terrain/tests/test_environment_handlers.py;veilbreakers_terrain/tests/test_road_pipeline.py;veilbreakers_terrain/tests/test_terrain_master_registrar.py;veilbreakers_terrain/tests/test_terrain_unity_export_bridge.py;veilbreakers_terrain/tests/test_terrain_wiring_integration.py;veilbreakers_terrain/tests/test_wind_waterfall_poi_phase14.py,LOW,False,direct_behavior_test;material_texture_contract_test
environment.py,_offset_point3,_offset_point3,5433,function,A,GRADED,file_qualified,blender_tool;materials_texturing;water;geometry_mesh;scatter_ecology,True,module_test;live_probe,6,veilbreakers_terrain/tests/test_aaa_water_scatter.py;veilbreakers_terrain/tests/test_environment_handlers.py;veilbreakers_terrain/tests/test_road_pipeline.py;veilbreakers_terrain/tests/test_terrain_master_registrar.py;veilbreakers_terrain/tests/test_terrain_unity_export_bridge.py;veilbreakers_terrain/tests/test_terrain_wiring_integration.py;veilbreakers_terrain/tests/test_wind_waterfall_poi_phase14.py,LOW,False,direct_behavior_test;material_texture_contract_test
environment.py,_resolve_waterfall_chain_id,_resolve_waterfall_chain_id,5445,function,A-,GRADED,file_qualified,blender_tool;materials_texturing;water;geometry_mesh;scatter_ecology,True,module_test;live_probe,6,veilbreakers_terrain/tests/test_aaa_water_scatter.py;veilbreakers_terrain/tests/test_environment_handlers.py;veilbreakers_terrain/tests/test_road_pipeline.py;veilbreakers_terrain/tests/test_terrain_master_registrar.py;veilbreakers_terrain/tests/test_terrain_unity_export_bridge.py;veilbreakers_terrain/tests/test_terrain_wiring_integration.py;veilbreakers_terrain/tests/test_wind_waterfall_poi_phase14.py,LOW,False,direct_behavior_test;material_texture_contract_test
environment.py,_infer_waterfall_functional_positions,_infer_waterfall_functional_positions,5471,function,A-,GRADED,file_qualified,blender_tool;materials_texturing;water;geometry_mesh;scatter_ecology,True,module_test;live_probe,6,veilbreakers_terrain/tests/test_aaa_water_scatter.py;veilbreakers_terrain/tests/test_environment_handlers.py;veilbreakers_terrain/tests/test_road_pipeline.py;veilbreakers_terrain/tests/test_terrain_master_registrar.py;veilbreakers_terrain/tests/test_terrain_unity_export_bridge.py;veilbreakers_terrain/tests/test_terrain_wiring_integration.py;veilbreakers_terrain/tests/test_wind_waterfall_poi_phase14.py,LOW,False,direct_behavior_test;material_texture_contract_test
environment.py,_publish_waterfall_functional_objects,_publish_waterfall_functional_objects,5535,function,A-,GRADED,file_qualified,blender_tool;materials_texturing;water;geometry_mesh;scatter_ecology,True,module_test;live_probe,6,veilbreakers_terrain/tests/test_aaa_water_scatter.py;veilbreakers_terrain/tests/test_environment_handlers.py;veilbreakers_terrain/tests/test_road_pipeline.py;veilbreakers_terrain/tests/test_terrain_master_registrar.py;veilbreakers_terrain/tests/test_terrain_unity_export_bridge.py;veilbreakers_terrain/tests/test_terrain_wiring_integration.py;veilbreakers_terrain/tests/test_wind_waterfall_poi_phase14.py,LOW,False,direct_behavior_test;material_texture_contract_test
environment.py,handle_create_cave_entrance,handle_create_cave_entrance,5580,function,A,GRADED,file_qualified,blender_tool;materials_texturing;water;geometry_mesh;scatter_ecology,True,direct_test;module_test;live_probe,10,veilbreakers_terrain/tests/test_aaa_water_scatter.py;veilbreakers_terrain/tests/test_environment_handlers.py;veilbreakers_terrain/tests/test_road_pipeline.py;veilbreakers_terrain/tests/test_terrain_master_registrar.py;veilbreakers_terrain/tests/test_terrain_unity_export_bridge.py;veilbreakers_terrain/tests/test_terrain_wiring_integration.py;veilbreakers_terrain/tests/test_wind_waterfall_poi_phase14.py,LOW,False,
environment.py,handle_generate_road,handle_generate_road,5870,function,A,GRADED,file_qualified,blender_tool;materials_texturing;water;geometry_mesh;scatter_ecology,True,direct_test;module_test;live_probe,10,veilbreakers_terrain/tests/test_aaa_water_scatter.py;veilbreakers_terrain/tests/test_environment_handlers.py;veilbreakers_terrain/tests/test_road_pipeline.py;veilbreakers_terrain/tests/test_terrain_master_registrar.py;veilbreakers_terrain/tests/test_terrain_unity_export_bridge.py;veilbreakers_terrain/tests/test_terrain_wiring_integration.py;veilbreakers_terrain/tests/test_wind_waterfall_poi_phase14.py,LOW,False,
environment.py,_ensure_water_material,_ensure_water_material,6294,function,A-,GRADED,file_qualified,blender_tool;materials_texturing;water;geometry_mesh;scatter_ecology,True,direct_test;module_test;live_probe,10,veilbreakers_terrain/tests/test_aaa_water_scatter.py;veilbreakers_terrain/tests/test_environment_handlers.py;veilbreakers_terrain/tests/test_road_pipeline.py;veilbreakers_terrain/tests/test_terrain_master_registrar.py;veilbreakers_terrain/tests/test_terrain_unity_export_bridge.py;veilbreakers_terrain/tests/test_terrain_wiring_integration.py;veilbreakers_terrain/tests/test_wind_waterfall_poi_phase14.py,LOW,False,
environment.py,_apply_water_object_settings,_apply_water_object_settings,6494,function,A-,GRADED,file_qualified,blender_tool;materials_texturing;water;geometry_mesh;scatter_ecology,True,module_test;live_probe,6,veilbreakers_terrain/tests/test_aaa_water_scatter.py;veilbreakers_terrain/tests/test_environment_handlers.py;veilbreakers_terrain/tests/test_road_pipeline.py;veilbreakers_terrain/tests/test_terrain_master_registrar.py;veilbreakers_terrain/tests/test_terrain_unity_export_bridge.py;veilbreakers_terrain/tests/test_terrain_wiring_integration.py;veilbreakers_terrain/tests/test_wind_waterfall_poi_phase14.py,LOW,False,direct_behavior_test;material_texture_contract_test
environment.py,_build_terrain_world_height_sampler,_build_terrain_world_height_sampler,6524,function,A,GRADED,file_qualified,blender_tool;materials_texturing;water;geometry_mesh;scatter_ecology,True,module_test;live_probe,6,veilbreakers_terrain/tests/test_aaa_water_scatter.py;veilbreakers_terrain/tests/test_environment_handlers.py;veilbreakers_terrain/tests/test_road_pipeline.py;veilbreakers_terrain/tests/test_terrain_master_registrar.py;veilbreakers_terrain/tests/test_terrain_unity_export_bridge.py;veilbreakers_terrain/tests/test_terrain_wiring_integration.py;veilbreakers_terrain/tests/test_wind_waterfall_poi_phase14.py,LOW,False,direct_behavior_test;material_texture_contract_test
environment.py,_resolve_river_bank_contact,_resolve_river_bank_contact,6576,function,A-,GRADED,file_qualified,blender_tool;materials_texturing;water;geometry_mesh;scatter_ecology,True,direct_test;module_test;live_probe,10,veilbreakers_terrain/tests/test_aaa_water_scatter.py;veilbreakers_terrain/tests/test_environment_handlers.py;veilbreakers_terrain/tests/test_road_pipeline.py;veilbreakers_terrain/tests/test_terrain_master_registrar.py;veilbreakers_terrain/tests/test_terrain_unity_export_bridge.py;veilbreakers_terrain/tests/test_terrain_wiring_integration.py;veilbreakers_terrain/tests/test_wind_waterfall_poi_phase14.py,LOW,False,
environment.py,_resolve_river_terminal_width_scale,_resolve_river_terminal_width_scale,6648,function,A-,GRADED,file_qualified,blender_tool;materials_texturing;water;geometry_mesh;scatter_ecology,True,direct_test;module_test;live_probe,10,veilbreakers_terrain/tests/test_aaa_water_scatter.py;veilbreakers_terrain/tests/test_environment_handlers.py;veilbreakers_terrain/tests/test_road_pipeline.py;veilbreakers_terrain/tests/test_terrain_master_registrar.py;veilbreakers_terrain/tests/test_terrain_unity_export_bridge.py;veilbreakers_terrain/tests/test_terrain_wiring_integration.py;veilbreakers_terrain/tests/test_wind_waterfall_poi_phase14.py,LOW,False,
environment.py,_boundary_edges_from_faces,_boundary_edges_from_faces,6680,function,A-,GRADED,file_qualified,blender_tool;materials_texturing;water;geometry_mesh;scatter_ecology,True,module_test;live_probe,6,veilbreakers_terrain/tests/test_aaa_water_scatter.py;veilbreakers_terrain/tests/test_environment_handlers.py;veilbreakers_terrain/tests/test_road_pipeline.py;veilbreakers_terrain/tests/test_terrain_master_registrar.py;veilbreakers_terrain/tests/test_terrain_unity_export_bridge.py;veilbreakers_terrain/tests/test_terrain_wiring_integration.py;veilbreakers_terrain/tests/test_wind_waterfall_poi_phase14.py,LOW,False,direct_behavior_test;material_texture_contract_test
environment.py,_build_level_water_surface_from_terrain,_build_level_water_surface_from_terrain,6692,function,A,GRADED,file_qualified,blender_tool;materials_texturing;water;geometry_mesh;scatter_ecology,True,module_test;live_probe,6,veilbreakers_terrain/tests/test_aaa_water_scatter.py;veilbreakers_terrain/tests/test_environment_handlers.py;veilbreakers_terrain/tests/test_road_pipeline.py;veilbreakers_terrain/tests/test_terrain_master_registrar.py;veilbreakers_terrain/tests/test_terrain_unity_export_bridge.py;veilbreakers_terrain/tests/test_terrain_wiring_integration.py;veilbreakers_terrain/tests/test_wind_waterfall_poi_phase14.py,LOW,False,direct_behavior_test;material_texture_contract_test
environment.py,handle_create_water,handle_create_water,7079,function,A-,GRADED,file_qualified,blender_tool;materials_texturing;water;geometry_mesh;scatter_ecology,True,direct_test;module_test;live_probe,10,veilbreakers_terrain/tests/test_aaa_water_scatter.py;veilbreakers_terrain/tests/test_environment_handlers.py;veilbreakers_terrain/tests/test_road_pipeline.py;veilbreakers_terrain/tests/test_terrain_master_registrar.py;veilbreakers_terrain/tests/test_terrain_unity_export_bridge.py;veilbreakers_terrain/tests/test_terrain_wiring_integration.py;veilbreakers_terrain/tests/test_wind_waterfall_poi_phase14.py,LOW,False,
environment.py,_priority_flood_fill_basin,_priority_flood_fill_basin,7568,function,D+,GRADED,file_qualified,blender_tool;materials_texturing;water;geometry_mesh;scatter_ecology,True,module_test;live_probe,5,veilbreakers_terrain/tests/test_aaa_water_scatter.py;veilbreakers_terrain/tests/test_environment_handlers.py;veilbreakers_terrain/tests/test_road_pipeline.py;veilbreakers_terrain/tests/test_terrain_master_registrar.py;veilbreakers_terrain/tests/test_terrain_unity_export_bridge.py;veilbreakers_terrain/tests/test_terrain_wiring_integration.py;veilbreakers_terrain/tests/test_wind_waterfall_poi_phase14.py,LOW,False,direct_behavior_test;material_texture_contract_test
environment.py,handle_carve_water_basin,handle_carve_water_basin,7616,function,B+,GRADED,file_qualified,blender_tool;materials_texturing;water;geometry_mesh;scatter_ecology,True,module_test;live_probe,6,veilbreakers_terrain/tests/test_aaa_water_scatter.py;veilbreakers_terrain/tests/test_environment_handlers.py;veilbreakers_terrain/tests/test_road_pipeline.py;veilbreakers_terrain/tests/test_terrain_master_registrar.py;veilbreakers_terrain/tests/test_terrain_unity_export_bridge.py;veilbreakers_terrain/tests/test_terrain_wiring_integration.py;veilbreakers_terrain/tests/test_wind_waterfall_poi_phase14.py,LOW,False,direct_behavior_test;material_texture_contract_test
environment.py,handle_export_unity_bundle,handle_export_unity_bundle,7979,function,A,GRADED,file_qualified,blender_tool;materials_texturing;water;geometry_mesh;scatter_ecology,True,direct_test;module_test;live_probe,10,veilbreakers_terrain/tests/test_aaa_water_scatter.py;veilbreakers_terrain/tests/test_environment_handlers.py;veilbreakers_terrain/tests/test_road_pipeline.py;veilbreakers_terrain/tests/test_terrain_master_registrar.py;veilbreakers_terrain/tests/test_terrain_unity_export_bridge.py;veilbreakers_terrain/tests/test_terrain_wiring_integration.py;veilbreakers_terrain/tests/test_wind_waterfall_poi_phase14.py,LOW,False,
environment.py,handle_export_heightmap,handle_export_heightmap,8031,function,A,GRADED,file_qualified,blender_tool;materials_texturing;water;geometry_mesh;scatter_ecology,True,direct_test;module_test;live_probe,10,veilbreakers_terrain/tests/test_aaa_water_scatter.py;veilbreakers_terrain/tests/test_environment_handlers.py;veilbreakers_terrain/tests/test_road_pipeline.py;veilbreakers_terrain/tests/test_terrain_master_registrar.py;veilbreakers_terrain/tests/test_terrain_unity_export_bridge.py;veilbreakers_terrain/tests/test_terrain_wiring_integration.py;veilbreakers_terrain/tests/test_wind_waterfall_poi_phase14.py,LOW,False,
environment.py,_nearest_pot_plus_1,_nearest_pot_plus_1,8124,function,A,GRADED,file_qualified,blender_tool;materials_texturing;water;geometry_mesh;scatter_ecology,True,direct_test;module_test;live_probe,10,veilbreakers_terrain/tests/test_aaa_water_scatter.py;veilbreakers_terrain/tests/test_environment_handlers.py;veilbreakers_terrain/tests/test_road_pipeline.py;veilbreakers_terrain/tests/test_terrain_master_registrar.py;veilbreakers_terrain/tests/test_terrain_unity_export_bridge.py;veilbreakers_terrain/tests/test_terrain_wiring_integration.py;veilbreakers_terrain/tests/test_wind_waterfall_poi_phase14.py,LOW,False,
environment.py,handle_generate_multi_biome_world,handle_generate_multi_biome_world,8136,function,A,GRADED,file_qualified,blender_tool;materials_texturing;water;geometry_mesh;scatter_ecology,True,direct_test;module_test;live_probe,10,veilbreakers_terrain/tests/test_aaa_water_scatter.py;veilbreakers_terrain/tests/test_environment_handlers.py;veilbreakers_terrain/tests/test_road_pipeline.py;veilbreakers_terrain/tests/test_terrain_master_registrar.py;veilbreakers_terrain/tests/test_terrain_unity_export_bridge.py;veilbreakers_terrain/tests/test_terrain_wiring_integration.py;veilbreakers_terrain/tests/test_wind_waterfall_poi_phase14.py,LOW,False,
environment.py,_compute_vertex_colors_for_biome_map,_compute_vertex_colors_for_biome_map,8282,function,B+,GRADED,file_qualified,blender_tool;materials_texturing;water;geometry_mesh;scatter_ecology,True,direct_test;module_test;live_probe,10,veilbreakers_terrain/tests/test_aaa_water_scatter.py;veilbreakers_terrain/tests/test_environment_handlers.py;veilbreakers_terrain/tests/test_road_pipeline.py;veilbreakers_terrain/tests/test_terrain_master_registrar.py;veilbreakers_terrain/tests/test_terrain_unity_export_bridge.py;veilbreakers_terrain/tests/test_terrain_wiring_integration.py;veilbreakers_terrain/tests/test_wind_waterfall_poi_phase14.py,LOW,False,
environment.py,_stable_seed_offset,_stable_seed_offset,8363,function,A,GRADED,file_qualified,blender_tool;materials_texturing;water;geometry_mesh;scatter_ecology,True,module_test;live_probe,6,veilbreakers_terrain/tests/test_aaa_water_scatter.py;veilbreakers_terrain/tests/test_environment_handlers.py;veilbreakers_terrain/tests/test_road_pipeline.py;veilbreakers_terrain/tests/test_terrain_master_registrar.py;veilbreakers_terrain/tests/test_terrain_unity_export_bridge.py;veilbreakers_terrain/tests/test_terrain_wiring_integration.py;veilbreakers_terrain/tests/test_wind_waterfall_poi_phase14.py,LOW,False,direct_behavior_test;material_texture_contract_test
environment_scatter.py,_require_bpy,_require_bpy,41,function,A,GRADED,file_qualified,blender_tool;geometry_mesh;scatter_ecology,True,direct_test;module_test;live_probe,10,veilbreakers_terrain/tests/test_aaa_terrain_vegetation.py;veilbreakers_terrain/tests/test_callable_evidence_bridge_vegetation.py;veilbreakers_terrain/tests/test_environment_scatter_handlers.py;veilbreakers_terrain/tests/test_terrain_foliage_catalog.py,LOW,False,
environment_scatter.py,_assign_scatter_material,_assign_scatter_material,168,function,A,GRADED,file_qualified,blender_tool;materials_texturing;geometry_mesh;scatter_ecology,True,module_test;live_probe,6,veilbreakers_terrain/tests/test_aaa_terrain_vegetation.py;veilbreakers_terrain/tests/test_environment_scatter_handlers.py;veilbreakers_terrain/tests/test_terrain_foliage_catalog.py,LOW,False,direct_behavior_test;material_texture_contract_test
environment_scatter.py,_vegetation_rotation,_vegetation_rotation,311,function,A-,GRADED,file_qualified,blender_tool;geometry_mesh;scatter_ecology,True,module_test;live_probe,6,veilbreakers_terrain/tests/test_aaa_terrain_vegetation.py;veilbreakers_terrain/tests/test_environment_scatter_handlers.py;veilbreakers_terrain/tests/test_terrain_foliage_catalog.py,LOW,False,direct_behavior_test
environment_scatter.py,_prop_rotation,_prop_rotation,317,function,A-,GRADED,file_qualified,blender_tool;geometry_mesh;scatter_ecology,True,module_test;live_probe,6,veilbreakers_terrain/tests/test_aaa_terrain_vegetation.py;veilbreakers_terrain/tests/test_environment_scatter_handlers.py;veilbreakers_terrain/tests/test_terrain_foliage_catalog.py,LOW,False,direct_behavior_test
environment_scatter.py,_terrain_height_sampler,_terrain_height_sampler,323,function,B+,GRADED,file_qualified,blender_tool;geometry_mesh;scatter_ecology,True,module_test;live_probe,6,veilbreakers_terrain/tests/test_aaa_terrain_vegetation.py;veilbreakers_terrain/tests/test_environment_scatter_handlers.py;veilbreakers_terrain/tests/test_terrain_foliage_catalog.py,LOW,False,direct_behavior_test
environment_scatter.py,_world_to_terrain_uv,_world_to_terrain_uv,378,function,A-,GRADED,file_qualified,blender_tool;geometry_mesh;scatter_ecology,True,module_test;live_probe,6,veilbreakers_terrain/tests/test_aaa_terrain_vegetation.py;veilbreakers_terrain/tests/test_environment_scatter_handlers.py;veilbreakers_terrain/tests/test_terrain_foliage_catalog.py,LOW,False,direct_behavior_test
environment_scatter.py,_sample_heightmap_surface_world,_sample_heightmap_surface_world,401,function,A,GRADED,file_qualified,blender_tool;geometry_mesh;scatter_ecology,True,module_test;live_probe,6,veilbreakers_terrain/tests/test_aaa_terrain_vegetation.py;veilbreakers_terrain/tests/test_environment_scatter_handlers.py;veilbreakers_terrain/tests/test_terrain_foliage_catalog.py,LOW,False,direct_behavior_test
environment_scatter.py,_sample_heightmap_world,_sample_heightmap_world,460,function,A,GRADED,file_qualified,blender_tool;geometry_mesh;scatter_ecology,True,direct_test;module_test;live_probe,10,veilbreakers_terrain/tests/test_aaa_terrain_vegetation.py;veilbreakers_terrain/tests/test_environment_scatter_handlers.py;veilbreakers_terrain/tests/test_terrain_foliage_catalog.py,LOW,False,
environment_scatter.py,_terrain_axis_spacing_from_extent,_terrain_axis_spacing_from_extent,487,function,A,GRADED,file_qualified,blender_tool;geometry_mesh;scatter_ecology,True,module_test;live_probe,6,veilbreakers_terrain/tests/test_aaa_terrain_vegetation.py;veilbreakers_terrain/tests/test_environment_scatter_handlers.py;veilbreakers_terrain/tests/test_terrain_foliage_catalog.py,LOW,False,direct_behavior_test
environment_scatter.py,_terrain_cell_size_from_extent,_terrain_cell_size_from_extent,499,function,A,GRADED,file_qualified,blender_tool;geometry_mesh;scatter_ecology,True,direct_test;module_test;live_probe,10,veilbreakers_terrain/tests/test_aaa_terrain_vegetation.py;veilbreakers_terrain/tests/test_environment_scatter_handlers.py;veilbreakers_terrain/tests/test_terrain_foliage_catalog.py,LOW,False,
environment_scatter.py,_collapse_detail_density,_collapse_detail_density,520,function,A,GRADED,file_qualified,blender_tool;geometry_mesh;scatter_ecology,True,direct_test;module_test;live_probe,10,veilbreakers_terrain/tests/test_aaa_terrain_vegetation.py;veilbreakers_terrain/tests/test_environment_scatter_handlers.py;veilbreakers_terrain/tests/test_terrain_foliage_catalog.py,LOW,False,
environment_scatter.py,_density_reject,_density_reject,540,function,A,GRADED,file_qualified,blender_tool;geometry_mesh;scatter_ecology,True,direct_test;module_test;live_probe,10,veilbreakers_terrain/tests/test_aaa_terrain_vegetation.py;veilbreakers_terrain/tests/test_environment_scatter_handlers.py;veilbreakers_terrain/tests/test_terrain_foliage_catalog.py,LOW,False,
environment_scatter.py,_stack_value,_stack_value,578,function,A,GRADED,file_qualified,blender_tool;geometry_mesh;scatter_ecology,True,module_test;live_probe,6,veilbreakers_terrain/tests/test_aaa_terrain_vegetation.py;veilbreakers_terrain/tests/test_environment_scatter_handlers.py;veilbreakers_terrain/tests/test_terrain_foliage_catalog.py,LOW,False,direct_behavior_test
environment_scatter.py,_resize_scatter_map,_resize_scatter_map,591,function,A,GRADED,file_qualified,blender_tool;geometry_mesh;scatter_ecology,True,module_test;live_probe,6,veilbreakers_terrain/tests/test_aaa_terrain_vegetation.py;veilbreakers_terrain/tests/test_environment_scatter_handlers.py;veilbreakers_terrain/tests/test_terrain_foliage_catalog.py,LOW,False,direct_behavior_test
environment_scatter.py,_normalize_scatter_signal,_normalize_scatter_signal,605,function,A,GRADED,file_qualified,blender_tool;geometry_mesh;scatter_ecology,True,module_test;live_probe,6,veilbreakers_terrain/tests/test_aaa_terrain_vegetation.py;veilbreakers_terrain/tests/test_environment_scatter_handlers.py;veilbreakers_terrain/tests/test_terrain_foliage_catalog.py,LOW,False,direct_behavior_test
environment_scatter.py,_scatter_base_type,_scatter_base_type,640,function,A,GRADED,file_qualified,blender_tool;geometry_mesh;scatter_ecology,True,module_test;live_probe,6,veilbreakers_terrain/tests/test_aaa_terrain_vegetation.py;veilbreakers_terrain/tests/test_environment_scatter_handlers.py;veilbreakers_terrain/tests/test_terrain_foliage_catalog.py,LOW,False,direct_behavior_test
environment_scatter.py,_resolve_scatter_context_maps,_resolve_scatter_context_maps,662,function,A,GRADED,file_qualified,blender_tool;geometry_mesh;scatter_ecology,True,direct_test;module_test;live_probe,10,veilbreakers_terrain/tests/test_aaa_terrain_vegetation.py;veilbreakers_terrain/tests/test_environment_scatter_handlers.py;veilbreakers_terrain/tests/test_terrain_foliage_catalog.py,LOW,False,
environment_scatter.py,_localize_exclusion_zones,_localize_exclusion_zones,704,function,A,GRADED,file_qualified,blender_tool;geometry_mesh;scatter_ecology,True,module_test;live_probe,6,veilbreakers_terrain/tests/test_aaa_terrain_vegetation.py;veilbreakers_terrain/tests/test_environment_scatter_handlers.py;veilbreakers_terrain/tests/test_terrain_foliage_catalog.py,LOW,False,direct_behavior_test
environment_scatter.py,_resolve_combat_clearings,_resolve_combat_clearings,724,function,A,GRADED,file_qualified,blender_tool;geometry_mesh;scatter_ecology,True,module_test;live_probe,6,veilbreakers_terrain/tests/test_aaa_terrain_vegetation.py;veilbreakers_terrain/tests/test_environment_scatter_handlers.py;veilbreakers_terrain/tests/test_terrain_foliage_catalog.py,LOW,False,direct_behavior_test
environment_scatter.py,_sample_scalar_map,_sample_scalar_map,741,function,A,GRADED,file_qualified,blender_tool;geometry_mesh;scatter_ecology,True,direct_test;module_test;live_probe,10,veilbreakers_terrain/tests/test_aaa_terrain_vegetation.py;veilbreakers_terrain/tests/test_environment_scatter_handlers.py;veilbreakers_terrain/tests/test_terrain_foliage_catalog.py,LOW,False,
environment_scatter.py,_filter_multipass_scatter_placements,_filter_multipass_scatter_placements,760,function,A,GRADED,file_qualified,blender_tool;geometry_mesh;scatter_ecology;pipeline_wiring,True,direct_test;module_test;live_probe,10,veilbreakers_terrain/tests/test_aaa_terrain_vegetation.py;veilbreakers_terrain/tests/test_environment_scatter_handlers.py;veilbreakers_terrain/tests/test_terrain_foliage_catalog.py,LOW,False,
environment_scatter.py,_yaw_deg_to_quat,_yaw_deg_to_quat,851,function,D+,GRADED,file_qualified,blender_tool;geometry_mesh;scatter_ecology,True,module_test;live_probe,5,veilbreakers_terrain/tests/test_aaa_terrain_vegetation.py;veilbreakers_terrain/tests/test_environment_scatter_handlers.py;veilbreakers_terrain/tests/test_terrain_foliage_catalog.py,LOW,False,direct_behavior_test
environment_scatter.py,_normal_from_gradients,_normal_from_gradients,856,function,D+,GRADED,file_qualified,blender_tool;geometry_mesh;scatter_ecology,True,module_test;live_probe,5,veilbreakers_terrain/tests/test_aaa_terrain_vegetation.py;veilbreakers_terrain/tests/test_environment_scatter_handlers.py;veilbreakers_terrain/tests/test_terrain_foliage_catalog.py,LOW,False,direct_behavior_test
environment_scatter.py,_euler_xyz_to_quat,_euler_xyz_to_quat,864,function,D+,GRADED,file_qualified,blender_tool;geometry_mesh;scatter_ecology,True,module_test;live_probe,5,veilbreakers_terrain/tests/test_aaa_terrain_vegetation.py;veilbreakers_terrain/tests/test_environment_scatter_handlers.py;veilbreakers_terrain/tests/test_terrain_foliage_catalog.py,LOW,False,direct_behavior_test
environment_scatter.py,_build_scatter_point_table_from_placements,_build_scatter_point_table_from_placements,880,function,D+,GRADED,file_qualified,blender_tool;geometry_mesh;scatter_ecology,True,direct_test;module_test;live_probe,9,veilbreakers_terrain/tests/test_aaa_terrain_vegetation.py;veilbreakers_terrain/tests/test_environment_scatter_handlers.py;veilbreakers_terrain/tests/test_terrain_foliage_catalog.py,LOW,False,
environment_scatter.py,_generate_multipass_scatter_placements,_generate_multipass_scatter_placements,955,function,A,GRADED,file_qualified,blender_tool;geometry_mesh;scatter_ecology;pipeline_wiring,True,direct_test;module_test;live_probe,10,veilbreakers_terrain/tests/test_aaa_terrain_vegetation.py;veilbreakers_terrain/tests/test_environment_scatter_handlers.py;veilbreakers_terrain/tests/test_terrain_foliage_catalog.py,LOW,False,
environment_scatter.py,_hero_excluded,_hero_excluded,1065,function,A,GRADED,file_qualified,blender_tool;geometry_mesh;scatter_ecology,True,direct_test;module_test;live_probe,10,veilbreakers_terrain/tests/test_aaa_terrain_vegetation.py;veilbreakers_terrain/tests/test_environment_scatter_handlers.py;veilbreakers_terrain/tests/test_terrain_foliage_catalog.py,LOW,False,
environment_scatter.py,_wind_rotation_y,_wind_rotation_y,1091,function,A,GRADED,file_qualified,blender_tool;geometry_mesh;scatter_ecology,True,direct_test;module_test;live_probe,10,veilbreakers_terrain/tests/test_aaa_terrain_vegetation.py;veilbreakers_terrain/tests/test_environment_scatter_handlers.py;veilbreakers_terrain/tests/test_terrain_foliage_catalog.py,LOW,False,
environment_scatter.py,_apply_sdf_exclusion,_apply_sdf_exclusion,1121,function,A,GRADED,file_qualified,blender_tool;geometry_mesh;scatter_ecology,True,direct_test;module_test;live_probe,10,veilbreakers_terrain/tests/test_aaa_terrain_vegetation.py;veilbreakers_terrain/tests/test_environment_scatter_handlers.py;veilbreakers_terrain/tests/test_terrain_foliage_catalog.py,LOW,False,
environment_scatter.py,_write_tree_instance_points,_write_tree_instance_points,1157,function,A,GRADED,file_qualified,blender_tool;geometry_mesh;scatter_ecology,True,direct_test;module_test;live_probe,10,veilbreakers_terrain/tests/test_aaa_terrain_vegetation.py;veilbreakers_terrain/tests/test_environment_scatter_handlers.py;veilbreakers_terrain/tests/test_terrain_foliage_catalog.py,LOW,False,
environment_scatter.py,_location_layer_rand2,_location_layer_rand2,1194,function,A,GRADED,file_qualified,blender_tool;geometry_mesh;scatter_ecology,True,direct_test;module_test;live_probe,10,veilbreakers_terrain/tests/test_aaa_terrain_vegetation.py;veilbreakers_terrain/tests/test_environment_scatter_handlers.py;veilbreakers_terrain/tests/test_terrain_foliage_catalog.py,LOW,False,
environment_scatter.py,LocationLayer.generate,generate,1243,method,A,GRADED,file_qualified,blender_tool;geometry_mesh;scatter_ecology,True,direct_test;module_test;live_probe,10,veilbreakers_terrain/tests/test_aaa_terrain_vegetation.py;veilbreakers_terrain/tests/test_environment_scatter_handlers.py;veilbreakers_terrain/tests/test_terrain_foliage_catalog.py,LOW,False,
environment_scatter.py,halo_scatter_point_id,halo_scatter_point_id,1356,function,A,GRADED,file_qualified,blender_tool;geometry_mesh;scatter_ecology,True,direct_test;module_test;live_probe,10,veilbreakers_terrain/tests/test_aaa_terrain_vegetation.py;veilbreakers_terrain/tests/test_environment_scatter_handlers.py;veilbreakers_terrain/tests/test_terrain_foliage_catalog.py,LOW,False,
environment_scatter.py,_create_template_collection,_create_template_collection,1427,function,A,GRADED,file_qualified,blender_tool;geometry_mesh;scatter_ecology,True,module_test;live_probe,6,veilbreakers_terrain/tests/test_aaa_terrain_vegetation.py;veilbreakers_terrain/tests/test_environment_scatter_handlers.py;veilbreakers_terrain/tests/test_terrain_foliage_catalog.py,LOW,False,direct_behavior_test
environment_scatter.py,_create_vegetation_template,_create_vegetation_template,1437,function,A,GRADED,file_qualified,blender_tool;geometry_mesh;scatter_ecology,True,module_test;live_probe,6,veilbreakers_terrain/tests/test_aaa_terrain_vegetation.py;veilbreakers_terrain/tests/test_environment_scatter_handlers.py;veilbreakers_terrain/tests/test_terrain_foliage_catalog.py,LOW,False,direct_behavior_test
environment_scatter.py,_add_leaf_card_canopy,_add_leaf_card_canopy,1613,function,A,GRADED,file_qualified,blender_tool;geometry_mesh;scatter_ecology,True,module_test;live_probe,6,veilbreakers_terrain/tests/test_aaa_terrain_vegetation.py;veilbreakers_terrain/tests/test_environment_scatter_handlers.py;veilbreakers_terrain/tests/test_terrain_foliage_catalog.py,LOW,False,direct_behavior_test
environment_scatter.py,create_leaf_card_tree,create_leaf_card_tree,1797,function,A,GRADED,file_qualified,blender_tool;geometry_mesh;scatter_ecology,True,direct_test;module_test;live_probe,10,veilbreakers_terrain/tests/test_aaa_terrain_vegetation.py;veilbreakers_terrain/tests/test_environment_scatter_handlers.py;veilbreakers_terrain/tests/test_terrain_foliage_catalog.py,LOW,False,
environment_scatter.py,_create_grass_card,_create_grass_card,1948,function,A,GRADED,file_qualified,blender_tool;geometry_mesh;scatter_ecology,True,direct_test;module_test;live_probe,10,veilbreakers_terrain/tests/test_aaa_terrain_vegetation.py;veilbreakers_terrain/tests/test_environment_scatter_handlers.py;veilbreakers_terrain/tests/test_terrain_foliage_catalog.py,LOW,False,
environment_scatter.py,_rock_size_from_power_law,_rock_size_from_power_law,2065,function,A-,GRADED,file_qualified,blender_tool;geometry_mesh;scatter_ecology,True,direct_test;module_test;live_probe,10,veilbreakers_terrain/tests/test_aaa_terrain_vegetation.py;veilbreakers_terrain/tests/test_environment_scatter_handlers.py;veilbreakers_terrain/tests/test_terrain_foliage_catalog.py,LOW,False,
environment_scatter.py,_generate_combat_clearing,_generate_combat_clearing,2084,function,A,GRADED,file_qualified,blender_tool;geometry_mesh;scatter_ecology,True,direct_test;module_test;live_probe,10,veilbreakers_terrain/tests/test_aaa_terrain_vegetation.py;veilbreakers_terrain/tests/test_environment_scatter_handlers.py;veilbreakers_terrain/tests/test_terrain_foliage_catalog.py,LOW,False,
environment_scatter.py,_build_scatter_density_map,_build_scatter_density_map,2254,function,A,GRADED,file_qualified,blender_tool;geometry_mesh;scatter_ecology,True,module_test;live_probe,6,veilbreakers_terrain/tests/test_aaa_terrain_vegetation.py;veilbreakers_terrain/tests/test_environment_scatter_handlers.py;veilbreakers_terrain/tests/test_terrain_foliage_catalog.py,LOW,False,direct_behavior_test
environment_scatter.py,_lod_for_distance,_lod_for_distance,2349,function,A,GRADED,file_qualified,blender_tool;geometry_mesh;scatter_ecology,True,direct_test;module_test;live_probe,10,veilbreakers_terrain/tests/test_aaa_terrain_vegetation.py;veilbreakers_terrain/tests/test_environment_scatter_handlers.py;veilbreakers_terrain/tests/test_terrain_foliage_catalog.py,LOW,False,
environment_scatter.py,_scatter_pass,_scatter_pass,2452,function,A,GRADED,file_qualified,blender_tool;geometry_mesh;scatter_ecology,True,direct_test;module_test;live_probe,10,veilbreakers_terrain/tests/test_aaa_terrain_vegetation.py;veilbreakers_terrain/tests/test_environment_scatter_handlers.py;veilbreakers_terrain/tests/test_terrain_foliage_catalog.py,LOW,False,
environment_scatter.py,handle_scatter_vegetation,handle_scatter_vegetation,2903,function,A,GRADED,file_qualified,blender_tool;geometry_mesh;scatter_ecology,True,module_test;live_probe,6,veilbreakers_terrain/tests/test_aaa_terrain_vegetation.py;veilbreakers_terrain/tests/test_environment_scatter_handlers.py;veilbreakers_terrain/tests/test_terrain_foliage_catalog.py,LOW,False,direct_behavior_test
environment_scatter.py,_create_prop_template,_create_prop_template,3303,function,A,GRADED,file_qualified,blender_tool;geometry_mesh;scatter_ecology,True,module_test;live_probe,6,veilbreakers_terrain/tests/test_aaa_terrain_vegetation.py;veilbreakers_terrain/tests/test_environment_scatter_handlers.py;veilbreakers_terrain/tests/test_terrain_foliage_catalog.py,LOW,False,direct_behavior_test
environment_scatter.py,handle_scatter_props,handle_scatter_props,3357,function,A,GRADED,file_qualified,blender_tool;geometry_mesh;scatter_ecology,True,module_test;live_probe,6,veilbreakers_terrain/tests/test_aaa_terrain_vegetation.py;veilbreakers_terrain/tests/test_environment_scatter_handlers.py;veilbreakers_terrain/tests/test_terrain_foliage_catalog.py,LOW,False,direct_behavior_test
environment_scatter.py,handle_create_breakable,handle_create_breakable,3497,function,A,GRADED,file_qualified,blender_tool;geometry_mesh;scatter_ecology,True,module_test;live_probe,6,veilbreakers_terrain/tests/test_aaa_terrain_vegetation.py;veilbreakers_terrain/tests/test_environment_scatter_handlers.py;veilbreakers_terrain/tests/test_terrain_foliage_catalog.py,LOW,False,direct_behavior_test
light_integration.py,_fp,_fp,61,function,A,GRADED,file_qualified,blender_tool;water;geometry_mesh,True,direct_test;module_test;live_probe,10,veilbreakers_terrain/tests/test_live_readiness_regressions.py;veilbreakers_terrain/tests/test_routing_light_determinism_helpers.py;veilbreakers_terrain/tests/test_world_map_light_atmosphere.py,LOW,False,
light_integration.py,compute_probe_placements,compute_probe_placements,150,function,A,GRADED,file_qualified,blender_tool;water;geometry_mesh,True,direct_test;module_test;live_probe,10,veilbreakers_terrain/tests/test_live_readiness_regressions.py;veilbreakers_terrain/tests/test_routing_light_determinism_helpers.py;veilbreakers_terrain/tests/test_world_map_light_atmosphere.py,LOW,False,
light_integration.py,compute_light_placements,compute_light_placements,306,function,A,GRADED,file_qualified,blender_tool;water;geometry_mesh,True,direct_test;module_test;live_probe,10,veilbreakers_terrain/tests/test_live_readiness_regressions.py;veilbreakers_terrain/tests/test_routing_light_determinism_helpers.py;veilbreakers_terrain/tests/test_world_map_light_atmosphere.py,LOW,False,
light_integration.py,_dist3,_dist3,451,function,A,GRADED,file_qualified,blender_tool;water;geometry_mesh,True,module_test;live_probe,6,veilbreakers_terrain/tests/test_live_readiness_regressions.py;veilbreakers_terrain/tests/test_routing_light_determinism_helpers.py;veilbreakers_terrain/tests/test_world_map_light_atmosphere.py,LOW,False,direct_behavior_test
light_integration.py,_uf_find,_uf_find,457,function,A,GRADED,file_qualified,blender_tool;water;geometry_mesh,True,direct_test;module_test;live_probe,10,veilbreakers_terrain/tests/test_live_readiness_regressions.py;veilbreakers_terrain/tests/test_routing_light_determinism_helpers.py;veilbreakers_terrain/tests/test_world_map_light_atmosphere.py,LOW,False,
light_integration.py,_uf_union,_uf_union,464,function,A,GRADED,file_qualified,blender_tool;water;geometry_mesh,True,direct_test;module_test;live_probe,10,veilbreakers_terrain/tests/test_live_readiness_regressions.py;veilbreakers_terrain/tests/test_routing_light_determinism_helpers.py;veilbreakers_terrain/tests/test_world_map_light_atmosphere.py,LOW,False,
light_integration.py,merge_nearby_lights,merge_nearby_lights,475,function,A,GRADED,file_qualified,blender_tool;water;geometry_mesh,True,direct_test;module_test;live_probe,10,veilbreakers_terrain/tests/test_live_readiness_regressions.py;veilbreakers_terrain/tests/test_routing_light_determinism_helpers.py;veilbreakers_terrain/tests/test_world_map_light_atmosphere.py,LOW,False,
light_integration.py,compute_light_budget,compute_light_budget,572,function,A,GRADED,file_qualified,blender_tool;water;geometry_mesh,True,direct_test;module_test;live_probe,10,veilbreakers_terrain/tests/test_live_readiness_regressions.py;veilbreakers_terrain/tests/test_routing_light_determinism_helpers.py;veilbreakers_terrain/tests/test_world_map_light_atmosphere.py,LOW,False,
lod_pipeline.py,_cross,_cross,90,function,A,GRADED,file_qualified,blender_tool;camera_readability;geometry_mesh;pipeline_wiring,True,direct_test;module_test;live_probe,10,veilbreakers_terrain/tests/test_lod_material_live_readiness.py;veilbreakers_terrain/tests/test_p7_vectorization.py,LOW,False,
lod_pipeline.py,_sub,_sub,101,function,A,GRADED,file_qualified,blender_tool;camera_readability;geometry_mesh;pipeline_wiring,True,direct_test;module_test;live_probe,10,veilbreakers_terrain/tests/test_lod_material_live_readiness.py;veilbreakers_terrain/tests/test_p7_vectorization.py,LOW,False,
lod_pipeline.py,_dot,_dot,108,function,A,GRADED,file_qualified,blender_tool;camera_readability;geometry_mesh;pipeline_wiring,True,direct_test;module_test;live_probe,10,veilbreakers_terrain/tests/test_lod_material_live_readiness.py;veilbreakers_terrain/tests/test_p7_vectorization.py,LOW,False,
lod_pipeline.py,_normalize,_normalize,115,function,A,GRADED,file_qualified,blender_tool;camera_readability;geometry_mesh;pipeline_wiring,True,direct_test;module_test;live_probe,10,veilbreakers_terrain/tests/test_lod_material_live_readiness.py;veilbreakers_terrain/tests/test_p7_vectorization.py,LOW,False,
lod_pipeline.py,_face_normal,_face_normal,123,function,A,GRADED,file_qualified,blender_tool;camera_readability;geometry_mesh;pipeline_wiring,True,direct_test;module_test;live_probe,10,veilbreakers_terrain/tests/test_lod_material_live_readiness.py;veilbreakers_terrain/tests/test_p7_vectorization.py,LOW,False,
lod_pipeline.py,compute_silhouette_importance,compute_silhouette_importance,143,function,B,GRADED,file_qualified,blender_tool;camera_readability;geometry_mesh;pipeline_wiring,True,direct_test;module_test;live_probe,9,veilbreakers_terrain/tests/test_lod_material_live_readiness.py;veilbreakers_terrain/tests/test_p7_vectorization.py,LOW,False,
lod_pipeline.py,compute_region_importance,compute_region_importance,273,function,B+,GRADED,file_qualified,blender_tool;camera_readability;geometry_mesh;pipeline_wiring,True,module_test;live_probe,6,veilbreakers_terrain/tests/test_lod_material_live_readiness.py;veilbreakers_terrain/tests/test_p7_vectorization.py,LOW,False,direct_behavior_test;camera_readability_probe
lod_pipeline.py,_compute_quadric,_compute_quadric,352,function,A,GRADED,file_qualified,blender_tool;camera_readability;geometry_mesh;pipeline_wiring,True,direct_test;module_test;live_probe,10,veilbreakers_terrain/tests/test_lod_material_live_readiness.py;veilbreakers_terrain/tests/test_p7_vectorization.py,LOW,False,
lod_pipeline.py,_qem_optimal_position,_qem_optimal_position,398,function,A,GRADED,file_qualified,blender_tool;camera_readability;geometry_mesh;pipeline_wiring,True,direct_test;module_test;live_probe,10,veilbreakers_terrain/tests/test_lod_material_live_readiness.py;veilbreakers_terrain/tests/test_p7_vectorization.py,LOW,False,
lod_pipeline.py,_edge_collapse_cost_qem,_edge_collapse_cost_qem,437,function,A,GRADED,file_qualified,blender_tool;camera_readability;geometry_mesh;pipeline_wiring,True,direct_test;module_test;live_probe,10,veilbreakers_terrain/tests/test_lod_material_live_readiness.py;veilbreakers_terrain/tests/test_p7_vectorization.py,LOW,False,
lod_pipeline.py,_edge_collapse_cost,_edge_collapse_cost,475,function,A,GRADED,file_qualified,blender_tool;camera_readability;geometry_mesh;pipeline_wiring,True,module_test;live_probe,6,veilbreakers_terrain/tests/test_lod_material_live_readiness.py;veilbreakers_terrain/tests/test_p7_vectorization.py,LOW,False,direct_behavior_test;camera_readability_probe
lod_pipeline.py,decimate_preserving_silhouette,decimate_preserving_silhouette,540,function,A,GRADED,file_qualified,blender_tool;camera_readability;geometry_mesh;pipeline_wiring,True,direct_test;module_test;live_probe,10,veilbreakers_terrain/tests/test_lod_material_live_readiness.py;veilbreakers_terrain/tests/test_p7_vectorization.py,LOW,False,
lod_pipeline.py,generate_collision_mesh,generate_collision_mesh,739,function,B+,GRADED,file_qualified,blender_tool;camera_readability;geometry_mesh;pipeline_wiring,True,direct_test;module_test;live_probe,10,veilbreakers_terrain/tests/test_lod_material_live_readiness.py;veilbreakers_terrain/tests/test_p7_vectorization.py,LOW,False,
lod_pipeline.py,compute_collision_aabb,compute_collision_aabb,943,function,A,GRADED,file_qualified,blender_tool;camera_readability;geometry_mesh;pipeline_wiring,True,direct_test;module_test;live_probe,10,veilbreakers_terrain/tests/test_lod_material_live_readiness.py;veilbreakers_terrain/tests/test_p7_vectorization.py,LOW,False,
lod_pipeline.py,_generate_billboard_quad,_generate_billboard_quad,997,function,B+,GRADED,file_qualified,blender_tool;camera_readability;geometry_mesh;pipeline_wiring,True,direct_test;module_test;live_probe,10,veilbreakers_terrain/tests/test_lod_material_live_readiness.py;veilbreakers_terrain/tests/test_p7_vectorization.py,LOW,False,
lod_pipeline.py,_generate_billboard_quad_spec,_generate_billboard_quad_spec,1079,function,A-,GRADED,file_qualified,blender_tool;camera_readability;geometry_mesh;pipeline_wiring,True,direct_test;module_test;live_probe,10,veilbreakers_terrain/tests/test_lod_material_live_readiness.py;veilbreakers_terrain/tests/test_p7_vectorization.py,LOW,False,
lod_pipeline.py,_auto_detect_regions,_auto_detect_regions,1169,function,B,GRADED,file_qualified,blender_tool;camera_readability;geometry_mesh;pipeline_wiring,True,module_test;live_probe,5,veilbreakers_terrain/tests/test_lod_material_live_readiness.py;veilbreakers_terrain/tests/test_p7_vectorization.py,LOW,False,direct_behavior_test;camera_readability_probe
lod_pipeline.py,generate_lod_chain,generate_lod_chain,1352,function,A,GRADED,file_qualified,blender_tool;camera_readability;geometry_mesh;pipeline_wiring,True,direct_test;module_test;live_probe,10,veilbreakers_terrain/tests/test_lod_material_live_readiness.py;veilbreakers_terrain/tests/test_p7_vectorization.py,LOW,False,
lod_pipeline.py,SceneBudgetValidator.validate,validate,1516,method,C,GRADED,file_qualified,blender_tool;camera_readability;geometry_mesh;pipeline_wiring,True,direct_test;module_test;live_probe,9,veilbreakers_terrain/tests/test_lod_material_live_readiness.py;veilbreakers_terrain/tests/test_p7_vectorization.py,LOW,False,
lod_pipeline.py,SceneBudgetValidator.validate_all_scopes,validate_all_scopes,1590,method,A,GRADED,file_qualified,blender_tool;camera_readability;geometry_mesh;pipeline_wiring,True,direct_test;module_test;live_probe,10,veilbreakers_terrain/tests/test_lod_material_live_readiness.py;veilbreakers_terrain/tests/test_p7_vectorization.py,LOW,False,
lod_pipeline.py,handle_generate_lods,handle_generate_lods,1613,function,B+,GRADED,file_qualified,blender_tool;camera_readability;geometry_mesh;pipeline_wiring,True,direct_test;module_test;live_probe,10,veilbreakers_terrain/tests/test_lod_material_live_readiness.py;veilbreakers_terrain/tests/test_p7_vectorization.py,LOW,False,
lod_pipeline.py,_make_billboard_lod_spec,_make_billboard_lod_spec,1757,function,A-,GRADED,file_qualified,blender_tool;camera_readability;geometry_mesh;pipeline_wiring,True,direct_test;module_test;live_probe,10,veilbreakers_terrain/tests/test_lod_material_live_readiness.py;veilbreakers_terrain/tests/test_p7_vectorization.py,LOW,False,
lod_pipeline.py,_setup_billboard_lod,_setup_billboard_lod,1847,function,A,GRADED,file_qualified,blender_tool;camera_readability;geometry_mesh;pipeline_wiring,True,module_test;live_probe,6,veilbreakers_terrain/tests/test_lod_material_live_readiness.py;veilbreakers_terrain/tests/test_p7_vectorization.py,LOW,False,direct_behavior_test;camera_readability_probe
mesh.py,_dist3d_sq,_dist3d_sq,23,function,B,GRADED,file_qualified,blender_tool;geometry_mesh,True,module_test;live_probe,5,veilbreakers_terrain/tests/test_precision_mesh_editing.py,LOW,False,direct_behavior_test
mesh.py,_dot3,_dot3,27,function,B,GRADED,file_qualified,blender_tool;geometry_mesh,True,module_test;live_probe,5,veilbreakers_terrain/tests/test_precision_mesh_editing.py,LOW,False,direct_behavior_test
mesh.py,_sub3,_sub3,31,function,B,GRADED,file_qualified,blender_tool;geometry_mesh,True,module_test;live_probe,5,veilbreakers_terrain/tests/test_precision_mesh_editing.py,LOW,False,direct_behavior_test
mesh.py,_normalize3,_normalize3,35,function,B,GRADED,file_qualified,blender_tool;geometry_mesh,True,module_test;live_probe,5,veilbreakers_terrain/tests/test_precision_mesh_editing.py,LOW,False,direct_behavior_test
mesh.py,_select_by_box,_select_by_box,47,function,A,GRADED,file_qualified,blender_tool;geometry_mesh,True,direct_test;module_test;live_probe,10,veilbreakers_terrain/tests/test_precision_mesh_editing.py,LOW,False,
mesh.py,_select_by_sphere,_select_by_sphere,91,function,A,GRADED,file_qualified,blender_tool;geometry_mesh,True,direct_test;module_test;live_probe,10,veilbreakers_terrain/tests/test_precision_mesh_editing.py,LOW,False,
mesh.py,_select_by_plane,_select_by_plane,129,function,A,GRADED,file_qualified,blender_tool;geometry_mesh,True,direct_test;module_test;live_probe,10,veilbreakers_terrain/tests/test_precision_mesh_editing.py,LOW,False,
mesh.py,_parse_selection_criteria,_parse_selection_criteria,233,function,A,GRADED,file_qualified,blender_tool;geometry_mesh,True,direct_test;module_test;live_probe,10,veilbreakers_terrain/tests/test_precision_mesh_editing.py,LOW,False,
mesh.py,_validate_edit_operation,_validate_edit_operation,451,function,A,GRADED,file_qualified,blender_tool;geometry_mesh,True,direct_test;module_test;live_probe,10,veilbreakers_terrain/tests/test_precision_mesh_editing.py,LOW,False,
mesh_smoothing.py,_build_adjacency,_build_adjacency,36,function,A,GRADED,file_qualified,blender_tool;camera_readability;geometry_mesh,True,module_test;live_probe,6,veilbreakers_terrain/tests/test_mesh_smoothing_helpers.py;veilbreakers_terrain/tests/test_performance_optimization.py,LOW,False,direct_behavior_test;camera_readability_probe
mesh_smoothing.py,_build_laplacian,_build_laplacian,52,function,A,GRADED,file_qualified,blender_tool;camera_readability;geometry_mesh,True,direct_test;module_test;live_probe,10,veilbreakers_terrain/tests/test_mesh_smoothing_helpers.py;veilbreakers_terrain/tests/test_performance_optimization.py,LOW,False,
mesh_smoothing.py,_compute_face_normal,_compute_face_normal,82,function,A,GRADED,file_qualified,blender_tool;camera_readability;geometry_mesh,True,direct_test;module_test;live_probe,10,veilbreakers_terrain/tests/test_mesh_smoothing_helpers.py;veilbreakers_terrain/tests/test_performance_optimization.py,LOW,False,
mesh_smoothing.py,_build_sharp_vertex_mask,_build_sharp_vertex_mask,95,function,A,GRADED,file_qualified,blender_tool;camera_readability;geometry_mesh,True,direct_test;module_test;live_probe,10,veilbreakers_terrain/tests/test_mesh_smoothing_helpers.py;veilbreakers_terrain/tests/test_performance_optimization.py,LOW,False,
mesh_smoothing.py,_build_boundary_vertex_mask,_build_boundary_vertex_mask,170,function,A,GRADED,file_qualified,blender_tool;camera_readability;geometry_mesh,True,direct_test;module_test;live_probe,10,veilbreakers_terrain/tests/test_mesh_smoothing_helpers.py;veilbreakers_terrain/tests/test_performance_optimization.py,LOW,False,
mesh_smoothing.py,_laplacian_pass,_laplacian_pass,196,function,A,GRADED,file_qualified,blender_tool;camera_readability;geometry_mesh,True,direct_test;module_test;live_probe,10,veilbreakers_terrain/tests/test_mesh_smoothing_helpers.py;veilbreakers_terrain/tests/test_performance_optimization.py,LOW,False,
mesh_smoothing.py,smooth_assembled_mesh,smooth_assembled_mesh,217,function,A,GRADED,file_qualified,blender_tool;camera_readability;geometry_mesh,True,direct_test;module_test;live_probe,10,veilbreakers_terrain/tests/test_mesh_smoothing_helpers.py;veilbreakers_terrain/tests/test_performance_optimization.py,LOW,False,
procedural_materials.py,validate_dark_fantasy_color,validate_dark_fantasy_color,61,function,A,GRADED,file_qualified,blender_tool;materials_texturing;scatter_ecology,True,direct_test;module_test;live_probe,10,veilbreakers_terrain/tests/test_lod_material_live_readiness.py,LOW,False,
procedural_materials.py,_place,_place,953,function,A,GRADED,file_qualified,blender_tool;materials_texturing;scatter_ecology,True,module_test;live_probe,6,veilbreakers_terrain/tests/test_lod_material_live_readiness.py,LOW,False,direct_behavior_test;material_texture_contract_test
procedural_materials.py,_add_node,_add_node,958,function,A,GRADED,file_qualified,blender_tool;materials_texturing;scatter_ecology,True,module_test;live_probe,6,veilbreakers_terrain/tests/test_lod_material_live_readiness.py,LOW,False,direct_behavior_test;material_texture_contract_test
procedural_materials.py,_get_bsdf_input,_get_bsdf_input,983,function,A,GRADED,file_qualified,blender_tool;materials_texturing;scatter_ecology,True,module_test;live_probe,6,veilbreakers_terrain/tests/test_lod_material_live_readiness.py,LOW,False,direct_behavior_test;material_texture_contract_test
procedural_materials.py,_build_normal_chain,_build_normal_chain,1001,function,A,GRADED,file_qualified,blender_tool;materials_texturing;scatter_ecology,True,module_test;live_probe,6,veilbreakers_terrain/tests/test_lod_material_live_readiness.py,LOW,False,direct_behavior_test;material_texture_contract_test
procedural_materials.py,_make_channel_ext,_make_channel_ext,1083,function,D+,GRADED,file_qualified,blender_tool;materials_texturing;scatter_ecology,True,module_test;live_probe,5,veilbreakers_terrain/tests/test_lod_material_live_readiness.py,LOW,False,direct_behavior_test;material_texture_contract_test
procedural_materials.py,build_stone_material,build_stone_material,1141,function,A,GRADED,file_qualified,blender_tool;materials_texturing;scatter_ecology,True,module_test;live_probe,6,veilbreakers_terrain/tests/test_lod_material_live_readiness.py,LOW,False,direct_behavior_test;material_texture_contract_test
procedural_materials.py,build_wood_material,build_wood_material,1286,function,A,GRADED,file_qualified,blender_tool;materials_texturing;scatter_ecology,True,module_test;live_probe,6,veilbreakers_terrain/tests/test_lod_material_live_readiness.py,LOW,False,direct_behavior_test;material_texture_contract_test
procedural_materials.py,build_metal_material,build_metal_material,1387,function,A,GRADED,file_qualified,blender_tool;materials_texturing;scatter_ecology,True,module_test;live_probe,6,veilbreakers_terrain/tests/test_lod_material_live_readiness.py,LOW,False,direct_behavior_test;material_texture_contract_test
procedural_materials.py,build_organic_material,build_organic_material,1487,function,A,GRADED,file_qualified,blender_tool;materials_texturing;scatter_ecology,True,module_test;live_probe,6,veilbreakers_terrain/tests/test_lod_material_live_readiness.py,LOW,False,direct_behavior_test;material_texture_contract_test
procedural_materials.py,build_terrain_material,build_terrain_material,1638,function,A,GRADED,file_qualified,blender_tool;materials_texturing;scatter_ecology,True,module_test;live_probe,6,veilbreakers_terrain/tests/test_lod_material_live_readiness.py,LOW,False,direct_behavior_test;material_texture_contract_test
procedural_materials.py,build_fabric_material,build_fabric_material,1775,function,A,GRADED,file_qualified,blender_tool;materials_texturing;scatter_ecology,True,module_test;live_probe,6,veilbreakers_terrain/tests/test_lod_material_live_readiness.py,LOW,False,direct_behavior_test;material_texture_contract_test
procedural_materials.py,create_procedural_material,create_procedural_material,1891,function,C+,GRADED,file_qualified,blender_tool;materials_texturing;scatter_ecology,True,direct_test;module_test;live_probe,9,veilbreakers_terrain/tests/test_lod_material_live_readiness.py;veilbreakers_terrain/tests/test_vb_toolkit_primitives_available.py,LOW,False,
procedural_materials.py,get_library_keys,get_library_keys,1947,function,A,GRADED,file_qualified,blender_tool;materials_texturing;scatter_ecology,True,direct_test;module_test;live_probe,10,veilbreakers_terrain/tests/test_lod_material_live_readiness.py,LOW,False,
procedural_materials.py,get_library_info,get_library_info,1952,function,A,GRADED,file_qualified,blender_tool;materials_texturing;scatter_ecology,True,direct_test;module_test;live_probe,10,veilbreakers_terrain/tests/test_lod_material_live_readiness.py,LOW,False,
procedural_materials.py,handle_create_procedural_material,handle_create_procedural_material,1966,function,B+,GRADED,file_qualified,blender_tool;materials_texturing;scatter_ecology,True,direct_test;module_test;live_probe,10,veilbreakers_terrain/tests/test_lod_material_live_readiness.py,LOW,False,
road_network.py,_build_24_directions,_build_24_directions,62,function,A,GRADED,file_qualified,blender_tool;materials_texturing;water;geometry_mesh;pipeline_wiring,True,module_test;live_probe,6,veilbreakers_terrain/tests/test_live_readiness_regressions.py;veilbreakers_terrain/tests/test_road_coastline_terrain_features.py;veilbreakers_terrain/tests/test_road_pipeline.py;veilbreakers_terrain/tests/test_routing_light_determinism_helpers.py,LOW,False,direct_behavior_test;material_texture_contract_test
road_network.py,_dist3,_dist3,91,function,A,GRADED,file_qualified,blender_tool;materials_texturing;water;geometry_mesh;pipeline_wiring,True,module_test;live_probe,6,veilbreakers_terrain/tests/test_live_readiness_regressions.py;veilbreakers_terrain/tests/test_road_coastline_terrain_features.py;veilbreakers_terrain/tests/test_road_pipeline.py;veilbreakers_terrain/tests/test_routing_light_determinism_helpers.py,LOW,False,direct_behavior_test;material_texture_contract_test
road_network.py,_dist2,_dist2,96,function,A,GRADED,file_qualified,blender_tool;materials_texturing;water;geometry_mesh;pipeline_wiring,True,module_test;live_probe,6,veilbreakers_terrain/tests/test_live_readiness_regressions.py;veilbreakers_terrain/tests/test_road_coastline_terrain_features.py;veilbreakers_terrain/tests/test_road_pipeline.py;veilbreakers_terrain/tests/test_routing_light_determinism_helpers.py,LOW,False,direct_behavior_test;material_texture_contract_test
road_network.py,_slope_penalty,_slope_penalty,101,function,A,GRADED,file_qualified,blender_tool;materials_texturing;water;geometry_mesh;pipeline_wiring,True,module_test;live_probe,6,veilbreakers_terrain/tests/test_live_readiness_regressions.py;veilbreakers_terrain/tests/test_road_coastline_terrain_features.py;veilbreakers_terrain/tests/test_road_pipeline.py;veilbreakers_terrain/tests/test_routing_light_determinism_helpers.py,LOW,False,direct_behavior_test;material_texture_contract_test
road_network.py,_astar_24dir,_astar_24dir,123,function,A,GRADED,file_qualified,blender_tool;materials_texturing;water;geometry_mesh;pipeline_wiring,True,direct_test;module_test;live_probe,10,veilbreakers_terrain/tests/test_live_readiness_regressions.py;veilbreakers_terrain/tests/test_road_coastline_terrain_features.py;veilbreakers_terrain/tests/test_road_pipeline.py;veilbreakers_terrain/tests/test_routing_light_determinism_helpers.py,LOW,False,
road_network.py,_simplify_path_rdp,_simplify_path_rdp,334,function,A-,GRADED,file_qualified,blender_tool;materials_texturing;water;geometry_mesh;pipeline_wiring,True,direct_test;module_test;live_probe,10,veilbreakers_terrain/tests/test_live_readiness_regressions.py;veilbreakers_terrain/tests/test_road_coastline_terrain_features.py;veilbreakers_terrain/tests/test_road_pipeline.py;veilbreakers_terrain/tests/test_routing_light_determinism_helpers.py,LOW,False,
road_network.py,compute_mst_edges,compute_mst_edges,382,function,A,GRADED,file_qualified,blender_tool;materials_texturing;water;geometry_mesh;pipeline_wiring,True,direct_test;module_test;live_probe,10,veilbreakers_terrain/tests/test_live_readiness_regressions.py;veilbreakers_terrain/tests/test_road_coastline_terrain_features.py;veilbreakers_terrain/tests/test_road_pipeline.py;veilbreakers_terrain/tests/test_routing_light_determinism_helpers.py,LOW,False,
road_network.py,_classify_road_type,_classify_road_type,478,function,B+,GRADED,file_qualified,blender_tool;materials_texturing;water;geometry_mesh;pipeline_wiring,True,direct_test;module_test;live_probe,10,veilbreakers_terrain/tests/test_live_readiness_regressions.py;veilbreakers_terrain/tests/test_road_coastline_terrain_features.py;veilbreakers_terrain/tests/test_road_pipeline.py;veilbreakers_terrain/tests/test_routing_light_determinism_helpers.py,LOW,False,
road_network.py,_classify_road_type_extended,_classify_road_type_extended,490,function,A-,GRADED,file_qualified,blender_tool;materials_texturing;water;geometry_mesh;pipeline_wiring,True,direct_test;module_test;live_probe,10,veilbreakers_terrain/tests/test_live_readiness_regressions.py;veilbreakers_terrain/tests/test_road_coastline_terrain_features.py;veilbreakers_terrain/tests/test_road_pipeline.py;veilbreakers_terrain/tests/test_routing_light_determinism_helpers.py,LOW,False,
road_network.py,_compute_slope_degrees,_compute_slope_degrees,528,function,A,GRADED,file_qualified,blender_tool;materials_texturing;water;geometry_mesh;pipeline_wiring,True,direct_test;module_test;live_probe,10,veilbreakers_terrain/tests/test_live_readiness_regressions.py;veilbreakers_terrain/tests/test_road_coastline_terrain_features.py;veilbreakers_terrain/tests/test_road_pipeline.py;veilbreakers_terrain/tests/test_routing_light_determinism_helpers.py,LOW,False,
road_network.py,_generate_switchback_points,_generate_switchback_points,555,function,A,GRADED,file_qualified,blender_tool;materials_texturing;water;geometry_mesh;pipeline_wiring,True,direct_test;module_test;live_probe,10,veilbreakers_terrain/tests/test_live_readiness_regressions.py;veilbreakers_terrain/tests/test_road_coastline_terrain_features.py;veilbreakers_terrain/tests/test_road_pipeline.py;veilbreakers_terrain/tests/test_routing_light_determinism_helpers.py,LOW,False,
road_network.py,_compute_worn_path_spec,_compute_worn_path_spec,638,function,A-,GRADED,file_qualified,blender_tool;materials_texturing;water;geometry_mesh;pipeline_wiring,True,direct_test;module_test;live_probe,10,veilbreakers_terrain/tests/test_live_readiness_regressions.py;veilbreakers_terrain/tests/test_road_coastline_terrain_features.py;veilbreakers_terrain/tests/test_road_pipeline.py;veilbreakers_terrain/tests/test_routing_light_determinism_helpers.py,LOW,False,
road_network.py,_closest_point_on_segment,_closest_point_on_segment,713,function,A,GRADED,file_qualified,blender_tool;materials_texturing;water;geometry_mesh;pipeline_wiring,True,direct_test;module_test;live_probe,10,veilbreakers_terrain/tests/test_live_readiness_regressions.py;veilbreakers_terrain/tests/test_road_coastline_terrain_features.py;veilbreakers_terrain/tests/test_road_pipeline.py;veilbreakers_terrain/tests/test_routing_light_determinism_helpers.py,LOW,False,
road_network.py,_segments_near,_segments_near,726,function,A-,GRADED,file_qualified,blender_tool;materials_texturing;water;geometry_mesh;pipeline_wiring,True,direct_test;module_test;live_probe,10,veilbreakers_terrain/tests/test_live_readiness_regressions.py;veilbreakers_terrain/tests/test_road_coastline_terrain_features.py;veilbreakers_terrain/tests/test_road_pipeline.py;veilbreakers_terrain/tests/test_routing_light_determinism_helpers.py,LOW,False,
road_network.py,_classify_intersection,_classify_intersection,757,function,A,GRADED,file_qualified,blender_tool;materials_texturing;water;geometry_mesh;pipeline_wiring,True,direct_test;module_test;live_probe,10,veilbreakers_terrain/tests/test_live_readiness_regressions.py;veilbreakers_terrain/tests/test_road_coastline_terrain_features.py;veilbreakers_terrain/tests/test_road_pipeline.py;veilbreakers_terrain/tests/test_routing_light_determinism_helpers.py,LOW,False,
road_network.py,_sample_heightmap_bilinear,_sample_heightmap_bilinear,816,function,A,GRADED,file_qualified,blender_tool;materials_texturing;water;geometry_mesh;pipeline_wiring,True,direct_test;module_test;live_probe,10,veilbreakers_terrain/tests/test_live_readiness_regressions.py;veilbreakers_terrain/tests/test_road_coastline_terrain_features.py;veilbreakers_terrain/tests/test_road_pipeline.py;veilbreakers_terrain/tests/test_routing_light_determinism_helpers.py,LOW,False,
road_network.py,_sample_heightmap,_sample_heightmap,867,function,A,GRADED,file_qualified,blender_tool;materials_texturing;water;geometry_mesh;pipeline_wiring,True,module_test;live_probe,6,veilbreakers_terrain/tests/test_live_readiness_regressions.py;veilbreakers_terrain/tests/test_road_coastline_terrain_features.py;veilbreakers_terrain/tests/test_road_pipeline.py;veilbreakers_terrain/tests/test_routing_light_determinism_helpers.py,LOW,False,direct_behavior_test;material_texture_contract_test
road_network.py,_detect_bridges,_detect_bridges,876,function,A,GRADED,file_qualified,blender_tool;materials_texturing;water;geometry_mesh;pipeline_wiring,True,direct_test;module_test;live_probe,10,veilbreakers_terrain/tests/test_live_readiness_regressions.py;veilbreakers_terrain/tests/test_road_coastline_terrain_features.py;veilbreakers_terrain/tests/test_road_pipeline.py;veilbreakers_terrain/tests/test_routing_light_determinism_helpers.py,LOW,False,
road_network.py,_road_cross_section_z,_road_cross_section_z,950,function,A,GRADED,file_qualified,blender_tool;materials_texturing;water;geometry_mesh;pipeline_wiring,True,direct_test;module_test;live_probe,10,veilbreakers_terrain/tests/test_live_readiness_regressions.py;veilbreakers_terrain/tests/test_road_coastline_terrain_features.py;veilbreakers_terrain/tests/test_road_pipeline.py;veilbreakers_terrain/tests/test_routing_light_determinism_helpers.py,LOW,False,
road_network.py,_road_segment_mesh_spec,_road_segment_mesh_spec,977,function,D+,GRADED,file_qualified,blender_tool;materials_texturing;water;geometry_mesh;pipeline_wiring,True,direct_test;module_test;live_probe,9,veilbreakers_terrain/tests/test_live_readiness_regressions.py;veilbreakers_terrain/tests/test_road_coastline_terrain_features.py;veilbreakers_terrain/tests/test_road_pipeline.py;veilbreakers_terrain/tests/test_routing_light_determinism_helpers.py,LOW,False,
road_network.py,_bridge_mesh_spec,_bridge_mesh_spec,1063,function,A,GRADED,file_qualified,blender_tool;materials_texturing;water;geometry_mesh;pipeline_wiring,True,direct_test;module_test;live_probe,10,veilbreakers_terrain/tests/test_live_readiness_regressions.py;veilbreakers_terrain/tests/test_road_coastline_terrain_features.py;veilbreakers_terrain/tests/test_road_pipeline.py;veilbreakers_terrain/tests/test_routing_light_determinism_helpers.py,LOW,False,
road_network.py,_segment_type_for_road_tier,_segment_type_for_road_tier,1100,function,D+,GRADED,file_qualified,blender_tool;materials_texturing;water;geometry_mesh;pipeline_wiring,True,module_test;live_probe,5,veilbreakers_terrain/tests/test_live_readiness_regressions.py;veilbreakers_terrain/tests/test_road_coastline_terrain_features.py;veilbreakers_terrain/tests/test_road_pipeline.py;veilbreakers_terrain/tests/test_routing_light_determinism_helpers.py,LOW,False,direct_behavior_test;material_texture_contract_test
road_network.py,_path_network_contract_for_result,_path_network_contract_for_result,1106,function,D+,GRADED,file_qualified,blender_tool;materials_texturing;water;geometry_mesh;pipeline_wiring,True,module_test;live_probe,5,veilbreakers_terrain/tests/test_live_readiness_regressions.py;veilbreakers_terrain/tests/test_road_coastline_terrain_features.py;veilbreakers_terrain/tests/test_road_pipeline.py;veilbreakers_terrain/tests/test_routing_light_determinism_helpers.py,LOW,False,direct_behavior_test;material_texture_contract_test
road_network.py,compute_road_network,compute_road_network,1194,function,A,GRADED,file_qualified,blender_tool;materials_texturing;water;geometry_mesh;pipeline_wiring,True,direct_test;module_test;live_probe,10,veilbreakers_terrain/tests/test_environment_handlers.py;veilbreakers_terrain/tests/test_live_readiness_regressions.py;veilbreakers_terrain/tests/test_road_coastline_terrain_features.py;veilbreakers_terrain/tests/test_road_pipeline.py;veilbreakers_terrain/tests/test_routing_light_determinism_helpers.py,LOW,False,
road_network.py,handle_compute_road_network,handle_compute_road_network,1498,function,A,GRADED,file_qualified,blender_tool;materials_texturing;water;geometry_mesh;pipeline_wiring,True,module_test;live_probe,6,veilbreakers_terrain/tests/test_live_readiness_regressions.py;veilbreakers_terrain/tests/test_road_coastline_terrain_features.py;veilbreakers_terrain/tests/test_road_pipeline.py;veilbreakers_terrain/tests/test_routing_light_determinism_helpers.py,LOW,False,direct_behavior_test;material_texture_contract_test
terrain_addon_health.py,_addon_init_path,_addon_init_path,32,function,B,GRADED,file_qualified,blender_tool;visual_qa;scatter_ecology;pipeline_wiring,True,module_test;live_probe,5,veilbreakers_terrain/tests/test_bundle_r.py;veilbreakers_terrain/tests/test_live_tooling_runtime_helpers.py,LOW,False,direct_behavior_test
terrain_addon_health.py,_read_bl_info_version,_read_bl_info_version,37,function,B,GRADED,file_qualified,blender_tool;visual_qa;scatter_ecology;pipeline_wiring,True,direct_test;module_test;live_probe,9,veilbreakers_terrain/tests/test_bundle_r.py;veilbreakers_terrain/tests/test_live_tooling_runtime_helpers.py,LOW,False,
terrain_addon_health.py,assert_addon_loaded,assert_addon_loaded,72,function,A-,GRADED,file_qualified,blender_tool;visual_qa;scatter_ecology;pipeline_wiring,True,direct_test;module_test;live_probe,10,veilbreakers_terrain/tests/test_bundle_r.py;veilbreakers_terrain/tests/test_live_tooling_runtime_helpers.py,LOW,False,
terrain_addon_health.py,assert_addon_version_matches,assert_addon_version_matches,80,function,A-,GRADED,file_qualified,blender_tool;visual_qa;scatter_ecology;pipeline_wiring,True,direct_test;module_test;live_probe,10,veilbreakers_terrain/tests/test_bundle_r.py;veilbreakers_terrain/tests/test_live_tooling_runtime_helpers.py,LOW,False,
terrain_addon_health.py,assert_handlers_registered,assert_handlers_registered,107,function,B+,GRADED,file_qualified,blender_tool;visual_qa;scatter_ecology;pipeline_wiring,True,direct_test;module_test;live_probe,10,veilbreakers_terrain/tests/test_bundle_r.py;veilbreakers_terrain/tests/test_live_tooling_runtime_helpers.py,LOW,False,
terrain_addon_health.py,_import_addon_package,_import_addon_package,118,function,A-,GRADED,file_qualified,blender_tool;visual_qa;scatter_ecology;pipeline_wiring,True,direct_test;module_test;live_probe,10,veilbreakers_terrain/tests/test_bundle_r.py;veilbreakers_terrain/tests/test_live_tooling_runtime_helpers.py,LOW,False,
terrain_addon_health.py,detect_stale_addon,detect_stale_addon,138,function,A,GRADED,file_qualified,blender_tool;visual_qa;scatter_ecology;pipeline_wiring,True,direct_test;module_test;live_probe,10,veilbreakers_terrain/tests/test_bundle_r.py;veilbreakers_terrain/tests/test_live_tooling_runtime_helpers.py,LOW,False,
terrain_addon_health.py,force_addon_reload,force_addon_reload,190,function,A,GRADED,file_qualified,blender_tool;visual_qa;scatter_ecology;pipeline_wiring,True,direct_test;module_test;live_probe,10,veilbreakers_terrain/tests/test_bundle_r.py;veilbreakers_terrain/tests/test_live_tooling_runtime_helpers.py,LOW,False,
terrain_advanced.py,_detect_grid_dims,_detect_grid_dims,34,function,B,GRADED,file_qualified,blender_tool;water;geometry_mesh,True,direct_test;module_test;live_probe,9,veilbreakers_terrain/tests/test_cross_feature.py;veilbreakers_terrain/tests/test_environment_handlers.py;veilbreakers_terrain/tests/test_p7_thermal_consolidation.py;veilbreakers_terrain/tests/test_phase14_wave1.py;veilbreakers_terrain/tests/test_physical_plausibility.py;veilbreakers_terrain/tests/test_terrain_advanced.py;veilbreakers_terrain/tests/test_terrain_advanced_world_units.py;veilbreakers_terrain/tests/test_terrain_flatten.py;...(+1),LOW,False,
terrain_advanced.py,_cubic_bezier_point,_cubic_bezier_point,60,function,A,GRADED,file_qualified,blender_tool;water;geometry_mesh,True,module_test;live_probe,6,veilbreakers_terrain/tests/test_cross_feature.py;veilbreakers_terrain/tests/test_p7_thermal_consolidation.py;veilbreakers_terrain/tests/test_phase14_wave1.py;veilbreakers_terrain/tests/test_physical_plausibility.py;veilbreakers_terrain/tests/test_terrain_advanced.py;veilbreakers_terrain/tests/test_terrain_advanced_world_units.py;veilbreakers_terrain/tests/test_terrain_flatten.py;veilbreakers_terrain/tests/test_terrain_wiring_integration.py,LOW,False,direct_behavior_test
terrain_advanced.py,_auto_control_points,_auto_control_points,84,function,A-,GRADED,file_qualified,blender_tool;water;geometry_mesh,True,module_test;live_probe,6,veilbreakers_terrain/tests/test_cross_feature.py;veilbreakers_terrain/tests/test_p7_thermal_consolidation.py;veilbreakers_terrain/tests/test_phase14_wave1.py;veilbreakers_terrain/tests/test_physical_plausibility.py;veilbreakers_terrain/tests/test_terrain_advanced.py;veilbreakers_terrain/tests/test_terrain_advanced_world_units.py;veilbreakers_terrain/tests/test_terrain_flatten.py;veilbreakers_terrain/tests/test_terrain_wiring_integration.py,LOW,False,direct_behavior_test
terrain_advanced.py,evaluate_spline,evaluate_spline,142,function,A,GRADED,file_qualified,blender_tool;water;geometry_mesh,True,direct_test;module_test;live_probe,10,veilbreakers_terrain/tests/test_cross_feature.py;veilbreakers_terrain/tests/test_p7_thermal_consolidation.py;veilbreakers_terrain/tests/test_phase14_wave1.py;veilbreakers_terrain/tests/test_physical_plausibility.py;veilbreakers_terrain/tests/test_terrain_advanced.py;veilbreakers_terrain/tests/test_terrain_advanced_world_units.py;veilbreakers_terrain/tests/test_terrain_flatten.py;veilbreakers_terrain/tests/test_terrain_wiring_integration.py,LOW,False,
terrain_advanced.py,distance_point_to_polyline,distance_point_to_polyline,247,function,A-,GRADED,file_qualified,blender_tool;water;geometry_mesh,True,direct_test;module_test;live_probe,10,veilbreakers_terrain/tests/test_cross_feature.py;veilbreakers_terrain/tests/test_p7_thermal_consolidation.py;veilbreakers_terrain/tests/test_phase14_wave1.py;veilbreakers_terrain/tests/test_physical_plausibility.py;veilbreakers_terrain/tests/test_terrain_advanced.py;veilbreakers_terrain/tests/test_terrain_advanced_world_units.py;veilbreakers_terrain/tests/test_terrain_flatten.py;veilbreakers_terrain/tests/test_terrain_wiring_integration.py,LOW,False,
terrain_advanced.py,compute_falloff,compute_falloff,342,function,B+,GRADED,file_qualified,blender_tool;water;geometry_mesh,True,direct_test;module_test;live_probe,10,veilbreakers_terrain/tests/test_cross_feature.py;veilbreakers_terrain/tests/test_p7_thermal_consolidation.py;veilbreakers_terrain/tests/test_phase14_wave1.py;veilbreakers_terrain/tests/test_physical_plausibility.py;veilbreakers_terrain/tests/test_terrain_advanced.py;veilbreakers_terrain/tests/test_terrain_advanced_world_units.py;veilbreakers_terrain/tests/test_terrain_flatten.py;veilbreakers_terrain/tests/test_terrain_wiring_integration.py,LOW,False,
terrain_advanced.py,_catmull_rom_point,_catmull_rom_point,365,function,A,GRADED,file_qualified,blender_tool;water;geometry_mesh,True,module_test;live_probe,6,veilbreakers_terrain/tests/test_cross_feature.py;veilbreakers_terrain/tests/test_p7_thermal_consolidation.py;veilbreakers_terrain/tests/test_phase14_wave1.py;veilbreakers_terrain/tests/test_physical_plausibility.py;veilbreakers_terrain/tests/test_terrain_advanced.py;veilbreakers_terrain/tests/test_terrain_advanced_world_units.py;veilbreakers_terrain/tests/test_terrain_flatten.py;veilbreakers_terrain/tests/test_terrain_wiring_integration.py,LOW,False,direct_behavior_test
terrain_advanced.py,_evaluate_catmull_rom_spline,_evaluate_catmull_rom_spline,387,function,A,GRADED,file_qualified,blender_tool;water;geometry_mesh,True,module_test;live_probe,6,veilbreakers_terrain/tests/test_cross_feature.py;veilbreakers_terrain/tests/test_p7_thermal_consolidation.py;veilbreakers_terrain/tests/test_phase14_wave1.py;veilbreakers_terrain/tests/test_physical_plausibility.py;veilbreakers_terrain/tests/test_terrain_advanced.py;veilbreakers_terrain/tests/test_terrain_advanced_world_units.py;veilbreakers_terrain/tests/test_terrain_flatten.py;veilbreakers_terrain/tests/test_terrain_wiring_integration.py,LOW,False,direct_behavior_test
terrain_advanced.py,compute_spline_deformation,compute_spline_deformation,415,function,B+,GRADED,file_qualified,blender_tool;water;geometry_mesh,True,direct_test;module_test;live_probe,10,veilbreakers_terrain/tests/test_cross_feature.py;veilbreakers_terrain/tests/test_p7_thermal_consolidation.py;veilbreakers_terrain/tests/test_phase14_wave1.py;veilbreakers_terrain/tests/test_physical_plausibility.py;veilbreakers_terrain/tests/test_terrain_advanced.py;veilbreakers_terrain/tests/test_terrain_advanced_world_units.py;veilbreakers_terrain/tests/test_terrain_flatten.py;veilbreakers_terrain/tests/test_terrain_wiring_integration.py,LOW,False,
terrain_advanced.py,handle_spline_deform,handle_spline_deform,538,function,B+,GRADED,file_qualified,blender_tool;water;geometry_mesh,True,module_test;live_probe,6,veilbreakers_terrain/tests/test_cross_feature.py;veilbreakers_terrain/tests/test_p7_thermal_consolidation.py;veilbreakers_terrain/tests/test_phase14_wave1.py;veilbreakers_terrain/tests/test_physical_plausibility.py;veilbreakers_terrain/tests/test_terrain_advanced.py;veilbreakers_terrain/tests/test_terrain_advanced_world_units.py;veilbreakers_terrain/tests/test_terrain_flatten.py;veilbreakers_terrain/tests/test_terrain_wiring_integration.py,LOW,False,direct_behavior_test
terrain_advanced.py,TerrainLayer.to_dict,to_dict,677,method,A,GRADED,file_qualified,blender_tool;water;geometry_mesh,True,direct_test;module_test;live_probe,10,veilbreakers_terrain/tests/test_cross_feature.py;veilbreakers_terrain/tests/test_p7_thermal_consolidation.py;veilbreakers_terrain/tests/test_phase14_wave1.py;veilbreakers_terrain/tests/test_physical_plausibility.py;veilbreakers_terrain/tests/test_terrain_advanced.py;veilbreakers_terrain/tests/test_terrain_advanced_world_units.py;veilbreakers_terrain/tests/test_terrain_best_practice_guardrail.py;veilbreakers_terrain/tests/test_terrain_deep_qa.py;...(+2),LOW,False,
terrain_advanced.py,TerrainLayer.from_dict,from_dict,708,method,A,GRADED,file_qualified,blender_tool;water;geometry_mesh,True,direct_test;module_test;live_probe,10,veilbreakers_terrain/tests/test_cross_feature.py;veilbreakers_terrain/tests/test_p7_thermal_consolidation.py;veilbreakers_terrain/tests/test_phase14_wave1.py;veilbreakers_terrain/tests/test_physical_plausibility.py;veilbreakers_terrain/tests/test_terrain_advanced.py;veilbreakers_terrain/tests/test_terrain_advanced_world_units.py;veilbreakers_terrain/tests/test_terrain_deep_qa.py;veilbreakers_terrain/tests/test_terrain_flatten.py;...(+1),LOW,False,
terrain_advanced.py,apply_layer_operation,apply_layer_operation,828,function,A,GRADED,file_qualified,blender_tool;water;geometry_mesh,True,direct_test;module_test;live_probe,10,veilbreakers_terrain/tests/test_cross_feature.py;veilbreakers_terrain/tests/test_p7_thermal_consolidation.py;veilbreakers_terrain/tests/test_phase14_wave1.py;veilbreakers_terrain/tests/test_physical_plausibility.py;veilbreakers_terrain/tests/test_terrain_advanced.py;veilbreakers_terrain/tests/test_terrain_advanced_world_units.py;veilbreakers_terrain/tests/test_terrain_flatten.py;veilbreakers_terrain/tests/test_terrain_wiring_integration.py,LOW,False,
terrain_advanced.py,flatten_layers,flatten_layers,1042,function,B+,GRADED,file_qualified,blender_tool;water;geometry_mesh,True,direct_test;module_test;live_probe,10,veilbreakers_terrain/tests/test_cross_feature.py;veilbreakers_terrain/tests/test_p7_thermal_consolidation.py;veilbreakers_terrain/tests/test_phase14_wave1.py;veilbreakers_terrain/tests/test_physical_plausibility.py;veilbreakers_terrain/tests/test_terrain_advanced.py;veilbreakers_terrain/tests/test_terrain_advanced_world_units.py;veilbreakers_terrain/tests/test_terrain_flatten.py;veilbreakers_terrain/tests/test_terrain_wiring_integration.py,LOW,False,
terrain_advanced.py,handle_terrain_layers,handle_terrain_layers,1116,function,B+,GRADED,file_qualified,blender_tool;water;geometry_mesh,True,module_test;live_probe,6,veilbreakers_terrain/tests/test_cross_feature.py;veilbreakers_terrain/tests/test_p7_thermal_consolidation.py;veilbreakers_terrain/tests/test_phase14_wave1.py;veilbreakers_terrain/tests/test_physical_plausibility.py;veilbreakers_terrain/tests/test_terrain_advanced.py;veilbreakers_terrain/tests/test_terrain_advanced_world_units.py;veilbreakers_terrain/tests/test_terrain_flatten.py;veilbreakers_terrain/tests/test_terrain_wiring_integration.py,LOW,False,direct_behavior_test
terrain_advanced.py,BrushResult.max,max,1387,method,A,GRADED,file_qualified,blender_tool;water;geometry_mesh,True,direct_test;module_test;live_probe,10,veilbreakers_terrain/tests/integration/test_full_terrain_pipeline.py;veilbreakers_terrain/tests/test_aaa_node_v1_build.py;veilbreakers_terrain/tests/test_aaa_terrain_vegetation.py;veilbreakers_terrain/tests/test_aaa_water_scatter.py;veilbreakers_terrain/tests/test_animation_environment.py;veilbreakers_terrain/tests/test_biome_grammar.py;veilbreakers_terrain/tests/test_bundle_pq.py;veilbreakers_terrain/tests/test_coverage_gaps.py;...(+51),LOW,False,
terrain_advanced.py,BrushResult.min,min,1391,method,A,GRADED,file_qualified,blender_tool;water;geometry_mesh,True,direct_test;module_test;live_probe,10,veilbreakers_terrain/tests/integration/test_full_terrain_pipeline.py;veilbreakers_terrain/tests/test_aaa_node_v1_build.py;veilbreakers_terrain/tests/test_aaa_terrain_vegetation.py;veilbreakers_terrain/tests/test_aaa_water_scatter.py;veilbreakers_terrain/tests/test_animation_environment.py;veilbreakers_terrain/tests/test_biome_grammar.py;veilbreakers_terrain/tests/test_bundle_pq.py;veilbreakers_terrain/tests/test_coverage_gaps.py;...(+48),LOW,False,
terrain_advanced.py,compute_erosion_brush,compute_erosion_brush,1396,function,A,GRADED,file_qualified,blender_tool;water;geometry_mesh,True,direct_test;module_test;live_probe,10,veilbreakers_terrain/tests/test_cross_feature.py;veilbreakers_terrain/tests/test_p7_thermal_consolidation.py;veilbreakers_terrain/tests/test_phase14_wave1.py;veilbreakers_terrain/tests/test_physical_plausibility.py;veilbreakers_terrain/tests/test_terrain_advanced.py;veilbreakers_terrain/tests/test_terrain_advanced_world_units.py;veilbreakers_terrain/tests/test_terrain_flatten.py;veilbreakers_terrain/tests/test_terrain_wiring_integration.py,LOW,False,
terrain_advanced.py,handle_erosion_paint,handle_erosion_paint,1732,function,B,GRADED,file_qualified,blender_tool;water;geometry_mesh,True,module_test;live_probe,5,veilbreakers_terrain/tests/test_cross_feature.py;veilbreakers_terrain/tests/test_p7_thermal_consolidation.py;veilbreakers_terrain/tests/test_phase14_wave1.py;veilbreakers_terrain/tests/test_physical_plausibility.py;veilbreakers_terrain/tests/test_terrain_advanced.py;veilbreakers_terrain/tests/test_terrain_advanced_world_units.py;veilbreakers_terrain/tests/test_terrain_flatten.py;veilbreakers_terrain/tests/test_terrain_wiring_integration.py,LOW,False,direct_behavior_test
terrain_advanced.py,compute_flow_map,compute_flow_map,1845,function,A,GRADED,file_qualified,blender_tool;water;geometry_mesh,True,direct_test;module_test;live_probe,10,veilbreakers_terrain/tests/test_cross_feature.py;veilbreakers_terrain/tests/test_p7_thermal_consolidation.py;veilbreakers_terrain/tests/test_phase14_wave1.py;veilbreakers_terrain/tests/test_physical_plausibility.py;veilbreakers_terrain/tests/test_terrain_advanced.py;veilbreakers_terrain/tests/test_terrain_advanced_world_units.py;veilbreakers_terrain/tests/test_terrain_flatten.py;veilbreakers_terrain/tests/test_terrain_wiring_integration.py,LOW,False,
terrain_advanced.py,apply_thermal_erosion,apply_thermal_erosion,2011,function,A,GRADED,file_qualified,blender_tool;water;geometry_mesh,True,direct_test;module_test;live_probe,10,veilbreakers_terrain/tests/test_coverage_gaps.py;veilbreakers_terrain/tests/test_cross_feature.py;veilbreakers_terrain/tests/test_p7_thermal_consolidation.py;veilbreakers_terrain/tests/test_phase14_wave1.py;veilbreakers_terrain/tests/test_physical_plausibility.py;veilbreakers_terrain/tests/test_terrain_advanced.py;veilbreakers_terrain/tests/test_terrain_advanced_world_units.py;veilbreakers_terrain/tests/test_terrain_erosion.py;...(+2),LOW,False,
terrain_advanced.py,compute_stamp_heightmap,compute_stamp_heightmap,2106,function,A,GRADED,file_qualified,blender_tool;water;geometry_mesh,True,direct_test;module_test;live_probe,10,veilbreakers_terrain/tests/test_cross_feature.py;veilbreakers_terrain/tests/test_p7_thermal_consolidation.py;veilbreakers_terrain/tests/test_phase14_wave1.py;veilbreakers_terrain/tests/test_physical_plausibility.py;veilbreakers_terrain/tests/test_terrain_advanced.py;veilbreakers_terrain/tests/test_terrain_advanced_world_units.py;veilbreakers_terrain/tests/test_terrain_flatten.py;veilbreakers_terrain/tests/test_terrain_wiring_integration.py,LOW,False,
terrain_advanced.py,_bilinear_sample,_bilinear_sample,2268,function,A,GRADED,file_qualified,blender_tool;water;geometry_mesh,True,module_test;live_probe,6,veilbreakers_terrain/tests/test_cross_feature.py;veilbreakers_terrain/tests/test_p7_thermal_consolidation.py;veilbreakers_terrain/tests/test_phase14_wave1.py;veilbreakers_terrain/tests/test_physical_plausibility.py;veilbreakers_terrain/tests/test_terrain_advanced.py;veilbreakers_terrain/tests/test_terrain_advanced_world_units.py;veilbreakers_terrain/tests/test_terrain_flatten.py;veilbreakers_terrain/tests/test_terrain_wiring_integration.py,LOW,False,direct_behavior_test
terrain_advanced.py,apply_stamp_to_heightmap,apply_stamp_to_heightmap,2295,function,A,GRADED,file_qualified,blender_tool;water;geometry_mesh,True,direct_test;module_test;live_probe,10,veilbreakers_terrain/tests/test_cross_feature.py;veilbreakers_terrain/tests/test_p7_thermal_consolidation.py;veilbreakers_terrain/tests/test_phase14_wave1.py;veilbreakers_terrain/tests/test_physical_plausibility.py;veilbreakers_terrain/tests/test_terrain_advanced.py;veilbreakers_terrain/tests/test_terrain_advanced_world_units.py;veilbreakers_terrain/tests/test_terrain_flatten.py;veilbreakers_terrain/tests/test_terrain_wiring_integration.py,LOW,False,
terrain_advanced.py,handle_terrain_stamp,handle_terrain_stamp,2464,function,B+,GRADED,file_qualified,blender_tool;water;geometry_mesh,True,module_test;live_probe,6,veilbreakers_terrain/tests/test_cross_feature.py;veilbreakers_terrain/tests/test_p7_thermal_consolidation.py;veilbreakers_terrain/tests/test_phase14_wave1.py;veilbreakers_terrain/tests/test_physical_plausibility.py;veilbreakers_terrain/tests/test_terrain_advanced.py;veilbreakers_terrain/tests/test_terrain_advanced_world_units.py;veilbreakers_terrain/tests/test_terrain_flatten.py;veilbreakers_terrain/tests/test_terrain_wiring_integration.py,LOW,False,direct_behavior_test
terrain_advanced.py,handle_snap_to_terrain,handle_snap_to_terrain,2616,function,B+,GRADED,file_qualified,blender_tool;water;geometry_mesh,True,module_test;live_probe,6,veilbreakers_terrain/tests/test_cross_feature.py;veilbreakers_terrain/tests/test_p7_thermal_consolidation.py;veilbreakers_terrain/tests/test_phase14_wave1.py;veilbreakers_terrain/tests/test_physical_plausibility.py;veilbreakers_terrain/tests/test_terrain_advanced.py;veilbreakers_terrain/tests/test_terrain_advanced_world_units.py;veilbreakers_terrain/tests/test_terrain_flatten.py;veilbreakers_terrain/tests/test_terrain_wiring_integration.py,LOW,False,direct_behavior_test
terrain_advanced.py,flatten_terrain_zone,flatten_terrain_zone,2713,function,A-,GRADED,file_qualified,blender_tool;water;geometry_mesh,True,direct_test;module_test;live_probe,10,veilbreakers_terrain/tests/test_cross_feature.py;veilbreakers_terrain/tests/test_p7_thermal_consolidation.py;veilbreakers_terrain/tests/test_phase14_wave1.py;veilbreakers_terrain/tests/test_physical_plausibility.py;veilbreakers_terrain/tests/test_terrain_advanced.py;veilbreakers_terrain/tests/test_terrain_advanced_world_units.py;veilbreakers_terrain/tests/test_terrain_flatten.py;veilbreakers_terrain/tests/test_terrain_wiring_integration.py,LOW,False,
terrain_advanced.py,flatten_multiple_zones,flatten_multiple_zones,2781,function,B+,GRADED,file_qualified,blender_tool;water;geometry_mesh,True,direct_test;module_test;live_probe,10,veilbreakers_terrain/tests/test_cross_feature.py;veilbreakers_terrain/tests/test_p7_thermal_consolidation.py;veilbreakers_terrain/tests/test_phase14_wave1.py;veilbreakers_terrain/tests/test_physical_plausibility.py;veilbreakers_terrain/tests/test_terrain_advanced.py;veilbreakers_terrain/tests/test_terrain_advanced_world_units.py;veilbreakers_terrain/tests/test_terrain_flatten.py;veilbreakers_terrain/tests/test_terrain_wiring_integration.py,LOW,False,
terrain_advanced.py,handle_terrain_flatten_zone,handle_terrain_flatten_zone,2831,function,B+,GRADED,file_qualified,blender_tool;water;geometry_mesh,True,module_test;live_probe,6,veilbreakers_terrain/tests/test_cross_feature.py;veilbreakers_terrain/tests/test_p7_thermal_consolidation.py;veilbreakers_terrain/tests/test_phase14_wave1.py;veilbreakers_terrain/tests/test_physical_plausibility.py;veilbreakers_terrain/tests/test_terrain_advanced.py;veilbreakers_terrain/tests/test_terrain_advanced_world_units.py;veilbreakers_terrain/tests/test_terrain_flatten.py;veilbreakers_terrain/tests/test_terrain_wiring_integration.py,LOW,False,direct_behavior_test
terrain_asset_metadata.py,AABB.size_x,size_x,77,method,A,GRADED,file_qualified,blender_tool;camera_readability;materials_texturing;water;geometry_mesh;scatter_ecology,True,direct_test;module_test;live_probe,10,veilbreakers_terrain/tests/test_bundle_egjn_supplements.py,LOW,False,
terrain_asset_metadata.py,AABB.size_y,size_y,81,method,A,GRADED,file_qualified,blender_tool;camera_readability;materials_texturing;water;geometry_mesh;scatter_ecology,True,direct_test;module_test;live_probe,10,veilbreakers_terrain/tests/test_bundle_egjn_supplements.py,LOW,False,
terrain_asset_metadata.py,AABB.size_z,size_z,85,method,A,GRADED,file_qualified,blender_tool;camera_readability;materials_texturing;water;geometry_mesh;scatter_ecology,True,direct_test;module_test;live_probe,10,veilbreakers_terrain/tests/test_bundle_egjn_supplements.py,LOW,False,
terrain_asset_metadata.py,AABB.diagonal,diagonal,89,method,A,GRADED,file_qualified,blender_tool;camera_readability;materials_texturing;water;geometry_mesh;scatter_ecology,True,direct_test;module_test;live_probe,10,veilbreakers_terrain/tests/test_bundle_egjn_supplements.py,LOW,False,
terrain_asset_metadata.py,AABB.volume,volume,94,method,A,GRADED,file_qualified,blender_tool;camera_readability;materials_texturing;water;geometry_mesh;scatter_ecology,True,direct_test;module_test;live_probe,10,veilbreakers_terrain/tests/test_atmospheric_volumes.py;veilbreakers_terrain/tests/test_bundle_egjn_supplements.py;veilbreakers_terrain/tests/test_lod_material_live_readiness.py;veilbreakers_terrain/tests/test_world_map_light_atmosphere.py,LOW,False,
terrain_asset_metadata.py,AABB.center,center,98,method,A,GRADED,file_qualified,blender_tool;camera_readability;materials_texturing;water;geometry_mesh;scatter_ecology,True,direct_test;module_test;live_probe,10,veilbreakers_terrain/tests/test_aaa_terrain_vegetation.py;veilbreakers_terrain/tests/test_bundle_egjn_supplements.py;veilbreakers_terrain/tests/test_chunk_cache_math_helpers.py;veilbreakers_terrain/tests/test_coverage_gaps.py;veilbreakers_terrain/tests/test_environment_handlers.py;veilbreakers_terrain/tests/test_lod_material_live_readiness.py;veilbreakers_terrain/tests/test_mcp_dispatch.py;veilbreakers_terrain/tests/test_missing_gaps.py;...(+6),LOW,False,
terrain_asset_metadata.py,validate_asset_metadata,validate_asset_metadata,174,function,A,GRADED,file_qualified,blender_tool;camera_readability;materials_texturing;water;geometry_mesh;scatter_ecology,True,direct_test;module_test;live_probe,10,veilbreakers_terrain/tests/test_bundle_egjn_supplements.py,LOW,False,
terrain_asset_metadata.py,classify_size_from_bounds,classify_size_from_bounds,304,function,A,GRADED,file_qualified,blender_tool;camera_readability;materials_texturing;water;geometry_mesh;scatter_ecology,True,direct_test;module_test;live_probe,10,veilbreakers_terrain/tests/test_bundle_egjn_supplements.py,LOW,False,
terrain_asset_metadata.py,AssetContextRuleExt.effective_variance,effective_variance,346,method,A,GRADED,file_qualified,blender_tool;camera_readability;materials_texturing;water;geometry_mesh;scatter_ecology,True,direct_test;module_test;live_probe,10,veilbreakers_terrain/tests/test_bundle_egjn_supplements.py,LOW,False,
terrain_asset_metadata.py,AssetContextRuleExt.blended_score,blended_score,407,method,A,GRADED,file_qualified,blender_tool;camera_readability;materials_texturing;water;geometry_mesh;scatter_ecology,True,direct_test;module_test;live_probe,10,veilbreakers_terrain/tests/test_bundle_egjn_supplements.py,LOW,False,
terrain_assets.py,classify_asset_role,classify_asset_role,152,function,A,GRADED,file_qualified,blender_tool;water;geometry_mesh;scatter_ecology;pipeline_wiring,True,direct_test;module_test;live_probe,10,veilbreakers_terrain/tests/test_terrain_assets.py,LOW,False,
terrain_assets.py,build_asset_context_rules,build_asset_context_rules,176,function,A-,GRADED,file_qualified,blender_tool;water;geometry_mesh;scatter_ecology;pipeline_wiring,True,direct_test;module_test;live_probe,10,veilbreakers_terrain/tests/test_terrain_assets.py,LOW,False,
terrain_assets.py,compute_viability,compute_viability,283,function,A,GRADED,file_qualified,blender_tool;water;geometry_mesh;scatter_ecology;pipeline_wiring,True,direct_test;module_test;live_probe,10,veilbreakers_terrain/tests/test_terrain_assets.py,LOW,False,
terrain_assets.py,_cell_to_world,_cell_to_world,346,function,A,GRADED,file_qualified,blender_tool;water;geometry_mesh;scatter_ecology;pipeline_wiring,True,module_test;live_probe,6,veilbreakers_terrain/tests/test_terrain_assets.py,LOW,False,direct_behavior_test
terrain_assets.py,_poisson_in_mask,_poisson_in_mask,362,function,A-,GRADED,file_qualified,blender_tool;water;geometry_mesh;scatter_ecology;pipeline_wiring,True,module_test;live_probe,6,veilbreakers_terrain/tests/test_terrain_assets.py,LOW,False,direct_behavior_test
terrain_assets.py,_protected_mask,_protected_mask,432,function,A,GRADED,file_qualified,blender_tool;water;geometry_mesh;scatter_ecology;pipeline_wiring,True,direct_test;module_test;live_probe,10,veilbreakers_terrain/tests/test_terrain_assets.py;veilbreakers_terrain/tests/test_vegetation_depth_runtime_helpers.py,LOW,False,
terrain_assets.py,_region_mask,_region_mask,458,function,A,GRADED,file_qualified,blender_tool;water;geometry_mesh;scatter_ecology;pipeline_wiring,True,module_test;live_probe,6,veilbreakers_terrain/tests/test_terrain_assets.py,LOW,False,direct_behavior_test
terrain_assets.py,place_assets_by_zone,place_assets_by_zone,481,function,A,GRADED,file_qualified,blender_tool;water;geometry_mesh;scatter_ecology;pipeline_wiring,True,direct_test;module_test;live_probe,10,veilbreakers_terrain/tests/test_terrain_assets.py,LOW,False,
terrain_assets.py,_cluster_around,_cluster_around,530,function,A-,GRADED,file_qualified,blender_tool;water;geometry_mesh;scatter_ecology;pipeline_wiring,True,module_test;live_probe,6,veilbreakers_terrain/tests/test_terrain_assets.py,LOW,False,direct_behavior_test
terrain_assets.py,cluster_rocks_for_cliffs,cluster_rocks_for_cliffs,601,function,A,GRADED,file_qualified,blender_tool;water;geometry_mesh;scatter_ecology;pipeline_wiring,True,direct_test;module_test;live_probe,10,veilbreakers_terrain/tests/test_terrain_assets.py,LOW,False,
terrain_assets.py,cluster_rocks_for_waterfalls,cluster_rocks_for_waterfalls,619,function,A,GRADED,file_qualified,blender_tool;water;geometry_mesh;scatter_ecology;pipeline_wiring,True,direct_test;module_test;live_probe,10,veilbreakers_terrain/tests/test_terrain_assets.py,LOW,False,
terrain_assets.py,scatter_debris_for_caves,scatter_debris_for_caves,637,function,A,GRADED,file_qualified,blender_tool;water;geometry_mesh;scatter_ecology;pipeline_wiring,True,direct_test;module_test;live_probe,10,veilbreakers_terrain/tests/test_terrain_assets.py,LOW,False,
terrain_assets.py,validate_asset_density_and_overlap,validate_asset_density_and_overlap,660,function,A-,GRADED,file_qualified,blender_tool;water;geometry_mesh;scatter_ecology;pipeline_wiring,True,direct_test;module_test;live_probe,10,veilbreakers_terrain/tests/test_terrain_assets.py,LOW,False,
terrain_assets.py,_build_tree_instance_array,_build_tree_instance_array,738,function,A,GRADED,file_qualified,blender_tool;water;geometry_mesh;scatter_ecology;pipeline_wiring,True,module_test;live_probe,6,veilbreakers_terrain/tests/test_terrain_assets.py,LOW,False,direct_behavior_test
terrain_assets.py,_build_detail_density,_build_detail_density,762,function,A,GRADED,file_qualified,blender_tool;water;geometry_mesh;scatter_ecology;pipeline_wiring,True,module_test;live_probe,6,veilbreakers_terrain/tests/test_terrain_assets.py,LOW,False,direct_behavior_test
terrain_assets.py,pass_scatter_intelligent,pass_scatter_intelligent,790,function,A-,GRADED,file_qualified,blender_tool;water;geometry_mesh;scatter_ecology;pipeline_wiring,True,module_test;live_probe,6,veilbreakers_terrain/tests/test_terrain_assets.py,LOW,False,direct_behavior_test
terrain_assets.py,register_bundle_e_passes,register_bundle_e_passes,893,function,A-,GRADED,file_qualified,blender_tool;water;geometry_mesh;scatter_ecology;pipeline_wiring,True,direct_test;module_test;live_probe,10,veilbreakers_terrain/tests/test_terrain_assets.py,LOW,False,
terrain_audio_zones.py,_audio_cc_filter,_audio_cc_filter,187,function,A,GRADED,file_qualified,blender_tool;visual_qa;water;geometry_mesh;pipeline_wiring,True,direct_test;module_test;live_probe,10,veilbreakers_terrain/tests/test_environment_analysis_runtime_helpers.py;veilbreakers_terrain/tests/test_terrain_ecosystem.py,LOW,False,
terrain_audio_zones.py,_component_boundary_polygon,_component_boundary_polygon,206,function,A-,GRADED,file_qualified,blender_tool;visual_qa;water;geometry_mesh;pipeline_wiring,True,direct_test;module_test;live_probe,10,veilbreakers_terrain/tests/test_environment_analysis_runtime_helpers.py;veilbreakers_terrain/tests/test_terrain_ecosystem.py,LOW,False,
terrain_audio_zones.py,_sabine_rt60,_sabine_rt60,234,function,A,GRADED,file_qualified,blender_tool;visual_qa;water;geometry_mesh;pipeline_wiring,True,direct_test;module_test;live_probe,10,veilbreakers_terrain/tests/test_environment_analysis_runtime_helpers.py;veilbreakers_terrain/tests/test_terrain_ecosystem.py,LOW,False,
terrain_audio_zones.py,_chamfer_distance_cells,_chamfer_distance_cells,299,function,D+,GRADED,file_qualified,blender_tool;visual_qa;water;geometry_mesh;pipeline_wiring,True,direct_test;module_test;live_probe,9,veilbreakers_terrain/tests/test_environment_analysis_runtime_helpers.py;veilbreakers_terrain/tests/test_terrain_ecosystem.py,LOW,False,
terrain_audio_zones.py,_cliff_echo_delay,_cliff_echo_delay,387,function,A,GRADED,file_qualified,blender_tool;visual_qa;water;geometry_mesh;pipeline_wiring,True,direct_test;module_test;live_probe,10,veilbreakers_terrain/tests/test_environment_analysis_runtime_helpers.py;veilbreakers_terrain/tests/test_terrain_ecosystem.py,LOW,False,
terrain_audio_zones.py,_classify_raster,_classify_raster,457,function,A,GRADED,file_qualified,blender_tool;visual_qa;water;geometry_mesh;pipeline_wiring,True,direct_test;module_test;live_probe,10,veilbreakers_terrain/tests/test_environment_analysis_runtime_helpers.py;veilbreakers_terrain/tests/test_terrain_ecosystem.py,LOW,False,
terrain_audio_zones.py,compute_audio_reverb_zones,compute_audio_reverb_zones,604,function,B+,GRADED,file_qualified,blender_tool;visual_qa;water;geometry_mesh;pipeline_wiring,True,direct_test;module_test;live_probe,10,veilbreakers_terrain/tests/test_environment_analysis_runtime_helpers.py;veilbreakers_terrain/tests/test_terrain_ecosystem.py,LOW,False,
terrain_audio_zones.py,compute_audio_zone_list,compute_audio_zone_list,641,function,A,GRADED,file_qualified,blender_tool;visual_qa;water;geometry_mesh;pipeline_wiring,True,direct_test;module_test;live_probe,10,veilbreakers_terrain/tests/test_environment_analysis_runtime_helpers.py;veilbreakers_terrain/tests/test_terrain_ecosystem.py,LOW,False,
terrain_audio_zones.py,export_zones_to_wwise_csv,export_zones_to_wwise_csv,816,function,D+,GRADED,file_qualified,blender_tool;visual_qa;water;geometry_mesh;pipeline_wiring,True,direct_test;module_test;live_probe,9,veilbreakers_terrain/tests/test_environment_analysis_runtime_helpers.py;veilbreakers_terrain/tests/test_terrain_ecosystem.py,LOW,False,
terrain_audio_zones.py,pass_audio_zones,pass_audio_zones,873,function,B+,GRADED,file_qualified,blender_tool;visual_qa;water;geometry_mesh;pipeline_wiring,True,direct_test;module_test;live_probe,10,veilbreakers_terrain/tests/test_environment_analysis_runtime_helpers.py;veilbreakers_terrain/tests/test_terrain_ecosystem.py,LOW,False,
terrain_audio_zones.py,register_bundle_j_audio_zones_pass,register_bundle_j_audio_zones_pass,948,function,A,GRADED,file_qualified,blender_tool;visual_qa;water;geometry_mesh;pipeline_wiring,True,module_test;live_probe,6,veilbreakers_terrain/tests/test_environment_analysis_runtime_helpers.py;veilbreakers_terrain/tests/test_terrain_ecosystem.py,LOW,False,direct_behavior_test
terrain_banded.py,BandedHeightmap.shape,shape,106,method,A,GRADED,file_qualified,blender_tool;geometry_mesh,True,direct_test;module_test;live_probe,10,veilbreakers_terrain/tests/integration/test_full_terrain_pipeline.py;veilbreakers_terrain/tests/test_aaa_node_v1_build.py;veilbreakers_terrain/tests/test_aaa_terrain_vegetation.py;veilbreakers_terrain/tests/test_aaa_water_scatter.py;veilbreakers_terrain/tests/test_adjacent_tile_contract.py;veilbreakers_terrain/tests/test_atmospheric_volumes.py;veilbreakers_terrain/tests/test_biome_grammar.py;veilbreakers_terrain/tests/test_bundle_bcd_supplements.py;...(+65),LOW,False,
terrain_banded.py,BandedHeightmap.band,band,109,method,A,GRADED,file_qualified,blender_tool;geometry_mesh,True,direct_test;module_test;live_probe,10,veilbreakers_terrain/tests/test_terrain_banded.py;veilbreakers_terrain/tests/test_terrain_deep_qa.py;veilbreakers_terrain/tests/test_visual_export_runtime_helpers.py,LOW,False,
terrain_banded.py,_coord_grids,_coord_grids,121,function,A,GRADED,file_qualified,blender_tool;geometry_mesh,True,direct_test;module_test;live_probe,10,veilbreakers_terrain/tests/test_terrain_banded.py;veilbreakers_terrain/tests/test_visual_export_runtime_helpers.py,LOW,False,
terrain_banded.py,_fbm_array,_fbm_array,141,function,A,GRADED,file_qualified,blender_tool;geometry_mesh,True,direct_test;module_test;live_probe,10,veilbreakers_terrain/tests/test_terrain_banded.py;veilbreakers_terrain/tests/test_visual_export_runtime_helpers.py,LOW,False,
terrain_banded.py,_band_sdf_normalize,_band_sdf_normalize,173,function,A-,GRADED,file_qualified,blender_tool;geometry_mesh,True,direct_test;module_test;live_probe,10,veilbreakers_terrain/tests/test_terrain_banded.py;veilbreakers_terrain/tests/test_visual_export_runtime_helpers.py,LOW,False,
terrain_banded.py,compute_anisotropic_breakup,compute_anisotropic_breakup,243,function,B+,GRADED,file_qualified,blender_tool;geometry_mesh,True,direct_test;module_test;live_probe,10,veilbreakers_terrain/tests/test_bundle_egjn_supplements.py;veilbreakers_terrain/tests/test_terrain_banded.py;veilbreakers_terrain/tests/test_visual_export_runtime_helpers.py,LOW,False,
terrain_banded.py,_kuwahara_filter,_kuwahara_filter,361,function,A-,GRADED,file_qualified,blender_tool;geometry_mesh,True,direct_test;module_test;live_probe,10,veilbreakers_terrain/tests/test_terrain_banded.py;veilbreakers_terrain/tests/test_visual_export_runtime_helpers.py,LOW,False,
terrain_banded.py,apply_anti_grain_smoothing,apply_anti_grain_smoothing,462,function,A,GRADED,file_qualified,blender_tool;geometry_mesh,True,direct_test;module_test;live_probe,10,veilbreakers_terrain/tests/test_bundle_egjn_supplements.py;veilbreakers_terrain/tests/test_terrain_banded.py;veilbreakers_terrain/tests/test_visual_export_runtime_helpers.py,LOW,False,
terrain_banded.py,_generate_macro_band,_generate_macro_band,512,function,A,GRADED,file_qualified,blender_tool;geometry_mesh,True,module_test;live_probe,6,veilbreakers_terrain/tests/test_terrain_banded.py;veilbreakers_terrain/tests/test_visual_export_runtime_helpers.py,LOW,False,direct_behavior_test
terrain_banded.py,_generate_meso_band,_generate_meso_band,552,function,A,GRADED,file_qualified,blender_tool;geometry_mesh,True,module_test;live_probe,6,veilbreakers_terrain/tests/test_terrain_banded.py;veilbreakers_terrain/tests/test_visual_export_runtime_helpers.py,LOW,False,direct_behavior_test
terrain_banded.py,_generate_micro_band,_generate_micro_band,589,function,A,GRADED,file_qualified,blender_tool;geometry_mesh,True,module_test;live_probe,6,veilbreakers_terrain/tests/test_terrain_banded.py;veilbreakers_terrain/tests/test_visual_export_runtime_helpers.py,LOW,False,direct_behavior_test
terrain_banded.py,_generate_strata_band,_generate_strata_band,620,function,B+,GRADED,file_qualified,blender_tool;geometry_mesh,True,module_test;live_probe,6,veilbreakers_terrain/tests/test_terrain_banded.py;veilbreakers_terrain/tests/test_visual_export_runtime_helpers.py,LOW,False,direct_behavior_test
terrain_banded.py,_generate_warp_field,_generate_warp_field,708,function,A,GRADED,file_qualified,blender_tool;geometry_mesh,True,module_test;live_probe,6,veilbreakers_terrain/tests/test_terrain_banded.py;veilbreakers_terrain/tests/test_visual_export_runtime_helpers.py,LOW,False,direct_behavior_test
terrain_banded.py,generate_banded_heightmap,generate_banded_heightmap,737,function,A,GRADED,file_qualified,blender_tool;geometry_mesh,True,direct_test;module_test;live_probe,10,veilbreakers_terrain/tests/test_terrain_banded.py;veilbreakers_terrain/tests/test_visual_export_runtime_helpers.py,LOW,False,
terrain_banded.py,compose_banded_heightmap,compose_banded_heightmap,862,function,A,GRADED,file_qualified,blender_tool;geometry_mesh,True,direct_test;module_test;live_probe,10,veilbreakers_terrain/tests/test_terrain_banded.py;veilbreakers_terrain/tests/test_visual_export_runtime_helpers.py,LOW,False,
terrain_banded.py,pass_banded_macro,pass_banded_macro,929,function,A,GRADED,file_qualified,blender_tool;geometry_mesh;pipeline_wiring,True,module_test;live_probe,6,veilbreakers_terrain/tests/test_terrain_banded.py;veilbreakers_terrain/tests/test_visual_export_runtime_helpers.py,LOW,False,direct_behavior_test
terrain_banded.py,register_bundle_g_passes,register_bundle_g_passes,1029,function,A,GRADED,file_qualified,blender_tool;geometry_mesh;pipeline_wiring,True,direct_test;module_test;live_probe,10,veilbreakers_terrain/tests/test_terrain_banded.py;veilbreakers_terrain/tests/test_visual_export_runtime_helpers.py,LOW,False,
terrain_banded_advanced.py,_value_noise_2d,_value_noise_2d,44,function,A,GRADED,file_qualified,blender_tool;materials_texturing;water;geometry_mesh,True,direct_test;module_test;live_probe,10,veilbreakers_terrain/tests/test_bundle_egjn_supplements.py;veilbreakers_terrain/tests/test_visual_export_runtime_helpers.py,LOW,False,
terrain_banded_advanced.py,compute_anisotropic_breakup,compute_anisotropic_breakup,80,function,A,GRADED,file_qualified,blender_tool;materials_texturing;water;geometry_mesh,True,direct_test;module_test;live_probe,10,veilbreakers_terrain/tests/test_bundle_egjn_supplements.py;veilbreakers_terrain/tests/test_visual_export_runtime_helpers.py,LOW,False,
terrain_banded_advanced.py,_kuwahara_quadrant_stats,_kuwahara_quadrant_stats,168,function,A,GRADED,file_qualified,blender_tool;materials_texturing;water;geometry_mesh,True,direct_test;module_test;live_probe,10,veilbreakers_terrain/tests/test_bundle_egjn_supplements.py;veilbreakers_terrain/tests/test_visual_export_runtime_helpers.py,LOW,False,
terrain_banded_advanced.py,_structure_tensor,_structure_tensor,248,function,D+,GRADED,file_qualified,blender_tool;materials_texturing;water;geometry_mesh,True,module_test;live_probe,5,veilbreakers_terrain/tests/test_bundle_egjn_supplements.py;veilbreakers_terrain/tests/test_visual_export_runtime_helpers.py,LOW,False,direct_behavior_test;material_texture_contract_test
terrain_banded_advanced.py,_anisotropic_kuwahara_filter,_anisotropic_kuwahara_filter,293,function,D+,GRADED,file_qualified,blender_tool;materials_texturing;water;geometry_mesh,True,module_test;live_probe,5,veilbreakers_terrain/tests/test_bundle_egjn_supplements.py;veilbreakers_terrain/tests/test_visual_export_runtime_helpers.py,LOW,False,direct_behavior_test;material_texture_contract_test
terrain_banded_advanced.py,apply_anti_grain_smoothing,apply_anti_grain_smoothing,431,function,A,GRADED,file_qualified,blender_tool;materials_texturing;water;geometry_mesh,True,direct_test;module_test;live_probe,10,veilbreakers_terrain/tests/test_bundle_egjn_supplements.py;veilbreakers_terrain/tests/test_visual_export_runtime_helpers.py,LOW,False,
terrain_blender_safety.py,assert_z_is_up,assert_z_is_up,34,function,A,GRADED,file_qualified,blender_tool;visual_qa;geometry_mesh,True,direct_test;module_test;live_probe,10,veilbreakers_terrain/tests/test_bundle_r.py,LOW,False,
terrain_blender_safety.py,convert_y_up_to_z_up,convert_y_up_to_z_up,48,function,A,GRADED,file_qualified,blender_tool;visual_qa;geometry_mesh,True,direct_test;module_test;live_probe,10,veilbreakers_terrain/tests/test_bundle_r.py,LOW,False,
terrain_blender_safety.py,guard_z_up,guard_z_up,182,function,B+,GRADED,file_qualified,blender_tool;visual_qa;geometry_mesh,True,direct_test;module_test;live_probe,10,veilbreakers_terrain/tests/test_bundle_r.py,LOW,False,
terrain_blender_safety.py,clamp_screenshot_size,clamp_screenshot_size,204,function,A,GRADED,file_qualified,blender_tool;visual_qa;geometry_mesh,True,direct_test;module_test;live_probe,10,veilbreakers_terrain/tests/test_bundle_r.py,LOW,False,
terrain_blender_safety.py,assert_boolean_safe,assert_boolean_safe,225,function,A,GRADED,file_qualified,blender_tool;visual_qa;geometry_mesh,True,direct_test;module_test;live_probe,10,veilbreakers_terrain/tests/test_bundle_r.py,LOW,False,
terrain_blender_safety.py,decimate_to_safe_count,decimate_to_safe_count,244,function,A,GRADED,file_qualified,blender_tool;visual_qa;geometry_mesh,True,direct_test;module_test;live_probe,10,veilbreakers_terrain/tests/test_bundle_r.py,LOW,False,
terrain_blender_safety.py,recommend_boolean_solver,recommend_boolean_solver,260,function,A,GRADED,file_qualified,blender_tool;visual_qa;geometry_mesh,True,direct_test;module_test;live_probe,10,veilbreakers_terrain/tests/test_bundle_r.py,LOW,False,
terrain_blender_safety.py,import_gltf_serialized,import_gltf_serialized,339,function,D+,GRADED,file_qualified,blender_tool;visual_qa;geometry_mesh,True,direct_test;module_test;live_probe,9,veilbreakers_terrain/tests/test_bundle_r.py,LOW,False,
terrain_blender_safety.py,get_gltf_import_log,get_gltf_import_log,375,function,D+,GRADED,file_qualified,blender_tool;visual_qa;geometry_mesh,True,direct_test;module_test;live_probe,9,veilbreakers_terrain/tests/test_bundle_r.py,LOW,False,
terrain_blender_safety.py,clear_gltf_import_log,clear_gltf_import_log,380,function,D+,GRADED,file_qualified,blender_tool;visual_qa;geometry_mesh,True,direct_test;module_test;live_probe,9,veilbreakers_terrain/tests/test_bundle_r.py,LOW,False,
terrain_budget_enforcer.py,BudgetReport.as_dict,as_dict,115,method,A,GRADED,file_qualified,blender_tool;materials_texturing;geometry_mesh;scatter_ecology,True,direct_test;module_test;live_probe,10,veilbreakers_terrain/tests/test_terrain_deep_qa.py;veilbreakers_terrain/tests/test_vegetation_depth_runtime_helpers.py,LOW,False,
terrain_budget_enforcer.py,resolve_budget,resolve_budget,174,function,A,GRADED,file_qualified,blender_tool;materials_texturing;geometry_mesh;scatter_ecology,True,direct_test;module_test;live_probe,10,veilbreakers_terrain/tests/test_terrain_deep_qa.py,LOW,False,
terrain_budget_enforcer.py,_km2_from_stack,_km2_from_stack,217,function,B+,GRADED,file_qualified,blender_tool;materials_texturing;geometry_mesh;scatter_ecology,True,module_test;live_probe,6,veilbreakers_terrain/tests/test_terrain_deep_qa.py,LOW,False,direct_behavior_test;material_texture_contract_test
terrain_budget_enforcer.py,_count_unique_materials,_count_unique_materials,223,function,A,GRADED,file_qualified,blender_tool;materials_texturing;geometry_mesh;scatter_ecology,True,module_test;live_probe,6,veilbreakers_terrain/tests/test_terrain_deep_qa.py,LOW,False,direct_behavior_test;material_texture_contract_test
terrain_budget_enforcer.py,_count_scatter_instances,_count_scatter_instances,235,function,A,GRADED,file_qualified,blender_tool;materials_texturing;geometry_mesh;scatter_ecology,True,module_test;live_probe,6,veilbreakers_terrain/tests/test_terrain_deep_qa.py,LOW,False,direct_behavior_test;material_texture_contract_test
terrain_budget_enforcer.py,_estimate_tri_count_per_lod,_estimate_tri_count_per_lod,252,function,A,GRADED,file_qualified,blender_tool;materials_texturing;geometry_mesh;scatter_ecology,True,module_test;live_probe,6,veilbreakers_terrain/tests/test_terrain_deep_qa.py,LOW,False,direct_behavior_test;material_texture_contract_test
terrain_budget_enforcer.py,_estimate_tri_count,_estimate_tri_count,319,function,B+,GRADED,file_qualified,blender_tool;materials_texturing;geometry_mesh;scatter_ecology,True,module_test;live_probe,6,veilbreakers_terrain/tests/test_terrain_deep_qa.py,LOW,False,direct_behavior_test;material_texture_contract_test
terrain_budget_enforcer.py,_estimate_npz_mb,_estimate_npz_mb,324,function,A,GRADED,file_qualified,blender_tool;materials_texturing;geometry_mesh;scatter_ecology,True,module_test;live_probe,6,veilbreakers_terrain/tests/test_terrain_deep_qa.py,LOW,False,direct_behavior_test;material_texture_contract_test
terrain_budget_enforcer.py,compute_tile_budget_usage,compute_tile_budget_usage,335,function,A,GRADED,file_qualified,blender_tool;materials_texturing;geometry_mesh;scatter_ecology,True,direct_test;module_test;live_probe,10,veilbreakers_terrain/tests/test_terrain_deep_qa.py,LOW,False,
terrain_budget_enforcer.py,compute_budget_report,compute_budget_report,464,function,A,GRADED,file_qualified,blender_tool;materials_texturing;geometry_mesh;scatter_ecology,True,module_test;live_probe,6,veilbreakers_terrain/tests/test_terrain_deep_qa.py,LOW,False,direct_behavior_test;material_texture_contract_test
terrain_budget_enforcer.py,_issue_for,_issue_for,532,function,B+,GRADED,file_qualified,blender_tool;materials_texturing;geometry_mesh;scatter_ecology,True,module_test;live_probe,6,veilbreakers_terrain/tests/test_terrain_deep_qa.py,LOW,False,direct_behavior_test;material_texture_contract_test
terrain_budget_enforcer.py,enforce_budget,enforce_budget,562,function,A,GRADED,file_qualified,blender_tool;materials_texturing;geometry_mesh;scatter_ecology,True,direct_test;module_test;live_probe,10,veilbreakers_terrain/tests/test_terrain_deep_qa.py,LOW,False,
terrain_bundle_j.py,register_bundle_j_passes,register_bundle_j_passes,49,function,A-,GRADED,file_qualified,materials_texturing;geometry_mesh;scatter_ecology;pipeline_wiring,True,direct_test;module_test;live_probe,10,veilbreakers_terrain/tests/test_terrain_ecosystem.py,LOW,False,
terrain_bundle_k.py,register_bundle_k_passes,register_bundle_k_passes,40,function,A-,GRADED,file_qualified,materials_texturing;water;pipeline_wiring,True,direct_test;module_test;live_probe,10,veilbreakers_terrain/tests/test_terrain_material_ceiling.py,LOW,False,
terrain_bundle_l.py,register_bundle_l_passes,register_bundle_l_passes,30,function,A-,GRADED,file_qualified,geometry_mesh;pipeline_wiring,True,direct_test;module_test;live_probe,10,veilbreakers_terrain/tests/test_terrain_atmosphere.py,LOW,False,
terrain_bundle_n.py,get_bundle_n_runtime_contract,get_bundle_n_runtime_contract,65,function,A,GRADED,file_qualified,camera_readability;pipeline_wiring,False,module_test;live_probe,6,veilbreakers_terrain/tests/test_terrain_deep_qa.py,LOW,False,direct_behavior_test;camera_readability_probe
terrain_bundle_n.py,_runtime_options,_runtime_options,80,function,A,GRADED,file_qualified,camera_readability;pipeline_wiring,False,module_test;live_probe,6,veilbreakers_terrain/tests/test_terrain_deep_qa.py,LOW,False,direct_behavior_test;camera_readability_probe
terrain_bundle_n.py,_determinism_runs,_determinism_runs,88,function,A,GRADED,file_qualified,camera_readability;pipeline_wiring,False,module_test;live_probe,6,veilbreakers_terrain/tests/test_terrain_deep_qa.py,LOW,False,direct_behavior_test;camera_readability_probe
terrain_bundle_n.py,bundle_n_runtime_requests_determinism,bundle_n_runtime_requests_determinism,101,function,A,GRADED,file_qualified,camera_readability;pipeline_wiring,False,module_test;live_probe,6,veilbreakers_terrain/tests/test_terrain_deep_qa.py,LOW,False,direct_behavior_test;camera_readability_probe
terrain_bundle_n.py,_skip_runtime_hooks,_skip_runtime_hooks,107,function,A,GRADED,file_qualified,camera_readability;pipeline_wiring,False,module_test;live_probe,6,veilbreakers_terrain/tests/test_terrain_deep_qa.py,LOW,False,direct_behavior_test;camera_readability_probe
terrain_bundle_n.py,_attach_issues,_attach_issues,130,function,A,GRADED,file_qualified,camera_readability;pipeline_wiring,False,module_test;live_probe,6,veilbreakers_terrain/tests/test_terrain_deep_qa.py,LOW,False,direct_behavior_test;camera_readability_probe
terrain_bundle_n.py,_merge_bundle_n_metrics,_merge_bundle_n_metrics,141,function,A,GRADED,file_qualified,camera_readability;pipeline_wiring,False,module_test;live_probe,6,veilbreakers_terrain/tests/test_terrain_deep_qa.py,LOW,False,direct_behavior_test;camera_readability_probe
terrain_bundle_n.py,_review_findings_from_intent,_review_findings_from_intent,149,function,B+,GRADED,file_qualified,camera_readability;pipeline_wiring,False,module_test;live_probe,6,veilbreakers_terrain/tests/test_terrain_deep_qa.py,LOW,False,direct_behavior_test;camera_readability_probe
terrain_bundle_n.py,_validation_issue_from_review_payload,_validation_issue_from_review_payload,197,function,A,GRADED,file_qualified,camera_readability;pipeline_wiring,False,module_test;live_probe,6,veilbreakers_terrain/tests/test_terrain_deep_qa.py,LOW,False,direct_behavior_test;camera_readability_probe
terrain_bundle_n.py,_default_snapshot_id,_default_snapshot_id,224,function,A,GRADED,file_qualified,camera_readability;pipeline_wiring,False,module_test;live_probe,6,veilbreakers_terrain/tests/test_terrain_deep_qa.py,LOW,False,direct_behavior_test;camera_readability_probe
terrain_bundle_n.py,register_bundle_n_passes,register_bundle_n_passes,231,function,A,GRADED,file_qualified,camera_readability;pipeline_wiring,True,direct_test;module_test;live_probe,10,veilbreakers_terrain/tests/test_terrain_deep_qa.py,LOW,False,
terrain_bundle_n.py,run_bundle_n_post_pipeline_hooks,run_bundle_n_post_pipeline_hooks,247,function,B+,GRADED,file_qualified,camera_readability;pipeline_wiring,False,module_test;live_probe,6,veilbreakers_terrain/tests/test_terrain_deep_qa.py,LOW,False,direct_behavior_test;camera_readability_probe
terrain_bundle_o.py,register_bundle_o_passes,register_bundle_o_passes,19,function,A-,GRADED,file_qualified,materials_texturing;water;geometry_mesh;scatter_ecology;pipeline_wiring,True,direct_test;module_test;live_probe,10,veilbreakers_terrain/tests/test_terrain_water_vegetation_depth.py,LOW,False,
terrain_caves.py,_worley_noise_2d,_worley_noise_2d,58,function,A,GRADED,file_qualified,blender_tool;camera_readability;materials_texturing;geometry_mesh;pipeline_wiring,True,module_test;live_probe,6,veilbreakers_terrain/tests/test_terrain_cave_adapter.py;veilbreakers_terrain/tests/test_terrain_caves.py;veilbreakers_terrain/tests/test_terrain_cliffs.py,LOW,False,direct_behavior_test;material_texture_contract_test;camera_readability_probe
terrain_caves.py,_perlin_noise_2d,_perlin_noise_2d,109,function,A,GRADED,file_qualified,blender_tool;camera_readability;materials_texturing;geometry_mesh;pipeline_wiring,True,module_test;live_probe,6,veilbreakers_terrain/tests/test_terrain_cave_adapter.py;veilbreakers_terrain/tests/test_terrain_caves.py;veilbreakers_terrain/tests/test_terrain_cliffs.py,LOW,False,direct_behavior_test;material_texture_contract_test;camera_readability_probe
terrain_caves.py,compute_cave_wall_texture,compute_cave_wall_texture,189,function,A,GRADED,file_qualified,blender_tool;camera_readability;materials_texturing;geometry_mesh;pipeline_wiring,True,module_test;live_probe,6,veilbreakers_terrain/tests/test_terrain_cave_adapter.py;veilbreakers_terrain/tests/test_terrain_caves.py;veilbreakers_terrain/tests/test_terrain_cliffs.py,LOW,False,direct_behavior_test;material_texture_contract_test;camera_readability_probe
terrain_caves.py,compute_speleothem_growth,compute_speleothem_growth,259,function,B+,GRADED,file_qualified,blender_tool;camera_readability;materials_texturing;geometry_mesh;pipeline_wiring,True,module_test;live_probe,6,veilbreakers_terrain/tests/test_terrain_cave_adapter.py;veilbreakers_terrain/tests/test_terrain_caves.py;veilbreakers_terrain/tests/test_terrain_cliffs.py,LOW,False,direct_behavior_test;material_texture_contract_test;camera_readability_probe
terrain_caves.py,validate_entrance_cliff_compatible,validate_entrance_cliff_compatible,378,function,A,GRADED,file_qualified,blender_tool;camera_readability;materials_texturing;geometry_mesh;pipeline_wiring,True,module_test;live_probe,6,veilbreakers_terrain/tests/test_terrain_cave_adapter.py;veilbreakers_terrain/tests/test_terrain_caves.py;veilbreakers_terrain/tests/test_terrain_cliffs.py,LOW,False,direct_behavior_test;material_texture_contract_test;camera_readability_probe
terrain_caves.py,make_archetype_spec,make_archetype_spec,579,function,A,GRADED,file_qualified,blender_tool;camera_readability;materials_texturing;geometry_mesh;pipeline_wiring,True,direct_test;module_test;live_probe,10,veilbreakers_terrain/tests/test_terrain_cave_adapter.py;veilbreakers_terrain/tests/test_terrain_caves.py;veilbreakers_terrain/tests/test_terrain_cliffs.py,LOW,False,
terrain_caves.py,_world_to_cell,_world_to_cell,664,function,B,GRADED,file_qualified,blender_tool;camera_readability;materials_texturing;geometry_mesh;pipeline_wiring,True,direct_test;module_test;live_probe,9,veilbreakers_terrain/tests/test_terrain_cave_adapter.py;veilbreakers_terrain/tests/test_terrain_caves.py;veilbreakers_terrain/tests/test_terrain_cliffs.py,LOW,False,
terrain_caves.py,_cell_to_world,_cell_to_world,676,function,A-,GRADED,file_qualified,blender_tool;camera_readability;materials_texturing;geometry_mesh;pipeline_wiring,True,module_test;live_probe,6,veilbreakers_terrain/tests/test_terrain_cave_adapter.py;veilbreakers_terrain/tests/test_terrain_caves.py;veilbreakers_terrain/tests/test_terrain_cliffs.py,LOW,False,direct_behavior_test;material_texture_contract_test;camera_readability_probe
terrain_caves.py,_region_to_slice,_region_to_slice,684,function,A,GRADED,file_qualified,blender_tool;camera_readability;materials_texturing;geometry_mesh;pipeline_wiring,True,module_test;live_probe,6,veilbreakers_terrain/tests/test_terrain_cave_adapter.py;veilbreakers_terrain/tests/test_terrain_caves.py;veilbreakers_terrain/tests/test_terrain_cliffs.py,LOW,False,direct_behavior_test;material_texture_contract_test;camera_readability_probe
terrain_caves.py,_protected_mask_for_caves,_protected_mask_for_caves,695,function,B+,GRADED,file_qualified,blender_tool;camera_readability;materials_texturing;geometry_mesh;pipeline_wiring,True,module_test;live_probe,6,veilbreakers_terrain/tests/test_terrain_cave_adapter.py;veilbreakers_terrain/tests/test_terrain_caves.py;veilbreakers_terrain/tests/test_terrain_cliffs.py,LOW,False,direct_behavior_test;material_texture_contract_test;camera_readability_probe
terrain_caves.py,pick_cave_archetype,pick_cave_archetype,771,function,A,GRADED,file_qualified,blender_tool;camera_readability;materials_texturing;geometry_mesh;pipeline_wiring,True,direct_test;module_test;live_probe,10,veilbreakers_terrain/tests/test_terrain_cave_adapter.py;veilbreakers_terrain/tests/test_terrain_caves.py;veilbreakers_terrain/tests/test_terrain_cliffs.py,LOW,False,
terrain_caves.py,snap_entry_to_cliff_face,snap_entry_to_cliff_face,1023,function,A,GRADED,file_qualified,blender_tool;camera_readability;materials_texturing;geometry_mesh;pipeline_wiring,True,module_test;live_probe,6,veilbreakers_terrain/tests/test_terrain_cave_adapter.py;veilbreakers_terrain/tests/test_terrain_caves.py;veilbreakers_terrain/tests/test_terrain_cliffs.py,LOW,False,direct_behavior_test;material_texture_contract_test;camera_readability_probe
terrain_caves.py,build_mountainside_overhang,build_mountainside_overhang,1138,function,A,GRADED,file_qualified,blender_tool;camera_readability;materials_texturing;geometry_mesh;pipeline_wiring,True,module_test;live_probe,6,veilbreakers_terrain/tests/test_terrain_cave_adapter.py;veilbreakers_terrain/tests/test_terrain_caves.py;veilbreakers_terrain/tests/test_terrain_cliffs.py,LOW,False,direct_behavior_test;material_texture_contract_test;camera_readability_probe
terrain_caves.py,generate_canyon_dual_exit,generate_canyon_dual_exit,1251,function,A,GRADED,file_qualified,blender_tool;camera_readability;materials_texturing;geometry_mesh;pipeline_wiring,True,direct_test;module_test;live_probe,10,veilbreakers_terrain/tests/test_terrain_cave_adapter.py;veilbreakers_terrain/tests/test_terrain_caves.py;veilbreakers_terrain/tests/test_terrain_cliffs.py,LOW,False,
terrain_caves.py,build_cave_mouth_surround,build_cave_mouth_surround,1352,function,A,GRADED,file_qualified,blender_tool;camera_readability;materials_texturing;geometry_mesh;pipeline_wiring,True,module_test;live_probe,6,veilbreakers_terrain/tests/test_terrain_cave_adapter.py;veilbreakers_terrain/tests/test_terrain_caves.py;veilbreakers_terrain/tests/test_terrain_cliffs.py,LOW,False,direct_behavior_test;material_texture_contract_test;camera_readability_probe
terrain_caves.py,_build_cave_entry_mesh_specs,_build_cave_entry_mesh_specs,1450,function,A,GRADED,file_qualified,blender_tool;camera_readability;materials_texturing;geometry_mesh;pipeline_wiring,True,module_test;live_probe,6,veilbreakers_terrain/tests/test_terrain_cave_adapter.py;veilbreakers_terrain/tests/test_terrain_caves.py;veilbreakers_terrain/tests/test_terrain_cliffs.py,LOW,False,direct_behavior_test;material_texture_contract_test;camera_readability_probe
terrain_caves.py,_astar_cave_path,_astar_cave_path,1494,function,B+,GRADED,file_qualified,blender_tool;camera_readability;materials_texturing;geometry_mesh;pipeline_wiring,True,module_test;live_probe,6,veilbreakers_terrain/tests/test_terrain_cave_adapter.py;veilbreakers_terrain/tests/test_terrain_caves.py;veilbreakers_terrain/tests/test_terrain_cliffs.py,LOW,False,direct_behavior_test;material_texture_contract_test;camera_readability_probe
terrain_caves.py,generate_cave_path,generate_cave_path,1612,function,A,GRADED,file_qualified,blender_tool;camera_readability;materials_texturing;geometry_mesh;pipeline_wiring,True,direct_test;module_test;live_probe,10,veilbreakers_terrain/tests/test_terrain_cave_adapter.py;veilbreakers_terrain/tests/test_terrain_caves.py;veilbreakers_terrain/tests/test_terrain_cliffs.py,LOW,False,
terrain_caves.py,carve_cave_volume,carve_cave_volume,1920,function,A,GRADED,file_qualified,blender_tool;camera_readability;materials_texturing;geometry_mesh;pipeline_wiring,True,direct_test;module_test;live_probe,10,veilbreakers_terrain/tests/test_terrain_cave_adapter.py;veilbreakers_terrain/tests/test_terrain_caves.py;veilbreakers_terrain/tests/test_terrain_cliffs.py,LOW,False,
terrain_caves.py,build_cave_entrance_frame,build_cave_entrance_frame,2240,function,B+,GRADED,file_qualified,blender_tool;camera_readability;materials_texturing;geometry_mesh;pipeline_wiring,True,direct_test;module_test;live_probe,10,veilbreakers_terrain/tests/test_terrain_cave_adapter.py;veilbreakers_terrain/tests/test_terrain_caves.py;veilbreakers_terrain/tests/test_terrain_cliffs.py,LOW,False,
terrain_caves.py,scatter_collapse_debris,scatter_collapse_debris,2309,function,A,GRADED,file_qualified,blender_tool;camera_readability;materials_texturing;geometry_mesh;scatter_ecology;pipeline_wiring,True,direct_test;module_test;live_probe,10,veilbreakers_terrain/tests/test_terrain_cave_adapter.py;veilbreakers_terrain/tests/test_terrain_caves.py;veilbreakers_terrain/tests/test_terrain_cliffs.py,LOW,False,
terrain_caves.py,_generate_speleothem_pairs,_generate_speleothem_pairs,2461,function,A,GRADED,file_qualified,blender_tool;camera_readability;materials_texturing;geometry_mesh;pipeline_wiring,True,module_test;live_probe,6,veilbreakers_terrain/tests/test_terrain_cave_adapter.py;veilbreakers_terrain/tests/test_terrain_caves.py;veilbreakers_terrain/tests/test_terrain_cliffs.py,LOW,False,direct_behavior_test;material_texture_contract_test;camera_readability_probe
terrain_caves.py,enforce_cave_navigation_clearance,enforce_cave_navigation_clearance,2604,function,D+,GRADED,file_qualified,blender_tool;camera_readability;materials_texturing;geometry_mesh;pipeline_wiring,True,module_test;live_probe,5,veilbreakers_terrain/tests/test_terrain_cave_adapter.py;veilbreakers_terrain/tests/test_terrain_caves.py;veilbreakers_terrain/tests/test_terrain_cliffs.py,LOW,False,direct_behavior_test;material_texture_contract_test;camera_readability_probe
terrain_caves.py,validate_cave_opening_integration,validate_cave_opening_integration,2737,function,D+,GRADED,file_qualified,blender_tool;camera_readability;materials_texturing;geometry_mesh;pipeline_wiring,True,direct_test;module_test;live_probe,9,veilbreakers_terrain/tests/test_terrain_cave_adapter.py;veilbreakers_terrain/tests/test_terrain_caves.py;veilbreakers_terrain/tests/test_terrain_cliffs.py,LOW,False,
terrain_caves.py,_generate_mineral_deposits,_generate_mineral_deposits,2912,function,A,GRADED,file_qualified,blender_tool;camera_readability;materials_texturing;geometry_mesh;pipeline_wiring,True,module_test;live_probe,6,veilbreakers_terrain/tests/test_terrain_cave_adapter.py;veilbreakers_terrain/tests/test_terrain_caves.py;veilbreakers_terrain/tests/test_terrain_cliffs.py,LOW,False,direct_behavior_test;material_texture_contract_test;camera_readability_probe
terrain_caves.py,_generate_cave_pools,_generate_cave_pools,3017,function,A,GRADED,file_qualified,blender_tool;camera_readability;materials_texturing;geometry_mesh;pipeline_wiring,True,module_test;live_probe,6,veilbreakers_terrain/tests/test_terrain_cave_adapter.py;veilbreakers_terrain/tests/test_terrain_caves.py;veilbreakers_terrain/tests/test_terrain_cliffs.py,LOW,False,direct_behavior_test;material_texture_contract_test;camera_readability_probe
terrain_caves.py,_generate_cave_vegetation,_generate_cave_vegetation,3085,function,A,GRADED,file_qualified,blender_tool;camera_readability;materials_texturing;geometry_mesh;scatter_ecology;pipeline_wiring,True,module_test;live_probe,6,veilbreakers_terrain/tests/test_terrain_cave_adapter.py;veilbreakers_terrain/tests/test_terrain_caves.py;veilbreakers_terrain/tests/test_terrain_cliffs.py,LOW,False,direct_behavior_test;material_texture_contract_test;camera_readability_probe
terrain_caves.py,_generate_drip_channels,_generate_drip_channels,3192,function,A,GRADED,file_qualified,blender_tool;camera_readability;materials_texturing;geometry_mesh;pipeline_wiring,True,module_test;live_probe,6,veilbreakers_terrain/tests/test_terrain_cave_adapter.py;veilbreakers_terrain/tests/test_terrain_caves.py;veilbreakers_terrain/tests/test_terrain_cliffs.py,LOW,False,direct_behavior_test;material_texture_contract_test;camera_readability_probe
terrain_caves.py,generate_damp_mask,generate_damp_mask,3304,function,A-,GRADED,file_qualified,blender_tool;camera_readability;materials_texturing;geometry_mesh;pipeline_wiring,True,direct_test;module_test;live_probe,10,veilbreakers_terrain/tests/test_terrain_cave_adapter.py;veilbreakers_terrain/tests/test_terrain_caves.py;veilbreakers_terrain/tests/test_terrain_cliffs.py,LOW,False,
terrain_caves.py,validate_cave_entrance,validate_cave_entrance,3352,function,A-,GRADED,file_qualified,blender_tool;camera_readability;materials_texturing;geometry_mesh;pipeline_wiring,True,direct_test;module_test;live_probe,10,veilbreakers_terrain/tests/test_terrain_cave_adapter.py;veilbreakers_terrain/tests/test_terrain_caves.py;veilbreakers_terrain/tests/test_terrain_cliffs.py,LOW,False,
terrain_caves.py,_find_entrance_candidates,_find_entrance_candidates,3426,function,A,GRADED,file_qualified,blender_tool;camera_readability;materials_texturing;geometry_mesh;pipeline_wiring,True,direct_test;module_test;live_probe,10,veilbreakers_terrain/tests/test_terrain_cave_adapter.py;veilbreakers_terrain/tests/test_terrain_caves.py;veilbreakers_terrain/tests/test_terrain_cliffs.py,LOW,False,
terrain_caves.py,pass_caves,pass_caves,3625,function,A,GRADED,file_qualified,blender_tool;camera_readability;materials_texturing;geometry_mesh;pipeline_wiring,True,direct_test;module_test;live_probe,10,veilbreakers_terrain/tests/test_terrain_cave_adapter.py;veilbreakers_terrain/tests/test_terrain_caves.py;veilbreakers_terrain/tests/test_terrain_cliffs.py,LOW,False,
terrain_caves.py,register_bundle_f_passes,register_bundle_f_passes,3940,function,A,GRADED,file_qualified,blender_tool;camera_readability;materials_texturing;geometry_mesh;pipeline_wiring,True,direct_test;module_test;live_probe,10,veilbreakers_terrain/tests/test_terrain_cave_adapter.py;veilbreakers_terrain/tests/test_terrain_caves.py;veilbreakers_terrain/tests/test_terrain_cliffs.py,LOW,False,
terrain_caves.py,get_cave_entrance_specs,get_cave_entrance_specs,3970,function,B+,GRADED,file_qualified,blender_tool;camera_readability;materials_texturing;geometry_mesh;pipeline_wiring,True,module_test;live_probe,6,veilbreakers_terrain/tests/test_terrain_cave_adapter.py;veilbreakers_terrain/tests/test_terrain_caves.py;veilbreakers_terrain/tests/test_terrain_cliffs.py,LOW,False,direct_behavior_test;material_texture_contract_test;camera_readability_probe
terrain_caves.py,_build_synthetic_state,_build_synthetic_state,4044,function,B+,GRADED,file_qualified,blender_tool;camera_readability;materials_texturing;geometry_mesh;pipeline_wiring,True,module_test;live_probe,6,veilbreakers_terrain/tests/test_terrain_cave_adapter.py;veilbreakers_terrain/tests/test_terrain_caves.py;veilbreakers_terrain/tests/test_terrain_cliffs.py,LOW,False,direct_behavior_test;material_texture_contract_test;camera_readability_probe
terrain_caves.py,_fbm_noise,_fbm_noise,4141,function,A,GRADED,file_qualified,blender_tool;camera_readability;materials_texturing;geometry_mesh;pipeline_wiring,True,direct_test;module_test;live_probe,10,veilbreakers_terrain/tests/test_road_coastline_terrain_features.py;veilbreakers_terrain/tests/test_terrain_cave_adapter.py;veilbreakers_terrain/tests/test_terrain_caves.py;veilbreakers_terrain/tests/test_terrain_cliffs.py,LOW,False,
terrain_caves.py,_cone_verts_faces,_cone_verts_faces,4165,function,A,GRADED,file_qualified,blender_tool;camera_readability;materials_texturing;geometry_mesh;pipeline_wiring,True,module_test;live_probe,6,veilbreakers_terrain/tests/test_terrain_cave_adapter.py;veilbreakers_terrain/tests/test_terrain_caves.py;veilbreakers_terrain/tests/test_terrain_cliffs.py,LOW,False,direct_behavior_test;material_texture_contract_test;camera_readability_probe
terrain_caves.py,_face_normal,_face_normal,4213,function,A,GRADED,file_qualified,blender_tool;camera_readability;materials_texturing;geometry_mesh;pipeline_wiring,True,direct_test;module_test;live_probe,10,veilbreakers_terrain/tests/test_lod_material_live_readiness.py;veilbreakers_terrain/tests/test_terrain_cave_adapter.py;veilbreakers_terrain/tests/test_terrain_caves.py;veilbreakers_terrain/tests/test_terrain_cliffs.py,LOW,False,
terrain_caves.py,_triplanar_uv,_triplanar_uv,4230,function,A,GRADED,file_qualified,blender_tool;camera_readability;materials_texturing;geometry_mesh;pipeline_wiring,True,module_test;live_probe,6,veilbreakers_terrain/tests/test_terrain_cave_adapter.py;veilbreakers_terrain/tests/test_terrain_caves.py;veilbreakers_terrain/tests/test_terrain_cliffs.py,LOW,False,direct_behavior_test;material_texture_contract_test;camera_readability_probe
terrain_caves.py,_build_chamber_mesh_geometry,_build_chamber_mesh_geometry,4251,function,A,GRADED,file_qualified,blender_tool;camera_readability;materials_texturing;geometry_mesh;pipeline_wiring,True,module_test;live_probe,6,veilbreakers_terrain/tests/test_terrain_cave_adapter.py;veilbreakers_terrain/tests/test_terrain_caves.py;veilbreakers_terrain/tests/test_terrain_cliffs.py,LOW,False,direct_behavior_test;material_texture_contract_test;camera_readability_probe
terrain_caves.py,_build_chamber_mesh,_build_chamber_mesh,4696,function,A,GRADED,file_qualified,blender_tool;camera_readability;materials_texturing;geometry_mesh;pipeline_wiring,True,module_test;live_probe,6,veilbreakers_terrain/tests/test_terrain_cave_adapter.py;veilbreakers_terrain/tests/test_terrain_caves.py;veilbreakers_terrain/tests/test_terrain_cliffs.py,LOW,False,direct_behavior_test;material_texture_contract_test;camera_readability_probe
terrain_caves.py,_bezier_cubic,_bezier_cubic,4785,function,A,GRADED,file_qualified,blender_tool;camera_readability;materials_texturing;geometry_mesh;pipeline_wiring,True,module_test;live_probe,6,veilbreakers_terrain/tests/test_terrain_cave_adapter.py;veilbreakers_terrain/tests/test_terrain_caves.py;veilbreakers_terrain/tests/test_terrain_cliffs.py,LOW,False,direct_behavior_test;material_texture_contract_test;camera_readability_probe
terrain_caves.py,_build_bezier_tunnel_geometry,_build_bezier_tunnel_geometry,4804,function,A,GRADED,file_qualified,blender_tool;camera_readability;materials_texturing;geometry_mesh;pipeline_wiring,True,module_test;live_probe,6,veilbreakers_terrain/tests/test_terrain_cave_adapter.py;veilbreakers_terrain/tests/test_terrain_caves.py;veilbreakers_terrain/tests/test_terrain_cliffs.py,LOW,False,direct_behavior_test;material_texture_contract_test;camera_readability_probe
terrain_caves.py,handle_generate_cave,handle_generate_cave,4907,function,A-,GRADED,file_qualified,blender_tool;camera_readability;materials_texturing;geometry_mesh;pipeline_wiring,True,direct_test;module_test;live_probe,10,veilbreakers_terrain/tests/test_terrain_cave_adapter.py;veilbreakers_terrain/tests/test_terrain_caves.py;veilbreakers_terrain/tests/test_terrain_cliffs.py,LOW,False,
terrain_checkpoints.py,_atomic_npz_write,_atomic_npz_write,63,function,A-,GRADED,file_qualified,blender_tool;pipeline_wiring,True,direct_test;module_test;live_probe,10,veilbreakers_terrain/tests/test_checkpoint_runtime_helpers.py;veilbreakers_terrain/tests/test_terrain_checkpoints.py;veilbreakers_terrain/tests/test_terrain_validation.py,LOW,False,
terrain_checkpoints.py,save_checkpoint,save_checkpoint,105,function,A,GRADED,file_qualified,blender_tool;pipeline_wiring,True,direct_test;module_test;live_probe,10,veilbreakers_terrain/tests/test_checkpoint_runtime_helpers.py;veilbreakers_terrain/tests/test_terrain_checkpoints.py;veilbreakers_terrain/tests/test_terrain_validation.py,LOW,False,
terrain_checkpoints.py,rollback_last_checkpoint,rollback_last_checkpoint,167,function,A,GRADED,file_qualified,blender_tool;pipeline_wiring,True,direct_test;module_test;live_probe,10,veilbreakers_terrain/tests/test_checkpoint_runtime_helpers.py;veilbreakers_terrain/tests/test_terrain_checkpoints.py;veilbreakers_terrain/tests/test_terrain_validation.py,LOW,False,
terrain_checkpoints.py,rollback_to,rollback_to,175,function,A,GRADED,file_qualified,blender_tool;pipeline_wiring,True,direct_test;module_test;live_probe,10,veilbreakers_terrain/tests/test_checkpoint_runtime_helpers.py;veilbreakers_terrain/tests/test_terrain_checkpoints.py;veilbreakers_terrain/tests/test_terrain_pipeline_smoke.py;veilbreakers_terrain/tests/test_terrain_validation.py,LOW,False,
terrain_checkpoints.py,list_checkpoints,list_checkpoints,182,function,A,GRADED,file_qualified,blender_tool;pipeline_wiring,True,direct_test;module_test;live_probe,10,veilbreakers_terrain/tests/test_checkpoint_runtime_helpers.py;veilbreakers_terrain/tests/test_terrain_checkpoints.py;veilbreakers_terrain/tests/test_terrain_validation.py,LOW,False,
terrain_checkpoints.py,_serialize_value,_serialize_value,221,function,A,GRADED,file_qualified,blender_tool;pipeline_wiring,True,direct_test;module_test;live_probe,10,veilbreakers_terrain/tests/test_checkpoint_runtime_helpers.py;veilbreakers_terrain/tests/test_terrain_checkpoints.py;veilbreakers_terrain/tests/test_terrain_validation.py,LOW,False,
terrain_checkpoints.py,_deserialize_value,_deserialize_value,253,function,A,GRADED,file_qualified,blender_tool;pipeline_wiring,True,direct_test;module_test;live_probe,10,veilbreakers_terrain/tests/test_checkpoint_runtime_helpers.py;veilbreakers_terrain/tests/test_terrain_checkpoints.py;veilbreakers_terrain/tests/test_terrain_validation.py,LOW,False,
terrain_checkpoints.py,_intent_to_dict,_intent_to_dict,275,function,A,GRADED,file_qualified,blender_tool;pipeline_wiring,True,module_test;live_probe,6,veilbreakers_terrain/tests/test_checkpoint_runtime_helpers.py;veilbreakers_terrain/tests/test_terrain_checkpoints.py;veilbreakers_terrain/tests/test_terrain_validation.py,LOW,False,direct_behavior_test
terrain_checkpoints.py,_intent_from_dict,_intent_from_dict,346,function,A,GRADED,file_qualified,blender_tool;pipeline_wiring,True,module_test;live_probe,6,veilbreakers_terrain/tests/test_checkpoint_runtime_helpers.py;veilbreakers_terrain/tests/test_terrain_checkpoints.py;veilbreakers_terrain/tests/test_terrain_validation.py,LOW,False,direct_behavior_test
terrain_checkpoints.py,save_preset,save_preset,450,function,B,GRADED,file_qualified,blender_tool;pipeline_wiring,True,direct_test;module_test;live_probe,9,veilbreakers_terrain/tests/test_checkpoint_runtime_helpers.py;veilbreakers_terrain/tests/test_terrain_checkpoints.py;veilbreakers_terrain/tests/test_terrain_validation.py,LOW,False,
terrain_checkpoints.py,restore_preset,restore_preset,501,function,B,GRADED,file_qualified,blender_tool;pipeline_wiring,True,direct_test;module_test;live_probe,9,veilbreakers_terrain/tests/test_checkpoint_runtime_helpers.py;veilbreakers_terrain/tests/test_terrain_checkpoints.py;veilbreakers_terrain/tests/test_terrain_validation.py,LOW,False,
terrain_checkpoints.py,autosave_after_pass,autosave_after_pass,554,function,B+,GRADED,file_qualified,blender_tool;pipeline_wiring,True,direct_test;module_test;live_probe,10,veilbreakers_terrain/tests/test_checkpoint_runtime_helpers.py;veilbreakers_terrain/tests/test_terrain_checkpoints.py;veilbreakers_terrain/tests/test_terrain_validation.py,LOW,False,
terrain_checkpoints_ext.py,lock_preset,lock_preset,38,function,A,GRADED,file_qualified,blender_tool;pipeline_wiring,True,direct_test;module_test;live_probe,10,veilbreakers_terrain/tests/test_bundle_bcd_supplements.py;veilbreakers_terrain/tests/test_visual_export_runtime_helpers.py,LOW,False,
terrain_checkpoints_ext.py,unlock_preset,unlock_preset,43,function,A,GRADED,file_qualified,blender_tool;pipeline_wiring,True,direct_test;module_test;live_probe,10,veilbreakers_terrain/tests/test_bundle_bcd_supplements.py;veilbreakers_terrain/tests/test_visual_export_runtime_helpers.py,LOW,False,
terrain_checkpoints_ext.py,is_preset_locked,is_preset_locked,48,function,B+,GRADED,file_qualified,blender_tool;pipeline_wiring,True,direct_test;module_test;live_probe,10,veilbreakers_terrain/tests/test_bundle_bcd_supplements.py;veilbreakers_terrain/tests/test_visual_export_runtime_helpers.py,LOW,False,
terrain_checkpoints_ext.py,assert_preset_unlocked,assert_preset_unlocked,52,function,B+,GRADED,file_qualified,blender_tool;pipeline_wiring,True,direct_test;module_test;live_probe,10,veilbreakers_terrain/tests/test_bundle_bcd_supplements.py;veilbreakers_terrain/tests/test_visual_export_runtime_helpers.py,LOW,False,
terrain_checkpoints_ext.py,save_every_n_operations,save_every_n_operations,63,function,A,GRADED,file_qualified,blender_tool;pipeline_wiring,True,direct_test;module_test;live_probe,10,veilbreakers_terrain/tests/test_bundle_bcd_supplements.py;veilbreakers_terrain/tests/test_visual_export_runtime_helpers.py,LOW,False,
terrain_checkpoints_ext.py,_sanitize,_sanitize,229,function,A,GRADED,file_qualified,blender_tool;pipeline_wiring,True,module_test;live_probe,6,veilbreakers_terrain/tests/test_bundle_bcd_supplements.py;veilbreakers_terrain/tests/test_visual_export_runtime_helpers.py,LOW,False,direct_behavior_test
terrain_checkpoints_ext.py,generate_checkpoint_filename,generate_checkpoint_filename,233,function,A-,GRADED,file_qualified,blender_tool;pipeline_wiring,True,direct_test;module_test;live_probe,10,veilbreakers_terrain/tests/test_bundle_bcd_supplements.py;veilbreakers_terrain/tests/test_visual_export_runtime_helpers.py,LOW,False,
terrain_checkpoints_ext.py,_day_key,_day_key,255,function,A,GRADED,file_qualified,blender_tool;pipeline_wiring,True,direct_test;module_test;live_probe,10,veilbreakers_terrain/tests/test_bundle_bcd_supplements.py;veilbreakers_terrain/tests/test_visual_export_runtime_helpers.py,LOW,False,
terrain_checkpoints_ext.py,_week_key,_week_key,261,function,A,GRADED,file_qualified,blender_tool;pipeline_wiring,True,direct_test;module_test;live_probe,10,veilbreakers_terrain/tests/test_bundle_bcd_supplements.py;veilbreakers_terrain/tests/test_visual_export_runtime_helpers.py,LOW,False,
terrain_checkpoints_ext.py,enforce_retention_policy,enforce_retention_policy,268,function,A,GRADED,file_qualified,blender_tool;pipeline_wiring,True,direct_test;module_test;live_probe,10,veilbreakers_terrain/tests/test_bundle_bcd_supplements.py;veilbreakers_terrain/tests/test_visual_export_runtime_helpers.py,LOW,False,
terrain_chunking.py,_downsample_heightmap,_downsample_heightmap,49,function,A-,GRADED,file_qualified,blender_tool;visual_qa;camera_readability;geometry_mesh;scatter_ecology;pipeline_wiring,True,direct_test;module_test;live_probe,10,veilbreakers_terrain/tests/test_chunk_cache_math_helpers.py;veilbreakers_terrain/tests/test_cross_feature.py;veilbreakers_terrain/tests/test_environment_handlers.py;veilbreakers_terrain/tests/test_live_readiness_regressions.py;veilbreakers_terrain/tests/test_mesh_quality_phase14.py;veilbreakers_terrain/tests/test_missing_gaps.py;veilbreakers_terrain/tests/test_phase14_wave1.py;veilbreakers_terrain/tests/test_terrain_chunking.py,LOW,False,
terrain_chunking.py,compute_chunk_lod,compute_chunk_lod,95,function,B+,GRADED,file_qualified,blender_tool;visual_qa;camera_readability;geometry_mesh;scatter_ecology;pipeline_wiring,True,direct_test;module_test;live_probe,10,veilbreakers_terrain/tests/test_chunk_cache_math_helpers.py;veilbreakers_terrain/tests/test_cross_feature.py;veilbreakers_terrain/tests/test_environment_handlers.py;veilbreakers_terrain/tests/test_live_readiness_regressions.py;veilbreakers_terrain/tests/test_mesh_quality_phase14.py;veilbreakers_terrain/tests/test_missing_gaps.py;veilbreakers_terrain/tests/test_phase14_wave1.py;veilbreakers_terrain/tests/test_terrain_chunking.py,LOW,False,
terrain_chunking.py,compute_streaming_distances,compute_streaming_distances,155,function,A,GRADED,file_qualified,blender_tool;visual_qa;camera_readability;geometry_mesh;scatter_ecology;pipeline_wiring,True,direct_test;module_test;live_probe,10,veilbreakers_terrain/tests/test_chunk_cache_math_helpers.py;veilbreakers_terrain/tests/test_cross_feature.py;veilbreakers_terrain/tests/test_environment_handlers.py;veilbreakers_terrain/tests/test_live_readiness_regressions.py;veilbreakers_terrain/tests/test_mesh_quality_phase14.py;veilbreakers_terrain/tests/test_missing_gaps.py;veilbreakers_terrain/tests/test_phase14_wave1.py;veilbreakers_terrain/tests/test_terrain_chunking.py,LOW,False,
terrain_chunking.py,compute_terrain_chunks,compute_terrain_chunks,244,function,B+,GRADED,file_qualified,blender_tool;visual_qa;camera_readability;geometry_mesh;scatter_ecology;pipeline_wiring,True,direct_test;module_test;live_probe,10,veilbreakers_terrain/tests/test_chunk_cache_math_helpers.py;veilbreakers_terrain/tests/test_cross_feature.py;veilbreakers_terrain/tests/test_environment_handlers.py;veilbreakers_terrain/tests/test_live_readiness_regressions.py;veilbreakers_terrain/tests/test_mesh_quality_phase14.py;veilbreakers_terrain/tests/test_missing_gaps.py;veilbreakers_terrain/tests/test_phase14_wave1.py;veilbreakers_terrain/tests/test_terrain_chunking.py,LOW,False,
terrain_chunking.py,export_chunks_metadata,export_chunks_metadata,448,function,A,GRADED,file_qualified,blender_tool;visual_qa;camera_readability;geometry_mesh;scatter_ecology;pipeline_wiring,True,direct_test;module_test;live_probe,10,veilbreakers_terrain/tests/test_chunk_cache_math_helpers.py;veilbreakers_terrain/tests/test_cross_feature.py;veilbreakers_terrain/tests/test_environment_handlers.py;veilbreakers_terrain/tests/test_live_readiness_regressions.py;veilbreakers_terrain/tests/test_mesh_quality_phase14.py;veilbreakers_terrain/tests/test_missing_gaps.py;veilbreakers_terrain/tests/test_phase14_wave1.py;veilbreakers_terrain/tests/test_terrain_chunking.py,LOW,False,
terrain_chunking.py,build_tile_seam_contract,build_tile_seam_contract,507,function,A,GRADED,file_qualified,blender_tool;visual_qa;camera_readability;geometry_mesh;scatter_ecology;pipeline_wiring,True,direct_test;module_test;live_probe,10,veilbreakers_terrain/tests/test_chunk_cache_math_helpers.py;veilbreakers_terrain/tests/test_cross_feature.py;veilbreakers_terrain/tests/test_environment_handlers.py;veilbreakers_terrain/tests/test_live_readiness_regressions.py;veilbreakers_terrain/tests/test_mesh_quality_phase14.py;veilbreakers_terrain/tests/test_missing_gaps.py;veilbreakers_terrain/tests/test_phase14_wave1.py;veilbreakers_terrain/tests/test_terrain_chunking.py,LOW,False,
terrain_chunking.py,_blend_locked_edges,_blend_locked_edges,592,function,A,GRADED,file_qualified,blender_tool;visual_qa;camera_readability;geometry_mesh;scatter_ecology;pipeline_wiring,True,direct_test;module_test;live_probe,10,veilbreakers_terrain/tests/test_chunk_cache_math_helpers.py;veilbreakers_terrain/tests/test_cross_feature.py;veilbreakers_terrain/tests/test_environment_handlers.py;veilbreakers_terrain/tests/test_live_readiness_regressions.py;veilbreakers_terrain/tests/test_mesh_quality_phase14.py;veilbreakers_terrain/tests/test_missing_gaps.py;veilbreakers_terrain/tests/test_phase14_wave1.py;veilbreakers_terrain/tests/test_terrain_chunking.py,LOW,False,
terrain_chunking.py,apply_seam_boundary_conditions,apply_seam_boundary_conditions,650,function,A,GRADED,file_qualified,blender_tool;visual_qa;camera_readability;geometry_mesh;scatter_ecology;pipeline_wiring,True,direct_test;module_test;live_probe,10,veilbreakers_terrain/tests/test_chunk_cache_math_helpers.py;veilbreakers_terrain/tests/test_cross_feature.py;veilbreakers_terrain/tests/test_environment_handlers.py;veilbreakers_terrain/tests/test_live_readiness_regressions.py;veilbreakers_terrain/tests/test_mesh_quality_phase14.py;veilbreakers_terrain/tests/test_missing_gaps.py;veilbreakers_terrain/tests/test_phase14_wave1.py;veilbreakers_terrain/tests/test_terrain_chunking.py,LOW,False,
terrain_chunking.py,build_tile_batch_manifest,build_tile_batch_manifest,740,function,A,GRADED,file_qualified,blender_tool;visual_qa;camera_readability;geometry_mesh;scatter_ecology;pipeline_wiring,True,direct_test;module_test;live_probe,10,veilbreakers_terrain/tests/test_chunk_cache_math_helpers.py;veilbreakers_terrain/tests/test_cross_feature.py;veilbreakers_terrain/tests/test_environment_handlers.py;veilbreakers_terrain/tests/test_live_readiness_regressions.py;veilbreakers_terrain/tests/test_mesh_quality_phase14.py;veilbreakers_terrain/tests/test_missing_gaps.py;veilbreakers_terrain/tests/test_phase14_wave1.py;veilbreakers_terrain/tests/test_terrain_chunking.py,LOW,False,
terrain_chunking.py,build_chunk_seam_manifest,build_chunk_seam_manifest,817,function,A,GRADED,file_qualified,blender_tool;visual_qa;camera_readability;geometry_mesh;scatter_ecology;pipeline_wiring,True,direct_test;module_test;live_probe,10,veilbreakers_terrain/tests/test_chunk_cache_math_helpers.py;veilbreakers_terrain/tests/test_cross_feature.py;veilbreakers_terrain/tests/test_environment_handlers.py;veilbreakers_terrain/tests/test_live_readiness_regressions.py;veilbreakers_terrain/tests/test_mesh_quality_phase14.py;veilbreakers_terrain/tests/test_missing_gaps.py;veilbreakers_terrain/tests/test_phase14_wave1.py;veilbreakers_terrain/tests/test_terrain_chunking.py,LOW,False,
terrain_chunking.py,validate_tile_seams,validate_tile_seams,857,function,A,GRADED,file_qualified,blender_tool;visual_qa;camera_readability;geometry_mesh;scatter_ecology;pipeline_wiring,True,direct_test;module_test;live_probe,10,veilbreakers_terrain/tests/test_chunk_cache_math_helpers.py;veilbreakers_terrain/tests/test_cross_feature.py;veilbreakers_terrain/tests/test_environment_handlers.py;veilbreakers_terrain/tests/test_live_readiness_regressions.py;veilbreakers_terrain/tests/test_mesh_quality_phase14.py;veilbreakers_terrain/tests/test_missing_gaps.py;veilbreakers_terrain/tests/test_phase14_wave1.py;veilbreakers_terrain/tests/test_terrain_chunking.py;...(+1),LOW,False,
terrain_chunking.py,_empty_metadata,_empty_metadata,1020,function,A,GRADED,file_qualified,blender_tool;visual_qa;camera_readability;geometry_mesh;scatter_ecology;pipeline_wiring,True,module_test;live_probe,6,veilbreakers_terrain/tests/test_chunk_cache_math_helpers.py;veilbreakers_terrain/tests/test_cross_feature.py;veilbreakers_terrain/tests/test_environment_handlers.py;veilbreakers_terrain/tests/test_live_readiness_regressions.py;veilbreakers_terrain/tests/test_mesh_quality_phase14.py;veilbreakers_terrain/tests/test_missing_gaps.py;veilbreakers_terrain/tests/test_phase14_wave1.py;veilbreakers_terrain/tests/test_terrain_chunking.py,LOW,False,direct_behavior_test;camera_readability_probe
terrain_chunking.py,_coerce_jsonable_edge_samples,_coerce_jsonable_edge_samples,1036,function,A,GRADED,file_qualified,blender_tool;visual_qa;camera_readability;geometry_mesh;scatter_ecology;pipeline_wiring,True,direct_test;module_test;live_probe,10,veilbreakers_terrain/tests/test_chunk_cache_math_helpers.py;veilbreakers_terrain/tests/test_cross_feature.py;veilbreakers_terrain/tests/test_environment_handlers.py;veilbreakers_terrain/tests/test_live_readiness_regressions.py;veilbreakers_terrain/tests/test_mesh_quality_phase14.py;veilbreakers_terrain/tests/test_missing_gaps.py;veilbreakers_terrain/tests/test_phase14_wave1.py;veilbreakers_terrain/tests/test_terrain_chunking.py,LOW,False,
terrain_chunking.py,_hash_edge_samples,_hash_edge_samples,1045,function,A,GRADED,file_qualified,blender_tool;visual_qa;camera_readability;geometry_mesh;scatter_ecology;pipeline_wiring,True,direct_test;module_test;live_probe,10,veilbreakers_terrain/tests/test_chunk_cache_math_helpers.py;veilbreakers_terrain/tests/test_cross_feature.py;veilbreakers_terrain/tests/test_environment_handlers.py;veilbreakers_terrain/tests/test_live_readiness_regressions.py;veilbreakers_terrain/tests/test_mesh_quality_phase14.py;veilbreakers_terrain/tests/test_missing_gaps.py;veilbreakers_terrain/tests/test_phase14_wave1.py;veilbreakers_terrain/tests/test_terrain_chunking.py,LOW,False,
terrain_chunking.py,_extract_chunk_core_heightmap,_extract_chunk_core_heightmap,1050,function,A-,GRADED,file_qualified,blender_tool;visual_qa;camera_readability;geometry_mesh;scatter_ecology;pipeline_wiring,True,direct_test;module_test;live_probe,10,veilbreakers_terrain/tests/test_chunk_cache_math_helpers.py;veilbreakers_terrain/tests/test_cross_feature.py;veilbreakers_terrain/tests/test_environment_handlers.py;veilbreakers_terrain/tests/test_live_readiness_regressions.py;veilbreakers_terrain/tests/test_mesh_quality_phase14.py;veilbreakers_terrain/tests/test_missing_gaps.py;veilbreakers_terrain/tests/test_phase14_wave1.py;veilbreakers_terrain/tests/test_terrain_chunking.py,LOW,False,
terrain_chunking.py,_compute_tile_contracts,_compute_tile_contracts,1070,function,A,GRADED,file_qualified,blender_tool;visual_qa;camera_readability;geometry_mesh;scatter_ecology;pipeline_wiring,True,direct_test;module_test;live_probe,10,veilbreakers_terrain/tests/test_chunk_cache_math_helpers.py;veilbreakers_terrain/tests/test_cross_feature.py;veilbreakers_terrain/tests/test_environment_handlers.py;veilbreakers_terrain/tests/test_live_readiness_regressions.py;veilbreakers_terrain/tests/test_mesh_quality_phase14.py;veilbreakers_terrain/tests/test_missing_gaps.py;veilbreakers_terrain/tests/test_phase14_wave1.py;veilbreakers_terrain/tests/test_terrain_chunking.py,LOW,False,
terrain_cliffs.py,_repose_for_material,_repose_for_material,75,function,D+,GRADED,file_qualified,blender_tool;materials_texturing;water;geometry_mesh;pipeline_wiring,True,module_test;live_probe,5,veilbreakers_terrain/tests/test_terrain_cliffs.py,LOW,False,direct_behavior_test;material_texture_contract_test
terrain_cliffs.py,_smooth_contour_gaussian,_smooth_contour_gaussian,186,function,D+,GRADED,file_qualified,blender_tool;materials_texturing;water;geometry_mesh;pipeline_wiring,True,module_test;live_probe,5,veilbreakers_terrain/tests/test_terrain_cliffs.py,LOW,False,direct_behavior_test;material_texture_contract_test
terrain_cliffs.py,_fit_bspline_contour,_fit_bspline_contour,236,function,D+,GRADED,file_qualified,blender_tool;materials_texturing;water;geometry_mesh;pipeline_wiring,True,module_test;live_probe,5,veilbreakers_terrain/tests/test_terrain_cliffs.py,LOW,False,direct_behavior_test;material_texture_contract_test
terrain_cliffs.py,build_cliff_candidate_mask,build_cliff_candidate_mask,316,function,A,GRADED,file_qualified,blender_tool;materials_texturing;water;geometry_mesh;pipeline_wiring,True,direct_test;module_test;live_probe,10,veilbreakers_terrain/tests/test_terrain_cliffs.py,LOW,False,
terrain_cliffs.py,_moore_contour_all_components,_moore_contour_all_components,413,function,D+,GRADED,file_qualified,blender_tool;materials_texturing;water;geometry_mesh;pipeline_wiring,True,module_test;live_probe,5,veilbreakers_terrain/tests/test_terrain_cliffs.py,LOW,False,direct_behavior_test;material_texture_contract_test
terrain_cliffs.py,_trace_moore_boundary,_trace_moore_boundary,439,function,D+,GRADED,file_qualified,blender_tool;materials_texturing;water;geometry_mesh;pipeline_wiring,True,module_test;live_probe,5,veilbreakers_terrain/tests/test_terrain_cliffs.py,LOW,False,direct_behavior_test;material_texture_contract_test
terrain_cliffs.py,_label_connected_components,_label_connected_components,505,function,A,GRADED,file_qualified,blender_tool;materials_texturing;water;geometry_mesh;pipeline_wiring,True,module_test;live_probe,6,veilbreakers_terrain/tests/test_terrain_cliffs.py,LOW,False,direct_behavior_test;material_texture_contract_test
terrain_cliffs.py,_build_strata_layers,_build_strata_layers,587,function,D+,GRADED,file_qualified,blender_tool;materials_texturing;water;geometry_mesh;pipeline_wiring,True,module_test;live_probe,5,veilbreakers_terrain/tests/test_terrain_cliffs.py,LOW,False,direct_behavior_test;material_texture_contract_test
terrain_cliffs.py,_apply_micro_erosion,_apply_micro_erosion,646,function,D+,GRADED,file_qualified,blender_tool;materials_texturing;water;geometry_mesh;pipeline_wiring,True,module_test;live_probe,5,veilbreakers_terrain/tests/test_terrain_cliffs.py,LOW,False,direct_behavior_test;material_texture_contract_test
terrain_cliffs.py,carve_cliff_system,carve_cliff_system,689,function,A,GRADED,file_qualified,blender_tool;materials_texturing;water;geometry_mesh;pipeline_wiring,True,direct_test;module_test;live_probe,10,veilbreakers_terrain/tests/test_terrain_cliffs.py,LOW,False,
terrain_cliffs.py,_region_to_slice,_region_to_slice,1003,function,A,GRADED,file_qualified,blender_tool;materials_texturing;water;geometry_mesh;pipeline_wiring,True,module_test;live_probe,6,veilbreakers_terrain/tests/test_terrain_cliffs.py,LOW,False,direct_behavior_test;material_texture_contract_test
terrain_cliffs.py,_extract_lip_polyline,_extract_lip_polyline,1041,function,A,GRADED,file_qualified,blender_tool;materials_texturing;water;geometry_mesh;pipeline_wiring,True,module_test;live_probe,6,veilbreakers_terrain/tests/test_terrain_cliffs.py,LOW,False,direct_behavior_test;material_texture_contract_test
terrain_cliffs.py,_postprocess_lip_polyline,_postprocess_lip_polyline,1064,function,D+,GRADED,file_qualified,blender_tool;materials_texturing;water;geometry_mesh;pipeline_wiring,True,module_test;live_probe,5,veilbreakers_terrain/tests/test_terrain_cliffs.py,LOW,False,direct_behavior_test;material_texture_contract_test
terrain_cliffs.py,add_cliff_ledges,add_cliff_ledges,1102,function,B,GRADED,file_qualified,blender_tool;materials_texturing;water;geometry_mesh;pipeline_wiring,True,direct_test;module_test;live_probe,9,veilbreakers_terrain/tests/test_terrain_cliffs.py,LOW,False,
terrain_cliffs.py,build_talus_field,build_talus_field,1172,function,A,GRADED,file_qualified,blender_tool;materials_texturing;water;geometry_mesh;pipeline_wiring,True,direct_test;module_test;live_probe,10,veilbreakers_terrain/tests/test_terrain_cliffs.py,LOW,False,
terrain_cliffs.py,_sample_korcak_radii,_sample_korcak_radii,1311,function,D+,GRADED,file_qualified,blender_tool;materials_texturing;water;geometry_mesh;pipeline_wiring,True,direct_test;module_test;live_probe,9,veilbreakers_terrain/tests/test_terrain_cliffs.py,LOW,False,
terrain_cliffs.py,_cliff_base_trigger_mask,_cliff_base_trigger_mask,1341,function,D+,GRADED,file_qualified,blender_tool;materials_texturing;water;geometry_mesh;pipeline_wiring,True,module_test;live_probe,5,veilbreakers_terrain/tests/test_terrain_cliffs.py,LOW,False,direct_behavior_test;material_texture_contract_test
terrain_cliffs.py,place_talus_boulders_power_law,place_talus_boulders_power_law,1393,function,D+,GRADED,file_qualified,blender_tool;materials_texturing;water;geometry_mesh;pipeline_wiring,True,direct_test;module_test;live_probe,9,veilbreakers_terrain/tests/test_terrain_cliffs.py,LOW,False,
terrain_cliffs.py,_generate_cliff_overhang,_generate_cliff_overhang,1480,function,A,GRADED,file_qualified,blender_tool;materials_texturing;water;geometry_mesh;pipeline_wiring,True,module_test;live_probe,6,veilbreakers_terrain/tests/test_terrain_cliffs.py,LOW,False,direct_behavior_test;material_texture_contract_test
terrain_cliffs.py,_cell_center_world,_cell_center_world,1645,function,D+,GRADED,file_qualified,blender_tool;materials_texturing;water;geometry_mesh;pipeline_wiring,True,module_test;live_probe,5,veilbreakers_terrain/tests/test_terrain_cliffs.py,LOW,False,direct_behavior_test;material_texture_contract_test
terrain_cliffs.py,_build_cliff_overhang_mesh_specs,_build_cliff_overhang_mesh_specs,1656,function,A,GRADED,file_qualified,blender_tool;materials_texturing;water;geometry_mesh;pipeline_wiring,True,direct_test;module_test;live_probe,10,veilbreakers_terrain/tests/test_terrain_cliffs.py,LOW,False,
terrain_cliffs.py,pass_emit_overhang_meshes,pass_emit_overhang_meshes,1712,function,A,GRADED,file_qualified,blender_tool;materials_texturing;water;geometry_mesh;pipeline_wiring,True,module_test;live_probe,6,veilbreakers_terrain/tests/test_terrain_cliffs.py,LOW,False,direct_behavior_test;material_texture_contract_test
terrain_cliffs.py,_fbm2,_fbm2,1752,function,D+,GRADED,file_qualified,blender_tool;materials_texturing;water;geometry_mesh;pipeline_wiring,True,module_test;live_probe,5,veilbreakers_terrain/tests/test_terrain_cliffs.py,LOW,False,direct_behavior_test;material_texture_contract_test
terrain_cliffs.py,_build_cliff_wall_mesh_spec,_build_cliff_wall_mesh_spec,1785,function,A,GRADED,file_qualified,blender_tool;materials_texturing;water;geometry_mesh;pipeline_wiring,True,module_test;live_probe,6,veilbreakers_terrain/tests/test_terrain_cliffs.py,LOW,False,direct_behavior_test;material_texture_contract_test
terrain_cliffs.py,insert_hero_cliff_meshes,insert_hero_cliff_meshes,2234,function,A,GRADED,file_qualified,blender_tool;materials_texturing;water;geometry_mesh;pipeline_wiring,True,direct_test;module_test;live_probe,10,veilbreakers_terrain/tests/test_terrain_cliffs.py,LOW,False,
terrain_cliffs.py,validate_cliff_readability,validate_cliff_readability,2423,function,F,GRADED,file_qualified,blender_tool;camera_readability;materials_texturing;water;geometry_mesh;pipeline_wiring,True,direct_test;module_test;live_probe,9,veilbreakers_terrain/tests/test_terrain_cliffs.py,LOW,False,
terrain_cliffs.py,pass_cliffs,pass_cliffs,2510,function,A,GRADED,file_qualified,blender_tool;materials_texturing;water;geometry_mesh;pipeline_wiring,True,module_test;live_probe,6,veilbreakers_terrain/tests/test_terrain_cliffs.py,LOW,False,direct_behavior_test;material_texture_contract_test
terrain_cliffs.py,_protected_mask_for_cliffs,_protected_mask_for_cliffs,2666,function,B+,GRADED,file_qualified,blender_tool;materials_texturing;water;geometry_mesh;pipeline_wiring,True,module_test;live_probe,6,veilbreakers_terrain/tests/test_terrain_cliffs.py,LOW,False,direct_behavior_test;material_texture_contract_test
terrain_cliffs.py,register_bundle_b_passes,register_bundle_b_passes,2692,function,A,GRADED,file_qualified,blender_tool;materials_texturing;water;geometry_mesh;pipeline_wiring,True,direct_test;module_test;live_probe,10,veilbreakers_terrain/tests/test_terrain_cliffs.py,LOW,False,
terrain_cloud_shadow.py,_build_perm_table,_build_perm_table,43,function,A,GRADED,file_qualified,pipeline_wiring,False,direct_test;module_test;live_probe,10,veilbreakers_terrain/tests/test_routing_light_determinism_helpers.py;veilbreakers_terrain/tests/test_terrain_ecosystem.py;veilbreakers_terrain/tests/test_terrain_master_registrar.py,LOW,False,
terrain_cloud_shadow.py,_value_noise,_value_noise,55,function,A,GRADED,file_qualified,pipeline_wiring,False,module_test;live_probe,6,veilbreakers_terrain/tests/test_routing_light_determinism_helpers.py;veilbreakers_terrain/tests/test_terrain_ecosystem.py;veilbreakers_terrain/tests/test_terrain_master_registrar.py,LOW,False,direct_behavior_test
terrain_cloud_shadow.py,compute_cloud_shadow_mask,compute_cloud_shadow_mask,131,function,B+,GRADED,file_qualified,pipeline_wiring,False,direct_test;module_test;live_probe,10,veilbreakers_terrain/tests/test_routing_light_determinism_helpers.py;veilbreakers_terrain/tests/test_terrain_ecosystem.py;veilbreakers_terrain/tests/test_terrain_master_registrar.py,LOW,False,
terrain_cloud_shadow.py,pass_cloud_shadow,pass_cloud_shadow,236,function,B+,GRADED,file_qualified,pipeline_wiring,False,direct_test;module_test;live_probe,10,veilbreakers_terrain/tests/test_routing_light_determinism_helpers.py;veilbreakers_terrain/tests/test_terrain_ecosystem.py;veilbreakers_terrain/tests/test_terrain_master_registrar.py,LOW,False,
terrain_cloud_shadow.py,register_bundle_j_cloud_shadow_pass,register_bundle_j_cloud_shadow_pass,329,function,A,GRADED,file_qualified,pipeline_wiring,True,direct_test;module_test;live_probe,10,veilbreakers_terrain/tests/test_routing_light_determinism_helpers.py;veilbreakers_terrain/tests/test_terrain_ecosystem.py;veilbreakers_terrain/tests/test_terrain_master_registrar.py,LOW,False,
terrain_decal_placement.py,_safe_norm,_safe_norm,47,function,A,GRADED,file_qualified,materials_texturing;water;geometry_mesh;pipeline_wiring,False,direct_test;module_test;live_probe,10,veilbreakers_terrain/tests/test_phase14_wave1.py;veilbreakers_terrain/tests/test_terrain_ecosystem.py;veilbreakers_terrain/tests/test_visual_export_runtime_helpers.py,LOW,False,
terrain_decal_placement.py,_log_norm,_log_norm,55,function,A,GRADED,file_qualified,materials_texturing;water;geometry_mesh;pipeline_wiring,False,direct_test;module_test;live_probe,10,veilbreakers_terrain/tests/test_phase14_wave1.py;veilbreakers_terrain/tests/test_terrain_ecosystem.py;veilbreakers_terrain/tests/test_visual_export_runtime_helpers.py,LOW,False,
terrain_decal_placement.py,compute_decal_density,compute_decal_density,62,function,B+,GRADED,file_qualified,materials_texturing;water;geometry_mesh;pipeline_wiring,False,direct_test;module_test;live_probe,10,veilbreakers_terrain/tests/test_phase14_wave1.py;veilbreakers_terrain/tests/test_terrain_ecosystem.py;veilbreakers_terrain/tests/test_visual_export_runtime_helpers.py,LOW,False,
terrain_decal_placement.py,pass_decals,pass_decals,264,function,B+,GRADED,file_qualified,materials_texturing;water;geometry_mesh;pipeline_wiring,False,direct_test;module_test;live_probe,10,veilbreakers_terrain/tests/test_phase14_wave1.py;veilbreakers_terrain/tests/test_terrain_ecosystem.py;veilbreakers_terrain/tests/test_visual_export_runtime_helpers.py,LOW,False,
terrain_decal_placement.py,register_bundle_j_decals_pass,register_bundle_j_decals_pass,312,function,A-,GRADED,file_qualified,materials_texturing;water;geometry_mesh;pipeline_wiring,True,direct_test;module_test;live_probe,10,veilbreakers_terrain/tests/test_phase14_wave1.py;veilbreakers_terrain/tests/test_terrain_ecosystem.py;veilbreakers_terrain/tests/test_visual_export_runtime_helpers.py,LOW,False,
terrain_delta_integrator.py,_collect_deltas,_collect_deltas,54,function,B,GRADED,file_qualified,blender_tool;materials_texturing;water;geometry_mesh;pipeline_wiring,True,module_test;live_probe,5,veilbreakers_terrain/tests/test_delta_integrator.py,LOW,False,direct_behavior_test;material_texture_contract_test
terrain_delta_integrator.py,pass_integrate_deltas,pass_integrate_deltas,66,function,B+,GRADED,file_qualified,blender_tool;materials_texturing;water;geometry_mesh;pipeline_wiring,True,direct_test;module_test;live_probe,10,veilbreakers_terrain/tests/test_delta_integrator.py,LOW,False,
terrain_delta_integrator.py,register_integrator_pass,register_integrator_pass,172,function,A,GRADED,file_qualified,blender_tool;materials_texturing;water;geometry_mesh;pipeline_wiring,True,direct_test;module_test;live_probe,10,veilbreakers_terrain/tests/test_delta_integrator.py,LOW,False,
terrain_dem_import.py,_synthetic_dem,_synthetic_dem,108,function,B,GRADED,file_qualified,visual_qa;geometry_mesh,False,module_test;live_probe,5,veilbreakers_terrain/tests/test_bundle_pq.py;veilbreakers_terrain/tests/test_dem_import_runtime_helpers.py,LOW,False,direct_behavior_test
terrain_dem_import.py,_fill_nodata,_fill_nodata,130,function,A-,GRADED,file_qualified,visual_qa;geometry_mesh,False,direct_test;module_test;live_probe,10,veilbreakers_terrain/tests/test_bundle_pq.py;veilbreakers_terrain/tests/test_dem_import_runtime_helpers.py,LOW,False,
terrain_dem_import.py,_bilinear_resample_2d,_bilinear_resample_2d,185,function,A,GRADED,file_qualified,visual_qa;geometry_mesh,False,direct_test;module_test;live_probe,10,veilbreakers_terrain/tests/test_bundle_pq.py;veilbreakers_terrain/tests/test_dem_import_runtime_helpers.py,LOW,False,
terrain_dem_import.py,_load_hgt,_load_hgt,211,function,B+,GRADED,file_qualified,visual_qa;geometry_mesh,False,direct_test;module_test;live_probe,10,veilbreakers_terrain/tests/test_bundle_pq.py;veilbreakers_terrain/tests/test_dem_import_runtime_helpers.py,LOW,False,
terrain_dem_import.py,_load_geotiff,_load_geotiff,247,function,D+,GRADED,file_qualified,visual_qa;geometry_mesh,False,module_test;live_probe,5,veilbreakers_terrain/tests/test_bundle_pq.py;veilbreakers_terrain/tests/test_dem_import_runtime_helpers.py,LOW,False,direct_behavior_test
terrain_dem_import.py,_egm96_undulation_m,_egm96_undulation_m,376,function,A-,GRADED,file_qualified,visual_qa;geometry_mesh,False,direct_test;module_test;live_probe,10,veilbreakers_terrain/tests/test_bundle_pq.py;veilbreakers_terrain/tests/test_dem_import_runtime_helpers.py,LOW,False,
terrain_dem_import.py,import_dem_tile,import_dem_tile,390,function,A-,GRADED,file_qualified,visual_qa;geometry_mesh,False,direct_test;module_test;live_probe,10,veilbreakers_terrain/tests/test_bundle_pq.py;veilbreakers_terrain/tests/test_dem_import_runtime_helpers.py,LOW,False,
terrain_dem_import.py,resample_dem_to_tile_grid,resample_dem_to_tile_grid,511,function,B+,GRADED,file_qualified,visual_qa;geometry_mesh,False,direct_test;module_test;live_probe,10,veilbreakers_terrain/tests/test_bundle_pq.py;veilbreakers_terrain/tests/test_dem_import_runtime_helpers.py,LOW,False,
terrain_dem_import.py,normalize_dem_to_world_range,normalize_dem_to_world_range,552,function,A,GRADED,file_qualified,visual_qa;geometry_mesh,False,direct_test;module_test;live_probe,10,veilbreakers_terrain/tests/test_bundle_pq.py;veilbreakers_terrain/tests/test_dem_import_runtime_helpers.py,LOW,False,
terrain_destructibility_patches.py,detect_destructibility_patches,detect_destructibility_patches,30,function,B+,GRADED,file_qualified,materials_texturing;geometry_mesh,False,direct_test;module_test;live_probe,10,veilbreakers_terrain/tests/test_bundle_pq.py,LOW,False,
terrain_destructibility_patches.py,export_destructibility_json,export_destructibility_json,155,function,B+,GRADED,file_qualified,materials_texturing;geometry_mesh,False,direct_test;module_test;live_probe,10,veilbreakers_terrain/tests/test_bundle_pq.py,LOW,False,
terrain_determinism_ci.py,_snapshot_channel_hashes,_snapshot_channel_hashes,41,function,A-,GRADED,file_qualified,blender_tool;pipeline_wiring,True,module_test;live_probe,6,veilbreakers_terrain/tests/test_routing_light_determinism_helpers.py;veilbreakers_terrain/tests/test_terrain_deep_qa.py,LOW,False,direct_behavior_test
terrain_determinism_ci.py,_clone_state,_clone_state,62,function,A,GRADED,file_qualified,blender_tool;pipeline_wiring,True,module_test;live_probe,6,veilbreakers_terrain/tests/test_routing_light_determinism_helpers.py;veilbreakers_terrain/tests/test_terrain_deep_qa.py,LOW,False,direct_behavior_test
terrain_determinism_ci.py,_hash_full_state,_hash_full_state,67,function,A,GRADED,file_qualified,blender_tool;pipeline_wiring,True,direct_test;module_test;live_probe,10,veilbreakers_terrain/tests/test_routing_light_determinism_helpers.py;veilbreakers_terrain/tests/test_terrain_deep_qa.py,LOW,False,
terrain_determinism_ci.py,run_determinism_check,run_determinism_check,100,function,A,GRADED,file_qualified,blender_tool;pipeline_wiring,True,direct_test;module_test;live_probe,10,veilbreakers_terrain/tests/test_routing_light_determinism_helpers.py;veilbreakers_terrain/tests/test_terrain_deep_qa.py,LOW,False,
terrain_determinism_ci.py,detect_determinism_regressions,detect_determinism_regressions,212,function,A,GRADED,file_qualified,blender_tool;pipeline_wiring,True,direct_test;module_test;live_probe,10,veilbreakers_terrain/tests/test_routing_light_determinism_helpers.py;veilbreakers_terrain/tests/test_terrain_deep_qa.py,LOW,False,
terrain_dirty_tracking.py,DirtyRegion.touches_channel,touches_channel,33,method,A,GRADED,file_qualified,blender_tool;pipeline_wiring,True,module_test;live_probe,6,veilbreakers_terrain/tests/test_terrain_iteration.py,LOW,False,direct_behavior_test
terrain_dirty_tracking.py,DirtyRegion.merge,merge,37,method,B-,GRADED,file_qualified,blender_tool;pipeline_wiring,True,module_test;live_probe,5,veilbreakers_terrain/tests/test_terrain_iteration.py,LOW,False,direct_behavior_test
terrain_dirty_tracking.py,DirtyRegion.intersection,intersection,57,method,A,GRADED,file_qualified,blender_tool;pipeline_wiring,True,module_test;live_probe,6,veilbreakers_terrain/tests/test_terrain_iteration.py,LOW,False,direct_behavior_test
terrain_dirty_tracking.py,_IntervalTree._ensure_sorted,_ensure_sorted,122,method,A,GRADED,file_qualified,blender_tool;scatter_ecology;pipeline_wiring,True,module_test;live_probe,6,veilbreakers_terrain/tests/test_terrain_iteration.py,LOW,False,direct_behavior_test
terrain_dirty_tracking.py,_IntervalTree.insert,insert,128,method,A,GRADED,file_qualified,blender_tool;scatter_ecology;pipeline_wiring,True,direct_test;module_test;live_probe,10,veilbreakers_terrain/tests/test_terrain_iteration.py;veilbreakers_terrain/tests/test_visual_testing_readiness_gate_script.py,LOW,False,
terrain_dirty_tracking.py,_IntervalTree.remove,remove,132,method,A,GRADED,file_qualified,blender_tool;scatter_ecology;pipeline_wiring,True,module_test;live_probe,6,veilbreakers_terrain/tests/test_terrain_iteration.py,LOW,False,direct_behavior_test
terrain_dirty_tracking.py,_IntervalTree.candidates,candidates,136,method,A,GRADED,file_qualified,blender_tool;scatter_ecology;pipeline_wiring,True,direct_test;module_test;live_probe,10,veilbreakers_terrain/tests/test_environment_scatter_handlers.py;veilbreakers_terrain/tests/test_terrain_caves.py;veilbreakers_terrain/tests/test_terrain_iteration.py,LOW,False,
terrain_dirty_tracking.py,_IntervalTree.rebuild,rebuild,154,method,A,GRADED,file_qualified,blender_tool;scatter_ecology;pipeline_wiring,True,module_test;live_probe,6,veilbreakers_terrain/tests/test_terrain_iteration.py,LOW,False,direct_behavior_test
terrain_dirty_tracking.py,DirtyTracker.world_bounds,world_bounds,203,method,A,GRADED,file_qualified,blender_tool;pipeline_wiring,True,direct_test;module_test;live_probe,10,veilbreakers_terrain/tests/test_environment_handlers.py;veilbreakers_terrain/tests/test_p13_unity_scale_factor.py;veilbreakers_terrain/tests/test_terrain_checkpoints.py;veilbreakers_terrain/tests/test_terrain_chunking.py;veilbreakers_terrain/tests/test_terrain_iteration.py,LOW,False,
terrain_dirty_tracking.py,DirtyTracker.set_world_bounds,set_world_bounds,206,method,A,GRADED,file_qualified,blender_tool;pipeline_wiring,True,module_test;live_probe,6,veilbreakers_terrain/tests/test_terrain_iteration.py,LOW,False,direct_behavior_test
terrain_dirty_tracking.py,DirtyTracker._rebuild_indexes,_rebuild_indexes,213,method,A,GRADED,file_qualified,blender_tool;pipeline_wiring,True,module_test;live_probe,6,veilbreakers_terrain/tests/test_terrain_iteration.py,LOW,False,direct_behavior_test
terrain_dirty_tracking.py,DirtyTracker._append_region,_append_region,221,method,A,GRADED,file_qualified,blender_tool;pipeline_wiring,True,module_test;live_probe,6,veilbreakers_terrain/tests/test_terrain_iteration.py,LOW,False,direct_behavior_test
terrain_dirty_tracking.py,DirtyTracker.mark_dirty,mark_dirty,234,method,A,GRADED,file_qualified,blender_tool;pipeline_wiring,True,direct_test;module_test;live_probe,10,veilbreakers_terrain/tests/test_semantics_stack_runtime_helpers.py;veilbreakers_terrain/tests/test_terrain_iteration.py,LOW,False,
terrain_dirty_tracking.py,DirtyTracker.mark_many,mark_many,252,method,A,GRADED,file_qualified,blender_tool;pipeline_wiring,True,module_test;live_probe,6,veilbreakers_terrain/tests/test_terrain_iteration.py,LOW,False,direct_behavior_test
terrain_dirty_tracking.py,DirtyTracker._clip_to_world,_clip_to_world,272,method,A,GRADED,file_qualified,blender_tool;pipeline_wiring,True,module_test;live_probe,6,veilbreakers_terrain/tests/test_terrain_iteration.py,LOW,False,direct_behavior_test
terrain_dirty_tracking.py,DirtyTracker._sweep_merge,_sweep_merge,286,method,A,GRADED,file_qualified,blender_tool;pipeline_wiring,True,module_test;live_probe,6,veilbreakers_terrain/tests/test_terrain_iteration.py,LOW,False,direct_behavior_test
terrain_dirty_tracking.py,DirtyTracker._coalesce_inplace,_coalesce_inplace,329,method,A,GRADED,file_qualified,blender_tool;pipeline_wiring,True,module_test;live_probe,6,veilbreakers_terrain/tests/test_terrain_iteration.py,LOW,False,direct_behavior_test
terrain_dirty_tracking.py,DirtyTracker.get_dirty_regions,get_dirty_regions,336,method,A,GRADED,file_qualified,blender_tool;pipeline_wiring,True,direct_test;module_test;live_probe,10,veilbreakers_terrain/tests/test_terrain_iteration.py,LOW,False,
terrain_dirty_tracking.py,DirtyTracker.get_dirty_channels,get_dirty_channels,339,method,A,GRADED,file_qualified,blender_tool;pipeline_wiring,True,direct_test;module_test;live_probe,10,veilbreakers_terrain/tests/test_terrain_iteration.py,LOW,False,
terrain_dirty_tracking.py,DirtyTracker.clear,clear,342,method,A,GRADED,file_qualified,blender_tool;pipeline_wiring,True,direct_test;module_test;live_probe,10,veilbreakers_terrain/tests/test_aaa_water_scatter.py;veilbreakers_terrain/tests/test_pipeline_contract_runtime_helpers.py;veilbreakers_terrain/tests/test_terrain_geology.py;veilbreakers_terrain/tests/test_terrain_iteration.py,LOW,False,
terrain_dirty_tracking.py,DirtyTracker.is_clean,is_clean,347,method,A,GRADED,file_qualified,blender_tool;pipeline_wiring,True,direct_test;module_test;live_probe,10,veilbreakers_terrain/tests/test_terrain_iteration.py,LOW,False,
terrain_dirty_tracking.py,DirtyTracker.dirty_area,dirty_area,350,method,B+,GRADED,file_qualified,blender_tool;pipeline_wiring,True,module_test;live_probe,6,veilbreakers_terrain/tests/test_terrain_iteration.py,LOW,False,direct_behavior_test
terrain_dirty_tracking.py,DirtyTracker.dirty_fraction,dirty_fraction,373,method,A-,GRADED,file_qualified,blender_tool;pipeline_wiring,True,direct_test;module_test;live_probe,10,veilbreakers_terrain/tests/test_terrain_iteration.py,LOW,False,
terrain_dirty_tracking.py,DirtyTracker.coalesce,coalesce,390,method,A,GRADED,file_qualified,blender_tool;pipeline_wiring,True,direct_test;module_test;live_probe,10,veilbreakers_terrain/tests/test_terrain_iteration.py,LOW,False,
terrain_dirty_tracking.py,attach_dirty_tracker,attach_dirty_tracker,423,function,B,GRADED,file_qualified,blender_tool;pipeline_wiring,True,direct_test;module_test;live_probe,9,veilbreakers_terrain/tests/test_terrain_iteration.py,LOW,False,
terrain_ecotone_graph.py,EcotoneEdge.as_dict,as_dict,37,method,A,GRADED,file_qualified,visual_qa;scatter_ecology;pipeline_wiring,False,direct_test;module_test;live_probe,10,veilbreakers_terrain/tests/test_terrain_deep_qa.py;veilbreakers_terrain/tests/test_terrain_ecosystem.py;veilbreakers_terrain/tests/test_vegetation_depth_runtime_helpers.py,LOW,False,
terrain_ecotone_graph.py,_find_adjacencies,_find_adjacencies,47,function,B,GRADED,file_qualified,visual_qa;scatter_ecology;pipeline_wiring,False,module_test;live_probe,5,veilbreakers_terrain/tests/test_terrain_ecosystem.py,LOW,False,direct_behavior_test
terrain_ecotone_graph.py,build_ecotone_graph,build_ecotone_graph,96,function,C+,GRADED,file_qualified,visual_qa;scatter_ecology;pipeline_wiring,False,direct_test;module_test;live_probe,9,veilbreakers_terrain/tests/test_terrain_ecosystem.py,LOW,False,
terrain_ecotone_graph.py,validate_ecotone_smoothness,validate_ecotone_smoothness,143,function,A-,GRADED,file_qualified,visual_qa;scatter_ecology;pipeline_wiring,False,direct_test;module_test;live_probe,10,veilbreakers_terrain/tests/test_terrain_ecosystem.py,LOW,False,
terrain_ecotone_graph.py,pass_ecotones,pass_ecotones,167,function,A,GRADED,file_qualified,visual_qa;scatter_ecology;pipeline_wiring,False,direct_test;module_test;live_probe,10,veilbreakers_terrain/tests/test_terrain_ecosystem.py,LOW,False,
terrain_ecotone_graph.py,register_bundle_j_ecotones_pass,register_bundle_j_ecotones_pass,205,function,A-,GRADED,file_qualified,visual_qa;scatter_ecology;pipeline_wiring,True,module_test;live_probe,6,veilbreakers_terrain/tests/test_terrain_ecosystem.py,LOW,False,direct_behavior_test
terrain_erosion_filter.py,_hash2,_hash2,41,function,A,GRADED,file_qualified,blender_tool;visual_qa;water;geometry_mesh,True,module_test;live_probe,6,veilbreakers_terrain/tests/test_p7_pow_inv.py;veilbreakers_terrain/tests/test_terrain_erosion_filter.py;veilbreakers_terrain/tests/test_terrain_noise_phase11.py,LOW,False,direct_behavior_test
terrain_erosion_filter.py,_pow_inv,_pow_inv,95,function,A,GRADED,file_qualified,blender_tool;visual_qa;water;geometry_mesh,True,direct_test;module_test;live_probe,10,veilbreakers_terrain/tests/test_p7_pow_inv.py;veilbreakers_terrain/tests/test_terrain_erosion_filter.py;veilbreakers_terrain/tests/test_terrain_noise_phase11.py,LOW,False,
terrain_erosion_filter.py,finite_difference_gradient,finite_difference_gradient,121,function,A-,GRADED,file_qualified,blender_tool;visual_qa;water;geometry_mesh,True,direct_test;module_test;live_probe,10,veilbreakers_terrain/tests/test_p7_pow_inv.py;veilbreakers_terrain/tests/test_terrain_erosion_filter.py;veilbreakers_terrain/tests/test_terrain_noise_phase11.py,LOW,False,
terrain_erosion_filter.py,phacelle_noise,phacelle_noise,162,function,B+,GRADED,file_qualified,blender_tool;visual_qa;water;geometry_mesh,True,direct_test;module_test;live_probe,10,veilbreakers_terrain/tests/test_p7_pow_inv.py;veilbreakers_terrain/tests/test_terrain_erosion_filter.py;veilbreakers_terrain/tests/test_terrain_noise_phase11.py,LOW,False,
terrain_erosion_filter.py,erosion_filter,erosion_filter,265,function,D+,GRADED,file_qualified,blender_tool;visual_qa;water;geometry_mesh,True,module_test;live_probe,5,veilbreakers_terrain/tests/test_p7_pow_inv.py;veilbreakers_terrain/tests/test_terrain_erosion_filter.py;veilbreakers_terrain/tests/test_terrain_noise_phase11.py,LOW,False,direct_behavior_test
terrain_erosion_filter.py,apply_analytical_erosion,apply_analytical_erosion,472,function,B+,GRADED,file_qualified,blender_tool;visual_qa;water;geometry_mesh,True,direct_test;module_test;live_probe,10,veilbreakers_terrain/tests/test_p7_pow_inv.py;veilbreakers_terrain/tests/test_terrain_erosion_filter.py;veilbreakers_terrain/tests/test_terrain_noise_phase11.py,LOW,False,
terrain_features.py,_cross,_cross,33,function,A,GRADED,file_qualified,blender_tool;materials_texturing;water;geometry_mesh,True,direct_test;module_test;live_probe,10,veilbreakers_terrain/tests/test_feature_geometry_runtime_helpers.py;veilbreakers_terrain/tests/test_live_readiness_regressions.py;veilbreakers_terrain/tests/test_lod_material_live_readiness.py;veilbreakers_terrain/tests/test_road_coastline_terrain_features.py;veilbreakers_terrain/tests/test_terrain_features_v2.py;veilbreakers_terrain/tests/test_terrain_wiring_integration.py,LOW,False,
terrain_features.py,_sub,_sub,42,function,A,GRADED,file_qualified,blender_tool;materials_texturing;water;geometry_mesh,True,direct_test;module_test;live_probe,10,veilbreakers_terrain/tests/test_feature_geometry_runtime_helpers.py;veilbreakers_terrain/tests/test_live_readiness_regressions.py;veilbreakers_terrain/tests/test_lod_material_live_readiness.py;veilbreakers_terrain/tests/test_road_coastline_terrain_features.py;veilbreakers_terrain/tests/test_terrain_features_v2.py;veilbreakers_terrain/tests/test_terrain_wiring_integration.py,LOW,False,
terrain_features.py,_normalize,_normalize,46,function,A,GRADED,file_qualified,blender_tool;materials_texturing;water;geometry_mesh,True,direct_test;module_test;live_probe,10,veilbreakers_terrain/tests/test_feature_geometry_runtime_helpers.py;veilbreakers_terrain/tests/test_live_readiness_regressions.py;veilbreakers_terrain/tests/test_lod_material_live_readiness.py;veilbreakers_terrain/tests/test_road_coastline_terrain_features.py;veilbreakers_terrain/tests/test_terrain_features_v2.py;veilbreakers_terrain/tests/test_terrain_wiring_integration.py,LOW,False,
terrain_features.py,_face_normal,_face_normal,54,function,A,GRADED,file_qualified,blender_tool;materials_texturing;water;geometry_mesh,True,direct_test;module_test;live_probe,10,veilbreakers_terrain/tests/test_feature_geometry_runtime_helpers.py;veilbreakers_terrain/tests/test_live_readiness_regressions.py;veilbreakers_terrain/tests/test_lod_material_live_readiness.py;veilbreakers_terrain/tests/test_road_coastline_terrain_features.py;veilbreakers_terrain/tests/test_terrain_features_v2.py;veilbreakers_terrain/tests/test_terrain_wiring_integration.py,LOW,False,
terrain_features.py,_compute_face_normals,_compute_face_normals,69,function,A,GRADED,file_qualified,blender_tool;materials_texturing;water;geometry_mesh,True,direct_test;module_test;live_probe,10,veilbreakers_terrain/tests/test_feature_geometry_runtime_helpers.py;veilbreakers_terrain/tests/test_geometric_quality.py;veilbreakers_terrain/tests/test_live_readiness_regressions.py;veilbreakers_terrain/tests/test_road_coastline_terrain_features.py;veilbreakers_terrain/tests/test_terrain_features_v2.py;veilbreakers_terrain/tests/test_terrain_wiring_integration.py,LOW,False,
terrain_features.py,_lod1_faces,_lod1_faces,74,function,A,GRADED,file_qualified,blender_tool;materials_texturing;water;geometry_mesh,True,direct_test;module_test;live_probe,10,veilbreakers_terrain/tests/test_feature_geometry_runtime_helpers.py;veilbreakers_terrain/tests/test_live_readiness_regressions.py;veilbreakers_terrain/tests/test_road_coastline_terrain_features.py;veilbreakers_terrain/tests/test_terrain_features_v2.py;veilbreakers_terrain/tests/test_terrain_wiring_integration.py,LOW,False,
terrain_features.py,_material_metadata,_material_metadata,79,function,A,GRADED,file_qualified,blender_tool;materials_texturing;water;geometry_mesh,True,direct_test;module_test;live_probe,10,veilbreakers_terrain/tests/test_feature_geometry_runtime_helpers.py;veilbreakers_terrain/tests/test_live_readiness_regressions.py;veilbreakers_terrain/tests/test_road_coastline_terrain_features.py;veilbreakers_terrain/tests/test_terrain_features_v2.py;veilbreakers_terrain/tests/test_terrain_wiring_integration.py,LOW,False,
terrain_features.py,_get_feature_noise,_get_feature_noise,95,function,A-,GRADED,file_qualified,blender_tool;materials_texturing;water;geometry_mesh,True,direct_test;module_test;live_probe,10,veilbreakers_terrain/tests/test_feature_geometry_runtime_helpers.py;veilbreakers_terrain/tests/test_live_readiness_regressions.py;veilbreakers_terrain/tests/test_road_coastline_terrain_features.py;veilbreakers_terrain/tests/test_terrain_features_v2.py;veilbreakers_terrain/tests/test_terrain_wiring_integration.py,LOW,False,
terrain_features.py,_hash_noise,_hash_noise,107,function,A,GRADED,file_qualified,blender_tool;materials_texturing;water;geometry_mesh,True,direct_test;module_test;live_probe,10,veilbreakers_terrain/tests/test_feature_geometry_runtime_helpers.py;veilbreakers_terrain/tests/test_live_readiness_regressions.py;veilbreakers_terrain/tests/test_road_coastline_terrain_features.py;veilbreakers_terrain/tests/test_terrain_features_v2.py;veilbreakers_terrain/tests/test_terrain_wiring_integration.py,LOW,False,
terrain_features.py,_fbm,_fbm,118,function,A,GRADED,file_qualified,blender_tool;materials_texturing;water;geometry_mesh,True,direct_test;module_test;live_probe,10,veilbreakers_terrain/tests/test_feature_geometry_runtime_helpers.py;veilbreakers_terrain/tests/test_live_readiness_regressions.py;veilbreakers_terrain/tests/test_road_coastline_terrain_features.py;veilbreakers_terrain/tests/test_terrain_features_v2.py;veilbreakers_terrain/tests/test_terrain_wiring_integration.py,LOW,False,
terrain_features.py,generate_canyon,generate_canyon,179,function,A,GRADED,file_qualified,blender_tool;materials_texturing;water;geometry_mesh,True,direct_test;module_test;live_probe,10,veilbreakers_terrain/tests/test_feature_geometry_runtime_helpers.py;veilbreakers_terrain/tests/test_live_readiness_regressions.py;veilbreakers_terrain/tests/test_road_coastline_terrain_features.py;veilbreakers_terrain/tests/test_terrain_features_v2.py;veilbreakers_terrain/tests/test_terrain_wiring_integration.py,LOW,False,
terrain_features.py,generate_waterfall,generate_waterfall,703,function,A,GRADED,file_qualified,blender_tool;materials_texturing;water;geometry_mesh,True,direct_test;module_test;live_probe,10,veilbreakers_terrain/tests/test_environment_handlers.py;veilbreakers_terrain/tests/test_feature_geometry_runtime_helpers.py;veilbreakers_terrain/tests/test_live_readiness_regressions.py;veilbreakers_terrain/tests/test_road_coastline_terrain_features.py;veilbreakers_terrain/tests/test_terrain_features_v2.py;veilbreakers_terrain/tests/test_terrain_wiring_integration.py,LOW,False,
terrain_features.py,generate_cliff_face,generate_cliff_face,1245,function,A,GRADED,file_qualified,blender_tool;materials_texturing;water;geometry_mesh,True,direct_test;module_test;live_probe,10,veilbreakers_terrain/tests/test_feature_geometry_runtime_helpers.py;veilbreakers_terrain/tests/test_live_readiness_regressions.py;veilbreakers_terrain/tests/test_road_coastline_terrain_features.py;veilbreakers_terrain/tests/test_terrain_features_v2.py;veilbreakers_terrain/tests/test_terrain_wiring_integration.py,LOW,False,
terrain_features.py,generate_swamp_terrain,generate_swamp_terrain,1746,function,A,GRADED,file_qualified,blender_tool;materials_texturing;water;geometry_mesh,True,direct_test;module_test;live_probe,10,veilbreakers_terrain/tests/test_feature_geometry_runtime_helpers.py;veilbreakers_terrain/tests/test_live_readiness_regressions.py;veilbreakers_terrain/tests/test_road_coastline_terrain_features.py;veilbreakers_terrain/tests/test_terrain_features_v2.py;veilbreakers_terrain/tests/test_terrain_wiring_integration.py,LOW,False,
terrain_features.py,generate_natural_arch,generate_natural_arch,2126,function,B,GRADED,file_qualified,blender_tool;materials_texturing;water;geometry_mesh,True,direct_test;module_test;live_probe,9,veilbreakers_terrain/tests/test_feature_geometry_runtime_helpers.py;veilbreakers_terrain/tests/test_live_readiness_regressions.py;veilbreakers_terrain/tests/test_road_coastline_terrain_features.py;veilbreakers_terrain/tests/test_terrain_features_v2.py;veilbreakers_terrain/tests/test_terrain_wiring_integration.py,LOW,False,
terrain_features.py,_arch_face_mat,_arch_face_mat,2567,function,A-,GRADED,file_qualified,blender_tool;materials_texturing;water;geometry_mesh,True,direct_test;module_test;live_probe,10,veilbreakers_terrain/tests/test_feature_geometry_runtime_helpers.py;veilbreakers_terrain/tests/test_live_readiness_regressions.py;veilbreakers_terrain/tests/test_road_coastline_terrain_features.py;veilbreakers_terrain/tests/test_terrain_features_v2.py;veilbreakers_terrain/tests/test_terrain_wiring_integration.py,LOW,False,
terrain_features.py,generate_geyser,generate_geyser,2594,function,A,GRADED,file_qualified,blender_tool;materials_texturing;water;geometry_mesh,True,direct_test;module_test;live_probe,10,veilbreakers_terrain/tests/test_feature_geometry_runtime_helpers.py;veilbreakers_terrain/tests/test_live_readiness_regressions.py;veilbreakers_terrain/tests/test_road_coastline_terrain_features.py;veilbreakers_terrain/tests/test_terrain_features_v2.py;veilbreakers_terrain/tests/test_terrain_wiring_integration.py,LOW,False,
terrain_features.py,generate_sinkhole,generate_sinkhole,3037,function,A,GRADED,file_qualified,blender_tool;materials_texturing;water;geometry_mesh,True,direct_test;module_test;live_probe,10,veilbreakers_terrain/tests/test_feature_geometry_runtime_helpers.py;veilbreakers_terrain/tests/test_live_readiness_regressions.py;veilbreakers_terrain/tests/test_road_coastline_terrain_features.py;veilbreakers_terrain/tests/test_terrain_features_v2.py;veilbreakers_terrain/tests/test_terrain_wiring_integration.py,LOW,False,
terrain_features.py,generate_floating_rocks,generate_floating_rocks,3435,function,A,GRADED,file_qualified,blender_tool;materials_texturing;water;geometry_mesh,True,direct_test;module_test;live_probe,10,veilbreakers_terrain/tests/test_feature_geometry_runtime_helpers.py;veilbreakers_terrain/tests/test_live_readiness_regressions.py;veilbreakers_terrain/tests/test_road_coastline_terrain_features.py;veilbreakers_terrain/tests/test_terrain_features_v2.py;veilbreakers_terrain/tests/test_terrain_wiring_integration.py,LOW,False,
terrain_features.py,generate_ice_formation,generate_ice_formation,3734,function,A,GRADED,file_qualified,blender_tool;materials_texturing;water;geometry_mesh,True,direct_test;module_test;live_probe,10,veilbreakers_terrain/tests/test_feature_geometry_runtime_helpers.py;veilbreakers_terrain/tests/test_live_readiness_regressions.py;veilbreakers_terrain/tests/test_road_coastline_terrain_features.py;veilbreakers_terrain/tests/test_terrain_features_v2.py;veilbreakers_terrain/tests/test_terrain_wiring_integration.py,LOW,False,
terrain_features.py,generate_lava_flow,generate_lava_flow,4133,function,A,GRADED,file_qualified,blender_tool;materials_texturing;water;geometry_mesh,True,direct_test;module_test;live_probe,10,veilbreakers_terrain/tests/test_feature_geometry_runtime_helpers.py;veilbreakers_terrain/tests/test_live_readiness_regressions.py;veilbreakers_terrain/tests/test_road_coastline_terrain_features.py;veilbreakers_terrain/tests/test_terrain_features_v2.py;veilbreakers_terrain/tests/test_terrain_wiring_integration.py,LOW,False,
terrain_fog_masks.py,compute_fog_pool_mask,compute_fog_pool_mask,48,function,B+,GRADED,file_qualified,water;geometry_mesh;pipeline_wiring,False,direct_test;module_test;live_probe,10,veilbreakers_terrain/tests/test_terrain_atmosphere.py,LOW,False,
terrain_fog_masks.py,compute_mist_envelope,compute_mist_envelope,183,function,B+,GRADED,file_qualified,water;geometry_mesh;pipeline_wiring,False,direct_test;module_test;live_probe,10,veilbreakers_terrain/tests/test_terrain_atmosphere.py,LOW,False,
terrain_fog_masks.py,pass_fog_masks,pass_fog_masks,295,function,B+,GRADED,file_qualified,water;geometry_mesh;pipeline_wiring,False,direct_test;module_test;live_probe,10,veilbreakers_terrain/tests/test_terrain_atmosphere.py,LOW,False,
terrain_fog_masks.py,register_bundle_l_fog_masks_pass,register_bundle_l_fog_masks_pass,349,function,A,GRADED,file_qualified,water;geometry_mesh;pipeline_wiring,True,module_test;live_probe,6,veilbreakers_terrain/tests/test_terrain_atmosphere.py,LOW,False,direct_behavior_test
terrain_foliage_catalog.py,SpeciesSpec.to_dict,to_dict,138,method,D+,GRADED,file_qualified,visual_qa;camera_readability;materials_texturing;water;geometry_mesh;scatter_ecology;pipeline_wiring,False,direct_test;module_test;live_probe,9,veilbreakers_terrain/tests/test_terrain_advanced.py;veilbreakers_terrain/tests/test_terrain_best_practice_guardrail.py;veilbreakers_terrain/tests/test_terrain_deep_qa.py;veilbreakers_terrain/tests/test_terrain_foliage_catalog.py,LOW,False,
terrain_foliage_catalog.py,_slope,_slope,167,function,D+,GRADED,file_qualified,visual_qa;camera_readability;materials_texturing;water;geometry_mesh;scatter_ecology;pipeline_wiring,False,module_test;live_probe,5,veilbreakers_terrain/tests/test_terrain_foliage_catalog.py,LOW,False,direct_behavior_test;material_texture_contract_test;camera_readability_probe
terrain_foliage_catalog.py,species_ids_by_category,species_ids_by_category,757,function,D+,GRADED,file_qualified,visual_qa;camera_readability;materials_texturing;water;geometry_mesh;scatter_ecology;pipeline_wiring,False,direct_test;module_test;live_probe,9,veilbreakers_terrain/tests/test_terrain_foliage_catalog.py,LOW,False,
terrain_foliage_catalog.py,species_for_biome,species_for_biome,766,function,D+,GRADED,file_qualified,visual_qa;camera_readability;materials_texturing;water;geometry_mesh;scatter_ecology;pipeline_wiring,False,module_test;live_probe,5,veilbreakers_terrain/tests/test_terrain_foliage_catalog.py,LOW,False,direct_behavior_test;material_texture_contract_test;camera_readability_probe
terrain_foliage_catalog.py,external_model_assets_required,external_model_assets_required,779,function,D+,GRADED,file_qualified,visual_qa;camera_readability;materials_texturing;water;geometry_mesh;scatter_ecology;pipeline_wiring,False,direct_test;module_test;live_probe,9,veilbreakers_terrain/tests/test_terrain_foliage_catalog.py,LOW,False,
terrain_foliage_catalog.py,manifest_entries,manifest_entries,792,function,D+,GRADED,file_qualified,visual_qa;camera_readability;materials_texturing;water;geometry_mesh;scatter_ecology;pipeline_wiring,False,direct_test;module_test;live_probe,9,veilbreakers_terrain/tests/test_terrain_foliage_catalog.py,LOW,False,
terrain_foliage_catalog.py,categories_covered,categories_covered,804,function,D+,GRADED,file_qualified,visual_qa;camera_readability;materials_texturing;water;geometry_mesh;scatter_ecology;pipeline_wiring,False,direct_test;module_test;live_probe,9,veilbreakers_terrain/tests/test_terrain_foliage_catalog.py,LOW,False,
terrain_foliage_catalog.py,_derive_species_constraints,_derive_species_constraints,809,function,D+,GRADED,file_qualified,visual_qa;camera_readability;materials_texturing;water;geometry_mesh;scatter_ecology;pipeline_wiring,False,module_test;live_probe,5,veilbreakers_terrain/tests/test_terrain_foliage_catalog.py,LOW,False,direct_behavior_test;material_texture_contract_test;camera_readability_probe
terrain_foliage_catalog.py,default_asset_catalog_path,default_asset_catalog_path,961,function,D+,GRADED,file_qualified,visual_qa;camera_readability;materials_texturing;water;geometry_mesh;scatter_ecology;pipeline_wiring,False,module_test;live_probe,5,veilbreakers_terrain/tests/test_terrain_foliage_catalog.py,LOW,False,direct_behavior_test;material_texture_contract_test;camera_readability_probe
terrain_foliage_catalog.py,AssetManifest._maybe_reload,_maybe_reload,992,method,D+,GRADED,file_qualified,visual_qa;camera_readability;materials_texturing;water;geometry_mesh;scatter_ecology;pipeline_wiring,False,module_test;live_probe,5,veilbreakers_terrain/tests/test_terrain_foliage_catalog.py,LOW,False,direct_behavior_test;material_texture_contract_test;camera_readability_probe
terrain_foliage_catalog.py,AssetManifest._load_locked,_load_locked,1002,method,D+,GRADED,file_qualified,visual_qa;camera_readability;materials_texturing;water;geometry_mesh;scatter_ecology;pipeline_wiring,False,module_test;live_probe,5,veilbreakers_terrain/tests/test_terrain_foliage_catalog.py,LOW,False,direct_behavior_test;material_texture_contract_test;camera_readability_probe
terrain_foliage_catalog.py,AssetManifest.reload,reload,1030,method,D+,GRADED,file_qualified,visual_qa;camera_readability;materials_texturing;water;geometry_mesh;scatter_ecology;pipeline_wiring,False,module_test;live_probe,5,veilbreakers_terrain/tests/test_terrain_foliage_catalog.py,LOW,False,direct_behavior_test;material_texture_contract_test;camera_readability_probe
terrain_foliage_catalog.py,AssetManifest.asset_ids,asset_ids,1035,method,D+,GRADED,file_qualified,visual_qa;camera_readability;materials_texturing;water;geometry_mesh;scatter_ecology;pipeline_wiring,False,module_test;live_probe,5,veilbreakers_terrain/tests/test_terrain_foliage_catalog.py,LOW,False,direct_behavior_test;material_texture_contract_test;camera_readability_probe
terrain_foliage_catalog.py,AssetManifest.get_asset,get_asset,1040,method,D+,GRADED,file_qualified,visual_qa;camera_readability;materials_texturing;water;geometry_mesh;scatter_ecology;pipeline_wiring,False,module_test;live_probe,5,veilbreakers_terrain/tests/test_terrain_foliage_catalog.py,LOW,False,direct_behavior_test;material_texture_contract_test;camera_readability_probe
terrain_foliage_catalog.py,AssetManifest.assets_for_category,assets_for_category,1046,method,D+,GRADED,file_qualified,visual_qa;camera_readability;materials_texturing;water;geometry_mesh;scatter_ecology;pipeline_wiring,False,direct_test;module_test;live_probe,9,veilbreakers_terrain/tests/test_terrain_foliage_catalog.py,LOW,False,
terrain_foliage_catalog.py,AssetManifest.assets_for_species,assets_for_species,1052,method,D+,GRADED,file_qualified,visual_qa;camera_readability;materials_texturing;water;geometry_mesh;scatter_ecology;pipeline_wiring,False,module_test;live_probe,5,veilbreakers_terrain/tests/test_terrain_foliage_catalog.py,LOW,False,direct_behavior_test;material_texture_contract_test;camera_readability_probe
terrain_foliage_catalog.py,AssetManifest.choose_for_species,choose_for_species,1059,method,D+,GRADED,file_qualified,visual_qa;camera_readability;materials_texturing;water;geometry_mesh;scatter_ecology;pipeline_wiring,False,module_test;live_probe,5,veilbreakers_terrain/tests/test_terrain_foliage_catalog.py,LOW,False,direct_behavior_test;material_texture_contract_test;camera_readability_probe
terrain_foliage_catalog.py,AssetManifest.lod_paths,lod_paths,1076,method,D+,GRADED,file_qualified,visual_qa;camera_readability;materials_texturing;water;geometry_mesh;scatter_ecology;pipeline_wiring,False,module_test;live_probe,5,veilbreakers_terrain/tests/test_terrain_foliage_catalog.py,LOW,False,direct_behavior_test;material_texture_contract_test;camera_readability_probe
terrain_foliage_catalog.py,AssetManifest.stats,stats,1086,method,D+,GRADED,file_qualified,visual_qa;camera_readability;materials_texturing;water;geometry_mesh;scatter_ecology;pipeline_wiring,False,direct_test;module_test;live_probe,9,veilbreakers_terrain/tests/test_terrain_foliage_catalog.py;veilbreakers_terrain/tests/test_visual_export_runtime_helpers.py,LOW,False,
terrain_foliage_catalog.py,get_default_asset_manifest,get_default_asset_manifest,1107,function,D+,GRADED,file_qualified,visual_qa;camera_readability;materials_texturing;water;geometry_mesh;scatter_ecology;pipeline_wiring,False,module_test;live_probe,5,veilbreakers_terrain/tests/test_terrain_foliage_catalog.py,LOW,False,direct_behavior_test;material_texture_contract_test;camera_readability_probe
terrain_foliage_catalog.py,set_default_asset_manifest,set_default_asset_manifest,1116,function,D+,GRADED,file_qualified,visual_qa;camera_readability;materials_texturing;water;geometry_mesh;scatter_ecology;pipeline_wiring,False,module_test;live_probe,5,veilbreakers_terrain/tests/test_terrain_foliage_catalog.py,LOW,False,direct_behavior_test;material_texture_contract_test;camera_readability_probe
terrain_foliage_catalog.py,resolve_model_asset,resolve_model_asset,1123,function,D+,GRADED,file_qualified,visual_qa;camera_readability;materials_texturing;water;geometry_mesh;scatter_ecology;pipeline_wiring,False,direct_test;module_test;live_probe,9,veilbreakers_terrain/tests/test_terrain_foliage_catalog.py,LOW,False,
terrain_footprint_surface.py,_world_to_cell,_world_to_cell,31,function,A,GRADED,file_qualified,visual_qa;materials_texturing;geometry_mesh,False,direct_test;module_test;live_probe,10,veilbreakers_terrain/tests/test_bundle_pq.py;veilbreakers_terrain/tests/test_terrain_caves.py,LOW,False,
terrain_footprint_surface.py,compute_footprint_surface_data,compute_footprint_surface_data,42,function,C+,GRADED,file_qualified,visual_qa;materials_texturing;geometry_mesh,False,direct_test;module_test;live_probe,9,veilbreakers_terrain/tests/test_bundle_pq.py,LOW,False,
terrain_footprint_surface.py,export_footprint_data_json,export_footprint_data_json,104,function,A-,GRADED,file_qualified,visual_qa;materials_texturing;geometry_mesh,False,direct_test;module_test;live_probe,10,veilbreakers_terrain/tests/test_bundle_pq.py,LOW,False,
terrain_framing.py,_bresenham_cells,_bresenham_cells,45,function,A,GRADED,file_qualified,blender_tool;camera_readability;pipeline_wiring,True,direct_test;module_test;live_probe,10,veilbreakers_terrain/tests/test_camera_readability_runtime_helpers.py;veilbreakers_terrain/tests/test_terrain_composition.py,LOW,False,
terrain_framing.py,enforce_sightline,enforce_sightline,77,function,A,GRADED,file_qualified,blender_tool;camera_readability;pipeline_wiring,True,direct_test;module_test;live_probe,10,veilbreakers_terrain/tests/test_camera_readability_runtime_helpers.py;veilbreakers_terrain/tests/test_terrain_composition.py,LOW,False,
terrain_framing.py,pass_framing,pass_framing,190,function,A,GRADED,file_qualified,blender_tool;camera_readability;pipeline_wiring,True,direct_test;module_test;live_probe,10,veilbreakers_terrain/tests/test_camera_readability_runtime_helpers.py;veilbreakers_terrain/tests/test_terrain_composition.py,LOW,False,
terrain_framing.py,_framing_quality_gate,_framing_quality_gate,299,function,A-,GRADED,file_qualified,blender_tool;camera_readability;pipeline_wiring,True,direct_test;module_test;live_probe,10,veilbreakers_terrain/tests/test_camera_readability_runtime_helpers.py;veilbreakers_terrain/tests/test_terrain_composition.py,LOW,False,
terrain_framing.py,register_framing_pass,register_framing_pass,363,function,A,GRADED,file_qualified,blender_tool;camera_readability;pipeline_wiring,True,direct_test;module_test;live_probe,10,veilbreakers_terrain/tests/test_camera_readability_runtime_helpers.py;veilbreakers_terrain/tests/test_terrain_composition.py,LOW,False,
terrain_gameplay_zones.py,_label_zones,_label_zones,51,function,A,GRADED,file_qualified,geometry_mesh;pipeline_wiring,False,direct_test;module_test;live_probe,10,veilbreakers_terrain/tests/test_environment_analysis_runtime_helpers.py;veilbreakers_terrain/tests/test_terrain_ecosystem.py,LOW,False,
terrain_gameplay_zones.py,_compute_cover_score,_compute_cover_score,90,function,A-,GRADED,file_qualified,geometry_mesh;pipeline_wiring,False,direct_test;module_test;live_probe,10,veilbreakers_terrain/tests/test_environment_analysis_runtime_helpers.py;veilbreakers_terrain/tests/test_terrain_ecosystem.py,LOW,False,
terrain_gameplay_zones.py,_compute_sky_exposure,_compute_sky_exposure,124,function,A-,GRADED,file_qualified,geometry_mesh;pipeline_wiring,False,direct_test;module_test;live_probe,10,veilbreakers_terrain/tests/test_environment_analysis_runtime_helpers.py;veilbreakers_terrain/tests/test_terrain_ecosystem.py,LOW,False,
terrain_gameplay_zones.py,_compute_choke_score,_compute_choke_score,152,function,A-,GRADED,file_qualified,geometry_mesh;pipeline_wiring,False,direct_test;module_test;live_probe,10,veilbreakers_terrain/tests/test_environment_analysis_runtime_helpers.py;veilbreakers_terrain/tests/test_terrain_ecosystem.py,LOW,False,
terrain_gameplay_zones.py,_compute_vantage_score,_compute_vantage_score,217,function,A-,GRADED,file_qualified,geometry_mesh;pipeline_wiring,False,direct_test;module_test;live_probe,10,veilbreakers_terrain/tests/test_environment_analysis_runtime_helpers.py;veilbreakers_terrain/tests/test_terrain_ecosystem.py,LOW,False,
terrain_gameplay_zones.py,compute_gameplay_zones,compute_gameplay_zones,258,function,B+,GRADED,file_qualified,geometry_mesh;pipeline_wiring,False,direct_test;module_test;live_probe,10,veilbreakers_terrain/tests/test_environment_analysis_runtime_helpers.py;veilbreakers_terrain/tests/test_terrain_ecosystem.py,LOW,False,
terrain_gameplay_zones.py,_compute_gameplay_score_metrics,_compute_gameplay_score_metrics,374,function,A,GRADED,file_qualified,geometry_mesh;pipeline_wiring,False,direct_test;module_test;live_probe,10,veilbreakers_terrain/tests/test_environment_analysis_runtime_helpers.py;veilbreakers_terrain/tests/test_terrain_ecosystem.py,LOW,False,
terrain_gameplay_zones.py,pass_gameplay_zones,pass_gameplay_zones,399,function,B+,GRADED,file_qualified,geometry_mesh;pipeline_wiring,False,direct_test;module_test;live_probe,10,veilbreakers_terrain/tests/test_environment_analysis_runtime_helpers.py;veilbreakers_terrain/tests/test_terrain_ecosystem.py,LOW,False,
terrain_gameplay_zones.py,register_bundle_j_gameplay_zones_pass,register_bundle_j_gameplay_zones_pass,450,function,A,GRADED,file_qualified,geometry_mesh;pipeline_wiring,True,module_test;live_probe,6,veilbreakers_terrain/tests/test_environment_analysis_runtime_helpers.py;veilbreakers_terrain/tests/test_terrain_ecosystem.py,LOW,False,direct_behavior_test
terrain_geology_validator.py,validate_strata_consistency,validate_strata_consistency,26,function,C+,GRADED,file_qualified,blender_tool;visual_qa;geometry_mesh;pipeline_wiring,True,direct_test;module_test;live_probe,9,veilbreakers_terrain/tests/test_delta_integrator.py;veilbreakers_terrain/tests/test_terrain_geology.py,LOW,False,
terrain_geology_validator.py,validate_strahler_ordering,validate_strahler_ordering,97,function,B+,GRADED,file_qualified,blender_tool;visual_qa;geometry_mesh;pipeline_wiring,True,direct_test;module_test;live_probe,10,veilbreakers_terrain/tests/test_delta_integrator.py;veilbreakers_terrain/tests/test_terrain_geology.py,LOW,False,
terrain_geology_validator.py,validate_glacial_plausibility,validate_glacial_plausibility,394,function,C,GRADED,file_qualified,blender_tool;visual_qa;geometry_mesh;pipeline_wiring,True,direct_test;module_test;live_probe,9,veilbreakers_terrain/tests/test_delta_integrator.py;veilbreakers_terrain/tests/test_terrain_geology.py,LOW,False,
terrain_geology_validator.py,validate_karst_plausibility,validate_karst_plausibility,439,function,C+,GRADED,file_qualified,blender_tool;visual_qa;geometry_mesh;pipeline_wiring,True,direct_test;module_test;live_probe,9,veilbreakers_terrain/tests/test_delta_integrator.py;veilbreakers_terrain/tests/test_terrain_geology.py,LOW,False,
terrain_geology_validator.py,register_bundle_i_passes,register_bundle_i_passes,499,function,A-,GRADED,file_qualified,blender_tool;visual_qa;geometry_mesh;pipeline_wiring,True,direct_test;module_test;live_probe,10,veilbreakers_terrain/tests/test_delta_integrator.py;veilbreakers_terrain/tests/test_terrain_geology.py,LOW,False,
terrain_glacial.py,_path_to_cells,_path_to_cells,32,function,A-,GRADED,file_qualified,blender_tool;water;geometry_mesh;pipeline_wiring,True,module_test;live_probe,6,veilbreakers_terrain/tests/test_mesh_quality_phase14.py;veilbreakers_terrain/tests/test_phase14_wave1.py;veilbreakers_terrain/tests/test_terrain_geology.py,LOW,False,direct_behavior_test
terrain_glacial.py,carve_u_valley,carve_u_valley,47,function,B+,GRADED,file_qualified,blender_tool;water;geometry_mesh;pipeline_wiring,True,direct_test;module_test;live_probe,10,veilbreakers_terrain/tests/test_mesh_quality_phase14.py;veilbreakers_terrain/tests/test_phase14_wave1.py;veilbreakers_terrain/tests/test_terrain_geology.py,LOW,False,
terrain_glacial.py,scatter_moraines,scatter_moraines,171,function,B+,GRADED,file_qualified,blender_tool;water;geometry_mesh;scatter_ecology;pipeline_wiring,True,direct_test;module_test;live_probe,10,veilbreakers_terrain/tests/test_mesh_quality_phase14.py;veilbreakers_terrain/tests/test_phase14_wave1.py;veilbreakers_terrain/tests/test_terrain_geology.py,LOW,False,
terrain_glacial.py,compute_snow_line,compute_snow_line,266,function,C+,GRADED,file_qualified,blender_tool;water;geometry_mesh;pipeline_wiring,True,direct_test;module_test;live_probe,9,veilbreakers_terrain/tests/test_mesh_quality_phase14.py;veilbreakers_terrain/tests/test_phase14_wave1.py;veilbreakers_terrain/tests/test_terrain_geology.py,LOW,False,
terrain_glacial.py,pass_glacial,pass_glacial,300,function,C,GRADED,file_qualified,blender_tool;water;geometry_mesh;pipeline_wiring,True,direct_test;module_test;live_probe,9,veilbreakers_terrain/tests/test_mesh_quality_phase14.py;veilbreakers_terrain/tests/test_phase14_wave1.py;veilbreakers_terrain/tests/test_terrain_geology.py,LOW,False,
terrain_glacial.py,get_ice_formation_specs,get_ice_formation_specs,363,function,B,GRADED,file_qualified,blender_tool;water;geometry_mesh;pipeline_wiring,True,module_test;live_probe,5,veilbreakers_terrain/tests/test_mesh_quality_phase14.py;veilbreakers_terrain/tests/test_phase14_wave1.py;veilbreakers_terrain/tests/test_terrain_geology.py,LOW,False,direct_behavior_test
terrain_god_ray_hints.py,GodRayHint.to_dict,to_dict,52,method,A,GRADED,file_qualified,blender_tool;camera_readability;pipeline_wiring,True,direct_test;module_test;live_probe,10,veilbreakers_terrain/tests/test_camera_readability_runtime_helpers.py;veilbreakers_terrain/tests/test_terrain_advanced.py;veilbreakers_terrain/tests/test_terrain_atmosphere.py;veilbreakers_terrain/tests/test_terrain_best_practice_guardrail.py;veilbreakers_terrain/tests/test_terrain_deep_qa.py,LOW,False,
terrain_god_ray_hints.py,_normalize_sun_dir,_normalize_sun_dir,66,function,B+,GRADED,file_qualified,blender_tool;camera_readability;pipeline_wiring,True,module_test;live_probe,6,veilbreakers_terrain/tests/test_camera_readability_runtime_helpers.py;veilbreakers_terrain/tests/test_terrain_atmosphere.py,LOW,False,direct_behavior_test;camera_readability_probe
terrain_god_ray_hints.py,_build_terrain_silhouette_shadow,_build_terrain_silhouette_shadow,75,function,A-,GRADED,file_qualified,blender_tool;camera_readability;pipeline_wiring,True,direct_test;module_test;live_probe,10,veilbreakers_terrain/tests/test_camera_readability_runtime_helpers.py;veilbreakers_terrain/tests/test_terrain_atmosphere.py,LOW,False,
terrain_god_ray_hints.py,compute_god_ray_hints,compute_god_ray_hints,144,function,B+,GRADED,file_qualified,blender_tool;camera_readability;pipeline_wiring,True,direct_test;module_test;live_probe,10,veilbreakers_terrain/tests/test_camera_readability_runtime_helpers.py;veilbreakers_terrain/tests/test_terrain_atmosphere.py,LOW,False,
terrain_god_ray_hints.py,export_god_ray_hints_json,export_god_ray_hints_json,343,function,B+,GRADED,file_qualified,blender_tool;camera_readability;pipeline_wiring,True,direct_test;module_test;live_probe,10,veilbreakers_terrain/tests/test_camera_readability_runtime_helpers.py;veilbreakers_terrain/tests/test_terrain_atmosphere.py,LOW,False,
terrain_god_ray_hints.py,pass_god_ray_hints,pass_god_ray_hints,363,function,A,GRADED,file_qualified,blender_tool;camera_readability;pipeline_wiring,True,direct_test;module_test;live_probe,10,veilbreakers_terrain/tests/test_camera_readability_runtime_helpers.py;veilbreakers_terrain/tests/test_terrain_atmosphere.py,LOW,False,
terrain_god_ray_hints.py,register_bundle_l_god_ray_hints_pass,register_bundle_l_god_ray_hints_pass,412,function,A,GRADED,file_qualified,blender_tool;camera_readability;pipeline_wiring,True,module_test;live_probe,6,veilbreakers_terrain/tests/test_camera_readability_runtime_helpers.py;veilbreakers_terrain/tests/test_terrain_atmosphere.py,LOW,False,direct_behavior_test;camera_readability_probe
terrain_golden_snapshots.py,GoldenSnapshot.to_dict,to_dict,49,method,A,GRADED,file_qualified,blender_tool;pipeline_wiring,True,direct_test;module_test;live_probe,10,veilbreakers_terrain/tests/test_terrain_advanced.py;veilbreakers_terrain/tests/test_terrain_best_practice_guardrail.py;veilbreakers_terrain/tests/test_terrain_deep_qa.py,LOW,False,
terrain_golden_snapshots.py,GoldenSnapshot.from_dict,from_dict,55,method,A,GRADED,file_qualified,blender_tool;pipeline_wiring,True,direct_test;module_test;live_probe,10,veilbreakers_terrain/tests/test_terrain_advanced.py;veilbreakers_terrain/tests/test_terrain_deep_qa.py,LOW,False,
terrain_golden_snapshots.py,_channel_hashes,_channel_hashes,71,function,A-,GRADED,file_qualified,blender_tool;pipeline_wiring,True,module_test;live_probe,6,veilbreakers_terrain/tests/test_terrain_deep_qa.py,LOW,False,direct_behavior_test
terrain_golden_snapshots.py,save_golden_snapshot,save_golden_snapshot,87,function,A-,GRADED,file_qualified,blender_tool;pipeline_wiring,True,direct_test;module_test;live_probe,10,veilbreakers_terrain/tests/test_terrain_deep_qa.py,LOW,False,
terrain_golden_snapshots.py,load_golden_snapshot,load_golden_snapshot,123,function,A,GRADED,file_qualified,blender_tool;pipeline_wiring,True,direct_test;module_test;live_probe,10,veilbreakers_terrain/tests/test_terrain_deep_qa.py,LOW,False,
terrain_golden_snapshots.py,compare_against_golden,compare_against_golden,129,function,A-,GRADED,file_qualified,blender_tool;pipeline_wiring,True,direct_test;module_test;live_probe,10,veilbreakers_terrain/tests/test_terrain_deep_qa.py,LOW,False,
terrain_golden_snapshots.py,_seed_one,_seed_one,235,function,D+,GRADED,file_qualified,blender_tool;pipeline_wiring,True,module_test;live_probe,5,veilbreakers_terrain/tests/test_terrain_deep_qa.py,LOW,False,direct_behavior_test
terrain_golden_snapshots.py,seed_golden_library,seed_golden_library,276,function,B+,GRADED,file_qualified,blender_tool;pipeline_wiring,True,direct_test;module_test;live_probe,10,veilbreakers_terrain/tests/test_terrain_deep_qa.py,LOW,False,
terrain_hierarchy.py,FeatureTier.from_str,from_str,35,method,A-,GRADED,file_qualified,blender_tool,True,direct_test;module_test;live_probe,10,veilbreakers_terrain/tests/test_live_tooling_runtime_helpers.py;veilbreakers_terrain/tests/test_terrain_composition.py,LOW,False,
terrain_hierarchy.py,classify_feature_tier,classify_feature_tier,77,function,B+,GRADED,file_qualified,blender_tool,True,direct_test;module_test;live_probe,10,veilbreakers_terrain/tests/test_live_tooling_runtime_helpers.py;veilbreakers_terrain/tests/test_terrain_composition.py,LOW,False,
terrain_hierarchy.py,enforce_feature_budget,enforce_feature_budget,119,function,B+,GRADED,file_qualified,blender_tool,True,direct_test;module_test;live_probe,10,veilbreakers_terrain/tests/test_live_tooling_runtime_helpers.py;veilbreakers_terrain/tests/test_terrain_composition.py,LOW,False,
terrain_horizon_lod.py,compute_horizon_lod,compute_horizon_lod,34,function,C+,GRADED,file_qualified,blender_tool;camera_readability;geometry_mesh;pipeline_wiring,True,direct_test;module_test;live_probe,9,veilbreakers_terrain/tests/test_terrain_atmosphere.py,LOW,False,
terrain_horizon_lod.py,_sample_height_bilinear,_sample_height_bilinear,103,function,A,GRADED,file_qualified,blender_tool;camera_readability;geometry_mesh;pipeline_wiring,True,module_test;live_probe,6,veilbreakers_terrain/tests/test_terrain_atmosphere.py,LOW,False,direct_behavior_test;camera_readability_probe
terrain_horizon_lod.py,build_horizon_skybox_mask,build_horizon_skybox_mask,129,function,A,GRADED,file_qualified,blender_tool;camera_readability;geometry_mesh;pipeline_wiring,True,direct_test;module_test;live_probe,10,veilbreakers_terrain/tests/test_terrain_atmosphere.py,LOW,False,
terrain_horizon_lod.py,pass_horizon_lod,pass_horizon_lod,240,function,A,GRADED,file_qualified,blender_tool;camera_readability;geometry_mesh;pipeline_wiring,True,direct_test;module_test;live_probe,10,veilbreakers_terrain/tests/test_terrain_atmosphere.py,LOW,False,
terrain_horizon_lod.py,register_bundle_l_horizon_lod_pass,register_bundle_l_horizon_lod_pass,341,function,A-,GRADED,file_qualified,blender_tool;camera_readability;geometry_mesh;pipeline_wiring,True,module_test;live_probe,6,veilbreakers_terrain/tests/test_terrain_atmosphere.py,LOW,False,direct_behavior_test;camera_readability_probe
terrain_hot_reload.py,_module_path,_module_path,35,function,A,GRADED,file_qualified,blender_tool;materials_texturing;scatter_ecology,True,module_test;live_probe,6,veilbreakers_terrain/tests/test_live_tooling_runtime_helpers.py;veilbreakers_terrain/tests/test_terrain_iteration.py,LOW,False,direct_behavior_test;material_texture_contract_test
terrain_hot_reload.py,_safe_reload,_safe_reload,40,function,D+,GRADED,file_qualified,blender_tool;materials_texturing;scatter_ecology,True,direct_test;module_test;live_probe,9,veilbreakers_terrain/tests/test_live_tooling_runtime_helpers.py;veilbreakers_terrain/tests/test_terrain_iteration.py,LOW,False,
terrain_hot_reload.py,reload_biome_rules,reload_biome_rules,74,function,A-,GRADED,file_qualified,blender_tool;materials_texturing;scatter_ecology,True,direct_test;module_test;live_probe,10,veilbreakers_terrain/tests/test_live_tooling_runtime_helpers.py;veilbreakers_terrain/tests/test_terrain_iteration.py,LOW,False,
terrain_hot_reload.py,reload_material_rules,reload_material_rules,84,function,A-,GRADED,file_qualified,blender_tool;materials_texturing;scatter_ecology,True,direct_test;module_test;live_probe,10,veilbreakers_terrain/tests/test_live_tooling_runtime_helpers.py;veilbreakers_terrain/tests/test_terrain_iteration.py,LOW,False,
terrain_hot_reload.py,HotReloadWatcher.add,add,118,method,A-,GRADED,file_qualified,blender_tool;materials_texturing;scatter_ecology,True,direct_test;module_test;live_probe,10,veilbreakers_terrain/tests/test_live_tooling_runtime_helpers.py;veilbreakers_terrain/tests/test_physical_plausibility.py;veilbreakers_terrain/tests/test_terrain_advanced.py;veilbreakers_terrain/tests/test_terrain_iteration.py;veilbreakers_terrain/tests/test_terrain_materials.py;veilbreakers_terrain/tests/test_validation_runtime_helpers.py,LOW,False,
terrain_hot_reload.py,HotReloadWatcher.watch_biome_rules,watch_biome_rules,128,method,A,GRADED,file_qualified,blender_tool;materials_texturing;scatter_ecology,True,module_test;live_probe,6,veilbreakers_terrain/tests/test_live_tooling_runtime_helpers.py;veilbreakers_terrain/tests/test_terrain_iteration.py,LOW,False,direct_behavior_test;material_texture_contract_test
terrain_hot_reload.py,HotReloadWatcher.watch_material_rules,watch_material_rules,133,method,A,GRADED,file_qualified,blender_tool;materials_texturing;scatter_ecology,True,module_test;live_probe,6,veilbreakers_terrain/tests/test_live_tooling_runtime_helpers.py;veilbreakers_terrain/tests/test_terrain_iteration.py,LOW,False,direct_behavior_test;material_texture_contract_test
terrain_hot_reload.py,HotReloadWatcher.check_and_reload,check_and_reload,138,method,C,GRADED,file_qualified,blender_tool;materials_texturing;scatter_ecology,True,direct_test;module_test;live_probe,9,veilbreakers_terrain/tests/test_live_tooling_runtime_helpers.py;veilbreakers_terrain/tests/test_terrain_iteration.py,LOW,False,
terrain_hot_reload.py,HotReloadWatcher.force_reload_all,force_reload_all,182,method,A,GRADED,file_simple,blender_tool;materials_texturing;scatter_ecology,True,module_test;live_probe,6,veilbreakers_terrain/tests/test_live_tooling_runtime_helpers.py;veilbreakers_terrain/tests/test_terrain_iteration.py,LOW,False,direct_behavior_test;material_texture_contract_test
terrain_hot_reload.py,HotReloadWatcher.clear_errors,clear_errors,198,method,A,GRADED,file_qualified,blender_tool;materials_texturing;scatter_ecology,True,direct_test;module_test;live_probe,10,veilbreakers_terrain/tests/test_live_tooling_runtime_helpers.py;veilbreakers_terrain/tests/test_terrain_iteration.py,LOW,False,
terrain_hot_reload.py,force_reload_all,force_reload_all,203,function,A,GRADED,file_qualified,blender_tool;materials_texturing;scatter_ecology,True,module_test;live_probe,6,veilbreakers_terrain/tests/test_live_tooling_runtime_helpers.py;veilbreakers_terrain/tests/test_terrain_iteration.py,LOW,False,direct_behavior_test;material_texture_contract_test
terrain_iteration_metrics.py,_get_peak_memory_mb,_get_peak_memory_mb,24,function,B+,GRADED,file_qualified,blender_tool;pipeline_wiring,True,module_test;live_probe,6,veilbreakers_terrain/tests/test_terrain_iteration.py;veilbreakers_terrain/tests/test_terrain_wiring_integration.py,LOW,False,direct_behavior_test
terrain_iteration_metrics.py,IterationMetrics.record,record,98,method,A,GRADED,file_qualified,blender_tool;pipeline_wiring,True,direct_test;module_test;live_probe,10,veilbreakers_terrain/tests/test_stream_power_erosion.py;veilbreakers_terrain/tests/test_terrain_iteration.py;veilbreakers_terrain/tests/test_terrain_wiring_integration.py,LOW,False,
terrain_iteration_metrics.py,IterationMetrics.reset,reset,141,method,A,GRADED,file_qualified,blender_tool;pipeline_wiring,True,direct_test;module_test;live_probe,10,veilbreakers_terrain/tests/test_mcp_dispatch.py;veilbreakers_terrain/tests/test_terrain_iteration.py;veilbreakers_terrain/tests/test_terrain_wiring_integration.py,LOW,False,
terrain_iteration_metrics.py,IterationMetrics.merge,merge,160,method,B-,GRADED,file_qualified,blender_tool;pipeline_wiring,True,module_test;live_probe,5,veilbreakers_terrain/tests/test_terrain_iteration.py;veilbreakers_terrain/tests/test_terrain_wiring_integration.py,LOW,False,direct_behavior_test
terrain_iteration_metrics.py,IterationMetrics.avg_pass_duration_s,avg_pass_duration_s,192,method,A,GRADED,file_qualified,blender_tool;pipeline_wiring,True,direct_test;module_test;live_probe,10,veilbreakers_terrain/tests/test_terrain_iteration.py;veilbreakers_terrain/tests/test_terrain_wiring_integration.py,LOW,False,
terrain_iteration_metrics.py,IterationMetrics.cache_hit_rate,cache_hit_rate,200,method,A,GRADED,file_qualified,blender_tool;pipeline_wiring,True,direct_test;module_test;live_probe,10,veilbreakers_terrain/tests/test_terrain_iteration.py;veilbreakers_terrain/tests/test_terrain_wiring_integration.py,LOW,False,
terrain_iteration_metrics.py,IterationMetrics.p50_duration_s,p50_duration_s,205,method,A,GRADED,file_qualified,blender_tool;pipeline_wiring,True,direct_test;module_test;live_probe,10,veilbreakers_terrain/tests/test_terrain_iteration.py;veilbreakers_terrain/tests/test_terrain_wiring_integration.py,LOW,False,
terrain_iteration_metrics.py,IterationMetrics.p95_duration_s,p95_duration_s,209,method,A,GRADED,file_qualified,blender_tool;pipeline_wiring,True,direct_test;module_test;live_probe,10,veilbreakers_terrain/tests/test_terrain_iteration.py;veilbreakers_terrain/tests/test_terrain_wiring_integration.py,LOW,False,
terrain_iteration_metrics.py,IterationMetrics.p99_duration_s,p99_duration_s,213,method,A,GRADED,file_qualified,blender_tool;pipeline_wiring,True,module_test;live_probe,6,veilbreakers_terrain/tests/test_terrain_iteration.py;veilbreakers_terrain/tests/test_terrain_wiring_integration.py,LOW,False,direct_behavior_test
terrain_iteration_metrics.py,IterationMetrics.max_duration_s,max_duration_s,217,method,A,GRADED,file_qualified,blender_tool;pipeline_wiring,True,module_test;live_probe,6,veilbreakers_terrain/tests/test_terrain_iteration.py;veilbreakers_terrain/tests/test_terrain_wiring_integration.py,LOW,False,direct_behavior_test
terrain_iteration_metrics.py,IterationMetrics.slowest_pass_name,slowest_pass_name,221,method,A,GRADED,file_qualified,blender_tool;pipeline_wiring,True,module_test;live_probe,6,veilbreakers_terrain/tests/test_terrain_iteration.py;veilbreakers_terrain/tests/test_terrain_wiring_integration.py,LOW,False,direct_behavior_test
terrain_iteration_metrics.py,IterationMetrics.per_pass_totals,per_pass_totals,228,method,B+,GRADED,file_simple,blender_tool;pipeline_wiring,True,module_test;live_probe,6,veilbreakers_terrain/tests/test_terrain_iteration.py;veilbreakers_terrain/tests/test_terrain_wiring_integration.py,LOW,False,direct_behavior_test
terrain_iteration_metrics.py,IterationMetrics.hotspots,hotspots,232,method,A,GRADED,file_qualified,blender_tool;pipeline_wiring,True,module_test;live_probe,6,veilbreakers_terrain/tests/test_terrain_iteration.py;veilbreakers_terrain/tests/test_terrain_wiring_integration.py,LOW,False,direct_behavior_test
terrain_iteration_metrics.py,IterationMetrics.summary_report,summary_report,239,method,A,GRADED,file_simple,blender_tool;pipeline_wiring,True,direct_test;module_test;live_probe,10,veilbreakers_terrain/tests/test_terrain_iteration.py;veilbreakers_terrain/tests/test_terrain_wiring_integration.py,LOW,False,
terrain_iteration_metrics.py,IterationMetrics.to_json,to_json,278,method,A,GRADED,file_qualified,blender_tool;pipeline_wiring,True,module_test;live_probe,6,veilbreakers_terrain/tests/test_terrain_iteration.py;veilbreakers_terrain/tests/test_terrain_wiring_integration.py,LOW,False,direct_behavior_test
terrain_iteration_metrics.py,_percentile,_percentile,288,function,A,GRADED,file_qualified,blender_tool;pipeline_wiring,True,module_test;live_probe,6,veilbreakers_terrain/tests/test_terrain_iteration.py;veilbreakers_terrain/tests/test_terrain_wiring_integration.py,LOW,False,direct_behavior_test
terrain_iteration_metrics.py,record_iteration,record_iteration,324,function,D,GRADED,file_qualified,blender_tool;pipeline_wiring,True,direct_test;module_test;live_probe,9,veilbreakers_terrain/tests/test_terrain_iteration.py;veilbreakers_terrain/tests/test_terrain_wiring_integration.py,LOW,False,
terrain_iteration_metrics.py,record_cache_hit,record_cache_hit,329,function,A,GRADED,file_qualified,blender_tool;pipeline_wiring,True,direct_test;module_test;live_probe,10,veilbreakers_terrain/tests/test_terrain_iteration.py;veilbreakers_terrain/tests/test_terrain_wiring_integration.py,LOW,False,
terrain_iteration_metrics.py,record_cache_miss,record_cache_miss,333,function,A,GRADED,file_qualified,blender_tool;pipeline_wiring,True,direct_test;module_test;live_probe,10,veilbreakers_terrain/tests/test_terrain_iteration.py;veilbreakers_terrain/tests/test_terrain_wiring_integration.py,LOW,False,
terrain_iteration_metrics.py,record_wave,record_wave,337,function,B,GRADED,file_qualified,blender_tool;pipeline_wiring,True,module_test;live_probe,5,veilbreakers_terrain/tests/test_terrain_iteration.py;veilbreakers_terrain/tests/test_terrain_wiring_integration.py,LOW,False,direct_behavior_test
terrain_iteration_metrics.py,speedup_factor,speedup_factor,342,function,A,GRADED,file_qualified,blender_tool;pipeline_wiring,True,direct_test;module_test;live_probe,10,veilbreakers_terrain/tests/test_terrain_iteration.py;veilbreakers_terrain/tests/test_terrain_wiring_integration.py,LOW,False,
terrain_iteration_metrics.py,meets_speedup_target,meets_speedup_target,361,function,D,GRADED,file_qualified,blender_tool;pipeline_wiring,True,direct_test;module_test;live_probe,9,veilbreakers_terrain/tests/test_terrain_iteration.py;veilbreakers_terrain/tests/test_terrain_wiring_integration.py,LOW,False,
terrain_iteration_metrics.py,stdev_duration_s,stdev_duration_s,376,function,A,GRADED,file_qualified,blender_tool;pipeline_wiring,True,module_test;live_probe,6,veilbreakers_terrain/tests/test_terrain_iteration.py;veilbreakers_terrain/tests/test_terrain_wiring_integration.py,LOW,False,direct_behavior_test
terrain_karst.py,detect_karst_candidates,detect_karst_candidates,89,function,A,GRADED,file_qualified,blender_tool;materials_texturing;water;geometry_mesh;pipeline_wiring,True,direct_test;module_test;live_probe,10,veilbreakers_terrain/tests/test_terrain_geology.py,LOW,False,
terrain_karst.py,carve_karst_features,carve_karst_features,319,function,B+,GRADED,file_qualified,blender_tool;materials_texturing;water;geometry_mesh;pipeline_wiring,True,direct_test;module_test;live_probe,10,veilbreakers_terrain/tests/test_terrain_geology.py,LOW,False,
terrain_karst.py,pass_karst,pass_karst,420,function,D+,GRADED,file_qualified,blender_tool;materials_texturing;water;geometry_mesh;pipeline_wiring,True,direct_test;module_test;live_probe,9,veilbreakers_terrain/tests/test_terrain_geology.py,LOW,False,
terrain_karst.py,get_sinkhole_specs,get_sinkhole_specs,472,function,B+,GRADED,file_qualified,blender_tool;materials_texturing;water;geometry_mesh;pipeline_wiring,True,module_test;live_probe,6,veilbreakers_terrain/tests/test_terrain_geology.py,LOW,False,direct_behavior_test;material_texture_contract_test
terrain_legacy_bug_fixes.py,_default_terrain_advanced_path,_default_terrain_advanced_path,31,function,B,GRADED,file_qualified,blender_tool;geometry_mesh,True,module_test;live_probe,5,veilbreakers_terrain/tests/test_bundle_bcd_supplements.py,LOW,False,direct_behavior_test
terrain_legacy_bug_fixes.py,audit_np_clip_in_file,audit_np_clip_in_file,51,function,B-,GRADED,file_qualified,blender_tool;geometry_mesh,True,direct_test;module_test;live_probe,9,veilbreakers_terrain/tests/test_bundle_bcd_supplements.py,LOW,False,
terrain_legacy_bug_fixes.py,_audit_pixel_units_in_file,_audit_pixel_units_in_file,112,function,D+,GRADED,file_qualified,blender_tool;geometry_mesh,True,module_test;live_probe,5,veilbreakers_terrain/tests/test_bundle_bcd_supplements.py,LOW,False,direct_behavior_test
terrain_legacy_bug_fixes.py,audit_terrain_advanced_world_units,audit_terrain_advanced_world_units,140,function,A,GRADED,file_qualified,blender_tool;geometry_mesh,True,direct_test;module_test;live_probe,10,veilbreakers_terrain/tests/test_bundle_bcd_supplements.py,LOW,False,
terrain_live_preview.py,_clone_stack_for_diff,_clone_stack_for_diff,27,function,A,GRADED,file_qualified,blender_tool;visual_qa;pipeline_wiring,True,direct_test;module_test;live_probe,10,veilbreakers_terrain/tests/test_terrain_iteration.py;veilbreakers_terrain/tests/test_visual_export_runtime_helpers.py,LOW,False,
terrain_live_preview.py,LivePreviewSession.state,state,75,method,A,GRADED,file_qualified,blender_tool;visual_qa;pipeline_wiring,True,direct_test;module_test;live_probe,10,veilbreakers_terrain/tests/integration/test_full_terrain_pipeline.py;veilbreakers_terrain/tests/test_bundle_r.py;veilbreakers_terrain/tests/test_chunk_cache_math_helpers.py;veilbreakers_terrain/tests/test_delta_integrator.py;veilbreakers_terrain/tests/test_environment_analysis_runtime_helpers.py;veilbreakers_terrain/tests/test_environment_handlers.py;veilbreakers_terrain/tests/test_erosion_freq_split.py;veilbreakers_terrain/tests/test_live_readiness_regressions.py;...(+31),LOW,False,
terrain_live_preview.py,LivePreviewSession.current_hash,current_hash,78,method,A,GRADED,file_qualified,blender_tool;visual_qa;pipeline_wiring,True,direct_test;module_test;live_probe,10,veilbreakers_terrain/tests/test_terrain_iteration.py;veilbreakers_terrain/tests/test_visual_export_runtime_helpers.py,LOW,False,
terrain_live_preview.py,LivePreviewSession.apply_edit,apply_edit,81,method,B+,GRADED,file_simple,blender_tool;visual_qa;pipeline_wiring,True,direct_test;module_test;live_probe,10,veilbreakers_terrain/tests/test_terrain_iteration.py;veilbreakers_terrain/tests/test_visual_export_runtime_helpers.py,LOW,False,
terrain_live_preview.py,LivePreviewSession.diff_preview,diff_preview,127,method,B,GRADED,file_simple,blender_tool;visual_qa;pipeline_wiring,True,direct_test;module_test;live_probe,9,veilbreakers_terrain/tests/test_terrain_iteration.py;veilbreakers_terrain/tests/test_visual_export_runtime_helpers.py,LOW,False,
terrain_live_preview.py,LivePreviewSession.diff_stacks,diff_stacks,147,method,B,GRADED,file_qualified,blender_tool;visual_qa;pipeline_wiring,True,direct_test;module_test;live_probe,9,veilbreakers_terrain/tests/test_terrain_iteration.py;veilbreakers_terrain/tests/test_visual_export_runtime_helpers.py,LOW,False,
terrain_live_preview.py,LivePreviewSession.snapshot_stack,snapshot_stack,151,method,A,GRADED,file_qualified,blender_tool;visual_qa;pipeline_wiring,True,direct_test;module_test;live_probe,10,veilbreakers_terrain/tests/test_terrain_iteration.py;veilbreakers_terrain/tests/test_visual_export_runtime_helpers.py,LOW,False,
terrain_live_preview.py,LivePreviewSession.render_thumbnail_png,render_thumbnail_png,155,method,B-,GRADED,file_qualified,blender_tool;visual_qa;pipeline_wiring,True,direct_test;module_test;live_probe,9,veilbreakers_terrain/tests/test_terrain_iteration.py;veilbreakers_terrain/tests/test_visual_export_runtime_helpers.py,LOW,False,
terrain_live_preview.py,edit_hero_feature,edit_hero_feature,186,function,A,GRADED,file_qualified,blender_tool;visual_qa;pipeline_wiring,True,module_test;live_probe,6,veilbreakers_terrain/tests/test_terrain_iteration.py;veilbreakers_terrain/tests/test_visual_export_runtime_helpers.py,LOW,False,direct_behavior_test
terrain_macro_color.py,_resolve_palette,_resolve_palette,42,function,B,GRADED,file_qualified,materials_texturing;water;geometry_mesh;scatter_ecology;pipeline_wiring,False,module_test;live_probe,5,veilbreakers_terrain/tests/test_terrain_cliffs.py;veilbreakers_terrain/tests/test_terrain_material_ceiling.py,LOW,False,direct_behavior_test;material_texture_contract_test
terrain_macro_color.py,_resolve_strata_color_map,_resolve_strata_color_map,60,function,D+,GRADED,file_qualified,materials_texturing;water;geometry_mesh;scatter_ecology;pipeline_wiring,False,module_test;live_probe,5,veilbreakers_terrain/tests/test_terrain_cliffs.py;veilbreakers_terrain/tests/test_terrain_material_ceiling.py,LOW,False,direct_behavior_test;material_texture_contract_test
terrain_macro_color.py,compute_macro_color,compute_macro_color,116,function,B+,GRADED,file_qualified,materials_texturing;water;geometry_mesh;scatter_ecology;pipeline_wiring,False,direct_test;module_test;live_probe,10,veilbreakers_terrain/tests/test_terrain_cliffs.py;veilbreakers_terrain/tests/test_terrain_material_ceiling.py,LOW,False,
terrain_macro_color.py,pass_macro_color,pass_macro_color,208,function,A,GRADED,file_qualified,materials_texturing;water;geometry_mesh;scatter_ecology;pipeline_wiring,False,direct_test;module_test;live_probe,10,veilbreakers_terrain/tests/test_terrain_cliffs.py;veilbreakers_terrain/tests/test_terrain_material_ceiling.py,LOW,False,
terrain_macro_color.py,register_bundle_k_macro_color_pass,register_bundle_k_macro_color_pass,244,function,A,GRADED,file_qualified,materials_texturing;water;geometry_mesh;scatter_ecology;pipeline_wiring,True,module_test;live_probe,6,veilbreakers_terrain/tests/test_terrain_cliffs.py;veilbreakers_terrain/tests/test_terrain_material_ceiling.py,LOW,False,direct_behavior_test;material_texture_contract_test
terrain_mask_cache.py,_hash_channel,_hash_channel,33,function,A,GRADED,file_qualified,blender_tool;visual_qa;pipeline_wiring,True,direct_test;module_test;live_probe,10,veilbreakers_terrain/tests/test_chunk_cache_math_helpers.py;veilbreakers_terrain/tests/test_terrain_iteration.py,LOW,False,
terrain_mask_cache.py,cache_key_for_pass,cache_key_for_pass,49,function,A,GRADED,file_qualified,blender_tool;visual_qa;pipeline_wiring,True,direct_test;module_test;live_probe,10,veilbreakers_terrain/tests/test_chunk_cache_math_helpers.py;veilbreakers_terrain/tests/test_terrain_iteration.py,LOW,False,
terrain_mask_cache.py,MaskCache.get,get,151,method,A,GRADED,file_qualified,blender_tool;visual_qa;pipeline_wiring,True,direct_test;module_test;live_probe,10,veilbreakers_terrain/tests/contract/test_terrain_contracts.py;veilbreakers_terrain/tests/test_aaa_terrain_vegetation.py;veilbreakers_terrain/tests/test_aaa_water_scatter.py;veilbreakers_terrain/tests/test_blender_capability_bridge.py;veilbreakers_terrain/tests/test_chunk_cache_math_helpers.py;veilbreakers_terrain/tests/test_environment_analysis_runtime_helpers.py;veilbreakers_terrain/tests/test_environment_handlers.py;veilbreakers_terrain/tests/test_environment_scatter_handlers.py;...(+28),LOW,False,
terrain_mask_cache.py,MaskCache.put,put,160,method,A,GRADED,file_qualified,blender_tool;visual_qa;pipeline_wiring,True,direct_test;module_test;live_probe,10,veilbreakers_terrain/tests/test_chunk_cache_math_helpers.py;veilbreakers_terrain/tests/test_terrain_iteration.py,LOW,False,
terrain_mask_cache.py,MaskCache._remove_from_tag_index,_remove_from_tag_index,188,method,A,GRADED,file_qualified,blender_tool;visual_qa;pipeline_wiring,True,direct_test;module_test;live_probe,10,veilbreakers_terrain/tests/test_chunk_cache_math_helpers.py;veilbreakers_terrain/tests/test_terrain_iteration.py,LOW,False,
terrain_mask_cache.py,MaskCache.get_or_compute,get_or_compute,193,method,B+,GRADED,file_qualified,blender_tool;visual_qa;pipeline_wiring,True,direct_test;module_test;live_probe,10,veilbreakers_terrain/tests/test_chunk_cache_math_helpers.py;veilbreakers_terrain/tests/test_terrain_iteration.py,LOW,False,
terrain_mask_cache.py,MaskCache.invalidate,invalidate,242,method,A,GRADED,file_qualified,blender_tool;visual_qa;pipeline_wiring,True,module_test;live_probe,6,veilbreakers_terrain/tests/test_chunk_cache_math_helpers.py;veilbreakers_terrain/tests/test_terrain_iteration.py,LOW,False,direct_behavior_test
terrain_mask_cache.py,MaskCache.invalidate_prefix,invalidate_prefix,250,method,A,GRADED,file_qualified,blender_tool;visual_qa;pipeline_wiring,True,direct_test;module_test;live_probe,10,veilbreakers_terrain/tests/test_chunk_cache_math_helpers.py;veilbreakers_terrain/tests/test_terrain_iteration.py,LOW,False,
terrain_mask_cache.py,MaskCache.invalidate_all,invalidate_all,293,method,A,GRADED,file_qualified,blender_tool;visual_qa;pipeline_wiring,True,module_test;live_probe,6,veilbreakers_terrain/tests/test_chunk_cache_math_helpers.py;veilbreakers_terrain/tests/test_terrain_iteration.py,LOW,False,direct_behavior_test
terrain_mask_cache.py,MaskCache.stats,stats,298,method,A,GRADED,file_qualified,blender_tool;visual_qa;pipeline_wiring,True,direct_test;module_test;live_probe,10,veilbreakers_terrain/tests/test_chunk_cache_math_helpers.py;veilbreakers_terrain/tests/test_terrain_foliage_catalog.py;veilbreakers_terrain/tests/test_terrain_iteration.py;veilbreakers_terrain/tests/test_visual_export_runtime_helpers.py,LOW,False,
terrain_mask_cache.py,_snapshot_produced_channels,_snapshot_produced_channels,316,function,A,GRADED,file_qualified,blender_tool;visual_qa;pipeline_wiring,True,module_test;live_probe,6,veilbreakers_terrain/tests/test_chunk_cache_math_helpers.py;veilbreakers_terrain/tests/test_terrain_iteration.py,LOW,False,direct_behavior_test
terrain_mask_cache.py,_restore_produced_channels,_restore_produced_channels,327,function,A,GRADED,file_qualified,blender_tool;visual_qa;pipeline_wiring,True,direct_test;module_test;live_probe,10,veilbreakers_terrain/tests/test_chunk_cache_math_helpers.py;veilbreakers_terrain/tests/test_terrain_iteration.py,LOW,False,
terrain_mask_cache.py,pass_with_cache,pass_with_cache,338,function,A,GRADED,file_qualified,blender_tool;visual_qa;pipeline_wiring,True,direct_test;module_test;live_probe,10,veilbreakers_terrain/tests/test_chunk_cache_math_helpers.py;veilbreakers_terrain/tests/test_terrain_iteration.py,LOW,False,
terrain_masks.py,compute_slope,compute_slope,27,function,A,GRADED,file_qualified,blender_tool;visual_qa;geometry_mesh;pipeline_wiring,True,module_test;live_probe,6,veilbreakers_terrain/tests/test_terrain_caves.py;veilbreakers_terrain/tests/test_terrain_cliffs.py;veilbreakers_terrain/tests/test_terrain_composition.py;veilbreakers_terrain/tests/test_terrain_materials_v2.py,LOW,False,direct_behavior_test
terrain_masks.py,compute_curvature,compute_curvature,49,function,A,GRADED,file_qualified,blender_tool;visual_qa;geometry_mesh;pipeline_wiring,True,module_test;live_probe,6,veilbreakers_terrain/tests/test_terrain_caves.py;veilbreakers_terrain/tests/test_terrain_cliffs.py;veilbreakers_terrain/tests/test_terrain_composition.py;veilbreakers_terrain/tests/test_terrain_materials_v2.py,LOW,False,direct_behavior_test
terrain_masks.py,compute_concavity,compute_concavity,73,function,B+,GRADED,file_qualified,blender_tool;visual_qa;geometry_mesh;pipeline_wiring,True,module_test;live_probe,6,veilbreakers_terrain/tests/test_terrain_caves.py;veilbreakers_terrain/tests/test_terrain_cliffs.py;veilbreakers_terrain/tests/test_terrain_composition.py;veilbreakers_terrain/tests/test_terrain_materials_v2.py,LOW,False,direct_behavior_test
terrain_masks.py,compute_convexity,compute_convexity,90,function,B+,GRADED,file_qualified,blender_tool;visual_qa;geometry_mesh;pipeline_wiring,True,module_test;live_probe,6,veilbreakers_terrain/tests/test_terrain_caves.py;veilbreakers_terrain/tests/test_terrain_cliffs.py;veilbreakers_terrain/tests/test_terrain_composition.py;veilbreakers_terrain/tests/test_terrain_materials_v2.py,LOW,False,direct_behavior_test
terrain_masks.py,extract_ridge_mask,extract_ridge_mask,107,function,B,GRADED,file_qualified,blender_tool;visual_qa;geometry_mesh;pipeline_wiring,True,module_test;live_probe,5,veilbreakers_terrain/tests/test_terrain_caves.py;veilbreakers_terrain/tests/test_terrain_cliffs.py;veilbreakers_terrain/tests/test_terrain_composition.py;veilbreakers_terrain/tests/test_terrain_materials_v2.py,LOW,False,direct_behavior_test
terrain_masks.py,detect_basins,detect_basins,145,function,B+,GRADED,file_qualified,blender_tool;visual_qa;geometry_mesh;pipeline_wiring,True,module_test;live_probe,6,veilbreakers_terrain/tests/test_terrain_caves.py;veilbreakers_terrain/tests/test_terrain_cliffs.py;veilbreakers_terrain/tests/test_terrain_composition.py;veilbreakers_terrain/tests/test_terrain_materials_v2.py,LOW,False,direct_behavior_test
terrain_masks.py,compute_macro_saliency,compute_macro_saliency,266,function,B+,GRADED,file_qualified,blender_tool;visual_qa;geometry_mesh;pipeline_wiring,True,module_test;live_probe,6,veilbreakers_terrain/tests/test_terrain_caves.py;veilbreakers_terrain/tests/test_terrain_cliffs.py;veilbreakers_terrain/tests/test_terrain_composition.py;veilbreakers_terrain/tests/test_terrain_materials_v2.py,LOW,False,direct_behavior_test
terrain_masks.py,compute_base_masks,compute_base_masks,302,function,A,GRADED,file_qualified,blender_tool;visual_qa;geometry_mesh;pipeline_wiring,True,direct_test;module_test;live_probe,10,veilbreakers_terrain/tests/test_terrain_caves.py;veilbreakers_terrain/tests/test_terrain_cliffs.py;veilbreakers_terrain/tests/test_terrain_composition.py;veilbreakers_terrain/tests/test_terrain_materials_v2.py,LOW,False,
terrain_master_registrar.py,_safe_import_registrar,_safe_import_registrar,102,function,A,GRADED,file_qualified,blender_tool;visual_qa;camera_readability;materials_texturing;water;geometry_mesh;scatter_ecology;pipeline_wiring,True,direct_test;module_test;live_probe,10,veilbreakers_terrain/tests/integration/test_full_terrain_pipeline.py;veilbreakers_terrain/tests/test_terrain_master_registrar.py;veilbreakers_terrain/tests/test_terrain_wiring_integration.py,LOW,False,
terrain_master_registrar.py,register_all_terrain_passes,register_all_terrain_passes,127,function,A,GRADED,file_qualified,blender_tool;visual_qa;camera_readability;materials_texturing;water;geometry_mesh;scatter_ecology;pipeline_wiring,True,direct_test;module_test;live_probe,10,veilbreakers_terrain/tests/integration/test_full_terrain_pipeline.py;veilbreakers_terrain/tests/test_terrain_master_registrar.py;veilbreakers_terrain/tests/test_terrain_wiring_integration.py,LOW,False,
terrain_master_registrar.py,register_all_terrain_passes_detailed,register_all_terrain_passes_detailed,155,function,A,GRADED,file_qualified,blender_tool;visual_qa;camera_readability;materials_texturing;water;geometry_mesh;scatter_ecology;pipeline_wiring,True,module_test;live_probe,6,veilbreakers_terrain/tests/integration/test_full_terrain_pipeline.py;veilbreakers_terrain/tests/test_terrain_master_registrar.py;veilbreakers_terrain/tests/test_terrain_wiring_integration.py,LOW,False,direct_behavior_test;material_texture_contract_test;camera_readability_probe
terrain_master_registrar.py,_register_all_terrain_passes_impl,_register_all_terrain_passes_impl,170,function,B,GRADED,file_qualified,blender_tool;visual_qa;camera_readability;materials_texturing;water;geometry_mesh;scatter_ecology;pipeline_wiring,True,module_test;live_probe,5,veilbreakers_terrain/tests/integration/test_full_terrain_pipeline.py;veilbreakers_terrain/tests/test_terrain_master_registrar.py;veilbreakers_terrain/tests/test_terrain_wiring_integration.py,LOW,False,direct_behavior_test;material_texture_contract_test;camera_readability_probe
terrain_materials.py,get_default_biome,get_default_biome,50,function,A,GRADED,file_qualified,blender_tool;materials_texturing;water;geometry_mesh;scatter_ecology,True,module_test;live_probe,6,veilbreakers_terrain/tests/test_biome_grammar.py;veilbreakers_terrain/tests/test_environment_handlers.py;veilbreakers_terrain/tests/test_terrain_materials.py;veilbreakers_terrain/tests/test_terrain_wiring_integration.py,LOW,False,direct_behavior_test;material_texture_contract_test
terrain_materials.py,_get_material_def,_get_material_def,997,function,A-,GRADED,file_qualified,blender_tool;materials_texturing;water;geometry_mesh;scatter_ecology,True,module_test;live_probe,6,veilbreakers_terrain/tests/test_biome_grammar.py;veilbreakers_terrain/tests/test_environment_handlers.py;veilbreakers_terrain/tests/test_terrain_materials.py;veilbreakers_terrain/tests/test_terrain_wiring_integration.py,LOW,False,direct_behavior_test;material_texture_contract_test
terrain_materials.py,get_all_terrain_material_keys,get_all_terrain_material_keys,1002,function,A,GRADED,file_qualified,blender_tool;materials_texturing;water;geometry_mesh;scatter_ecology,True,module_test;live_probe,6,veilbreakers_terrain/tests/test_biome_grammar.py;veilbreakers_terrain/tests/test_environment_handlers.py;veilbreakers_terrain/tests/test_terrain_materials.py;veilbreakers_terrain/tests/test_terrain_wiring_integration.py,LOW,False,direct_behavior_test;material_texture_contract_test
terrain_materials.py,get_biome_palette,get_biome_palette,1015,function,A,GRADED,file_qualified,blender_tool;materials_texturing;water;geometry_mesh;scatter_ecology,True,module_test;live_probe,6,veilbreakers_terrain/tests/test_biome_grammar.py;veilbreakers_terrain/tests/test_environment_handlers.py;veilbreakers_terrain/tests/test_terrain_materials.py;veilbreakers_terrain/tests/test_terrain_wiring_integration.py,LOW,False,direct_behavior_test;material_texture_contract_test
terrain_materials.py,_face_slope_angle,_face_slope_angle,1046,function,A,GRADED,file_qualified,blender_tool;materials_texturing;water;geometry_mesh;scatter_ecology,True,module_test;live_probe,6,veilbreakers_terrain/tests/test_biome_grammar.py;veilbreakers_terrain/tests/test_environment_handlers.py;veilbreakers_terrain/tests/test_terrain_materials.py;veilbreakers_terrain/tests/test_terrain_wiring_integration.py,LOW,False,direct_behavior_test;material_texture_contract_test
terrain_materials.py,_classify_face,_classify_face,1068,function,D+,GRADED,file_qualified,blender_tool;materials_texturing;water;geometry_mesh;scatter_ecology,True,module_test;live_probe,5,veilbreakers_terrain/tests/test_biome_grammar.py;veilbreakers_terrain/tests/test_environment_handlers.py;veilbreakers_terrain/tests/test_terrain_materials.py;veilbreakers_terrain/tests/test_terrain_wiring_integration.py,LOW,False,direct_behavior_test;material_texture_contract_test
terrain_materials.py,assign_terrain_materials_by_slope,assign_terrain_materials_by_slope,1119,function,D+,GRADED,file_qualified,blender_tool;materials_texturing;water;geometry_mesh;scatter_ecology,True,module_test;live_probe,5,veilbreakers_terrain/tests/test_biome_grammar.py;veilbreakers_terrain/tests/test_environment_handlers.py;veilbreakers_terrain/tests/test_terrain_materials.py;veilbreakers_terrain/tests/test_terrain_wiring_integration.py,LOW,False,direct_behavior_test;material_texture_contract_test
terrain_materials.py,blend_terrain_vertex_colors,blend_terrain_vertex_colors,1326,function,D+,GRADED,file_qualified,blender_tool;materials_texturing;water;geometry_mesh;scatter_ecology,True,module_test;live_probe,5,veilbreakers_terrain/tests/test_biome_grammar.py;veilbreakers_terrain/tests/test_environment_handlers.py;veilbreakers_terrain/tests/test_terrain_materials.py;veilbreakers_terrain/tests/test_terrain_wiring_integration.py,LOW,False,direct_behavior_test;material_texture_contract_test
terrain_materials.py,apply_corruption_tint,apply_corruption_tint,1573,function,A,GRADED,file_qualified,blender_tool;materials_texturing;water;geometry_mesh;scatter_ecology,True,module_test;live_probe,6,veilbreakers_terrain/tests/test_biome_grammar.py;veilbreakers_terrain/tests/test_environment_handlers.py;veilbreakers_terrain/tests/test_terrain_materials.py;veilbreakers_terrain/tests/test_terrain_wiring_integration.py,LOW,False,direct_behavior_test;material_texture_contract_test
terrain_materials.py,_wang_hash,_wang_hash,1652,function,D+,GRADED,file_qualified,blender_tool;materials_texturing;water;geometry_mesh;scatter_ecology,True,module_test;live_probe,5,veilbreakers_terrain/tests/test_biome_grammar.py;veilbreakers_terrain/tests/test_environment_handlers.py;veilbreakers_terrain/tests/test_terrain_materials.py;veilbreakers_terrain/tests/test_terrain_wiring_integration.py,LOW,False,direct_behavior_test;material_texture_contract_test
terrain_materials.py,_simple_noise_2d,_simple_noise_2d,1662,function,A,GRADED,file_qualified,blender_tool;materials_texturing;water;geometry_mesh;scatter_ecology,True,direct_test;module_test;live_probe,10,veilbreakers_terrain/tests/test_biome_grammar.py;veilbreakers_terrain/tests/test_environment_handlers.py;veilbreakers_terrain/tests/test_terrain_materials.py;veilbreakers_terrain/tests/test_terrain_wiring_integration.py,LOW,False,
terrain_materials.py,compute_biome_transition,compute_biome_transition,1718,function,A,GRADED,file_qualified,blender_tool;materials_texturing;water;geometry_mesh;scatter_ecology,True,direct_test;module_test;live_probe,10,veilbreakers_terrain/tests/test_biome_grammar.py;veilbreakers_terrain/tests/test_environment_handlers.py;veilbreakers_terrain/tests/test_terrain_materials.py;veilbreakers_terrain/tests/test_terrain_wiring_integration.py,LOW,False,
terrain_materials.py,height_blend,height_blend,1894,function,B+,GRADED,file_qualified,blender_tool;materials_texturing;water;geometry_mesh;scatter_ecology,True,module_test;live_probe,6,veilbreakers_terrain/tests/test_biome_grammar.py;veilbreakers_terrain/tests/test_environment_handlers.py;veilbreakers_terrain/tests/test_terrain_materials.py;veilbreakers_terrain/tests/test_terrain_wiring_integration.py,LOW,False,direct_behavior_test;material_texture_contract_test
terrain_materials.py,_create_height_blend_group,_create_height_blend_group,1952,function,D+,GRADED,file_qualified,blender_tool;materials_texturing;water;geometry_mesh;scatter_ecology,True,module_test;live_probe,5,veilbreakers_terrain/tests/test_biome_grammar.py;veilbreakers_terrain/tests/test_environment_handlers.py;veilbreakers_terrain/tests/test_terrain_materials.py;veilbreakers_terrain/tests/test_terrain_wiring_integration.py,LOW,False,direct_behavior_test;material_texture_contract_test
terrain_materials.py,_biome_environment_params,_biome_environment_params,2105,function,D+,GRADED,file_qualified,blender_tool;materials_texturing;water;geometry_mesh;scatter_ecology,True,module_test;live_probe,5,veilbreakers_terrain/tests/test_biome_grammar.py;veilbreakers_terrain/tests/test_environment_handlers.py;veilbreakers_terrain/tests/test_terrain_materials.py;veilbreakers_terrain/tests/test_terrain_wiring_integration.py,LOW,False,direct_behavior_test;material_texture_contract_test
terrain_materials.py,handle_setup_terrain_biome,handle_setup_terrain_biome,2235,function,B+,GRADED,file_qualified,blender_tool;materials_texturing;water;geometry_mesh;scatter_ecology,True,module_test;live_probe,6,veilbreakers_terrain/tests/test_biome_grammar.py;veilbreakers_terrain/tests/test_environment_handlers.py;veilbreakers_terrain/tests/test_terrain_materials.py;veilbreakers_terrain/tests/test_terrain_wiring_integration.py,LOW,False,direct_behavior_test;material_texture_contract_test
terrain_materials.py,auto_assign_terrain_layers,auto_assign_terrain_layers,2573,function,A,GRADED,file_qualified,blender_tool;materials_texturing;water;geometry_mesh;scatter_ecology,True,direct_test;module_test;live_probe,10,veilbreakers_terrain/tests/test_biome_grammar.py;veilbreakers_terrain/tests/test_environment_handlers.py;veilbreakers_terrain/tests/test_terrain_materials.py;veilbreakers_terrain/tests/test_terrain_wiring_integration.py,LOW,False,
terrain_materials.py,_resolve_biome_palette_name,_resolve_biome_palette_name,2826,function,A,GRADED,file_qualified,blender_tool;materials_texturing;water;geometry_mesh;scatter_ecology,True,module_test;live_probe,6,veilbreakers_terrain/tests/test_biome_grammar.py;veilbreakers_terrain/tests/test_environment_handlers.py;veilbreakers_terrain/tests/test_terrain_materials.py;veilbreakers_terrain/tests/test_terrain_wiring_integration.py,LOW,False,direct_behavior_test;material_texture_contract_test
terrain_materials.py,_resolve_special_band_policy,_resolve_special_band_policy,2842,function,A-,GRADED,file_qualified,blender_tool;materials_texturing;water;geometry_mesh;scatter_ecology,True,module_test;live_probe,6,veilbreakers_terrain/tests/test_biome_grammar.py;veilbreakers_terrain/tests/test_environment_handlers.py;veilbreakers_terrain/tests/test_terrain_materials.py;veilbreakers_terrain/tests/test_terrain_wiring_integration.py,LOW,False,direct_behavior_test;material_texture_contract_test
terrain_materials.py,_clamp_rgba,_clamp_rgba,2869,function,D+,GRADED,file_qualified,blender_tool;materials_texturing;water;geometry_mesh;scatter_ecology,True,module_test;live_probe,5,veilbreakers_terrain/tests/test_biome_grammar.py;veilbreakers_terrain/tests/test_environment_handlers.py;veilbreakers_terrain/tests/test_terrain_materials.py;veilbreakers_terrain/tests/test_terrain_wiring_integration.py,LOW,False,direct_behavior_test;material_texture_contract_test
terrain_materials.py,_build_terrain_recipe,_build_terrain_recipe,2893,function,D+,GRADED,file_qualified,blender_tool;materials_texturing;water;geometry_mesh;scatter_ecology,True,module_test;live_probe,5,veilbreakers_terrain/tests/test_biome_grammar.py;veilbreakers_terrain/tests/test_environment_handlers.py;veilbreakers_terrain/tests/test_terrain_materials.py;veilbreakers_terrain/tests/test_terrain_wiring_integration.py,LOW,False,direct_behavior_test;material_texture_contract_test
terrain_materials.py,compute_world_splatmap_weights,compute_world_splatmap_weights,3117,function,A,GRADED,file_qualified,blender_tool;materials_texturing;water;geometry_mesh;scatter_ecology,True,direct_test;module_test;live_probe,10,veilbreakers_terrain/tests/test_biome_grammar.py;veilbreakers_terrain/tests/test_environment_handlers.py;veilbreakers_terrain/tests/test_terrain_best_practice_guardrail.py;veilbreakers_terrain/tests/test_terrain_materials.py;veilbreakers_terrain/tests/test_terrain_wiring_integration.py,LOW,False,
terrain_materials.py,create_biome_terrain_material,create_biome_terrain_material,3318,function,B,GRADED,file_qualified,blender_tool;materials_texturing;water;geometry_mesh;scatter_ecology,True,direct_test;module_test;live_probe,9,veilbreakers_terrain/tests/test_biome_grammar.py;veilbreakers_terrain/tests/test_environment_handlers.py;veilbreakers_terrain/tests/test_terrain_materials.py;veilbreakers_terrain/tests/test_terrain_wiring_integration.py,LOW,False,
terrain_materials.py,handle_create_biome_terrain,handle_create_biome_terrain,3516,function,B+,GRADED,file_qualified,blender_tool;materials_texturing;water;geometry_mesh;scatter_ecology,True,module_test;live_probe,6,veilbreakers_terrain/tests/test_biome_grammar.py;veilbreakers_terrain/tests/test_environment_handlers.py;veilbreakers_terrain/tests/test_terrain_materials.py;veilbreakers_terrain/tests/test_terrain_wiring_integration.py,LOW,False,direct_behavior_test;material_texture_contract_test
terrain_materials_ext.py,MaterialChannelExt.channel_id,channel_id,68,method,A,GRADED,file_qualified,blender_tool;camera_readability;materials_texturing;geometry_mesh;pipeline_wiring,True,direct_test;module_test;live_probe,10,veilbreakers_terrain/tests/test_bundle_bcd_supplements.py;veilbreakers_terrain/tests/test_terrain_cliffs.py;veilbreakers_terrain/tests/test_terrain_materials_v2.py,LOW,False,
terrain_materials_ext.py,validate_texel_density_coherency,validate_texel_density_coherency,77,function,A,GRADED,file_qualified,blender_tool;camera_readability;materials_texturing;geometry_mesh;pipeline_wiring,True,direct_test;module_test;live_probe,10,veilbreakers_terrain/tests/test_bundle_bcd_supplements.py;veilbreakers_terrain/tests/test_terrain_cliffs.py,LOW,False,
terrain_materials_ext.py,compute_height_blended_weights,compute_height_blended_weights,194,function,A,GRADED,file_qualified,blender_tool;camera_readability;materials_texturing;geometry_mesh;pipeline_wiring,True,direct_test;module_test;live_probe,10,veilbreakers_terrain/tests/test_bundle_bcd_supplements.py;veilbreakers_terrain/tests/test_terrain_cliffs.py,LOW,False,
terrain_materials_ext.py,validate_cliff_silhouette_area,validate_cliff_silhouette_area,269,function,A,GRADED,file_qualified,blender_tool;camera_readability;materials_texturing;geometry_mesh;pipeline_wiring,True,direct_test;module_test;live_probe,10,veilbreakers_terrain/tests/test_bundle_bcd_supplements.py;veilbreakers_terrain/tests/test_terrain_cliffs.py,LOW,False,
terrain_materials_ext.py,validate_cliff_silhouette_shape,validate_cliff_silhouette_shape,334,function,D+,GRADED,file_qualified,blender_tool;camera_readability;materials_texturing;geometry_mesh;pipeline_wiring,True,direct_test;module_test;live_probe,9,veilbreakers_terrain/tests/test_bundle_bcd_supplements.py;veilbreakers_terrain/tests/test_terrain_cliffs.py,LOW,False,
terrain_materials_v2.py,MaterialRuleSet.index_of,index_of,95,method,A-,GRADED,file_qualified,materials_texturing;geometry_mesh;scatter_ecology;pipeline_wiring,False,direct_test;module_test;live_probe,10,veilbreakers_terrain/tests/test_bundle_bcd_supplements.py;veilbreakers_terrain/tests/test_materials_v2_runtime_helpers.py;veilbreakers_terrain/tests/test_normal_rock_brucks_snow.py;veilbreakers_terrain/tests/test_p7_conventions.py;veilbreakers_terrain/tests/test_ridge_macro_sdf.py;veilbreakers_terrain/tests/test_structural_terrain_labels.py;veilbreakers_terrain/tests/test_terrain_cliffs.py;veilbreakers_terrain/tests/test_terrain_materials_v2.py,LOW,False,
terrain_materials_v2.py,default_dark_fantasy_rules,default_dark_fantasy_rules,107,function,A,GRADED,file_qualified,materials_texturing;geometry_mesh;scatter_ecology;pipeline_wiring,False,direct_test;module_test;live_probe,10,veilbreakers_terrain/tests/test_bundle_bcd_supplements.py;veilbreakers_terrain/tests/test_materials_v2_runtime_helpers.py;veilbreakers_terrain/tests/test_normal_rock_brucks_snow.py;veilbreakers_terrain/tests/test_p7_conventions.py;veilbreakers_terrain/tests/test_ridge_macro_sdf.py;veilbreakers_terrain/tests/test_structural_terrain_labels.py;veilbreakers_terrain/tests/test_terrain_cliffs.py;veilbreakers_terrain/tests/test_terrain_materials_v2.py,LOW,False,
terrain_materials_v2.py,triplanar_blend,triplanar_blend,182,function,A-,GRADED,file_qualified,materials_texturing;geometry_mesh;scatter_ecology;pipeline_wiring,False,direct_test;module_test;live_probe,10,veilbreakers_terrain/tests/test_bundle_bcd_supplements.py;veilbreakers_terrain/tests/test_materials_v2_runtime_helpers.py;veilbreakers_terrain/tests/test_normal_rock_brucks_snow.py;veilbreakers_terrain/tests/test_p7_conventions.py;veilbreakers_terrain/tests/test_ridge_macro_sdf.py;veilbreakers_terrain/tests/test_structural_terrain_labels.py;veilbreakers_terrain/tests/test_terrain_cliffs.py;veilbreakers_terrain/tests/test_terrain_materials_v2.py,LOW,False,
terrain_materials_v2.py,compute_normal_z,compute_normal_z,239,function,A,GRADED,file_qualified,materials_texturing;geometry_mesh;scatter_ecology;pipeline_wiring,False,direct_test;module_test;live_probe,10,veilbreakers_terrain/tests/test_bundle_bcd_supplements.py;veilbreakers_terrain/tests/test_materials_v2_runtime_helpers.py;veilbreakers_terrain/tests/test_normal_rock_brucks_snow.py;veilbreakers_terrain/tests/test_p7_conventions.py;veilbreakers_terrain/tests/test_ridge_macro_sdf.py;veilbreakers_terrain/tests/test_structural_terrain_labels.py;veilbreakers_terrain/tests/test_terrain_cliffs.py;veilbreakers_terrain/tests/test_terrain_materials_v2.py,LOW,False,
terrain_materials_v2.py,apply_brucks_blend,apply_brucks_blend,263,function,A-,GRADED,file_qualified,materials_texturing;geometry_mesh;scatter_ecology;pipeline_wiring,False,direct_test;module_test;live_probe,10,veilbreakers_terrain/tests/test_bundle_bcd_supplements.py;veilbreakers_terrain/tests/test_materials_v2_runtime_helpers.py;veilbreakers_terrain/tests/test_normal_rock_brucks_snow.py;veilbreakers_terrain/tests/test_p7_conventions.py;veilbreakers_terrain/tests/test_ridge_macro_sdf.py;veilbreakers_terrain/tests/test_structural_terrain_labels.py;veilbreakers_terrain/tests/test_terrain_cliffs.py;veilbreakers_terrain/tests/test_terrain_materials_v2.py,LOW,False,
terrain_materials_v2.py,compute_snow_line_factor,compute_snow_line_factor,309,function,A-,GRADED,file_qualified,materials_texturing;geometry_mesh;scatter_ecology;pipeline_wiring,False,direct_test;module_test;live_probe,10,veilbreakers_terrain/tests/test_bundle_bcd_supplements.py;veilbreakers_terrain/tests/test_materials_v2_runtime_helpers.py;veilbreakers_terrain/tests/test_normal_rock_brucks_snow.py;veilbreakers_terrain/tests/test_p7_conventions.py;veilbreakers_terrain/tests/test_ridge_macro_sdf.py;veilbreakers_terrain/tests/test_structural_terrain_labels.py;veilbreakers_terrain/tests/test_terrain_cliffs.py;veilbreakers_terrain/tests/test_terrain_materials_v2.py,LOW,False,
terrain_materials_v2.py,sample_macro_color,sample_macro_color,371,function,A-,GRADED,file_qualified,materials_texturing;geometry_mesh;scatter_ecology;pipeline_wiring,False,direct_test;module_test;live_probe,10,veilbreakers_terrain/tests/test_bundle_bcd_supplements.py;veilbreakers_terrain/tests/test_materials_v2_runtime_helpers.py;veilbreakers_terrain/tests/test_normal_rock_brucks_snow.py;veilbreakers_terrain/tests/test_p7_conventions.py;veilbreakers_terrain/tests/test_ridge_macro_sdf.py;veilbreakers_terrain/tests/test_structural_terrain_labels.py;veilbreakers_terrain/tests/test_terrain_cliffs.py;veilbreakers_terrain/tests/test_terrain_materials_v2.py,LOW,False,
terrain_materials_v2.py,apply_sdf_road_blend,apply_sdf_road_blend,409,function,A-,GRADED,file_qualified,materials_texturing;geometry_mesh;scatter_ecology;pipeline_wiring,False,direct_test;module_test;live_probe,10,veilbreakers_terrain/tests/test_bundle_bcd_supplements.py;veilbreakers_terrain/tests/test_materials_v2_runtime_helpers.py;veilbreakers_terrain/tests/test_normal_rock_brucks_snow.py;veilbreakers_terrain/tests/test_p7_conventions.py;veilbreakers_terrain/tests/test_ridge_macro_sdf.py;veilbreakers_terrain/tests/test_structural_terrain_labels.py;veilbreakers_terrain/tests/test_terrain_cliffs.py;veilbreakers_terrain/tests/test_terrain_materials_v2.py,LOW,False,
terrain_materials_v2.py,_smoothstep_band,_smoothstep_band,479,function,A,GRADED,file_qualified,materials_texturing;geometry_mesh;scatter_ecology;pipeline_wiring,False,module_test;live_probe,6,veilbreakers_terrain/tests/test_bundle_bcd_supplements.py;veilbreakers_terrain/tests/test_materials_v2_runtime_helpers.py;veilbreakers_terrain/tests/test_normal_rock_brucks_snow.py;veilbreakers_terrain/tests/test_p7_conventions.py;veilbreakers_terrain/tests/test_ridge_macro_sdf.py;veilbreakers_terrain/tests/test_structural_terrain_labels.py;veilbreakers_terrain/tests/test_terrain_cliffs.py;veilbreakers_terrain/tests/test_terrain_materials_v2.py,LOW,False,direct_behavior_test;material_texture_contract_test
terrain_materials_v2.py,compute_slope_material_weights,compute_slope_material_weights,493,function,A-,GRADED,file_qualified,materials_texturing;geometry_mesh;scatter_ecology;pipeline_wiring,False,direct_test;module_test;live_probe,10,veilbreakers_terrain/tests/test_bundle_bcd_supplements.py;veilbreakers_terrain/tests/test_materials_v2_runtime_helpers.py;veilbreakers_terrain/tests/test_normal_rock_brucks_snow.py;veilbreakers_terrain/tests/test_p7_conventions.py;veilbreakers_terrain/tests/test_ridge_macro_sdf.py;veilbreakers_terrain/tests/test_structural_terrain_labels.py;veilbreakers_terrain/tests/test_terrain_cliffs.py;veilbreakers_terrain/tests/test_terrain_materials_v2.py,LOW,False,
terrain_materials_v2.py,_resolve_height_blend_gammas,_resolve_height_blend_gammas,734,function,A,GRADED,file_qualified,materials_texturing;geometry_mesh;scatter_ecology;pipeline_wiring,False,direct_test;module_test;live_probe,10,veilbreakers_terrain/tests/test_bundle_bcd_supplements.py;veilbreakers_terrain/tests/test_materials_v2_runtime_helpers.py;veilbreakers_terrain/tests/test_normal_rock_brucks_snow.py;veilbreakers_terrain/tests/test_p7_conventions.py;veilbreakers_terrain/tests/test_ridge_macro_sdf.py;veilbreakers_terrain/tests/test_structural_terrain_labels.py;veilbreakers_terrain/tests/test_terrain_cliffs.py;veilbreakers_terrain/tests/test_terrain_materials_v2.py,LOW,False,
terrain_materials_v2.py,_build_material_channel_exts,_build_material_channel_exts,752,function,A-,GRADED,file_qualified,materials_texturing;geometry_mesh;scatter_ecology;pipeline_wiring,False,direct_test;module_test;live_probe,10,veilbreakers_terrain/tests/test_bundle_bcd_supplements.py;veilbreakers_terrain/tests/test_materials_v2_runtime_helpers.py;veilbreakers_terrain/tests/test_normal_rock_brucks_snow.py;veilbreakers_terrain/tests/test_p7_conventions.py;veilbreakers_terrain/tests/test_ridge_macro_sdf.py;veilbreakers_terrain/tests/test_structural_terrain_labels.py;veilbreakers_terrain/tests/test_terrain_cliffs.py;veilbreakers_terrain/tests/test_terrain_materials_v2.py,LOW,False,
terrain_materials_v2.py,pass_materials,pass_materials,795,function,A-,GRADED,file_qualified,materials_texturing;geometry_mesh;scatter_ecology;pipeline_wiring,False,direct_test;module_test;live_probe,10,veilbreakers_terrain/tests/test_bundle_bcd_supplements.py;veilbreakers_terrain/tests/test_materials_v2_runtime_helpers.py;veilbreakers_terrain/tests/test_normal_rock_brucks_snow.py;veilbreakers_terrain/tests/test_p7_conventions.py;veilbreakers_terrain/tests/test_ridge_macro_sdf.py;veilbreakers_terrain/tests/test_structural_terrain_labels.py;veilbreakers_terrain/tests/test_terrain_cliffs.py;veilbreakers_terrain/tests/test_terrain_materials_v2.py,LOW,False,
terrain_materials_v2.py,register_bundle_b_material_passes,register_bundle_b_material_passes,923,function,A-,GRADED,file_qualified,materials_texturing;geometry_mesh;scatter_ecology;pipeline_wiring,True,direct_test;module_test;live_probe,10,veilbreakers_terrain/tests/test_bundle_bcd_supplements.py;veilbreakers_terrain/tests/test_materials_v2_runtime_helpers.py;veilbreakers_terrain/tests/test_normal_rock_brucks_snow.py;veilbreakers_terrain/tests/test_p7_conventions.py;veilbreakers_terrain/tests/test_ridge_macro_sdf.py;veilbreakers_terrain/tests/test_structural_terrain_labels.py;veilbreakers_terrain/tests/test_terrain_cliffs.py;veilbreakers_terrain/tests/test_terrain_materials_v2.py,LOW,False,
terrain_math.py,slope_radians,slope_radians,12,function,A,GRADED,file_qualified,visual_qa;geometry_mesh;pipeline_wiring,False,direct_test;module_test,7,veilbreakers_terrain/tests/test_chunk_cache_math_helpers.py,LOW,False,visual_snapshot_or_metric
terrain_math.py,slope_degrees,slope_degrees,17,function,A,GRADED,file_qualified,visual_qa;geometry_mesh;pipeline_wiring,False,direct_test;module_test,7,veilbreakers_terrain/tests/test_chunk_cache_math_helpers.py,LOW,False,visual_snapshot_or_metric
terrain_math.py,slope_gradient_magnitude,slope_gradient_magnitude,21,function,A,GRADED,file_qualified,visual_qa;geometry_mesh;pipeline_wiring,False,direct_test;module_test,7,veilbreakers_terrain/tests/test_chunk_cache_math_helpers.py,LOW,False,visual_snapshot_or_metric
terrain_math.py,talus_height_units,talus_height_units,26,function,A,GRADED,file_qualified,visual_qa;geometry_mesh;pipeline_wiring,False,direct_test;module_test,7,veilbreakers_terrain/tests/test_chunk_cache_math_helpers.py,LOW,False,visual_snapshot_or_metric
terrain_math.py,world_to_cell,world_to_cell,31,function,B+,GRADED,file_qualified,visual_qa;geometry_mesh;pipeline_wiring,False,direct_test;module_test,7,veilbreakers_terrain/tests/test_chunk_cache_math_helpers.py,LOW,False,visual_snapshot_or_metric
terrain_math.py,cell_to_world,cell_to_world,45,function,A,GRADED,file_qualified,visual_qa;geometry_mesh;pipeline_wiring,False,direct_test;module_test,7,veilbreakers_terrain/tests/test_chunk_cache_math_helpers.py,LOW,False,visual_snapshot_or_metric
terrain_math.py,distance_field_edt,distance_field_edt,57,function,B+,GRADED,file_qualified,visual_qa;geometry_mesh;pipeline_wiring,False,direct_test;module_test,7,veilbreakers_terrain/tests/test_chunk_cache_math_helpers.py,LOW,False,visual_snapshot_or_metric
terrain_morphology.py,_ridge_params,_ridge_params,55,function,A,GRADED,file_qualified,blender_tool;water;geometry_mesh;scatter_ecology,True,module_test;live_probe,6,veilbreakers_terrain/tests/test_terrain_composition.py,LOW,False,direct_behavior_test
terrain_morphology.py,_canyon_params,_canyon_params,59,function,A,GRADED,file_qualified,blender_tool;water;geometry_mesh;scatter_ecology,True,module_test;live_probe,6,veilbreakers_terrain/tests/test_terrain_composition.py,LOW,False,direct_behavior_test
terrain_morphology.py,_mesa_params,_mesa_params,63,function,A,GRADED,file_qualified,blender_tool;water;geometry_mesh;scatter_ecology,True,module_test;live_probe,6,veilbreakers_terrain/tests/test_terrain_composition.py,LOW,False,direct_behavior_test
terrain_morphology.py,_pinnacle_params,_pinnacle_params,67,function,A,GRADED,file_qualified,blender_tool;water;geometry_mesh;scatter_ecology,True,module_test;live_probe,6,veilbreakers_terrain/tests/test_terrain_composition.py,LOW,False,direct_behavior_test
terrain_morphology.py,_spur_params,_spur_params,71,function,A,GRADED,file_qualified,blender_tool;water;geometry_mesh;scatter_ecology,True,module_test;live_probe,6,veilbreakers_terrain/tests/test_terrain_composition.py,LOW,False,direct_behavior_test
terrain_morphology.py,_valley_params,_valley_params,75,function,A,GRADED,file_qualified,blender_tool;water;geometry_mesh;scatter_ecology,True,module_test;live_probe,6,veilbreakers_terrain/tests/test_terrain_composition.py,LOW,False,direct_behavior_test
terrain_morphology.py,_rng_from_seed,_rng_from_seed,279,function,A,GRADED,file_qualified,blender_tool;water;geometry_mesh;scatter_ecology,True,module_test;live_probe,6,veilbreakers_terrain/tests/test_terrain_composition.py,LOW,False,direct_behavior_test
terrain_morphology.py,apply_morphology_template,apply_morphology_template,283,function,A-,GRADED,file_qualified,blender_tool;water;geometry_mesh;scatter_ecology,True,direct_test;module_test;live_probe,10,veilbreakers_terrain/tests/test_terrain_composition.py,LOW,False,
terrain_morphology.py,list_templates_for_biome,list_templates_for_biome,379,function,A,GRADED,file_qualified,blender_tool;water;geometry_mesh;scatter_ecology,True,direct_test;module_test;live_probe,10,veilbreakers_terrain/tests/test_terrain_composition.py,LOW,False,
terrain_morphology.py,get_natural_arch_specs,get_natural_arch_specs,401,function,B,GRADED,file_qualified,blender_tool;water;geometry_mesh;scatter_ecology,True,module_test;live_probe,5,veilbreakers_terrain/tests/test_terrain_composition.py,LOW,False,direct_behavior_test
terrain_multiscale_breakup.py,_rng_grid_bilinear,_rng_grid_bilinear,27,function,A-,GRADED,file_qualified,materials_texturing;geometry_mesh;pipeline_wiring,False,module_test;live_probe,6,veilbreakers_terrain/tests/test_p7_roughness_channel.py;veilbreakers_terrain/tests/test_terrain_material_ceiling.py,LOW,False,direct_behavior_test;material_texture_contract_test
terrain_multiscale_breakup.py,compute_multiscale_breakup,compute_multiscale_breakup,50,function,C+,GRADED,file_qualified,materials_texturing;geometry_mesh;pipeline_wiring,False,direct_test;module_test;live_probe,9,veilbreakers_terrain/tests/test_p7_roughness_channel.py;veilbreakers_terrain/tests/test_terrain_material_ceiling.py,LOW,False,
terrain_multiscale_breakup.py,pass_multiscale_breakup,pass_multiscale_breakup,84,function,A,GRADED,file_qualified,materials_texturing;geometry_mesh;pipeline_wiring,False,direct_test;module_test;live_probe,10,veilbreakers_terrain/tests/test_p7_roughness_channel.py;veilbreakers_terrain/tests/test_terrain_material_ceiling.py,LOW,False,
terrain_multiscale_breakup.py,register_bundle_k_multiscale_breakup_pass,register_bundle_k_multiscale_breakup_pass,128,function,A,GRADED,file_qualified,materials_texturing;geometry_mesh;pipeline_wiring,True,direct_test;module_test;live_probe,10,veilbreakers_terrain/tests/test_p7_roughness_channel.py;veilbreakers_terrain/tests/test_terrain_material_ceiling.py,LOW,False,
terrain_navmesh_export.py,compute_navmesh_area_id,compute_navmesh_area_id,83,function,B+,GRADED,file_qualified,water;geometry_mesh;pipeline_wiring,False,direct_test;module_test;live_probe,10,veilbreakers_terrain/tests/test_navmesh_runtime_helpers.py;veilbreakers_terrain/tests/test_terrain_ecosystem.py,LOW,False,
terrain_navmesh_export.py,_edt_cells,_edt_cells,183,function,A-,GRADED,file_qualified,water;geometry_mesh;pipeline_wiring,False,direct_test;module_test;live_probe,10,veilbreakers_terrain/tests/test_navmesh_runtime_helpers.py;veilbreakers_terrain/tests/test_terrain_ecosystem.py,LOW,False,
terrain_navmesh_export.py,compute_traversability,compute_traversability,226,function,B+,GRADED,file_qualified,water;geometry_mesh;pipeline_wiring,False,direct_test;module_test;live_probe,10,veilbreakers_terrain/tests/test_navmesh_runtime_helpers.py;veilbreakers_terrain/tests/test_terrain_ecosystem.py,LOW,False,
terrain_navmesh_export.py,_build_navmesh_geometry,_build_navmesh_geometry,320,function,B+,GRADED,file_qualified,water;geometry_mesh;pipeline_wiring,False,direct_test;module_test;live_probe,10,veilbreakers_terrain/tests/test_navmesh_runtime_helpers.py;veilbreakers_terrain/tests/test_terrain_ecosystem.py,LOW,False,
terrain_navmesh_export.py,export_navmesh_json,export_navmesh_json,413,function,B+,GRADED,file_qualified,water;geometry_mesh;pipeline_wiring,False,direct_test;module_test;live_probe,10,veilbreakers_terrain/tests/test_navmesh_runtime_helpers.py;veilbreakers_terrain/tests/test_terrain_ecosystem.py,LOW,False,
terrain_navmesh_export.py,pass_navmesh,pass_navmesh,532,function,B+,GRADED,file_qualified,water;geometry_mesh;pipeline_wiring,False,direct_test;module_test;live_probe,10,veilbreakers_terrain/tests/test_navmesh_runtime_helpers.py;veilbreakers_terrain/tests/test_terrain_ecosystem.py,LOW,False,
terrain_navmesh_export.py,register_bundle_j_navmesh_pass,register_bundle_j_navmesh_pass,595,function,A,GRADED,file_qualified,water;geometry_mesh;pipeline_wiring,True,module_test;live_probe,6,veilbreakers_terrain/tests/test_navmesh_runtime_helpers.py;veilbreakers_terrain/tests/test_terrain_ecosystem.py,LOW,False,direct_behavior_test
terrain_negative_space.py,compute_quiet_zone_ratio,compute_quiet_zone_ratio,54,function,B+,GRADED,file_qualified,blender_tool;visual_qa,True,direct_test;module_test;live_probe,10,veilbreakers_terrain/tests/test_terrain_composition.py;veilbreakers_terrain/tests/test_terrain_wiring_integration.py,LOW,False,
terrain_negative_space.py,compute_busy_ratio,compute_busy_ratio,64,function,A-,GRADED,file_qualified,blender_tool;visual_qa,True,module_test;live_probe,6,veilbreakers_terrain/tests/test_terrain_composition.py;veilbreakers_terrain/tests/test_terrain_wiring_integration.py,LOW,False,direct_behavior_test
terrain_negative_space.py,find_saliency_peaks,find_saliency_peaks,74,function,B,GRADED,file_qualified,blender_tool;visual_qa,True,module_test;live_probe,5,veilbreakers_terrain/tests/test_terrain_composition.py;veilbreakers_terrain/tests/test_terrain_wiring_integration.py,LOW,False,direct_behavior_test
terrain_negative_space.py,compute_min_peak_spacing,compute_min_peak_spacing,138,function,A-,GRADED,file_qualified,blender_tool;visual_qa,True,module_test;live_probe,6,veilbreakers_terrain/tests/test_terrain_composition.py;veilbreakers_terrain/tests/test_terrain_wiring_integration.py,LOW,False,direct_behavior_test
terrain_negative_space.py,compute_feature_density,compute_feature_density,169,function,A-,GRADED,file_qualified,blender_tool;visual_qa,True,direct_test;module_test;live_probe,10,veilbreakers_terrain/tests/test_terrain_composition.py;veilbreakers_terrain/tests/test_terrain_wiring_integration.py,LOW,False,
terrain_negative_space.py,enforce_quiet_zone,enforce_quiet_zone,277,function,B+,GRADED,file_qualified,blender_tool;visual_qa,True,direct_test;module_test;live_probe,10,veilbreakers_terrain/tests/test_terrain_composition.py;veilbreakers_terrain/tests/test_terrain_wiring_integration.py,LOW,False,
terrain_negative_space.py,validate_negative_space,validate_negative_space,357,function,A-,GRADED,file_qualified,blender_tool;visual_qa,True,direct_test;module_test;live_probe,10,veilbreakers_terrain/tests/test_terrain_composition.py;veilbreakers_terrain/tests/test_terrain_wiring_integration.py,LOW,False,
terrain_palette_extract.py,_labels_for,_labels_for,65,function,A,GRADED,file_qualified,visual_qa;scatter_ecology,False,module_test;live_probe,6,veilbreakers_terrain/tests/test_bundle_pq.py;veilbreakers_terrain/tests/test_routing_light_determinism_helpers.py,LOW,False,direct_behavior_test
terrain_palette_extract.py,extract_palette_from_image,extract_palette_from_image,76,function,C+,GRADED,file_qualified,visual_qa;scatter_ecology,False,direct_test;module_test;live_probe,9,veilbreakers_terrain/tests/test_bundle_pq.py;veilbreakers_terrain/tests/test_routing_light_determinism_helpers.py,LOW,False,
terrain_palette_extract.py,_rgb_to_lab,_rgb_to_lab,144,function,A,GRADED,file_qualified,visual_qa;scatter_ecology,False,direct_test;module_test;live_probe,10,veilbreakers_terrain/tests/test_bundle_pq.py;veilbreakers_terrain/tests/test_routing_light_determinism_helpers.py,LOW,False,
terrain_palette_extract.py,_label_for_rgb,_label_for_rgb,238,function,B+,GRADED,file_qualified,visual_qa;scatter_ecology,False,module_test;live_probe,6,veilbreakers_terrain/tests/test_bundle_pq.py;veilbreakers_terrain/tests/test_routing_light_determinism_helpers.py,LOW,False,direct_behavior_test
terrain_palette_extract.py,palette_to_biome_mapping,palette_to_biome_mapping,264,function,B+,GRADED,file_qualified,visual_qa;scatter_ecology,False,direct_test;module_test;live_probe,10,veilbreakers_terrain/tests/test_bundle_pq.py;veilbreakers_terrain/tests/test_routing_light_determinism_helpers.py,LOW,False,
terrain_pass_dag.py,_merge_pass_outputs,_merge_pass_outputs,28,function,B+,GRADED,file_qualified,visual_qa;pipeline_wiring,False,module_test;live_probe,6,veilbreakers_terrain/tests/test_terrain_iteration.py;veilbreakers_terrain/tests/test_terrain_master_registrar.py,LOW,False,direct_behavior_test
terrain_pass_dag.py,PassDAG.from_registry,from_registry,164,method,A,GRADED,file_simple,visual_qa;pipeline_wiring,False,direct_test;module_test;live_probe,10,veilbreakers_terrain/tests/test_terrain_iteration.py;veilbreakers_terrain/tests/test_terrain_master_registrar.py,LOW,False,
terrain_pass_dag.py,PassDAG.names,names,178,method,A,GRADED,file_qualified,visual_qa;pipeline_wiring,False,direct_test;module_test;live_probe,10,veilbreakers_terrain/tests/test_aaa_water_scatter.py;veilbreakers_terrain/tests/test_bundle_bcd_supplements.py;veilbreakers_terrain/tests/test_terrain_biome_voronoi.py;veilbreakers_terrain/tests/test_terrain_iteration.py;veilbreakers_terrain/tests/test_terrain_master_registrar.py,LOW,False,
terrain_pass_dag.py,PassDAG.dependencies,dependencies,181,method,B+,GRADED,file_qualified,visual_qa;pipeline_wiring,False,direct_test;module_test;live_probe,10,veilbreakers_terrain/tests/test_terrain_iteration.py;veilbreakers_terrain/tests/test_terrain_master_registrar.py,LOW,False,
terrain_pass_dag.py,PassDAG.topological_order,topological_order,205,method,A,GRADED,file_qualified,visual_qa;pipeline_wiring,False,direct_test;module_test;live_probe,10,veilbreakers_terrain/tests/test_terrain_iteration.py;veilbreakers_terrain/tests/test_terrain_master_registrar.py,LOW,False,
terrain_pass_dag.py,PassDAG.parallel_waves,parallel_waves,263,method,B+,GRADED,file_qualified,visual_qa;pipeline_wiring,False,direct_test;module_test;live_probe,10,veilbreakers_terrain/tests/test_terrain_iteration.py;veilbreakers_terrain/tests/test_terrain_master_registrar.py,LOW,False,
terrain_pass_dag.py,PassDAG.execute_parallel,execute_parallel,282,method,A,GRADED,file_qualified,visual_qa;pipeline_wiring,False,direct_test;module_test;live_probe,10,veilbreakers_terrain/tests/test_terrain_iteration.py;veilbreakers_terrain/tests/test_terrain_master_registrar.py,LOW,False,
terrain_path_contracts.py,infer_continuation_edge,infer_continuation_edge,15,function,D+,GRADED,file_qualified,materials_texturing;water;pipeline_wiring,False,direct_test;module_test;live_probe,9,veilbreakers_terrain/tests/test_road_pipeline.py;veilbreakers_terrain/tests/test_scatter_point_and_path_contracts.py,LOW,False,
terrain_path_contracts.py,material_stack_for_path,material_stack_for_path,48,function,D+,GRADED,file_qualified,materials_texturing;water;pipeline_wiring,False,module_test;live_probe,5,veilbreakers_terrain/tests/test_road_pipeline.py;veilbreakers_terrain/tests/test_scatter_point_and_path_contracts.py,LOW,False,direct_behavior_test;material_texture_contract_test
terrain_path_contracts.py,PathSegmentContract.length_m,length_m,86,method,D+,GRADED,file_qualified,materials_texturing;water;pipeline_wiring,False,module_test;live_probe,5,veilbreakers_terrain/tests/test_road_pipeline.py;veilbreakers_terrain/tests/test_scatter_point_and_path_contracts.py,LOW,False,direct_behavior_test;material_texture_contract_test
terrain_path_contracts.py,PathSegmentContract.max_observed_grade,max_observed_grade,92,method,D+,GRADED,file_qualified,materials_texturing;water;pipeline_wiring,False,module_test;live_probe,5,veilbreakers_terrain/tests/test_road_pipeline.py;veilbreakers_terrain/tests/test_scatter_point_and_path_contracts.py,LOW,False,direct_behavior_test;material_texture_contract_test
terrain_path_contracts.py,PathSegmentContract.to_dict,to_dict,103,method,D+,GRADED,file_qualified,materials_texturing;water;pipeline_wiring,False,direct_test;module_test;live_probe,9,veilbreakers_terrain/tests/test_road_pipeline.py;veilbreakers_terrain/tests/test_scatter_point_and_path_contracts.py;veilbreakers_terrain/tests/test_terrain_advanced.py;veilbreakers_terrain/tests/test_terrain_best_practice_guardrail.py;veilbreakers_terrain/tests/test_terrain_deep_qa.py,LOW,False,
terrain_path_contracts.py,PathNetworkContract.to_dict,to_dict,130,method,D+,GRADED,file_qualified,materials_texturing;water;pipeline_wiring,False,direct_test;module_test;live_probe,9,veilbreakers_terrain/tests/test_road_pipeline.py;veilbreakers_terrain/tests/test_scatter_point_and_path_contracts.py;veilbreakers_terrain/tests/test_terrain_advanced.py;veilbreakers_terrain/tests/test_terrain_best_practice_guardrail.py;veilbreakers_terrain/tests/test_terrain_deep_qa.py,LOW,False,
terrain_path_contracts.py,validate_path_network_contract,validate_path_network_contract,140,function,D+,GRADED,file_qualified,materials_texturing;water;pipeline_wiring,False,direct_test;module_test;live_probe,9,veilbreakers_terrain/tests/test_road_pipeline.py;veilbreakers_terrain/tests/test_scatter_point_and_path_contracts.py,LOW,False,
terrain_performance_report.py,_channel_bytes,_channel_bytes,44,function,A,GRADED,file_qualified,materials_texturing;water;geometry_mesh;scatter_ecology,False,module_test;live_probe,6,veilbreakers_terrain/tests/test_bundle_egjn_supplements.py,LOW,False,direct_behavior_test;material_texture_contract_test
terrain_performance_report.py,collect_performance_report,collect_performance_report,50,function,A,GRADED,file_qualified,materials_texturing;water;geometry_mesh;scatter_ecology,False,direct_test;module_test;live_probe,10,veilbreakers_terrain/tests/test_bundle_egjn_supplements.py,LOW,False,
terrain_performance_report.py,serialize_performance_report,serialize_performance_report,178,function,A,GRADED,file_qualified,materials_texturing;water;geometry_mesh;scatter_ecology,False,direct_test;module_test;live_probe,10,veilbreakers_terrain/tests/test_bundle_egjn_supplements.py,LOW,False,
terrain_pipeline.py,_make_gate_issue,_make_gate_issue,51,function,A-,GRADED,file_qualified,blender_tool;pipeline_wiring,True,module_test;live_probe,6,veilbreakers_terrain/tests/test_delta_integrator.py;veilbreakers_terrain/tests/test_erosion_freq_split.py;veilbreakers_terrain/tests/test_live_readiness_regressions.py;veilbreakers_terrain/tests/test_normal_rock_brucks_snow.py;veilbreakers_terrain/tests/test_p7_priority_flood.py;veilbreakers_terrain/tests/test_p7_roughness_channel.py;veilbreakers_terrain/tests/test_phase14_wave1.py;veilbreakers_terrain/tests/test_pipeline_contract_runtime_helpers.py;...(+22),LOW,False,direct_behavior_test
terrain_pipeline.py,derive_pass_seed,derive_pass_seed,60,function,A,GRADED,file_qualified,blender_tool;pipeline_wiring,True,direct_test;module_test;live_probe,10,veilbreakers_terrain/tests/test_delta_integrator.py;veilbreakers_terrain/tests/test_erosion_freq_split.py;veilbreakers_terrain/tests/test_live_readiness_regressions.py;veilbreakers_terrain/tests/test_normal_rock_brucks_snow.py;veilbreakers_terrain/tests/test_p7_priority_flood.py;veilbreakers_terrain/tests/test_p7_roughness_channel.py;veilbreakers_terrain/tests/test_phase14_wave1.py;veilbreakers_terrain/tests/test_pipeline_contract_runtime_helpers.py;...(+22),LOW,False,
terrain_pipeline.py,_normalize_delta_integration_sequence,_normalize_delta_integration_sequence,87,function,A-,GRADED,file_qualified,blender_tool;pipeline_wiring,True,direct_test;module_test;live_probe,10,veilbreakers_terrain/tests/test_delta_integrator.py;veilbreakers_terrain/tests/test_erosion_freq_split.py;veilbreakers_terrain/tests/test_live_readiness_regressions.py;veilbreakers_terrain/tests/test_normal_rock_brucks_snow.py;veilbreakers_terrain/tests/test_p7_priority_flood.py;veilbreakers_terrain/tests/test_p7_roughness_channel.py;veilbreakers_terrain/tests/test_phase14_wave1.py;veilbreakers_terrain/tests/test_pipeline_contract_runtime_helpers.py;...(+22),LOW,False,
terrain_pipeline.py,TerrainPassController.register_pass,register_pass,164,method,B+,GRADED,file_qualified,blender_tool;pipeline_wiring,True,direct_test;module_test;live_probe,10,veilbreakers_terrain/tests/test_delta_integrator.py;veilbreakers_terrain/tests/test_erosion_freq_split.py;veilbreakers_terrain/tests/test_live_readiness_regressions.py;veilbreakers_terrain/tests/test_normal_rock_brucks_snow.py;veilbreakers_terrain/tests/test_p7_priority_flood.py;veilbreakers_terrain/tests/test_p7_roughness_channel.py;veilbreakers_terrain/tests/test_phase14_wave1.py;veilbreakers_terrain/tests/test_pipeline_contract_runtime_helpers.py;...(+22),LOW,False,
terrain_pipeline.py,TerrainPassController.get_pass,get_pass,279,method,A,GRADED,file_qualified,blender_tool;pipeline_wiring,True,direct_test;module_test;live_probe,10,veilbreakers_terrain/tests/test_delta_integrator.py;veilbreakers_terrain/tests/test_erosion_freq_split.py;veilbreakers_terrain/tests/test_live_readiness_regressions.py;veilbreakers_terrain/tests/test_normal_rock_brucks_snow.py;veilbreakers_terrain/tests/test_p7_priority_flood.py;veilbreakers_terrain/tests/test_p7_roughness_channel.py;veilbreakers_terrain/tests/test_phase14_wave1.py;veilbreakers_terrain/tests/test_pipeline_contract_runtime_helpers.py;...(+22),LOW,False,
terrain_pipeline.py,TerrainPassController.clear_registry,clear_registry,285,method,A,GRADED,file_qualified,blender_tool;pipeline_wiring,True,direct_test;module_test;live_probe,10,veilbreakers_terrain/tests/test_delta_integrator.py;veilbreakers_terrain/tests/test_erosion_freq_split.py;veilbreakers_terrain/tests/test_live_readiness_regressions.py;veilbreakers_terrain/tests/test_normal_rock_brucks_snow.py;veilbreakers_terrain/tests/test_p7_priority_flood.py;veilbreakers_terrain/tests/test_p7_roughness_channel.py;veilbreakers_terrain/tests/test_phase14_wave1.py;veilbreakers_terrain/tests/test_pipeline_contract_runtime_helpers.py;...(+22),LOW,False,
terrain_pipeline.py,TerrainPassController.validate_registry_graph,validate_registry_graph,290,method,A,GRADED,file_qualified,blender_tool;pipeline_wiring,True,module_test;live_probe,6,veilbreakers_terrain/tests/test_delta_integrator.py;veilbreakers_terrain/tests/test_erosion_freq_split.py;veilbreakers_terrain/tests/test_live_readiness_regressions.py;veilbreakers_terrain/tests/test_normal_rock_brucks_snow.py;veilbreakers_terrain/tests/test_p7_priority_flood.py;veilbreakers_terrain/tests/test_p7_roughness_channel.py;veilbreakers_terrain/tests/test_phase14_wave1.py;veilbreakers_terrain/tests/test_pipeline_contract_runtime_helpers.py;...(+22),LOW,False,direct_behavior_test
terrain_pipeline.py,TerrainPassController.require_scene_read,require_scene_read,327,method,A,GRADED,file_qualified,blender_tool;pipeline_wiring,True,module_test;live_probe,6,veilbreakers_terrain/tests/test_delta_integrator.py;veilbreakers_terrain/tests/test_erosion_freq_split.py;veilbreakers_terrain/tests/test_live_readiness_regressions.py;veilbreakers_terrain/tests/test_normal_rock_brucks_snow.py;veilbreakers_terrain/tests/test_p7_priority_flood.py;veilbreakers_terrain/tests/test_p7_roughness_channel.py;veilbreakers_terrain/tests/test_phase14_wave1.py;veilbreakers_terrain/tests/test_pipeline_contract_runtime_helpers.py;...(+22),LOW,False,direct_behavior_test
terrain_pipeline.py,TerrainPassController.enforce_protected_zones,enforce_protected_zones,335,method,A,GRADED,file_qualified,blender_tool;pipeline_wiring,True,module_test;live_probe,6,veilbreakers_terrain/tests/test_delta_integrator.py;veilbreakers_terrain/tests/test_erosion_freq_split.py;veilbreakers_terrain/tests/test_live_readiness_regressions.py;veilbreakers_terrain/tests/test_normal_rock_brucks_snow.py;veilbreakers_terrain/tests/test_p7_priority_flood.py;veilbreakers_terrain/tests/test_p7_roughness_channel.py;veilbreakers_terrain/tests/test_phase14_wave1.py;veilbreakers_terrain/tests/test_pipeline_contract_runtime_helpers.py;...(+22),LOW,False,direct_behavior_test
terrain_pipeline.py,TerrainPassController.run_pass,run_pass,368,method,A-,GRADED,file_qualified,blender_tool;pipeline_wiring,True,direct_test;module_test;live_probe,10,veilbreakers_terrain/tests/test_bundle_bcd_supplements.py;veilbreakers_terrain/tests/test_delta_integrator.py;veilbreakers_terrain/tests/test_erosion_freq_split.py;veilbreakers_terrain/tests/test_live_readiness_regressions.py;veilbreakers_terrain/tests/test_normal_rock_brucks_snow.py;veilbreakers_terrain/tests/test_p7_priority_flood.py;veilbreakers_terrain/tests/test_p7_roughness_channel.py;veilbreakers_terrain/tests/test_phase14_wave1.py;...(+23),LOW,False,
terrain_pipeline.py,TerrainPassController.run_pipeline,run_pipeline,513,method,C,GRADED,file_qualified,blender_tool;pipeline_wiring,True,direct_test;module_test;live_probe,9,veilbreakers_terrain/tests/test_cross_feature.py;veilbreakers_terrain/tests/test_delta_integrator.py;veilbreakers_terrain/tests/test_erosion_freq_split.py;veilbreakers_terrain/tests/test_live_readiness_regressions.py;veilbreakers_terrain/tests/test_normal_rock_brucks_snow.py;veilbreakers_terrain/tests/test_p7_priority_flood.py;veilbreakers_terrain/tests/test_p7_roughness_channel.py;veilbreakers_terrain/tests/test_phase14_wave1.py;...(+23),LOW,False,
terrain_pipeline.py,TerrainPassController._save_checkpoint,_save_checkpoint,701,method,A,GRADED,file_qualified,blender_tool;pipeline_wiring,True,module_test;live_probe,6,veilbreakers_terrain/tests/test_delta_integrator.py;veilbreakers_terrain/tests/test_erosion_freq_split.py;veilbreakers_terrain/tests/test_live_readiness_regressions.py;veilbreakers_terrain/tests/test_normal_rock_brucks_snow.py;veilbreakers_terrain/tests/test_p7_priority_flood.py;veilbreakers_terrain/tests/test_p7_roughness_channel.py;veilbreakers_terrain/tests/test_phase14_wave1.py;veilbreakers_terrain/tests/test_pipeline_contract_runtime_helpers.py;...(+22),LOW,False,direct_behavior_test
terrain_pipeline.py,TerrainPassController.rollback_to,rollback_to,750,method,A,GRADED,file_qualified,blender_tool;pipeline_wiring,True,direct_test;module_test;live_probe,10,veilbreakers_terrain/tests/test_delta_integrator.py;veilbreakers_terrain/tests/test_erosion_freq_split.py;veilbreakers_terrain/tests/test_live_readiness_regressions.py;veilbreakers_terrain/tests/test_normal_rock_brucks_snow.py;veilbreakers_terrain/tests/test_p7_priority_flood.py;veilbreakers_terrain/tests/test_p7_roughness_channel.py;veilbreakers_terrain/tests/test_phase14_wave1.py;veilbreakers_terrain/tests/test_pipeline_contract_runtime_helpers.py;...(+22),LOW,False,
terrain_pipeline.py,TerrainPassController.rollback_last_checkpoint,rollback_last_checkpoint,819,method,A,GRADED,file_qualified,blender_tool;pipeline_wiring,True,direct_test;module_test;live_probe,10,veilbreakers_terrain/tests/test_delta_integrator.py;veilbreakers_terrain/tests/test_erosion_freq_split.py;veilbreakers_terrain/tests/test_live_readiness_regressions.py;veilbreakers_terrain/tests/test_normal_rock_brucks_snow.py;veilbreakers_terrain/tests/test_p7_priority_flood.py;veilbreakers_terrain/tests/test_p7_roughness_channel.py;veilbreakers_terrain/tests/test_phase14_wave1.py;veilbreakers_terrain/tests/test_pipeline_contract_runtime_helpers.py;...(+22),LOW,False,
terrain_pipeline.py,pass_compute_terrain_labels,pass_compute_terrain_labels,829,function,A,GRADED,file_qualified,blender_tool;pipeline_wiring,True,direct_test;module_test;live_probe,10,veilbreakers_terrain/tests/test_delta_integrator.py;veilbreakers_terrain/tests/test_erosion_freq_split.py;veilbreakers_terrain/tests/test_live_readiness_regressions.py;veilbreakers_terrain/tests/test_normal_rock_brucks_snow.py;veilbreakers_terrain/tests/test_p7_priority_flood.py;veilbreakers_terrain/tests/test_p7_roughness_channel.py;veilbreakers_terrain/tests/test_phase14_wave1.py;veilbreakers_terrain/tests/test_pipeline_contract_runtime_helpers.py;...(+22),LOW,False,
terrain_pipeline.py,register_terrain_label_passes,register_terrain_label_passes,885,function,A,GRADED,file_qualified,blender_tool;pipeline_wiring,True,direct_test;module_test;live_probe,10,veilbreakers_terrain/tests/test_delta_integrator.py;veilbreakers_terrain/tests/test_erosion_freq_split.py;veilbreakers_terrain/tests/test_live_readiness_regressions.py;veilbreakers_terrain/tests/test_normal_rock_brucks_snow.py;veilbreakers_terrain/tests/test_p7_priority_flood.py;veilbreakers_terrain/tests/test_p7_roughness_channel.py;veilbreakers_terrain/tests/test_phase14_wave1.py;veilbreakers_terrain/tests/test_pipeline_contract_runtime_helpers.py;...(+22),LOW,False,
terrain_pipeline.py,pass_compute_snow_line,pass_compute_snow_line,909,function,A,GRADED,file_qualified,blender_tool;pipeline_wiring,True,direct_test;module_test;live_probe,10,veilbreakers_terrain/tests/test_delta_integrator.py;veilbreakers_terrain/tests/test_erosion_freq_split.py;veilbreakers_terrain/tests/test_live_readiness_regressions.py;veilbreakers_terrain/tests/test_normal_rock_brucks_snow.py;veilbreakers_terrain/tests/test_p7_priority_flood.py;veilbreakers_terrain/tests/test_p7_roughness_channel.py;veilbreakers_terrain/tests/test_phase14_wave1.py;veilbreakers_terrain/tests/test_pipeline_contract_runtime_helpers.py;...(+22),LOW,False,
terrain_pipeline.py,register_snow_line_pass,register_snow_line_pass,956,function,A,GRADED,file_qualified,blender_tool;pipeline_wiring,True,module_test;live_probe,6,veilbreakers_terrain/tests/test_delta_integrator.py;veilbreakers_terrain/tests/test_erosion_freq_split.py;veilbreakers_terrain/tests/test_live_readiness_regressions.py;veilbreakers_terrain/tests/test_normal_rock_brucks_snow.py;veilbreakers_terrain/tests/test_p7_priority_flood.py;veilbreakers_terrain/tests/test_p7_roughness_channel.py;veilbreakers_terrain/tests/test_phase14_wave1.py;veilbreakers_terrain/tests/test_pipeline_contract_runtime_helpers.py;...(+22),LOW,False,direct_behavior_test
terrain_pipeline.py,_toposort_passes,_toposort_passes,977,function,A,GRADED,file_qualified,blender_tool;pipeline_wiring,True,module_test;live_probe,6,veilbreakers_terrain/tests/test_delta_integrator.py;veilbreakers_terrain/tests/test_erosion_freq_split.py;veilbreakers_terrain/tests/test_live_readiness_regressions.py;veilbreakers_terrain/tests/test_normal_rock_brucks_snow.py;veilbreakers_terrain/tests/test_p7_priority_flood.py;veilbreakers_terrain/tests/test_p7_roughness_channel.py;veilbreakers_terrain/tests/test_phase14_wave1.py;veilbreakers_terrain/tests/test_pipeline_contract_runtime_helpers.py;...(+22),LOW,False,direct_behavior_test
terrain_pipeline.py,register_default_passes,register_default_passes,1041,function,A,GRADED,file_qualified,blender_tool;pipeline_wiring,True,direct_test;module_test;live_probe,10,veilbreakers_terrain/tests/test_delta_integrator.py;veilbreakers_terrain/tests/test_erosion_freq_split.py;veilbreakers_terrain/tests/test_live_readiness_regressions.py;veilbreakers_terrain/tests/test_normal_rock_brucks_snow.py;veilbreakers_terrain/tests/test_p7_priority_flood.py;veilbreakers_terrain/tests/test_p7_roughness_channel.py;veilbreakers_terrain/tests/test_phase14_wave1.py;veilbreakers_terrain/tests/test_pipeline_contract_runtime_helpers.py;...(+22),LOW,False,
terrain_protocol.py,ProtocolGate.rule_1_observe_before_calculate,rule_1_observe_before_calculate,76,method,A,GRADED,file_qualified,visual_qa;pipeline_wiring,False,direct_test;module_test;live_probe,10,veilbreakers_terrain/tests/test_bundle_r.py,LOW,False,
terrain_protocol.py,ProtocolGate.rule_2_sync_to_user_viewport,rule_2_sync_to_user_viewport,105,method,A,GRADED,file_simple,visual_qa;camera_readability;pipeline_wiring,False,direct_test;module_test;live_probe,10,veilbreakers_terrain/tests/test_bundle_r.py,LOW,False,
terrain_protocol.py,ProtocolGate.rule_3_lock_reference_empties,rule_3_lock_reference_empties,144,method,A,GRADED,file_simple,visual_qa;pipeline_wiring,False,direct_test;module_test;live_probe,10,veilbreakers_terrain/tests/test_bundle_r.py,LOW,False,
terrain_protocol.py,ProtocolGate.rule_4_real_geometry_not_vertex_tricks,rule_4_real_geometry_not_vertex_tricks,185,method,A,GRADED,file_simple,visual_qa;pipeline_wiring,False,direct_test;module_test;live_probe,10,veilbreakers_terrain/tests/test_bundle_r.py,LOW,False,
terrain_protocol.py,ProtocolGate.rule_5_smallest_diff_per_iteration,rule_5_smallest_diff_per_iteration,219,method,A,GRADED,file_simple,visual_qa;pipeline_wiring,False,direct_test;module_test;live_probe,10,veilbreakers_terrain/tests/test_bundle_r.py,LOW,False,
terrain_protocol.py,ProtocolGate.rule_6_surface_vs_interior_classification,rule_6_surface_vs_interior_classification,251,method,A,GRADED,file_simple,visual_qa;pipeline_wiring,False,direct_test;module_test;live_probe,10,veilbreakers_terrain/tests/test_bundle_r.py,LOW,False,
terrain_protocol.py,ProtocolGate.rule_7_plugin_usage,rule_7_plugin_usage,273,method,A,GRADED,file_simple,visual_qa;pipeline_wiring,False,direct_test;module_test;live_probe,10,veilbreakers_terrain/tests/test_bundle_r.py,LOW,False,
terrain_protocol.py,enforce_protocol,enforce_protocol,285,function,A,GRADED,file_qualified,visual_qa;pipeline_wiring,False,direct_test;module_test;live_probe,10,veilbreakers_terrain/tests/test_bundle_r.py,LOW,False,
terrain_quality_profiles.py,_validate_profile_schema,_validate_profile_schema,68,function,A,GRADED,file_qualified,blender_tool;materials_texturing;geometry_mesh;pipeline_wiring,True,direct_test;module_test;live_probe,10,veilbreakers_terrain/tests/test_bundle_bcd_supplements.py,LOW,False,
terrain_quality_profiles.py,_is_power_of_two,_is_power_of_two,88,function,A,GRADED,file_qualified,blender_tool;materials_texturing;geometry_mesh;pipeline_wiring,True,direct_test;module_test;live_probe,10,veilbreakers_terrain/tests/test_bundle_bcd_supplements.py,LOW,False,
terrain_quality_profiles.py,_is_heightmap_resolution,_is_heightmap_resolution,92,function,A,GRADED,file_qualified,blender_tool;materials_texturing;geometry_mesh;pipeline_wiring,True,direct_test;module_test;live_probe,10,veilbreakers_terrain/tests/test_bundle_bcd_supplements.py,LOW,False,
terrain_quality_profiles.py,_merge_with_parent,_merge_with_parent,569,function,A,GRADED,file_qualified,blender_tool;materials_texturing;geometry_mesh;pipeline_wiring,True,module_test;live_probe,6,veilbreakers_terrain/tests/test_bundle_bcd_supplements.py,LOW,False,direct_behavior_test;material_texture_contract_test
terrain_quality_profiles.py,load_quality_profile,load_quality_profile,763,function,A,GRADED,file_qualified,blender_tool;materials_texturing;geometry_mesh;pipeline_wiring,True,direct_test;module_test;live_probe,10,veilbreakers_terrain/tests/test_bundle_bcd_supplements.py,LOW,False,
terrain_quality_profiles.py,list_quality_profiles,list_quality_profiles,825,function,B+,GRADED,file_qualified,blender_tool;materials_texturing;geometry_mesh;pipeline_wiring,True,direct_test;module_test;live_probe,10,veilbreakers_terrain/tests/test_bundle_bcd_supplements.py,LOW,False,
terrain_quality_profiles.py,list_quality_profiles_canonical,list_quality_profiles_canonical,836,function,A,GRADED,file_qualified,blender_tool;materials_texturing;geometry_mesh;pipeline_wiring,True,direct_test;module_test;live_probe,10,veilbreakers_terrain/tests/test_bundle_bcd_supplements.py,LOW,False,
terrain_quality_profiles.py,write_profile_jsons,write_profile_jsons,851,function,A,GRADED,file_qualified,blender_tool;materials_texturing;geometry_mesh;pipeline_wiring,True,direct_test;module_test;live_probe,10,veilbreakers_terrain/tests/test_bundle_bcd_supplements.py,LOW,False,
terrain_quality_profiles.py,lock_preset,lock_preset,979,function,A,GRADED,file_qualified,blender_tool;materials_texturing;geometry_mesh;pipeline_wiring,True,direct_test;module_test;live_probe,10,veilbreakers_terrain/tests/test_bundle_bcd_supplements.py,LOW,False,
terrain_quality_profiles.py,unlock_preset,unlock_preset,984,function,A,GRADED,file_qualified,blender_tool;materials_texturing;geometry_mesh;pipeline_wiring,True,direct_test;module_test;live_probe,10,veilbreakers_terrain/tests/test_bundle_bcd_supplements.py,LOW,False,
terrain_quixel_ingest.py,QuixelAsset.has_channel,has_channel,166,method,A,GRADED,file_qualified,blender_tool;visual_qa;materials_texturing;geometry_mesh,True,direct_test;module_test;live_probe,10,veilbreakers_terrain/tests/test_terrain_material_ceiling.py,LOW,False,
terrain_quixel_ingest.py,QuixelAsset.to_dict,to_dict,169,method,A,GRADED,file_qualified,blender_tool;visual_qa;materials_texturing;geometry_mesh,True,direct_test;module_test;live_probe,10,veilbreakers_terrain/tests/test_terrain_advanced.py;veilbreakers_terrain/tests/test_terrain_best_practice_guardrail.py;veilbreakers_terrain/tests/test_terrain_deep_qa.py;veilbreakers_terrain/tests/test_terrain_material_ceiling.py,LOW,False,
terrain_quixel_ingest.py,_classify_texture,_classify_texture,178,function,B+,GRADED,file_qualified,blender_tool;visual_qa;materials_texturing;geometry_mesh,True,module_test;live_probe,6,veilbreakers_terrain/tests/test_terrain_material_ceiling.py,LOW,False,direct_behavior_test;material_texture_contract_test
terrain_quixel_ingest.py,_asset_matches_biome,_asset_matches_biome,238,function,D+,GRADED,file_qualified,blender_tool;visual_qa;materials_texturing;geometry_mesh;scatter_ecology,True,module_test;live_probe,5,veilbreakers_terrain/tests/test_terrain_material_ceiling.py,LOW,False,direct_behavior_test;material_texture_contract_test
terrain_quixel_ingest.py,ingest_quixel_asset,ingest_quixel_asset,264,function,B+,GRADED,file_qualified,blender_tool;visual_qa;materials_texturing;geometry_mesh,True,direct_test;module_test;live_probe,10,veilbreakers_terrain/tests/test_terrain_material_ceiling.py,LOW,False,
terrain_quixel_ingest.py,_bilinear_sample_texture,_bilinear_sample_texture,358,function,D+,GRADED,file_qualified,blender_tool;visual_qa;materials_texturing;geometry_mesh,True,module_test;live_probe,5,veilbreakers_terrain/tests/test_terrain_material_ceiling.py,LOW,False,direct_behavior_test;material_texture_contract_test
terrain_quixel_ingest.py,apply_quixel_to_layer,apply_quixel_to_layer,411,function,B+,GRADED,file_qualified,blender_tool;visual_qa;materials_texturing;geometry_mesh,True,direct_test;module_test;live_probe,10,veilbreakers_terrain/tests/test_terrain_material_ceiling.py,LOW,False,
terrain_quixel_ingest.py,pass_quixel_ingest,pass_quixel_ingest,593,function,B+,GRADED,file_qualified,blender_tool;visual_qa;materials_texturing;geometry_mesh;pipeline_wiring,True,direct_test;module_test;live_probe,10,veilbreakers_terrain/tests/test_terrain_material_ceiling.py,LOW,False,
terrain_quixel_ingest.py,pass_quixel_ingest_bundle_k,pass_quixel_ingest_bundle_k,816,function,A-,GRADED,file_qualified,blender_tool;visual_qa;materials_texturing;geometry_mesh;pipeline_wiring,True,direct_test;module_test;live_probe,10,veilbreakers_terrain/tests/test_terrain_material_ceiling.py,LOW,False,
terrain_quixel_ingest.py,register_bundle_k_quixel_ingest_pass,register_bundle_k_quixel_ingest_pass,824,function,A,GRADED,file_qualified,blender_tool;visual_qa;materials_texturing;geometry_mesh;pipeline_wiring,True,module_test;live_probe,6,veilbreakers_terrain/tests/test_terrain_material_ceiling.py,LOW,False,direct_behavior_test;material_texture_contract_test
terrain_readability_bands.py,BandScore.clamp,clamp,56,method,A,GRADED,file_qualified,blender_tool;visual_qa;camera_readability;materials_texturing;geometry_mesh,True,module_test;live_probe,6,veilbreakers_terrain/tests/test_terrain_deep_qa.py,LOW,False,direct_behavior_test;material_texture_contract_test;camera_readability_probe
terrain_readability_bands.py,_safe_std,_safe_std,61,function,A,GRADED,file_qualified,blender_tool;visual_qa;camera_readability;materials_texturing;geometry_mesh,True,module_test;live_probe,6,veilbreakers_terrain/tests/test_terrain_deep_qa.py,LOW,False,direct_behavior_test;material_texture_contract_test;camera_readability_probe
terrain_readability_bands.py,_normalize_to_score,_normalize_to_score,71,function,B+,GRADED,file_qualified,blender_tool;visual_qa;camera_readability;materials_texturing;geometry_mesh,True,module_test;live_probe,6,veilbreakers_terrain/tests/test_terrain_deep_qa.py,LOW,False,direct_behavior_test;material_texture_contract_test;camera_readability_probe
terrain_readability_bands.py,_band_silhouette,_band_silhouette,83,function,B,GRADED,file_qualified,blender_tool;visual_qa;camera_readability;materials_texturing;geometry_mesh,True,module_test;live_probe,5,veilbreakers_terrain/tests/test_terrain_deep_qa.py,LOW,False,direct_behavior_test;material_texture_contract_test;camera_readability_probe
terrain_readability_bands.py,_band_volume,_band_volume,155,function,B-,GRADED,file_qualified,blender_tool;visual_qa;camera_readability;materials_texturing;geometry_mesh,True,module_test;live_probe,5,veilbreakers_terrain/tests/test_terrain_deep_qa.py,LOW,False,direct_behavior_test;material_texture_contract_test;camera_readability_probe
terrain_readability_bands.py,_band_value,_band_value,209,function,B,GRADED,file_qualified,blender_tool;visual_qa;camera_readability;materials_texturing;geometry_mesh,True,module_test;live_probe,5,veilbreakers_terrain/tests/test_terrain_deep_qa.py,LOW,False,direct_behavior_test;material_texture_contract_test;camera_readability_probe
terrain_readability_bands.py,_band_texture,_band_texture,261,function,B+,GRADED,file_qualified,blender_tool;visual_qa;camera_readability;materials_texturing;geometry_mesh,True,module_test;live_probe,6,veilbreakers_terrain/tests/test_terrain_deep_qa.py,LOW,False,direct_behavior_test;material_texture_contract_test;camera_readability_probe
terrain_readability_bands.py,_band_color,_band_color,324,function,B-,GRADED,file_qualified,blender_tool;visual_qa;camera_readability;materials_texturing;geometry_mesh,True,module_test;live_probe,5,veilbreakers_terrain/tests/test_terrain_deep_qa.py,LOW,False,direct_behavior_test;material_texture_contract_test;camera_readability_probe
terrain_readability_bands.py,compute_readability_bands,compute_readability_bands,376,function,C+,GRADED,file_qualified,blender_tool;visual_qa;camera_readability;materials_texturing;geometry_mesh,True,direct_test;module_test;live_probe,9,veilbreakers_terrain/tests/test_terrain_deep_qa.py,LOW,False,
terrain_readability_bands.py,aggregate_readability_score,aggregate_readability_score,387,function,C,GRADED,file_qualified,blender_tool;visual_qa;camera_readability;materials_texturing;geometry_mesh,True,direct_test;module_test;live_probe,9,veilbreakers_terrain/tests/test_terrain_deep_qa.py,LOW,False,
terrain_readability_semantic.py,check_cliff_silhouette_readability,check_cliff_silhouette_readability,33,function,B+,GRADED,file_qualified,camera_readability;water;geometry_mesh,False,direct_test;module_test;live_probe,10,veilbreakers_terrain/tests/test_bundle_egjn_supplements.py;veilbreakers_terrain/tests/test_terrain_validation.py,LOW,False,
terrain_readability_semantic.py,check_waterfall_chain_completeness,check_waterfall_chain_completeness,243,function,A-,GRADED,file_qualified,camera_readability;water;geometry_mesh,False,direct_test;module_test;live_probe,10,veilbreakers_terrain/tests/test_bundle_egjn_supplements.py,LOW,False,
terrain_readability_semantic.py,check_cave_framing_presence,check_cave_framing_presence,368,function,A-,GRADED,file_qualified,camera_readability;water;geometry_mesh,False,direct_test;module_test;live_probe,10,veilbreakers_terrain/tests/test_bundle_egjn_supplements.py,LOW,False,
terrain_readability_semantic.py,check_focal_composition,check_focal_composition,482,function,B+,GRADED,file_qualified,camera_readability;water;geometry_mesh,False,direct_test;module_test;live_probe,10,veilbreakers_terrain/tests/test_bundle_egjn_supplements.py;veilbreakers_terrain/tests/test_terrain_validation.py,LOW,False,
terrain_readability_semantic.py,_safe_asarray,_safe_asarray,566,function,A,GRADED,file_qualified,camera_readability;water;geometry_mesh,False,module_test;live_probe,6,veilbreakers_terrain/tests/test_bundle_egjn_supplements.py,LOW,False,direct_behavior_test;camera_readability_probe
terrain_readability_semantic.py,run_semantic_readability_audit,run_semantic_readability_audit,577,function,A-,GRADED,file_qualified,camera_readability;water;geometry_mesh,False,direct_test;module_test;live_probe,10,veilbreakers_terrain/tests/test_bundle_egjn_supplements.py,LOW,False,
terrain_reference_locks.py,_lock_registry,_lock_registry,40,function,A,GRADED,file_qualified,core,False,direct_test;module_test;live_probe,10,veilbreakers_terrain/tests/test_bundle_r.py,LOW,False,
terrain_reference_locks.py,lock_anchor,lock_anchor,53,function,B+,GRADED,file_qualified,core,False,direct_test;module_test;live_probe,10,veilbreakers_terrain/tests/test_bundle_r.py,LOW,False,
terrain_reference_locks.py,unlock_anchor,unlock_anchor,63,function,B,GRADED,file_qualified,core,False,direct_test;module_test;live_probe,9,veilbreakers_terrain/tests/test_bundle_r.py,LOW,False,
terrain_reference_locks.py,clear_all_locks,clear_all_locks,68,function,B,GRADED,file_qualified,core,False,direct_test;module_test;live_probe,9,veilbreakers_terrain/tests/test_bundle_r.py,LOW,False,
terrain_reference_locks.py,is_locked,is_locked,74,function,A,GRADED,file_qualified,core,False,direct_test;module_test;live_probe,10,veilbreakers_terrain/tests/test_bundle_r.py,LOW,False,
terrain_reference_locks.py,_distance,_distance,79,function,A,GRADED,file_qualified,core,False,module_test;live_probe,6,veilbreakers_terrain/tests/test_bundle_r.py,LOW,False,direct_behavior_test
terrain_reference_locks.py,assert_anchor_integrity,assert_anchor_integrity,86,function,A-,GRADED,file_qualified,core,False,direct_test;module_test;live_probe,10,veilbreakers_terrain/tests/test_bundle_r.py,LOW,False,
terrain_reference_locks.py,assert_all_anchors_intact,assert_all_anchors_intact,105,function,A-,GRADED,file_qualified,core,False,direct_test;module_test;live_probe,10,veilbreakers_terrain/tests/test_bundle_r.py,LOW,False,
terrain_region_exec.py,_pass_pad_radius,_pass_pad_radius,64,function,A,GRADED,file_qualified,blender_tool;materials_texturing;water;pipeline_wiring,True,module_test;live_probe,6,veilbreakers_terrain/tests/test_terrain_iteration.py;veilbreakers_terrain/tests/test_terrain_wiring_integration.py,LOW,False,direct_behavior_test;material_texture_contract_test
terrain_region_exec.py,compute_minimum_padding,compute_minimum_padding,68,function,A-,GRADED,file_qualified,blender_tool;materials_texturing;water;pipeline_wiring,True,direct_test;module_test;live_probe,10,veilbreakers_terrain/tests/test_terrain_iteration.py;veilbreakers_terrain/tests/test_terrain_wiring_integration.py,LOW,False,
terrain_region_exec.py,execute_region,execute_region,104,function,A-,GRADED,file_qualified,blender_tool;materials_texturing;water;pipeline_wiring,True,direct_test;module_test;live_probe,10,veilbreakers_terrain/tests/test_terrain_iteration.py;veilbreakers_terrain/tests/test_terrain_wiring_integration.py,LOW,False,
terrain_region_exec.py,execute_region_with_rollback,execute_region_with_rollback,133,function,B,GRADED,file_qualified,blender_tool;materials_texturing;water;pipeline_wiring,True,module_test;live_probe,5,veilbreakers_terrain/tests/test_terrain_iteration.py;veilbreakers_terrain/tests/test_terrain_wiring_integration.py,LOW,False,direct_behavior_test;material_texture_contract_test
terrain_region_exec.py,estimate_speedup,estimate_speedup,232,function,A,GRADED,file_qualified,blender_tool;materials_texturing;water;pipeline_wiring,True,direct_test;module_test;live_probe,10,veilbreakers_terrain/tests/test_terrain_iteration.py;veilbreakers_terrain/tests/test_terrain_wiring_integration.py,LOW,False,
terrain_review_ingest.py,ReviewFinding.to_dict,to_dict,47,method,A,GRADED,file_qualified,blender_tool;pipeline_wiring,True,direct_test;module_test;live_probe,10,veilbreakers_terrain/tests/test_terrain_advanced.py;veilbreakers_terrain/tests/test_terrain_best_practice_guardrail.py;veilbreakers_terrain/tests/test_terrain_deep_qa.py,LOW,False,
terrain_review_ingest.py,_coerce_location,_coerce_location,55,function,A,GRADED,file_qualified,blender_tool;pipeline_wiring,True,module_test;live_probe,6,veilbreakers_terrain/tests/test_terrain_deep_qa.py,LOW,False,direct_behavior_test
terrain_review_ingest.py,ingest_review_json,ingest_review_json,63,function,A-,GRADED,file_qualified,blender_tool;pipeline_wiring,True,direct_test;module_test;live_probe,10,veilbreakers_terrain/tests/test_terrain_deep_qa.py,LOW,False,
terrain_review_ingest.py,apply_review_findings,apply_review_findings,121,function,A,GRADED,file_qualified,blender_tool;pipeline_wiring,True,direct_test;module_test;live_probe,10,veilbreakers_terrain/tests/test_terrain_deep_qa.py,LOW,False,
terrain_review_ingest.py,pass_apply_review_blockers,pass_apply_review_blockers,192,function,D+,GRADED,file_qualified,blender_tool;pipeline_wiring,True,module_test;live_probe,5,veilbreakers_terrain/tests/test_terrain_deep_qa.py,LOW,False,direct_behavior_test
terrain_rhythm.py,_positions_xy,_positions_xy,34,function,A-,GRADED,file_qualified,blender_tool;scatter_ecology,True,module_test;live_probe,6,veilbreakers_terrain/tests/test_environment_analysis_runtime_helpers.py;veilbreakers_terrain/tests/test_terrain_composition.py,LOW,False,direct_behavior_test
terrain_rhythm.py,_feature_type,_feature_type,47,function,A,GRADED,file_qualified,blender_tool;scatter_ecology,True,direct_test;module_test;live_probe,10,veilbreakers_terrain/tests/test_environment_analysis_runtime_helpers.py;veilbreakers_terrain/tests/test_terrain_composition.py,LOW,False,
terrain_rhythm.py,_feature_salience,_feature_salience,56,function,A,GRADED,file_qualified,blender_tool;scatter_ecology,True,direct_test;module_test;live_probe,10,veilbreakers_terrain/tests/test_environment_analysis_runtime_helpers.py;veilbreakers_terrain/tests/test_terrain_composition.py,LOW,False,
terrain_rhythm.py,_nn_distances,_nn_distances,67,function,A,GRADED,file_qualified,blender_tool;scatter_ecology,True,direct_test;module_test;live_probe,10,veilbreakers_terrain/tests/test_environment_analysis_runtime_helpers.py;veilbreakers_terrain/tests/test_terrain_composition.py,LOW,False,
terrain_rhythm.py,_ripley_k_proxy,_ripley_k_proxy,81,function,B+,GRADED,file_qualified,blender_tool;scatter_ecology,True,direct_test;module_test;live_probe,10,veilbreakers_terrain/tests/test_environment_analysis_runtime_helpers.py;veilbreakers_terrain/tests/test_terrain_composition.py,LOW,False,
terrain_rhythm.py,_monotonic_gradient,_monotonic_gradient,118,function,B+,GRADED,file_qualified,blender_tool;scatter_ecology,True,direct_test;module_test;live_probe,10,veilbreakers_terrain/tests/test_environment_analysis_runtime_helpers.py;veilbreakers_terrain/tests/test_terrain_composition.py,LOW,False,
terrain_rhythm.py,analyze_feature_rhythm,analyze_feature_rhythm,148,function,A,GRADED,file_qualified,blender_tool;scatter_ecology,True,direct_test;module_test;live_probe,10,veilbreakers_terrain/tests/test_environment_analysis_runtime_helpers.py;veilbreakers_terrain/tests/test_terrain_composition.py,LOW,False,
terrain_rhythm.py,enforce_rhythm,enforce_rhythm,245,function,A,GRADED,file_qualified,blender_tool;scatter_ecology,True,direct_test;module_test;live_probe,10,veilbreakers_terrain/tests/test_environment_analysis_runtime_helpers.py;veilbreakers_terrain/tests/test_terrain_composition.py,LOW,False,
terrain_rhythm.py,validate_rhythm,validate_rhythm,422,function,A,GRADED,file_qualified,blender_tool;scatter_ecology,True,direct_test;module_test;live_probe,10,veilbreakers_terrain/tests/test_environment_analysis_runtime_helpers.py;veilbreakers_terrain/tests/test_terrain_composition.py,LOW,False,
terrain_rng.py,make_rng,make_rng,17,function,A,GRADED,file_qualified,pipeline_wiring,False,direct_test;module_test,7,veilbreakers_terrain/tests/test_chunk_cache_math_helpers.py,LOW,False,
terrain_rng.py,tile_rng,tile_rng,34,function,A,GRADED,file_qualified,pipeline_wiring,False,direct_test;module_test,7,veilbreakers_terrain/tests/test_chunk_cache_math_helpers.py,LOW,False,
terrain_roughness_driver.py,compute_roughness_from_wetness_wear,compute_roughness_from_wetness_wear,25,function,A,GRADED,file_qualified,materials_texturing;water;geometry_mesh;pipeline_wiring,False,direct_test;module_test;live_probe,10,veilbreakers_terrain/tests/test_p7_roughness_channel.py;veilbreakers_terrain/tests/test_phase14_wave1.py;veilbreakers_terrain/tests/test_terrain_material_ceiling.py,LOW,False,
terrain_roughness_driver.py,pass_roughness_driver,pass_roughness_driver,78,function,A,GRADED,file_qualified,materials_texturing;water;geometry_mesh;pipeline_wiring,False,direct_test;module_test;live_probe,10,veilbreakers_terrain/tests/test_p7_roughness_channel.py;veilbreakers_terrain/tests/test_phase14_wave1.py;veilbreakers_terrain/tests/test_terrain_material_ceiling.py,LOW,False,
terrain_roughness_driver.py,register_bundle_k_roughness_driver_pass,register_bundle_k_roughness_driver_pass,223,function,A-,GRADED,file_qualified,materials_texturing;water;geometry_mesh;pipeline_wiring,True,direct_test;module_test;live_probe,10,veilbreakers_terrain/tests/test_p7_roughness_channel.py;veilbreakers_terrain/tests/test_phase14_wave1.py;veilbreakers_terrain/tests/test_terrain_material_ceiling.py,LOW,False,
terrain_saliency.py,_world_to_cell,_world_to_cell,70,function,B+,GRADED,file_qualified,blender_tool;visual_qa;camera_readability;water;geometry_mesh;scatter_ecology;pipeline_wiring,True,direct_test;module_test;live_probe,10,veilbreakers_terrain/tests/test_terrain_caves.py;veilbreakers_terrain/tests/test_terrain_composition.py,LOW,False,
terrain_saliency.py,_sample_height_bilinear,_sample_height_bilinear,88,function,A,GRADED,file_qualified,blender_tool;visual_qa;camera_readability;water;geometry_mesh;scatter_ecology;pipeline_wiring,True,module_test;live_probe,6,veilbreakers_terrain/tests/test_terrain_composition.py,LOW,False,direct_behavior_test;camera_readability_probe
terrain_saliency.py,compute_vantage_silhouettes,compute_vantage_silhouettes,125,function,B+,GRADED,file_qualified,blender_tool;visual_qa;camera_readability;water;geometry_mesh;scatter_ecology;pipeline_wiring,True,direct_test;module_test;live_probe,10,veilbreakers_terrain/tests/test_terrain_composition.py,LOW,False,
terrain_saliency.py,auto_sculpt_around_feature,auto_sculpt_around_feature,233,function,A,GRADED,file_qualified,blender_tool;visual_qa;camera_readability;water;geometry_mesh;scatter_ecology;pipeline_wiring,True,direct_test;module_test;live_probe,10,veilbreakers_terrain/tests/test_terrain_composition.py,LOW,False,
terrain_saliency.py,_rasterize_vantage_silhouettes_onto_grid,_rasterize_vantage_silhouettes_onto_grid,370,function,B+,GRADED,file_qualified,blender_tool;visual_qa;camera_readability;water;geometry_mesh;scatter_ecology;pipeline_wiring,True,module_test;live_probe,6,veilbreakers_terrain/tests/test_terrain_composition.py,LOW,False,direct_behavior_test;camera_readability_probe
terrain_saliency.py,_compute_8factor_saliency,_compute_8factor_saliency,447,function,D+,GRADED,file_qualified,blender_tool;visual_qa;camera_readability;water;geometry_mesh;scatter_ecology;pipeline_wiring,True,module_test;live_probe,5,veilbreakers_terrain/tests/test_terrain_composition.py,LOW,False,direct_behavior_test;camera_readability_probe
terrain_saliency.py,pass_saliency_refine,pass_saliency_refine,602,function,B+,GRADED,file_qualified,blender_tool;visual_qa;camera_readability;water;geometry_mesh;scatter_ecology;pipeline_wiring,True,direct_test;module_test;live_probe,10,veilbreakers_terrain/tests/test_terrain_composition.py,LOW,False,
terrain_saliency.py,_saliency_quality_gate,_saliency_quality_gate,700,function,D+,GRADED,file_qualified,blender_tool;visual_qa;camera_readability;water;geometry_mesh;scatter_ecology;pipeline_wiring,True,module_test;live_probe,5,veilbreakers_terrain/tests/test_terrain_composition.py,LOW,False,direct_behavior_test;camera_readability_probe
terrain_saliency.py,register_saliency_pass,register_saliency_pass,765,function,A,GRADED,file_qualified,blender_tool;visual_qa;camera_readability;water;geometry_mesh;scatter_ecology;pipeline_wiring,True,direct_test;module_test;live_probe,10,veilbreakers_terrain/tests/test_terrain_composition.py,LOW,False,
terrain_scatter_altitude_audit_linter.py,audit_scatter_altitude_conversion,audit_scatter_altitude_conversion,41,function,A,GRADED,file_qualified,water;geometry_mesh;scatter_ecology,False,direct_test;module_test;live_probe,10,veilbreakers_terrain/tests/test_terrain_scatter_altitude_audit_linter.py,LOW,False,
terrain_scatter_altitude_audit_linter.py,_cli_main,_cli_main,64,function,D+,GRADED,file_qualified,water;geometry_mesh;scatter_ecology,False,module_test;live_probe,5,veilbreakers_terrain/tests/test_terrain_scatter_altitude_audit_linter.py,LOW,False,direct_behavior_test
terrain_scatter_points.py,ScatterPoint.to_dict,to_dict,40,method,D+,GRADED,file_qualified,blender_tool;water;geometry_mesh;scatter_ecology;pipeline_wiring,True,direct_test;module_test;live_probe,9,veilbreakers_terrain/tests/test_environment_scatter_handlers.py;veilbreakers_terrain/tests/test_scatter_point_and_path_contracts.py;veilbreakers_terrain/tests/test_terrain_advanced.py;veilbreakers_terrain/tests/test_terrain_best_practice_guardrail.py;veilbreakers_terrain/tests/test_terrain_deep_qa.py,LOW,False,
terrain_scatter_points.py,ScatterPointTable.to_dict,to_dict,69,method,D+,GRADED,file_qualified,blender_tool;water;geometry_mesh;scatter_ecology;pipeline_wiring,True,direct_test;module_test;live_probe,9,veilbreakers_terrain/tests/test_environment_scatter_handlers.py;veilbreakers_terrain/tests/test_scatter_point_and_path_contracts.py;veilbreakers_terrain/tests/test_terrain_advanced.py;veilbreakers_terrain/tests/test_terrain_best_practice_guardrail.py;veilbreakers_terrain/tests/test_terrain_deep_qa.py,LOW,False,
terrain_scatter_points.py,_float,_float,79,function,D+,GRADED,file_qualified,blender_tool;water;geometry_mesh;scatter_ecology;pipeline_wiring,True,module_test;live_probe,5,veilbreakers_terrain/tests/test_environment_scatter_handlers.py;veilbreakers_terrain/tests/test_scatter_point_and_path_contracts.py,LOW,False,direct_behavior_test
terrain_scatter_points.py,_int,_int,87,function,D+,GRADED,file_qualified,blender_tool;water;geometry_mesh;scatter_ecology;pipeline_wiring,True,module_test;live_probe,5,veilbreakers_terrain/tests/test_environment_scatter_handlers.py;veilbreakers_terrain/tests/test_scatter_point_and_path_contracts.py,LOW,False,direct_behavior_test
terrain_scatter_points.py,_quat_len,_quat_len,95,function,D+,GRADED,file_qualified,blender_tool;water;geometry_mesh;scatter_ecology;pipeline_wiring,True,module_test;live_probe,5,veilbreakers_terrain/tests/test_environment_scatter_handlers.py;veilbreakers_terrain/tests/test_scatter_point_and_path_contracts.py,LOW,False,direct_behavior_test
terrain_scatter_points.py,_normalise_quat,_normalise_quat,99,function,D+,GRADED,file_qualified,blender_tool;water;geometry_mesh;scatter_ecology;pipeline_wiring,True,direct_test;module_test;live_probe,9,veilbreakers_terrain/tests/test_environment_scatter_handlers.py;veilbreakers_terrain/tests/test_scatter_point_and_path_contracts.py;veilbreakers_terrain/tests/test_terrain_best_practice_guardrail.py,LOW,False,
terrain_scatter_points.py,load_world_creator_instance_pointcloud,load_world_creator_instance_pointcloud,106,function,D+,GRADED,file_qualified,blender_tool;water;geometry_mesh;scatter_ecology;pipeline_wiring,True,direct_test;module_test;live_probe,9,veilbreakers_terrain/tests/test_environment_scatter_handlers.py;veilbreakers_terrain/tests/test_scatter_point_and_path_contracts.py,LOW,False,
terrain_scatter_points.py,validate_scatter_point_table,validate_scatter_point_table,168,function,D+,GRADED,file_qualified,blender_tool;water;geometry_mesh;scatter_ecology;pipeline_wiring,True,direct_test;module_test;live_probe,9,veilbreakers_terrain/tests/test_environment_scatter_handlers.py;veilbreakers_terrain/tests/test_scatter_point_and_path_contracts.py,LOW,False,
terrain_scene_read.py,_walk_scene,_walk_scene,24,function,D+,GRADED,file_qualified,blender_tool;camera_readability;water,True,module_test;live_probe,5,veilbreakers_terrain/tests/test_bundle_r.py,LOW,False,direct_behavior_test;camera_readability_probe
terrain_scene_read.py,capture_scene_read,capture_scene_read,82,function,C+,GRADED,file_qualified,blender_tool;camera_readability;water,True,direct_test;module_test;live_probe,9,veilbreakers_terrain/tests/test_bundle_r.py,LOW,False,
terrain_scene_read.py,get_extended_metadata,get_extended_metadata,204,function,A,GRADED,file_qualified,blender_tool;camera_readability;water,True,module_test;live_probe,6,veilbreakers_terrain/tests/test_bundle_r.py,LOW,False,direct_behavior_test;camera_readability_probe
terrain_scene_read.py,_coerce_bbox,_coerce_bbox,215,function,A,GRADED,file_qualified,blender_tool;camera_readability;water,True,module_test;live_probe,6,veilbreakers_terrain/tests/test_bundle_r.py,LOW,False,direct_behavior_test;camera_readability_probe
terrain_scene_read.py,handle_capture_scene_read,handle_capture_scene_read,233,function,D,GRADED,file_qualified,blender_tool;camera_readability;water,True,direct_test;module_test;live_probe,9,veilbreakers_terrain/tests/test_bundle_r.py,LOW,False,
terrain_sculpt.py,_require_bpy,_require_bpy,43,function,A,GRADED,file_qualified,blender_tool;geometry_mesh,True,direct_test;module_test;live_probe,10,veilbreakers_terrain/tests/test_callable_evidence_bridge_vegetation.py;veilbreakers_terrain/tests/test_precision_mesh_editing.py,LOW,False,
terrain_sculpt.py,get_falloff_value,get_falloff_value,78,function,B+,GRADED,file_qualified,blender_tool;geometry_mesh,True,direct_test;module_test;live_probe,10,veilbreakers_terrain/tests/test_precision_mesh_editing.py,LOW,False,
terrain_sculpt.py,_build_falloff_lut,_build_falloff_lut,116,function,A,GRADED,file_qualified,blender_tool;geometry_mesh,True,module_test;live_probe,6,veilbreakers_terrain/tests/test_precision_mesh_editing.py,LOW,False,direct_behavior_test
terrain_sculpt.py,_sample_falloff_lut,_sample_falloff_lut,163,function,A,GRADED,file_qualified,blender_tool;geometry_mesh,True,module_test;live_probe,6,veilbreakers_terrain/tests/test_precision_mesh_editing.py,LOW,False,direct_behavior_test
terrain_sculpt.py,compute_brush_weights,compute_brush_weights,189,function,B+,GRADED,file_qualified,blender_tool;geometry_mesh,True,direct_test;module_test;live_probe,10,veilbreakers_terrain/tests/test_precision_mesh_editing.py,LOW,False,
terrain_sculpt.py,compute_raise_displacements,compute_raise_displacements,277,function,A,GRADED,file_qualified,blender_tool;geometry_mesh,True,direct_test;module_test;live_probe,10,veilbreakers_terrain/tests/test_precision_mesh_editing.py,LOW,False,
terrain_sculpt.py,compute_lower_displacements,compute_lower_displacements,411,function,A,GRADED,file_qualified,blender_tool;geometry_mesh,True,direct_test;module_test;live_probe,10,veilbreakers_terrain/tests/test_precision_mesh_editing.py,LOW,False,
terrain_sculpt.py,compute_smooth_displacements,compute_smooth_displacements,530,function,B+,GRADED,file_qualified,blender_tool;geometry_mesh,True,direct_test;module_test;live_probe,10,veilbreakers_terrain/tests/test_precision_mesh_editing.py,LOW,False,
terrain_sculpt.py,compute_flatten_displacements,compute_flatten_displacements,677,function,A,GRADED,file_qualified,blender_tool;geometry_mesh,True,direct_test;module_test;live_probe,10,veilbreakers_terrain/tests/test_precision_mesh_editing.py,LOW,False,
terrain_sculpt.py,compute_stamp_displacements,compute_stamp_displacements,814,function,A,GRADED,file_qualified,blender_tool;geometry_mesh,True,direct_test;module_test;live_probe,10,veilbreakers_terrain/tests/test_precision_mesh_editing.py,LOW,False,
terrain_sculpt.py,_build_adjacency,_build_adjacency,981,function,A,GRADED,file_qualified,blender_tool;geometry_mesh,True,module_test;live_probe,6,veilbreakers_terrain/tests/test_precision_mesh_editing.py,LOW,False,direct_behavior_test
terrain_sculpt.py,handle_sculpt_terrain,handle_sculpt_terrain,1026,function,B,GRADED,file_qualified,blender_tool;geometry_mesh,True,module_test;live_probe,5,veilbreakers_terrain/tests/test_precision_mesh_editing.py,LOW,False,direct_behavior_test
terrain_semantics.py,WorldHeightTransform.to_normalized,to_normalized,99,method,A-,GRADED,file_qualified,blender_tool;visual_qa;geometry_mesh;pipeline_wiring,True,module_test;live_probe,6,veilbreakers_terrain/tests/integration/test_full_terrain_pipeline.py;veilbreakers_terrain/tests/test_adjacent_tile_contract.py;veilbreakers_terrain/tests/test_bundle_egjn_supplements.py;veilbreakers_terrain/tests/test_bundle_pq.py;veilbreakers_terrain/tests/test_bundle_r.py;veilbreakers_terrain/tests/test_camera_readability_runtime_helpers.py;veilbreakers_terrain/tests/test_checkpoint_runtime_helpers.py;veilbreakers_terrain/tests/test_chunk_cache_math_helpers.py;...(+48),LOW,False,direct_behavior_test
terrain_semantics.py,WorldHeightTransform.from_normalized,from_normalized,114,method,A-,GRADED,file_qualified,blender_tool;visual_qa;geometry_mesh;pipeline_wiring,True,module_test;live_probe,6,veilbreakers_terrain/tests/integration/test_full_terrain_pipeline.py;veilbreakers_terrain/tests/test_adjacent_tile_contract.py;veilbreakers_terrain/tests/test_bundle_egjn_supplements.py;veilbreakers_terrain/tests/test_bundle_pq.py;veilbreakers_terrain/tests/test_bundle_r.py;veilbreakers_terrain/tests/test_camera_readability_runtime_helpers.py;veilbreakers_terrain/tests/test_checkpoint_runtime_helpers.py;veilbreakers_terrain/tests/test_chunk_cache_math_helpers.py;...(+48),LOW,False,direct_behavior_test
terrain_semantics.py,BBox.width,width,156,method,A,GRADED,file_qualified,blender_tool;visual_qa;geometry_mesh;pipeline_wiring,True,direct_test;module_test;live_probe,10,veilbreakers_terrain/tests/integration/test_full_terrain_pipeline.py;veilbreakers_terrain/tests/test_aaa_water_scatter.py;veilbreakers_terrain/tests/test_adjacent_tile_contract.py;veilbreakers_terrain/tests/test_biome_grammar.py;veilbreakers_terrain/tests/test_bundle_egjn_supplements.py;veilbreakers_terrain/tests/test_bundle_pq.py;veilbreakers_terrain/tests/test_bundle_r.py;veilbreakers_terrain/tests/test_callable_evidence_bridge_vegetation.py;...(+59),LOW,False,
terrain_semantics.py,BBox.height,height,160,method,A,GRADED,file_qualified,blender_tool;visual_qa;geometry_mesh;pipeline_wiring,True,direct_test;module_test;live_probe,10,veilbreakers_terrain/tests/integration/test_full_terrain_pipeline.py;veilbreakers_terrain/tests/test_adjacent_tile_contract.py;veilbreakers_terrain/tests/test_atmospheric_volumes.py;veilbreakers_terrain/tests/test_bundle_egjn_supplements.py;veilbreakers_terrain/tests/test_bundle_pq.py;veilbreakers_terrain/tests/test_bundle_r.py;veilbreakers_terrain/tests/test_callable_evidence_bridge_vegetation.py;veilbreakers_terrain/tests/test_camera_readability_runtime_helpers.py;...(+64),LOW,False,
terrain_semantics.py,BBox.center,center,164,method,A,GRADED,file_qualified,blender_tool;visual_qa;geometry_mesh;pipeline_wiring,True,direct_test;module_test;live_probe,10,veilbreakers_terrain/tests/integration/test_full_terrain_pipeline.py;veilbreakers_terrain/tests/test_aaa_terrain_vegetation.py;veilbreakers_terrain/tests/test_adjacent_tile_contract.py;veilbreakers_terrain/tests/test_bundle_egjn_supplements.py;veilbreakers_terrain/tests/test_bundle_pq.py;veilbreakers_terrain/tests/test_bundle_r.py;veilbreakers_terrain/tests/test_camera_readability_runtime_helpers.py;veilbreakers_terrain/tests/test_checkpoint_runtime_helpers.py;...(+56),LOW,False,
terrain_semantics.py,BBox.to_tuple,to_tuple,167,method,A,GRADED,file_qualified,blender_tool;visual_qa;geometry_mesh;pipeline_wiring,True,direct_test;module_test;live_probe,10,veilbreakers_terrain/tests/integration/test_full_terrain_pipeline.py;veilbreakers_terrain/tests/test_adjacent_tile_contract.py;veilbreakers_terrain/tests/test_bundle_egjn_supplements.py;veilbreakers_terrain/tests/test_bundle_pq.py;veilbreakers_terrain/tests/test_bundle_r.py;veilbreakers_terrain/tests/test_camera_readability_runtime_helpers.py;veilbreakers_terrain/tests/test_checkpoint_runtime_helpers.py;veilbreakers_terrain/tests/test_chunk_cache_math_helpers.py;...(+48),LOW,False,
terrain_semantics.py,BBox.contains_point,contains_point,170,method,A,GRADED,file_qualified,blender_tool;visual_qa;geometry_mesh;pipeline_wiring,True,direct_test;module_test;live_probe,10,veilbreakers_terrain/tests/integration/test_full_terrain_pipeline.py;veilbreakers_terrain/tests/test_adjacent_tile_contract.py;veilbreakers_terrain/tests/test_bundle_egjn_supplements.py;veilbreakers_terrain/tests/test_bundle_pq.py;veilbreakers_terrain/tests/test_bundle_r.py;veilbreakers_terrain/tests/test_camera_readability_runtime_helpers.py;veilbreakers_terrain/tests/test_checkpoint_runtime_helpers.py;veilbreakers_terrain/tests/test_chunk_cache_math_helpers.py;...(+48),LOW,False,
terrain_semantics.py,BBox.intersects,intersects,173,method,A,GRADED,file_qualified,blender_tool;visual_qa;geometry_mesh;pipeline_wiring,True,module_test;live_probe,6,veilbreakers_terrain/tests/integration/test_full_terrain_pipeline.py;veilbreakers_terrain/tests/test_adjacent_tile_contract.py;veilbreakers_terrain/tests/test_bundle_egjn_supplements.py;veilbreakers_terrain/tests/test_bundle_pq.py;veilbreakers_terrain/tests/test_bundle_r.py;veilbreakers_terrain/tests/test_camera_readability_runtime_helpers.py;veilbreakers_terrain/tests/test_checkpoint_runtime_helpers.py;veilbreakers_terrain/tests/test_chunk_cache_math_helpers.py;...(+48),LOW,False,direct_behavior_test
terrain_semantics.py,BBox.to_cell_slice,to_cell_slice,181,method,A-,GRADED,file_qualified,blender_tool;visual_qa;geometry_mesh;pipeline_wiring,True,module_test;live_probe,6,veilbreakers_terrain/tests/integration/test_full_terrain_pipeline.py;veilbreakers_terrain/tests/test_adjacent_tile_contract.py;veilbreakers_terrain/tests/test_bundle_egjn_supplements.py;veilbreakers_terrain/tests/test_bundle_pq.py;veilbreakers_terrain/tests/test_bundle_r.py;veilbreakers_terrain/tests/test_camera_readability_runtime_helpers.py;veilbreakers_terrain/tests/test_checkpoint_runtime_helpers.py;veilbreakers_terrain/tests/test_chunk_cache_math_helpers.py;...(+48),LOW,False,direct_behavior_test
terrain_semantics.py,TerrainMaskStack.get,get,693,method,A-,GRADED,file_qualified,blender_tool;visual_qa;geometry_mesh;pipeline_wiring,True,direct_test;module_test;live_probe,10,veilbreakers_terrain/tests/contract/test_terrain_contracts.py;veilbreakers_terrain/tests/integration/test_full_terrain_pipeline.py;veilbreakers_terrain/tests/test_aaa_terrain_vegetation.py;veilbreakers_terrain/tests/test_aaa_water_scatter.py;veilbreakers_terrain/tests/test_adjacent_tile_contract.py;veilbreakers_terrain/tests/test_blender_capability_bridge.py;veilbreakers_terrain/tests/test_bundle_egjn_supplements.py;veilbreakers_terrain/tests/test_bundle_pq.py;...(+61),LOW,False,
terrain_semantics.py,TerrainMaskStack.import_neighbor_edge,import_neighbor_edge,709,method,A,GRADED,file_qualified,blender_tool;visual_qa;geometry_mesh;pipeline_wiring,True,direct_test;module_test;live_probe,10,veilbreakers_terrain/tests/integration/test_full_terrain_pipeline.py;veilbreakers_terrain/tests/test_adjacent_tile_contract.py;veilbreakers_terrain/tests/test_bundle_egjn_supplements.py;veilbreakers_terrain/tests/test_bundle_pq.py;veilbreakers_terrain/tests/test_bundle_r.py;veilbreakers_terrain/tests/test_camera_readability_runtime_helpers.py;veilbreakers_terrain/tests/test_checkpoint_runtime_helpers.py;veilbreakers_terrain/tests/test_chunk_cache_math_helpers.py;...(+48),LOW,False,
terrain_semantics.py,TerrainMaskStack.export_edge_heights,export_edge_heights,741,method,A,GRADED,file_qualified,blender_tool;visual_qa;geometry_mesh;pipeline_wiring,True,direct_test;module_test;live_probe,10,veilbreakers_terrain/tests/integration/test_full_terrain_pipeline.py;veilbreakers_terrain/tests/test_adjacent_tile_contract.py;veilbreakers_terrain/tests/test_bundle_egjn_supplements.py;veilbreakers_terrain/tests/test_bundle_pq.py;veilbreakers_terrain/tests/test_bundle_r.py;veilbreakers_terrain/tests/test_camera_readability_runtime_helpers.py;veilbreakers_terrain/tests/test_checkpoint_runtime_helpers.py;veilbreakers_terrain/tests/test_chunk_cache_math_helpers.py;...(+48),LOW,False,
terrain_semantics.py,TerrainMaskStack.set,set,784,method,A,GRADED,file_qualified,blender_tool;visual_qa;geometry_mesh;pipeline_wiring,True,direct_test;module_test;live_probe,10,veilbreakers_terrain/tests/integration/test_full_terrain_pipeline.py;veilbreakers_terrain/tests/test_aaa_terrain_vegetation.py;veilbreakers_terrain/tests/test_aaa_water_scatter.py;veilbreakers_terrain/tests/test_adjacent_tile_contract.py;veilbreakers_terrain/tests/test_atmospheric_volumes.py;veilbreakers_terrain/tests/test_bundle_bcd_supplements.py;veilbreakers_terrain/tests/test_bundle_egjn_supplements.py;veilbreakers_terrain/tests/test_bundle_pq.py;...(+66),LOW,False,
terrain_semantics.py,TerrainMaskStack.mark_dirty,mark_dirty,837,method,A,GRADED,file_simple,blender_tool;visual_qa;geometry_mesh;pipeline_wiring,True,direct_test;module_test;live_probe,10,veilbreakers_terrain/tests/integration/test_full_terrain_pipeline.py;veilbreakers_terrain/tests/test_adjacent_tile_contract.py;veilbreakers_terrain/tests/test_bundle_egjn_supplements.py;veilbreakers_terrain/tests/test_bundle_pq.py;veilbreakers_terrain/tests/test_bundle_r.py;veilbreakers_terrain/tests/test_camera_readability_runtime_helpers.py;veilbreakers_terrain/tests/test_checkpoint_runtime_helpers.py;veilbreakers_terrain/tests/test_chunk_cache_math_helpers.py;...(+48),LOW,False,
terrain_semantics.py,TerrainMaskStack.mark_clean,mark_clean,841,method,A,GRADED,file_qualified,blender_tool;visual_qa;geometry_mesh;pipeline_wiring,True,direct_test;module_test;live_probe,10,veilbreakers_terrain/tests/integration/test_full_terrain_pipeline.py;veilbreakers_terrain/tests/test_adjacent_tile_contract.py;veilbreakers_terrain/tests/test_bundle_egjn_supplements.py;veilbreakers_terrain/tests/test_bundle_pq.py;veilbreakers_terrain/tests/test_bundle_r.py;veilbreakers_terrain/tests/test_camera_readability_runtime_helpers.py;veilbreakers_terrain/tests/test_checkpoint_runtime_helpers.py;veilbreakers_terrain/tests/test_chunk_cache_math_helpers.py;...(+48),LOW,False,
terrain_semantics.py,TerrainMaskStack.assert_channels_present,assert_channels_present,844,method,A-,GRADED,file_simple,blender_tool;visual_qa;geometry_mesh;pipeline_wiring,True,module_test;live_probe,6,veilbreakers_terrain/tests/integration/test_full_terrain_pipeline.py;veilbreakers_terrain/tests/test_adjacent_tile_contract.py;veilbreakers_terrain/tests/test_bundle_egjn_supplements.py;veilbreakers_terrain/tests/test_bundle_pq.py;veilbreakers_terrain/tests/test_bundle_r.py;veilbreakers_terrain/tests/test_camera_readability_runtime_helpers.py;veilbreakers_terrain/tests/test_checkpoint_runtime_helpers.py;veilbreakers_terrain/tests/test_chunk_cache_math_helpers.py;...(+48),LOW,False,direct_behavior_test
terrain_semantics.py,TerrainMaskStack.unity_export_manifest,unity_export_manifest,880,method,A,GRADED,file_simple,blender_tool;visual_qa;geometry_mesh;pipeline_wiring,True,direct_test;module_test;live_probe,10,veilbreakers_terrain/tests/integration/test_full_terrain_pipeline.py;veilbreakers_terrain/tests/test_adjacent_tile_contract.py;veilbreakers_terrain/tests/test_bundle_egjn_supplements.py;veilbreakers_terrain/tests/test_bundle_pq.py;veilbreakers_terrain/tests/test_bundle_r.py;veilbreakers_terrain/tests/test_camera_readability_runtime_helpers.py;veilbreakers_terrain/tests/test_checkpoint_runtime_helpers.py;veilbreakers_terrain/tests/test_chunk_cache_math_helpers.py;...(+48),LOW,False,
terrain_semantics.py,TerrainMaskStack.compute_hash,compute_hash,923,method,A,GRADED,file_simple,blender_tool;visual_qa;geometry_mesh;pipeline_wiring,True,direct_test;module_test;live_probe,10,veilbreakers_terrain/tests/integration/test_full_terrain_pipeline.py;veilbreakers_terrain/tests/test_adjacent_tile_contract.py;veilbreakers_terrain/tests/test_bundle_egjn_supplements.py;veilbreakers_terrain/tests/test_bundle_pq.py;veilbreakers_terrain/tests/test_bundle_r.py;veilbreakers_terrain/tests/test_camera_readability_runtime_helpers.py;veilbreakers_terrain/tests/test_checkpoint_runtime_helpers.py;veilbreakers_terrain/tests/test_chunk_cache_math_helpers.py;...(+48),LOW,False,
terrain_semantics.py,TerrainMaskStack.to_npz,to_npz,990,method,A,GRADED,file_simple,blender_tool;visual_qa;geometry_mesh;pipeline_wiring,True,direct_test;module_test;live_probe,10,veilbreakers_terrain/tests/integration/test_full_terrain_pipeline.py;veilbreakers_terrain/tests/test_adjacent_tile_contract.py;veilbreakers_terrain/tests/test_bundle_egjn_supplements.py;veilbreakers_terrain/tests/test_bundle_pq.py;veilbreakers_terrain/tests/test_bundle_r.py;veilbreakers_terrain/tests/test_camera_readability_runtime_helpers.py;veilbreakers_terrain/tests/test_checkpoint_runtime_helpers.py;veilbreakers_terrain/tests/test_chunk_cache_math_helpers.py;...(+48),LOW,False,
terrain_semantics.py,TerrainMaskStack.from_npz,from_npz,1040,method,A,GRADED,file_qualified,blender_tool;visual_qa;geometry_mesh;pipeline_wiring,True,direct_test;module_test;live_probe,10,veilbreakers_terrain/tests/integration/test_full_terrain_pipeline.py;veilbreakers_terrain/tests/test_adjacent_tile_contract.py;veilbreakers_terrain/tests/test_bundle_egjn_supplements.py;veilbreakers_terrain/tests/test_bundle_pq.py;veilbreakers_terrain/tests/test_bundle_r.py;veilbreakers_terrain/tests/test_camera_readability_runtime_helpers.py;veilbreakers_terrain/tests/test_checkpoint_runtime_helpers.py;veilbreakers_terrain/tests/test_chunk_cache_math_helpers.py;...(+48),LOW,False,
terrain_semantics.py,ProtectedZoneSpec.permits,permits,1112,method,A-,GRADED,file_qualified,blender_tool;visual_qa;geometry_mesh;pipeline_wiring,True,module_test;live_probe,6,veilbreakers_terrain/tests/integration/test_full_terrain_pipeline.py;veilbreakers_terrain/tests/test_adjacent_tile_contract.py;veilbreakers_terrain/tests/test_bundle_egjn_supplements.py;veilbreakers_terrain/tests/test_bundle_pq.py;veilbreakers_terrain/tests/test_bundle_r.py;veilbreakers_terrain/tests/test_camera_readability_runtime_helpers.py;veilbreakers_terrain/tests/test_checkpoint_runtime_helpers.py;veilbreakers_terrain/tests/test_chunk_cache_math_helpers.py;...(+48),LOW,False,direct_behavior_test
terrain_semantics.py,TerrainIntentState.with_scene_read,with_scene_read,1250,method,A-,GRADED,file_qualified,blender_tool;visual_qa;geometry_mesh;pipeline_wiring,True,direct_test;module_test;live_probe,10,veilbreakers_terrain/tests/integration/test_full_terrain_pipeline.py;veilbreakers_terrain/tests/test_adjacent_tile_contract.py;veilbreakers_terrain/tests/test_bundle_egjn_supplements.py;veilbreakers_terrain/tests/test_bundle_pq.py;veilbreakers_terrain/tests/test_bundle_r.py;veilbreakers_terrain/tests/test_camera_readability_runtime_helpers.py;veilbreakers_terrain/tests/test_checkpoint_runtime_helpers.py;veilbreakers_terrain/tests/test_chunk_cache_math_helpers.py;...(+48),LOW,False,
terrain_semantics.py,TerrainIntentState.intent_hash,intent_hash,1256,method,A,GRADED,file_qualified,blender_tool;visual_qa;geometry_mesh;pipeline_wiring,True,direct_test;module_test;live_probe,10,veilbreakers_terrain/tests/integration/test_full_terrain_pipeline.py;veilbreakers_terrain/tests/test_adjacent_tile_contract.py;veilbreakers_terrain/tests/test_bundle_egjn_supplements.py;veilbreakers_terrain/tests/test_bundle_pq.py;veilbreakers_terrain/tests/test_bundle_r.py;veilbreakers_terrain/tests/test_camera_readability_runtime_helpers.py;veilbreakers_terrain/tests/test_checkpoint_runtime_helpers.py;veilbreakers_terrain/tests/test_chunk_cache_math_helpers.py;...(+48),LOW,False,
terrain_semantics.py,ValidationIssue.is_hard,is_hard,1319,method,A-,GRADED,file_qualified,blender_tool;visual_qa;geometry_mesh;pipeline_wiring,True,direct_test;module_test;live_probe,10,veilbreakers_terrain/tests/integration/test_full_terrain_pipeline.py;veilbreakers_terrain/tests/test_adjacent_tile_contract.py;veilbreakers_terrain/tests/test_bundle_egjn_supplements.py;veilbreakers_terrain/tests/test_bundle_pq.py;veilbreakers_terrain/tests/test_bundle_r.py;veilbreakers_terrain/tests/test_camera_readability_runtime_helpers.py;veilbreakers_terrain/tests/test_checkpoint_runtime_helpers.py;veilbreakers_terrain/tests/test_chunk_cache_math_helpers.py;...(+48),LOW,False,
terrain_semantics.py,ValidationIssue.is_soft,is_soft,1323,method,A-,GRADED,file_qualified,blender_tool;visual_qa;geometry_mesh;pipeline_wiring,True,module_test;live_probe,6,veilbreakers_terrain/tests/integration/test_full_terrain_pipeline.py;veilbreakers_terrain/tests/test_adjacent_tile_contract.py;veilbreakers_terrain/tests/test_bundle_egjn_supplements.py;veilbreakers_terrain/tests/test_bundle_pq.py;veilbreakers_terrain/tests/test_bundle_r.py;veilbreakers_terrain/tests/test_camera_readability_runtime_helpers.py;veilbreakers_terrain/tests/test_checkpoint_runtime_helpers.py;veilbreakers_terrain/tests/test_chunk_cache_math_helpers.py;...(+48),LOW,False,direct_behavior_test
terrain_semantics.py,ValidationIssue.is_info,is_info,1327,method,A-,GRADED,file_qualified,blender_tool;visual_qa;geometry_mesh;pipeline_wiring,True,module_test;live_probe,6,veilbreakers_terrain/tests/integration/test_full_terrain_pipeline.py;veilbreakers_terrain/tests/test_adjacent_tile_contract.py;veilbreakers_terrain/tests/test_bundle_egjn_supplements.py;veilbreakers_terrain/tests/test_bundle_pq.py;veilbreakers_terrain/tests/test_bundle_r.py;veilbreakers_terrain/tests/test_camera_readability_runtime_helpers.py;veilbreakers_terrain/tests/test_checkpoint_runtime_helpers.py;veilbreakers_terrain/tests/test_chunk_cache_math_helpers.py;...(+48),LOW,False,direct_behavior_test
terrain_semantics.py,PassResult.ok,ok,1371,method,A-,GRADED,file_qualified,blender_tool;visual_qa;geometry_mesh;pipeline_wiring,True,direct_test;module_test;live_probe,10,veilbreakers_terrain/tests/integration/test_full_terrain_pipeline.py;veilbreakers_terrain/tests/test_adjacent_tile_contract.py;veilbreakers_terrain/tests/test_blender_capability_bridge.py;veilbreakers_terrain/tests/test_bundle_egjn_supplements.py;veilbreakers_terrain/tests/test_bundle_pq.py;veilbreakers_terrain/tests/test_bundle_r.py;veilbreakers_terrain/tests/test_camera_readability_runtime_helpers.py;veilbreakers_terrain/tests/test_checkpoint_runtime_helpers.py;...(+52),LOW,False,
terrain_semantics.py,PassResult.failed,failed,1375,method,A-,GRADED,file_qualified,blender_tool;visual_qa;geometry_mesh;pipeline_wiring,True,direct_test;module_test;live_probe,10,veilbreakers_terrain/tests/integration/test_full_terrain_pipeline.py;veilbreakers_terrain/tests/test_adjacent_tile_contract.py;veilbreakers_terrain/tests/test_bundle_egjn_supplements.py;veilbreakers_terrain/tests/test_bundle_pq.py;veilbreakers_terrain/tests/test_bundle_r.py;veilbreakers_terrain/tests/test_camera_readability_runtime_helpers.py;veilbreakers_terrain/tests/test_checkpoint_runtime_helpers.py;veilbreakers_terrain/tests/test_chunk_cache_math_helpers.py;...(+49),LOW,False,
terrain_semantics.py,PassResult.has_hard_issues,has_hard_issues,1379,method,A-,GRADED,file_qualified,blender_tool;visual_qa;geometry_mesh;pipeline_wiring,True,module_test;live_probe,6,veilbreakers_terrain/tests/integration/test_full_terrain_pipeline.py;veilbreakers_terrain/tests/test_adjacent_tile_contract.py;veilbreakers_terrain/tests/test_bundle_egjn_supplements.py;veilbreakers_terrain/tests/test_bundle_pq.py;veilbreakers_terrain/tests/test_bundle_r.py;veilbreakers_terrain/tests/test_camera_readability_runtime_helpers.py;veilbreakers_terrain/tests/test_checkpoint_runtime_helpers.py;veilbreakers_terrain/tests/test_chunk_cache_math_helpers.py;...(+48),LOW,False,direct_behavior_test
terrain_semantics.py,PassResult.summary,summary,1383,method,A-,GRADED,file_qualified,blender_tool;visual_qa;geometry_mesh;pipeline_wiring,True,direct_test;module_test;live_probe,10,veilbreakers_terrain/tests/integration/test_full_terrain_pipeline.py;veilbreakers_terrain/tests/test_aaa_node_v1_build.py;veilbreakers_terrain/tests/test_adjacent_tile_contract.py;veilbreakers_terrain/tests/test_bundle_bcd_supplements.py;veilbreakers_terrain/tests/test_bundle_egjn_supplements.py;veilbreakers_terrain/tests/test_bundle_pq.py;veilbreakers_terrain/tests/test_bundle_r.py;veilbreakers_terrain/tests/test_camera_readability_runtime_helpers.py;...(+50),LOW,False,
terrain_semantics.py,TerrainPipelineState.tile_x,tile_x,1542,method,A-,GRADED,file_qualified,blender_tool;visual_qa;geometry_mesh;pipeline_wiring,True,direct_test;module_test;live_probe,10,veilbreakers_terrain/tests/integration/test_full_terrain_pipeline.py;veilbreakers_terrain/tests/test_adjacent_tile_contract.py;veilbreakers_terrain/tests/test_bundle_egjn_supplements.py;veilbreakers_terrain/tests/test_bundle_pq.py;veilbreakers_terrain/tests/test_bundle_r.py;veilbreakers_terrain/tests/test_camera_readability_runtime_helpers.py;veilbreakers_terrain/tests/test_checkpoint_runtime_helpers.py;veilbreakers_terrain/tests/test_chunk_cache_math_helpers.py;...(+49),LOW,False,
terrain_semantics.py,TerrainPipelineState.tile_y,tile_y,1546,method,A-,GRADED,file_qualified,blender_tool;visual_qa;geometry_mesh;pipeline_wiring,True,direct_test;module_test;live_probe,10,veilbreakers_terrain/tests/integration/test_full_terrain_pipeline.py;veilbreakers_terrain/tests/test_adjacent_tile_contract.py;veilbreakers_terrain/tests/test_bundle_egjn_supplements.py;veilbreakers_terrain/tests/test_bundle_pq.py;veilbreakers_terrain/tests/test_bundle_r.py;veilbreakers_terrain/tests/test_camera_readability_runtime_helpers.py;veilbreakers_terrain/tests/test_checkpoint_runtime_helpers.py;veilbreakers_terrain/tests/test_chunk_cache_math_helpers.py;...(+49),LOW,False,
terrain_semantics.py,TerrainPipelineState.record_pass,record_pass,1549,method,A-,GRADED,file_qualified,blender_tool;visual_qa;geometry_mesh;pipeline_wiring,True,module_test;live_probe,6,veilbreakers_terrain/tests/integration/test_full_terrain_pipeline.py;veilbreakers_terrain/tests/test_adjacent_tile_contract.py;veilbreakers_terrain/tests/test_bundle_egjn_supplements.py;veilbreakers_terrain/tests/test_bundle_pq.py;veilbreakers_terrain/tests/test_bundle_r.py;veilbreakers_terrain/tests/test_camera_readability_runtime_helpers.py;veilbreakers_terrain/tests/test_checkpoint_runtime_helpers.py;veilbreakers_terrain/tests/test_chunk_cache_math_helpers.py;...(+48),LOW,False,direct_behavior_test
terrain_shadow_clipmap_bake.py,_resample_height,_resample_height,52,function,A-,GRADED,file_qualified,materials_texturing;geometry_mesh;pipeline_wiring,False,module_test;live_probe,6,veilbreakers_terrain/tests/test_terrain_master_registrar.py;veilbreakers_terrain/tests/test_terrain_material_ceiling.py,LOW,False,direct_behavior_test;material_texture_contract_test
terrain_shadow_clipmap_bake.py,_bake_single_cascade,_bake_single_cascade,74,function,D+,GRADED,file_qualified,materials_texturing;geometry_mesh;pipeline_wiring,False,module_test;live_probe,5,veilbreakers_terrain/tests/test_terrain_master_registrar.py;veilbreakers_terrain/tests/test_terrain_material_ceiling.py,LOW,False,direct_behavior_test;material_texture_contract_test
terrain_shadow_clipmap_bake.py,bake_shadow_clipmap,bake_shadow_clipmap,135,function,A,GRADED,file_qualified,materials_texturing;geometry_mesh;pipeline_wiring,False,direct_test;module_test;live_probe,10,veilbreakers_terrain/tests/test_terrain_master_registrar.py;veilbreakers_terrain/tests/test_terrain_material_ceiling.py,LOW,False,
terrain_shadow_clipmap_bake.py,_write_mini_exr_f32,_write_mini_exr_f32,227,function,D+,GRADED,file_qualified,materials_texturing;geometry_mesh;pipeline_wiring,False,module_test;live_probe,5,veilbreakers_terrain/tests/test_terrain_master_registrar.py;veilbreakers_terrain/tests/test_terrain_material_ceiling.py,LOW,False,direct_behavior_test;material_texture_contract_test
terrain_shadow_clipmap_bake.py,export_shadow_clipmap_exr,export_shadow_clipmap_exr,325,function,A,GRADED,file_qualified,materials_texturing;geometry_mesh;pipeline_wiring,False,direct_test;module_test;live_probe,10,veilbreakers_terrain/tests/test_terrain_master_registrar.py;veilbreakers_terrain/tests/test_terrain_material_ceiling.py,LOW,False,
terrain_shadow_clipmap_bake.py,pass_shadow_clipmap,pass_shadow_clipmap,426,function,A,GRADED,file_qualified,materials_texturing;geometry_mesh;pipeline_wiring,False,direct_test;module_test;live_probe,10,veilbreakers_terrain/tests/test_terrain_master_registrar.py;veilbreakers_terrain/tests/test_terrain_material_ceiling.py,LOW,False,
terrain_shadow_clipmap_bake.py,register_bundle_k_shadow_clipmap_pass,register_bundle_k_shadow_clipmap_pass,534,function,A-,GRADED,file_qualified,materials_texturing;geometry_mesh;pipeline_wiring,True,direct_test;module_test;live_probe,10,veilbreakers_terrain/tests/test_terrain_master_registrar.py;veilbreakers_terrain/tests/test_terrain_material_ceiling.py,LOW,False,
terrain_stochastic_shader.py,StochasticShaderTemplate.to_dict,to_dict,300,method,A,GRADED,file_qualified,blender_tool;materials_texturing;pipeline_wiring,True,direct_test;module_test;live_probe,10,veilbreakers_terrain/tests/test_terrain_advanced.py;veilbreakers_terrain/tests/test_terrain_best_practice_guardrail.py;veilbreakers_terrain/tests/test_terrain_deep_qa.py;veilbreakers_terrain/tests/test_terrain_material_ceiling.py,LOW,False,
terrain_stochastic_shader.py,_tile_hash_2d,_tile_hash_2d,316,function,D+,GRADED,file_qualified,blender_tool;materials_texturing;pipeline_wiring,True,module_test;live_probe,5,veilbreakers_terrain/tests/test_terrain_material_ceiling.py,LOW,False,direct_behavior_test;material_texture_contract_test
terrain_stochastic_shader.py,build_stochastic_sampling_mask,build_stochastic_sampling_mask,350,function,A,GRADED,file_qualified,blender_tool;materials_texturing;pipeline_wiring,True,direct_test;module_test;live_probe,10,veilbreakers_terrain/tests/test_terrain_material_ceiling.py,LOW,False,
terrain_stochastic_shader.py,export_unity_shader_template,export_unity_shader_template,515,function,A,GRADED,file_qualified,blender_tool;materials_texturing;pipeline_wiring,True,direct_test;module_test;live_probe,10,veilbreakers_terrain/tests/test_terrain_material_ceiling.py,LOW,False,
terrain_stochastic_shader.py,pass_stochastic_shader,pass_stochastic_shader,619,function,A,GRADED,file_qualified,blender_tool;materials_texturing;pipeline_wiring,True,direct_test;module_test;live_probe,10,veilbreakers_terrain/tests/test_terrain_material_ceiling.py,LOW,False,
terrain_stochastic_shader.py,register_bundle_k_stochastic_shader_pass,register_bundle_k_stochastic_shader_pass,733,function,A-,GRADED,file_qualified,blender_tool;materials_texturing;pipeline_wiring,True,module_test;live_probe,6,veilbreakers_terrain/tests/test_terrain_material_ceiling.py,LOW,False,direct_behavior_test;material_texture_contract_test
terrain_stratigraphy.py,StratigraphyStack.total_thickness,total_thickness,116,method,A,GRADED,file_qualified,blender_tool;visual_qa;materials_texturing;geometry_mesh;pipeline_wiring,True,direct_test;module_test;live_probe,10,veilbreakers_terrain/tests/test_mesh_quality_phase14.py;veilbreakers_terrain/tests/test_terrain_geology.py,LOW,False,
terrain_stratigraphy.py,StratigraphyStack.layer_for_elevation,layer_for_elevation,119,method,A,GRADED,file_qualified,blender_tool;visual_qa;materials_texturing;geometry_mesh;pipeline_wiring,True,direct_test;module_test;live_probe,10,veilbreakers_terrain/tests/test_mesh_quality_phase14.py;veilbreakers_terrain/tests/test_terrain_geology.py,LOW,False,
terrain_stratigraphy.py,compute_strata_orientation,compute_strata_orientation,144,function,A,GRADED,file_qualified,blender_tool;visual_qa;materials_texturing;geometry_mesh;pipeline_wiring,True,direct_test;module_test;live_probe,10,veilbreakers_terrain/tests/test_mesh_quality_phase14.py;veilbreakers_terrain/tests/test_terrain_geology.py,LOW,False,
terrain_stratigraphy.py,compute_rock_hardness,compute_rock_hardness,200,function,A,GRADED,file_qualified,blender_tool;visual_qa;materials_texturing;geometry_mesh;pipeline_wiring,True,direct_test;module_test;live_probe,10,veilbreakers_terrain/tests/test_mesh_quality_phase14.py;veilbreakers_terrain/tests/test_terrain_geology.py,LOW,False,
terrain_stratigraphy.py,apply_differential_erosion,apply_differential_erosion,231,function,A,GRADED,file_qualified,blender_tool;visual_qa;materials_texturing;geometry_mesh;pipeline_wiring,True,direct_test;module_test;live_probe,10,veilbreakers_terrain/tests/test_mesh_quality_phase14.py;veilbreakers_terrain/tests/test_terrain_geology.py,LOW,False,
terrain_stratigraphy.py,simulate_fold_deformation,simulate_fold_deformation,364,function,D+,GRADED,file_qualified,blender_tool;visual_qa;materials_texturing;geometry_mesh;pipeline_wiring,True,module_test;live_probe,5,veilbreakers_terrain/tests/test_mesh_quality_phase14.py;veilbreakers_terrain/tests/test_terrain_geology.py,LOW,False,direct_behavior_test;material_texture_contract_test
terrain_stratigraphy.py,detect_unconformities,detect_unconformities,454,function,D+,GRADED,file_qualified,blender_tool;visual_qa;materials_texturing;geometry_mesh;pipeline_wiring,True,module_test;live_probe,5,veilbreakers_terrain/tests/test_mesh_quality_phase14.py;veilbreakers_terrain/tests/test_terrain_geology.py,LOW,False,direct_behavior_test;material_texture_contract_test
terrain_stratigraphy.py,simulate_intrusions,simulate_intrusions,521,function,D+,GRADED,file_qualified,blender_tool;visual_qa;materials_texturing;geometry_mesh;pipeline_wiring,True,module_test;live_probe,5,veilbreakers_terrain/tests/test_mesh_quality_phase14.py;veilbreakers_terrain/tests/test_terrain_geology.py,LOW,False,direct_behavior_test;material_texture_contract_test
terrain_stratigraphy.py,export_strata_cross_section,export_strata_cross_section,625,function,D+,GRADED,file_qualified,blender_tool;visual_qa;materials_texturing;geometry_mesh;pipeline_wiring,True,module_test;live_probe,5,veilbreakers_terrain/tests/test_mesh_quality_phase14.py;veilbreakers_terrain/tests/test_terrain_geology.py,LOW,False,direct_behavior_test;material_texture_contract_test
terrain_stratigraphy.py,_default_strat_stack_from_hints,_default_strat_stack_from_hints,749,function,A,GRADED,file_qualified,blender_tool;visual_qa;materials_texturing;geometry_mesh;pipeline_wiring,True,module_test;live_probe,6,veilbreakers_terrain/tests/test_mesh_quality_phase14.py;veilbreakers_terrain/tests/test_terrain_geology.py,LOW,False,direct_behavior_test;material_texture_contract_test
terrain_stratigraphy.py,pass_stratigraphy,pass_stratigraphy,920,function,A,GRADED,file_qualified,blender_tool;visual_qa;materials_texturing;geometry_mesh;pipeline_wiring,True,direct_test;module_test;live_probe,10,veilbreakers_terrain/tests/test_mesh_quality_phase14.py;veilbreakers_terrain/tests/test_terrain_geology.py,LOW,False,
terrain_telemetry_dashboard.py,TelemetryRecord.to_dict,to_dict,35,method,A,GRADED,file_qualified,blender_tool;camera_readability;pipeline_wiring,True,direct_test;module_test;live_probe,10,veilbreakers_terrain/tests/test_terrain_advanced.py;veilbreakers_terrain/tests/test_terrain_best_practice_guardrail.py;veilbreakers_terrain/tests/test_terrain_deep_qa.py,LOW,False,
terrain_telemetry_dashboard.py,TelemetryRecord.from_dict,from_dict,41,method,A,GRADED,file_qualified,blender_tool;camera_readability;pipeline_wiring,True,direct_test;module_test;live_probe,10,veilbreakers_terrain/tests/test_terrain_advanced.py;veilbreakers_terrain/tests/test_terrain_deep_qa.py,LOW,False,
terrain_telemetry_dashboard.py,_count_populated_channels,_count_populated_channels,56,function,A-,GRADED,file_qualified,blender_tool;camera_readability;pipeline_wiring,True,module_test;live_probe,6,veilbreakers_terrain/tests/test_terrain_deep_qa.py,LOW,False,direct_behavior_test;camera_readability_probe
terrain_telemetry_dashboard.py,record_telemetry,record_telemetry,65,function,B+,GRADED,file_qualified,blender_tool;camera_readability;pipeline_wiring,True,direct_test;module_test;live_probe,10,veilbreakers_terrain/tests/test_terrain_deep_qa.py,LOW,False,
terrain_telemetry_dashboard.py,_load_records,_load_records,96,function,A-,GRADED,file_qualified,blender_tool;camera_readability;pipeline_wiring,True,module_test;live_probe,6,veilbreakers_terrain/tests/test_terrain_deep_qa.py,LOW,False,direct_behavior_test;camera_readability_probe
terrain_telemetry_dashboard.py,summarize_telemetry,summarize_telemetry,113,function,A-,GRADED,file_qualified,blender_tool;camera_readability;pipeline_wiring,True,direct_test;module_test;live_probe,10,veilbreakers_terrain/tests/test_terrain_deep_qa.py,LOW,False,
terrain_twelve_step.py,_apply_flatten_zones_stub,_apply_flatten_zones_stub,50,function,B+,GRADED,file_qualified,blender_tool;water;geometry_mesh,True,module_test;live_probe,6,veilbreakers_terrain/tests/test_adjacent_tile_contract.py;veilbreakers_terrain/tests/test_environment_handlers.py;veilbreakers_terrain/tests/test_live_readiness_regressions.py;veilbreakers_terrain/tests/test_road_channels.py;veilbreakers_terrain/tests/test_road_pipeline.py;veilbreakers_terrain/tests/test_terrain_world_orchestration.py,LOW,False,direct_behavior_test
terrain_twelve_step.py,_apply_canyon_river_carves_stub,_apply_canyon_river_carves_stub,130,function,A,GRADED,file_qualified,blender_tool;water;geometry_mesh,True,module_test;live_probe,6,veilbreakers_terrain/tests/test_adjacent_tile_contract.py;veilbreakers_terrain/tests/test_environment_handlers.py;veilbreakers_terrain/tests/test_live_readiness_regressions.py;veilbreakers_terrain/tests/test_road_channels.py;veilbreakers_terrain/tests/test_road_pipeline.py;veilbreakers_terrain/tests/test_terrain_world_orchestration.py,LOW,False,direct_behavior_test
terrain_twelve_step.py,_detect_cliff_edges_stub,_detect_cliff_edges_stub,260,function,A,GRADED,file_qualified,blender_tool;water;geometry_mesh,True,module_test;live_probe,6,veilbreakers_terrain/tests/test_adjacent_tile_contract.py;veilbreakers_terrain/tests/test_environment_handlers.py;veilbreakers_terrain/tests/test_live_readiness_regressions.py;veilbreakers_terrain/tests/test_road_channels.py;veilbreakers_terrain/tests/test_road_pipeline.py;veilbreakers_terrain/tests/test_terrain_world_orchestration.py,LOW,False,direct_behavior_test
terrain_twelve_step.py,_detect_cave_candidates_stub,_detect_cave_candidates_stub,388,function,A,GRADED,file_qualified,blender_tool;water;geometry_mesh,True,module_test;live_probe,6,veilbreakers_terrain/tests/test_adjacent_tile_contract.py;veilbreakers_terrain/tests/test_environment_handlers.py;veilbreakers_terrain/tests/test_live_readiness_regressions.py;veilbreakers_terrain/tests/test_road_channels.py;veilbreakers_terrain/tests/test_road_pipeline.py;veilbreakers_terrain/tests/test_terrain_world_orchestration.py,LOW,False,direct_behavior_test
terrain_twelve_step.py,_detect_waterfall_lips_stub,_detect_waterfall_lips_stub,573,function,A,GRADED,file_qualified,blender_tool;water;geometry_mesh,True,module_test;live_probe,6,veilbreakers_terrain/tests/test_adjacent_tile_contract.py;veilbreakers_terrain/tests/test_environment_handlers.py;veilbreakers_terrain/tests/test_live_readiness_regressions.py;veilbreakers_terrain/tests/test_road_channels.py;veilbreakers_terrain/tests/test_road_pipeline.py;veilbreakers_terrain/tests/test_terrain_world_orchestration.py,LOW,False,direct_behavior_test
terrain_twelve_step.py,_build_road_cost_map,_build_road_cost_map,629,function,A-,GRADED,file_qualified,blender_tool;water;geometry_mesh,True,direct_test;module_test;live_probe,10,veilbreakers_terrain/tests/test_adjacent_tile_contract.py;veilbreakers_terrain/tests/test_environment_handlers.py;veilbreakers_terrain/tests/test_live_readiness_regressions.py;veilbreakers_terrain/tests/test_road_channels.py;veilbreakers_terrain/tests/test_road_pipeline.py;veilbreakers_terrain/tests/test_terrain_world_orchestration.py,LOW,False,
terrain_twelve_step.py,_road_type_for_anchor_pair,_road_type_for_anchor_pair,654,function,A,GRADED,file_qualified,blender_tool;water;geometry_mesh,True,direct_test;module_test;live_probe,10,veilbreakers_terrain/tests/test_adjacent_tile_contract.py;veilbreakers_terrain/tests/test_environment_handlers.py;veilbreakers_terrain/tests/test_live_readiness_regressions.py;veilbreakers_terrain/tests/test_road_channels.py;veilbreakers_terrain/tests/test_road_pipeline.py;veilbreakers_terrain/tests/test_terrain_world_orchestration.py,LOW,False,
terrain_twelve_step.py,_road_profile_params,_road_profile_params,671,function,A,GRADED,file_qualified,blender_tool;water;geometry_mesh,True,direct_test;module_test;live_probe,10,veilbreakers_terrain/tests/test_adjacent_tile_contract.py;veilbreakers_terrain/tests/test_environment_handlers.py;veilbreakers_terrain/tests/test_live_readiness_regressions.py;veilbreakers_terrain/tests/test_road_channels.py;veilbreakers_terrain/tests/test_road_pipeline.py;veilbreakers_terrain/tests/test_terrain_world_orchestration.py,LOW,False,
terrain_twelve_step.py,_resolve_road_solver_bounds,_resolve_road_solver_bounds,686,function,A,GRADED,file_qualified,blender_tool;water;geometry_mesh,True,module_test;live_probe,6,veilbreakers_terrain/tests/test_adjacent_tile_contract.py;veilbreakers_terrain/tests/test_environment_handlers.py;veilbreakers_terrain/tests/test_live_readiness_regressions.py;veilbreakers_terrain/tests/test_road_channels.py;veilbreakers_terrain/tests/test_road_pipeline.py;veilbreakers_terrain/tests/test_terrain_world_orchestration.py,LOW,False,direct_behavior_test
terrain_twelve_step.py,_grid_cell_to_world_center,_grid_cell_to_world_center,709,function,A,GRADED,file_qualified,blender_tool;water;geometry_mesh,True,module_test;live_probe,6,veilbreakers_terrain/tests/test_adjacent_tile_contract.py;veilbreakers_terrain/tests/test_environment_handlers.py;veilbreakers_terrain/tests/test_live_readiness_regressions.py;veilbreakers_terrain/tests/test_road_channels.py;veilbreakers_terrain/tests/test_road_pipeline.py;veilbreakers_terrain/tests/test_terrain_world_orchestration.py,LOW,False,direct_behavior_test
terrain_twelve_step.py,_world_path_to_grid_cells,_world_path_to_grid_cells,729,function,A,GRADED,file_qualified,blender_tool;water;geometry_mesh,True,module_test;live_probe,6,veilbreakers_terrain/tests/test_adjacent_tile_contract.py;veilbreakers_terrain/tests/test_environment_handlers.py;veilbreakers_terrain/tests/test_live_readiness_regressions.py;veilbreakers_terrain/tests/test_road_channels.py;veilbreakers_terrain/tests/test_road_pipeline.py;veilbreakers_terrain/tests/test_terrain_world_orchestration.py,LOW,False,direct_behavior_test
terrain_twelve_step.py,_generate_road_mesh_specs,_generate_road_mesh_specs,760,function,A,GRADED,file_qualified,blender_tool;water;geometry_mesh,True,direct_test;module_test;live_probe,10,veilbreakers_terrain/tests/test_adjacent_tile_contract.py;veilbreakers_terrain/tests/test_environment_handlers.py;veilbreakers_terrain/tests/test_live_readiness_regressions.py;veilbreakers_terrain/tests/test_road_channels.py;veilbreakers_terrain/tests/test_road_pipeline.py;veilbreakers_terrain/tests/test_terrain_world_orchestration.py,LOW,False,
terrain_twelve_step.py,_apply_road_profile_to_heightmap,_apply_road_profile_to_heightmap,886,function,B,GRADED,file_qualified,blender_tool;water;geometry_mesh,True,direct_test;module_test;live_probe,9,veilbreakers_terrain/tests/test_adjacent_tile_contract.py;veilbreakers_terrain/tests/test_environment_handlers.py;veilbreakers_terrain/tests/test_live_readiness_regressions.py;veilbreakers_terrain/tests/test_road_channels.py;veilbreakers_terrain/tests/test_road_pipeline.py;veilbreakers_terrain/tests/test_terrain_world_orchestration.py,LOW,False,
terrain_twelve_step.py,_generate_water_body_specs,_generate_water_body_specs,975,function,B-,GRADED,file_qualified,blender_tool;water;geometry_mesh,True,module_test;live_probe,5,veilbreakers_terrain/tests/test_adjacent_tile_contract.py;veilbreakers_terrain/tests/test_environment_handlers.py;veilbreakers_terrain/tests/test_live_readiness_regressions.py;veilbreakers_terrain/tests/test_road_channels.py;veilbreakers_terrain/tests/test_road_pipeline.py;veilbreakers_terrain/tests/test_terrain_world_orchestration.py,LOW,False,direct_behavior_test
terrain_twelve_step.py,run_twelve_step_world_terrain,run_twelve_step_world_terrain,1036,function,A,GRADED,file_qualified,blender_tool;water;geometry_mesh,True,direct_test;module_test;live_probe,10,veilbreakers_terrain/tests/test_adjacent_tile_contract.py;veilbreakers_terrain/tests/test_environment_handlers.py;veilbreakers_terrain/tests/test_live_readiness_regressions.py;veilbreakers_terrain/tests/test_road_channels.py;veilbreakers_terrain/tests/test_road_pipeline.py;veilbreakers_terrain/tests/test_terrain_world_orchestration.py,LOW,False,
terrain_unity_export.py,_apply_unity_scale,_apply_unity_scale,34,function,B+,GRADED,file_qualified,camera_readability;materials_texturing;geometry_mesh;scatter_ecology;pipeline_wiring,False,direct_test;module_test;live_probe,10,veilbreakers_terrain/tests/integration/test_full_terrain_pipeline.py;veilbreakers_terrain/tests/test_p13_unity_scale_factor.py;veilbreakers_terrain/tests/test_p13_wind_bend_vertex_color.py;veilbreakers_terrain/tests/test_phase_e_water_upgrade.py;veilbreakers_terrain/tests/test_terrain_ecosystem.py;veilbreakers_terrain/tests/test_terrain_foliage_catalog.py;veilbreakers_terrain/tests/test_terrain_unity_export_bridge.py;veilbreakers_terrain/tests/test_terrain_waterfalls.py;...(+1),LOW,False,
terrain_unity_export.py,_is_unity_heightmap_resolution,_is_unity_heightmap_resolution,41,function,A,GRADED,file_qualified,camera_readability;materials_texturing;geometry_mesh;scatter_ecology;pipeline_wiring,False,direct_test;module_test;live_probe,10,veilbreakers_terrain/tests/integration/test_full_terrain_pipeline.py;veilbreakers_terrain/tests/test_p13_unity_scale_factor.py;veilbreakers_terrain/tests/test_p13_wind_bend_vertex_color.py;veilbreakers_terrain/tests/test_phase_e_water_upgrade.py;veilbreakers_terrain/tests/test_terrain_ecosystem.py;veilbreakers_terrain/tests/test_terrain_foliage_catalog.py;veilbreakers_terrain/tests/test_terrain_unity_export_bridge.py;veilbreakers_terrain/tests/test_terrain_waterfalls.py;...(+1),LOW,False,
terrain_unity_export.py,_build_foliage_scatter_manifest,_build_foliage_scatter_manifest,46,function,D+,GRADED,file_qualified,camera_readability;materials_texturing;geometry_mesh;scatter_ecology;pipeline_wiring,False,direct_test;module_test;live_probe,9,veilbreakers_terrain/tests/integration/test_full_terrain_pipeline.py;veilbreakers_terrain/tests/test_p13_unity_scale_factor.py;veilbreakers_terrain/tests/test_p13_wind_bend_vertex_color.py;veilbreakers_terrain/tests/test_phase_e_water_upgrade.py;veilbreakers_terrain/tests/test_terrain_ecosystem.py;veilbreakers_terrain/tests/test_terrain_foliage_catalog.py;veilbreakers_terrain/tests/test_terrain_unity_export_bridge.py;veilbreakers_terrain/tests/test_terrain_waterfalls.py;...(+1),LOW,False,
terrain_unity_export.py,_sha256,_sha256,75,function,B+,GRADED,file_qualified,camera_readability;materials_texturing;geometry_mesh;scatter_ecology;pipeline_wiring,False,direct_test;module_test;live_probe,10,veilbreakers_terrain/tests/integration/test_full_terrain_pipeline.py;veilbreakers_terrain/tests/test_p13_unity_scale_factor.py;veilbreakers_terrain/tests/test_p13_wind_bend_vertex_color.py;veilbreakers_terrain/tests/test_phase_e_water_upgrade.py;veilbreakers_terrain/tests/test_terrain_ecosystem.py;veilbreakers_terrain/tests/test_terrain_foliage_catalog.py;veilbreakers_terrain/tests/test_terrain_unity_export_bridge.py;veilbreakers_terrain/tests/test_terrain_waterfalls.py;...(+1),LOW,False,
terrain_unity_export.py,_quantize_heightmap,_quantize_heightmap,83,function,A,GRADED,file_qualified,camera_readability;materials_texturing;geometry_mesh;scatter_ecology;pipeline_wiring,False,direct_test;module_test;live_probe,10,veilbreakers_terrain/tests/integration/test_full_terrain_pipeline.py;veilbreakers_terrain/tests/test_p13_unity_scale_factor.py;veilbreakers_terrain/tests/test_p13_wind_bend_vertex_color.py;veilbreakers_terrain/tests/test_phase_e_water_upgrade.py;veilbreakers_terrain/tests/test_terrain_ecosystem.py;veilbreakers_terrain/tests/test_terrain_foliage_catalog.py;veilbreakers_terrain/tests/test_terrain_unity_export_bridge.py;veilbreakers_terrain/tests/test_terrain_waterfalls.py;...(+1),LOW,False,
terrain_unity_export.py,_compute_terrain_normals_zup,_compute_terrain_normals_zup,100,function,A,GRADED,file_qualified,camera_readability;materials_texturing;geometry_mesh;scatter_ecology;pipeline_wiring,False,module_test;live_probe,6,veilbreakers_terrain/tests/integration/test_full_terrain_pipeline.py;veilbreakers_terrain/tests/test_p13_unity_scale_factor.py;veilbreakers_terrain/tests/test_p13_wind_bend_vertex_color.py;veilbreakers_terrain/tests/test_phase_e_water_upgrade.py;veilbreakers_terrain/tests/test_terrain_ecosystem.py;veilbreakers_terrain/tests/test_terrain_foliage_catalog.py;veilbreakers_terrain/tests/test_terrain_unity_export_bridge.py;veilbreakers_terrain/tests/test_terrain_waterfalls.py;...(+1),LOW,False,direct_behavior_test;material_texture_contract_test;camera_readability_probe
terrain_unity_export.py,_zup_to_unity_vectors,_zup_to_unity_vectors,117,function,B+,GRADED,file_qualified,camera_readability;materials_texturing;geometry_mesh;scatter_ecology;pipeline_wiring,False,module_test;live_probe,6,veilbreakers_terrain/tests/integration/test_full_terrain_pipeline.py;veilbreakers_terrain/tests/test_p13_unity_scale_factor.py;veilbreakers_terrain/tests/test_p13_wind_bend_vertex_color.py;veilbreakers_terrain/tests/test_phase_e_water_upgrade.py;veilbreakers_terrain/tests/test_terrain_ecosystem.py;veilbreakers_terrain/tests/test_terrain_foliage_catalog.py;veilbreakers_terrain/tests/test_terrain_unity_export_bridge.py;veilbreakers_terrain/tests/test_terrain_waterfalls.py;...(+1),LOW,False,direct_behavior_test;material_texture_contract_test;camera_readability_probe
terrain_unity_export.py,_export_heightmap,_export_heightmap,128,function,B+,GRADED,file_qualified,camera_readability;materials_texturing;geometry_mesh;scatter_ecology;pipeline_wiring,False,module_test;live_probe,6,veilbreakers_terrain/tests/integration/test_full_terrain_pipeline.py;veilbreakers_terrain/tests/test_p13_unity_scale_factor.py;veilbreakers_terrain/tests/test_p13_wind_bend_vertex_color.py;veilbreakers_terrain/tests/test_phase_e_water_upgrade.py;veilbreakers_terrain/tests/test_terrain_ecosystem.py;veilbreakers_terrain/tests/test_terrain_foliage_catalog.py;veilbreakers_terrain/tests/test_terrain_unity_export_bridge.py;veilbreakers_terrain/tests/test_terrain_waterfalls.py;...(+1),LOW,False,direct_behavior_test;material_texture_contract_test;camera_readability_probe
terrain_unity_export.py,_bit_depth_for_profile,_bit_depth_for_profile,199,function,B+,GRADED,file_qualified,camera_readability;materials_texturing;geometry_mesh;scatter_ecology;pipeline_wiring,False,module_test;live_probe,6,veilbreakers_terrain/tests/integration/test_full_terrain_pipeline.py;veilbreakers_terrain/tests/test_p13_unity_scale_factor.py;veilbreakers_terrain/tests/test_p13_wind_bend_vertex_color.py;veilbreakers_terrain/tests/test_phase_e_water_upgrade.py;veilbreakers_terrain/tests/test_terrain_ecosystem.py;veilbreakers_terrain/tests/test_terrain_foliage_catalog.py;veilbreakers_terrain/tests/test_terrain_unity_export_bridge.py;veilbreakers_terrain/tests/test_terrain_waterfalls.py;...(+1),LOW,False,direct_behavior_test;material_texture_contract_test;camera_readability_probe
terrain_unity_export.py,pass_prepare_terrain_normals,pass_prepare_terrain_normals,234,function,B+,GRADED,file_qualified,camera_readability;materials_texturing;geometry_mesh;scatter_ecology;pipeline_wiring,False,direct_test;module_test;live_probe,10,veilbreakers_terrain/tests/integration/test_full_terrain_pipeline.py;veilbreakers_terrain/tests/test_p13_unity_scale_factor.py;veilbreakers_terrain/tests/test_p13_wind_bend_vertex_color.py;veilbreakers_terrain/tests/test_phase_e_water_upgrade.py;veilbreakers_terrain/tests/test_terrain_ecosystem.py;veilbreakers_terrain/tests/test_terrain_foliage_catalog.py;veilbreakers_terrain/tests/test_terrain_unity_export_bridge.py;veilbreakers_terrain/tests/test_terrain_waterfalls.py;...(+1),LOW,False,
terrain_unity_export.py,pass_prepare_heightmap_raw_u16,pass_prepare_heightmap_raw_u16,259,function,B+,GRADED,file_qualified,camera_readability;materials_texturing;geometry_mesh;scatter_ecology;pipeline_wiring,False,direct_test;module_test;live_probe,10,veilbreakers_terrain/tests/integration/test_full_terrain_pipeline.py;veilbreakers_terrain/tests/test_p13_unity_scale_factor.py;veilbreakers_terrain/tests/test_p13_wind_bend_vertex_color.py;veilbreakers_terrain/tests/test_phase_e_water_upgrade.py;veilbreakers_terrain/tests/test_terrain_ecosystem.py;veilbreakers_terrain/tests/test_terrain_foliage_catalog.py;veilbreakers_terrain/tests/test_terrain_unity_export_bridge.py;veilbreakers_terrain/tests/test_terrain_waterfalls.py;...(+1),LOW,False,
terrain_unity_export.py,register_bundle_j_terrain_normals_pass,register_bundle_j_terrain_normals_pass,285,function,B+,GRADED,file_qualified,camera_readability;materials_texturing;geometry_mesh;scatter_ecology;pipeline_wiring,True,module_test;live_probe,6,veilbreakers_terrain/tests/integration/test_full_terrain_pipeline.py;veilbreakers_terrain/tests/test_p13_unity_scale_factor.py;veilbreakers_terrain/tests/test_p13_wind_bend_vertex_color.py;veilbreakers_terrain/tests/test_phase_e_water_upgrade.py;veilbreakers_terrain/tests/test_terrain_ecosystem.py;veilbreakers_terrain/tests/test_terrain_foliage_catalog.py;veilbreakers_terrain/tests/test_terrain_unity_export_bridge.py;veilbreakers_terrain/tests/test_terrain_waterfalls.py;...(+1),LOW,False,direct_behavior_test;material_texture_contract_test;camera_readability_probe
terrain_unity_export.py,register_bundle_j_heightmap_u16_pass,register_bundle_j_heightmap_u16_pass,301,function,B+,GRADED,file_qualified,camera_readability;materials_texturing;geometry_mesh;scatter_ecology;pipeline_wiring,True,module_test;live_probe,6,veilbreakers_terrain/tests/integration/test_full_terrain_pipeline.py;veilbreakers_terrain/tests/test_p13_unity_scale_factor.py;veilbreakers_terrain/tests/test_p13_wind_bend_vertex_color.py;veilbreakers_terrain/tests/test_phase_e_water_upgrade.py;veilbreakers_terrain/tests/test_terrain_ecosystem.py;veilbreakers_terrain/tests/test_terrain_foliage_catalog.py;veilbreakers_terrain/tests/test_terrain_unity_export_bridge.py;veilbreakers_terrain/tests/test_terrain_waterfalls.py;...(+1),LOW,False,direct_behavior_test;material_texture_contract_test;camera_readability_probe
terrain_unity_export.py,_flip_for_unity,_flip_for_unity,317,function,A,GRADED,file_qualified,camera_readability;materials_texturing;geometry_mesh;scatter_ecology;pipeline_wiring,False,module_test;live_probe,6,veilbreakers_terrain/tests/integration/test_full_terrain_pipeline.py;veilbreakers_terrain/tests/test_p13_unity_scale_factor.py;veilbreakers_terrain/tests/test_p13_wind_bend_vertex_color.py;veilbreakers_terrain/tests/test_phase_e_water_upgrade.py;veilbreakers_terrain/tests/test_terrain_ecosystem.py;veilbreakers_terrain/tests/test_terrain_foliage_catalog.py;veilbreakers_terrain/tests/test_terrain_unity_export_bridge.py;veilbreakers_terrain/tests/test_terrain_waterfalls.py;...(+1),LOW,False,direct_behavior_test;material_texture_contract_test;camera_readability_probe
terrain_unity_export.py,_ensure_little_endian,_ensure_little_endian,324,function,B+,GRADED,file_qualified,camera_readability;materials_texturing;geometry_mesh;scatter_ecology;pipeline_wiring,False,module_test;live_probe,6,veilbreakers_terrain/tests/integration/test_full_terrain_pipeline.py;veilbreakers_terrain/tests/test_p13_unity_scale_factor.py;veilbreakers_terrain/tests/test_p13_wind_bend_vertex_color.py;veilbreakers_terrain/tests/test_phase_e_water_upgrade.py;veilbreakers_terrain/tests/test_terrain_ecosystem.py;veilbreakers_terrain/tests/test_terrain_foliage_catalog.py;veilbreakers_terrain/tests/test_terrain_unity_export_bridge.py;veilbreakers_terrain/tests/test_terrain_waterfalls.py;...(+1),LOW,False,direct_behavior_test;material_texture_contract_test;camera_readability_probe
terrain_unity_export.py,_write_raw_array,_write_raw_array,331,function,A,GRADED,file_qualified,camera_readability;materials_texturing;geometry_mesh;scatter_ecology;pipeline_wiring,False,direct_test;module_test;live_probe,10,veilbreakers_terrain/tests/integration/test_full_terrain_pipeline.py;veilbreakers_terrain/tests/test_p13_unity_scale_factor.py;veilbreakers_terrain/tests/test_p13_wind_bend_vertex_color.py;veilbreakers_terrain/tests/test_phase_e_water_upgrade.py;veilbreakers_terrain/tests/test_terrain_ecosystem.py;veilbreakers_terrain/tests/test_terrain_foliage_catalog.py;veilbreakers_terrain/tests/test_terrain_unity_export_bridge.py;veilbreakers_terrain/tests/test_terrain_waterfalls.py;...(+1),LOW,False,
terrain_unity_export.py,_write_json,_write_json,365,function,B+,GRADED,file_qualified,camera_readability;materials_texturing;geometry_mesh;scatter_ecology;pipeline_wiring,False,module_test;live_probe,6,veilbreakers_terrain/tests/integration/test_full_terrain_pipeline.py;veilbreakers_terrain/tests/test_p13_unity_scale_factor.py;veilbreakers_terrain/tests/test_p13_wind_bend_vertex_color.py;veilbreakers_terrain/tests/test_phase_e_water_upgrade.py;veilbreakers_terrain/tests/test_terrain_ecosystem.py;veilbreakers_terrain/tests/test_terrain_foliage_catalog.py;veilbreakers_terrain/tests/test_terrain_unity_export_bridge.py;veilbreakers_terrain/tests/test_terrain_waterfalls.py;...(+1),LOW,False,direct_behavior_test;material_texture_contract_test;camera_readability_probe
terrain_unity_export.py,_supplemental_mesh_specs_json,_supplemental_mesh_specs_json,384,function,A,GRADED,file_qualified,camera_readability;materials_texturing;geometry_mesh;scatter_ecology;pipeline_wiring,False,module_test;live_probe,6,veilbreakers_terrain/tests/integration/test_full_terrain_pipeline.py;veilbreakers_terrain/tests/test_p13_unity_scale_factor.py;veilbreakers_terrain/tests/test_p13_wind_bend_vertex_color.py;veilbreakers_terrain/tests/test_phase_e_water_upgrade.py;veilbreakers_terrain/tests/test_terrain_ecosystem.py;veilbreakers_terrain/tests/test_terrain_foliage_catalog.py;veilbreakers_terrain/tests/test_terrain_unity_export_bridge.py;veilbreakers_terrain/tests/test_terrain_waterfalls.py;...(+1),LOW,False,direct_behavior_test;material_texture_contract_test;camera_readability_probe
terrain_unity_export.py,_water_shader_manifest_json,_water_shader_manifest_json,447,function,D+,GRADED,file_qualified,camera_readability;materials_texturing;water;geometry_mesh;scatter_ecology;pipeline_wiring,False,direct_test;module_test;live_probe,9,veilbreakers_terrain/tests/integration/test_full_terrain_pipeline.py;veilbreakers_terrain/tests/test_p13_unity_scale_factor.py;veilbreakers_terrain/tests/test_p13_wind_bend_vertex_color.py;veilbreakers_terrain/tests/test_phase_e_water_upgrade.py;veilbreakers_terrain/tests/test_terrain_ecosystem.py;veilbreakers_terrain/tests/test_terrain_foliage_catalog.py;veilbreakers_terrain/tests/test_terrain_unity_export_bridge.py;veilbreakers_terrain/tests/test_terrain_waterfalls.py;...(+1),LOW,False,
terrain_unity_export.py,_particle_emitter_specs_json,_particle_emitter_specs_json,603,function,D+,GRADED,file_qualified,camera_readability;materials_texturing;geometry_mesh;scatter_ecology;pipeline_wiring,False,direct_test;module_test;live_probe,9,veilbreakers_terrain/tests/integration/test_full_terrain_pipeline.py;veilbreakers_terrain/tests/test_p13_unity_scale_factor.py;veilbreakers_terrain/tests/test_p13_wind_bend_vertex_color.py;veilbreakers_terrain/tests/test_phase_e_water_upgrade.py;veilbreakers_terrain/tests/test_terrain_ecosystem.py;veilbreakers_terrain/tests/test_terrain_foliage_catalog.py;veilbreakers_terrain/tests/test_terrain_unity_export_bridge.py;veilbreakers_terrain/tests/test_terrain_waterfalls.py;...(+1),LOW,False,
terrain_unity_export.py,_hex_to_rgb01,_hex_to_rgb01,676,function,A,GRADED,file_qualified,camera_readability;materials_texturing;geometry_mesh;scatter_ecology;pipeline_wiring,False,direct_test;module_test;live_probe,10,veilbreakers_terrain/tests/integration/test_full_terrain_pipeline.py;veilbreakers_terrain/tests/test_p13_unity_scale_factor.py;veilbreakers_terrain/tests/test_p13_wind_bend_vertex_color.py;veilbreakers_terrain/tests/test_phase_e_water_upgrade.py;veilbreakers_terrain/tests/test_terrain_ecosystem.py;veilbreakers_terrain/tests/test_terrain_foliage_catalog.py;veilbreakers_terrain/tests/test_terrain_unity_export_bridge.py;veilbreakers_terrain/tests/test_terrain_waterfalls.py;...(+1),LOW,False,
terrain_unity_export.py,_default_splatmap_layer_meta,_default_splatmap_layer_meta,690,function,A-,GRADED,file_qualified,camera_readability;materials_texturing;geometry_mesh;scatter_ecology;pipeline_wiring,False,direct_test;module_test;live_probe,10,veilbreakers_terrain/tests/integration/test_full_terrain_pipeline.py;veilbreakers_terrain/tests/test_p13_unity_scale_factor.py;veilbreakers_terrain/tests/test_p13_wind_bend_vertex_color.py;veilbreakers_terrain/tests/test_phase_e_water_upgrade.py;veilbreakers_terrain/tests/test_terrain_ecosystem.py;veilbreakers_terrain/tests/test_terrain_foliage_catalog.py;veilbreakers_terrain/tests/test_terrain_unity_export_bridge.py;veilbreakers_terrain/tests/test_terrain_waterfalls.py;...(+1),LOW,False,
terrain_unity_export.py,_iter_connected_components,_iter_connected_components,730,function,A,GRADED,file_qualified,camera_readability;materials_texturing;geometry_mesh;scatter_ecology;pipeline_wiring,False,direct_test;module_test;live_probe,10,veilbreakers_terrain/tests/integration/test_full_terrain_pipeline.py;veilbreakers_terrain/tests/test_p13_unity_scale_factor.py;veilbreakers_terrain/tests/test_p13_wind_bend_vertex_color.py;veilbreakers_terrain/tests/test_phase_e_water_upgrade.py;veilbreakers_terrain/tests/test_terrain_ecosystem.py;veilbreakers_terrain/tests/test_terrain_foliage_catalog.py;veilbreakers_terrain/tests/test_terrain_unity_export_bridge.py;veilbreakers_terrain/tests/test_terrain_waterfalls.py;...(+1),LOW,False,
terrain_unity_export.py,_component_bounds,_component_bounds,771,function,A-,GRADED,file_qualified,camera_readability;materials_texturing;geometry_mesh;scatter_ecology;pipeline_wiring,False,direct_test;module_test;live_probe,10,veilbreakers_terrain/tests/integration/test_full_terrain_pipeline.py;veilbreakers_terrain/tests/test_p13_unity_scale_factor.py;veilbreakers_terrain/tests/test_p13_wind_bend_vertex_color.py;veilbreakers_terrain/tests/test_phase_e_water_upgrade.py;veilbreakers_terrain/tests/test_terrain_ecosystem.py;veilbreakers_terrain/tests/test_terrain_foliage_catalog.py;veilbreakers_terrain/tests/test_terrain_unity_export_bridge.py;veilbreakers_terrain/tests/test_terrain_waterfalls.py;...(+1),LOW,False,
terrain_unity_export.py,_component_vertical_extent,_component_vertical_extent,788,function,A,GRADED,file_qualified,camera_readability;materials_texturing;geometry_mesh;scatter_ecology;pipeline_wiring,False,direct_test;module_test;live_probe,10,veilbreakers_terrain/tests/integration/test_full_terrain_pipeline.py;veilbreakers_terrain/tests/test_p13_unity_scale_factor.py;veilbreakers_terrain/tests/test_p13_wind_bend_vertex_color.py;veilbreakers_terrain/tests/test_phase_e_water_upgrade.py;veilbreakers_terrain/tests/test_terrain_ecosystem.py;veilbreakers_terrain/tests/test_terrain_foliage_catalog.py;veilbreakers_terrain/tests/test_terrain_unity_export_bridge.py;veilbreakers_terrain/tests/test_terrain_waterfalls.py;...(+1),LOW,False,
terrain_unity_export.py,_build_unity_import_descriptor,_build_unity_import_descriptor,816,function,A,GRADED,file_qualified,camera_readability;materials_texturing;geometry_mesh;scatter_ecology;pipeline_wiring,False,module_test;live_probe,6,veilbreakers_terrain/tests/integration/test_full_terrain_pipeline.py;veilbreakers_terrain/tests/test_p13_unity_scale_factor.py;veilbreakers_terrain/tests/test_p13_wind_bend_vertex_color.py;veilbreakers_terrain/tests/test_phase_e_water_upgrade.py;veilbreakers_terrain/tests/test_terrain_ecosystem.py;veilbreakers_terrain/tests/test_terrain_foliage_catalog.py;veilbreakers_terrain/tests/test_terrain_unity_export_bridge.py;veilbreakers_terrain/tests/test_terrain_waterfalls.py;...(+1),LOW,False,direct_behavior_test;material_texture_contract_test;camera_readability_probe
terrain_unity_export.py,_zup_to_unity_vector,_zup_to_unity_vector,923,function,B+,GRADED,file_qualified,camera_readability;materials_texturing;geometry_mesh;scatter_ecology;pipeline_wiring,False,module_test;live_probe,6,veilbreakers_terrain/tests/integration/test_full_terrain_pipeline.py;veilbreakers_terrain/tests/test_p13_unity_scale_factor.py;veilbreakers_terrain/tests/test_p13_wind_bend_vertex_color.py;veilbreakers_terrain/tests/test_phase_e_water_upgrade.py;veilbreakers_terrain/tests/test_terrain_ecosystem.py;veilbreakers_terrain/tests/test_terrain_foliage_catalog.py;veilbreakers_terrain/tests/test_terrain_unity_export_bridge.py;veilbreakers_terrain/tests/test_terrain_waterfalls.py;...(+1),LOW,False,direct_behavior_test;material_texture_contract_test;camera_readability_probe
terrain_unity_export.py,_bounds_to_unity,_bounds_to_unity,928,function,B+,GRADED,file_qualified,camera_readability;materials_texturing;geometry_mesh;scatter_ecology;pipeline_wiring,False,module_test;live_probe,6,veilbreakers_terrain/tests/integration/test_full_terrain_pipeline.py;veilbreakers_terrain/tests/test_p13_unity_scale_factor.py;veilbreakers_terrain/tests/test_p13_wind_bend_vertex_color.py;veilbreakers_terrain/tests/test_phase_e_water_upgrade.py;veilbreakers_terrain/tests/test_terrain_ecosystem.py;veilbreakers_terrain/tests/test_terrain_foliage_catalog.py;veilbreakers_terrain/tests/test_terrain_unity_export_bridge.py;veilbreakers_terrain/tests/test_terrain_waterfalls.py;...(+1),LOW,False,direct_behavior_test;material_texture_contract_test;camera_readability_probe
terrain_unity_export.py,_terrain_normal_at,_terrain_normal_at,935,function,A,GRADED,file_qualified,camera_readability;materials_texturing;geometry_mesh;scatter_ecology;pipeline_wiring,False,module_test;live_probe,6,veilbreakers_terrain/tests/integration/test_full_terrain_pipeline.py;veilbreakers_terrain/tests/test_p13_unity_scale_factor.py;veilbreakers_terrain/tests/test_p13_wind_bend_vertex_color.py;veilbreakers_terrain/tests/test_phase_e_water_upgrade.py;veilbreakers_terrain/tests/test_terrain_ecosystem.py;veilbreakers_terrain/tests/test_terrain_foliage_catalog.py;veilbreakers_terrain/tests/test_terrain_unity_export_bridge.py;veilbreakers_terrain/tests/test_terrain_waterfalls.py;...(+1),LOW,False,direct_behavior_test;material_texture_contract_test;camera_readability_probe
terrain_unity_export.py,_quantize_detail_density,_quantize_detail_density,954,function,A,GRADED,file_qualified,camera_readability;materials_texturing;geometry_mesh;scatter_ecology;pipeline_wiring,False,module_test;live_probe,6,veilbreakers_terrain/tests/integration/test_full_terrain_pipeline.py;veilbreakers_terrain/tests/test_p13_unity_scale_factor.py;veilbreakers_terrain/tests/test_p13_wind_bend_vertex_color.py;veilbreakers_terrain/tests/test_phase_e_water_upgrade.py;veilbreakers_terrain/tests/test_terrain_ecosystem.py;veilbreakers_terrain/tests/test_terrain_foliage_catalog.py;veilbreakers_terrain/tests/test_terrain_unity_export_bridge.py;veilbreakers_terrain/tests/test_terrain_waterfalls.py;...(+1),LOW,False,direct_behavior_test;material_texture_contract_test;camera_readability_probe
terrain_unity_export.py,_write_splatmap_groups,_write_splatmap_groups,960,function,A,GRADED,file_qualified,camera_readability;materials_texturing;geometry_mesh;scatter_ecology;pipeline_wiring,False,module_test;live_probe,6,veilbreakers_terrain/tests/integration/test_full_terrain_pipeline.py;veilbreakers_terrain/tests/test_p13_unity_scale_factor.py;veilbreakers_terrain/tests/test_p13_wind_bend_vertex_color.py;veilbreakers_terrain/tests/test_phase_e_water_upgrade.py;veilbreakers_terrain/tests/test_terrain_ecosystem.py;veilbreakers_terrain/tests/test_terrain_foliage_catalog.py;veilbreakers_terrain/tests/test_terrain_unity_export_bridge.py;veilbreakers_terrain/tests/test_terrain_waterfalls.py;...(+1),LOW,False,direct_behavior_test;material_texture_contract_test;camera_readability_probe
terrain_unity_export.py,export_unity_manifest,export_unity_manifest,1072,function,A,GRADED,file_qualified,camera_readability;materials_texturing;geometry_mesh;scatter_ecology;pipeline_wiring,False,direct_test;module_test;live_probe,10,veilbreakers_terrain/tests/integration/test_full_terrain_pipeline.py;veilbreakers_terrain/tests/test_p13_unity_scale_factor.py;veilbreakers_terrain/tests/test_p13_wind_bend_vertex_color.py;veilbreakers_terrain/tests/test_phase_e_water_upgrade.py;veilbreakers_terrain/tests/test_terrain_ecosystem.py;veilbreakers_terrain/tests/test_terrain_foliage_catalog.py;veilbreakers_terrain/tests/test_terrain_unity_export_bridge.py;veilbreakers_terrain/tests/test_terrain_waterfalls.py;...(+1),LOW,False,
terrain_unity_export.py,_audio_zones_json,_audio_zones_json,1472,function,A,GRADED,file_qualified,camera_readability;materials_texturing;geometry_mesh;scatter_ecology;pipeline_wiring,False,direct_test;module_test;live_probe,10,veilbreakers_terrain/tests/integration/test_full_terrain_pipeline.py;veilbreakers_terrain/tests/test_p13_unity_scale_factor.py;veilbreakers_terrain/tests/test_p13_wind_bend_vertex_color.py;veilbreakers_terrain/tests/test_phase_e_water_upgrade.py;veilbreakers_terrain/tests/test_terrain_ecosystem.py;veilbreakers_terrain/tests/test_terrain_foliage_catalog.py;veilbreakers_terrain/tests/test_terrain_unity_export_bridge.py;veilbreakers_terrain/tests/test_terrain_waterfalls.py;...(+1),LOW,False,
terrain_unity_export.py,_gameplay_zones_json,_gameplay_zones_json,1518,function,B+,GRADED,file_qualified,camera_readability;materials_texturing;geometry_mesh;scatter_ecology;pipeline_wiring,False,module_test;live_probe,6,veilbreakers_terrain/tests/integration/test_full_terrain_pipeline.py;veilbreakers_terrain/tests/test_p13_unity_scale_factor.py;veilbreakers_terrain/tests/test_p13_wind_bend_vertex_color.py;veilbreakers_terrain/tests/test_phase_e_water_upgrade.py;veilbreakers_terrain/tests/test_terrain_ecosystem.py;veilbreakers_terrain/tests/test_terrain_foliage_catalog.py;veilbreakers_terrain/tests/test_terrain_unity_export_bridge.py;veilbreakers_terrain/tests/test_terrain_waterfalls.py;...(+1),LOW,False,direct_behavior_test;material_texture_contract_test;camera_readability_probe
terrain_unity_export.py,_wildlife_zones_json,_wildlife_zones_json,1561,function,B+,GRADED,file_qualified,camera_readability;materials_texturing;geometry_mesh;scatter_ecology;pipeline_wiring,False,module_test;live_probe,6,veilbreakers_terrain/tests/integration/test_full_terrain_pipeline.py;veilbreakers_terrain/tests/test_p13_unity_scale_factor.py;veilbreakers_terrain/tests/test_p13_wind_bend_vertex_color.py;veilbreakers_terrain/tests/test_phase_e_water_upgrade.py;veilbreakers_terrain/tests/test_terrain_ecosystem.py;veilbreakers_terrain/tests/test_terrain_foliage_catalog.py;veilbreakers_terrain/tests/test_terrain_unity_export_bridge.py;veilbreakers_terrain/tests/test_terrain_waterfalls.py;...(+1),LOW,False,direct_behavior_test;material_texture_contract_test;camera_readability_probe
terrain_unity_export.py,_decals_json,_decals_json,1594,function,A,GRADED,file_qualified,camera_readability;materials_texturing;geometry_mesh;scatter_ecology;pipeline_wiring,False,module_test;live_probe,6,veilbreakers_terrain/tests/integration/test_full_terrain_pipeline.py;veilbreakers_terrain/tests/test_p13_unity_scale_factor.py;veilbreakers_terrain/tests/test_p13_wind_bend_vertex_color.py;veilbreakers_terrain/tests/test_phase_e_water_upgrade.py;veilbreakers_terrain/tests/test_terrain_ecosystem.py;veilbreakers_terrain/tests/test_terrain_foliage_catalog.py;veilbreakers_terrain/tests/test_terrain_unity_export_bridge.py;veilbreakers_terrain/tests/test_terrain_waterfalls.py;...(+1),LOW,False,direct_behavior_test;material_texture_contract_test;camera_readability_probe
terrain_unity_export.py,compute_wind_bend_vertex_color,compute_wind_bend_vertex_color,1641,function,A,GRADED,file_qualified,camera_readability;materials_texturing;geometry_mesh;scatter_ecology;pipeline_wiring,False,direct_test;module_test;live_probe,10,veilbreakers_terrain/tests/integration/test_full_terrain_pipeline.py;veilbreakers_terrain/tests/test_p13_unity_scale_factor.py;veilbreakers_terrain/tests/test_p13_wind_bend_vertex_color.py;veilbreakers_terrain/tests/test_phase_e_water_upgrade.py;veilbreakers_terrain/tests/test_terrain_ecosystem.py;veilbreakers_terrain/tests/test_terrain_foliage_catalog.py;veilbreakers_terrain/tests/test_terrain_unity_export_bridge.py;veilbreakers_terrain/tests/test_terrain_waterfalls.py;...(+1),LOW,False,
terrain_unity_export.py,_tree_instances_json,_tree_instances_json,1707,function,B+,GRADED,file_qualified,camera_readability;materials_texturing;geometry_mesh;scatter_ecology;pipeline_wiring,False,direct_test;module_test;live_probe,10,veilbreakers_terrain/tests/integration/test_full_terrain_pipeline.py;veilbreakers_terrain/tests/test_p13_unity_scale_factor.py;veilbreakers_terrain/tests/test_p13_wind_bend_vertex_color.py;veilbreakers_terrain/tests/test_phase_e_water_upgrade.py;veilbreakers_terrain/tests/test_terrain_ecosystem.py;veilbreakers_terrain/tests/test_terrain_foliage_catalog.py;veilbreakers_terrain/tests/test_terrain_unity_export_bridge.py;veilbreakers_terrain/tests/test_terrain_waterfalls.py;...(+1),LOW,False,
terrain_unity_export_contracts.py,UnityExportContract.minimum_for,minimum_for,43,method,A,GRADED,file_qualified,blender_tool;materials_texturing;water;geometry_mesh;pipeline_wiring,True,direct_test;module_test;live_probe,10,veilbreakers_terrain/tests/test_bundle_egjn_supplements.py;veilbreakers_terrain/tests/test_cross_feature.py;veilbreakers_terrain/tests/test_pipeline_contract_runtime_helpers.py;veilbreakers_terrain/tests/test_terrain_unity_export_bridge.py,LOW,False,
terrain_unity_export_contracts.py,validate_mesh_attributes_present,validate_mesh_attributes_present,86,function,A,GRADED,file_qualified,blender_tool;materials_texturing;water;geometry_mesh;pipeline_wiring,True,direct_test;module_test;live_probe,10,veilbreakers_terrain/tests/test_bundle_egjn_supplements.py;veilbreakers_terrain/tests/test_cross_feature.py;veilbreakers_terrain/tests/test_pipeline_contract_runtime_helpers.py;veilbreakers_terrain/tests/test_terrain_unity_export_bridge.py,LOW,False,
terrain_unity_export_contracts.py,validate_vertex_attributes_present,validate_vertex_attributes_present,109,function,A,GRADED,file_qualified,blender_tool;materials_texturing;water;geometry_mesh;pipeline_wiring,True,direct_test;module_test;live_probe,10,veilbreakers_terrain/tests/test_bundle_egjn_supplements.py;veilbreakers_terrain/tests/test_cross_feature.py;veilbreakers_terrain/tests/test_pipeline_contract_runtime_helpers.py;veilbreakers_terrain/tests/test_terrain_unity_export_bridge.py,LOW,False,
terrain_unity_export_contracts.py,write_export_manifest,write_export_manifest,138,function,A-,GRADED,file_qualified,blender_tool;materials_texturing;water;geometry_mesh;pipeline_wiring,True,direct_test;module_test;live_probe,10,veilbreakers_terrain/tests/test_bundle_egjn_supplements.py;veilbreakers_terrain/tests/test_cross_feature.py;veilbreakers_terrain/tests/test_pipeline_contract_runtime_helpers.py;veilbreakers_terrain/tests/test_terrain_unity_export_bridge.py,LOW,False,
terrain_unity_export_contracts.py,validate_bit_depth_contract,validate_bit_depth_contract,163,function,A,GRADED,file_qualified,blender_tool;materials_texturing;water;geometry_mesh;pipeline_wiring,True,direct_test;module_test;live_probe,10,veilbreakers_terrain/tests/test_bundle_egjn_supplements.py;veilbreakers_terrain/tests/test_cross_feature.py;veilbreakers_terrain/tests/test_pipeline_contract_runtime_helpers.py;veilbreakers_terrain/tests/test_terrain_unity_export_bridge.py,LOW,False,
terrain_validation.py,ValidationReport.all_issues,all_issues,103,method,A,GRADED,file_qualified,blender_tool;pipeline_wiring,True,direct_test;module_test;live_probe,10,veilbreakers_terrain/tests/integration/test_full_terrain_pipeline.py;veilbreakers_terrain/tests/test_live_readiness_regressions.py;veilbreakers_terrain/tests/test_terrain_composition.py;veilbreakers_terrain/tests/test_terrain_validation.py;veilbreakers_terrain/tests/test_validation_runtime_helpers.py,LOW,False,
terrain_validation.py,ValidationReport.add,add,106,method,A,GRADED,file_qualified,blender_tool;pipeline_wiring,True,direct_test;module_test;live_probe,10,veilbreakers_terrain/tests/integration/test_full_terrain_pipeline.py;veilbreakers_terrain/tests/test_live_readiness_regressions.py;veilbreakers_terrain/tests/test_physical_plausibility.py;veilbreakers_terrain/tests/test_terrain_advanced.py;veilbreakers_terrain/tests/test_terrain_iteration.py;veilbreakers_terrain/tests/test_terrain_materials.py;veilbreakers_terrain/tests/test_terrain_validation.py;veilbreakers_terrain/tests/test_validation_runtime_helpers.py,LOW,False,
terrain_validation.py,ValidationReport.recompute_status,recompute_status,117,method,A,GRADED,file_qualified,blender_tool;pipeline_wiring,True,module_test;live_probe,6,veilbreakers_terrain/tests/integration/test_full_terrain_pipeline.py;veilbreakers_terrain/tests/test_live_readiness_regressions.py;veilbreakers_terrain/tests/test_terrain_validation.py;veilbreakers_terrain/tests/test_validation_runtime_helpers.py,LOW,False,direct_behavior_test
terrain_validation.py,ValidationReport.category_summary,category_summary,126,method,A,GRADED,file_qualified,blender_tool;pipeline_wiring,True,direct_test;module_test;live_probe,10,veilbreakers_terrain/tests/integration/test_full_terrain_pipeline.py;veilbreakers_terrain/tests/test_live_readiness_regressions.py;veilbreakers_terrain/tests/test_terrain_validation.py;veilbreakers_terrain/tests/test_validation_runtime_helpers.py,LOW,False,
terrain_validation.py,_issue_category,_issue_category,185,function,A,GRADED,file_qualified,blender_tool;pipeline_wiring,True,direct_test;module_test;live_probe,10,veilbreakers_terrain/tests/integration/test_full_terrain_pipeline.py;veilbreakers_terrain/tests/test_live_readiness_regressions.py;veilbreakers_terrain/tests/test_terrain_validation.py;veilbreakers_terrain/tests/test_validation_runtime_helpers.py,LOW,False,
terrain_validation.py,_safe_asarray,_safe_asarray,203,function,A,GRADED,file_qualified,blender_tool;pipeline_wiring,True,module_test;live_probe,6,veilbreakers_terrain/tests/integration/test_full_terrain_pipeline.py;veilbreakers_terrain/tests/test_live_readiness_regressions.py;veilbreakers_terrain/tests/test_terrain_validation.py;veilbreakers_terrain/tests/test_validation_runtime_helpers.py,LOW,False,direct_behavior_test
terrain_validation.py,_numpy_block_max,_numpy_block_max,209,function,D+,GRADED,file_qualified,blender_tool;pipeline_wiring,True,module_test;live_probe,5,veilbreakers_terrain/tests/integration/test_full_terrain_pipeline.py;veilbreakers_terrain/tests/test_live_readiness_regressions.py;veilbreakers_terrain/tests/test_terrain_validation.py;veilbreakers_terrain/tests/test_validation_runtime_helpers.py,LOW,False,direct_behavior_test
terrain_validation.py,_cell_bounds_for_feature,_cell_bounds_for_feature,245,function,A-,GRADED,file_qualified,blender_tool;pipeline_wiring,True,module_test;live_probe,6,veilbreakers_terrain/tests/integration/test_full_terrain_pipeline.py;veilbreakers_terrain/tests/test_live_readiness_regressions.py;veilbreakers_terrain/tests/test_terrain_validation.py;veilbreakers_terrain/tests/test_validation_runtime_helpers.py,LOW,False,direct_behavior_test
terrain_validation.py,protected_zone_hash,protected_zone_hash,265,function,A,GRADED,file_qualified,blender_tool;pipeline_wiring,True,module_test;live_probe,6,veilbreakers_terrain/tests/integration/test_full_terrain_pipeline.py;veilbreakers_terrain/tests/test_live_readiness_regressions.py;veilbreakers_terrain/tests/test_terrain_validation.py;veilbreakers_terrain/tests/test_validation_runtime_helpers.py,LOW,False,direct_behavior_test
terrain_validation.py,validate_height_finite,validate_height_finite,294,function,A,GRADED,file_qualified,blender_tool;geometry_mesh;pipeline_wiring,True,direct_test;module_test;live_probe,10,veilbreakers_terrain/tests/integration/test_full_terrain_pipeline.py;veilbreakers_terrain/tests/test_live_readiness_regressions.py;veilbreakers_terrain/tests/test_terrain_validation.py;veilbreakers_terrain/tests/test_validation_runtime_helpers.py,LOW,False,
terrain_validation.py,validate_height_range,validate_height_range,323,function,B-,GRADED,file_qualified,blender_tool;geometry_mesh;pipeline_wiring,True,direct_test;module_test;live_probe,9,veilbreakers_terrain/tests/integration/test_full_terrain_pipeline.py;veilbreakers_terrain/tests/test_live_readiness_regressions.py;veilbreakers_terrain/tests/test_terrain_validation.py;veilbreakers_terrain/tests/test_validation_runtime_helpers.py,LOW,False,
terrain_validation.py,validate_slope_distribution,validate_slope_distribution,369,function,A,GRADED,file_qualified,blender_tool;geometry_mesh;pipeline_wiring,True,direct_test;module_test;live_probe,10,veilbreakers_terrain/tests/integration/test_full_terrain_pipeline.py;veilbreakers_terrain/tests/test_live_readiness_regressions.py;veilbreakers_terrain/tests/test_terrain_validation.py;veilbreakers_terrain/tests/test_validation_runtime_helpers.py,LOW,False,
terrain_validation.py,validate_protected_zones_untouched,validate_protected_zones_untouched,409,function,A,GRADED,file_qualified,blender_tool;pipeline_wiring,True,direct_test;module_test;live_probe,10,veilbreakers_terrain/tests/integration/test_full_terrain_pipeline.py;veilbreakers_terrain/tests/test_live_readiness_regressions.py;veilbreakers_terrain/tests/test_terrain_validation.py;veilbreakers_terrain/tests/test_validation_runtime_helpers.py,LOW,False,
terrain_validation.py,validate_tile_seam_continuity,validate_tile_seam_continuity,446,function,B+,GRADED,file_qualified,blender_tool;pipeline_wiring,True,direct_test;module_test;live_probe,10,veilbreakers_terrain/tests/integration/test_full_terrain_pipeline.py;veilbreakers_terrain/tests/test_live_readiness_regressions.py;veilbreakers_terrain/tests/test_terrain_validation.py;veilbreakers_terrain/tests/test_validation_runtime_helpers.py,LOW,False,
terrain_validation.py,validate_erosion_mass_conservation,validate_erosion_mass_conservation,597,function,A-,GRADED,file_qualified,blender_tool;pipeline_wiring,True,direct_test;module_test;live_probe,10,veilbreakers_terrain/tests/integration/test_full_terrain_pipeline.py;veilbreakers_terrain/tests/test_live_readiness_regressions.py;veilbreakers_terrain/tests/test_terrain_validation.py;veilbreakers_terrain/tests/test_validation_runtime_helpers.py,LOW,False,
terrain_validation.py,validate_hero_feature_placement,validate_hero_feature_placement,642,function,C+,GRADED,file_qualified,blender_tool;pipeline_wiring,True,direct_test;module_test;live_probe,9,veilbreakers_terrain/tests/integration/test_full_terrain_pipeline.py;veilbreakers_terrain/tests/test_live_readiness_regressions.py;veilbreakers_terrain/tests/test_terrain_validation.py;veilbreakers_terrain/tests/test_validation_runtime_helpers.py,LOW,False,
terrain_validation.py,validate_material_coverage,validate_material_coverage,706,function,A,GRADED,file_qualified,blender_tool;materials_texturing;pipeline_wiring,True,direct_test;module_test;live_probe,10,veilbreakers_terrain/tests/integration/test_full_terrain_pipeline.py;veilbreakers_terrain/tests/test_live_readiness_regressions.py;veilbreakers_terrain/tests/test_terrain_validation.py;veilbreakers_terrain/tests/test_validation_runtime_helpers.py,LOW,False,
terrain_validation.py,_material_channel_exts_for_validation,_material_channel_exts_for_validation,752,function,A-,GRADED,file_qualified,blender_tool;materials_texturing;pipeline_wiring,True,module_test;live_probe,6,veilbreakers_terrain/tests/integration/test_full_terrain_pipeline.py;veilbreakers_terrain/tests/test_live_readiness_regressions.py;veilbreakers_terrain/tests/test_terrain_validation.py;veilbreakers_terrain/tests/test_validation_runtime_helpers.py,LOW,False,direct_behavior_test;material_texture_contract_test
terrain_validation.py,_default_texel_density_max_ratio,_default_texel_density_max_ratio,803,function,A,GRADED,file_qualified,blender_tool;pipeline_wiring,True,module_test;live_probe,6,veilbreakers_terrain/tests/integration/test_full_terrain_pipeline.py;veilbreakers_terrain/tests/test_live_readiness_regressions.py;veilbreakers_terrain/tests/test_terrain_validation.py;veilbreakers_terrain/tests/test_validation_runtime_helpers.py,LOW,False,direct_behavior_test
terrain_validation.py,validate_material_texel_density_coherency,validate_material_texel_density_coherency,817,function,A-,GRADED,file_qualified,blender_tool;materials_texturing;pipeline_wiring,True,direct_test;module_test;live_probe,10,veilbreakers_terrain/tests/integration/test_full_terrain_pipeline.py;veilbreakers_terrain/tests/test_live_readiness_regressions.py;veilbreakers_terrain/tests/test_terrain_validation.py;veilbreakers_terrain/tests/test_validation_runtime_helpers.py,LOW,False,
terrain_validation.py,validate_cliff_screen_coverage,validate_cliff_screen_coverage,844,function,A-,GRADED,file_qualified,blender_tool;geometry_mesh;pipeline_wiring,True,direct_test;module_test;live_probe,10,veilbreakers_terrain/tests/integration/test_full_terrain_pipeline.py;veilbreakers_terrain/tests/test_live_readiness_regressions.py;veilbreakers_terrain/tests/test_terrain_validation.py;veilbreakers_terrain/tests/test_validation_runtime_helpers.py,LOW,False,
terrain_validation.py,validate_channel_dtypes,validate_channel_dtypes,895,function,C+,GRADED,file_qualified,blender_tool;pipeline_wiring,True,direct_test;module_test;live_probe,9,veilbreakers_terrain/tests/integration/test_full_terrain_pipeline.py;veilbreakers_terrain/tests/test_live_readiness_regressions.py;veilbreakers_terrain/tests/test_terrain_validation.py;veilbreakers_terrain/tests/test_validation_runtime_helpers.py,LOW,False,
terrain_validation.py,validate_unity_export_ready,validate_unity_export_ready,919,function,A,GRADED,file_qualified,blender_tool;pipeline_wiring,True,direct_test;module_test;live_probe,10,veilbreakers_terrain/tests/integration/test_full_terrain_pipeline.py;veilbreakers_terrain/tests/test_live_readiness_regressions.py;veilbreakers_terrain/tests/test_terrain_validation.py;veilbreakers_terrain/tests/test_validation_runtime_helpers.py,LOW,False,
terrain_validation.py,check_cliff_silhouette_readability,check_cliff_silhouette_readability,960,function,B+,GRADED,file_qualified,blender_tool;camera_readability;geometry_mesh;pipeline_wiring,True,direct_test;module_test;live_probe,10,veilbreakers_terrain/tests/integration/test_full_terrain_pipeline.py;veilbreakers_terrain/tests/test_bundle_egjn_supplements.py;veilbreakers_terrain/tests/test_live_readiness_regressions.py;veilbreakers_terrain/tests/test_terrain_validation.py;veilbreakers_terrain/tests/test_validation_runtime_helpers.py,LOW,False,
terrain_validation.py,check_waterfall_chain_completeness,check_waterfall_chain_completeness,1110,function,B+,GRADED,file_qualified,blender_tool;water;pipeline_wiring,True,direct_test;module_test;live_probe,10,veilbreakers_terrain/tests/integration/test_full_terrain_pipeline.py;veilbreakers_terrain/tests/test_bundle_egjn_supplements.py;veilbreakers_terrain/tests/test_live_readiness_regressions.py;veilbreakers_terrain/tests/test_terrain_validation.py;veilbreakers_terrain/tests/test_validation_runtime_helpers.py,LOW,False,
terrain_validation.py,check_cave_framing_presence,check_cave_framing_presence,1214,function,B+,GRADED,file_qualified,blender_tool;camera_readability;geometry_mesh;pipeline_wiring,True,direct_test;module_test;live_probe,10,veilbreakers_terrain/tests/integration/test_full_terrain_pipeline.py;veilbreakers_terrain/tests/test_bundle_egjn_supplements.py;veilbreakers_terrain/tests/test_live_readiness_regressions.py;veilbreakers_terrain/tests/test_terrain_validation.py;veilbreakers_terrain/tests/test_validation_runtime_helpers.py,LOW,False,
terrain_validation.py,validate_strata_consistency,validate_strata_consistency,1304,function,A,GRADED,file_qualified,blender_tool;geometry_mesh;pipeline_wiring,True,direct_test;module_test;live_probe,10,veilbreakers_terrain/tests/integration/test_full_terrain_pipeline.py;veilbreakers_terrain/tests/test_live_readiness_regressions.py;veilbreakers_terrain/tests/test_terrain_geology.py;veilbreakers_terrain/tests/test_terrain_validation.py;veilbreakers_terrain/tests/test_validation_runtime_helpers.py,LOW,False,
terrain_validation.py,validate_glacial_plausibility,validate_glacial_plausibility,1436,function,A,GRADED,file_qualified,blender_tool;pipeline_wiring,True,direct_test;module_test;live_probe,10,veilbreakers_terrain/tests/integration/test_full_terrain_pipeline.py;veilbreakers_terrain/tests/test_live_readiness_regressions.py;veilbreakers_terrain/tests/test_terrain_geology.py;veilbreakers_terrain/tests/test_terrain_validation.py;veilbreakers_terrain/tests/test_validation_runtime_helpers.py,LOW,False,
terrain_validation.py,validate_karst_plausibility,validate_karst_plausibility,1589,function,A,GRADED,file_qualified,blender_tool;geometry_mesh;pipeline_wiring,True,direct_test;module_test;live_probe,10,veilbreakers_terrain/tests/integration/test_full_terrain_pipeline.py;veilbreakers_terrain/tests/test_live_readiness_regressions.py;veilbreakers_terrain/tests/test_terrain_geology.py;veilbreakers_terrain/tests/test_terrain_validation.py;veilbreakers_terrain/tests/test_validation_runtime_helpers.py,LOW,False,
terrain_validation.py,check_focal_composition,check_focal_composition,1736,function,B+,GRADED,file_qualified,blender_tool;camera_readability;pipeline_wiring,True,direct_test;module_test;live_probe,10,veilbreakers_terrain/tests/integration/test_full_terrain_pipeline.py;veilbreakers_terrain/tests/test_bundle_egjn_supplements.py;veilbreakers_terrain/tests/test_live_readiness_regressions.py;veilbreakers_terrain/tests/test_terrain_validation.py;veilbreakers_terrain/tests/test_validation_runtime_helpers.py,LOW,False,
terrain_validation.py,ReadabilityAuditReport.all_issues,all_issues,1839,method,A,GRADED,file_qualified,blender_tool;camera_readability;pipeline_wiring,True,direct_test;module_test;live_probe,10,veilbreakers_terrain/tests/integration/test_full_terrain_pipeline.py;veilbreakers_terrain/tests/test_live_readiness_regressions.py;veilbreakers_terrain/tests/test_terrain_composition.py;veilbreakers_terrain/tests/test_terrain_validation.py;veilbreakers_terrain/tests/test_validation_runtime_helpers.py,LOW,False,
terrain_validation.py,ReadabilityAuditReport.recompute_status,recompute_status,1847,method,A,GRADED,file_qualified,blender_tool;camera_readability;pipeline_wiring,True,module_test;live_probe,6,veilbreakers_terrain/tests/integration/test_full_terrain_pipeline.py;veilbreakers_terrain/tests/test_live_readiness_regressions.py;veilbreakers_terrain/tests/test_terrain_validation.py;veilbreakers_terrain/tests/test_validation_runtime_helpers.py,LOW,False,direct_behavior_test;camera_readability_probe
terrain_validation.py,run_readability_audit,run_readability_audit,1858,function,B+,GRADED,file_qualified,blender_tool;camera_readability;pipeline_wiring,True,module_test;live_probe,6,veilbreakers_terrain/tests/integration/test_full_terrain_pipeline.py;veilbreakers_terrain/tests/test_live_readiness_regressions.py;veilbreakers_terrain/tests/test_terrain_validation.py;veilbreakers_terrain/tests/test_validation_runtime_helpers.py,LOW,False,direct_behavior_test;camera_readability_probe
terrain_validation.py,_readability_audit_validator,_readability_audit_validator,1888,function,A,GRADED,file_qualified,blender_tool;camera_readability;pipeline_wiring,True,direct_test;module_test;live_probe,10,veilbreakers_terrain/tests/integration/test_full_terrain_pipeline.py;veilbreakers_terrain/tests/test_live_readiness_regressions.py;veilbreakers_terrain/tests/test_terrain_validation.py;veilbreakers_terrain/tests/test_validation_runtime_helpers.py,LOW,False,
terrain_validation.py,run_validation_suite,run_validation_suite,1919,function,C,GRADED,file_qualified,blender_tool;pipeline_wiring,True,direct_test;module_test;live_probe,9,veilbreakers_terrain/tests/integration/test_full_terrain_pipeline.py;veilbreakers_terrain/tests/test_live_readiness_regressions.py;veilbreakers_terrain/tests/test_terrain_validation.py;veilbreakers_terrain/tests/test_validation_runtime_helpers.py,LOW,False,
terrain_validation.py,_get_active_controller,_get_active_controller,1975,function,A,GRADED,file_qualified,blender_tool;pipeline_wiring,True,module_test;live_probe,6,veilbreakers_terrain/tests/integration/test_full_terrain_pipeline.py;veilbreakers_terrain/tests/test_live_readiness_regressions.py;veilbreakers_terrain/tests/test_terrain_validation.py;veilbreakers_terrain/tests/test_validation_runtime_helpers.py,LOW,False,direct_behavior_test
terrain_validation.py,bind_active_controller,bind_active_controller,1982,function,B+,GRADED,file_qualified,blender_tool;pipeline_wiring,True,direct_test;module_test;live_probe,10,veilbreakers_terrain/tests/integration/test_full_terrain_pipeline.py;veilbreakers_terrain/tests/test_live_readiness_regressions.py;veilbreakers_terrain/tests/test_terrain_validation.py;veilbreakers_terrain/tests/test_validation_runtime_helpers.py,LOW,False,
terrain_validation.py,pass_validation_full,pass_validation_full,2011,function,A,GRADED,file_qualified,blender_tool;pipeline_wiring,True,direct_test;module_test;live_probe,10,veilbreakers_terrain/tests/integration/test_full_terrain_pipeline.py;veilbreakers_terrain/tests/test_live_readiness_regressions.py;veilbreakers_terrain/tests/test_terrain_validation.py;veilbreakers_terrain/tests/test_validation_runtime_helpers.py,LOW,False,
terrain_validation.py,register_bundle_d_passes,register_bundle_d_passes,2061,function,A-,GRADED,file_qualified,blender_tool;pipeline_wiring,True,direct_test;module_test;live_probe,10,veilbreakers_terrain/tests/integration/test_full_terrain_pipeline.py;veilbreakers_terrain/tests/test_live_readiness_regressions.py;veilbreakers_terrain/tests/test_terrain_validation.py;veilbreakers_terrain/tests/test_validation_runtime_helpers.py,LOW,False,
terrain_vegetation_depth.py,VegetationLayers.understory_density,understory_density,74,method,A,GRADED,file_qualified,blender_tool;scatter_ecology;pipeline_wiring,True,direct_test;module_test;live_probe,10,veilbreakers_terrain/tests/test_environment_scatter_handlers.py;veilbreakers_terrain/tests/test_terrain_water_vegetation_depth.py;veilbreakers_terrain/tests/test_vegetation_depth_runtime_helpers.py,LOW,False,
terrain_vegetation_depth.py,VegetationLayers.as_dict,as_dict,77,method,A,GRADED,file_qualified,blender_tool;scatter_ecology;pipeline_wiring,True,direct_test;module_test;live_probe,10,veilbreakers_terrain/tests/test_environment_scatter_handlers.py;veilbreakers_terrain/tests/test_terrain_deep_qa.py;veilbreakers_terrain/tests/test_terrain_water_vegetation_depth.py;veilbreakers_terrain/tests/test_vegetation_depth_runtime_helpers.py,LOW,False,
terrain_vegetation_depth.py,_region_slice,_region_slice,128,function,A,GRADED,file_qualified,blender_tool;scatter_ecology;pipeline_wiring,True,direct_test;module_test;live_probe,10,veilbreakers_terrain/tests/test_environment_scatter_handlers.py;veilbreakers_terrain/tests/test_terrain_water_vegetation_depth.py;veilbreakers_terrain/tests/test_vegetation_depth_runtime_helpers.py,LOW,False,
terrain_vegetation_depth.py,_protected_mask,_protected_mask,144,function,A-,GRADED,file_qualified,blender_tool;scatter_ecology;pipeline_wiring,True,direct_test;module_test;live_probe,10,veilbreakers_terrain/tests/test_environment_scatter_handlers.py;veilbreakers_terrain/tests/test_terrain_water_vegetation_depth.py;veilbreakers_terrain/tests/test_vegetation_depth_runtime_helpers.py,LOW,False,
terrain_vegetation_depth.py,_normalize,_normalize,170,function,A,GRADED,file_qualified,blender_tool;scatter_ecology;pipeline_wiring,True,direct_test;module_test;live_probe,10,veilbreakers_terrain/tests/test_environment_scatter_handlers.py;veilbreakers_terrain/tests/test_lod_material_live_readiness.py;veilbreakers_terrain/tests/test_terrain_water_vegetation_depth.py;veilbreakers_terrain/tests/test_vegetation_depth_runtime_helpers.py,LOW,False,
terrain_vegetation_depth.py,compute_vegetation_layers,compute_vegetation_layers,224,function,A,GRADED,file_qualified,blender_tool;scatter_ecology;pipeline_wiring,True,direct_test;module_test;live_probe,10,veilbreakers_terrain/tests/test_environment_scatter_handlers.py;veilbreakers_terrain/tests/test_terrain_water_vegetation_depth.py;veilbreakers_terrain/tests/test_vegetation_depth_runtime_helpers.py,LOW,False,
terrain_vegetation_depth.py,detect_disturbance_patches,detect_disturbance_patches,386,function,A,GRADED,file_qualified,blender_tool;scatter_ecology;pipeline_wiring,True,direct_test;module_test;live_probe,10,veilbreakers_terrain/tests/test_environment_scatter_handlers.py;veilbreakers_terrain/tests/test_terrain_water_vegetation_depth.py;veilbreakers_terrain/tests/test_vegetation_depth_runtime_helpers.py,LOW,False,
terrain_vegetation_depth.py,place_clearings,place_clearings,756,function,A,GRADED,file_qualified,blender_tool;scatter_ecology;pipeline_wiring,True,direct_test;module_test;live_probe,10,veilbreakers_terrain/tests/test_environment_scatter_handlers.py;veilbreakers_terrain/tests/test_terrain_water_vegetation_depth.py;veilbreakers_terrain/tests/test_vegetation_depth_runtime_helpers.py,LOW,False,
terrain_vegetation_depth.py,place_fallen_logs,place_fallen_logs,962,function,A,GRADED,file_qualified,blender_tool;scatter_ecology;pipeline_wiring,True,direct_test;module_test;live_probe,10,veilbreakers_terrain/tests/test_environment_scatter_handlers.py;veilbreakers_terrain/tests/test_terrain_water_vegetation_depth.py;veilbreakers_terrain/tests/test_vegetation_depth_runtime_helpers.py,LOW,False,
terrain_vegetation_depth.py,apply_edge_effects,apply_edge_effects,1139,function,A,GRADED,file_qualified,blender_tool;scatter_ecology;pipeline_wiring,True,direct_test;module_test;live_probe,10,veilbreakers_terrain/tests/test_environment_scatter_handlers.py;veilbreakers_terrain/tests/test_terrain_water_vegetation_depth.py;veilbreakers_terrain/tests/test_vegetation_depth_runtime_helpers.py,LOW,False,
terrain_vegetation_depth.py,apply_cultivated_zones,apply_cultivated_zones,1239,function,A,GRADED,file_qualified,blender_tool;scatter_ecology;pipeline_wiring,True,direct_test;module_test;live_probe,10,veilbreakers_terrain/tests/test_environment_scatter_handlers.py;veilbreakers_terrain/tests/test_terrain_water_vegetation_depth.py;veilbreakers_terrain/tests/test_vegetation_depth_runtime_helpers.py,LOW,False,
terrain_vegetation_depth.py,apply_allelopathic_exclusion,apply_allelopathic_exclusion,1376,function,A,GRADED,file_qualified,blender_tool;scatter_ecology;pipeline_wiring,True,direct_test;module_test;live_probe,10,veilbreakers_terrain/tests/test_environment_scatter_handlers.py;veilbreakers_terrain/tests/test_terrain_water_vegetation_depth.py;veilbreakers_terrain/tests/test_vegetation_depth_runtime_helpers.py,LOW,False,
terrain_vegetation_depth.py,pass_vegetation_depth,pass_vegetation_depth,1522,function,A,GRADED,file_qualified,blender_tool;scatter_ecology;pipeline_wiring,True,direct_test;module_test;live_probe,10,veilbreakers_terrain/tests/test_environment_scatter_handlers.py;veilbreakers_terrain/tests/test_terrain_water_vegetation_depth.py;veilbreakers_terrain/tests/test_vegetation_depth_runtime_helpers.py,LOW,False,
terrain_vegetation_depth.py,register_vegetation_depth_pass,register_vegetation_depth_pass,1697,function,B+,GRADED,file_qualified,blender_tool;scatter_ecology;pipeline_wiring,True,module_test;live_probe,6,veilbreakers_terrain/tests/test_environment_scatter_handlers.py;veilbreakers_terrain/tests/test_terrain_water_vegetation_depth.py;veilbreakers_terrain/tests/test_vegetation_depth_runtime_helpers.py,LOW,False,direct_behavior_test
terrain_vegetation_depth.py,compute_emergent_grass_density,compute_emergent_grass_density,1730,function,B+,GRADED,file_qualified,blender_tool;scatter_ecology;pipeline_wiring,True,direct_test;module_test;live_probe,10,veilbreakers_terrain/tests/test_environment_scatter_handlers.py;veilbreakers_terrain/tests/test_terrain_water_vegetation_depth.py;veilbreakers_terrain/tests/test_vegetation_depth_runtime_helpers.py,LOW,False,
terrain_vegetation_depth.py,pass_emergent_grass,pass_emergent_grass,1756,function,B+,GRADED,file_qualified,blender_tool;scatter_ecology;pipeline_wiring,True,direct_test;module_test;live_probe,10,veilbreakers_terrain/tests/test_environment_scatter_handlers.py;veilbreakers_terrain/tests/test_terrain_water_vegetation_depth.py;veilbreakers_terrain/tests/test_vegetation_depth_runtime_helpers.py,LOW,False,
terrain_vegetation_depth.py,register_emergent_grass_pass,register_emergent_grass_pass,1794,function,A,GRADED,file_qualified,blender_tool;scatter_ecology;pipeline_wiring,True,module_test;live_probe,6,veilbreakers_terrain/tests/test_environment_scatter_handlers.py;veilbreakers_terrain/tests/test_terrain_water_vegetation_depth.py;veilbreakers_terrain/tests/test_vegetation_depth_runtime_helpers.py,LOW,False,direct_behavior_test
terrain_viewport_sync.py,_read_from_blender_context,_read_from_blender_context,39,function,D+,GRADED,file_qualified,blender_tool;camera_readability;pipeline_wiring,True,module_test;live_probe,5,veilbreakers_terrain/tests/test_bundle_r.py,LOW,False,direct_behavior_test;camera_readability_probe
terrain_viewport_sync.py,_unit,_unit,73,function,A,GRADED,file_qualified,blender_tool;camera_readability;pipeline_wiring,True,module_test;live_probe,6,veilbreakers_terrain/tests/test_bundle_r.py,LOW,False,direct_behavior_test;camera_readability_probe
terrain_viewport_sync.py,_matrix_hash,_matrix_hash,81,function,A,GRADED,file_qualified,blender_tool;camera_readability;pipeline_wiring,True,module_test;live_probe,6,veilbreakers_terrain/tests/test_bundle_r.py,LOW,False,direct_behavior_test;camera_readability_probe
terrain_viewport_sync.py,read_user_vantage,read_user_vantage,91,function,A-,GRADED,file_qualified,blender_tool;camera_readability;pipeline_wiring,True,direct_test;module_test;live_probe,10,veilbreakers_terrain/tests/test_bundle_r.py,LOW,False,
terrain_viewport_sync.py,assert_vantage_fresh,assert_vantage_fresh,148,function,A,GRADED,file_qualified,blender_tool;camera_readability;pipeline_wiring,True,direct_test;module_test;live_probe,10,veilbreakers_terrain/tests/test_bundle_r.py,LOW,False,
terrain_viewport_sync.py,transform_world_to_vantage,transform_world_to_vantage,163,function,A,GRADED,file_qualified,blender_tool;camera_readability;pipeline_wiring,True,direct_test;module_test;live_probe,10,veilbreakers_terrain/tests/test_bundle_r.py,LOW,False,
terrain_viewport_sync.py,is_in_frustum,is_in_frustum,189,function,B+,GRADED,file_qualified,blender_tool;camera_readability;pipeline_wiring,True,direct_test;module_test;live_probe,10,veilbreakers_terrain/tests/test_bundle_r.py,LOW,False,
terrain_visual_diff.py,_bbox_of_mask,_bbox_of_mask,18,function,A-,GRADED,file_qualified,blender_tool;visual_qa,True,module_test;live_probe,6,veilbreakers_terrain/tests/test_terrain_iteration.py,LOW,False,direct_behavior_test
terrain_visual_diff.py,compute_visual_diff,compute_visual_diff,40,function,A-,GRADED,file_qualified,blender_tool;visual_qa,True,direct_test;module_test;live_probe,10,veilbreakers_terrain/tests/test_terrain_iteration.py;veilbreakers_terrain/tests/test_visual_export_runtime_helpers.py,LOW,False,
terrain_visual_diff.py,generate_diff_overlay,generate_diff_overlay,120,function,B+,GRADED,file_qualified,blender_tool;visual_qa,True,direct_test;module_test;live_probe,10,veilbreakers_terrain/tests/test_terrain_iteration.py,LOW,False,
terrain_visual_qa.py,_visual_qa_root,_visual_qa_root,39,function,D+,GRADED,file_qualified,blender_tool;visual_qa;camera_readability;materials_texturing,True,module_test;live_probe,5,veilbreakers_terrain/tests/test_visual_testing_readiness.py,LOW,False,direct_behavior_test;material_texture_contract_test;camera_readability_probe
terrain_visual_qa.py,_is_relative_to,_is_relative_to,45,function,D+,GRADED,file_qualified,blender_tool;visual_qa;camera_readability;materials_texturing,True,module_test;live_probe,5,veilbreakers_terrain/tests/test_visual_testing_readiness.py,LOW,False,direct_behavior_test;material_texture_contract_test;camera_readability_probe
terrain_visual_qa.py,_sanitize_output_filepath,_sanitize_output_filepath,53,function,D+,GRADED,file_qualified,blender_tool;visual_qa;camera_readability;materials_texturing,True,module_test;live_probe,5,veilbreakers_terrain/tests/test_visual_testing_readiness.py,LOW,False,direct_behavior_test;material_texture_contract_test;camera_readability_probe
terrain_visual_qa.py,fov_to_focal_length,fov_to_focal_length,83,function,A,GRADED,file_qualified,blender_tool;visual_qa;camera_readability;materials_texturing,True,direct_test;module_test;live_probe,10,veilbreakers_terrain/tests/test_visual_testing_readiness.py,LOW,False,
terrain_visual_qa.py,compute_rotation_to_look_at,compute_rotation_to_look_at,88,function,A,GRADED,file_qualified,blender_tool;visual_qa;camera_readability;materials_texturing,True,direct_test;module_test;live_probe,10,veilbreakers_terrain/tests/test_visual_testing_readiness.py,LOW,False,
terrain_visual_qa.py,auto_frame_terrain,auto_frame_terrain,104,function,A,GRADED,file_qualified,blender_tool;visual_qa;camera_readability;materials_texturing,True,direct_test;module_test;live_probe,10,veilbreakers_terrain/tests/test_visual_testing_readiness.py,LOW,False,
terrain_visual_qa.py,_clamp_screenshot_dimension,_clamp_screenshot_dimension,115,function,A,GRADED,file_qualified,blender_tool;visual_qa;camera_readability;materials_texturing,True,module_test;live_probe,6,veilbreakers_terrain/tests/test_visual_testing_readiness.py,LOW,False,direct_behavior_test;material_texture_contract_test;camera_readability_probe
terrain_visual_qa.py,_coerce_shading_type,_coerce_shading_type,128,function,A,GRADED,file_qualified,blender_tool;visual_qa;camera_readability;materials_texturing,True,module_test;live_probe,6,veilbreakers_terrain/tests/test_visual_testing_readiness.py,LOW,False,direct_behavior_test;material_texture_contract_test;camera_readability_probe
terrain_visual_qa.py,set_viewport_shading,set_viewport_shading,138,function,A,GRADED,file_qualified,blender_tool;visual_qa;camera_readability;materials_texturing,True,module_test;live_probe,6,veilbreakers_terrain/tests/test_visual_testing_readiness.py,LOW,False,direct_behavior_test;material_texture_contract_test;camera_readability_probe
terrain_visual_qa.py,_setup_camera_in_blender,_setup_camera_in_blender,158,function,A,GRADED,file_qualified,blender_tool;visual_qa;camera_readability;materials_texturing,True,module_test;live_probe,6,veilbreakers_terrain/tests/test_visual_testing_readiness.py,LOW,False,direct_behavior_test;material_texture_contract_test;camera_readability_probe
terrain_visual_qa.py,capture_viewport_screenshot,capture_viewport_screenshot,216,function,A,GRADED,file_qualified,blender_tool;visual_qa;camera_readability;materials_texturing,True,module_test;live_probe,6,veilbreakers_terrain/tests/test_visual_testing_readiness.py,LOW,False,direct_behavior_test;material_texture_contract_test;camera_readability_probe
terrain_visual_qa.py,handle_visual_qa_setup_camera,handle_visual_qa_setup_camera,243,function,A,GRADED,file_qualified,blender_tool;visual_qa;camera_readability;materials_texturing,True,direct_test;module_test;live_probe,10,veilbreakers_terrain/tests/test_visual_testing_readiness.py,LOW,False,
terrain_visual_qa.py,handle_visual_qa_set_shading,handle_visual_qa_set_shading,305,function,A,GRADED,file_qualified,blender_tool;visual_qa;camera_readability;materials_texturing,True,direct_test;module_test;live_probe,10,veilbreakers_terrain/tests/test_visual_testing_readiness.py,LOW,False,
terrain_visual_qa.py,handle_visual_qa_capture_screenshot,handle_visual_qa_capture_screenshot,328,function,A,GRADED,file_qualified,blender_tool;visual_qa;camera_readability;materials_texturing,True,direct_test;module_test;live_probe,10,veilbreakers_terrain/tests/test_visual_testing_readiness.py,LOW,False,
terrain_water_variants.py,_as_polyline,_as_polyline,112,function,A,GRADED,file_qualified,blender_tool;water;geometry_mesh;pipeline_wiring,True,module_test;live_probe,6,veilbreakers_terrain/tests/test_terrain_water_vegetation_depth.py,LOW,False,direct_behavior_test
terrain_water_variants.py,_region_slice,_region_slice,121,function,A,GRADED,file_qualified,blender_tool;water;geometry_mesh;pipeline_wiring,True,direct_test;module_test;live_probe,10,veilbreakers_terrain/tests/test_terrain_water_vegetation_depth.py;veilbreakers_terrain/tests/test_vegetation_depth_runtime_helpers.py,LOW,False,
terrain_water_variants.py,_protected_mask,_protected_mask,137,function,A,GRADED,file_qualified,blender_tool;water;geometry_mesh;pipeline_wiring,True,direct_test;module_test;live_probe,10,veilbreakers_terrain/tests/test_terrain_water_vegetation_depth.py;veilbreakers_terrain/tests/test_vegetation_depth_runtime_helpers.py,LOW,False,
terrain_water_variants.py,generate_braided_channels,generate_braided_channels,168,function,B+,GRADED,file_qualified,blender_tool;water;geometry_mesh;pipeline_wiring,True,direct_test;module_test;live_probe,10,veilbreakers_terrain/tests/test_terrain_water_vegetation_depth.py,LOW,False,
terrain_water_variants.py,detect_estuary,detect_estuary,230,function,B+,GRADED,file_qualified,blender_tool;water;geometry_mesh;pipeline_wiring,True,direct_test;module_test;live_probe,10,veilbreakers_terrain/tests/test_terrain_water_vegetation_depth.py,LOW,False,
terrain_water_variants.py,detect_karst_springs,detect_karst_springs,278,function,B+,GRADED,file_qualified,blender_tool;water;geometry_mesh;pipeline_wiring,True,direct_test;module_test;live_probe,10,veilbreakers_terrain/tests/test_terrain_water_vegetation_depth.py,LOW,False,
terrain_water_variants.py,detect_perched_lakes,detect_perched_lakes,385,function,A,GRADED,file_qualified,blender_tool;water;geometry_mesh;pipeline_wiring,True,direct_test;module_test;live_probe,10,veilbreakers_terrain/tests/test_terrain_water_vegetation_depth.py,LOW,False,
terrain_water_variants.py,detect_hot_springs,detect_hot_springs,456,function,A,GRADED,file_qualified,blender_tool;water;geometry_mesh;pipeline_wiring,True,direct_test;module_test;live_probe,10,veilbreakers_terrain/tests/test_terrain_water_vegetation_depth.py,LOW,False,
terrain_water_variants.py,detect_wetlands,detect_wetlands,505,function,B+,GRADED,file_qualified,blender_tool;water;geometry_mesh;pipeline_wiring,True,direct_test;module_test;live_probe,10,veilbreakers_terrain/tests/test_terrain_water_vegetation_depth.py,LOW,False,
terrain_water_variants.py,apply_seasonal_water_state,apply_seasonal_water_state,646,function,A,GRADED,file_qualified,blender_tool;water;geometry_mesh;pipeline_wiring,True,direct_test;module_test;live_probe,10,veilbreakers_terrain/tests/test_terrain_water_vegetation_depth.py,LOW,False,
terrain_water_variants.py,pass_water_variants,pass_water_variants,699,function,A,GRADED,file_qualified,blender_tool;water;geometry_mesh;pipeline_wiring,True,direct_test;module_test;live_probe,10,veilbreakers_terrain/tests/test_terrain_water_vegetation_depth.py,LOW,False,
terrain_water_variants.py,register_water_variants_pass,register_water_variants_pass,862,function,A,GRADED,file_qualified,blender_tool;water;geometry_mesh;pipeline_wiring,True,module_test;live_probe,6,veilbreakers_terrain/tests/test_terrain_water_vegetation_depth.py,LOW,False,direct_behavior_test
terrain_water_variants.py,get_geyser_specs,get_geyser_specs,887,function,A,GRADED,file_qualified,blender_tool;water;geometry_mesh;pipeline_wiring,True,module_test;live_probe,6,veilbreakers_terrain/tests/test_terrain_water_vegetation_depth.py,LOW,False,direct_behavior_test
terrain_water_variants.py,get_swamp_specs,get_swamp_specs,920,function,A,GRADED,file_qualified,blender_tool;water;geometry_mesh;pipeline_wiring,True,module_test;live_probe,6,veilbreakers_terrain/tests/test_terrain_water_vegetation_depth.py,LOW,False,direct_behavior_test
terrain_water_variants.py,_fbm_noise_2d,_fbm_noise_2d,969,function,D+,GRADED,file_qualified,blender_tool;water;geometry_mesh;pipeline_wiring,True,module_test;live_probe,5,veilbreakers_terrain/tests/test_terrain_water_vegetation_depth.py,LOW,False,direct_behavior_test
terrain_water_variants.py,generate_water_bottom_mesh,generate_water_bottom_mesh,1044,function,A,GRADED,file_qualified,blender_tool;water;geometry_mesh;pipeline_wiring,True,module_test;live_probe,6,veilbreakers_terrain/tests/test_terrain_water_vegetation_depth.py,LOW,False,direct_behavior_test
terrain_water_variants.py,pass_bathymetry,pass_bathymetry,1285,function,A,GRADED,file_qualified,blender_tool;water;geometry_mesh;pipeline_wiring,True,direct_test;module_test;live_probe,10,veilbreakers_terrain/tests/test_terrain_water_vegetation_depth.py,LOW,False,
terrain_water_variants.py,register_bathymetry_pass,register_bathymetry_pass,1481,function,A,GRADED,file_qualified,blender_tool;water;geometry_mesh;pipeline_wiring,True,module_test;live_probe,6,veilbreakers_terrain/tests/test_terrain_water_vegetation_depth.py,LOW,False,direct_behavior_test
terrain_waterfalls.py,saturate,saturate,83,function,A,GRADED,file_qualified,blender_tool;materials_texturing;water;geometry_mesh;pipeline_wiring,True,direct_test;module_test;live_probe,10,veilbreakers_terrain/tests/test_live_readiness_regressions.py;veilbreakers_terrain/tests/test_p13_foam_vertex_alpha.py;veilbreakers_terrain/tests/test_terrain_waterfalls.py;veilbreakers_terrain/tests/test_visual_export_runtime_helpers.py;veilbreakers_terrain/tests/test_water_network_upgrade.py;veilbreakers_terrain/tests/test_wind_waterfall_poi_phase14.py,LOW,False,
terrain_waterfalls.py,bake_foam_vertex_alpha,bake_foam_vertex_alpha,88,function,A-,GRADED,file_qualified,blender_tool;materials_texturing;water;geometry_mesh;pipeline_wiring,True,direct_test;module_test;live_probe,10,veilbreakers_terrain/tests/test_live_readiness_regressions.py;veilbreakers_terrain/tests/test_p13_foam_vertex_alpha.py;veilbreakers_terrain/tests/test_terrain_waterfalls.py;veilbreakers_terrain/tests/test_visual_export_runtime_helpers.py;veilbreakers_terrain/tests/test_water_network_upgrade.py;veilbreakers_terrain/tests/test_wind_waterfall_poi_phase14.py,LOW,False,
terrain_waterfalls.py,export_water_mesh_vertices,export_water_mesh_vertices,117,function,B+,GRADED,file_qualified,blender_tool;materials_texturing;water;geometry_mesh;pipeline_wiring,True,direct_test;module_test;live_probe,10,veilbreakers_terrain/tests/test_live_readiness_regressions.py;veilbreakers_terrain/tests/test_p13_foam_vertex_alpha.py;veilbreakers_terrain/tests/test_terrain_waterfalls.py;veilbreakers_terrain/tests/test_visual_export_runtime_helpers.py;veilbreakers_terrain/tests/test_water_network_upgrade.py;veilbreakers_terrain/tests/test_wind_waterfall_poi_phase14.py,LOW,False,
terrain_waterfalls.py,_grid_to_world,_grid_to_world,250,function,A-,GRADED,file_qualified,blender_tool;materials_texturing;water;geometry_mesh;pipeline_wiring,True,module_test;live_probe,6,veilbreakers_terrain/tests/test_live_readiness_regressions.py;veilbreakers_terrain/tests/test_p13_foam_vertex_alpha.py;veilbreakers_terrain/tests/test_terrain_waterfalls.py;veilbreakers_terrain/tests/test_visual_export_runtime_helpers.py;veilbreakers_terrain/tests/test_water_network_upgrade.py;veilbreakers_terrain/tests/test_wind_waterfall_poi_phase14.py,LOW,False,direct_behavior_test;material_texture_contract_test
terrain_waterfalls.py,_world_to_grid,_world_to_grid,259,function,A,GRADED,file_qualified,blender_tool;materials_texturing;water;geometry_mesh;pipeline_wiring,True,direct_test;module_test;live_probe,10,veilbreakers_terrain/tests/test_live_readiness_regressions.py;veilbreakers_terrain/tests/test_p13_foam_vertex_alpha.py;veilbreakers_terrain/tests/test_terrain_waterfalls.py;veilbreakers_terrain/tests/test_visual_export_runtime_helpers.py;veilbreakers_terrain/tests/test_water_network_upgrade.py;veilbreakers_terrain/tests/test_wind_waterfall_poi_phase14.py,LOW,False,
terrain_waterfalls.py,_steepest_descent_step,_steepest_descent_step,281,function,A-,GRADED,file_qualified,blender_tool;materials_texturing;water;geometry_mesh;pipeline_wiring,True,module_test;live_probe,6,veilbreakers_terrain/tests/test_live_readiness_regressions.py;veilbreakers_terrain/tests/test_p13_foam_vertex_alpha.py;veilbreakers_terrain/tests/test_terrain_waterfalls.py;veilbreakers_terrain/tests/test_visual_export_runtime_helpers.py;veilbreakers_terrain/tests/test_water_network_upgrade.py;veilbreakers_terrain/tests/test_wind_waterfall_poi_phase14.py,LOW,False,direct_behavior_test;material_texture_contract_test
terrain_waterfalls.py,_d8_to_angle,_d8_to_angle,308,function,A,GRADED,file_qualified,blender_tool;materials_texturing;water;geometry_mesh;pipeline_wiring,True,module_test;live_probe,6,veilbreakers_terrain/tests/test_live_readiness_regressions.py;veilbreakers_terrain/tests/test_p13_foam_vertex_alpha.py;veilbreakers_terrain/tests/test_terrain_waterfalls.py;veilbreakers_terrain/tests/test_visual_export_runtime_helpers.py;veilbreakers_terrain/tests/test_water_network_upgrade.py;veilbreakers_terrain/tests/test_wind_waterfall_poi_phase14.py,LOW,False,direct_behavior_test;material_texture_contract_test
terrain_waterfalls.py,_manning_velocity,_manning_velocity,344,function,A,GRADED,file_qualified,blender_tool;materials_texturing;water;geometry_mesh;pipeline_wiring,True,direct_test;module_test;live_probe,10,veilbreakers_terrain/tests/test_live_readiness_regressions.py;veilbreakers_terrain/tests/test_p13_foam_vertex_alpha.py;veilbreakers_terrain/tests/test_terrain_waterfalls.py;veilbreakers_terrain/tests/test_visual_export_runtime_helpers.py;veilbreakers_terrain/tests/test_water_network_upgrade.py;veilbreakers_terrain/tests/test_wind_waterfall_poi_phase14.py,LOW,False,
terrain_waterfalls.py,_freefall_impact,_freefall_impact,361,function,A,GRADED,file_qualified,blender_tool;materials_texturing;water;geometry_mesh;pipeline_wiring,True,direct_test;module_test;live_probe,10,veilbreakers_terrain/tests/test_live_readiness_regressions.py;veilbreakers_terrain/tests/test_p13_foam_vertex_alpha.py;veilbreakers_terrain/tests/test_terrain_waterfalls.py;veilbreakers_terrain/tests/test_visual_export_runtime_helpers.py;veilbreakers_terrain/tests/test_water_network_upgrade.py;veilbreakers_terrain/tests/test_wind_waterfall_poi_phase14.py,LOW,False,
terrain_waterfalls.py,_mason_1985_pool,_mason_1985_pool,395,function,A,GRADED,file_qualified,blender_tool;materials_texturing;water;geometry_mesh;pipeline_wiring,True,direct_test;module_test;live_probe,10,veilbreakers_terrain/tests/test_live_readiness_regressions.py;veilbreakers_terrain/tests/test_p13_foam_vertex_alpha.py;veilbreakers_terrain/tests/test_terrain_waterfalls.py;veilbreakers_terrain/tests/test_visual_export_runtime_helpers.py;veilbreakers_terrain/tests/test_water_network_upgrade.py;veilbreakers_terrain/tests/test_wind_waterfall_poi_phase14.py,LOW,False,
terrain_waterfalls.py,_estimate_discharge,_estimate_discharge,418,function,A,GRADED,file_qualified,blender_tool;materials_texturing;water;geometry_mesh;pipeline_wiring,True,direct_test;module_test;live_probe,10,veilbreakers_terrain/tests/test_live_readiness_regressions.py;veilbreakers_terrain/tests/test_p13_foam_vertex_alpha.py;veilbreakers_terrain/tests/test_terrain_waterfalls.py;veilbreakers_terrain/tests/test_visual_export_runtime_helpers.py;veilbreakers_terrain/tests/test_water_network_upgrade.py;veilbreakers_terrain/tests/test_wind_waterfall_poi_phase14.py,LOW,False,
terrain_waterfalls.py,_trace_lip_contour,_trace_lip_contour,441,function,D+,GRADED,file_qualified,blender_tool;materials_texturing;water;geometry_mesh;pipeline_wiring,True,module_test;live_probe,5,veilbreakers_terrain/tests/test_live_readiness_regressions.py;veilbreakers_terrain/tests/test_p13_foam_vertex_alpha.py;veilbreakers_terrain/tests/test_terrain_waterfalls.py;veilbreakers_terrain/tests/test_visual_export_runtime_helpers.py;veilbreakers_terrain/tests/test_water_network_upgrade.py;veilbreakers_terrain/tests/test_wind_waterfall_poi_phase14.py,LOW,False,direct_behavior_test;material_texture_contract_test
terrain_waterfalls.py,_detect_cascade_chain,_detect_cascade_chain,544,function,D+,GRADED,file_qualified,blender_tool;materials_texturing;water;geometry_mesh;pipeline_wiring,True,module_test;live_probe,5,veilbreakers_terrain/tests/test_live_readiness_regressions.py;veilbreakers_terrain/tests/test_p13_foam_vertex_alpha.py;veilbreakers_terrain/tests/test_terrain_waterfalls.py;veilbreakers_terrain/tests/test_visual_export_runtime_helpers.py;veilbreakers_terrain/tests/test_water_network_upgrade.py;veilbreakers_terrain/tests/test_wind_waterfall_poi_phase14.py,LOW,False,direct_behavior_test;material_texture_contract_test
terrain_waterfalls.py,_ensure_drainage,_ensure_drainage,644,function,A,GRADED,file_qualified,blender_tool;materials_texturing;water;geometry_mesh;pipeline_wiring,True,module_test;live_probe,6,veilbreakers_terrain/tests/test_live_readiness_regressions.py;veilbreakers_terrain/tests/test_p13_foam_vertex_alpha.py;veilbreakers_terrain/tests/test_terrain_waterfalls.py;veilbreakers_terrain/tests/test_visual_export_runtime_helpers.py;veilbreakers_terrain/tests/test_water_network_upgrade.py;veilbreakers_terrain/tests/test_wind_waterfall_poi_phase14.py,LOW,False,direct_behavior_test;material_texture_contract_test
terrain_waterfalls.py,detect_waterfall_lip_candidates,detect_waterfall_lip_candidates,774,function,A,GRADED,file_qualified,blender_tool;materials_texturing;water;geometry_mesh;pipeline_wiring,True,direct_test;module_test;live_probe,10,veilbreakers_terrain/tests/test_live_readiness_regressions.py;veilbreakers_terrain/tests/test_p13_foam_vertex_alpha.py;veilbreakers_terrain/tests/test_terrain_waterfalls.py;veilbreakers_terrain/tests/test_visual_export_runtime_helpers.py;veilbreakers_terrain/tests/test_water_network_upgrade.py;veilbreakers_terrain/tests/test_wind_waterfall_poi_phase14.py,LOW,False,
terrain_waterfalls.py,solve_waterfall_from_river,solve_waterfall_from_river,893,function,A,GRADED,file_qualified,blender_tool;materials_texturing;water;geometry_mesh;pipeline_wiring,True,direct_test;module_test;live_probe,10,veilbreakers_terrain/tests/test_live_readiness_regressions.py;veilbreakers_terrain/tests/test_p13_foam_vertex_alpha.py;veilbreakers_terrain/tests/test_terrain_waterfalls.py;veilbreakers_terrain/tests/test_visual_export_runtime_helpers.py;veilbreakers_terrain/tests/test_water_network_upgrade.py;veilbreakers_terrain/tests/test_wind_waterfall_poi_phase14.py,LOW,False,
terrain_waterfalls.py,carve_impact_pool,carve_impact_pool,1094,function,A,GRADED,file_qualified,blender_tool;materials_texturing;water;geometry_mesh;pipeline_wiring,True,direct_test;module_test;live_probe,10,veilbreakers_terrain/tests/test_live_readiness_regressions.py;veilbreakers_terrain/tests/test_p13_foam_vertex_alpha.py;veilbreakers_terrain/tests/test_terrain_waterfalls.py;veilbreakers_terrain/tests/test_visual_export_runtime_helpers.py;veilbreakers_terrain/tests/test_water_network_upgrade.py;veilbreakers_terrain/tests/test_wind_waterfall_poi_phase14.py,LOW,False,
terrain_waterfalls.py,_van_rijn_pool_delta,_van_rijn_pool_delta,1138,function,A,GRADED,file_qualified,blender_tool;materials_texturing;water;geometry_mesh;pipeline_wiring,True,module_test;live_probe,6,veilbreakers_terrain/tests/test_live_readiness_regressions.py;veilbreakers_terrain/tests/test_p13_foam_vertex_alpha.py;veilbreakers_terrain/tests/test_terrain_waterfalls.py;veilbreakers_terrain/tests/test_visual_export_runtime_helpers.py;veilbreakers_terrain/tests/test_water_network_upgrade.py;veilbreakers_terrain/tests/test_wind_waterfall_poi_phase14.py,LOW,False,direct_behavior_test;material_texture_contract_test
terrain_waterfalls.py,build_outflow_channel,build_outflow_channel,1204,function,A,GRADED,file_qualified,blender_tool;materials_texturing;water;geometry_mesh;pipeline_wiring,True,direct_test;module_test;live_probe,10,veilbreakers_terrain/tests/test_live_readiness_regressions.py;veilbreakers_terrain/tests/test_p13_foam_vertex_alpha.py;veilbreakers_terrain/tests/test_terrain_waterfalls.py;veilbreakers_terrain/tests/test_visual_export_runtime_helpers.py;veilbreakers_terrain/tests/test_water_network_upgrade.py;veilbreakers_terrain/tests/test_wind_waterfall_poi_phase14.py,LOW,False,
terrain_waterfalls.py,_generate_directional_mist_zone,_generate_directional_mist_zone,1343,function,D+,GRADED,file_qualified,blender_tool;materials_texturing;water;geometry_mesh;pipeline_wiring,True,module_test;live_probe,5,veilbreakers_terrain/tests/test_live_readiness_regressions.py;veilbreakers_terrain/tests/test_p13_foam_vertex_alpha.py;veilbreakers_terrain/tests/test_terrain_waterfalls.py;veilbreakers_terrain/tests/test_visual_export_runtime_helpers.py;veilbreakers_terrain/tests/test_water_network_upgrade.py;veilbreakers_terrain/tests/test_wind_waterfall_poi_phase14.py,LOW,False,direct_behavior_test;material_texture_contract_test
terrain_waterfalls.py,_north_cw_to_east_ccw_angle,_north_cw_to_east_ccw_angle,1428,function,D+,GRADED,file_qualified,blender_tool;materials_texturing;water;geometry_mesh;pipeline_wiring,True,module_test;live_probe,5,veilbreakers_terrain/tests/test_live_readiness_regressions.py;veilbreakers_terrain/tests/test_p13_foam_vertex_alpha.py;veilbreakers_terrain/tests/test_terrain_waterfalls.py;veilbreakers_terrain/tests/test_visual_export_runtime_helpers.py;veilbreakers_terrain/tests/test_water_network_upgrade.py;veilbreakers_terrain/tests/test_wind_waterfall_poi_phase14.py,LOW,False,direct_behavior_test;material_texture_contract_test
terrain_waterfalls.py,generate_mist_zone,generate_mist_zone,1434,function,A,GRADED,file_qualified,blender_tool;materials_texturing;water;geometry_mesh;pipeline_wiring,True,direct_test;module_test;live_probe,10,veilbreakers_terrain/tests/test_live_readiness_regressions.py;veilbreakers_terrain/tests/test_p13_foam_vertex_alpha.py;veilbreakers_terrain/tests/test_terrain_waterfalls.py;veilbreakers_terrain/tests/test_visual_export_runtime_helpers.py;veilbreakers_terrain/tests/test_water_network_upgrade.py;veilbreakers_terrain/tests/test_wind_waterfall_poi_phase14.py,LOW,False,
terrain_waterfalls.py,_generate_local_waterfall_foam_mask,_generate_local_waterfall_foam_mask,1497,function,D+,GRADED,file_qualified,blender_tool;materials_texturing;water;geometry_mesh;pipeline_wiring,True,direct_test;module_test;live_probe,9,veilbreakers_terrain/tests/test_live_readiness_regressions.py;veilbreakers_terrain/tests/test_p13_foam_vertex_alpha.py;veilbreakers_terrain/tests/test_terrain_waterfalls.py;veilbreakers_terrain/tests/test_visual_export_runtime_helpers.py;veilbreakers_terrain/tests/test_water_network_upgrade.py;veilbreakers_terrain/tests/test_wind_waterfall_poi_phase14.py,LOW,False,
terrain_waterfalls.py,generate_foam_mask,generate_foam_mask,1633,function,A,GRADED,file_qualified,blender_tool;materials_texturing;water;geometry_mesh;pipeline_wiring,True,direct_test;module_test;live_probe,10,veilbreakers_terrain/tests/test_live_readiness_regressions.py;veilbreakers_terrain/tests/test_p13_foam_vertex_alpha.py;veilbreakers_terrain/tests/test_terrain_waterfalls.py;veilbreakers_terrain/tests/test_visual_export_runtime_helpers.py;veilbreakers_terrain/tests/test_water_network_upgrade.py;veilbreakers_terrain/tests/test_wind_waterfall_poi_phase14.py,LOW,False,
terrain_waterfalls.py,compute_physical_foam_composite,compute_physical_foam_composite,1664,function,A,GRADED,file_qualified,blender_tool;materials_texturing;water;geometry_mesh;pipeline_wiring,True,module_test;live_probe,6,veilbreakers_terrain/tests/test_live_readiness_regressions.py;veilbreakers_terrain/tests/test_p13_foam_vertex_alpha.py;veilbreakers_terrain/tests/test_terrain_waterfalls.py;veilbreakers_terrain/tests/test_visual_export_runtime_helpers.py;veilbreakers_terrain/tests/test_water_network_upgrade.py;veilbreakers_terrain/tests/test_wind_waterfall_poi_phase14.py,LOW,False,direct_behavior_test;material_texture_contract_test
terrain_waterfalls.py,generate_velocity_field,generate_velocity_field,1848,function,A,GRADED,file_qualified,blender_tool;materials_texturing;water;geometry_mesh;pipeline_wiring,True,direct_test;module_test;live_probe,10,veilbreakers_terrain/tests/test_live_readiness_regressions.py;veilbreakers_terrain/tests/test_p13_foam_vertex_alpha.py;veilbreakers_terrain/tests/test_terrain_waterfalls.py;veilbreakers_terrain/tests/test_visual_export_runtime_helpers.py;veilbreakers_terrain/tests/test_water_network_upgrade.py;veilbreakers_terrain/tests/test_wind_waterfall_poi_phase14.py,LOW,False,
terrain_waterfalls.py,blend_velocity_to_water_body,blend_velocity_to_water_body,1935,function,A,GRADED,file_qualified,blender_tool;materials_texturing;water;geometry_mesh;pipeline_wiring,True,direct_test;module_test;live_probe,10,veilbreakers_terrain/tests/test_live_readiness_regressions.py;veilbreakers_terrain/tests/test_p13_foam_vertex_alpha.py;veilbreakers_terrain/tests/test_terrain_waterfalls.py;veilbreakers_terrain/tests/test_visual_export_runtime_helpers.py;veilbreakers_terrain/tests/test_water_network_upgrade.py;veilbreakers_terrain/tests/test_wind_waterfall_poi_phase14.py,LOW,False,
terrain_waterfalls.py,validate_waterfall_system,validate_waterfall_system,2031,function,A,GRADED,file_qualified,blender_tool;materials_texturing;water;geometry_mesh;pipeline_wiring,True,direct_test;module_test;live_probe,10,veilbreakers_terrain/tests/test_live_readiness_regressions.py;veilbreakers_terrain/tests/test_p13_foam_vertex_alpha.py;veilbreakers_terrain/tests/test_terrain_waterfalls.py;veilbreakers_terrain/tests/test_visual_export_runtime_helpers.py;veilbreakers_terrain/tests/test_water_network_upgrade.py;veilbreakers_terrain/tests/test_wind_waterfall_poi_phase14.py,LOW,False,
terrain_waterfalls.py,validate_waterfall_volumetric,validate_waterfall_volumetric,2092,function,B,GRADED,file_qualified,blender_tool;materials_texturing;water;geometry_mesh;pipeline_wiring,True,direct_test;module_test;live_probe,9,veilbreakers_terrain/tests/test_bundle_bcd_supplements.py;veilbreakers_terrain/tests/test_live_readiness_regressions.py;veilbreakers_terrain/tests/test_p13_foam_vertex_alpha.py;veilbreakers_terrain/tests/test_terrain_waterfalls.py;veilbreakers_terrain/tests/test_visual_export_runtime_helpers.py;veilbreakers_terrain/tests/test_water_network_upgrade.py;veilbreakers_terrain/tests/test_wind_waterfall_poi_phase14.py,LOW,False,
terrain_waterfalls.py,_region_slice,_region_slice,2142,function,A-,GRADED,file_qualified,blender_tool;materials_texturing;water;geometry_mesh;pipeline_wiring,True,direct_test;module_test;live_probe,10,veilbreakers_terrain/tests/test_live_readiness_regressions.py;veilbreakers_terrain/tests/test_p13_foam_vertex_alpha.py;veilbreakers_terrain/tests/test_terrain_waterfalls.py;veilbreakers_terrain/tests/test_vegetation_depth_runtime_helpers.py;veilbreakers_terrain/tests/test_visual_export_runtime_helpers.py;veilbreakers_terrain/tests/test_water_network_upgrade.py;veilbreakers_terrain/tests/test_wind_waterfall_poi_phase14.py,LOW,False,
terrain_waterfalls.py,pass_waterfalls,pass_waterfalls,2158,function,A,GRADED,file_qualified,blender_tool;materials_texturing;water;geometry_mesh;pipeline_wiring,True,direct_test;module_test;live_probe,10,veilbreakers_terrain/tests/test_live_readiness_regressions.py;veilbreakers_terrain/tests/test_p13_foam_vertex_alpha.py;veilbreakers_terrain/tests/test_terrain_waterfalls.py;veilbreakers_terrain/tests/test_visual_export_runtime_helpers.py;veilbreakers_terrain/tests/test_water_network_upgrade.py;veilbreakers_terrain/tests/test_wind_waterfall_poi_phase14.py,LOW,False,
terrain_waterfalls.py,_build_particle_emitter_specs,_build_particle_emitter_specs,2375,function,D+,GRADED,file_qualified,blender_tool;materials_texturing;water;geometry_mesh;pipeline_wiring,True,module_test;live_probe,5,veilbreakers_terrain/tests/test_live_readiness_regressions.py;veilbreakers_terrain/tests/test_p13_foam_vertex_alpha.py;veilbreakers_terrain/tests/test_terrain_waterfalls.py;veilbreakers_terrain/tests/test_visual_export_runtime_helpers.py;veilbreakers_terrain/tests/test_water_network_upgrade.py;veilbreakers_terrain/tests/test_wind_waterfall_poi_phase14.py,LOW,False,direct_behavior_test;material_texture_contract_test
terrain_waterfalls.py,pass_emit_particle_systems,pass_emit_particle_systems,2503,function,D+,GRADED,file_qualified,blender_tool;materials_texturing;water;geometry_mesh;pipeline_wiring,True,direct_test;module_test;live_probe,9,veilbreakers_terrain/tests/test_live_readiness_regressions.py;veilbreakers_terrain/tests/test_p13_foam_vertex_alpha.py;veilbreakers_terrain/tests/test_terrain_waterfalls.py;veilbreakers_terrain/tests/test_visual_export_runtime_helpers.py;veilbreakers_terrain/tests/test_water_network_upgrade.py;veilbreakers_terrain/tests/test_wind_waterfall_poi_phase14.py,LOW,False,
terrain_waterfalls.py,register_bundle_c_passes,register_bundle_c_passes,2567,function,A-,GRADED,file_qualified,blender_tool;materials_texturing;water;geometry_mesh;pipeline_wiring,True,direct_test;module_test;live_probe,10,veilbreakers_terrain/tests/test_live_readiness_regressions.py;veilbreakers_terrain/tests/test_p13_foam_vertex_alpha.py;veilbreakers_terrain/tests/test_terrain_waterfalls.py;veilbreakers_terrain/tests/test_visual_export_runtime_helpers.py;veilbreakers_terrain/tests/test_water_network_upgrade.py;veilbreakers_terrain/tests/test_wind_waterfall_poi_phase14.py,LOW,False,
terrain_waterfalls.py,pass_waterfall_mist,pass_waterfall_mist,2634,function,A-,GRADED,file_qualified,blender_tool;materials_texturing;water;geometry_mesh;pipeline_wiring,True,direct_test;module_test;live_probe,10,veilbreakers_terrain/tests/test_live_readiness_regressions.py;veilbreakers_terrain/tests/test_p13_foam_vertex_alpha.py;veilbreakers_terrain/tests/test_terrain_waterfalls.py;veilbreakers_terrain/tests/test_visual_export_runtime_helpers.py;veilbreakers_terrain/tests/test_water_network_upgrade.py;veilbreakers_terrain/tests/test_wind_waterfall_poi_phase14.py,LOW,False,
terrain_waterfalls.py,register_bundle_c_mist_pass,register_bundle_c_mist_pass,2714,function,A-,GRADED,file_qualified,blender_tool;materials_texturing;water;geometry_mesh;pipeline_wiring,True,direct_test;module_test;live_probe,10,veilbreakers_terrain/tests/test_live_readiness_regressions.py;veilbreakers_terrain/tests/test_p13_foam_vertex_alpha.py;veilbreakers_terrain/tests/test_terrain_waterfalls.py;veilbreakers_terrain/tests/test_visual_export_runtime_helpers.py;veilbreakers_terrain/tests/test_water_network_upgrade.py;veilbreakers_terrain/tests/test_wind_waterfall_poi_phase14.py,LOW,False,
terrain_waterfalls_volumetric.py,WaterfallVolumeBounds.as_matrix_rows,as_matrix_rows,98,method,A,GRADED,file_qualified,blender_tool;camera_readability;materials_texturing;water;geometry_mesh;pipeline_wiring,True,direct_test;module_test;live_probe,10,veilbreakers_terrain/tests/test_bundle_bcd_supplements.py;veilbreakers_terrain/tests/test_visual_export_runtime_helpers.py,LOW,False,
terrain_waterfalls_volumetric.py,WaterfallVolumeBounds.volume_m3,volume_m3,106,method,A,GRADED,file_qualified,blender_tool;camera_readability;materials_texturing;water;geometry_mesh;pipeline_wiring,True,direct_test;module_test;live_probe,10,veilbreakers_terrain/tests/test_bundle_bcd_supplements.py;veilbreakers_terrain/tests/test_visual_export_runtime_helpers.py,LOW,False,
terrain_waterfalls_volumetric.py,build_waterfall_volume_bounds,build_waterfall_volume_bounds,111,function,A,GRADED,file_qualified,blender_tool;camera_readability;materials_texturing;water;geometry_mesh;pipeline_wiring,True,direct_test;module_test;live_probe,10,veilbreakers_terrain/tests/test_bundle_bcd_supplements.py;veilbreakers_terrain/tests/test_visual_export_runtime_helpers.py,LOW,False,
terrain_waterfalls_volumetric.py,build_particle_seed_zones,build_particle_seed_zones,222,function,A,GRADED,file_qualified,blender_tool;camera_readability;materials_texturing;water;geometry_mesh;pipeline_wiring,True,direct_test;module_test;live_probe,10,veilbreakers_terrain/tests/test_bundle_bcd_supplements.py;veilbreakers_terrain/tests/test_visual_export_runtime_helpers.py,LOW,False,
terrain_waterfalls_volumetric.py,WaterfallFunctionalObjects.as_list,as_list,345,method,A,GRADED,file_qualified,blender_tool;camera_readability;materials_texturing;water;geometry_mesh;pipeline_wiring,True,direct_test;module_test;live_probe,10,veilbreakers_terrain/tests/test_bundle_bcd_supplements.py;veilbreakers_terrain/tests/test_visual_export_runtime_helpers.py,LOW,False,
terrain_waterfalls_volumetric.py,build_waterfall_functional_object_names,build_waterfall_functional_object_names,369,function,A,GRADED,file_qualified,blender_tool;camera_readability;materials_texturing;water;geometry_mesh;pipeline_wiring,True,direct_test;module_test;live_probe,10,veilbreakers_terrain/tests/test_bundle_bcd_supplements.py;veilbreakers_terrain/tests/test_visual_export_runtime_helpers.py,LOW,False,
terrain_waterfalls_volumetric.py,validate_waterfall_volumetric,validate_waterfall_volumetric,392,function,A-,GRADED,file_qualified,blender_tool;camera_readability;materials_texturing;water;geometry_mesh;pipeline_wiring,True,direct_test;module_test;live_probe,10,veilbreakers_terrain/tests/test_bundle_bcd_supplements.py;veilbreakers_terrain/tests/test_visual_export_runtime_helpers.py,LOW,False,
terrain_waterfalls_volumetric.py,validate_waterfall_volume_bounds,validate_waterfall_volume_bounds,483,function,A,GRADED,file_qualified,blender_tool;camera_readability;materials_texturing;water;geometry_mesh;pipeline_wiring,True,direct_test;module_test;live_probe,10,veilbreakers_terrain/tests/test_bundle_bcd_supplements.py;veilbreakers_terrain/tests/test_visual_export_runtime_helpers.py,LOW,False,
terrain_waterfalls_volumetric.py,validate_particle_seed_zones,validate_particle_seed_zones,579,function,A,GRADED,file_qualified,blender_tool;camera_readability;materials_texturing;water;geometry_mesh;pipeline_wiring,True,direct_test;module_test;live_probe,10,veilbreakers_terrain/tests/test_bundle_bcd_supplements.py;veilbreakers_terrain/tests/test_visual_export_runtime_helpers.py,LOW,False,
terrain_waterfalls_volumetric.py,validate_waterfall_anchor_screen_space,validate_waterfall_anchor_screen_space,659,function,A,GRADED,file_qualified,blender_tool;camera_readability;materials_texturing;water;geometry_mesh;pipeline_wiring,True,direct_test;module_test;live_probe,10,veilbreakers_terrain/tests/test_bundle_bcd_supplements.py;veilbreakers_terrain/tests/test_visual_export_runtime_helpers.py,LOW,False,
terrain_waterfalls_volumetric.py,enforce_functional_object_naming,enforce_functional_object_naming,738,function,A-,GRADED,file_qualified,blender_tool;camera_readability;materials_texturing;water;geometry_mesh;pipeline_wiring,True,direct_test;module_test;live_probe,10,veilbreakers_terrain/tests/test_bundle_bcd_supplements.py;veilbreakers_terrain/tests/test_visual_export_runtime_helpers.py,LOW,False,
terrain_weathering_timeline.py,generate_weathering_timeline,generate_weathering_timeline,31,function,B+,GRADED,file_qualified,water;geometry_mesh;pipeline_wiring,False,direct_test;module_test;live_probe,10,veilbreakers_terrain/tests/test_bundle_pq.py,LOW,False,
terrain_weathering_timeline.py,apply_weathering_event,apply_weathering_event,60,function,B+,GRADED,file_qualified,water;geometry_mesh;pipeline_wiring,False,direct_test;module_test;live_probe,10,veilbreakers_terrain/tests/test_bundle_pq.py,LOW,False,
terrain_wildlife_zones.py,_window_score,_window_score,84,function,B+,GRADED,file_qualified,blender_tool;geometry_mesh;scatter_ecology;pipeline_wiring,True,module_test;live_probe,6,veilbreakers_terrain/tests/test_phase14_wave1.py;veilbreakers_terrain/tests/test_terrain_ecosystem.py,LOW,False,direct_behavior_test
terrain_wildlife_zones.py,_distance_to_mask,_distance_to_mask,96,function,B+,GRADED,file_qualified,blender_tool;geometry_mesh;scatter_ecology;pipeline_wiring,True,module_test;live_probe,6,veilbreakers_terrain/tests/test_phase14_wave1.py;veilbreakers_terrain/tests/test_terrain_ecosystem.py,LOW,False,direct_behavior_test
terrain_wildlife_zones.py,compute_wildlife_affinity,compute_wildlife_affinity,166,function,B+,GRADED,file_qualified,blender_tool;geometry_mesh;scatter_ecology;pipeline_wiring,True,direct_test;module_test;live_probe,10,veilbreakers_terrain/tests/test_phase14_wave1.py;veilbreakers_terrain/tests/test_terrain_ecosystem.py,LOW,False,
terrain_wildlife_zones.py,pass_wildlife_zones,pass_wildlife_zones,403,function,B+,GRADED,file_qualified,blender_tool;geometry_mesh;scatter_ecology;pipeline_wiring,True,direct_test;module_test;live_probe,10,veilbreakers_terrain/tests/test_phase14_wave1.py;veilbreakers_terrain/tests/test_terrain_ecosystem.py,LOW,False,
terrain_wildlife_zones.py,register_bundle_j_wildlife_zones_pass,register_bundle_j_wildlife_zones_pass,483,function,A,GRADED,file_qualified,blender_tool;geometry_mesh;scatter_ecology;pipeline_wiring,True,direct_test;module_test;live_probe,10,veilbreakers_terrain/tests/test_phase14_wave1.py;veilbreakers_terrain/tests/test_terrain_ecosystem.py,LOW,False,
terrain_wind_erosion.py,_shift_with_edge_repeat,_shift_with_edge_repeat,41,function,A,GRADED,file_qualified,geometry_mesh;pipeline_wiring,False,module_test;live_probe,6,veilbreakers_terrain/tests/test_terrain_geology.py;veilbreakers_terrain/tests/test_wind_runtime_helpers.py;veilbreakers_terrain/tests/test_wind_waterfall_poi_phase14.py,LOW,False,direct_behavior_test
terrain_wind_erosion.py,_shift_fractional_with_edge_repeat,_shift_fractional_with_edge_repeat,92,function,A,GRADED,file_qualified,geometry_mesh;pipeline_wiring,False,direct_test;module_test;live_probe,10,veilbreakers_terrain/tests/test_terrain_geology.py;veilbreakers_terrain/tests/test_wind_runtime_helpers.py;veilbreakers_terrain/tests/test_wind_waterfall_poi_phase14.py,LOW,False,
terrain_wind_erosion.py,apply_wind_erosion,apply_wind_erosion,128,function,A-,GRADED,file_qualified,geometry_mesh;pipeline_wiring,False,direct_test;module_test;live_probe,10,veilbreakers_terrain/tests/test_terrain_geology.py;veilbreakers_terrain/tests/test_wind_runtime_helpers.py;veilbreakers_terrain/tests/test_wind_waterfall_poi_phase14.py,LOW,False,
terrain_wind_erosion.py,generate_dunes,generate_dunes,241,function,B+,GRADED,file_qualified,geometry_mesh;pipeline_wiring,False,direct_test;module_test;live_probe,10,veilbreakers_terrain/tests/test_terrain_geology.py;veilbreakers_terrain/tests/test_wind_runtime_helpers.py;veilbreakers_terrain/tests/test_wind_waterfall_poi_phase14.py,LOW,False,
terrain_wind_erosion.py,pass_wind_erosion,pass_wind_erosion,398,function,B+,GRADED,file_qualified,geometry_mesh;pipeline_wiring,False,direct_test;module_test;live_probe,10,veilbreakers_terrain/tests/test_terrain_geology.py;veilbreakers_terrain/tests/test_wind_runtime_helpers.py;veilbreakers_terrain/tests/test_wind_waterfall_poi_phase14.py,LOW,False,
terrain_wind_field.py,_perlin_gradient_field,_perlin_gradient_field,25,function,A-,GRADED,file_qualified,geometry_mesh;pipeline_wiring,False,direct_test;module_test;live_probe,10,veilbreakers_terrain/tests/test_terrain_ecosystem.py;veilbreakers_terrain/tests/test_terrain_wind_field.py;veilbreakers_terrain/tests/test_wind_runtime_helpers.py;veilbreakers_terrain/tests/test_wind_waterfall_poi_phase14.py,LOW,False,
terrain_wind_field.py,_spectral_wind_noise,_spectral_wind_noise,151,function,A-,GRADED,file_qualified,geometry_mesh;pipeline_wiring,False,direct_test;module_test;live_probe,10,veilbreakers_terrain/tests/test_terrain_ecosystem.py;veilbreakers_terrain/tests/test_terrain_wind_field.py;veilbreakers_terrain/tests/test_wind_runtime_helpers.py;veilbreakers_terrain/tests/test_wind_waterfall_poi_phase14.py,LOW,False,
terrain_wind_field.py,_perlin_like_field,_perlin_like_field,205,function,B+,GRADED,file_qualified,geometry_mesh;pipeline_wiring,False,direct_test;module_test;live_probe,10,veilbreakers_terrain/tests/test_terrain_ecosystem.py;veilbreakers_terrain/tests/test_terrain_wind_field.py;veilbreakers_terrain/tests/test_wind_runtime_helpers.py;veilbreakers_terrain/tests/test_wind_waterfall_poi_phase14.py,LOW,False,
terrain_wind_field.py,compute_wind_field,compute_wind_field,224,function,B,GRADED,file_qualified,geometry_mesh;pipeline_wiring,False,direct_test;module_test;live_probe,9,veilbreakers_terrain/tests/test_terrain_ecosystem.py;veilbreakers_terrain/tests/test_terrain_wind_field.py;veilbreakers_terrain/tests/test_wind_runtime_helpers.py;veilbreakers_terrain/tests/test_wind_waterfall_poi_phase14.py,LOW,False,
terrain_wind_field.py,pass_wind_field,pass_wind_field,316,function,A,GRADED,file_qualified,geometry_mesh;pipeline_wiring,False,direct_test;module_test;live_probe,10,veilbreakers_terrain/tests/test_terrain_ecosystem.py;veilbreakers_terrain/tests/test_terrain_wind_field.py;veilbreakers_terrain/tests/test_wind_runtime_helpers.py;veilbreakers_terrain/tests/test_wind_waterfall_poi_phase14.py,LOW,False,
terrain_wind_field.py,register_bundle_j_wind_field_pass,register_bundle_j_wind_field_pass,353,function,A-,GRADED,file_qualified,geometry_mesh;pipeline_wiring,True,module_test;live_probe,6,veilbreakers_terrain/tests/test_terrain_ecosystem.py;veilbreakers_terrain/tests/test_terrain_wind_field.py;veilbreakers_terrain/tests/test_wind_runtime_helpers.py;veilbreakers_terrain/tests/test_wind_waterfall_poi_phase14.py,LOW,False,direct_behavior_test
terrain_world_math.py,theoretical_max_amplitude,theoretical_max_amplitude,20,function,A+,GRADED,file_qualified,blender_tool;visual_qa;geometry_mesh;pipeline_wiring,True,direct_test;module_test;live_probe,10,veilbreakers_terrain/tests/test_adjacent_tile_contract.py,LOW,False,
terrain_world_math.py,TileTransform.to_dict,to_dict,62,method,A,GRADED,file_qualified,blender_tool;visual_qa;geometry_mesh;pipeline_wiring,True,direct_test;module_test;live_probe,10,veilbreakers_terrain/tests/test_adjacent_tile_contract.py;veilbreakers_terrain/tests/test_terrain_advanced.py;veilbreakers_terrain/tests/test_terrain_best_practice_guardrail.py;veilbreakers_terrain/tests/test_terrain_deep_qa.py,LOW,False,
terrain_world_math.py,compute_erosion_params_for_world_range,compute_erosion_params_for_world_range,79,function,A,GRADED,file_qualified,blender_tool;visual_qa;geometry_mesh;pipeline_wiring,True,module_test;live_probe,6,veilbreakers_terrain/tests/test_adjacent_tile_contract.py,LOW,False,direct_behavior_test
vegetation_lsystem.py,expand_lsystem,expand_lsystem,200,function,A,GRADED,file_qualified,blender_tool;materials_texturing;geometry_mesh;scatter_ecology;pipeline_wiring,True,direct_test;module_test;live_probe,10,veilbreakers_terrain/tests/test_callable_evidence_bridge_vegetation.py,LOW,False,
vegetation_lsystem.py,_rotate_vector,_rotate_vector,287,function,A,GRADED,file_qualified,blender_tool;materials_texturing;geometry_mesh;scatter_ecology;pipeline_wiring,True,direct_test;module_test;live_probe,10,veilbreakers_terrain/tests/test_callable_evidence_bridge_vegetation.py,LOW,False,
vegetation_lsystem.py,_TurtleState.copy,copy,335,method,A,GRADED,file_qualified,blender_tool;materials_texturing;geometry_mesh;scatter_ecology;pipeline_wiring,True,direct_test;module_test;live_probe,10,veilbreakers_terrain/tests/integration/test_full_terrain_pipeline.py;veilbreakers_terrain/tests/test_bundle_pq.py;veilbreakers_terrain/tests/test_callable_evidence_bridge_vegetation.py;veilbreakers_terrain/tests/test_chunk_cache_math_helpers.py;veilbreakers_terrain/tests/test_delta_integrator.py;veilbreakers_terrain/tests/test_environment_analysis_runtime_helpers.py;veilbreakers_terrain/tests/test_environment_handlers.py;veilbreakers_terrain/tests/test_materials_v2_runtime_helpers.py;...(+23),LOW,False,
vegetation_lsystem.py,_reorthogonalize,_reorthogonalize,379,function,D+,GRADED,file_qualified,blender_tool;materials_texturing;geometry_mesh;scatter_ecology;pipeline_wiring,True,direct_test;module_test;live_probe,9,veilbreakers_terrain/tests/test_callable_evidence_bridge_vegetation.py,LOW,False,
vegetation_lsystem.py,interpret_lsystem,interpret_lsystem,424,function,A,GRADED,file_qualified,blender_tool;materials_texturing;geometry_mesh;scatter_ecology;pipeline_wiring,True,direct_test;module_test;live_probe,10,veilbreakers_terrain/tests/test_callable_evidence_bridge_vegetation.py,LOW,False,
vegetation_lsystem.py,_generate_cylinder_ring,_generate_cylinder_ring,685,function,A,GRADED,file_qualified,blender_tool;materials_texturing;geometry_mesh;scatter_ecology;pipeline_wiring,True,direct_test;module_test;live_probe,10,veilbreakers_terrain/tests/test_callable_evidence_bridge_vegetation.py,LOW,False,
vegetation_lsystem.py,branches_to_mesh,branches_to_mesh,742,function,A,GRADED,file_qualified,blender_tool;materials_texturing;geometry_mesh;scatter_ecology;pipeline_wiring,True,direct_test;module_test;live_probe,10,veilbreakers_terrain/tests/test_callable_evidence_bridge_vegetation.py,LOW,False,
vegetation_lsystem.py,generate_roots,generate_roots,877,function,A,GRADED,file_qualified,blender_tool;materials_texturing;geometry_mesh;scatter_ecology;pipeline_wiring,True,direct_test;module_test;live_probe,10,veilbreakers_terrain/tests/test_callable_evidence_bridge_vegetation.py,LOW,False,
vegetation_lsystem.py,generate_lsystem_tree,generate_lsystem_tree,1034,function,A,GRADED,file_qualified,blender_tool;materials_texturing;geometry_mesh;scatter_ecology;pipeline_wiring,True,direct_test;module_test;live_probe,10,veilbreakers_terrain/tests/test_callable_evidence_bridge_vegetation.py,LOW,False,
vegetation_lsystem.py,generate_leaf_cards,generate_leaf_cards,1175,function,D+,GRADED,file_qualified,blender_tool;materials_texturing;geometry_mesh;scatter_ecology;pipeline_wiring,True,direct_test;module_test;live_probe,9,veilbreakers_terrain/tests/test_callable_evidence_bridge_vegetation.py,LOW,False,
vegetation_lsystem.py,bake_wind_vertex_colors,bake_wind_vertex_colors,1314,function,A,GRADED,file_qualified,blender_tool;materials_texturing;geometry_mesh;scatter_ecology;pipeline_wiring,True,direct_test;module_test;live_probe,10,veilbreakers_terrain/tests/test_callable_evidence_bridge_vegetation.py,LOW,False,
vegetation_lsystem.py,_compute_impostor_atlas_views,_compute_impostor_atlas_views,1509,function,D+,GRADED,file_qualified,blender_tool;materials_texturing;geometry_mesh;scatter_ecology;pipeline_wiring,True,direct_test;module_test;live_probe,9,veilbreakers_terrain/tests/test_callable_evidence_bridge_vegetation.py,LOW,False,
vegetation_lsystem.py,_quad_normal,_quad_normal,1600,function,D+,GRADED,file_qualified,blender_tool;materials_texturing;geometry_mesh;scatter_ecology;pipeline_wiring,True,direct_test;module_test;live_probe,9,veilbreakers_terrain/tests/test_callable_evidence_bridge_vegetation.py,LOW,False,
vegetation_lsystem.py,generate_billboard_impostor,generate_billboard_impostor,1615,function,A,GRADED,file_qualified,blender_tool;materials_texturing;geometry_mesh;scatter_ecology;pipeline_wiring,True,direct_test;module_test;live_probe,10,veilbreakers_terrain/tests/test_callable_evidence_bridge_vegetation.py,LOW,False,
vegetation_lsystem.py,_euler_deg_to_quaternion,_euler_deg_to_quaternion,1878,function,D+,GRADED,file_qualified,blender_tool;materials_texturing;geometry_mesh;scatter_ecology;pipeline_wiring,True,direct_test;module_test;live_probe,9,veilbreakers_terrain/tests/test_callable_evidence_bridge_vegetation.py,LOW,False,
vegetation_lsystem.py,_compute_species_bounds_radius,_compute_species_bounds_radius,1918,function,D+,GRADED,file_qualified,blender_tool;materials_texturing;geometry_mesh;scatter_ecology;pipeline_wiring,True,direct_test;module_test;live_probe,9,veilbreakers_terrain/tests/test_callable_evidence_bridge_vegetation.py,LOW,False,
vegetation_lsystem.py,prepare_gpu_instancing_export,prepare_gpu_instancing_export,1950,function,A,GRADED,file_qualified,blender_tool;materials_texturing;geometry_mesh;scatter_ecology;pipeline_wiring,True,direct_test;module_test;live_probe,10,veilbreakers_terrain/tests/test_callable_evidence_bridge_vegetation.py,LOW,False,
vegetation_system.py,_max_slope_for_category,_max_slope_for_category,269,function,A,GRADED,file_qualified,blender_tool;materials_texturing;water;geometry_mesh;scatter_ecology,True,direct_test;module_test;live_probe,10,veilbreakers_terrain/tests/test_callable_evidence_bridge_vegetation.py,LOW,False,
vegetation_system.py,compute_vegetation_placement,compute_vegetation_placement,284,function,A,GRADED,file_qualified,blender_tool;materials_texturing;water;geometry_mesh;scatter_ecology,True,direct_test;module_test;live_probe,10,veilbreakers_terrain/tests/test_callable_evidence_bridge_vegetation.py,LOW,False,
vegetation_system.py,compute_wind_vertex_colors,compute_wind_vertex_colors,688,function,B+,GRADED,file_qualified,blender_tool;materials_texturing;water;geometry_mesh;scatter_ecology,True,direct_test;module_test;live_probe,10,veilbreakers_terrain/tests/test_callable_evidence_bridge_vegetation.py,LOW,False,
vegetation_system.py,get_seasonal_variant,get_seasonal_variant,770,function,B+,GRADED,file_qualified,blender_tool;materials_texturing;water;geometry_mesh;scatter_ecology,True,direct_test;module_test;live_probe,10,veilbreakers_terrain/tests/test_callable_evidence_bridge_vegetation.py,LOW,False,
vegetation_system.py,_create_biome_vegetation_template,_create_biome_vegetation_template,847,function,B+,GRADED,file_qualified,blender_tool;materials_texturing;water;geometry_mesh;scatter_ecology,True,module_test;live_probe,6,veilbreakers_terrain/tests/test_callable_evidence_bridge_vegetation.py,LOW,False,direct_behavior_test;material_texture_contract_test
vegetation_system.py,build_vegetation_placement_spec,build_vegetation_placement_spec,869,function,D+,GRADED,file_qualified,blender_tool;materials_texturing;water;geometry_mesh;scatter_ecology,True,direct_test;module_test;live_probe,9,veilbreakers_terrain/tests/test_callable_evidence_bridge_vegetation.py,LOW,False,
vegetation_system.py,build_biome_density_map,build_biome_density_map,976,function,A,GRADED,file_qualified,blender_tool;materials_texturing;water;geometry_mesh;scatter_ecology,True,direct_test;module_test;live_probe,10,veilbreakers_terrain/tests/test_callable_evidence_bridge_vegetation.py,LOW,False,
vegetation_system.py,scatter_biome_vegetation,scatter_biome_vegetation,1071,function,A,GRADED,file_qualified,blender_tool;materials_texturing;water;geometry_mesh;scatter_ecology,True,direct_test;module_test;live_probe,10,veilbreakers_terrain/tests/test_callable_evidence_bridge_vegetation.py;veilbreakers_terrain/tests/test_mcp_dispatch.py,LOW,False,
vertex_paint_live.py,_smoothstep,_smoothstep,17,function,A,GRADED,file_qualified,blender_tool,True,module_test;live_probe,6,veilbreakers_terrain/tests/test_live_tooling_runtime_helpers.py;veilbreakers_terrain/tests/test_missing_gaps.py,LOW,False,direct_behavior_test
vertex_paint_live.py,_dist3d,_dist3d,22,function,A,GRADED,file_qualified,blender_tool,True,direct_test;module_test;live_probe,10,veilbreakers_terrain/tests/test_live_tooling_runtime_helpers.py;veilbreakers_terrain/tests/test_missing_gaps.py,LOW,False,
vertex_paint_live.py,_dist2d,_dist2d,28,function,A,GRADED,file_qualified,blender_tool,True,direct_test;module_test;live_probe,10,veilbreakers_terrain/tests/test_live_tooling_runtime_helpers.py;veilbreakers_terrain/tests/test_missing_gaps.py,LOW,False,
vertex_paint_live.py,_falloff_weight,_falloff_weight,32,function,A-,GRADED,file_qualified,blender_tool,True,direct_test;module_test;live_probe,10,veilbreakers_terrain/tests/test_live_tooling_runtime_helpers.py;veilbreakers_terrain/tests/test_missing_gaps.py,LOW,False,
vertex_paint_live.py,compute_paint_weights,compute_paint_weights,62,function,B+,GRADED,file_qualified,blender_tool,True,direct_test;module_test;live_probe,10,veilbreakers_terrain/tests/test_live_tooling_runtime_helpers.py;veilbreakers_terrain/tests/test_missing_gaps.py,LOW,False,
vertex_paint_live.py,compute_paint_weights_uv,compute_paint_weights_uv,116,function,B+,GRADED,file_qualified,blender_tool,True,direct_test;module_test;live_probe,10,veilbreakers_terrain/tests/test_live_tooling_runtime_helpers.py;veilbreakers_terrain/tests/test_missing_gaps.py,LOW,False,
vertex_paint_live.py,blend_colors,blend_colors,168,function,B+,GRADED,file_qualified,blender_tool,True,direct_test;module_test;live_probe,10,veilbreakers_terrain/tests/test_live_tooling_runtime_helpers.py;veilbreakers_terrain/tests/test_missing_gaps.py,LOW,False,
vertex_paint_live.py,blend_colors_array,blend_colors_array,228,function,A-,GRADED,file_qualified,blender_tool,True,direct_test;module_test;live_probe,10,veilbreakers_terrain/tests/test_live_tooling_runtime_helpers.py;veilbreakers_terrain/tests/test_missing_gaps.py,LOW,False,
weathering.py,_stage_weight,_stage_weight,116,function,A,GRADED,file_qualified,materials_texturing;water;geometry_mesh,False,module_test;live_probe,6,veilbreakers_terrain/tests/test_performance_optimization.py,LOW,False,direct_behavior_test;material_texture_contract_test
weathering.py,_compute_bounding_box,_compute_bounding_box,144,function,A,GRADED,file_qualified,materials_texturing;water;geometry_mesh,False,direct_test;module_test;live_probe,10,veilbreakers_terrain/tests/test_performance_optimization.py,LOW,False,
weathering.py,_compute_edge_convexity,_compute_edge_convexity,172,function,A-,GRADED,file_qualified,materials_texturing;water;geometry_mesh,False,module_test;live_probe,6,veilbreakers_terrain/tests/test_performance_optimization.py,LOW,False,direct_behavior_test;material_texture_contract_test
weathering.py,_compute_slope_aspect,_compute_slope_aspect,205,function,A,GRADED,file_qualified,materials_texturing;water;geometry_mesh,False,module_test;live_probe,6,veilbreakers_terrain/tests/test_performance_optimization.py,LOW,False,direct_behavior_test;material_texture_contract_test
weathering.py,_smooth_channel,_smooth_channel,230,function,A,GRADED,file_qualified,materials_texturing;water;geometry_mesh,False,module_test;live_probe,6,veilbreakers_terrain/tests/test_performance_optimization.py,LOW,False,direct_behavior_test;material_texture_contract_test
weathering.py,compute_weathered_vertex_colors,compute_weathered_vertex_colors,300,function,A,GRADED,file_qualified,materials_texturing;water;geometry_mesh,False,direct_test;module_test;live_probe,10,veilbreakers_terrain/tests/test_performance_optimization.py,LOW,False,
weathering.py,apply_structural_settling,apply_structural_settling,469,function,A,GRADED,file_qualified,materials_texturing;water;geometry_mesh,False,direct_test;module_test;live_probe,10,veilbreakers_terrain/tests/test_performance_optimization.py,LOW,False,
world_map.py,_dist2d,_dist2d,298,function,A,GRADED,file_qualified,blender_tool;materials_texturing;geometry_mesh;scatter_ecology,True,direct_test;module_test;live_probe,10,veilbreakers_terrain/tests/test_live_tooling_runtime_helpers.py;veilbreakers_terrain/tests/test_world_map_light_atmosphere.py,LOW,False,
world_map.py,_nearest_region,_nearest_region,302,function,A-,GRADED,file_qualified,blender_tool;materials_texturing;geometry_mesh;scatter_ecology,True,direct_test;module_test;live_probe,10,veilbreakers_terrain/tests/test_live_tooling_runtime_helpers.py;veilbreakers_terrain/tests/test_world_map_light_atmosphere.py,LOW,False,
world_map.py,_place_seed_points,_place_seed_points,316,function,A-,GRADED,file_qualified,blender_tool;materials_texturing;geometry_mesh;scatter_ecology,True,direct_test;module_test;live_probe,10,veilbreakers_terrain/tests/test_live_tooling_runtime_helpers.py;veilbreakers_terrain/tests/test_world_map_light_atmosphere.py,LOW,False,
world_map.py,_compute_voronoi_bounds,_compute_voronoi_bounds,343,function,A-,GRADED,file_qualified,blender_tool;materials_texturing;geometry_mesh;scatter_ecology,True,direct_test;module_test;live_probe,10,veilbreakers_terrain/tests/test_live_tooling_runtime_helpers.py;veilbreakers_terrain/tests/test_world_map_light_atmosphere.py,LOW,False,
world_map.py,_build_connections,_build_connections,422,function,A-,GRADED,file_qualified,blender_tool;materials_texturing;geometry_mesh;scatter_ecology,True,direct_test;module_test;live_probe,10,veilbreakers_terrain/tests/test_live_tooling_runtime_helpers.py;veilbreakers_terrain/tests/test_world_map_light_atmosphere.py,LOW,False,
world_map.py,generate_world_map,generate_world_map,495,function,B+,GRADED,file_qualified,blender_tool;materials_texturing;geometry_mesh;scatter_ecology,True,direct_test;module_test;live_probe,10,veilbreakers_terrain/tests/test_live_tooling_runtime_helpers.py;veilbreakers_terrain/tests/test_world_map_light_atmosphere.py,LOW,False,
world_map.py,world_map_to_dict,world_map_to_dict,578,function,A,GRADED,file_qualified,blender_tool;materials_texturing;geometry_mesh;scatter_ecology,True,direct_test;module_test;live_probe,10,veilbreakers_terrain/tests/test_live_tooling_runtime_helpers.py;veilbreakers_terrain/tests/test_world_map_light_atmosphere.py,LOW,False,
world_map.py,place_landmarks,place_landmarks,618,function,B+,GRADED,file_qualified,blender_tool;materials_texturing;geometry_mesh;scatter_ecology,True,direct_test;module_test;live_probe,10,veilbreakers_terrain/tests/test_live_tooling_runtime_helpers.py;veilbreakers_terrain/tests/test_world_map_light_atmosphere.py,LOW,False,
world_map.py,generate_storytelling_scene,generate_storytelling_scene,671,function,B+,GRADED,file_qualified,blender_tool;materials_texturing;geometry_mesh;scatter_ecology,True,direct_test;module_test;live_probe,10,veilbreakers_terrain/tests/test_live_tooling_runtime_helpers.py;veilbreakers_terrain/tests/test_world_map_light_atmosphere.py,LOW,False,
