File,Qualified Name,Function,Line,Kind,Scope,R12 Domain,Research Refs,Best Practice Baseline,R12 Strict Grade,R12 Remediation,Wiring Status,R12 Findings
veilbreakers_terrain/handlers/terrain_blender_safety.py,convert_y_up_to_z_up._mat_mul,_mat_mul,126,nested_function,runtime_handler,generic,UE_PCG|FASTNOISELITE,"Prove runtime relevance, deterministic behavior, direct tests, caller wiring, typed contracts, and no dead/orphan code before claiming generator quality.",C,ADD_DIRECT_TESTS,helper_reachable,"Runtime path exists, but direct test evidence is missing. Structural/helper callable: cannot exceed C+ without direct contract tests and parent-surface proof."
veilbreakers_terrain/handlers/terrain_blender_safety.py,guard_z_up,guard_z_up,182,function,runtime_handler,generic,UE_PCG|FASTNOISELITE,"Prove runtime relevance, deterministic behavior, direct tests, caller wiring, typed contracts, and no dead/orphan code before claiming generator quality.",D+,WIRE_OR_DEPRECATE,orphan_candidate,Wiring scan marks this as orphan_candidate. Structural/helper callable: cannot exceed C+ without direct contract tests and parent-surface proof.
veilbreakers_terrain/handlers/terrain_blender_safety.py,guard_z_up.wrapper,wrapper,186,nested_function,runtime_handler,generic,UE_PCG|FASTNOISELITE,"Prove runtime relevance, deterministic behavior, direct tests, caller wiring, typed contracts, and no dead/orphan code before claiming generator quality.",D+,WIRE_OR_DEPRECATE,orphan_candidate,Wiring scan marks this as orphan_candidate. Structural/helper callable: cannot exceed C+ without direct contract tests and parent-surface proof.
veilbreakers_terrain/handlers/terrain_blender_safety.py,assert_boolean_safe,assert_boolean_safe,225,function,runtime_handler,generic,UE_PCG|FASTNOISELITE,"Prove runtime relevance, deterministic behavior, direct tests, caller wiring, typed contracts, and no dead/orphan code before claiming generator quality.",C+,PROVE_PARENT_CONTRACT_OR_INLINE,helper_reachable,"Runtime/test evidence exists, but strict AAA evidence is incomplete. Structural/helper callable: cannot exceed C+ without direct contract tests and parent-surface proof."
veilbreakers_terrain/handlers/terrain_blender_safety.py,decimate_to_safe_count,decimate_to_safe_count,244,function,runtime_handler,generic,UE_PCG|FASTNOISELITE,"Prove runtime relevance, deterministic behavior, direct tests, caller wiring, typed contracts, and no dead/orphan code before claiming generator quality.",C+,PROVE_PARENT_CONTRACT_OR_INLINE,helper_reachable,"Runtime/test evidence exists, but strict AAA evidence is incomplete. Structural/helper callable: cannot exceed C+ without direct contract tests and parent-surface proof."
veilbreakers_terrain/handlers/terrain_blender_safety.py,recommend_boolean_solver,recommend_boolean_solver,260,function,runtime_handler,generic,UE_PCG|FASTNOISELITE,"Prove runtime relevance, deterministic behavior, direct tests, caller wiring, typed contracts, and no dead/orphan code before claiming generator quality.",C+,PROVE_PARENT_CONTRACT_OR_INLINE,helper_reachable,"Runtime/test evidence exists, but strict AAA evidence is incomplete. Structural/helper callable: cannot exceed C+ without direct contract tests and parent-surface proof."
veilbreakers_terrain/handlers/terrain_blender_safety.py,import_retired_model_provider_glb_serialized,import_retired_model_provider_glb_serialized,339,function,runtime_handler,generic,UE_PCG|FASTNOISELITE,"Prove runtime relevance, deterministic behavior, direct tests, caller wiring, typed contracts, and no dead/orphan code before claiming generator quality.",C,WIRE_OR_DEPRECATE,test_only_or_unwired,Wiring scan status is test_only_or_unwired; production path is not proven. Structural/helper callable: cannot exceed C+ without direct contract tests and parent-surface proof.
veilbreakers_terrain/handlers/terrain_blender_safety.py,get_retired_model_provider_import_log,get_retired_model_provider_import_log,375,function,runtime_handler,generic,UE_PCG|FASTNOISELITE,"Prove runtime relevance, deterministic behavior, direct tests, caller wiring, typed contracts, and no dead/orphan code before claiming generator quality.",C,WIRE_OR_DEPRECATE,test_only_or_unwired,Wiring scan status is test_only_or_unwired; production path is not proven. Structural/helper callable: cannot exceed C+ without direct contract tests and parent-surface proof.
veilbreakers_terrain/handlers/terrain_blender_safety.py,clear_retired_model_provider_import_log,clear_retired_model_provider_import_log,380,function,runtime_handler,generic,UE_PCG|FASTNOISELITE,"Prove runtime relevance, deterministic behavior, direct tests, caller wiring, typed contracts, and no dead/orphan code before claiming generator quality.",C,WIRE_OR_DEPRECATE,test_only_or_unwired,Wiring scan status is test_only_or_unwired; production path is not proven. Structural/helper callable: cannot exceed C+ without direct contract tests and parent-surface proof.
veilbreakers_terrain/handlers/terrain_budget_enforcer.py,BudgetReport,BudgetReport,59,class,runtime_handler,generic,UE_PCG|FASTNOISELITE,"Prove runtime relevance, deterministic behavior, direct tests, caller wiring, typed contracts, and no dead/orphan code before claiming generator quality.",D+,WIRE_OR_DEPRECATE,missing_wiring_row,No callable-wiring row; runtime path is unproven. Structural/helper callable: cannot exceed C+ without direct contract tests and parent-surface proof.
veilbreakers_terrain/handlers/terrain_budget_enforcer.py,BudgetReport.as_dict,as_dict,115,method,runtime_handler,generic,UE_PCG|FASTNOISELITE,"Prove runtime relevance, deterministic behavior, direct tests, caller wiring, typed contracts, and no dead/orphan code before claiming generator quality.",C+,PROVE_PARENT_CONTRACT_OR_INLINE,helper_reachable,"Runtime/test evidence exists, but strict AAA evidence is incomplete. Structural/helper callable: cannot exceed C+ without direct contract tests and parent-surface proof."
veilbreakers_terrain/handlers/terrain_budget_enforcer.py,TerrainBudget,TerrainBudget,146,class,runtime_handler,generic,UE_PCG|FASTNOISELITE,"Prove runtime relevance, deterministic behavior, direct tests, caller wiring, typed contracts, and no dead/orphan code before claiming generator quality.",D+,WIRE_OR_DEPRECATE,missing_wiring_row,No callable-wiring row; runtime path is unproven. Structural/helper callable: cannot exceed C+ without direct contract tests and parent-surface proof.
veilbreakers_terrain/handlers/terrain_budget_enforcer.py,resolve_budget,resolve_budget,174,function,runtime_handler,generic,UE_PCG|FASTNOISELITE,"Prove runtime relevance, deterministic behavior, direct tests, caller wiring, typed contracts, and no dead/orphan code before claiming generator quality.",C+,PROVE_PARENT_CONTRACT_OR_INLINE,helper_reachable,"Runtime/test evidence exists, but strict AAA evidence is incomplete. Structural/helper callable: cannot exceed C+ without direct contract tests and parent-surface proof."
veilbreakers_terrain/handlers/terrain_budget_enforcer.py,_km2_from_stack,_km2_from_stack,217,function,runtime_handler,generic,UE_PCG|FASTNOISELITE,"Prove runtime relevance, deterministic behavior, direct tests, caller wiring, typed contracts, and no dead/orphan code before claiming generator quality.",C,ADD_DIRECT_TESTS,helper_reachable,"Runtime path exists, but direct test evidence is missing. Structural/helper callable: cannot exceed C+ without direct contract tests and parent-surface proof."
veilbreakers_terrain/handlers/terrain_budget_enforcer.py,_count_unique_materials,_count_unique_materials,223,function,runtime_handler,generic,UE_PCG|FASTNOISELITE,"Prove runtime relevance, deterministic behavior, direct tests, caller wiring, typed contracts, and no dead/orphan code before claiming generator quality.",C,ADD_DIRECT_TESTS,helper_reachable,"Runtime path exists, but direct test evidence is missing. Structural/helper callable: cannot exceed C+ without direct contract tests and parent-surface proof."
veilbreakers_terrain/handlers/terrain_budget_enforcer.py,_estimate_tri_count,_estimate_tri_count,319,function,runtime_handler,generic,UE_PCG|FASTNOISELITE,"Prove runtime relevance, deterministic behavior, direct tests, caller wiring, typed contracts, and no dead/orphan code before claiming generator quality.",D+,WIRE_OR_DEPRECATE,orphan_candidate,Wiring scan marks this as orphan_candidate. Structural/helper callable: cannot exceed C+ without direct contract tests and parent-surface proof.
veilbreakers_terrain/handlers/terrain_budget_enforcer.py,_estimate_npz_mb,_estimate_npz_mb,324,function,runtime_handler,generic,UE_PCG|FASTNOISELITE,"Prove runtime relevance, deterministic behavior, direct tests, caller wiring, typed contracts, and no dead/orphan code before claiming generator quality.",C,ADD_DIRECT_TESTS,helper_reachable,"Runtime path exists, but direct test evidence is missing. Structural/helper callable: cannot exceed C+ without direct contract tests and parent-surface proof."
veilbreakers_terrain/handlers/terrain_budget_enforcer.py,compute_tile_budget_usage,compute_tile_budget_usage,335,function,runtime_handler,generic,UE_PCG|FASTNOISELITE,"Prove runtime relevance, deterministic behavior, direct tests, caller wiring, typed contracts, and no dead/orphan code before claiming generator quality.",C+,REVIEW_FOR_B,helper_reachable,"Runtime/test evidence exists, but strict AAA evidence is incomplete."
veilbreakers_terrain/handlers/terrain_budget_enforcer.py,compute_budget_report,compute_budget_report,464,function,runtime_handler,generic,UE_PCG|FASTNOISELITE,"Prove runtime relevance, deterministic behavior, direct tests, caller wiring, typed contracts, and no dead/orphan code before claiming generator quality.",C,ADD_DIRECT_TESTS,helper_reachable,"Runtime path exists, but direct test evidence is missing."
veilbreakers_terrain/handlers/terrain_budget_enforcer.py,_issue_for,_issue_for,532,function,runtime_handler,generic,UE_PCG|FASTNOISELITE,"Prove runtime relevance, deterministic behavior, direct tests, caller wiring, typed contracts, and no dead/orphan code before claiming generator quality.",C,ADD_DIRECT_TESTS,helper_reachable,"Runtime path exists, but direct test evidence is missing. Structural/helper callable: cannot exceed C+ without direct contract tests and parent-surface proof."
veilbreakers_terrain/handlers/terrain_budget_enforcer.py,enforce_budget,enforce_budget,562,function,runtime_handler,generic,UE_PCG|FASTNOISELITE,"Prove runtime relevance, deterministic behavior, direct tests, caller wiring, typed contracts, and no dead/orphan code before claiming generator quality.",C+,REVIEW_FOR_B,helper_reachable,"Runtime/test evidence exists, but strict AAA evidence is incomplete."
veilbreakers_terrain/handlers/terrain_bundle_j.py,register_bundle_j_passes,register_bundle_j_passes,49,function,runtime_handler,generic,UE_PCG|FASTNOISELITE,"Prove runtime relevance, deterministic behavior, direct tests, caller wiring, typed contracts, and no dead/orphan code before claiming generator quality.",C+,REVIEW_FOR_B,runtime_primary,"Runtime/test evidence exists, but strict AAA evidence is incomplete."
veilbreakers_terrain/handlers/terrain_bundle_k.py,register_bundle_k_passes,register_bundle_k_passes,40,function,runtime_handler,generic,UE_PCG|FASTNOISELITE,"Prove runtime relevance, deterministic behavior, direct tests, caller wiring, typed contracts, and no dead/orphan code before claiming generator quality.",C+,REVIEW_FOR_B,runtime_primary,"Runtime/test evidence exists, but strict AAA evidence is incomplete."
veilbreakers_terrain/handlers/terrain_bundle_l.py,register_bundle_l_passes,register_bundle_l_passes,30,function,runtime_handler,generic,UE_PCG|FASTNOISELITE,"Prove runtime relevance, deterministic behavior, direct tests, caller wiring, typed contracts, and no dead/orphan code before claiming generator quality.",C+,REVIEW_FOR_B,runtime_primary,"Runtime/test evidence exists, but strict AAA evidence is incomplete."
veilbreakers_terrain/handlers/terrain_bundle_n.py,get_bundle_n_runtime_contract,get_bundle_n_runtime_contract,65,function,runtime_handler,generic,UE_PCG|FASTNOISELITE,"Prove runtime relevance, deterministic behavior, direct tests, caller wiring, typed contracts, and no dead/orphan code before claiming generator quality.",C,ADD_DIRECT_TESTS,helper_reachable,"Runtime path exists, but direct test evidence is missing. Structural/helper callable: cannot exceed C+ without direct contract tests and parent-surface proof."
veilbreakers_terrain/handlers/terrain_bundle_n.py,_runtime_options,_runtime_options,80,function,runtime_handler,generic,UE_PCG|FASTNOISELITE,"Prove runtime relevance, deterministic behavior, direct tests, caller wiring, typed contracts, and no dead/orphan code before claiming generator quality.",C,ADD_DIRECT_TESTS,helper_reachable,"Runtime path exists, but direct test evidence is missing. Structural/helper callable: cannot exceed C+ without direct contract tests and parent-surface proof."
veilbreakers_terrain/handlers/terrain_bundle_n.py,_determinism_runs,_determinism_runs,88,function,runtime_handler,generic,UE_PCG|FASTNOISELITE,"Prove runtime relevance, deterministic behavior, direct tests, caller wiring, typed contracts, and no dead/orphan code before claiming generator quality.",C,ADD_DIRECT_TESTS,helper_reachable,"Runtime path exists, but direct test evidence is missing. Structural/helper callable: cannot exceed C+ without direct contract tests and parent-surface proof."
veilbreakers_terrain/handlers/terrain_bundle_n.py,bundle_n_runtime_requests_determinism,bundle_n_runtime_requests_determinism,101,function,runtime_handler,generic,UE_PCG|FASTNOISELITE,"Prove runtime relevance, deterministic behavior, direct tests, caller wiring, typed contracts, and no dead/orphan code before claiming generator quality.",C,ADD_DIRECT_TESTS,helper_reachable,"Runtime path exists, but direct test evidence is missing."
veilbreakers_terrain/handlers/terrain_bundle_n.py,_skip_runtime_hooks,_skip_runtime_hooks,107,function,runtime_handler,generic,UE_PCG|FASTNOISELITE,"Prove runtime relevance, deterministic behavior, direct tests, caller wiring, typed contracts, and no dead/orphan code before claiming generator quality.",C,ADD_DIRECT_TESTS,helper_reachable,"Runtime path exists, but direct test evidence is missing. Structural/helper callable: cannot exceed C+ without direct contract tests and parent-surface proof."
veilbreakers_terrain/handlers/terrain_bundle_n.py,_attach_issues,_attach_issues,130,function,runtime_handler,generic,UE_PCG|FASTNOISELITE,"Prove runtime relevance, deterministic behavior, direct tests, caller wiring, typed contracts, and no dead/orphan code before claiming generator quality.",C,ADD_DIRECT_TESTS,helper_reachable,"Runtime path exists, but direct test evidence is missing. Structural/helper callable: cannot exceed C+ without direct contract tests and parent-surface proof."
veilbreakers_terrain/handlers/terrain_bundle_n.py,_merge_bundle_n_metrics,_merge_bundle_n_metrics,141,function,runtime_handler,generic,UE_PCG|FASTNOISELITE,"Prove runtime relevance, deterministic behavior, direct tests, caller wiring, typed contracts, and no dead/orphan code before claiming generator quality.",C,ADD_DIRECT_TESTS,helper_reachable,"Runtime path exists, but direct test evidence is missing. Structural/helper callable: cannot exceed C+ without direct contract tests and parent-surface proof."
veilbreakers_terrain/handlers/terrain_bundle_n.py,_review_findings_from_intent,_review_findings_from_intent,149,function,runtime_handler,generic,UE_PCG|FASTNOISELITE,"Prove runtime relevance, deterministic behavior, direct tests, caller wiring, typed contracts, and no dead/orphan code before claiming generator quality.",C,ADD_DIRECT_TESTS,helper_reachable,"Runtime path exists, but direct test evidence is missing. Structural/helper callable: cannot exceed C+ without direct contract tests and parent-surface proof."
veilbreakers_terrain/handlers/terrain_bundle_n.py,_validation_issue_from_review_payload,_validation_issue_from_review_payload,197,function,runtime_handler,generic,UE_PCG|FASTNOISELITE,"Prove runtime relevance, deterministic behavior, direct tests, caller wiring, typed contracts, and no dead/orphan code before claiming generator quality.",C,ADD_DIRECT_TESTS,helper_reachable,"Runtime path exists, but direct test evidence is missing. Structural/helper callable: cannot exceed C+ without direct contract tests and parent-surface proof."
veilbreakers_terrain/handlers/terrain_bundle_n.py,_default_snapshot_id,_default_snapshot_id,224,function,runtime_handler,generic,UE_PCG|FASTNOISELITE,"Prove runtime relevance, deterministic behavior, direct tests, caller wiring, typed contracts, and no dead/orphan code before claiming generator quality.",C,ADD_DIRECT_TESTS,helper_reachable,"Runtime path exists, but direct test evidence is missing. Structural/helper callable: cannot exceed C+ without direct contract tests and parent-surface proof."
veilbreakers_terrain/handlers/terrain_bundle_n.py,register_bundle_n_passes,register_bundle_n_passes,231,function,runtime_handler,generic,UE_PCG|FASTNOISELITE,"Prove runtime relevance, deterministic behavior, direct tests, caller wiring, typed contracts, and no dead/orphan code before claiming generator quality.",C+,REVIEW_FOR_B,runtime_primary,"Runtime/test evidence exists, but strict AAA evidence is incomplete."
veilbreakers_terrain/handlers/terrain_bundle_o.py,register_bundle_o_passes,register_bundle_o_passes,19,function,runtime_handler,generic,UE_PCG|FASTNOISELITE,"Prove runtime relevance, deterministic behavior, direct tests, caller wiring, typed contracts, and no dead/orphan code before claiming generator quality.",C+,REVIEW_FOR_B,runtime_primary,"Runtime/test evidence exists, but strict AAA evidence is incomplete."
veilbreakers_terrain/handlers/terrain_caves.py,compute_speleothem_growth,compute_speleothem_growth,259,function,runtime_handler,generic,UE_PCG|FASTNOISELITE,"Prove runtime relevance, deterministic behavior, direct tests, caller wiring, typed contracts, and no dead/orphan code before claiming generator quality.",C,ADD_DIRECT_TESTS,helper_reachable,"Runtime path exists, but direct test evidence is missing."
veilbreakers_terrain/handlers/terrain_caves.py,CaveArchetype,CaveArchetype,474,class,runtime_handler,generic,UE_PCG|FASTNOISELITE,"Prove runtime relevance, deterministic behavior, direct tests, caller wiring, typed contracts, and no dead/orphan code before claiming generator quality.",D+,WIRE_OR_DEPRECATE,missing_wiring_row,No callable-wiring row; runtime path is unproven. Structural/helper callable: cannot exceed C+ without direct contract tests and parent-surface proof.
veilbreakers_terrain/handlers/terrain_caves.py,CaveArchetypeSpec,CaveArchetypeSpec,497,class,runtime_handler,generic,UE_PCG|FASTNOISELITE,"Prove runtime relevance, deterministic behavior, direct tests, caller wiring, typed contracts, and no dead/orphan code before claiming generator quality.",D+,WIRE_OR_DEPRECATE,missing_wiring_row,No callable-wiring row; runtime path is unproven. Structural/helper callable: cannot exceed C+ without direct contract tests and parent-surface proof.
veilbreakers_terrain/handlers/terrain_caves.py,make_archetype_spec,make_archetype_spec,579,function,runtime_handler,generic,UE_PCG|FASTNOISELITE,"Prove runtime relevance, deterministic behavior, direct tests, caller wiring, typed contracts, and no dead/orphan code before claiming generator quality.",C+,REVIEW_FOR_B,helper_reachable,"Runtime/test evidence exists, but strict AAA evidence is incomplete."
veilbreakers_terrain/handlers/terrain_caves.py,CaveStructure,CaveStructure,595,class,runtime_handler,generic,UE_PCG|FASTNOISELITE,"Prove runtime relevance, deterministic behavior, direct tests, caller wiring, typed contracts, and no dead/orphan code before claiming generator quality.",D+,WIRE_OR_DEPRECATE,missing_wiring_row,No callable-wiring row; runtime path is unproven. Structural/helper callable: cannot exceed C+ without direct contract tests and parent-surface proof.
veilbreakers_terrain/handlers/terrain_caves.py,_region_to_slice,_region_to_slice,684,function,runtime_handler,generic,UE_PCG|FASTNOISELITE,"Prove runtime relevance, deterministic behavior, direct tests, caller wiring, typed contracts, and no dead/orphan code before claiming generator quality.",C,ADD_DIRECT_TESTS,helper_reachable,"Runtime path exists, but direct test evidence is missing. Structural/helper callable: cannot exceed C+ without direct contract tests and parent-surface proof."
veilbreakers_terrain/handlers/terrain_caves.py,_protected_mask_for_caves,_protected_mask_for_caves,695,function,runtime_handler,generic,UE_PCG|FASTNOISELITE,"Prove runtime relevance, deterministic behavior, direct tests, caller wiring, typed contracts, and no dead/orphan code before claiming generator quality.",C,ADD_DIRECT_TESTS,helper_reachable,"Runtime path exists, but direct test evidence is missing. Structural/helper callable: cannot exceed C+ without direct contract tests and parent-surface proof."
veilbreakers_terrain/handlers/terrain_caves.py,pick_cave_archetype,pick_cave_archetype,771,function,runtime_handler,generic,UE_PCG|FASTNOISELITE,"Prove runtime relevance, deterministic behavior, direct tests, caller wiring, typed contracts, and no dead/orphan code before claiming generator quality.",C+,REVIEW_FOR_B,helper_reachable,"Runtime/test evidence exists, but strict AAA evidence is incomplete."
veilbreakers_terrain/handlers/terrain_caves.py,pick_cave_archetype._sample,_sample,829,nested_function,runtime_handler,generic,UE_PCG|FASTNOISELITE,"Prove runtime relevance, deterministic behavior, direct tests, caller wiring, typed contracts, and no dead/orphan code before claiming generator quality.",C,ADD_DIRECT_TESTS,helper_reachable,"Runtime path exists, but direct test evidence is missing. Structural/helper callable: cannot exceed C+ without direct contract tests and parent-surface proof."
veilbreakers_terrain/handlers/terrain_caves.py,build_mountainside_overhang,build_mountainside_overhang,1138,function,runtime_handler,generic,UE_PCG|FASTNOISELITE,"Prove runtime relevance, deterministic behavior, direct tests, caller wiring, typed contracts, and no dead/orphan code before claiming generator quality.",C,ADD_DIRECT_TESTS,helper_reachable,"Runtime path exists, but direct test evidence is missing."
veilbreakers_terrain/handlers/terrain_caves.py,build_cave_mouth_surround,build_cave_mouth_surround,1352,function,runtime_handler,generic,UE_PCG|FASTNOISELITE,"Prove runtime relevance, deterministic behavior, direct tests, caller wiring, typed contracts, and no dead/orphan code before claiming generator quality.",C,ADD_DIRECT_TESTS,helper_reachable,"Runtime path exists, but direct test evidence is missing."
veilbreakers_terrain/handlers/terrain_caves.py,_build_cave_entry_mesh_specs,_build_cave_entry_mesh_specs,1450,function,runtime_handler,generic,UE_PCG|FASTNOISELITE,"Prove runtime relevance, deterministic behavior, direct tests, caller wiring, typed contracts, and no dead/orphan code before claiming generator quality.",C,ADD_DIRECT_TESTS,helper_reachable,"Runtime path exists, but direct test evidence is missing. Structural/helper callable: cannot exceed C+ without direct contract tests and parent-surface proof."
veilbreakers_terrain/handlers/terrain_caves.py,carve_cave_volume,carve_cave_volume,1920,function,runtime_handler,generic,UE_PCG|FASTNOISELITE,"Prove runtime relevance, deterministic behavior, direct tests, caller wiring, typed contracts, and no dead/orphan code before claiming generator quality.",C+,REVIEW_FOR_B,helper_reachable,"Runtime/test evidence exists, but strict AAA evidence is incomplete."
veilbreakers_terrain/handlers/terrain_caves.py,build_cave_entrance_frame,build_cave_entrance_frame,2240,function,runtime_handler,generic,UE_PCG|FASTNOISELITE,"Prove runtime relevance, deterministic behavior, direct tests, caller wiring, typed contracts, and no dead/orphan code before claiming generator quality.",C+,REVIEW_FOR_B,helper_reachable,"Runtime/test evidence exists, but strict AAA evidence is incomplete."
veilbreakers_terrain/handlers/terrain_caves.py,_generate_speleothem_pairs,_generate_speleothem_pairs,2461,function,runtime_handler,generic,UE_PCG|FASTNOISELITE,"Prove runtime relevance, deterministic behavior, direct tests, caller wiring, typed contracts, and no dead/orphan code before claiming generator quality.",C,ADD_DIRECT_TESTS,helper_reachable,"Runtime path exists, but direct test evidence is missing. Structural/helper callable: cannot exceed C+ without direct contract tests and parent-surface proof."
veilbreakers_terrain/handlers/terrain_caves.py,_generate_speleothem_pairs._dreybrodt,_dreybrodt,2534,nested_function,runtime_handler,generic,UE_PCG|FASTNOISELITE,"Prove runtime relevance, deterministic behavior, direct tests, caller wiring, typed contracts, and no dead/orphan code before claiming generator quality.",C,ADD_DIRECT_TESTS,helper_reachable,"Runtime path exists, but direct test evidence is missing. Structural/helper callable: cannot exceed C+ without direct contract tests and parent-surface proof."
veilbreakers_terrain/handlers/terrain_caves.py,enforce_cave_navigation_clearance,enforce_cave_navigation_clearance,2604,function,runtime_handler,generic,UE_PCG|FASTNOISELITE,"Prove runtime relevance, deterministic behavior, direct tests, caller wiring, typed contracts, and no dead/orphan code before claiming generator quality.",C,ADD_DIRECT_TESTS,helper_reachable,"Runtime path exists, but direct test evidence is missing."
veilbreakers_terrain/handlers/terrain_caves.py,enforce_cave_navigation_clearance._corridor_z,_corridor_z,2649,nested_function,runtime_handler,generic,UE_PCG|FASTNOISELITE,"Prove runtime relevance, deterministic behavior, direct tests, caller wiring, typed contracts, and no dead/orphan code before claiming generator quality.",C,ADD_DIRECT_TESTS,helper_reachable,"Runtime path exists, but direct test evidence is missing. Structural/helper callable: cannot exceed C+ without direct contract tests and parent-surface proof."
veilbreakers_terrain/handlers/terrain_caves.py,_generate_mineral_deposits,_generate_mineral_deposits,2912,function,runtime_handler,generic,UE_PCG|FASTNOISELITE,"Prove runtime relevance, deterministic behavior, direct tests, caller wiring, typed contracts, and no dead/orphan code before claiming generator quality.",C,ADD_DIRECT_TESTS,helper_reachable,"Runtime path exists, but direct test evidence is missing. Structural/helper callable: cannot exceed C+ without direct contract tests and parent-surface proof."
veilbreakers_terrain/handlers/terrain_caves.py,_generate_cave_pools,_generate_cave_pools,3017,function,runtime_handler,generic,UE_PCG|FASTNOISELITE,"Prove runtime relevance, deterministic behavior, direct tests, caller wiring, typed contracts, and no dead/orphan code before claiming generator quality.",C,ADD_DIRECT_TESTS,helper_reachable,"Runtime path exists, but direct test evidence is missing. Structural/helper callable: cannot exceed C+ without direct contract tests and parent-surface proof."
veilbreakers_terrain/handlers/terrain_caves.py,_generate_drip_channels,_generate_drip_channels,3192,function,runtime_handler,generic,UE_PCG|FASTNOISELITE,"Prove runtime relevance, deterministic behavior, direct tests, caller wiring, typed contracts, and no dead/orphan code before claiming generator quality.",C,ADD_DIRECT_TESTS,helper_reachable,"Runtime path exists, but direct test evidence is missing. Structural/helper callable: cannot exceed C+ without direct contract tests and parent-surface proof."
veilbreakers_terrain/handlers/terrain_caves.py,generate_damp_mask,generate_damp_mask,3304,function,runtime_handler,generic,UE_PCG|FASTNOISELITE,"Prove runtime relevance, deterministic behavior, direct tests, caller wiring, typed contracts, and no dead/orphan code before claiming generator quality.",C+,REVIEW_FOR_B,helper_reachable,"Runtime/test evidence exists, but strict AAA evidence is incomplete."
veilbreakers_terrain/handlers/terrain_caves.py,_find_entrance_candidates,_find_entrance_candidates,3426,function,runtime_handler,generic,UE_PCG|FASTNOISELITE,"Prove runtime relevance, deterministic behavior, direct tests, caller wiring, typed contracts, and no dead/orphan code before claiming generator quality.",C+,PROVE_PARENT_CONTRACT_OR_INLINE,helper_reachable,"Runtime/test evidence exists, but strict AAA evidence is incomplete. Structural/helper callable: cannot exceed C+ without direct contract tests and parent-surface proof."
veilbreakers_terrain/handlers/terrain_caves.py,_find_entrance_candidates._neighbourhood_slice,_neighbourhood_slice,3570,nested_function,runtime_handler,generic,UE_PCG|FASTNOISELITE,"Prove runtime relevance, deterministic behavior, direct tests, caller wiring, typed contracts, and no dead/orphan code before claiming generator quality.",C,ADD_DIRECT_TESTS,helper_reachable,"Runtime path exists, but direct test evidence is missing. Structural/helper callable: cannot exceed C+ without direct contract tests and parent-surface proof."
veilbreakers_terrain/handlers/terrain_caves.py,_find_entrance_candidates._score_or_reject,_score_or_reject,3577,nested_function,runtime_handler,generic,UE_PCG|FASTNOISELITE,"Prove runtime relevance, deterministic behavior, direct tests, caller wiring, typed contracts, and no dead/orphan code before claiming generator quality.",C,ADD_DIRECT_TESTS,helper_reachable,"Runtime path exists, but direct test evidence is missing. Structural/helper callable: cannot exceed C+ without direct contract tests and parent-surface proof."
veilbreakers_terrain/handlers/terrain_caves.py,pass_caves,pass_caves,3625,function,runtime_handler,generic,UE_PCG|FASTNOISELITE,"Prove runtime relevance, deterministic behavior, direct tests, caller wiring, typed contracts, and no dead/orphan code before claiming generator quality.",C+,REVIEW_FOR_B,runtime_primary,"Runtime/test evidence exists, but strict AAA evidence is incomplete."
veilbreakers_terrain/handlers/terrain_caves.py,register_bundle_f_passes,register_bundle_f_passes,3940,function,runtime_handler,generic,UE_PCG|FASTNOISELITE,"Prove runtime relevance, deterministic behavior, direct tests, caller wiring, typed contracts, and no dead/orphan code before claiming generator quality.",C+,REVIEW_FOR_B,runtime_primary,"Runtime/test evidence exists, but strict AAA evidence is incomplete."
veilbreakers_terrain/handlers/terrain_caves.py,get_cave_entrance_specs,get_cave_entrance_specs,3970,function,runtime_handler,generic,UE_PCG|FASTNOISELITE,"Prove runtime relevance, deterministic behavior, direct tests, caller wiring, typed contracts, and no dead/orphan code before claiming generator quality.",C,ADD_DIRECT_TESTS,helper_reachable,"Runtime path exists, but direct test evidence is missing. Structural/helper callable: cannot exceed C+ without direct contract tests and parent-surface proof."
veilbreakers_terrain/handlers/terrain_caves.py,_build_synthetic_state,_build_synthetic_state,4044,function,runtime_handler,generic,UE_PCG|FASTNOISELITE,"Prove runtime relevance, deterministic behavior, direct tests, caller wiring, typed contracts, and no dead/orphan code before claiming generator quality.",C,ADD_DIRECT_TESTS,helper_reachable,"Runtime path exists, but direct test evidence is missing. Structural/helper callable: cannot exceed C+ without direct contract tests and parent-surface proof."
veilbreakers_terrain/handlers/terrain_caves.py,_cone_verts_faces,_cone_verts_faces,4165,function,runtime_handler,generic,UE_PCG|FASTNOISELITE,"Prove runtime relevance, deterministic behavior, direct tests, caller wiring, typed contracts, and no dead/orphan code before claiming generator quality.",C,ADD_DIRECT_TESTS,helper_reachable,"Runtime path exists, but direct test evidence is missing. Structural/helper callable: cannot exceed C+ without direct contract tests and parent-surface proof."
veilbreakers_terrain/handlers/terrain_caves.py,_face_normal,_face_normal,4213,function,runtime_handler,generic,UE_PCG|FASTNOISELITE,"Prove runtime relevance, deterministic behavior, direct tests, caller wiring, typed contracts, and no dead/orphan code before claiming generator quality.",C+,PROVE_PARENT_CONTRACT_OR_INLINE,helper_reachable,"Runtime/test evidence exists, but strict AAA evidence is incomplete. Structural/helper callable: cannot exceed C+ without direct contract tests and parent-surface proof."
veilbreakers_terrain/handlers/terrain_caves.py,_build_chamber_mesh_geometry,_build_chamber_mesh_geometry,4251,function,runtime_handler,generic,UE_PCG|FASTNOISELITE,"Prove runtime relevance, deterministic behavior, direct tests, caller wiring, typed contracts, and no dead/orphan code before claiming generator quality.",C,ADD_DIRECT_TESTS,helper_reachable,"Runtime path exists, but direct test evidence is missing. Structural/helper callable: cannot exceed C+ without direct contract tests and parent-surface proof."
veilbreakers_terrain/handlers/terrain_caves.py,_build_chamber_mesh_geometry._add_vert,_add_vert,4338,nested_function,runtime_handler,generic,UE_PCG|FASTNOISELITE,"Prove runtime relevance, deterministic behavior, direct tests, caller wiring, typed contracts, and no dead/orphan code before claiming generator quality.",C,ADD_DIRECT_TESTS,helper_reachable,"Runtime path exists, but direct test evidence is missing. Structural/helper callable: cannot exceed C+ without direct contract tests and parent-surface proof."
veilbreakers_terrain/handlers/terrain_caves.py,_build_chamber_mesh_geometry._dreybrodt_dims,_dreybrodt_dims,4503,nested_function,runtime_handler,generic,UE_PCG|FASTNOISELITE,"Prove runtime relevance, deterministic behavior, direct tests, caller wiring, typed contracts, and no dead/orphan code before claiming generator quality.",C,ADD_DIRECT_TESTS,helper_reachable,"Runtime path exists, but direct test evidence is missing. Structural/helper callable: cannot exceed C+ without direct contract tests and parent-surface proof."
veilbreakers_terrain/handlers/terrain_caves.py,_build_chamber_mesh,_build_chamber_mesh,4696,function,runtime_handler,generic,UE_PCG|FASTNOISELITE,"Prove runtime relevance, deterministic behavior, direct tests, caller wiring, typed contracts, and no dead/orphan code before claiming generator quality.",C,ADD_DIRECT_TESTS,helper_reachable,"Runtime path exists, but direct test evidence is missing. Structural/helper callable: cannot exceed C+ without direct contract tests and parent-surface proof."
veilbreakers_terrain/handlers/terrain_caves.py,_bezier_cubic,_bezier_cubic,4785,function,runtime_handler,generic,UE_PCG|FASTNOISELITE,"Prove runtime relevance, deterministic behavior, direct tests, caller wiring, typed contracts, and no dead/orphan code before claiming generator quality.",C,ADD_DIRECT_TESTS,helper_reachable,"Runtime path exists, but direct test evidence is missing. Structural/helper callable: cannot exceed C+ without direct contract tests and parent-surface proof."
veilbreakers_terrain/handlers/terrain_caves.py,_build_bezier_tunnel_geometry,_build_bezier_tunnel_geometry,4804,function,runtime_handler,generic,UE_PCG|FASTNOISELITE,"Prove runtime relevance, deterministic behavior, direct tests, caller wiring, typed contracts, and no dead/orphan code before claiming generator quality.",C,ADD_DIRECT_TESTS,helper_reachable,"Runtime path exists, but direct test evidence is missing. Structural/helper callable: cannot exceed C+ without direct contract tests and parent-surface proof."
veilbreakers_terrain/handlers/terrain_caves.py,handle_generate_cave,handle_generate_cave,4907,function,runtime_handler,generic,UE_PCG|FASTNOISELITE,"Prove runtime relevance, deterministic behavior, direct tests, caller wiring, typed contracts, and no dead/orphan code before claiming generator quality.",C+,REVIEW_FOR_B,runtime_primary,"Runtime/test evidence exists, but strict AAA evidence is incomplete."
veilbreakers_terrain/handlers/terrain_checkpoints.py,_atomic_npz_write,_atomic_npz_write,63,function,runtime_handler,generic,UE_PCG|FASTNOISELITE,"Prove runtime relevance, deterministic behavior, direct tests, caller wiring, typed contracts, and no dead/orphan code before claiming generator quality.",C+,PROVE_PARENT_CONTRACT_OR_INLINE,helper_reachable,"Runtime/test evidence exists, but strict AAA evidence is incomplete. Structural/helper callable: cannot exceed C+ without direct contract tests and parent-surface proof."
veilbreakers_terrain/handlers/terrain_checkpoints.py,save_checkpoint,save_checkpoint,105,function,runtime_handler,generic,UE_PCG|FASTNOISELITE,"Prove runtime relevance, deterministic behavior, direct tests, caller wiring, typed contracts, and no dead/orphan code before claiming generator quality.",C+,REVIEW_FOR_B,helper_reachable,"Runtime/test evidence exists, but strict AAA evidence is incomplete."
veilbreakers_terrain/handlers/terrain_checkpoints.py,rollback_last_checkpoint,rollback_last_checkpoint,167,function,runtime_handler,generic,UE_PCG|FASTNOISELITE,"Prove runtime relevance, deterministic behavior, direct tests, caller wiring, typed contracts, and no dead/orphan code before claiming generator quality.",C+,REVIEW_FOR_B,helper_reachable,"Runtime/test evidence exists, but strict AAA evidence is incomplete."
veilbreakers_terrain/handlers/terrain_checkpoints.py,rollback_to,rollback_to,175,function,runtime_handler,generic,UE_PCG|FASTNOISELITE,"Prove runtime relevance, deterministic behavior, direct tests, caller wiring, typed contracts, and no dead/orphan code before claiming generator quality.",C+,REVIEW_FOR_B,helper_reachable,"Runtime/test evidence exists, but strict AAA evidence is incomplete."
veilbreakers_terrain/handlers/terrain_checkpoints.py,list_checkpoints,list_checkpoints,182,function,runtime_handler,generic,UE_PCG|FASTNOISELITE,"Prove runtime relevance, deterministic behavior, direct tests, caller wiring, typed contracts, and no dead/orphan code before claiming generator quality.",C,WIRE_OR_DEPRECATE,test_only_or_unwired,Wiring scan status is test_only_or_unwired; production path is not proven.
veilbreakers_terrain/handlers/terrain_checkpoints.py,_serialize_value,_serialize_value,221,function,runtime_handler,generic,UE_PCG|FASTNOISELITE,"Prove runtime relevance, deterministic behavior, direct tests, caller wiring, typed contracts, and no dead/orphan code before claiming generator quality.",C+,PROVE_PARENT_CONTRACT_OR_INLINE,helper_reachable,"Runtime/test evidence exists, but strict AAA evidence is incomplete. Structural/helper callable: cannot exceed C+ without direct contract tests and parent-surface proof."
veilbreakers_terrain/handlers/terrain_checkpoints.py,_deserialize_value,_deserialize_value,253,function,runtime_handler,generic,UE_PCG|FASTNOISELITE,"Prove runtime relevance, deterministic behavior, direct tests, caller wiring, typed contracts, and no dead/orphan code before claiming generator quality.",C+,PROVE_PARENT_CONTRACT_OR_INLINE,helper_reachable,"Runtime/test evidence exists, but strict AAA evidence is incomplete. Structural/helper callable: cannot exceed C+ without direct contract tests and parent-surface proof."
veilbreakers_terrain/handlers/terrain_checkpoints.py,_intent_to_dict,_intent_to_dict,275,function,runtime_handler,generic,UE_PCG|FASTNOISELITE,"Prove runtime relevance, deterministic behavior, direct tests, caller wiring, typed contracts, and no dead/orphan code before claiming generator quality.",C,ADD_DIRECT_TESTS,helper_reachable,"Runtime path exists, but direct test evidence is missing. Structural/helper callable: cannot exceed C+ without direct contract tests and parent-surface proof."
veilbreakers_terrain/handlers/terrain_checkpoints.py,_intent_from_dict,_intent_from_dict,346,function,runtime_handler,generic,UE_PCG|FASTNOISELITE,"Prove runtime relevance, deterministic behavior, direct tests, caller wiring, typed contracts, and no dead/orphan code before claiming generator quality.",C,ADD_DIRECT_TESTS,helper_reachable,"Runtime path exists, but direct test evidence is missing. Structural/helper callable: cannot exceed C+ without direct contract tests and parent-surface proof."
veilbreakers_terrain/handlers/terrain_checkpoints.py,save_preset,save_preset,450,function,runtime_handler,generic,UE_PCG|FASTNOISELITE,"Prove runtime relevance, deterministic behavior, direct tests, caller wiring, typed contracts, and no dead/orphan code before claiming generator quality.",C,WIRE_OR_DEPRECATE,test_only_or_unwired,Wiring scan status is test_only_or_unwired; production path is not proven.
veilbreakers_terrain/handlers/terrain_checkpoints.py,restore_preset,restore_preset,501,function,runtime_handler,generic,UE_PCG|FASTNOISELITE,"Prove runtime relevance, deterministic behavior, direct tests, caller wiring, typed contracts, and no dead/orphan code before claiming generator quality.",C,WIRE_OR_DEPRECATE,test_only_or_unwired,Wiring scan status is test_only_or_unwired; production path is not proven.
veilbreakers_terrain/handlers/terrain_checkpoints.py,autosave_after_pass,autosave_after_pass,554,function,runtime_handler,generic,UE_PCG|FASTNOISELITE,"Prove runtime relevance, deterministic behavior, direct tests, caller wiring, typed contracts, and no dead/orphan code before claiming generator quality.",C,WIRE_OR_DEPRECATE,test_only_or_unwired,Wiring scan status is test_only_or_unwired; production path is not proven.
veilbreakers_terrain/handlers/terrain_checkpoints_ext.py,PresetLocked,PresetLocked,31,class,runtime_handler,generic,UE_PCG|FASTNOISELITE,"Prove runtime relevance, deterministic behavior, direct tests, caller wiring, typed contracts, and no dead/orphan code before claiming generator quality.",D+,WIRE_OR_DEPRECATE,missing_wiring_row,No callable-wiring row; runtime path is unproven. Structural/helper callable: cannot exceed C+ without direct contract tests and parent-surface proof.
veilbreakers_terrain/handlers/terrain_checkpoints_ext.py,lock_preset,lock_preset,38,function,runtime_handler,generic,UE_PCG|FASTNOISELITE,"Prove runtime relevance, deterministic behavior, direct tests, caller wiring, typed contracts, and no dead/orphan code before claiming generator quality.",C,WIRE_OR_DEPRECATE,test_only_or_unwired,Wiring scan status is test_only_or_unwired; production path is not proven.
veilbreakers_terrain/handlers/terrain_checkpoints_ext.py,unlock_preset,unlock_preset,43,function,runtime_handler,generic,UE_PCG|FASTNOISELITE,"Prove runtime relevance, deterministic behavior, direct tests, caller wiring, typed contracts, and no dead/orphan code before claiming generator quality.",C,WIRE_OR_DEPRECATE,test_only_or_unwired,Wiring scan status is test_only_or_unwired; production path is not proven.
veilbreakers_terrain/handlers/terrain_checkpoints_ext.py,is_preset_locked,is_preset_locked,48,function,runtime_handler,generic,UE_PCG|FASTNOISELITE,"Prove runtime relevance, deterministic behavior, direct tests, caller wiring, typed contracts, and no dead/orphan code before claiming generator quality.",C+,REVIEW_FOR_B,helper_reachable,"Runtime/test evidence exists, but strict AAA evidence is incomplete."
veilbreakers_terrain/handlers/terrain_checkpoints_ext.py,assert_preset_unlocked,assert_preset_unlocked,52,function,runtime_handler,generic,UE_PCG|FASTNOISELITE,"Prove runtime relevance, deterministic behavior, direct tests, caller wiring, typed contracts, and no dead/orphan code before claiming generator quality.",C,WIRE_OR_DEPRECATE,test_only_or_unwired,Wiring scan status is test_only_or_unwired; production path is not proven.
veilbreakers_terrain/handlers/terrain_checkpoints_ext.py,save_every_n_operations,save_every_n_operations,63,function,runtime_handler,generic,UE_PCG|FASTNOISELITE,"Prove runtime relevance, deterministic behavior, direct tests, caller wiring, typed contracts, and no dead/orphan code before claiming generator quality.",C,WIRE_OR_DEPRECATE,test_only_or_unwired,Wiring scan status is test_only_or_unwired; production path is not proven.
veilbreakers_terrain/handlers/terrain_checkpoints_ext.py,save_every_n_operations._atomic_npz_save,_atomic_npz_save,95,nested_function,runtime_handler,generic,UE_PCG|FASTNOISELITE,"Prove runtime relevance, deterministic behavior, direct tests, caller wiring, typed contracts, and no dead/orphan code before claiming generator quality.",C,ADD_DIRECT_TESTS,helper_reachable,"Runtime path exists, but direct test evidence is missing. Structural/helper callable: cannot exceed C+ without direct contract tests and parent-surface proof."
veilbreakers_terrain/handlers/terrain_checkpoints_ext.py,save_every_n_operations.wrapped,wrapped,187,nested_function,runtime_handler,generic,UE_PCG|FASTNOISELITE,"Prove runtime relevance, deterministic behavior, direct tests, caller wiring, typed contracts, and no dead/orphan code before claiming generator quality.",D+,WIRE_OR_DEPRECATE,orphan_candidate,Wiring scan marks this as orphan_candidate. Structural/helper callable: cannot exceed C+ without direct contract tests and parent-surface proof.
veilbreakers_terrain/handlers/terrain_checkpoints_ext.py,save_every_n_operations.unpatch,unpatch,214,nested_function,runtime_handler,generic,UE_PCG|FASTNOISELITE,"Prove runtime relevance, deterministic behavior, direct tests, caller wiring, typed contracts, and no dead/orphan code before claiming generator quality.",C,WIRE_OR_DEPRECATE,test_only_or_unwired,Wiring scan status is test_only_or_unwired; production path is not proven. Structural/helper callable: cannot exceed C+ without direct contract tests and parent-surface proof.
veilbreakers_terrain/handlers/terrain_checkpoints_ext.py,_sanitize,_sanitize,229,function,runtime_handler,generic,UE_PCG|FASTNOISELITE,"Prove runtime relevance, deterministic behavior, direct tests, caller wiring, typed contracts, and no dead/orphan code before claiming generator quality.",C,ADD_DIRECT_TESTS,helper_reachable,"Runtime path exists, but direct test evidence is missing. Structural/helper callable: cannot exceed C+ without direct contract tests and parent-surface proof."
veilbreakers_terrain/handlers/terrain_checkpoints_ext.py,generate_checkpoint_filename,generate_checkpoint_filename,233,function,runtime_handler,generic,UE_PCG|FASTNOISELITE,"Prove runtime relevance, deterministic behavior, direct tests, caller wiring, typed contracts, and no dead/orphan code before claiming generator quality.",C,WIRE_OR_DEPRECATE,test_only_or_unwired,Wiring scan status is test_only_or_unwired; production path is not proven.
veilbreakers_terrain/handlers/terrain_checkpoints_ext.py,_day_key,_day_key,255,function,runtime_handler,generic,UE_PCG|FASTNOISELITE,"Prove runtime relevance, deterministic behavior, direct tests, caller wiring, typed contracts, and no dead/orphan code before claiming generator quality.",C+,PROVE_PARENT_CONTRACT_OR_INLINE,helper_reachable,"Runtime/test evidence exists, but strict AAA evidence is incomplete. Structural/helper callable: cannot exceed C+ without direct contract tests and parent-surface proof."
veilbreakers_terrain/handlers/terrain_checkpoints_ext.py,_week_key,_week_key,261,function,runtime_handler,generic,UE_PCG|FASTNOISELITE,"Prove runtime relevance, deterministic behavior, direct tests, caller wiring, typed contracts, and no dead/orphan code before claiming generator quality.",C+,PROVE_PARENT_CONTRACT_OR_INLINE,helper_reachable,"Runtime/test evidence exists, but strict AAA evidence is incomplete. Structural/helper callable: cannot exceed C+ without direct contract tests and parent-surface proof."
veilbreakers_terrain/handlers/terrain_checkpoints_ext.py,enforce_retention_policy,enforce_retention_policy,268,function,runtime_handler,generic,UE_PCG|FASTNOISELITE,"Prove runtime relevance, deterministic behavior, direct tests, caller wiring, typed contracts, and no dead/orphan code before claiming generator quality.",C,WIRE_OR_DEPRECATE,test_only_or_unwired,Wiring scan status is test_only_or_unwired; production path is not proven.
veilbreakers_terrain/handlers/terrain_checkpoints_ext.py,enforce_retention_policy._is_checkpoint,_is_checkpoint,293,nested_function,runtime_handler,generic,UE_PCG|FASTNOISELITE,"Prove runtime relevance, deterministic behavior, direct tests, caller wiring, typed contracts, and no dead/orphan code before claiming generator quality.",C,ADD_DIRECT_TESTS,helper_reachable,"Runtime path exists, but direct test evidence is missing. Structural/helper callable: cannot exceed C+ without direct contract tests and parent-surface proof."
veilbreakers_terrain/handlers/terrain_chunking.py,compute_terrain_chunks,compute_terrain_chunks,244,function,runtime_handler,generic,UE_PCG|FASTNOISELITE,"Prove runtime relevance, deterministic behavior, direct tests, caller wiring, typed contracts, and no dead/orphan code before claiming generator quality.",C,WIRE_OR_DEPRECATE,test_only_or_unwired,Wiring scan status is test_only_or_unwired; production path is not proven.
veilbreakers_terrain/handlers/terrain_chunking.py,build_tile_seam_contract,build_tile_seam_contract,507,function,runtime_handler,generic,UE_PCG|FASTNOISELITE,"Prove runtime relevance, deterministic behavior, direct tests, caller wiring, typed contracts, and no dead/orphan code before claiming generator quality.",C+,REVIEW_FOR_B,helper_reachable,"Runtime/test evidence exists, but strict AAA evidence is incomplete."
veilbreakers_terrain/handlers/terrain_chunking.py,_blend_locked_edges,_blend_locked_edges,592,function,runtime_handler,generic,UE_PCG|FASTNOISELITE,"Prove runtime relevance, deterministic behavior, direct tests, caller wiring, typed contracts, and no dead/orphan code before claiming generator quality.",C+,PROVE_PARENT_CONTRACT_OR_INLINE,helper_reachable,"Runtime/test evidence exists, but strict AAA evidence is incomplete. Structural/helper callable: cannot exceed C+ without direct contract tests and parent-surface proof."
veilbreakers_terrain/handlers/terrain_chunking.py,apply_seam_boundary_conditions,apply_seam_boundary_conditions,650,function,runtime_handler,generic,UE_PCG|FASTNOISELITE,"Prove runtime relevance, deterministic behavior, direct tests, caller wiring, typed contracts, and no dead/orphan code before claiming generator quality.",C+,REVIEW_FOR_B,helper_reachable,"Runtime/test evidence exists, but strict AAA evidence is incomplete."
veilbreakers_terrain/handlers/terrain_chunking.py,build_tile_batch_manifest,build_tile_batch_manifest,740,function,runtime_handler,generic,UE_PCG|FASTNOISELITE,"Prove runtime relevance, deterministic behavior, direct tests, caller wiring, typed contracts, and no dead/orphan code before claiming generator quality.",C+,REVIEW_FOR_B,helper_reachable,"Runtime/test evidence exists, but strict AAA evidence is incomplete."
veilbreakers_terrain/handlers/terrain_chunking.py,_empty_metadata,_empty_metadata,1020,function,runtime_handler,generic,UE_PCG|FASTNOISELITE,"Prove runtime relevance, deterministic behavior, direct tests, caller wiring, typed contracts, and no dead/orphan code before claiming generator quality.",C,ADD_DIRECT_TESTS,helper_reachable,"Runtime path exists, but direct test evidence is missing. Structural/helper callable: cannot exceed C+ without direct contract tests and parent-surface proof."
veilbreakers_terrain/handlers/terrain_chunking.py,_coerce_jsonable_edge_samples,_coerce_jsonable_edge_samples,1036,function,runtime_handler,generic,UE_PCG|FASTNOISELITE,"Prove runtime relevance, deterministic behavior, direct tests, caller wiring, typed contracts, and no dead/orphan code before claiming generator quality.",C+,PROVE_PARENT_CONTRACT_OR_INLINE,helper_reachable,"Runtime/test evidence exists, but strict AAA evidence is incomplete. Structural/helper callable: cannot exceed C+ without direct contract tests and parent-surface proof."
veilbreakers_terrain/handlers/terrain_chunking.py,_hash_edge_samples,_hash_edge_samples,1045,function,runtime_handler,generic,UE_PCG|FASTNOISELITE,"Prove runtime relevance, deterministic behavior, direct tests, caller wiring, typed contracts, and no dead/orphan code before claiming generator quality.",C+,PROVE_PARENT_CONTRACT_OR_INLINE,helper_reachable,"Runtime/test evidence exists, but strict AAA evidence is incomplete. Structural/helper callable: cannot exceed C+ without direct contract tests and parent-surface proof."
veilbreakers_terrain/handlers/terrain_chunking.py,_compute_tile_contracts,_compute_tile_contracts,1070,function,runtime_handler,generic,UE_PCG|FASTNOISELITE,"Prove runtime relevance, deterministic behavior, direct tests, caller wiring, typed contracts, and no dead/orphan code before claiming generator quality.",C+,PROVE_PARENT_CONTRACT_OR_INLINE,helper_reachable,"Runtime/test evidence exists, but strict AAA evidence is incomplete. Structural/helper callable: cannot exceed C+ without direct contract tests and parent-surface proof."
veilbreakers_terrain/handlers/terrain_cliffs.py,StrataLayer,StrataLayer,93,class,runtime_handler,generic,UE_PCG|FASTNOISELITE,"Prove runtime relevance, deterministic behavior, direct tests, caller wiring, typed contracts, and no dead/orphan code before claiming generator quality.",D+,WIRE_OR_DEPRECATE,missing_wiring_row,No callable-wiring row; runtime path is unproven. Structural/helper callable: cannot exceed C+ without direct contract tests and parent-surface proof.
veilbreakers_terrain/handlers/terrain_cliffs.py,TalusField,TalusField,119,class,runtime_handler,generic,UE_PCG|FASTNOISELITE,"Prove runtime relevance, deterministic behavior, direct tests, caller wiring, typed contracts, and no dead/orphan code before claiming generator quality.",D+,WIRE_OR_DEPRECATE,missing_wiring_row,No callable-wiring row; runtime path is unproven. Structural/helper callable: cannot exceed C+ without direct contract tests and parent-surface proof.
veilbreakers_terrain/handlers/terrain_cliffs.py,CliffStructure,CliffStructure,140,class,runtime_handler,generic,UE_PCG|FASTNOISELITE,"Prove runtime relevance, deterministic behavior, direct tests, caller wiring, typed contracts, and no dead/orphan code before claiming generator quality.",D+,WIRE_OR_DEPRECATE,missing_wiring_row,No callable-wiring row; runtime path is unproven. Structural/helper callable: cannot exceed C+ without direct contract tests and parent-surface proof.
veilbreakers_terrain/handlers/terrain_cliffs.py,_smooth_contour_gaussian,_smooth_contour_gaussian,186,function,runtime_handler,generic,UE_PCG|FASTNOISELITE,"Prove runtime relevance, deterministic behavior, direct tests, caller wiring, typed contracts, and no dead/orphan code before claiming generator quality.",C,ADD_DIRECT_TESTS,helper_reachable,"Runtime path exists, but direct test evidence is missing. Structural/helper callable: cannot exceed C+ without direct contract tests and parent-surface proof."
veilbreakers_terrain/handlers/terrain_cliffs.py,_fit_bspline_contour,_fit_bspline_contour,236,function,runtime_handler,generic,UE_PCG|FASTNOISELITE,"Prove runtime relevance, deterministic behavior, direct tests, caller wiring, typed contracts, and no dead/orphan code before claiming generator quality.",C,ADD_DIRECT_TESTS,helper_reachable,"Runtime path exists, but direct test evidence is missing. Structural/helper callable: cannot exceed C+ without direct contract tests and parent-surface proof."
veilbreakers_terrain/handlers/terrain_cliffs.py,_moore_contour_all_components,_moore_contour_all_components,413,function,runtime_handler,generic,UE_PCG|FASTNOISELITE,"Prove runtime relevance, deterministic behavior, direct tests, caller wiring, typed contracts, and no dead/orphan code before claiming generator quality.",C,ADD_DIRECT_TESTS,helper_reachable,"Runtime path exists, but direct test evidence is missing. Structural/helper callable: cannot exceed C+ without direct contract tests and parent-surface proof."
veilbreakers_terrain/handlers/terrain_cliffs.py,_trace_moore_boundary,_trace_moore_boundary,439,function,runtime_handler,generic,UE_PCG|FASTNOISELITE,"Prove runtime relevance, deterministic behavior, direct tests, caller wiring, typed contracts, and no dead/orphan code before claiming generator quality.",C,ADD_DIRECT_TESTS,helper_reachable,"Runtime path exists, but direct test evidence is missing. Structural/helper callable: cannot exceed C+ without direct contract tests and parent-surface proof."
veilbreakers_terrain/handlers/terrain_cliffs.py,_trace_moore_boundary._backtrack_dir,_backtrack_dir,464,nested_function,runtime_handler,generic,UE_PCG|FASTNOISELITE,"Prove runtime relevance, deterministic behavior, direct tests, caller wiring, typed contracts, and no dead/orphan code before claiming generator quality.",C,ADD_DIRECT_TESTS,helper_reachable,"Runtime path exists, but direct test evidence is missing. Structural/helper callable: cannot exceed C+ without direct contract tests and parent-surface proof."
veilbreakers_terrain/handlers/terrain_cliffs.py,_label_connected_components,_label_connected_components,505,function,runtime_handler,generic,UE_PCG|FASTNOISELITE,"Prove runtime relevance, deterministic behavior, direct tests, caller wiring, typed contracts, and no dead/orphan code before claiming generator quality.",C,ADD_DIRECT_TESTS,helper_reachable,"Runtime path exists, but direct test evidence is missing. Structural/helper callable: cannot exceed C+ without direct contract tests and parent-surface proof."
veilbreakers_terrain/handlers/terrain_cliffs.py,_build_strata_layers,_build_strata_layers,587,function,runtime_handler,generic,UE_PCG|FASTNOISELITE,"Prove runtime relevance, deterministic behavior, direct tests, caller wiring, typed contracts, and no dead/orphan code before claiming generator quality.",C,ADD_DIRECT_TESTS,helper_reachable,"Runtime path exists, but direct test evidence is missing. Structural/helper callable: cannot exceed C+ without direct contract tests and parent-surface proof."
veilbreakers_terrain/handlers/terrain_cliffs.py,_region_to_slice,_region_to_slice,1003,function,runtime_handler,generic,UE_PCG|FASTNOISELITE,"Prove runtime relevance, deterministic behavior, direct tests, caller wiring, typed contracts, and no dead/orphan code before claiming generator quality.",C,ADD_DIRECT_TESTS,helper_reachable,"Runtime path exists, but direct test evidence is missing. Structural/helper callable: cannot exceed C+ without direct contract tests and parent-surface proof."
veilbreakers_terrain/handlers/terrain_cliffs.py,_extract_lip_polyline,_extract_lip_polyline,1041,function,runtime_handler,generic,UE_PCG|FASTNOISELITE,"Prove runtime relevance, deterministic behavior, direct tests, caller wiring, typed contracts, and no dead/orphan code before claiming generator quality.",C,ADD_DIRECT_TESTS,helper_reachable,"Runtime path exists, but direct test evidence is missing. Structural/helper callable: cannot exceed C+ without direct contract tests and parent-surface proof."
veilbreakers_terrain/handlers/terrain_cliffs.py,_postprocess_lip_polyline,_postprocess_lip_polyline,1064,function,runtime_handler,generic,UE_PCG|FASTNOISELITE,"Prove runtime relevance, deterministic behavior, direct tests, caller wiring, typed contracts, and no dead/orphan code before claiming generator quality.",C,ADD_DIRECT_TESTS,helper_reachable,"Runtime path exists, but direct test evidence is missing. Structural/helper callable: cannot exceed C+ without direct contract tests and parent-surface proof."
veilbreakers_terrain/handlers/terrain_cliffs.py,_sample_korcak_radii,_sample_korcak_radii,1311,function,runtime_handler,generic,UE_PCG|FASTNOISELITE,"Prove runtime relevance, deterministic behavior, direct tests, caller wiring, typed contracts, and no dead/orphan code before claiming generator quality.",C+,PROVE_PARENT_CONTRACT_OR_INLINE,helper_reachable,"Runtime/test evidence exists, but strict AAA evidence is incomplete. Structural/helper callable: cannot exceed C+ without direct contract tests and parent-surface proof."
veilbreakers_terrain/handlers/terrain_cliffs.py,pass_emit_overhang_meshes,pass_emit_overhang_meshes,1712,function,runtime_handler,generic,UE_PCG|FASTNOISELITE,"Prove runtime relevance, deterministic behavior, direct tests, caller wiring, typed contracts, and no dead/orphan code before claiming generator quality.",C,ADD_DIRECT_TESTS,runtime_primary,"Runtime path exists, but direct test evidence is missing."
veilbreakers_terrain/handlers/terrain_cliffs.py,_fbm2,_fbm2,1752,function,runtime_handler,generic,UE_PCG|FASTNOISELITE,"Prove runtime relevance, deterministic behavior, direct tests, caller wiring, typed contracts, and no dead/orphan code before claiming generator quality.",C,ADD_DIRECT_TESTS,helper_reachable,"Runtime path exists, but direct test evidence is missing. Structural/helper callable: cannot exceed C+ without direct contract tests and parent-surface proof."
veilbreakers_terrain/handlers/terrain_cliffs.py,_fbm2._h,_h,1758,nested_function,runtime_handler,generic,UE_PCG|FASTNOISELITE,"Prove runtime relevance, deterministic behavior, direct tests, caller wiring, typed contracts, and no dead/orphan code before claiming generator quality.",C,ADD_DIRECT_TESTS,helper_reachable,"Runtime path exists, but direct test evidence is missing. Structural/helper callable: cannot exceed C+ without direct contract tests and parent-surface proof."
veilbreakers_terrain/handlers/terrain_cliffs.py,pass_cliffs,pass_cliffs,2510,function,runtime_handler,generic,UE_PCG|FASTNOISELITE,"Prove runtime relevance, deterministic behavior, direct tests, caller wiring, typed contracts, and no dead/orphan code before claiming generator quality.",C,ADD_DIRECT_TESTS,runtime_primary,"Runtime path exists, but direct test evidence is missing."
veilbreakers_terrain/handlers/terrain_cliffs.py,_protected_mask_for_cliffs,_protected_mask_for_cliffs,2666,function,runtime_handler,generic,UE_PCG|FASTNOISELITE,"Prove runtime relevance, deterministic behavior, direct tests, caller wiring, typed contracts, and no dead/orphan code before claiming generator quality.",C,ADD_DIRECT_TESTS,helper_reachable,"Runtime path exists, but direct test evidence is missing. Structural/helper callable: cannot exceed C+ without direct contract tests and parent-surface proof."
veilbreakers_terrain/handlers/terrain_cliffs.py,register_bundle_b_passes,register_bundle_b_passes,2692,function,runtime_handler,generic,UE_PCG|FASTNOISELITE,"Prove runtime relevance, deterministic behavior, direct tests, caller wiring, typed contracts, and no dead/orphan code before claiming generator quality.",C+,REVIEW_FOR_B,runtime_primary,"Runtime/test evidence exists, but strict AAA evidence is incomplete."
veilbreakers_terrain/handlers/terrain_cloud_shadow.py,_build_perm_table,_build_perm_table,43,function,runtime_handler,generic,UE_PCG|FASTNOISELITE,"Prove runtime relevance, deterministic behavior, direct tests, caller wiring, typed contracts, and no dead/orphan code before claiming generator quality.",C+,PROVE_PARENT_CONTRACT_OR_INLINE,helper_reachable,"Runtime/test evidence exists, but strict AAA evidence is incomplete. Structural/helper callable: cannot exceed C+ without direct contract tests and parent-surface proof."
veilbreakers_terrain/handlers/terrain_cloud_shadow.py,compute_cloud_shadow_mask,compute_cloud_shadow_mask,131,function,runtime_handler,generic,UE_PCG|FASTNOISELITE,"Prove runtime relevance, deterministic behavior, direct tests, caller wiring, typed contracts, and no dead/orphan code before claiming generator quality.",C+,REVIEW_FOR_B,helper_reachable,"Runtime/test evidence exists, but strict AAA evidence is incomplete."
veilbreakers_terrain/handlers/terrain_cloud_shadow.py,pass_cloud_shadow,pass_cloud_shadow,236,function,runtime_handler,generic,UE_PCG|FASTNOISELITE,"Prove runtime relevance, deterministic behavior, direct tests, caller wiring, typed contracts, and no dead/orphan code before claiming generator quality.",C+,REVIEW_FOR_B,runtime_primary,"Runtime/test evidence exists, but strict AAA evidence is incomplete."
veilbreakers_terrain/handlers/terrain_cloud_shadow.py,register_bundle_j_cloud_shadow_pass,register_bundle_j_cloud_shadow_pass,329,function,runtime_handler,generic,UE_PCG|FASTNOISELITE,"Prove runtime relevance, deterministic behavior, direct tests, caller wiring, typed contracts, and no dead/orphan code before claiming generator quality.",C+,REVIEW_FOR_B,runtime_primary,"Runtime/test evidence exists, but strict AAA evidence is incomplete."
veilbreakers_terrain/handlers/terrain_decal_placement.py,DecalKind,DecalKind,37,class,runtime_handler,generic,UE_PCG|FASTNOISELITE,"Prove runtime relevance, deterministic behavior, direct tests, caller wiring, typed contracts, and no dead/orphan code before claiming generator quality.",D+,WIRE_OR_DEPRECATE,missing_wiring_row,No callable-wiring row; runtime path is unproven. Structural/helper callable: cannot exceed C+ without direct contract tests and parent-surface proof.
veilbreakers_terrain/handlers/terrain_decal_placement.py,_safe_norm,_safe_norm,47,function,runtime_handler,generic,UE_PCG|FASTNOISELITE,"Prove runtime relevance, deterministic behavior, direct tests, caller wiring, typed contracts, and no dead/orphan code before claiming generator quality.",C+,PROVE_PARENT_CONTRACT_OR_INLINE,helper_reachable,"Runtime/test evidence exists, but strict AAA evidence is incomplete. Structural/helper callable: cannot exceed C+ without direct contract tests and parent-surface proof."
veilbreakers_terrain/handlers/terrain_decal_placement.py,_log_norm,_log_norm,55,function,runtime_handler,generic,UE_PCG|FASTNOISELITE,"Prove runtime relevance, deterministic behavior, direct tests, caller wiring, typed contracts, and no dead/orphan code before claiming generator quality.",C+,PROVE_PARENT_CONTRACT_OR_INLINE,helper_reachable,"Runtime/test evidence exists, but strict AAA evidence is incomplete. Structural/helper callable: cannot exceed C+ without direct contract tests and parent-surface proof."
veilbreakers_terrain/handlers/terrain_decal_placement.py,compute_decal_density,compute_decal_density,62,function,runtime_handler,generic,UE_PCG|FASTNOISELITE,"Prove runtime relevance, deterministic behavior, direct tests, caller wiring, typed contracts, and no dead/orphan code before claiming generator quality.",C+,REVIEW_FOR_B,helper_reachable,"Runtime/test evidence exists, but strict AAA evidence is incomplete."
veilbreakers_terrain/handlers/terrain_decal_placement.py,pass_decals,pass_decals,264,function,runtime_handler,generic,UE_PCG|FASTNOISELITE,"Prove runtime relevance, deterministic behavior, direct tests, caller wiring, typed contracts, and no dead/orphan code before claiming generator quality.",C+,REVIEW_FOR_B,runtime_primary,"Runtime/test evidence exists, but strict AAA evidence is incomplete."
veilbreakers_terrain/handlers/terrain_decal_placement.py,register_bundle_j_decals_pass,register_bundle_j_decals_pass,312,function,runtime_handler,generic,UE_PCG|FASTNOISELITE,"Prove runtime relevance, deterministic behavior, direct tests, caller wiring, typed contracts, and no dead/orphan code before claiming generator quality.",C+,REVIEW_FOR_B,runtime_primary,"Runtime/test evidence exists, but strict AAA evidence is incomplete."
veilbreakers_terrain/handlers/terrain_delta_integrator.py,_collect_deltas,_collect_deltas,54,function,runtime_handler,generic,UE_PCG|FASTNOISELITE,"Prove runtime relevance, deterministic behavior, direct tests, caller wiring, typed contracts, and no dead/orphan code before claiming generator quality.",C,ADD_DIRECT_TESTS,helper_reachable,"Runtime path exists, but direct test evidence is missing. Structural/helper callable: cannot exceed C+ without direct contract tests and parent-surface proof."
veilbreakers_terrain/handlers/terrain_delta_integrator.py,pass_integrate_deltas,pass_integrate_deltas,66,function,runtime_handler,generic,UE_PCG|FASTNOISELITE,"Prove runtime relevance, deterministic behavior, direct tests, caller wiring, typed contracts, and no dead/orphan code before claiming generator quality.",C+,REVIEW_FOR_B,runtime_primary,"Runtime/test evidence exists, but strict AAA evidence is incomplete."
veilbreakers_terrain/handlers/terrain_delta_integrator.py,register_integrator_pass,register_integrator_pass,172,function,runtime_handler,generic,UE_PCG|FASTNOISELITE,"Prove runtime relevance, deterministic behavior, direct tests, caller wiring, typed contracts, and no dead/orphan code before claiming generator quality.",C+,REVIEW_FOR_B,runtime_primary,"Runtime/test evidence exists, but strict AAA evidence is incomplete."
veilbreakers_terrain/handlers/terrain_dem_import.py,DEMSource,DEMSource,71,class,runtime_handler,generic,UE_PCG|FASTNOISELITE,"Prove runtime relevance, deterministic behavior, direct tests, caller wiring, typed contracts, and no dead/orphan code before claiming generator quality.",D+,WIRE_OR_DEPRECATE,missing_wiring_row,No callable-wiring row; runtime path is unproven. Structural/helper callable: cannot exceed C+ without direct contract tests and parent-surface proof.
veilbreakers_terrain/handlers/terrain_dem_import.py,DEMTile,DEMTile,86,class,runtime_handler,generic,UE_PCG|FASTNOISELITE,"Prove runtime relevance, deterministic behavior, direct tests, caller wiring, typed contracts, and no dead/orphan code before claiming generator quality.",D+,WIRE_OR_DEPRECATE,missing_wiring_row,No callable-wiring row; runtime path is unproven. Structural/helper callable: cannot exceed C+ without direct contract tests and parent-surface proof.
veilbreakers_terrain/handlers/terrain_dem_import.py,_synthetic_dem,_synthetic_dem,108,function,runtime_handler,generic,UE_PCG|FASTNOISELITE,"Prove runtime relevance, deterministic behavior, direct tests, caller wiring, typed contracts, and no dead/orphan code before claiming generator quality.",C,ADD_DIRECT_TESTS,helper_reachable,"Runtime path exists, but direct test evidence is missing. Structural/helper callable: cannot exceed C+ without direct contract tests and parent-surface proof."
veilbreakers_terrain/handlers/terrain_dem_import.py,_fill_nodata,_fill_nodata,130,function,runtime_handler,generic,UE_PCG|FASTNOISELITE,"Prove runtime relevance, deterministic behavior, direct tests, caller wiring, typed contracts, and no dead/orphan code before claiming generator quality.",C+,PROVE_PARENT_CONTRACT_OR_INLINE,helper_reachable,"Runtime/test evidence exists, but strict AAA evidence is incomplete. Structural/helper callable: cannot exceed C+ without direct contract tests and parent-surface proof."
veilbreakers_terrain/handlers/terrain_dem_import.py,_bilinear_resample_2d,_bilinear_resample_2d,185,function,runtime_handler,generic,UE_PCG|FASTNOISELITE,"Prove runtime relevance, deterministic behavior, direct tests, caller wiring, typed contracts, and no dead/orphan code before claiming generator quality.",C+,PROVE_PARENT_CONTRACT_OR_INLINE,helper_reachable,"Runtime/test evidence exists, but strict AAA evidence is incomplete. Structural/helper callable: cannot exceed C+ without direct contract tests and parent-surface proof."
veilbreakers_terrain/handlers/terrain_dem_import.py,_load_hgt,_load_hgt,211,function,runtime_handler,generic,UE_PCG|FASTNOISELITE,"Prove runtime relevance, deterministic behavior, direct tests, caller wiring, typed contracts, and no dead/orphan code before claiming generator quality.",C+,PROVE_PARENT_CONTRACT_OR_INLINE,helper_reachable,"Runtime/test evidence exists, but strict AAA evidence is incomplete. Structural/helper callable: cannot exceed C+ without direct contract tests and parent-surface proof."
veilbreakers_terrain/handlers/terrain_dem_import.py,_load_geotiff,_load_geotiff,247,function,runtime_handler,generic,UE_PCG|FASTNOISELITE,"Prove runtime relevance, deterministic behavior, direct tests, caller wiring, typed contracts, and no dead/orphan code before claiming generator quality.",C,ADD_DIRECT_TESTS,helper_reachable,"Runtime path exists, but direct test evidence is missing. Structural/helper callable: cannot exceed C+ without direct contract tests and parent-surface proof."
veilbreakers_terrain/handlers/terrain_dem_import.py,_load_geotiff.read_tag,read_tag,324,nested_function,runtime_handler,generic,UE_PCG|FASTNOISELITE,"Prove runtime relevance, deterministic behavior, direct tests, caller wiring, typed contracts, and no dead/orphan code before claiming generator quality.",C,ADD_DIRECT_TESTS,helper_reachable,"Runtime path exists, but direct test evidence is missing. Structural/helper callable: cannot exceed C+ without direct contract tests and parent-surface proof."
veilbreakers_terrain/handlers/terrain_dem_import.py,_egm96_undulation_m,_egm96_undulation_m,376,function,runtime_handler,generic,UE_PCG|FASTNOISELITE,"Prove runtime relevance, deterministic behavior, direct tests, caller wiring, typed contracts, and no dead/orphan code before claiming generator quality.",C+,PROVE_PARENT_CONTRACT_OR_INLINE,helper_reachable,"Runtime/test evidence exists, but strict AAA evidence is incomplete. Structural/helper callable: cannot exceed C+ without direct contract tests and parent-surface proof."
veilbreakers_terrain/handlers/terrain_dem_import.py,import_dem_tile,import_dem_tile,390,function,runtime_handler,generic,UE_PCG|FASTNOISELITE,"Prove runtime relevance, deterministic behavior, direct tests, caller wiring, typed contracts, and no dead/orphan code before claiming generator quality.",C,WIRE_OR_DEPRECATE,test_only_or_unwired,Wiring scan status is test_only_or_unwired; production path is not proven.
veilbreakers_terrain/handlers/terrain_dem_import.py,resample_dem_to_tile_grid,resample_dem_to_tile_grid,511,function,runtime_handler,generic,UE_PCG|FASTNOISELITE,"Prove runtime relevance, deterministic behavior, direct tests, caller wiring, typed contracts, and no dead/orphan code before claiming generator quality.",C,WIRE_OR_DEPRECATE,test_only_or_unwired,Wiring scan status is test_only_or_unwired; production path is not proven.
veilbreakers_terrain/handlers/terrain_destructibility_patches.py,DestructibilityPatch,DestructibilityPatch,21,class,runtime_handler,generic,UE_PCG|FASTNOISELITE,"Prove runtime relevance, deterministic behavior, direct tests, caller wiring, typed contracts, and no dead/orphan code before claiming generator quality.",D+,WIRE_OR_DEPRECATE,missing_wiring_row,No callable-wiring row; runtime path is unproven. Structural/helper callable: cannot exceed C+ without direct contract tests and parent-surface proof.
veilbreakers_terrain/handlers/terrain_destructibility_patches.py,detect_destructibility_patches,detect_destructibility_patches,30,function,runtime_handler,generic,UE_PCG|FASTNOISELITE,"Prove runtime relevance, deterministic behavior, direct tests, caller wiring, typed contracts, and no dead/orphan code before claiming generator quality.",C,WIRE_OR_DEPRECATE,test_only_or_unwired,Wiring scan status is test_only_or_unwired; production path is not proven.
veilbreakers_terrain/handlers/terrain_determinism_ci.py,DeterminismRun,DeterminismRun,30,class,runtime_handler,generic,UE_PCG|FASTNOISELITE,"Prove runtime relevance, deterministic behavior, direct tests, caller wiring, typed contracts, and no dead/orphan code before claiming generator quality.",D+,WIRE_OR_DEPRECATE,missing_wiring_row,No callable-wiring row; runtime path is unproven. Structural/helper callable: cannot exceed C+ without direct contract tests and parent-surface proof.
veilbreakers_terrain/handlers/terrain_determinism_ci.py,_snapshot_channel_hashes,_snapshot_channel_hashes,41,function,runtime_handler,generic,UE_PCG|FASTNOISELITE,"Prove runtime relevance, deterministic behavior, direct tests, caller wiring, typed contracts, and no dead/orphan code before claiming generator quality.",C,ADD_DIRECT_TESTS,helper_reachable,"Runtime path exists, but direct test evidence is missing. Structural/helper callable: cannot exceed C+ without direct contract tests and parent-surface proof."
veilbreakers_terrain/handlers/terrain_determinism_ci.py,_clone_state,_clone_state,62,function,runtime_handler,generic,UE_PCG|FASTNOISELITE,"Prove runtime relevance, deterministic behavior, direct tests, caller wiring, typed contracts, and no dead/orphan code before claiming generator quality.",C,ADD_DIRECT_TESTS,helper_reachable,"Runtime path exists, but direct test evidence is missing. Structural/helper callable: cannot exceed C+ without direct contract tests and parent-surface proof."
veilbreakers_terrain/handlers/terrain_determinism_ci.py,_hash_full_state,_hash_full_state,67,function,runtime_handler,generic,UE_PCG|FASTNOISELITE,"Prove runtime relevance, deterministic behavior, direct tests, caller wiring, typed contracts, and no dead/orphan code before claiming generator quality.",C+,PROVE_PARENT_CONTRACT_OR_INLINE,helper_reachable,"Runtime/test evidence exists, but strict AAA evidence is incomplete. Structural/helper callable: cannot exceed C+ without direct contract tests and parent-surface proof."
veilbreakers_terrain/handlers/terrain_determinism_ci.py,run_determinism_check,run_determinism_check,100,function,runtime_handler,generic,UE_PCG|FASTNOISELITE,"Prove runtime relevance, deterministic behavior, direct tests, caller wiring, typed contracts, and no dead/orphan code before claiming generator quality.",C+,REVIEW_FOR_B,helper_reachable,"Runtime/test evidence exists, but strict AAA evidence is incomplete."
veilbreakers_terrain/handlers/terrain_determinism_ci.py,detect_determinism_regressions,detect_determinism_regressions,212,function,runtime_handler,generic,UE_PCG|FASTNOISELITE,"Prove runtime relevance, deterministic behavior, direct tests, caller wiring, typed contracts, and no dead/orphan code before claiming generator quality.",C,WIRE_OR_DEPRECATE,test_only_or_unwired,Wiring scan status is test_only_or_unwired; production path is not proven.
veilbreakers_terrain/handlers/terrain_dirty_tracking.py,DirtyRegion,DirtyRegion,26,class,runtime_handler,generic,UE_PCG|FASTNOISELITE,"Prove runtime relevance, deterministic behavior, direct tests, caller wiring, typed contracts, and no dead/orphan code before claiming generator quality.",D+,WIRE_OR_DEPRECATE,missing_wiring_row,No callable-wiring row; runtime path is unproven. Structural/helper callable: cannot exceed C+ without direct contract tests and parent-surface proof.
veilbreakers_terrain/handlers/terrain_dirty_tracking.py,DirtyRegion.touches_channel,touches_channel,33,method,runtime_handler,generic,UE_PCG|FASTNOISELITE,"Prove runtime relevance, deterministic behavior, direct tests, caller wiring, typed contracts, and no dead/orphan code before claiming generator quality.",D+,WIRE_OR_DEPRECATE,orphan_candidate,Wiring scan marks this as orphan_candidate. Structural/helper callable: cannot exceed C+ without direct contract tests and parent-surface proof.
veilbreakers_terrain/handlers/terrain_dirty_tracking.py,DirtyRegion.merge,merge,37,method,runtime_handler,generic,UE_PCG|FASTNOISELITE,"Prove runtime relevance, deterministic behavior, direct tests, caller wiring, typed contracts, and no dead/orphan code before claiming generator quality.",C,ADD_DIRECT_TESTS,helper_reachable,"Runtime path exists, but direct test evidence is missing. Structural/helper callable: cannot exceed C+ without direct contract tests and parent-surface proof."
veilbreakers_terrain/handlers/terrain_dirty_tracking.py,DirtyRegion.intersection,intersection,57,method,runtime_handler,generic,UE_PCG|FASTNOISELITE,"Prove runtime relevance, deterministic behavior, direct tests, caller wiring, typed contracts, and no dead/orphan code before claiming generator quality.",C,ADD_DIRECT_TESTS,helper_reachable,"Runtime path exists, but direct test evidence is missing. Structural/helper callable: cannot exceed C+ without direct contract tests and parent-surface proof."
veilbreakers_terrain/handlers/terrain_dirty_tracking.py,_IntervalTree,_IntervalTree,88,class,runtime_handler,generic,UE_PCG|FASTNOISELITE,"Prove runtime relevance, deterministic behavior, direct tests, caller wiring, typed contracts, and no dead/orphan code before claiming generator quality.",D+,WIRE_OR_DEPRECATE,missing_wiring_row,No callable-wiring row; runtime path is unproven. Structural/helper callable: cannot exceed C+ without direct contract tests and parent-surface proof.
veilbreakers_terrain/handlers/terrain_dirty_tracking.py,_IntervalTree.__init__,__init__,114,nested_function,runtime_handler,generic,UE_PCG|FASTNOISELITE,"Prove runtime relevance, deterministic behavior, direct tests, caller wiring, typed contracts, and no dead/orphan code before claiming generator quality.",D+,WIRE_OR_DEPRECATE,missing_wiring_row,No callable-wiring row; runtime path is unproven. Structural/helper callable: cannot exceed C+ without direct contract tests and parent-surface proof.
veilbreakers_terrain/handlers/terrain_dirty_tracking.py,_IntervalTree._ensure_sorted,_ensure_sorted,122,nested_function,runtime_handler,generic,UE_PCG|FASTNOISELITE,"Prove runtime relevance, deterministic behavior, direct tests, caller wiring, typed contracts, and no dead/orphan code before claiming generator quality.",C,ADD_DIRECT_TESTS,helper_reachable,"Runtime path exists, but direct test evidence is missing. Structural/helper callable: cannot exceed C+ without direct contract tests and parent-surface proof."
veilbreakers_terrain/handlers/terrain_dirty_tracking.py,_IntervalTree.insert,insert,128,nested_function,runtime_handler,generic,UE_PCG|FASTNOISELITE,"Prove runtime relevance, deterministic behavior, direct tests, caller wiring, typed contracts, and no dead/orphan code before claiming generator quality.",C+,PROVE_PARENT_CONTRACT_OR_INLINE,helper_reachable,"Runtime/test evidence exists, but strict AAA evidence is incomplete. Structural/helper callable: cannot exceed C+ without direct contract tests and parent-surface proof."
veilbreakers_terrain/handlers/terrain_dirty_tracking.py,_IntervalTree.remove,remove,132,nested_function,runtime_handler,generic,UE_PCG|FASTNOISELITE,"Prove runtime relevance, deterministic behavior, direct tests, caller wiring, typed contracts, and no dead/orphan code before claiming generator quality.",C,ADD_DIRECT_TESTS,helper_reachable,"Runtime path exists, but direct test evidence is missing. Structural/helper callable: cannot exceed C+ without direct contract tests and parent-surface proof."
veilbreakers_terrain/handlers/terrain_dirty_tracking.py,_IntervalTree.candidates,candidates,136,nested_function,runtime_handler,generic,UE_PCG|FASTNOISELITE,"Prove runtime relevance, deterministic behavior, direct tests, caller wiring, typed contracts, and no dead/orphan code before claiming generator quality.",D+,WIRE_OR_DEPRECATE,orphan_candidate,Wiring scan marks this as orphan_candidate. Structural/helper callable: cannot exceed C+ without direct contract tests and parent-surface proof.
veilbreakers_terrain/handlers/terrain_dirty_tracking.py,_IntervalTree.rebuild,rebuild,154,nested_function,runtime_handler,generic,UE_PCG|FASTNOISELITE,"Prove runtime relevance, deterministic behavior, direct tests, caller wiring, typed contracts, and no dead/orphan code before claiming generator quality.",C,ADD_DIRECT_TESTS,helper_reachable,"Runtime path exists, but direct test evidence is missing. Structural/helper callable: cannot exceed C+ without direct contract tests and parent-surface proof."
veilbreakers_terrain/handlers/terrain_dirty_tracking.py,DirtyTracker,DirtyTracker,168,class,runtime_handler,generic,UE_PCG|FASTNOISELITE,"Prove runtime relevance, deterministic behavior, direct tests, caller wiring, typed contracts, and no dead/orphan code before claiming generator quality.",D+,WIRE_OR_DEPRECATE,missing_wiring_row,No callable-wiring row; runtime path is unproven. Structural/helper callable: cannot exceed C+ without direct contract tests and parent-surface proof.
veilbreakers_terrain/handlers/terrain_dirty_tracking.py,DirtyTracker.__init__,__init__,195,method,runtime_handler,generic,UE_PCG|FASTNOISELITE,"Prove runtime relevance, deterministic behavior, direct tests, caller wiring, typed contracts, and no dead/orphan code before claiming generator quality.",D+,WIRE_OR_DEPRECATE,missing_wiring_row,No callable-wiring row; runtime path is unproven. Structural/helper callable: cannot exceed C+ without direct contract tests and parent-surface proof.
veilbreakers_terrain/handlers/terrain_dirty_tracking.py,DirtyTracker._rebuild_indexes,_rebuild_indexes,213,method,runtime_handler,generic,UE_PCG|FASTNOISELITE,"Prove runtime relevance, deterministic behavior, direct tests, caller wiring, typed contracts, and no dead/orphan code before claiming generator quality.",C,ADD_DIRECT_TESTS,helper_reachable,"Runtime path exists, but direct test evidence is missing. Structural/helper callable: cannot exceed C+ without direct contract tests and parent-surface proof."
veilbreakers_terrain/handlers/terrain_dirty_tracking.py,DirtyTracker._append_region,_append_region,221,method,runtime_handler,generic,UE_PCG|FASTNOISELITE,"Prove runtime relevance, deterministic behavior, direct tests, caller wiring, typed contracts, and no dead/orphan code before claiming generator quality.",C,ADD_DIRECT_TESTS,helper_reachable,"Runtime path exists, but direct test evidence is missing. Structural/helper callable: cannot exceed C+ without direct contract tests and parent-surface proof."
veilbreakers_terrain/handlers/terrain_dirty_tracking.py,DirtyTracker.mark_dirty,mark_dirty,234,method,runtime_handler,generic,UE_PCG|FASTNOISELITE,"Prove runtime relevance, deterministic behavior, direct tests, caller wiring, typed contracts, and no dead/orphan code before claiming generator quality.",C+,PROVE_PARENT_CONTRACT_OR_INLINE,helper_reachable,"Runtime/test evidence exists, but strict AAA evidence is incomplete. Structural/helper callable: cannot exceed C+ without direct contract tests and parent-surface proof."
veilbreakers_terrain/handlers/terrain_dirty_tracking.py,DirtyTracker.mark_many,mark_many,252,method,runtime_handler,generic,UE_PCG|FASTNOISELITE,"Prove runtime relevance, deterministic behavior, direct tests, caller wiring, typed contracts, and no dead/orphan code before claiming generator quality.",D+,WIRE_OR_DEPRECATE,orphan_candidate,Wiring scan marks this as orphan_candidate. Structural/helper callable: cannot exceed C+ without direct contract tests and parent-surface proof.
veilbreakers_terrain/handlers/terrain_dirty_tracking.py,DirtyTracker._sweep_merge,_sweep_merge,286,method,runtime_handler,generic,UE_PCG|FASTNOISELITE,"Prove runtime relevance, deterministic behavior, direct tests, caller wiring, typed contracts, and no dead/orphan code before claiming generator quality.",C,ADD_DIRECT_TESTS,helper_reachable,"Runtime path exists, but direct test evidence is missing. Structural/helper callable: cannot exceed C+ without direct contract tests and parent-surface proof."
veilbreakers_terrain/handlers/terrain_dirty_tracking.py,DirtyTracker._sweep_merge._overlaps,_overlaps,300,nested_function,runtime_handler,generic,UE_PCG|FASTNOISELITE,"Prove runtime relevance, deterministic behavior, direct tests, caller wiring, typed contracts, and no dead/orphan code before claiming generator quality.",C,ADD_DIRECT_TESTS,helper_reachable,"Runtime path exists, but direct test evidence is missing. Structural/helper callable: cannot exceed C+ without direct contract tests and parent-surface proof."
veilbreakers_terrain/handlers/terrain_dirty_tracking.py,DirtyTracker._coalesce_inplace,_coalesce_inplace,329,method,runtime_handler,generic,UE_PCG|FASTNOISELITE,"Prove runtime relevance, deterministic behavior, direct tests, caller wiring, typed contracts, and no dead/orphan code before claiming generator quality.",C,ADD_DIRECT_TESTS,helper_reachable,"Runtime path exists, but direct test evidence is missing. Structural/helper callable: cannot exceed C+ without direct contract tests and parent-surface proof."
veilbreakers_terrain/handlers/terrain_dirty_tracking.py,DirtyTracker.get_dirty_regions,get_dirty_regions,336,method,runtime_handler,generic,UE_PCG|FASTNOISELITE,"Prove runtime relevance, deterministic behavior, direct tests, caller wiring, typed contracts, and no dead/orphan code before claiming generator quality.",C,WIRE_OR_DEPRECATE,test_only_or_unwired,Wiring scan status is test_only_or_unwired; production path is not proven. Structural/helper callable: cannot exceed C+ without direct contract tests and parent-surface proof.
veilbreakers_terrain/handlers/terrain_dirty_tracking.py,DirtyTracker.get_dirty_channels,get_dirty_channels,339,method,runtime_handler,generic,UE_PCG|FASTNOISELITE,"Prove runtime relevance, deterministic behavior, direct tests, caller wiring, typed contracts, and no dead/orphan code before claiming generator quality.",C,WIRE_OR_DEPRECATE,test_only_or_unwired,Wiring scan status is test_only_or_unwired; production path is not proven. Structural/helper callable: cannot exceed C+ without direct contract tests and parent-surface proof.
veilbreakers_terrain/handlers/terrain_dirty_tracking.py,DirtyTracker.clear,clear,342,method,runtime_handler,generic,UE_PCG|FASTNOISELITE,"Prove runtime relevance, deterministic behavior, direct tests, caller wiring, typed contracts, and no dead/orphan code before claiming generator quality.",C+,PROVE_PARENT_CONTRACT_OR_INLINE,helper_reachable,"Runtime/test evidence exists, but strict AAA evidence is incomplete. Structural/helper callable: cannot exceed C+ without direct contract tests and parent-surface proof."
veilbreakers_terrain/handlers/terrain_dirty_tracking.py,DirtyTracker.is_clean,is_clean,347,method,runtime_handler,generic,UE_PCG|FASTNOISELITE,"Prove runtime relevance, deterministic behavior, direct tests, caller wiring, typed contracts, and no dead/orphan code before claiming generator quality.",C,WIRE_OR_DEPRECATE,test_only_or_unwired,Wiring scan status is test_only_or_unwired; production path is not proven. Structural/helper callable: cannot exceed C+ without direct contract tests and parent-surface proof.
veilbreakers_terrain/handlers/terrain_dirty_tracking.py,DirtyTracker.dirty_area,dirty_area,350,method,runtime_handler,generic,UE_PCG|FASTNOISELITE,"Prove runtime relevance, deterministic behavior, direct tests, caller wiring, typed contracts, and no dead/orphan code before claiming generator quality.",C,ADD_DIRECT_TESTS,helper_reachable,"Runtime path exists, but direct test evidence is missing. Structural/helper callable: cannot exceed C+ without direct contract tests and parent-surface proof."
veilbreakers_terrain/handlers/terrain_dirty_tracking.py,DirtyTracker.dirty_fraction,dirty_fraction,373,method,runtime_handler,generic,UE_PCG|FASTNOISELITE,"Prove runtime relevance, deterministic behavior, direct tests, caller wiring, typed contracts, and no dead/orphan code before claiming generator quality.",C,WIRE_OR_DEPRECATE,test_only_or_unwired,Wiring scan status is test_only_or_unwired; production path is not proven. Structural/helper callable: cannot exceed C+ without direct contract tests and parent-surface proof.
veilbreakers_terrain/handlers/terrain_dirty_tracking.py,DirtyTracker.coalesce,coalesce,390,method,runtime_handler,generic,UE_PCG|FASTNOISELITE,"Prove runtime relevance, deterministic behavior, direct tests, caller wiring, typed contracts, and no dead/orphan code before claiming generator quality.",C,WIRE_OR_DEPRECATE,test_only_or_unwired,Wiring scan status is test_only_or_unwired; production path is not proven. Structural/helper callable: cannot exceed C+ without direct contract tests and parent-surface proof.
veilbreakers_terrain/handlers/terrain_dirty_tracking.py,attach_dirty_tracker,attach_dirty_tracker,423,function,runtime_handler,generic,UE_PCG|FASTNOISELITE,"Prove runtime relevance, deterministic behavior, direct tests, caller wiring, typed contracts, and no dead/orphan code before claiming generator quality.",C+,PROVE_PARENT_CONTRACT_OR_INLINE,helper_reachable,"Runtime/test evidence exists, but strict AAA evidence is incomplete. Structural/helper callable: cannot exceed C+ without direct contract tests and parent-surface proof."
veilbreakers_terrain/handlers/terrain_dirty_tracking.py,attach_dirty_tracker._hooked_set,_hooked_set,468,nested_function,runtime_handler,generic,UE_PCG|FASTNOISELITE,"Prove runtime relevance, deterministic behavior, direct tests, caller wiring, typed contracts, and no dead/orphan code before claiming generator quality.",D+,WIRE_OR_DEPRECATE,orphan_candidate,Wiring scan marks this as orphan_candidate. Structural/helper callable: cannot exceed C+ without direct contract tests and parent-surface proof.
veilbreakers_terrain/handlers/terrain_ecotone_graph.py,EcotoneEdge.as_dict,as_dict,37,method,runtime_handler,generic,UE_PCG|FASTNOISELITE,"Prove runtime relevance, deterministic behavior, direct tests, caller wiring, typed contracts, and no dead/orphan code before claiming generator quality.",C+,PROVE_PARENT_CONTRACT_OR_INLINE,helper_reachable,"Runtime/test evidence exists, but strict AAA evidence is incomplete. Structural/helper callable: cannot exceed C+ without direct contract tests and parent-surface proof."
veilbreakers_terrain/handlers/terrain_features.py,_cross,_cross,33,function,runtime_handler,generic,UE_PCG|FASTNOISELITE,"Prove runtime relevance, deterministic behavior, direct tests, caller wiring, typed contracts, and no dead/orphan code before claiming generator quality.",C+,PROVE_PARENT_CONTRACT_OR_INLINE,helper_reachable,"Runtime/test evidence exists, but strict AAA evidence is incomplete. Structural/helper callable: cannot exceed C+ without direct contract tests and parent-surface proof."
veilbreakers_terrain/handlers/terrain_features.py,_sub,_sub,42,function,runtime_handler,generic,UE_PCG|FASTNOISELITE,"Prove runtime relevance, deterministic behavior, direct tests, caller wiring, typed contracts, and no dead/orphan code before claiming generator quality.",C+,PROVE_PARENT_CONTRACT_OR_INLINE,helper_reachable,"Runtime/test evidence exists, but strict AAA evidence is incomplete. Structural/helper callable: cannot exceed C+ without direct contract tests and parent-surface proof."
veilbreakers_terrain/handlers/terrain_features.py,_normalize,_normalize,46,function,runtime_handler,generic,UE_PCG|FASTNOISELITE,"Prove runtime relevance, deterministic behavior, direct tests, caller wiring, typed contracts, and no dead/orphan code before claiming generator quality.",C+,PROVE_PARENT_CONTRACT_OR_INLINE,helper_reachable,"Runtime/test evidence exists, but strict AAA evidence is incomplete. Structural/helper callable: cannot exceed C+ without direct contract tests and parent-surface proof."
veilbreakers_terrain/handlers/terrain_features.py,_face_normal,_face_normal,54,function,runtime_handler,generic,UE_PCG|FASTNOISELITE,"Prove runtime relevance, deterministic behavior, direct tests, caller wiring, typed contracts, and no dead/orphan code before claiming generator quality.",C+,PROVE_PARENT_CONTRACT_OR_INLINE,helper_reachable,"Runtime/test evidence exists, but strict AAA evidence is incomplete. Structural/helper callable: cannot exceed C+ without direct contract tests and parent-surface proof."
veilbreakers_terrain/handlers/terrain_features.py,_compute_face_normals,_compute_face_normals,69,function,runtime_handler,generic,UE_PCG|FASTNOISELITE,"Prove runtime relevance, deterministic behavior, direct tests, caller wiring, typed contracts, and no dead/orphan code before claiming generator quality.",C+,PROVE_PARENT_CONTRACT_OR_INLINE,helper_reachable,"Runtime/test evidence exists, but strict AAA evidence is incomplete. Structural/helper callable: cannot exceed C+ without direct contract tests and parent-surface proof."
veilbreakers_terrain/handlers/terrain_features.py,_lod1_faces,_lod1_faces,74,function,runtime_handler,generic,UE_PCG|FASTNOISELITE,"Prove runtime relevance, deterministic behavior, direct tests, caller wiring, typed contracts, and no dead/orphan code before claiming generator quality.",C+,PROVE_PARENT_CONTRACT_OR_INLINE,helper_reachable,"Runtime/test evidence exists, but strict AAA evidence is incomplete. Structural/helper callable: cannot exceed C+ without direct contract tests and parent-surface proof."
veilbreakers_terrain/handlers/terrain_features.py,_fbm,_fbm,118,function,runtime_handler,generic,UE_PCG|FASTNOISELITE,"Prove runtime relevance, deterministic behavior, direct tests, caller wiring, typed contracts, and no dead/orphan code before claiming generator quality.",C+,PROVE_PARENT_CONTRACT_OR_INLINE,helper_reachable,"Runtime/test evidence exists, but strict AAA evidence is incomplete. Structural/helper callable: cannot exceed C+ without direct contract tests and parent-surface proof."
veilbreakers_terrain/handlers/terrain_features.py,generate_natural_arch,generate_natural_arch,2126,function,runtime_handler,generic,UE_PCG|FASTNOISELITE,"Prove runtime relevance, deterministic behavior, direct tests, caller wiring, typed contracts, and no dead/orphan code before claiming generator quality.",C+,REVIEW_FOR_B,helper_reachable,"Runtime/test evidence exists, but strict AAA evidence is incomplete."
veilbreakers_terrain/handlers/terrain_features.py,generate_natural_arch._arch_z,_arch_z,2222,nested_function,runtime_handler,generic,UE_PCG|FASTNOISELITE,"Prove runtime relevance, deterministic behavior, direct tests, caller wiring, typed contracts, and no dead/orphan code before claiming generator quality.",C,ADD_DIRECT_TESTS,helper_reachable,"Runtime path exists, but direct test evidence is missing. Structural/helper callable: cannot exceed C+ without direct contract tests and parent-surface proof."
veilbreakers_terrain/handlers/terrain_features.py,generate_natural_arch._arch_inner_z,_arch_inner_z,2232,nested_function,runtime_handler,generic,UE_PCG|FASTNOISELITE,"Prove runtime relevance, deterministic behavior, direct tests, caller wiring, typed contracts, and no dead/orphan code before claiming generator quality.",C,ADD_DIRECT_TESTS,helper_reachable,"Runtime path exists, but direct test evidence is missing. Structural/helper callable: cannot exceed C+ without direct contract tests and parent-surface proof."
veilbreakers_terrain/handlers/terrain_features.py,generate_natural_arch._tapered_thickness,_tapered_thickness,2241,nested_function,runtime_handler,generic,UE_PCG|FASTNOISELITE,"Prove runtime relevance, deterministic behavior, direct tests, caller wiring, typed contracts, and no dead/orphan code before claiming generator quality.",C,ADD_DIRECT_TESTS,helper_reachable,"Runtime path exists, but direct test evidence is missing. Structural/helper callable: cannot exceed C+ without direct contract tests and parent-surface proof."
veilbreakers_terrain/handlers/terrain_features.py,_arch_face_mat,_arch_face_mat,2567,function,runtime_handler,generic,UE_PCG|FASTNOISELITE,"Prove runtime relevance, deterministic behavior, direct tests, caller wiring, typed contracts, and no dead/orphan code before claiming generator quality.",C+,PROVE_PARENT_CONTRACT_OR_INLINE,helper_reachable,"Runtime/test evidence exists, but strict AAA evidence is incomplete. Structural/helper callable: cannot exceed C+ without direct contract tests and parent-surface proof."
veilbreakers_terrain/handlers/terrain_features.py,generate_geyser,generate_geyser,2594,function,runtime_handler,generic,UE_PCG|FASTNOISELITE,"Prove runtime relevance, deterministic behavior, direct tests, caller wiring, typed contracts, and no dead/orphan code before claiming generator quality.",C+,REVIEW_FOR_B,helper_reachable,"Runtime/test evidence exists, but strict AAA evidence is incomplete."
veilbreakers_terrain/handlers/terrain_features.py,generate_sinkhole,generate_sinkhole,3037,function,runtime_handler,generic,UE_PCG|FASTNOISELITE,"Prove runtime relevance, deterministic behavior, direct tests, caller wiring, typed contracts, and no dead/orphan code before claiming generator quality.",C+,REVIEW_FOR_B,helper_reachable,"Runtime/test evidence exists, but strict AAA evidence is incomplete."
veilbreakers_terrain/handlers/terrain_features.py,generate_floating_rocks,generate_floating_rocks,3435,function,runtime_handler,generic,UE_PCG|FASTNOISELITE,"Prove runtime relevance, deterministic behavior, direct tests, caller wiring, typed contracts, and no dead/orphan code before claiming generator quality.",C,WIRE_OR_DEPRECATE,test_only_or_unwired,Wiring scan status is test_only_or_unwired; production path is not proven.
veilbreakers_terrain/handlers/terrain_features.py,generate_ice_formation,generate_ice_formation,3734,function,runtime_handler,generic,UE_PCG|FASTNOISELITE,"Prove runtime relevance, deterministic behavior, direct tests, caller wiring, typed contracts, and no dead/orphan code before claiming generator quality.",C+,REVIEW_FOR_B,helper_reachable,"Runtime/test evidence exists, but strict AAA evidence is incomplete."
veilbreakers_terrain/handlers/terrain_features.py,generate_ice_formation._build_hex_column,_build_hex_column,3801,nested_function,runtime_handler,generic,UE_PCG|FASTNOISELITE,"Prove runtime relevance, deterministic behavior, direct tests, caller wiring, typed contracts, and no dead/orphan code before claiming generator quality.",C,ADD_DIRECT_TESTS,helper_reachable,"Runtime path exists, but direct test evidence is missing. Structural/helper callable: cannot exceed C+ without direct contract tests and parent-surface proof."
veilbreakers_terrain/handlers/terrain_features.py,generate_lava_flow,generate_lava_flow,4133,function,runtime_handler,generic,UE_PCG|FASTNOISELITE,"Prove runtime relevance, deterministic behavior, direct tests, caller wiring, typed contracts, and no dead/orphan code before claiming generator quality.",C,WIRE_OR_DEPRECATE,test_only_or_unwired,Wiring scan status is test_only_or_unwired; production path is not proven.
veilbreakers_terrain/handlers/terrain_fog_masks.py,compute_fog_pool_mask,compute_fog_pool_mask,48,function,runtime_handler,generic,UE_PCG|FASTNOISELITE,"Prove runtime relevance, deterministic behavior, direct tests, caller wiring, typed contracts, and no dead/orphan code before claiming generator quality.",C+,REVIEW_FOR_B,helper_reachable,"Runtime/test evidence exists, but strict AAA evidence is incomplete."
veilbreakers_terrain/handlers/terrain_fog_masks.py,compute_mist_envelope,compute_mist_envelope,183,function,runtime_handler,generic,UE_PCG|FASTNOISELITE,"Prove runtime relevance, deterministic behavior, direct tests, caller wiring, typed contracts, and no dead/orphan code before claiming generator quality.",C+,REVIEW_FOR_B,helper_reachable,"Runtime/test evidence exists, but strict AAA evidence is incomplete."
veilbreakers_terrain/handlers/terrain_fog_masks.py,pass_fog_masks,pass_fog_masks,295,function,runtime_handler,generic,UE_PCG|FASTNOISELITE,"Prove runtime relevance, deterministic behavior, direct tests, caller wiring, typed contracts, and no dead/orphan code before claiming generator quality.",C+,REVIEW_FOR_B,runtime_primary,"Runtime/test evidence exists, but strict AAA evidence is incomplete."
veilbreakers_terrain/handlers/terrain_fog_masks.py,register_bundle_l_fog_masks_pass,register_bundle_l_fog_masks_pass,349,function,runtime_handler,generic,UE_PCG|FASTNOISELITE,"Prove runtime relevance, deterministic behavior, direct tests, caller wiring, typed contracts, and no dead/orphan code before claiming generator quality.",C,ADD_DIRECT_TESTS,runtime_primary,"Runtime path exists, but direct test evidence is missing."
veilbreakers_terrain/handlers/terrain_foliage_catalog.py,SpeciesSpec.to_dict,to_dict,135,method,runtime_handler,generic,UE_PCG|FASTNOISELITE,"Prove runtime relevance, deterministic behavior, direct tests, caller wiring, typed contracts, and no dead/orphan code before claiming generator quality.",C+,PROVE_PARENT_CONTRACT_OR_INLINE,helper_reachable,"Runtime/test evidence exists, but strict AAA evidence is incomplete. Structural/helper callable: cannot exceed C+ without direct contract tests and parent-surface proof."
veilbreakers_terrain/handlers/terrain_foliage_catalog.py,retired model providerAssetManifest.__init__,__init__,974,method,runtime_handler,generic,UE_PCG|FASTNOISELITE,"Prove runtime relevance, deterministic behavior, direct tests, caller wiring, typed contracts, and no dead/orphan code before claiming generator quality.",D+,WIRE_OR_DEPRECATE,missing_wiring_row,No callable-wiring row; runtime path is unproven. Structural/helper callable: cannot exceed C+ without direct contract tests and parent-surface proof.
veilbreakers_terrain/handlers/terrain_footprint_surface.py,FootprintSurfacePoint,FootprintSurfacePoint,21,class,runtime_handler,generic,UE_PCG|FASTNOISELITE,"Prove runtime relevance, deterministic behavior, direct tests, caller wiring, typed contracts, and no dead/orphan code before claiming generator quality.",D+,WIRE_OR_DEPRECATE,missing_wiring_row,No callable-wiring row; runtime path is unproven. Structural/helper callable: cannot exceed C+ without direct contract tests and parent-surface proof.
veilbreakers_terrain/handlers/terrain_footprint_surface.py,compute_footprint_surface_data,compute_footprint_surface_data,42,function,runtime_handler,generic,UE_PCG|FASTNOISELITE,"Prove runtime relevance, deterministic behavior, direct tests, caller wiring, typed contracts, and no dead/orphan code before claiming generator quality.",C,WIRE_OR_DEPRECATE,test_only_or_unwired,Wiring scan status is test_only_or_unwired; production path is not proven.
veilbreakers_terrain/handlers/terrain_framing.py,_bresenham_cells,_bresenham_cells,45,function,runtime_handler,generic,UE_PCG|FASTNOISELITE,"Prove runtime relevance, deterministic behavior, direct tests, caller wiring, typed contracts, and no dead/orphan code before claiming generator quality.",C+,PROVE_PARENT_CONTRACT_OR_INLINE,helper_reachable,"Runtime/test evidence exists, but strict AAA evidence is incomplete. Structural/helper callable: cannot exceed C+ without direct contract tests and parent-surface proof."
veilbreakers_terrain/handlers/terrain_framing.py,enforce_sightline,enforce_sightline,77,function,runtime_handler,generic,UE_PCG|FASTNOISELITE,"Prove runtime relevance, deterministic behavior, direct tests, caller wiring, typed contracts, and no dead/orphan code before claiming generator quality.",C+,REVIEW_FOR_B,helper_reachable,"Runtime/test evidence exists, but strict AAA evidence is incomplete."
veilbreakers_terrain/handlers/terrain_framing.py,pass_framing,pass_framing,190,function,runtime_handler,generic,UE_PCG|FASTNOISELITE,"Prove runtime relevance, deterministic behavior, direct tests, caller wiring, typed contracts, and no dead/orphan code before claiming generator quality.",C+,REVIEW_FOR_B,runtime_primary,"Runtime/test evidence exists, but strict AAA evidence is incomplete."
veilbreakers_terrain/handlers/terrain_framing.py,_framing_quality_gate,_framing_quality_gate,299,function,runtime_handler,generic,UE_PCG|FASTNOISELITE,"Prove runtime relevance, deterministic behavior, direct tests, caller wiring, typed contracts, and no dead/orphan code before claiming generator quality.",C,WIRE_OR_DEPRECATE,test_only_or_unwired,Wiring scan status is test_only_or_unwired; production path is not proven. Structural/helper callable: cannot exceed C+ without direct contract tests and parent-surface proof.
veilbreakers_terrain/handlers/terrain_framing.py,register_framing_pass,register_framing_pass,363,function,runtime_handler,generic,UE_PCG|FASTNOISELITE,"Prove runtime relevance, deterministic behavior, direct tests, caller wiring, typed contracts, and no dead/orphan code before claiming generator quality.",C+,REVIEW_FOR_B,runtime_primary,"Runtime/test evidence exists, but strict AAA evidence is incomplete."
veilbreakers_terrain/handlers/terrain_gameplay_zones.py,GameplayZoneType,GameplayZoneType,41,class,runtime_handler,generic,UE_PCG|FASTNOISELITE,"Prove runtime relevance, deterministic behavior, direct tests, caller wiring, typed contracts, and no dead/orphan code before claiming generator quality.",D+,WIRE_OR_DEPRECATE,missing_wiring_row,No callable-wiring row; runtime path is unproven. Structural/helper callable: cannot exceed C+ without direct contract tests and parent-surface proof.
veilbreakers_terrain/handlers/terrain_gameplay_zones.py,_label_zones,_label_zones,51,function,runtime_handler,generic,UE_PCG|FASTNOISELITE,"Prove runtime relevance, deterministic behavior, direct tests, caller wiring, typed contracts, and no dead/orphan code before claiming generator quality.",C+,PROVE_PARENT_CONTRACT_OR_INLINE,helper_reachable,"Runtime/test evidence exists, but strict AAA evidence is incomplete. Structural/helper callable: cannot exceed C+ without direct contract tests and parent-surface proof."
veilbreakers_terrain/handlers/terrain_gameplay_zones.py,_compute_cover_score,_compute_cover_score,90,function,runtime_handler,generic,UE_PCG|FASTNOISELITE,"Prove runtime relevance, deterministic behavior, direct tests, caller wiring, typed contracts, and no dead/orphan code before claiming generator quality.",C+,PROVE_PARENT_CONTRACT_OR_INLINE,helper_reachable,"Runtime/test evidence exists, but strict AAA evidence is incomplete. Structural/helper callable: cannot exceed C+ without direct contract tests and parent-surface proof."
veilbreakers_terrain/handlers/terrain_gameplay_zones.py,_compute_sky_exposure,_compute_sky_exposure,124,function,runtime_handler,generic,UE_PCG|FASTNOISELITE,"Prove runtime relevance, deterministic behavior, direct tests, caller wiring, typed contracts, and no dead/orphan code before claiming generator quality.",C+,PROVE_PARENT_CONTRACT_OR_INLINE,helper_reachable,"Runtime/test evidence exists, but strict AAA evidence is incomplete. Structural/helper callable: cannot exceed C+ without direct contract tests and parent-surface proof."
veilbreakers_terrain/handlers/terrain_gameplay_zones.py,_compute_choke_score,_compute_choke_score,152,function,runtime_handler,generic,UE_PCG|FASTNOISELITE,"Prove runtime relevance, deterministic behavior, direct tests, caller wiring, typed contracts, and no dead/orphan code before claiming generator quality.",C+,PROVE_PARENT_CONTRACT_OR_INLINE,helper_reachable,"Runtime/test evidence exists, but strict AAA evidence is incomplete. Structural/helper callable: cannot exceed C+ without direct contract tests and parent-surface proof."
veilbreakers_terrain/handlers/terrain_gameplay_zones.py,_compute_vantage_score,_compute_vantage_score,217,function,runtime_handler,generic,UE_PCG|FASTNOISELITE,"Prove runtime relevance, deterministic behavior, direct tests, caller wiring, typed contracts, and no dead/orphan code before claiming generator quality.",C+,PROVE_PARENT_CONTRACT_OR_INLINE,helper_reachable,"Runtime/test evidence exists, but strict AAA evidence is incomplete. Structural/helper callable: cannot exceed C+ without direct contract tests and parent-surface proof."
veilbreakers_terrain/handlers/terrain_gameplay_zones.py,compute_gameplay_zones,compute_gameplay_zones,258,function,runtime_handler,generic,UE_PCG|FASTNOISELITE,"Prove runtime relevance, deterministic behavior, direct tests, caller wiring, typed contracts, and no dead/orphan code before claiming generator quality.",C+,REVIEW_FOR_B,helper_reachable,"Runtime/test evidence exists, but strict AAA evidence is incomplete."
veilbreakers_terrain/handlers/terrain_gameplay_zones.py,compute_gameplay_zones._apply_zone_with_cc,_apply_zone_with_cc,330,nested_function,runtime_handler,generic,UE_PCG|FASTNOISELITE,"Prove runtime relevance, deterministic behavior, direct tests, caller wiring, typed contracts, and no dead/orphan code before claiming generator quality.",C,ADD_DIRECT_TESTS,helper_reachable,"Runtime path exists, but direct test evidence is missing. Structural/helper callable: cannot exceed C+ without direct contract tests and parent-surface proof."
veilbreakers_terrain/handlers/terrain_gameplay_zones.py,_compute_gameplay_score_metrics,_compute_gameplay_score_metrics,374,function,runtime_handler,generic,UE_PCG|FASTNOISELITE,"Prove runtime relevance, deterministic behavior, direct tests, caller wiring, typed contracts, and no dead/orphan code before claiming generator quality.",C+,PROVE_PARENT_CONTRACT_OR_INLINE,helper_reachable,"Runtime/test evidence exists, but strict AAA evidence is incomplete. Structural/helper callable: cannot exceed C+ without direct contract tests and parent-surface proof."
veilbreakers_terrain/handlers/terrain_gameplay_zones.py,pass_gameplay_zones,pass_gameplay_zones,399,function,runtime_handler,generic,UE_PCG|FASTNOISELITE,"Prove runtime relevance, deterministic behavior, direct tests, caller wiring, typed contracts, and no dead/orphan code before claiming generator quality.",C+,REVIEW_FOR_B,runtime_primary,"Runtime/test evidence exists, but strict AAA evidence is incomplete."
veilbreakers_terrain/handlers/terrain_gameplay_zones.py,register_bundle_j_gameplay_zones_pass,register_bundle_j_gameplay_zones_pass,450,function,runtime_handler,generic,UE_PCG|FASTNOISELITE,"Prove runtime relevance, deterministic behavior, direct tests, caller wiring, typed contracts, and no dead/orphan code before claiming generator quality.",C,ADD_DIRECT_TESTS,runtime_primary,"Runtime path exists, but direct test evidence is missing."
veilbreakers_terrain/handlers/terrain_geology_validator.py,register_bundle_i_passes,register_bundle_i_passes,499,function,runtime_handler,generic,UE_PCG|FASTNOISELITE,"Prove runtime relevance, deterministic behavior, direct tests, caller wiring, typed contracts, and no dead/orphan code before claiming generator quality.",C+,REVIEW_FOR_B,runtime_primary,"Runtime/test evidence exists, but strict AAA evidence is incomplete."
veilbreakers_terrain/handlers/terrain_glacial.py,carve_u_valley,carve_u_valley,47,function,runtime_handler,generic,UE_PCG|FASTNOISELITE,"Prove runtime relevance, deterministic behavior, direct tests, caller wiring, typed contracts, and no dead/orphan code before claiming generator quality.",C+,REVIEW_FOR_B,helper_reachable,"Runtime/test evidence exists, but strict AAA evidence is incomplete."
veilbreakers_terrain/handlers/terrain_glacial.py,compute_snow_line,compute_snow_line,266,function,runtime_handler,generic,UE_PCG|FASTNOISELITE,"Prove runtime relevance, deterministic behavior, direct tests, caller wiring, typed contracts, and no dead/orphan code before claiming generator quality.",C+,REVIEW_FOR_B,helper_reachable,"Runtime/test evidence exists, but strict AAA evidence is incomplete."
veilbreakers_terrain/handlers/terrain_glacial.py,pass_glacial,pass_glacial,300,function,runtime_handler,generic,UE_PCG|FASTNOISELITE,"Prove runtime relevance, deterministic behavior, direct tests, caller wiring, typed contracts, and no dead/orphan code before claiming generator quality.",C+,REVIEW_FOR_B,runtime_primary,"Runtime/test evidence exists, but strict AAA evidence is incomplete."
veilbreakers_terrain/handlers/terrain_glacial.py,get_ice_formation_specs,get_ice_formation_specs,363,function,runtime_handler,generic,UE_PCG|FASTNOISELITE,"Prove runtime relevance, deterministic behavior, direct tests, caller wiring, typed contracts, and no dead/orphan code before claiming generator quality.",D+,WIRE_OR_DEPRECATE,orphan_candidate,Wiring scan marks this as orphan_candidate. Structural/helper callable: cannot exceed C+ without direct contract tests and parent-surface proof.
veilbreakers_terrain/handlers/terrain_god_ray_hints.py,GodRayHint,GodRayHint,44,class,runtime_handler,generic,UE_PCG|FASTNOISELITE,"Prove runtime relevance, deterministic behavior, direct tests, caller wiring, typed contracts, and no dead/orphan code before claiming generator quality.",D+,WIRE_OR_DEPRECATE,missing_wiring_row,No callable-wiring row; runtime path is unproven. Structural/helper callable: cannot exceed C+ without direct contract tests and parent-surface proof.
veilbreakers_terrain/handlers/terrain_god_ray_hints.py,GodRayHint.to_dict,to_dict,52,method,runtime_handler,generic,UE_PCG|FASTNOISELITE,"Prove runtime relevance, deterministic behavior, direct tests, caller wiring, typed contracts, and no dead/orphan code before claiming generator quality.",C+,PROVE_PARENT_CONTRACT_OR_INLINE,helper_reachable,"Runtime/test evidence exists, but strict AAA evidence is incomplete. Structural/helper callable: cannot exceed C+ without direct contract tests and parent-surface proof."
veilbreakers_terrain/handlers/terrain_god_ray_hints.py,_normalize_sun_dir,_normalize_sun_dir,66,function,runtime_handler,generic,UE_PCG|FASTNOISELITE,"Prove runtime relevance, deterministic behavior, direct tests, caller wiring, typed contracts, and no dead/orphan code before claiming generator quality.",C,ADD_DIRECT_TESTS,helper_reachable,"Runtime path exists, but direct test evidence is missing. Structural/helper callable: cannot exceed C+ without direct contract tests and parent-surface proof."
veilbreakers_terrain/handlers/terrain_god_ray_hints.py,_build_terrain_silhouette_shadow,_build_terrain_silhouette_shadow,75,function,runtime_handler,generic,UE_PCG|FASTNOISELITE,"Prove runtime relevance, deterministic behavior, direct tests, caller wiring, typed contracts, and no dead/orphan code before claiming generator quality.",C+,PROVE_PARENT_CONTRACT_OR_INLINE,helper_reachable,"Runtime/test evidence exists, but strict AAA evidence is incomplete. Structural/helper callable: cannot exceed C+ without direct contract tests and parent-surface proof."
veilbreakers_terrain/handlers/terrain_god_ray_hints.py,compute_god_ray_hints,compute_god_ray_hints,144,function,runtime_handler,generic,UE_PCG|FASTNOISELITE,"Prove runtime relevance, deterministic behavior, direct tests, caller wiring, typed contracts, and no dead/orphan code before claiming generator quality.",C+,REVIEW_FOR_B,helper_reachable,"Runtime/test evidence exists, but strict AAA evidence is incomplete."
veilbreakers_terrain/handlers/terrain_god_ray_hints.py,pass_god_ray_hints,pass_god_ray_hints,363,function,runtime_handler,generic,UE_PCG|FASTNOISELITE,"Prove runtime relevance, deterministic behavior, direct tests, caller wiring, typed contracts, and no dead/orphan code before claiming generator quality.",C+,REVIEW_FOR_B,runtime_primary,"Runtime/test evidence exists, but strict AAA evidence is incomplete."
veilbreakers_terrain/handlers/terrain_god_ray_hints.py,register_bundle_l_god_ray_hints_pass,register_bundle_l_god_ray_hints_pass,412,function,runtime_handler,generic,UE_PCG|FASTNOISELITE,"Prove runtime relevance, deterministic behavior, direct tests, caller wiring, typed contracts, and no dead/orphan code before claiming generator quality.",C,ADD_DIRECT_TESTS,runtime_primary,"Runtime path exists, but direct test evidence is missing."
veilbreakers_terrain/handlers/terrain_golden_snapshots.py,GoldenSnapshot.to_dict,to_dict,49,method,runtime_handler,generic,UE_PCG|FASTNOISELITE,"Prove runtime relevance, deterministic behavior, direct tests, caller wiring, typed contracts, and no dead/orphan code before claiming generator quality.",C+,PROVE_PARENT_CONTRACT_OR_INLINE,helper_reachable,"Runtime/test evidence exists, but strict AAA evidence is incomplete. Structural/helper callable: cannot exceed C+ without direct contract tests and parent-surface proof."
veilbreakers_terrain/handlers/terrain_golden_snapshots.py,GoldenSnapshot.from_dict,from_dict,55,method,runtime_handler,generic,UE_PCG|FASTNOISELITE,"Prove runtime relevance, deterministic behavior, direct tests, caller wiring, typed contracts, and no dead/orphan code before claiming generator quality.",C+,PROVE_PARENT_CONTRACT_OR_INLINE,helper_reachable,"Runtime/test evidence exists, but strict AAA evidence is incomplete. Structural/helper callable: cannot exceed C+ without direct contract tests and parent-surface proof."
veilbreakers_terrain/handlers/terrain_hierarchy.py,FeatureTier,FeatureTier,28,class,runtime_handler,generic,UE_PCG|FASTNOISELITE,"Prove runtime relevance, deterministic behavior, direct tests, caller wiring, typed contracts, and no dead/orphan code before claiming generator quality.",D+,WIRE_OR_DEPRECATE,missing_wiring_row,No callable-wiring row; runtime path is unproven. Structural/helper callable: cannot exceed C+ without direct contract tests and parent-surface proof.
veilbreakers_terrain/handlers/terrain_hierarchy.py,FeatureTier.from_str,from_str,35,method,runtime_handler,generic,UE_PCG|FASTNOISELITE,"Prove runtime relevance, deterministic behavior, direct tests, caller wiring, typed contracts, and no dead/orphan code before claiming generator quality.",C+,PROVE_PARENT_CONTRACT_OR_INLINE,helper_reachable,"Runtime/test evidence exists, but strict AAA evidence is incomplete. Structural/helper callable: cannot exceed C+ without direct contract tests and parent-surface proof."

