File,Qualified Name,Function,Line,Kind,Scope,R12 Domain,Research Refs,Best Practice Baseline,R12 Strict Grade,R12 Remediation,Wiring Status,R12 Findings
scripts/build_aaa_node_v1.py,_scatter_foliage,_scatter_foliage,1215,function,script,scatter_foliage,UE_PCG|INFINIGEN|FROSTBITE_TERRAIN,"Use species catalogs, density falloffs, forest core/edge/sparse bands, slope/moisture/altitude constraints, LOD/instancing/export budgets, and rendered grass/tree variety proof.",D+,WIRE_OR_DEPRECATE,missing_wiring_row,No callable-wiring row; runtime path is unproven. Structural/helper callable: cannot exceed C+ without direct contract tests and parent-surface proof. Product terrain domain lacks attached live visual golden/render proof. Script/tooling callable is capped without CI gate integration.
scripts/build_scene_v2.py,_make_tree,_make_tree,334,function,script,scatter_foliage,UE_PCG|INFINIGEN|FROSTBITE_TERRAIN,"Use species catalogs, density falloffs, forest core/edge/sparse bands, slope/moisture/altitude constraints, LOD/instancing/export budgets, and rendered grass/tree variety proof.",D+,WIRE_OR_DEPRECATE,missing_wiring_row,No callable-wiring row; runtime path is unproven. Structural/helper callable: cannot exceed C+ without direct contract tests and parent-surface proof. Product terrain domain lacks attached live visual golden/render proof. Script/tooling callable is capped without CI gate integration.
scripts/build_scene_v2.py,_scatter_trees,_scatter_trees,421,function,script,scatter_foliage,UE_PCG|INFINIGEN|FROSTBITE_TERRAIN,"Use species catalogs, density falloffs, forest core/edge/sparse bands, slope/moisture/altitude constraints, LOD/instancing/export budgets, and rendered grass/tree variety proof.",D+,WIRE_OR_DEPRECATE,missing_wiring_row,No callable-wiring row; runtime path is unproven. Structural/helper callable: cannot exceed C+ without direct contract tests and parent-surface proof. Product terrain domain lacks attached live visual golden/render proof. Script/tooling callable is capped without CI gate integration.
scripts/build_scene_v2.py,_scatter_rocks,_scatter_rocks,472,function,script,scatter_foliage,UE_PCG|INFINIGEN|FROSTBITE_TERRAIN,"Use species catalogs, density falloffs, forest core/edge/sparse bands, slope/moisture/altitude constraints, LOD/instancing/export budgets, and rendered grass/tree variety proof.",D+,WIRE_OR_DEPRECATE,missing_wiring_row,No callable-wiring row; runtime path is unproven. Structural/helper callable: cannot exceed C+ without direct contract tests and parent-surface proof. Product terrain domain lacks attached live visual golden/render proof. Script/tooling callable is capped without CI gate integration.
scripts/build_scene_v2.py,_add_grass,_add_grass,528,function,script,scatter_foliage,UE_PCG|INFINIGEN|FROSTBITE_TERRAIN,"Use species catalogs, density falloffs, forest core/edge/sparse bands, slope/moisture/altitude constraints, LOD/instancing/export budgets, and rendered grass/tree variety proof.",D+,WIRE_OR_DEPRECATE,missing_wiring_row,No callable-wiring row; runtime path is unproven. Structural/helper callable: cannot exceed C+ without direct contract tests and parent-surface proof. Product terrain domain lacks attached live visual golden/render proof. Script/tooling callable is capped without CI gate integration.
scripts/build_scene_v3.py,make_broad_tree_mesh,make_broad_tree_mesh,800,function,script,scatter_foliage,UE_PCG|INFINIGEN|FROSTBITE_TERRAIN,"Use species catalogs, density falloffs, forest core/edge/sparse bands, slope/moisture/altitude constraints, LOD/instancing/export budgets, and rendered grass/tree variety proof.",D+,WIRE_OR_DEPRECATE,missing_wiring_row,No callable-wiring row; runtime path is unproven. Product terrain domain lacks attached live visual golden/render proof. Script/tooling callable is capped without CI gate integration.
scripts/build_scene_v3.py,scatter_trees,scatter_trees,845,function,script,scatter_foliage,UE_PCG|INFINIGEN|FROSTBITE_TERRAIN,"Use species catalogs, density falloffs, forest core/edge/sparse bands, slope/moisture/altitude constraints, LOD/instancing/export budgets, and rendered grass/tree variety proof.",D+,WIRE_OR_DEPRECATE,missing_wiring_row,No callable-wiring row; runtime path is unproven. Product terrain domain lacks attached live visual golden/render proof. Script/tooling callable is capped without CI gate integration.
scripts/build_scene_v3.py,scatter_rocks,scatter_rocks,911,function,script,scatter_foliage,UE_PCG|INFINIGEN|FROSTBITE_TERRAIN,"Use species catalogs, density falloffs, forest core/edge/sparse bands, slope/moisture/altitude constraints, LOD/instancing/export budgets, and rendered grass/tree variety proof.",D+,WIRE_OR_DEPRECATE,missing_wiring_row,No callable-wiring row; runtime path is unproven. Product terrain domain lacks attached live visual golden/render proof. Script/tooling callable is capped without CI gate integration.
scripts/build_scene_v3.py,scatter_retired_model_provider_catalog,scatter_retired_model_provider_catalog,967,function,script,scatter_foliage,UE_PCG|INFINIGEN|FROSTBITE_TERRAIN,"Use species catalogs, density falloffs, forest core/edge/sparse bands, slope/moisture/altitude constraints, LOD/instancing/export budgets, and rendered grass/tree variety proof.",D+,WIRE_OR_DEPRECATE,missing_wiring_row,No callable-wiring row; runtime path is unproven. Product terrain domain lacks attached live visual golden/render proof. Script/tooling callable is capped without CI gate integration.
scripts/build_scene_v3.py,scatter_retired_model_provider_catalog._lod0,_lod0,989,nested_function,script,scatter_foliage,UE_PCG|INFINIGEN|FROSTBITE_TERRAIN,"Use species catalogs, density falloffs, forest core/edge/sparse bands, slope/moisture/altitude constraints, LOD/instancing/export budgets, and rendered grass/tree variety proof.",D+,WIRE_OR_DEPRECATE,missing_wiring_row,No callable-wiring row; runtime path is unproven. Structural/helper callable: cannot exceed C+ without direct contract tests and parent-surface proof. Product terrain domain lacks attached live visual golden/render proof. Script/tooling callable is capped without CI gate integration.
scripts/build_scene_v3.py,add_grass,add_grass,1061,function,script,scatter_foliage,UE_PCG|INFINIGEN|FROSTBITE_TERRAIN,"Use species catalogs, density falloffs, forest core/edge/sparse bands, slope/moisture/altitude constraints, LOD/instancing/export budgets, and rendered grass/tree variety proof.",D+,WIRE_OR_DEPRECATE,missing_wiring_row,No callable-wiring row; runtime path is unproven. Product terrain domain lacks attached live visual golden/render proof. Script/tooling callable is capped without CI gate integration.
scripts/ingest_retired_model_provider_asset.py,detect_category,detect_category,136,function,script,scatter_foliage,UE_PCG|INFINIGEN|FROSTBITE_TERRAIN,"Use species catalogs, density falloffs, forest core/edge/sparse bands, slope/moisture/altitude constraints, LOD/instancing/export budgets, and rendered grass/tree variety proof.",D+,WIRE_OR_DEPRECATE,missing_wiring_row,No callable-wiring row; runtime path is unproven. Product terrain domain lacks attached live visual golden/render proof. Script/tooling callable is capped without CI gate integration.
scripts/ingest_retired_model_provider_asset.py,resolve_asset_id,resolve_asset_id,153,function,script,scatter_foliage,UE_PCG|INFINIGEN|FROSTBITE_TERRAIN,"Use species catalogs, density falloffs, forest core/edge/sparse bands, slope/moisture/altitude constraints, LOD/instancing/export budgets, and rendered grass/tree variety proof.",D+,WIRE_OR_DEPRECATE,missing_wiring_row,No callable-wiring row; runtime path is unproven. Structural/helper callable: cannot exceed C+ without direct contract tests and parent-surface proof. Product terrain domain lacks attached live visual golden/render proof. Script/tooling callable is capped without CI gate integration.
scripts/ingest_retired_model_provider_asset.py,build_job,build_job,172,function,script,scatter_foliage,UE_PCG|INFINIGEN|FROSTBITE_TERRAIN,"Use species catalogs, density falloffs, forest core/edge/sparse bands, slope/moisture/altitude constraints, LOD/instancing/export budgets, and rendered grass/tree variety proof.",D+,WIRE_OR_DEPRECATE,missing_wiring_row,No callable-wiring row; runtime path is unproven. Product terrain domain lacks attached live visual golden/render proof. Script/tooling callable is capped without CI gate integration.
scripts/ingest_retired_model_provider_asset.py,extract_if_zip,extract_if_zip,211,function,script,scatter_foliage,UE_PCG|INFINIGEN|FROSTBITE_TERRAIN,"Use species catalogs, density falloffs, forest core/edge/sparse bands, slope/moisture/altitude constraints, LOD/instancing/export budgets, and rendered grass/tree variety proof.",D+,WIRE_OR_DEPRECATE,missing_wiring_row,No callable-wiring row; runtime path is unproven. Product terrain domain lacks attached live visual golden/render proof. Script/tooling callable is capped without CI gate integration.
scripts/ingest_retired_model_provider_asset.py,load_catalog,load_catalog,231,function,script,scatter_foliage,UE_PCG|INFINIGEN|FROSTBITE_TERRAIN,"Use species catalogs, density falloffs, forest core/edge/sparse bands, slope/moisture/altitude constraints, LOD/instancing/export budgets, and rendered grass/tree variety proof.",D+,WIRE_OR_DEPRECATE,missing_wiring_row,No callable-wiring row; runtime path is unproven. Product terrain domain lacks attached live visual golden/render proof. Script/tooling callable is capped without CI gate integration.
scripts/ingest_retired_model_provider_asset.py,write_catalog,write_catalog,244,function,script,scatter_foliage,UE_PCG|INFINIGEN|FROSTBITE_TERRAIN,"Use species catalogs, density falloffs, forest core/edge/sparse bands, slope/moisture/altitude constraints, LOD/instancing/export budgets, and rendered grass/tree variety proof.",D+,WIRE_OR_DEPRECATE,missing_wiring_row,No callable-wiring row; runtime path is unproven. Product terrain domain lacks attached live visual golden/render proof. Script/tooling callable is capped without CI gate integration.
scripts/ingest_retired_model_provider_asset.py,register_asset,register_asset,252,function,script,scatter_foliage,UE_PCG|INFINIGEN|FROSTBITE_TERRAIN,"Use species catalogs, density falloffs, forest core/edge/sparse bands, slope/moisture/altitude constraints, LOD/instancing/export budgets, and rendered grass/tree variety proof.",D+,WIRE_OR_DEPRECATE,missing_wiring_row,No callable-wiring row; runtime path is unproven. Product terrain domain lacks attached live visual golden/render proof. Script/tooling callable is capped without CI gate integration.
scripts/ingest_retired_model_provider_asset.py,_read_synthetic_mesh,_read_synthetic_mesh,271,function,script,scatter_foliage,UE_PCG|INFINIGEN|FROSTBITE_TERRAIN,"Use species catalogs, density falloffs, forest core/edge/sparse bands, slope/moisture/altitude constraints, LOD/instancing/export budgets, and rendered grass/tree variety proof.",D+,WIRE_OR_DEPRECATE,missing_wiring_row,No callable-wiring row; runtime path is unproven. Structural/helper callable: cannot exceed C+ without direct contract tests and parent-surface proof. Product terrain domain lacks attached live visual golden/render proof. Script/tooling callable is capped without CI gate integration.
scripts/ingest_retired_model_provider_asset.py,_write_synthetic_mesh,_write_synthetic_mesh,280,function,script,scatter_foliage,UE_PCG|INFINIGEN|FROSTBITE_TERRAIN,"Use species catalogs, density falloffs, forest core/edge/sparse bands, slope/moisture/altitude constraints, LOD/instancing/export budgets, and rendered grass/tree variety proof.",D+,WIRE_OR_DEPRECATE,missing_wiring_row,No callable-wiring row; runtime path is unproven. Structural/helper callable: cannot exceed C+ without direct contract tests and parent-surface proof. Product terrain domain lacks attached live visual golden/render proof. Script/tooling callable is capped without CI gate integration.
scripts/ingest_retired_model_provider_asset.py,_stride_decimate,_stride_decimate,290,function,script,scatter_foliage,UE_PCG|INFINIGEN|FROSTBITE_TERRAIN,"Use species catalogs, density falloffs, forest core/edge/sparse bands, slope/moisture/altitude constraints, LOD/instancing/export budgets, and rendered grass/tree variety proof.",D+,WIRE_OR_DEPRECATE,missing_wiring_row,No callable-wiring row; runtime path is unproven. Structural/helper callable: cannot exceed C+ without direct contract tests and parent-surface proof. Product terrain domain lacks attached live visual golden/render proof. Script/tooling callable is capped without CI gate integration.
scripts/ingest_retired_model_provider_asset.py,_bbox,_bbox,323,function,script,scatter_foliage,UE_PCG|INFINIGEN|FROSTBITE_TERRAIN,"Use species catalogs, density falloffs, forest core/edge/sparse bands, slope/moisture/altitude constraints, LOD/instancing/export budgets, and rendered grass/tree variety proof.",D+,WIRE_OR_DEPRECATE,missing_wiring_row,No callable-wiring row; runtime path is unproven. Structural/helper callable: cannot exceed C+ without direct contract tests and parent-surface proof. Product terrain domain lacks attached live visual golden/render proof. Script/tooling callable is capped without CI gate integration.
scripts/ingest_retired_model_provider_asset.py,run_synthetic_ingest,run_synthetic_ingest,338,function,script,scatter_foliage,UE_PCG|INFINIGEN|FROSTBITE_TERRAIN,"Use species catalogs, density falloffs, forest core/edge/sparse bands, slope/moisture/altitude constraints, LOD/instancing/export budgets, and rendered grass/tree variety proof.",D+,WIRE_OR_DEPRECATE,missing_wiring_row,No callable-wiring row; runtime path is unproven. Product terrain domain lacks attached live visual golden/render proof. Script/tooling callable is capped without CI gate integration.
scripts/ingest_retired_model_provider_asset.py,run_blender_ingest,run_blender_ingest,574,function,script,scatter_foliage,UE_PCG|INFINIGEN|FROSTBITE_TERRAIN,"Use species catalogs, density falloffs, forest core/edge/sparse bands, slope/moisture/altitude constraints, LOD/instancing/export budgets, and rendered grass/tree variety proof.",D+,WIRE_OR_DEPRECATE,missing_wiring_row,No callable-wiring row; runtime path is unproven. Product terrain domain lacks attached live visual golden/render proof. Script/tooling callable is capped without CI gate integration.
scripts/ingest_retired_model_provider_asset.py,ingest,ingest,624,function,script,scatter_foliage,UE_PCG|INFINIGEN|FROSTBITE_TERRAIN,"Use species catalogs, density falloffs, forest core/edge/sparse bands, slope/moisture/altitude constraints, LOD/instancing/export budgets, and rendered grass/tree variety proof.",D+,WIRE_OR_DEPRECATE,missing_wiring_row,No callable-wiring row; runtime path is unproven. Product terrain domain lacks attached live visual golden/render proof. Script/tooling callable is capped without CI gate integration.
scripts/ingest_retired_model_provider_asset.py,_default_blender,_default_blender,659,function,script,scatter_foliage,UE_PCG|INFINIGEN|FROSTBITE_TERRAIN,"Use species catalogs, density falloffs, forest core/edge/sparse bands, slope/moisture/altitude constraints, LOD/instancing/export budgets, and rendered grass/tree variety proof.",D+,WIRE_OR_DEPRECATE,missing_wiring_row,No callable-wiring row; runtime path is unproven. Structural/helper callable: cannot exceed C+ without direct contract tests and parent-surface proof. Product terrain domain lacks attached live visual golden/render proof. Script/tooling callable is capped without CI gate integration.
scripts/ingest_retired_model_provider_asset.py,_parse_args,_parse_args,669,function,script,scatter_foliage,UE_PCG|INFINIGEN|FROSTBITE_TERRAIN,"Use species catalogs, density falloffs, forest core/edge/sparse bands, slope/moisture/altitude constraints, LOD/instancing/export budgets, and rendered grass/tree variety proof.",D+,WIRE_OR_DEPRECATE,missing_wiring_row,No callable-wiring row; runtime path is unproven. Structural/helper callable: cannot exceed C+ without direct contract tests and parent-surface proof. Product terrain domain lacks attached live visual golden/render proof. Script/tooling callable is capped without CI gate integration.
scripts/ingest_retired_model_provider_asset.py,main,main,698,function,script,scatter_foliage,UE_PCG|INFINIGEN|FROSTBITE_TERRAIN,"Use species catalogs, density falloffs, forest core/edge/sparse bands, slope/moisture/altitude constraints, LOD/instancing/export budgets, and rendered grass/tree variety proof.",D+,WIRE_OR_DEPRECATE,missing_wiring_row,No callable-wiring row; runtime path is unproven. Product terrain domain lacks attached live visual golden/render proof. Script/tooling callable is capped without CI gate integration.
veilbreakers_terrain/handlers/_scatter_engine.py,poisson_disk_sample,poisson_disk_sample,34,function,runtime_handler,scatter_foliage,UE_PCG|INFINIGEN|FROSTBITE_TERRAIN,"Use species catalogs, density falloffs, forest core/edge/sparse bands, slope/moisture/altitude constraints, LOD/instancing/export budgets, and rendered grass/tree variety proof.",C+,ADD_LIVE_VISUAL_GOLDEN,helper_reachable,"Runtime/test evidence exists, but strict AAA evidence is incomplete. Product terrain domain lacks attached live visual golden/render proof."
veilbreakers_terrain/handlers/_scatter_engine.py,poisson_disk_sample._density_at,_density_at,107,nested_function,runtime_handler,scatter_foliage,UE_PCG|INFINIGEN|FROSTBITE_TERRAIN,"Use species catalogs, density falloffs, forest core/edge/sparse bands, slope/moisture/altitude constraints, LOD/instancing/export budgets, and rendered grass/tree variety proof.",C,ADD_DIRECT_TESTS,helper_reachable,"Runtime path exists, but direct test evidence is missing. Structural/helper callable: cannot exceed C+ without direct contract tests and parent-surface proof. Product terrain domain lacks attached live visual golden/render proof."
veilbreakers_terrain/handlers/_scatter_engine.py,poisson_disk_sample._grid_idx,_grid_idx,136,nested_function,runtime_handler,scatter_foliage,UE_PCG|INFINIGEN|FROSTBITE_TERRAIN,"Use species catalogs, density falloffs, forest core/edge/sparse bands, slope/moisture/altitude constraints, LOD/instancing/export budgets, and rendered grass/tree variety proof.",C,ADD_DIRECT_TESTS,helper_reachable,"Runtime path exists, but direct test evidence is missing. Structural/helper callable: cannot exceed C+ without direct contract tests and parent-surface proof. Product terrain domain lacks attached live visual golden/render proof."
veilbreakers_terrain/handlers/_scatter_engine.py,poisson_disk_sample._is_valid,_is_valid,143,nested_function,runtime_handler,scatter_foliage,UE_PCG|INFINIGEN|FROSTBITE_TERRAIN,"Use species catalogs, density falloffs, forest core/edge/sparse bands, slope/moisture/altitude constraints, LOD/instancing/export budgets, and rendered grass/tree variety proof.",C,ADD_DIRECT_TESTS,helper_reachable,"Runtime path exists, but direct test evidence is missing. Structural/helper callable: cannot exceed C+ without direct contract tests and parent-surface proof. Product terrain domain lacks attached live visual golden/render proof."
veilbreakers_terrain/handlers/_scatter_engine.py,lloyd_relax_points,lloyd_relax_points,212,function,runtime_handler,scatter_foliage,UE_PCG|INFINIGEN|FROSTBITE_TERRAIN,"Use species catalogs, density falloffs, forest core/edge/sparse bands, slope/moisture/altitude constraints, LOD/instancing/export budgets, and rendered grass/tree variety proof.",C,ADD_DIRECT_TESTS,helper_reachable,"Runtime path exists, but direct test evidence is missing. Product terrain domain lacks attached live visual golden/render proof."
veilbreakers_terrain/handlers/_scatter_engine.py,context_scatter,context_scatter,587,function,runtime_handler,scatter_foliage,UE_PCG|INFINIGEN|FROSTBITE_TERRAIN,"Use species catalogs, density falloffs, forest core/edge/sparse bands, slope/moisture/altitude constraints, LOD/instancing/export budgets, and rendered grass/tree variety proof.",C+,ADD_LIVE_VISUAL_GOLDEN,helper_reachable,"Runtime/test evidence exists, but strict AAA evidence is incomplete. Product terrain domain lacks attached live visual golden/render proof."
veilbreakers_terrain/handlers/_scatter_engine.py,context_scatter._map_sample,_map_sample,734,nested_function,runtime_handler,scatter_foliage,UE_PCG|INFINIGEN|FROSTBITE_TERRAIN,"Use species catalogs, density falloffs, forest core/edge/sparse bands, slope/moisture/altitude constraints, LOD/instancing/export budgets, and rendered grass/tree variety proof.",C,ADD_DIRECT_TESTS,helper_reachable,"Runtime path exists, but direct test evidence is missing. Structural/helper callable: cannot exceed C+ without direct contract tests and parent-surface proof. Product terrain domain lacks attached live visual golden/render proof."
veilbreakers_terrain/handlers/_scatter_engine.py,_weighted_choice,_weighted_choice,856,function,runtime_handler,scatter_foliage,UE_PCG|INFINIGEN|FROSTBITE_TERRAIN,"Use species catalogs, density falloffs, forest core/edge/sparse bands, slope/moisture/altitude constraints, LOD/instancing/export budgets, and rendered grass/tree variety proof.",C,ADD_DIRECT_TESTS,helper_reachable,"Runtime path exists, but direct test evidence is missing. Structural/helper callable: cannot exceed C+ without direct contract tests and parent-surface proof. Product terrain domain lacks attached live visual golden/render proof."
veilbreakers_terrain/handlers/_scatter_engine.py,generate_breakable_variants,generate_breakable_variants,936,function,runtime_handler,scatter_foliage,UE_PCG|INFINIGEN|FROSTBITE_TERRAIN,"Use species catalogs, density falloffs, forest core/edge/sparse bands, slope/moisture/altitude constraints, LOD/instancing/export budgets, and rendered grass/tree variety proof.",C+,ADD_LIVE_VISUAL_GOLDEN,helper_reachable,"Runtime/test evidence exists, but strict AAA evidence is incomplete. Product terrain domain lacks attached live visual golden/render proof."
veilbreakers_terrain/handlers/_scatter_engine.py,_build_geometry_op,_build_geometry_op,1006,function,runtime_handler,scatter_foliage,UE_PCG|INFINIGEN|FROSTBITE_TERRAIN,"Use species catalogs, density falloffs, forest core/edge/sparse bands, slope/moisture/altitude constraints, LOD/instancing/export budgets, and rendered grass/tree variety proof.",C,ADD_DIRECT_TESTS,helper_reachable,"Runtime path exists, but direct test evidence is missing. Structural/helper callable: cannot exceed C+ without direct contract tests and parent-surface proof. Product terrain domain lacks attached live visual golden/render proof."
veilbreakers_terrain/handlers/_scatter_engine.py,_generate_fragments,_generate_fragments,1020,function,runtime_handler,scatter_foliage,UE_PCG|INFINIGEN|FROSTBITE_TERRAIN,"Use species catalogs, density falloffs, forest core/edge/sparse bands, slope/moisture/altitude constraints, LOD/instancing/export budgets, and rendered grass/tree variety proof.",C,ADD_DIRECT_TESTS,helper_reachable,"Runtime path exists, but direct test evidence is missing. Structural/helper callable: cannot exceed C+ without direct contract tests and parent-surface proof. Product terrain domain lacks attached live visual golden/render proof."
veilbreakers_terrain/handlers/_scatter_engine.py,_generate_debris,_generate_debris,1067,function,runtime_handler,scatter_foliage,UE_PCG|INFINIGEN|FROSTBITE_TERRAIN,"Use species catalogs, density falloffs, forest core/edge/sparse bands, slope/moisture/altitude constraints, LOD/instancing/export budgets, and rendered grass/tree variety proof.",C,ADD_DIRECT_TESTS,helper_reachable,"Runtime path exists, but direct test evidence is missing. Structural/helper callable: cannot exceed C+ without direct contract tests and parent-surface proof. Product terrain domain lacks attached live visual golden/render proof."
veilbreakers_terrain/handlers/_scatter_engine.py,generate_sinkhole,generate_sinkhole,1516,function,runtime_handler,scatter_foliage,UE_PCG|INFINIGEN|FROSTBITE_TERRAIN,"Use species catalogs, density falloffs, forest core/edge/sparse bands, slope/moisture/altitude constraints, LOD/instancing/export budgets, and rendered grass/tree variety proof.",C+,ADD_LIVE_VISUAL_GOLDEN,helper_reachable,"Runtime/test evidence exists, but strict AAA evidence is incomplete. Product terrain domain lacks attached live visual golden/render proof."
veilbreakers_terrain/handlers/_scatter_engine.py,generate_floating_rocks,generate_floating_rocks,1621,function,runtime_handler,scatter_foliage,UE_PCG|INFINIGEN|FROSTBITE_TERRAIN,"Use species catalogs, density falloffs, forest core/edge/sparse bands, slope/moisture/altitude constraints, LOD/instancing/export budgets, and rendered grass/tree variety proof.",C,WIRE_OR_DEPRECATE,test_only_or_unwired,Wiring scan status is test_only_or_unwired; production path is not proven. Product terrain domain lacks attached live visual golden/render proof.
veilbreakers_terrain/handlers/_scatter_engine.py,generate_ice_formation,generate_ice_formation,1727,function,runtime_handler,scatter_foliage,UE_PCG|INFINIGEN|FROSTBITE_TERRAIN,"Use species catalogs, density falloffs, forest core/edge/sparse bands, slope/moisture/altitude constraints, LOD/instancing/export budgets, and rendered grass/tree variety proof.",C+,ADD_LIVE_VISUAL_GOLDEN,helper_reachable,"Runtime/test evidence exists, but strict AAA evidence is incomplete. Product terrain domain lacks attached live visual golden/render proof."
veilbreakers_terrain/handlers/_scatter_engine.py,generate_lava_flow,generate_lava_flow,1819,function,runtime_handler,scatter_foliage,UE_PCG|INFINIGEN|FROSTBITE_TERRAIN,"Use species catalogs, density falloffs, forest core/edge/sparse bands, slope/moisture/altitude constraints, LOD/instancing/export budgets, and rendered grass/tree variety proof.",C,WIRE_OR_DEPRECATE,test_only_or_unwired,Wiring scan status is test_only_or_unwired; production path is not proven. Product terrain domain lacks attached live visual golden/render proof.
veilbreakers_terrain/handlers/environment.py,_sanitize_scatter_scale_range,_sanitize_scatter_scale_range,842,function,runtime_handler,scatter_foliage,UE_PCG|INFINIGEN|FROSTBITE_TERRAIN,"Use species catalogs, density falloffs, forest core/edge/sparse bands, slope/moisture/altitude constraints, LOD/instancing/export budgets, and rendered grass/tree variety proof.",C,ADD_DIRECT_TESTS,helper_reachable,"Runtime path exists, but direct test evidence is missing. Structural/helper callable: cannot exceed C+ without direct contract tests and parent-surface proof. Product terrain domain lacks attached live visual golden/render proof."
veilbreakers_terrain/handlers/environment.py,_infer_retired_model_provider_asset_class,_infer_retired_model_provider_asset_class,860,function,runtime_handler,scatter_foliage,UE_PCG|INFINIGEN|FROSTBITE_TERRAIN,"Use species catalogs, density falloffs, forest core/edge/sparse bands, slope/moisture/altitude constraints, LOD/instancing/export budgets, and rendered grass/tree variety proof.",C,ADD_DIRECT_TESTS,helper_reachable,"Runtime path exists, but direct test evidence is missing. Structural/helper callable: cannot exceed C+ without direct contract tests and parent-surface proof. Product terrain domain lacks attached live visual golden/render proof."
veilbreakers_terrain/handlers/environment_scatter.py,_require_bpy,_require_bpy,41,function,runtime_handler,scatter_foliage,UE_PCG|INFINIGEN|FROSTBITE_TERRAIN,"Use species catalogs, density falloffs, forest core/edge/sparse bands, slope/moisture/altitude constraints, LOD/instancing/export budgets, and rendered grass/tree variety proof.",C,ADD_DIRECT_TESTS,helper_reachable,"Runtime path exists, but direct test evidence is missing. Structural/helper callable: cannot exceed C+ without direct contract tests and parent-surface proof. Product terrain domain lacks attached live visual golden/render proof."
veilbreakers_terrain/handlers/environment_scatter.py,_assign_scatter_material,_assign_scatter_material,167,function,runtime_handler,scatter_foliage,UE_PCG|INFINIGEN|FROSTBITE_TERRAIN,"Use species catalogs, density falloffs, forest core/edge/sparse bands, slope/moisture/altitude constraints, LOD/instancing/export budgets, and rendered grass/tree variety proof.",C,ADD_DIRECT_TESTS,helper_reachable,"Runtime path exists, but direct test evidence is missing. Structural/helper callable: cannot exceed C+ without direct contract tests and parent-surface proof. Product terrain domain lacks attached live visual golden/render proof."
veilbreakers_terrain/handlers/environment_scatter.py,_vegetation_rotation,_vegetation_rotation,310,function,runtime_handler,scatter_foliage,UE_PCG|INFINIGEN|FROSTBITE_TERRAIN,"Use species catalogs, density falloffs, forest core/edge/sparse bands, slope/moisture/altitude constraints, LOD/instancing/export budgets, and rendered grass/tree variety proof.",C,ADD_DIRECT_TESTS,helper_reachable,"Runtime path exists, but direct test evidence is missing. Structural/helper callable: cannot exceed C+ without direct contract tests and parent-surface proof. Product terrain domain lacks attached live visual golden/render proof."
veilbreakers_terrain/handlers/environment_scatter.py,_prop_rotation,_prop_rotation,316,function,runtime_handler,scatter_foliage,UE_PCG|INFINIGEN|FROSTBITE_TERRAIN,"Use species catalogs, density falloffs, forest core/edge/sparse bands, slope/moisture/altitude constraints, LOD/instancing/export budgets, and rendered grass/tree variety proof.",C,ADD_DIRECT_TESTS,helper_reachable,"Runtime path exists, but direct test evidence is missing. Structural/helper callable: cannot exceed C+ without direct contract tests and parent-surface proof. Product terrain domain lacks attached live visual golden/render proof."
veilbreakers_terrain/handlers/environment_scatter.py,_terrain_height_sampler,_terrain_height_sampler,322,function,runtime_handler,scatter_foliage,UE_PCG|INFINIGEN|FROSTBITE_TERRAIN,"Use species catalogs, density falloffs, forest core/edge/sparse bands, slope/moisture/altitude constraints, LOD/instancing/export budgets, and rendered grass/tree variety proof.",C,ADD_DIRECT_TESTS,helper_reachable,"Runtime path exists, but direct test evidence is missing. Structural/helper callable: cannot exceed C+ without direct contract tests and parent-surface proof. Product terrain domain lacks attached live visual golden/render proof."
veilbreakers_terrain/handlers/environment_scatter.py,_terrain_height_sampler._sample,_sample,358,nested_function,runtime_handler,scatter_foliage,UE_PCG|INFINIGEN|FROSTBITE_TERRAIN,"Use species catalogs, density falloffs, forest core/edge/sparse bands, slope/moisture/altitude constraints, LOD/instancing/export budgets, and rendered grass/tree variety proof.",C,ADD_DIRECT_TESTS,helper_reachable,"Runtime path exists, but direct test evidence is missing. Structural/helper callable: cannot exceed C+ without direct contract tests and parent-surface proof. Product terrain domain lacks attached live visual golden/render proof."
veilbreakers_terrain/handlers/environment_scatter.py,_world_to_terrain_uv,_world_to_terrain_uv,377,function,runtime_handler,scatter_foliage,UE_PCG|INFINIGEN|FROSTBITE_TERRAIN,"Use species catalogs, density falloffs, forest core/edge/sparse bands, slope/moisture/altitude constraints, LOD/instancing/export budgets, and rendered grass/tree variety proof.",C,ADD_DIRECT_TESTS,helper_reachable,"Runtime path exists, but direct test evidence is missing. Structural/helper callable: cannot exceed C+ without direct contract tests and parent-surface proof. Product terrain domain lacks attached live visual golden/render proof."
veilbreakers_terrain/handlers/environment_scatter.py,_sample_heightmap_surface_world,_sample_heightmap_surface_world,400,function,runtime_handler,scatter_foliage,UE_PCG|INFINIGEN|FROSTBITE_TERRAIN,"Use species catalogs, density falloffs, forest core/edge/sparse bands, slope/moisture/altitude constraints, LOD/instancing/export budgets, and rendered grass/tree variety proof.",C,ADD_DIRECT_TESTS,helper_reachable,"Runtime path exists, but direct test evidence is missing. Structural/helper callable: cannot exceed C+ without direct contract tests and parent-surface proof. Product terrain domain lacks attached live visual golden/render proof."
veilbreakers_terrain/handlers/environment_scatter.py,_sample_heightmap_world,_sample_heightmap_world,459,function,runtime_handler,scatter_foliage,UE_PCG|INFINIGEN|FROSTBITE_TERRAIN,"Use species catalogs, density falloffs, forest core/edge/sparse bands, slope/moisture/altitude constraints, LOD/instancing/export budgets, and rendered grass/tree variety proof.",C+,ADD_LIVE_VISUAL_GOLDEN,helper_reachable,"Runtime/test evidence exists, but strict AAA evidence is incomplete. Structural/helper callable: cannot exceed C+ without direct contract tests and parent-surface proof. Product terrain domain lacks attached live visual golden/render proof."
veilbreakers_terrain/handlers/environment_scatter.py,_terrain_axis_spacing_from_extent,_terrain_axis_spacing_from_extent,486,function,runtime_handler,scatter_foliage,UE_PCG|INFINIGEN|FROSTBITE_TERRAIN,"Use species catalogs, density falloffs, forest core/edge/sparse bands, slope/moisture/altitude constraints, LOD/instancing/export budgets, and rendered grass/tree variety proof.",C,ADD_DIRECT_TESTS,helper_reachable,"Runtime path exists, but direct test evidence is missing. Structural/helper callable: cannot exceed C+ without direct contract tests and parent-surface proof. Product terrain domain lacks attached live visual golden/render proof."
veilbreakers_terrain/handlers/environment_scatter.py,_terrain_cell_size_from_extent,_terrain_cell_size_from_extent,498,function,runtime_handler,scatter_foliage,UE_PCG|INFINIGEN|FROSTBITE_TERRAIN,"Use species catalogs, density falloffs, forest core/edge/sparse bands, slope/moisture/altitude constraints, LOD/instancing/export budgets, and rendered grass/tree variety proof.",C,WIRE_OR_DEPRECATE,test_only_or_unwired,Wiring scan status is test_only_or_unwired; production path is not proven. Structural/helper callable: cannot exceed C+ without direct contract tests and parent-surface proof. Product terrain domain lacks attached live visual golden/render proof.
veilbreakers_terrain/handlers/environment_scatter.py,_collapse_detail_density,_collapse_detail_density,519,function,runtime_handler,scatter_foliage,UE_PCG|INFINIGEN|FROSTBITE_TERRAIN,"Use species catalogs, density falloffs, forest core/edge/sparse bands, slope/moisture/altitude constraints, LOD/instancing/export budgets, and rendered grass/tree variety proof.",C+,ADD_LIVE_VISUAL_GOLDEN,helper_reachable,"Runtime/test evidence exists, but strict AAA evidence is incomplete. Structural/helper callable: cannot exceed C+ without direct contract tests and parent-surface proof. Product terrain domain lacks attached live visual golden/render proof."
veilbreakers_terrain/handlers/environment_scatter.py,_density_reject,_density_reject,539,function,runtime_handler,scatter_foliage,UE_PCG|INFINIGEN|FROSTBITE_TERRAIN,"Use species catalogs, density falloffs, forest core/edge/sparse bands, slope/moisture/altitude constraints, LOD/instancing/export budgets, and rendered grass/tree variety proof.",C+,ADD_LIVE_VISUAL_GOLDEN,helper_reachable,"Runtime/test evidence exists, but strict AAA evidence is incomplete. Structural/helper callable: cannot exceed C+ without direct contract tests and parent-surface proof. Product terrain domain lacks attached live visual golden/render proof."
veilbreakers_terrain/handlers/environment_scatter.py,_stack_value,_stack_value,577,function,runtime_handler,scatter_foliage,UE_PCG|INFINIGEN|FROSTBITE_TERRAIN,"Use species catalogs, density falloffs, forest core/edge/sparse bands, slope/moisture/altitude constraints, LOD/instancing/export budgets, and rendered grass/tree variety proof.",C,ADD_DIRECT_TESTS,helper_reachable,"Runtime path exists, but direct test evidence is missing. Structural/helper callable: cannot exceed C+ without direct contract tests and parent-surface proof. Product terrain domain lacks attached live visual golden/render proof."
veilbreakers_terrain/handlers/environment_scatter.py,_resize_scatter_map,_resize_scatter_map,590,function,runtime_handler,scatter_foliage,UE_PCG|INFINIGEN|FROSTBITE_TERRAIN,"Use species catalogs, density falloffs, forest core/edge/sparse bands, slope/moisture/altitude constraints, LOD/instancing/export budgets, and rendered grass/tree variety proof.",C,ADD_DIRECT_TESTS,helper_reachable,"Runtime path exists, but direct test evidence is missing. Structural/helper callable: cannot exceed C+ without direct contract tests and parent-surface proof. Product terrain domain lacks attached live visual golden/render proof."
veilbreakers_terrain/handlers/environment_scatter.py,_normalize_scatter_signal,_normalize_scatter_signal,604,function,runtime_handler,scatter_foliage,UE_PCG|INFINIGEN|FROSTBITE_TERRAIN,"Use species catalogs, density falloffs, forest core/edge/sparse bands, slope/moisture/altitude constraints, LOD/instancing/export budgets, and rendered grass/tree variety proof.",C,ADD_DIRECT_TESTS,helper_reachable,"Runtime path exists, but direct test evidence is missing. Structural/helper callable: cannot exceed C+ without direct contract tests and parent-surface proof. Product terrain domain lacks attached live visual golden/render proof."
veilbreakers_terrain/handlers/environment_scatter.py,_scatter_base_type,_scatter_base_type,621,function,runtime_handler,scatter_foliage,UE_PCG|INFINIGEN|FROSTBITE_TERRAIN,"Use species catalogs, density falloffs, forest core/edge/sparse bands, slope/moisture/altitude constraints, LOD/instancing/export budgets, and rendered grass/tree variety proof.",C,ADD_DIRECT_TESTS,helper_reachable,"Runtime path exists, but direct test evidence is missing. Structural/helper callable: cannot exceed C+ without direct contract tests and parent-surface proof. Product terrain domain lacks attached live visual golden/render proof."
veilbreakers_terrain/handlers/environment_scatter.py,_resolve_scatter_context_maps,_resolve_scatter_context_maps,634,function,runtime_handler,scatter_foliage,UE_PCG|INFINIGEN|FROSTBITE_TERRAIN,"Use species catalogs, density falloffs, forest core/edge/sparse bands, slope/moisture/altitude constraints, LOD/instancing/export budgets, and rendered grass/tree variety proof.",C+,ADD_LIVE_VISUAL_GOLDEN,helper_reachable,"Runtime/test evidence exists, but strict AAA evidence is incomplete. Structural/helper callable: cannot exceed C+ without direct contract tests and parent-surface proof. Product terrain domain lacks attached live visual golden/render proof."
veilbreakers_terrain/handlers/environment_scatter.py,_localize_exclusion_zones,_localize_exclusion_zones,676,function,runtime_handler,scatter_foliage,UE_PCG|INFINIGEN|FROSTBITE_TERRAIN,"Use species catalogs, density falloffs, forest core/edge/sparse bands, slope/moisture/altitude constraints, LOD/instancing/export budgets, and rendered grass/tree variety proof.",C,ADD_DIRECT_TESTS,helper_reachable,"Runtime path exists, but direct test evidence is missing. Structural/helper callable: cannot exceed C+ without direct contract tests and parent-surface proof. Product terrain domain lacks attached live visual golden/render proof."
veilbreakers_terrain/handlers/environment_scatter.py,_resolve_combat_clearings,_resolve_combat_clearings,696,function,runtime_handler,scatter_foliage,UE_PCG|INFINIGEN|FROSTBITE_TERRAIN,"Use species catalogs, density falloffs, forest core/edge/sparse bands, slope/moisture/altitude constraints, LOD/instancing/export budgets, and rendered grass/tree variety proof.",C,ADD_DIRECT_TESTS,helper_reachable,"Runtime path exists, but direct test evidence is missing. Structural/helper callable: cannot exceed C+ without direct contract tests and parent-surface proof. Product terrain domain lacks attached live visual golden/render proof."
veilbreakers_terrain/handlers/environment_scatter.py,_sample_scalar_map,_sample_scalar_map,713,function,runtime_handler,scatter_foliage,UE_PCG|INFINIGEN|FROSTBITE_TERRAIN,"Use species catalogs, density falloffs, forest core/edge/sparse bands, slope/moisture/altitude constraints, LOD/instancing/export budgets, and rendered grass/tree variety proof.",C+,ADD_LIVE_VISUAL_GOLDEN,helper_reachable,"Runtime/test evidence exists, but strict AAA evidence is incomplete. Structural/helper callable: cannot exceed C+ without direct contract tests and parent-surface proof. Product terrain domain lacks attached live visual golden/render proof."
veilbreakers_terrain/handlers/environment_scatter.py,_filter_multipass_scatter_placements,_filter_multipass_scatter_placements,732,function,runtime_handler,scatter_foliage,UE_PCG|INFINIGEN|FROSTBITE_TERRAIN,"Use species catalogs, density falloffs, forest core/edge/sparse bands, slope/moisture/altitude constraints, LOD/instancing/export budgets, and rendered grass/tree variety proof.",C,ADD_DIRECT_TESTS,helper_reachable,"Runtime path exists, but direct test evidence is missing. Structural/helper callable: cannot exceed C+ without direct contract tests and parent-surface proof. Product terrain domain lacks attached live visual golden/render proof."
veilbreakers_terrain/handlers/environment_scatter.py,_generate_multipass_scatter_placements,_generate_multipass_scatter_placements,820,function,runtime_handler,scatter_foliage,UE_PCG|INFINIGEN|FROSTBITE_TERRAIN,"Use species catalogs, density falloffs, forest core/edge/sparse bands, slope/moisture/altitude constraints, LOD/instancing/export budgets, and rendered grass/tree variety proof.",C+,ADD_LIVE_VISUAL_GOLDEN,helper_reachable,"Runtime/test evidence exists, but strict AAA evidence is incomplete. Structural/helper callable: cannot exceed C+ without direct contract tests and parent-surface proof. Product terrain domain lacks attached live visual golden/render proof."
veilbreakers_terrain/handlers/environment_scatter.py,_hero_excluded,_hero_excluded,917,function,runtime_handler,scatter_foliage,UE_PCG|INFINIGEN|FROSTBITE_TERRAIN,"Use species catalogs, density falloffs, forest core/edge/sparse bands, slope/moisture/altitude constraints, LOD/instancing/export budgets, and rendered grass/tree variety proof.",C+,ADD_LIVE_VISUAL_GOLDEN,helper_reachable,"Runtime/test evidence exists, but strict AAA evidence is incomplete. Structural/helper callable: cannot exceed C+ without direct contract tests and parent-surface proof. Product terrain domain lacks attached live visual golden/render proof."
veilbreakers_terrain/handlers/environment_scatter.py,_wind_rotation_y,_wind_rotation_y,943,function,runtime_handler,scatter_foliage,UE_PCG|INFINIGEN|FROSTBITE_TERRAIN,"Use species catalogs, density falloffs, forest core/edge/sparse bands, slope/moisture/altitude constraints, LOD/instancing/export budgets, and rendered grass/tree variety proof.",C+,ADD_LIVE_VISUAL_GOLDEN,helper_reachable,"Runtime/test evidence exists, but strict AAA evidence is incomplete. Structural/helper callable: cannot exceed C+ without direct contract tests and parent-surface proof. Product terrain domain lacks attached live visual golden/render proof."
veilbreakers_terrain/handlers/environment_scatter.py,_apply_sdf_exclusion,_apply_sdf_exclusion,973,function,runtime_handler,scatter_foliage,UE_PCG|INFINIGEN|FROSTBITE_TERRAIN,"Use species catalogs, density falloffs, forest core/edge/sparse bands, slope/moisture/altitude constraints, LOD/instancing/export budgets, and rendered grass/tree variety proof.",C+,ADD_LIVE_VISUAL_GOLDEN,helper_reachable,"Runtime/test evidence exists, but strict AAA evidence is incomplete. Structural/helper callable: cannot exceed C+ without direct contract tests and parent-surface proof. Product terrain domain lacks attached live visual golden/render proof."
veilbreakers_terrain/handlers/environment_scatter.py,_write_tree_instance_points,_write_tree_instance_points,1009,function,runtime_handler,scatter_foliage,UE_PCG|INFINIGEN|FROSTBITE_TERRAIN,"Use species catalogs, density falloffs, forest core/edge/sparse bands, slope/moisture/altitude constraints, LOD/instancing/export budgets, and rendered grass/tree variety proof.",C+,ADD_LIVE_VISUAL_GOLDEN,helper_reachable,"Runtime/test evidence exists, but strict AAA evidence is incomplete. Structural/helper callable: cannot exceed C+ without direct contract tests and parent-surface proof. Product terrain domain lacks attached live visual golden/render proof."
veilbreakers_terrain/handlers/environment_scatter.py,_location_layer_rand2,_location_layer_rand2,1046,function,runtime_handler,scatter_foliage,UE_PCG|INFINIGEN|FROSTBITE_TERRAIN,"Use species catalogs, density falloffs, forest core/edge/sparse bands, slope/moisture/altitude constraints, LOD/instancing/export budgets, and rendered grass/tree variety proof.",C,WIRE_OR_DEPRECATE,test_only_or_unwired,Wiring scan status is test_only_or_unwired; production path is not proven. Structural/helper callable: cannot exceed C+ without direct contract tests and parent-surface proof. Product terrain domain lacks attached live visual golden/render proof.
veilbreakers_terrain/handlers/environment_scatter.py,LocationLayer,LocationLayer,1062,class,runtime_handler,scatter_foliage,UE_PCG|INFINIGEN|FROSTBITE_TERRAIN,"Use species catalogs, density falloffs, forest core/edge/sparse bands, slope/moisture/altitude constraints, LOD/instancing/export budgets, and rendered grass/tree variety proof.",D+,WIRE_OR_DEPRECATE,missing_wiring_row,No callable-wiring row; runtime path is unproven. Structural/helper callable: cannot exceed C+ without direct contract tests and parent-surface proof. Product terrain domain lacks attached live visual golden/render proof.
veilbreakers_terrain/handlers/environment_scatter.py,LocationLayer.generate,generate,1095,method,runtime_handler,scatter_foliage,UE_PCG|INFINIGEN|FROSTBITE_TERRAIN,"Use species catalogs, density falloffs, forest core/edge/sparse bands, slope/moisture/altitude constraints, LOD/instancing/export budgets, and rendered grass/tree variety proof.",C,WIRE_OR_DEPRECATE,test_only_or_unwired,Wiring scan status is test_only_or_unwired; production path is not proven. Structural/helper callable: cannot exceed C+ without direct contract tests and parent-surface proof. Product terrain domain lacks attached live visual golden/render proof.
veilbreakers_terrain/handlers/environment_scatter.py,halo_scatter_point_id,halo_scatter_point_id,1208,function,runtime_handler,scatter_foliage,UE_PCG|INFINIGEN|FROSTBITE_TERRAIN,"Use species catalogs, density falloffs, forest core/edge/sparse bands, slope/moisture/altitude constraints, LOD/instancing/export budgets, and rendered grass/tree variety proof.",C,WIRE_OR_DEPRECATE,test_only_or_unwired,Wiring scan status is test_only_or_unwired; production path is not proven. Product terrain domain lacks attached live visual golden/render proof.
veilbreakers_terrain/handlers/environment_scatter.py,_create_template_collection,_create_template_collection,1279,function,runtime_handler,scatter_foliage,UE_PCG|INFINIGEN|FROSTBITE_TERRAIN,"Use species catalogs, density falloffs, forest core/edge/sparse bands, slope/moisture/altitude constraints, LOD/instancing/export budgets, and rendered grass/tree variety proof.",C,ADD_DIRECT_TESTS,helper_reachable,"Runtime path exists, but direct test evidence is missing. Structural/helper callable: cannot exceed C+ without direct contract tests and parent-surface proof. Product terrain domain lacks attached live visual golden/render proof."
veilbreakers_terrain/handlers/environment_scatter.py,_create_vegetation_template,_create_vegetation_template,1289,function,runtime_handler,scatter_foliage,UE_PCG|INFINIGEN|FROSTBITE_TERRAIN,"Use species catalogs, density falloffs, forest core/edge/sparse bands, slope/moisture/altitude constraints, LOD/instancing/export budgets, and rendered grass/tree variety proof.",C,ADD_DIRECT_TESTS,helper_reachable,"Runtime path exists, but direct test evidence is missing. Structural/helper callable: cannot exceed C+ without direct contract tests and parent-surface proof. Product terrain domain lacks attached live visual golden/render proof."
veilbreakers_terrain/handlers/environment_scatter.py,_add_leaf_card_canopy,_add_leaf_card_canopy,1465,function,runtime_handler,scatter_foliage,UE_PCG|INFINIGEN|FROSTBITE_TERRAIN,"Use species catalogs, density falloffs, forest core/edge/sparse bands, slope/moisture/altitude constraints, LOD/instancing/export budgets, and rendered grass/tree variety proof.",C,ADD_DIRECT_TESTS,helper_reachable,"Runtime path exists, but direct test evidence is missing. Structural/helper callable: cannot exceed C+ without direct contract tests and parent-surface proof. Product terrain domain lacks attached live visual golden/render proof."
veilbreakers_terrain/handlers/environment_scatter.py,_add_leaf_card_canopy._atlas_uv,_atlas_uv,1536,nested_function,runtime_handler,scatter_foliage,UE_PCG|INFINIGEN|FROSTBITE_TERRAIN,"Use species catalogs, density falloffs, forest core/edge/sparse bands, slope/moisture/altitude constraints, LOD/instancing/export budgets, and rendered grass/tree variety proof.",C,ADD_DIRECT_TESTS,helper_reachable,"Runtime path exists, but direct test evidence is missing. Structural/helper callable: cannot exceed C+ without direct contract tests and parent-surface proof. Product terrain domain lacks attached live visual golden/render proof."
veilbreakers_terrain/handlers/environment_scatter.py,_add_leaf_card_canopy._atlas_uv_flipped,_atlas_uv_flipped,1545,nested_function,runtime_handler,scatter_foliage,UE_PCG|INFINIGEN|FROSTBITE_TERRAIN,"Use species catalogs, density falloffs, forest core/edge/sparse bands, slope/moisture/altitude constraints, LOD/instancing/export budgets, and rendered grass/tree variety proof.",C,ADD_DIRECT_TESTS,helper_reachable,"Runtime path exists, but direct test evidence is missing. Structural/helper callable: cannot exceed C+ without direct contract tests and parent-surface proof. Product terrain domain lacks attached live visual golden/render proof."
veilbreakers_terrain/handlers/environment_scatter.py,_add_leaf_card_canopy._add_card,_add_card,1555,nested_function,runtime_handler,scatter_foliage,UE_PCG|INFINIGEN|FROSTBITE_TERRAIN,"Use species catalogs, density falloffs, forest core/edge/sparse bands, slope/moisture/altitude constraints, LOD/instancing/export budgets, and rendered grass/tree variety proof.",C,ADD_DIRECT_TESTS,helper_reachable,"Runtime path exists, but direct test evidence is missing. Structural/helper callable: cannot exceed C+ without direct contract tests and parent-surface proof. Product terrain domain lacks attached live visual golden/render proof."
veilbreakers_terrain/handlers/environment_scatter.py,create_leaf_card_tree,create_leaf_card_tree,1649,function,runtime_handler,scatter_foliage,UE_PCG|INFINIGEN|FROSTBITE_TERRAIN,"Use species catalogs, density falloffs, forest core/edge/sparse bands, slope/moisture/altitude constraints, LOD/instancing/export budgets, and rendered grass/tree variety proof.",C,WIRE_OR_DEPRECATE,test_only_or_unwired,Wiring scan status is test_only_or_unwired; production path is not proven. Product terrain domain lacks attached live visual golden/render proof.
veilbreakers_terrain/handlers/environment_scatter.py,_create_grass_card,_create_grass_card,1800,function,runtime_handler,scatter_foliage,UE_PCG|INFINIGEN|FROSTBITE_TERRAIN,"Use species catalogs, density falloffs, forest core/edge/sparse bands, slope/moisture/altitude constraints, LOD/instancing/export budgets, and rendered grass/tree variety proof.",C,WIRE_OR_DEPRECATE,test_only_or_unwired,Wiring scan status is test_only_or_unwired; production path is not proven. Structural/helper callable: cannot exceed C+ without direct contract tests and parent-surface proof. Product terrain domain lacks attached live visual golden/render proof.
veilbreakers_terrain/handlers/environment_scatter.py,_create_grass_card._add_blade,_add_blade,1839,nested_function,runtime_handler,scatter_foliage,UE_PCG|INFINIGEN|FROSTBITE_TERRAIN,"Use species catalogs, density falloffs, forest core/edge/sparse bands, slope/moisture/altitude constraints, LOD/instancing/export budgets, and rendered grass/tree variety proof.",C,ADD_DIRECT_TESTS,helper_reachable,"Runtime path exists, but direct test evidence is missing. Structural/helper callable: cannot exceed C+ without direct contract tests and parent-surface proof. Product terrain domain lacks attached live visual golden/render proof."
veilbreakers_terrain/handlers/environment_scatter.py,_create_grass_card._add_blade._rot,_rot,1844,nested_function,runtime_handler,scatter_foliage,UE_PCG|INFINIGEN|FROSTBITE_TERRAIN,"Use species catalogs, density falloffs, forest core/edge/sparse bands, slope/moisture/altitude constraints, LOD/instancing/export budgets, and rendered grass/tree variety proof.",C,ADD_DIRECT_TESTS,helper_reachable,"Runtime path exists, but direct test evidence is missing. Structural/helper callable: cannot exceed C+ without direct contract tests and parent-surface proof. Product terrain domain lacks attached live visual golden/render proof."
veilbreakers_terrain/handlers/environment_scatter.py,_rock_size_from_power_law,_rock_size_from_power_law,1917,function,runtime_handler,scatter_foliage,UE_PCG|INFINIGEN|FROSTBITE_TERRAIN,"Use species catalogs, density falloffs, forest core/edge/sparse bands, slope/moisture/altitude constraints, LOD/instancing/export budgets, and rendered grass/tree variety proof.",C+,ADD_LIVE_VISUAL_GOLDEN,helper_reachable,"Runtime/test evidence exists, but strict AAA evidence is incomplete. Structural/helper callable: cannot exceed C+ without direct contract tests and parent-surface proof. Product terrain domain lacks attached live visual golden/render proof."
veilbreakers_terrain/handlers/environment_scatter.py,_generate_combat_clearing,_generate_combat_clearing,1936,function,runtime_handler,scatter_foliage,UE_PCG|INFINIGEN|FROSTBITE_TERRAIN,"Use species catalogs, density falloffs, forest core/edge/sparse bands, slope/moisture/altitude constraints, LOD/instancing/export budgets, and rendered grass/tree variety proof.",C+,ADD_LIVE_VISUAL_GOLDEN,helper_reachable,"Runtime/test evidence exists, but strict AAA evidence is incomplete. Structural/helper callable: cannot exceed C+ without direct contract tests and parent-surface proof. Product terrain domain lacks attached live visual golden/render proof."
veilbreakers_terrain/handlers/environment_scatter.py,_build_scatter_density_map,_build_scatter_density_map,2106,function,runtime_handler,scatter_foliage,UE_PCG|INFINIGEN|FROSTBITE_TERRAIN,"Use species catalogs, density falloffs, forest core/edge/sparse bands, slope/moisture/altitude constraints, LOD/instancing/export budgets, and rendered grass/tree variety proof.",C,ADD_DIRECT_TESTS,helper_reachable,"Runtime path exists, but direct test evidence is missing. Structural/helper callable: cannot exceed C+ without direct contract tests and parent-surface proof. Product terrain domain lacks attached live visual golden/render proof."
veilbreakers_terrain/handlers/environment_scatter.py,_lod_for_distance,_lod_for_distance,2201,function,runtime_handler,scatter_foliage,UE_PCG|INFINIGEN|FROSTBITE_TERRAIN,"Use species catalogs, density falloffs, forest core/edge/sparse bands, slope/moisture/altitude constraints, LOD/instancing/export budgets, and rendered grass/tree variety proof.",C+,ADD_LIVE_VISUAL_GOLDEN,helper_reachable,"Runtime/test evidence exists, but strict AAA evidence is incomplete. Structural/helper callable: cannot exceed C+ without direct contract tests and parent-surface proof. Product terrain domain lacks attached live visual golden/render proof."
veilbreakers_terrain/handlers/environment_scatter.py,_scatter_pass,_scatter_pass,2304,function,runtime_handler,scatter_foliage,UE_PCG|INFINIGEN|FROSTBITE_TERRAIN,"Use species catalogs, density falloffs, forest core/edge/sparse bands, slope/moisture/altitude constraints, LOD/instancing/export budgets, and rendered grass/tree variety proof.",C+,ADD_LIVE_VISUAL_GOLDEN,helper_reachable,"Runtime/test evidence exists, but strict AAA evidence is incomplete. Structural/helper callable: cannot exceed C+ without direct contract tests and parent-surface proof. Product terrain domain lacks attached live visual golden/render proof."
veilbreakers_terrain/handlers/environment_scatter.py,_scatter_pass._cell,_cell,2387,nested_function,runtime_handler,scatter_foliage,UE_PCG|INFINIGEN|FROSTBITE_TERRAIN,"Use species catalogs, density falloffs, forest core/edge/sparse bands, slope/moisture/altitude constraints, LOD/instancing/export budgets, and rendered grass/tree variety proof.",C,ADD_DIRECT_TESTS,helper_reachable,"Runtime path exists, but direct test evidence is missing. Structural/helper callable: cannot exceed C+ without direct contract tests and parent-surface proof. Product terrain domain lacks attached live visual golden/render proof."
veilbreakers_terrain/handlers/environment_scatter.py,_scatter_pass._density_at,_density_at,2394,nested_function,runtime_handler,scatter_foliage,UE_PCG|INFINIGEN|FROSTBITE_TERRAIN,"Use species catalogs, density falloffs, forest core/edge/sparse bands, slope/moisture/altitude constraints, LOD/instancing/export budgets, and rendered grass/tree variety proof.",C,ADD_DIRECT_TESTS,helper_reachable,"Runtime path exists, but direct test evidence is missing. Structural/helper callable: cannot exceed C+ without direct contract tests and parent-surface proof. Product terrain domain lacks attached live visual golden/render proof."
veilbreakers_terrain/handlers/environment_scatter.py,_scatter_pass._height_at,_height_at,2398,nested_function,runtime_handler,scatter_foliage,UE_PCG|INFINIGEN|FROSTBITE_TERRAIN,"Use species catalogs, density falloffs, forest core/edge/sparse bands, slope/moisture/altitude constraints, LOD/instancing/export budgets, and rendered grass/tree variety proof.",C,ADD_DIRECT_TESTS,helper_reachable,"Runtime path exists, but direct test evidence is missing. Structural/helper callable: cannot exceed C+ without direct contract tests and parent-surface proof. Product terrain domain lacks attached live visual golden/render proof."
veilbreakers_terrain/handlers/environment_scatter.py,_scatter_pass._slope_at,_slope_at,2402,nested_function,runtime_handler,scatter_foliage,UE_PCG|INFINIGEN|FROSTBITE_TERRAIN,"Use species catalogs, density falloffs, forest core/edge/sparse bands, slope/moisture/altitude constraints, LOD/instancing/export budgets, and rendered grass/tree variety proof.",C,ADD_DIRECT_TESTS,helper_reachable,"Runtime path exists, but direct test evidence is missing. Structural/helper callable: cannot exceed C+ without direct contract tests and parent-surface proof. Product terrain domain lacks attached live visual golden/render proof."
veilbreakers_terrain/handlers/environment_scatter.py,_scatter_pass._moisture_at,_moisture_at,2406,nested_function,runtime_handler,scatter_foliage,UE_PCG|INFINIGEN|FROSTBITE_TERRAIN,"Use species catalogs, density falloffs, forest core/edge/sparse bands, slope/moisture/altitude constraints, LOD/instancing/export budgets, and rendered grass/tree variety proof.",C,ADD_DIRECT_TESTS,helper_reachable,"Runtime path exists, but direct test evidence is missing. Structural/helper callable: cannot exceed C+ without direct contract tests and parent-surface proof. Product terrain domain lacks attached live visual golden/render proof."
veilbreakers_terrain/handlers/environment_scatter.py,_scatter_pass._in_building,_in_building,2419,nested_function,runtime_handler,scatter_foliage,UE_PCG|INFINIGEN|FROSTBITE_TERRAIN,"Use species catalogs, density falloffs, forest core/edge/sparse bands, slope/moisture/altitude constraints, LOD/instancing/export budgets, and rendered grass/tree variety proof.",C,ADD_DIRECT_TESTS,helper_reachable,"Runtime path exists, but direct test evidence is missing. Structural/helper callable: cannot exceed C+ without direct contract tests and parent-surface proof. Product terrain domain lacks attached live visual golden/render proof."
veilbreakers_terrain/handlers/environment_scatter.py,_scatter_pass._in_clearing,_in_clearing,2427,nested_function,runtime_handler,scatter_foliage,UE_PCG|INFINIGEN|FROSTBITE_TERRAIN,"Use species catalogs, density falloffs, forest core/edge/sparse bands, slope/moisture/altitude constraints, LOD/instancing/export budgets, and rendered grass/tree variety proof.",C,ADD_DIRECT_TESTS,helper_reachable,"Runtime path exists, but direct test evidence is missing. Structural/helper callable: cannot exceed C+ without direct contract tests and parent-surface proof. Product terrain domain lacks attached live visual golden/render proof."
veilbreakers_terrain/handlers/environment_scatter.py,_scatter_pass._viewer_dist,_viewer_dist,2440,nested_function,runtime_handler,scatter_foliage,UE_PCG|INFINIGEN|FROSTBITE_TERRAIN,"Use species catalogs, density falloffs, forest core/edge/sparse bands, slope/moisture/altitude constraints, LOD/instancing/export budgets, and rendered grass/tree variety proof.",C,ADD_DIRECT_TESTS,helper_reachable,"Runtime path exists, but direct test evidence is missing. Structural/helper callable: cannot exceed C+ without direct contract tests and parent-surface proof. Product terrain domain lacks attached live visual golden/render proof."
veilbreakers_terrain/handlers/environment_scatter.py,_scatter_pass._scale_pm20,_scale_pm20,2443,nested_function,runtime_handler,scatter_foliage,UE_PCG|INFINIGEN|FROSTBITE_TERRAIN,"Use species catalogs, density falloffs, forest core/edge/sparse bands, slope/moisture/altitude constraints, LOD/instancing/export budgets, and rendered grass/tree variety proof.",C,ADD_DIRECT_TESTS,helper_reachable,"Runtime path exists, but direct test evidence is missing. Structural/helper callable: cannot exceed C+ without direct contract tests and parent-surface proof. Product terrain domain lacks attached live visual golden/render proof."
veilbreakers_terrain/handlers/environment_scatter.py,_scatter_pass._passes_species_constraints,_passes_species_constraints,2447,nested_function,runtime_handler,scatter_foliage,UE_PCG|INFINIGEN|FROSTBITE_TERRAIN,"Use species catalogs, density falloffs, forest core/edge/sparse bands, slope/moisture/altitude constraints, LOD/instancing/export budgets, and rendered grass/tree variety proof.",C,ADD_DIRECT_TESTS,helper_reachable,"Runtime path exists, but direct test evidence is missing. Structural/helper callable: cannot exceed C+ without direct contract tests and parent-surface proof. Product terrain domain lacks attached live visual golden/render proof."
veilbreakers_terrain/handlers/environment_scatter.py,_scatter_pass._near_tree,_near_tree,2643,nested_function,runtime_handler,scatter_foliage,UE_PCG|INFINIGEN|FROSTBITE_TERRAIN,"Use species catalogs, density falloffs, forest core/edge/sparse bands, slope/moisture/altitude constraints, LOD/instancing/export budgets, and rendered grass/tree variety proof.",C,ADD_DIRECT_TESTS,helper_reachable,"Runtime path exists, but direct test evidence is missing. Structural/helper callable: cannot exceed C+ without direct contract tests and parent-surface proof. Product terrain domain lacks attached live visual golden/render proof."
veilbreakers_terrain/handlers/environment_scatter.py,_scatter_pass._passes_affinity,_passes_affinity,2652,nested_function,runtime_handler,scatter_foliage,UE_PCG|INFINIGEN|FROSTBITE_TERRAIN,"Use species catalogs, density falloffs, forest core/edge/sparse bands, slope/moisture/altitude constraints, LOD/instancing/export budgets, and rendered grass/tree variety proof.",C,ADD_DIRECT_TESTS,helper_reachable,"Runtime path exists, but direct test evidence is missing. Structural/helper callable: cannot exceed C+ without direct contract tests and parent-surface proof. Product terrain domain lacks attached live visual golden/render proof."
veilbreakers_terrain/handlers/environment_scatter.py,handle_scatter_vegetation,handle_scatter_vegetation,2755,function,runtime_handler,scatter_foliage,UE_PCG|INFINIGEN|FROSTBITE_TERRAIN,"Use species catalogs, density falloffs, forest core/edge/sparse bands, slope/moisture/altitude constraints, LOD/instancing/export budgets, and rendered grass/tree variety proof.",C,ADD_DIRECT_TESTS,runtime_primary,"Runtime path exists, but direct test evidence is missing. Product terrain domain lacks attached live visual golden/render proof."
veilbreakers_terrain/handlers/environment_scatter.py,_create_prop_template,_create_prop_template,3135,function,runtime_handler,scatter_foliage,UE_PCG|INFINIGEN|FROSTBITE_TERRAIN,"Use species catalogs, density falloffs, forest core/edge/sparse bands, slope/moisture/altitude constraints, LOD/instancing/export budgets, and rendered grass/tree variety proof.",C,ADD_DIRECT_TESTS,helper_reachable,"Runtime path exists, but direct test evidence is missing. Structural/helper callable: cannot exceed C+ without direct contract tests and parent-surface proof. Product terrain domain lacks attached live visual golden/render proof."
veilbreakers_terrain/handlers/environment_scatter.py,handle_scatter_props,handle_scatter_props,3189,function,runtime_handler,scatter_foliage,UE_PCG|INFINIGEN|FROSTBITE_TERRAIN,"Use species catalogs, density falloffs, forest core/edge/sparse bands, slope/moisture/altitude constraints, LOD/instancing/export budgets, and rendered grass/tree variety proof.",C,ADD_DIRECT_TESTS,runtime_primary,"Runtime path exists, but direct test evidence is missing. Product terrain domain lacks attached live visual golden/render proof."
veilbreakers_terrain/handlers/environment_scatter.py,handle_create_breakable,handle_create_breakable,3329,function,runtime_handler,scatter_foliage,UE_PCG|INFINIGEN|FROSTBITE_TERRAIN,"Use species catalogs, density falloffs, forest core/edge/sparse bands, slope/moisture/altitude constraints, LOD/instancing/export budgets, and rendered grass/tree variety proof.",C,ADD_DIRECT_TESTS,runtime_primary,"Runtime path exists, but direct test evidence is missing. Product terrain domain lacks attached live visual golden/render proof."
veilbreakers_terrain/handlers/terrain_asset_metadata.py,AABB,AABB,61,class,runtime_handler,scatter_foliage,UE_PCG|INFINIGEN|FROSTBITE_TERRAIN,"Use species catalogs, density falloffs, forest core/edge/sparse bands, slope/moisture/altitude constraints, LOD/instancing/export budgets, and rendered grass/tree variety proof.",D+,WIRE_OR_DEPRECATE,missing_wiring_row,No callable-wiring row; runtime path is unproven. Structural/helper callable: cannot exceed C+ without direct contract tests and parent-surface proof. Product terrain domain lacks attached live visual golden/render proof.
veilbreakers_terrain/handlers/terrain_asset_metadata.py,AABB.size_x,size_x,77,method,runtime_handler,scatter_foliage,UE_PCG|INFINIGEN|FROSTBITE_TERRAIN,"Use species catalogs, density falloffs, forest core/edge/sparse bands, slope/moisture/altitude constraints, LOD/instancing/export budgets, and rendered grass/tree variety proof.",C,WIRE_OR_DEPRECATE,test_only_or_unwired,Wiring scan status is test_only_or_unwired; production path is not proven. Structural/helper callable: cannot exceed C+ without direct contract tests and parent-surface proof. Product terrain domain lacks attached live visual golden/render proof.
veilbreakers_terrain/handlers/terrain_asset_metadata.py,AABB.size_y,size_y,81,method,runtime_handler,scatter_foliage,UE_PCG|INFINIGEN|FROSTBITE_TERRAIN,"Use species catalogs, density falloffs, forest core/edge/sparse bands, slope/moisture/altitude constraints, LOD/instancing/export budgets, and rendered grass/tree variety proof.",C,WIRE_OR_DEPRECATE,test_only_or_unwired,Wiring scan status is test_only_or_unwired; production path is not proven. Structural/helper callable: cannot exceed C+ without direct contract tests and parent-surface proof. Product terrain domain lacks attached live visual golden/render proof.
veilbreakers_terrain/handlers/terrain_asset_metadata.py,AABB.size_z,size_z,85,method,runtime_handler,scatter_foliage,UE_PCG|INFINIGEN|FROSTBITE_TERRAIN,"Use species catalogs, density falloffs, forest core/edge/sparse bands, slope/moisture/altitude constraints, LOD/instancing/export budgets, and rendered grass/tree variety proof.",C,WIRE_OR_DEPRECATE,test_only_or_unwired,Wiring scan status is test_only_or_unwired; production path is not proven. Structural/helper callable: cannot exceed C+ without direct contract tests and parent-surface proof. Product terrain domain lacks attached live visual golden/render proof.
veilbreakers_terrain/handlers/terrain_asset_metadata.py,AABB.diagonal,diagonal,89,method,runtime_handler,scatter_foliage,UE_PCG|INFINIGEN|FROSTBITE_TERRAIN,"Use species catalogs, density falloffs, forest core/edge/sparse bands, slope/moisture/altitude constraints, LOD/instancing/export budgets, and rendered grass/tree variety proof.",C,WIRE_OR_DEPRECATE,test_only_or_unwired,Wiring scan status is test_only_or_unwired; production path is not proven. Structural/helper callable: cannot exceed C+ without direct contract tests and parent-surface proof. Product terrain domain lacks attached live visual golden/render proof.
veilbreakers_terrain/handlers/terrain_asset_metadata.py,AABB.volume,volume,94,method,runtime_handler,scatter_foliage,UE_PCG|INFINIGEN|FROSTBITE_TERRAIN,"Use species catalogs, density falloffs, forest core/edge/sparse bands, slope/moisture/altitude constraints, LOD/instancing/export budgets, and rendered grass/tree variety proof.",C,WIRE_OR_DEPRECATE,test_only_or_unwired,Wiring scan status is test_only_or_unwired; production path is not proven. Structural/helper callable: cannot exceed C+ without direct contract tests and parent-surface proof. Product terrain domain lacks attached live visual golden/render proof.
veilbreakers_terrain/handlers/terrain_asset_metadata.py,AABB.center,center,98,method,runtime_handler,scatter_foliage,UE_PCG|INFINIGEN|FROSTBITE_TERRAIN,"Use species catalogs, density falloffs, forest core/edge/sparse bands, slope/moisture/altitude constraints, LOD/instancing/export budgets, and rendered grass/tree variety proof.",C,WIRE_OR_DEPRECATE,test_only_or_unwired,Wiring scan status is test_only_or_unwired; production path is not proven. Structural/helper callable: cannot exceed C+ without direct contract tests and parent-surface proof. Product terrain domain lacks attached live visual golden/render proof.
veilbreakers_terrain/handlers/terrain_asset_metadata.py,LodVariant,LodVariant,111,class,runtime_handler,scatter_foliage,UE_PCG|INFINIGEN|FROSTBITE_TERRAIN,"Use species catalogs, density falloffs, forest core/edge/sparse bands, slope/moisture/altitude constraints, LOD/instancing/export budgets, and rendered grass/tree variety proof.",D+,WIRE_OR_DEPRECATE,missing_wiring_row,No callable-wiring row; runtime path is unproven. Structural/helper callable: cannot exceed C+ without direct contract tests and parent-surface proof. Product terrain domain lacks attached live visual golden/render proof.
veilbreakers_terrain/handlers/terrain_asset_metadata.py,AssetMetadata,AssetMetadata,138,class,runtime_handler,scatter_foliage,UE_PCG|INFINIGEN|FROSTBITE_TERRAIN,"Use species catalogs, density falloffs, forest core/edge/sparse bands, slope/moisture/altitude constraints, LOD/instancing/export budgets, and rendered grass/tree variety proof.",D+,WIRE_OR_DEPRECATE,missing_wiring_row,No callable-wiring row; runtime path is unproven. Structural/helper callable: cannot exceed C+ without direct contract tests and parent-surface proof. Product terrain domain lacks attached live visual golden/render proof.
veilbreakers_terrain/handlers/terrain_asset_metadata.py,validate_asset_metadata,validate_asset_metadata,174,function,runtime_handler,scatter_foliage,UE_PCG|INFINIGEN|FROSTBITE_TERRAIN,"Use species catalogs, density falloffs, forest core/edge/sparse bands, slope/moisture/altitude constraints, LOD/instancing/export budgets, and rendered grass/tree variety proof.",C,WIRE_OR_DEPRECATE,test_only_or_unwired,Wiring scan status is test_only_or_unwired; production path is not proven. Product terrain domain lacks attached live visual golden/render proof.
veilbreakers_terrain/handlers/terrain_asset_metadata.py,classify_size_from_bounds,classify_size_from_bounds,304,function,runtime_handler,scatter_foliage,UE_PCG|INFINIGEN|FROSTBITE_TERRAIN,"Use species catalogs, density falloffs, forest core/edge/sparse bands, slope/moisture/altitude constraints, LOD/instancing/export budgets, and rendered grass/tree variety proof.",C,WIRE_OR_DEPRECATE,test_only_or_unwired,Wiring scan status is test_only_or_unwired; production path is not proven. Product terrain domain lacks attached live visual golden/render proof.
veilbreakers_terrain/handlers/terrain_asset_metadata.py,AssetContextRuleExt,AssetContextRuleExt,334,class,runtime_handler,scatter_foliage,UE_PCG|INFINIGEN|FROSTBITE_TERRAIN,"Use species catalogs, density falloffs, forest core/edge/sparse bands, slope/moisture/altitude constraints, LOD/instancing/export budgets, and rendered grass/tree variety proof.",D+,WIRE_OR_DEPRECATE,missing_wiring_row,No callable-wiring row; runtime path is unproven. Structural/helper callable: cannot exceed C+ without direct contract tests and parent-surface proof. Product terrain domain lacks attached live visual golden/render proof.
veilbreakers_terrain/handlers/terrain_asset_metadata.py,AssetContextRuleExt.effective_variance,effective_variance,346,method,runtime_handler,scatter_foliage,UE_PCG|INFINIGEN|FROSTBITE_TERRAIN,"Use species catalogs, density falloffs, forest core/edge/sparse bands, slope/moisture/altitude constraints, LOD/instancing/export budgets, and rendered grass/tree variety proof.",C,WIRE_OR_DEPRECATE,test_only_or_unwired,Wiring scan status is test_only_or_unwired; production path is not proven. Structural/helper callable: cannot exceed C+ without direct contract tests and parent-surface proof. Product terrain domain lacks attached live visual golden/render proof.
veilbreakers_terrain/handlers/terrain_asset_metadata.py,AssetContextRuleExt.blended_score,blended_score,407,method,runtime_handler,scatter_foliage,UE_PCG|INFINIGEN|FROSTBITE_TERRAIN,"Use species catalogs, density falloffs, forest core/edge/sparse bands, slope/moisture/altitude constraints, LOD/instancing/export budgets, and rendered grass/tree variety proof.",C,WIRE_OR_DEPRECATE,test_only_or_unwired,Wiring scan status is test_only_or_unwired; production path is not proven. Structural/helper callable: cannot exceed C+ without direct contract tests and parent-surface proof. Product terrain domain lacks attached live visual golden/render proof.
veilbreakers_terrain/handlers/terrain_assets.py,classify_asset_role,classify_asset_role,152,function,runtime_handler,scatter_foliage,UE_PCG|INFINIGEN|FROSTBITE_TERRAIN,"Use species catalogs, density falloffs, forest core/edge/sparse bands, slope/moisture/altitude constraints, LOD/instancing/export budgets, and rendered grass/tree variety proof.",C,WIRE_OR_DEPRECATE,test_only_or_unwired,Wiring scan status is test_only_or_unwired; production path is not proven. Product terrain domain lacks attached live visual golden/render proof.
veilbreakers_terrain/handlers/terrain_assets.py,build_asset_context_rules,build_asset_context_rules,176,function,runtime_handler,scatter_foliage,UE_PCG|INFINIGEN|FROSTBITE_TERRAIN,"Use species catalogs, density falloffs, forest core/edge/sparse bands, slope/moisture/altitude constraints, LOD/instancing/export budgets, and rendered grass/tree variety proof.",C+,ADD_LIVE_VISUAL_GOLDEN,helper_reachable,"Runtime/test evidence exists, but strict AAA evidence is incomplete. Product terrain domain lacks attached live visual golden/render proof."
veilbreakers_terrain/handlers/terrain_assets.py,scatter_debris_for_caves,scatter_debris_for_caves,637,function,runtime_handler,scatter_foliage,UE_PCG|INFINIGEN|FROSTBITE_TERRAIN,"Use species catalogs, density falloffs, forest core/edge/sparse bands, slope/moisture/altitude constraints, LOD/instancing/export budgets, and rendered grass/tree variety proof.",C+,ADD_LIVE_VISUAL_GOLDEN,helper_reachable,"Runtime/test evidence exists, but strict AAA evidence is incomplete. Product terrain domain lacks attached live visual golden/render proof."
veilbreakers_terrain/handlers/terrain_assets.py,validate_asset_density_and_overlap,validate_asset_density_and_overlap,660,function,runtime_handler,scatter_foliage,UE_PCG|INFINIGEN|FROSTBITE_TERRAIN,"Use species catalogs, density falloffs, forest core/edge/sparse bands, slope/moisture/altitude constraints, LOD/instancing/export budgets, and rendered grass/tree variety proof.",C+,ADD_LIVE_VISUAL_GOLDEN,helper_reachable,"Runtime/test evidence exists, but strict AAA evidence is incomplete. Product terrain domain lacks attached live visual golden/render proof."
veilbreakers_terrain/handlers/terrain_assets.py,_build_tree_instance_array,_build_tree_instance_array,738,function,runtime_handler,scatter_foliage,UE_PCG|INFINIGEN|FROSTBITE_TERRAIN,"Use species catalogs, density falloffs, forest core/edge/sparse bands, slope/moisture/altitude constraints, LOD/instancing/export budgets, and rendered grass/tree variety proof.",C,ADD_DIRECT_TESTS,helper_reachable,"Runtime path exists, but direct test evidence is missing. Structural/helper callable: cannot exceed C+ without direct contract tests and parent-surface proof. Product terrain domain lacks attached live visual golden/render proof."
veilbreakers_terrain/handlers/terrain_assets.py,pass_scatter_intelligent,pass_scatter_intelligent,790,function,runtime_handler,scatter_foliage,UE_PCG|INFINIGEN|FROSTBITE_TERRAIN,"Use species catalogs, density falloffs, forest core/edge/sparse bands, slope/moisture/altitude constraints, LOD/instancing/export budgets, and rendered grass/tree variety proof.",C,ADD_DIRECT_TESTS,runtime_primary,"Runtime path exists, but direct test evidence is missing. Product terrain domain lacks attached live visual golden/render proof."
veilbreakers_terrain/handlers/terrain_budget_enforcer.py,_count_scatter_instances,_count_scatter_instances,235,function,runtime_handler,scatter_foliage,UE_PCG|INFINIGEN|FROSTBITE_TERRAIN,"Use species catalogs, density falloffs, forest core/edge/sparse bands, slope/moisture/altitude constraints, LOD/instancing/export budgets, and rendered grass/tree variety proof.",C,ADD_DIRECT_TESTS,helper_reachable,"Runtime path exists, but direct test evidence is missing. Structural/helper callable: cannot exceed C+ without direct contract tests and parent-surface proof. Product terrain domain lacks attached live visual golden/render proof."
veilbreakers_terrain/handlers/terrain_caves.py,scatter_collapse_debris,scatter_collapse_debris,2309,function,runtime_handler,scatter_foliage,UE_PCG|INFINIGEN|FROSTBITE_TERRAIN,"Use species catalogs, density falloffs, forest core/edge/sparse bands, slope/moisture/altitude constraints, LOD/instancing/export budgets, and rendered grass/tree variety proof.",C+,ADD_LIVE_VISUAL_GOLDEN,helper_reachable,"Runtime/test evidence exists, but strict AAA evidence is incomplete. Product terrain domain lacks attached live visual golden/render proof."
veilbreakers_terrain/handlers/terrain_caves.py,_generate_cave_vegetation,_generate_cave_vegetation,3085,function,runtime_handler,scatter_foliage,UE_PCG|INFINIGEN|FROSTBITE_TERRAIN,"Use species catalogs, density falloffs, forest core/edge/sparse bands, slope/moisture/altitude constraints, LOD/instancing/export budgets, and rendered grass/tree variety proof.",C,ADD_DIRECT_TESTS,helper_reachable,"Runtime path exists, but direct test evidence is missing. Structural/helper callable: cannot exceed C+ without direct contract tests and parent-surface proof. Product terrain domain lacks attached live visual golden/render proof."
veilbreakers_terrain/handlers/terrain_foliage_catalog.py,SpeciesSpec,SpeciesSpec,116,class,runtime_handler,scatter_foliage,UE_PCG|INFINIGEN|FROSTBITE_TERRAIN,"Use species catalogs, density falloffs, forest core/edge/sparse bands, slope/moisture/altitude constraints, LOD/instancing/export budgets, and rendered grass/tree variety proof.",D+,WIRE_OR_DEPRECATE,missing_wiring_row,No callable-wiring row; runtime path is unproven. Structural/helper callable: cannot exceed C+ without direct contract tests and parent-surface proof. Product terrain domain lacks attached live visual golden/render proof.
veilbreakers_terrain/handlers/terrain_foliage_catalog.py,_slope,_slope,164,function,runtime_handler,scatter_foliage,UE_PCG|INFINIGEN|FROSTBITE_TERRAIN,"Use species catalogs, density falloffs, forest core/edge/sparse bands, slope/moisture/altitude constraints, LOD/instancing/export budgets, and rendered grass/tree variety proof.",C,ADD_DIRECT_TESTS,helper_reachable,"Runtime path exists, but direct test evidence is missing. Structural/helper callable: cannot exceed C+ without direct contract tests and parent-surface proof. Product terrain domain lacks attached live visual golden/render proof."
veilbreakers_terrain/handlers/terrain_foliage_catalog.py,species_ids_by_category,species_ids_by_category,754,function,runtime_handler,scatter_foliage,UE_PCG|INFINIGEN|FROSTBITE_TERRAIN,"Use species catalogs, density falloffs, forest core/edge/sparse bands, slope/moisture/altitude constraints, LOD/instancing/export budgets, and rendered grass/tree variety proof.",C,WIRE_OR_DEPRECATE,test_only_or_unwired,Wiring scan status is test_only_or_unwired; production path is not proven. Structural/helper callable: cannot exceed C+ without direct contract tests and parent-surface proof. Product terrain domain lacks attached live visual golden/render proof.
veilbreakers_terrain/handlers/terrain_foliage_catalog.py,retired_model_provider_assets_required,retired_model_provider_assets_required,776,function,runtime_handler,scatter_foliage,UE_PCG|INFINIGEN|FROSTBITE_TERRAIN,"Use species catalogs, density falloffs, forest core/edge/sparse bands, slope/moisture/altitude constraints, LOD/instancing/export budgets, and rendered grass/tree variety proof.",C+,ADD_LIVE_VISUAL_GOLDEN,helper_reachable,"Runtime/test evidence exists, but strict AAA evidence is incomplete. Structural/helper callable: cannot exceed C+ without direct contract tests and parent-surface proof. Product terrain domain lacks attached live visual golden/render proof."
veilbreakers_terrain/handlers/terrain_foliage_catalog.py,manifest_entries,manifest_entries,788,function,runtime_handler,scatter_foliage,UE_PCG|INFINIGEN|FROSTBITE_TERRAIN,"Use species catalogs, density falloffs, forest core/edge/sparse bands, slope/moisture/altitude constraints, LOD/instancing/export budgets, and rendered grass/tree variety proof.",C+,ADD_LIVE_VISUAL_GOLDEN,helper_reachable,"Runtime/test evidence exists, but strict AAA evidence is incomplete. Structural/helper callable: cannot exceed C+ without direct contract tests and parent-surface proof. Product terrain domain lacks attached live visual golden/render proof."
veilbreakers_terrain/handlers/terrain_foliage_catalog.py,categories_covered,categories_covered,800,function,runtime_handler,scatter_foliage,UE_PCG|INFINIGEN|FROSTBITE_TERRAIN,"Use species catalogs, density falloffs, forest core/edge/sparse bands, slope/moisture/altitude constraints, LOD/instancing/export budgets, and rendered grass/tree variety proof.",C+,ADD_LIVE_VISUAL_GOLDEN,helper_reachable,"Runtime/test evidence exists, but strict AAA evidence is incomplete. Structural/helper callable: cannot exceed C+ without direct contract tests and parent-surface proof. Product terrain domain lacks attached live visual golden/render proof."
veilbreakers_terrain/handlers/terrain_foliage_catalog.py,_derive_species_constraints,_derive_species_constraints,805,function,runtime_handler,scatter_foliage,UE_PCG|INFINIGEN|FROSTBITE_TERRAIN,"Use species catalogs, density falloffs, forest core/edge/sparse bands, slope/moisture/altitude constraints, LOD/instancing/export budgets, and rendered grass/tree variety proof.",C,ADD_DIRECT_TESTS,helper_reachable,"Runtime path exists, but direct test evidence is missing. Structural/helper callable: cannot exceed C+ without direct contract tests and parent-surface proof. Product terrain domain lacks attached live visual golden/render proof."
veilbreakers_terrain/handlers/terrain_foliage_catalog.py,retired model providerAssetManifest,retired model providerAssetManifest,963,class,runtime_handler,scatter_foliage,UE_PCG|INFINIGEN|FROSTBITE_TERRAIN,"Use species catalogs, density falloffs, forest core/edge/sparse bands, slope/moisture/altitude constraints, LOD/instancing/export budgets, and rendered grass/tree variety proof.",D+,WIRE_OR_DEPRECATE,missing_wiring_row,No callable-wiring row; runtime path is unproven. Structural/helper callable: cannot exceed C+ without direct contract tests and parent-surface proof. Product terrain domain lacks attached live visual golden/render proof.
veilbreakers_terrain/handlers/terrain_foliage_catalog.py,retired model providerAssetManifest._maybe_reload,_maybe_reload,988,method,runtime_handler,scatter_foliage,UE_PCG|INFINIGEN|FROSTBITE_TERRAIN,"Use species catalogs, density falloffs, forest core/edge/sparse bands, slope/moisture/altitude constraints, LOD/instancing/export budgets, and rendered grass/tree variety proof.",C,ADD_DIRECT_TESTS,helper_reachable,"Runtime path exists, but direct test evidence is missing. Structural/helper callable: cannot exceed C+ without direct contract tests and parent-surface proof. Product terrain domain lacks attached live visual golden/render proof."
veilbreakers_terrain/handlers/terrain_foliage_catalog.py,retired model providerAssetManifest._load_locked,_load_locked,998,method,runtime_handler,scatter_foliage,UE_PCG|INFINIGEN|FROSTBITE_TERRAIN,"Use species catalogs, density falloffs, forest core/edge/sparse bands, slope/moisture/altitude constraints, LOD/instancing/export budgets, and rendered grass/tree variety proof.",C,ADD_DIRECT_TESTS,helper_reachable,"Runtime path exists, but direct test evidence is missing. Structural/helper callable: cannot exceed C+ without direct contract tests and parent-surface proof. Product terrain domain lacks attached live visual golden/render proof."
veilbreakers_terrain/handlers/terrain_foliage_catalog.py,retired model providerAssetManifest.reload,reload,1026,method,runtime_handler,scatter_foliage,UE_PCG|INFINIGEN|FROSTBITE_TERRAIN,"Use species catalogs, density falloffs, forest core/edge/sparse bands, slope/moisture/altitude constraints, LOD/instancing/export budgets, and rendered grass/tree variety proof.",C,ADD_DIRECT_TESTS,helper_reachable,"Runtime path exists, but direct test evidence is missing. Structural/helper callable: cannot exceed C+ without direct contract tests and parent-surface proof. Product terrain domain lacks attached live visual golden/render proof."
veilbreakers_terrain/handlers/terrain_foliage_catalog.py,retired model providerAssetManifest.asset_ids,asset_ids,1031,method,runtime_handler,scatter_foliage,UE_PCG|INFINIGEN|FROSTBITE_TERRAIN,"Use species catalogs, density falloffs, forest core/edge/sparse bands, slope/moisture/altitude constraints, LOD/instancing/export budgets, and rendered grass/tree variety proof.",D+,WIRE_OR_DEPRECATE,orphan_candidate,Wiring scan marks this as orphan_candidate. Structural/helper callable: cannot exceed C+ without direct contract tests and parent-surface proof. Product terrain domain lacks attached live visual golden/render proof.
veilbreakers_terrain/handlers/terrain_foliage_catalog.py,retired model providerAssetManifest.get_asset,get_asset,1036,method,runtime_handler,scatter_foliage,UE_PCG|INFINIGEN|FROSTBITE_TERRAIN,"Use species catalogs, density falloffs, forest core/edge/sparse bands, slope/moisture/altitude constraints, LOD/instancing/export budgets, and rendered grass/tree variety proof.",C,ADD_DIRECT_TESTS,helper_reachable,"Runtime path exists, but direct test evidence is missing. Structural/helper callable: cannot exceed C+ without direct contract tests and parent-surface proof. Product terrain domain lacks attached live visual golden/render proof."
veilbreakers_terrain/handlers/terrain_foliage_catalog.py,retired model providerAssetManifest.assets_for_category,assets_for_category,1041,method,runtime_handler,scatter_foliage,UE_PCG|INFINIGEN|FROSTBITE_TERRAIN,"Use species catalogs, density falloffs, forest core/edge/sparse bands, slope/moisture/altitude constraints, LOD/instancing/export budgets, and rendered grass/tree variety proof.",C,ADD_DIRECT_TESTS,helper_reachable,"Runtime path exists, but direct test evidence is missing. Structural/helper callable: cannot exceed C+ without direct contract tests and parent-surface proof. Product terrain domain lacks attached live visual golden/render proof."
veilbreakers_terrain/handlers/terrain_foliage_catalog.py,retired model providerAssetManifest.assets_for_species,assets_for_species,1047,method,runtime_handler,scatter_foliage,UE_PCG|INFINIGEN|FROSTBITE_TERRAIN,"Use species catalogs, density falloffs, forest core/edge/sparse bands, slope/moisture/altitude constraints, LOD/instancing/export budgets, and rendered grass/tree variety proof.",C,ADD_DIRECT_TESTS,helper_reachable,"Runtime path exists, but direct test evidence is missing. Structural/helper callable: cannot exceed C+ without direct contract tests and parent-surface proof. Product terrain domain lacks attached live visual golden/render proof."
veilbreakers_terrain/handlers/terrain_foliage_catalog.py,retired model providerAssetManifest.choose_for_species,choose_for_species,1054,method,runtime_handler,scatter_foliage,UE_PCG|INFINIGEN|FROSTBITE_TERRAIN,"Use species catalogs, density falloffs, forest core/edge/sparse bands, slope/moisture/altitude constraints, LOD/instancing/export budgets, and rendered grass/tree variety proof.",C+,ADD_LIVE_VISUAL_GOLDEN,helper_reachable,"Runtime/test evidence exists, but strict AAA evidence is incomplete. Structural/helper callable: cannot exceed C+ without direct contract tests and parent-surface proof. Product terrain domain lacks attached live visual golden/render proof."
veilbreakers_terrain/handlers/terrain_foliage_catalog.py,retired model providerAssetManifest.lod_paths,lod_paths,1071,method,runtime_handler,scatter_foliage,UE_PCG|INFINIGEN|FROSTBITE_TERRAIN,"Use species catalogs, density falloffs, forest core/edge/sparse bands, slope/moisture/altitude constraints, LOD/instancing/export budgets, and rendered grass/tree variety proof.",D+,WIRE_OR_DEPRECATE,orphan_candidate,Wiring scan marks this as orphan_candidate. Structural/helper callable: cannot exceed C+ without direct contract tests and parent-surface proof. Product terrain domain lacks attached live visual golden/render proof.
veilbreakers_terrain/handlers/terrain_foliage_catalog.py,retired model providerAssetManifest.stats,stats,1081,method,runtime_handler,scatter_foliage,UE_PCG|INFINIGEN|FROSTBITE_TERRAIN,"Use species catalogs, density falloffs, forest core/edge/sparse bands, slope/moisture/altitude constraints, LOD/instancing/export budgets, and rendered grass/tree variety proof.",C,WIRE_OR_DEPRECATE,test_only_or_unwired,Wiring scan status is test_only_or_unwired; production path is not proven. Structural/helper callable: cannot exceed C+ without direct contract tests and parent-surface proof. Product terrain domain lacks attached live visual golden/render proof.
veilbreakers_terrain/handlers/terrain_foliage_catalog.py,get_default_asset_manifest,get_default_asset_manifest,1102,function,runtime_handler,scatter_foliage,UE_PCG|INFINIGEN|FROSTBITE_TERRAIN,"Use species catalogs, density falloffs, forest core/edge/sparse bands, slope/moisture/altitude constraints, LOD/instancing/export budgets, and rendered grass/tree variety proof.",C+,ADD_LIVE_VISUAL_GOLDEN,helper_reachable,"Runtime/test evidence exists, but strict AAA evidence is incomplete. Structural/helper callable: cannot exceed C+ without direct contract tests and parent-surface proof. Product terrain domain lacks attached live visual golden/render proof."
veilbreakers_terrain/handlers/terrain_foliage_catalog.py,set_default_asset_manifest,set_default_asset_manifest,1111,function,runtime_handler,scatter_foliage,UE_PCG|INFINIGEN|FROSTBITE_TERRAIN,"Use species catalogs, density falloffs, forest core/edge/sparse bands, slope/moisture/altitude constraints, LOD/instancing/export budgets, and rendered grass/tree variety proof.",C,WIRE_OR_DEPRECATE,test_only_or_unwired,Wiring scan status is test_only_or_unwired; production path is not proven. Structural/helper callable: cannot exceed C+ without direct contract tests and parent-surface proof. Product terrain domain lacks attached live visual golden/render proof.
veilbreakers_terrain/handlers/terrain_foliage_catalog.py,resolve_retired_model_provider_asset,resolve_retired_model_provider_asset,1118,function,runtime_handler,scatter_foliage,UE_PCG|INFINIGEN|FROSTBITE_TERRAIN,"Use species catalogs, density falloffs, forest core/edge/sparse bands, slope/moisture/altitude constraints, LOD/instancing/export budgets, and rendered grass/tree variety proof.",D+,WIRE_OR_DEPRECATE,orphan_candidate,Wiring scan marks this as orphan_candidate. Structural/helper callable: cannot exceed C+ without direct contract tests and parent-surface proof. Product terrain domain lacks attached live visual golden/render proof.
veilbreakers_terrain/handlers/terrain_glacial.py,scatter_moraines,scatter_moraines,171,function,runtime_handler,scatter_foliage,UE_PCG|INFINIGEN|FROSTBITE_TERRAIN,"Use species catalogs, density falloffs, forest core/edge/sparse bands, slope/moisture/altitude constraints, LOD/instancing/export budgets, and rendered grass/tree variety proof.",C,WIRE_OR_DEPRECATE,test_only_or_unwired,Wiring scan status is test_only_or_unwired; production path is not proven. Product terrain domain lacks attached live visual golden/render proof.
veilbreakers_terrain/handlers/terrain_glacial.py,scatter_moraines._interp,_interp,208,nested_function,runtime_handler,scatter_foliage,UE_PCG|INFINIGEN|FROSTBITE_TERRAIN,"Use species catalogs, density falloffs, forest core/edge/sparse bands, slope/moisture/altitude constraints, LOD/instancing/export budgets, and rendered grass/tree variety proof.",C,ADD_DIRECT_TESTS,helper_reachable,"Runtime path exists, but direct test evidence is missing. Structural/helper callable: cannot exceed C+ without direct contract tests and parent-surface proof. Product terrain domain lacks attached live visual golden/render proof."
veilbreakers_terrain/handlers/terrain_quixel_ingest.py,ingest_quixel_asset,ingest_quixel_asset,264,function,runtime_handler,scatter_foliage,UE_PCG|INFINIGEN|FROSTBITE_TERRAIN,"Use species catalogs, density falloffs, forest core/edge/sparse bands, slope/moisture/altitude constraints, LOD/instancing/export budgets, and rendered grass/tree variety proof.",C+,ADD_LIVE_VISUAL_GOLDEN,helper_reachable,"Runtime/test evidence exists, but strict AAA evidence is incomplete. Product terrain domain lacks attached live visual golden/render proof."
veilbreakers_terrain/handlers/terrain_scatter_altitude_audit_linter.py,audit_scatter_altitude_conversion,audit_scatter_altitude_conversion,41,function,runtime_handler,scatter_foliage,UE_PCG|INFINIGEN|FROSTBITE_TERRAIN,"Use species catalogs, density falloffs, forest core/edge/sparse bands, slope/moisture/altitude constraints, LOD/instancing/export budgets, and rendered grass/tree variety proof.",C+,ADD_LIVE_VISUAL_GOLDEN,helper_reachable,"Runtime/test evidence exists, but strict AAA evidence is incomplete. Product terrain domain lacks attached live visual golden/render proof."
veilbreakers_terrain/handlers/terrain_scatter_altitude_audit_linter.py,_cli_main,_cli_main,64,function,runtime_handler,scatter_foliage,UE_PCG|INFINIGEN|FROSTBITE_TERRAIN,"Use species catalogs, density falloffs, forest core/edge/sparse bands, slope/moisture/altitude constraints, LOD/instancing/export budgets, and rendered grass/tree variety proof.",C,ADD_DIRECT_TESTS,helper_reachable,"Runtime path exists, but direct test evidence is missing. Structural/helper callable: cannot exceed C+ without direct contract tests and parent-surface proof. Product terrain domain lacks attached live visual golden/render proof."
veilbreakers_terrain/handlers/terrain_unity_export.py,_build_foliage_scatter_manifest,_build_foliage_scatter_manifest,46,function,runtime_handler,scatter_foliage,UE_PCG|INFINIGEN|FROSTBITE_TERRAIN,"Use species catalogs, density falloffs, forest core/edge/sparse bands, slope/moisture/altitude constraints, LOD/instancing/export budgets, and rendered grass/tree variety proof.",C+,ADD_LIVE_VISUAL_GOLDEN,helper_reachable,"Runtime/test evidence exists, but strict AAA evidence is incomplete. Structural/helper callable: cannot exceed C+ without direct contract tests and parent-surface proof. Product terrain domain lacks attached live visual golden/render proof."
veilbreakers_terrain/handlers/terrain_unity_export.py,_tree_instances_json,_tree_instances_json,1707,function,runtime_handler,scatter_foliage,UE_PCG|INFINIGEN|FROSTBITE_TERRAIN,"Use species catalogs, density falloffs, forest core/edge/sparse bands, slope/moisture/altitude constraints, LOD/instancing/export budgets, and rendered grass/tree variety proof.",C+,ADD_LIVE_VISUAL_GOLDEN,helper_reachable,"Runtime/test evidence exists, but strict AAA evidence is incomplete. Structural/helper callable: cannot exceed C+ without direct contract tests and parent-surface proof. Product terrain domain lacks attached live visual golden/render proof."
veilbreakers_terrain/handlers/terrain_vegetation_depth.py,VegetationLayer,VegetationLayer,45,class,runtime_handler,scatter_foliage,UE_PCG|INFINIGEN|FROSTBITE_TERRAIN,"Use species catalogs, density falloffs, forest core/edge/sparse bands, slope/moisture/altitude constraints, LOD/instancing/export budgets, and rendered grass/tree variety proof.",D+,WIRE_OR_DEPRECATE,missing_wiring_row,No callable-wiring row; runtime path is unproven. Structural/helper callable: cannot exceed C+ without direct contract tests and parent-surface proof. Product terrain domain lacks attached live visual golden/render proof.
veilbreakers_terrain/handlers/terrain_vegetation_depth.py,VegetationLayers,VegetationLayers,54,class,runtime_handler,scatter_foliage,UE_PCG|INFINIGEN|FROSTBITE_TERRAIN,"Use species catalogs, density falloffs, forest core/edge/sparse bands, slope/moisture/altitude constraints, LOD/instancing/export budgets, and rendered grass/tree variety proof.",D+,WIRE_OR_DEPRECATE,missing_wiring_row,No callable-wiring row; runtime path is unproven. Structural/helper callable: cannot exceed C+ without direct contract tests and parent-surface proof. Product terrain domain lacks attached live visual golden/render proof.
veilbreakers_terrain/handlers/terrain_vegetation_depth.py,VegetationLayers.understory_density,understory_density,74,method,runtime_handler,scatter_foliage,UE_PCG|INFINIGEN|FROSTBITE_TERRAIN,"Use species catalogs, density falloffs, forest core/edge/sparse bands, slope/moisture/altitude constraints, LOD/instancing/export budgets, and rendered grass/tree variety proof.",C,WIRE_OR_DEPRECATE,test_only_or_unwired,Wiring scan status is test_only_or_unwired; production path is not proven. Structural/helper callable: cannot exceed C+ without direct contract tests and parent-surface proof. Product terrain domain lacks attached live visual golden/render proof.
veilbreakers_terrain/handlers/terrain_vegetation_depth.py,DisturbancePatch,DisturbancePatch,87,class,runtime_handler,scatter_foliage,UE_PCG|INFINIGEN|FROSTBITE_TERRAIN,"Use species catalogs, density falloffs, forest core/edge/sparse bands, slope/moisture/altitude constraints, LOD/instancing/export budgets, and rendered grass/tree variety proof.",D+,WIRE_OR_DEPRECATE,missing_wiring_row,No callable-wiring row; runtime path is unproven. Structural/helper callable: cannot exceed C+ without direct contract tests and parent-surface proof. Product terrain domain lacks attached live visual golden/render proof.
veilbreakers_terrain/handlers/terrain_vegetation_depth.py,Clearing,Clearing,97,class,runtime_handler,scatter_foliage,UE_PCG|INFINIGEN|FROSTBITE_TERRAIN,"Use species catalogs, density falloffs, forest core/edge/sparse bands, slope/moisture/altitude constraints, LOD/instancing/export budgets, and rendered grass/tree variety proof.",D+,WIRE_OR_DEPRECATE,missing_wiring_row,No callable-wiring row; runtime path is unproven. Structural/helper callable: cannot exceed C+ without direct contract tests and parent-surface proof. Product terrain domain lacks attached live visual golden/render proof.
veilbreakers_terrain/handlers/terrain_vegetation_depth.py,FallenLogSpec,FallenLogSpec,104,class,runtime_handler,scatter_foliage,UE_PCG|INFINIGEN|FROSTBITE_TERRAIN,"Use species catalogs, density falloffs, forest core/edge/sparse bands, slope/moisture/altitude constraints, LOD/instancing/export budgets, and rendered grass/tree variety proof.",D+,WIRE_OR_DEPRECATE,missing_wiring_row,No callable-wiring row; runtime path is unproven. Structural/helper callable: cannot exceed C+ without direct contract tests and parent-surface proof. Product terrain domain lacks attached live visual golden/render proof.
veilbreakers_terrain/handlers/terrain_vegetation_depth.py,FallenLogSpec.__iter__,__iter__,116,method,runtime_handler,scatter_foliage,UE_PCG|INFINIGEN|FROSTBITE_TERRAIN,"Use species catalogs, density falloffs, forest core/edge/sparse bands, slope/moisture/altitude constraints, LOD/instancing/export budgets, and rendered grass/tree variety proof.",D+,WIRE_OR_DEPRECATE,missing_wiring_row,No callable-wiring row; runtime path is unproven. Structural/helper callable: cannot exceed C+ without direct contract tests and parent-surface proof. Product terrain domain lacks attached live visual golden/render proof.
veilbreakers_terrain/handlers/terrain_vegetation_depth.py,_region_slice,_region_slice,128,function,runtime_handler,scatter_foliage,UE_PCG|INFINIGEN|FROSTBITE_TERRAIN,"Use species catalogs, density falloffs, forest core/edge/sparse bands, slope/moisture/altitude constraints, LOD/instancing/export budgets, and rendered grass/tree variety proof.",C+,ADD_LIVE_VISUAL_GOLDEN,helper_reachable,"Runtime/test evidence exists, but strict AAA evidence is incomplete. Structural/helper callable: cannot exceed C+ without direct contract tests and parent-surface proof. Product terrain domain lacks attached live visual golden/render proof."
veilbreakers_terrain/handlers/terrain_vegetation_depth.py,_protected_mask,_protected_mask,144,function,runtime_handler,scatter_foliage,UE_PCG|INFINIGEN|FROSTBITE_TERRAIN,"Use species catalogs, density falloffs, forest core/edge/sparse bands, slope/moisture/altitude constraints, LOD/instancing/export budgets, and rendered grass/tree variety proof.",C+,ADD_LIVE_VISUAL_GOLDEN,helper_reachable,"Runtime/test evidence exists, but strict AAA evidence is incomplete. Structural/helper callable: cannot exceed C+ without direct contract tests and parent-surface proof. Product terrain domain lacks attached live visual golden/render proof."
veilbreakers_terrain/handlers/terrain_vegetation_depth.py,_normalize,_normalize,170,function,runtime_handler,scatter_foliage,UE_PCG|INFINIGEN|FROSTBITE_TERRAIN,"Use species catalogs, density falloffs, forest core/edge/sparse bands, slope/moisture/altitude constraints, LOD/instancing/export budgets, and rendered grass/tree variety proof.",C+,ADD_LIVE_VISUAL_GOLDEN,helper_reachable,"Runtime/test evidence exists, but strict AAA evidence is incomplete. Structural/helper callable: cannot exceed C+ without direct contract tests and parent-surface proof. Product terrain domain lacks attached live visual golden/render proof."
veilbreakers_terrain/handlers/terrain_vegetation_depth.py,compute_vegetation_layers,compute_vegetation_layers,224,function,runtime_handler,scatter_foliage,UE_PCG|INFINIGEN|FROSTBITE_TERRAIN,"Use species catalogs, density falloffs, forest core/edge/sparse bands, slope/moisture/altitude constraints, LOD/instancing/export budgets, and rendered grass/tree variety proof.",C+,ADD_LIVE_VISUAL_GOLDEN,helper_reachable,"Runtime/test evidence exists, but strict AAA evidence is incomplete. Product terrain domain lacks attached live visual golden/render proof."
veilbreakers_terrain/handlers/terrain_vegetation_depth.py,detect_disturbance_patches,detect_disturbance_patches,386,function,runtime_handler,scatter_foliage,UE_PCG|INFINIGEN|FROSTBITE_TERRAIN,"Use species catalogs, density falloffs, forest core/edge/sparse bands, slope/moisture/altitude constraints, LOD/instancing/export budgets, and rendered grass/tree variety proof.",C+,ADD_LIVE_VISUAL_GOLDEN,helper_reachable,"Runtime/test evidence exists, but strict AAA evidence is incomplete. Product terrain domain lacks attached live visual golden/render proof."
veilbreakers_terrain/handlers/terrain_vegetation_depth.py,place_clearings,place_clearings,756,function,runtime_handler,scatter_foliage,UE_PCG|INFINIGEN|FROSTBITE_TERRAIN,"Use species catalogs, density falloffs, forest core/edge/sparse bands, slope/moisture/altitude constraints, LOD/instancing/export budgets, and rendered grass/tree variety proof.",C+,ADD_LIVE_VISUAL_GOLDEN,helper_reachable,"Runtime/test evidence exists, but strict AAA evidence is incomplete. Product terrain domain lacks attached live visual golden/render proof."
veilbreakers_terrain/handlers/terrain_vegetation_depth.py,place_clearings._grid_key,_grid_key,873,nested_function,runtime_handler,scatter_foliage,UE_PCG|INFINIGEN|FROSTBITE_TERRAIN,"Use species catalogs, density falloffs, forest core/edge/sparse bands, slope/moisture/altitude constraints, LOD/instancing/export budgets, and rendered grass/tree variety proof.",C,ADD_DIRECT_TESTS,helper_reachable,"Runtime path exists, but direct test evidence is missing. Structural/helper callable: cannot exceed C+ without direct contract tests and parent-surface proof. Product terrain domain lacks attached live visual golden/render proof."
veilbreakers_terrain/handlers/terrain_vegetation_depth.py,place_clearings._is_valid,_is_valid,876,nested_function,runtime_handler,scatter_foliage,UE_PCG|INFINIGEN|FROSTBITE_TERRAIN,"Use species catalogs, density falloffs, forest core/edge/sparse bands, slope/moisture/altitude constraints, LOD/instancing/export budgets, and rendered grass/tree variety proof.",C,ADD_DIRECT_TESTS,helper_reachable,"Runtime path exists, but direct test evidence is missing. Structural/helper callable: cannot exceed C+ without direct contract tests and parent-surface proof. Product terrain domain lacks attached live visual golden/render proof."
veilbreakers_terrain/handlers/terrain_vegetation_depth.py,place_fallen_logs,place_fallen_logs,962,function,runtime_handler,scatter_foliage,UE_PCG|INFINIGEN|FROSTBITE_TERRAIN,"Use species catalogs, density falloffs, forest core/edge/sparse bands, slope/moisture/altitude constraints, LOD/instancing/export budgets, and rendered grass/tree variety proof.",C+,ADD_LIVE_VISUAL_GOLDEN,helper_reachable,"Runtime/test evidence exists, but strict AAA evidence is incomplete. Product terrain domain lacks attached live visual golden/render proof."
veilbreakers_terrain/handlers/terrain_vegetation_depth.py,apply_edge_effects,apply_edge_effects,1139,function,runtime_handler,scatter_foliage,UE_PCG|INFINIGEN|FROSTBITE_TERRAIN,"Use species catalogs, density falloffs, forest core/edge/sparse bands, slope/moisture/altitude constraints, LOD/instancing/export budgets, and rendered grass/tree variety proof.",C+,ADD_LIVE_VISUAL_GOLDEN,helper_reachable,"Runtime/test evidence exists, but strict AAA evidence is incomplete. Product terrain domain lacks attached live visual golden/render proof."
veilbreakers_terrain/handlers/terrain_vegetation_depth.py,apply_cultivated_zones,apply_cultivated_zones,1239,function,runtime_handler,scatter_foliage,UE_PCG|INFINIGEN|FROSTBITE_TERRAIN,"Use species catalogs, density falloffs, forest core/edge/sparse bands, slope/moisture/altitude constraints, LOD/instancing/export budgets, and rendered grass/tree variety proof.",C+,ADD_LIVE_VISUAL_GOLDEN,helper_reachable,"Runtime/test evidence exists, but strict AAA evidence is incomplete. Product terrain domain lacks attached live visual golden/render proof."
veilbreakers_terrain/handlers/terrain_vegetation_depth.py,apply_cultivated_zones._apply_zone,_apply_zone,1304,nested_function,runtime_handler,scatter_foliage,UE_PCG|INFINIGEN|FROSTBITE_TERRAIN,"Use species catalogs, density falloffs, forest core/edge/sparse bands, slope/moisture/altitude constraints, LOD/instancing/export budgets, and rendered grass/tree variety proof.",C,ADD_DIRECT_TESTS,helper_reachable,"Runtime path exists, but direct test evidence is missing. Structural/helper callable: cannot exceed C+ without direct contract tests and parent-surface proof. Product terrain domain lacks attached live visual golden/render proof."
veilbreakers_terrain/handlers/terrain_vegetation_depth.py,apply_allelopathic_exclusion,apply_allelopathic_exclusion,1376,function,runtime_handler,scatter_foliage,UE_PCG|INFINIGEN|FROSTBITE_TERRAIN,"Use species catalogs, density falloffs, forest core/edge/sparse bands, slope/moisture/altitude constraints, LOD/instancing/export budgets, and rendered grass/tree variety proof.",C+,ADD_LIVE_VISUAL_GOLDEN,helper_reachable,"Runtime/test evidence exists, but strict AAA evidence is incomplete. Product terrain domain lacks attached live visual golden/render proof."
veilbreakers_terrain/handlers/terrain_vegetation_depth.py,pass_vegetation_depth,pass_vegetation_depth,1522,function,runtime_handler,scatter_foliage,UE_PCG|INFINIGEN|FROSTBITE_TERRAIN,"Use species catalogs, density falloffs, forest core/edge/sparse bands, slope/moisture/altitude constraints, LOD/instancing/export budgets, and rendered grass/tree variety proof.",C+,ADD_LIVE_VISUAL_GOLDEN,runtime_primary,"Runtime/test evidence exists, but strict AAA evidence is incomplete. Product terrain domain lacks attached live visual golden/render proof."
veilbreakers_terrain/handlers/terrain_vegetation_depth.py,register_vegetation_depth_pass,register_vegetation_depth_pass,1697,function,runtime_handler,scatter_foliage,UE_PCG|INFINIGEN|FROSTBITE_TERRAIN,"Use species catalogs, density falloffs, forest core/edge/sparse bands, slope/moisture/altitude constraints, LOD/instancing/export budgets, and rendered grass/tree variety proof.",C,ADD_DIRECT_TESTS,runtime_primary,"Runtime path exists, but direct test evidence is missing. Product terrain domain lacks attached live visual golden/render proof."
veilbreakers_terrain/handlers/terrain_vegetation_depth.py,compute_emergent_grass_density,compute_emergent_grass_density,1730,function,runtime_handler,scatter_foliage,UE_PCG|INFINIGEN|FROSTBITE_TERRAIN,"Use species catalogs, density falloffs, forest core/edge/sparse bands, slope/moisture/altitude constraints, LOD/instancing/export budgets, and rendered grass/tree variety proof.",C+,ADD_LIVE_VISUAL_GOLDEN,helper_reachable,"Runtime/test evidence exists, but strict AAA evidence is incomplete. Product terrain domain lacks attached live visual golden/render proof."
veilbreakers_terrain/handlers/terrain_vegetation_depth.py,pass_emergent_grass,pass_emergent_grass,1756,function,runtime_handler,scatter_foliage,UE_PCG|INFINIGEN|FROSTBITE_TERRAIN,"Use species catalogs, density falloffs, forest core/edge/sparse bands, slope/moisture/altitude constraints, LOD/instancing/export budgets, and rendered grass/tree variety proof.",C,ADD_DIRECT_TESTS,runtime_primary,"Runtime path exists, but direct test evidence is missing. Product terrain domain lacks attached live visual golden/render proof."
veilbreakers_terrain/handlers/terrain_vegetation_depth.py,register_emergent_grass_pass,register_emergent_grass_pass,1794,function,runtime_handler,scatter_foliage,UE_PCG|INFINIGEN|FROSTBITE_TERRAIN,"Use species catalogs, density falloffs, forest core/edge/sparse bands, slope/moisture/altitude constraints, LOD/instancing/export budgets, and rendered grass/tree variety proof.",C,ADD_DIRECT_TESTS,runtime_primary,"Runtime path exists, but direct test evidence is missing. Product terrain domain lacks attached live visual golden/render proof."
veilbreakers_terrain/handlers/vegetation_lsystem.py,expand_lsystem,expand_lsystem,200,function,runtime_handler,scatter_foliage,UE_PCG|INFINIGEN|FROSTBITE_TERRAIN,"Use species catalogs, density falloffs, forest core/edge/sparse bands, slope/moisture/altitude constraints, LOD/instancing/export budgets, and rendered grass/tree variety proof.",C,ADD_DIRECT_TESTS,helper_reachable,"Runtime path exists, but direct test evidence is missing. Structural/helper callable: cannot exceed C+ without direct contract tests and parent-surface proof. Product terrain domain lacks attached live visual golden/render proof."
veilbreakers_terrain/handlers/vegetation_lsystem.py,_rotate_vector,_rotate_vector,287,function,runtime_handler,scatter_foliage,UE_PCG|INFINIGEN|FROSTBITE_TERRAIN,"Use species catalogs, density falloffs, forest core/edge/sparse bands, slope/moisture/altitude constraints, LOD/instancing/export budgets, and rendered grass/tree variety proof.",C,ADD_DIRECT_TESTS,helper_reachable,"Runtime path exists, but direct test evidence is missing. Structural/helper callable: cannot exceed C+ without direct contract tests and parent-surface proof. Product terrain domain lacks attached live visual golden/render proof."
veilbreakers_terrain/handlers/vegetation_lsystem.py,_TurtleState,_TurtleState,315,class,runtime_handler,scatter_foliage,UE_PCG|INFINIGEN|FROSTBITE_TERRAIN,"Use species catalogs, density falloffs, forest core/edge/sparse bands, slope/moisture/altitude constraints, LOD/instancing/export budgets, and rendered grass/tree variety proof.",D+,WIRE_OR_DEPRECATE,missing_wiring_row,No callable-wiring row; runtime path is unproven. Structural/helper callable: cannot exceed C+ without direct contract tests and parent-surface proof. Product terrain domain lacks attached live visual golden/render proof.
veilbreakers_terrain/handlers/vegetation_lsystem.py,_TurtleState.copy,copy,335,nested_function,runtime_handler,scatter_foliage,UE_PCG|INFINIGEN|FROSTBITE_TERRAIN,"Use species catalogs, density falloffs, forest core/edge/sparse bands, slope/moisture/altitude constraints, LOD/instancing/export budgets, and rendered grass/tree variety proof.",C+,ADD_LIVE_VISUAL_GOLDEN,helper_reachable,"Runtime/test evidence exists, but strict AAA evidence is incomplete. Structural/helper callable: cannot exceed C+ without direct contract tests and parent-surface proof. Product terrain domain lacks attached live visual golden/render proof."
veilbreakers_terrain/handlers/vegetation_lsystem.py,BranchSegment,BranchSegment,345,class,runtime_handler,scatter_foliage,UE_PCG|INFINIGEN|FROSTBITE_TERRAIN,"Use species catalogs, density falloffs, forest core/edge/sparse bands, slope/moisture/altitude constraints, LOD/instancing/export budgets, and rendered grass/tree variety proof.",D+,WIRE_OR_DEPRECATE,missing_wiring_row,No callable-wiring row; runtime path is unproven. Structural/helper callable: cannot exceed C+ without direct contract tests and parent-surface proof. Product terrain domain lacks attached live visual golden/render proof.
veilbreakers_terrain/handlers/vegetation_lsystem.py,_reorthogonalize,_reorthogonalize,379,function,runtime_handler,scatter_foliage,UE_PCG|INFINIGEN|FROSTBITE_TERRAIN,"Use species catalogs, density falloffs, forest core/edge/sparse bands, slope/moisture/altitude constraints, LOD/instancing/export budgets, and rendered grass/tree variety proof.",C,ADD_DIRECT_TESTS,helper_reachable,"Runtime path exists, but direct test evidence is missing. Structural/helper callable: cannot exceed C+ without direct contract tests and parent-surface proof. Product terrain domain lacks attached live visual golden/render proof."
veilbreakers_terrain/handlers/vegetation_lsystem.py,interpret_lsystem,interpret_lsystem,424,function,runtime_handler,scatter_foliage,UE_PCG|INFINIGEN|FROSTBITE_TERRAIN,"Use species catalogs, density falloffs, forest core/edge/sparse bands, slope/moisture/altitude constraints, LOD/instancing/export budgets, and rendered grass/tree variety proof.",C,ADD_DIRECT_TESTS,helper_reachable,"Runtime path exists, but direct test evidence is missing. Structural/helper callable: cannot exceed C+ without direct contract tests and parent-surface proof. Product terrain domain lacks attached live visual golden/render proof."
veilbreakers_terrain/handlers/vegetation_lsystem.py,_generate_cylinder_ring,_generate_cylinder_ring,685,function,runtime_handler,scatter_foliage,UE_PCG|INFINIGEN|FROSTBITE_TERRAIN,"Use species catalogs, density falloffs, forest core/edge/sparse bands, slope/moisture/altitude constraints, LOD/instancing/export budgets, and rendered grass/tree variety proof.",C,ADD_DIRECT_TESTS,helper_reachable,"Runtime path exists, but direct test evidence is missing. Structural/helper callable: cannot exceed C+ without direct contract tests and parent-surface proof. Product terrain domain lacks attached live visual golden/render proof."
veilbreakers_terrain/handlers/vegetation_lsystem.py,branches_to_mesh,branches_to_mesh,742,function,runtime_handler,scatter_foliage,UE_PCG|INFINIGEN|FROSTBITE_TERRAIN,"Use species catalogs, density falloffs, forest core/edge/sparse bands, slope/moisture/altitude constraints, LOD/instancing/export budgets, and rendered grass/tree variety proof.",C,ADD_DIRECT_TESTS,helper_reachable,"Runtime path exists, but direct test evidence is missing. Structural/helper callable: cannot exceed C+ without direct contract tests and parent-surface proof. Product terrain domain lacks attached live visual golden/render proof."
veilbreakers_terrain/handlers/vegetation_lsystem.py,branches_to_mesh._add_edge,_add_edge,781,nested_function,runtime_handler,scatter_foliage,UE_PCG|INFINIGEN|FROSTBITE_TERRAIN,"Use species catalogs, density falloffs, forest core/edge/sparse bands, slope/moisture/altitude constraints, LOD/instancing/export budgets, and rendered grass/tree variety proof.",C,ADD_DIRECT_TESTS,helper_reachable,"Runtime path exists, but direct test evidence is missing. Structural/helper callable: cannot exceed C+ without direct contract tests and parent-surface proof. Product terrain domain lacks attached live visual golden/render proof."
veilbreakers_terrain/handlers/vegetation_lsystem.py,generate_roots,generate_roots,877,function,runtime_handler,scatter_foliage,UE_PCG|INFINIGEN|FROSTBITE_TERRAIN,"Use species catalogs, density falloffs, forest core/edge/sparse bands, slope/moisture/altitude constraints, LOD/instancing/export budgets, and rendered grass/tree variety proof.",C,ADD_DIRECT_TESTS,helper_reachable,"Runtime path exists, but direct test evidence is missing. Structural/helper callable: cannot exceed C+ without direct contract tests and parent-surface proof. Product terrain domain lacks attached live visual golden/render proof."
veilbreakers_terrain/handlers/vegetation_lsystem.py,generate_lsystem_tree,generate_lsystem_tree,1034,function,runtime_handler,scatter_foliage,UE_PCG|INFINIGEN|FROSTBITE_TERRAIN,"Use species catalogs, density falloffs, forest core/edge/sparse bands, slope/moisture/altitude constraints, LOD/instancing/export budgets, and rendered grass/tree variety proof.",C,ADD_DIRECT_TESTS,helper_reachable,"Runtime path exists, but direct test evidence is missing. Structural/helper callable: cannot exceed C+ without direct contract tests and parent-surface proof. Product terrain domain lacks attached live visual golden/render proof."
veilbreakers_terrain/handlers/vegetation_lsystem.py,generate_leaf_cards,generate_leaf_cards,1175,function,runtime_handler,scatter_foliage,UE_PCG|INFINIGEN|FROSTBITE_TERRAIN,"Use species catalogs, density falloffs, forest core/edge/sparse bands, slope/moisture/altitude constraints, LOD/instancing/export budgets, and rendered grass/tree variety proof.",C,ADD_DIRECT_TESTS,helper_reachable,"Runtime path exists, but direct test evidence is missing. Structural/helper callable: cannot exceed C+ without direct contract tests and parent-surface proof. Product terrain domain lacks attached live visual golden/render proof."
veilbreakers_terrain/handlers/vegetation_lsystem.py,bake_wind_vertex_colors,bake_wind_vertex_colors,1314,function,runtime_handler,scatter_foliage,UE_PCG|INFINIGEN|FROSTBITE_TERRAIN,"Use species catalogs, density falloffs, forest core/edge/sparse bands, slope/moisture/altitude constraints, LOD/instancing/export budgets, and rendered grass/tree variety proof.",D+,WIRE_OR_DEPRECATE,orphan_candidate,Wiring scan marks this as orphan_candidate. Structural/helper callable: cannot exceed C+ without direct contract tests and parent-surface proof. Product terrain domain lacks attached live visual golden/render proof.
veilbreakers_terrain/handlers/vegetation_lsystem.py,_compute_impostor_atlas_views,_compute_impostor_atlas_views,1509,function,runtime_handler,scatter_foliage,UE_PCG|INFINIGEN|FROSTBITE_TERRAIN,"Use species catalogs, density falloffs, forest core/edge/sparse bands, slope/moisture/altitude constraints, LOD/instancing/export budgets, and rendered grass/tree variety proof.",C,ADD_DIRECT_TESTS,helper_reachable,"Runtime path exists, but direct test evidence is missing. Structural/helper callable: cannot exceed C+ without direct contract tests and parent-surface proof. Product terrain domain lacks attached live visual golden/render proof."
veilbreakers_terrain/handlers/vegetation_lsystem.py,_quad_normal,_quad_normal,1600,function,runtime_handler,scatter_foliage,UE_PCG|INFINIGEN|FROSTBITE_TERRAIN,"Use species catalogs, density falloffs, forest core/edge/sparse bands, slope/moisture/altitude constraints, LOD/instancing/export budgets, and rendered grass/tree variety proof.",D+,WIRE_OR_DEPRECATE,orphan_candidate,Wiring scan marks this as orphan_candidate. Structural/helper callable: cannot exceed C+ without direct contract tests and parent-surface proof. Product terrain domain lacks attached live visual golden/render proof.
veilbreakers_terrain/handlers/vegetation_lsystem.py,generate_billboard_impostor,generate_billboard_impostor,1615,function,runtime_handler,scatter_foliage,UE_PCG|INFINIGEN|FROSTBITE_TERRAIN,"Use species catalogs, density falloffs, forest core/edge/sparse bands, slope/moisture/altitude constraints, LOD/instancing/export budgets, and rendered grass/tree variety proof.",C,ADD_DIRECT_TESTS,helper_reachable,"Runtime path exists, but direct test evidence is missing. Structural/helper callable: cannot exceed C+ without direct contract tests and parent-surface proof. Product terrain domain lacks attached live visual golden/render proof."
veilbreakers_terrain/handlers/vegetation_lsystem.py,_euler_deg_to_quaternion,_euler_deg_to_quaternion,1878,function,runtime_handler,scatter_foliage,UE_PCG|INFINIGEN|FROSTBITE_TERRAIN,"Use species catalogs, density falloffs, forest core/edge/sparse bands, slope/moisture/altitude constraints, LOD/instancing/export budgets, and rendered grass/tree variety proof.",C,ADD_DIRECT_TESTS,helper_reachable,"Runtime path exists, but direct test evidence is missing. Structural/helper callable: cannot exceed C+ without direct contract tests and parent-surface proof. Product terrain domain lacks attached live visual golden/render proof."
veilbreakers_terrain/handlers/vegetation_lsystem.py,_compute_species_bounds_radius,_compute_species_bounds_radius,1918,function,runtime_handler,scatter_foliage,UE_PCG|INFINIGEN|FROSTBITE_TERRAIN,"Use species catalogs, density falloffs, forest core/edge/sparse bands, slope/moisture/altitude constraints, LOD/instancing/export budgets, and rendered grass/tree variety proof.",C,ADD_DIRECT_TESTS,helper_reachable,"Runtime path exists, but direct test evidence is missing. Structural/helper callable: cannot exceed C+ without direct contract tests and parent-surface proof. Product terrain domain lacks attached live visual golden/render proof."
veilbreakers_terrain/handlers/vegetation_lsystem.py,prepare_gpu_instancing_export,prepare_gpu_instancing_export,1950,function,runtime_handler,scatter_foliage,UE_PCG|INFINIGEN|FROSTBITE_TERRAIN,"Use species catalogs, density falloffs, forest core/edge/sparse bands, slope/moisture/altitude constraints, LOD/instancing/export budgets, and rendered grass/tree variety proof.",D+,WIRE_OR_DEPRECATE,orphan_candidate,Wiring scan marks this as orphan_candidate. Structural/helper callable: cannot exceed C+ without direct contract tests and parent-surface proof. Product terrain domain lacks attached live visual golden/render proof.
veilbreakers_terrain/handlers/vegetation_system.py,_max_slope_for_category,_max_slope_for_category,269,function,runtime_handler,scatter_foliage,UE_PCG|INFINIGEN|FROSTBITE_TERRAIN,"Use species catalogs, density falloffs, forest core/edge/sparse bands, slope/moisture/altitude constraints, LOD/instancing/export budgets, and rendered grass/tree variety proof.",C,ADD_DIRECT_TESTS,helper_reachable,"Runtime path exists, but direct test evidence is missing. Structural/helper callable: cannot exceed C+ without direct contract tests and parent-surface proof. Product terrain domain lacks attached live visual golden/render proof."
veilbreakers_terrain/handlers/vegetation_system.py,compute_vegetation_placement,compute_vegetation_placement,284,function,runtime_handler,scatter_foliage,UE_PCG|INFINIGEN|FROSTBITE_TERRAIN,"Use species catalogs, density falloffs, forest core/edge/sparse bands, slope/moisture/altitude constraints, LOD/instancing/export budgets, and rendered grass/tree variety proof.",C,ADD_DIRECT_TESTS,helper_reachable,"Runtime path exists, but direct test evidence is missing. Product terrain domain lacks attached live visual golden/render proof."
veilbreakers_terrain/handlers/vegetation_system.py,compute_vegetation_placement._sample_terrain,_sample_terrain,422,nested_function,runtime_handler,scatter_foliage,UE_PCG|INFINIGEN|FROSTBITE_TERRAIN,"Use species catalogs, density falloffs, forest core/edge/sparse bands, slope/moisture/altitude constraints, LOD/instancing/export budgets, and rendered grass/tree variety proof.",C,ADD_DIRECT_TESTS,helper_reachable,"Runtime path exists, but direct test evidence is missing. Structural/helper callable: cannot exceed C+ without direct contract tests and parent-surface proof. Product terrain domain lacks attached live visual golden/render proof."
veilbreakers_terrain/handlers/vegetation_system.py,compute_vegetation_placement._competition_blocked,_competition_blocked,526,nested_function,runtime_handler,scatter_foliage,UE_PCG|INFINIGEN|FROSTBITE_TERRAIN,"Use species catalogs, density falloffs, forest core/edge/sparse bands, slope/moisture/altitude constraints, LOD/instancing/export budgets, and rendered grass/tree variety proof.",C,ADD_DIRECT_TESTS,helper_reachable,"Runtime path exists, but direct test evidence is missing. Structural/helper callable: cannot exceed C+ without direct contract tests and parent-surface proof. Product terrain domain lacks attached live visual golden/render proof."
veilbreakers_terrain/handlers/vegetation_system.py,compute_vegetation_placement._register_placed,_register_placed,541,nested_function,runtime_handler,scatter_foliage,UE_PCG|INFINIGEN|FROSTBITE_TERRAIN,"Use species catalogs, density falloffs, forest core/edge/sparse bands, slope/moisture/altitude constraints, LOD/instancing/export budgets, and rendered grass/tree variety proof.",C,ADD_DIRECT_TESTS,helper_reachable,"Runtime path exists, but direct test evidence is missing. Structural/helper callable: cannot exceed C+ without direct contract tests and parent-surface proof. Product terrain domain lacks attached live visual golden/render proof."
veilbreakers_terrain/handlers/vegetation_system.py,compute_wind_vertex_colors,compute_wind_vertex_colors,688,function,runtime_handler,scatter_foliage,UE_PCG|INFINIGEN|FROSTBITE_TERRAIN,"Use species catalogs, density falloffs, forest core/edge/sparse bands, slope/moisture/altitude constraints, LOD/instancing/export budgets, and rendered grass/tree variety proof.",C,ADD_DIRECT_TESTS,helper_reachable,"Runtime path exists, but direct test evidence is missing. Product terrain domain lacks attached live visual golden/render proof."
veilbreakers_terrain/handlers/vegetation_system.py,get_seasonal_variant,get_seasonal_variant,770,function,runtime_handler,scatter_foliage,UE_PCG|INFINIGEN|FROSTBITE_TERRAIN,"Use species catalogs, density falloffs, forest core/edge/sparse bands, slope/moisture/altitude constraints, LOD/instancing/export budgets, and rendered grass/tree variety proof.",D+,WIRE_OR_DEPRECATE,orphan_candidate,Wiring scan marks this as orphan_candidate. Structural/helper callable: cannot exceed C+ without direct contract tests and parent-surface proof. Product terrain domain lacks attached live visual golden/render proof.
veilbreakers_terrain/handlers/vegetation_system.py,build_vegetation_placement_spec,build_vegetation_placement_spec,869,function,runtime_handler,scatter_foliage,UE_PCG|INFINIGEN|FROSTBITE_TERRAIN,"Use species catalogs, density falloffs, forest core/edge/sparse bands, slope/moisture/altitude constraints, LOD/instancing/export budgets, and rendered grass/tree variety proof.",C,ADD_DIRECT_TESTS,helper_reachable,"Runtime path exists, but direct test evidence is missing. Product terrain domain lacks attached live visual golden/render proof."
veilbreakers_terrain/procedural_meshes.py,generate_tree_mesh,generate_tree_mesh,1720,function,runtime_other,scatter_foliage,UE_PCG|INFINIGEN|FROSTBITE_TERRAIN,"Use species catalogs, density falloffs, forest core/edge/sparse bands, slope/moisture/altitude constraints, LOD/instancing/export budgets, and rendered grass/tree variety proof.",D+,WIRE_OR_DEPRECATE,missing_wiring_row,No callable-wiring row; runtime path is unproven. Product terrain domain lacks attached live visual golden/render proof.
veilbreakers_terrain/procedural_meshes.py,generate_grass_clump_mesh,generate_grass_clump_mesh,2276,function,runtime_other,scatter_foliage,UE_PCG|INFINIGEN|FROSTBITE_TERRAIN,"Use species catalogs, density falloffs, forest core/edge/sparse bands, slope/moisture/altitude constraints, LOD/instancing/export budgets, and rendered grass/tree variety proof.",D+,WIRE_OR_DEPRECATE,missing_wiring_row,No callable-wiring row; runtime path is unproven. Product terrain domain lacks attached live visual golden/render proof.

