File,Qualified Name,Function,Line,Kind,Scope,R12 Domain,Research Refs,Best Practice Baseline,R12 Strict Grade,R12 Remediation,Wiring Status,R12 Findings
scripts/audit_test_guardrails.py,TestGuardrailVisitor,TestGuardrailVisitor,24,class,script,generic,UE_PCG|FASTNOISELITE,"Prove runtime relevance, deterministic behavior, direct tests, caller wiring, typed contracts, and no dead/orphan code before claiming generator quality.",D+,WIRE_OR_DEPRECATE,missing_wiring_row,No callable-wiring row; runtime path is unproven. Structural/helper callable: cannot exceed C+ without direct contract tests and parent-surface proof. Script/tooling callable is capped without CI gate integration.
scripts/audit_test_guardrails.py,TestGuardrailVisitor.__init__,__init__,25,method,script,generic,UE_PCG|FASTNOISELITE,"Prove runtime relevance, deterministic behavior, direct tests, caller wiring, typed contracts, and no dead/orphan code before claiming generator quality.",D+,WIRE_OR_DEPRECATE,missing_wiring_row,No callable-wiring row; runtime path is unproven. Structural/helper callable: cannot exceed C+ without direct contract tests and parent-surface proof. Script/tooling callable is capped without CI gate integration.
scripts/audit_test_guardrails.py,TestGuardrailVisitor.visit_FunctionDef,visit_FunctionDef,38,method,script,generic,UE_PCG|FASTNOISELITE,"Prove runtime relevance, deterministic behavior, direct tests, caller wiring, typed contracts, and no dead/orphan code before claiming generator quality.",D+,WIRE_OR_DEPRECATE,missing_wiring_row,No callable-wiring row; runtime path is unproven. Structural/helper callable: cannot exceed C+ without direct contract tests and parent-surface proof. Script/tooling callable is capped without CI gate integration.
scripts/audit_test_guardrails.py,TestGuardrailVisitor.visit_AsyncFunctionDef,visit_AsyncFunctionDef,45,method,script,generic,UE_PCG|FASTNOISELITE,"Prove runtime relevance, deterministic behavior, direct tests, caller wiring, typed contracts, and no dead/orphan code before claiming generator quality.",D+,WIRE_OR_DEPRECATE,missing_wiring_row,No callable-wiring row; runtime path is unproven. Structural/helper callable: cannot exceed C+ without direct contract tests and parent-surface proof. Script/tooling callable is capped without CI gate integration.
scripts/audit_test_guardrails.py,TestGuardrailVisitor.visit_Name,visit_Name,52,method,script,generic,UE_PCG|FASTNOISELITE,"Prove runtime relevance, deterministic behavior, direct tests, caller wiring, typed contracts, and no dead/orphan code before claiming generator quality.",D+,WIRE_OR_DEPRECATE,missing_wiring_row,No callable-wiring row; runtime path is unproven. Structural/helper callable: cannot exceed C+ without direct contract tests and parent-surface proof. Script/tooling callable is capped without CI gate integration.
scripts/audit_test_guardrails.py,TestGuardrailVisitor.visit_Call,visit_Call,63,method,script,generic,UE_PCG|FASTNOISELITE,"Prove runtime relevance, deterministic behavior, direct tests, caller wiring, typed contracts, and no dead/orphan code before claiming generator quality.",D+,WIRE_OR_DEPRECATE,missing_wiring_row,No callable-wiring row; runtime path is unproven. Structural/helper callable: cannot exceed C+ without direct contract tests and parent-surface proof. Script/tooling callable is capped without CI gate integration.
scripts/audit_test_guardrails.py,read_text,read_text,87,function,script,generic,UE_PCG|FASTNOISELITE,"Prove runtime relevance, deterministic behavior, direct tests, caller wiring, typed contracts, and no dead/orphan code before claiming generator quality.",D+,WIRE_OR_DEPRECATE,missing_wiring_row,No callable-wiring row; runtime path is unproven. Script/tooling callable is capped without CI gate integration.
scripts/audit_test_guardrails.py,classify_tags,classify_tags,91,function,script,generic,UE_PCG|FASTNOISELITE,"Prove runtime relevance, deterministic behavior, direct tests, caller wiring, typed contracts, and no dead/orphan code before claiming generator quality.",D+,WIRE_OR_DEPRECATE,missing_wiring_row,No callable-wiring row; runtime path is unproven. Script/tooling callable is capped without CI gate integration.
scripts/audit_test_guardrails.py,top_rows,top_rows,113,function,script,generic,UE_PCG|FASTNOISELITE,"Prove runtime relevance, deterministic behavior, direct tests, caller wiring, typed contracts, and no dead/orphan code before claiming generator quality.",D+,WIRE_OR_DEPRECATE,missing_wiring_row,No callable-wiring row; runtime path is unproven. Script/tooling callable is capped without CI gate integration.
scripts/audit_test_guardrails.py,main,main,117,function,script,generic,UE_PCG|FASTNOISELITE,"Prove runtime relevance, deterministic behavior, direct tests, caller wiring, typed contracts, and no dead/orphan code before claiming generator quality.",D+,WIRE_OR_DEPRECATE,missing_wiring_row,No callable-wiring row; runtime path is unproven. Script/tooling callable is capped without CI gate integration.
scripts/batch_ingest_retired_model_provider_downloads.py,_is_supported,_is_supported,53,function,script,generic,UE_PCG|FASTNOISELITE,"Prove runtime relevance, deterministic behavior, direct tests, caller wiring, typed contracts, and no dead/orphan code before claiming generator quality.",D+,WIRE_OR_DEPRECATE,missing_wiring_row,No callable-wiring row; runtime path is unproven. Structural/helper callable: cannot exceed C+ without direct contract tests and parent-surface proof. Script/tooling callable is capped without CI gate integration.
scripts/batch_ingest_retired_model_provider_downloads.py,_matches_include,_matches_include,64,function,script,generic,UE_PCG|FASTNOISELITE,"Prove runtime relevance, deterministic behavior, direct tests, caller wiring, typed contracts, and no dead/orphan code before claiming generator quality.",D+,WIRE_OR_DEPRECATE,missing_wiring_row,No callable-wiring row; runtime path is unproven. Structural/helper callable: cannot exceed C+ without direct contract tests and parent-surface proof. Script/tooling callable is capped without CI gate integration.
scripts/batch_ingest_retired_model_provider_downloads.py,discover_candidates,discover_candidates,73,function,script,generic,UE_PCG|FASTNOISELITE,"Prove runtime relevance, deterministic behavior, direct tests, caller wiring, typed contracts, and no dead/orphan code before claiming generator quality.",D+,WIRE_OR_DEPRECATE,missing_wiring_row,No callable-wiring row; runtime path is unproven. Script/tooling callable is capped without CI gate integration.
scripts/batch_ingest_retired_model_provider_downloads.py,_load_ledger,_load_ledger,98,function,script,generic,UE_PCG|FASTNOISELITE,"Prove runtime relevance, deterministic behavior, direct tests, caller wiring, typed contracts, and no dead/orphan code before claiming generator quality.",D+,WIRE_OR_DEPRECATE,missing_wiring_row,No callable-wiring row; runtime path is unproven. Structural/helper callable: cannot exceed C+ without direct contract tests and parent-surface proof. Script/tooling callable is capped without CI gate integration.
scripts/batch_ingest_retired_model_provider_downloads.py,_save_ledger,_save_ledger,111,function,script,generic,UE_PCG|FASTNOISELITE,"Prove runtime relevance, deterministic behavior, direct tests, caller wiring, typed contracts, and no dead/orphan code before claiming generator quality.",D+,WIRE_OR_DEPRECATE,missing_wiring_row,No callable-wiring row; runtime path is unproven. Structural/helper callable: cannot exceed C+ without direct contract tests and parent-surface proof. Script/tooling callable is capped without CI gate integration.
scripts/batch_ingest_retired_model_provider_downloads.py,_file_fingerprint,_file_fingerprint,120,function,script,generic,UE_PCG|FASTNOISELITE,"Prove runtime relevance, deterministic behavior, direct tests, caller wiring, typed contracts, and no dead/orphan code before claiming generator quality.",D+,WIRE_OR_DEPRECATE,missing_wiring_row,No callable-wiring row; runtime path is unproven. Structural/helper callable: cannot exceed C+ without direct contract tests and parent-surface proof. Script/tooling callable is capped without CI gate integration.
scripts/batch_ingest_retired_model_provider_downloads.py,run_batch,run_batch,131,function,script,generic,UE_PCG|FASTNOISELITE,"Prove runtime relevance, deterministic behavior, direct tests, caller wiring, typed contracts, and no dead/orphan code before claiming generator quality.",D+,WIRE_OR_DEPRECATE,missing_wiring_row,No callable-wiring row; runtime path is unproven. Script/tooling callable is capped without CI gate integration.
scripts/batch_ingest_retired_model_provider_downloads.py,_default_downloads,_default_downloads,194,function,script,generic,UE_PCG|FASTNOISELITE,"Prove runtime relevance, deterministic behavior, direct tests, caller wiring, typed contracts, and no dead/orphan code before claiming generator quality.",D+,WIRE_OR_DEPRECATE,missing_wiring_row,No callable-wiring row; runtime path is unproven. Structural/helper callable: cannot exceed C+ without direct contract tests and parent-surface proof. Script/tooling callable is capped without CI gate integration.
scripts/batch_ingest_retired_model_provider_downloads.py,_parse_args,_parse_args,206,function,script,generic,UE_PCG|FASTNOISELITE,"Prove runtime relevance, deterministic behavior, direct tests, caller wiring, typed contracts, and no dead/orphan code before claiming generator quality.",D+,WIRE_OR_DEPRECATE,missing_wiring_row,No callable-wiring row; runtime path is unproven. Structural/helper callable: cannot exceed C+ without direct contract tests and parent-surface proof. Script/tooling callable is capped without CI gate integration.
scripts/batch_ingest_retired_model_provider_downloads.py,main,main,234,function,script,generic,UE_PCG|FASTNOISELITE,"Prove runtime relevance, deterministic behavior, direct tests, caller wiring, typed contracts, and no dead/orphan code before claiming generator quality.",D+,WIRE_OR_DEPRECATE,missing_wiring_row,No callable-wiring row; runtime path is unproven. Script/tooling callable is capped without CI gate integration.
scripts/build_aaa_node_v1.py,log_fail,log_fail,54,function,script,generic,UE_PCG|FASTNOISELITE,"Prove runtime relevance, deterministic behavior, direct tests, caller wiring, typed contracts, and no dead/orphan code before claiming generator quality.",D+,WIRE_OR_DEPRECATE,missing_wiring_row,No callable-wiring row; runtime path is unproven. Script/tooling callable is capped without CI gate integration.
scripts/build_aaa_node_v1.py,log,log,65,function,script,generic,UE_PCG|FASTNOISELITE,"Prove runtime relevance, deterministic behavior, direct tests, caller wiring, typed contracts, and no dead/orphan code before claiming generator quality.",D+,WIRE_OR_DEPRECATE,missing_wiring_row,No callable-wiring row; runtime path is unproven. Script/tooling callable is capped without CI gate integration.
scripts/build_aaa_node_v1.py,sample_h,sample_h,275,function,script,generic,UE_PCG|FASTNOISELITE,"Prove runtime relevance, deterministic behavior, direct tests, caller wiring, typed contracts, and no dead/orphan code before claiming generator quality.",D+,WIRE_OR_DEPRECATE,missing_wiring_row,No callable-wiring row; runtime path is unproven. Structural/helper callable: cannot exceed C+ without direct contract tests and parent-surface proof. Script/tooling callable is capped without CI gate integration.
scripts/build_aaa_node_v1.py,try_exercise_handlers,try_exercise_handlers,302,function,script,generic,UE_PCG|FASTNOISELITE,"Prove runtime relevance, deterministic behavior, direct tests, caller wiring, typed contracts, and no dead/orphan code before claiming generator quality.",D+,WIRE_OR_DEPRECATE,missing_wiring_row,No callable-wiring row; runtime path is unproven. Script/tooling callable is capped without CI gate integration.
scripts/build_aaa_node_v1.py,build_blender_scene,build_blender_scene,357,function,script,generic,UE_PCG|FASTNOISELITE,"Prove runtime relevance, deterministic behavior, direct tests, caller wiring, typed contracts, and no dead/orphan code before claiming generator quality.",D+,WIRE_OR_DEPRECATE,missing_wiring_row,No callable-wiring row; runtime path is unproven. Script/tooling callable is capped without CI gate integration.
scripts/build_aaa_node_v1.py,_build_terrain_mesh,_build_terrain_mesh,436,function,script,generic,UE_PCG|FASTNOISELITE,"Prove runtime relevance, deterministic behavior, direct tests, caller wiring, typed contracts, and no dead/orphan code before claiming generator quality.",D+,WIRE_OR_DEPRECATE,missing_wiring_row,No callable-wiring row; runtime path is unproven. Structural/helper callable: cannot exceed C+ without direct contract tests and parent-surface proof. Script/tooling callable is capped without CI gate integration.
scripts/build_aaa_node_v1.py,_carve_cave,_carve_cave,470,function,script,generic,UE_PCG|FASTNOISELITE,"Prove runtime relevance, deterministic behavior, direct tests, caller wiring, typed contracts, and no dead/orphan code before claiming generator quality.",D+,WIRE_OR_DEPRECATE,missing_wiring_row,No callable-wiring row; runtime path is unproven. Structural/helper callable: cannot exceed C+ without direct contract tests and parent-surface proof. Script/tooling callable is capped without CI gate integration.
scripts/build_aaa_node_v1.py,_surface_normal,_surface_normal,751,function,script,generic,UE_PCG|FASTNOISELITE,"Prove runtime relevance, deterministic behavior, direct tests, caller wiring, typed contracts, and no dead/orphan code before claiming generator quality.",D+,WIRE_OR_DEPRECATE,missing_wiring_row,No callable-wiring row; runtime path is unproven. Structural/helper callable: cannot exceed C+ without direct contract tests and parent-surface proof. Script/tooling callable is capped without CI gate integration.
scripts/build_aaa_node_v1.py,_surface_slope_deg,_surface_slope_deg,767,function,script,generic,UE_PCG|FASTNOISELITE,"Prove runtime relevance, deterministic behavior, direct tests, caller wiring, typed contracts, and no dead/orphan code before claiming generator quality.",D+,WIRE_OR_DEPRECATE,missing_wiring_row,No callable-wiring row; runtime path is unproven. Structural/helper callable: cannot exceed C+ without direct contract tests and parent-surface proof. Script/tooling callable is capped without CI gate integration.
scripts/build_aaa_node_v1.py,_apply_marketing_rotations,_apply_marketing_rotations,817,function,script,generic,UE_PCG|FASTNOISELITE,"Prove runtime relevance, deterministic behavior, direct tests, caller wiring, typed contracts, and no dead/orphan code before claiming generator quality.",D+,WIRE_OR_DEPRECATE,missing_wiring_row,No callable-wiring row; runtime path is unproven. Structural/helper callable: cannot exceed C+ without direct contract tests and parent-surface proof. Script/tooling callable is capped without CI gate integration.
scripts/build_aaa_node_v1.py,_apply_auto_smooth_to_rocks,_apply_auto_smooth_to_rocks,867,function,script,generic,UE_PCG|FASTNOISELITE,"Prove runtime relevance, deterministic behavior, direct tests, caller wiring, typed contracts, and no dead/orphan code before claiming generator quality.",D+,WIRE_OR_DEPRECATE,missing_wiring_row,No callable-wiring row; runtime path is unproven. Structural/helper callable: cannot exceed C+ without direct contract tests and parent-surface proof. Script/tooling callable is capped without CI gate integration.
scripts/build_aaa_node_v1.py,_add_signature_camera,_add_signature_camera,891,function,script,generic,UE_PCG|FASTNOISELITE,"Prove runtime relevance, deterministic behavior, direct tests, caller wiring, typed contracts, and no dead/orphan code before claiming generator quality.",D+,WIRE_OR_DEPRECATE,missing_wiring_row,No callable-wiring row; runtime path is unproven. Structural/helper callable: cannot exceed C+ without direct contract tests and parent-surface proof. Script/tooling callable is capped without CI gate integration.
scripts/build_aaa_node_v1.py,_write_showcase_md,_write_showcase_md,1149,function,script,generic,UE_PCG|FASTNOISELITE,"Prove runtime relevance, deterministic behavior, direct tests, caller wiring, typed contracts, and no dead/orphan code before claiming generator quality.",D+,WIRE_OR_DEPRECATE,missing_wiring_row,No callable-wiring row; runtime path is unproven. Structural/helper callable: cannot exceed C+ without direct contract tests and parent-surface proof. Script/tooling callable is capped without CI gate integration.
scripts/build_aaa_node_v1.py,_setup_lighting,_setup_lighting,1431,function,script,generic,UE_PCG|FASTNOISELITE,"Prove runtime relevance, deterministic behavior, direct tests, caller wiring, typed contracts, and no dead/orphan code before claiming generator quality.",D+,WIRE_OR_DEPRECATE,missing_wiring_row,No callable-wiring row; runtime path is unproven. Structural/helper callable: cannot exceed C+ without direct contract tests and parent-surface proof. Script/tooling callable is capped without CI gate integration.
scripts/build_aaa_node_v1.py,_setup_cameras,_setup_cameras,1454,function,script,generic,UE_PCG|FASTNOISELITE,"Prove runtime relevance, deterministic behavior, direct tests, caller wiring, typed contracts, and no dead/orphan code before claiming generator quality.",D+,WIRE_OR_DEPRECATE,missing_wiring_row,No callable-wiring row; runtime path is unproven. Structural/helper callable: cannot exceed C+ without direct contract tests and parent-surface proof. Script/tooling callable is capped without CI gate integration.
scripts/build_aaa_node_v1.py,run_validators,run_validators,1487,function,script,generic,UE_PCG|FASTNOISELITE,"Prove runtime relevance, deterministic behavior, direct tests, caller wiring, typed contracts, and no dead/orphan code before claiming generator quality.",D+,WIRE_OR_DEPRECATE,missing_wiring_row,No callable-wiring row; runtime path is unproven. Script/tooling callable is capped without CI gate integration.
scripts/build_aaa_node_v1.py,save_blend,save_blend,1652,function,script,generic,UE_PCG|FASTNOISELITE,"Prove runtime relevance, deterministic behavior, direct tests, caller wiring, typed contracts, and no dead/orphan code before claiming generator quality.",D+,WIRE_OR_DEPRECATE,missing_wiring_row,No callable-wiring row; runtime path is unproven. Script/tooling callable is capped without CI gate integration.
scripts/build_aaa_node_v1.py,main,main,1666,function,script,generic,UE_PCG|FASTNOISELITE,"Prove runtime relevance, deterministic behavior, direct tests, caller wiring, typed contracts, and no dead/orphan code before claiming generator quality.",D+,WIRE_OR_DEPRECATE,missing_wiring_row,No callable-wiring row; runtime path is unproven. Script/tooling callable is capped without CI gate integration.
scripts/build_aaa_node_v2.py,log,log,65,function,script,generic,UE_PCG|FASTNOISELITE,"Prove runtime relevance, deterministic behavior, direct tests, caller wiring, typed contracts, and no dead/orphan code before claiming generator quality.",D+,WIRE_OR_DEPRECATE,missing_wiring_row,No callable-wiring row; runtime path is unproven. Script/tooling callable is capped without CI gate integration.
scripts/build_aaa_node_v2.py,log_fail,log_fail,70,function,script,generic,UE_PCG|FASTNOISELITE,"Prove runtime relevance, deterministic behavior, direct tests, caller wiring, typed contracts, and no dead/orphan code before claiming generator quality.",D+,WIRE_OR_DEPRECATE,missing_wiring_row,No callable-wiring row; runtime path is unproven. Script/tooling callable is capped without CI gate integration.
scripts/build_aaa_node_v2.py,sample_h,sample_h,194,function,script,generic,UE_PCG|FASTNOISELITE,"Prove runtime relevance, deterministic behavior, direct tests, caller wiring, typed contracts, and no dead/orphan code before claiming generator quality.",D+,WIRE_OR_DEPRECATE,missing_wiring_row,No callable-wiring row; runtime path is unproven. Structural/helper callable: cannot exceed C+ without direct contract tests and parent-surface proof. Script/tooling callable is capped without CI gate integration.
scripts/build_aaa_node_v2.py,build_scene,build_scene,212,function,script,generic,UE_PCG|FASTNOISELITE,"Prove runtime relevance, deterministic behavior, direct tests, caller wiring, typed contracts, and no dead/orphan code before claiming generator quality.",D+,WIRE_OR_DEPRECATE,missing_wiring_row,No callable-wiring row; runtime path is unproven. Script/tooling callable is capped without CI gate integration.
scripts/build_aaa_node_v2.py,_build_terrain_mesh,_build_terrain_mesh,246,function,script,generic,UE_PCG|FASTNOISELITE,"Prove runtime relevance, deterministic behavior, direct tests, caller wiring, typed contracts, and no dead/orphan code before claiming generator quality.",D+,WIRE_OR_DEPRECATE,missing_wiring_row,No callable-wiring row; runtime path is unproven. Structural/helper callable: cannot exceed C+ without direct contract tests and parent-surface proof. Script/tooling callable is capped without CI gate integration.
scripts/build_aaa_node_v2.py,_setup_lighting,_setup_lighting,471,function,script,generic,UE_PCG|FASTNOISELITE,"Prove runtime relevance, deterministic behavior, direct tests, caller wiring, typed contracts, and no dead/orphan code before claiming generator quality.",D+,WIRE_OR_DEPRECATE,missing_wiring_row,No callable-wiring row; runtime path is unproven. Structural/helper callable: cannot exceed C+ without direct contract tests and parent-surface proof. Script/tooling callable is capped without CI gate integration.
scripts/build_aaa_node_v2.py,_setup_cameras,_setup_cameras,491,function,script,generic,UE_PCG|FASTNOISELITE,"Prove runtime relevance, deterministic behavior, direct tests, caller wiring, typed contracts, and no dead/orphan code before claiming generator quality.",D+,WIRE_OR_DEPRECATE,missing_wiring_row,No callable-wiring row; runtime path is unproven. Structural/helper callable: cannot exceed C+ without direct contract tests and parent-surface proof. Script/tooling callable is capped without CI gate integration.
scripts/build_aaa_node_v2.py,_add_signature_camera_v2,_add_signature_camera_v2,523,function,script,generic,UE_PCG|FASTNOISELITE,"Prove runtime relevance, deterministic behavior, direct tests, caller wiring, typed contracts, and no dead/orphan code before claiming generator quality.",D+,WIRE_OR_DEPRECATE,missing_wiring_row,No callable-wiring row; runtime path is unproven. Structural/helper callable: cannot exceed C+ without direct contract tests and parent-surface proof. Script/tooling callable is capped without CI gate integration.
scripts/build_aaa_node_v2.py,save_blend,save_blend,584,function,script,generic,UE_PCG|FASTNOISELITE,"Prove runtime relevance, deterministic behavior, direct tests, caller wiring, typed contracts, and no dead/orphan code before claiming generator quality.",D+,WIRE_OR_DEPRECATE,missing_wiring_row,No callable-wiring row; runtime path is unproven. Script/tooling callable is capped without CI gate integration.
scripts/build_aaa_node_v2.py,write_showcase_md,write_showcase_md,595,function,script,generic,UE_PCG|FASTNOISELITE,"Prove runtime relevance, deterministic behavior, direct tests, caller wiring, typed contracts, and no dead/orphan code before claiming generator quality.",D+,WIRE_OR_DEPRECATE,missing_wiring_row,No callable-wiring row; runtime path is unproven. Script/tooling callable is capped without CI gate integration.
scripts/build_aaa_node_v2.py,main,main,652,function,script,generic,UE_PCG|FASTNOISELITE,"Prove runtime relevance, deterministic behavior, direct tests, caller wiring, typed contracts, and no dead/orphan code before claiming generator quality.",D+,WIRE_OR_DEPRECATE,missing_wiring_row,No callable-wiring row; runtime path is unproven. Script/tooling callable is capped without CI gate integration.
scripts/build_feature_callouts.py,_args_after_dashdash,_args_after_dashdash,19,function,script,generic,UE_PCG|FASTNOISELITE,"Prove runtime relevance, deterministic behavior, direct tests, caller wiring, typed contracts, and no dead/orphan code before claiming generator quality.",D+,WIRE_OR_DEPRECATE,missing_wiring_row,No callable-wiring row; runtime path is unproven. Structural/helper callable: cannot exceed C+ without direct contract tests and parent-surface proof. Script/tooling callable is capped without CI gate integration.
scripts/build_feature_callouts.py,run,run,26,function,script,generic,UE_PCG|FASTNOISELITE,"Prove runtime relevance, deterministic behavior, direct tests, caller wiring, typed contracts, and no dead/orphan code before claiming generator quality.",D+,WIRE_OR_DEPRECATE,missing_wiring_row,No callable-wiring row; runtime path is unproven. Script/tooling callable is capped without CI gate integration.
scripts/build_master_callable_audit.py,CallableDef,CallableDef,38,class,script,generic,UE_PCG|FASTNOISELITE,"Prove runtime relevance, deterministic behavior, direct tests, caller wiring, typed contracts, and no dead/orphan code before claiming generator quality.",D+,WIRE_OR_DEPRECATE,missing_wiring_row,No callable-wiring row; runtime path is unproven. Structural/helper callable: cannot exceed C+ without direct contract tests and parent-surface proof. Script/tooling callable is capped without CI gate integration.
scripts/build_master_callable_audit.py,CallableDef.qualified_name,qualified_name,46,method,script,generic,UE_PCG|FASTNOISELITE,"Prove runtime relevance, deterministic behavior, direct tests, caller wiring, typed contracts, and no dead/orphan code before claiming generator quality.",D+,WIRE_OR_DEPRECATE,missing_wiring_row,No callable-wiring row; runtime path is unproven. Structural/helper callable: cannot exceed C+ without direct contract tests and parent-surface proof. Script/tooling callable is capped without CI gate integration.
scripts/build_master_callable_audit.py,CallableDef.key,key,50,method,script,generic,UE_PCG|FASTNOISELITE,"Prove runtime relevance, deterministic behavior, direct tests, caller wiring, typed contracts, and no dead/orphan code before claiming generator quality.",D+,WIRE_OR_DEPRECATE,missing_wiring_row,No callable-wiring row; runtime path is unproven. Structural/helper callable: cannot exceed C+ without direct contract tests and parent-surface proof. Script/tooling callable is capped without CI gate integration.
scripts/build_master_callable_audit.py,CallEdge,CallEdge,55,class,script,generic,UE_PCG|FASTNOISELITE,"Prove runtime relevance, deterministic behavior, direct tests, caller wiring, typed contracts, and no dead/orphan code before claiming generator quality.",D+,WIRE_OR_DEPRECATE,missing_wiring_row,No callable-wiring row; runtime path is unproven. Structural/helper callable: cannot exceed C+ without direct contract tests and parent-surface proof. Script/tooling callable is capped without CI gate integration.
scripts/build_master_callable_audit.py,read_text,read_text,64,function,script,generic,UE_PCG|FASTNOISELITE,"Prove runtime relevance, deterministic behavior, direct tests, caller wiring, typed contracts, and no dead/orphan code before claiming generator quality.",D+,WIRE_OR_DEPRECATE,missing_wiring_row,No callable-wiring row; runtime path is unproven. Script/tooling callable is capped without CI gate integration.
scripts/build_master_callable_audit.py,parse_module,parse_module,68,function,script,generic,UE_PCG|FASTNOISELITE,"Prove runtime relevance, deterministic behavior, direct tests, caller wiring, typed contracts, and no dead/orphan code before claiming generator quality.",D+,WIRE_OR_DEPRECATE,missing_wiring_row,No callable-wiring row; runtime path is unproven. Script/tooling callable is capped without CI gate integration.
scripts/build_master_callable_audit.py,tracked_python_files,tracked_python_files,72,function,script,generic,UE_PCG|FASTNOISELITE,"Prove runtime relevance, deterministic behavior, direct tests, caller wiring, typed contracts, and no dead/orphan code before claiming generator quality.",D+,WIRE_OR_DEPRECATE,missing_wiring_row,No callable-wiring row; runtime path is unproven. Script/tooling callable is capped without CI gate integration.
scripts/build_master_callable_audit.py,normalize_function_name,normalize_function_name,95,function,script,generic,UE_PCG|FASTNOISELITE,"Prove runtime relevance, deterministic behavior, direct tests, caller wiring, typed contracts, and no dead/orphan code before claiming generator quality.",D+,WIRE_OR_DEPRECATE,missing_wiring_row,No callable-wiring row; runtime path is unproven. Script/tooling callable is capped without CI gate integration.
scripts/build_master_callable_audit.py,extract_constant_string,extract_constant_string,128,function,script,generic,UE_PCG|FASTNOISELITE,"Prove runtime relevance, deterministic behavior, direct tests, caller wiring, typed contracts, and no dead/orphan code before claiming generator quality.",D+,WIRE_OR_DEPRECATE,missing_wiring_row,No callable-wiring row; runtime path is unproven. Script/tooling callable is capped without CI gate integration.
scripts/build_master_callable_audit.py,extract_name,extract_name,140,function,script,generic,UE_PCG|FASTNOISELITE,"Prove runtime relevance, deterministic behavior, direct tests, caller wiring, typed contracts, and no dead/orphan code before claiming generator quality.",D+,WIRE_OR_DEPRECATE,missing_wiring_row,No callable-wiring row; runtime path is unproven. Script/tooling callable is capped without CI gate integration.
scripts/build_master_callable_audit.py,DefVisitor,DefVisitor,148,class,script,generic,UE_PCG|FASTNOISELITE,"Prove runtime relevance, deterministic behavior, direct tests, caller wiring, typed contracts, and no dead/orphan code before claiming generator quality.",D+,WIRE_OR_DEPRECATE,missing_wiring_row,No callable-wiring row; runtime path is unproven. Structural/helper callable: cannot exceed C+ without direct contract tests and parent-surface proof. Script/tooling callable is capped without CI gate integration.
scripts/build_master_callable_audit.py,DefVisitor.__init__,__init__,149,method,script,generic,UE_PCG|FASTNOISELITE,"Prove runtime relevance, deterministic behavior, direct tests, caller wiring, typed contracts, and no dead/orphan code before claiming generator quality.",D+,WIRE_OR_DEPRECATE,missing_wiring_row,No callable-wiring row; runtime path is unproven. Structural/helper callable: cannot exceed C+ without direct contract tests and parent-surface proof. Script/tooling callable is capped without CI gate integration.
scripts/build_master_callable_audit.py,DefVisitor.visit_ClassDef,visit_ClassDef,155,method,script,generic,UE_PCG|FASTNOISELITE,"Prove runtime relevance, deterministic behavior, direct tests, caller wiring, typed contracts, and no dead/orphan code before claiming generator quality.",D+,WIRE_OR_DEPRECATE,missing_wiring_row,No callable-wiring row; runtime path is unproven. Structural/helper callable: cannot exceed C+ without direct contract tests and parent-surface proof. Script/tooling callable is capped without CI gate integration.
scripts/build_master_callable_audit.py,DefVisitor.visit_FunctionDef,visit_FunctionDef,160,method,script,generic,UE_PCG|FASTNOISELITE,"Prove runtime relevance, deterministic behavior, direct tests, caller wiring, typed contracts, and no dead/orphan code before claiming generator quality.",D+,WIRE_OR_DEPRECATE,missing_wiring_row,No callable-wiring row; runtime path is unproven. Structural/helper callable: cannot exceed C+ without direct contract tests and parent-surface proof. Script/tooling callable is capped without CI gate integration.
scripts/build_master_callable_audit.py,DefVisitor.visit_AsyncFunctionDef,visit_AsyncFunctionDef,163,method,script,generic,UE_PCG|FASTNOISELITE,"Prove runtime relevance, deterministic behavior, direct tests, caller wiring, typed contracts, and no dead/orphan code before claiming generator quality.",D+,WIRE_OR_DEPRECATE,missing_wiring_row,No callable-wiring row; runtime path is unproven. Structural/helper callable: cannot exceed C+ without direct contract tests and parent-surface proof. Script/tooling callable is capped without CI gate integration.
scripts/build_master_callable_audit.py,DefVisitor._enter_function,_enter_function,166,method,script,generic,UE_PCG|FASTNOISELITE,"Prove runtime relevance, deterministic behavior, direct tests, caller wiring, typed contracts, and no dead/orphan code before claiming generator quality.",D+,WIRE_OR_DEPRECATE,missing_wiring_row,No callable-wiring row; runtime path is unproven. Structural/helper callable: cannot exceed C+ without direct contract tests and parent-surface proof. Script/tooling callable is capped without CI gate integration.
scripts/build_master_callable_audit.py,DefVisitor._record,_record,174,method,script,generic,UE_PCG|FASTNOISELITE,"Prove runtime relevance, deterministic behavior, direct tests, caller wiring, typed contracts, and no dead/orphan code before claiming generator quality.",D+,WIRE_OR_DEPRECATE,missing_wiring_row,No callable-wiring row; runtime path is unproven. Structural/helper callable: cannot exceed C+ without direct contract tests and parent-surface proof. Script/tooling callable is capped without CI gate integration.
scripts/build_master_callable_audit.py,DefVisitor._is_property,_is_property,183,method,script,generic,UE_PCG|FASTNOISELITE,"Prove runtime relevance, deterministic behavior, direct tests, caller wiring, typed contracts, and no dead/orphan code before claiming generator quality.",D+,WIRE_OR_DEPRECATE,missing_wiring_row,No callable-wiring row; runtime path is unproven. Structural/helper callable: cannot exceed C+ without direct contract tests and parent-surface proof. Script/tooling callable is capped without CI gate integration.
scripts/build_master_callable_audit.py,CallGraphVisitor,CallGraphVisitor,193,class,script,generic,UE_PCG|FASTNOISELITE,"Prove runtime relevance, deterministic behavior, direct tests, caller wiring, typed contracts, and no dead/orphan code before claiming generator quality.",D+,WIRE_OR_DEPRECATE,missing_wiring_row,No callable-wiring row; runtime path is unproven. Structural/helper callable: cannot exceed C+ without direct contract tests and parent-surface proof. Script/tooling callable is capped without CI gate integration.
scripts/build_master_callable_audit.py,CallGraphVisitor.__init__,__init__,194,method,script,generic,UE_PCG|FASTNOISELITE,"Prove runtime relevance, deterministic behavior, direct tests, caller wiring, typed contracts, and no dead/orphan code before claiming generator quality.",D+,WIRE_OR_DEPRECATE,missing_wiring_row,No callable-wiring row; runtime path is unproven. Structural/helper callable: cannot exceed C+ without direct contract tests and parent-surface proof. Script/tooling callable is capped without CI gate integration.
scripts/build_master_callable_audit.py,CallGraphVisitor.visit_ClassDef,visit_ClassDef,211,method,script,generic,UE_PCG|FASTNOISELITE,"Prove runtime relevance, deterministic behavior, direct tests, caller wiring, typed contracts, and no dead/orphan code before claiming generator quality.",D+,WIRE_OR_DEPRECATE,missing_wiring_row,No callable-wiring row; runtime path is unproven. Structural/helper callable: cannot exceed C+ without direct contract tests and parent-surface proof. Script/tooling callable is capped without CI gate integration.
scripts/build_master_callable_audit.py,CallGraphVisitor.visit_FunctionDef,visit_FunctionDef,217,method,script,generic,UE_PCG|FASTNOISELITE,"Prove runtime relevance, deterministic behavior, direct tests, caller wiring, typed contracts, and no dead/orphan code before claiming generator quality.",D+,WIRE_OR_DEPRECATE,missing_wiring_row,No callable-wiring row; runtime path is unproven. Structural/helper callable: cannot exceed C+ without direct contract tests and parent-surface proof. Script/tooling callable is capped without CI gate integration.
scripts/build_master_callable_audit.py,CallGraphVisitor.visit_AsyncFunctionDef,visit_AsyncFunctionDef,220,method,script,generic,UE_PCG|FASTNOISELITE,"Prove runtime relevance, deterministic behavior, direct tests, caller wiring, typed contracts, and no dead/orphan code before claiming generator quality.",D+,WIRE_OR_DEPRECATE,missing_wiring_row,No callable-wiring row; runtime path is unproven. Structural/helper callable: cannot exceed C+ without direct contract tests and parent-surface proof. Script/tooling callable is capped without CI gate integration.
scripts/build_master_callable_audit.py,CallGraphVisitor._enter_function,_enter_function,223,method,script,generic,UE_PCG|FASTNOISELITE,"Prove runtime relevance, deterministic behavior, direct tests, caller wiring, typed contracts, and no dead/orphan code before claiming generator quality.",D+,WIRE_OR_DEPRECATE,missing_wiring_row,No callable-wiring row; runtime path is unproven. Structural/helper callable: cannot exceed C+ without direct contract tests and parent-surface proof. Script/tooling callable is capped without CI gate integration.
scripts/build_master_callable_audit.py,CallGraphVisitor.visit_Call,visit_Call,232,method,script,generic,UE_PCG|FASTNOISELITE,"Prove runtime relevance, deterministic behavior, direct tests, caller wiring, typed contracts, and no dead/orphan code before claiming generator quality.",D+,WIRE_OR_DEPRECATE,missing_wiring_row,No callable-wiring row; runtime path is unproven. Structural/helper callable: cannot exceed C+ without direct contract tests and parent-surface proof. Script/tooling callable is capped without CI gate integration.
scripts/build_master_callable_audit.py,CallGraphVisitor._resolve_call_target,_resolve_call_target,251,method,script,generic,UE_PCG|FASTNOISELITE,"Prove runtime relevance, deterministic behavior, direct tests, caller wiring, typed contracts, and no dead/orphan code before claiming generator quality.",D+,WIRE_OR_DEPRECATE,missing_wiring_row,No callable-wiring row; runtime path is unproven. Structural/helper callable: cannot exceed C+ without direct contract tests and parent-surface proof. Script/tooling callable is capped without CI gate integration.
scripts/build_master_callable_audit.py,CallGraphVisitor._best_match,_best_match,273,method,script,generic,UE_PCG|FASTNOISELITE,"Prove runtime relevance, deterministic behavior, direct tests, caller wiring, typed contracts, and no dead/orphan code before claiming generator quality.",D+,WIRE_OR_DEPRECATE,missing_wiring_row,No callable-wiring row; runtime path is unproven. Structural/helper callable: cannot exceed C+ without direct contract tests and parent-surface proof. Script/tooling callable is capped without CI gate integration.
scripts/build_master_callable_audit.py,CallGraphVisitor._local_defs,_local_defs,280,method,script,generic,UE_PCG|FASTNOISELITE,"Prove runtime relevance, deterministic behavior, direct tests, caller wiring, typed contracts, and no dead/orphan code before claiming generator quality.",D+,WIRE_OR_DEPRECATE,missing_wiring_row,No callable-wiring row; runtime path is unproven. Structural/helper callable: cannot exceed C+ without direct contract tests and parent-surface proof. Script/tooling callable is capped without CI gate integration.
scripts/build_master_callable_audit.py,import_maps,import_maps,288,function,script,generic,UE_PCG|FASTNOISELITE,"Prove runtime relevance, deterministic behavior, direct tests, caller wiring, typed contracts, and no dead/orphan code before claiming generator quality.",D+,WIRE_OR_DEPRECATE,missing_wiring_row,No callable-wiring row; runtime path is unproven. Script/tooling callable is capped without CI gate integration.
scripts/build_master_callable_audit.py,import_maps.bind_alias,bind_alias,292,nested_function,script,generic,UE_PCG|FASTNOISELITE,"Prove runtime relevance, deterministic behavior, direct tests, caller wiring, typed contracts, and no dead/orphan code before claiming generator quality.",D+,WIRE_OR_DEPRECATE,missing_wiring_row,No callable-wiring row; runtime path is unproven. Structural/helper callable: cannot exceed C+ without direct contract tests and parent-surface proof. Script/tooling callable is capped without CI gate integration.
scripts/build_master_callable_audit.py,resolve_symbol,resolve_symbol,351,function,script,generic,UE_PCG|FASTNOISELITE,"Prove runtime relevance, deterministic behavior, direct tests, caller wiring, typed contracts, and no dead/orphan code before claiming generator quality.",D+,WIRE_OR_DEPRECATE,missing_wiring_row,No callable-wiring row; runtime path is unproven. Structural/helper callable: cannot exceed C+ without direct contract tests and parent-surface proof. Script/tooling callable is capped without CI gate integration.
scripts/build_master_callable_audit.py,resolve_call_target,resolve_call_target,367,function,script,generic,UE_PCG|FASTNOISELITE,"Prove runtime relevance, deterministic behavior, direct tests, caller wiring, typed contracts, and no dead/orphan code before claiming generator quality.",D+,WIRE_OR_DEPRECATE,missing_wiring_row,No callable-wiring row; runtime path is unproven. Structural/helper callable: cannot exceed C+ without direct contract tests and parent-surface proof. Script/tooling callable is capped without CI gate integration.
scripts/build_master_callable_audit.py,collect_module_exports,collect_module_exports,384,function,script,generic,UE_PCG|FASTNOISELITE,"Prove runtime relevance, deterministic behavior, direct tests, caller wiring, typed contracts, and no dead/orphan code before claiming generator quality.",D+,WIRE_OR_DEPRECATE,missing_wiring_row,No callable-wiring row; runtime path is unproven. Script/tooling callable is capped without CI gate integration.
scripts/build_master_callable_audit.py,collect_defs,collect_defs,405,function,script,generic,UE_PCG|FASTNOISELITE,"Prove runtime relevance, deterministic behavior, direct tests, caller wiring, typed contracts, and no dead/orphan code before claiming generator quality.",D+,WIRE_OR_DEPRECATE,missing_wiring_row,No callable-wiring row; runtime path is unproven. Script/tooling callable is capped without CI gate integration.
scripts/build_master_callable_audit.py,collect_edges,collect_edges,416,function,script,generic,UE_PCG|FASTNOISELITE,"Prove runtime relevance, deterministic behavior, direct tests, caller wiring, typed contracts, and no dead/orphan code before claiming generator quality.",D+,WIRE_OR_DEPRECATE,missing_wiring_row,No callable-wiring row; runtime path is unproven. Script/tooling callable is capped without CI gate integration.
scripts/build_master_callable_audit.py,collect_runtime_exposure,collect_runtime_exposure,434,function,script,generic,UE_PCG|FASTNOISELITE,"Prove runtime relevance, deterministic behavior, direct tests, caller wiring, typed contracts, and no dead/orphan code before claiming generator quality.",D+,WIRE_OR_DEPRECATE,missing_wiring_row,No callable-wiring row; runtime path is unproven. Script/tooling callable is capped without CI gate integration.
scripts/build_master_callable_audit.py,bfs_runtime_reachability,bfs_runtime_reachability,573,function,script,generic,UE_PCG|FASTNOISELITE,"Prove runtime relevance, deterministic behavior, direct tests, caller wiring, typed contracts, and no dead/orphan code before claiming generator quality.",D+,WIRE_OR_DEPRECATE,missing_wiring_row,No callable-wiring row; runtime path is unproven. Script/tooling callable is capped without CI gate integration.
scripts/build_master_callable_audit.py,load_csv_rows,load_csv_rows,612,function,script,generic,UE_PCG|FASTNOISELITE,"Prove runtime relevance, deterministic behavior, direct tests, caller wiring, typed contracts, and no dead/orphan code before claiming generator quality.",D+,WIRE_OR_DEPRECATE,missing_wiring_row,No callable-wiring row; runtime path is unproven. Script/tooling callable is capped without CI gate integration.
scripts/build_master_callable_audit.py,group_grade_rows,group_grade_rows,617,function,script,generic,UE_PCG|FASTNOISELITE,"Prove runtime relevance, deterministic behavior, direct tests, caller wiring, typed contracts, and no dead/orphan code before claiming generator quality.",D+,WIRE_OR_DEPRECATE,missing_wiring_row,No callable-wiring row; runtime path is unproven. Script/tooling callable is capped without CI gate integration.
scripts/build_master_callable_audit.py,latest_grade,latest_grade,630,function,script,generic,UE_PCG|FASTNOISELITE,"Prove runtime relevance, deterministic behavior, direct tests, caller wiring, typed contracts, and no dead/orphan code before claiming generator quality.",D+,WIRE_OR_DEPRECATE,missing_wiring_row,No callable-wiring row; runtime path is unproven. Script/tooling callable is capped without CI gate integration.
scripts/build_master_callable_audit.py,summarize_sites,summarize_sites,652,function,script,generic,UE_PCG|FASTNOISELITE,"Prove runtime relevance, deterministic behavior, direct tests, caller wiring, typed contracts, and no dead/orphan code before claiming generator quality.",D+,WIRE_OR_DEPRECATE,missing_wiring_row,No callable-wiring row; runtime path is unproven. Script/tooling callable is capped without CI gate integration.
scripts/build_master_callable_audit.py,classify_status,classify_status,668,function,script,generic,UE_PCG|FASTNOISELITE,"Prove runtime relevance, deterministic behavior, direct tests, caller wiring, typed contracts, and no dead/orphan code before claiming generator quality.",D+,WIRE_OR_DEPRECATE,missing_wiring_row,No callable-wiring row; runtime path is unproven. Script/tooling callable is capped without CI gate integration.
scripts/build_master_callable_audit.py,load_first_pass_status,load_first_pass_status,706,function,script,generic,UE_PCG|FASTNOISELITE,"Prove runtime relevance, deterministic behavior, direct tests, caller wiring, typed contracts, and no dead/orphan code before claiming generator quality.",D+,WIRE_OR_DEPRECATE,missing_wiring_row,No callable-wiring row; runtime path is unproven. Script/tooling callable is capped without CI gate integration.
scripts/build_master_callable_audit.py,write_csv,write_csv,719,function,script,generic,UE_PCG|FASTNOISELITE,"Prove runtime relevance, deterministic behavior, direct tests, caller wiring, typed contracts, and no dead/orphan code before claiming generator quality.",D+,WIRE_OR_DEPRECATE,missing_wiring_row,No callable-wiring row; runtime path is unproven. Script/tooling callable is capped without CI gate integration.
scripts/build_master_callable_audit.py,write_markdown,write_markdown,726,function,script,generic,UE_PCG|FASTNOISELITE,"Prove runtime relevance, deterministic behavior, direct tests, caller wiring, typed contracts, and no dead/orphan code before claiming generator quality.",D+,WIRE_OR_DEPRECATE,missing_wiring_row,No callable-wiring row; runtime path is unproven. Script/tooling callable is capped without CI gate integration.
scripts/build_master_callable_audit.py,main,main,813,function,script,generic,UE_PCG|FASTNOISELITE,"Prove runtime relevance, deterministic behavior, direct tests, caller wiring, typed contracts, and no dead/orphan code before claiming generator quality.",D+,WIRE_OR_DEPRECATE,missing_wiring_row,No callable-wiring row; runtime path is unproven. Script/tooling callable is capped without CI gate integration.
scripts/build_node_seam_proof.py,log,log,33,function,script,generic,UE_PCG|FASTNOISELITE,"Prove runtime relevance, deterministic behavior, direct tests, caller wiring, typed contracts, and no dead/orphan code before claiming generator quality.",D+,WIRE_OR_DEPRECATE,missing_wiring_row,No callable-wiring row; runtime path is unproven. Script/tooling callable is capped without CI gate integration.
scripts/build_node_seam_proof.py,log_fail,log_fail,37,function,script,generic,UE_PCG|FASTNOISELITE,"Prove runtime relevance, deterministic behavior, direct tests, caller wiring, typed contracts, and no dead/orphan code before claiming generator quality.",D+,WIRE_OR_DEPRECATE,missing_wiring_row,No callable-wiring row; runtime path is unproven. Script/tooling callable is capped without CI gate integration.
scripts/build_node_seam_proof.py,link_blend,link_blend,42,function,script,generic,UE_PCG|FASTNOISELITE,"Prove runtime relevance, deterministic behavior, direct tests, caller wiring, typed contracts, and no dead/orphan code before claiming generator quality.",D+,WIRE_OR_DEPRECATE,missing_wiring_row,No callable-wiring row; runtime path is unproven. Script/tooling callable is capped without CI gate integration.
scripts/build_node_seam_proof.py,build_composite,build_composite,71,function,script,generic,UE_PCG|FASTNOISELITE,"Prove runtime relevance, deterministic behavior, direct tests, caller wiring, typed contracts, and no dead/orphan code before claiming generator quality.",D+,WIRE_OR_DEPRECATE,missing_wiring_row,No callable-wiring row; runtime path is unproven. Script/tooling callable is capped without CI gate integration.
scripts/build_node_seam_proof.py,_setup_lighting,_setup_lighting,89,function,script,generic,UE_PCG|FASTNOISELITE,"Prove runtime relevance, deterministic behavior, direct tests, caller wiring, typed contracts, and no dead/orphan code before claiming generator quality.",D+,WIRE_OR_DEPRECATE,missing_wiring_row,No callable-wiring row; runtime path is unproven. Structural/helper callable: cannot exceed C+ without direct contract tests and parent-surface proof. Script/tooling callable is capped without CI gate integration.
scripts/build_node_seam_proof.py,_setup_cameras,_setup_cameras,114,function,script,generic,UE_PCG|FASTNOISELITE,"Prove runtime relevance, deterministic behavior, direct tests, caller wiring, typed contracts, and no dead/orphan code before claiming generator quality.",D+,WIRE_OR_DEPRECATE,missing_wiring_row,No callable-wiring row; runtime path is unproven. Structural/helper callable: cannot exceed C+ without direct contract tests and parent-surface proof. Script/tooling callable is capped without CI gate integration.
scripts/build_node_seam_proof.py,_add_seam_highlight_overlay,_add_seam_highlight_overlay,168,function,script,generic,UE_PCG|FASTNOISELITE,"Prove runtime relevance, deterministic behavior, direct tests, caller wiring, typed contracts, and no dead/orphan code before claiming generator quality.",D+,WIRE_OR_DEPRECATE,missing_wiring_row,No callable-wiring row; runtime path is unproven. Structural/helper callable: cannot exceed C+ without direct contract tests and parent-surface proof. Script/tooling callable is capped without CI gate integration.
scripts/build_node_seam_proof.py,save_blend,save_blend,301,function,script,generic,UE_PCG|FASTNOISELITE,"Prove runtime relevance, deterministic behavior, direct tests, caller wiring, typed contracts, and no dead/orphan code before claiming generator quality.",D+,WIRE_OR_DEPRECATE,missing_wiring_row,No callable-wiring row; runtime path is unproven. Script/tooling callable is capped without CI gate integration.
scripts/build_node_seam_proof.py,write_showcase_readme,write_showcase_readme,311,function,script,generic,UE_PCG|FASTNOISELITE,"Prove runtime relevance, deterministic behavior, direct tests, caller wiring, typed contracts, and no dead/orphan code before claiming generator quality.",D+,WIRE_OR_DEPRECATE,missing_wiring_row,No callable-wiring row; runtime path is unproven. Script/tooling callable is capped without CI gate integration.
scripts/build_node_seam_proof.py,main,main,346,function,script,generic,UE_PCG|FASTNOISELITE,"Prove runtime relevance, deterministic behavior, direct tests, caller wiring, typed contracts, and no dead/orphan code before claiming generator quality.",D+,WIRE_OR_DEPRECATE,missing_wiring_row,No callable-wiring row; runtime path is unproven. Script/tooling callable is capped without CI gate integration.
scripts/build_r11_research_aaa_callable_audit.py,CallableRow,CallableRow,195,class,script,generic,UE_PCG|FASTNOISELITE,"Prove runtime relevance, deterministic behavior, direct tests, caller wiring, typed contracts, and no dead/orphan code before claiming generator quality.",D+,WIRE_OR_DEPRECATE,missing_wiring_row,No callable-wiring row; runtime path is unproven. Structural/helper callable: cannot exceed C+ without direct contract tests and parent-surface proof. Script/tooling callable is capped without CI gate integration.
scripts/build_r11_research_aaa_callable_audit.py,cap_grade,cap_grade,204,function,script,generic,UE_PCG|FASTNOISELITE,"Prove runtime relevance, deterministic behavior, direct tests, caller wiring, typed contracts, and no dead/orphan code before claiming generator quality.",D+,WIRE_OR_DEPRECATE,missing_wiring_row,No callable-wiring row; runtime path is unproven. Script/tooling callable is capped without CI gate integration.
scripts/build_r11_research_aaa_callable_audit.py,git_files,git_files,208,function,script,generic,UE_PCG|FASTNOISELITE,"Prove runtime relevance, deterministic behavior, direct tests, caller wiring, typed contracts, and no dead/orphan code before claiming generator quality.",D+,WIRE_OR_DEPRECATE,missing_wiring_row,No callable-wiring row; runtime path is unproven. Script/tooling callable is capped without CI gate integration.
scripts/build_r11_research_aaa_callable_audit.py,classify_scope,classify_scope,235,function,script,generic,UE_PCG|FASTNOISELITE,"Prove runtime relevance, deterministic behavior, direct tests, caller wiring, typed contracts, and no dead/orphan code before claiming generator quality.",D+,WIRE_OR_DEPRECATE,missing_wiring_row,No callable-wiring row; runtime path is unproven. Script/tooling callable is capped without CI gate integration.
scripts/build_r11_research_aaa_callable_audit.py,collect_callables,collect_callables,248,function,script,generic,UE_PCG|FASTNOISELITE,"Prove runtime relevance, deterministic behavior, direct tests, caller wiring, typed contracts, and no dead/orphan code before claiming generator quality.",D+,WIRE_OR_DEPRECATE,missing_wiring_row,No callable-wiring row; runtime path is unproven. Script/tooling callable is capped without CI gate integration.
scripts/build_r11_research_aaa_callable_audit.py,load_wiring,load_wiring,277,function,script,generic,UE_PCG|FASTNOISELITE,"Prove runtime relevance, deterministic behavior, direct tests, caller wiring, typed contracts, and no dead/orphan code before claiming generator quality.",D+,WIRE_OR_DEPRECATE,missing_wiring_row,No callable-wiring row; runtime path is unproven. Script/tooling callable is capped without CI gate integration.
scripts/build_r11_research_aaa_callable_audit.py,infer_domain,infer_domain,287,function,script,generic,UE_PCG|FASTNOISELITE,"Prove runtime relevance, deterministic behavior, direct tests, caller wiring, typed contracts, and no dead/orphan code before claiming generator quality.",D+,WIRE_OR_DEPRECATE,missing_wiring_row,No callable-wiring row; runtime path is unproven. Script/tooling callable is capped without CI gate integration.
scripts/build_r11_research_aaa_callable_audit.py,infer_domain.has,has,292,nested_function,script,generic,UE_PCG|FASTNOISELITE,"Prove runtime relevance, deterministic behavior, direct tests, caller wiring, typed contracts, and no dead/orphan code before claiming generator quality.",D+,WIRE_OR_DEPRECATE,missing_wiring_row,No callable-wiring row; runtime path is unproven. Structural/helper callable: cannot exceed C+ without direct contract tests and parent-surface proof. Script/tooling callable is capped without CI gate integration.
scripts/build_r11_research_aaa_callable_audit.py,is_structural_support,is_structural_support,328,function,script,generic,UE_PCG|FASTNOISELITE,"Prove runtime relevance, deterministic behavior, direct tests, caller wiring, typed contracts, and no dead/orphan code before claiming generator quality.",D+,WIRE_OR_DEPRECATE,missing_wiring_row,No callable-wiring row; runtime path is unproven. Script/tooling callable is capped without CI gate integration.
scripts/build_r11_research_aaa_callable_audit.py,has_test_or_runtime_evidence,has_test_or_runtime_evidence,355,function,script,generic,UE_PCG|FASTNOISELITE,"Prove runtime relevance, deterministic behavior, direct tests, caller wiring, typed contracts, and no dead/orphan code before claiming generator quality.",D+,WIRE_OR_DEPRECATE,missing_wiring_row,No callable-wiring row; runtime path is unproven. Script/tooling callable is capped without CI gate integration.
scripts/build_r11_research_aaa_callable_audit.py,remediation_category,remediation_category,375,function,script,generic,UE_PCG|FASTNOISELITE,"Prove runtime relevance, deterministic behavior, direct tests, caller wiring, typed contracts, and no dead/orphan code before claiming generator quality.",D+,WIRE_OR_DEPRECATE,missing_wiring_row,No callable-wiring row; runtime path is unproven. Script/tooling callable is capped without CI gate integration.
scripts/build_r11_research_aaa_callable_audit.py,live_test_floor_grade,live_test_floor_grade,391,function,script,generic,UE_PCG|FASTNOISELITE,"Prove runtime relevance, deterministic behavior, direct tests, caller wiring, typed contracts, and no dead/orphan code before claiming generator quality.",D+,WIRE_OR_DEPRECATE,missing_wiring_row,No callable-wiring row; runtime path is unproven. Script/tooling callable is capped without CI gate integration.
scripts/build_r11_research_aaa_callable_audit.py,grade_row,grade_row,403,function,script,generic,UE_PCG|FASTNOISELITE,"Prove runtime relevance, deterministic behavior, direct tests, caller wiring, typed contracts, and no dead/orphan code before claiming generator quality.",D+,WIRE_OR_DEPRECATE,missing_wiring_row,No callable-wiring row; runtime path is unproven. Script/tooling callable is capped without CI gate integration.
scripts/build_r11_research_aaa_callable_audit.py,write_refs,write_refs,460,function,script,generic,UE_PCG|FASTNOISELITE,"Prove runtime relevance, deterministic behavior, direct tests, caller wiring, typed contracts, and no dead/orphan code before claiming generator quality.",D+,WIRE_OR_DEPRECATE,missing_wiring_row,No callable-wiring row; runtime path is unproven. Script/tooling callable is capped without CI gate integration.
scripts/build_r11_research_aaa_callable_audit.py,main,main,491,function,script,generic,UE_PCG|FASTNOISELITE,"Prove runtime relevance, deterministic behavior, direct tests, caller wiring, typed contracts, and no dead/orphan code before claiming generator quality.",D+,WIRE_OR_DEPRECATE,missing_wiring_row,No callable-wiring row; runtime path is unproven. Script/tooling callable is capped without CI gate integration.
scripts/build_r12_strict_aaa_generator_audit.py,grade_min,grade_min,174,function,script,generic,UE_PCG|FASTNOISELITE,"Prove runtime relevance, deterministic behavior, direct tests, caller wiring, typed contracts, and no dead/orphan code before claiming generator quality.",D+,WIRE_OR_DEPRECATE,missing_wiring_row,No callable-wiring row; runtime path is unproven. Script/tooling callable is capped without CI gate integration.
scripts/build_r12_strict_aaa_generator_audit.py,count_int,count_int,178,function,script,generic,UE_PCG|FASTNOISELITE,"Prove runtime relevance, deterministic behavior, direct tests, caller wiring, typed contracts, and no dead/orphan code before claiming generator quality.",D+,WIRE_OR_DEPRECATE,missing_wiring_row,No callable-wiring row; runtime path is unproven. Script/tooling callable is capped without CI gate integration.
scripts/build_r12_strict_aaa_generator_audit.py,evidence,evidence,185,function,script,generic,UE_PCG|FASTNOISELITE,"Prove runtime relevance, deterministic behavior, direct tests, caller wiring, typed contracts, and no dead/orphan code before claiming generator quality.",D+,WIRE_OR_DEPRECATE,missing_wiring_row,No callable-wiring row; runtime path is unproven. Script/tooling callable is capped without CI gate integration.
scripts/build_r12_strict_aaa_generator_audit.py,remediation_for,remediation_for,214,function,script,generic,UE_PCG|FASTNOISELITE,"Prove runtime relevance, deterministic behavior, direct tests, caller wiring, typed contracts, and no dead/orphan code before claiming generator quality.",D+,WIRE_OR_DEPRECATE,missing_wiring_row,No callable-wiring row; runtime path is unproven. Script/tooling callable is capped without CI gate integration.
scripts/build_r12_strict_aaa_generator_audit.py,strict_grade,strict_grade,228,function,script,generic,UE_PCG|FASTNOISELITE,"Prove runtime relevance, deterministic behavior, direct tests, caller wiring, typed contracts, and no dead/orphan code before claiming generator quality.",D+,WIRE_OR_DEPRECATE,missing_wiring_row,No callable-wiring row; runtime path is unproven. Script/tooling callable is capped without CI gate integration.
scripts/build_r12_strict_aaa_generator_audit.py,write_refs,write_refs,279,function,script,generic,UE_PCG|FASTNOISELITE,"Prove runtime relevance, deterministic behavior, direct tests, caller wiring, typed contracts, and no dead/orphan code before claiming generator quality.",D+,WIRE_OR_DEPRECATE,missing_wiring_row,No callable-wiring row; runtime path is unproven. Script/tooling callable is capped without CI gate integration.
scripts/build_r12_strict_aaa_generator_audit.py,main,main,307,function,script,generic,UE_PCG|FASTNOISELITE,"Prove runtime relevance, deterministic behavior, direct tests, caller wiring, typed contracts, and no dead/orphan code before claiming generator quality.",D+,WIRE_OR_DEPRECATE,missing_wiring_row,No callable-wiring row; runtime path is unproven. Script/tooling callable is capped without CI gate integration.
scripts/build_scene_v2.py,_fbm,_fbm,43,function,script,generic,UE_PCG|FASTNOISELITE,"Prove runtime relevance, deterministic behavior, direct tests, caller wiring, typed contracts, and no dead/orphan code before claiming generator quality.",D+,WIRE_OR_DEPRECATE,missing_wiring_row,No callable-wiring row; runtime path is unproven. Structural/helper callable: cannot exceed C+ without direct contract tests and parent-surface proof. Script/tooling callable is capped without CI gate integration.
scripts/build_scene_v2.py,_fbm.h2,h2,46,nested_function,script,generic,UE_PCG|FASTNOISELITE,"Prove runtime relevance, deterministic behavior, direct tests, caller wiring, typed contracts, and no dead/orphan code before claiming generator quality.",D+,WIRE_OR_DEPRECATE,missing_wiring_row,No callable-wiring row; runtime path is unproven. Structural/helper callable: cannot exceed C+ without direct contract tests and parent-surface proof. Script/tooling callable is capped without CI gate integration.
scripts/build_scene_v2.py,_fbm.vnoise,vnoise,50,nested_function,script,generic,UE_PCG|FASTNOISELITE,"Prove runtime relevance, deterministic behavior, direct tests, caller wiring, typed contracts, and no dead/orphan code before claiming generator quality.",D+,WIRE_OR_DEPRECATE,missing_wiring_row,No callable-wiring row; runtime path is unproven. Structural/helper callable: cannot exceed C+ without direct contract tests and parent-surface proof. Script/tooling callable is capped without CI gate integration.
scripts/build_scene_v2.py,_make_terrain_mesh,_make_terrain_mesh,116,function,script,generic,UE_PCG|FASTNOISELITE,"Prove runtime relevance, deterministic behavior, direct tests, caller wiring, typed contracts, and no dead/orphan code before claiming generator quality.",D+,WIRE_OR_DEPRECATE,missing_wiring_row,No callable-wiring row; runtime path is unproven. Structural/helper callable: cannot exceed C+ without direct contract tests and parent-surface proof. Script/tooling callable is capped without CI gate integration.
scripts/build_scene_v2.py,_setup_sun,_setup_sun,606,function,script,generic,UE_PCG|FASTNOISELITE,"Prove runtime relevance, deterministic behavior, direct tests, caller wiring, typed contracts, and no dead/orphan code before claiming generator quality.",D+,WIRE_OR_DEPRECATE,missing_wiring_row,No callable-wiring row; runtime path is unproven. Structural/helper callable: cannot exceed C+ without direct contract tests and parent-surface proof. Script/tooling callable is capped without CI gate integration.
scripts/build_scene_v2.py,_setup_camera,_setup_camera,617,function,script,generic,UE_PCG|FASTNOISELITE,"Prove runtime relevance, deterministic behavior, direct tests, caller wiring, typed contracts, and no dead/orphan code before claiming generator quality.",D+,WIRE_OR_DEPRECATE,missing_wiring_row,No callable-wiring row; runtime path is unproven. Structural/helper callable: cannot exceed C+ without direct contract tests and parent-surface proof. Script/tooling callable is capped without CI gate integration.
scripts/build_scene_v2.py,_setup_compositor,_setup_compositor,629,function,script,generic,UE_PCG|FASTNOISELITE,"Prove runtime relevance, deterministic behavior, direct tests, caller wiring, typed contracts, and no dead/orphan code before claiming generator quality.",D+,WIRE_OR_DEPRECATE,missing_wiring_row,No callable-wiring row; runtime path is unproven. Structural/helper callable: cannot exceed C+ without direct contract tests and parent-surface proof. Script/tooling callable is capped without CI gate integration.
scripts/build_scene_v2.py,main,main,673,function,script,generic,UE_PCG|FASTNOISELITE,"Prove runtime relevance, deterministic behavior, direct tests, caller wiring, typed contracts, and no dead/orphan code before claiming generator quality.",D+,WIRE_OR_DEPRECATE,missing_wiring_row,No callable-wiring row; runtime path is unproven. Script/tooling callable is capped without CI gate integration.
scripts/build_scene_v3.py,log,log,71,function,script,generic,UE_PCG|FASTNOISELITE,"Prove runtime relevance, deterministic behavior, direct tests, caller wiring, typed contracts, and no dead/orphan code before claiming generator quality.",D+,WIRE_OR_DEPRECATE,missing_wiring_row,No callable-wiring row; runtime path is unproven. Script/tooling callable is capped without CI gate integration.
scripts/build_scene_v3.py,log_fail,log_fail,75,function,script,generic,UE_PCG|FASTNOISELITE,"Prove runtime relevance, deterministic behavior, direct tests, caller wiring, typed contracts, and no dead/orphan code before claiming generator quality.",D+,WIRE_OR_DEPRECATE,missing_wiring_row,No callable-wiring row; runtime path is unproven. Script/tooling callable is capped without CI gate integration.
scripts/build_scene_v3.py,sample_h,sample_h,221,function,script,generic,UE_PCG|FASTNOISELITE,"Prove runtime relevance, deterministic behavior, direct tests, caller wiring, typed contracts, and no dead/orphan code before claiming generator quality.",D+,WIRE_OR_DEPRECATE,missing_wiring_row,No callable-wiring row; runtime path is unproven. Structural/helper callable: cannot exceed C+ without direct contract tests and parent-surface proof. Script/tooling callable is capped without CI gate integration.
scripts/build_scene_v3.py,build_terrain_mesh,build_terrain_mesh,240,function,script,generic,UE_PCG|FASTNOISELITE,"Prove runtime relevance, deterministic behavior, direct tests, caller wiring, typed contracts, and no dead/orphan code before claiming generator quality.",D+,WIRE_OR_DEPRECATE,missing_wiring_row,No callable-wiring row; runtime path is unproven. Script/tooling callable is capped without CI gate integration.
scripts/build_scene_v3.py,build_beach_ring,build_beach_ring,594,function,script,generic,UE_PCG|FASTNOISELITE,"Prove runtime relevance, deterministic behavior, direct tests, caller wiring, typed contracts, and no dead/orphan code before claiming generator quality.",D+,WIRE_OR_DEPRECATE,missing_wiring_row,No callable-wiring row; runtime path is unproven. Script/tooling callable is capped without CI gate integration.
scripts/build_scene_v3.py,carve_cave,carve_cave,659,function,script,generic,UE_PCG|FASTNOISELITE,"Prove runtime relevance, deterministic behavior, direct tests, caller wiring, typed contracts, and no dead/orphan code before claiming generator quality.",D+,WIRE_OR_DEPRECATE,missing_wiring_row,No callable-wiring row; runtime path is unproven. Script/tooling callable is capped without CI gate integration.
scripts/build_scene_v3.py,_build_cone_stack,_build_cone_stack,734,function,script,generic,UE_PCG|FASTNOISELITE,"Prove runtime relevance, deterministic behavior, direct tests, caller wiring, typed contracts, and no dead/orphan code before claiming generator quality.",D+,WIRE_OR_DEPRECATE,missing_wiring_row,No callable-wiring row; runtime path is unproven. Structural/helper callable: cannot exceed C+ without direct contract tests and parent-surface proof. Script/tooling callable is capped without CI gate integration.
scripts/build_scene_v3.py,make_pine_mesh,make_pine_mesh,755,function,script,generic,UE_PCG|FASTNOISELITE,"Prove runtime relevance, deterministic behavior, direct tests, caller wiring, typed contracts, and no dead/orphan code before claiming generator quality.",D+,WIRE_OR_DEPRECATE,missing_wiring_row,No callable-wiring row; runtime path is unproven. Script/tooling callable is capped without CI gate integration.
scripts/build_scene_v3.py,setup_sun,setup_sun,1164,function,script,generic,UE_PCG|FASTNOISELITE,"Prove runtime relevance, deterministic behavior, direct tests, caller wiring, typed contracts, and no dead/orphan code before claiming generator quality.",D+,WIRE_OR_DEPRECATE,missing_wiring_row,No callable-wiring row; runtime path is unproven. Script/tooling callable is capped without CI gate integration.
scripts/build_scene_v3.py,setup_compositor,setup_compositor,1208,function,script,generic,UE_PCG|FASTNOISELITE,"Prove runtime relevance, deterministic behavior, direct tests, caller wiring, typed contracts, and no dead/orphan code before claiming generator quality.",D+,WIRE_OR_DEPRECATE,missing_wiring_row,No callable-wiring row; runtime path is unproven. Script/tooling callable is capped without CI gate integration.
scripts/build_scene_v3.py,setup_hero_camera,setup_hero_camera,1246,function,script,generic,UE_PCG|FASTNOISELITE,"Prove runtime relevance, deterministic behavior, direct tests, caller wiring, typed contracts, and no dead/orphan code before claiming generator quality.",D+,WIRE_OR_DEPRECATE,missing_wiring_row,No callable-wiring row; runtime path is unproven. Script/tooling callable is capped without CI gate integration.
scripts/build_scene_v3.py,setup_cave_pov_camera,setup_cave_pov_camera,1263,function,script,generic,UE_PCG|FASTNOISELITE,"Prove runtime relevance, deterministic behavior, direct tests, caller wiring, typed contracts, and no dead/orphan code before claiming generator quality.",D+,WIRE_OR_DEPRECATE,missing_wiring_row,No callable-wiring row; runtime path is unproven. Script/tooling callable is capped without CI gate integration.
scripts/build_scene_v3.py,main,main,1341,function,script,generic,UE_PCG|FASTNOISELITE,"Prove runtime relevance, deterministic behavior, direct tests, caller wiring, typed contracts, and no dead/orphan code before claiming generator quality.",D+,WIRE_OR_DEPRECATE,missing_wiring_row,No callable-wiring row; runtime path is unproven. Script/tooling callable is capped without CI gate integration.
scripts/build_test_guardrail_audit.py,collect_counts,collect_counts,96,function,script,generic,UE_PCG|FASTNOISELITE,"Prove runtime relevance, deterministic behavior, direct tests, caller wiring, typed contracts, and no dead/orphan code before claiming generator quality.",D+,WIRE_OR_DEPRECATE,missing_wiring_row,No callable-wiring row; runtime path is unproven. Script/tooling callable is capped without CI gate integration.
scripts/build_test_guardrail_audit.py,default_label,default_label,113,function,script,generic,UE_PCG|FASTNOISELITE,"Prove runtime relevance, deterministic behavior, direct tests, caller wiring, typed contracts, and no dead/orphan code before claiming generator quality.",D+,WIRE_OR_DEPRECATE,missing_wiring_row,No callable-wiring row; runtime path is unproven. Script/tooling callable is capped without CI gate integration.
scripts/build_test_guardrail_audit.py,default_priority,default_priority,127,function,script,generic,UE_PCG|FASTNOISELITE,"Prove runtime relevance, deterministic behavior, direct tests, caller wiring, typed contracts, and no dead/orphan code before claiming generator quality.",D+,WIRE_OR_DEPRECATE,missing_wiring_row,No callable-wiring row; runtime path is unproven. Script/tooling callable is capped without CI gate integration.
scripts/build_test_guardrail_audit.py,main,main,135,function,script,generic,UE_PCG|FASTNOISELITE,"Prove runtime relevance, deterministic behavior, direct tests, caller wiring, typed contracts, and no dead/orphan code before claiming generator quality.",D+,WIRE_OR_DEPRECATE,missing_wiring_row,No callable-wiring row; runtime path is unproven. Script/tooling callable is capped without CI gate integration.
scripts/build_verification_matrix.py,TestIndex,TestIndex,74,class,script,generic,UE_PCG|FASTNOISELITE,"Prove runtime relevance, deterministic behavior, direct tests, caller wiring, typed contracts, and no dead/orphan code before claiming generator quality.",D+,WIRE_OR_DEPRECATE,missing_wiring_row,No callable-wiring row; runtime path is unproven. Structural/helper callable: cannot exceed C+ without direct contract tests and parent-surface proof. Script/tooling callable is capped without CI gate integration.
scripts/build_verification_matrix.py,ImportVisitor,ImportVisitor,80,class,script,generic,UE_PCG|FASTNOISELITE,"Prove runtime relevance, deterministic behavior, direct tests, caller wiring, typed contracts, and no dead/orphan code before claiming generator quality.",D+,WIRE_OR_DEPRECATE,missing_wiring_row,No callable-wiring row; runtime path is unproven. Structural/helper callable: cannot exceed C+ without direct contract tests and parent-surface proof. Script/tooling callable is capped without CI gate integration.
scripts/build_verification_matrix.py,ImportVisitor.__init__,__init__,81,method,script,generic,UE_PCG|FASTNOISELITE,"Prove runtime relevance, deterministic behavior, direct tests, caller wiring, typed contracts, and no dead/orphan code before claiming generator quality.",D+,WIRE_OR_DEPRECATE,missing_wiring_row,No callable-wiring row; runtime path is unproven. Structural/helper callable: cannot exceed C+ without direct contract tests and parent-surface proof. Script/tooling callable is capped without CI gate integration.
scripts/build_verification_matrix.py,ImportVisitor.visit_Import,visit_Import,84,method,script,generic,UE_PCG|FASTNOISELITE,"Prove runtime relevance, deterministic behavior, direct tests, caller wiring, typed contracts, and no dead/orphan code before claiming generator quality.",D+,WIRE_OR_DEPRECATE,missing_wiring_row,No callable-wiring row; runtime path is unproven. Structural/helper callable: cannot exceed C+ without direct contract tests and parent-surface proof. Script/tooling callable is capped without CI gate integration.
scripts/build_verification_matrix.py,ImportVisitor.visit_ImportFrom,visit_ImportFrom,88,method,script,generic,UE_PCG|FASTNOISELITE,"Prove runtime relevance, deterministic behavior, direct tests, caller wiring, typed contracts, and no dead/orphan code before claiming generator quality.",D+,WIRE_OR_DEPRECATE,missing_wiring_row,No callable-wiring row; runtime path is unproven. Structural/helper callable: cannot exceed C+ without direct contract tests and parent-surface proof. Script/tooling callable is capped without CI gate integration.
scripts/build_verification_matrix.py,_test_files,_test_files,95,function,script,generic,UE_PCG|FASTNOISELITE,"Prove runtime relevance, deterministic behavior, direct tests, caller wiring, typed contracts, and no dead/orphan code before claiming generator quality.",D+,WIRE_OR_DEPRECATE,missing_wiring_row,No callable-wiring row; runtime path is unproven. Structural/helper callable: cannot exceed C+ without direct contract tests and parent-surface proof. Script/tooling callable is capped without CI gate integration.
scripts/build_verification_matrix.py,_build_test_index,_build_test_index,99,function,script,generic,UE_PCG|FASTNOISELITE,"Prove runtime relevance, deterministic behavior, direct tests, caller wiring, typed contracts, and no dead/orphan code before claiming generator quality.",D+,WIRE_OR_DEPRECATE,missing_wiring_row,No callable-wiring row; runtime path is unproven. Structural/helper callable: cannot exceed C+ without direct contract tests and parent-surface proof. Script/tooling callable is capped without CI gate integration.
scripts/build_verification_matrix.py,_source_for,_source_for,134,function,script,generic,UE_PCG|FASTNOISELITE,"Prove runtime relevance, deterministic behavior, direct tests, caller wiring, typed contracts, and no dead/orphan code before claiming generator quality.",D+,WIRE_OR_DEPRECATE,missing_wiring_row,No callable-wiring row; runtime path is unproven. Structural/helper callable: cannot exceed C+ without direct contract tests and parent-surface proof. Script/tooling callable is capped without CI gate integration.
scripts/build_verification_matrix.py,_domain_tags,_domain_tags,139,function,script,generic,UE_PCG|FASTNOISELITE,"Prove runtime relevance, deterministic behavior, direct tests, caller wiring, typed contracts, and no dead/orphan code before claiming generator quality.",D+,WIRE_OR_DEPRECATE,missing_wiring_row,No callable-wiring row; runtime path is unproven. Structural/helper callable: cannot exceed C+ without direct contract tests and parent-surface proof. Script/tooling callable is capped without CI gate integration.
scripts/build_verification_matrix.py,_cap,_cap,149,function,script,generic,UE_PCG|FASTNOISELITE,"Prove runtime relevance, deterministic behavior, direct tests, caller wiring, typed contracts, and no dead/orphan code before claiming generator quality.",D+,WIRE_OR_DEPRECATE,missing_wiring_row,No callable-wiring row; runtime path is unproven. Structural/helper callable: cannot exceed C+ without direct contract tests and parent-surface proof. Script/tooling callable is capped without CI gate integration.
scripts/build_verification_matrix.py,_evidence_for,_evidence_for,156,function,script,generic,UE_PCG|FASTNOISELITE,"Prove runtime relevance, deterministic behavior, direct tests, caller wiring, typed contracts, and no dead/orphan code before claiming generator quality.",D+,WIRE_OR_DEPRECATE,missing_wiring_row,No callable-wiring row; runtime path is unproven. Structural/helper callable: cannot exceed C+ without direct contract tests and parent-surface proof. Script/tooling callable is capped without CI gate integration.
scripts/build_verification_matrix.py,_risk_level,_risk_level,189,function,script,generic,UE_PCG|FASTNOISELITE,"Prove runtime relevance, deterministic behavior, direct tests, caller wiring, typed contracts, and no dead/orphan code before claiming generator quality.",D+,WIRE_OR_DEPRECATE,missing_wiring_row,No callable-wiring row; runtime path is unproven. Structural/helper callable: cannot exceed C+ without direct contract tests and parent-surface proof. Script/tooling callable is capped without CI gate integration.
scripts/build_verification_matrix.py,_grade_is_a_or_better,_grade_is_a_or_better,206,function,script,generic,UE_PCG|FASTNOISELITE,"Prove runtime relevance, deterministic behavior, direct tests, caller wiring, typed contracts, and no dead/orphan code before claiming generator quality.",D+,WIRE_OR_DEPRECATE,missing_wiring_row,No callable-wiring row; runtime path is unproven. Structural/helper callable: cannot exceed C+ without direct contract tests and parent-surface proof. Script/tooling callable is capped without CI gate integration.
scripts/build_verification_matrix.py,build_rows,build_rows,210,function,script,generic,UE_PCG|FASTNOISELITE,"Prove runtime relevance, deterministic behavior, direct tests, caller wiring, typed contracts, and no dead/orphan code before claiming generator quality.",D+,WIRE_OR_DEPRECATE,missing_wiring_row,No callable-wiring row; runtime path is unproven. Script/tooling callable is capped without CI gate integration.
scripts/build_verification_matrix.py,_required_next_evidence,_required_next_evidence,258,function,script,generic,UE_PCG|FASTNOISELITE,"Prove runtime relevance, deterministic behavior, direct tests, caller wiring, typed contracts, and no dead/orphan code before claiming generator quality.",D+,WIRE_OR_DEPRECATE,missing_wiring_row,No callable-wiring row; runtime path is unproven. Structural/helper callable: cannot exceed C+ without direct contract tests and parent-surface proof. Script/tooling callable is capped without CI gate integration.
scripts/build_verification_matrix.py,write_outputs,write_outputs,275,function,script,generic,UE_PCG|FASTNOISELITE,"Prove runtime relevance, deterministic behavior, direct tests, caller wiring, typed contracts, and no dead/orphan code before claiming generator quality.",D+,WIRE_OR_DEPRECATE,missing_wiring_row,No callable-wiring row; runtime path is unproven. Script/tooling callable is capped without CI gate integration.
scripts/build_verification_matrix.py,_build_arg_parser,_build_arg_parser,334,function,script,generic,UE_PCG|FASTNOISELITE,"Prove runtime relevance, deterministic behavior, direct tests, caller wiring, typed contracts, and no dead/orphan code before claiming generator quality.",D+,WIRE_OR_DEPRECATE,missing_wiring_row,No callable-wiring row; runtime path is unproven. Structural/helper callable: cannot exceed C+ without direct contract tests and parent-surface proof. Script/tooling callable is capped without CI gate integration.
scripts/build_verification_matrix.py,main,main,348,function,script,generic,UE_PCG|FASTNOISELITE,"Prove runtime relevance, deterministic behavior, direct tests, caller wiring, typed contracts, and no dead/orphan code before claiming generator quality.",D+,WIRE_OR_DEPRECATE,missing_wiring_row,No callable-wiring row; runtime path is unproven. Script/tooling callable is capped without CI gate integration.
scripts/build_verified_grades_gap_report.py,parse_args,parse_args,45,function,script,generic,UE_PCG|FASTNOISELITE,"Prove runtime relevance, deterministic behavior, direct tests, caller wiring, typed contracts, and no dead/orphan code before claiming generator quality.",D+,WIRE_OR_DEPRECATE,missing_wiring_row,No callable-wiring row; runtime path is unproven. Script/tooling callable is capped without CI gate integration.
scripts/build_verified_grades_gap_report.py,main,main,63,function,script,generic,UE_PCG|FASTNOISELITE,"Prove runtime relevance, deterministic behavior, direct tests, caller wiring, typed contracts, and no dead/orphan code before claiming generator quality.",D+,WIRE_OR_DEPRECATE,missing_wiring_row,No callable-wiring row; runtime path is unproven. Script/tooling callable is capped without CI gate integration.
scripts/callable_census_gate.py,CallableEntry,CallableEntry,38,class,script,generic,UE_PCG|FASTNOISELITE,"Prove runtime relevance, deterministic behavior, direct tests, caller wiring, typed contracts, and no dead/orphan code before claiming generator quality.",D+,WIRE_OR_DEPRECATE,missing_wiring_row,No callable-wiring row; runtime path is unproven. Structural/helper callable: cannot exceed C+ without direct contract tests and parent-surface proof. Script/tooling callable is capped without CI gate integration.
scripts/callable_census_gate.py,CensusResult,CensusResult,46,class,script,generic,UE_PCG|FASTNOISELITE,"Prove runtime relevance, deterministic behavior, direct tests, caller wiring, typed contracts, and no dead/orphan code before claiming generator quality.",D+,WIRE_OR_DEPRECATE,missing_wiring_row,No callable-wiring row; runtime path is unproven. Structural/helper callable: cannot exceed C+ without direct contract tests and parent-surface proof. Script/tooling callable is capped without CI gate integration.
scripts/callable_census_gate.py,CensusResult.uncovered_count,uncovered_count,52,method,script,generic,UE_PCG|FASTNOISELITE,"Prove runtime relevance, deterministic behavior, direct tests, caller wiring, typed contracts, and no dead/orphan code before claiming generator quality.",D+,WIRE_OR_DEPRECATE,missing_wiring_row,No callable-wiring row; runtime path is unproven. Structural/helper callable: cannot exceed C+ without direct contract tests and parent-surface proof. Script/tooling callable is capped without CI gate integration.
scripts/callable_census_gate.py,CensusResult.coverage_pct,coverage_pct,56,method,script,generic,UE_PCG|FASTNOISELITE,"Prove runtime relevance, deterministic behavior, direct tests, caller wiring, typed contracts, and no dead/orphan code before claiming generator quality.",D+,WIRE_OR_DEPRECATE,missing_wiring_row,No callable-wiring row; runtime path is unproven. Structural/helper callable: cannot exceed C+ without direct contract tests and parent-surface proof. Script/tooling callable is capped without CI gate integration.
scripts/callable_census_gate.py,_load_graded_set,_load_graded_set,66,function,script,generic,UE_PCG|FASTNOISELITE,"Prove runtime relevance, deterministic behavior, direct tests, caller wiring, typed contracts, and no dead/orphan code before claiming generator quality.",D+,WIRE_OR_DEPRECATE,missing_wiring_row,No callable-wiring row; runtime path is unproven. Structural/helper callable: cannot exceed C+ without direct contract tests and parent-surface proof. Script/tooling callable is capped without CI gate integration.
scripts/callable_census_gate.py,run_census,run_census,87,function,script,generic,UE_PCG|FASTNOISELITE,"Prove runtime relevance, deterministic behavior, direct tests, caller wiring, typed contracts, and no dead/orphan code before claiming generator quality.",D+,WIRE_OR_DEPRECATE,missing_wiring_row,No callable-wiring row; runtime path is unproven. Script/tooling callable is capped without CI gate integration.
scripts/callable_census_gate.py,_read_lock,_read_lock,115,function,script,generic,UE_PCG|FASTNOISELITE,"Prove runtime relevance, deterministic behavior, direct tests, caller wiring, typed contracts, and no dead/orphan code before claiming generator quality.",D+,WIRE_OR_DEPRECATE,missing_wiring_row,No callable-wiring row; runtime path is unproven. Structural/helper callable: cannot exceed C+ without direct contract tests and parent-surface proof. Script/tooling callable is capped without CI gate integration.
scripts/callable_census_gate.py,_write_lock,_write_lock,121,function,script,generic,UE_PCG|FASTNOISELITE,"Prove runtime relevance, deterministic behavior, direct tests, caller wiring, typed contracts, and no dead/orphan code before claiming generator quality.",D+,WIRE_OR_DEPRECATE,missing_wiring_row,No callable-wiring row; runtime path is unproven. Structural/helper callable: cannot exceed C+ without direct contract tests and parent-surface proof. Script/tooling callable is capped without CI gate integration.
scripts/callable_census_gate.py,_print_report,_print_report,139,function,script,generic,UE_PCG|FASTNOISELITE,"Prove runtime relevance, deterministic behavior, direct tests, caller wiring, typed contracts, and no dead/orphan code before claiming generator quality.",D+,WIRE_OR_DEPRECATE,missing_wiring_row,No callable-wiring row; runtime path is unproven. Structural/helper callable: cannot exceed C+ without direct contract tests and parent-surface proof. Script/tooling callable is capped without CI gate integration.
scripts/callable_census_gate.py,main,main,155,function,script,generic,UE_PCG|FASTNOISELITE,"Prove runtime relevance, deterministic behavior, direct tests, caller wiring, typed contracts, and no dead/orphan code before claiming generator quality.",D+,WIRE_OR_DEPRECATE,missing_wiring_row,No callable-wiring row; runtime path is unproven. Script/tooling callable is capped without CI gate integration.
scripts/generate_strict_grade_audit.py,SymbolRecord,SymbolRecord,191,class,script,generic,UE_PCG|FASTNOISELITE,"Prove runtime relevance, deterministic behavior, direct tests, caller wiring, typed contracts, and no dead/orphan code before claiming generator quality.",D+,WIRE_OR_DEPRECATE,missing_wiring_row,No callable-wiring row; runtime path is unproven. Structural/helper callable: cannot exceed C+ without direct contract tests and parent-surface proof. Script/tooling callable is capped without CI gate integration.
scripts/generate_strict_grade_audit.py,SymbolVisitor,SymbolVisitor,198,class,script,generic,UE_PCG|FASTNOISELITE,"Prove runtime relevance, deterministic behavior, direct tests, caller wiring, typed contracts, and no dead/orphan code before claiming generator quality.",D+,WIRE_OR_DEPRECATE,missing_wiring_row,No callable-wiring row; runtime path is unproven. Structural/helper callable: cannot exceed C+ without direct contract tests and parent-surface proof. Script/tooling callable is capped without CI gate integration.
scripts/generate_strict_grade_audit.py,SymbolVisitor.__init__,__init__,201,method,script,generic,UE_PCG|FASTNOISELITE,"Prove runtime relevance, deterministic behavior, direct tests, caller wiring, typed contracts, and no dead/orphan code before claiming generator quality.",D+,WIRE_OR_DEPRECATE,missing_wiring_row,No callable-wiring row; runtime path is unproven. Structural/helper callable: cannot exceed C+ without direct contract tests and parent-surface proof. Script/tooling callable is capped without CI gate integration.
scripts/generate_strict_grade_audit.py,SymbolVisitor.visit_ClassDef,visit_ClassDef,205,method,script,generic,UE_PCG|FASTNOISELITE,"Prove runtime relevance, deterministic behavior, direct tests, caller wiring, typed contracts, and no dead/orphan code before claiming generator quality.",D+,WIRE_OR_DEPRECATE,missing_wiring_row,No callable-wiring row; runtime path is unproven. Structural/helper callable: cannot exceed C+ without direct contract tests and parent-surface proof. Script/tooling callable is capped without CI gate integration.
scripts/generate_strict_grade_audit.py,SymbolVisitor.visit_FunctionDef,visit_FunctionDef,212,method,script,generic,UE_PCG|FASTNOISELITE,"Prove runtime relevance, deterministic behavior, direct tests, caller wiring, typed contracts, and no dead/orphan code before claiming generator quality.",D+,WIRE_OR_DEPRECATE,missing_wiring_row,No callable-wiring row; runtime path is unproven. Structural/helper callable: cannot exceed C+ without direct contract tests and parent-surface proof. Script/tooling callable is capped without CI gate integration.
scripts/generate_strict_grade_audit.py,SymbolVisitor.visit_AsyncFunctionDef,visit_AsyncFunctionDef,215,method,script,generic,UE_PCG|FASTNOISELITE,"Prove runtime relevance, deterministic behavior, direct tests, caller wiring, typed contracts, and no dead/orphan code before claiming generator quality.",D+,WIRE_OR_DEPRECATE,missing_wiring_row,No callable-wiring row; runtime path is unproven. Structural/helper callable: cannot exceed C+ without direct contract tests and parent-surface proof. Script/tooling callable is capped without CI gate integration.
scripts/generate_strict_grade_audit.py,SymbolVisitor._add_function,_add_function,218,method,script,generic,UE_PCG|FASTNOISELITE,"Prove runtime relevance, deterministic behavior, direct tests, caller wiring, typed contracts, and no dead/orphan code before claiming generator quality.",D+,WIRE_OR_DEPRECATE,missing_wiring_row,No callable-wiring row; runtime path is unproven. Structural/helper callable: cannot exceed C+ without direct contract tests and parent-surface proof. Script/tooling callable is capped without CI gate integration.
scripts/generate_strict_grade_audit.py,SymbolVisitor._is_property,_is_property,231,method,script,generic,UE_PCG|FASTNOISELITE,"Prove runtime relevance, deterministic behavior, direct tests, caller wiring, typed contracts, and no dead/orphan code before claiming generator quality.",D+,WIRE_OR_DEPRECATE,missing_wiring_row,No callable-wiring row; runtime path is unproven. Structural/helper callable: cannot exceed C+ without direct contract tests and parent-surface proof. Script/tooling callable is capped without CI gate integration.
scripts/generate_strict_grade_audit.py,load_rubric,load_rubric,241,function,script,generic,UE_PCG|FASTNOISELITE,"Prove runtime relevance, deterministic behavior, direct tests, caller wiring, typed contracts, and no dead/orphan code before claiming generator quality.",D+,WIRE_OR_DEPRECATE,missing_wiring_row,No callable-wiring row; runtime path is unproven. Script/tooling callable is capped without CI gate integration.
scripts/generate_strict_grade_audit.py,load_rows,load_rows,247,function,script,generic,UE_PCG|FASTNOISELITE,"Prove runtime relevance, deterministic behavior, direct tests, caller wiring, typed contracts, and no dead/orphan code before claiming generator quality.",D+,WIRE_OR_DEPRECATE,missing_wiring_row,No callable-wiring row; runtime path is unproven. Script/tooling callable is capped without CI gate integration.
scripts/generate_strict_grade_audit.py,extract_grade_token,extract_grade_token,259,function,script,generic,UE_PCG|FASTNOISELITE,"Prove runtime relevance, deterministic behavior, direct tests, caller wiring, typed contracts, and no dead/orphan code before claiming generator quality.",D+,WIRE_OR_DEPRECATE,missing_wiring_row,No callable-wiring row; runtime path is unproven. Script/tooling callable is capped without CI gate integration.
scripts/generate_strict_grade_audit.py,score_to_grade,score_to_grade,270,function,script,generic,UE_PCG|FASTNOISELITE,"Prove runtime relevance, deterministic behavior, direct tests, caller wiring, typed contracts, and no dead/orphan code before claiming generator quality.",D+,WIRE_OR_DEPRECATE,missing_wiring_row,No callable-wiring row; runtime path is unproven. Script/tooling callable is capped without CI gate integration.
scripts/generate_strict_grade_audit.py,grade_to_notch,grade_to_notch,277,function,script,generic,UE_PCG|FASTNOISELITE,"Prove runtime relevance, deterministic behavior, direct tests, caller wiring, typed contracts, and no dead/orphan code before claiming generator quality.",D+,WIRE_OR_DEPRECATE,missing_wiring_row,No callable-wiring row; runtime path is unproven. Script/tooling callable is capped without CI gate integration.
scripts/generate_strict_grade_audit.py,safe_int,safe_int,282,function,script,generic,UE_PCG|FASTNOISELITE,"Prove runtime relevance, deterministic behavior, direct tests, caller wiring, typed contracts, and no dead/orphan code before claiming generator quality.",D+,WIRE_OR_DEPRECATE,missing_wiring_row,No callable-wiring row; runtime path is unproven. Script/tooling callable is capped without CI gate integration.
scripts/generate_strict_grade_audit.py,read_text,read_text,289,function,script,generic,UE_PCG|FASTNOISELITE,"Prove runtime relevance, deterministic behavior, direct tests, caller wiring, typed contracts, and no dead/orphan code before claiming generator quality.",D+,WIRE_OR_DEPRECATE,missing_wiring_row,No callable-wiring row; runtime path is unproven. Script/tooling callable is capped without CI gate integration.
scripts/generate_strict_grade_audit.py,build_symbol_index,build_symbol_index,293,function,script,generic,UE_PCG|FASTNOISELITE,"Prove runtime relevance, deterministic behavior, direct tests, caller wiring, typed contracts, and no dead/orphan code before claiming generator quality.",D+,WIRE_OR_DEPRECATE,missing_wiring_row,No callable-wiring row; runtime path is unproven. Script/tooling callable is capped without CI gate integration.
scripts/generate_strict_grade_audit.py,build_identifier_stats,build_identifier_stats,304,function,script,generic,UE_PCG|FASTNOISELITE,"Prove runtime relevance, deterministic behavior, direct tests, caller wiring, typed contracts, and no dead/orphan code before claiming generator quality.",D+,WIRE_OR_DEPRECATE,missing_wiring_row,No callable-wiring row; runtime path is unproven. Script/tooling callable is capped without CI gate integration.
scripts/generate_strict_grade_audit.py,build_runtime_index,build_runtime_index,331,function,script,generic,UE_PCG|FASTNOISELITE,"Prove runtime relevance, deterministic behavior, direct tests, caller wiring, typed contracts, and no dead/orphan code before claiming generator quality.",D+,WIRE_OR_DEPRECATE,missing_wiring_row,No callable-wiring row; runtime path is unproven. Script/tooling callable is capped without CI gate integration.
scripts/generate_strict_grade_audit.py,load_lastfailed,load_lastfailed,363,function,script,generic,UE_PCG|FASTNOISELITE,"Prove runtime relevance, deterministic behavior, direct tests, caller wiring, typed contracts, and no dead/orphan code before claiming generator quality.",D+,WIRE_OR_DEPRECATE,missing_wiring_row,No callable-wiring row; runtime path is unproven. Script/tooling callable is capped without CI gate integration.
scripts/generate_strict_grade_audit.py,pick_symbol,pick_symbol,369,function,script,generic,UE_PCG|FASTNOISELITE,"Prove runtime relevance, deterministic behavior, direct tests, caller wiring, typed contracts, and no dead/orphan code before claiming generator quality.",D+,WIRE_OR_DEPRECATE,missing_wiring_row,No callable-wiring row; runtime path is unproven. Script/tooling callable is capped without CI gate integration.
scripts/generate_strict_grade_audit.py,latest_claim,latest_claim,378,function,script,generic,UE_PCG|FASTNOISELITE,"Prove runtime relevance, deterministic behavior, direct tests, caller wiring, typed contracts, and no dead/orphan code before claiming generator quality.",D+,WIRE_OR_DEPRECATE,missing_wiring_row,No callable-wiring row; runtime path is unproven. Script/tooling callable is capped without CI gate integration.
scripts/generate_strict_grade_audit.py,claim_flag_for_column,claim_flag_for_column,392,function,script,generic,UE_PCG|FASTNOISELITE,"Prove runtime relevance, deterministic behavior, direct tests, caller wiring, typed contracts, and no dead/orphan code before claiming generator quality.",D+,WIRE_OR_DEPRECATE,missing_wiring_row,No callable-wiring row; runtime path is unproven. Script/tooling callable is capped without CI gate integration.
scripts/generate_strict_grade_audit.py,module_named_test_exists,module_named_test_exists,404,function,script,generic,UE_PCG|FASTNOISELITE,"Prove runtime relevance, deterministic behavior, direct tests, caller wiring, typed contracts, and no dead/orphan code before claiming generator quality.",D+,WIRE_OR_DEPRECATE,missing_wiring_row,No callable-wiring row; runtime path is unproven. Script/tooling callable is capped without CI gate integration.
scripts/generate_strict_grade_audit.py,classify_test_strength,classify_test_strength,410,function,script,generic,UE_PCG|FASTNOISELITE,"Prove runtime relevance, deterministic behavior, direct tests, caller wiring, typed contracts, and no dead/orphan code before claiming generator quality.",D+,WIRE_OR_DEPRECATE,missing_wiring_row,No callable-wiring row; runtime path is unproven. Script/tooling callable is capped without CI gate integration.
scripts/generate_strict_grade_audit.py,text_flags,text_flags,428,function,script,generic,UE_PCG|FASTNOISELITE,"Prove runtime relevance, deterministic behavior, direct tests, caller wiring, typed contracts, and no dead/orphan code before claiming generator quality.",D+,WIRE_OR_DEPRECATE,missing_wiring_row,No callable-wiring row; runtime path is unproven. Script/tooling callable is capped without CI gate integration.
scripts/generate_strict_grade_audit.py,classify_public_exposure,classify_public_exposure,468,function,script,generic,UE_PCG|FASTNOISELITE,"Prove runtime relevance, deterministic behavior, direct tests, caller wiring, typed contracts, and no dead/orphan code before claiming generator quality.",D+,WIRE_OR_DEPRECATE,missing_wiring_row,No callable-wiring row; runtime path is unproven. Script/tooling callable is capped without CI gate integration.
scripts/generate_strict_grade_audit.py,collect_failure_flags,collect_failure_flags,478,function,script,generic,UE_PCG|FASTNOISELITE,"Prove runtime relevance, deterministic behavior, direct tests, caller wiring, typed contracts, and no dead/orphan code before claiming generator quality.",D+,WIRE_OR_DEPRECATE,missing_wiring_row,No callable-wiring row; runtime path is unproven. Script/tooling callable is capped without CI gate integration.
scripts/generate_strict_grade_audit.py,failure_note,failure_note,485,function,script,generic,UE_PCG|FASTNOISELITE,"Prove runtime relevance, deterministic behavior, direct tests, caller wiring, typed contracts, and no dead/orphan code before claiming generator quality.",D+,WIRE_OR_DEPRECATE,missing_wiring_row,No callable-wiring row; runtime path is unproven. Script/tooling callable is capped without CI gate integration.
scripts/generate_strict_grade_audit.py,apply_caps,apply_caps,500,function,script,generic,UE_PCG|FASTNOISELITE,"Prove runtime relevance, deterministic behavior, direct tests, caller wiring, typed contracts, and no dead/orphan code before claiming generator quality.",D+,WIRE_OR_DEPRECATE,missing_wiring_row,No callable-wiring row; runtime path is unproven. Script/tooling callable is capped without CI gate integration.
scripts/generate_strict_grade_audit.py,evidence_bucket,evidence_bucket,519,function,script,generic,UE_PCG|FASTNOISELITE,"Prove runtime relevance, deterministic behavior, direct tests, caller wiring, typed contracts, and no dead/orphan code before claiming generator quality.",D+,WIRE_OR_DEPRECATE,missing_wiring_row,No callable-wiring row; runtime path is unproven. Script/tooling callable is capped without CI gate integration.
scripts/generate_strict_grade_audit.py,confidence_band,confidence_band,542,function,script,generic,UE_PCG|FASTNOISELITE,"Prove runtime relevance, deterministic behavior, direct tests, caller wiring, typed contracts, and no dead/orphan code before claiming generator quality.",D+,WIRE_OR_DEPRECATE,missing_wiring_row,No callable-wiring row; runtime path is unproven. Script/tooling callable is capped without CI gate integration.
scripts/generate_strict_grade_audit.py,category_for_row,category_for_row,552,function,script,generic,UE_PCG|FASTNOISELITE,"Prove runtime relevance, deterministic behavior, direct tests, caller wiring, typed contracts, and no dead/orphan code before claiming generator quality.",D+,WIRE_OR_DEPRECATE,missing_wiring_row,No callable-wiring row; runtime path is unproven. Script/tooling callable is capped without CI gate integration.
scripts/generate_strict_grade_audit.py,format_adjustments,format_adjustments,609,function,script,generic,UE_PCG|FASTNOISELITE,"Prove runtime relevance, deterministic behavior, direct tests, caller wiring, typed contracts, and no dead/orphan code before claiming generator quality.",D+,WIRE_OR_DEPRECATE,missing_wiring_row,No callable-wiring row; runtime path is unproven. Script/tooling callable is capped without CI gate integration.
scripts/generate_strict_grade_audit.py,write_csv,write_csv,613,function,script,generic,UE_PCG|FASTNOISELITE,"Prove runtime relevance, deterministic behavior, direct tests, caller wiring, typed contracts, and no dead/orphan code before claiming generator quality.",D+,WIRE_OR_DEPRECATE,missing_wiring_row,No callable-wiring row; runtime path is unproven. Script/tooling callable is capped without CI gate integration.
scripts/generate_strict_grade_audit.py,write_summary,write_summary,620,function,script,generic,UE_PCG|FASTNOISELITE,"Prove runtime relevance, deterministic behavior, direct tests, caller wiring, typed contracts, and no dead/orphan code before claiming generator quality.",D+,WIRE_OR_DEPRECATE,missing_wiring_row,No callable-wiring row; runtime path is unproven. Script/tooling callable is capped without CI gate integration.
scripts/generate_strict_grade_audit.py,main,main,716,function,script,generic,UE_PCG|FASTNOISELITE,"Prove runtime relevance, deterministic behavior, direct tests, caller wiring, typed contracts, and no dead/orphan code before claiming generator quality.",D+,WIRE_OR_DEPRECATE,missing_wiring_row,No callable-wiring row; runtime path is unproven. Script/tooling callable is capped without CI gate integration.
scripts/grade_audit_shared.py,CallableDef,CallableDef,21,class,script,generic,UE_PCG|FASTNOISELITE,"Prove runtime relevance, deterministic behavior, direct tests, caller wiring, typed contracts, and no dead/orphan code before claiming generator quality.",D+,WIRE_OR_DEPRECATE,missing_wiring_row,No callable-wiring row; runtime path is unproven. Structural/helper callable: cannot exceed C+ without direct contract tests and parent-surface proof. Script/tooling callable is capped without CI gate integration.
scripts/grade_audit_shared.py,GradeMatch,GradeMatch,30,class,script,generic,UE_PCG|FASTNOISELITE,"Prove runtime relevance, deterministic behavior, direct tests, caller wiring, typed contracts, and no dead/orphan code before claiming generator quality.",D+,WIRE_OR_DEPRECATE,missing_wiring_row,No callable-wiring row; runtime path is unproven. Structural/helper callable: cannot exceed C+ without direct contract tests and parent-surface proof. Script/tooling callable is capped without CI gate integration.
scripts/grade_audit_shared.py,CallableVisitor,CallableVisitor,36,class,script,generic,UE_PCG|FASTNOISELITE,"Prove runtime relevance, deterministic behavior, direct tests, caller wiring, typed contracts, and no dead/orphan code before claiming generator quality.",D+,WIRE_OR_DEPRECATE,missing_wiring_row,No callable-wiring row; runtime path is unproven. Structural/helper callable: cannot exceed C+ without direct contract tests and parent-surface proof. Script/tooling callable is capped without CI gate integration.
scripts/grade_audit_shared.py,CallableVisitor.__init__,__init__,37,method,script,generic,UE_PCG|FASTNOISELITE,"Prove runtime relevance, deterministic behavior, direct tests, caller wiring, typed contracts, and no dead/orphan code before claiming generator quality.",D+,WIRE_OR_DEPRECATE,missing_wiring_row,No callable-wiring row; runtime path is unproven. Structural/helper callable: cannot exceed C+ without direct contract tests and parent-surface proof. Script/tooling callable is capped without CI gate integration.
scripts/grade_audit_shared.py,CallableVisitor.visit_ClassDef,visit_ClassDef,43,method,script,generic,UE_PCG|FASTNOISELITE,"Prove runtime relevance, deterministic behavior, direct tests, caller wiring, typed contracts, and no dead/orphan code before claiming generator quality.",D+,WIRE_OR_DEPRECATE,missing_wiring_row,No callable-wiring row; runtime path is unproven. Structural/helper callable: cannot exceed C+ without direct contract tests and parent-surface proof. Script/tooling callable is capped without CI gate integration.
scripts/grade_audit_shared.py,CallableVisitor.visit_FunctionDef,visit_FunctionDef,48,method,script,generic,UE_PCG|FASTNOISELITE,"Prove runtime relevance, deterministic behavior, direct tests, caller wiring, typed contracts, and no dead/orphan code before claiming generator quality.",D+,WIRE_OR_DEPRECATE,missing_wiring_row,No callable-wiring row; runtime path is unproven. Structural/helper callable: cannot exceed C+ without direct contract tests and parent-surface proof. Script/tooling callable is capped without CI gate integration.
scripts/grade_audit_shared.py,CallableVisitor.visit_AsyncFunctionDef,visit_AsyncFunctionDef,51,method,script,generic,UE_PCG|FASTNOISELITE,"Prove runtime relevance, deterministic behavior, direct tests, caller wiring, typed contracts, and no dead/orphan code before claiming generator quality.",D+,WIRE_OR_DEPRECATE,missing_wiring_row,No callable-wiring row; runtime path is unproven. Structural/helper callable: cannot exceed C+ without direct contract tests and parent-surface proof. Script/tooling callable is capped without CI gate integration.
scripts/grade_audit_shared.py,CallableVisitor._enter_function,_enter_function,54,method,script,generic,UE_PCG|FASTNOISELITE,"Prove runtime relevance, deterministic behavior, direct tests, caller wiring, typed contracts, and no dead/orphan code before claiming generator quality.",D+,WIRE_OR_DEPRECATE,missing_wiring_row,No callable-wiring row; runtime path is unproven. Structural/helper callable: cannot exceed C+ without direct contract tests and parent-surface proof. Script/tooling callable is capped without CI gate integration.
scripts/grade_audit_shared.py,CallableVisitor._record,_record,62,method,script,generic,UE_PCG|FASTNOISELITE,"Prove runtime relevance, deterministic behavior, direct tests, caller wiring, typed contracts, and no dead/orphan code before claiming generator quality.",D+,WIRE_OR_DEPRECATE,missing_wiring_row,No callable-wiring row; runtime path is unproven. Structural/helper callable: cannot exceed C+ without direct contract tests and parent-surface proof. Script/tooling callable is capped without CI gate integration.
scripts/grade_audit_shared.py,collect_callables,collect_callables,105,function,script,generic,UE_PCG|FASTNOISELITE,"Prove runtime relevance, deterministic behavior, direct tests, caller wiring, typed contracts, and no dead/orphan code before claiming generator quality.",D+,WIRE_OR_DEPRECATE,missing_wiring_row,No callable-wiring row; runtime path is unproven. Script/tooling callable is capped without CI gate integration.
scripts/grade_audit_shared.py,collect_classes,collect_classes,115,function,script,generic,UE_PCG|FASTNOISELITE,"Prove runtime relevance, deterministic behavior, direct tests, caller wiring, typed contracts, and no dead/orphan code before claiming generator quality.",D+,WIRE_OR_DEPRECATE,missing_wiring_row,No callable-wiring row; runtime path is unproven. Script/tooling callable is capped without CI gate integration.
scripts/grade_audit_shared.py,read_grade_rows,read_grade_rows,125,function,script,generic,UE_PCG|FASTNOISELITE,"Prove runtime relevance, deterministic behavior, direct tests, caller wiring, typed contracts, and no dead/orphan code before claiming generator quality.",D+,WIRE_OR_DEPRECATE,missing_wiring_row,No callable-wiring row; runtime path is unproven. Script/tooling callable is capped without CI gate integration.
scripts/grade_audit_shared.py,norm,norm,132,function,script,generic,UE_PCG|FASTNOISELITE,"Prove runtime relevance, deterministic behavior, direct tests, caller wiring, typed contracts, and no dead/orphan code before claiming generator quality.",D+,WIRE_OR_DEPRECATE,missing_wiring_row,No callable-wiring row; runtime path is unproven. Script/tooling callable is capped without CI gate integration.
scripts/grade_audit_shared.py,normalize_function_name,normalize_function_name,136,function,script,generic,UE_PCG|FASTNOISELITE,"Prove runtime relevance, deterministic behavior, direct tests, caller wiring, typed contracts, and no dead/orphan code before claiming generator quality.",D+,WIRE_OR_DEPRECATE,missing_wiring_row,No callable-wiring row; runtime path is unproven. Script/tooling callable is capped without CI gate integration.
scripts/grade_audit_shared.py,parse_line,parse_line,143,function,script,generic,UE_PCG|FASTNOISELITE,"Prove runtime relevance, deterministic behavior, direct tests, caller wiring, typed contracts, and no dead/orphan code before claiming generator quality.",D+,WIRE_OR_DEPRECATE,missing_wiring_row,No callable-wiring row; runtime path is unproven. Script/tooling callable is capped without CI gate integration.
scripts/grade_audit_shared.py,parse_row_number,parse_row_number,153,function,script,generic,UE_PCG|FASTNOISELITE,"Prove runtime relevance, deterministic behavior, direct tests, caller wiring, typed contracts, and no dead/orphan code before claiming generator quality.",D+,WIRE_OR_DEPRECATE,missing_wiring_row,No callable-wiring row; runtime path is unproven. Script/tooling callable is capped without CI gate integration.
scripts/grade_audit_shared.py,latest_grade,latest_grade,164,function,script,generic,UE_PCG|FASTNOISELITE,"Prove runtime relevance, deterministic behavior, direct tests, caller wiring, typed contracts, and no dead/orphan code before claiming generator quality.",D+,WIRE_OR_DEPRECATE,missing_wiring_row,No callable-wiring row; runtime path is unproven. Script/tooling callable is capped without CI gate integration.
scripts/grade_audit_shared.py,GradeIndex,GradeIndex,186,class,script,generic,UE_PCG|FASTNOISELITE,"Prove runtime relevance, deterministic behavior, direct tests, caller wiring, typed contracts, and no dead/orphan code before claiming generator quality.",D+,WIRE_OR_DEPRECATE,missing_wiring_row,No callable-wiring row; runtime path is unproven. Structural/helper callable: cannot exceed C+ without direct contract tests and parent-surface proof. Script/tooling callable is capped without CI gate integration.
scripts/grade_audit_shared.py,GradeIndex.__init__,__init__,187,method,script,generic,UE_PCG|FASTNOISELITE,"Prove runtime relevance, deterministic behavior, direct tests, caller wiring, typed contracts, and no dead/orphan code before claiming generator quality.",D+,WIRE_OR_DEPRECATE,missing_wiring_row,No callable-wiring row; runtime path is unproven. Structural/helper callable: cannot exceed C+ without direct contract tests and parent-surface proof. Script/tooling callable is capped without CI gate integration.
scripts/grade_audit_shared.py,build_grade_index,build_grade_index,192,function,script,generic,UE_PCG|FASTNOISELITE,"Prove runtime relevance, deterministic behavior, direct tests, caller wiring, typed contracts, and no dead/orphan code before claiming generator quality.",D+,WIRE_OR_DEPRECATE,missing_wiring_row,No callable-wiring row; runtime path is unproven. Script/tooling callable is capped without CI gate integration.
scripts/grade_audit_shared.py,_select_row,_select_row,204,function,script,generic,UE_PCG|FASTNOISELITE,"Prove runtime relevance, deterministic behavior, direct tests, caller wiring, typed contracts, and no dead/orphan code before claiming generator quality.",D+,WIRE_OR_DEPRECATE,missing_wiring_row,No callable-wiring row; runtime path is unproven. Structural/helper callable: cannot exceed C+ without direct contract tests and parent-surface proof. Script/tooling callable is capped without CI gate integration.
scripts/grade_audit_shared.py,resolve_grade_match,resolve_grade_match,217,function,script,generic,UE_PCG|FASTNOISELITE,"Prove runtime relevance, deterministic behavior, direct tests, caller wiring, typed contracts, and no dead/orphan code before claiming generator quality.",D+,WIRE_OR_DEPRECATE,missing_wiring_row,No callable-wiring row; runtime path is unproven. Structural/helper callable: cannot exceed C+ without direct contract tests and parent-surface proof. Script/tooling callable is capped without CI gate integration.
scripts/open_aaa_node_v1.py,_load_blend,_load_blend,34,function,script,generic,UE_PCG|FASTNOISELITE,"Prove runtime relevance, deterministic behavior, direct tests, caller wiring, typed contracts, and no dead/orphan code before claiming generator quality.",D+,WIRE_OR_DEPRECATE,missing_wiring_row,No callable-wiring row; runtime path is unproven. Structural/helper callable: cannot exceed C+ without direct contract tests and parent-surface proof. Script/tooling callable is capped without CI gate integration.
scripts/open_aaa_node_v1.py,_set_hero_camera,_set_hero_camera,44,function,script,generic,UE_PCG|FASTNOISELITE,"Prove runtime relevance, deterministic behavior, direct tests, caller wiring, typed contracts, and no dead/orphan code before claiming generator quality.",D+,WIRE_OR_DEPRECATE,missing_wiring_row,No callable-wiring row; runtime path is unproven. Structural/helper callable: cannot exceed C+ without direct contract tests and parent-surface proof. Script/tooling callable is capped without CI gate integration.
scripts/open_aaa_node_v1.py,_set_rendered_shading,_set_rendered_shading,52,function,script,generic,UE_PCG|FASTNOISELITE,"Prove runtime relevance, deterministic behavior, direct tests, caller wiring, typed contracts, and no dead/orphan code before claiming generator quality.",D+,WIRE_OR_DEPRECATE,missing_wiring_row,No callable-wiring row; runtime path is unproven. Structural/helper callable: cannot exceed C+ without direct contract tests and parent-surface proof. Script/tooling callable is capped without CI gate integration.
scripts/open_aaa_node_v1.py,_frame_all,_frame_all,75,function,script,generic,UE_PCG|FASTNOISELITE,"Prove runtime relevance, deterministic behavior, direct tests, caller wiring, typed contracts, and no dead/orphan code before claiming generator quality.",D+,WIRE_OR_DEPRECATE,missing_wiring_row,No callable-wiring row; runtime path is unproven. Structural/helper callable: cannot exceed C+ without direct contract tests and parent-surface proof. Script/tooling callable is capped without CI gate integration.
scripts/open_aaa_node_v1.py,main,main,88,function,script,generic,UE_PCG|FASTNOISELITE,"Prove runtime relevance, deterministic behavior, direct tests, caller wiring, typed contracts, and no dead/orphan code before claiming generator quality.",D+,WIRE_OR_DEPRECATE,missing_wiring_row,No callable-wiring row; runtime path is unproven. Script/tooling callable is capped without CI gate integration.
scripts/phase_l_triple_judge.py,_resolve_node_cli,_resolve_node_cli,64,function,script,generic,UE_PCG|FASTNOISELITE,"Prove runtime relevance, deterministic behavior, direct tests, caller wiring, typed contracts, and no dead/orphan code before claiming generator quality.",D+,WIRE_OR_DEPRECATE,missing_wiring_row,No callable-wiring row; runtime path is unproven. Structural/helper callable: cannot exceed C+ without direct contract tests and parent-surface proof. Script/tooling callable is capped without CI gate integration.
scripts/phase_l_triple_judge.py,Verdict,Verdict,94,class,script,generic,UE_PCG|FASTNOISELITE,"Prove runtime relevance, deterministic behavior, direct tests, caller wiring, typed contracts, and no dead/orphan code before claiming generator quality.",D+,WIRE_OR_DEPRECATE,missing_wiring_row,No callable-wiring row; runtime path is unproven. Structural/helper callable: cannot exceed C+ without direct contract tests and parent-surface proof. Script/tooling callable is capped without CI gate integration.
scripts/phase_l_triple_judge.py,Verdict.passed,passed,106,method,script,generic,UE_PCG|FASTNOISELITE,"Prove runtime relevance, deterministic behavior, direct tests, caller wiring, typed contracts, and no dead/orphan code before claiming generator quality.",D+,WIRE_OR_DEPRECATE,missing_wiring_row,No callable-wiring row; runtime path is unproven. Structural/helper callable: cannot exceed C+ without direct contract tests and parent-surface proof. Script/tooling callable is capped without CI gate integration.

