File,Qualified Name,Function,Line,Kind,Scope,R12 Domain,Research Refs,Best Practice Baseline,R12 Strict Grade,R12 Remediation,Wiring Status,R12 Findings
veilbreakers_terrain/procedural_meshes.py,_grid_vector_xyz,_grid_vector_xyz,69,function,runtime_other,generic,UE_PCG|FASTNOISELITE,"Prove runtime relevance, deterministic behavior, direct tests, caller wiring, typed contracts, and no dead/orphan code before claiming generator quality.",D+,WIRE_OR_DEPRECATE,missing_wiring_row,No callable-wiring row; runtime path is unproven. Structural/helper callable: cannot exceed C+ without direct contract tests and parent-surface proof.
veilbreakers_terrain/procedural_meshes.py,_detect_grid_dims_from_vertices,_detect_grid_dims_from_vertices,80,function,runtime_other,generic,UE_PCG|FASTNOISELITE,"Prove runtime relevance, deterministic behavior, direct tests, caller wiring, typed contracts, and no dead/orphan code before claiming generator quality.",D+,WIRE_OR_DEPRECATE,missing_wiring_row,No callable-wiring row; runtime path is unproven. Structural/helper callable: cannot exceed C+ without direct contract tests and parent-surface proof.
veilbreakers_terrain/procedural_meshes.py,_detect_grid_dims,_detect_grid_dims,96,function,runtime_other,generic,UE_PCG|FASTNOISELITE,"Prove runtime relevance, deterministic behavior, direct tests, caller wiring, typed contracts, and no dead/orphan code before claiming generator quality.",D+,WIRE_OR_DEPRECATE,missing_wiring_row,No callable-wiring row; runtime path is unproven. Structural/helper callable: cannot exceed C+ without direct contract tests and parent-surface proof.
veilbreakers_terrain/procedural_meshes.py,_get_trig_table,_get_trig_table,119,function,runtime_other,generic,UE_PCG|FASTNOISELITE,"Prove runtime relevance, deterministic behavior, direct tests, caller wiring, typed contracts, and no dead/orphan code before claiming generator quality.",D+,WIRE_OR_DEPRECATE,missing_wiring_row,No callable-wiring row; runtime path is unproven. Structural/helper callable: cannot exceed C+ without direct contract tests and parent-surface proof.
veilbreakers_terrain/procedural_meshes.py,_auto_detect_sharp_edges,_auto_detect_sharp_edges,132,function,runtime_other,generic,UE_PCG|FASTNOISELITE,"Prove runtime relevance, deterministic behavior, direct tests, caller wiring, typed contracts, and no dead/orphan code before claiming generator quality.",D+,WIRE_OR_DEPRECATE,missing_wiring_row,No callable-wiring row; runtime path is unproven. Structural/helper callable: cannot exceed C+ without direct contract tests and parent-surface proof.
veilbreakers_terrain/procedural_meshes.py,_auto_generate_box_projection_uvs,_auto_generate_box_projection_uvs,192,function,runtime_other,generic,UE_PCG|FASTNOISELITE,"Prove runtime relevance, deterministic behavior, direct tests, caller wiring, typed contracts, and no dead/orphan code before claiming generator quality.",D+,WIRE_OR_DEPRECATE,missing_wiring_row,No callable-wiring row; runtime path is unproven. Structural/helper callable: cannot exceed C+ without direct contract tests and parent-surface proof.
veilbreakers_terrain/procedural_meshes.py,_make_result,_make_result,233,function,runtime_other,generic,UE_PCG|FASTNOISELITE,"Prove runtime relevance, deterministic behavior, direct tests, caller wiring, typed contracts, and no dead/orphan code before claiming generator quality.",D+,WIRE_OR_DEPRECATE,missing_wiring_row,No callable-wiring row; runtime path is unproven. Structural/helper callable: cannot exceed C+ without direct contract tests and parent-surface proof.
veilbreakers_terrain/procedural_meshes.py,_alias_generator_category,_alias_generator_category,282,function,runtime_other,generic,UE_PCG|FASTNOISELITE,"Prove runtime relevance, deterministic behavior, direct tests, caller wiring, typed contracts, and no dead/orphan code before claiming generator quality.",D+,WIRE_OR_DEPRECATE,missing_wiring_row,No callable-wiring row; runtime path is unproven. Structural/helper callable: cannot exceed C+ without direct contract tests and parent-surface proof.
veilbreakers_terrain/procedural_meshes.py,_alias_generator_category._wrapped,_wrapped,289,nested_function,runtime_other,generic,UE_PCG|FASTNOISELITE,"Prove runtime relevance, deterministic behavior, direct tests, caller wiring, typed contracts, and no dead/orphan code before claiming generator quality.",D+,WIRE_OR_DEPRECATE,missing_wiring_row,No callable-wiring row; runtime path is unproven. Structural/helper callable: cannot exceed C+ without direct contract tests and parent-surface proof.
veilbreakers_terrain/procedural_meshes.py,_GeneratorRegistry,_GeneratorRegistry,300,class,runtime_other,generic,UE_PCG|FASTNOISELITE,"Prove runtime relevance, deterministic behavior, direct tests, caller wiring, typed contracts, and no dead/orphan code before claiming generator quality.",D+,WIRE_OR_DEPRECATE,missing_wiring_row,No callable-wiring row; runtime path is unproven. Structural/helper callable: cannot exceed C+ without direct contract tests and parent-surface proof.
veilbreakers_terrain/procedural_meshes.py,_GeneratorRegistry.__init__,__init__,303,nested_function,runtime_other,generic,UE_PCG|FASTNOISELITE,"Prove runtime relevance, deterministic behavior, direct tests, caller wiring, typed contracts, and no dead/orphan code before claiming generator quality.",D+,WIRE_OR_DEPRECATE,missing_wiring_row,No callable-wiring row; runtime path is unproven. Structural/helper callable: cannot exceed C+ without direct contract tests and parent-surface proof.
veilbreakers_terrain/procedural_meshes.py,_GeneratorRegistry.__contains__,__contains__,312,nested_function,runtime_other,generic,UE_PCG|FASTNOISELITE,"Prove runtime relevance, deterministic behavior, direct tests, caller wiring, typed contracts, and no dead/orphan code before claiming generator quality.",D+,WIRE_OR_DEPRECATE,missing_wiring_row,No callable-wiring row; runtime path is unproven. Structural/helper callable: cannot exceed C+ without direct contract tests and parent-surface proof.
veilbreakers_terrain/procedural_meshes.py,_GeneratorRegistry.__getitem__,__getitem__,317,nested_function,runtime_other,generic,UE_PCG|FASTNOISELITE,"Prove runtime relevance, deterministic behavior, direct tests, caller wiring, typed contracts, and no dead/orphan code before claiming generator quality.",D+,WIRE_OR_DEPRECATE,missing_wiring_row,No callable-wiring row; runtime path is unproven. Structural/helper callable: cannot exceed C+ without direct contract tests and parent-surface proof.
veilbreakers_terrain/procedural_meshes.py,_compute_dimensions,_compute_dimensions,335,function,runtime_other,generic,UE_PCG|FASTNOISELITE,"Prove runtime relevance, deterministic behavior, direct tests, caller wiring, typed contracts, and no dead/orphan code before claiming generator quality.",D+,WIRE_OR_DEPRECATE,missing_wiring_row,No callable-wiring row; runtime path is unproven. Structural/helper callable: cannot exceed C+ without direct contract tests and parent-surface proof.
veilbreakers_terrain/procedural_meshes.py,_circle_points,_circle_points,370,function,runtime_other,generic,UE_PCG|FASTNOISELITE,"Prove runtime relevance, deterministic behavior, direct tests, caller wiring, typed contracts, and no dead/orphan code before claiming generator quality.",D+,WIRE_OR_DEPRECATE,missing_wiring_row,No callable-wiring row; runtime path is unproven. Structural/helper callable: cannot exceed C+ without direct contract tests and parent-surface proof.
veilbreakers_terrain/procedural_meshes.py,_make_box,_make_box,400,function,runtime_other,generic,UE_PCG|FASTNOISELITE,"Prove runtime relevance, deterministic behavior, direct tests, caller wiring, typed contracts, and no dead/orphan code before claiming generator quality.",D+,WIRE_OR_DEPRECATE,missing_wiring_row,No callable-wiring row; runtime path is unproven. Structural/helper callable: cannot exceed C+ without direct contract tests and parent-surface proof.
veilbreakers_terrain/procedural_meshes.py,_make_cylinder,_make_cylinder,432,function,runtime_other,generic,UE_PCG|FASTNOISELITE,"Prove runtime relevance, deterministic behavior, direct tests, caller wiring, typed contracts, and no dead/orphan code before claiming generator quality.",D+,WIRE_OR_DEPRECATE,missing_wiring_row,No callable-wiring row; runtime path is unproven. Structural/helper callable: cannot exceed C+ without direct contract tests and parent-surface proof.
veilbreakers_terrain/procedural_meshes.py,_make_cone,_make_cone,473,function,runtime_other,generic,UE_PCG|FASTNOISELITE,"Prove runtime relevance, deterministic behavior, direct tests, caller wiring, typed contracts, and no dead/orphan code before claiming generator quality.",D+,WIRE_OR_DEPRECATE,missing_wiring_row,No callable-wiring row; runtime path is unproven. Structural/helper callable: cannot exceed C+ without direct contract tests and parent-surface proof.
veilbreakers_terrain/procedural_meshes.py,_make_torus_ring,_make_torus_ring,503,function,runtime_other,generic,UE_PCG|FASTNOISELITE,"Prove runtime relevance, deterministic behavior, direct tests, caller wiring, typed contracts, and no dead/orphan code before claiming generator quality.",D+,WIRE_OR_DEPRECATE,missing_wiring_row,No callable-wiring row; runtime path is unproven. Structural/helper callable: cannot exceed C+ without direct contract tests and parent-surface proof.
veilbreakers_terrain/procedural_meshes.py,_make_tapered_cylinder,_make_tapered_cylinder,544,function,runtime_other,generic,UE_PCG|FASTNOISELITE,"Prove runtime relevance, deterministic behavior, direct tests, caller wiring, typed contracts, and no dead/orphan code before claiming generator quality.",D+,WIRE_OR_DEPRECATE,missing_wiring_row,No callable-wiring row; runtime path is unproven. Structural/helper callable: cannot exceed C+ without direct contract tests and parent-surface proof.
veilbreakers_terrain/procedural_meshes.py,_make_beveled_box,_make_beveled_box,588,function,runtime_other,generic,UE_PCG|FASTNOISELITE,"Prove runtime relevance, deterministic behavior, direct tests, caller wiring, typed contracts, and no dead/orphan code before claiming generator quality.",D+,WIRE_OR_DEPRECATE,missing_wiring_row,No callable-wiring row; runtime path is unproven. Structural/helper callable: cannot exceed C+ without direct contract tests and parent-surface proof.
veilbreakers_terrain/procedural_meshes.py,_make_beveled_box._bevel_edge,_bevel_edge,669,nested_function,runtime_other,generic,UE_PCG|FASTNOISELITE,"Prove runtime relevance, deterministic behavior, direct tests, caller wiring, typed contracts, and no dead/orphan code before claiming generator quality.",D+,WIRE_OR_DEPRECATE,missing_wiring_row,No callable-wiring row; runtime path is unproven. Structural/helper callable: cannot exceed C+ without direct contract tests and parent-surface proof.
veilbreakers_terrain/procedural_meshes.py,_enhance_mesh_detail,_enhance_mesh_detail,691,function,runtime_other,generic,UE_PCG|FASTNOISELITE,"Prove runtime relevance, deterministic behavior, direct tests, caller wiring, typed contracts, and no dead/orphan code before claiming generator quality.",D+,WIRE_OR_DEPRECATE,missing_wiring_row,No callable-wiring row; runtime path is unproven. Structural/helper callable: cannot exceed C+ without direct contract tests and parent-surface proof.
veilbreakers_terrain/procedural_meshes.py,_merge_meshes,_merge_meshes,853,function,runtime_other,generic,UE_PCG|FASTNOISELITE,"Prove runtime relevance, deterministic behavior, direct tests, caller wiring, typed contracts, and no dead/orphan code before claiming generator quality.",D+,WIRE_OR_DEPRECATE,missing_wiring_row,No callable-wiring row; runtime path is unproven. Structural/helper callable: cannot exceed C+ without direct contract tests and parent-surface proof.
veilbreakers_terrain/procedural_meshes.py,_make_faceted_rock_shell,_make_faceted_rock_shell,867,function,runtime_other,generic,UE_PCG|FASTNOISELITE,"Prove runtime relevance, deterministic behavior, direct tests, caller wiring, typed contracts, and no dead/orphan code before claiming generator quality.",D+,WIRE_OR_DEPRECATE,missing_wiring_row,No callable-wiring row; runtime path is unproven. Structural/helper callable: cannot exceed C+ without direct contract tests and parent-surface proof.
veilbreakers_terrain/procedural_meshes.py,_make_sphere,_make_sphere,959,function,runtime_other,generic,UE_PCG|FASTNOISELITE,"Prove runtime relevance, deterministic behavior, direct tests, caller wiring, typed contracts, and no dead/orphan code before claiming generator quality.",D+,WIRE_OR_DEPRECATE,missing_wiring_row,No callable-wiring row; runtime path is unproven. Structural/helper callable: cannot exceed C+ without direct contract tests and parent-surface proof.
veilbreakers_terrain/procedural_meshes.py,_make_lathe,_make_lathe,1010,function,runtime_other,generic,UE_PCG|FASTNOISELITE,"Prove runtime relevance, deterministic behavior, direct tests, caller wiring, typed contracts, and no dead/orphan code before claiming generator quality.",D+,WIRE_OR_DEPRECATE,missing_wiring_row,No callable-wiring row; runtime path is unproven. Structural/helper callable: cannot exceed C+ without direct contract tests and parent-surface proof.
veilbreakers_terrain/procedural_meshes.py,_make_profile_extrude,_make_profile_extrude,1048,function,runtime_other,generic,UE_PCG|FASTNOISELITE,"Prove runtime relevance, deterministic behavior, direct tests, caller wiring, typed contracts, and no dead/orphan code before claiming generator quality.",D+,WIRE_OR_DEPRECATE,missing_wiring_row,No callable-wiring row; runtime path is unproven. Structural/helper callable: cannot exceed C+ without direct contract tests and parent-surface proof.
veilbreakers_terrain/procedural_meshes.py,generate_table_mesh,generate_table_mesh,1089,function,runtime_other,generic,UE_PCG|FASTNOISELITE,"Prove runtime relevance, deterministic behavior, direct tests, caller wiring, typed contracts, and no dead/orphan code before claiming generator quality.",D+,WIRE_OR_DEPRECATE,missing_wiring_row,No callable-wiring row; runtime path is unproven.
veilbreakers_terrain/procedural_meshes.py,generate_chair_mesh,generate_chair_mesh,1202,function,runtime_other,generic,UE_PCG|FASTNOISELITE,"Prove runtime relevance, deterministic behavior, direct tests, caller wiring, typed contracts, and no dead/orphan code before claiming generator quality.",D+,WIRE_OR_DEPRECATE,missing_wiring_row,No callable-wiring row; runtime path is unproven.
veilbreakers_terrain/procedural_meshes.py,generate_shelf_mesh,generate_shelf_mesh,1307,function,runtime_other,generic,UE_PCG|FASTNOISELITE,"Prove runtime relevance, deterministic behavior, direct tests, caller wiring, typed contracts, and no dead/orphan code before claiming generator quality.",D+,WIRE_OR_DEPRECATE,missing_wiring_row,No callable-wiring row; runtime path is unproven.
veilbreakers_terrain/procedural_meshes.py,generate_chest_mesh,generate_chest_mesh,1380,function,runtime_other,generic,UE_PCG|FASTNOISELITE,"Prove runtime relevance, deterministic behavior, direct tests, caller wiring, typed contracts, and no dead/orphan code before claiming generator quality.",D+,WIRE_OR_DEPRECATE,missing_wiring_row,No callable-wiring row; runtime path is unproven.
veilbreakers_terrain/procedural_meshes.py,generate_barrel_mesh,generate_barrel_mesh,1478,function,runtime_other,generic,UE_PCG|FASTNOISELITE,"Prove runtime relevance, deterministic behavior, direct tests, caller wiring, typed contracts, and no dead/orphan code before claiming generator quality.",D+,WIRE_OR_DEPRECATE,missing_wiring_row,No callable-wiring row; runtime path is unproven.
veilbreakers_terrain/procedural_meshes.py,generate_candelabra_mesh,generate_candelabra_mesh,1528,function,runtime_other,generic,UE_PCG|FASTNOISELITE,"Prove runtime relevance, deterministic behavior, direct tests, caller wiring, typed contracts, and no dead/orphan code before claiming generator quality.",D+,WIRE_OR_DEPRECATE,missing_wiring_row,No callable-wiring row; runtime path is unproven.
veilbreakers_terrain/procedural_meshes.py,generate_bookshelf_mesh,generate_bookshelf_mesh,1640,function,runtime_other,generic,UE_PCG|FASTNOISELITE,"Prove runtime relevance, deterministic behavior, direct tests, caller wiring, typed contracts, and no dead/orphan code before claiming generator quality.",D+,WIRE_OR_DEPRECATE,missing_wiring_row,No callable-wiring row; runtime path is unproven.
veilbreakers_terrain/procedural_meshes.py,generate_rock_mesh,generate_rock_mesh,1944,function,runtime_other,generic,UE_PCG|FASTNOISELITE,"Prove runtime relevance, deterministic behavior, direct tests, caller wiring, typed contracts, and no dead/orphan code before claiming generator quality.",D+,WIRE_OR_DEPRECATE,missing_wiring_row,No callable-wiring row; runtime path is unproven.
veilbreakers_terrain/procedural_meshes.py,generate_mushroom_mesh,generate_mushroom_mesh,2102,function,runtime_other,generic,UE_PCG|FASTNOISELITE,"Prove runtime relevance, deterministic behavior, direct tests, caller wiring, typed contracts, and no dead/orphan code before claiming generator quality.",D+,WIRE_OR_DEPRECATE,missing_wiring_row,No callable-wiring row; runtime path is unproven.
veilbreakers_terrain/procedural_meshes.py,generate_root_mesh,generate_root_mesh,2230,function,runtime_other,generic,UE_PCG|FASTNOISELITE,"Prove runtime relevance, deterministic behavior, direct tests, caller wiring, typed contracts, and no dead/orphan code before claiming generator quality.",D+,WIRE_OR_DEPRECATE,missing_wiring_row,No callable-wiring row; runtime path is unproven.
veilbreakers_terrain/procedural_meshes.py,generate_shrub_mesh,generate_shrub_mesh,2325,function,runtime_other,generic,UE_PCG|FASTNOISELITE,"Prove runtime relevance, deterministic behavior, direct tests, caller wiring, typed contracts, and no dead/orphan code before claiming generator quality.",D+,WIRE_OR_DEPRECATE,missing_wiring_row,No callable-wiring row; runtime path is unproven.
veilbreakers_terrain/procedural_meshes.py,generate_ivy_mesh,generate_ivy_mesh,2382,function,runtime_other,generic,UE_PCG|FASTNOISELITE,"Prove runtime relevance, deterministic behavior, direct tests, caller wiring, typed contracts, and no dead/orphan code before claiming generator quality.",D+,WIRE_OR_DEPRECATE,missing_wiring_row,No callable-wiring row; runtime path is unproven.
veilbreakers_terrain/procedural_meshes.py,generate_torch_sconce_mesh,generate_torch_sconce_mesh,2441,function,runtime_other,generic,UE_PCG|FASTNOISELITE,"Prove runtime relevance, deterministic behavior, direct tests, caller wiring, typed contracts, and no dead/orphan code before claiming generator quality.",D+,WIRE_OR_DEPRECATE,missing_wiring_row,No callable-wiring row; runtime path is unproven.
veilbreakers_terrain/procedural_meshes.py,generate_prison_door_mesh,generate_prison_door_mesh,2509,function,runtime_other,generic,UE_PCG|FASTNOISELITE,"Prove runtime relevance, deterministic behavior, direct tests, caller wiring, typed contracts, and no dead/orphan code before claiming generator quality.",D+,WIRE_OR_DEPRECATE,missing_wiring_row,No callable-wiring row; runtime path is unproven.
veilbreakers_terrain/procedural_meshes.py,generate_sarcophagus_mesh,generate_sarcophagus_mesh,2593,function,runtime_other,generic,UE_PCG|FASTNOISELITE,"Prove runtime relevance, deterministic behavior, direct tests, caller wiring, typed contracts, and no dead/orphan code before claiming generator quality.",D+,WIRE_OR_DEPRECATE,missing_wiring_row,No callable-wiring row; runtime path is unproven.
veilbreakers_terrain/procedural_meshes.py,generate_altar_mesh,generate_altar_mesh,2662,function,runtime_other,generic,UE_PCG|FASTNOISELITE,"Prove runtime relevance, deterministic behavior, direct tests, caller wiring, typed contracts, and no dead/orphan code before claiming generator quality.",D+,WIRE_OR_DEPRECATE,missing_wiring_row,No callable-wiring row; runtime path is unproven.
veilbreakers_terrain/procedural_meshes.py,generate_pillar_mesh,generate_pillar_mesh,2741,function,runtime_other,generic,UE_PCG|FASTNOISELITE,"Prove runtime relevance, deterministic behavior, direct tests, caller wiring, typed contracts, and no dead/orphan code before claiming generator quality.",D+,WIRE_OR_DEPRECATE,missing_wiring_row,No callable-wiring row; runtime path is unproven.
veilbreakers_terrain/procedural_meshes.py,generate_archway_mesh,generate_archway_mesh,2907,function,runtime_other,generic,UE_PCG|FASTNOISELITE,"Prove runtime relevance, deterministic behavior, direct tests, caller wiring, typed contracts, and no dead/orphan code before claiming generator quality.",D+,WIRE_OR_DEPRECATE,missing_wiring_row,No callable-wiring row; runtime path is unproven.
veilbreakers_terrain/procedural_meshes.py,generate_chain_mesh,generate_chain_mesh,3105,function,runtime_other,generic,UE_PCG|FASTNOISELITE,"Prove runtime relevance, deterministic behavior, direct tests, caller wiring, typed contracts, and no dead/orphan code before claiming generator quality.",D+,WIRE_OR_DEPRECATE,missing_wiring_row,No callable-wiring row; runtime path is unproven.
veilbreakers_terrain/procedural_meshes.py,generate_skull_pile_mesh,generate_skull_pile_mesh,3148,function,runtime_other,generic,UE_PCG|FASTNOISELITE,"Prove runtime relevance, deterministic behavior, direct tests, caller wiring, typed contracts, and no dead/orphan code before claiming generator quality.",D+,WIRE_OR_DEPRECATE,missing_wiring_row,No callable-wiring row; runtime path is unproven.
veilbreakers_terrain/procedural_meshes.py,generate_hammer_mesh,generate_hammer_mesh,3204,function,runtime_other,generic,UE_PCG|FASTNOISELITE,"Prove runtime relevance, deterministic behavior, direct tests, caller wiring, typed contracts, and no dead/orphan code before claiming generator quality.",D+,WIRE_OR_DEPRECATE,missing_wiring_row,No callable-wiring row; runtime path is unproven.
veilbreakers_terrain/procedural_meshes.py,generate_spear_mesh,generate_spear_mesh,3280,function,runtime_other,generic,UE_PCG|FASTNOISELITE,"Prove runtime relevance, deterministic behavior, direct tests, caller wiring, typed contracts, and no dead/orphan code before claiming generator quality.",D+,WIRE_OR_DEPRECATE,missing_wiring_row,No callable-wiring row; runtime path is unproven.
veilbreakers_terrain/procedural_meshes.py,generate_crossbow_mesh,generate_crossbow_mesh,3379,function,runtime_other,generic,UE_PCG|FASTNOISELITE,"Prove runtime relevance, deterministic behavior, direct tests, caller wiring, typed contracts, and no dead/orphan code before claiming generator quality.",D+,WIRE_OR_DEPRECATE,missing_wiring_row,No callable-wiring row; runtime path is unproven.
veilbreakers_terrain/procedural_meshes.py,generate_scythe_mesh,generate_scythe_mesh,3447,function,runtime_other,generic,UE_PCG|FASTNOISELITE,"Prove runtime relevance, deterministic behavior, direct tests, caller wiring, typed contracts, and no dead/orphan code before claiming generator quality.",D+,WIRE_OR_DEPRECATE,missing_wiring_row,No callable-wiring row; runtime path is unproven.
veilbreakers_terrain/procedural_meshes.py,generate_flail_mesh,generate_flail_mesh,3508,function,runtime_other,generic,UE_PCG|FASTNOISELITE,"Prove runtime relevance, deterministic behavior, direct tests, caller wiring, typed contracts, and no dead/orphan code before claiming generator quality.",D+,WIRE_OR_DEPRECATE,missing_wiring_row,No callable-wiring row; runtime path is unproven.
veilbreakers_terrain/procedural_meshes.py,generate_whip_mesh,generate_whip_mesh,3587,function,runtime_other,generic,UE_PCG|FASTNOISELITE,"Prove runtime relevance, deterministic behavior, direct tests, caller wiring, typed contracts, and no dead/orphan code before claiming generator quality.",D+,WIRE_OR_DEPRECATE,missing_wiring_row,No callable-wiring row; runtime path is unproven.
veilbreakers_terrain/procedural_meshes.py,generate_claw_mesh,generate_claw_mesh,3641,function,runtime_other,generic,UE_PCG|FASTNOISELITE,"Prove runtime relevance, deterministic behavior, direct tests, caller wiring, typed contracts, and no dead/orphan code before claiming generator quality.",D+,WIRE_OR_DEPRECATE,missing_wiring_row,No callable-wiring row; runtime path is unproven.
veilbreakers_terrain/procedural_meshes.py,generate_tome_mesh,generate_tome_mesh,3706,function,runtime_other,generic,UE_PCG|FASTNOISELITE,"Prove runtime relevance, deterministic behavior, direct tests, caller wiring, typed contracts, and no dead/orphan code before claiming generator quality.",D+,WIRE_OR_DEPRECATE,missing_wiring_row,No callable-wiring row; runtime path is unproven.
veilbreakers_terrain/procedural_meshes.py,generate_greatsword_mesh,generate_greatsword_mesh,3803,function,runtime_other,generic,UE_PCG|FASTNOISELITE,"Prove runtime relevance, deterministic behavior, direct tests, caller wiring, typed contracts, and no dead/orphan code before claiming generator quality.",D+,WIRE_OR_DEPRECATE,missing_wiring_row,No callable-wiring row; runtime path is unproven.
veilbreakers_terrain/procedural_meshes.py,generate_curved_sword_mesh,generate_curved_sword_mesh,3885,function,runtime_other,generic,UE_PCG|FASTNOISELITE,"Prove runtime relevance, deterministic behavior, direct tests, caller wiring, typed contracts, and no dead/orphan code before claiming generator quality.",D+,WIRE_OR_DEPRECATE,missing_wiring_row,No callable-wiring row; runtime path is unproven.
veilbreakers_terrain/procedural_meshes.py,generate_hand_axe_mesh,generate_hand_axe_mesh,3942,function,runtime_other,generic,UE_PCG|FASTNOISELITE,"Prove runtime relevance, deterministic behavior, direct tests, caller wiring, typed contracts, and no dead/orphan code before claiming generator quality.",D+,WIRE_OR_DEPRECATE,missing_wiring_row,No callable-wiring row; runtime path is unproven.
veilbreakers_terrain/procedural_meshes.py,generate_battle_axe_mesh,generate_battle_axe_mesh,3981,function,runtime_other,generic,UE_PCG|FASTNOISELITE,"Prove runtime relevance, deterministic behavior, direct tests, caller wiring, typed contracts, and no dead/orphan code before claiming generator quality.",D+,WIRE_OR_DEPRECATE,missing_wiring_row,No callable-wiring row; runtime path is unproven.
veilbreakers_terrain/procedural_meshes.py,generate_greataxe_mesh,generate_greataxe_mesh,4045,function,runtime_other,generic,UE_PCG|FASTNOISELITE,"Prove runtime relevance, deterministic behavior, direct tests, caller wiring, typed contracts, and no dead/orphan code before claiming generator quality.",D+,WIRE_OR_DEPRECATE,missing_wiring_row,No callable-wiring row; runtime path is unproven.
veilbreakers_terrain/procedural_meshes.py,generate_club_mesh,generate_club_mesh,4102,function,runtime_other,generic,UE_PCG|FASTNOISELITE,"Prove runtime relevance, deterministic behavior, direct tests, caller wiring, typed contracts, and no dead/orphan code before claiming generator quality.",D+,WIRE_OR_DEPRECATE,missing_wiring_row,No callable-wiring row; runtime path is unproven.
veilbreakers_terrain/procedural_meshes.py,generate_mace_mesh,generate_mace_mesh,4147,function,runtime_other,generic,UE_PCG|FASTNOISELITE,"Prove runtime relevance, deterministic behavior, direct tests, caller wiring, typed contracts, and no dead/orphan code before claiming generator quality.",D+,WIRE_OR_DEPRECATE,missing_wiring_row,No callable-wiring row; runtime path is unproven.
veilbreakers_terrain/procedural_meshes.py,generate_warhammer_mesh,generate_warhammer_mesh,4206,function,runtime_other,generic,UE_PCG|FASTNOISELITE,"Prove runtime relevance, deterministic behavior, direct tests, caller wiring, typed contracts, and no dead/orphan code before claiming generator quality.",D+,WIRE_OR_DEPRECATE,missing_wiring_row,No callable-wiring row; runtime path is unproven.
veilbreakers_terrain/procedural_meshes.py,generate_halberd_mesh,generate_halberd_mesh,4252,function,runtime_other,generic,UE_PCG|FASTNOISELITE,"Prove runtime relevance, deterministic behavior, direct tests, caller wiring, typed contracts, and no dead/orphan code before claiming generator quality.",D+,WIRE_OR_DEPRECATE,missing_wiring_row,No callable-wiring row; runtime path is unproven.
veilbreakers_terrain/procedural_meshes.py,generate_glaive_mesh,generate_glaive_mesh,4313,function,runtime_other,generic,UE_PCG|FASTNOISELITE,"Prove runtime relevance, deterministic behavior, direct tests, caller wiring, typed contracts, and no dead/orphan code before claiming generator quality.",D+,WIRE_OR_DEPRECATE,missing_wiring_row,No callable-wiring row; runtime path is unproven.
veilbreakers_terrain/procedural_meshes.py,_make_bow_limb,_make_bow_limb,4402,function,runtime_other,generic,UE_PCG|FASTNOISELITE,"Prove runtime relevance, deterministic behavior, direct tests, caller wiring, typed contracts, and no dead/orphan code before claiming generator quality.",D+,WIRE_OR_DEPRECATE,missing_wiring_row,No callable-wiring row; runtime path is unproven. Structural/helper callable: cannot exceed C+ without direct contract tests and parent-surface proof.
veilbreakers_terrain/procedural_meshes.py,generate_shortbow_mesh,generate_shortbow_mesh,4423,function,runtime_other,generic,UE_PCG|FASTNOISELITE,"Prove runtime relevance, deterministic behavior, direct tests, caller wiring, typed contracts, and no dead/orphan code before claiming generator quality.",D+,WIRE_OR_DEPRECATE,missing_wiring_row,No callable-wiring row; runtime path is unproven.
veilbreakers_terrain/procedural_meshes.py,generate_longbow_mesh,generate_longbow_mesh,4461,function,runtime_other,generic,UE_PCG|FASTNOISELITE,"Prove runtime relevance, deterministic behavior, direct tests, caller wiring, typed contracts, and no dead/orphan code before claiming generator quality.",D+,WIRE_OR_DEPRECATE,missing_wiring_row,No callable-wiring row; runtime path is unproven.
veilbreakers_terrain/procedural_meshes.py,generate_staff_magic_mesh,generate_staff_magic_mesh,4506,function,runtime_other,generic,UE_PCG|FASTNOISELITE,"Prove runtime relevance, deterministic behavior, direct tests, caller wiring, typed contracts, and no dead/orphan code before claiming generator quality.",D+,WIRE_OR_DEPRECATE,missing_wiring_row,No callable-wiring row; runtime path is unproven.
veilbreakers_terrain/procedural_meshes.py,generate_wand_mesh,generate_wand_mesh,4579,function,runtime_other,generic,UE_PCG|FASTNOISELITE,"Prove runtime relevance, deterministic behavior, direct tests, caller wiring, typed contracts, and no dead/orphan code before claiming generator quality.",D+,WIRE_OR_DEPRECATE,missing_wiring_row,No callable-wiring row; runtime path is unproven.
veilbreakers_terrain/procedural_meshes.py,generate_throwing_knife_weapon_mesh,generate_throwing_knife_weapon_mesh,4639,function,runtime_other,generic,UE_PCG|FASTNOISELITE,"Prove runtime relevance, deterministic behavior, direct tests, caller wiring, typed contracts, and no dead/orphan code before claiming generator quality.",D+,WIRE_OR_DEPRECATE,missing_wiring_row,No callable-wiring row; runtime path is unproven.
veilbreakers_terrain/procedural_meshes.py,generate_paired_daggers_mesh,generate_paired_daggers_mesh,4698,function,runtime_other,generic,UE_PCG|FASTNOISELITE,"Prove runtime relevance, deterministic behavior, direct tests, caller wiring, typed contracts, and no dead/orphan code before claiming generator quality.",D+,WIRE_OR_DEPRECATE,missing_wiring_row,No callable-wiring row; runtime path is unproven.
veilbreakers_terrain/procedural_meshes.py,generate_twin_swords_mesh,generate_twin_swords_mesh,4757,function,runtime_other,generic,UE_PCG|FASTNOISELITE,"Prove runtime relevance, deterministic behavior, direct tests, caller wiring, typed contracts, and no dead/orphan code before claiming generator quality.",D+,WIRE_OR_DEPRECATE,missing_wiring_row,No callable-wiring row; runtime path is unproven.
veilbreakers_terrain/procedural_meshes.py,generate_dual_axes_mesh,generate_dual_axes_mesh,4828,function,runtime_other,generic,UE_PCG|FASTNOISELITE,"Prove runtime relevance, deterministic behavior, direct tests, caller wiring, typed contracts, and no dead/orphan code before claiming generator quality.",D+,WIRE_OR_DEPRECATE,missing_wiring_row,No callable-wiring row; runtime path is unproven.
veilbreakers_terrain/procedural_meshes.py,generate_dual_claws_mesh,generate_dual_claws_mesh,4880,function,runtime_other,generic,UE_PCG|FASTNOISELITE,"Prove runtime relevance, deterministic behavior, direct tests, caller wiring, typed contracts, and no dead/orphan code before claiming generator quality.",D+,WIRE_OR_DEPRECATE,missing_wiring_row,No callable-wiring row; runtime path is unproven.
veilbreakers_terrain/procedural_meshes.py,generate_brass_knuckles_mesh,generate_brass_knuckles_mesh,4978,function,runtime_other,generic,UE_PCG|FASTNOISELITE,"Prove runtime relevance, deterministic behavior, direct tests, caller wiring, typed contracts, and no dead/orphan code before claiming generator quality.",D+,WIRE_OR_DEPRECATE,missing_wiring_row,No callable-wiring row; runtime path is unproven.
veilbreakers_terrain/procedural_meshes.py,generate_cestus_mesh,generate_cestus_mesh,5019,function,runtime_other,generic,UE_PCG|FASTNOISELITE,"Prove runtime relevance, deterministic behavior, direct tests, caller wiring, typed contracts, and no dead/orphan code before claiming generator quality.",D+,WIRE_OR_DEPRECATE,missing_wiring_row,No callable-wiring row; runtime path is unproven.
veilbreakers_terrain/procedural_meshes.py,generate_bladed_gauntlet_mesh,generate_bladed_gauntlet_mesh,5068,function,runtime_other,generic,UE_PCG|FASTNOISELITE,"Prove runtime relevance, deterministic behavior, direct tests, caller wiring, typed contracts, and no dead/orphan code before claiming generator quality.",D+,WIRE_OR_DEPRECATE,missing_wiring_row,No callable-wiring row; runtime path is unproven.
veilbreakers_terrain/procedural_meshes.py,generate_iron_fist_mesh,generate_iron_fist_mesh,5174,function,runtime_other,generic,UE_PCG|FASTNOISELITE,"Prove runtime relevance, deterministic behavior, direct tests, caller wiring, typed contracts, and no dead/orphan code before claiming generator quality.",D+,WIRE_OR_DEPRECATE,missing_wiring_row,No callable-wiring row; runtime path is unproven.
veilbreakers_terrain/procedural_meshes.py,generate_rapier_mesh,generate_rapier_mesh,5242,function,runtime_other,generic,UE_PCG|FASTNOISELITE,"Prove runtime relevance, deterministic behavior, direct tests, caller wiring, typed contracts, and no dead/orphan code before claiming generator quality.",D+,WIRE_OR_DEPRECATE,missing_wiring_row,No callable-wiring row; runtime path is unproven.
veilbreakers_terrain/procedural_meshes.py,generate_estoc_mesh,generate_estoc_mesh,5369,function,runtime_other,generic,UE_PCG|FASTNOISELITE,"Prove runtime relevance, deterministic behavior, direct tests, caller wiring, typed contracts, and no dead/orphan code before claiming generator quality.",D+,WIRE_OR_DEPRECATE,missing_wiring_row,No callable-wiring row; runtime path is unproven.
veilbreakers_terrain/procedural_meshes.py,generate_javelin_mesh,generate_javelin_mesh,5448,function,runtime_other,generic,UE_PCG|FASTNOISELITE,"Prove runtime relevance, deterministic behavior, direct tests, caller wiring, typed contracts, and no dead/orphan code before claiming generator quality.",D+,WIRE_OR_DEPRECATE,missing_wiring_row,No callable-wiring row; runtime path is unproven.
veilbreakers_terrain/procedural_meshes.py,generate_throwing_axe_mesh,generate_throwing_axe_mesh,5532,function,runtime_other,generic,UE_PCG|FASTNOISELITE,"Prove runtime relevance, deterministic behavior, direct tests, caller wiring, typed contracts, and no dead/orphan code before claiming generator quality.",D+,WIRE_OR_DEPRECATE,missing_wiring_row,No callable-wiring row; runtime path is unproven.
veilbreakers_terrain/procedural_meshes.py,generate_shuriken_mesh,generate_shuriken_mesh,5596,function,runtime_other,generic,UE_PCG|FASTNOISELITE,"Prove runtime relevance, deterministic behavior, direct tests, caller wiring, typed contracts, and no dead/orphan code before claiming generator quality.",D+,WIRE_OR_DEPRECATE,missing_wiring_row,No callable-wiring row; runtime path is unproven.
veilbreakers_terrain/procedural_meshes.py,generate_bola_mesh,generate_bola_mesh,5660,function,runtime_other,generic,UE_PCG|FASTNOISELITE,"Prove runtime relevance, deterministic behavior, direct tests, caller wiring, typed contracts, and no dead/orphan code before claiming generator quality.",D+,WIRE_OR_DEPRECATE,missing_wiring_row,No callable-wiring row; runtime path is unproven.
veilbreakers_terrain/procedural_meshes.py,generate_orb_focus_mesh,generate_orb_focus_mesh,5718,function,runtime_other,generic,UE_PCG|FASTNOISELITE,"Prove runtime relevance, deterministic behavior, direct tests, caller wiring, typed contracts, and no dead/orphan code before claiming generator quality.",D+,WIRE_OR_DEPRECATE,missing_wiring_row,No callable-wiring row; runtime path is unproven.
veilbreakers_terrain/procedural_meshes.py,generate_skull_fetish_mesh,generate_skull_fetish_mesh,5794,function,runtime_other,generic,UE_PCG|FASTNOISELITE,"Prove runtime relevance, deterministic behavior, direct tests, caller wiring, typed contracts, and no dead/orphan code before claiming generator quality.",D+,WIRE_OR_DEPRECATE,missing_wiring_row,No callable-wiring row; runtime path is unproven.
veilbreakers_terrain/procedural_meshes.py,generate_holy_symbol_mesh,generate_holy_symbol_mesh,5889,function,runtime_other,generic,UE_PCG|FASTNOISELITE,"Prove runtime relevance, deterministic behavior, direct tests, caller wiring, typed contracts, and no dead/orphan code before claiming generator quality.",D+,WIRE_OR_DEPRECATE,missing_wiring_row,No callable-wiring row; runtime path is unproven.
veilbreakers_terrain/procedural_meshes.py,generate_totem_mesh,generate_totem_mesh,5970,function,runtime_other,generic,UE_PCG|FASTNOISELITE,"Prove runtime relevance, deterministic behavior, direct tests, caller wiring, typed contracts, and no dead/orphan code before claiming generator quality.",D+,WIRE_OR_DEPRECATE,missing_wiring_row,No callable-wiring row; runtime path is unproven.
veilbreakers_terrain/procedural_meshes.py,generate_gargoyle_mesh,generate_gargoyle_mesh,6059,function,runtime_other,generic,UE_PCG|FASTNOISELITE,"Prove runtime relevance, deterministic behavior, direct tests, caller wiring, typed contracts, and no dead/orphan code before claiming generator quality.",D+,WIRE_OR_DEPRECATE,missing_wiring_row,No callable-wiring row; runtime path is unproven.
veilbreakers_terrain/procedural_meshes.py,generate_fountain_mesh,generate_fountain_mesh,6153,function,runtime_other,generic,UE_PCG|FASTNOISELITE,"Prove runtime relevance, deterministic behavior, direct tests, caller wiring, typed contracts, and no dead/orphan code before claiming generator quality.",D+,WIRE_OR_DEPRECATE,missing_wiring_row,No callable-wiring row; runtime path is unproven.
veilbreakers_terrain/procedural_meshes.py,generate_statue_mesh,generate_statue_mesh,6227,function,runtime_other,generic,UE_PCG|FASTNOISELITE,"Prove runtime relevance, deterministic behavior, direct tests, caller wiring, typed contracts, and no dead/orphan code before claiming generator quality.",D+,WIRE_OR_DEPRECATE,missing_wiring_row,No callable-wiring row; runtime path is unproven.
veilbreakers_terrain/procedural_meshes.py,generate_gate_mesh,generate_gate_mesh,6488,function,runtime_other,generic,UE_PCG|FASTNOISELITE,"Prove runtime relevance, deterministic behavior, direct tests, caller wiring, typed contracts, and no dead/orphan code before claiming generator quality.",D+,WIRE_OR_DEPRECATE,missing_wiring_row,No callable-wiring row; runtime path is unproven.
veilbreakers_terrain/procedural_meshes.py,generate_staircase_mesh,generate_staircase_mesh,6621,function,runtime_other,generic,UE_PCG|FASTNOISELITE,"Prove runtime relevance, deterministic behavior, direct tests, caller wiring, typed contracts, and no dead/orphan code before claiming generator quality.",D+,WIRE_OR_DEPRECATE,missing_wiring_row,No callable-wiring row; runtime path is unproven.
veilbreakers_terrain/procedural_meshes.py,generate_fence_mesh,generate_fence_mesh,6734,function,runtime_other,generic,UE_PCG|FASTNOISELITE,"Prove runtime relevance, deterministic behavior, direct tests, caller wiring, typed contracts, and no dead/orphan code before claiming generator quality.",D+,WIRE_OR_DEPRECATE,missing_wiring_row,No callable-wiring row; runtime path is unproven.
veilbreakers_terrain/procedural_meshes.py,generate_barricade_mesh,generate_barricade_mesh,6911,function,runtime_other,generic,UE_PCG|FASTNOISELITE,"Prove runtime relevance, deterministic behavior, direct tests, caller wiring, typed contracts, and no dead/orphan code before claiming generator quality.",D+,WIRE_OR_DEPRECATE,missing_wiring_row,No callable-wiring row; runtime path is unproven.
veilbreakers_terrain/procedural_meshes.py,generate_railing_mesh,generate_railing_mesh,7029,function,runtime_other,generic,UE_PCG|FASTNOISELITE,"Prove runtime relevance, deterministic behavior, direct tests, caller wiring, typed contracts, and no dead/orphan code before claiming generator quality.",D+,WIRE_OR_DEPRECATE,missing_wiring_row,No callable-wiring row; runtime path is unproven.
veilbreakers_terrain/procedural_meshes.py,generate_spike_trap_mesh,generate_spike_trap_mesh,7158,function,runtime_other,generic,UE_PCG|FASTNOISELITE,"Prove runtime relevance, deterministic behavior, direct tests, caller wiring, typed contracts, and no dead/orphan code before claiming generator quality.",D+,WIRE_OR_DEPRECATE,missing_wiring_row,No callable-wiring row; runtime path is unproven.
veilbreakers_terrain/procedural_meshes.py,generate_bear_trap_mesh,generate_bear_trap_mesh,7224,function,runtime_other,generic,UE_PCG|FASTNOISELITE,"Prove runtime relevance, deterministic behavior, direct tests, caller wiring, typed contracts, and no dead/orphan code before claiming generator quality.",D+,WIRE_OR_DEPRECATE,missing_wiring_row,No callable-wiring row; runtime path is unproven.
veilbreakers_terrain/procedural_meshes.py,generate_pressure_plate_mesh,generate_pressure_plate_mesh,7288,function,runtime_other,generic,UE_PCG|FASTNOISELITE,"Prove runtime relevance, deterministic behavior, direct tests, caller wiring, typed contracts, and no dead/orphan code before claiming generator quality.",D+,WIRE_OR_DEPRECATE,missing_wiring_row,No callable-wiring row; runtime path is unproven.
veilbreakers_terrain/procedural_meshes.py,generate_dart_launcher_mesh,generate_dart_launcher_mesh,7347,function,runtime_other,generic,UE_PCG|FASTNOISELITE,"Prove runtime relevance, deterministic behavior, direct tests, caller wiring, typed contracts, and no dead/orphan code before claiming generator quality.",D+,WIRE_OR_DEPRECATE,missing_wiring_row,No callable-wiring row; runtime path is unproven.
veilbreakers_terrain/procedural_meshes.py,generate_swinging_blade_mesh,generate_swinging_blade_mesh,7415,function,runtime_other,generic,UE_PCG|FASTNOISELITE,"Prove runtime relevance, deterministic behavior, direct tests, caller wiring, typed contracts, and no dead/orphan code before claiming generator quality.",D+,WIRE_OR_DEPRECATE,missing_wiring_row,No callable-wiring row; runtime path is unproven.
veilbreakers_terrain/procedural_meshes.py,generate_falling_cage_mesh,generate_falling_cage_mesh,7487,function,runtime_other,generic,UE_PCG|FASTNOISELITE,"Prove runtime relevance, deterministic behavior, direct tests, caller wiring, typed contracts, and no dead/orphan code before claiming generator quality.",D+,WIRE_OR_DEPRECATE,missing_wiring_row,No callable-wiring row; runtime path is unproven.
veilbreakers_terrain/procedural_meshes.py,generate_cart_mesh,generate_cart_mesh,7577,function,runtime_other,generic,UE_PCG|FASTNOISELITE,"Prove runtime relevance, deterministic behavior, direct tests, caller wiring, typed contracts, and no dead/orphan code before claiming generator quality.",D+,WIRE_OR_DEPRECATE,missing_wiring_row,No callable-wiring row; runtime path is unproven.
veilbreakers_terrain/procedural_meshes.py,generate_boat_mesh,generate_boat_mesh,7742,function,runtime_other,generic,UE_PCG|FASTNOISELITE,"Prove runtime relevance, deterministic behavior, direct tests, caller wiring, typed contracts, and no dead/orphan code before claiming generator quality.",D+,WIRE_OR_DEPRECATE,missing_wiring_row,No callable-wiring row; runtime path is unproven.
veilbreakers_terrain/procedural_meshes.py,generate_wagon_wheel_mesh,generate_wagon_wheel_mesh,7964,function,runtime_other,generic,UE_PCG|FASTNOISELITE,"Prove runtime relevance, deterministic behavior, direct tests, caller wiring, typed contracts, and no dead/orphan code before claiming generator quality.",D+,WIRE_OR_DEPRECATE,missing_wiring_row,No callable-wiring row; runtime path is unproven.
veilbreakers_terrain/procedural_meshes.py,generate_column_row_mesh,generate_column_row_mesh,8045,function,runtime_other,generic,UE_PCG|FASTNOISELITE,"Prove runtime relevance, deterministic behavior, direct tests, caller wiring, typed contracts, and no dead/orphan code before claiming generator quality.",D+,WIRE_OR_DEPRECATE,missing_wiring_row,No callable-wiring row; runtime path is unproven.
veilbreakers_terrain/procedural_meshes.py,generate_buttress_mesh,generate_buttress_mesh,8161,function,runtime_other,generic,UE_PCG|FASTNOISELITE,"Prove runtime relevance, deterministic behavior, direct tests, caller wiring, typed contracts, and no dead/orphan code before claiming generator quality.",D+,WIRE_OR_DEPRECATE,missing_wiring_row,No callable-wiring row; runtime path is unproven.
veilbreakers_terrain/procedural_meshes.py,generate_rampart_mesh,generate_rampart_mesh,8243,function,runtime_other,generic,UE_PCG|FASTNOISELITE,"Prove runtime relevance, deterministic behavior, direct tests, caller wiring, typed contracts, and no dead/orphan code before claiming generator quality.",D+,WIRE_OR_DEPRECATE,missing_wiring_row,No callable-wiring row; runtime path is unproven.
veilbreakers_terrain/procedural_meshes.py,generate_drawbridge_mesh,generate_drawbridge_mesh,8303,function,runtime_other,generic,UE_PCG|FASTNOISELITE,"Prove runtime relevance, deterministic behavior, direct tests, caller wiring, typed contracts, and no dead/orphan code before claiming generator quality.",D+,WIRE_OR_DEPRECATE,missing_wiring_row,No callable-wiring row; runtime path is unproven.
veilbreakers_terrain/procedural_meshes.py,generate_well_mesh,generate_well_mesh,8386,function,runtime_other,generic,UE_PCG|FASTNOISELITE,"Prove runtime relevance, deterministic behavior, direct tests, caller wiring, typed contracts, and no dead/orphan code before claiming generator quality.",D+,WIRE_OR_DEPRECATE,missing_wiring_row,No callable-wiring row; runtime path is unproven.
veilbreakers_terrain/procedural_meshes.py,generate_ladder_mesh,generate_ladder_mesh,8490,function,runtime_other,generic,UE_PCG|FASTNOISELITE,"Prove runtime relevance, deterministic behavior, direct tests, caller wiring, typed contracts, and no dead/orphan code before claiming generator quality.",D+,WIRE_OR_DEPRECATE,missing_wiring_row,No callable-wiring row; runtime path is unproven.
veilbreakers_terrain/procedural_meshes.py,generate_scaffolding_mesh,generate_scaffolding_mesh,8536,function,runtime_other,generic,UE_PCG|FASTNOISELITE,"Prove runtime relevance, deterministic behavior, direct tests, caller wiring, typed contracts, and no dead/orphan code before claiming generator quality.",D+,WIRE_OR_DEPRECATE,missing_wiring_row,No callable-wiring row; runtime path is unproven.
veilbreakers_terrain/procedural_meshes.py,generate_sacrificial_circle_mesh,generate_sacrificial_circle_mesh,8620,function,runtime_other,generic,UE_PCG|FASTNOISELITE,"Prove runtime relevance, deterministic behavior, direct tests, caller wiring, typed contracts, and no dead/orphan code before claiming generator quality.",D+,WIRE_OR_DEPRECATE,missing_wiring_row,No callable-wiring row; runtime path is unproven.
veilbreakers_terrain/procedural_meshes.py,generate_corruption_crystal_mesh,generate_corruption_crystal_mesh,8714,function,runtime_other,generic,UE_PCG|FASTNOISELITE,"Prove runtime relevance, deterministic behavior, direct tests, caller wiring, typed contracts, and no dead/orphan code before claiming generator quality.",D+,WIRE_OR_DEPRECATE,missing_wiring_row,No callable-wiring row; runtime path is unproven.
veilbreakers_terrain/procedural_meshes.py,generate_veil_tear_mesh,generate_veil_tear_mesh,8784,function,runtime_other,generic,UE_PCG|FASTNOISELITE,"Prove runtime relevance, deterministic behavior, direct tests, caller wiring, typed contracts, and no dead/orphan code before claiming generator quality.",D+,WIRE_OR_DEPRECATE,missing_wiring_row,No callable-wiring row; runtime path is unproven.
veilbreakers_terrain/procedural_meshes.py,generate_soul_cage_mesh,generate_soul_cage_mesh,8855,function,runtime_other,generic,UE_PCG|FASTNOISELITE,"Prove runtime relevance, deterministic behavior, direct tests, caller wiring, typed contracts, and no dead/orphan code before claiming generator quality.",D+,WIRE_OR_DEPRECATE,missing_wiring_row,No callable-wiring row; runtime path is unproven.
veilbreakers_terrain/procedural_meshes.py,generate_blood_fountain_mesh,generate_blood_fountain_mesh,8950,function,runtime_other,generic,UE_PCG|FASTNOISELITE,"Prove runtime relevance, deterministic behavior, direct tests, caller wiring, typed contracts, and no dead/orphan code before claiming generator quality.",D+,WIRE_OR_DEPRECATE,missing_wiring_row,No callable-wiring row; runtime path is unproven.
veilbreakers_terrain/procedural_meshes.py,generate_bone_throne_mesh,generate_bone_throne_mesh,9037,function,runtime_other,generic,UE_PCG|FASTNOISELITE,"Prove runtime relevance, deterministic behavior, direct tests, caller wiring, typed contracts, and no dead/orphan code before claiming generator quality.",D+,WIRE_OR_DEPRECATE,missing_wiring_row,No callable-wiring row; runtime path is unproven.
veilbreakers_terrain/procedural_meshes.py,generate_dark_obelisk_mesh,generate_dark_obelisk_mesh,9132,function,runtime_other,generic,UE_PCG|FASTNOISELITE,"Prove runtime relevance, deterministic behavior, direct tests, caller wiring, typed contracts, and no dead/orphan code before claiming generator quality.",D+,WIRE_OR_DEPRECATE,missing_wiring_row,No callable-wiring row; runtime path is unproven.
veilbreakers_terrain/procedural_meshes.py,generate_spider_web_mesh,generate_spider_web_mesh,9232,function,runtime_other,generic,UE_PCG|FASTNOISELITE,"Prove runtime relevance, deterministic behavior, direct tests, caller wiring, typed contracts, and no dead/orphan code before claiming generator quality.",D+,WIRE_OR_DEPRECATE,missing_wiring_row,No callable-wiring row; runtime path is unproven.
veilbreakers_terrain/procedural_meshes.py,generate_coffin_mesh,generate_coffin_mesh,9316,function,runtime_other,generic,UE_PCG|FASTNOISELITE,"Prove runtime relevance, deterministic behavior, direct tests, caller wiring, typed contracts, and no dead/orphan code before claiming generator quality.",D+,WIRE_OR_DEPRECATE,missing_wiring_row,No callable-wiring row; runtime path is unproven.
veilbreakers_terrain/procedural_meshes.py,generate_gibbet_mesh,generate_gibbet_mesh,9407,function,runtime_other,generic,UE_PCG|FASTNOISELITE,"Prove runtime relevance, deterministic behavior, direct tests, caller wiring, typed contracts, and no dead/orphan code before claiming generator quality.",D+,WIRE_OR_DEPRECATE,missing_wiring_row,No callable-wiring row; runtime path is unproven.
veilbreakers_terrain/procedural_meshes.py,generate_urn_mesh,generate_urn_mesh,9512,function,runtime_other,generic,UE_PCG|FASTNOISELITE,"Prove runtime relevance, deterministic behavior, direct tests, caller wiring, typed contracts, and no dead/orphan code before claiming generator quality.",D+,WIRE_OR_DEPRECATE,missing_wiring_row,No callable-wiring row; runtime path is unproven.
veilbreakers_terrain/procedural_meshes.py,generate_crate_mesh,generate_crate_mesh,9618,function,runtime_other,generic,UE_PCG|FASTNOISELITE,"Prove runtime relevance, deterministic behavior, direct tests, caller wiring, typed contracts, and no dead/orphan code before claiming generator quality.",D+,WIRE_OR_DEPRECATE,missing_wiring_row,No callable-wiring row; runtime path is unproven.
veilbreakers_terrain/procedural_meshes.py,generate_sack_mesh,generate_sack_mesh,9690,function,runtime_other,generic,UE_PCG|FASTNOISELITE,"Prove runtime relevance, deterministic behavior, direct tests, caller wiring, typed contracts, and no dead/orphan code before claiming generator quality.",D+,WIRE_OR_DEPRECATE,missing_wiring_row,No callable-wiring row; runtime path is unproven.
veilbreakers_terrain/procedural_meshes.py,generate_basket_mesh,generate_basket_mesh,9738,function,runtime_other,generic,UE_PCG|FASTNOISELITE,"Prove runtime relevance, deterministic behavior, direct tests, caller wiring, typed contracts, and no dead/orphan code before claiming generator quality.",D+,WIRE_OR_DEPRECATE,missing_wiring_row,No callable-wiring row; runtime path is unproven.
veilbreakers_terrain/procedural_meshes.py,generate_treasure_pile_mesh,generate_treasure_pile_mesh,9799,function,runtime_other,generic,UE_PCG|FASTNOISELITE,"Prove runtime relevance, deterministic behavior, direct tests, caller wiring, typed contracts, and no dead/orphan code before claiming generator quality.",D+,WIRE_OR_DEPRECATE,missing_wiring_row,No callable-wiring row; runtime path is unproven.
veilbreakers_terrain/procedural_meshes.py,generate_potion_bottle_mesh,generate_potion_bottle_mesh,9861,function,runtime_other,generic,UE_PCG|FASTNOISELITE,"Prove runtime relevance, deterministic behavior, direct tests, caller wiring, typed contracts, and no dead/orphan code before claiming generator quality.",D+,WIRE_OR_DEPRECATE,missing_wiring_row,No callable-wiring row; runtime path is unproven.
veilbreakers_terrain/procedural_meshes.py,generate_scroll_mesh,generate_scroll_mesh,9973,function,runtime_other,generic,UE_PCG|FASTNOISELITE,"Prove runtime relevance, deterministic behavior, direct tests, caller wiring, typed contracts, and no dead/orphan code before claiming generator quality.",D+,WIRE_OR_DEPRECATE,missing_wiring_row,No callable-wiring row; runtime path is unproven.
veilbreakers_terrain/procedural_meshes.py,generate_lantern_mesh,generate_lantern_mesh,10055,function,runtime_other,generic,UE_PCG|FASTNOISELITE,"Prove runtime relevance, deterministic behavior, direct tests, caller wiring, typed contracts, and no dead/orphan code before claiming generator quality.",D+,WIRE_OR_DEPRECATE,missing_wiring_row,No callable-wiring row; runtime path is unproven.
veilbreakers_terrain/procedural_meshes.py,generate_brazier_mesh,generate_brazier_mesh,10173,function,runtime_other,generic,UE_PCG|FASTNOISELITE,"Prove runtime relevance, deterministic behavior, direct tests, caller wiring, typed contracts, and no dead/orphan code before claiming generator quality.",D+,WIRE_OR_DEPRECATE,missing_wiring_row,No callable-wiring row; runtime path is unproven.
veilbreakers_terrain/procedural_meshes.py,generate_campfire_mesh,generate_campfire_mesh,10284,function,runtime_other,generic,UE_PCG|FASTNOISELITE,"Prove runtime relevance, deterministic behavior, direct tests, caller wiring, typed contracts, and no dead/orphan code before claiming generator quality.",D+,WIRE_OR_DEPRECATE,missing_wiring_row,No callable-wiring row; runtime path is unproven.
veilbreakers_terrain/procedural_meshes.py,generate_crystal_light_mesh,generate_crystal_light_mesh,10346,function,runtime_other,generic,UE_PCG|FASTNOISELITE,"Prove runtime relevance, deterministic behavior, direct tests, caller wiring, typed contracts, and no dead/orphan code before claiming generator quality.",D+,WIRE_OR_DEPRECATE,missing_wiring_row,No callable-wiring row; runtime path is unproven.
veilbreakers_terrain/procedural_meshes.py,generate_magic_orb_light_mesh,generate_magic_orb_light_mesh,10391,function,runtime_other,generic,UE_PCG|FASTNOISELITE,"Prove runtime relevance, deterministic behavior, direct tests, caller wiring, typed contracts, and no dead/orphan code before claiming generator quality.",D+,WIRE_OR_DEPRECATE,missing_wiring_row,No callable-wiring row; runtime path is unproven.
veilbreakers_terrain/procedural_meshes.py,generate_door_mesh,generate_door_mesh,10451,function,runtime_other,generic,UE_PCG|FASTNOISELITE,"Prove runtime relevance, deterministic behavior, direct tests, caller wiring, typed contracts, and no dead/orphan code before claiming generator quality.",D+,WIRE_OR_DEPRECATE,missing_wiring_row,No callable-wiring row; runtime path is unproven.
veilbreakers_terrain/procedural_meshes.py,generate_window_mesh,generate_window_mesh,10626,function,runtime_other,generic,UE_PCG|FASTNOISELITE,"Prove runtime relevance, deterministic behavior, direct tests, caller wiring, typed contracts, and no dead/orphan code before claiming generator quality.",D+,WIRE_OR_DEPRECATE,missing_wiring_row,No callable-wiring row; runtime path is unproven.
veilbreakers_terrain/procedural_meshes.py,generate_trapdoor_mesh,generate_trapdoor_mesh,10756,function,runtime_other,generic,UE_PCG|FASTNOISELITE,"Prove runtime relevance, deterministic behavior, direct tests, caller wiring, typed contracts, and no dead/orphan code before claiming generator quality.",D+,WIRE_OR_DEPRECATE,missing_wiring_row,No callable-wiring row; runtime path is unproven.
veilbreakers_terrain/procedural_meshes.py,generate_banner_mesh,generate_banner_mesh,10852,function,runtime_other,generic,UE_PCG|FASTNOISELITE,"Prove runtime relevance, deterministic behavior, direct tests, caller wiring, typed contracts, and no dead/orphan code before claiming generator quality.",D+,WIRE_OR_DEPRECATE,missing_wiring_row,No callable-wiring row; runtime path is unproven.
veilbreakers_terrain/procedural_meshes.py,generate_wall_shield_mesh,generate_wall_shield_mesh,10912,function,runtime_other,generic,UE_PCG|FASTNOISELITE,"Prove runtime relevance, deterministic behavior, direct tests, caller wiring, typed contracts, and no dead/orphan code before claiming generator quality.",D+,WIRE_OR_DEPRECATE,missing_wiring_row,No callable-wiring row; runtime path is unproven.
veilbreakers_terrain/procedural_meshes.py,generate_mounted_head_mesh,generate_mounted_head_mesh,11015,function,runtime_other,generic,UE_PCG|FASTNOISELITE,"Prove runtime relevance, deterministic behavior, direct tests, caller wiring, typed contracts, and no dead/orphan code before claiming generator quality.",D+,WIRE_OR_DEPRECATE,missing_wiring_row,No callable-wiring row; runtime path is unproven.
veilbreakers_terrain/procedural_meshes.py,generate_painting_frame_mesh,generate_painting_frame_mesh,11120,function,runtime_other,generic,UE_PCG|FASTNOISELITE,"Prove runtime relevance, deterministic behavior, direct tests, caller wiring, typed contracts, and no dead/orphan code before claiming generator quality.",D+,WIRE_OR_DEPRECATE,missing_wiring_row,No callable-wiring row; runtime path is unproven.
veilbreakers_terrain/procedural_meshes.py,generate_rug_mesh,generate_rug_mesh,11194,function,runtime_other,generic,UE_PCG|FASTNOISELITE,"Prove runtime relevance, deterministic behavior, direct tests, caller wiring, typed contracts, and no dead/orphan code before claiming generator quality.",D+,WIRE_OR_DEPRECATE,missing_wiring_row,No callable-wiring row; runtime path is unproven.
veilbreakers_terrain/procedural_meshes.py,generate_chandelier_mesh,generate_chandelier_mesh,11284,function,runtime_other,generic,UE_PCG|FASTNOISELITE,"Prove runtime relevance, deterministic behavior, direct tests, caller wiring, typed contracts, and no dead/orphan code before claiming generator quality.",D+,WIRE_OR_DEPRECATE,missing_wiring_row,No callable-wiring row; runtime path is unproven.
veilbreakers_terrain/procedural_meshes.py,generate_hanging_cage_mesh,generate_hanging_cage_mesh,11357,function,runtime_other,generic,UE_PCG|FASTNOISELITE,"Prove runtime relevance, deterministic behavior, direct tests, caller wiring, typed contracts, and no dead/orphan code before claiming generator quality.",D+,WIRE_OR_DEPRECATE,missing_wiring_row,No callable-wiring row; runtime path is unproven.
veilbreakers_terrain/procedural_meshes.py,generate_anvil_mesh,generate_anvil_mesh,11427,function,runtime_other,generic,UE_PCG|FASTNOISELITE,"Prove runtime relevance, deterministic behavior, direct tests, caller wiring, typed contracts, and no dead/orphan code before claiming generator quality.",D+,WIRE_OR_DEPRECATE,missing_wiring_row,No callable-wiring row; runtime path is unproven.
veilbreakers_terrain/procedural_meshes.py,generate_forge_mesh,generate_forge_mesh,11490,function,runtime_other,generic,UE_PCG|FASTNOISELITE,"Prove runtime relevance, deterministic behavior, direct tests, caller wiring, typed contracts, and no dead/orphan code before claiming generator quality.",D+,WIRE_OR_DEPRECATE,missing_wiring_row,No callable-wiring row; runtime path is unproven.
veilbreakers_terrain/procedural_meshes.py,generate_workbench_mesh,generate_workbench_mesh,11555,function,runtime_other,generic,UE_PCG|FASTNOISELITE,"Prove runtime relevance, deterministic behavior, direct tests, caller wiring, typed contracts, and no dead/orphan code before claiming generator quality.",D+,WIRE_OR_DEPRECATE,missing_wiring_row,No callable-wiring row; runtime path is unproven.
veilbreakers_terrain/procedural_meshes.py,generate_cauldron_mesh,generate_cauldron_mesh,11632,function,runtime_other,generic,UE_PCG|FASTNOISELITE,"Prove runtime relevance, deterministic behavior, direct tests, caller wiring, typed contracts, and no dead/orphan code before claiming generator quality.",D+,WIRE_OR_DEPRECATE,missing_wiring_row,No callable-wiring row; runtime path is unproven.
veilbreakers_terrain/procedural_meshes.py,generate_grinding_wheel_mesh,generate_grinding_wheel_mesh,11695,function,runtime_other,generic,UE_PCG|FASTNOISELITE,"Prove runtime relevance, deterministic behavior, direct tests, caller wiring, typed contracts, and no dead/orphan code before claiming generator quality.",D+,WIRE_OR_DEPRECATE,missing_wiring_row,No callable-wiring row; runtime path is unproven.
veilbreakers_terrain/procedural_meshes.py,generate_loom_mesh,generate_loom_mesh,11757,function,runtime_other,generic,UE_PCG|FASTNOISELITE,"Prove runtime relevance, deterministic behavior, direct tests, caller wiring, typed contracts, and no dead/orphan code before claiming generator quality.",D+,WIRE_OR_DEPRECATE,missing_wiring_row,No callable-wiring row; runtime path is unproven.
veilbreakers_terrain/procedural_meshes.py,generate_market_stall_mesh,generate_market_stall_mesh,11817,function,runtime_other,generic,UE_PCG|FASTNOISELITE,"Prove runtime relevance, deterministic behavior, direct tests, caller wiring, typed contracts, and no dead/orphan code before claiming generator quality.",D+,WIRE_OR_DEPRECATE,missing_wiring_row,No callable-wiring row; runtime path is unproven.
veilbreakers_terrain/procedural_meshes.py,generate_signpost_mesh,generate_signpost_mesh,11910,function,runtime_other,generic,UE_PCG|FASTNOISELITE,"Prove runtime relevance, deterministic behavior, direct tests, caller wiring, typed contracts, and no dead/orphan code before claiming generator quality.",D+,WIRE_OR_DEPRECATE,missing_wiring_row,No callable-wiring row; runtime path is unproven.
veilbreakers_terrain/procedural_meshes.py,generate_gravestone_mesh,generate_gravestone_mesh,11969,function,runtime_other,generic,UE_PCG|FASTNOISELITE,"Prove runtime relevance, deterministic behavior, direct tests, caller wiring, typed contracts, and no dead/orphan code before claiming generator quality.",D+,WIRE_OR_DEPRECATE,missing_wiring_row,No callable-wiring row; runtime path is unproven.
veilbreakers_terrain/procedural_meshes.py,generate_waystone_mesh,generate_waystone_mesh,12059,function,runtime_other,generic,UE_PCG|FASTNOISELITE,"Prove runtime relevance, deterministic behavior, direct tests, caller wiring, typed contracts, and no dead/orphan code before claiming generator quality.",D+,WIRE_OR_DEPRECATE,missing_wiring_row,No callable-wiring row; runtime path is unproven.
veilbreakers_terrain/procedural_meshes.py,generate_milestone_mesh,generate_milestone_mesh,12106,function,runtime_other,generic,UE_PCG|FASTNOISELITE,"Prove runtime relevance, deterministic behavior, direct tests, caller wiring, typed contracts, and no dead/orphan code before claiming generator quality.",D+,WIRE_OR_DEPRECATE,missing_wiring_row,No callable-wiring row; runtime path is unproven.
veilbreakers_terrain/procedural_meshes.py,generate_stalactite_mesh,generate_stalactite_mesh,12150,function,runtime_other,generic,UE_PCG|FASTNOISELITE,"Prove runtime relevance, deterministic behavior, direct tests, caller wiring, typed contracts, and no dead/orphan code before claiming generator quality.",D+,WIRE_OR_DEPRECATE,missing_wiring_row,No callable-wiring row; runtime path is unproven.
veilbreakers_terrain/procedural_meshes.py,generate_stalagmite_mesh,generate_stalagmite_mesh,12206,function,runtime_other,generic,UE_PCG|FASTNOISELITE,"Prove runtime relevance, deterministic behavior, direct tests, caller wiring, typed contracts, and no dead/orphan code before claiming generator quality.",D+,WIRE_OR_DEPRECATE,missing_wiring_row,No callable-wiring row; runtime path is unproven.
veilbreakers_terrain/procedural_meshes.py,generate_bone_pile_mesh,generate_bone_pile_mesh,12260,function,runtime_other,generic,UE_PCG|FASTNOISELITE,"Prove runtime relevance, deterministic behavior, direct tests, caller wiring, typed contracts, and no dead/orphan code before claiming generator quality.",D+,WIRE_OR_DEPRECATE,missing_wiring_row,No callable-wiring row; runtime path is unproven.
veilbreakers_terrain/procedural_meshes.py,generate_nest_mesh,generate_nest_mesh,12313,function,runtime_other,generic,UE_PCG|FASTNOISELITE,"Prove runtime relevance, deterministic behavior, direct tests, caller wiring, typed contracts, and no dead/orphan code before claiming generator quality.",D+,WIRE_OR_DEPRECATE,missing_wiring_row,No callable-wiring row; runtime path is unproven.
veilbreakers_terrain/procedural_meshes.py,generate_geyser_vent_mesh,generate_geyser_vent_mesh,12419,function,runtime_other,generic,UE_PCG|FASTNOISELITE,"Prove runtime relevance, deterministic behavior, direct tests, caller wiring, typed contracts, and no dead/orphan code before claiming generator quality.",D+,WIRE_OR_DEPRECATE,missing_wiring_row,No callable-wiring row; runtime path is unproven.
veilbreakers_terrain/procedural_meshes.py,generate_fallen_log_mesh,generate_fallen_log_mesh,12472,function,runtime_other,generic,UE_PCG|FASTNOISELITE,"Prove runtime relevance, deterministic behavior, direct tests, caller wiring, typed contracts, and no dead/orphan code before claiming generator quality.",D+,WIRE_OR_DEPRECATE,missing_wiring_row,No callable-wiring row; runtime path is unproven.
veilbreakers_terrain/procedural_meshes.py,generate_horn_mesh,generate_horn_mesh,12577,function,runtime_other,generic,UE_PCG|FASTNOISELITE,"Prove runtime relevance, deterministic behavior, direct tests, caller wiring, typed contracts, and no dead/orphan code before claiming generator quality.",D+,WIRE_OR_DEPRECATE,missing_wiring_row,No callable-wiring row; runtime path is unproven.
veilbreakers_terrain/procedural_meshes.py,generate_claw_set_mesh,generate_claw_set_mesh,12676,function,runtime_other,generic,UE_PCG|FASTNOISELITE,"Prove runtime relevance, deterministic behavior, direct tests, caller wiring, typed contracts, and no dead/orphan code before claiming generator quality.",D+,WIRE_OR_DEPRECATE,missing_wiring_row,No callable-wiring row; runtime path is unproven.
veilbreakers_terrain/procedural_meshes.py,generate_tail_mesh,generate_tail_mesh,12718,function,runtime_other,generic,UE_PCG|FASTNOISELITE,"Prove runtime relevance, deterministic behavior, direct tests, caller wiring, typed contracts, and no dead/orphan code before claiming generator quality.",D+,WIRE_OR_DEPRECATE,missing_wiring_row,No callable-wiring row; runtime path is unproven.
veilbreakers_terrain/procedural_meshes.py,generate_wing_mesh,generate_wing_mesh,12793,function,runtime_other,generic,UE_PCG|FASTNOISELITE,"Prove runtime relevance, deterministic behavior, direct tests, caller wiring, typed contracts, and no dead/orphan code before claiming generator quality.",D+,WIRE_OR_DEPRECATE,missing_wiring_row,No callable-wiring row; runtime path is unproven.
veilbreakers_terrain/procedural_meshes.py,generate_tentacle_mesh,generate_tentacle_mesh,12865,function,runtime_other,generic,UE_PCG|FASTNOISELITE,"Prove runtime relevance, deterministic behavior, direct tests, caller wiring, typed contracts, and no dead/orphan code before claiming generator quality.",D+,WIRE_OR_DEPRECATE,missing_wiring_row,No callable-wiring row; runtime path is unproven.
veilbreakers_terrain/procedural_meshes.py,generate_mandible_mesh,generate_mandible_mesh,12914,function,runtime_other,generic,UE_PCG|FASTNOISELITE,"Prove runtime relevance, deterministic behavior, direct tests, caller wiring, typed contracts, and no dead/orphan code before claiming generator quality.",D+,WIRE_OR_DEPRECATE,missing_wiring_row,No callable-wiring row; runtime path is unproven.
veilbreakers_terrain/procedural_meshes.py,generate_carapace_mesh,generate_carapace_mesh,12967,function,runtime_other,generic,UE_PCG|FASTNOISELITE,"Prove runtime relevance, deterministic behavior, direct tests, caller wiring, typed contracts, and no dead/orphan code before claiming generator quality.",D+,WIRE_OR_DEPRECATE,missing_wiring_row,No callable-wiring row; runtime path is unproven.
veilbreakers_terrain/procedural_meshes.py,generate_fang_mesh,generate_fang_mesh,13050,function,runtime_other,generic,UE_PCG|FASTNOISELITE,"Prove runtime relevance, deterministic behavior, direct tests, caller wiring, typed contracts, and no dead/orphan code before claiming generator quality.",D+,WIRE_OR_DEPRECATE,missing_wiring_row,No callable-wiring row; runtime path is unproven.
veilbreakers_terrain/procedural_meshes.py,generate_humanoid_beast_body,generate_humanoid_beast_body,13105,function,runtime_other,generic,UE_PCG|FASTNOISELITE,"Prove runtime relevance, deterministic behavior, direct tests, caller wiring, typed contracts, and no dead/orphan code before claiming generator quality.",D+,WIRE_OR_DEPRECATE,missing_wiring_row,No callable-wiring row; runtime path is unproven.
veilbreakers_terrain/procedural_meshes.py,generate_quadruped_body,generate_quadruped_body,13153,function,runtime_other,generic,UE_PCG|FASTNOISELITE,"Prove runtime relevance, deterministic behavior, direct tests, caller wiring, typed contracts, and no dead/orphan code before claiming generator quality.",D+,WIRE_OR_DEPRECATE,missing_wiring_row,No callable-wiring row; runtime path is unproven.
veilbreakers_terrain/procedural_meshes.py,generate_serpent_body,generate_serpent_body,13186,function,runtime_other,generic,UE_PCG|FASTNOISELITE,"Prove runtime relevance, deterministic behavior, direct tests, caller wiring, typed contracts, and no dead/orphan code before claiming generator quality.",D+,WIRE_OR_DEPRECATE,missing_wiring_row,No callable-wiring row; runtime path is unproven.
veilbreakers_terrain/procedural_meshes.py,generate_insectoid_body,generate_insectoid_body,13228,function,runtime_other,generic,UE_PCG|FASTNOISELITE,"Prove runtime relevance, deterministic behavior, direct tests, caller wiring, typed contracts, and no dead/orphan code before claiming generator quality.",D+,WIRE_OR_DEPRECATE,missing_wiring_row,No callable-wiring row; runtime path is unproven.
veilbreakers_terrain/procedural_meshes.py,generate_skeletal_frame,generate_skeletal_frame,13278,function,runtime_other,generic,UE_PCG|FASTNOISELITE,"Prove runtime relevance, deterministic behavior, direct tests, caller wiring, typed contracts, and no dead/orphan code before claiming generator quality.",D+,WIRE_OR_DEPRECATE,missing_wiring_row,No callable-wiring row; runtime path is unproven.
veilbreakers_terrain/procedural_meshes.py,generate_golem_body,generate_golem_body,13336,function,runtime_other,generic,UE_PCG|FASTNOISELITE,"Prove runtime relevance, deterministic behavior, direct tests, caller wiring, typed contracts, and no dead/orphan code before claiming generator quality.",D+,WIRE_OR_DEPRECATE,missing_wiring_row,No callable-wiring row; runtime path is unproven.
veilbreakers_terrain/procedural_meshes.py,generate_arrow_mesh,generate_arrow_mesh,13427,function,runtime_other,generic,UE_PCG|FASTNOISELITE,"Prove runtime relevance, deterministic behavior, direct tests, caller wiring, typed contracts, and no dead/orphan code before claiming generator quality.",D+,WIRE_OR_DEPRECATE,missing_wiring_row,No callable-wiring row; runtime path is unproven.
veilbreakers_terrain/procedural_meshes.py,generate_magic_orb_mesh,generate_magic_orb_mesh,13474,function,runtime_other,generic,UE_PCG|FASTNOISELITE,"Prove runtime relevance, deterministic behavior, direct tests, caller wiring, typed contracts, and no dead/orphan code before claiming generator quality.",D+,WIRE_OR_DEPRECATE,missing_wiring_row,No callable-wiring row; runtime path is unproven.
veilbreakers_terrain/procedural_meshes.py,generate_throwing_knife_mesh,generate_throwing_knife_mesh,13521,function,runtime_other,generic,UE_PCG|FASTNOISELITE,"Prove runtime relevance, deterministic behavior, direct tests, caller wiring, typed contracts, and no dead/orphan code before claiming generator quality.",D+,WIRE_OR_DEPRECATE,missing_wiring_row,No callable-wiring row; runtime path is unproven.
veilbreakers_terrain/procedural_meshes.py,generate_bomb_mesh,generate_bomb_mesh,13542,function,runtime_other,generic,UE_PCG|FASTNOISELITE,"Prove runtime relevance, deterministic behavior, direct tests, caller wiring, typed contracts, and no dead/orphan code before claiming generator quality.",D+,WIRE_OR_DEPRECATE,missing_wiring_row,No callable-wiring row; runtime path is unproven.
veilbreakers_terrain/procedural_meshes.py,generate_helmet_mesh,generate_helmet_mesh,13592,function,runtime_other,generic,UE_PCG|FASTNOISELITE,"Prove runtime relevance, deterministic behavior, direct tests, caller wiring, typed contracts, and no dead/orphan code before claiming generator quality.",D+,WIRE_OR_DEPRECATE,missing_wiring_row,No callable-wiring row; runtime path is unproven.
veilbreakers_terrain/procedural_meshes.py,generate_pauldron_mesh,generate_pauldron_mesh,13671,function,runtime_other,generic,UE_PCG|FASTNOISELITE,"Prove runtime relevance, deterministic behavior, direct tests, caller wiring, typed contracts, and no dead/orphan code before claiming generator quality.",D+,WIRE_OR_DEPRECATE,missing_wiring_row,No callable-wiring row; runtime path is unproven.
veilbreakers_terrain/procedural_meshes.py,generate_gauntlet_mesh,generate_gauntlet_mesh,13705,function,runtime_other,generic,UE_PCG|FASTNOISELITE,"Prove runtime relevance, deterministic behavior, direct tests, caller wiring, typed contracts, and no dead/orphan code before claiming generator quality.",D+,WIRE_OR_DEPRECATE,missing_wiring_row,No callable-wiring row; runtime path is unproven.
veilbreakers_terrain/procedural_meshes.py,generate_greave_mesh,generate_greave_mesh,13753,function,runtime_other,generic,UE_PCG|FASTNOISELITE,"Prove runtime relevance, deterministic behavior, direct tests, caller wiring, typed contracts, and no dead/orphan code before claiming generator quality.",D+,WIRE_OR_DEPRECATE,missing_wiring_row,No callable-wiring row; runtime path is unproven.
veilbreakers_terrain/procedural_meshes.py,generate_breastplate_mesh,generate_breastplate_mesh,13793,function,runtime_other,generic,UE_PCG|FASTNOISELITE,"Prove runtime relevance, deterministic behavior, direct tests, caller wiring, typed contracts, and no dead/orphan code before claiming generator quality.",D+,WIRE_OR_DEPRECATE,missing_wiring_row,No callable-wiring row; runtime path is unproven.
veilbreakers_terrain/procedural_meshes.py,generate_shield_mesh,generate_shield_mesh,13848,function,runtime_other,generic,UE_PCG|FASTNOISELITE,"Prove runtime relevance, deterministic behavior, direct tests, caller wiring, typed contracts, and no dead/orphan code before claiming generator quality.",D+,WIRE_OR_DEPRECATE,missing_wiring_row,No callable-wiring row; runtime path is unproven.
veilbreakers_terrain/procedural_meshes.py,generate_heater_shield_mesh,generate_heater_shield_mesh,13912,function,runtime_other,generic,UE_PCG|FASTNOISELITE,"Prove runtime relevance, deterministic behavior, direct tests, caller wiring, typed contracts, and no dead/orphan code before claiming generator quality.",D+,WIRE_OR_DEPRECATE,missing_wiring_row,No callable-wiring row; runtime path is unproven.
veilbreakers_terrain/procedural_meshes.py,generate_pavise_mesh,generate_pavise_mesh,13943,function,runtime_other,generic,UE_PCG|FASTNOISELITE,"Prove runtime relevance, deterministic behavior, direct tests, caller wiring, typed contracts, and no dead/orphan code before claiming generator quality.",D+,WIRE_OR_DEPRECATE,missing_wiring_row,No callable-wiring row; runtime path is unproven.
veilbreakers_terrain/procedural_meshes.py,generate_targe_mesh,generate_targe_mesh,13977,function,runtime_other,generic,UE_PCG|FASTNOISELITE,"Prove runtime relevance, deterministic behavior, direct tests, caller wiring, typed contracts, and no dead/orphan code before claiming generator quality.",D+,WIRE_OR_DEPRECATE,missing_wiring_row,No callable-wiring row; runtime path is unproven.
veilbreakers_terrain/procedural_meshes.py,generate_magical_barrier_mesh,generate_magical_barrier_mesh,14003,function,runtime_other,generic,UE_PCG|FASTNOISELITE,"Prove runtime relevance, deterministic behavior, direct tests, caller wiring, typed contracts, and no dead/orphan code before claiming generator quality.",D+,WIRE_OR_DEPRECATE,missing_wiring_row,No callable-wiring row; runtime path is unproven.
veilbreakers_terrain/procedural_meshes.py,generate_bone_shield_mesh,generate_bone_shield_mesh,14036,function,runtime_other,generic,UE_PCG|FASTNOISELITE,"Prove runtime relevance, deterministic behavior, direct tests, caller wiring, typed contracts, and no dead/orphan code before claiming generator quality.",D+,WIRE_OR_DEPRECATE,missing_wiring_row,No callable-wiring row; runtime path is unproven.
veilbreakers_terrain/procedural_meshes.py,generate_crystal_shield_mesh,generate_crystal_shield_mesh,14080,function,runtime_other,generic,UE_PCG|FASTNOISELITE,"Prove runtime relevance, deterministic behavior, direct tests, caller wiring, typed contracts, and no dead/orphan code before claiming generator quality.",D+,WIRE_OR_DEPRECATE,missing_wiring_row,No callable-wiring row; runtime path is unproven.
veilbreakers_terrain/procedural_meshes.py,generate_living_wood_shield_mesh,generate_living_wood_shield_mesh,14112,function,runtime_other,generic,UE_PCG|FASTNOISELITE,"Prove runtime relevance, deterministic behavior, direct tests, caller wiring, typed contracts, and no dead/orphan code before claiming generator quality.",D+,WIRE_OR_DEPRECATE,missing_wiring_row,No callable-wiring row; runtime path is unproven.
veilbreakers_terrain/procedural_meshes.py,generate_aegis_mesh,generate_aegis_mesh,14166,function,runtime_other,generic,UE_PCG|FASTNOISELITE,"Prove runtime relevance, deterministic behavior, direct tests, caller wiring, typed contracts, and no dead/orphan code before claiming generator quality.",D+,WIRE_OR_DEPRECATE,missing_wiring_row,No callable-wiring row; runtime path is unproven.
veilbreakers_terrain/procedural_meshes.py,generate_spell_scroll_mesh,generate_spell_scroll_mesh,14225,function,runtime_other,generic,UE_PCG|FASTNOISELITE,"Prove runtime relevance, deterministic behavior, direct tests, caller wiring, typed contracts, and no dead/orphan code before claiming generator quality.",D+,WIRE_OR_DEPRECATE,missing_wiring_row,No callable-wiring row; runtime path is unproven.
veilbreakers_terrain/procedural_meshes.py,generate_rune_stone_mesh,generate_rune_stone_mesh,14310,function,runtime_other,generic,UE_PCG|FASTNOISELITE,"Prove runtime relevance, deterministic behavior, direct tests, caller wiring, typed contracts, and no dead/orphan code before claiming generator quality.",D+,WIRE_OR_DEPRECATE,missing_wiring_row,No callable-wiring row; runtime path is unproven.
veilbreakers_terrain/procedural_meshes.py,generate_fire_arrow_mesh,generate_fire_arrow_mesh,14442,function,runtime_other,generic,UE_PCG|FASTNOISELITE,"Prove runtime relevance, deterministic behavior, direct tests, caller wiring, typed contracts, and no dead/orphan code before claiming generator quality.",D+,WIRE_OR_DEPRECATE,missing_wiring_row,No callable-wiring row; runtime path is unproven.
veilbreakers_terrain/procedural_meshes.py,generate_ice_arrow_mesh,generate_ice_arrow_mesh,14471,function,runtime_other,generic,UE_PCG|FASTNOISELITE,"Prove runtime relevance, deterministic behavior, direct tests, caller wiring, typed contracts, and no dead/orphan code before claiming generator quality.",D+,WIRE_OR_DEPRECATE,missing_wiring_row,No callable-wiring row; runtime path is unproven.
veilbreakers_terrain/procedural_meshes.py,generate_poison_arrow_mesh,generate_poison_arrow_mesh,14499,function,runtime_other,generic,UE_PCG|FASTNOISELITE,"Prove runtime relevance, deterministic behavior, direct tests, caller wiring, typed contracts, and no dead/orphan code before claiming generator quality.",D+,WIRE_OR_DEPRECATE,missing_wiring_row,No callable-wiring row; runtime path is unproven.
veilbreakers_terrain/procedural_meshes.py,generate_explosive_bolt_mesh,generate_explosive_bolt_mesh,14537,function,runtime_other,generic,UE_PCG|FASTNOISELITE,"Prove runtime relevance, deterministic behavior, direct tests, caller wiring, typed contracts, and no dead/orphan code before claiming generator quality.",D+,WIRE_OR_DEPRECATE,missing_wiring_row,No callable-wiring row; runtime path is unproven.
veilbreakers_terrain/procedural_meshes.py,generate_silver_arrow_mesh,generate_silver_arrow_mesh,14566,function,runtime_other,generic,UE_PCG|FASTNOISELITE,"Prove runtime relevance, deterministic behavior, direct tests, caller wiring, typed contracts, and no dead/orphan code before claiming generator quality.",D+,WIRE_OR_DEPRECATE,missing_wiring_row,No callable-wiring row; runtime path is unproven.
veilbreakers_terrain/procedural_meshes.py,generate_barbed_arrow_mesh,generate_barbed_arrow_mesh,14597,function,runtime_other,generic,UE_PCG|FASTNOISELITE,"Prove runtime relevance, deterministic behavior, direct tests, caller wiring, typed contracts, and no dead/orphan code before claiming generator quality.",D+,WIRE_OR_DEPRECATE,missing_wiring_row,No callable-wiring row; runtime path is unproven.
veilbreakers_terrain/procedural_meshes.py,generate_bed_mesh,generate_bed_mesh,14635,function,runtime_other,generic,UE_PCG|FASTNOISELITE,"Prove runtime relevance, deterministic behavior, direct tests, caller wiring, typed contracts, and no dead/orphan code before claiming generator quality.",D+,WIRE_OR_DEPRECATE,missing_wiring_row,No callable-wiring row; runtime path is unproven.
veilbreakers_terrain/procedural_meshes.py,generate_wardrobe_mesh,generate_wardrobe_mesh,14771,function,runtime_other,generic,UE_PCG|FASTNOISELITE,"Prove runtime relevance, deterministic behavior, direct tests, caller wiring, typed contracts, and no dead/orphan code before claiming generator quality.",D+,WIRE_OR_DEPRECATE,missing_wiring_row,No callable-wiring row; runtime path is unproven.
veilbreakers_terrain/procedural_meshes.py,generate_cabinet_mesh,generate_cabinet_mesh,14882,function,runtime_other,generic,UE_PCG|FASTNOISELITE,"Prove runtime relevance, deterministic behavior, direct tests, caller wiring, typed contracts, and no dead/orphan code before claiming generator quality.",D+,WIRE_OR_DEPRECATE,missing_wiring_row,No callable-wiring row; runtime path is unproven.
veilbreakers_terrain/procedural_meshes.py,generate_curtain_mesh,generate_curtain_mesh,14996,function,runtime_other,generic,UE_PCG|FASTNOISELITE,"Prove runtime relevance, deterministic behavior, direct tests, caller wiring, typed contracts, and no dead/orphan code before claiming generator quality.",D+,WIRE_OR_DEPRECATE,missing_wiring_row,No callable-wiring row; runtime path is unproven.
veilbreakers_terrain/procedural_meshes.py,generate_mirror_mesh,generate_mirror_mesh,15079,function,runtime_other,generic,UE_PCG|FASTNOISELITE,"Prove runtime relevance, deterministic behavior, direct tests, caller wiring, typed contracts, and no dead/orphan code before claiming generator quality.",D+,WIRE_OR_DEPRECATE,missing_wiring_row,No callable-wiring row; runtime path is unproven.
veilbreakers_terrain/procedural_meshes.py,generate_hay_bale_mesh,generate_hay_bale_mesh,15220,function,runtime_other,generic,UE_PCG|FASTNOISELITE,"Prove runtime relevance, deterministic behavior, direct tests, caller wiring, typed contracts, and no dead/orphan code before claiming generator quality.",D+,WIRE_OR_DEPRECATE,missing_wiring_row,No callable-wiring row; runtime path is unproven.
veilbreakers_terrain/procedural_meshes.py,generate_wine_rack_mesh,generate_wine_rack_mesh,15298,function,runtime_other,generic,UE_PCG|FASTNOISELITE,"Prove runtime relevance, deterministic behavior, direct tests, caller wiring, typed contracts, and no dead/orphan code before claiming generator quality.",D+,WIRE_OR_DEPRECATE,missing_wiring_row,No callable-wiring row; runtime path is unproven.
veilbreakers_terrain/procedural_meshes.py,generate_bathtub_mesh,generate_bathtub_mesh,15392,function,runtime_other,generic,UE_PCG|FASTNOISELITE,"Prove runtime relevance, deterministic behavior, direct tests, caller wiring, typed contracts, and no dead/orphan code before claiming generator quality.",D+,WIRE_OR_DEPRECATE,missing_wiring_row,No callable-wiring row; runtime path is unproven.
veilbreakers_terrain/procedural_meshes.py,generate_fireplace_mesh,generate_fireplace_mesh,15531,function,runtime_other,generic,UE_PCG|FASTNOISELITE,"Prove runtime relevance, deterministic behavior, direct tests, caller wiring, typed contracts, and no dead/orphan code before claiming generator quality.",D+,WIRE_OR_DEPRECATE,missing_wiring_row,No callable-wiring row; runtime path is unproven.
veilbreakers_terrain/procedural_meshes.py,generate_health_potion_mesh,generate_health_potion_mesh,15688,function,runtime_other,generic,UE_PCG|FASTNOISELITE,"Prove runtime relevance, deterministic behavior, direct tests, caller wiring, typed contracts, and no dead/orphan code before claiming generator quality.",D+,WIRE_OR_DEPRECATE,missing_wiring_row,No callable-wiring row; runtime path is unproven.
veilbreakers_terrain/procedural_meshes.py,generate_mana_potion_mesh,generate_mana_potion_mesh,15733,function,runtime_other,generic,UE_PCG|FASTNOISELITE,"Prove runtime relevance, deterministic behavior, direct tests, caller wiring, typed contracts, and no dead/orphan code before claiming generator quality.",D+,WIRE_OR_DEPRECATE,missing_wiring_row,No callable-wiring row; runtime path is unproven.
veilbreakers_terrain/procedural_meshes.py,generate_antidote_mesh,generate_antidote_mesh,15782,function,runtime_other,generic,UE_PCG|FASTNOISELITE,"Prove runtime relevance, deterministic behavior, direct tests, caller wiring, typed contracts, and no dead/orphan code before claiming generator quality.",D+,WIRE_OR_DEPRECATE,missing_wiring_row,No callable-wiring row; runtime path is unproven.
veilbreakers_terrain/procedural_meshes.py,generate_bread_mesh,generate_bread_mesh,15825,function,runtime_other,generic,UE_PCG|FASTNOISELITE,"Prove runtime relevance, deterministic behavior, direct tests, caller wiring, typed contracts, and no dead/orphan code before claiming generator quality.",D+,WIRE_OR_DEPRECATE,missing_wiring_row,No callable-wiring row; runtime path is unproven.
veilbreakers_terrain/procedural_meshes.py,generate_cheese_mesh,generate_cheese_mesh,15866,function,runtime_other,generic,UE_PCG|FASTNOISELITE,"Prove runtime relevance, deterministic behavior, direct tests, caller wiring, typed contracts, and no dead/orphan code before claiming generator quality.",D+,WIRE_OR_DEPRECATE,missing_wiring_row,No callable-wiring row; runtime path is unproven.
veilbreakers_terrain/procedural_meshes.py,generate_meat_mesh,generate_meat_mesh,15901,function,runtime_other,generic,UE_PCG|FASTNOISELITE,"Prove runtime relevance, deterministic behavior, direct tests, caller wiring, typed contracts, and no dead/orphan code before claiming generator quality.",D+,WIRE_OR_DEPRECATE,missing_wiring_row,No callable-wiring row; runtime path is unproven.
veilbreakers_terrain/procedural_meshes.py,generate_apple_mesh,generate_apple_mesh,15946,function,runtime_other,generic,UE_PCG|FASTNOISELITE,"Prove runtime relevance, deterministic behavior, direct tests, caller wiring, typed contracts, and no dead/orphan code before claiming generator quality.",D+,WIRE_OR_DEPRECATE,missing_wiring_row,No callable-wiring row; runtime path is unproven.
veilbreakers_terrain/procedural_meshes.py,generate_mushroom_food_mesh,generate_mushroom_food_mesh,16002,function,runtime_other,generic,UE_PCG|FASTNOISELITE,"Prove runtime relevance, deterministic behavior, direct tests, caller wiring, typed contracts, and no dead/orphan code before claiming generator quality.",D+,WIRE_OR_DEPRECATE,missing_wiring_row,No callable-wiring row; runtime path is unproven.
veilbreakers_terrain/procedural_meshes.py,generate_mushroom_food_mesh._single_mush,_single_mush,16010,nested_function,runtime_other,generic,UE_PCG|FASTNOISELITE,"Prove runtime relevance, deterministic behavior, direct tests, caller wiring, typed contracts, and no dead/orphan code before claiming generator quality.",D+,WIRE_OR_DEPRECATE,missing_wiring_row,No callable-wiring row; runtime path is unproven. Structural/helper callable: cannot exceed C+ without direct contract tests and parent-surface proof.
veilbreakers_terrain/procedural_meshes.py,generate_fish_mesh,generate_fish_mesh,16041,function,runtime_other,generic,UE_PCG|FASTNOISELITE,"Prove runtime relevance, deterministic behavior, direct tests, caller wiring, typed contracts, and no dead/orphan code before claiming generator quality.",D+,WIRE_OR_DEPRECATE,missing_wiring_row,No callable-wiring row; runtime path is unproven.
veilbreakers_terrain/procedural_meshes.py,generate_ore_mesh,generate_ore_mesh,16089,function,runtime_other,generic,UE_PCG|FASTNOISELITE,"Prove runtime relevance, deterministic behavior, direct tests, caller wiring, typed contracts, and no dead/orphan code before claiming generator quality.",D+,WIRE_OR_DEPRECATE,missing_wiring_row,No callable-wiring row; runtime path is unproven.
veilbreakers_terrain/procedural_meshes.py,generate_leather_mesh,generate_leather_mesh,16134,function,runtime_other,generic,UE_PCG|FASTNOISELITE,"Prove runtime relevance, deterministic behavior, direct tests, caller wiring, typed contracts, and no dead/orphan code before claiming generator quality.",D+,WIRE_OR_DEPRECATE,missing_wiring_row,No callable-wiring row; runtime path is unproven.
veilbreakers_terrain/procedural_meshes.py,generate_herb_mesh,generate_herb_mesh,16176,function,runtime_other,generic,UE_PCG|FASTNOISELITE,"Prove runtime relevance, deterministic behavior, direct tests, caller wiring, typed contracts, and no dead/orphan code before claiming generator quality.",D+,WIRE_OR_DEPRECATE,missing_wiring_row,No callable-wiring row; runtime path is unproven.
veilbreakers_terrain/procedural_meshes.py,generate_gem_mesh,generate_gem_mesh,16231,function,runtime_other,generic,UE_PCG|FASTNOISELITE,"Prove runtime relevance, deterministic behavior, direct tests, caller wiring, typed contracts, and no dead/orphan code before claiming generator quality.",D+,WIRE_OR_DEPRECATE,missing_wiring_row,No callable-wiring row; runtime path is unproven.
veilbreakers_terrain/procedural_meshes.py,generate_bone_shard_mesh,generate_bone_shard_mesh,16271,function,runtime_other,generic,UE_PCG|FASTNOISELITE,"Prove runtime relevance, deterministic behavior, direct tests, caller wiring, typed contracts, and no dead/orphan code before claiming generator quality.",D+,WIRE_OR_DEPRECATE,missing_wiring_row,No callable-wiring row; runtime path is unproven.
veilbreakers_terrain/procedural_meshes.py,generate_coin_mesh,generate_coin_mesh,16323,function,runtime_other,generic,UE_PCG|FASTNOISELITE,"Prove runtime relevance, deterministic behavior, direct tests, caller wiring, typed contracts, and no dead/orphan code before claiming generator quality.",D+,WIRE_OR_DEPRECATE,missing_wiring_row,No callable-wiring row; runtime path is unproven.
veilbreakers_terrain/procedural_meshes.py,generate_coin_pouch_mesh,generate_coin_pouch_mesh,16349,function,runtime_other,generic,UE_PCG|FASTNOISELITE,"Prove runtime relevance, deterministic behavior, direct tests, caller wiring, typed contracts, and no dead/orphan code before claiming generator quality.",D+,WIRE_OR_DEPRECATE,missing_wiring_row,No callable-wiring row; runtime path is unproven.
veilbreakers_terrain/procedural_meshes.py,generate_key_mesh,generate_key_mesh,16399,function,runtime_other,generic,UE_PCG|FASTNOISELITE,"Prove runtime relevance, deterministic behavior, direct tests, caller wiring, typed contracts, and no dead/orphan code before claiming generator quality.",D+,WIRE_OR_DEPRECATE,missing_wiring_row,No callable-wiring row; runtime path is unproven.
veilbreakers_terrain/procedural_meshes.py,generate_map_scroll_mesh,generate_map_scroll_mesh,16454,function,runtime_other,generic,UE_PCG|FASTNOISELITE,"Prove runtime relevance, deterministic behavior, direct tests, caller wiring, typed contracts, and no dead/orphan code before claiming generator quality.",D+,WIRE_OR_DEPRECATE,missing_wiring_row,No callable-wiring row; runtime path is unproven.
veilbreakers_terrain/procedural_meshes.py,generate_lockpick_mesh,generate_lockpick_mesh,16515,function,runtime_other,generic,UE_PCG|FASTNOISELITE,"Prove runtime relevance, deterministic behavior, direct tests, caller wiring, typed contracts, and no dead/orphan code before claiming generator quality.",D+,WIRE_OR_DEPRECATE,missing_wiring_row,No callable-wiring row; runtime path is unproven.
veilbreakers_terrain/procedural_meshes.py,generate_palisade_mesh,generate_palisade_mesh,16574,function,runtime_other,generic,UE_PCG|FASTNOISELITE,"Prove runtime relevance, deterministic behavior, direct tests, caller wiring, typed contracts, and no dead/orphan code before claiming generator quality.",D+,WIRE_OR_DEPRECATE,missing_wiring_row,No callable-wiring row; runtime path is unproven.
veilbreakers_terrain/procedural_meshes.py,generate_watchtower_mesh,generate_watchtower_mesh,16655,function,runtime_other,generic,UE_PCG|FASTNOISELITE,"Prove runtime relevance, deterministic behavior, direct tests, caller wiring, typed contracts, and no dead/orphan code before claiming generator quality.",D+,WIRE_OR_DEPRECATE,missing_wiring_row,No callable-wiring row; runtime path is unproven.
veilbreakers_terrain/procedural_meshes.py,generate_battlement_mesh,generate_battlement_mesh,16794,function,runtime_other,generic,UE_PCG|FASTNOISELITE,"Prove runtime relevance, deterministic behavior, direct tests, caller wiring, typed contracts, and no dead/orphan code before claiming generator quality.",D+,WIRE_OR_DEPRECATE,missing_wiring_row,No callable-wiring row; runtime path is unproven.
veilbreakers_terrain/procedural_meshes.py,generate_moat_edge_mesh,generate_moat_edge_mesh,16887,function,runtime_other,generic,UE_PCG|FASTNOISELITE,"Prove runtime relevance, deterministic behavior, direct tests, caller wiring, typed contracts, and no dead/orphan code before claiming generator quality.",D+,WIRE_OR_DEPRECATE,missing_wiring_row,No callable-wiring row; runtime path is unproven.
veilbreakers_terrain/procedural_meshes.py,generate_windmill_mesh,generate_windmill_mesh,16987,function,runtime_other,generic,UE_PCG|FASTNOISELITE,"Prove runtime relevance, deterministic behavior, direct tests, caller wiring, typed contracts, and no dead/orphan code before claiming generator quality.",D+,WIRE_OR_DEPRECATE,missing_wiring_row,No callable-wiring row; runtime path is unproven.
veilbreakers_terrain/procedural_meshes.py,generate_dock_mesh,generate_dock_mesh,17105,function,runtime_other,generic,UE_PCG|FASTNOISELITE,"Prove runtime relevance, deterministic behavior, direct tests, caller wiring, typed contracts, and no dead/orphan code before claiming generator quality.",D+,WIRE_OR_DEPRECATE,missing_wiring_row,No callable-wiring row; runtime path is unproven.
veilbreakers_terrain/procedural_meshes.py,generate_tent_mesh,generate_tent_mesh,17467,function,runtime_other,generic,UE_PCG|FASTNOISELITE,"Prove runtime relevance, deterministic behavior, direct tests, caller wiring, typed contracts, and no dead/orphan code before claiming generator quality.",D+,WIRE_OR_DEPRECATE,missing_wiring_row,No callable-wiring row; runtime path is unproven.
veilbreakers_terrain/procedural_meshes.py,generate_hitching_post_mesh,generate_hitching_post_mesh,17636,function,runtime_other,generic,UE_PCG|FASTNOISELITE,"Prove runtime relevance, deterministic behavior, direct tests, caller wiring, typed contracts, and no dead/orphan code before claiming generator quality.",D+,WIRE_OR_DEPRECATE,missing_wiring_row,No callable-wiring row; runtime path is unproven.
veilbreakers_terrain/procedural_meshes.py,generate_feeding_trough_mesh,generate_feeding_trough_mesh,17692,function,runtime_other,generic,UE_PCG|FASTNOISELITE,"Prove runtime relevance, deterministic behavior, direct tests, caller wiring, typed contracts, and no dead/orphan code before claiming generator quality.",D+,WIRE_OR_DEPRECATE,missing_wiring_row,No callable-wiring row; runtime path is unproven.
veilbreakers_terrain/procedural_meshes.py,generate_barricade_outdoor_mesh,generate_barricade_outdoor_mesh,17750,function,runtime_other,generic,UE_PCG|FASTNOISELITE,"Prove runtime relevance, deterministic behavior, direct tests, caller wiring, typed contracts, and no dead/orphan code before claiming generator quality.",D+,WIRE_OR_DEPRECATE,missing_wiring_row,No callable-wiring row; runtime path is unproven.
veilbreakers_terrain/procedural_meshes.py,generate_lookout_post_mesh,generate_lookout_post_mesh,17833,function,runtime_other,generic,UE_PCG|FASTNOISELITE,"Prove runtime relevance, deterministic behavior, direct tests, caller wiring, typed contracts, and no dead/orphan code before claiming generator quality.",D+,WIRE_OR_DEPRECATE,missing_wiring_row,No callable-wiring row; runtime path is unproven.
veilbreakers_terrain/procedural_meshes.py,generate_spike_fence_mesh,generate_spike_fence_mesh,17939,function,runtime_other,generic,UE_PCG|FASTNOISELITE,"Prove runtime relevance, deterministic behavior, direct tests, caller wiring, typed contracts, and no dead/orphan code before claiming generator quality.",D+,WIRE_OR_DEPRECATE,missing_wiring_row,No callable-wiring row; runtime path is unproven.
veilbreakers_terrain/procedural_meshes.py,generate_portcullis_mesh,generate_portcullis_mesh,18021,function,runtime_other,generic,UE_PCG|FASTNOISELITE,"Prove runtime relevance, deterministic behavior, direct tests, caller wiring, typed contracts, and no dead/orphan code before claiming generator quality.",D+,WIRE_OR_DEPRECATE,missing_wiring_row,No callable-wiring row; runtime path is unproven.
veilbreakers_terrain/procedural_meshes.py,generate_iron_gate_mesh,generate_iron_gate_mesh,18076,function,runtime_other,generic,UE_PCG|FASTNOISELITE,"Prove runtime relevance, deterministic behavior, direct tests, caller wiring, typed contracts, and no dead/orphan code before claiming generator quality.",D+,WIRE_OR_DEPRECATE,missing_wiring_row,No callable-wiring row; runtime path is unproven.
veilbreakers_terrain/procedural_meshes.py,generate_shackle_mesh,generate_shackle_mesh,18258,function,runtime_other,generic,UE_PCG|FASTNOISELITE,"Prove runtime relevance, deterministic behavior, direct tests, caller wiring, typed contracts, and no dead/orphan code before claiming generator quality.",D+,WIRE_OR_DEPRECATE,missing_wiring_row,No callable-wiring row; runtime path is unproven.
veilbreakers_terrain/procedural_meshes.py,generate_cage_mesh,generate_cage_mesh,18342,function,runtime_other,generic,UE_PCG|FASTNOISELITE,"Prove runtime relevance, deterministic behavior, direct tests, caller wiring, typed contracts, and no dead/orphan code before claiming generator quality.",D+,WIRE_OR_DEPRECATE,missing_wiring_row,No callable-wiring row; runtime path is unproven.
veilbreakers_terrain/procedural_meshes.py,generate_stocks_mesh,generate_stocks_mesh,18440,function,runtime_other,generic,UE_PCG|FASTNOISELITE,"Prove runtime relevance, deterministic behavior, direct tests, caller wiring, typed contracts, and no dead/orphan code before claiming generator quality.",D+,WIRE_OR_DEPRECATE,missing_wiring_row,No callable-wiring row; runtime path is unproven.
veilbreakers_terrain/procedural_meshes.py,generate_iron_maiden_mesh,generate_iron_maiden_mesh,18491,function,runtime_other,generic,UE_PCG|FASTNOISELITE,"Prove runtime relevance, deterministic behavior, direct tests, caller wiring, typed contracts, and no dead/orphan code before claiming generator quality.",D+,WIRE_OR_DEPRECATE,missing_wiring_row,No callable-wiring row; runtime path is unproven.
