File,Qualified Name,Function,Line,Kind,Scope,R12 Domain,Research Refs,Best Practice Baseline,R12 Strict Grade,R12 Remediation,Wiring Status,R12 Findings
scripts/build_aaa_node_v1.py,compose_heightmap,compose_heightmap,101,function,script,terrain_shape,HOUDINI_ERODE|GAEA_EROSION2|WORLDENGINE|FASTNOISELITE|FROSTBITE_TERRAIN,Use deterministic seeded coherent noise with macro/meso/micro layers; drive mountains/hills/flats/cliffs from explicit terrain family controls; apply multi-scale erosion/deposition masks; verify tiled seams and rendered landform readability.,D+,WIRE_OR_DEPRECATE,missing_wiring_row,No callable-wiring row; runtime path is unproven. Product terrain domain lacks attached live visual golden/render proof. Script/tooling callable is capped without CI gate integration.
scripts/build_aaa_node_v1.py,compose_heightmap.fbm,fbm,139,nested_function,script,terrain_shape,HOUDINI_ERODE|GAEA_EROSION2|WORLDENGINE|FASTNOISELITE|FROSTBITE_TERRAIN,Use deterministic seeded coherent noise with macro/meso/micro layers; drive mountains/hills/flats/cliffs from explicit terrain family controls; apply multi-scale erosion/deposition masks; verify tiled seams and rendered landform readability.,D+,WIRE_OR_DEPRECATE,missing_wiring_row,No callable-wiring row; runtime path is unproven. Structural/helper callable: cannot exceed C+ without direct contract tests and parent-surface proof. Product terrain domain lacks attached live visual golden/render proof. Script/tooling callable is capped without CI gate integration.
scripts/build_aaa_node_v2.py,compose_heightmap,compose_heightmap,84,function,script,terrain_shape,HOUDINI_ERODE|GAEA_EROSION2|WORLDENGINE|FASTNOISELITE|FROSTBITE_TERRAIN,Use deterministic seeded coherent noise with macro/meso/micro layers; drive mountains/hills/flats/cliffs from explicit terrain family controls; apply multi-scale erosion/deposition masks; verify tiled seams and rendered landform readability.,D+,WIRE_OR_DEPRECATE,missing_wiring_row,No callable-wiring row; runtime path is unproven. Product terrain domain lacks attached live visual golden/render proof. Script/tooling callable is capped without CI gate integration.
scripts/build_aaa_node_v2.py,compose_heightmap.fbm,fbm,116,nested_function,script,terrain_shape,HOUDINI_ERODE|GAEA_EROSION2|WORLDENGINE|FASTNOISELITE|FROSTBITE_TERRAIN,Use deterministic seeded coherent noise with macro/meso/micro layers; drive mountains/hills/flats/cliffs from explicit terrain family controls; apply multi-scale erosion/deposition masks; verify tiled seams and rendered landform readability.,D+,WIRE_OR_DEPRECATE,missing_wiring_row,No callable-wiring row; runtime path is unproven. Structural/helper callable: cannot exceed C+ without direct contract tests and parent-surface proof. Product terrain domain lacks attached live visual golden/render proof. Script/tooling callable is capped without CI gate integration.
scripts/build_aaa_node_v2.py,_load_v1_heightmap,_load_v1_heightmap,186,function,script,terrain_shape,HOUDINI_ERODE|GAEA_EROSION2|WORLDENGINE|FASTNOISELITE|FROSTBITE_TERRAIN,Use deterministic seeded coherent noise with macro/meso/micro layers; drive mountains/hills/flats/cliffs from explicit terrain family controls; apply multi-scale erosion/deposition masks; verify tiled seams and rendered landform readability.,D+,WIRE_OR_DEPRECATE,missing_wiring_row,No callable-wiring row; runtime path is unproven. Structural/helper callable: cannot exceed C+ without direct contract tests and parent-surface proof. Product terrain domain lacks attached live visual golden/render proof. Script/tooling callable is capped without CI gate integration.
scripts/build_scene_v2.py,_build_heightmap,_build_heightmap,73,function,script,terrain_shape,HOUDINI_ERODE|GAEA_EROSION2|WORLDENGINE|FASTNOISELITE|FROSTBITE_TERRAIN,Use deterministic seeded coherent noise with macro/meso/micro layers; drive mountains/hills/flats/cliffs from explicit terrain family controls; apply multi-scale erosion/deposition masks; verify tiled seams and rendered landform readability.,D+,WIRE_OR_DEPRECATE,missing_wiring_row,No callable-wiring row; runtime path is unproven. Structural/helper callable: cannot exceed C+ without direct contract tests and parent-surface proof. Product terrain domain lacks attached live visual golden/render proof. Script/tooling callable is capped without CI gate integration.
scripts/build_scene_v2.py,_setup_world,_setup_world,581,function,script,terrain_shape,HOUDINI_ERODE|GAEA_EROSION2|WORLDENGINE|FASTNOISELITE|FROSTBITE_TERRAIN,Use deterministic seeded coherent noise with macro/meso/micro layers; drive mountains/hills/flats/cliffs from explicit terrain family controls; apply multi-scale erosion/deposition masks; verify tiled seams and rendered landform readability.,D+,WIRE_OR_DEPRECATE,missing_wiring_row,No callable-wiring row; runtime path is unproven. Structural/helper callable: cannot exceed C+ without direct contract tests and parent-surface proof. Product terrain domain lacks attached live visual golden/render proof. Script/tooling callable is capped without CI gate integration.
scripts/build_scene_v3.py,compose_heightmap,compose_heightmap,89,function,script,terrain_shape,HOUDINI_ERODE|GAEA_EROSION2|WORLDENGINE|FASTNOISELITE|FROSTBITE_TERRAIN,Use deterministic seeded coherent noise with macro/meso/micro layers; drive mountains/hills/flats/cliffs from explicit terrain family controls; apply multi-scale erosion/deposition masks; verify tiled seams and rendered landform readability.,D+,WIRE_OR_DEPRECATE,missing_wiring_row,No callable-wiring row; runtime path is unproven. Product terrain domain lacks attached live visual golden/render proof. Script/tooling callable is capped without CI gate integration.
scripts/build_scene_v3.py,compose_heightmap.fbm,fbm,118,nested_function,script,terrain_shape,HOUDINI_ERODE|GAEA_EROSION2|WORLDENGINE|FASTNOISELITE|FROSTBITE_TERRAIN,Use deterministic seeded coherent noise with macro/meso/micro layers; drive mountains/hills/flats/cliffs from explicit terrain family controls; apply multi-scale erosion/deposition masks; verify tiled seams and rendered landform readability.,D+,WIRE_OR_DEPRECATE,missing_wiring_row,No callable-wiring row; runtime path is unproven. Structural/helper callable: cannot exceed C+ without direct contract tests and parent-surface proof. Product terrain domain lacks attached live visual golden/render proof. Script/tooling callable is capped without CI gate integration.
scripts/build_scene_v3.py,setup_world,setup_world,1141,function,script,terrain_shape,HOUDINI_ERODE|GAEA_EROSION2|WORLDENGINE|FASTNOISELITE|FROSTBITE_TERRAIN,Use deterministic seeded coherent noise with macro/meso/micro layers; drive mountains/hills/flats/cliffs from explicit terrain family controls; apply multi-scale erosion/deposition masks; verify tiled seams and rendered landform readability.,D+,WIRE_OR_DEPRECATE,missing_wiring_row,No callable-wiring row; runtime path is unproven. Product terrain domain lacks attached live visual golden/render proof. Script/tooling callable is capped without CI gate integration.
veilbreakers_terrain/handlers/_terrain_depth.py,_fbm_noise2._bilinear_noise,_bilinear_noise,117,nested_function,runtime_handler,terrain_shape,HOUDINI_ERODE|GAEA_EROSION2|WORLDENGINE|FASTNOISELITE|FROSTBITE_TERRAIN,Use deterministic seeded coherent noise with macro/meso/micro layers; drive mountains/hills/flats/cliffs from explicit terrain family controls; apply multi-scale erosion/deposition masks; verify tiled seams and rendered landform readability.,C,ADD_DIRECT_TESTS,helper_reachable,"Runtime path exists, but direct test evidence is missing. Structural/helper callable: cannot exceed C+ without direct contract tests and parent-surface proof. Product terrain domain lacks attached live visual golden/render proof."
veilbreakers_terrain/handlers/_terrain_erosion.py,ErosionMasks,ErosionMasks,40,class,runtime_handler,terrain_shape,HOUDINI_ERODE|GAEA_EROSION2|WORLDENGINE|FASTNOISELITE|FROSTBITE_TERRAIN,Use deterministic seeded coherent noise with macro/meso/micro layers; drive mountains/hills/flats/cliffs from explicit terrain family controls; apply multi-scale erosion/deposition masks; verify tiled seams and rendered landform readability.,D+,WIRE_OR_DEPRECATE,missing_wiring_row,No callable-wiring row; runtime path is unproven. Structural/helper callable: cannot exceed C+ without direct contract tests and parent-surface proof. Product terrain domain lacks attached live visual golden/render proof.
veilbreakers_terrain/handlers/_terrain_erosion.py,ThermalErosionMasks,ThermalErosionMasks,61,class,runtime_handler,terrain_shape,HOUDINI_ERODE|GAEA_EROSION2|WORLDENGINE|FASTNOISELITE|FROSTBITE_TERRAIN,Use deterministic seeded coherent noise with macro/meso/micro layers; drive mountains/hills/flats/cliffs from explicit terrain family controls; apply multi-scale erosion/deposition masks; verify tiled seams and rendered landform readability.,D+,WIRE_OR_DEPRECATE,missing_wiring_row,No callable-wiring row; runtime path is unproven. Structural/helper callable: cannot exceed C+ without direct contract tests and parent-surface proof. Product terrain domain lacks attached live visual golden/render proof.
veilbreakers_terrain/handlers/_terrain_erosion.py,ErosionConfig,ErosionConfig,96,class,runtime_handler,terrain_shape,HOUDINI_ERODE|GAEA_EROSION2|WORLDENGINE|FASTNOISELITE|FROSTBITE_TERRAIN,Use deterministic seeded coherent noise with macro/meso/micro layers; drive mountains/hills/flats/cliffs from explicit terrain family controls; apply multi-scale erosion/deposition masks; verify tiled seams and rendered landform readability.,D+,WIRE_OR_DEPRECATE,missing_wiring_row,No callable-wiring row; runtime path is unproven. Structural/helper callable: cannot exceed C+ without direct contract tests and parent-surface proof. Product terrain domain lacks attached live visual golden/render proof.
veilbreakers_terrain/handlers/_terrain_erosion.py,AnalyticalErosionResult,AnalyticalErosionResult,164,class,runtime_handler,terrain_shape,HOUDINI_ERODE|GAEA_EROSION2|WORLDENGINE|FASTNOISELITE|FROSTBITE_TERRAIN,Use deterministic seeded coherent noise with macro/meso/micro layers; drive mountains/hills/flats/cliffs from explicit terrain family controls; apply multi-scale erosion/deposition masks; verify tiled seams and rendered landform readability.,D+,WIRE_OR_DEPRECATE,missing_wiring_row,No callable-wiring row; runtime path is unproven. Structural/helper callable: cannot exceed C+ without direct contract tests and parent-surface proof. Product terrain domain lacks attached live visual golden/render proof.
veilbreakers_terrain/handlers/_terrain_erosion.py,apply_hydraulic_erosion_masks,apply_hydraulic_erosion_masks,208,function,runtime_handler,terrain_shape,HOUDINI_ERODE|GAEA_EROSION2|WORLDENGINE|FASTNOISELITE|FROSTBITE_TERRAIN,Use deterministic seeded coherent noise with macro/meso/micro layers; drive mountains/hills/flats/cliffs from explicit terrain family controls; apply multi-scale erosion/deposition masks; verify tiled seams and rendered landform readability.,C+,ADD_LIVE_VISUAL_GOLDEN,helper_reachable,"Runtime/test evidence exists, but strict AAA evidence is incomplete. Product terrain domain lacks attached live visual golden/render proof."
veilbreakers_terrain/handlers/_terrain_erosion.py,apply_hydraulic_erosion,apply_hydraulic_erosion,534,function,runtime_handler,terrain_shape,HOUDINI_ERODE|GAEA_EROSION2|WORLDENGINE|FASTNOISELITE|FROSTBITE_TERRAIN,Use deterministic seeded coherent noise with macro/meso/micro layers; drive mountains/hills/flats/cliffs from explicit terrain family controls; apply multi-scale erosion/deposition masks; verify tiled seams and rendered landform readability.,C+,ADD_LIVE_VISUAL_GOLDEN,helper_reachable,"Runtime/test evidence exists, but strict AAA evidence is incomplete. Product terrain domain lacks attached live visual golden/render proof."
veilbreakers_terrain/handlers/_terrain_erosion.py,_deposit,_deposit,573,function,runtime_handler,terrain_shape,HOUDINI_ERODE|GAEA_EROSION2|WORLDENGINE|FASTNOISELITE|FROSTBITE_TERRAIN,Use deterministic seeded coherent noise with macro/meso/micro layers; drive mountains/hills/flats/cliffs from explicit terrain family controls; apply multi-scale erosion/deposition masks; verify tiled seams and rendered landform readability.,C,ADD_DIRECT_TESTS,helper_reachable,"Runtime path exists, but direct test evidence is missing. Structural/helper callable: cannot exceed C+ without direct contract tests and parent-surface proof. Product terrain domain lacks attached live visual golden/render proof."
veilbreakers_terrain/handlers/_terrain_erosion.py,_erode_brush,_erode_brush,586,function,runtime_handler,terrain_shape,HOUDINI_ERODE|GAEA_EROSION2|WORLDENGINE|FASTNOISELITE|FROSTBITE_TERRAIN,Use deterministic seeded coherent noise with macro/meso/micro layers; drive mountains/hills/flats/cliffs from explicit terrain family controls; apply multi-scale erosion/deposition masks; verify tiled seams and rendered landform readability.,C,ADD_DIRECT_TESTS,helper_reachable,"Runtime path exists, but direct test evidence is missing. Structural/helper callable: cannot exceed C+ without direct contract tests and parent-surface proof. Product terrain domain lacks attached live visual golden/render proof."
veilbreakers_terrain/handlers/_terrain_erosion.py,apply_thermal_erosion_masks,apply_thermal_erosion_masks,692,function,runtime_handler,terrain_shape,HOUDINI_ERODE|GAEA_EROSION2|WORLDENGINE|FASTNOISELITE|FROSTBITE_TERRAIN,Use deterministic seeded coherent noise with macro/meso/micro layers; drive mountains/hills/flats/cliffs from explicit terrain family controls; apply multi-scale erosion/deposition masks; verify tiled seams and rendered landform readability.,C,ADD_DIRECT_TESTS,helper_reachable,"Runtime path exists, but direct test evidence is missing. Product terrain domain lacks attached live visual golden/render proof."
veilbreakers_terrain/handlers/_terrain_erosion.py,apply_thermal_erosion,apply_thermal_erosion,839,function,runtime_handler,terrain_shape,HOUDINI_ERODE|GAEA_EROSION2|WORLDENGINE|FASTNOISELITE|FROSTBITE_TERRAIN,Use deterministic seeded coherent noise with macro/meso/micro layers; drive mountains/hills/flats/cliffs from explicit terrain family controls; apply multi-scale erosion/deposition masks; verify tiled seams and rendered landform readability.,C+,ADD_LIVE_VISUAL_GOLDEN,helper_reachable,"Runtime/test evidence exists, but strict AAA evidence is incomplete. Product terrain domain lacks attached live visual golden/render proof."
veilbreakers_terrain/handlers/_terrain_noise.py,_build_permutation_table,_build_permutation_table,72,function,runtime_handler,terrain_shape,HOUDINI_ERODE|GAEA_EROSION2|WORLDENGINE|FASTNOISELITE|FROSTBITE_TERRAIN,Use deterministic seeded coherent noise with macro/meso/micro layers; drive mountains/hills/flats/cliffs from explicit terrain family controls; apply multi-scale erosion/deposition masks; verify tiled seams and rendered landform readability.,C+,ADD_LIVE_VISUAL_GOLDEN,helper_reachable,"Runtime/test evidence exists, but strict AAA evidence is incomplete. Structural/helper callable: cannot exceed C+ without direct contract tests and parent-surface proof. Product terrain domain lacks attached live visual golden/render proof."
veilbreakers_terrain/handlers/_terrain_noise.py,_perlin_noise2_array,_perlin_noise2_array,85,function,runtime_handler,terrain_shape,HOUDINI_ERODE|GAEA_EROSION2|WORLDENGINE|FASTNOISELITE|FROSTBITE_TERRAIN,Use deterministic seeded coherent noise with macro/meso/micro layers; drive mountains/hills/flats/cliffs from explicit terrain family controls; apply multi-scale erosion/deposition masks; verify tiled seams and rendered landform readability.,C,ADD_DIRECT_TESTS,helper_reachable,"Runtime path exists, but direct test evidence is missing. Structural/helper callable: cannot exceed C+ without direct contract tests and parent-surface proof. Product terrain domain lacks attached live visual golden/render proof."
veilbreakers_terrain/handlers/_terrain_noise.py,_PermTableNoise,_PermTableNoise,146,class,runtime_handler,terrain_shape,HOUDINI_ERODE|GAEA_EROSION2|WORLDENGINE|FASTNOISELITE|FROSTBITE_TERRAIN,Use deterministic seeded coherent noise with macro/meso/micro layers; drive mountains/hills/flats/cliffs from explicit terrain family controls; apply multi-scale erosion/deposition masks; verify tiled seams and rendered landform readability.,D+,WIRE_OR_DEPRECATE,missing_wiring_row,No callable-wiring row; runtime path is unproven. Structural/helper callable: cannot exceed C+ without direct contract tests and parent-surface proof. Product terrain domain lacks attached live visual golden/render proof.
veilbreakers_terrain/handlers/_terrain_noise.py,_PermTableNoise.noise2,noise2,157,nested_function,runtime_handler,terrain_shape,HOUDINI_ERODE|GAEA_EROSION2|WORLDENGINE|FASTNOISELITE|FROSTBITE_TERRAIN,Use deterministic seeded coherent noise with macro/meso/micro layers; drive mountains/hills/flats/cliffs from explicit terrain family controls; apply multi-scale erosion/deposition masks; verify tiled seams and rendered landform readability.,C+,ADD_LIVE_VISUAL_GOLDEN,helper_reachable,"Runtime/test evidence exists, but strict AAA evidence is incomplete. Structural/helper callable: cannot exceed C+ without direct contract tests and parent-surface proof. Product terrain domain lacks attached live visual golden/render proof."
veilbreakers_terrain/handlers/_terrain_noise.py,_PermTableNoise.noise2_array,noise2_array,163,nested_function,runtime_handler,terrain_shape,HOUDINI_ERODE|GAEA_EROSION2|WORLDENGINE|FASTNOISELITE|FROSTBITE_TERRAIN,Use deterministic seeded coherent noise with macro/meso/micro layers; drive mountains/hills/flats/cliffs from explicit terrain family controls; apply multi-scale erosion/deposition masks; verify tiled seams and rendered landform readability.,C+,ADD_LIVE_VISUAL_GOLDEN,helper_reachable,"Runtime/test evidence exists, but strict AAA evidence is incomplete. Structural/helper callable: cannot exceed C+ without direct contract tests and parent-surface proof. Product terrain domain lacks attached live visual golden/render proof."
veilbreakers_terrain/handlers/_terrain_noise.py,_PermTableNoise.noise3,noise3,167,nested_function,runtime_handler,terrain_shape,HOUDINI_ERODE|GAEA_EROSION2|WORLDENGINE|FASTNOISELITE|FROSTBITE_TERRAIN,Use deterministic seeded coherent noise with macro/meso/micro layers; drive mountains/hills/flats/cliffs from explicit terrain family controls; apply multi-scale erosion/deposition masks; verify tiled seams and rendered landform readability.,C,ADD_DIRECT_TESTS,helper_reachable,"Runtime path exists, but direct test evidence is missing. Structural/helper callable: cannot exceed C+ without direct contract tests and parent-surface proof. Product terrain domain lacks attached live visual golden/render proof."
veilbreakers_terrain/handlers/_terrain_noise.py,_make_noise_generator,_make_noise_generator,195,function,runtime_handler,terrain_shape,HOUDINI_ERODE|GAEA_EROSION2|WORLDENGINE|FASTNOISELITE|FROSTBITE_TERRAIN,Use deterministic seeded coherent noise with macro/meso/micro layers; drive mountains/hills/flats/cliffs from explicit terrain family controls; apply multi-scale erosion/deposition masks; verify tiled seams and rendered landform readability.,C+,ADD_LIVE_VISUAL_GOLDEN,helper_reachable,"Runtime/test evidence exists, but strict AAA evidence is incomplete. Structural/helper callable: cannot exceed C+ without direct contract tests and parent-surface proof. Product terrain domain lacks attached live visual golden/render proof."
veilbreakers_terrain/handlers/_terrain_noise.py,_OpenSimplexWrapper,_OpenSimplexWrapper,206,class,runtime_handler,terrain_shape,HOUDINI_ERODE|GAEA_EROSION2|WORLDENGINE|FASTNOISELITE|FROSTBITE_TERRAIN,Use deterministic seeded coherent noise with macro/meso/micro layers; drive mountains/hills/flats/cliffs from explicit terrain family controls; apply multi-scale erosion/deposition masks; verify tiled seams and rendered landform readability.,D+,WIRE_OR_DEPRECATE,missing_wiring_row,No callable-wiring row; runtime path is unproven. Structural/helper callable: cannot exceed C+ without direct contract tests and parent-surface proof. Product terrain domain lacks attached live visual golden/render proof.
veilbreakers_terrain/handlers/_terrain_noise.py,_OpenSimplexWrapper.noise2,noise2,239,nested_function,runtime_handler,terrain_shape,HOUDINI_ERODE|GAEA_EROSION2|WORLDENGINE|FASTNOISELITE|FROSTBITE_TERRAIN,Use deterministic seeded coherent noise with macro/meso/micro layers; drive mountains/hills/flats/cliffs from explicit terrain family controls; apply multi-scale erosion/deposition masks; verify tiled seams and rendered landform readability.,C+,ADD_LIVE_VISUAL_GOLDEN,helper_reachable,"Runtime/test evidence exists, but strict AAA evidence is incomplete. Structural/helper callable: cannot exceed C+ without direct contract tests and parent-surface proof. Product terrain domain lacks attached live visual golden/render proof."
veilbreakers_terrain/handlers/_terrain_noise.py,_OpenSimplexWrapper.noise3,noise3,248,nested_function,runtime_handler,terrain_shape,HOUDINI_ERODE|GAEA_EROSION2|WORLDENGINE|FASTNOISELITE|FROSTBITE_TERRAIN,Use deterministic seeded coherent noise with macro/meso/micro layers; drive mountains/hills/flats/cliffs from explicit terrain family controls; apply multi-scale erosion/deposition masks; verify tiled seams and rendered landform readability.,C,ADD_DIRECT_TESTS,helper_reachable,"Runtime path exists, but direct test evidence is missing. Structural/helper callable: cannot exceed C+ without direct contract tests and parent-surface proof. Product terrain domain lacks attached live visual golden/render proof."
veilbreakers_terrain/handlers/_terrain_noise.py,_OpenSimplexWrapper.noise4,noise4,258,nested_function,runtime_handler,terrain_shape,HOUDINI_ERODE|GAEA_EROSION2|WORLDENGINE|FASTNOISELITE|FROSTBITE_TERRAIN,Use deterministic seeded coherent noise with macro/meso/micro layers; drive mountains/hills/flats/cliffs from explicit terrain family controls; apply multi-scale erosion/deposition masks; verify tiled seams and rendered landform readability.,C,ADD_DIRECT_TESTS,helper_reachable,"Runtime path exists, but direct test evidence is missing. Structural/helper callable: cannot exceed C+ without direct contract tests and parent-surface proof. Product terrain domain lacks attached live visual golden/render proof."
veilbreakers_terrain/handlers/_terrain_noise.py,_OpenSimplexWrapper.noise2_array,noise2_array,293,nested_function,runtime_handler,terrain_shape,HOUDINI_ERODE|GAEA_EROSION2|WORLDENGINE|FASTNOISELITE|FROSTBITE_TERRAIN,Use deterministic seeded coherent noise with macro/meso/micro layers; drive mountains/hills/flats/cliffs from explicit terrain family controls; apply multi-scale erosion/deposition masks; verify tiled seams and rendered landform readability.,C+,ADD_LIVE_VISUAL_GOLDEN,helper_reachable,"Runtime/test evidence exists, but strict AAA evidence is incomplete. Structural/helper callable: cannot exceed C+ without direct contract tests and parent-surface proof. Product terrain domain lacks attached live visual golden/render proof."
veilbreakers_terrain/handlers/_terrain_noise.py,_OpenSimplexWrapper.noise3_array,noise3_array,311,nested_function,runtime_handler,terrain_shape,HOUDINI_ERODE|GAEA_EROSION2|WORLDENGINE|FASTNOISELITE|FROSTBITE_TERRAIN,Use deterministic seeded coherent noise with macro/meso/micro layers; drive mountains/hills/flats/cliffs from explicit terrain family controls; apply multi-scale erosion/deposition masks; verify tiled seams and rendered landform readability.,D+,WIRE_OR_DEPRECATE,orphan_candidate,Wiring scan marks this as orphan_candidate. Structural/helper callable: cannot exceed C+ without direct contract tests and parent-surface proof. Product terrain domain lacks attached live visual golden/render proof.
veilbreakers_terrain/handlers/_terrain_noise.py,_OpenSimplexWrapper.noise4_array,noise4_array,362,nested_function,runtime_handler,terrain_shape,HOUDINI_ERODE|GAEA_EROSION2|WORLDENGINE|FASTNOISELITE|FROSTBITE_TERRAIN,Use deterministic seeded coherent noise with macro/meso/micro layers; drive mountains/hills/flats/cliffs from explicit terrain family controls; apply multi-scale erosion/deposition masks; verify tiled seams and rendered landform readability.,D+,WIRE_OR_DEPRECATE,orphan_candidate,Wiring scan marks this as orphan_candidate. Structural/helper callable: cannot exceed C+ without direct contract tests and parent-surface proof. Product terrain domain lacks attached live visual golden/render proof.
veilbreakers_terrain/handlers/_terrain_noise.py,opensimplex2s_noise2,opensimplex2s_noise2,424,function,runtime_handler,terrain_shape,HOUDINI_ERODE|GAEA_EROSION2|WORLDENGINE|FASTNOISELITE|FROSTBITE_TERRAIN,Use deterministic seeded coherent noise with macro/meso/micro layers; drive mountains/hills/flats/cliffs from explicit terrain family controls; apply multi-scale erosion/deposition masks; verify tiled seams and rendered landform readability.,C,WIRE_OR_DEPRECATE,test_only_or_unwired,Wiring scan status is test_only_or_unwired; production path is not proven. Structural/helper callable: cannot exceed C+ without direct contract tests and parent-surface proof. Product terrain domain lacks attached live visual golden/render proof.
veilbreakers_terrain/handlers/_terrain_noise.py,opensimplex2s_noise2_array,opensimplex2s_noise2_array,448,function,runtime_handler,terrain_shape,HOUDINI_ERODE|GAEA_EROSION2|WORLDENGINE|FASTNOISELITE|FROSTBITE_TERRAIN,Use deterministic seeded coherent noise with macro/meso/micro layers; drive mountains/hills/flats/cliffs from explicit terrain family controls; apply multi-scale erosion/deposition masks; verify tiled seams and rendered landform readability.,C,WIRE_OR_DEPRECATE,test_only_or_unwired,Wiring scan status is test_only_or_unwired; production path is not proven. Structural/helper callable: cannot exceed C+ without direct contract tests and parent-surface proof. Product terrain domain lacks attached live visual golden/render proof.
veilbreakers_terrain/handlers/_terrain_noise.py,_noise_with_gradient,_noise_with_gradient,493,function,runtime_handler,terrain_shape,HOUDINI_ERODE|GAEA_EROSION2|WORLDENGINE|FASTNOISELITE|FROSTBITE_TERRAIN,Use deterministic seeded coherent noise with macro/meso/micro layers; drive mountains/hills/flats/cliffs from explicit terrain family controls; apply multi-scale erosion/deposition masks; verify tiled seams and rendered landform readability.,C,ADD_DIRECT_TESTS,helper_reachable,"Runtime path exists, but direct test evidence is missing. Structural/helper callable: cannot exceed C+ without direct contract tests and parent-surface proof. Product terrain domain lacks attached live visual golden/render proof."
veilbreakers_terrain/handlers/_terrain_noise.py,fbm_iq,fbm_iq,510,function,runtime_handler,terrain_shape,HOUDINI_ERODE|GAEA_EROSION2|WORLDENGINE|FASTNOISELITE|FROSTBITE_TERRAIN,Use deterministic seeded coherent noise with macro/meso/micro layers; drive mountains/hills/flats/cliffs from explicit terrain family controls; apply multi-scale erosion/deposition masks; verify tiled seams and rendered landform readability.,C+,ADD_LIVE_VISUAL_GOLDEN,helper_reachable,"Runtime/test evidence exists, but strict AAA evidence is incomplete. Structural/helper callable: cannot exceed C+ without direct contract tests and parent-surface proof. Product terrain domain lacks attached live visual golden/render proof."
veilbreakers_terrain/handlers/_terrain_noise.py,phacelle_noise_simple,phacelle_noise_simple,569,function,runtime_handler,terrain_shape,HOUDINI_ERODE|GAEA_EROSION2|WORLDENGINE|FASTNOISELITE|FROSTBITE_TERRAIN,Use deterministic seeded coherent noise with macro/meso/micro layers; drive mountains/hills/flats/cliffs from explicit terrain family controls; apply multi-scale erosion/deposition masks; verify tiled seams and rendered landform readability.,C,WIRE_OR_DEPRECATE,test_only_or_unwired,Wiring scan status is test_only_or_unwired; production path is not proven. Structural/helper callable: cannot exceed C+ without direct contract tests and parent-surface proof. Product terrain domain lacks attached live visual golden/render proof.
veilbreakers_terrain/handlers/_terrain_noise.py,phacelle_noise_simple._hash_float,_hash_float,601,nested_function,runtime_handler,terrain_shape,HOUDINI_ERODE|GAEA_EROSION2|WORLDENGINE|FASTNOISELITE|FROSTBITE_TERRAIN,Use deterministic seeded coherent noise with macro/meso/micro layers; drive mountains/hills/flats/cliffs from explicit terrain family controls; apply multi-scale erosion/deposition masks; verify tiled seams and rendered landform readability.,C,ADD_DIRECT_TESTS,helper_reachable,"Runtime path exists, but direct test evidence is missing. Structural/helper callable: cannot exceed C+ without direct contract tests and parent-surface proof. Product terrain domain lacks attached live visual golden/render proof."
veilbreakers_terrain/handlers/_terrain_noise.py,_hash2_scalar,_hash2_scalar,647,function,runtime_handler,terrain_shape,HOUDINI_ERODE|GAEA_EROSION2|WORLDENGINE|FASTNOISELITE|FROSTBITE_TERRAIN,Use deterministic seeded coherent noise with macro/meso/micro layers; drive mountains/hills/flats/cliffs from explicit terrain family controls; apply multi-scale erosion/deposition masks; verify tiled seams and rendered landform readability.,C,ADD_DIRECT_TESTS,helper_reachable,"Runtime path exists, but direct test evidence is missing. Structural/helper callable: cannot exceed C+ without direct contract tests and parent-surface proof. Product terrain domain lacks attached live visual golden/render proof."
veilbreakers_terrain/handlers/_terrain_noise.py,_smoothstep,_smoothstep,661,function,runtime_handler,terrain_shape,HOUDINI_ERODE|GAEA_EROSION2|WORLDENGINE|FASTNOISELITE|FROSTBITE_TERRAIN,Use deterministic seeded coherent noise with macro/meso/micro layers; drive mountains/hills/flats/cliffs from explicit terrain family controls; apply multi-scale erosion/deposition masks; verify tiled seams and rendered landform readability.,C,ADD_DIRECT_TESTS,helper_reachable,"Runtime path exists, but direct test evidence is missing. Structural/helper callable: cannot exceed C+ without direct contract tests and parent-surface proof. Product terrain domain lacks attached live visual golden/render proof."
veilbreakers_terrain/handlers/_terrain_noise.py,voronoise,voronoise,669,function,runtime_handler,terrain_shape,HOUDINI_ERODE|GAEA_EROSION2|WORLDENGINE|FASTNOISELITE|FROSTBITE_TERRAIN,Use deterministic seeded coherent noise with macro/meso/micro layers; drive mountains/hills/flats/cliffs from explicit terrain family controls; apply multi-scale erosion/deposition masks; verify tiled seams and rendered landform readability.,C,WIRE_OR_DEPRECATE,test_only_or_unwired,Wiring scan status is test_only_or_unwired; production path is not proven. Structural/helper callable: cannot exceed C+ without direct contract tests and parent-surface proof. Product terrain domain lacks attached live visual golden/render proof.
veilbreakers_terrain/handlers/_terrain_noise.py,domain_warp_fbm,domain_warp_fbm,738,function,runtime_handler,terrain_shape,HOUDINI_ERODE|GAEA_EROSION2|WORLDENGINE|FASTNOISELITE|FROSTBITE_TERRAIN,Use deterministic seeded coherent noise with macro/meso/micro layers; drive mountains/hills/flats/cliffs from explicit terrain family controls; apply multi-scale erosion/deposition masks; verify tiled seams and rendered landform readability.,C,WIRE_OR_DEPRECATE,test_only_or_unwired,Wiring scan status is test_only_or_unwired; production path is not proven. Structural/helper callable: cannot exceed C+ without direct contract tests and parent-surface proof. Product terrain domain lacks attached live visual golden/render proof.
veilbreakers_terrain/handlers/_terrain_noise.py,_cellular_f1_f2,_cellular_f1_f2,814,function,runtime_handler,terrain_shape,HOUDINI_ERODE|GAEA_EROSION2|WORLDENGINE|FASTNOISELITE|FROSTBITE_TERRAIN,Use deterministic seeded coherent noise with macro/meso/micro layers; drive mountains/hills/flats/cliffs from explicit terrain family controls; apply multi-scale erosion/deposition masks; verify tiled seams and rendered landform readability.,C,ADD_DIRECT_TESTS,helper_reachable,"Runtime path exists, but direct test evidence is missing. Structural/helper callable: cannot exceed C+ without direct contract tests and parent-surface proof. Product terrain domain lacks attached live visual golden/render proof."
veilbreakers_terrain/handlers/_terrain_noise.py,cellular_smin,cellular_smin,847,function,runtime_handler,terrain_shape,HOUDINI_ERODE|GAEA_EROSION2|WORLDENGINE|FASTNOISELITE|FROSTBITE_TERRAIN,Use deterministic seeded coherent noise with macro/meso/micro layers; drive mountains/hills/flats/cliffs from explicit terrain family controls; apply multi-scale erosion/deposition masks; verify tiled seams and rendered landform readability.,C,WIRE_OR_DEPRECATE,test_only_or_unwired,Wiring scan status is test_only_or_unwired; production path is not proven. Structural/helper callable: cannot exceed C+ without direct contract tests and parent-surface proof. Product terrain domain lacks attached live visual golden/render proof.
veilbreakers_terrain/handlers/_terrain_noise.py,_apply_geological_constraints,_apply_geological_constraints,1111,function,runtime_handler,terrain_shape,HOUDINI_ERODE|GAEA_EROSION2|WORLDENGINE|FASTNOISELITE|FROSTBITE_TERRAIN,Use deterministic seeded coherent noise with macro/meso/micro layers; drive mountains/hills/flats/cliffs from explicit terrain family controls; apply multi-scale erosion/deposition masks; verify tiled seams and rendered landform readability.,C,ADD_DIRECT_TESTS,helper_reachable,"Runtime path exists, but direct test evidence is missing. Structural/helper callable: cannot exceed C+ without direct contract tests and parent-surface proof. Product terrain domain lacks attached live visual golden/render proof."
veilbreakers_terrain/handlers/_terrain_noise.py,generate_heightmap,generate_heightmap,1187,function,runtime_handler,terrain_shape,HOUDINI_ERODE|GAEA_EROSION2|WORLDENGINE|FASTNOISELITE|FROSTBITE_TERRAIN,Use deterministic seeded coherent noise with macro/meso/micro layers; drive mountains/hills/flats/cliffs from explicit terrain family controls; apply multi-scale erosion/deposition masks; verify tiled seams and rendered landform readability.,C+,ADD_LIVE_VISUAL_GOLDEN,helper_reachable,"Runtime/test evidence exists, but strict AAA evidence is incomplete. Structural/helper callable: cannot exceed C+ without direct contract tests and parent-surface proof. Product terrain domain lacks attached live visual golden/render proof."
veilbreakers_terrain/handlers/_terrain_noise.py,_apply_terrain_preset,_apply_terrain_preset,1383,function,runtime_handler,terrain_shape,HOUDINI_ERODE|GAEA_EROSION2|WORLDENGINE|FASTNOISELITE|FROSTBITE_TERRAIN,Use deterministic seeded coherent noise with macro/meso/micro layers; drive mountains/hills/flats/cliffs from explicit terrain family controls; apply multi-scale erosion/deposition masks; verify tiled seams and rendered landform readability.,C,ADD_DIRECT_TESTS,helper_reachable,"Runtime path exists, but direct test evidence is missing. Structural/helper callable: cannot exceed C+ without direct contract tests and parent-surface proof. Product terrain domain lacks attached live visual golden/render proof."
veilbreakers_terrain/handlers/_terrain_noise.py,_theoretical_max_amplitude,_theoretical_max_amplitude,1491,function,runtime_handler,terrain_shape,HOUDINI_ERODE|GAEA_EROSION2|WORLDENGINE|FASTNOISELITE|FROSTBITE_TERRAIN,Use deterministic seeded coherent noise with macro/meso/micro layers; drive mountains/hills/flats/cliffs from explicit terrain family controls; apply multi-scale erosion/deposition masks; verify tiled seams and rendered landform readability.,C+,ADD_LIVE_VISUAL_GOLDEN,helper_reachable,"Runtime/test evidence exists, but strict AAA evidence is incomplete. Structural/helper callable: cannot exceed C+ without direct contract tests and parent-surface proof. Product terrain domain lacks attached live visual golden/render proof."
veilbreakers_terrain/handlers/_terrain_noise.py,_compute_slope_gradient,_compute_slope_gradient,1506,function,runtime_handler,terrain_shape,HOUDINI_ERODE|GAEA_EROSION2|WORLDENGINE|FASTNOISELITE|FROSTBITE_TERRAIN,Use deterministic seeded coherent noise with macro/meso/micro layers; drive mountains/hills/flats/cliffs from explicit terrain family controls; apply multi-scale erosion/deposition masks; verify tiled seams and rendered landform readability.,C,ADD_DIRECT_TESTS,helper_reachable,"Runtime path exists, but direct test evidence is missing. Structural/helper callable: cannot exceed C+ without direct contract tests and parent-surface proof. Product terrain domain lacks attached live visual golden/render proof."
veilbreakers_terrain/handlers/_terrain_noise.py,compute_slope_map_radians,compute_slope_map_radians,1527,function,runtime_handler,terrain_shape,HOUDINI_ERODE|GAEA_EROSION2|WORLDENGINE|FASTNOISELITE|FROSTBITE_TERRAIN,Use deterministic seeded coherent noise with macro/meso/micro layers; drive mountains/hills/flats/cliffs from explicit terrain family controls; apply multi-scale erosion/deposition masks; verify tiled seams and rendered landform readability.,C+,ADD_LIVE_VISUAL_GOLDEN,helper_reachable,"Runtime/test evidence exists, but strict AAA evidence is incomplete. Structural/helper callable: cannot exceed C+ without direct contract tests and parent-surface proof. Product terrain domain lacks attached live visual golden/render proof."
veilbreakers_terrain/handlers/_terrain_noise.py,compute_slope_map_degrees,compute_slope_map_degrees,1553,function,runtime_handler,terrain_shape,HOUDINI_ERODE|GAEA_EROSION2|WORLDENGINE|FASTNOISELITE|FROSTBITE_TERRAIN,Use deterministic seeded coherent noise with macro/meso/micro layers; drive mountains/hills/flats/cliffs from explicit terrain family controls; apply multi-scale erosion/deposition masks; verify tiled seams and rendered landform readability.,C,WIRE_OR_DEPRECATE,test_only_or_unwired,Wiring scan status is test_only_or_unwired; production path is not proven. Structural/helper callable: cannot exceed C+ without direct contract tests and parent-surface proof. Product terrain domain lacks attached live visual golden/render proof.
veilbreakers_terrain/handlers/_terrain_noise.py,_neighbors,_neighbors,1653,function,runtime_handler,terrain_shape,HOUDINI_ERODE|GAEA_EROSION2|WORLDENGINE|FASTNOISELITE|FROSTBITE_TERRAIN,Use deterministic seeded coherent noise with macro/meso/micro layers; drive mountains/hills/flats/cliffs from explicit terrain family controls; apply multi-scale erosion/deposition masks; verify tiled seams and rendered landform readability.,C,ADD_DIRECT_TESTS,helper_reachable,"Runtime path exists, but direct test evidence is missing. Structural/helper callable: cannot exceed C+ without direct contract tests and parent-surface proof. Product terrain domain lacks attached live visual golden/render proof."
veilbreakers_terrain/handlers/_terrain_noise.py,_fill_8connected_gaps,_fill_8connected_gaps,1663,function,runtime_handler,terrain_shape,HOUDINI_ERODE|GAEA_EROSION2|WORLDENGINE|FASTNOISELITE|FROSTBITE_TERRAIN,Use deterministic seeded coherent noise with macro/meso/micro layers; drive mountains/hills/flats/cliffs from explicit terrain family controls; apply multi-scale erosion/deposition masks; verify tiled seams and rendered landform readability.,C+,ADD_LIVE_VISUAL_GOLDEN,helper_reachable,"Runtime/test evidence exists, but strict AAA evidence is incomplete. Structural/helper callable: cannot exceed C+ without direct contract tests and parent-surface proof. Product terrain domain lacks attached live visual golden/render proof."
veilbreakers_terrain/handlers/_terrain_noise.py,_legacy_astar,_legacy_astar,1684,function,runtime_handler,terrain_shape,HOUDINI_ERODE|GAEA_EROSION2|WORLDENGINE|FASTNOISELITE|FROSTBITE_TERRAIN,Use deterministic seeded coherent noise with macro/meso/micro layers; drive mountains/hills/flats/cliffs from explicit terrain family controls; apply multi-scale erosion/deposition masks; verify tiled seams and rendered landform readability.,C+,ADD_LIVE_VISUAL_GOLDEN,helper_reachable,"Runtime/test evidence exists, but strict AAA evidence is incomplete. Structural/helper callable: cannot exceed C+ without direct contract tests and parent-surface proof. Product terrain domain lacks attached live visual golden/render proof."
veilbreakers_terrain/handlers/_terrain_noise.py,_legacy_astar.heuristic,heuristic,1741,nested_function,runtime_handler,terrain_shape,HOUDINI_ERODE|GAEA_EROSION2|WORLDENGINE|FASTNOISELITE|FROSTBITE_TERRAIN,Use deterministic seeded coherent noise with macro/meso/micro layers; drive mountains/hills/flats/cliffs from explicit terrain family controls; apply multi-scale erosion/deposition masks; verify tiled seams and rendered landform readability.,C,ADD_DIRECT_TESTS,helper_reachable,"Runtime path exists, but direct test evidence is missing. Structural/helper callable: cannot exceed C+ without direct contract tests and parent-surface proof. Product terrain domain lacks attached live visual golden/render proof."
veilbreakers_terrain/handlers/_terrain_noise.py,_catmull_rom_segment,_catmull_rom_segment,2055,function,runtime_handler,terrain_shape,HOUDINI_ERODE|GAEA_EROSION2|WORLDENGINE|FASTNOISELITE|FROSTBITE_TERRAIN,Use deterministic seeded coherent noise with macro/meso/micro layers; drive mountains/hills/flats/cliffs from explicit terrain family controls; apply multi-scale erosion/deposition masks; verify tiled seams and rendered landform readability.,C+,ADD_LIVE_VISUAL_GOLDEN,helper_reachable,"Runtime/test evidence exists, but strict AAA evidence is incomplete. Structural/helper callable: cannot exceed C+ without direct contract tests and parent-surface proof. Product terrain domain lacks attached live visual golden/render proof."
veilbreakers_terrain/handlers/_terrain_noise.py,_duplicate_sharp_corners,_duplicate_sharp_corners,2084,function,runtime_handler,terrain_shape,HOUDINI_ERODE|GAEA_EROSION2|WORLDENGINE|FASTNOISELITE|FROSTBITE_TERRAIN,Use deterministic seeded coherent noise with macro/meso/micro layers; drive mountains/hills/flats/cliffs from explicit terrain family controls; apply multi-scale erosion/deposition masks; verify tiled seams and rendered landform readability.,C+,ADD_LIVE_VISUAL_GOLDEN,helper_reachable,"Runtime/test evidence exists, but strict AAA evidence is incomplete. Structural/helper callable: cannot exceed C+ without direct contract tests and parent-surface proof. Product terrain domain lacks attached live visual golden/render proof."
veilbreakers_terrain/handlers/_terrain_noise.py,hydraulic_erosion,hydraulic_erosion,2145,function,runtime_handler,terrain_shape,HOUDINI_ERODE|GAEA_EROSION2|WORLDENGINE|FASTNOISELITE|FROSTBITE_TERRAIN,Use deterministic seeded coherent noise with macro/meso/micro layers; drive mountains/hills/flats/cliffs from explicit terrain family controls; apply multi-scale erosion/deposition masks; verify tiled seams and rendered landform readability.,C,WIRE_OR_DEPRECATE,test_only_or_unwired,Wiring scan status is test_only_or_unwired; production path is not proven. Structural/helper callable: cannot exceed C+ without direct contract tests and parent-surface proof. Product terrain domain lacks attached live visual golden/render proof.
veilbreakers_terrain/handlers/_terrain_noise.py,ridged_multifractal,ridged_multifractal,2441,function,runtime_handler,terrain_shape,HOUDINI_ERODE|GAEA_EROSION2|WORLDENGINE|FASTNOISELITE|FROSTBITE_TERRAIN,Use deterministic seeded coherent noise with macro/meso/micro layers; drive mountains/hills/flats/cliffs from explicit terrain family controls; apply multi-scale erosion/deposition masks; verify tiled seams and rendered landform readability.,C,WIRE_OR_DEPRECATE,test_only_or_unwired,Wiring scan status is test_only_or_unwired; production path is not proven. Structural/helper callable: cannot exceed C+ without direct contract tests and parent-surface proof. Product terrain domain lacks attached live visual golden/render proof.
veilbreakers_terrain/handlers/_terrain_noise.py,ridged_multifractal_array,ridged_multifractal_array,2512,function,runtime_handler,terrain_shape,HOUDINI_ERODE|GAEA_EROSION2|WORLDENGINE|FASTNOISELITE|FROSTBITE_TERRAIN,Use deterministic seeded coherent noise with macro/meso/micro layers; drive mountains/hills/flats/cliffs from explicit terrain family controls; apply multi-scale erosion/deposition masks; verify tiled seams and rendered landform readability.,C+,ADD_LIVE_VISUAL_GOLDEN,helper_reachable,"Runtime/test evidence exists, but strict AAA evidence is incomplete. Structural/helper callable: cannot exceed C+ without direct contract tests and parent-surface proof. Product terrain domain lacks attached live visual golden/render proof."
veilbreakers_terrain/handlers/_terrain_noise.py,domain_warp,domain_warp,2573,function,runtime_handler,terrain_shape,HOUDINI_ERODE|GAEA_EROSION2|WORLDENGINE|FASTNOISELITE|FROSTBITE_TERRAIN,Use deterministic seeded coherent noise with macro/meso/micro layers; drive mountains/hills/flats/cliffs from explicit terrain family controls; apply multi-scale erosion/deposition masks; verify tiled seams and rendered landform readability.,D+,WIRE_OR_DEPRECATE,orphan_candidate,Wiring scan marks this as orphan_candidate. Structural/helper callable: cannot exceed C+ without direct contract tests and parent-surface proof. Product terrain domain lacks attached live visual golden/render proof.
veilbreakers_terrain/handlers/_terrain_noise.py,domain_warp_array,domain_warp_array,2621,function,runtime_handler,terrain_shape,HOUDINI_ERODE|GAEA_EROSION2|WORLDENGINE|FASTNOISELITE|FROSTBITE_TERRAIN,Use deterministic seeded coherent noise with macro/meso/micro layers; drive mountains/hills/flats/cliffs from explicit terrain family controls; apply multi-scale erosion/deposition masks; verify tiled seams and rendered landform readability.,C,ADD_DIRECT_TESTS,helper_reachable,"Runtime path exists, but direct test evidence is missing. Structural/helper callable: cannot exceed C+ without direct contract tests and parent-surface proof. Product terrain domain lacks attached live visual golden/render proof."
veilbreakers_terrain/handlers/_terrain_noise.py,generate_heightmap_ridged,generate_heightmap_ridged,2803,function,runtime_handler,terrain_shape,HOUDINI_ERODE|GAEA_EROSION2|WORLDENGINE|FASTNOISELITE|FROSTBITE_TERRAIN,Use deterministic seeded coherent noise with macro/meso/micro layers; drive mountains/hills/flats/cliffs from explicit terrain family controls; apply multi-scale erosion/deposition masks; verify tiled seams and rendered landform readability.,C+,ADD_LIVE_VISUAL_GOLDEN,helper_reachable,"Runtime/test evidence exists, but strict AAA evidence is incomplete. Structural/helper callable: cannot exceed C+ without direct contract tests and parent-surface proof. Product terrain domain lacks attached live visual golden/render proof."
veilbreakers_terrain/handlers/_terrain_noise.py,generate_heightmap_with_noise_type,generate_heightmap_with_noise_type,2867,function,runtime_handler,terrain_shape,HOUDINI_ERODE|GAEA_EROSION2|WORLDENGINE|FASTNOISELITE|FROSTBITE_TERRAIN,Use deterministic seeded coherent noise with macro/meso/micro layers; drive mountains/hills/flats/cliffs from explicit terrain family controls; apply multi-scale erosion/deposition masks; verify tiled seams and rendered landform readability.,C,WIRE_OR_DEPRECATE,test_only_or_unwired,Wiring scan status is test_only_or_unwired; production path is not proven. Structural/helper callable: cannot exceed C+ without direct contract tests and parent-surface proof. Product terrain domain lacks attached live visual golden/render proof.
veilbreakers_terrain/handlers/_terrain_world.py,_sample_single_height,_sample_single_height,55,function,runtime_handler,terrain_shape,HOUDINI_ERODE|GAEA_EROSION2|WORLDENGINE|FASTNOISELITE|FROSTBITE_TERRAIN,Use deterministic seeded coherent noise with macro/meso/micro layers; drive mountains/hills/flats/cliffs from explicit terrain family controls; apply multi-scale erosion/deposition masks; verify tiled seams and rendered landform readability.,C,ADD_DIRECT_TESTS,helper_reachable,"Runtime path exists, but direct test evidence is missing. Structural/helper callable: cannot exceed C+ without direct contract tests and parent-surface proof. Product terrain domain lacks attached live visual golden/render proof."
veilbreakers_terrain/handlers/_terrain_world.py,sample_world_height,sample_world_height,82,function,runtime_handler,terrain_shape,HOUDINI_ERODE|GAEA_EROSION2|WORLDENGINE|FASTNOISELITE|FROSTBITE_TERRAIN,Use deterministic seeded coherent noise with macro/meso/micro layers; drive mountains/hills/flats/cliffs from explicit terrain family controls; apply multi-scale erosion/deposition masks; verify tiled seams and rendered landform readability.,C,WIRE_OR_DEPRECATE,test_only_or_unwired,Wiring scan status is test_only_or_unwired; production path is not proven. Structural/helper callable: cannot exceed C+ without direct contract tests and parent-surface proof. Product terrain domain lacks attached live visual golden/render proof.
veilbreakers_terrain/handlers/_terrain_world.py,generate_world_heightmap,generate_world_heightmap,122,function,runtime_handler,terrain_shape,HOUDINI_ERODE|GAEA_EROSION2|WORLDENGINE|FASTNOISELITE|FROSTBITE_TERRAIN,Use deterministic seeded coherent noise with macro/meso/micro layers; drive mountains/hills/flats/cliffs from explicit terrain family controls; apply multi-scale erosion/deposition masks; verify tiled seams and rendered landform readability.,C+,ADD_LIVE_VISUAL_GOLDEN,helper_reachable,"Runtime/test evidence exists, but strict AAA evidence is incomplete. Product terrain domain lacks attached live visual golden/render proof."
veilbreakers_terrain/handlers/_terrain_world.py,extract_tile,extract_tile,259,function,runtime_handler,terrain_shape,HOUDINI_ERODE|GAEA_EROSION2|WORLDENGINE|FASTNOISELITE|FROSTBITE_TERRAIN,Use deterministic seeded coherent noise with macro/meso/micro layers; drive mountains/hills/flats/cliffs from explicit terrain family controls; apply multi-scale erosion/deposition masks; verify tiled seams and rendered landform readability.,C+,ADD_LIVE_VISUAL_GOLDEN,helper_reachable,"Runtime/test evidence exists, but strict AAA evidence is incomplete. Product terrain domain lacks attached live visual golden/render proof."
veilbreakers_terrain/handlers/_terrain_world.py,erode_world_heightmap,erode_world_heightmap,333,function,runtime_handler,terrain_shape,HOUDINI_ERODE|GAEA_EROSION2|WORLDENGINE|FASTNOISELITE|FROSTBITE_TERRAIN,Use deterministic seeded coherent noise with macro/meso/micro layers; drive mountains/hills/flats/cliffs from explicit terrain family controls; apply multi-scale erosion/deposition masks; verify tiled seams and rendered landform readability.,C+,ADD_LIVE_VISUAL_GOLDEN,helper_reachable,"Runtime/test evidence exists, but strict AAA evidence is incomplete. Product terrain domain lacks attached live visual golden/render proof."
veilbreakers_terrain/handlers/_terrain_world.py,world_region_dimensions,world_region_dimensions,497,function,runtime_handler,terrain_shape,HOUDINI_ERODE|GAEA_EROSION2|WORLDENGINE|FASTNOISELITE|FROSTBITE_TERRAIN,Use deterministic seeded coherent noise with macro/meso/micro layers; drive mountains/hills/flats/cliffs from explicit terrain family controls; apply multi-scale erosion/deposition masks; verify tiled seams and rendered landform readability.,D+,WIRE_OR_DEPRECATE,orphan_candidate,Wiring scan marks this as orphan_candidate. Structural/helper callable: cannot exceed C+ without direct contract tests and parent-surface proof. Product terrain domain lacks attached live visual golden/render proof.
veilbreakers_terrain/handlers/_terrain_world.py,_terrain_type_from_intent,_terrain_type_from_intent,513,function,runtime_handler,terrain_shape,HOUDINI_ERODE|GAEA_EROSION2|WORLDENGINE|FASTNOISELITE|FROSTBITE_TERRAIN,Use deterministic seeded coherent noise with macro/meso/micro layers; drive mountains/hills/flats/cliffs from explicit terrain family controls; apply multi-scale erosion/deposition masks; verify tiled seams and rendered landform readability.,C,ADD_DIRECT_TESTS,helper_reachable,"Runtime path exists, but direct test evidence is missing. Structural/helper callable: cannot exceed C+ without direct contract tests and parent-surface proof. Product terrain domain lacks attached live visual golden/render proof."
veilbreakers_terrain/handlers/_terrain_world.py,_apply_post_height_seams,_apply_post_height_seams,549,function,runtime_handler,terrain_shape,HOUDINI_ERODE|GAEA_EROSION2|WORLDENGINE|FASTNOISELITE|FROSTBITE_TERRAIN,Use deterministic seeded coherent noise with macro/meso/micro layers; drive mountains/hills/flats/cliffs from explicit terrain family controls; apply multi-scale erosion/deposition masks; verify tiled seams and rendered landform readability.,C,ADD_DIRECT_TESTS,helper_reachable,"Runtime path exists, but direct test evidence is missing. Structural/helper callable: cannot exceed C+ without direct contract tests and parent-surface proof. Product terrain domain lacks attached live visual golden/render proof."
veilbreakers_terrain/handlers/_terrain_world.py,pass_generate_low_freq_hmap,pass_generate_low_freq_hmap,565,function,runtime_handler,terrain_shape,HOUDINI_ERODE|GAEA_EROSION2|WORLDENGINE|FASTNOISELITE|FROSTBITE_TERRAIN,Use deterministic seeded coherent noise with macro/meso/micro layers; drive mountains/hills/flats/cliffs from explicit terrain family controls; apply multi-scale erosion/deposition masks; verify tiled seams and rendered landform readability.,C+,ADD_LIVE_VISUAL_GOLDEN,runtime_primary,"Runtime/test evidence exists, but strict AAA evidence is incomplete. Product terrain domain lacks attached live visual golden/render proof."
veilbreakers_terrain/handlers/_terrain_world.py,pass_generate_high_freq_detail,pass_generate_high_freq_detail,626,function,runtime_handler,terrain_shape,HOUDINI_ERODE|GAEA_EROSION2|WORLDENGINE|FASTNOISELITE|FROSTBITE_TERRAIN,Use deterministic seeded coherent noise with macro/meso/micro layers; drive mountains/hills/flats/cliffs from explicit terrain family controls; apply multi-scale erosion/deposition masks; verify tiled seams and rendered landform readability.,C+,ADD_LIVE_VISUAL_GOLDEN,runtime_primary,"Runtime/test evidence exists, but strict AAA evidence is incomplete. Product terrain domain lacks attached live visual golden/render proof."
veilbreakers_terrain/handlers/_terrain_world.py,pass_composite_hmap,pass_composite_hmap,685,function,runtime_handler,terrain_shape,HOUDINI_ERODE|GAEA_EROSION2|WORLDENGINE|FASTNOISELITE|FROSTBITE_TERRAIN,Use deterministic seeded coherent noise with macro/meso/micro layers; drive mountains/hills/flats/cliffs from explicit terrain family controls; apply multi-scale erosion/deposition masks; verify tiled seams and rendered landform readability.,C+,ADD_LIVE_VISUAL_GOLDEN,runtime_primary,"Runtime/test evidence exists, but strict AAA evidence is incomplete. Product terrain domain lacks attached live visual golden/render proof."
veilbreakers_terrain/handlers/_terrain_world.py,_region_slice,_region_slice,738,function,runtime_handler,terrain_shape,HOUDINI_ERODE|GAEA_EROSION2|WORLDENGINE|FASTNOISELITE|FROSTBITE_TERRAIN,Use deterministic seeded coherent noise with macro/meso/micro layers; drive mountains/hills/flats/cliffs from explicit terrain family controls; apply multi-scale erosion/deposition masks; verify tiled seams and rendered landform readability.,C+,ADD_LIVE_VISUAL_GOLDEN,helper_reachable,"Runtime/test evidence exists, but strict AAA evidence is incomplete. Structural/helper callable: cannot exceed C+ without direct contract tests and parent-surface proof. Product terrain domain lacks attached live visual golden/render proof."
veilbreakers_terrain/handlers/_terrain_world.py,_protected_mask,_protected_mask,755,function,runtime_handler,terrain_shape,HOUDINI_ERODE|GAEA_EROSION2|WORLDENGINE|FASTNOISELITE|FROSTBITE_TERRAIN,Use deterministic seeded coherent noise with macro/meso/micro layers; drive mountains/hills/flats/cliffs from explicit terrain family controls; apply multi-scale erosion/deposition masks; verify tiled seams and rendered landform readability.,C+,ADD_LIVE_VISUAL_GOLDEN,helper_reachable,"Runtime/test evidence exists, but strict AAA evidence is incomplete. Structural/helper callable: cannot exceed C+ without direct contract tests and parent-surface proof. Product terrain domain lacks attached live visual golden/render proof."
veilbreakers_terrain/handlers/_terrain_world.py,pass_macro_world,pass_macro_world,784,function,runtime_handler,terrain_shape,HOUDINI_ERODE|GAEA_EROSION2|WORLDENGINE|FASTNOISELITE|FROSTBITE_TERRAIN,Use deterministic seeded coherent noise with macro/meso/micro layers; drive mountains/hills/flats/cliffs from explicit terrain family controls; apply multi-scale erosion/deposition masks; verify tiled seams and rendered landform readability.,C+,ADD_LIVE_VISUAL_GOLDEN,runtime_primary,"Runtime/test evidence exists, but strict AAA evidence is incomplete. Product terrain domain lacks attached live visual golden/render proof."
veilbreakers_terrain/handlers/_terrain_world.py,pass_structural_masks,pass_structural_masks,1022,function,runtime_handler,terrain_shape,HOUDINI_ERODE|GAEA_EROSION2|WORLDENGINE|FASTNOISELITE|FROSTBITE_TERRAIN,Use deterministic seeded coherent noise with macro/meso/micro layers; drive mountains/hills/flats/cliffs from explicit terrain family controls; apply multi-scale erosion/deposition masks; verify tiled seams and rendered landform readability.,C+,ADD_LIVE_VISUAL_GOLDEN,runtime_primary,"Runtime/test evidence exists, but strict AAA evidence is incomplete. Product terrain domain lacks attached live visual golden/render proof."
veilbreakers_terrain/handlers/_terrain_world.py,pass_erosion,pass_erosion,1064,function,runtime_handler,terrain_shape,HOUDINI_ERODE|GAEA_EROSION2|WORLDENGINE|FASTNOISELITE|FROSTBITE_TERRAIN,Use deterministic seeded coherent noise with macro/meso/micro layers; drive mountains/hills/flats/cliffs from explicit terrain family controls; apply multi-scale erosion/deposition masks; verify tiled seams and rendered landform readability.,C+,ADD_LIVE_VISUAL_GOLDEN,runtime_primary,"Runtime/test evidence exists, but strict AAA evidence is incomplete. Product terrain domain lacks attached live visual golden/render proof."
veilbreakers_terrain/handlers/_terrain_world.py,pass_validation_minimal,pass_validation_minimal,1354,function,runtime_handler,terrain_shape,HOUDINI_ERODE|GAEA_EROSION2|WORLDENGINE|FASTNOISELITE|FROSTBITE_TERRAIN,Use deterministic seeded coherent noise with macro/meso/micro layers; drive mountains/hills/flats/cliffs from explicit terrain family controls; apply multi-scale erosion/deposition masks; verify tiled seams and rendered landform readability.,C,ADD_DIRECT_TESTS,runtime_primary,"Runtime path exists, but direct test evidence is missing. Product terrain domain lacks attached live visual golden/render proof."
veilbreakers_terrain/handlers/coastline.py,_hash_noise,_hash_noise,108,function,runtime_handler,terrain_shape,HOUDINI_ERODE|GAEA_EROSION2|WORLDENGINE|FASTNOISELITE|FROSTBITE_TERRAIN,Use deterministic seeded coherent noise with macro/meso/micro layers; drive mountains/hills/flats/cliffs from explicit terrain family controls; apply multi-scale erosion/deposition masks; verify tiled seams and rendered landform readability.,C+,ADD_LIVE_VISUAL_GOLDEN,helper_reachable,"Runtime/test evidence exists, but strict AAA evidence is incomplete. Structural/helper callable: cannot exceed C+ without direct contract tests and parent-surface proof. Product terrain domain lacks attached live visual golden/render proof."
veilbreakers_terrain/handlers/coastline.py,_hash_noise._corner,_corner,125,nested_function,runtime_handler,terrain_shape,HOUDINI_ERODE|GAEA_EROSION2|WORLDENGINE|FASTNOISELITE|FROSTBITE_TERRAIN,Use deterministic seeded coherent noise with macro/meso/micro layers; drive mountains/hills/flats/cliffs from explicit terrain family controls; apply multi-scale erosion/deposition masks; verify tiled seams and rendered landform readability.,C,ADD_DIRECT_TESTS,helper_reachable,"Runtime path exists, but direct test evidence is missing. Structural/helper callable: cannot exceed C+ without direct contract tests and parent-surface proof. Product terrain domain lacks attached live visual golden/render proof."
veilbreakers_terrain/handlers/coastline.py,_fbm_noise,_fbm_noise,139,function,runtime_handler,terrain_shape,HOUDINI_ERODE|GAEA_EROSION2|WORLDENGINE|FASTNOISELITE|FROSTBITE_TERRAIN,Use deterministic seeded coherent noise with macro/meso/micro layers; drive mountains/hills/flats/cliffs from explicit terrain family controls; apply multi-scale erosion/deposition masks; verify tiled seams and rendered landform readability.,C+,ADD_LIVE_VISUAL_GOLDEN,helper_reachable,"Runtime/test evidence exists, but strict AAA evidence is incomplete. Structural/helper callable: cannot exceed C+ without direct contract tests and parent-surface proof. Product terrain domain lacks attached live visual golden/render proof."
veilbreakers_terrain/handlers/coastline.py,apply_coastal_erosion,apply_coastal_erosion,1019,function,runtime_handler,terrain_shape,HOUDINI_ERODE|GAEA_EROSION2|WORLDENGINE|FASTNOISELITE|FROSTBITE_TERRAIN,Use deterministic seeded coherent noise with macro/meso/micro layers; drive mountains/hills/flats/cliffs from explicit terrain family controls; apply multi-scale erosion/deposition masks; verify tiled seams and rendered landform readability.,C+,ADD_LIVE_VISUAL_GOLDEN,helper_reachable,"Runtime/test evidence exists, but strict AAA evidence is incomplete. Product terrain domain lacks attached live visual golden/render proof."
veilbreakers_terrain/handlers/environment.py,_object_world_xyz,_object_world_xyz,216,function,runtime_handler,terrain_shape,HOUDINI_ERODE|GAEA_EROSION2|WORLDENGINE|FASTNOISELITE|FROSTBITE_TERRAIN,Use deterministic seeded coherent noise with macro/meso/micro layers; drive mountains/hills/flats/cliffs from explicit terrain family controls; apply multi-scale erosion/deposition masks; verify tiled seams and rendered landform readability.,C,ADD_DIRECT_TESTS,helper_reachable,"Runtime path exists, but direct test evidence is missing. Structural/helper callable: cannot exceed C+ without direct contract tests and parent-surface proof. Product terrain domain lacks attached live visual golden/render proof."
veilbreakers_terrain/handlers/environment.py,_run_height_solver_in_world_space,_run_height_solver_in_world_space,234,function,runtime_handler,terrain_shape,HOUDINI_ERODE|GAEA_EROSION2|WORLDENGINE|FASTNOISELITE|FROSTBITE_TERRAIN,Use deterministic seeded coherent noise with macro/meso/micro layers; drive mountains/hills/flats/cliffs from explicit terrain family controls; apply multi-scale erosion/deposition masks; verify tiled seams and rendered landform readability.,C+,ADD_LIVE_VISUAL_GOLDEN,helper_reachable,"Runtime/test evidence exists, but strict AAA evidence is incomplete. Structural/helper callable: cannot exceed C+ without direct contract tests and parent-surface proof. Product terrain domain lacks attached live visual golden/render proof."
veilbreakers_terrain/handlers/environment.py,_resolve_noise_sampling_scale,_resolve_noise_sampling_scale,333,function,runtime_handler,terrain_shape,HOUDINI_ERODE|GAEA_EROSION2|WORLDENGINE|FASTNOISELITE|FROSTBITE_TERRAIN,Use deterministic seeded coherent noise with macro/meso/micro layers; drive mountains/hills/flats/cliffs from explicit terrain family controls; apply multi-scale erosion/deposition masks; verify tiled seams and rendered landform readability.,C+,ADD_LIVE_VISUAL_GOLDEN,helper_reachable,"Runtime/test evidence exists, but strict AAA evidence is incomplete. Structural/helper callable: cannot exceed C+ without direct contract tests and parent-surface proof. Product terrain domain lacks attached live visual golden/render proof."
veilbreakers_terrain/handlers/environment.py,_enhance_heightmap_relief,_enhance_heightmap_relief,349,function,runtime_handler,terrain_shape,HOUDINI_ERODE|GAEA_EROSION2|WORLDENGINE|FASTNOISELITE|FROSTBITE_TERRAIN,Use deterministic seeded coherent noise with macro/meso/micro layers; drive mountains/hills/flats/cliffs from explicit terrain family controls; apply multi-scale erosion/deposition masks; verify tiled seams and rendered landform readability.,C+,ADD_LIVE_VISUAL_GOLDEN,helper_reachable,"Runtime/test evidence exists, but strict AAA evidence is incomplete. Structural/helper callable: cannot exceed C+ without direct contract tests and parent-surface proof. Product terrain domain lacks attached live visual golden/render proof."
veilbreakers_terrain/handlers/environment.py,_temper_heightmap_spikes,_temper_heightmap_spikes,374,function,runtime_handler,terrain_shape,HOUDINI_ERODE|GAEA_EROSION2|WORLDENGINE|FASTNOISELITE|FROSTBITE_TERRAIN,Use deterministic seeded coherent noise with macro/meso/micro layers; drive mountains/hills/flats/cliffs from explicit terrain family controls; apply multi-scale erosion/deposition masks; verify tiled seams and rendered landform readability.,C,ADD_DIRECT_TESTS,helper_reachable,"Runtime path exists, but direct test evidence is missing. Structural/helper callable: cannot exceed C+ without direct contract tests and parent-surface proof. Product terrain domain lacks attached live visual golden/render proof."
veilbreakers_terrain/handlers/environment.py,_export_heightmap_raw,_export_heightmap_raw,1233,function,runtime_handler,terrain_shape,HOUDINI_ERODE|GAEA_EROSION2|WORLDENGINE|FASTNOISELITE|FROSTBITE_TERRAIN,Use deterministic seeded coherent noise with macro/meso/micro layers; drive mountains/hills/flats/cliffs from explicit terrain family controls; apply multi-scale erosion/deposition masks; verify tiled seams and rendered landform readability.,C+,ADD_LIVE_VISUAL_GOLDEN,helper_reachable,"Runtime/test evidence exists, but strict AAA evidence is incomplete. Structural/helper callable: cannot exceed C+ without direct contract tests and parent-surface proof. Product terrain domain lacks attached live visual golden/render proof."
veilbreakers_terrain/handlers/environment.py,_export_world_tile_artifacts,_export_world_tile_artifacts,1313,function,runtime_handler,terrain_shape,HOUDINI_ERODE|GAEA_EROSION2|WORLDENGINE|FASTNOISELITE|FROSTBITE_TERRAIN,Use deterministic seeded coherent noise with macro/meso/micro layers; drive mountains/hills/flats/cliffs from explicit terrain family controls; apply multi-scale erosion/deposition masks; verify tiled seams and rendered landform readability.,C,ADD_DIRECT_TESTS,helper_reachable,"Runtime path exists, but direct test evidence is missing. Structural/helper callable: cannot exceed C+ without direct contract tests and parent-surface proof. Product terrain domain lacks attached live visual golden/render proof."
veilbreakers_terrain/handlers/environment.py,_resolve_height_range,_resolve_height_range,1367,function,runtime_handler,terrain_shape,HOUDINI_ERODE|GAEA_EROSION2|WORLDENGINE|FASTNOISELITE|FROSTBITE_TERRAIN,Use deterministic seeded coherent noise with macro/meso/micro layers; drive mountains/hills/flats/cliffs from explicit terrain family controls; apply multi-scale erosion/deposition masks; verify tiled seams and rendered landform readability.,C+,ADD_LIVE_VISUAL_GOLDEN,helper_reachable,"Runtime/test evidence exists, but strict AAA evidence is incomplete. Structural/helper callable: cannot exceed C+ without direct contract tests and parent-surface proof. Product terrain domain lacks attached live visual golden/render proof."
veilbreakers_terrain/handlers/environment.py,_resolve_export_height_range,_resolve_export_height_range,1407,function,runtime_handler,terrain_shape,HOUDINI_ERODE|GAEA_EROSION2|WORLDENGINE|FASTNOISELITE|FROSTBITE_TERRAIN,Use deterministic seeded coherent noise with macro/meso/micro layers; drive mountains/hills/flats/cliffs from explicit terrain family controls; apply multi-scale erosion/deposition masks; verify tiled seams and rendered landform readability.,C+,ADD_LIVE_VISUAL_GOLDEN,helper_reachable,"Runtime/test evidence exists, but strict AAA evidence is incomplete. Structural/helper callable: cannot exceed C+ without direct contract tests and parent-surface proof. Product terrain domain lacks attached live visual golden/render proof."
veilbreakers_terrain/handlers/environment.py,_terrain_grid_to_world_xy,_terrain_grid_to_world_xy,1438,function,runtime_handler,terrain_shape,HOUDINI_ERODE|GAEA_EROSION2|WORLDENGINE|FASTNOISELITE|FROSTBITE_TERRAIN,Use deterministic seeded coherent noise with macro/meso/micro layers; drive mountains/hills/flats/cliffs from explicit terrain family controls; apply multi-scale erosion/deposition masks; verify tiled seams and rendered landform readability.,C+,ADD_LIVE_VISUAL_GOLDEN,helper_reachable,"Runtime/test evidence exists, but strict AAA evidence is incomplete. Structural/helper callable: cannot exceed C+ without direct contract tests and parent-surface proof. Product terrain domain lacks attached live visual golden/render proof."
veilbreakers_terrain/handlers/environment.py,_estimate_tile_height_range,_estimate_tile_height_range,1648,function,runtime_handler,terrain_shape,HOUDINI_ERODE|GAEA_EROSION2|WORLDENGINE|FASTNOISELITE|FROSTBITE_TERRAIN,Use deterministic seeded coherent noise with macro/meso/micro layers; drive mountains/hills/flats/cliffs from explicit terrain family controls; apply multi-scale erosion/deposition masks; verify tiled seams and rendered landform readability.,C,ADD_DIRECT_TESTS,helper_reachable,"Runtime path exists, but direct test evidence is missing. Structural/helper callable: cannot exceed C+ without direct contract tests and parent-surface proof. Product terrain domain lacks attached live visual golden/render proof."
veilbreakers_terrain/handlers/environment.py,_create_terrain_mesh_from_heightmap,_create_terrain_mesh_from_heightmap,1675,function,runtime_handler,terrain_shape,HOUDINI_ERODE|GAEA_EROSION2|WORLDENGINE|FASTNOISELITE|FROSTBITE_TERRAIN,Use deterministic seeded coherent noise with macro/meso/micro layers; drive mountains/hills/flats/cliffs from explicit terrain family controls; apply multi-scale erosion/deposition masks; verify tiled seams and rendered landform readability.,C,ADD_DIRECT_TESTS,helper_reachable,"Runtime path exists, but direct test evidence is missing. Structural/helper callable: cannot exceed C+ without direct contract tests and parent-surface proof. Product terrain domain lacks attached live visual golden/render proof."
veilbreakers_terrain/handlers/environment.py,handle_generate_world_terrain,handle_generate_world_terrain,2518,function,runtime_handler,terrain_shape,HOUDINI_ERODE|GAEA_EROSION2|WORLDENGINE|FASTNOISELITE|FROSTBITE_TERRAIN,Use deterministic seeded coherent noise with macro/meso/micro layers; drive mountains/hills/flats/cliffs from explicit terrain family controls; apply multi-scale erosion/deposition masks; verify tiled seams and rendered landform readability.,C+,ADD_LIVE_VISUAL_GOLDEN,runtime_primary,"Runtime/test evidence exists, but strict AAA evidence is incomplete. Product terrain domain lacks attached live visual golden/render proof."
veilbreakers_terrain/handlers/environment.py,_terrain_world_xy_to_grid_rc,_terrain_world_xy_to_grid_rc,4111,function,runtime_handler,terrain_shape,HOUDINI_ERODE|GAEA_EROSION2|WORLDENGINE|FASTNOISELITE|FROSTBITE_TERRAIN,Use deterministic seeded coherent noise with macro/meso/micro layers; drive mountains/hills/flats/cliffs from explicit terrain family controls; apply multi-scale erosion/deposition masks; verify tiled seams and rendered landform readability.,C+,ADD_LIVE_VISUAL_GOLDEN,helper_reachable,"Runtime/test evidence exists, but strict AAA evidence is incomplete. Structural/helper callable: cannot exceed C+ without direct contract tests and parent-surface proof. Product terrain domain lacks attached live visual golden/render proof."
veilbreakers_terrain/handlers/environment.py,_build_terrain_world_height_sampler,_build_terrain_world_height_sampler,6401,function,runtime_handler,terrain_shape,HOUDINI_ERODE|GAEA_EROSION2|WORLDENGINE|FASTNOISELITE|FROSTBITE_TERRAIN,Use deterministic seeded coherent noise with macro/meso/micro layers; drive mountains/hills/flats/cliffs from explicit terrain family controls; apply multi-scale erosion/deposition masks; verify tiled seams and rendered landform readability.,C,ADD_DIRECT_TESTS,helper_reachable,"Runtime path exists, but direct test evidence is missing. Structural/helper callable: cannot exceed C+ without direct contract tests and parent-surface proof. Product terrain domain lacks attached live visual golden/render proof."
veilbreakers_terrain/handlers/environment.py,_build_terrain_world_height_sampler._sample,_sample,6426,nested_function,runtime_handler,terrain_shape,HOUDINI_ERODE|GAEA_EROSION2|WORLDENGINE|FASTNOISELITE|FROSTBITE_TERRAIN,Use deterministic seeded coherent noise with macro/meso/micro layers; drive mountains/hills/flats/cliffs from explicit terrain family controls; apply multi-scale erosion/deposition masks; verify tiled seams and rendered landform readability.,C,ADD_DIRECT_TESTS,helper_reachable,"Runtime path exists, but direct test evidence is missing. Structural/helper callable: cannot exceed C+ without direct contract tests and parent-surface proof. Product terrain domain lacks attached live visual golden/render proof."
veilbreakers_terrain/handlers/environment.py,handle_export_heightmap,handle_export_heightmap,7908,function,runtime_handler,terrain_shape,HOUDINI_ERODE|GAEA_EROSION2|WORLDENGINE|FASTNOISELITE|FROSTBITE_TERRAIN,Use deterministic seeded coherent noise with macro/meso/micro layers; drive mountains/hills/flats/cliffs from explicit terrain family controls; apply multi-scale erosion/deposition masks; verify tiled seams and rendered landform readability.,C+,ADD_LIVE_VISUAL_GOLDEN,runtime_primary,"Runtime/test evidence exists, but strict AAA evidence is incomplete. Product terrain domain lacks attached live visual golden/render proof."
veilbreakers_terrain/handlers/terrain_advanced.py,compute_erosion_brush,compute_erosion_brush,1396,function,runtime_handler,terrain_shape,HOUDINI_ERODE|GAEA_EROSION2|WORLDENGINE|FASTNOISELITE|FROSTBITE_TERRAIN,Use deterministic seeded coherent noise with macro/meso/micro layers; drive mountains/hills/flats/cliffs from explicit terrain family controls; apply multi-scale erosion/deposition masks; verify tiled seams and rendered landform readability.,C+,ADD_LIVE_VISUAL_GOLDEN,helper_reachable,"Runtime/test evidence exists, but strict AAA evidence is incomplete. Product terrain domain lacks attached live visual golden/render proof."
veilbreakers_terrain/handlers/terrain_advanced.py,handle_erosion_paint,handle_erosion_paint,1732,function,runtime_handler,terrain_shape,HOUDINI_ERODE|GAEA_EROSION2|WORLDENGINE|FASTNOISELITE|FROSTBITE_TERRAIN,Use deterministic seeded coherent noise with macro/meso/micro layers; drive mountains/hills/flats/cliffs from explicit terrain family controls; apply multi-scale erosion/deposition masks; verify tiled seams and rendered landform readability.,C,ADD_DIRECT_TESTS,runtime_primary,"Runtime path exists, but direct test evidence is missing. Product terrain domain lacks attached live visual golden/render proof."
veilbreakers_terrain/handlers/terrain_advanced.py,apply_thermal_erosion,apply_thermal_erosion,2011,function,runtime_handler,terrain_shape,HOUDINI_ERODE|GAEA_EROSION2|WORLDENGINE|FASTNOISELITE|FROSTBITE_TERRAIN,Use deterministic seeded coherent noise with macro/meso/micro layers; drive mountains/hills/flats/cliffs from explicit terrain family controls; apply multi-scale erosion/deposition masks; verify tiled seams and rendered landform readability.,C+,ADD_LIVE_VISUAL_GOLDEN,helper_reachable,"Runtime/test evidence exists, but strict AAA evidence is incomplete. Product terrain domain lacks attached live visual golden/render proof."
veilbreakers_terrain/handlers/terrain_advanced.py,compute_stamp_heightmap,compute_stamp_heightmap,2106,function,runtime_handler,terrain_shape,HOUDINI_ERODE|GAEA_EROSION2|WORLDENGINE|FASTNOISELITE|FROSTBITE_TERRAIN,Use deterministic seeded coherent noise with macro/meso/micro layers; drive mountains/hills/flats/cliffs from explicit terrain family controls; apply multi-scale erosion/deposition masks; verify tiled seams and rendered landform readability.,C+,ADD_LIVE_VISUAL_GOLDEN,helper_reachable,"Runtime/test evidence exists, but strict AAA evidence is incomplete. Product terrain domain lacks attached live visual golden/render proof."
veilbreakers_terrain/handlers/terrain_advanced.py,apply_stamp_to_heightmap,apply_stamp_to_heightmap,2295,function,runtime_handler,terrain_shape,HOUDINI_ERODE|GAEA_EROSION2|WORLDENGINE|FASTNOISELITE|FROSTBITE_TERRAIN,Use deterministic seeded coherent noise with macro/meso/micro layers; drive mountains/hills/flats/cliffs from explicit terrain family controls; apply multi-scale erosion/deposition masks; verify tiled seams and rendered landform readability.,C+,ADD_LIVE_VISUAL_GOLDEN,helper_reachable,"Runtime/test evidence exists, but strict AAA evidence is incomplete. Product terrain domain lacks attached live visual golden/render proof."
veilbreakers_terrain/handlers/terrain_assets.py,_cell_to_world,_cell_to_world,346,function,runtime_handler,terrain_shape,HOUDINI_ERODE|GAEA_EROSION2|WORLDENGINE|FASTNOISELITE|FROSTBITE_TERRAIN,Use deterministic seeded coherent noise with macro/meso/micro layers; drive mountains/hills/flats/cliffs from explicit terrain family controls; apply multi-scale erosion/deposition masks; verify tiled seams and rendered landform readability.,C,ADD_DIRECT_TESTS,helper_reachable,"Runtime path exists, but direct test evidence is missing. Structural/helper callable: cannot exceed C+ without direct contract tests and parent-surface proof. Product terrain domain lacks attached live visual golden/render proof."
veilbreakers_terrain/handlers/terrain_banded.py,generate_banded_heightmap,generate_banded_heightmap,737,function,runtime_handler,terrain_shape,HOUDINI_ERODE|GAEA_EROSION2|WORLDENGINE|FASTNOISELITE|FROSTBITE_TERRAIN,Use deterministic seeded coherent noise with macro/meso/micro layers; drive mountains/hills/flats/cliffs from explicit terrain family controls; apply multi-scale erosion/deposition masks; verify tiled seams and rendered landform readability.,C+,ADD_LIVE_VISUAL_GOLDEN,helper_reachable,"Runtime/test evidence exists, but strict AAA evidence is incomplete. Product terrain domain lacks attached live visual golden/render proof."
veilbreakers_terrain/handlers/terrain_banded.py,compose_banded_heightmap,compose_banded_heightmap,862,function,runtime_handler,terrain_shape,HOUDINI_ERODE|GAEA_EROSION2|WORLDENGINE|FASTNOISELITE|FROSTBITE_TERRAIN,Use deterministic seeded coherent noise with macro/meso/micro layers; drive mountains/hills/flats/cliffs from explicit terrain family controls; apply multi-scale erosion/deposition masks; verify tiled seams and rendered landform readability.,C+,ADD_LIVE_VISUAL_GOLDEN,helper_reachable,"Runtime/test evidence exists, but strict AAA evidence is incomplete. Product terrain domain lacks attached live visual golden/render proof."
veilbreakers_terrain/handlers/terrain_banded_advanced.py,_value_noise_2d,_value_noise_2d,44,function,runtime_handler,terrain_shape,HOUDINI_ERODE|GAEA_EROSION2|WORLDENGINE|FASTNOISELITE|FROSTBITE_TERRAIN,Use deterministic seeded coherent noise with macro/meso/micro layers; drive mountains/hills/flats/cliffs from explicit terrain family controls; apply multi-scale erosion/deposition masks; verify tiled seams and rendered landform readability.,C+,ADD_LIVE_VISUAL_GOLDEN,helper_reachable,"Runtime/test evidence exists, but strict AAA evidence is incomplete. Structural/helper callable: cannot exceed C+ without direct contract tests and parent-surface proof. Product terrain domain lacks attached live visual golden/render proof."
veilbreakers_terrain/handlers/terrain_banded_advanced.py,_value_noise_2d._fade,_fade,63,nested_function,runtime_handler,terrain_shape,HOUDINI_ERODE|GAEA_EROSION2|WORLDENGINE|FASTNOISELITE|FROSTBITE_TERRAIN,Use deterministic seeded coherent noise with macro/meso/micro layers; drive mountains/hills/flats/cliffs from explicit terrain family controls; apply multi-scale erosion/deposition masks; verify tiled seams and rendered landform readability.,C,ADD_DIRECT_TESTS,helper_reachable,"Runtime path exists, but direct test evidence is missing. Structural/helper callable: cannot exceed C+ without direct contract tests and parent-surface proof. Product terrain domain lacks attached live visual golden/render proof."
veilbreakers_terrain/handlers/terrain_banded_advanced.py,_value_noise_2d._hash,_hash,69,nested_function,runtime_handler,terrain_shape,HOUDINI_ERODE|GAEA_EROSION2|WORLDENGINE|FASTNOISELITE|FROSTBITE_TERRAIN,Use deterministic seeded coherent noise with macro/meso/micro layers; drive mountains/hills/flats/cliffs from explicit terrain family controls; apply multi-scale erosion/deposition masks; verify tiled seams and rendered landform readability.,C,ADD_DIRECT_TESTS,helper_reachable,"Runtime path exists, but direct test evidence is missing. Structural/helper callable: cannot exceed C+ without direct contract tests and parent-surface proof. Product terrain domain lacks attached live visual golden/render proof."
veilbreakers_terrain/handlers/terrain_caves.py,_worley_noise_2d,_worley_noise_2d,58,function,runtime_handler,terrain_shape,HOUDINI_ERODE|GAEA_EROSION2|WORLDENGINE|FASTNOISELITE|FROSTBITE_TERRAIN,Use deterministic seeded coherent noise with macro/meso/micro layers; drive mountains/hills/flats/cliffs from explicit terrain family controls; apply multi-scale erosion/deposition masks; verify tiled seams and rendered landform readability.,C,ADD_DIRECT_TESTS,helper_reachable,"Runtime path exists, but direct test evidence is missing. Structural/helper callable: cannot exceed C+ without direct contract tests and parent-surface proof. Product terrain domain lacks attached live visual golden/render proof."
veilbreakers_terrain/handlers/terrain_caves.py,_perlin_noise_2d,_perlin_noise_2d,109,function,runtime_handler,terrain_shape,HOUDINI_ERODE|GAEA_EROSION2|WORLDENGINE|FASTNOISELITE|FROSTBITE_TERRAIN,Use deterministic seeded coherent noise with macro/meso/micro layers; drive mountains/hills/flats/cliffs from explicit terrain family controls; apply multi-scale erosion/deposition masks; verify tiled seams and rendered landform readability.,C,ADD_DIRECT_TESTS,helper_reachable,"Runtime path exists, but direct test evidence is missing. Structural/helper callable: cannot exceed C+ without direct contract tests and parent-surface proof. Product terrain domain lacks attached live visual golden/render proof."
veilbreakers_terrain/handlers/terrain_caves.py,_perlin_noise_2d._fade,_fade,130,nested_function,runtime_handler,terrain_shape,HOUDINI_ERODE|GAEA_EROSION2|WORLDENGINE|FASTNOISELITE|FROSTBITE_TERRAIN,Use deterministic seeded coherent noise with macro/meso/micro layers; drive mountains/hills/flats/cliffs from explicit terrain family controls; apply multi-scale erosion/deposition masks; verify tiled seams and rendered landform readability.,C,ADD_DIRECT_TESTS,helper_reachable,"Runtime path exists, but direct test evidence is missing. Structural/helper callable: cannot exceed C+ without direct contract tests and parent-surface proof. Product terrain domain lacks attached live visual golden/render proof."
veilbreakers_terrain/handlers/terrain_caves.py,_perlin_noise_2d._gradient_noise,_gradient_noise,134,nested_function,runtime_handler,terrain_shape,HOUDINI_ERODE|GAEA_EROSION2|WORLDENGINE|FASTNOISELITE|FROSTBITE_TERRAIN,Use deterministic seeded coherent noise with macro/meso/micro layers; drive mountains/hills/flats/cliffs from explicit terrain family controls; apply multi-scale erosion/deposition masks; verify tiled seams and rendered landform readability.,C,ADD_DIRECT_TESTS,helper_reachable,"Runtime path exists, but direct test evidence is missing. Structural/helper callable: cannot exceed C+ without direct contract tests and parent-surface proof. Product terrain domain lacks attached live visual golden/render proof."
veilbreakers_terrain/handlers/terrain_caves.py,_perlin_noise_2d._gradient_noise._dot_grad,_dot_grad,158,nested_function,runtime_handler,terrain_shape,HOUDINI_ERODE|GAEA_EROSION2|WORLDENGINE|FASTNOISELITE|FROSTBITE_TERRAIN,Use deterministic seeded coherent noise with macro/meso/micro layers; drive mountains/hills/flats/cliffs from explicit terrain family controls; apply multi-scale erosion/deposition masks; verify tiled seams and rendered landform readability.,C,ADD_DIRECT_TESTS,helper_reachable,"Runtime path exists, but direct test evidence is missing. Structural/helper callable: cannot exceed C+ without direct contract tests and parent-surface proof. Product terrain domain lacks attached live visual golden/render proof."
veilbreakers_terrain/handlers/terrain_caves.py,_world_to_cell,_world_to_cell,664,function,runtime_handler,terrain_shape,HOUDINI_ERODE|GAEA_EROSION2|WORLDENGINE|FASTNOISELITE|FROSTBITE_TERRAIN,Use deterministic seeded coherent noise with macro/meso/micro layers; drive mountains/hills/flats/cliffs from explicit terrain family controls; apply multi-scale erosion/deposition masks; verify tiled seams and rendered landform readability.,C+,ADD_LIVE_VISUAL_GOLDEN,helper_reachable,"Runtime/test evidence exists, but strict AAA evidence is incomplete. Structural/helper callable: cannot exceed C+ without direct contract tests and parent-surface proof. Product terrain domain lacks attached live visual golden/render proof."
veilbreakers_terrain/handlers/terrain_caves.py,_cell_to_world,_cell_to_world,676,function,runtime_handler,terrain_shape,HOUDINI_ERODE|GAEA_EROSION2|WORLDENGINE|FASTNOISELITE|FROSTBITE_TERRAIN,Use deterministic seeded coherent noise with macro/meso/micro layers; drive mountains/hills/flats/cliffs from explicit terrain family controls; apply multi-scale erosion/deposition masks; verify tiled seams and rendered landform readability.,C,ADD_DIRECT_TESTS,helper_reachable,"Runtime path exists, but direct test evidence is missing. Structural/helper callable: cannot exceed C+ without direct contract tests and parent-surface proof. Product terrain domain lacks attached live visual golden/render proof."
veilbreakers_terrain/handlers/terrain_caves.py,_fbm_noise,_fbm_noise,4141,function,runtime_handler,terrain_shape,HOUDINI_ERODE|GAEA_EROSION2|WORLDENGINE|FASTNOISELITE|FROSTBITE_TERRAIN,Use deterministic seeded coherent noise with macro/meso/micro layers; drive mountains/hills/flats/cliffs from explicit terrain family controls; apply multi-scale erosion/deposition masks; verify tiled seams and rendered landform readability.,C+,ADD_LIVE_VISUAL_GOLDEN,helper_reachable,"Runtime/test evidence exists, but strict AAA evidence is incomplete. Structural/helper callable: cannot exceed C+ without direct contract tests and parent-surface proof. Product terrain domain lacks attached live visual golden/render proof."
veilbreakers_terrain/handlers/terrain_caves.py,_build_chamber_mesh_geometry._floor_height,_floor_height,4414,nested_function,runtime_handler,terrain_shape,HOUDINI_ERODE|GAEA_EROSION2|WORLDENGINE|FASTNOISELITE|FROSTBITE_TERRAIN,Use deterministic seeded coherent noise with macro/meso/micro layers; drive mountains/hills/flats/cliffs from explicit terrain family controls; apply multi-scale erosion/deposition masks; verify tiled seams and rendered landform readability.,C,ADD_DIRECT_TESTS,helper_reachable,"Runtime path exists, but direct test evidence is missing. Structural/helper callable: cannot exceed C+ without direct contract tests and parent-surface proof. Product terrain domain lacks attached live visual golden/render proof."
veilbreakers_terrain/handlers/terrain_chunking.py,_downsample_heightmap,_downsample_heightmap,49,function,runtime_handler,terrain_shape,HOUDINI_ERODE|GAEA_EROSION2|WORLDENGINE|FASTNOISELITE|FROSTBITE_TERRAIN,Use deterministic seeded coherent noise with macro/meso/micro layers; drive mountains/hills/flats/cliffs from explicit terrain family controls; apply multi-scale erosion/deposition masks; verify tiled seams and rendered landform readability.,C+,ADD_LIVE_VISUAL_GOLDEN,helper_reachable,"Runtime/test evidence exists, but strict AAA evidence is incomplete. Structural/helper callable: cannot exceed C+ without direct contract tests and parent-surface proof. Product terrain domain lacks attached live visual golden/render proof."
veilbreakers_terrain/handlers/terrain_chunking.py,_extract_chunk_core_heightmap,_extract_chunk_core_heightmap,1050,function,runtime_handler,terrain_shape,HOUDINI_ERODE|GAEA_EROSION2|WORLDENGINE|FASTNOISELITE|FROSTBITE_TERRAIN,Use deterministic seeded coherent noise with macro/meso/micro layers; drive mountains/hills/flats/cliffs from explicit terrain family controls; apply multi-scale erosion/deposition masks; verify tiled seams and rendered landform readability.,C+,ADD_LIVE_VISUAL_GOLDEN,helper_reachable,"Runtime/test evidence exists, but strict AAA evidence is incomplete. Structural/helper callable: cannot exceed C+ without direct contract tests and parent-surface proof. Product terrain domain lacks attached live visual golden/render proof."
veilbreakers_terrain/handlers/terrain_cliffs.py,_apply_micro_erosion,_apply_micro_erosion,646,function,runtime_handler,terrain_shape,HOUDINI_ERODE|GAEA_EROSION2|WORLDENGINE|FASTNOISELITE|FROSTBITE_TERRAIN,Use deterministic seeded coherent noise with macro/meso/micro layers; drive mountains/hills/flats/cliffs from explicit terrain family controls; apply multi-scale erosion/deposition masks; verify tiled seams and rendered landform readability.,C,ADD_DIRECT_TESTS,helper_reachable,"Runtime path exists, but direct test evidence is missing. Structural/helper callable: cannot exceed C+ without direct contract tests and parent-surface proof. Product terrain domain lacks attached live visual golden/render proof."
veilbreakers_terrain/handlers/terrain_cliffs.py,_cell_center_world,_cell_center_world,1645,function,runtime_handler,terrain_shape,HOUDINI_ERODE|GAEA_EROSION2|WORLDENGINE|FASTNOISELITE|FROSTBITE_TERRAIN,Use deterministic seeded coherent noise with macro/meso/micro layers; drive mountains/hills/flats/cliffs from explicit terrain family controls; apply multi-scale erosion/deposition masks; verify tiled seams and rendered landform readability.,C,ADD_DIRECT_TESTS,helper_reachable,"Runtime path exists, but direct test evidence is missing. Structural/helper callable: cannot exceed C+ without direct contract tests and parent-surface proof. Product terrain domain lacks attached live visual golden/render proof."
veilbreakers_terrain/handlers/terrain_cloud_shadow.py,_value_noise,_value_noise,55,function,runtime_handler,terrain_shape,HOUDINI_ERODE|GAEA_EROSION2|WORLDENGINE|FASTNOISELITE|FROSTBITE_TERRAIN,Use deterministic seeded coherent noise with macro/meso/micro layers; drive mountains/hills/flats/cliffs from explicit terrain family controls; apply multi-scale erosion/deposition masks; verify tiled seams and rendered landform readability.,C,ADD_DIRECT_TESTS,helper_reachable,"Runtime path exists, but direct test evidence is missing. Structural/helper callable: cannot exceed C+ without direct contract tests and parent-surface proof. Product terrain domain lacks attached live visual golden/render proof."
veilbreakers_terrain/handlers/terrain_dem_import.py,normalize_dem_to_world_range,normalize_dem_to_world_range,552,function,runtime_handler,terrain_shape,HOUDINI_ERODE|GAEA_EROSION2|WORLDENGINE|FASTNOISELITE|FROSTBITE_TERRAIN,Use deterministic seeded coherent noise with macro/meso/micro layers; drive mountains/hills/flats/cliffs from explicit terrain family controls; apply multi-scale erosion/deposition masks; verify tiled seams and rendered landform readability.,C,WIRE_OR_DEPRECATE,test_only_or_unwired,Wiring scan status is test_only_or_unwired; production path is not proven. Product terrain domain lacks attached live visual golden/render proof.
veilbreakers_terrain/handlers/terrain_dirty_tracking.py,DirtyTracker.world_bounds,world_bounds,203,method,runtime_handler,terrain_shape,HOUDINI_ERODE|GAEA_EROSION2|WORLDENGINE|FASTNOISELITE|FROSTBITE_TERRAIN,Use deterministic seeded coherent noise with macro/meso/micro layers; drive mountains/hills/flats/cliffs from explicit terrain family controls; apply multi-scale erosion/deposition masks; verify tiled seams and rendered landform readability.,C,WIRE_OR_DEPRECATE,test_only_or_unwired,Wiring scan status is test_only_or_unwired; production path is not proven. Structural/helper callable: cannot exceed C+ without direct contract tests and parent-surface proof. Product terrain domain lacks attached live visual golden/render proof.
veilbreakers_terrain/handlers/terrain_dirty_tracking.py,DirtyTracker.set_world_bounds,set_world_bounds,206,method,runtime_handler,terrain_shape,HOUDINI_ERODE|GAEA_EROSION2|WORLDENGINE|FASTNOISELITE|FROSTBITE_TERRAIN,Use deterministic seeded coherent noise with macro/meso/micro layers; drive mountains/hills/flats/cliffs from explicit terrain family controls; apply multi-scale erosion/deposition masks; verify tiled seams and rendered landform readability.,D+,WIRE_OR_DEPRECATE,orphan_candidate,Wiring scan marks this as orphan_candidate. Structural/helper callable: cannot exceed C+ without direct contract tests and parent-surface proof. Product terrain domain lacks attached live visual golden/render proof.
veilbreakers_terrain/handlers/terrain_dirty_tracking.py,DirtyTracker._clip_to_world,_clip_to_world,272,method,runtime_handler,terrain_shape,HOUDINI_ERODE|GAEA_EROSION2|WORLDENGINE|FASTNOISELITE|FROSTBITE_TERRAIN,Use deterministic seeded coherent noise with macro/meso/micro layers; drive mountains/hills/flats/cliffs from explicit terrain family controls; apply multi-scale erosion/deposition masks; verify tiled seams and rendered landform readability.,C,ADD_DIRECT_TESTS,helper_reachable,"Runtime path exists, but direct test evidence is missing. Structural/helper callable: cannot exceed C+ without direct contract tests and parent-surface proof. Product terrain domain lacks attached live visual golden/render proof."
veilbreakers_terrain/handlers/terrain_erosion_filter.py,_hash2,_hash2,41,function,runtime_handler,terrain_shape,HOUDINI_ERODE|GAEA_EROSION2|WORLDENGINE|FASTNOISELITE|FROSTBITE_TERRAIN,Use deterministic seeded coherent noise with macro/meso/micro layers; drive mountains/hills/flats/cliffs from explicit terrain family controls; apply multi-scale erosion/deposition masks; verify tiled seams and rendered landform readability.,C,ADD_DIRECT_TESTS,helper_reachable,"Runtime path exists, but direct test evidence is missing. Structural/helper callable: cannot exceed C+ without direct contract tests and parent-surface proof. Product terrain domain lacks attached live visual golden/render proof."
veilbreakers_terrain/handlers/terrain_erosion_filter.py,_pow_inv,_pow_inv,95,function,runtime_handler,terrain_shape,HOUDINI_ERODE|GAEA_EROSION2|WORLDENGINE|FASTNOISELITE|FROSTBITE_TERRAIN,Use deterministic seeded coherent noise with macro/meso/micro layers; drive mountains/hills/flats/cliffs from explicit terrain family controls; apply multi-scale erosion/deposition masks; verify tiled seams and rendered landform readability.,C+,ADD_LIVE_VISUAL_GOLDEN,helper_reachable,"Runtime/test evidence exists, but strict AAA evidence is incomplete. Structural/helper callable: cannot exceed C+ without direct contract tests and parent-surface proof. Product terrain domain lacks attached live visual golden/render proof."
veilbreakers_terrain/handlers/terrain_erosion_filter.py,finite_difference_gradient,finite_difference_gradient,121,function,runtime_handler,terrain_shape,HOUDINI_ERODE|GAEA_EROSION2|WORLDENGINE|FASTNOISELITE|FROSTBITE_TERRAIN,Use deterministic seeded coherent noise with macro/meso/micro layers; drive mountains/hills/flats/cliffs from explicit terrain family controls; apply multi-scale erosion/deposition masks; verify tiled seams and rendered landform readability.,C+,ADD_LIVE_VISUAL_GOLDEN,helper_reachable,"Runtime/test evidence exists, but strict AAA evidence is incomplete. Product terrain domain lacks attached live visual golden/render proof."
veilbreakers_terrain/handlers/terrain_erosion_filter.py,phacelle_noise,phacelle_noise,162,function,runtime_handler,terrain_shape,HOUDINI_ERODE|GAEA_EROSION2|WORLDENGINE|FASTNOISELITE|FROSTBITE_TERRAIN,Use deterministic seeded coherent noise with macro/meso/micro layers; drive mountains/hills/flats/cliffs from explicit terrain family controls; apply multi-scale erosion/deposition masks; verify tiled seams and rendered landform readability.,C+,ADD_LIVE_VISUAL_GOLDEN,helper_reachable,"Runtime/test evidence exists, but strict AAA evidence is incomplete. Product terrain domain lacks attached live visual golden/render proof."
veilbreakers_terrain/handlers/terrain_erosion_filter.py,erosion_filter,erosion_filter,265,function,runtime_handler,terrain_shape,HOUDINI_ERODE|GAEA_EROSION2|WORLDENGINE|FASTNOISELITE|FROSTBITE_TERRAIN,Use deterministic seeded coherent noise with macro/meso/micro layers; drive mountains/hills/flats/cliffs from explicit terrain family controls; apply multi-scale erosion/deposition masks; verify tiled seams and rendered landform readability.,C,ADD_DIRECT_TESTS,helper_reachable,"Runtime path exists, but direct test evidence is missing. Product terrain domain lacks attached live visual golden/render proof."
veilbreakers_terrain/handlers/terrain_erosion_filter.py,apply_analytical_erosion,apply_analytical_erosion,472,function,runtime_handler,terrain_shape,HOUDINI_ERODE|GAEA_EROSION2|WORLDENGINE|FASTNOISELITE|FROSTBITE_TERRAIN,Use deterministic seeded coherent noise with macro/meso/micro layers; drive mountains/hills/flats/cliffs from explicit terrain family controls; apply multi-scale erosion/deposition masks; verify tiled seams and rendered landform readability.,C+,ADD_LIVE_VISUAL_GOLDEN,helper_reachable,"Runtime/test evidence exists, but strict AAA evidence is incomplete. Product terrain domain lacks attached live visual golden/render proof."
veilbreakers_terrain/handlers/terrain_features.py,_get_feature_noise,_get_feature_noise,95,function,runtime_handler,terrain_shape,HOUDINI_ERODE|GAEA_EROSION2|WORLDENGINE|FASTNOISELITE|FROSTBITE_TERRAIN,Use deterministic seeded coherent noise with macro/meso/micro layers; drive mountains/hills/flats/cliffs from explicit terrain family controls; apply multi-scale erosion/deposition masks; verify tiled seams and rendered landform readability.,C+,ADD_LIVE_VISUAL_GOLDEN,helper_reachable,"Runtime/test evidence exists, but strict AAA evidence is incomplete. Structural/helper callable: cannot exceed C+ without direct contract tests and parent-surface proof. Product terrain domain lacks attached live visual golden/render proof."
veilbreakers_terrain/handlers/terrain_features.py,_hash_noise,_hash_noise,107,function,runtime_handler,terrain_shape,HOUDINI_ERODE|GAEA_EROSION2|WORLDENGINE|FASTNOISELITE|FROSTBITE_TERRAIN,Use deterministic seeded coherent noise with macro/meso/micro layers; drive mountains/hills/flats/cliffs from explicit terrain family controls; apply multi-scale erosion/deposition masks; verify tiled seams and rendered landform readability.,C+,ADD_LIVE_VISUAL_GOLDEN,helper_reachable,"Runtime/test evidence exists, but strict AAA evidence is incomplete. Structural/helper callable: cannot exceed C+ without direct contract tests and parent-surface proof. Product terrain domain lacks attached live visual golden/render proof."
veilbreakers_terrain/handlers/terrain_footprint_surface.py,_world_to_cell,_world_to_cell,31,function,runtime_handler,terrain_shape,HOUDINI_ERODE|GAEA_EROSION2|WORLDENGINE|FASTNOISELITE|FROSTBITE_TERRAIN,Use deterministic seeded coherent noise with macro/meso/micro layers; drive mountains/hills/flats/cliffs from explicit terrain family controls; apply multi-scale erosion/deposition masks; verify tiled seams and rendered landform readability.,C+,ADD_LIVE_VISUAL_GOLDEN,helper_reachable,"Runtime/test evidence exists, but strict AAA evidence is incomplete. Structural/helper callable: cannot exceed C+ without direct contract tests and parent-surface proof. Product terrain domain lacks attached live visual golden/render proof."
veilbreakers_terrain/handlers/terrain_horizon_lod.py,_sample_height_bilinear,_sample_height_bilinear,103,function,runtime_handler,terrain_shape,HOUDINI_ERODE|GAEA_EROSION2|WORLDENGINE|FASTNOISELITE|FROSTBITE_TERRAIN,Use deterministic seeded coherent noise with macro/meso/micro layers; drive mountains/hills/flats/cliffs from explicit terrain family controls; apply multi-scale erosion/deposition masks; verify tiled seams and rendered landform readability.,C,ADD_DIRECT_TESTS,helper_reachable,"Runtime path exists, but direct test evidence is missing. Structural/helper callable: cannot exceed C+ without direct contract tests and parent-surface proof. Product terrain domain lacks attached live visual golden/render proof."
veilbreakers_terrain/handlers/terrain_legacy_bug_fixes.py,audit_terrain_advanced_world_units,audit_terrain_advanced_world_units,140,function,runtime_handler,terrain_shape,HOUDINI_ERODE|GAEA_EROSION2|WORLDENGINE|FASTNOISELITE|FROSTBITE_TERRAIN,Use deterministic seeded coherent noise with macro/meso/micro layers; drive mountains/hills/flats/cliffs from explicit terrain family controls; apply multi-scale erosion/deposition masks; verify tiled seams and rendered landform readability.,C,WIRE_OR_DEPRECATE,test_only_or_unwired,Wiring scan status is test_only_or_unwired; production path is not proven. Product terrain domain lacks attached live visual golden/render proof.
veilbreakers_terrain/handlers/terrain_materials.py,_simple_noise_2d,_simple_noise_2d,1662,function,runtime_handler,terrain_shape,HOUDINI_ERODE|GAEA_EROSION2|WORLDENGINE|FASTNOISELITE|FROSTBITE_TERRAIN,Use deterministic seeded coherent noise with macro/meso/micro layers; drive mountains/hills/flats/cliffs from explicit terrain family controls; apply multi-scale erosion/deposition masks; verify tiled seams and rendered landform readability.,C+,ADD_LIVE_VISUAL_GOLDEN,helper_reachable,"Runtime/test evidence exists, but strict AAA evidence is incomplete. Structural/helper callable: cannot exceed C+ without direct contract tests and parent-surface proof. Product terrain domain lacks attached live visual golden/render proof."
veilbreakers_terrain/handlers/terrain_materials.py,_simple_noise_2d._quintic,_quintic,1683,nested_function,runtime_handler,terrain_shape,HOUDINI_ERODE|GAEA_EROSION2|WORLDENGINE|FASTNOISELITE|FROSTBITE_TERRAIN,Use deterministic seeded coherent noise with macro/meso/micro layers; drive mountains/hills/flats/cliffs from explicit terrain family controls; apply multi-scale erosion/deposition masks; verify tiled seams and rendered landform readability.,C,ADD_DIRECT_TESTS,helper_reachable,"Runtime path exists, but direct test evidence is missing. Structural/helper callable: cannot exceed C+ without direct contract tests and parent-surface proof. Product terrain domain lacks attached live visual golden/render proof."
veilbreakers_terrain/handlers/terrain_materials.py,_simple_noise_2d._hash_val,_hash_val,1689,nested_function,runtime_handler,terrain_shape,HOUDINI_ERODE|GAEA_EROSION2|WORLDENGINE|FASTNOISELITE|FROSTBITE_TERRAIN,Use deterministic seeded coherent noise with macro/meso/micro layers; drive mountains/hills/flats/cliffs from explicit terrain family controls; apply multi-scale erosion/deposition masks; verify tiled seams and rendered landform readability.,C,ADD_DIRECT_TESTS,helper_reachable,"Runtime path exists, but direct test evidence is missing. Structural/helper callable: cannot exceed C+ without direct contract tests and parent-surface proof. Product terrain domain lacks attached live visual golden/render proof."
veilbreakers_terrain/handlers/terrain_materials.py,height_blend,height_blend,1894,function,runtime_handler,terrain_shape,HOUDINI_ERODE|GAEA_EROSION2|WORLDENGINE|FASTNOISELITE|FROSTBITE_TERRAIN,Use deterministic seeded coherent noise with macro/meso/micro layers; drive mountains/hills/flats/cliffs from explicit terrain family controls; apply multi-scale erosion/deposition masks; verify tiled seams and rendered landform readability.,D+,WIRE_OR_DEPRECATE,orphan_candidate,Wiring scan marks this as orphan_candidate. Structural/helper callable: cannot exceed C+ without direct contract tests and parent-surface proof. Product terrain domain lacks attached live visual golden/render proof.
veilbreakers_terrain/handlers/terrain_materials.py,_create_height_blend_group,_create_height_blend_group,1952,function,runtime_handler,terrain_shape,HOUDINI_ERODE|GAEA_EROSION2|WORLDENGINE|FASTNOISELITE|FROSTBITE_TERRAIN,Use deterministic seeded coherent noise with macro/meso/micro layers; drive mountains/hills/flats/cliffs from explicit terrain family controls; apply multi-scale erosion/deposition masks; verify tiled seams and rendered landform readability.,C,ADD_DIRECT_TESTS,helper_reachable,"Runtime path exists, but direct test evidence is missing. Structural/helper callable: cannot exceed C+ without direct contract tests and parent-surface proof. Product terrain domain lacks attached live visual golden/render proof."
veilbreakers_terrain/handlers/terrain_materials.py,_create_height_blend_group._new_input,_new_input,2000,nested_function,runtime_handler,terrain_shape,HOUDINI_ERODE|GAEA_EROSION2|WORLDENGINE|FASTNOISELITE|FROSTBITE_TERRAIN,Use deterministic seeded coherent noise with macro/meso/micro layers; drive mountains/hills/flats/cliffs from explicit terrain family controls; apply multi-scale erosion/deposition masks; verify tiled seams and rendered landform readability.,C,ADD_DIRECT_TESTS,helper_reachable,"Runtime path exists, but direct test evidence is missing. Structural/helper callable: cannot exceed C+ without direct contract tests and parent-surface proof. Product terrain domain lacks attached live visual golden/render proof."
veilbreakers_terrain/handlers/terrain_materials.py,compute_world_splatmap_weights,compute_world_splatmap_weights,3117,function,runtime_handler,terrain_shape,HOUDINI_ERODE|GAEA_EROSION2|WORLDENGINE|FASTNOISELITE|FROSTBITE_TERRAIN,Use deterministic seeded coherent noise with macro/meso/micro layers; drive mountains/hills/flats/cliffs from explicit terrain family controls; apply multi-scale erosion/deposition masks; verify tiled seams and rendered landform readability.,C+,ADD_LIVE_VISUAL_GOLDEN,helper_reachable,"Runtime/test evidence exists, but strict AAA evidence is incomplete. Structural/helper callable: cannot exceed C+ without direct contract tests and parent-surface proof. Product terrain domain lacks attached live visual golden/render proof."
veilbreakers_terrain/handlers/terrain_materials_ext.py,compute_height_blended_weights,compute_height_blended_weights,194,function,runtime_handler,terrain_shape,HOUDINI_ERODE|GAEA_EROSION2|WORLDENGINE|FASTNOISELITE|FROSTBITE_TERRAIN,Use deterministic seeded coherent noise with macro/meso/micro layers; drive mountains/hills/flats/cliffs from explicit terrain family controls; apply multi-scale erosion/deposition masks; verify tiled seams and rendered landform readability.,C+,ADD_LIVE_VISUAL_GOLDEN,helper_reachable,"Runtime/test evidence exists, but strict AAA evidence is incomplete. Product terrain domain lacks attached live visual golden/render proof."
veilbreakers_terrain/handlers/terrain_materials_v2.py,_resolve_height_blend_gammas,_resolve_height_blend_gammas,734,function,runtime_handler,terrain_shape,HOUDINI_ERODE|GAEA_EROSION2|WORLDENGINE|FASTNOISELITE|FROSTBITE_TERRAIN,Use deterministic seeded coherent noise with macro/meso/micro layers; drive mountains/hills/flats/cliffs from explicit terrain family controls; apply multi-scale erosion/deposition masks; verify tiled seams and rendered landform readability.,C+,ADD_LIVE_VISUAL_GOLDEN,helper_reachable,"Runtime/test evidence exists, but strict AAA evidence is incomplete. Structural/helper callable: cannot exceed C+ without direct contract tests and parent-surface proof. Product terrain domain lacks attached live visual golden/render proof."
veilbreakers_terrain/handlers/terrain_math.py,world_to_cell,world_to_cell,31,function,runtime_handler,terrain_shape,HOUDINI_ERODE|GAEA_EROSION2|WORLDENGINE|FASTNOISELITE|FROSTBITE_TERRAIN,Use deterministic seeded coherent noise with macro/meso/micro layers; drive mountains/hills/flats/cliffs from explicit terrain family controls; apply multi-scale erosion/deposition masks; verify tiled seams and rendered landform readability.,C,WIRE_OR_DEPRECATE,test_only_or_unwired,Wiring scan status is test_only_or_unwired; production path is not proven. Product terrain domain lacks attached live visual golden/render proof.
veilbreakers_terrain/handlers/terrain_math.py,cell_to_world,cell_to_world,45,function,runtime_handler,terrain_shape,HOUDINI_ERODE|GAEA_EROSION2|WORLDENGINE|FASTNOISELITE|FROSTBITE_TERRAIN,Use deterministic seeded coherent noise with macro/meso/micro layers; drive mountains/hills/flats/cliffs from explicit terrain family controls; apply multi-scale erosion/deposition masks; verify tiled seams and rendered landform readability.,C,WIRE_OR_DEPRECATE,test_only_or_unwired,Wiring scan status is test_only_or_unwired; production path is not proven. Product terrain domain lacks attached live visual golden/render proof.
veilbreakers_terrain/handlers/terrain_quality_profiles.py,_is_heightmap_resolution,_is_heightmap_resolution,92,function,runtime_handler,terrain_shape,HOUDINI_ERODE|GAEA_EROSION2|WORLDENGINE|FASTNOISELITE|FROSTBITE_TERRAIN,Use deterministic seeded coherent noise with macro/meso/micro layers; drive mountains/hills/flats/cliffs from explicit terrain family controls; apply multi-scale erosion/deposition masks; verify tiled seams and rendered landform readability.,C+,ADD_LIVE_VISUAL_GOLDEN,helper_reachable,"Runtime/test evidence exists, but strict AAA evidence is incomplete. Structural/helper callable: cannot exceed C+ without direct contract tests and parent-surface proof. Product terrain domain lacks attached live visual golden/render proof."
veilbreakers_terrain/handlers/terrain_saliency.py,_world_to_cell,_world_to_cell,70,function,runtime_handler,terrain_shape,HOUDINI_ERODE|GAEA_EROSION2|WORLDENGINE|FASTNOISELITE|FROSTBITE_TERRAIN,Use deterministic seeded coherent noise with macro/meso/micro layers; drive mountains/hills/flats/cliffs from explicit terrain family controls; apply multi-scale erosion/deposition masks; verify tiled seams and rendered landform readability.,C+,ADD_LIVE_VISUAL_GOLDEN,helper_reachable,"Runtime/test evidence exists, but strict AAA evidence is incomplete. Structural/helper callable: cannot exceed C+ without direct contract tests and parent-surface proof. Product terrain domain lacks attached live visual golden/render proof."
veilbreakers_terrain/handlers/terrain_saliency.py,_sample_height_bilinear,_sample_height_bilinear,88,function,runtime_handler,terrain_shape,HOUDINI_ERODE|GAEA_EROSION2|WORLDENGINE|FASTNOISELITE|FROSTBITE_TERRAIN,Use deterministic seeded coherent noise with macro/meso/micro layers; drive mountains/hills/flats/cliffs from explicit terrain family controls; apply multi-scale erosion/deposition masks; verify tiled seams and rendered landform readability.,C,ADD_DIRECT_TESTS,helper_reachable,"Runtime path exists, but direct test evidence is missing. Structural/helper callable: cannot exceed C+ without direct contract tests and parent-surface proof. Product terrain domain lacks attached live visual golden/render proof."
veilbreakers_terrain/handlers/terrain_semantics.py,BBox.height,height,160,method,runtime_handler,terrain_shape,HOUDINI_ERODE|GAEA_EROSION2|WORLDENGINE|FASTNOISELITE|FROSTBITE_TERRAIN,Use deterministic seeded coherent noise with macro/meso/micro layers; drive mountains/hills/flats/cliffs from explicit terrain family controls; apply multi-scale erosion/deposition masks; verify tiled seams and rendered landform readability.,C,WIRE_OR_DEPRECATE,test_only_or_unwired,Wiring scan status is test_only_or_unwired; production path is not proven. Structural/helper callable: cannot exceed C+ without direct contract tests and parent-surface proof. Product terrain domain lacks attached live visual golden/render proof.
veilbreakers_terrain/handlers/terrain_shadow_clipmap_bake.py,_resample_height,_resample_height,52,function,runtime_handler,terrain_shape,HOUDINI_ERODE|GAEA_EROSION2|WORLDENGINE|FASTNOISELITE|FROSTBITE_TERRAIN,Use deterministic seeded coherent noise with macro/meso/micro layers; drive mountains/hills/flats/cliffs from explicit terrain family controls; apply multi-scale erosion/deposition masks; verify tiled seams and rendered landform readability.,C,ADD_DIRECT_TESTS,helper_reachable,"Runtime path exists, but direct test evidence is missing. Structural/helper callable: cannot exceed C+ without direct contract tests and parent-surface proof. Product terrain domain lacks attached live visual golden/render proof."
veilbreakers_terrain/handlers/terrain_stratigraphy.py,apply_differential_erosion,apply_differential_erosion,231,function,runtime_handler,terrain_shape,HOUDINI_ERODE|GAEA_EROSION2|WORLDENGINE|FASTNOISELITE|FROSTBITE_TERRAIN,Use deterministic seeded coherent noise with macro/meso/micro layers; drive mountains/hills/flats/cliffs from explicit terrain family controls; apply multi-scale erosion/deposition masks; verify tiled seams and rendered landform readability.,C+,ADD_LIVE_VISUAL_GOLDEN,helper_reachable,"Runtime/test evidence exists, but strict AAA evidence is incomplete. Product terrain domain lacks attached live visual golden/render proof."
veilbreakers_terrain/handlers/terrain_twelve_step.py,_grid_cell_to_world_center,_grid_cell_to_world_center,709,function,runtime_handler,terrain_shape,HOUDINI_ERODE|GAEA_EROSION2|WORLDENGINE|FASTNOISELITE|FROSTBITE_TERRAIN,Use deterministic seeded coherent noise with macro/meso/micro layers; drive mountains/hills/flats/cliffs from explicit terrain family controls; apply multi-scale erosion/deposition masks; verify tiled seams and rendered landform readability.,C,ADD_DIRECT_TESTS,helper_reachable,"Runtime path exists, but direct test evidence is missing. Structural/helper callable: cannot exceed C+ without direct contract tests and parent-surface proof. Product terrain domain lacks attached live visual golden/render proof."
veilbreakers_terrain/handlers/terrain_twelve_step.py,run_twelve_step_world_terrain,run_twelve_step_world_terrain,1036,function,runtime_handler,terrain_shape,HOUDINI_ERODE|GAEA_EROSION2|WORLDENGINE|FASTNOISELITE|FROSTBITE_TERRAIN,Use deterministic seeded coherent noise with macro/meso/micro layers; drive mountains/hills/flats/cliffs from explicit terrain family controls; apply multi-scale erosion/deposition masks; verify tiled seams and rendered landform readability.,C,WIRE_OR_DEPRECATE,test_only_or_unwired,Wiring scan status is test_only_or_unwired; production path is not proven. Product terrain domain lacks attached live visual golden/render proof.
veilbreakers_terrain/handlers/terrain_unity_export.py,_is_unity_heightmap_resolution,_is_unity_heightmap_resolution,41,function,runtime_handler,terrain_shape,HOUDINI_ERODE|GAEA_EROSION2|WORLDENGINE|FASTNOISELITE|FROSTBITE_TERRAIN,Use deterministic seeded coherent noise with macro/meso/micro layers; drive mountains/hills/flats/cliffs from explicit terrain family controls; apply multi-scale erosion/deposition masks; verify tiled seams and rendered landform readability.,C+,ADD_LIVE_VISUAL_GOLDEN,helper_reachable,"Runtime/test evidence exists, but strict AAA evidence is incomplete. Structural/helper callable: cannot exceed C+ without direct contract tests and parent-surface proof. Product terrain domain lacks attached live visual golden/render proof."
veilbreakers_terrain/handlers/terrain_unity_export.py,_quantize_heightmap,_quantize_heightmap,83,function,runtime_handler,terrain_shape,HOUDINI_ERODE|GAEA_EROSION2|WORLDENGINE|FASTNOISELITE|FROSTBITE_TERRAIN,Use deterministic seeded coherent noise with macro/meso/micro layers; drive mountains/hills/flats/cliffs from explicit terrain family controls; apply multi-scale erosion/deposition masks; verify tiled seams and rendered landform readability.,C+,ADD_LIVE_VISUAL_GOLDEN,helper_reachable,"Runtime/test evidence exists, but strict AAA evidence is incomplete. Structural/helper callable: cannot exceed C+ without direct contract tests and parent-surface proof. Product terrain domain lacks attached live visual golden/render proof."
veilbreakers_terrain/handlers/terrain_unity_export.py,_export_heightmap,_export_heightmap,128,function,runtime_handler,terrain_shape,HOUDINI_ERODE|GAEA_EROSION2|WORLDENGINE|FASTNOISELITE|FROSTBITE_TERRAIN,Use deterministic seeded coherent noise with macro/meso/micro layers; drive mountains/hills/flats/cliffs from explicit terrain family controls; apply multi-scale erosion/deposition masks; verify tiled seams and rendered landform readability.,D+,WIRE_OR_DEPRECATE,orphan_candidate,Wiring scan marks this as orphan_candidate. Structural/helper callable: cannot exceed C+ without direct contract tests and parent-surface proof. Product terrain domain lacks attached live visual golden/render proof.
veilbreakers_terrain/handlers/terrain_unity_export.py,pass_prepare_heightmap_raw_u16,pass_prepare_heightmap_raw_u16,259,function,runtime_handler,terrain_shape,HOUDINI_ERODE|GAEA_EROSION2|WORLDENGINE|FASTNOISELITE|FROSTBITE_TERRAIN,Use deterministic seeded coherent noise with macro/meso/micro layers; drive mountains/hills/flats/cliffs from explicit terrain family controls; apply multi-scale erosion/deposition masks; verify tiled seams and rendered landform readability.,C+,ADD_LIVE_VISUAL_GOLDEN,runtime_primary,"Runtime/test evidence exists, but strict AAA evidence is incomplete. Product terrain domain lacks attached live visual golden/render proof."
veilbreakers_terrain/handlers/terrain_unity_export.py,register_bundle_j_heightmap_u16_pass,register_bundle_j_heightmap_u16_pass,301,function,runtime_handler,terrain_shape,HOUDINI_ERODE|GAEA_EROSION2|WORLDENGINE|FASTNOISELITE|FROSTBITE_TERRAIN,Use deterministic seeded coherent noise with macro/meso/micro layers; drive mountains/hills/flats/cliffs from explicit terrain family controls; apply multi-scale erosion/deposition masks; verify tiled seams and rendered landform readability.,C,ADD_DIRECT_TESTS,runtime_primary,"Runtime path exists, but direct test evidence is missing. Product terrain domain lacks attached live visual golden/render proof."
veilbreakers_terrain/handlers/terrain_viewport_sync.py,transform_world_to_vantage,transform_world_to_vantage,163,function,runtime_handler,terrain_shape,HOUDINI_ERODE|GAEA_EROSION2|WORLDENGINE|FASTNOISELITE|FROSTBITE_TERRAIN,Use deterministic seeded coherent noise with macro/meso/micro layers; drive mountains/hills/flats/cliffs from explicit terrain family controls; apply multi-scale erosion/deposition masks; verify tiled seams and rendered landform readability.,C,WIRE_OR_DEPRECATE,test_only_or_unwired,Wiring scan status is test_only_or_unwired; production path is not proven. Product terrain domain lacks attached live visual golden/render proof.
veilbreakers_terrain/handlers/terrain_waterfalls.py,_grid_to_world,_grid_to_world,250,function,runtime_handler,terrain_shape,HOUDINI_ERODE|GAEA_EROSION2|WORLDENGINE|FASTNOISELITE|FROSTBITE_TERRAIN,Use deterministic seeded coherent noise with macro/meso/micro layers; drive mountains/hills/flats/cliffs from explicit terrain family controls; apply multi-scale erosion/deposition masks; verify tiled seams and rendered landform readability.,C,ADD_DIRECT_TESTS,helper_reachable,"Runtime path exists, but direct test evidence is missing. Structural/helper callable: cannot exceed C+ without direct contract tests and parent-surface proof. Product terrain domain lacks attached live visual golden/render proof."
veilbreakers_terrain/handlers/terrain_waterfalls.py,_world_to_grid,_world_to_grid,259,function,runtime_handler,terrain_shape,HOUDINI_ERODE|GAEA_EROSION2|WORLDENGINE|FASTNOISELITE|FROSTBITE_TERRAIN,Use deterministic seeded coherent noise with macro/meso/micro layers; drive mountains/hills/flats/cliffs from explicit terrain family controls; apply multi-scale erosion/deposition masks; verify tiled seams and rendered landform readability.,C+,ADD_LIVE_VISUAL_GOLDEN,helper_reachable,"Runtime/test evidence exists, but strict AAA evidence is incomplete. Structural/helper callable: cannot exceed C+ without direct contract tests and parent-surface proof. Product terrain domain lacks attached live visual golden/render proof."
veilbreakers_terrain/handlers/terrain_wind_erosion.py,_shift_with_edge_repeat,_shift_with_edge_repeat,41,function,runtime_handler,terrain_shape,HOUDINI_ERODE|GAEA_EROSION2|WORLDENGINE|FASTNOISELITE|FROSTBITE_TERRAIN,Use deterministic seeded coherent noise with macro/meso/micro layers; drive mountains/hills/flats/cliffs from explicit terrain family controls; apply multi-scale erosion/deposition masks; verify tiled seams and rendered landform readability.,D+,WIRE_OR_DEPRECATE,orphan_candidate,Wiring scan marks this as orphan_candidate. Structural/helper callable: cannot exceed C+ without direct contract tests and parent-surface proof. Product terrain domain lacks attached live visual golden/render proof.
veilbreakers_terrain/handlers/terrain_wind_erosion.py,_shift_fractional_with_edge_repeat,_shift_fractional_with_edge_repeat,92,function,runtime_handler,terrain_shape,HOUDINI_ERODE|GAEA_EROSION2|WORLDENGINE|FASTNOISELITE|FROSTBITE_TERRAIN,Use deterministic seeded coherent noise with macro/meso/micro layers; drive mountains/hills/flats/cliffs from explicit terrain family controls; apply multi-scale erosion/deposition masks; verify tiled seams and rendered landform readability.,C+,ADD_LIVE_VISUAL_GOLDEN,helper_reachable,"Runtime/test evidence exists, but strict AAA evidence is incomplete. Structural/helper callable: cannot exceed C+ without direct contract tests and parent-surface proof. Product terrain domain lacks attached live visual golden/render proof."
veilbreakers_terrain/handlers/terrain_wind_erosion.py,apply_wind_erosion,apply_wind_erosion,128,function,runtime_handler,terrain_shape,HOUDINI_ERODE|GAEA_EROSION2|WORLDENGINE|FASTNOISELITE|FROSTBITE_TERRAIN,Use deterministic seeded coherent noise with macro/meso/micro layers; drive mountains/hills/flats/cliffs from explicit terrain family controls; apply multi-scale erosion/deposition masks; verify tiled seams and rendered landform readability.,C+,ADD_LIVE_VISUAL_GOLDEN,helper_reachable,"Runtime/test evidence exists, but strict AAA evidence is incomplete. Product terrain domain lacks attached live visual golden/render proof."
veilbreakers_terrain/handlers/terrain_wind_erosion.py,generate_dunes,generate_dunes,241,function,runtime_handler,terrain_shape,HOUDINI_ERODE|GAEA_EROSION2|WORLDENGINE|FASTNOISELITE|FROSTBITE_TERRAIN,Use deterministic seeded coherent noise with macro/meso/micro layers; drive mountains/hills/flats/cliffs from explicit terrain family controls; apply multi-scale erosion/deposition masks; verify tiled seams and rendered landform readability.,C+,ADD_LIVE_VISUAL_GOLDEN,helper_reachable,"Runtime/test evidence exists, but strict AAA evidence is incomplete. Product terrain domain lacks attached live visual golden/render proof."
veilbreakers_terrain/handlers/terrain_wind_erosion.py,pass_wind_erosion,pass_wind_erosion,398,function,runtime_handler,terrain_shape,HOUDINI_ERODE|GAEA_EROSION2|WORLDENGINE|FASTNOISELITE|FROSTBITE_TERRAIN,Use deterministic seeded coherent noise with macro/meso/micro layers; drive mountains/hills/flats/cliffs from explicit terrain family controls; apply multi-scale erosion/deposition masks; verify tiled seams and rendered landform readability.,C+,ADD_LIVE_VISUAL_GOLDEN,runtime_primary,"Runtime/test evidence exists, but strict AAA evidence is incomplete. Product terrain domain lacks attached live visual golden/render proof."
veilbreakers_terrain/handlers/terrain_wind_field.py,_spectral_wind_noise,_spectral_wind_noise,151,function,runtime_handler,terrain_shape,HOUDINI_ERODE|GAEA_EROSION2|WORLDENGINE|FASTNOISELITE|FROSTBITE_TERRAIN,Use deterministic seeded coherent noise with macro/meso/micro layers; drive mountains/hills/flats/cliffs from explicit terrain family controls; apply multi-scale erosion/deposition masks; verify tiled seams and rendered landform readability.,C+,ADD_LIVE_VISUAL_GOLDEN,helper_reachable,"Runtime/test evidence exists, but strict AAA evidence is incomplete. Structural/helper callable: cannot exceed C+ without direct contract tests and parent-surface proof. Product terrain domain lacks attached live visual golden/render proof."
veilbreakers_terrain/handlers/terrain_world_math.py,theoretical_max_amplitude,theoretical_max_amplitude,20,function,runtime_handler,terrain_shape,HOUDINI_ERODE|GAEA_EROSION2|WORLDENGINE|FASTNOISELITE|FROSTBITE_TERRAIN,Use deterministic seeded coherent noise with macro/meso/micro layers; drive mountains/hills/flats/cliffs from explicit terrain family controls; apply multi-scale erosion/deposition masks; verify tiled seams and rendered landform readability.,C,WIRE_OR_DEPRECATE,test_only_or_unwired,Wiring scan status is test_only_or_unwired; production path is not proven. Product terrain domain lacks attached live visual golden/render proof.
veilbreakers_terrain/handlers/terrain_world_math.py,TileTransform,TileTransform,47,class,runtime_handler,terrain_shape,HOUDINI_ERODE|GAEA_EROSION2|WORLDENGINE|FASTNOISELITE|FROSTBITE_TERRAIN,Use deterministic seeded coherent noise with macro/meso/micro layers; drive mountains/hills/flats/cliffs from explicit terrain family controls; apply multi-scale erosion/deposition masks; verify tiled seams and rendered landform readability.,D+,WIRE_OR_DEPRECATE,missing_wiring_row,No callable-wiring row; runtime path is unproven. Structural/helper callable: cannot exceed C+ without direct contract tests and parent-surface proof. Product terrain domain lacks attached live visual golden/render proof.
veilbreakers_terrain/handlers/terrain_world_math.py,compute_erosion_params_for_world_range,compute_erosion_params_for_world_range,79,function,runtime_handler,terrain_shape,HOUDINI_ERODE|GAEA_EROSION2|WORLDENGINE|FASTNOISELITE|FROSTBITE_TERRAIN,Use deterministic seeded coherent noise with macro/meso/micro layers; drive mountains/hills/flats/cliffs from explicit terrain family controls; apply multi-scale erosion/deposition masks; verify tiled seams and rendered landform readability.,C,ADD_DIRECT_TESTS,helper_reachable,"Runtime path exists, but direct test evidence is missing. Product terrain domain lacks attached live visual golden/render proof."
veilbreakers_terrain/handlers/world_map.py,Region,Region,241,class,runtime_handler,terrain_shape,HOUDINI_ERODE|GAEA_EROSION2|WORLDENGINE|FASTNOISELITE|FROSTBITE_TERRAIN,Use deterministic seeded coherent noise with macro/meso/micro layers; drive mountains/hills/flats/cliffs from explicit terrain family controls; apply multi-scale erosion/deposition masks; verify tiled seams and rendered landform readability.,D+,WIRE_OR_DEPRECATE,missing_wiring_row,No callable-wiring row; runtime path is unproven. Structural/helper callable: cannot exceed C+ without direct contract tests and parent-surface proof. Product terrain domain lacks attached live visual golden/render proof.
veilbreakers_terrain/handlers/world_map.py,Connection,Connection,250,class,runtime_handler,terrain_shape,HOUDINI_ERODE|GAEA_EROSION2|WORLDENGINE|FASTNOISELITE|FROSTBITE_TERRAIN,Use deterministic seeded coherent noise with macro/meso/micro layers; drive mountains/hills/flats/cliffs from explicit terrain family controls; apply multi-scale erosion/deposition masks; verify tiled seams and rendered landform readability.,D+,WIRE_OR_DEPRECATE,missing_wiring_row,No callable-wiring row; runtime path is unproven. Structural/helper callable: cannot exceed C+ without direct contract tests and parent-surface proof. Product terrain domain lacks attached live visual golden/render proof.
veilbreakers_terrain/handlers/world_map.py,POI,POI,259,class,runtime_handler,terrain_shape,HOUDINI_ERODE|GAEA_EROSION2|WORLDENGINE|FASTNOISELITE|FROSTBITE_TERRAIN,Use deterministic seeded coherent noise with macro/meso/micro layers; drive mountains/hills/flats/cliffs from explicit terrain family controls; apply multi-scale erosion/deposition masks; verify tiled seams and rendered landform readability.,D+,WIRE_OR_DEPRECATE,missing_wiring_row,No callable-wiring row; runtime path is unproven. Structural/helper callable: cannot exceed C+ without direct contract tests and parent-surface proof. Product terrain domain lacks attached live visual golden/render proof.
veilbreakers_terrain/handlers/world_map.py,WorldMap,WorldMap,267,class,runtime_handler,terrain_shape,HOUDINI_ERODE|GAEA_EROSION2|WORLDENGINE|FASTNOISELITE|FROSTBITE_TERRAIN,Use deterministic seeded coherent noise with macro/meso/micro layers; drive mountains/hills/flats/cliffs from explicit terrain family controls; apply multi-scale erosion/deposition masks; verify tiled seams and rendered landform readability.,D+,WIRE_OR_DEPRECATE,missing_wiring_row,No callable-wiring row; runtime path is unproven. Structural/helper callable: cannot exceed C+ without direct contract tests and parent-surface proof. Product terrain domain lacks attached live visual golden/render proof.
veilbreakers_terrain/handlers/world_map.py,Landmark,Landmark,276,class,runtime_handler,terrain_shape,HOUDINI_ERODE|GAEA_EROSION2|WORLDENGINE|FASTNOISELITE|FROSTBITE_TERRAIN,Use deterministic seeded coherent noise with macro/meso/micro layers; drive mountains/hills/flats/cliffs from explicit terrain family controls; apply multi-scale erosion/deposition masks; verify tiled seams and rendered landform readability.,D+,WIRE_OR_DEPRECATE,missing_wiring_row,No callable-wiring row; runtime path is unproven. Structural/helper callable: cannot exceed C+ without direct contract tests and parent-surface proof. Product terrain domain lacks attached live visual golden/render proof.
veilbreakers_terrain/handlers/world_map.py,StorytellingScene,StorytellingScene,286,class,runtime_handler,terrain_shape,HOUDINI_ERODE|GAEA_EROSION2|WORLDENGINE|FASTNOISELITE|FROSTBITE_TERRAIN,Use deterministic seeded coherent noise with macro/meso/micro layers; drive mountains/hills/flats/cliffs from explicit terrain family controls; apply multi-scale erosion/deposition masks; verify tiled seams and rendered landform readability.,D+,WIRE_OR_DEPRECATE,missing_wiring_row,No callable-wiring row; runtime path is unproven. Structural/helper callable: cannot exceed C+ without direct contract tests and parent-surface proof. Product terrain domain lacks attached live visual golden/render proof.
veilbreakers_terrain/handlers/world_map.py,_dist2d,_dist2d,298,function,runtime_handler,terrain_shape,HOUDINI_ERODE|GAEA_EROSION2|WORLDENGINE|FASTNOISELITE|FROSTBITE_TERRAIN,Use deterministic seeded coherent noise with macro/meso/micro layers; drive mountains/hills/flats/cliffs from explicit terrain family controls; apply multi-scale erosion/deposition masks; verify tiled seams and rendered landform readability.,C+,ADD_LIVE_VISUAL_GOLDEN,helper_reachable,"Runtime/test evidence exists, but strict AAA evidence is incomplete. Structural/helper callable: cannot exceed C+ without direct contract tests and parent-surface proof. Product terrain domain lacks attached live visual golden/render proof."
veilbreakers_terrain/handlers/world_map.py,_nearest_region,_nearest_region,302,function,runtime_handler,terrain_shape,HOUDINI_ERODE|GAEA_EROSION2|WORLDENGINE|FASTNOISELITE|FROSTBITE_TERRAIN,Use deterministic seeded coherent noise with macro/meso/micro layers; drive mountains/hills/flats/cliffs from explicit terrain family controls; apply multi-scale erosion/deposition masks; verify tiled seams and rendered landform readability.,C+,ADD_LIVE_VISUAL_GOLDEN,helper_reachable,"Runtime/test evidence exists, but strict AAA evidence is incomplete. Structural/helper callable: cannot exceed C+ without direct contract tests and parent-surface proof. Product terrain domain lacks attached live visual golden/render proof."
veilbreakers_terrain/handlers/world_map.py,_place_seed_points,_place_seed_points,316,function,runtime_handler,terrain_shape,HOUDINI_ERODE|GAEA_EROSION2|WORLDENGINE|FASTNOISELITE|FROSTBITE_TERRAIN,Use deterministic seeded coherent noise with macro/meso/micro layers; drive mountains/hills/flats/cliffs from explicit terrain family controls; apply multi-scale erosion/deposition masks; verify tiled seams and rendered landform readability.,C+,ADD_LIVE_VISUAL_GOLDEN,helper_reachable,"Runtime/test evidence exists, but strict AAA evidence is incomplete. Structural/helper callable: cannot exceed C+ without direct contract tests and parent-surface proof. Product terrain domain lacks attached live visual golden/render proof."
veilbreakers_terrain/handlers/world_map.py,_compute_voronoi_bounds,_compute_voronoi_bounds,343,function,runtime_handler,terrain_shape,HOUDINI_ERODE|GAEA_EROSION2|WORLDENGINE|FASTNOISELITE|FROSTBITE_TERRAIN,Use deterministic seeded coherent noise with macro/meso/micro layers; drive mountains/hills/flats/cliffs from explicit terrain family controls; apply multi-scale erosion/deposition masks; verify tiled seams and rendered landform readability.,C+,ADD_LIVE_VISUAL_GOLDEN,helper_reachable,"Runtime/test evidence exists, but strict AAA evidence is incomplete. Structural/helper callable: cannot exceed C+ without direct contract tests and parent-surface proof. Product terrain domain lacks attached live visual golden/render proof."
veilbreakers_terrain/handlers/world_map.py,_build_connections,_build_connections,422,function,runtime_handler,terrain_shape,HOUDINI_ERODE|GAEA_EROSION2|WORLDENGINE|FASTNOISELITE|FROSTBITE_TERRAIN,Use deterministic seeded coherent noise with macro/meso/micro layers; drive mountains/hills/flats/cliffs from explicit terrain family controls; apply multi-scale erosion/deposition masks; verify tiled seams and rendered landform readability.,C+,ADD_LIVE_VISUAL_GOLDEN,helper_reachable,"Runtime/test evidence exists, but strict AAA evidence is incomplete. Structural/helper callable: cannot exceed C+ without direct contract tests and parent-surface proof. Product terrain domain lacks attached live visual golden/render proof."
veilbreakers_terrain/handlers/world_map.py,generate_world_map,generate_world_map,495,function,runtime_handler,terrain_shape,HOUDINI_ERODE|GAEA_EROSION2|WORLDENGINE|FASTNOISELITE|FROSTBITE_TERRAIN,Use deterministic seeded coherent noise with macro/meso/micro layers; drive mountains/hills/flats/cliffs from explicit terrain family controls; apply multi-scale erosion/deposition masks; verify tiled seams and rendered landform readability.,C,WIRE_OR_DEPRECATE,test_only_or_unwired,Wiring scan status is test_only_or_unwired; production path is not proven. Product terrain domain lacks attached live visual golden/render proof.
veilbreakers_terrain/handlers/world_map.py,world_map_to_dict,world_map_to_dict,578,function,runtime_handler,terrain_shape,HOUDINI_ERODE|GAEA_EROSION2|WORLDENGINE|FASTNOISELITE|FROSTBITE_TERRAIN,Use deterministic seeded coherent noise with macro/meso/micro layers; drive mountains/hills/flats/cliffs from explicit terrain family controls; apply multi-scale erosion/deposition masks; verify tiled seams and rendered landform readability.,C,WIRE_OR_DEPRECATE,test_only_or_unwired,Wiring scan status is test_only_or_unwired; production path is not proven. Product terrain domain lacks attached live visual golden/render proof.
veilbreakers_terrain/handlers/world_map.py,place_landmarks,place_landmarks,618,function,runtime_handler,terrain_shape,HOUDINI_ERODE|GAEA_EROSION2|WORLDENGINE|FASTNOISELITE|FROSTBITE_TERRAIN,Use deterministic seeded coherent noise with macro/meso/micro layers; drive mountains/hills/flats/cliffs from explicit terrain family controls; apply multi-scale erosion/deposition masks; verify tiled seams and rendered landform readability.,C,WIRE_OR_DEPRECATE,test_only_or_unwired,Wiring scan status is test_only_or_unwired; production path is not proven. Product terrain domain lacks attached live visual golden/render proof.
veilbreakers_terrain/handlers/world_map.py,generate_storytelling_scene,generate_storytelling_scene,671,function,runtime_handler,terrain_shape,HOUDINI_ERODE|GAEA_EROSION2|WORLDENGINE|FASTNOISELITE|FROSTBITE_TERRAIN,Use deterministic seeded coherent noise with macro/meso/micro layers; drive mountains/hills/flats/cliffs from explicit terrain family controls; apply multi-scale erosion/deposition masks; verify tiled seams and rendered landform readability.,C,WIRE_OR_DEPRECATE,test_only_or_unwired,Wiring scan status is test_only_or_unwired; production path is not proven. Product terrain domain lacks attached live visual golden/render proof.
veilbreakers_terrain/procedural_meshes.py,generate_mountain_goat_mesh,generate_mountain_goat_mesh,20119,function,runtime_other,terrain_shape,HOUDINI_ERODE|GAEA_EROSION2|WORLDENGINE|FASTNOISELITE|FROSTBITE_TERRAIN,Use deterministic seeded coherent noise with macro/meso/micro layers; drive mountains/hills/flats/cliffs from explicit terrain family controls; apply multi-scale erosion/deposition masks; verify tiled seams and rendered landform readability.,D+,WIRE_OR_DEPRECATE,missing_wiring_row,No callable-wiring row; runtime path is unproven. Product terrain domain lacks attached live visual golden/render proof.
