File,Qualified Name,Function,Line,Kind,Scope,R12 Domain,Research Refs,Best Practice Baseline,R12 Strict Grade,R12 Remediation,Wiring Status,R12 Findings
veilbreakers_terrain/handlers/terrain_sculpt.py,compute_brush_weights,compute_brush_weights,189,function,runtime_handler,generic,UE_PCG|FASTNOISELITE,"Prove runtime relevance, deterministic behavior, direct tests, caller wiring, typed contracts, and no dead/orphan code before claiming generator quality.",C+,REVIEW_FOR_B,helper_reachable,"Runtime/test evidence exists, but strict AAA evidence is incomplete."
veilbreakers_terrain/handlers/terrain_sculpt.py,compute_raise_displacements,compute_raise_displacements,277,function,runtime_handler,generic,UE_PCG|FASTNOISELITE,"Prove runtime relevance, deterministic behavior, direct tests, caller wiring, typed contracts, and no dead/orphan code before claiming generator quality.",C+,REVIEW_FOR_B,helper_reachable,"Runtime/test evidence exists, but strict AAA evidence is incomplete."
veilbreakers_terrain/handlers/terrain_sculpt.py,compute_lower_displacements,compute_lower_displacements,411,function,runtime_handler,generic,UE_PCG|FASTNOISELITE,"Prove runtime relevance, deterministic behavior, direct tests, caller wiring, typed contracts, and no dead/orphan code before claiming generator quality.",C+,REVIEW_FOR_B,helper_reachable,"Runtime/test evidence exists, but strict AAA evidence is incomplete."
veilbreakers_terrain/handlers/terrain_sculpt.py,compute_smooth_displacements,compute_smooth_displacements,530,function,runtime_handler,generic,UE_PCG|FASTNOISELITE,"Prove runtime relevance, deterministic behavior, direct tests, caller wiring, typed contracts, and no dead/orphan code before claiming generator quality.",C+,REVIEW_FOR_B,helper_reachable,"Runtime/test evidence exists, but strict AAA evidence is incomplete."
veilbreakers_terrain/handlers/terrain_sculpt.py,compute_flatten_displacements,compute_flatten_displacements,677,function,runtime_handler,generic,UE_PCG|FASTNOISELITE,"Prove runtime relevance, deterministic behavior, direct tests, caller wiring, typed contracts, and no dead/orphan code before claiming generator quality.",C+,REVIEW_FOR_B,helper_reachable,"Runtime/test evidence exists, but strict AAA evidence is incomplete."
veilbreakers_terrain/handlers/terrain_sculpt.py,compute_stamp_displacements,compute_stamp_displacements,814,function,runtime_handler,generic,UE_PCG|FASTNOISELITE,"Prove runtime relevance, deterministic behavior, direct tests, caller wiring, typed contracts, and no dead/orphan code before claiming generator quality.",C+,REVIEW_FOR_B,helper_reachable,"Runtime/test evidence exists, but strict AAA evidence is incomplete."
veilbreakers_terrain/handlers/terrain_sculpt.py,_build_adjacency,_build_adjacency,981,function,runtime_handler,generic,UE_PCG|FASTNOISELITE,"Prove runtime relevance, deterministic behavior, direct tests, caller wiring, typed contracts, and no dead/orphan code before claiming generator quality.",C,ADD_DIRECT_TESTS,helper_reachable,"Runtime path exists, but direct test evidence is missing. Structural/helper callable: cannot exceed C+ without direct contract tests and parent-surface proof."
veilbreakers_terrain/handlers/terrain_sculpt.py,handle_sculpt_terrain,handle_sculpt_terrain,1026,function,runtime_handler,generic,UE_PCG|FASTNOISELITE,"Prove runtime relevance, deterministic behavior, direct tests, caller wiring, typed contracts, and no dead/orphan code before claiming generator quality.",C,ADD_DIRECT_TESTS,runtime_primary,"Runtime path exists, but direct test evidence is missing."
veilbreakers_terrain/handlers/terrain_semantics.py,ErosionStrategy,ErosionStrategy,44,class,runtime_handler,generic,UE_PCG|FASTNOISELITE,"Prove runtime relevance, deterministic behavior, direct tests, caller wiring, typed contracts, and no dead/orphan code before claiming generator quality.",D+,WIRE_OR_DEPRECATE,missing_wiring_row,No callable-wiring row; runtime path is unproven. Structural/helper callable: cannot exceed C+ without direct contract tests and parent-surface proof.
veilbreakers_terrain/handlers/terrain_semantics.py,SectorOrigin,SectorOrigin,59,class,runtime_handler,generic,UE_PCG|FASTNOISELITE,"Prove runtime relevance, deterministic behavior, direct tests, caller wiring, typed contracts, and no dead/orphan code before claiming generator quality.",D+,WIRE_OR_DEPRECATE,missing_wiring_row,No callable-wiring row; runtime path is unproven. Structural/helper callable: cannot exceed C+ without direct contract tests and parent-surface proof.
veilbreakers_terrain/handlers/terrain_semantics.py,WorldHeightTransform,WorldHeightTransform,73,class,runtime_handler,generic,UE_PCG|FASTNOISELITE,"Prove runtime relevance, deterministic behavior, direct tests, caller wiring, typed contracts, and no dead/orphan code before claiming generator quality.",D+,WIRE_OR_DEPRECATE,missing_wiring_row,No callable-wiring row; runtime path is unproven. Structural/helper callable: cannot exceed C+ without direct contract tests and parent-surface proof.
veilbreakers_terrain/handlers/terrain_semantics.py,WorldHeightTransform.__post_init__,__post_init__,86,method,runtime_handler,generic,UE_PCG|FASTNOISELITE,"Prove runtime relevance, deterministic behavior, direct tests, caller wiring, typed contracts, and no dead/orphan code before claiming generator quality.",D+,WIRE_OR_DEPRECATE,missing_wiring_row,No callable-wiring row; runtime path is unproven. Structural/helper callable: cannot exceed C+ without direct contract tests and parent-surface proof.
veilbreakers_terrain/handlers/terrain_semantics.py,WorldHeightTransform.to_normalized,to_normalized,99,method,runtime_handler,generic,UE_PCG|FASTNOISELITE,"Prove runtime relevance, deterministic behavior, direct tests, caller wiring, typed contracts, and no dead/orphan code before claiming generator quality.",C,ADD_DIRECT_TESTS,helper_reachable,"Runtime path exists, but direct test evidence is missing. Structural/helper callable: cannot exceed C+ without direct contract tests and parent-surface proof."
veilbreakers_terrain/handlers/terrain_semantics.py,WorldHeightTransform.from_normalized,from_normalized,114,method,runtime_handler,generic,UE_PCG|FASTNOISELITE,"Prove runtime relevance, deterministic behavior, direct tests, caller wiring, typed contracts, and no dead/orphan code before claiming generator quality.",C,ADD_DIRECT_TESTS,helper_reachable,"Runtime path exists, but direct test evidence is missing. Structural/helper callable: cannot exceed C+ without direct contract tests and parent-surface proof."
veilbreakers_terrain/handlers/terrain_semantics.py,BBox,BBox,136,class,runtime_handler,generic,UE_PCG|FASTNOISELITE,"Prove runtime relevance, deterministic behavior, direct tests, caller wiring, typed contracts, and no dead/orphan code before claiming generator quality.",D+,WIRE_OR_DEPRECATE,missing_wiring_row,No callable-wiring row; runtime path is unproven. Structural/helper callable: cannot exceed C+ without direct contract tests and parent-surface proof.
veilbreakers_terrain/handlers/terrain_semantics.py,BBox.__post_init__,__post_init__,148,method,runtime_handler,generic,UE_PCG|FASTNOISELITE,"Prove runtime relevance, deterministic behavior, direct tests, caller wiring, typed contracts, and no dead/orphan code before claiming generator quality.",D+,WIRE_OR_DEPRECATE,missing_wiring_row,No callable-wiring row; runtime path is unproven. Structural/helper callable: cannot exceed C+ without direct contract tests and parent-surface proof.
veilbreakers_terrain/handlers/terrain_semantics.py,BBox.width,width,156,method,runtime_handler,generic,UE_PCG|FASTNOISELITE,"Prove runtime relevance, deterministic behavior, direct tests, caller wiring, typed contracts, and no dead/orphan code before claiming generator quality.",D+,WIRE_OR_DEPRECATE,orphan_candidate,Wiring scan marks this as orphan_candidate. Structural/helper callable: cannot exceed C+ without direct contract tests and parent-surface proof.
veilbreakers_terrain/handlers/terrain_semantics.py,BBox.center,center,164,method,runtime_handler,generic,UE_PCG|FASTNOISELITE,"Prove runtime relevance, deterministic behavior, direct tests, caller wiring, typed contracts, and no dead/orphan code before claiming generator quality.",C,WIRE_OR_DEPRECATE,test_only_or_unwired,Wiring scan status is test_only_or_unwired; production path is not proven. Structural/helper callable: cannot exceed C+ without direct contract tests and parent-surface proof.
veilbreakers_terrain/handlers/terrain_semantics.py,BBox.to_tuple,to_tuple,167,method,runtime_handler,generic,UE_PCG|FASTNOISELITE,"Prove runtime relevance, deterministic behavior, direct tests, caller wiring, typed contracts, and no dead/orphan code before claiming generator quality.",C+,PROVE_PARENT_CONTRACT_OR_INLINE,helper_reachable,"Runtime/test evidence exists, but strict AAA evidence is incomplete. Structural/helper callable: cannot exceed C+ without direct contract tests and parent-surface proof."
veilbreakers_terrain/handlers/terrain_semantics.py,BBox.contains_point,contains_point,170,method,runtime_handler,generic,UE_PCG|FASTNOISELITE,"Prove runtime relevance, deterministic behavior, direct tests, caller wiring, typed contracts, and no dead/orphan code before claiming generator quality.",C+,PROVE_PARENT_CONTRACT_OR_INLINE,helper_reachable,"Runtime/test evidence exists, but strict AAA evidence is incomplete. Structural/helper callable: cannot exceed C+ without direct contract tests and parent-surface proof."
veilbreakers_terrain/handlers/terrain_semantics.py,BBox.intersects,intersects,173,method,runtime_handler,generic,UE_PCG|FASTNOISELITE,"Prove runtime relevance, deterministic behavior, direct tests, caller wiring, typed contracts, and no dead/orphan code before claiming generator quality.",C,ADD_DIRECT_TESTS,helper_reachable,"Runtime path exists, but direct test evidence is missing. Structural/helper callable: cannot exceed C+ without direct contract tests and parent-surface proof."
veilbreakers_terrain/handlers/terrain_semantics.py,BBox.to_cell_slice,to_cell_slice,181,method,runtime_handler,generic,UE_PCG|FASTNOISELITE,"Prove runtime relevance, deterministic behavior, direct tests, caller wiring, typed contracts, and no dead/orphan code before claiming generator quality.",C,ADD_DIRECT_TESTS,helper_reachable,"Runtime path exists, but direct test evidence is missing. Structural/helper callable: cannot exceed C+ without direct contract tests and parent-surface proof."
veilbreakers_terrain/handlers/terrain_semantics.py,HeroFeatureRef,HeroFeatureRef,198,class,runtime_handler,generic,UE_PCG|FASTNOISELITE,"Prove runtime relevance, deterministic behavior, direct tests, caller wiring, typed contracts, and no dead/orphan code before claiming generator quality.",D+,WIRE_OR_DEPRECATE,missing_wiring_row,No callable-wiring row; runtime path is unproven. Structural/helper callable: cannot exceed C+ without direct contract tests and parent-surface proof.
veilbreakers_terrain/handlers/terrain_semantics.py,WaterfallChainRef,WaterfallChainRef,208,class,runtime_handler,generic,UE_PCG|FASTNOISELITE,"Prove runtime relevance, deterministic behavior, direct tests, caller wiring, typed contracts, and no dead/orphan code before claiming generator quality.",D+,WIRE_OR_DEPRECATE,missing_wiring_row,No callable-wiring row; runtime path is unproven. Structural/helper callable: cannot exceed C+ without direct contract tests and parent-surface proof.
veilbreakers_terrain/handlers/terrain_semantics.py,HeroFeatureBudget,HeroFeatureBudget,218,class,runtime_handler,generic,UE_PCG|FASTNOISELITE,"Prove runtime relevance, deterministic behavior, direct tests, caller wiring, typed contracts, and no dead/orphan code before claiming generator quality.",D+,WIRE_OR_DEPRECATE,missing_wiring_row,No callable-wiring row; runtime path is unproven. Structural/helper callable: cannot exceed C+ without direct contract tests and parent-surface proof.
veilbreakers_terrain/handlers/terrain_semantics.py,TerrainMaskStack,TerrainMaskStack,232,class,runtime_handler,generic,UE_PCG|FASTNOISELITE,"Prove runtime relevance, deterministic behavior, direct tests, caller wiring, typed contracts, and no dead/orphan code before claiming generator quality.",D+,WIRE_OR_DEPRECATE,missing_wiring_row,No callable-wiring row; runtime path is unproven. Structural/helper callable: cannot exceed C+ without direct contract tests and parent-surface proof.
veilbreakers_terrain/handlers/terrain_semantics.py,TerrainMaskStack.__post_init__,__post_init__,630,method,runtime_handler,generic,UE_PCG|FASTNOISELITE,"Prove runtime relevance, deterministic behavior, direct tests, caller wiring, typed contracts, and no dead/orphan code before claiming generator quality.",D+,WIRE_OR_DEPRECATE,missing_wiring_row,No callable-wiring row; runtime path is unproven. Structural/helper callable: cannot exceed C+ without direct contract tests and parent-surface proof.
veilbreakers_terrain/handlers/terrain_semantics.py,TerrainMaskStack.__setattr__,__setattr__,680,method,runtime_handler,generic,UE_PCG|FASTNOISELITE,"Prove runtime relevance, deterministic behavior, direct tests, caller wiring, typed contracts, and no dead/orphan code before claiming generator quality.",D+,WIRE_OR_DEPRECATE,missing_wiring_row,No callable-wiring row; runtime path is unproven. Structural/helper callable: cannot exceed C+ without direct contract tests and parent-surface proof.
veilbreakers_terrain/handlers/terrain_semantics.py,TerrainMaskStack.get,get,693,method,runtime_handler,generic,UE_PCG|FASTNOISELITE,"Prove runtime relevance, deterministic behavior, direct tests, caller wiring, typed contracts, and no dead/orphan code before claiming generator quality.",C+,PROVE_PARENT_CONTRACT_OR_INLINE,helper_reachable,"Runtime/test evidence exists, but strict AAA evidence is incomplete. Structural/helper callable: cannot exceed C+ without direct contract tests and parent-surface proof."
veilbreakers_terrain/handlers/terrain_semantics.py,TerrainMaskStack.import_neighbor_edge,import_neighbor_edge,709,method,runtime_handler,generic,UE_PCG|FASTNOISELITE,"Prove runtime relevance, deterministic behavior, direct tests, caller wiring, typed contracts, and no dead/orphan code before claiming generator quality.",C,WIRE_OR_DEPRECATE,test_only_or_unwired,Wiring scan status is test_only_or_unwired; production path is not proven. Structural/helper callable: cannot exceed C+ without direct contract tests and parent-surface proof.
veilbreakers_terrain/handlers/terrain_semantics.py,TerrainMaskStack.set,set,784,method,runtime_handler,generic,UE_PCG|FASTNOISELITE,"Prove runtime relevance, deterministic behavior, direct tests, caller wiring, typed contracts, and no dead/orphan code before claiming generator quality.",C+,PROVE_PARENT_CONTRACT_OR_INLINE,helper_reachable,"Runtime/test evidence exists, but strict AAA evidence is incomplete. Structural/helper callable: cannot exceed C+ without direct contract tests and parent-surface proof."
veilbreakers_terrain/handlers/terrain_semantics.py,TerrainMaskStack.mark_dirty,mark_dirty,837,method,runtime_handler,generic,UE_PCG|FASTNOISELITE,"Prove runtime relevance, deterministic behavior, direct tests, caller wiring, typed contracts, and no dead/orphan code before claiming generator quality.",C+,PROVE_PARENT_CONTRACT_OR_INLINE,helper_reachable,"Runtime/test evidence exists, but strict AAA evidence is incomplete. Structural/helper callable: cannot exceed C+ without direct contract tests and parent-surface proof."
veilbreakers_terrain/handlers/terrain_semantics.py,TerrainMaskStack.mark_clean,mark_clean,841,method,runtime_handler,generic,UE_PCG|FASTNOISELITE,"Prove runtime relevance, deterministic behavior, direct tests, caller wiring, typed contracts, and no dead/orphan code before claiming generator quality.",C,WIRE_OR_DEPRECATE,test_only_or_unwired,Wiring scan status is test_only_or_unwired; production path is not proven. Structural/helper callable: cannot exceed C+ without direct contract tests and parent-surface proof.
veilbreakers_terrain/handlers/terrain_semantics.py,TerrainMaskStack.assert_channels_present,assert_channels_present,844,method,runtime_handler,generic,UE_PCG|FASTNOISELITE,"Prove runtime relevance, deterministic behavior, direct tests, caller wiring, typed contracts, and no dead/orphan code before claiming generator quality.",D+,WIRE_OR_DEPRECATE,orphan_candidate,Wiring scan marks this as orphan_candidate. Structural/helper callable: cannot exceed C+ without direct contract tests and parent-surface proof.
veilbreakers_terrain/handlers/terrain_semantics.py,TerrainMaskStack.compute_hash,compute_hash,923,method,runtime_handler,generic,UE_PCG|FASTNOISELITE,"Prove runtime relevance, deterministic behavior, direct tests, caller wiring, typed contracts, and no dead/orphan code before claiming generator quality.",C+,PROVE_PARENT_CONTRACT_OR_INLINE,helper_reachable,"Runtime/test evidence exists, but strict AAA evidence is incomplete. Structural/helper callable: cannot exceed C+ without direct contract tests and parent-surface proof."
veilbreakers_terrain/handlers/terrain_semantics.py,TerrainMaskStack.to_npz,to_npz,990,method,runtime_handler,generic,UE_PCG|FASTNOISELITE,"Prove runtime relevance, deterministic behavior, direct tests, caller wiring, typed contracts, and no dead/orphan code before claiming generator quality.",C+,PROVE_PARENT_CONTRACT_OR_INLINE,helper_reachable,"Runtime/test evidence exists, but strict AAA evidence is incomplete. Structural/helper callable: cannot exceed C+ without direct contract tests and parent-surface proof."
veilbreakers_terrain/handlers/terrain_semantics.py,TerrainMaskStack.from_npz,from_npz,1040,method,runtime_handler,generic,UE_PCG|FASTNOISELITE,"Prove runtime relevance, deterministic behavior, direct tests, caller wiring, typed contracts, and no dead/orphan code before claiming generator quality.",C+,PROVE_PARENT_CONTRACT_OR_INLINE,helper_reachable,"Runtime/test evidence exists, but strict AAA evidence is incomplete. Structural/helper callable: cannot exceed C+ without direct contract tests and parent-surface proof."
veilbreakers_terrain/handlers/terrain_semantics.py,ProtectedZoneSpec,ProtectedZoneSpec,1102,class,runtime_handler,generic,UE_PCG|FASTNOISELITE,"Prove runtime relevance, deterministic behavior, direct tests, caller wiring, typed contracts, and no dead/orphan code before claiming generator quality.",D+,WIRE_OR_DEPRECATE,missing_wiring_row,No callable-wiring row; runtime path is unproven. Structural/helper callable: cannot exceed C+ without direct contract tests and parent-surface proof.
veilbreakers_terrain/handlers/terrain_semantics.py,ProtectedZoneSpec.permits,permits,1112,method,runtime_handler,generic,UE_PCG|FASTNOISELITE,"Prove runtime relevance, deterministic behavior, direct tests, caller wiring, typed contracts, and no dead/orphan code before claiming generator quality.",C,ADD_DIRECT_TESTS,helper_reachable,"Runtime path exists, but direct test evidence is missing. Structural/helper callable: cannot exceed C+ without direct contract tests and parent-surface proof."
veilbreakers_terrain/handlers/terrain_semantics.py,TerrainAnchor,TerrainAnchor,1126,class,runtime_handler,generic,UE_PCG|FASTNOISELITE,"Prove runtime relevance, deterministic behavior, direct tests, caller wiring, typed contracts, and no dead/orphan code before claiming generator quality.",D+,WIRE_OR_DEPRECATE,missing_wiring_row,No callable-wiring row; runtime path is unproven. Structural/helper callable: cannot exceed C+ without direct contract tests and parent-surface proof.
veilbreakers_terrain/handlers/terrain_semantics.py,HeroFeatureSpec,HeroFeatureSpec,1143,class,runtime_handler,generic,UE_PCG|FASTNOISELITE,"Prove runtime relevance, deterministic behavior, direct tests, caller wiring, typed contracts, and no dead/orphan code before claiming generator quality.",D+,WIRE_OR_DEPRECATE,missing_wiring_row,No callable-wiring row; runtime path is unproven. Structural/helper callable: cannot exceed C+ without direct contract tests and parent-surface proof.
veilbreakers_terrain/handlers/terrain_semantics.py,WaterSystemSpec,WaterSystemSpec,1165,class,runtime_handler,generic,UE_PCG|FASTNOISELITE,"Prove runtime relevance, deterministic behavior, direct tests, caller wiring, typed contracts, and no dead/orphan code before claiming generator quality.",D+,WIRE_OR_DEPRECATE,missing_wiring_row,No callable-wiring row; runtime path is unproven. Structural/helper callable: cannot exceed C+ without direct contract tests and parent-surface proof.
veilbreakers_terrain/handlers/terrain_semantics.py,TerrainSceneRead,TerrainSceneRead,1191,class,runtime_handler,generic,UE_PCG|FASTNOISELITE,"Prove runtime relevance, deterministic behavior, direct tests, caller wiring, typed contracts, and no dead/orphan code before claiming generator quality.",D+,WIRE_OR_DEPRECATE,missing_wiring_row,No callable-wiring row; runtime path is unproven. Structural/helper callable: cannot exceed C+ without direct contract tests and parent-surface proof.
veilbreakers_terrain/handlers/terrain_semantics.py,TerrainIntentState,TerrainIntentState,1228,class,runtime_handler,generic,UE_PCG|FASTNOISELITE,"Prove runtime relevance, deterministic behavior, direct tests, caller wiring, typed contracts, and no dead/orphan code before claiming generator quality.",D+,WIRE_OR_DEPRECATE,missing_wiring_row,No callable-wiring row; runtime path is unproven. Structural/helper callable: cannot exceed C+ without direct contract tests and parent-surface proof.
veilbreakers_terrain/handlers/terrain_semantics.py,TerrainIntentState.with_scene_read,with_scene_read,1250,method,runtime_handler,generic,UE_PCG|FASTNOISELITE,"Prove runtime relevance, deterministic behavior, direct tests, caller wiring, typed contracts, and no dead/orphan code before claiming generator quality.",D+,WIRE_OR_DEPRECATE,orphan_candidate,Wiring scan marks this as orphan_candidate. Structural/helper callable: cannot exceed C+ without direct contract tests and parent-surface proof.
veilbreakers_terrain/handlers/terrain_semantics.py,TerrainIntentState.intent_hash,intent_hash,1256,method,runtime_handler,generic,UE_PCG|FASTNOISELITE,"Prove runtime relevance, deterministic behavior, direct tests, caller wiring, typed contracts, and no dead/orphan code before claiming generator quality.",C+,PROVE_PARENT_CONTRACT_OR_INLINE,helper_reachable,"Runtime/test evidence exists, but strict AAA evidence is incomplete. Structural/helper callable: cannot exceed C+ without direct contract tests and parent-surface proof."
veilbreakers_terrain/handlers/terrain_semantics.py,ValidationIssue,ValidationIssue,1296,class,runtime_handler,generic,UE_PCG|FASTNOISELITE,"Prove runtime relevance, deterministic behavior, direct tests, caller wiring, typed contracts, and no dead/orphan code before claiming generator quality.",D+,WIRE_OR_DEPRECATE,missing_wiring_row,No callable-wiring row; runtime path is unproven. Structural/helper callable: cannot exceed C+ without direct contract tests and parent-surface proof.
veilbreakers_terrain/handlers/terrain_semantics.py,ValidationIssue.__post_init__,__post_init__,1309,method,runtime_handler,generic,UE_PCG|FASTNOISELITE,"Prove runtime relevance, deterministic behavior, direct tests, caller wiring, typed contracts, and no dead/orphan code before claiming generator quality.",D+,WIRE_OR_DEPRECATE,missing_wiring_row,No callable-wiring row; runtime path is unproven. Structural/helper callable: cannot exceed C+ without direct contract tests and parent-surface proof.
veilbreakers_terrain/handlers/terrain_semantics.py,ValidationIssue.is_hard,is_hard,1319,method,runtime_handler,generic,UE_PCG|FASTNOISELITE,"Prove runtime relevance, deterministic behavior, direct tests, caller wiring, typed contracts, and no dead/orphan code before claiming generator quality.",C+,PROVE_PARENT_CONTRACT_OR_INLINE,helper_reachable,"Runtime/test evidence exists, but strict AAA evidence is incomplete. Structural/helper callable: cannot exceed C+ without direct contract tests and parent-surface proof."
veilbreakers_terrain/handlers/terrain_semantics.py,ValidationIssue.is_soft,is_soft,1323,method,runtime_handler,generic,UE_PCG|FASTNOISELITE,"Prove runtime relevance, deterministic behavior, direct tests, caller wiring, typed contracts, and no dead/orphan code before claiming generator quality.",C,ADD_DIRECT_TESTS,helper_reachable,"Runtime path exists, but direct test evidence is missing. Structural/helper callable: cannot exceed C+ without direct contract tests and parent-surface proof."
veilbreakers_terrain/handlers/terrain_semantics.py,ValidationIssue.is_info,is_info,1327,method,runtime_handler,generic,UE_PCG|FASTNOISELITE,"Prove runtime relevance, deterministic behavior, direct tests, caller wiring, typed contracts, and no dead/orphan code before claiming generator quality.",D+,WIRE_OR_DEPRECATE,orphan_candidate,Wiring scan marks this as orphan_candidate. Structural/helper callable: cannot exceed C+ without direct contract tests and parent-surface proof.
veilbreakers_terrain/handlers/terrain_semantics.py,PassResult,PassResult,1338,class,runtime_handler,generic,UE_PCG|FASTNOISELITE,"Prove runtime relevance, deterministic behavior, direct tests, caller wiring, typed contracts, and no dead/orphan code before claiming generator quality.",D+,WIRE_OR_DEPRECATE,missing_wiring_row,No callable-wiring row; runtime path is unproven. Structural/helper callable: cannot exceed C+ without direct contract tests and parent-surface proof.
veilbreakers_terrain/handlers/terrain_semantics.py,PassResult.__post_init__,__post_init__,1358,method,runtime_handler,generic,UE_PCG|FASTNOISELITE,"Prove runtime relevance, deterministic behavior, direct tests, caller wiring, typed contracts, and no dead/orphan code before claiming generator quality.",D+,WIRE_OR_DEPRECATE,missing_wiring_row,No callable-wiring row; runtime path is unproven. Structural/helper callable: cannot exceed C+ without direct contract tests and parent-surface proof.
veilbreakers_terrain/handlers/terrain_semantics.py,PassResult.ok,ok,1371,method,runtime_handler,generic,UE_PCG|FASTNOISELITE,"Prove runtime relevance, deterministic behavior, direct tests, caller wiring, typed contracts, and no dead/orphan code before claiming generator quality.",D+,WIRE_OR_DEPRECATE,orphan_candidate,Wiring scan marks this as orphan_candidate. Structural/helper callable: cannot exceed C+ without direct contract tests and parent-surface proof.
veilbreakers_terrain/handlers/terrain_semantics.py,PassResult.failed,failed,1375,method,runtime_handler,generic,UE_PCG|FASTNOISELITE,"Prove runtime relevance, deterministic behavior, direct tests, caller wiring, typed contracts, and no dead/orphan code before claiming generator quality.",D+,WIRE_OR_DEPRECATE,orphan_candidate,Wiring scan marks this as orphan_candidate. Structural/helper callable: cannot exceed C+ without direct contract tests and parent-surface proof.
veilbreakers_terrain/handlers/terrain_semantics.py,PassResult.has_hard_issues,has_hard_issues,1379,method,runtime_handler,generic,UE_PCG|FASTNOISELITE,"Prove runtime relevance, deterministic behavior, direct tests, caller wiring, typed contracts, and no dead/orphan code before claiming generator quality.",D+,WIRE_OR_DEPRECATE,orphan_candidate,Wiring scan marks this as orphan_candidate. Structural/helper callable: cannot exceed C+ without direct contract tests and parent-surface proof.
veilbreakers_terrain/handlers/terrain_semantics.py,PassResult.summary,summary,1383,method,runtime_handler,generic,UE_PCG|FASTNOISELITE,"Prove runtime relevance, deterministic behavior, direct tests, caller wiring, typed contracts, and no dead/orphan code before claiming generator quality.",D+,WIRE_OR_DEPRECATE,orphan_candidate,Wiring scan marks this as orphan_candidate. Structural/helper callable: cannot exceed C+ without direct contract tests and parent-surface proof.
veilbreakers_terrain/handlers/terrain_semantics.py,TerrainCheckpoint,TerrainCheckpoint,1401,class,runtime_handler,generic,UE_PCG|FASTNOISELITE,"Prove runtime relevance, deterministic behavior, direct tests, caller wiring, typed contracts, and no dead/orphan code before claiming generator quality.",D+,WIRE_OR_DEPRECATE,missing_wiring_row,No callable-wiring row; runtime path is unproven. Structural/helper callable: cannot exceed C+ without direct contract tests and parent-surface proof.
veilbreakers_terrain/handlers/terrain_semantics.py,QualityGate,QualityGate,1435,class,runtime_handler,generic,UE_PCG|FASTNOISELITE,"Prove runtime relevance, deterministic behavior, direct tests, caller wiring, typed contracts, and no dead/orphan code before claiming generator quality.",D+,WIRE_OR_DEPRECATE,missing_wiring_row,No callable-wiring row; runtime path is unproven. Structural/helper callable: cannot exceed C+ without direct contract tests and parent-surface proof.
veilbreakers_terrain/handlers/terrain_semantics.py,PassDefinition,PassDefinition,1461,class,runtime_handler,generic,UE_PCG|FASTNOISELITE,"Prove runtime relevance, deterministic behavior, direct tests, caller wiring, typed contracts, and no dead/orphan code before claiming generator quality.",D+,WIRE_OR_DEPRECATE,missing_wiring_row,No callable-wiring row; runtime path is unproven. Structural/helper callable: cannot exceed C+ without direct contract tests and parent-surface proof.
veilbreakers_terrain/handlers/terrain_semantics.py,TerrainPipelineState,TerrainPipelineState,1516,class,runtime_handler,generic,UE_PCG|FASTNOISELITE,"Prove runtime relevance, deterministic behavior, direct tests, caller wiring, typed contracts, and no dead/orphan code before claiming generator quality.",D+,WIRE_OR_DEPRECATE,missing_wiring_row,No callable-wiring row; runtime path is unproven. Structural/helper callable: cannot exceed C+ without direct contract tests and parent-surface proof.
veilbreakers_terrain/handlers/terrain_semantics.py,TerrainPipelineState.tile_x,tile_x,1542,method,runtime_handler,generic,UE_PCG|FASTNOISELITE,"Prove runtime relevance, deterministic behavior, direct tests, caller wiring, typed contracts, and no dead/orphan code before claiming generator quality.",C,WIRE_OR_DEPRECATE,test_only_or_unwired,Wiring scan status is test_only_or_unwired; production path is not proven. Structural/helper callable: cannot exceed C+ without direct contract tests and parent-surface proof.
veilbreakers_terrain/handlers/terrain_semantics.py,TerrainPipelineState.tile_y,tile_y,1546,method,runtime_handler,generic,UE_PCG|FASTNOISELITE,"Prove runtime relevance, deterministic behavior, direct tests, caller wiring, typed contracts, and no dead/orphan code before claiming generator quality.",C,WIRE_OR_DEPRECATE,test_only_or_unwired,Wiring scan status is test_only_or_unwired; production path is not proven. Structural/helper callable: cannot exceed C+ without direct contract tests and parent-surface proof.
veilbreakers_terrain/handlers/terrain_semantics.py,TerrainPipelineState.record_pass,record_pass,1549,method,runtime_handler,generic,UE_PCG|FASTNOISELITE,"Prove runtime relevance, deterministic behavior, direct tests, caller wiring, typed contracts, and no dead/orphan code before claiming generator quality.",C,ADD_DIRECT_TESTS,helper_reachable,"Runtime path exists, but direct test evidence is missing. Structural/helper callable: cannot exceed C+ without direct contract tests and parent-surface proof."
veilbreakers_terrain/handlers/terrain_semantics.py,SceneReadRequired,SceneReadRequired,1558,class,runtime_handler,generic,UE_PCG|FASTNOISELITE,"Prove runtime relevance, deterministic behavior, direct tests, caller wiring, typed contracts, and no dead/orphan code before claiming generator quality.",D+,WIRE_OR_DEPRECATE,missing_wiring_row,No callable-wiring row; runtime path is unproven. Structural/helper callable: cannot exceed C+ without direct contract tests and parent-surface proof.
veilbreakers_terrain/handlers/terrain_semantics.py,ProtectedZoneViolation,ProtectedZoneViolation,1562,class,runtime_handler,generic,UE_PCG|FASTNOISELITE,"Prove runtime relevance, deterministic behavior, direct tests, caller wiring, typed contracts, and no dead/orphan code before claiming generator quality.",D+,WIRE_OR_DEPRECATE,missing_wiring_row,No callable-wiring row; runtime path is unproven. Structural/helper callable: cannot exceed C+ without direct contract tests and parent-surface proof.
veilbreakers_terrain/handlers/terrain_semantics.py,PassContractError,PassContractError,1566,class,runtime_handler,generic,UE_PCG|FASTNOISELITE,"Prove runtime relevance, deterministic behavior, direct tests, caller wiring, typed contracts, and no dead/orphan code before claiming generator quality.",D+,WIRE_OR_DEPRECATE,missing_wiring_row,No callable-wiring row; runtime path is unproven. Structural/helper callable: cannot exceed C+ without direct contract tests and parent-surface proof.
veilbreakers_terrain/handlers/terrain_semantics.py,UnknownPassError,UnknownPassError,1570,class,runtime_handler,generic,UE_PCG|FASTNOISELITE,"Prove runtime relevance, deterministic behavior, direct tests, caller wiring, typed contracts, and no dead/orphan code before claiming generator quality.",D+,WIRE_OR_DEPRECATE,missing_wiring_row,No callable-wiring row; runtime path is unproven. Structural/helper callable: cannot exceed C+ without direct contract tests and parent-surface proof.
veilbreakers_terrain/handlers/terrain_semantics.py,ChannelOwnershipError,ChannelOwnershipError,1574,class,runtime_handler,generic,UE_PCG|FASTNOISELITE,"Prove runtime relevance, deterministic behavior, direct tests, caller wiring, typed contracts, and no dead/orphan code before claiming generator quality.",D+,WIRE_OR_DEPRECATE,missing_wiring_row,No callable-wiring row; runtime path is unproven. Structural/helper callable: cannot exceed C+ without direct contract tests and parent-surface proof.
veilbreakers_terrain/handlers/terrain_shadow_clipmap_bake.py,_bake_single_cascade,_bake_single_cascade,74,function,runtime_handler,generic,UE_PCG|FASTNOISELITE,"Prove runtime relevance, deterministic behavior, direct tests, caller wiring, typed contracts, and no dead/orphan code before claiming generator quality.",C,ADD_DIRECT_TESTS,helper_reachable,"Runtime path exists, but direct test evidence is missing. Structural/helper callable: cannot exceed C+ without direct contract tests and parent-surface proof."
veilbreakers_terrain/handlers/terrain_shadow_clipmap_bake.py,bake_shadow_clipmap,bake_shadow_clipmap,135,function,runtime_handler,generic,UE_PCG|FASTNOISELITE,"Prove runtime relevance, deterministic behavior, direct tests, caller wiring, typed contracts, and no dead/orphan code before claiming generator quality.",C+,REVIEW_FOR_B,helper_reachable,"Runtime/test evidence exists, but strict AAA evidence is incomplete."
veilbreakers_terrain/handlers/terrain_shadow_clipmap_bake.py,_write_mini_exr_f32,_write_mini_exr_f32,227,function,runtime_handler,generic,UE_PCG|FASTNOISELITE,"Prove runtime relevance, deterministic behavior, direct tests, caller wiring, typed contracts, and no dead/orphan code before claiming generator quality.",C,ADD_DIRECT_TESTS,helper_reachable,"Runtime path exists, but direct test evidence is missing. Structural/helper callable: cannot exceed C+ without direct contract tests and parent-surface proof."
veilbreakers_terrain/handlers/terrain_shadow_clipmap_bake.py,_write_mini_exr_f32._write_str,_write_str,258,nested_function,runtime_handler,generic,UE_PCG|FASTNOISELITE,"Prove runtime relevance, deterministic behavior, direct tests, caller wiring, typed contracts, and no dead/orphan code before claiming generator quality.",C,ADD_DIRECT_TESTS,helper_reachable,"Runtime path exists, but direct test evidence is missing. Structural/helper callable: cannot exceed C+ without direct contract tests and parent-surface proof."
veilbreakers_terrain/handlers/terrain_shadow_clipmap_bake.py,_write_mini_exr_f32._write_attr,_write_attr,262,nested_function,runtime_handler,generic,UE_PCG|FASTNOISELITE,"Prove runtime relevance, deterministic behavior, direct tests, caller wiring, typed contracts, and no dead/orphan code before claiming generator quality.",C,ADD_DIRECT_TESTS,helper_reachable,"Runtime path exists, but direct test evidence is missing. Structural/helper callable: cannot exceed C+ without direct contract tests and parent-surface proof."
veilbreakers_terrain/handlers/terrain_shadow_clipmap_bake.py,pass_shadow_clipmap,pass_shadow_clipmap,426,function,runtime_handler,generic,UE_PCG|FASTNOISELITE,"Prove runtime relevance, deterministic behavior, direct tests, caller wiring, typed contracts, and no dead/orphan code before claiming generator quality.",C+,REVIEW_FOR_B,runtime_primary,"Runtime/test evidence exists, but strict AAA evidence is incomplete."
veilbreakers_terrain/handlers/terrain_shadow_clipmap_bake.py,register_bundle_k_shadow_clipmap_pass,register_bundle_k_shadow_clipmap_pass,534,function,runtime_handler,generic,UE_PCG|FASTNOISELITE,"Prove runtime relevance, deterministic behavior, direct tests, caller wiring, typed contracts, and no dead/orphan code before claiming generator quality.",C+,REVIEW_FOR_B,runtime_primary,"Runtime/test evidence exists, but strict AAA evidence is incomplete."
veilbreakers_terrain/handlers/terrain_stochastic_shader.py,StochasticShaderTemplate.to_dict,to_dict,300,method,runtime_handler,generic,UE_PCG|FASTNOISELITE,"Prove runtime relevance, deterministic behavior, direct tests, caller wiring, typed contracts, and no dead/orphan code before claiming generator quality.",C+,PROVE_PARENT_CONTRACT_OR_INLINE,helper_reachable,"Runtime/test evidence exists, but strict AAA evidence is incomplete. Structural/helper callable: cannot exceed C+ without direct contract tests and parent-surface proof."
veilbreakers_terrain/handlers/terrain_stratigraphy.py,StratigraphyLayer,StratigraphyLayer,53,class,runtime_handler,generic,UE_PCG|FASTNOISELITE,"Prove runtime relevance, deterministic behavior, direct tests, caller wiring, typed contracts, and no dead/orphan code before claiming generator quality.",D+,WIRE_OR_DEPRECATE,missing_wiring_row,No callable-wiring row; runtime path is unproven. Structural/helper callable: cannot exceed C+ without direct contract tests and parent-surface proof.
veilbreakers_terrain/handlers/terrain_stratigraphy.py,StratigraphyLayer.__post_init__,__post_init__,80,method,runtime_handler,generic,UE_PCG|FASTNOISELITE,"Prove runtime relevance, deterministic behavior, direct tests, caller wiring, typed contracts, and no dead/orphan code before claiming generator quality.",D+,WIRE_OR_DEPRECATE,missing_wiring_row,No callable-wiring row; runtime path is unproven. Structural/helper callable: cannot exceed C+ without direct contract tests and parent-surface proof.
veilbreakers_terrain/handlers/terrain_stratigraphy.py,StratigraphyStack,StratigraphyStack,105,class,runtime_handler,generic,UE_PCG|FASTNOISELITE,"Prove runtime relevance, deterministic behavior, direct tests, caller wiring, typed contracts, and no dead/orphan code before claiming generator quality.",D+,WIRE_OR_DEPRECATE,missing_wiring_row,No callable-wiring row; runtime path is unproven. Structural/helper callable: cannot exceed C+ without direct contract tests and parent-surface proof.
veilbreakers_terrain/handlers/terrain_stratigraphy.py,StratigraphyStack.total_thickness,total_thickness,116,method,runtime_handler,generic,UE_PCG|FASTNOISELITE,"Prove runtime relevance, deterministic behavior, direct tests, caller wiring, typed contracts, and no dead/orphan code before claiming generator quality.",C+,PROVE_PARENT_CONTRACT_OR_INLINE,helper_reachable,"Runtime/test evidence exists, but strict AAA evidence is incomplete. Structural/helper callable: cannot exceed C+ without direct contract tests and parent-surface proof."
veilbreakers_terrain/handlers/terrain_stratigraphy.py,StratigraphyStack.layer_for_elevation,layer_for_elevation,119,method,runtime_handler,generic,UE_PCG|FASTNOISELITE,"Prove runtime relevance, deterministic behavior, direct tests, caller wiring, typed contracts, and no dead/orphan code before claiming generator quality.",C,WIRE_OR_DEPRECATE,test_only_or_unwired,Wiring scan status is test_only_or_unwired; production path is not proven. Structural/helper callable: cannot exceed C+ without direct contract tests and parent-surface proof.
veilbreakers_terrain/handlers/terrain_stratigraphy.py,compute_strata_orientation,compute_strata_orientation,144,function,runtime_handler,generic,UE_PCG|FASTNOISELITE,"Prove runtime relevance, deterministic behavior, direct tests, caller wiring, typed contracts, and no dead/orphan code before claiming generator quality.",C+,REVIEW_FOR_B,helper_reachable,"Runtime/test evidence exists, but strict AAA evidence is incomplete."
veilbreakers_terrain/handlers/terrain_stratigraphy.py,compute_rock_hardness,compute_rock_hardness,200,function,runtime_handler,generic,UE_PCG|FASTNOISELITE,"Prove runtime relevance, deterministic behavior, direct tests, caller wiring, typed contracts, and no dead/orphan code before claiming generator quality.",C+,REVIEW_FOR_B,helper_reachable,"Runtime/test evidence exists, but strict AAA evidence is incomplete."
veilbreakers_terrain/handlers/terrain_stratigraphy.py,simulate_fold_deformation,simulate_fold_deformation,364,function,runtime_handler,generic,UE_PCG|FASTNOISELITE,"Prove runtime relevance, deterministic behavior, direct tests, caller wiring, typed contracts, and no dead/orphan code before claiming generator quality.",C,ADD_DIRECT_TESTS,helper_reachable,"Runtime path exists, but direct test evidence is missing."
veilbreakers_terrain/handlers/terrain_stratigraphy.py,detect_unconformities,detect_unconformities,454,function,runtime_handler,generic,UE_PCG|FASTNOISELITE,"Prove runtime relevance, deterministic behavior, direct tests, caller wiring, typed contracts, and no dead/orphan code before claiming generator quality.",C,ADD_DIRECT_TESTS,helper_reachable,"Runtime path exists, but direct test evidence is missing."
veilbreakers_terrain/handlers/terrain_stratigraphy.py,simulate_intrusions,simulate_intrusions,521,function,runtime_handler,generic,UE_PCG|FASTNOISELITE,"Prove runtime relevance, deterministic behavior, direct tests, caller wiring, typed contracts, and no dead/orphan code before claiming generator quality.",C,ADD_DIRECT_TESTS,helper_reachable,"Runtime path exists, but direct test evidence is missing."
veilbreakers_terrain/handlers/terrain_stratigraphy.py,_default_strat_stack_from_hints,_default_strat_stack_from_hints,749,function,runtime_handler,generic,UE_PCG|FASTNOISELITE,"Prove runtime relevance, deterministic behavior, direct tests, caller wiring, typed contracts, and no dead/orphan code before claiming generator quality.",C,ADD_DIRECT_TESTS,helper_reachable,"Runtime path exists, but direct test evidence is missing. Structural/helper callable: cannot exceed C+ without direct contract tests and parent-surface proof."
veilbreakers_terrain/handlers/terrain_stratigraphy.py,pass_stratigraphy,pass_stratigraphy,920,function,runtime_handler,generic,UE_PCG|FASTNOISELITE,"Prove runtime relevance, deterministic behavior, direct tests, caller wiring, typed contracts, and no dead/orphan code before claiming generator quality.",C+,REVIEW_FOR_B,runtime_primary,"Runtime/test evidence exists, but strict AAA evidence is incomplete."
veilbreakers_terrain/handlers/terrain_telemetry_dashboard.py,TelemetryRecord,TelemetryRecord,22,class,runtime_handler,generic,UE_PCG|FASTNOISELITE,"Prove runtime relevance, deterministic behavior, direct tests, caller wiring, typed contracts, and no dead/orphan code before claiming generator quality.",D+,WIRE_OR_DEPRECATE,missing_wiring_row,No callable-wiring row; runtime path is unproven. Structural/helper callable: cannot exceed C+ without direct contract tests and parent-surface proof.
veilbreakers_terrain/handlers/terrain_telemetry_dashboard.py,TelemetryRecord.to_dict,to_dict,35,method,runtime_handler,generic,UE_PCG|FASTNOISELITE,"Prove runtime relevance, deterministic behavior, direct tests, caller wiring, typed contracts, and no dead/orphan code before claiming generator quality.",C+,PROVE_PARENT_CONTRACT_OR_INLINE,helper_reachable,"Runtime/test evidence exists, but strict AAA evidence is incomplete. Structural/helper callable: cannot exceed C+ without direct contract tests and parent-surface proof."
veilbreakers_terrain/handlers/terrain_telemetry_dashboard.py,TelemetryRecord.from_dict,from_dict,41,method,runtime_handler,generic,UE_PCG|FASTNOISELITE,"Prove runtime relevance, deterministic behavior, direct tests, caller wiring, typed contracts, and no dead/orphan code before claiming generator quality.",C+,PROVE_PARENT_CONTRACT_OR_INLINE,helper_reachable,"Runtime/test evidence exists, but strict AAA evidence is incomplete. Structural/helper callable: cannot exceed C+ without direct contract tests and parent-surface proof."
veilbreakers_terrain/handlers/terrain_telemetry_dashboard.py,_count_populated_channels,_count_populated_channels,56,function,runtime_handler,generic,UE_PCG|FASTNOISELITE,"Prove runtime relevance, deterministic behavior, direct tests, caller wiring, typed contracts, and no dead/orphan code before claiming generator quality.",C,ADD_DIRECT_TESTS,helper_reachable,"Runtime path exists, but direct test evidence is missing. Structural/helper callable: cannot exceed C+ without direct contract tests and parent-surface proof."
veilbreakers_terrain/handlers/terrain_telemetry_dashboard.py,record_telemetry,record_telemetry,65,function,runtime_handler,generic,UE_PCG|FASTNOISELITE,"Prove runtime relevance, deterministic behavior, direct tests, caller wiring, typed contracts, and no dead/orphan code before claiming generator quality.",C+,REVIEW_FOR_B,helper_reachable,"Runtime/test evidence exists, but strict AAA evidence is incomplete."
veilbreakers_terrain/handlers/terrain_telemetry_dashboard.py,_load_records,_load_records,96,function,runtime_handler,generic,UE_PCG|FASTNOISELITE,"Prove runtime relevance, deterministic behavior, direct tests, caller wiring, typed contracts, and no dead/orphan code before claiming generator quality.",C,ADD_DIRECT_TESTS,helper_reachable,"Runtime path exists, but direct test evidence is missing. Structural/helper callable: cannot exceed C+ without direct contract tests and parent-surface proof."
veilbreakers_terrain/handlers/terrain_telemetry_dashboard.py,summarize_telemetry,summarize_telemetry,113,function,runtime_handler,generic,UE_PCG|FASTNOISELITE,"Prove runtime relevance, deterministic behavior, direct tests, caller wiring, typed contracts, and no dead/orphan code before claiming generator quality.",C,WIRE_OR_DEPRECATE,test_only_or_unwired,Wiring scan status is test_only_or_unwired; production path is not proven.
veilbreakers_terrain/handlers/terrain_twelve_step.py,_apply_flatten_zones_stub,_apply_flatten_zones_stub,50,function,runtime_handler,generic,UE_PCG|FASTNOISELITE,"Prove runtime relevance, deterministic behavior, direct tests, caller wiring, typed contracts, and no dead/orphan code before claiming generator quality.",C,ADD_DIRECT_TESTS,helper_reachable,"Runtime path exists, but direct test evidence is missing. Structural/helper callable: cannot exceed C+ without direct contract tests and parent-surface proof."
veilbreakers_terrain/handlers/terrain_twelve_step.py,_detect_cave_candidates_stub,_detect_cave_candidates_stub,388,function,runtime_handler,generic,UE_PCG|FASTNOISELITE,"Prove runtime relevance, deterministic behavior, direct tests, caller wiring, typed contracts, and no dead/orphan code before claiming generator quality.",C,ADD_DIRECT_TESTS,helper_reachable,"Runtime path exists, but direct test evidence is missing. Structural/helper callable: cannot exceed C+ without direct contract tests and parent-surface proof."
veilbreakers_terrain/handlers/terrain_validation.py,ValidationReport,ValidationReport,59,class,runtime_handler,generic,UE_PCG|FASTNOISELITE,"Prove runtime relevance, deterministic behavior, direct tests, caller wiring, typed contracts, and no dead/orphan code before claiming generator quality.",D+,WIRE_OR_DEPRECATE,missing_wiring_row,No callable-wiring row; runtime path is unproven. Structural/helper callable: cannot exceed C+ without direct contract tests and parent-surface proof.
veilbreakers_terrain/handlers/terrain_validation.py,ValidationReport.all_issues,all_issues,103,method,runtime_handler,generic,UE_PCG|FASTNOISELITE,"Prove runtime relevance, deterministic behavior, direct tests, caller wiring, typed contracts, and no dead/orphan code before claiming generator quality.",D+,WIRE_OR_DEPRECATE,orphan_candidate,Wiring scan marks this as orphan_candidate. Structural/helper callable: cannot exceed C+ without direct contract tests and parent-surface proof.
veilbreakers_terrain/handlers/terrain_validation.py,ValidationReport.add,add,106,method,runtime_handler,generic,UE_PCG|FASTNOISELITE,"Prove runtime relevance, deterministic behavior, direct tests, caller wiring, typed contracts, and no dead/orphan code before claiming generator quality.",C+,PROVE_PARENT_CONTRACT_OR_INLINE,helper_reachable,"Runtime/test evidence exists, but strict AAA evidence is incomplete. Structural/helper callable: cannot exceed C+ without direct contract tests and parent-surface proof."
veilbreakers_terrain/handlers/terrain_validation.py,ValidationReport.recompute_status,recompute_status,117,method,runtime_handler,generic,UE_PCG|FASTNOISELITE,"Prove runtime relevance, deterministic behavior, direct tests, caller wiring, typed contracts, and no dead/orphan code before claiming generator quality.",C,ADD_DIRECT_TESTS,helper_reachable,"Runtime path exists, but direct test evidence is missing. Structural/helper callable: cannot exceed C+ without direct contract tests and parent-surface proof."
veilbreakers_terrain/handlers/terrain_validation.py,ValidationReport.category_summary,category_summary,126,method,runtime_handler,generic,UE_PCG|FASTNOISELITE,"Prove runtime relevance, deterministic behavior, direct tests, caller wiring, typed contracts, and no dead/orphan code before claiming generator quality.",C,WIRE_OR_DEPRECATE,test_only_or_unwired,Wiring scan status is test_only_or_unwired; production path is not proven. Structural/helper callable: cannot exceed C+ without direct contract tests and parent-surface proof.
veilbreakers_terrain/handlers/terrain_validation.py,_issue_category,_issue_category,185,function,runtime_handler,generic,UE_PCG|FASTNOISELITE,"Prove runtime relevance, deterministic behavior, direct tests, caller wiring, typed contracts, and no dead/orphan code before claiming generator quality.",C+,PROVE_PARENT_CONTRACT_OR_INLINE,helper_reachable,"Runtime/test evidence exists, but strict AAA evidence is incomplete. Structural/helper callable: cannot exceed C+ without direct contract tests and parent-surface proof."
veilbreakers_terrain/handlers/terrain_validation.py,_safe_asarray,_safe_asarray,203,function,runtime_handler,generic,UE_PCG|FASTNOISELITE,"Prove runtime relevance, deterministic behavior, direct tests, caller wiring, typed contracts, and no dead/orphan code before claiming generator quality.",C,ADD_DIRECT_TESTS,helper_reachable,"Runtime path exists, but direct test evidence is missing. Structural/helper callable: cannot exceed C+ without direct contract tests and parent-surface proof."
veilbreakers_terrain/handlers/terrain_validation.py,_numpy_block_max,_numpy_block_max,209,function,runtime_handler,generic,UE_PCG|FASTNOISELITE,"Prove runtime relevance, deterministic behavior, direct tests, caller wiring, typed contracts, and no dead/orphan code before claiming generator quality.",C,ADD_DIRECT_TESTS,helper_reachable,"Runtime path exists, but direct test evidence is missing. Structural/helper callable: cannot exceed C+ without direct contract tests and parent-surface proof."
veilbreakers_terrain/handlers/terrain_validation.py,_cell_bounds_for_feature,_cell_bounds_for_feature,245,function,runtime_handler,generic,UE_PCG|FASTNOISELITE,"Prove runtime relevance, deterministic behavior, direct tests, caller wiring, typed contracts, and no dead/orphan code before claiming generator quality.",C,ADD_DIRECT_TESTS,helper_reachable,"Runtime path exists, but direct test evidence is missing. Structural/helper callable: cannot exceed C+ without direct contract tests and parent-surface proof."
veilbreakers_terrain/handlers/terrain_validation.py,protected_zone_hash,protected_zone_hash,265,function,runtime_handler,generic,UE_PCG|FASTNOISELITE,"Prove runtime relevance, deterministic behavior, direct tests, caller wiring, typed contracts, and no dead/orphan code before claiming generator quality.",C,ADD_DIRECT_TESTS,helper_reachable,"Runtime path exists, but direct test evidence is missing. Structural/helper callable: cannot exceed C+ without direct contract tests and parent-surface proof."
veilbreakers_terrain/handlers/terrain_validation.py,_default_texel_density_max_ratio,_default_texel_density_max_ratio,803,function,runtime_handler,generic,UE_PCG|FASTNOISELITE,"Prove runtime relevance, deterministic behavior, direct tests, caller wiring, typed contracts, and no dead/orphan code before claiming generator quality.",C,ADD_DIRECT_TESTS,helper_reachable,"Runtime path exists, but direct test evidence is missing. Structural/helper callable: cannot exceed C+ without direct contract tests and parent-surface proof."
veilbreakers_terrain/handlers/terrain_validation.py,check_cave_framing_presence,check_cave_framing_presence,1214,function,runtime_handler,generic,UE_PCG|FASTNOISELITE,"Prove runtime relevance, deterministic behavior, direct tests, caller wiring, typed contracts, and no dead/orphan code before claiming generator quality.",C+,PROVE_PARENT_CONTRACT_OR_INLINE,helper_reachable,"Runtime/test evidence exists, but strict AAA evidence is incomplete. Structural/helper callable: cannot exceed C+ without direct contract tests and parent-surface proof."
veilbreakers_terrain/handlers/terrain_validation.py,check_focal_composition,check_focal_composition,1736,function,runtime_handler,generic,UE_PCG|FASTNOISELITE,"Prove runtime relevance, deterministic behavior, direct tests, caller wiring, typed contracts, and no dead/orphan code before claiming generator quality.",C+,PROVE_PARENT_CONTRACT_OR_INLINE,helper_reachable,"Runtime/test evidence exists, but strict AAA evidence is incomplete. Structural/helper callable: cannot exceed C+ without direct contract tests and parent-surface proof."
veilbreakers_terrain/handlers/terrain_validation.py,ReadabilityAuditReport,ReadabilityAuditReport,1827,class,runtime_handler,generic,UE_PCG|FASTNOISELITE,"Prove runtime relevance, deterministic behavior, direct tests, caller wiring, typed contracts, and no dead/orphan code before claiming generator quality.",D+,WIRE_OR_DEPRECATE,missing_wiring_row,No callable-wiring row; runtime path is unproven. Structural/helper callable: cannot exceed C+ without direct contract tests and parent-surface proof.
veilbreakers_terrain/handlers/terrain_validation.py,ReadabilityAuditReport.all_issues,all_issues,1839,method,runtime_handler,generic,UE_PCG|FASTNOISELITE,"Prove runtime relevance, deterministic behavior, direct tests, caller wiring, typed contracts, and no dead/orphan code before claiming generator quality.",D+,WIRE_OR_DEPRECATE,orphan_candidate,Wiring scan marks this as orphan_candidate. Structural/helper callable: cannot exceed C+ without direct contract tests and parent-surface proof.
veilbreakers_terrain/handlers/terrain_validation.py,ReadabilityAuditReport.recompute_status,recompute_status,1847,method,runtime_handler,generic,UE_PCG|FASTNOISELITE,"Prove runtime relevance, deterministic behavior, direct tests, caller wiring, typed contracts, and no dead/orphan code before claiming generator quality.",C,ADD_DIRECT_TESTS,helper_reachable,"Runtime path exists, but direct test evidence is missing. Structural/helper callable: cannot exceed C+ without direct contract tests and parent-surface proof."
veilbreakers_terrain/handlers/terrain_validation.py,run_validation_suite,run_validation_suite,1919,function,runtime_handler,generic,UE_PCG|FASTNOISELITE,"Prove runtime relevance, deterministic behavior, direct tests, caller wiring, typed contracts, and no dead/orphan code before claiming generator quality.",C+,PROVE_PARENT_CONTRACT_OR_INLINE,helper_reachable,"Runtime/test evidence exists, but strict AAA evidence is incomplete. Structural/helper callable: cannot exceed C+ without direct contract tests and parent-surface proof."
veilbreakers_terrain/handlers/terrain_validation.py,_get_active_controller,_get_active_controller,1975,function,runtime_handler,generic,UE_PCG|FASTNOISELITE,"Prove runtime relevance, deterministic behavior, direct tests, caller wiring, typed contracts, and no dead/orphan code before claiming generator quality.",C,ADD_DIRECT_TESTS,helper_reachable,"Runtime path exists, but direct test evidence is missing. Structural/helper callable: cannot exceed C+ without direct contract tests and parent-surface proof."
veilbreakers_terrain/handlers/terrain_validation.py,bind_active_controller,bind_active_controller,1982,function,runtime_handler,generic,UE_PCG|FASTNOISELITE,"Prove runtime relevance, deterministic behavior, direct tests, caller wiring, typed contracts, and no dead/orphan code before claiming generator quality.",C+,PROVE_PARENT_CONTRACT_OR_INLINE,helper_reachable,"Runtime/test evidence exists, but strict AAA evidence is incomplete. Structural/helper callable: cannot exceed C+ without direct contract tests and parent-surface proof."
veilbreakers_terrain/handlers/terrain_validation.py,pass_validation_full,pass_validation_full,2011,function,runtime_handler,generic,UE_PCG|FASTNOISELITE,"Prove runtime relevance, deterministic behavior, direct tests, caller wiring, typed contracts, and no dead/orphan code before claiming generator quality.",C+,REVIEW_FOR_B,runtime_primary,"Runtime/test evidence exists, but strict AAA evidence is incomplete."
veilbreakers_terrain/handlers/terrain_validation.py,register_bundle_d_passes,register_bundle_d_passes,2061,function,runtime_handler,generic,UE_PCG|FASTNOISELITE,"Prove runtime relevance, deterministic behavior, direct tests, caller wiring, typed contracts, and no dead/orphan code before claiming generator quality.",C+,PROVE_PARENT_CONTRACT_OR_INLINE,runtime_primary,"Runtime/test evidence exists, but strict AAA evidence is incomplete. Structural/helper callable: cannot exceed C+ without direct contract tests and parent-surface proof."
veilbreakers_terrain/handlers/terrain_vegetation_depth.py,VegetationLayers.as_dict,as_dict,77,method,runtime_handler,generic,UE_PCG|FASTNOISELITE,"Prove runtime relevance, deterministic behavior, direct tests, caller wiring, typed contracts, and no dead/orphan code before claiming generator quality.",C+,PROVE_PARENT_CONTRACT_OR_INLINE,helper_reachable,"Runtime/test evidence exists, but strict AAA evidence is incomplete. Structural/helper callable: cannot exceed C+ without direct contract tests and parent-surface proof."
veilbreakers_terrain/handlers/terrain_viewport_sync.py,ViewportStale,ViewportStale,21,class,runtime_handler,generic,UE_PCG|FASTNOISELITE,"Prove runtime relevance, deterministic behavior, direct tests, caller wiring, typed contracts, and no dead/orphan code before claiming generator quality.",D+,WIRE_OR_DEPRECATE,missing_wiring_row,No callable-wiring row; runtime path is unproven. Structural/helper callable: cannot exceed C+ without direct contract tests and parent-surface proof.
veilbreakers_terrain/handlers/terrain_viewport_sync.py,ViewportVantage,ViewportVantage,26,class,runtime_handler,generic,UE_PCG|FASTNOISELITE,"Prove runtime relevance, deterministic behavior, direct tests, caller wiring, typed contracts, and no dead/orphan code before claiming generator quality.",D+,WIRE_OR_DEPRECATE,missing_wiring_row,No callable-wiring row; runtime path is unproven. Structural/helper callable: cannot exceed C+ without direct contract tests and parent-surface proof.
veilbreakers_terrain/handlers/terrain_viewport_sync.py,_read_from_blender_context,_read_from_blender_context,39,function,runtime_handler,generic,UE_PCG|FASTNOISELITE,"Prove runtime relevance, deterministic behavior, direct tests, caller wiring, typed contracts, and no dead/orphan code before claiming generator quality.",C,ADD_DIRECT_TESTS,helper_reachable,"Runtime path exists, but direct test evidence is missing. Structural/helper callable: cannot exceed C+ without direct contract tests and parent-surface proof."
veilbreakers_terrain/handlers/terrain_viewport_sync.py,_unit,_unit,73,function,runtime_handler,generic,UE_PCG|FASTNOISELITE,"Prove runtime relevance, deterministic behavior, direct tests, caller wiring, typed contracts, and no dead/orphan code before claiming generator quality.",C,ADD_DIRECT_TESTS,helper_reachable,"Runtime path exists, but direct test evidence is missing. Structural/helper callable: cannot exceed C+ without direct contract tests and parent-surface proof."
veilbreakers_terrain/handlers/terrain_viewport_sync.py,_matrix_hash,_matrix_hash,81,function,runtime_handler,generic,UE_PCG|FASTNOISELITE,"Prove runtime relevance, deterministic behavior, direct tests, caller wiring, typed contracts, and no dead/orphan code before claiming generator quality.",C,ADD_DIRECT_TESTS,helper_reachable,"Runtime path exists, but direct test evidence is missing. Structural/helper callable: cannot exceed C+ without direct contract tests and parent-surface proof."
veilbreakers_terrain/handlers/terrain_viewport_sync.py,read_user_vantage,read_user_vantage,91,function,runtime_handler,generic,UE_PCG|FASTNOISELITE,"Prove runtime relevance, deterministic behavior, direct tests, caller wiring, typed contracts, and no dead/orphan code before claiming generator quality.",C+,REVIEW_FOR_B,helper_reachable,"Runtime/test evidence exists, but strict AAA evidence is incomplete."
veilbreakers_terrain/handlers/terrain_viewport_sync.py,assert_vantage_fresh,assert_vantage_fresh,148,function,runtime_handler,generic,UE_PCG|FASTNOISELITE,"Prove runtime relevance, deterministic behavior, direct tests, caller wiring, typed contracts, and no dead/orphan code before claiming generator quality.",C+,REVIEW_FOR_B,helper_reachable,"Runtime/test evidence exists, but strict AAA evidence is incomplete."
veilbreakers_terrain/handlers/terrain_viewport_sync.py,is_in_frustum,is_in_frustum,189,function,runtime_handler,generic,UE_PCG|FASTNOISELITE,"Prove runtime relevance, deterministic behavior, direct tests, caller wiring, typed contracts, and no dead/orphan code before claiming generator quality.",C+,REVIEW_FOR_B,helper_reachable,"Runtime/test evidence exists, but strict AAA evidence is incomplete."
veilbreakers_terrain/handlers/terrain_waterfalls.py,saturate,saturate,83,function,runtime_handler,generic,UE_PCG|FASTNOISELITE,"Prove runtime relevance, deterministic behavior, direct tests, caller wiring, typed contracts, and no dead/orphan code before claiming generator quality.",C+,REVIEW_FOR_B,helper_reachable,"Runtime/test evidence exists, but strict AAA evidence is incomplete."
veilbreakers_terrain/handlers/terrain_waterfalls.py,bake_foam_vertex_alpha,bake_foam_vertex_alpha,88,function,runtime_handler,generic,UE_PCG|FASTNOISELITE,"Prove runtime relevance, deterministic behavior, direct tests, caller wiring, typed contracts, and no dead/orphan code before claiming generator quality.",C+,REVIEW_FOR_B,helper_reachable,"Runtime/test evidence exists, but strict AAA evidence is incomplete."
veilbreakers_terrain/handlers/terrain_waterfalls.py,LipCandidate,LipCandidate,168,class,runtime_handler,generic,UE_PCG|FASTNOISELITE,"Prove runtime relevance, deterministic behavior, direct tests, caller wiring, typed contracts, and no dead/orphan code before claiming generator quality.",D+,WIRE_OR_DEPRECATE,missing_wiring_row,No callable-wiring row; runtime path is unproven. Structural/helper callable: cannot exceed C+ without direct contract tests and parent-surface proof.
veilbreakers_terrain/handlers/terrain_waterfalls.py,ImpactPool,ImpactPool,188,class,runtime_handler,generic,UE_PCG|FASTNOISELITE,"Prove runtime relevance, deterministic behavior, direct tests, caller wiring, typed contracts, and no dead/orphan code before claiming generator quality.",D+,WIRE_OR_DEPRECATE,missing_wiring_row,No callable-wiring row; runtime path is unproven. Structural/helper callable: cannot exceed C+ without direct contract tests and parent-surface proof.
veilbreakers_terrain/handlers/terrain_waterfalls.py,WaterfallChain,WaterfallChain,209,class,runtime_handler,generic,UE_PCG|FASTNOISELITE,"Prove runtime relevance, deterministic behavior, direct tests, caller wiring, typed contracts, and no dead/orphan code before claiming generator quality.",D+,WIRE_OR_DEPRECATE,missing_wiring_row,No callable-wiring row; runtime path is unproven. Structural/helper callable: cannot exceed C+ without direct contract tests and parent-surface proof.
veilbreakers_terrain/handlers/terrain_waterfalls.py,WaterfallVolumetricProfile,WaterfallVolumetricProfile,230,class,runtime_handler,generic,UE_PCG|FASTNOISELITE,"Prove runtime relevance, deterministic behavior, direct tests, caller wiring, typed contracts, and no dead/orphan code before claiming generator quality.",D+,WIRE_OR_DEPRECATE,missing_wiring_row,No callable-wiring row; runtime path is unproven. Structural/helper callable: cannot exceed C+ without direct contract tests and parent-surface proof.
veilbreakers_terrain/handlers/terrain_waterfalls.py,_steepest_descent_step,_steepest_descent_step,281,function,runtime_handler,generic,UE_PCG|FASTNOISELITE,"Prove runtime relevance, deterministic behavior, direct tests, caller wiring, typed contracts, and no dead/orphan code before claiming generator quality.",C,ADD_DIRECT_TESTS,helper_reachable,"Runtime path exists, but direct test evidence is missing. Structural/helper callable: cannot exceed C+ without direct contract tests and parent-surface proof."
veilbreakers_terrain/handlers/terrain_waterfalls.py,_d8_to_angle,_d8_to_angle,308,function,runtime_handler,generic,UE_PCG|FASTNOISELITE,"Prove runtime relevance, deterministic behavior, direct tests, caller wiring, typed contracts, and no dead/orphan code before claiming generator quality.",C,ADD_DIRECT_TESTS,helper_reachable,"Runtime path exists, but direct test evidence is missing. Structural/helper callable: cannot exceed C+ without direct contract tests and parent-surface proof."
veilbreakers_terrain/handlers/terrain_waterfalls.py,_manning_velocity,_manning_velocity,344,function,runtime_handler,generic,UE_PCG|FASTNOISELITE,"Prove runtime relevance, deterministic behavior, direct tests, caller wiring, typed contracts, and no dead/orphan code before claiming generator quality.",C+,PROVE_PARENT_CONTRACT_OR_INLINE,helper_reachable,"Runtime/test evidence exists, but strict AAA evidence is incomplete. Structural/helper callable: cannot exceed C+ without direct contract tests and parent-surface proof."
veilbreakers_terrain/handlers/terrain_waterfalls.py,_freefall_impact,_freefall_impact,361,function,runtime_handler,generic,UE_PCG|FASTNOISELITE,"Prove runtime relevance, deterministic behavior, direct tests, caller wiring, typed contracts, and no dead/orphan code before claiming generator quality.",C+,PROVE_PARENT_CONTRACT_OR_INLINE,helper_reachable,"Runtime/test evidence exists, but strict AAA evidence is incomplete. Structural/helper callable: cannot exceed C+ without direct contract tests and parent-surface proof."
veilbreakers_terrain/handlers/terrain_waterfalls.py,_mason_1985_pool,_mason_1985_pool,395,function,runtime_handler,generic,UE_PCG|FASTNOISELITE,"Prove runtime relevance, deterministic behavior, direct tests, caller wiring, typed contracts, and no dead/orphan code before claiming generator quality.",C+,PROVE_PARENT_CONTRACT_OR_INLINE,helper_reachable,"Runtime/test evidence exists, but strict AAA evidence is incomplete. Structural/helper callable: cannot exceed C+ without direct contract tests and parent-surface proof."
veilbreakers_terrain/handlers/terrain_waterfalls.py,_estimate_discharge,_estimate_discharge,418,function,runtime_handler,generic,UE_PCG|FASTNOISELITE,"Prove runtime relevance, deterministic behavior, direct tests, caller wiring, typed contracts, and no dead/orphan code before claiming generator quality.",C+,PROVE_PARENT_CONTRACT_OR_INLINE,helper_reachable,"Runtime/test evidence exists, but strict AAA evidence is incomplete. Structural/helper callable: cannot exceed C+ without direct contract tests and parent-surface proof."
veilbreakers_terrain/handlers/terrain_waterfalls.py,_trace_lip_contour,_trace_lip_contour,441,function,runtime_handler,generic,UE_PCG|FASTNOISELITE,"Prove runtime relevance, deterministic behavior, direct tests, caller wiring, typed contracts, and no dead/orphan code before claiming generator quality.",C,ADD_DIRECT_TESTS,helper_reachable,"Runtime path exists, but direct test evidence is missing. Structural/helper callable: cannot exceed C+ without direct contract tests and parent-surface proof."
veilbreakers_terrain/handlers/terrain_waterfalls.py,_trace_lip_contour._walk_direction,_walk_direction,487,nested_function,runtime_handler,generic,UE_PCG|FASTNOISELITE,"Prove runtime relevance, deterministic behavior, direct tests, caller wiring, typed contracts, and no dead/orphan code before claiming generator quality.",C,ADD_DIRECT_TESTS,helper_reachable,"Runtime path exists, but direct test evidence is missing. Structural/helper callable: cannot exceed C+ without direct contract tests and parent-surface proof."
veilbreakers_terrain/handlers/terrain_waterfalls.py,_detect_cascade_chain,_detect_cascade_chain,544,function,runtime_handler,generic,UE_PCG|FASTNOISELITE,"Prove runtime relevance, deterministic behavior, direct tests, caller wiring, typed contracts, and no dead/orphan code before claiming generator quality.",C,ADD_DIRECT_TESTS,helper_reachable,"Runtime path exists, but direct test evidence is missing. Structural/helper callable: cannot exceed C+ without direct contract tests and parent-surface proof."
veilbreakers_terrain/handlers/terrain_waterfalls.py,_ensure_drainage,_ensure_drainage,644,function,runtime_handler,generic,UE_PCG|FASTNOISELITE,"Prove runtime relevance, deterministic behavior, direct tests, caller wiring, typed contracts, and no dead/orphan code before claiming generator quality.",C,ADD_DIRECT_TESTS,helper_reachable,"Runtime path exists, but direct test evidence is missing. Structural/helper callable: cannot exceed C+ without direct contract tests and parent-surface proof."
veilbreakers_terrain/handlers/terrain_waterfalls.py,carve_impact_pool,carve_impact_pool,1094,function,runtime_handler,generic,UE_PCG|FASTNOISELITE,"Prove runtime relevance, deterministic behavior, direct tests, caller wiring, typed contracts, and no dead/orphan code before claiming generator quality.",C+,REVIEW_FOR_B,helper_reachable,"Runtime/test evidence exists, but strict AAA evidence is incomplete."
veilbreakers_terrain/handlers/terrain_waterfalls.py,_van_rijn_pool_delta,_van_rijn_pool_delta,1138,function,runtime_handler,generic,UE_PCG|FASTNOISELITE,"Prove runtime relevance, deterministic behavior, direct tests, caller wiring, typed contracts, and no dead/orphan code before claiming generator quality.",C,ADD_DIRECT_TESTS,helper_reachable,"Runtime path exists, but direct test evidence is missing. Structural/helper callable: cannot exceed C+ without direct contract tests and parent-surface proof."
veilbreakers_terrain/handlers/terrain_waterfalls.py,build_outflow_channel,build_outflow_channel,1204,function,runtime_handler,generic,UE_PCG|FASTNOISELITE,"Prove runtime relevance, deterministic behavior, direct tests, caller wiring, typed contracts, and no dead/orphan code before claiming generator quality.",C+,REVIEW_FOR_B,helper_reachable,"Runtime/test evidence exists, but strict AAA evidence is incomplete."
veilbreakers_terrain/handlers/terrain_waterfalls.py,build_outflow_channel._fbm_lateral,_fbm_lateral,1266,nested_function,runtime_handler,generic,UE_PCG|FASTNOISELITE,"Prove runtime relevance, deterministic behavior, direct tests, caller wiring, typed contracts, and no dead/orphan code before claiming generator quality.",C,ADD_DIRECT_TESTS,helper_reachable,"Runtime path exists, but direct test evidence is missing. Structural/helper callable: cannot exceed C+ without direct contract tests and parent-surface proof."
veilbreakers_terrain/handlers/terrain_waterfalls.py,_generate_directional_mist_zone,_generate_directional_mist_zone,1343,function,runtime_handler,generic,UE_PCG|FASTNOISELITE,"Prove runtime relevance, deterministic behavior, direct tests, caller wiring, typed contracts, and no dead/orphan code before claiming generator quality.",C,ADD_DIRECT_TESTS,helper_reachable,"Runtime path exists, but direct test evidence is missing. Structural/helper callable: cannot exceed C+ without direct contract tests and parent-surface proof."
veilbreakers_terrain/handlers/terrain_waterfalls.py,_north_cw_to_east_ccw_angle,_north_cw_to_east_ccw_angle,1428,function,runtime_handler,generic,UE_PCG|FASTNOISELITE,"Prove runtime relevance, deterministic behavior, direct tests, caller wiring, typed contracts, and no dead/orphan code before claiming generator quality.",C,ADD_DIRECT_TESTS,helper_reachable,"Runtime path exists, but direct test evidence is missing. Structural/helper callable: cannot exceed C+ without direct contract tests and parent-surface proof."
veilbreakers_terrain/handlers/terrain_waterfalls.py,generate_mist_zone,generate_mist_zone,1434,function,runtime_handler,generic,UE_PCG|FASTNOISELITE,"Prove runtime relevance, deterministic behavior, direct tests, caller wiring, typed contracts, and no dead/orphan code before claiming generator quality.",C+,REVIEW_FOR_B,helper_reachable,"Runtime/test evidence exists, but strict AAA evidence is incomplete."
veilbreakers_terrain/handlers/terrain_waterfalls.py,generate_foam_mask,generate_foam_mask,1633,function,runtime_handler,generic,UE_PCG|FASTNOISELITE,"Prove runtime relevance, deterministic behavior, direct tests, caller wiring, typed contracts, and no dead/orphan code before claiming generator quality.",C+,REVIEW_FOR_B,helper_reachable,"Runtime/test evidence exists, but strict AAA evidence is incomplete."
veilbreakers_terrain/handlers/terrain_waterfalls.py,compute_physical_foam_composite,compute_physical_foam_composite,1664,function,runtime_handler,generic,UE_PCG|FASTNOISELITE,"Prove runtime relevance, deterministic behavior, direct tests, caller wiring, typed contracts, and no dead/orphan code before claiming generator quality.",C,ADD_DIRECT_TESTS,helper_reachable,"Runtime path exists, but direct test evidence is missing."
veilbreakers_terrain/handlers/terrain_waterfalls.py,generate_velocity_field,generate_velocity_field,1848,function,runtime_handler,generic,UE_PCG|FASTNOISELITE,"Prove runtime relevance, deterministic behavior, direct tests, caller wiring, typed contracts, and no dead/orphan code before claiming generator quality.",C+,REVIEW_FOR_B,helper_reachable,"Runtime/test evidence exists, but strict AAA evidence is incomplete."
veilbreakers_terrain/handlers/terrain_waterfalls.py,generate_velocity_field._stamp_velocity,_stamp_velocity,1878,nested_function,runtime_handler,generic,UE_PCG|FASTNOISELITE,"Prove runtime relevance, deterministic behavior, direct tests, caller wiring, typed contracts, and no dead/orphan code before claiming generator quality.",C,ADD_DIRECT_TESTS,helper_reachable,"Runtime path exists, but direct test evidence is missing. Structural/helper callable: cannot exceed C+ without direct contract tests and parent-surface proof."
veilbreakers_terrain/handlers/terrain_waterfalls.py,_region_slice,_region_slice,2142,function,runtime_handler,generic,UE_PCG|FASTNOISELITE,"Prove runtime relevance, deterministic behavior, direct tests, caller wiring, typed contracts, and no dead/orphan code before claiming generator quality.",C+,PROVE_PARENT_CONTRACT_OR_INLINE,helper_reachable,"Runtime/test evidence exists, but strict AAA evidence is incomplete. Structural/helper callable: cannot exceed C+ without direct contract tests and parent-surface proof."
veilbreakers_terrain/handlers/terrain_waterfalls.py,pass_waterfalls,pass_waterfalls,2158,function,runtime_handler,generic,UE_PCG|FASTNOISELITE,"Prove runtime relevance, deterministic behavior, direct tests, caller wiring, typed contracts, and no dead/orphan code before claiming generator quality.",C+,REVIEW_FOR_B,runtime_primary,"Runtime/test evidence exists, but strict AAA evidence is incomplete."
veilbreakers_terrain/handlers/terrain_waterfalls.py,_build_particle_emitter_specs,_build_particle_emitter_specs,2375,function,runtime_handler,generic,UE_PCG|FASTNOISELITE,"Prove runtime relevance, deterministic behavior, direct tests, caller wiring, typed contracts, and no dead/orphan code before claiming generator quality.",C,ADD_DIRECT_TESTS,helper_reachable,"Runtime path exists, but direct test evidence is missing. Structural/helper callable: cannot exceed C+ without direct contract tests and parent-surface proof."
veilbreakers_terrain/handlers/terrain_waterfalls.py,pass_emit_particle_systems,pass_emit_particle_systems,2503,function,runtime_handler,generic,UE_PCG|FASTNOISELITE,"Prove runtime relevance, deterministic behavior, direct tests, caller wiring, typed contracts, and no dead/orphan code before claiming generator quality.",C+,REVIEW_FOR_B,runtime_primary,"Runtime/test evidence exists, but strict AAA evidence is incomplete."
veilbreakers_terrain/handlers/terrain_waterfalls.py,register_bundle_c_passes,register_bundle_c_passes,2567,function,runtime_handler,generic,UE_PCG|FASTNOISELITE,"Prove runtime relevance, deterministic behavior, direct tests, caller wiring, typed contracts, and no dead/orphan code before claiming generator quality.",C+,REVIEW_FOR_B,runtime_primary,"Runtime/test evidence exists, but strict AAA evidence is incomplete."
veilbreakers_terrain/handlers/terrain_waterfalls.py,WaterfallMistResult,WaterfallMistResult,2621,class,runtime_handler,generic,UE_PCG|FASTNOISELITE,"Prove runtime relevance, deterministic behavior, direct tests, caller wiring, typed contracts, and no dead/orphan code before claiming generator quality.",D+,WIRE_OR_DEPRECATE,missing_wiring_row,No callable-wiring row; runtime path is unproven. Structural/helper callable: cannot exceed C+ without direct contract tests and parent-surface proof.
veilbreakers_terrain/handlers/terrain_waterfalls.py,register_bundle_c_mist_pass,register_bundle_c_mist_pass,2714,function,runtime_handler,generic,UE_PCG|FASTNOISELITE,"Prove runtime relevance, deterministic behavior, direct tests, caller wiring, typed contracts, and no dead/orphan code before claiming generator quality.",C+,REVIEW_FOR_B,runtime_primary,"Runtime/test evidence exists, but strict AAA evidence is incomplete."
veilbreakers_terrain/handlers/terrain_waterfalls_volumetric.py,WaterfallVolumetricProfile,WaterfallVolumetricProfile,42,class,runtime_handler,generic,UE_PCG|FASTNOISELITE,"Prove runtime relevance, deterministic behavior, direct tests, caller wiring, typed contracts, and no dead/orphan code before claiming generator quality.",D+,WIRE_OR_DEPRECATE,missing_wiring_row,No callable-wiring row; runtime path is unproven. Structural/helper callable: cannot exceed C+ without direct contract tests and parent-surface proof.
veilbreakers_terrain/handlers/terrain_waterfalls_volumetric.py,WaterfallVolumeBounds,WaterfallVolumeBounds,72,class,runtime_handler,generic,UE_PCG|FASTNOISELITE,"Prove runtime relevance, deterministic behavior, direct tests, caller wiring, typed contracts, and no dead/orphan code before claiming generator quality.",D+,WIRE_OR_DEPRECATE,missing_wiring_row,No callable-wiring row; runtime path is unproven. Structural/helper callable: cannot exceed C+ without direct contract tests and parent-surface proof.
veilbreakers_terrain/handlers/terrain_waterfalls_volumetric.py,WaterfallVolumeBounds.as_matrix_rows,as_matrix_rows,98,method,runtime_handler,generic,UE_PCG|FASTNOISELITE,"Prove runtime relevance, deterministic behavior, direct tests, caller wiring, typed contracts, and no dead/orphan code before claiming generator quality.",C,WIRE_OR_DEPRECATE,test_only_or_unwired,Wiring scan status is test_only_or_unwired; production path is not proven. Structural/helper callable: cannot exceed C+ without direct contract tests and parent-surface proof.
veilbreakers_terrain/handlers/terrain_waterfalls_volumetric.py,WaterfallVolumeBounds.volume_m3,volume_m3,106,method,runtime_handler,generic,UE_PCG|FASTNOISELITE,"Prove runtime relevance, deterministic behavior, direct tests, caller wiring, typed contracts, and no dead/orphan code before claiming generator quality.",C,WIRE_OR_DEPRECATE,test_only_or_unwired,Wiring scan status is test_only_or_unwired; production path is not proven. Structural/helper callable: cannot exceed C+ without direct contract tests and parent-surface proof.
veilbreakers_terrain/handlers/terrain_waterfalls_volumetric.py,ParticleSeedZone,ParticleSeedZone,191,class,runtime_handler,generic,UE_PCG|FASTNOISELITE,"Prove runtime relevance, deterministic behavior, direct tests, caller wiring, typed contracts, and no dead/orphan code before claiming generator quality.",D+,WIRE_OR_DEPRECATE,missing_wiring_row,No callable-wiring row; runtime path is unproven. Structural/helper callable: cannot exceed C+ without direct contract tests and parent-surface proof.
veilbreakers_terrain/handlers/terrain_waterfalls_volumetric.py,build_particle_seed_zones,build_particle_seed_zones,222,function,runtime_handler,generic,UE_PCG|FASTNOISELITE,"Prove runtime relevance, deterministic behavior, direct tests, caller wiring, typed contracts, and no dead/orphan code before claiming generator quality.",C+,REVIEW_FOR_B,helper_reachable,"Runtime/test evidence exists, but strict AAA evidence is incomplete."
veilbreakers_terrain/handlers/terrain_waterfalls_volumetric.py,WaterfallFunctionalObjects,WaterfallFunctionalObjects,328,class,runtime_handler,generic,UE_PCG|FASTNOISELITE,"Prove runtime relevance, deterministic behavior, direct tests, caller wiring, typed contracts, and no dead/orphan code before claiming generator quality.",D+,WIRE_OR_DEPRECATE,missing_wiring_row,No callable-wiring row; runtime path is unproven. Structural/helper callable: cannot exceed C+ without direct contract tests and parent-surface proof.
veilbreakers_terrain/handlers/terrain_waterfalls_volumetric.py,WaterfallFunctionalObjects.as_list,as_list,345,method,runtime_handler,generic,UE_PCG|FASTNOISELITE,"Prove runtime relevance, deterministic behavior, direct tests, caller wiring, typed contracts, and no dead/orphan code before claiming generator quality.",C+,PROVE_PARENT_CONTRACT_OR_INLINE,helper_reachable,"Runtime/test evidence exists, but strict AAA evidence is incomplete. Structural/helper callable: cannot exceed C+ without direct contract tests and parent-surface proof."
veilbreakers_terrain/handlers/terrain_waterfalls_volumetric.py,enforce_functional_object_naming,enforce_functional_object_naming,738,function,runtime_handler,generic,UE_PCG|FASTNOISELITE,"Prove runtime relevance, deterministic behavior, direct tests, caller wiring, typed contracts, and no dead/orphan code before claiming generator quality.",C+,REVIEW_FOR_B,helper_reachable,"Runtime/test evidence exists, but strict AAA evidence is incomplete."
veilbreakers_terrain/handlers/terrain_weathering_timeline.py,WeatheringEvent,WeatheringEvent,23,class,runtime_handler,generic,UE_PCG|FASTNOISELITE,"Prove runtime relevance, deterministic behavior, direct tests, caller wiring, typed contracts, and no dead/orphan code before claiming generator quality.",D+,WIRE_OR_DEPRECATE,missing_wiring_row,No callable-wiring row; runtime path is unproven. Structural/helper callable: cannot exceed C+ without direct contract tests and parent-surface proof.
veilbreakers_terrain/handlers/terrain_weathering_timeline.py,generate_weathering_timeline,generate_weathering_timeline,31,function,runtime_handler,generic,UE_PCG|FASTNOISELITE,"Prove runtime relevance, deterministic behavior, direct tests, caller wiring, typed contracts, and no dead/orphan code before claiming generator quality.",C,WIRE_OR_DEPRECATE,test_only_or_unwired,Wiring scan status is test_only_or_unwired; production path is not proven.
veilbreakers_terrain/handlers/terrain_weathering_timeline.py,apply_weathering_event,apply_weathering_event,60,function,runtime_handler,generic,UE_PCG|FASTNOISELITE,"Prove runtime relevance, deterministic behavior, direct tests, caller wiring, typed contracts, and no dead/orphan code before claiming generator quality.",C,WIRE_OR_DEPRECATE,test_only_or_unwired,Wiring scan status is test_only_or_unwired; production path is not proven.
veilbreakers_terrain/handlers/terrain_wildlife_zones.py,SpeciesAffinityRule,SpeciesAffinityRule,48,class,runtime_handler,generic,UE_PCG|FASTNOISELITE,"Prove runtime relevance, deterministic behavior, direct tests, caller wiring, typed contracts, and no dead/orphan code before claiming generator quality.",D+,WIRE_OR_DEPRECATE,missing_wiring_row,No callable-wiring row; runtime path is unproven. Structural/helper callable: cannot exceed C+ without direct contract tests and parent-surface proof.
veilbreakers_terrain/handlers/terrain_wildlife_zones.py,_window_score,_window_score,84,function,runtime_handler,generic,UE_PCG|FASTNOISELITE,"Prove runtime relevance, deterministic behavior, direct tests, caller wiring, typed contracts, and no dead/orphan code before claiming generator quality.",C,ADD_DIRECT_TESTS,helper_reachable,"Runtime path exists, but direct test evidence is missing. Structural/helper callable: cannot exceed C+ without direct contract tests and parent-surface proof."
veilbreakers_terrain/handlers/terrain_wildlife_zones.py,_distance_to_mask,_distance_to_mask,96,function,runtime_handler,generic,UE_PCG|FASTNOISELITE,"Prove runtime relevance, deterministic behavior, direct tests, caller wiring, typed contracts, and no dead/orphan code before claiming generator quality.",C,ADD_DIRECT_TESTS,helper_reachable,"Runtime path exists, but direct test evidence is missing. Structural/helper callable: cannot exceed C+ without direct contract tests and parent-surface proof."
veilbreakers_terrain/handlers/terrain_wildlife_zones.py,compute_wildlife_affinity,compute_wildlife_affinity,166,function,runtime_handler,generic,UE_PCG|FASTNOISELITE,"Prove runtime relevance, deterministic behavior, direct tests, caller wiring, typed contracts, and no dead/orphan code before claiming generator quality.",C+,REVIEW_FOR_B,helper_reachable,"Runtime/test evidence exists, but strict AAA evidence is incomplete."
veilbreakers_terrain/handlers/terrain_wildlife_zones.py,pass_wildlife_zones,pass_wildlife_zones,403,function,runtime_handler,generic,UE_PCG|FASTNOISELITE,"Prove runtime relevance, deterministic behavior, direct tests, caller wiring, typed contracts, and no dead/orphan code before claiming generator quality.",C+,REVIEW_FOR_B,runtime_primary,"Runtime/test evidence exists, but strict AAA evidence is incomplete."
veilbreakers_terrain/handlers/terrain_wildlife_zones.py,register_bundle_j_wildlife_zones_pass,register_bundle_j_wildlife_zones_pass,483,function,runtime_handler,generic,UE_PCG|FASTNOISELITE,"Prove runtime relevance, deterministic behavior, direct tests, caller wiring, typed contracts, and no dead/orphan code before claiming generator quality.",C+,REVIEW_FOR_B,runtime_primary,"Runtime/test evidence exists, but strict AAA evidence is incomplete."
veilbreakers_terrain/handlers/terrain_wind_field.py,_perlin_gradient_field,_perlin_gradient_field,25,function,runtime_handler,generic,UE_PCG|FASTNOISELITE,"Prove runtime relevance, deterministic behavior, direct tests, caller wiring, typed contracts, and no dead/orphan code before claiming generator quality.",C+,PROVE_PARENT_CONTRACT_OR_INLINE,helper_reachable,"Runtime/test evidence exists, but strict AAA evidence is incomplete. Structural/helper callable: cannot exceed C+ without direct contract tests and parent-surface proof."
veilbreakers_terrain/handlers/terrain_wind_field.py,_perlin_gradient_field._wang,_wang,86,nested_function,runtime_handler,generic,UE_PCG|FASTNOISELITE,"Prove runtime relevance, deterministic behavior, direct tests, caller wiring, typed contracts, and no dead/orphan code before claiming generator quality.",C,ADD_DIRECT_TESTS,helper_reachable,"Runtime path exists, but direct test evidence is missing. Structural/helper callable: cannot exceed C+ without direct contract tests and parent-surface proof."
veilbreakers_terrain/handlers/terrain_wind_field.py,_perlin_gradient_field._fade,_fade,111,nested_function,runtime_handler,generic,UE_PCG|FASTNOISELITE,"Prove runtime relevance, deterministic behavior, direct tests, caller wiring, typed contracts, and no dead/orphan code before claiming generator quality.",C,ADD_DIRECT_TESTS,helper_reachable,"Runtime path exists, but direct test evidence is missing. Structural/helper callable: cannot exceed C+ without direct contract tests and parent-surface proof."
veilbreakers_terrain/handlers/terrain_wind_field.py,_perlin_gradient_field._dot_grad,_dot_grad,125,nested_function,runtime_handler,generic,UE_PCG|FASTNOISELITE,"Prove runtime relevance, deterministic behavior, direct tests, caller wiring, typed contracts, and no dead/orphan code before claiming generator quality.",C,ADD_DIRECT_TESTS,helper_reachable,"Runtime path exists, but direct test evidence is missing. Structural/helper callable: cannot exceed C+ without direct contract tests and parent-surface proof."
veilbreakers_terrain/handlers/terrain_wind_field.py,_perlin_like_field,_perlin_like_field,205,function,runtime_handler,generic,UE_PCG|FASTNOISELITE,"Prove runtime relevance, deterministic behavior, direct tests, caller wiring, typed contracts, and no dead/orphan code before claiming generator quality.",C,WIRE_OR_DEPRECATE,test_only_or_unwired,Wiring scan status is test_only_or_unwired; production path is not proven. Structural/helper callable: cannot exceed C+ without direct contract tests and parent-surface proof.
veilbreakers_terrain/handlers/terrain_wind_field.py,compute_wind_field,compute_wind_field,224,function,runtime_handler,generic,UE_PCG|FASTNOISELITE,"Prove runtime relevance, deterministic behavior, direct tests, caller wiring, typed contracts, and no dead/orphan code before claiming generator quality.",C+,REVIEW_FOR_B,helper_reachable,"Runtime/test evidence exists, but strict AAA evidence is incomplete."
veilbreakers_terrain/handlers/terrain_wind_field.py,pass_wind_field,pass_wind_field,316,function,runtime_handler,generic,UE_PCG|FASTNOISELITE,"Prove runtime relevance, deterministic behavior, direct tests, caller wiring, typed contracts, and no dead/orphan code before claiming generator quality.",C+,REVIEW_FOR_B,runtime_primary,"Runtime/test evidence exists, but strict AAA evidence is incomplete."
veilbreakers_terrain/handlers/terrain_wind_field.py,register_bundle_j_wind_field_pass,register_bundle_j_wind_field_pass,353,function,runtime_handler,generic,UE_PCG|FASTNOISELITE,"Prove runtime relevance, deterministic behavior, direct tests, caller wiring, typed contracts, and no dead/orphan code before claiming generator quality.",C,ADD_DIRECT_TESTS,runtime_primary,"Runtime path exists, but direct test evidence is missing."
veilbreakers_terrain/handlers/terrain_world_math.py,TileTransform.to_dict,to_dict,62,method,runtime_handler,generic,UE_PCG|FASTNOISELITE,"Prove runtime relevance, deterministic behavior, direct tests, caller wiring, typed contracts, and no dead/orphan code before claiming generator quality.",C+,PROVE_PARENT_CONTRACT_OR_INLINE,helper_reachable,"Runtime/test evidence exists, but strict AAA evidence is incomplete. Structural/helper callable: cannot exceed C+ without direct contract tests and parent-surface proof."
veilbreakers_terrain/handlers/tripo_studio_client.py,TripoStudioClient,TripoStudioClient,41,class,runtime_handler,generic,UE_PCG|FASTNOISELITE,"Prove runtime relevance, deterministic behavior, direct tests, caller wiring, typed contracts, and no dead/orphan code before claiming generator quality.",D+,WIRE_OR_DEPRECATE,missing_wiring_row,No callable-wiring row; runtime path is unproven. Structural/helper callable: cannot exceed C+ without direct contract tests and parent-surface proof.
veilbreakers_terrain/handlers/tripo_studio_client.py,TripoStudioClient.__init__,__init__,55,method,runtime_handler,generic,UE_PCG|FASTNOISELITE,"Prove runtime relevance, deterministic behavior, direct tests, caller wiring, typed contracts, and no dead/orphan code before claiming generator quality.",D+,WIRE_OR_DEPRECATE,missing_wiring_row,No callable-wiring row; runtime path is unproven. Structural/helper callable: cannot exceed C+ without direct contract tests and parent-surface proof.
veilbreakers_terrain/handlers/tripo_studio_client.py,TripoStudioClient._parse_jwt_exp,_parse_jwt_exp,80,method,runtime_handler,generic,UE_PCG|FASTNOISELITE,"Prove runtime relevance, deterministic behavior, direct tests, caller wiring, typed contracts, and no dead/orphan code before claiming generator quality.",C,ADD_DIRECT_TESTS,helper_reachable,"Runtime path exists, but direct test evidence is missing. Structural/helper callable: cannot exceed C+ without direct contract tests and parent-surface proof."
veilbreakers_terrain/handlers/tripo_studio_client.py,TripoStudioClient._refresh_jwt,_refresh_jwt,92,method,runtime_handler,generic,UE_PCG|FASTNOISELITE,"Prove runtime relevance, deterministic behavior, direct tests, caller wiring, typed contracts, and no dead/orphan code before claiming generator quality.",C,ADD_DIRECT_TESTS,helper_reachable,"Runtime path exists, but direct test evidence is missing. Structural/helper callable: cannot exceed C+ without direct contract tests and parent-surface proof."
veilbreakers_terrain/handlers/tripo_studio_client.py,TripoStudioClient._refresh_jwt._pick_jwt,_pick_jwt,110,nested_function,runtime_handler,generic,UE_PCG|FASTNOISELITE,"Prove runtime relevance, deterministic behavior, direct tests, caller wiring, typed contracts, and no dead/orphan code before claiming generator quality.",C,ADD_DIRECT_TESTS,helper_reachable,"Runtime path exists, but direct test evidence is missing. Structural/helper callable: cannot exceed C+ without direct contract tests and parent-surface proof."
veilbreakers_terrain/handlers/tripo_studio_client.py,TripoStudioClient._get_valid_jwt,_get_valid_jwt,193,method,runtime_handler,generic,UE_PCG|FASTNOISELITE,"Prove runtime relevance, deterministic behavior, direct tests, caller wiring, typed contracts, and no dead/orphan code before claiming generator quality.",C,ADD_DIRECT_TESTS,helper_reachable,"Runtime path exists, but direct test evidence is missing. Structural/helper callable: cannot exceed C+ without direct contract tests and parent-surface proof."
veilbreakers_terrain/handlers/tripo_studio_client.py,TripoStudioClient._ensure_client,_ensure_client,210,method,runtime_handler,generic,UE_PCG|FASTNOISELITE,"Prove runtime relevance, deterministic behavior, direct tests, caller wiring, typed contracts, and no dead/orphan code before claiming generator quality.",C,ADD_DIRECT_TESTS,helper_reachable,"Runtime path exists, but direct test evidence is missing. Structural/helper callable: cannot exceed C+ without direct contract tests and parent-surface proof."
veilbreakers_terrain/handlers/tripo_studio_client.py,TripoStudioClient.close,close,227,method,runtime_handler,generic,UE_PCG|FASTNOISELITE,"Prove runtime relevance, deterministic behavior, direct tests, caller wiring, typed contracts, and no dead/orphan code before claiming generator quality.",C+,PROVE_PARENT_CONTRACT_OR_INLINE,helper_reachable,"Runtime/test evidence exists, but strict AAA evidence is incomplete. Structural/helper callable: cannot exceed C+ without direct contract tests and parent-surface proof."
veilbreakers_terrain/handlers/tripo_studio_client.py,TripoStudioClient._request,_request,232,method,runtime_handler,generic,UE_PCG|FASTNOISELITE,"Prove runtime relevance, deterministic behavior, direct tests, caller wiring, typed contracts, and no dead/orphan code before claiming generator quality.",C,ADD_DIRECT_TESTS,helper_reachable,"Runtime path exists, but direct test evidence is missing. Structural/helper callable: cannot exceed C+ without direct contract tests and parent-surface proof."
veilbreakers_terrain/handlers/tripo_studio_client.py,TripoStudioClient.get_balance,get_balance,248,method,runtime_handler,generic,UE_PCG|FASTNOISELITE,"Prove runtime relevance, deterministic behavior, direct tests, caller wiring, typed contracts, and no dead/orphan code before claiming generator quality.",C+,PROVE_PARENT_CONTRACT_OR_INLINE,helper_reachable,"Runtime/test evidence exists, but strict AAA evidence is incomplete. Structural/helper callable: cannot exceed C+ without direct contract tests and parent-surface proof."
veilbreakers_terrain/handlers/tripo_studio_client.py,TripoStudioClient.create_task,create_task,253,method,runtime_handler,generic,UE_PCG|FASTNOISELITE,"Prove runtime relevance, deterministic behavior, direct tests, caller wiring, typed contracts, and no dead/orphan code before claiming generator quality.",C,ADD_DIRECT_TESTS,helper_reachable,"Runtime path exists, but direct test evidence is missing. Structural/helper callable: cannot exceed C+ without direct contract tests and parent-surface proof."
veilbreakers_terrain/handlers/tripo_studio_client.py,TripoStudioClient.get_task,get_task,265,method,runtime_handler,generic,UE_PCG|FASTNOISELITE,"Prove runtime relevance, deterministic behavior, direct tests, caller wiring, typed contracts, and no dead/orphan code before claiming generator quality.",C,ADD_DIRECT_TESTS,helper_reachable,"Runtime path exists, but direct test evidence is missing. Structural/helper callable: cannot exceed C+ without direct contract tests and parent-surface proof."
veilbreakers_terrain/handlers/tripo_studio_client.py,TripoStudioClient.wait_for_task,wait_for_task,270,method,runtime_handler,generic,UE_PCG|FASTNOISELITE,"Prove runtime relevance, deterministic behavior, direct tests, caller wiring, typed contracts, and no dead/orphan code before claiming generator quality.",C,ADD_DIRECT_TESTS,helper_reachable,"Runtime path exists, but direct test evidence is missing. Structural/helper callable: cannot exceed C+ without direct contract tests and parent-surface proof."
veilbreakers_terrain/handlers/tripo_studio_client.py,TripoStudioClient._download_file,_download_file,300,method,runtime_handler,generic,UE_PCG|FASTNOISELITE,"Prove runtime relevance, deterministic behavior, direct tests, caller wiring, typed contracts, and no dead/orphan code before claiming generator quality.",C,ADD_DIRECT_TESTS,helper_reachable,"Runtime path exists, but direct test evidence is missing. Structural/helper callable: cannot exceed C+ without direct contract tests and parent-surface proof."
veilbreakers_terrain/handlers/tripo_studio_client.py,TripoStudioClient._poll_and_download_variants,_poll_and_download_variants,326,method,runtime_handler,generic,UE_PCG|FASTNOISELITE,"Prove runtime relevance, deterministic behavior, direct tests, caller wiring, typed contracts, and no dead/orphan code before claiming generator quality.",C,ADD_DIRECT_TESTS,helper_reachable,"Runtime path exists, but direct test evidence is missing. Structural/helper callable: cannot exceed C+ without direct contract tests and parent-surface proof."
veilbreakers_terrain/handlers/tripo_studio_client.py,TripoStudioClient.generate_from_text,generate_from_text,384,method,runtime_handler,generic,UE_PCG|FASTNOISELITE,"Prove runtime relevance, deterministic behavior, direct tests, caller wiring, typed contracts, and no dead/orphan code before claiming generator quality.",C,ADD_DIRECT_TESTS,helper_reachable,"Runtime path exists, but direct test evidence is missing. Structural/helper callable: cannot exceed C+ without direct contract tests and parent-surface proof."
veilbreakers_terrain/handlers/tripo_studio_client.py,TripoStudioClient.generate_from_image,generate_from_image,420,method,runtime_handler,generic,UE_PCG|FASTNOISELITE,"Prove runtime relevance, deterministic behavior, direct tests, caller wiring, typed contracts, and no dead/orphan code before claiming generator quality.",C,ADD_DIRECT_TESTS,helper_reachable,"Runtime path exists, but direct test evidence is missing. Structural/helper callable: cannot exceed C+ without direct contract tests and parent-surface proof."
veilbreakers_terrain/handlers/vegetation_lsystem.py,_TurtleState.__init__,__init__,320,nested_function,runtime_handler,generic,UE_PCG|FASTNOISELITE,"Prove runtime relevance, deterministic behavior, direct tests, caller wiring, typed contracts, and no dead/orphan code before claiming generator quality.",D+,WIRE_OR_DEPRECATE,missing_wiring_row,No callable-wiring row; runtime path is unproven. Structural/helper callable: cannot exceed C+ without direct contract tests and parent-surface proof.
veilbreakers_terrain/handlers/vegetation_lsystem.py,BranchSegment.__init__,__init__,360,method,runtime_handler,generic,UE_PCG|FASTNOISELITE,"Prove runtime relevance, deterministic behavior, direct tests, caller wiring, typed contracts, and no dead/orphan code before claiming generator quality.",D+,WIRE_OR_DEPRECATE,missing_wiring_row,No callable-wiring row; runtime path is unproven. Structural/helper callable: cannot exceed C+ without direct contract tests and parent-surface proof.
veilbreakers_terrain/handlers/vertex_paint_live.py,_smoothstep,_smoothstep,17,function,runtime_handler,generic,UE_PCG|FASTNOISELITE,"Prove runtime relevance, deterministic behavior, direct tests, caller wiring, typed contracts, and no dead/orphan code before claiming generator quality.",C,ADD_DIRECT_TESTS,helper_reachable,"Runtime path exists, but direct test evidence is missing. Structural/helper callable: cannot exceed C+ without direct contract tests and parent-surface proof."
veilbreakers_terrain/handlers/vertex_paint_live.py,_dist3d,_dist3d,22,function,runtime_handler,generic,UE_PCG|FASTNOISELITE,"Prove runtime relevance, deterministic behavior, direct tests, caller wiring, typed contracts, and no dead/orphan code before claiming generator quality.",C,WIRE_OR_DEPRECATE,test_only_or_unwired,Wiring scan status is test_only_or_unwired; production path is not proven. Structural/helper callable: cannot exceed C+ without direct contract tests and parent-surface proof.
veilbreakers_terrain/handlers/vertex_paint_live.py,_dist2d,_dist2d,28,function,runtime_handler,generic,UE_PCG|FASTNOISELITE,"Prove runtime relevance, deterministic behavior, direct tests, caller wiring, typed contracts, and no dead/orphan code before claiming generator quality.",C+,PROVE_PARENT_CONTRACT_OR_INLINE,helper_reachable,"Runtime/test evidence exists, but strict AAA evidence is incomplete. Structural/helper callable: cannot exceed C+ without direct contract tests and parent-surface proof."
veilbreakers_terrain/handlers/vertex_paint_live.py,_falloff_weight,_falloff_weight,32,function,runtime_handler,generic,UE_PCG|FASTNOISELITE,"Prove runtime relevance, deterministic behavior, direct tests, caller wiring, typed contracts, and no dead/orphan code before claiming generator quality.",C,WIRE_OR_DEPRECATE,test_only_or_unwired,Wiring scan status is test_only_or_unwired; production path is not proven. Structural/helper callable: cannot exceed C+ without direct contract tests and parent-surface proof.
veilbreakers_terrain/handlers/vertex_paint_live.py,compute_paint_weights,compute_paint_weights,62,function,runtime_handler,generic,UE_PCG|FASTNOISELITE,"Prove runtime relevance, deterministic behavior, direct tests, caller wiring, typed contracts, and no dead/orphan code before claiming generator quality.",C+,REVIEW_FOR_B,helper_reachable,"Runtime/test evidence exists, but strict AAA evidence is incomplete."
veilbreakers_terrain/handlers/vertex_paint_live.py,compute_paint_weights_uv,compute_paint_weights_uv,116,function,runtime_handler,generic,UE_PCG|FASTNOISELITE,"Prove runtime relevance, deterministic behavior, direct tests, caller wiring, typed contracts, and no dead/orphan code before claiming generator quality.",C+,REVIEW_FOR_B,helper_reachable,"Runtime/test evidence exists, but strict AAA evidence is incomplete."
veilbreakers_terrain/handlers/vertex_paint_live.py,blend_colors,blend_colors,168,function,runtime_handler,generic,UE_PCG|FASTNOISELITE,"Prove runtime relevance, deterministic behavior, direct tests, caller wiring, typed contracts, and no dead/orphan code before claiming generator quality.",C+,REVIEW_FOR_B,helper_reachable,"Runtime/test evidence exists, but strict AAA evidence is incomplete."
veilbreakers_terrain/handlers/vertex_paint_live.py,blend_colors._clamp,_clamp,192,nested_function,runtime_handler,generic,UE_PCG|FASTNOISELITE,"Prove runtime relevance, deterministic behavior, direct tests, caller wiring, typed contracts, and no dead/orphan code before claiming generator quality.",C,ADD_DIRECT_TESTS,helper_reachable,"Runtime path exists, but direct test evidence is missing. Structural/helper callable: cannot exceed C+ without direct contract tests and parent-surface proof."
veilbreakers_terrain/handlers/vertex_paint_live.py,blend_colors_array,blend_colors_array,228,function,runtime_handler,generic,UE_PCG|FASTNOISELITE,"Prove runtime relevance, deterministic behavior, direct tests, caller wiring, typed contracts, and no dead/orphan code before claiming generator quality.",C,WIRE_OR_DEPRECATE,test_only_or_unwired,Wiring scan status is test_only_or_unwired; production path is not proven.
veilbreakers_terrain/handlers/weathering.py,_stage_weight,_stage_weight,116,function,runtime_handler,generic,UE_PCG|FASTNOISELITE,"Prove runtime relevance, deterministic behavior, direct tests, caller wiring, typed contracts, and no dead/orphan code before claiming generator quality.",C,ADD_DIRECT_TESTS,helper_reachable,"Runtime path exists, but direct test evidence is missing. Structural/helper callable: cannot exceed C+ without direct contract tests and parent-surface proof."
veilbreakers_terrain/handlers/weathering.py,_compute_bounding_box,_compute_bounding_box,144,function,runtime_handler,generic,UE_PCG|FASTNOISELITE,"Prove runtime relevance, deterministic behavior, direct tests, caller wiring, typed contracts, and no dead/orphan code before claiming generator quality.",C+,PROVE_PARENT_CONTRACT_OR_INLINE,helper_reachable,"Runtime/test evidence exists, but strict AAA evidence is incomplete. Structural/helper callable: cannot exceed C+ without direct contract tests and parent-surface proof."
veilbreakers_terrain/handlers/weathering.py,_compute_edge_convexity,_compute_edge_convexity,172,function,runtime_handler,generic,UE_PCG|FASTNOISELITE,"Prove runtime relevance, deterministic behavior, direct tests, caller wiring, typed contracts, and no dead/orphan code before claiming generator quality.",C,ADD_DIRECT_TESTS,helper_reachable,"Runtime path exists, but direct test evidence is missing. Structural/helper callable: cannot exceed C+ without direct contract tests and parent-surface proof."
veilbreakers_terrain/handlers/weathering.py,_compute_slope_aspect,_compute_slope_aspect,205,function,runtime_handler,generic,UE_PCG|FASTNOISELITE,"Prove runtime relevance, deterministic behavior, direct tests, caller wiring, typed contracts, and no dead/orphan code before claiming generator quality.",C,ADD_DIRECT_TESTS,helper_reachable,"Runtime path exists, but direct test evidence is missing. Structural/helper callable: cannot exceed C+ without direct contract tests and parent-surface proof."
veilbreakers_terrain/handlers/weathering.py,_smooth_channel,_smooth_channel,230,function,runtime_handler,generic,UE_PCG|FASTNOISELITE,"Prove runtime relevance, deterministic behavior, direct tests, caller wiring, typed contracts, and no dead/orphan code before claiming generator quality.",C,ADD_DIRECT_TESTS,helper_reachable,"Runtime path exists, but direct test evidence is missing. Structural/helper callable: cannot exceed C+ without direct contract tests and parent-surface proof."
veilbreakers_terrain/handlers/weathering.py,compute_weathered_vertex_colors,compute_weathered_vertex_colors,300,function,runtime_handler,generic,UE_PCG|FASTNOISELITE,"Prove runtime relevance, deterministic behavior, direct tests, caller wiring, typed contracts, and no dead/orphan code before claiming generator quality.",C+,REVIEW_FOR_B,helper_reachable,"Runtime/test evidence exists, but strict AAA evidence is incomplete."
veilbreakers_terrain/handlers/weathering.py,apply_structural_settling,apply_structural_settling,469,function,runtime_handler,generic,UE_PCG|FASTNOISELITE,"Prove runtime relevance, deterministic behavior, direct tests, caller wiring, typed contracts, and no dead/orphan code before claiming generator quality.",C+,REVIEW_FOR_B,helper_reachable,"Runtime/test evidence exists, but strict AAA evidence is incomplete."
