"File","Qualified Name","Current R12 Grade","Manual Grade","Action","Evidence Summary","Best Practice Gap","Output Proof Present"
"veilbreakers_terrain/handlers/terrain_hierarchy.py","FeatureBudget","D+","D+","WIRE_OR_DEPRECATE","Implementation exists, but callable has no wiring row; runtime path is unproven.","Prove production runtime wiring or remove/deprecate the callable; no B without runtime wiring plus direct tests plus parent/runtime contract proof.","No"
"veilbreakers_terrain/handlers/terrain_hierarchy.py","classify_feature_tier","C","C","WIRE_OR_DEPRECATE","Tests or static references exist, but production runtime path is not proven; R12 wiring status=test_only_or_unwired.","Prove production runtime wiring or remove/deprecate the callable; no B without runtime wiring plus direct tests plus parent/runtime contract proof.","No"
"veilbreakers_terrain/handlers/terrain_hierarchy.py","enforce_feature_budget","C","C","WIRE_OR_DEPRECATE","Tests or static references exist, but production runtime path is not proven; R12 wiring status=test_only_or_unwired.","Prove production runtime wiring or remove/deprecate the callable; no B without runtime wiring plus direct tests plus parent/runtime contract proof.","No"
"veilbreakers_terrain/handlers/terrain_hierarchy.py","enforce_feature_budget._footprint","C","C","ADD_DIRECT_TESTS","Reachable helper evidence exists through parent/runtime code, but direct callable contract tests are missing or insufficient.","Add deterministic direct tests for the callable and tie assertions to the declared runtime/parent contract.","No"
"veilbreakers_terrain/handlers/terrain_hierarchy.py","enforce_feature_budget._tier_rank","C","C","ADD_DIRECT_TESTS","Reachable helper evidence exists through parent/runtime code, but direct callable contract tests are missing or insufficient.","Add deterministic direct tests for the callable and tie assertions to the declared runtime/parent contract.","No"
"veilbreakers_terrain/handlers/terrain_hierarchy.py","enforce_feature_budget._saliency","C","C","ADD_DIRECT_TESTS","Reachable helper evidence exists through parent/runtime code, but direct callable contract tests are missing or insufficient.","Add deterministic direct tests for the callable and tie assertions to the declared runtime/parent contract.","No"
"veilbreakers_terrain/handlers/terrain_hierarchy.py","enforce_feature_budget._feature_id","C","C","ADD_DIRECT_TESTS","Reachable helper evidence exists through parent/runtime code, but direct callable contract tests are missing or insufficient.","Add deterministic direct tests for the callable and tie assertions to the declared runtime/parent contract.","No"
"veilbreakers_terrain/handlers/terrain_hierarchy.py","enforce_feature_budget._tri_estimate","C","C","ADD_DIRECT_TESTS","Reachable helper evidence exists through parent/runtime code, but direct callable contract tests are missing or insufficient.","Add deterministic direct tests for the callable and tie assertions to the declared runtime/parent contract.","No"
"veilbreakers_terrain/handlers/terrain_hot_reload.py","_safe_reload","C","C","ADD_DIRECT_TESTS","Reachable helper evidence exists through parent/runtime code, but direct callable contract tests are missing or insufficient.","Add deterministic direct tests for the callable and tie assertions to the declared runtime/parent contract.","No"
"veilbreakers_terrain/handlers/terrain_hot_reload.py","HotReloadWatcher","D+","D+","WIRE_OR_DEPRECATE","Implementation exists, but callable has no wiring row; runtime path is unproven.","Prove production runtime wiring or remove/deprecate the callable; no B without runtime wiring plus direct tests plus parent/runtime contract proof.","No"
"veilbreakers_terrain/handlers/terrain_hot_reload.py","HotReloadWatcher.add","C+","C+","PROVE_PARENT_CONTRACT_OR_INLINE","Helper is reachable and has some evidence, but parent-surface contract proof is incomplete under the R12/R13 B gate.","Prove the parent/runtime contract with direct tests for the helper behavior, or inline/delete the helper.","No"
"veilbreakers_terrain/handlers/terrain_hot_reload.py","HotReloadWatcher.check_and_reload","C+","C+","PROVE_PARENT_CONTRACT_OR_INLINE","Helper is reachable and has some evidence, but parent-surface contract proof is incomplete under the R12/R13 B gate.","Prove the parent/runtime contract with direct tests for the helper behavior, or inline/delete the helper.","No"
"veilbreakers_terrain/handlers/terrain_hot_reload.py","HotReloadWatcher.force_reload_all","D+","D+","WIRE_OR_DEPRECATE","Implementation exists, but wiring scan marks it orphan_candidate; no production caller/runtime path was proven.","Prove production runtime wiring or remove/deprecate the callable; no B without runtime wiring plus direct tests plus parent/runtime contract proof.","No"
"veilbreakers_terrain/handlers/terrain_hot_reload.py","HotReloadWatcher.clear_errors","C","C","WIRE_OR_DEPRECATE","Tests or static references exist, but production runtime path is not proven; R12 wiring status=test_only_or_unwired.","Prove production runtime wiring or remove/deprecate the callable; no B without runtime wiring plus direct tests plus parent/runtime contract proof.","No"
"veilbreakers_terrain/handlers/terrain_hot_reload.py","force_reload_all","D+","D+","WIRE_OR_DEPRECATE","Implementation exists, but wiring scan marks it orphan_candidate; no production caller/runtime path was proven.","Prove production runtime wiring or remove/deprecate the callable; no B without runtime wiring plus direct tests plus parent/runtime contract proof.","No"
"veilbreakers_terrain/handlers/terrain_iteration_metrics.py","_get_peak_memory_mb","C","C","ADD_DIRECT_TESTS","Reachable helper evidence exists through parent/runtime code, but direct callable contract tests are missing or insufficient.","Add deterministic direct tests for the callable and tie assertions to the declared runtime/parent contract.","No"
"veilbreakers_terrain/handlers/terrain_iteration_metrics.py","IterationMetrics","D+","D+","WIRE_OR_DEPRECATE","Implementation exists, but callable has no wiring row; runtime path is unproven.","Prove production runtime wiring or remove/deprecate the callable; no B without runtime wiring plus direct tests plus parent/runtime contract proof.","No"
"veilbreakers_terrain/handlers/terrain_iteration_metrics.py","IterationMetrics.__enter__","D+","D+","WIRE_OR_DEPRECATE","Implementation exists, but callable has no wiring row; runtime path is unproven.","Prove production runtime wiring or remove/deprecate the callable; no B without runtime wiring plus direct tests plus parent/runtime contract proof.","No"
"veilbreakers_terrain/handlers/terrain_iteration_metrics.py","IterationMetrics.__exit__","D+","D+","WIRE_OR_DEPRECATE","Implementation exists, but callable has no wiring row; runtime path is unproven.","Prove production runtime wiring or remove/deprecate the callable; no B without runtime wiring plus direct tests plus parent/runtime contract proof.","No"
"veilbreakers_terrain/handlers/terrain_iteration_metrics.py","IterationMetrics.record","C","C","ADD_DIRECT_TESTS","Reachable helper evidence exists through parent/runtime code, but direct callable contract tests are missing or insufficient.","Add deterministic direct tests for the callable and tie assertions to the declared runtime/parent contract.","No"
"veilbreakers_terrain/handlers/terrain_iteration_metrics.py","IterationMetrics.reset","D+","D+","WIRE_OR_DEPRECATE","Implementation exists, but wiring scan marks it orphan_candidate; no production caller/runtime path was proven.","Prove production runtime wiring or remove/deprecate the callable; no B without runtime wiring plus direct tests plus parent/runtime contract proof.","No"
"veilbreakers_terrain/handlers/terrain_iteration_metrics.py","IterationMetrics.merge","C","C","ADD_DIRECT_TESTS","Reachable helper evidence exists through parent/runtime code, but direct callable contract tests are missing or insufficient.","Add deterministic direct tests for the callable and tie assertions to the declared runtime/parent contract.","No"
"veilbreakers_terrain/handlers/terrain_iteration_metrics.py","IterationMetrics.avg_pass_duration_s","C","C","WIRE_OR_DEPRECATE","Tests or static references exist, but production runtime path is not proven; R12 wiring status=test_only_or_unwired.","Prove production runtime wiring or remove/deprecate the callable; no B without runtime wiring plus direct tests plus parent/runtime contract proof.","No"
"veilbreakers_terrain/handlers/terrain_iteration_metrics.py","IterationMetrics.cache_hit_rate","C","C","WIRE_OR_DEPRECATE","Tests or static references exist, but production runtime path is not proven; R12 wiring status=test_only_or_unwired.","Prove production runtime wiring or remove/deprecate the callable; no B without runtime wiring plus direct tests plus parent/runtime contract proof.","No"
"veilbreakers_terrain/handlers/terrain_iteration_metrics.py","IterationMetrics.p50_duration_s","C","C","WIRE_OR_DEPRECATE","Tests or static references exist, but production runtime path is not proven; R12 wiring status=test_only_or_unwired.","Prove production runtime wiring or remove/deprecate the callable; no B without runtime wiring plus direct tests plus parent/runtime contract proof.","No"
"veilbreakers_terrain/handlers/terrain_iteration_metrics.py","IterationMetrics.p95_duration_s","C","C","WIRE_OR_DEPRECATE","Tests or static references exist, but production runtime path is not proven; R12 wiring status=test_only_or_unwired.","Prove production runtime wiring or remove/deprecate the callable; no B without runtime wiring plus direct tests plus parent/runtime contract proof.","No"
"veilbreakers_terrain/handlers/terrain_iteration_metrics.py","IterationMetrics.p99_duration_s","D+","D+","WIRE_OR_DEPRECATE","Implementation exists, but wiring scan marks it orphan_candidate; no production caller/runtime path was proven.","Prove production runtime wiring or remove/deprecate the callable; no B without runtime wiring plus direct tests plus parent/runtime contract proof.","No"
"veilbreakers_terrain/handlers/terrain_iteration_metrics.py","IterationMetrics.max_duration_s","D+","D+","WIRE_OR_DEPRECATE","Implementation exists, but wiring scan marks it orphan_candidate; no production caller/runtime path was proven.","Prove production runtime wiring or remove/deprecate the callable; no B without runtime wiring plus direct tests plus parent/runtime contract proof.","No"
"veilbreakers_terrain/handlers/terrain_iteration_metrics.py","IterationMetrics.slowest_pass_name","D+","D+","WIRE_OR_DEPRECATE","Implementation exists, but wiring scan marks it orphan_candidate; no production caller/runtime path was proven.","Prove production runtime wiring or remove/deprecate the callable; no B without runtime wiring plus direct tests plus parent/runtime contract proof.","No"
"veilbreakers_terrain/handlers/terrain_iteration_metrics.py","IterationMetrics.per_pass_totals","D+","D+","WIRE_OR_DEPRECATE","Implementation exists, but wiring scan marks it orphan_candidate; no production caller/runtime path was proven.","Prove production runtime wiring or remove/deprecate the callable; no B without runtime wiring plus direct tests plus parent/runtime contract proof.","No"
"veilbreakers_terrain/handlers/terrain_iteration_metrics.py","IterationMetrics.hotspots","C","C","ADD_DIRECT_TESTS","Reachable helper evidence exists through parent/runtime code, but direct callable contract tests are missing or insufficient.","Add deterministic direct tests for the callable and tie assertions to the declared runtime/parent contract.","No"
"veilbreakers_terrain/handlers/terrain_iteration_metrics.py","IterationMetrics.summary_report","C+","C+","PROVE_PARENT_CONTRACT_OR_INLINE","Helper is reachable and has some evidence, but parent-surface contract proof is incomplete under the R12/R13 B gate.","Prove the parent/runtime contract with direct tests for the helper behavior, or inline/delete the helper.","No"
"veilbreakers_terrain/handlers/terrain_iteration_metrics.py","IterationMetrics.to_json","D+","D+","WIRE_OR_DEPRECATE","Implementation exists, but wiring scan marks it orphan_candidate; no production caller/runtime path was proven.","Prove production runtime wiring or remove/deprecate the callable; no B without runtime wiring plus direct tests plus parent/runtime contract proof.","No"
"veilbreakers_terrain/handlers/terrain_iteration_metrics.py","_percentile","C","C","ADD_DIRECT_TESTS","Reachable helper evidence exists through parent/runtime code, but direct callable contract tests are missing or insufficient.","Add deterministic direct tests for the callable and tie assertions to the declared runtime/parent contract.","No"
"veilbreakers_terrain/handlers/terrain_iteration_metrics.py","record_iteration","C","C","WIRE_OR_DEPRECATE","Tests or static references exist, but production runtime path is not proven; R12 wiring status=test_only_or_unwired.","Prove production runtime wiring or remove/deprecate the callable; no B without runtime wiring plus direct tests plus parent/runtime contract proof.","No"
"veilbreakers_terrain/handlers/terrain_iteration_metrics.py","record_cache_hit","C","C","WIRE_OR_DEPRECATE","Tests or static references exist, but production runtime path is not proven; R12 wiring status=test_only_or_unwired.","Prove production runtime wiring or remove/deprecate the callable; no B without runtime wiring plus direct tests plus parent/runtime contract proof.","No"
"veilbreakers_terrain/handlers/terrain_iteration_metrics.py","record_cache_miss","C","C","WIRE_OR_DEPRECATE","Tests or static references exist, but production runtime path is not proven; R12 wiring status=test_only_or_unwired.","Prove production runtime wiring or remove/deprecate the callable; no B without runtime wiring plus direct tests plus parent/runtime contract proof.","No"
"veilbreakers_terrain/handlers/terrain_iteration_metrics.py","record_wave","D+","D+","WIRE_OR_DEPRECATE","Implementation exists, but wiring scan marks it orphan_candidate; no production caller/runtime path was proven.","Prove production runtime wiring or remove/deprecate the callable; no B without runtime wiring plus direct tests plus parent/runtime contract proof.","No"
"veilbreakers_terrain/handlers/terrain_iteration_metrics.py","speedup_factor","C+","C+","PROVE_PARENT_CONTRACT_OR_INLINE","Helper is reachable and has some evidence, but parent-surface contract proof is incomplete under the R12/R13 B gate.","Prove the parent/runtime contract with direct tests for the helper behavior, or inline/delete the helper.","No"
"veilbreakers_terrain/handlers/terrain_iteration_metrics.py","meets_speedup_target","C","C","WIRE_OR_DEPRECATE","Tests or static references exist, but production runtime path is not proven; R12 wiring status=test_only_or_unwired.","Prove production runtime wiring or remove/deprecate the callable; no B without runtime wiring plus direct tests plus parent/runtime contract proof.","No"
"veilbreakers_terrain/handlers/terrain_iteration_metrics.py","stdev_duration_s","D+","D+","WIRE_OR_DEPRECATE","Implementation exists, but wiring scan marks it orphan_candidate; no production caller/runtime path was proven.","Prove production runtime wiring or remove/deprecate the callable; no B without runtime wiring plus direct tests plus parent/runtime contract proof.","No"
"veilbreakers_terrain/handlers/terrain_karst.py","SinkholeSpec","D+","D+","WIRE_OR_DEPRECATE","Implementation exists, but callable has no wiring row; runtime path is unproven.","Prove production runtime wiring or remove/deprecate the callable; no B without runtime wiring plus direct tests plus parent/runtime contract proof.","No"
"veilbreakers_terrain/handlers/terrain_karst.py","SinkholeSpec.__post_init__","D+","D+","WIRE_OR_DEPRECATE","Implementation exists, but callable has no wiring row; runtime path is unproven.","Prove production runtime wiring or remove/deprecate the callable; no B without runtime wiring plus direct tests plus parent/runtime contract proof.","No"
"veilbreakers_terrain/handlers/terrain_karst.py","KarstFeature","D+","D+","WIRE_OR_DEPRECATE","Implementation exists, but callable has no wiring row; runtime path is unproven.","Prove production runtime wiring or remove/deprecate the callable; no B without runtime wiring plus direct tests plus parent/runtime contract proof.","No"
"veilbreakers_terrain/handlers/terrain_karst.py","KarstFeature.__post_init__","D+","D+","WIRE_OR_DEPRECATE","Implementation exists, but callable has no wiring row; runtime path is unproven.","Prove production runtime wiring or remove/deprecate the callable; no B without runtime wiring plus direct tests plus parent/runtime contract proof.","No"
"veilbreakers_terrain/handlers/terrain_karst.py","detect_karst_candidates","C+","C+","PROVE_PARENT_CONTRACT_OR_INLINE","Helper is reachable and has some evidence, but parent-surface contract proof is incomplete under the R12/R13 B gate.","Prove the parent/runtime contract with direct tests for the helper behavior, or inline/delete the helper.","No"
"veilbreakers_terrain/handlers/terrain_karst.py","carve_karst_features","C+","C+","PROVE_PARENT_CONTRACT_OR_INLINE","Helper is reachable and has some evidence, but parent-surface contract proof is incomplete under the R12/R13 B gate.","Prove the parent/runtime contract with direct tests for the helper behavior, or inline/delete the helper.","No"
"veilbreakers_terrain/handlers/terrain_karst.py","pass_karst","C+","C+","PROVE_RUNTIME_CONTRACT","Runtime pass or registrar wiring exists and tests/static references exist, but explicit runtime contract and output proof are incomplete.","Add explicit runtime contract proof and output/live-engine proof where terrain-surface behavior is claimed.","No"
"veilbreakers_terrain/handlers/terrain_karst.py","get_sinkhole_specs","D+","D+","WIRE_OR_DEPRECATE","Implementation exists, but wiring scan marks it orphan_candidate; no production caller/runtime path was proven.","Prove production runtime wiring or remove/deprecate the callable; no B without runtime wiring plus direct tests plus parent/runtime contract proof.","No"
"veilbreakers_terrain/handlers/terrain_legacy_bug_fixes.py","audit_np_clip_in_file","C+","C+","PROVE_PARENT_CONTRACT_OR_INLINE","Helper is reachable and has some evidence, but parent-surface contract proof is incomplete under the R12/R13 B gate.","Prove the parent/runtime contract with direct tests for the helper behavior, or inline/delete the helper.","No"
"veilbreakers_terrain/handlers/terrain_legacy_bug_fixes.py","_audit_pixel_units_in_file","C","C","ADD_DIRECT_TESTS","Reachable helper evidence exists through parent/runtime code, but direct callable contract tests are missing or insufficient.","Add deterministic direct tests for the callable and tie assertions to the declared runtime/parent contract.","No"
"veilbreakers_terrain/handlers/terrain_live_preview.py","_clone_stack_for_diff","C+","C+","PROVE_PARENT_CONTRACT_OR_INLINE","Helper is reachable and has some evidence, but parent-surface contract proof is incomplete under the R12/R13 B gate.","Prove the parent/runtime contract with direct tests for the helper behavior, or inline/delete the helper.","No"
"veilbreakers_terrain/handlers/terrain_live_preview.py","LivePreviewSession","D+","D+","WIRE_OR_DEPRECATE","Implementation exists, but callable has no wiring row; runtime path is unproven.","Prove production runtime wiring or remove/deprecate the callable; no B without runtime wiring plus direct tests plus parent/runtime contract proof.","No"
"veilbreakers_terrain/handlers/terrain_live_preview.py","LivePreviewSession.__post_init__","D+","D+","WIRE_OR_DEPRECATE","Implementation exists, but callable has no wiring row; runtime path is unproven.","Prove production runtime wiring or remove/deprecate the callable; no B without runtime wiring plus direct tests plus parent/runtime contract proof.","No"
"veilbreakers_terrain/handlers/terrain_live_preview.py","LivePreviewSession.state","C","C","WIRE_OR_DEPRECATE","Tests or static references exist, but production runtime path is not proven; R12 wiring status=test_only_or_unwired.","Prove production runtime wiring or remove/deprecate the callable; no B without runtime wiring plus direct tests plus parent/runtime contract proof.","No"
"veilbreakers_terrain/handlers/terrain_live_preview.py","LivePreviewSession.current_hash","C+","C+","PROVE_PARENT_CONTRACT_OR_INLINE","Helper is reachable and has some evidence, but parent-surface contract proof is incomplete under the R12/R13 B gate.","Prove the parent/runtime contract with direct tests for the helper behavior, or inline/delete the helper.","No"
"veilbreakers_terrain/handlers/terrain_live_preview.py","LivePreviewSession.apply_edit","C+","C+","PROVE_PARENT_CONTRACT_OR_INLINE","Helper is reachable and has some evidence, but parent-surface contract proof is incomplete under the R12/R13 B gate.","Prove the parent/runtime contract with direct tests for the helper behavior, or inline/delete the helper.","No"
"veilbreakers_terrain/handlers/terrain_live_preview.py","LivePreviewSession.diff_preview","C+","C+","PROVE_PARENT_CONTRACT_OR_INLINE","Helper is reachable and has some evidence, but parent-surface contract proof is incomplete under the R12/R13 B gate.","Prove the parent/runtime contract with direct tests for the helper behavior, or inline/delete the helper.","No"
"veilbreakers_terrain/handlers/terrain_live_preview.py","LivePreviewSession.diff_stacks","C","C","WIRE_OR_DEPRECATE","Tests or static references exist, but production runtime path is not proven; R12 wiring status=test_only_or_unwired.","Prove production runtime wiring or remove/deprecate the callable; no B without runtime wiring plus direct tests plus parent/runtime contract proof.","No"
"veilbreakers_terrain/handlers/terrain_live_preview.py","LivePreviewSession.snapshot_stack","C","C","WIRE_OR_DEPRECATE","Tests or static references exist, but production runtime path is not proven; R12 wiring status=test_only_or_unwired.","Prove production runtime wiring or remove/deprecate the callable; no B without runtime wiring plus direct tests plus parent/runtime contract proof.","No"
"veilbreakers_terrain/handlers/terrain_live_preview.py","edit_hero_feature","D+","D+","WIRE_OR_DEPRECATE","Implementation exists, but wiring scan marks it orphan_candidate; no production caller/runtime path was proven.","Prove production runtime wiring or remove/deprecate the callable; no B without runtime wiring plus direct tests plus parent/runtime contract proof.","No"
"veilbreakers_terrain/handlers/terrain_macro_color.py","_resolve_palette","C","C","ADD_DIRECT_TESTS","Reachable helper evidence exists through parent/runtime code, but direct callable contract tests are missing or insufficient.","Add deterministic direct tests for the callable and tie assertions to the declared runtime/parent contract.","No"
"veilbreakers_terrain/handlers/terrain_macro_color.py","_resolve_strata_color_map","C","C","ADD_DIRECT_TESTS","Reachable helper evidence exists through parent/runtime code, but direct callable contract tests are missing or insufficient.","Add deterministic direct tests for the callable and tie assertions to the declared runtime/parent contract.","No"
"veilbreakers_terrain/handlers/terrain_macro_color.py","compute_macro_color","C+","C+","PROVE_PARENT_CONTRACT_OR_INLINE","Helper is reachable and has some evidence, but parent-surface contract proof is incomplete under the R12/R13 B gate.","Prove the parent/runtime contract with direct tests for the helper behavior, or inline/delete the helper.","No"
"veilbreakers_terrain/handlers/terrain_macro_color.py","pass_macro_color","C+","C+","PROVE_RUNTIME_CONTRACT","Runtime pass or registrar wiring exists and tests/static references exist, but explicit runtime contract and output proof are incomplete.","Add explicit runtime contract proof and output/live-engine proof where terrain-surface behavior is claimed.","No"
"veilbreakers_terrain/handlers/terrain_macro_color.py","register_bundle_k_macro_color_pass","C","C","ADD_DIRECT_TESTS","Runtime-primary surface exists, but direct callable/output contract tests were not sufficient for B-level proof.","Add deterministic direct tests for the callable and tie assertions to the declared runtime/parent contract.","No"
"veilbreakers_terrain/handlers/terrain_mask_cache.py","_hash_channel","C+","C+","PROVE_PARENT_CONTRACT_OR_INLINE","Helper is reachable and has some evidence, but parent-surface contract proof is incomplete under the R12/R13 B gate.","Prove the parent/runtime contract with direct tests for the helper behavior, or inline/delete the helper.","No"
"veilbreakers_terrain/handlers/terrain_mask_cache.py","cache_key_for_pass","C+","C+","PROVE_PARENT_CONTRACT_OR_INLINE","Helper is reachable and has some evidence, but parent-surface contract proof is incomplete under the R12/R13 B gate.","Prove the parent/runtime contract with direct tests for the helper behavior, or inline/delete the helper.","No"
"veilbreakers_terrain/handlers/terrain_mask_cache.py","MaskCache","D+","D+","WIRE_OR_DEPRECATE","Implementation exists, but callable has no wiring row; runtime path is unproven.","Prove production runtime wiring or remove/deprecate the callable; no B without runtime wiring plus direct tests plus parent/runtime contract proof.","No"
"veilbreakers_terrain/handlers/terrain_mask_cache.py","MaskCache.__init__","D+","D+","WIRE_OR_DEPRECATE","Implementation exists, but callable has no wiring row; runtime path is unproven.","Prove production runtime wiring or remove/deprecate the callable; no B without runtime wiring plus direct tests plus parent/runtime contract proof.","No"
"veilbreakers_terrain/handlers/terrain_mask_cache.py","MaskCache.__len__","D+","D+","WIRE_OR_DEPRECATE","Implementation exists, but callable has no wiring row; runtime path is unproven.","Prove production runtime wiring or remove/deprecate the callable; no B without runtime wiring plus direct tests plus parent/runtime contract proof.","No"
"veilbreakers_terrain/handlers/terrain_mask_cache.py","MaskCache.__contains__","D+","D+","WIRE_OR_DEPRECATE","Implementation exists, but callable has no wiring row; runtime path is unproven.","Prove production runtime wiring or remove/deprecate the callable; no B without runtime wiring plus direct tests plus parent/runtime contract proof.","No"
"veilbreakers_terrain/handlers/terrain_mask_cache.py","MaskCache.get","C+","C+","PROVE_PARENT_CONTRACT_OR_INLINE","Helper is reachable and has some evidence, but parent-surface contract proof is incomplete under the R12/R13 B gate.","Prove the parent/runtime contract with direct tests for the helper behavior, or inline/delete the helper.","No"
"veilbreakers_terrain/handlers/terrain_mask_cache.py","MaskCache.put","C+","C+","PROVE_PARENT_CONTRACT_OR_INLINE","Helper is reachable and has some evidence, but parent-surface contract proof is incomplete under the R12/R13 B gate.","Prove the parent/runtime contract with direct tests for the helper behavior, or inline/delete the helper.","No"
"veilbreakers_terrain/handlers/terrain_mask_cache.py","MaskCache._remove_from_tag_index","C+","C+","PROVE_PARENT_CONTRACT_OR_INLINE","Helper is reachable and has some evidence, but parent-surface contract proof is incomplete under the R12/R13 B gate.","Prove the parent/runtime contract with direct tests for the helper behavior, or inline/delete the helper.","No"
"veilbreakers_terrain/handlers/terrain_mask_cache.py","MaskCache.get_or_compute","C","C","WIRE_OR_DEPRECATE","Tests or static references exist, but production runtime path is not proven; R12 wiring status=test_only_or_unwired.","Prove production runtime wiring or remove/deprecate the callable; no B without runtime wiring plus direct tests plus parent/runtime contract proof.","No"
"veilbreakers_terrain/handlers/terrain_mask_cache.py","MaskCache.invalidate","D+","D+","WIRE_OR_DEPRECATE","Implementation exists, but wiring scan marks it orphan_candidate; no production caller/runtime path was proven.","Prove production runtime wiring or remove/deprecate the callable; no B without runtime wiring plus direct tests plus parent/runtime contract proof.","No"
"veilbreakers_terrain/handlers/terrain_mask_cache.py","MaskCache.invalidate_prefix","C+","C+","PROVE_PARENT_CONTRACT_OR_INLINE","Helper is reachable and has some evidence, but parent-surface contract proof is incomplete under the R12/R13 B gate.","Prove the parent/runtime contract with direct tests for the helper behavior, or inline/delete the helper.","No"
"veilbreakers_terrain/handlers/terrain_mask_cache.py","MaskCache.invalidate_all","D+","D+","WIRE_OR_DEPRECATE","Implementation exists, but wiring scan marks it orphan_candidate; no production caller/runtime path was proven.","Prove production runtime wiring or remove/deprecate the callable; no B without runtime wiring plus direct tests plus parent/runtime contract proof.","No"
"veilbreakers_terrain/handlers/terrain_mask_cache.py","MaskCache.stats","C","C","WIRE_OR_DEPRECATE","Tests or static references exist, but production runtime path is not proven; R12 wiring status=test_only_or_unwired.","Prove production runtime wiring or remove/deprecate the callable; no B without runtime wiring plus direct tests plus parent/runtime contract proof.","No"
"veilbreakers_terrain/handlers/terrain_mask_cache.py","_snapshot_produced_channels","C","C","ADD_DIRECT_TESTS","Reachable helper evidence exists through parent/runtime code, but direct callable contract tests are missing or insufficient.","Add deterministic direct tests for the callable and tie assertions to the declared runtime/parent contract.","No"
"veilbreakers_terrain/handlers/terrain_mask_cache.py","_restore_produced_channels","C+","C+","PROVE_PARENT_CONTRACT_OR_INLINE","Helper is reachable and has some evidence, but parent-surface contract proof is incomplete under the R12/R13 B gate.","Prove the parent/runtime contract with direct tests for the helper behavior, or inline/delete the helper.","No"
"veilbreakers_terrain/handlers/terrain_mask_cache.py","pass_with_cache","C+","C+","PROVE_PARENT_CONTRACT_OR_INLINE","Helper is reachable and has some evidence, but parent-surface contract proof is incomplete under the R12/R13 B gate.","Prove the parent/runtime contract with direct tests for the helper behavior, or inline/delete the helper.","No"
"veilbreakers_terrain/handlers/terrain_masks.py","compute_slope","C","C","ADD_DIRECT_TESTS","Reachable helper evidence exists through parent/runtime code, but direct callable contract tests are missing or insufficient.","Add deterministic direct tests for the callable and tie assertions to the declared runtime/parent contract.","No"
"veilbreakers_terrain/handlers/terrain_masks.py","compute_curvature","C","C","ADD_DIRECT_TESTS","Reachable helper evidence exists through parent/runtime code, but direct callable contract tests are missing or insufficient.","Add deterministic direct tests for the callable and tie assertions to the declared runtime/parent contract.","No"
"veilbreakers_terrain/handlers/terrain_masks.py","compute_concavity","C","C","ADD_DIRECT_TESTS","Reachable helper evidence exists through parent/runtime code, but direct callable contract tests are missing or insufficient.","Add deterministic direct tests for the callable and tie assertions to the declared runtime/parent contract.","No"
"veilbreakers_terrain/handlers/terrain_masks.py","compute_convexity","C","C","ADD_DIRECT_TESTS","Reachable helper evidence exists through parent/runtime code, but direct callable contract tests are missing or insufficient.","Add deterministic direct tests for the callable and tie assertions to the declared runtime/parent contract.","No"
"veilbreakers_terrain/handlers/terrain_masks.py","detect_basins","C","C","ADD_DIRECT_TESTS","Reachable helper evidence exists through parent/runtime code, but direct callable contract tests are missing or insufficient.","Add deterministic direct tests for the callable and tie assertions to the declared runtime/parent contract.","No"
"veilbreakers_terrain/handlers/terrain_masks.py","compute_macro_saliency","C","C","ADD_DIRECT_TESTS","Reachable helper evidence exists through parent/runtime code, but direct callable contract tests are missing or insufficient.","Add deterministic direct tests for the callable and tie assertions to the declared runtime/parent contract.","No"
"veilbreakers_terrain/handlers/terrain_masks.py","compute_base_masks","C+","C+","PROVE_PARENT_CONTRACT_OR_INLINE","Helper is reachable and has some evidence, but parent-surface contract proof is incomplete under the R12/R13 B gate.","Prove the parent/runtime contract with direct tests for the helper behavior, or inline/delete the helper.","No"
"veilbreakers_terrain/handlers/terrain_materials.py","_face_slope_angle","C","C","ADD_DIRECT_TESTS","Reachable helper evidence exists through parent/runtime code, but direct callable contract tests are missing or insufficient.","Add deterministic direct tests for the callable and tie assertions to the declared runtime/parent contract.","No"
"veilbreakers_terrain/handlers/terrain_materials.py","_classify_face","C","C","ADD_DIRECT_TESTS","Reachable helper evidence exists through parent/runtime code, but direct callable contract tests are missing or insufficient.","Add deterministic direct tests for the callable and tie assertions to the declared runtime/parent contract.","No"
"veilbreakers_terrain/handlers/terrain_materials.py","assign_terrain_materials_by_slope","C","C","ADD_DIRECT_TESTS","Reachable helper evidence exists through parent/runtime code, but direct callable contract tests are missing or insufficient.","Add deterministic direct tests for the callable and tie assertions to the declared runtime/parent contract.","No"
"veilbreakers_terrain/handlers/terrain_materials.py","blend_terrain_vertex_colors","C","C","ADD_DIRECT_TESTS","Reachable helper evidence exists through parent/runtime code, but direct callable contract tests are missing or insufficient.","Add deterministic direct tests for the callable and tie assertions to the declared runtime/parent contract.","No"
"veilbreakers_terrain/handlers/terrain_materials.py","blend_terrain_vertex_colors._srgb_to_linear","C","C","ADD_DIRECT_TESTS","Reachable helper evidence exists through parent/runtime code, but direct callable contract tests are missing or insufficient.","Add deterministic direct tests for the callable and tie assertions to the declared runtime/parent contract.","No"
"veilbreakers_terrain/handlers/terrain_materials.py","blend_terrain_vertex_colors._linear_to_srgb","C","C","ADD_DIRECT_TESTS","Reachable helper evidence exists through parent/runtime code, but direct callable contract tests are missing or insufficient.","Add deterministic direct tests for the callable and tie assertions to the declared runtime/parent contract.","No"
"veilbreakers_terrain/handlers/terrain_materials.py","apply_corruption_tint","C","C","ADD_DIRECT_TESTS","Reachable helper evidence exists through parent/runtime code, but direct callable contract tests are missing or insufficient.","Add deterministic direct tests for the callable and tie assertions to the declared runtime/parent contract.","No"
"veilbreakers_terrain/handlers/terrain_materials.py","_wang_hash","C","C","ADD_DIRECT_TESTS","Reachable helper evidence exists through parent/runtime code, but direct callable contract tests are missing or insufficient.","Add deterministic direct tests for the callable and tie assertions to the declared runtime/parent contract.","No"
"veilbreakers_terrain/handlers/terrain_materials.py","auto_assign_terrain_layers","C+","C+","PROVE_PARENT_CONTRACT_OR_INLINE","Helper is reachable and has some evidence, but parent-surface contract proof is incomplete under the R12/R13 B gate.","Prove the parent/runtime contract with direct tests for the helper behavior, or inline/delete the helper.","No"
"veilbreakers_terrain/handlers/terrain_materials.py","_resolve_special_band_policy","C","C","ADD_DIRECT_TESTS","Reachable helper evidence exists through parent/runtime code, but direct callable contract tests are missing or insufficient.","Add deterministic direct tests for the callable and tie assertions to the declared runtime/parent contract.","No"
"veilbreakers_terrain/handlers/terrain_materials.py","_clamp_rgba","C","C","ADD_DIRECT_TESTS","Reachable helper evidence exists through parent/runtime code, but direct callable contract tests are missing or insufficient.","Add deterministic direct tests for the callable and tie assertions to the declared runtime/parent contract.","No"
"veilbreakers_terrain/handlers/terrain_materials.py","_build_terrain_recipe","C","C","ADD_DIRECT_TESTS","Reachable helper evidence exists through parent/runtime code, but direct callable contract tests are missing or insufficient.","Add deterministic direct tests for the callable and tie assertions to the declared runtime/parent contract.","No"
"veilbreakers_terrain/handlers/terrain_materials.py","_build_terrain_recipe._hook_vector","C","C","ADD_DIRECT_TESTS","Reachable helper evidence exists through parent/runtime code, but direct callable contract tests are missing or insufficient.","Add deterministic direct tests for the callable and tie assertions to the declared runtime/parent contract.","No"
"veilbreakers_terrain/handlers/terrain_materials_ext.py","MaterialChannelExt","D+","D+","WIRE_OR_DEPRECATE","Implementation exists, but callable has no wiring row; runtime path is unproven.","Prove production runtime wiring or remove/deprecate the callable; no B without runtime wiring plus direct tests plus parent/runtime contract proof.","No"
"veilbreakers_terrain/handlers/terrain_materials_ext.py","MaterialChannelExt.channel_id","C","C","WIRE_OR_DEPRECATE","Tests or static references exist, but production runtime path is not proven; R12 wiring status=test_only_or_unwired.","Prove production runtime wiring or remove/deprecate the callable; no B without runtime wiring plus direct tests plus parent/runtime contract proof.","No"
"veilbreakers_terrain/handlers/terrain_materials_v2.py","MaterialChannel","D+","D+","WIRE_OR_DEPRECATE","Implementation exists, but callable has no wiring row; runtime path is unproven.","Prove production runtime wiring or remove/deprecate the callable; no B without runtime wiring plus direct tests plus parent/runtime contract proof.","No"
"veilbreakers_terrain/handlers/terrain_materials_v2.py","MaterialRuleSet","D+","D+","WIRE_OR_DEPRECATE","Implementation exists, but callable has no wiring row; runtime path is unproven.","Prove production runtime wiring or remove/deprecate the callable; no B without runtime wiring plus direct tests plus parent/runtime contract proof.","No"
"veilbreakers_terrain/handlers/terrain_materials_v2.py","MaterialRuleSet.__post_init__","D+","D+","WIRE_OR_DEPRECATE","Implementation exists, but callable has no wiring row; runtime path is unproven.","Prove production runtime wiring or remove/deprecate the callable; no B without runtime wiring plus direct tests plus parent/runtime contract proof.","No"
"veilbreakers_terrain/handlers/terrain_materials_v2.py","MaterialRuleSet.index_of","C+","C+","PROVE_PARENT_CONTRACT_OR_INLINE","Helper is reachable and has some evidence, but parent-surface contract proof is incomplete under the R12/R13 B gate.","Prove the parent/runtime contract with direct tests for the helper behavior, or inline/delete the helper.","No"
"veilbreakers_terrain/handlers/terrain_materials_v2.py","default_dark_fantasy_rules","C+","C+","PROVE_PARENT_CONTRACT_OR_INLINE","Helper is reachable and has some evidence, but parent-surface contract proof is incomplete under the R12/R13 B gate.","Prove the parent/runtime contract with direct tests for the helper behavior, or inline/delete the helper.","No"
"veilbreakers_terrain/handlers/terrain_materials_v2.py","compute_normal_z","C+","C+","PROVE_PARENT_CONTRACT_OR_INLINE","Helper is reachable and has some evidence, but parent-surface contract proof is incomplete under the R12/R13 B gate.","Prove the parent/runtime contract with direct tests for the helper behavior, or inline/delete the helper.","No"
"veilbreakers_terrain/handlers/terrain_materials_v2.py","apply_brucks_blend","C+","C+","PROVE_PARENT_CONTRACT_OR_INLINE","Helper is reachable and has some evidence, but parent-surface contract proof is incomplete under the R12/R13 B gate.","Prove the parent/runtime contract with direct tests for the helper behavior, or inline/delete the helper.","No"
"veilbreakers_terrain/handlers/terrain_materials_v2.py","compute_snow_line_factor","C+","C+","PROVE_PARENT_CONTRACT_OR_INLINE","Helper is reachable and has some evidence, but parent-surface contract proof is incomplete under the R12/R13 B gate.","Prove the parent/runtime contract with direct tests for the helper behavior, or inline/delete the helper.","No"
"veilbreakers_terrain/handlers/terrain_materials_v2.py","sample_macro_color","C","C","WIRE_OR_DEPRECATE","Tests or static references exist, but production runtime path is not proven; R12 wiring status=test_only_or_unwired.","Prove production runtime wiring or remove/deprecate the callable; no B without runtime wiring plus direct tests plus parent/runtime contract proof.","No"
"veilbreakers_terrain/handlers/terrain_materials_v2.py","_smoothstep_band","C","C","ADD_DIRECT_TESTS","Reachable helper evidence exists through parent/runtime code, but direct callable contract tests are missing or insufficient.","Add deterministic direct tests for the callable and tie assertions to the declared runtime/parent contract.","No"
"veilbreakers_terrain/handlers/terrain_materials_v2.py","pass_materials","C+","C+","PROVE_RUNTIME_CONTRACT","Runtime pass or registrar wiring exists and tests/static references exist, but explicit runtime contract and output proof are incomplete.","Add explicit runtime contract proof and output/live-engine proof where terrain-surface behavior is claimed.","No"
"veilbreakers_terrain/handlers/terrain_math.py","slope_radians","C+","C+","PROVE_PARENT_CONTRACT_OR_INLINE","Helper is reachable and has some evidence, but parent-surface contract proof is incomplete under the R12/R13 B gate.","Prove the parent/runtime contract with direct tests for the helper behavior, or inline/delete the helper.","No"
"veilbreakers_terrain/handlers/terrain_math.py","slope_degrees","C","C","WIRE_OR_DEPRECATE","Tests or static references exist, but production runtime path is not proven; R12 wiring status=test_only_or_unwired.","Prove production runtime wiring or remove/deprecate the callable; no B without runtime wiring plus direct tests plus parent/runtime contract proof.","No"
"veilbreakers_terrain/handlers/terrain_math.py","slope_gradient_magnitude","C","C","WIRE_OR_DEPRECATE","Tests or static references exist, but production runtime path is not proven; R12 wiring status=test_only_or_unwired.","Prove production runtime wiring or remove/deprecate the callable; no B without runtime wiring plus direct tests plus parent/runtime contract proof.","No"
"veilbreakers_terrain/handlers/terrain_math.py","distance_field_edt","C","C","WIRE_OR_DEPRECATE","Tests or static references exist, but production runtime path is not proven; R12 wiring status=test_only_or_unwired.","Prove production runtime wiring or remove/deprecate the callable; no B without runtime wiring plus direct tests plus parent/runtime contract proof.","No"
"veilbreakers_terrain/handlers/terrain_morphology.py","MorphologyTemplate","D+","D+","WIRE_OR_DEPRECATE","Implementation exists, but callable has no wiring row; runtime path is unproven.","Prove production runtime wiring or remove/deprecate the callable; no B without runtime wiring plus direct tests plus parent/runtime contract proof.","No"
"veilbreakers_terrain/handlers/terrain_morphology.py","_mesa_params","C","C","ADD_DIRECT_TESTS","Reachable helper evidence exists through parent/runtime code, but direct callable contract tests are missing or insufficient.","Add deterministic direct tests for the callable and tie assertions to the declared runtime/parent contract.","No"
"veilbreakers_terrain/handlers/terrain_morphology.py","_pinnacle_params","C","C","ADD_DIRECT_TESTS","Reachable helper evidence exists through parent/runtime code, but direct callable contract tests are missing or insufficient.","Add deterministic direct tests for the callable and tie assertions to the declared runtime/parent contract.","No"
"veilbreakers_terrain/handlers/terrain_morphology.py","_spur_params","C","C","ADD_DIRECT_TESTS","Reachable helper evidence exists through parent/runtime code, but direct callable contract tests are missing or insufficient.","Add deterministic direct tests for the callable and tie assertions to the declared runtime/parent contract.","No"
"veilbreakers_terrain/handlers/terrain_morphology.py","_valley_params","C","C","ADD_DIRECT_TESTS","Reachable helper evidence exists through parent/runtime code, but direct callable contract tests are missing or insufficient.","Add deterministic direct tests for the callable and tie assertions to the declared runtime/parent contract.","No"
"veilbreakers_terrain/handlers/terrain_morphology.py","_rng_from_seed","C","C","ADD_DIRECT_TESTS","Reachable helper evidence exists through parent/runtime code, but direct callable contract tests are missing or insufficient.","Add deterministic direct tests for the callable and tie assertions to the declared runtime/parent contract.","No"
"veilbreakers_terrain/handlers/terrain_morphology.py","apply_morphology_template","C","C","WIRE_OR_DEPRECATE","Tests or static references exist, but production runtime path is not proven; R12 wiring status=test_only_or_unwired.","Prove production runtime wiring or remove/deprecate the callable; no B without runtime wiring plus direct tests plus parent/runtime contract proof.","No"
"veilbreakers_terrain/handlers/terrain_morphology.py","get_natural_arch_specs","D+","D+","WIRE_OR_DEPRECATE","Implementation exists, but wiring scan marks it orphan_candidate; no production caller/runtime path was proven.","Prove production runtime wiring or remove/deprecate the callable; no B without runtime wiring plus direct tests plus parent/runtime contract proof.","No"
"veilbreakers_terrain/handlers/terrain_multiscale_breakup.py","_rng_grid_bilinear","C","C","ADD_DIRECT_TESTS","Reachable helper evidence exists through parent/runtime code, but direct callable contract tests are missing or insufficient.","Add deterministic direct tests for the callable and tie assertions to the declared runtime/parent contract.","No"
"veilbreakers_terrain/handlers/terrain_multiscale_breakup.py","compute_multiscale_breakup","C+","C+","PROVE_PARENT_CONTRACT_OR_INLINE","Helper is reachable and has some evidence, but parent-surface contract proof is incomplete under the R12/R13 B gate.","Prove the parent/runtime contract with direct tests for the helper behavior, or inline/delete the helper.","No"
"veilbreakers_terrain/handlers/terrain_multiscale_breakup.py","pass_multiscale_breakup","C+","C+","PROVE_RUNTIME_CONTRACT","Runtime pass or registrar wiring exists and tests/static references exist, but explicit runtime contract and output proof are incomplete.","Add explicit runtime contract proof and output/live-engine proof where terrain-surface behavior is claimed.","No"
"veilbreakers_terrain/handlers/terrain_multiscale_breakup.py","register_bundle_k_multiscale_breakup_pass","C+","C+","PROVE_RUNTIME_CONTRACT","Runtime pass or registrar wiring exists and tests/static references exist, but explicit runtime contract and output proof are incomplete.","Add explicit runtime contract proof and output/live-engine proof where terrain-surface behavior is claimed.","No"
"veilbreakers_terrain/handlers/terrain_negative_space.py","compute_quiet_zone_ratio","C+","C+","PROVE_PARENT_CONTRACT_OR_INLINE","Helper is reachable and has some evidence, but parent-surface contract proof is incomplete under the R12/R13 B gate.","Prove the parent/runtime contract with direct tests for the helper behavior, or inline/delete the helper.","No"
"veilbreakers_terrain/handlers/terrain_negative_space.py","compute_busy_ratio","D+","D+","WIRE_OR_DEPRECATE","Implementation exists, but wiring scan marks it orphan_candidate; no production caller/runtime path was proven.","Prove production runtime wiring or remove/deprecate the callable; no B without runtime wiring plus direct tests plus parent/runtime contract proof.","No"
"veilbreakers_terrain/handlers/terrain_negative_space.py","find_saliency_peaks","C","C","ADD_DIRECT_TESTS","Reachable helper evidence exists through parent/runtime code, but direct callable contract tests are missing or insufficient.","Add deterministic direct tests for the callable and tie assertions to the declared runtime/parent contract.","No"
"veilbreakers_terrain/handlers/terrain_negative_space.py","compute_min_peak_spacing","C","C","ADD_DIRECT_TESTS","Reachable helper evidence exists through parent/runtime code, but direct callable contract tests are missing or insufficient.","Add deterministic direct tests for the callable and tie assertions to the declared runtime/parent contract.","No"
"veilbreakers_terrain/handlers/terrain_negative_space.py","compute_feature_density","C+","C+","PROVE_PARENT_CONTRACT_OR_INLINE","Helper is reachable and has some evidence, but parent-surface contract proof is incomplete under the R12/R13 B gate.","Prove the parent/runtime contract with direct tests for the helper behavior, or inline/delete the helper.","No"
"veilbreakers_terrain/handlers/terrain_negative_space.py","enforce_quiet_zone","C","C","WIRE_OR_DEPRECATE","Tests or static references exist, but production runtime path is not proven; R12 wiring status=test_only_or_unwired.","Prove production runtime wiring or remove/deprecate the callable; no B without runtime wiring plus direct tests plus parent/runtime contract proof.","No"
"veilbreakers_terrain/handlers/terrain_palette_extract.py","PaletteEntry","D+","D+","WIRE_OR_DEPRECATE","Implementation exists, but callable has no wiring row; runtime path is unproven.","Prove production runtime wiring or remove/deprecate the callable; no B without runtime wiring plus direct tests plus parent/runtime contract proof.","No"
"veilbreakers_terrain/handlers/terrain_palette_extract.py","BiomeMappingResult","D+","D+","WIRE_OR_DEPRECATE","Implementation exists, but callable has no wiring row; runtime path is unproven.","Prove production runtime wiring or remove/deprecate the callable; no B without runtime wiring plus direct tests plus parent/runtime contract proof.","No"
"veilbreakers_terrain/handlers/terrain_palette_extract.py","BiomeMappingResult.__getitem__","D+","D+","WIRE_OR_DEPRECATE","Implementation exists, but callable has no wiring row; runtime path is unproven.","Prove production runtime wiring or remove/deprecate the callable; no B without runtime wiring plus direct tests plus parent/runtime contract proof.","No"
"veilbreakers_terrain/handlers/terrain_palette_extract.py","_labels_for","C","C","ADD_DIRECT_TESTS","Reachable helper evidence exists through parent/runtime code, but direct callable contract tests are missing or insufficient.","Add deterministic direct tests for the callable and tie assertions to the declared runtime/parent contract.","No"
"veilbreakers_terrain/handlers/terrain_palette_extract.py","extract_palette_from_image","C","C","WIRE_OR_DEPRECATE","Tests or static references exist, but production runtime path is not proven; R12 wiring status=test_only_or_unwired.","Prove production runtime wiring or remove/deprecate the callable; no B without runtime wiring plus direct tests plus parent/runtime contract proof.","No"
"veilbreakers_terrain/handlers/terrain_palette_extract.py","_rgb_to_lab","C+","C+","PROVE_PARENT_CONTRACT_OR_INLINE","Helper is reachable and has some evidence, but parent-surface contract proof is incomplete under the R12/R13 B gate.","Prove the parent/runtime contract with direct tests for the helper behavior, or inline/delete the helper.","No"
"veilbreakers_terrain/handlers/terrain_palette_extract.py","_rgb_to_lab._lin","C","C","ADD_DIRECT_TESTS","Reachable helper evidence exists through parent/runtime code, but direct callable contract tests are missing or insufficient.","Add deterministic direct tests for the callable and tie assertions to the declared runtime/parent contract.","No"
"veilbreakers_terrain/handlers/terrain_palette_extract.py","_rgb_to_lab._f","C","C","ADD_DIRECT_TESTS","Reachable helper evidence exists through parent/runtime code, but direct callable contract tests are missing or insufficient.","Add deterministic direct tests for the callable and tie assertions to the declared runtime/parent contract.","No"
"veilbreakers_terrain/handlers/terrain_palette_extract.py","_label_for_rgb","C","C","ADD_DIRECT_TESTS","Reachable helper evidence exists through parent/runtime code, but direct callable contract tests are missing or insufficient.","Add deterministic direct tests for the callable and tie assertions to the declared runtime/parent contract.","No"
"veilbreakers_terrain/handlers/terrain_pass_dag.py","PassDAGError","D+","D+","WIRE_OR_DEPRECATE","Implementation exists, but callable has no wiring row; runtime path is unproven.","Prove production runtime wiring or remove/deprecate the callable; no B without runtime wiring plus direct tests plus parent/runtime contract proof.","No"
"veilbreakers_terrain/handlers/terrain_pass_dag.py","_merge_pass_outputs","C","C","ADD_DIRECT_TESTS","Reachable helper evidence exists through parent/runtime code, but direct callable contract tests are missing or insufficient.","Add deterministic direct tests for the callable and tie assertions to the declared runtime/parent contract.","No"
"veilbreakers_terrain/handlers/terrain_pass_dag.py","PassDAG","D+","D+","WIRE_OR_DEPRECATE","Implementation exists, but callable has no wiring row; runtime path is unproven.","Prove production runtime wiring or remove/deprecate the callable; no B without runtime wiring plus direct tests plus parent/runtime contract proof.","No"
"veilbreakers_terrain/handlers/terrain_pass_dag.py","PassDAG.__init__","D+","D+","WIRE_OR_DEPRECATE","Implementation exists, but callable has no wiring row; runtime path is unproven.","Prove production runtime wiring or remove/deprecate the callable; no B without runtime wiring plus direct tests plus parent/runtime contract proof.","No"
"veilbreakers_terrain/handlers/terrain_pass_dag.py","PassDAG.from_registry","C","C","WIRE_OR_DEPRECATE","Tests or static references exist, but production runtime path is not proven; R12 wiring status=test_only_or_unwired.","Prove production runtime wiring or remove/deprecate the callable; no B without runtime wiring plus direct tests plus parent/runtime contract proof.","No"
"veilbreakers_terrain/handlers/terrain_pass_dag.py","PassDAG.names","D+","D+","WIRE_OR_DEPRECATE","Implementation exists, but wiring scan marks it orphan_candidate; no production caller/runtime path was proven.","Prove production runtime wiring or remove/deprecate the callable; no B without runtime wiring plus direct tests plus parent/runtime contract proof.","No"
"veilbreakers_terrain/handlers/terrain_pass_dag.py","PassDAG.dependencies","C+","C+","PROVE_PARENT_CONTRACT_OR_INLINE","Helper is reachable and has some evidence, but parent-surface contract proof is incomplete under the R12/R13 B gate.","Prove the parent/runtime contract with direct tests for the helper behavior, or inline/delete the helper.","No"
"veilbreakers_terrain/handlers/terrain_pass_dag.py","PassDAG.topological_order","C+","C+","PROVE_PARENT_CONTRACT_OR_INLINE","Helper is reachable and has some evidence, but parent-surface contract proof is incomplete under the R12/R13 B gate.","Prove the parent/runtime contract with direct tests for the helper behavior, or inline/delete the helper.","No"
"veilbreakers_terrain/handlers/terrain_pass_dag.py","PassDAG.parallel_waves","C+","C+","PROVE_PARENT_CONTRACT_OR_INLINE","Helper is reachable and has some evidence, but parent-surface contract proof is incomplete under the R12/R13 B gate.","Prove the parent/runtime contract with direct tests for the helper behavior, or inline/delete the helper.","No"
"veilbreakers_terrain/handlers/terrain_pass_dag.py","PassDAG.execute_parallel","C","C","WIRE_OR_DEPRECATE","Tests or static references exist, but production runtime path is not proven; R12 wiring status=test_only_or_unwired.","Prove production runtime wiring or remove/deprecate the callable; no B without runtime wiring plus direct tests plus parent/runtime contract proof.","No"
"veilbreakers_terrain/handlers/terrain_performance_report.py","TerrainPerformanceReport","D+","D+","WIRE_OR_DEPRECATE","Implementation exists, but callable has no wiring row; runtime path is unproven.","Prove production runtime wiring or remove/deprecate the callable; no B without runtime wiring plus direct tests plus parent/runtime contract proof.","No"
"veilbreakers_terrain/handlers/terrain_performance_report.py","_channel_bytes","C","C","ADD_DIRECT_TESTS","Reachable helper evidence exists through parent/runtime code, but direct callable contract tests are missing or insufficient.","Add deterministic direct tests for the callable and tie assertions to the declared runtime/parent contract.","No"
"veilbreakers_terrain/handlers/terrain_performance_report.py","collect_performance_report","C+","C+","PROVE_PARENT_CONTRACT_OR_INLINE","Helper is reachable and has some evidence, but parent-surface contract proof is incomplete under the R12/R13 B gate.","Prove the parent/runtime contract with direct tests for the helper behavior, or inline/delete the helper.","No"
"veilbreakers_terrain/handlers/terrain_performance_report.py","serialize_performance_report","C+","C+","PROVE_PARENT_CONTRACT_OR_INLINE","Helper is reachable and has some evidence, but parent-surface contract proof is incomplete under the R12/R13 B gate.","Prove the parent/runtime contract with direct tests for the helper behavior, or inline/delete the helper.","No"
"veilbreakers_terrain/handlers/terrain_protocol.py","ProtocolViolation","D+","D+","WIRE_OR_DEPRECATE","Implementation exists, but callable has no wiring row; runtime path is unproven.","Prove production runtime wiring or remove/deprecate the callable; no B without runtime wiring plus direct tests plus parent/runtime contract proof.","No"
"veilbreakers_terrain/handlers/terrain_protocol.py","ProtocolViolation.__init__","D+","D+","WIRE_OR_DEPRECATE","Implementation exists, but callable has no wiring row; runtime path is unproven.","Prove production runtime wiring or remove/deprecate the callable; no B without runtime wiring plus direct tests plus parent/runtime contract proof.","No"
"veilbreakers_terrain/handlers/terrain_protocol.py","ProtocolViolation.__repr__","D+","D+","WIRE_OR_DEPRECATE","Implementation exists, but callable has no wiring row; runtime path is unproven.","Prove production runtime wiring or remove/deprecate the callable; no B without runtime wiring plus direct tests plus parent/runtime contract proof.","No"
"veilbreakers_terrain/handlers/terrain_protocol.py","ProtocolGate","D+","D+","WIRE_OR_DEPRECATE","Implementation exists, but callable has no wiring row; runtime path is unproven.","Prove production runtime wiring or remove/deprecate the callable; no B without runtime wiring plus direct tests plus parent/runtime contract proof.","No"
"veilbreakers_terrain/handlers/terrain_protocol.py","ProtocolGate.rule_1_observe_before_calculate","C+","C+","PROVE_PARENT_CONTRACT_OR_INLINE","Helper is reachable and has some evidence, but parent-surface contract proof is incomplete under the R12/R13 B gate.","Prove the parent/runtime contract with direct tests for the helper behavior, or inline/delete the helper.","No"
"veilbreakers_terrain/handlers/terrain_protocol.py","ProtocolGate.rule_2_sync_to_user_viewport","C+","C+","PROVE_PARENT_CONTRACT_OR_INLINE","Helper is reachable and has some evidence, but parent-surface contract proof is incomplete under the R12/R13 B gate.","Prove the parent/runtime contract with direct tests for the helper behavior, or inline/delete the helper.","No"
"veilbreakers_terrain/handlers/terrain_protocol.py","ProtocolGate.rule_3_lock_reference_empties","C+","C+","PROVE_PARENT_CONTRACT_OR_INLINE","Helper is reachable and has some evidence, but parent-surface contract proof is incomplete under the R12/R13 B gate.","Prove the parent/runtime contract with direct tests for the helper behavior, or inline/delete the helper.","No"
"veilbreakers_terrain/handlers/terrain_protocol.py","ProtocolGate.rule_4_real_geometry_not_vertex_tricks","C+","C+","PROVE_PARENT_CONTRACT_OR_INLINE","Helper is reachable and has some evidence, but parent-surface contract proof is incomplete under the R12/R13 B gate.","Prove the parent/runtime contract with direct tests for the helper behavior, or inline/delete the helper.","No"
"veilbreakers_terrain/handlers/terrain_protocol.py","ProtocolGate.rule_5_smallest_diff_per_iteration","C+","C+","PROVE_PARENT_CONTRACT_OR_INLINE","Helper is reachable and has some evidence, but parent-surface contract proof is incomplete under the R12/R13 B gate.","Prove the parent/runtime contract with direct tests for the helper behavior, or inline/delete the helper.","No"
"veilbreakers_terrain/handlers/terrain_protocol.py","ProtocolGate.rule_6_surface_vs_interior_classification","C+","C+","PROVE_PARENT_CONTRACT_OR_INLINE","Helper is reachable and has some evidence, but parent-surface contract proof is incomplete under the R12/R13 B gate.","Prove the parent/runtime contract with direct tests for the helper behavior, or inline/delete the helper.","No"
"veilbreakers_terrain/handlers/terrain_protocol.py","ProtocolGate.rule_7_plugin_usage","C+","C+","PROVE_PARENT_CONTRACT_OR_INLINE","Helper is reachable and has some evidence, but parent-surface contract proof is incomplete under the R12/R13 B gate.","Prove the parent/runtime contract with direct tests for the helper behavior, or inline/delete the helper.","No"
"veilbreakers_terrain/handlers/terrain_protocol.py","enforce_protocol","C","C","WIRE_OR_DEPRECATE","Tests or static references exist, but production runtime path is not proven; R12 wiring status=test_only_or_unwired.","Prove production runtime wiring or remove/deprecate the callable; no B without runtime wiring plus direct tests plus parent/runtime contract proof.","No"
"veilbreakers_terrain/handlers/terrain_protocol.py","enforce_protocol.decorator","D+","D+","WIRE_OR_DEPRECATE","Implementation exists, but wiring scan marks it orphan_candidate; no production caller/runtime path was proven.","Prove production runtime wiring or remove/deprecate the callable; no B without runtime wiring plus direct tests plus parent/runtime contract proof.","No"
"veilbreakers_terrain/handlers/terrain_protocol.py","enforce_protocol.decorator.wrapper","D+","D+","WIRE_OR_DEPRECATE","Implementation exists, but wiring scan marks it orphan_candidate; no production caller/runtime path was proven.","Prove production runtime wiring or remove/deprecate the callable; no B without runtime wiring plus direct tests plus parent/runtime contract proof.","No"
"veilbreakers_terrain/handlers/terrain_quality_profiles.py","PresetLocked","D+","D+","WIRE_OR_DEPRECATE","Implementation exists, but callable has no wiring row; runtime path is unproven.","Prove production runtime wiring or remove/deprecate the callable; no B without runtime wiring plus direct tests plus parent/runtime contract proof.","No"
"veilbreakers_terrain/handlers/terrain_quality_profiles.py","ProfileValidationError","D+","D+","WIRE_OR_DEPRECATE","Implementation exists, but callable has no wiring row; runtime path is unproven.","Prove production runtime wiring or remove/deprecate the callable; no B without runtime wiring plus direct tests plus parent/runtime contract proof.","No"
"veilbreakers_terrain/handlers/terrain_quality_profiles.py","_is_power_of_two","C+","C+","PROVE_PARENT_CONTRACT_OR_INLINE","Helper is reachable and has some evidence, but parent-surface contract proof is incomplete under the R12/R13 B gate.","Prove the parent/runtime contract with direct tests for the helper behavior, or inline/delete the helper.","No"
"veilbreakers_terrain/handlers/terrain_quality_profiles.py","TerrainQualityProfile","D+","D+","WIRE_OR_DEPRECATE","Implementation exists, but callable has no wiring row; runtime path is unproven.","Prove production runtime wiring or remove/deprecate the callable; no B without runtime wiring plus direct tests plus parent/runtime contract proof.","No"
"veilbreakers_terrain/handlers/terrain_quality_profiles.py","TerrainQualityProfile.__post_init__","D+","D+","WIRE_OR_DEPRECATE","Implementation exists, but callable has no wiring row; runtime path is unproven.","Prove production runtime wiring or remove/deprecate the callable; no B without runtime wiring plus direct tests plus parent/runtime contract proof.","No"
"veilbreakers_terrain/handlers/terrain_quality_profiles.py","_merge_with_parent","C","C","ADD_DIRECT_TESTS","Reachable helper evidence exists through parent/runtime code, but direct callable contract tests are missing or insufficient.","Add deterministic direct tests for the callable and tie assertions to the declared runtime/parent contract.","No"
"veilbreakers_terrain/handlers/terrain_quality_profiles.py","load_quality_profile","C+","C+","PROVE_PARENT_CONTRACT_OR_INLINE","Helper is reachable and has some evidence, but parent-surface contract proof is incomplete under the R12/R13 B gate.","Prove the parent/runtime contract with direct tests for the helper behavior, or inline/delete the helper.","No"
"veilbreakers_terrain/handlers/terrain_quality_profiles.py","list_quality_profiles","C+","C+","PROVE_PARENT_CONTRACT_OR_INLINE","Helper is reachable and has some evidence, but parent-surface contract proof is incomplete under the R12/R13 B gate.","Prove the parent/runtime contract with direct tests for the helper behavior, or inline/delete the helper.","No"
"veilbreakers_terrain/handlers/terrain_quality_profiles.py","list_quality_profiles_canonical","C+","C+","PROVE_PARENT_CONTRACT_OR_INLINE","Helper is reachable and has some evidence, but parent-surface contract proof is incomplete under the R12/R13 B gate.","Prove the parent/runtime contract with direct tests for the helper behavior, or inline/delete the helper.","No"
"veilbreakers_terrain/handlers/terrain_quality_profiles.py","write_profile_jsons","C","C","WIRE_OR_DEPRECATE","Tests or static references exist, but production runtime path is not proven; R12 wiring status=test_only_or_unwired.","Prove production runtime wiring or remove/deprecate the callable; no B without runtime wiring plus direct tests plus parent/runtime contract proof.","No"
"veilbreakers_terrain/handlers/terrain_quality_profiles.py","write_profile_jsons._is_under","C","C","ADD_DIRECT_TESTS","Reachable helper evidence exists through parent/runtime code, but direct callable contract tests are missing or insufficient.","Add deterministic direct tests for the callable and tie assertions to the declared runtime/parent contract.","No"
"veilbreakers_terrain/handlers/terrain_quality_profiles.py","lock_preset","C","C","WIRE_OR_DEPRECATE","Tests or static references exist, but production runtime path is not proven; R12 wiring status=test_only_or_unwired.","Prove production runtime wiring or remove/deprecate the callable; no B without runtime wiring plus direct tests plus parent/runtime contract proof.","No"
"veilbreakers_terrain/handlers/terrain_quality_profiles.py","unlock_preset","C","C","WIRE_OR_DEPRECATE","Tests or static references exist, but production runtime path is not proven; R12 wiring status=test_only_or_unwired.","Prove production runtime wiring or remove/deprecate the callable; no B without runtime wiring plus direct tests plus parent/runtime contract proof.","No"
"veilbreakers_terrain/handlers/terrain_quixel_ingest.py","TextureType","D+","D+","WIRE_OR_DEPRECATE","Implementation exists, but callable has no wiring row; runtime path is unproven.","Prove production runtime wiring or remove/deprecate the callable; no B without runtime wiring plus direct tests plus parent/runtime contract proof.","No"
"veilbreakers_terrain/handlers/terrain_quixel_ingest.py","TextureType.__str__","D+","D+","WIRE_OR_DEPRECATE","Implementation exists, but callable has no wiring row; runtime path is unproven.","Prove production runtime wiring or remove/deprecate the callable; no B without runtime wiring plus direct tests plus parent/runtime contract proof.","No"
"veilbreakers_terrain/handlers/terrain_quixel_ingest.py","QuixelAsset","D+","D+","WIRE_OR_DEPRECATE","Implementation exists, but callable has no wiring row; runtime path is unproven.","Prove production runtime wiring or remove/deprecate the callable; no B without runtime wiring plus direct tests plus parent/runtime contract proof.","No"
"veilbreakers_terrain/handlers/terrain_quixel_ingest.py","QuixelAsset.has_channel","C","C","WIRE_OR_DEPRECATE","Tests or static references exist, but production runtime path is not proven; R12 wiring status=test_only_or_unwired.","Prove production runtime wiring or remove/deprecate the callable; no B without runtime wiring plus direct tests plus parent/runtime contract proof.","No"
"veilbreakers_terrain/handlers/terrain_quixel_ingest.py","QuixelAsset.to_dict","C+","C+","PROVE_PARENT_CONTRACT_OR_INLINE","Helper is reachable and has some evidence, but parent-surface contract proof is incomplete under the R12/R13 B gate.","Prove the parent/runtime contract with direct tests for the helper behavior, or inline/delete the helper.","No"
"veilbreakers_terrain/handlers/terrain_quixel_ingest.py","apply_quixel_to_layer","C+","C+","PROVE_PARENT_CONTRACT_OR_INLINE","Helper is reachable and has some evidence, but parent-surface contract proof is incomplete under the R12/R13 B gate.","Prove the parent/runtime contract with direct tests for the helper behavior, or inline/delete the helper.","No"
"veilbreakers_terrain/handlers/terrain_quixel_ingest.py","pass_quixel_ingest","C+","C+","PROVE_PARENT_CONTRACT_OR_INLINE","Helper is reachable and has some evidence, but parent-surface contract proof is incomplete under the R12/R13 B gate.","Prove the parent/runtime contract with direct tests for the helper behavior, or inline/delete the helper.","No"
"veilbreakers_terrain/handlers/terrain_quixel_ingest.py","pass_quixel_ingest_bundle_k","C+","C+","PROVE_RUNTIME_CONTRACT","Runtime pass or registrar wiring exists and tests/static references exist, but explicit runtime contract and output proof are incomplete.","Add explicit runtime contract proof and output/live-engine proof where terrain-surface behavior is claimed.","No"
"veilbreakers_terrain/handlers/terrain_quixel_ingest.py","register_bundle_k_quixel_ingest_pass","C","C","ADD_DIRECT_TESTS","Runtime-primary surface exists, but direct callable/output contract tests were not sufficient for B-level proof.","Add deterministic direct tests for the callable and tie assertions to the declared runtime/parent contract.","No"
"veilbreakers_terrain/handlers/terrain_reference_locks.py","AnchorDrift","D+","D+","WIRE_OR_DEPRECATE","Implementation exists, but callable has no wiring row; runtime path is unproven.","Prove production runtime wiring or remove/deprecate the callable; no B without runtime wiring plus direct tests plus parent/runtime contract proof.","No"
"veilbreakers_terrain/handlers/terrain_reference_locks.py","AnchorDriftReport","D+","D+","WIRE_OR_DEPRECATE","Implementation exists, but callable has no wiring row; runtime path is unproven.","Prove production runtime wiring or remove/deprecate the callable; no B without runtime wiring plus direct tests plus parent/runtime contract proof.","No"
"veilbreakers_terrain/handlers/terrain_reference_locks.py","_lock_registry","C+","C+","PROVE_PARENT_CONTRACT_OR_INLINE","Helper is reachable and has some evidence, but parent-surface contract proof is incomplete under the R12/R13 B gate.","Prove the parent/runtime contract with direct tests for the helper behavior, or inline/delete the helper.","No"
"veilbreakers_terrain/handlers/terrain_reference_locks.py","lock_anchor","C","C","WIRE_OR_DEPRECATE","Tests or static references exist, but production runtime path is not proven; R12 wiring status=test_only_or_unwired.","Prove production runtime wiring or remove/deprecate the callable; no B without runtime wiring plus direct tests plus parent/runtime contract proof.","No"
"veilbreakers_terrain/handlers/terrain_reference_locks.py","unlock_anchor","C","C","WIRE_OR_DEPRECATE","Tests or static references exist, but production runtime path is not proven; R12 wiring status=test_only_or_unwired.","Prove production runtime wiring or remove/deprecate the callable; no B without runtime wiring plus direct tests plus parent/runtime contract proof.","No"
"veilbreakers_terrain/handlers/terrain_reference_locks.py","clear_all_locks","C","C","WIRE_OR_DEPRECATE","Tests or static references exist, but production runtime path is not proven; R12 wiring status=test_only_or_unwired.","Prove production runtime wiring or remove/deprecate the callable; no B without runtime wiring plus direct tests plus parent/runtime contract proof.","No"
"veilbreakers_terrain/handlers/terrain_reference_locks.py","is_locked","C","C","WIRE_OR_DEPRECATE","Tests or static references exist, but production runtime path is not proven; R12 wiring status=test_only_or_unwired.","Prove production runtime wiring or remove/deprecate the callable; no B without runtime wiring plus direct tests plus parent/runtime contract proof.","No"
"veilbreakers_terrain/handlers/terrain_reference_locks.py","_distance","C","C","ADD_DIRECT_TESTS","Reachable helper evidence exists through parent/runtime code, but direct callable contract tests are missing or insufficient.","Add deterministic direct tests for the callable and tie assertions to the declared runtime/parent contract.","No"
"veilbreakers_terrain/handlers/terrain_reference_locks.py","assert_anchor_integrity","C","C","WIRE_OR_DEPRECATE","Tests or static references exist, but production runtime path is not proven; R12 wiring status=test_only_or_unwired.","Prove production runtime wiring or remove/deprecate the callable; no B without runtime wiring plus direct tests plus parent/runtime contract proof.","No"
"veilbreakers_terrain/handlers/terrain_reference_locks.py","assert_all_anchors_intact","C+","C+","PROVE_PARENT_CONTRACT_OR_INLINE","Helper is reachable and has some evidence, but parent-surface contract proof is incomplete under the R12/R13 B gate.","Prove the parent/runtime contract with direct tests for the helper behavior, or inline/delete the helper.","No"
"veilbreakers_terrain/handlers/terrain_region_exec.py","RegionExecutionReport","D+","D+","WIRE_OR_DEPRECATE","Implementation exists, but callable has no wiring row; runtime path is unproven.","Prove production runtime wiring or remove/deprecate the callable; no B without runtime wiring plus direct tests plus parent/runtime contract proof.","No"
"veilbreakers_terrain/handlers/terrain_region_exec.py","_pass_pad_radius","C","C","ADD_DIRECT_TESTS","Reachable helper evidence exists through parent/runtime code, but direct callable contract tests are missing or insufficient.","Add deterministic direct tests for the callable and tie assertions to the declared runtime/parent contract.","No"
"veilbreakers_terrain/handlers/terrain_region_exec.py","compute_minimum_padding","C+","C+","PROVE_PARENT_CONTRACT_OR_INLINE","Helper is reachable and has some evidence, but parent-surface contract proof is incomplete under the R12/R13 B gate.","Prove the parent/runtime contract with direct tests for the helper behavior, or inline/delete the helper.","No"
"veilbreakers_terrain/handlers/terrain_region_exec.py","execute_region","C+","C+","PROVE_PARENT_CONTRACT_OR_INLINE","Helper is reachable and has some evidence, but parent-surface contract proof is incomplete under the R12/R13 B gate.","Prove the parent/runtime contract with direct tests for the helper behavior, or inline/delete the helper.","No"
"veilbreakers_terrain/handlers/terrain_region_exec.py","execute_region_with_rollback","D+","D+","WIRE_OR_DEPRECATE","Implementation exists, but wiring scan marks it orphan_candidate; no production caller/runtime path was proven.","Prove production runtime wiring or remove/deprecate the callable; no B without runtime wiring plus direct tests plus parent/runtime contract proof.","No"
"veilbreakers_terrain/handlers/terrain_region_exec.py","estimate_speedup","C","C","WIRE_OR_DEPRECATE","Tests or static references exist, but production runtime path is not proven; R12 wiring status=test_only_or_unwired.","Prove production runtime wiring or remove/deprecate the callable; no B without runtime wiring plus direct tests plus parent/runtime contract proof.","No"
"veilbreakers_terrain/handlers/terrain_review_ingest.py","ReviewFinding","D+","D+","WIRE_OR_DEPRECATE","Implementation exists, but callable has no wiring row; runtime path is unproven.","Prove production runtime wiring or remove/deprecate the callable; no B without runtime wiring plus direct tests plus parent/runtime contract proof.","No"
"veilbreakers_terrain/handlers/terrain_review_ingest.py","ReviewFinding.__post_init__","D+","D+","WIRE_OR_DEPRECATE","Implementation exists, but callable has no wiring row; runtime path is unproven.","Prove production runtime wiring or remove/deprecate the callable; no B without runtime wiring plus direct tests plus parent/runtime contract proof.","No"
"veilbreakers_terrain/handlers/terrain_review_ingest.py","ReviewFinding.to_dict","C+","C+","PROVE_PARENT_CONTRACT_OR_INLINE","Helper is reachable and has some evidence, but parent-surface contract proof is incomplete under the R12/R13 B gate.","Prove the parent/runtime contract with direct tests for the helper behavior, or inline/delete the helper.","No"
"veilbreakers_terrain/handlers/terrain_review_ingest.py","_coerce_location","C","C","ADD_DIRECT_TESTS","Reachable helper evidence exists through parent/runtime code, but direct callable contract tests are missing or insufficient.","Add deterministic direct tests for the callable and tie assertions to the declared runtime/parent contract.","No"
"veilbreakers_terrain/handlers/terrain_review_ingest.py","ingest_review_json","C","C","WIRE_OR_DEPRECATE","Tests or static references exist, but production runtime path is not proven; R12 wiring status=test_only_or_unwired.","Prove production runtime wiring or remove/deprecate the callable; no B without runtime wiring plus direct tests plus parent/runtime contract proof.","No"
"veilbreakers_terrain/handlers/terrain_review_ingest.py","apply_review_findings","C","C","WIRE_OR_DEPRECATE","Tests or static references exist, but production runtime path is not proven; R12 wiring status=test_only_or_unwired.","Prove production runtime wiring or remove/deprecate the callable; no B without runtime wiring plus direct tests plus parent/runtime contract proof.","No"
"veilbreakers_terrain/handlers/terrain_review_ingest.py","pass_apply_review_blockers","C","C","ADD_DIRECT_TESTS","Reachable helper evidence exists through parent/runtime code, but direct callable contract tests are missing or insufficient.","Add deterministic direct tests for the callable and tie assertions to the declared runtime/parent contract.","No"
"veilbreakers_terrain/handlers/terrain_rhythm.py","_positions_xy","C","C","ADD_DIRECT_TESTS","Reachable helper evidence exists through parent/runtime code, but direct callable contract tests are missing or insufficient.","Add deterministic direct tests for the callable and tie assertions to the declared runtime/parent contract.","No"
"veilbreakers_terrain/handlers/terrain_rhythm.py","_feature_type","C+","C+","PROVE_PARENT_CONTRACT_OR_INLINE","Helper is reachable and has some evidence, but parent-surface contract proof is incomplete under the R12/R13 B gate.","Prove the parent/runtime contract with direct tests for the helper behavior, or inline/delete the helper.","No"
"veilbreakers_terrain/handlers/terrain_rhythm.py","_feature_salience","C+","C+","PROVE_PARENT_CONTRACT_OR_INLINE","Helper is reachable and has some evidence, but parent-surface contract proof is incomplete under the R12/R13 B gate.","Prove the parent/runtime contract with direct tests for the helper behavior, or inline/delete the helper.","No"
"veilbreakers_terrain/handlers/terrain_rhythm.py","_nn_distances","C+","C+","PROVE_PARENT_CONTRACT_OR_INLINE","Helper is reachable and has some evidence, but parent-surface contract proof is incomplete under the R12/R13 B gate.","Prove the parent/runtime contract with direct tests for the helper behavior, or inline/delete the helper.","No"
"veilbreakers_terrain/handlers/terrain_rhythm.py","_ripley_k_proxy","C+","C+","PROVE_PARENT_CONTRACT_OR_INLINE","Helper is reachable and has some evidence, but parent-surface contract proof is incomplete under the R12/R13 B gate.","Prove the parent/runtime contract with direct tests for the helper behavior, or inline/delete the helper.","No"
"veilbreakers_terrain/handlers/terrain_rhythm.py","_monotonic_gradient","C+","C+","PROVE_PARENT_CONTRACT_OR_INLINE","Helper is reachable and has some evidence, but parent-surface contract proof is incomplete under the R12/R13 B gate.","Prove the parent/runtime contract with direct tests for the helper behavior, or inline/delete the helper.","No"
"veilbreakers_terrain/handlers/terrain_rhythm.py","analyze_feature_rhythm","C+","C+","PROVE_PARENT_CONTRACT_OR_INLINE","Helper is reachable and has some evidence, but parent-surface contract proof is incomplete under the R12/R13 B gate.","Prove the parent/runtime contract with direct tests for the helper behavior, or inline/delete the helper.","No"
"veilbreakers_terrain/handlers/terrain_rhythm.py","enforce_rhythm","C","C","WIRE_OR_DEPRECATE","Tests or static references exist, but production runtime path is not proven; R12 wiring status=test_only_or_unwired.","Prove production runtime wiring or remove/deprecate the callable; no B without runtime wiring plus direct tests plus parent/runtime contract proof.","No"
"veilbreakers_terrain/handlers/terrain_rng.py","make_rng","C+","C+","PROVE_PARENT_CONTRACT_OR_INLINE","Helper is reachable and has some evidence, but parent-surface contract proof is incomplete under the R12/R13 B gate.","Prove the parent/runtime contract with direct tests for the helper behavior, or inline/delete the helper.","No"
"veilbreakers_terrain/handlers/terrain_rng.py","tile_rng","C","C","WIRE_OR_DEPRECATE","Tests or static references exist, but production runtime path is not proven; R12 wiring status=test_only_or_unwired.","Prove production runtime wiring or remove/deprecate the callable; no B without runtime wiring plus direct tests plus parent/runtime contract proof.","No"
"veilbreakers_terrain/handlers/terrain_roughness_driver.py","compute_roughness_from_wetness_wear","C+","C+","PROVE_PARENT_CONTRACT_OR_INLINE","Helper is reachable and has some evidence, but parent-surface contract proof is incomplete under the R12/R13 B gate.","Prove the parent/runtime contract with direct tests for the helper behavior, or inline/delete the helper.","No"
"veilbreakers_terrain/handlers/terrain_roughness_driver.py","pass_roughness_driver","C+","C+","PROVE_RUNTIME_CONTRACT","Runtime pass or registrar wiring exists and tests/static references exist, but explicit runtime contract and output proof are incomplete.","Add explicit runtime contract proof and output/live-engine proof where terrain-surface behavior is claimed.","No"
"veilbreakers_terrain/handlers/terrain_roughness_driver.py","register_bundle_k_roughness_driver_pass","C+","C+","PROVE_RUNTIME_CONTRACT","Runtime pass or registrar wiring exists and tests/static references exist, but explicit runtime contract and output proof are incomplete.","Add explicit runtime contract proof and output/live-engine proof where terrain-surface behavior is claimed.","No"
"veilbreakers_terrain/handlers/terrain_saliency.py","compute_vantage_silhouettes","C+","C+","PROVE_PARENT_CONTRACT_OR_INLINE","Helper is reachable and has some evidence, but parent-surface contract proof is incomplete under the R12/R13 B gate.","Prove the parent/runtime contract with direct tests for the helper behavior, or inline/delete the helper.","No"
"veilbreakers_terrain/handlers/terrain_saliency.py","auto_sculpt_around_feature","C","C","WIRE_OR_DEPRECATE","Tests or static references exist, but production runtime path is not proven; R12 wiring status=test_only_or_unwired.","Prove production runtime wiring or remove/deprecate the callable; no B without runtime wiring plus direct tests plus parent/runtime contract proof.","No"
"veilbreakers_terrain/handlers/terrain_saliency.py","_rasterize_vantage_silhouettes_onto_grid","C","C","ADD_DIRECT_TESTS","Reachable helper evidence exists through parent/runtime code, but direct callable contract tests are missing or insufficient.","Add deterministic direct tests for the callable and tie assertions to the declared runtime/parent contract.","No"
"veilbreakers_terrain/handlers/terrain_saliency.py","_compute_8factor_saliency","C","C","ADD_DIRECT_TESTS","Reachable helper evidence exists through parent/runtime code, but direct callable contract tests are missing or insufficient.","Add deterministic direct tests for the callable and tie assertions to the declared runtime/parent contract.","No"
"veilbreakers_terrain/handlers/terrain_saliency.py","_compute_8factor_saliency._norm01","C","C","ADD_DIRECT_TESTS","Reachable helper evidence exists through parent/runtime code, but direct callable contract tests are missing or insufficient.","Add deterministic direct tests for the callable and tie assertions to the declared runtime/parent contract.","No"
"veilbreakers_terrain/handlers/terrain_saliency.py","pass_saliency_refine","C+","C+","PROVE_RUNTIME_CONTRACT","Runtime pass or registrar wiring exists and tests/static references exist, but explicit runtime contract and output proof are incomplete.","Add explicit runtime contract proof and output/live-engine proof where terrain-surface behavior is claimed.","No"
"veilbreakers_terrain/handlers/terrain_saliency.py","_saliency_quality_gate","D+","D+","WIRE_OR_DEPRECATE","Implementation exists, but wiring scan marks it orphan_candidate; no production caller/runtime path was proven.","Prove production runtime wiring or remove/deprecate the callable; no B without runtime wiring plus direct tests plus parent/runtime contract proof.","No"
"veilbreakers_terrain/handlers/terrain_saliency.py","register_saliency_pass","C+","C+","PROVE_RUNTIME_CONTRACT","Runtime pass or registrar wiring exists and tests/static references exist, but explicit runtime contract and output proof are incomplete.","Add explicit runtime contract proof and output/live-engine proof where terrain-surface behavior is claimed.","No"
"veilbreakers_terrain/handlers/terrain_scene_read.py","_walk_scene","C","C","ADD_DIRECT_TESTS","Reachable helper evidence exists through parent/runtime code, but direct callable contract tests are missing or insufficient.","Add deterministic direct tests for the callable and tie assertions to the declared runtime/parent contract.","No"
"veilbreakers_terrain/handlers/terrain_scene_read.py","capture_scene_read","C+","C+","PROVE_PARENT_CONTRACT_OR_INLINE","Helper is reachable and has some evidence, but parent-surface contract proof is incomplete under the R12/R13 B gate.","Prove the parent/runtime contract with direct tests for the helper behavior, or inline/delete the helper.","No"
"veilbreakers_terrain/handlers/terrain_scene_read.py","get_extended_metadata","C","C","ADD_DIRECT_TESTS","Reachable helper evidence exists through parent/runtime code, but direct callable contract tests are missing or insufficient.","Add deterministic direct tests for the callable and tie assertions to the declared runtime/parent contract.","No"
"veilbreakers_terrain/handlers/terrain_scene_read.py","_coerce_bbox","C","C","ADD_DIRECT_TESTS","Reachable helper evidence exists through parent/runtime code, but direct callable contract tests are missing or insufficient.","Add deterministic direct tests for the callable and tie assertions to the declared runtime/parent contract.","No"
"veilbreakers_terrain/handlers/terrain_scene_read.py","handle_capture_scene_read","C","C","WIRE_OR_DEPRECATE","Tests or static references exist, but production runtime path is not proven; R12 wiring status=test_only_or_unwired.","Prove production runtime wiring or remove/deprecate the callable; no B without runtime wiring plus direct tests plus parent/runtime contract proof.","No"
"veilbreakers_terrain/handlers/terrain_sculpt.py","_require_bpy","C","C","ADD_DIRECT_TESTS","Reachable helper evidence exists through parent/runtime code, but direct callable contract tests are missing or insufficient.","Add deterministic direct tests for the callable and tie assertions to the declared runtime/parent contract.","No"
"veilbreakers_terrain/handlers/terrain_sculpt.py","get_falloff_value","C","C","WIRE_OR_DEPRECATE","Tests or static references exist, but production runtime path is not proven; R12 wiring status=test_only_or_unwired.","Prove production runtime wiring or remove/deprecate the callable; no B without runtime wiring plus direct tests plus parent/runtime contract proof.","No"
"veilbreakers_terrain/handlers/terrain_sculpt.py","_build_falloff_lut","C","C","ADD_DIRECT_TESTS","Reachable helper evidence exists through parent/runtime code, but direct callable contract tests are missing or insufficient.","Add deterministic direct tests for the callable and tie assertions to the declared runtime/parent contract.","No"
"veilbreakers_terrain/handlers/terrain_sculpt.py","_sample_falloff_lut","C","C","ADD_DIRECT_TESTS","Reachable helper evidence exists through parent/runtime code, but direct callable contract tests are missing or insufficient.","Add deterministic direct tests for the callable and tie assertions to the declared runtime/parent contract.","No"
"veilbreakers_terrain/handlers/terrain_sculpt.py","compute_brush_weights","C+","C+","PROVE_PARENT_CONTRACT_OR_INLINE","Helper is reachable and has some evidence, but parent-surface contract proof is incomplete under the R12/R13 B gate.","Prove the parent/runtime contract with direct tests for the helper behavior, or inline/delete the helper.","No"
"veilbreakers_terrain/handlers/terrain_sculpt.py","compute_raise_displacements","C+","C+","PROVE_PARENT_CONTRACT_OR_INLINE","Helper is reachable and has some evidence, but parent-surface contract proof is incomplete under the R12/R13 B gate.","Prove the parent/runtime contract with direct tests for the helper behavior, or inline/delete the helper.","No"
"veilbreakers_terrain/handlers/terrain_sculpt.py","compute_lower_displacements","C+","C+","PROVE_PARENT_CONTRACT_OR_INLINE","Helper is reachable and has some evidence, but parent-surface contract proof is incomplete under the R12/R13 B gate.","Prove the parent/runtime contract with direct tests for the helper behavior, or inline/delete the helper.","No"
"veilbreakers_terrain/handlers/terrain_sculpt.py","compute_smooth_displacements","C+","C+","PROVE_PARENT_CONTRACT_OR_INLINE","Helper is reachable and has some evidence, but parent-surface contract proof is incomplete under the R12/R13 B gate.","Prove the parent/runtime contract with direct tests for the helper behavior, or inline/delete the helper.","No"
"veilbreakers_terrain/handlers/terrain_sculpt.py","compute_flatten_displacements","C+","C+","PROVE_PARENT_CONTRACT_OR_INLINE","Helper is reachable and has some evidence, but parent-surface contract proof is incomplete under the R12/R13 B gate.","Prove the parent/runtime contract with direct tests for the helper behavior, or inline/delete the helper.","No"
"veilbreakers_terrain/handlers/terrain_sculpt.py","compute_stamp_displacements","C+","C+","PROVE_PARENT_CONTRACT_OR_INLINE","Helper is reachable and has some evidence, but parent-surface contract proof is incomplete under the R12/R13 B gate.","Prove the parent/runtime contract with direct tests for the helper behavior, or inline/delete the helper.","No"
"veilbreakers_terrain/handlers/terrain_sculpt.py","_build_adjacency","C","C","ADD_DIRECT_TESTS","Reachable helper evidence exists through parent/runtime code, but direct callable contract tests are missing or insufficient.","Add deterministic direct tests for the callable and tie assertions to the declared runtime/parent contract.","No"
"veilbreakers_terrain/handlers/terrain_sculpt.py","handle_sculpt_terrain","C","C","ADD_DIRECT_TESTS","Runtime-primary surface exists, but direct callable/output contract tests were not sufficient for B-level proof.","Add deterministic direct tests for the callable and tie assertions to the declared runtime/parent contract.","No"
"veilbreakers_terrain/handlers/terrain_semantics.py","ErosionStrategy","D+","D+","WIRE_OR_DEPRECATE","Implementation exists, but callable has no wiring row; runtime path is unproven.","Prove production runtime wiring or remove/deprecate the callable; no B without runtime wiring plus direct tests plus parent/runtime contract proof.","No"
"veilbreakers_terrain/handlers/terrain_semantics.py","SectorOrigin","D+","D+","WIRE_OR_DEPRECATE","Implementation exists, but callable has no wiring row; runtime path is unproven.","Prove production runtime wiring or remove/deprecate the callable; no B without runtime wiring plus direct tests plus parent/runtime contract proof.","No"
"veilbreakers_terrain/handlers/terrain_semantics.py","WorldHeightTransform","D+","D+","WIRE_OR_DEPRECATE","Implementation exists, but callable has no wiring row; runtime path is unproven.","Prove production runtime wiring or remove/deprecate the callable; no B without runtime wiring plus direct tests plus parent/runtime contract proof.","No"
"veilbreakers_terrain/handlers/terrain_semantics.py","WorldHeightTransform.__post_init__","D+","D+","WIRE_OR_DEPRECATE","Implementation exists, but callable has no wiring row; runtime path is unproven.","Prove production runtime wiring or remove/deprecate the callable; no B without runtime wiring plus direct tests plus parent/runtime contract proof.","No"
"veilbreakers_terrain/handlers/terrain_semantics.py","WorldHeightTransform.to_normalized","C","C","ADD_DIRECT_TESTS","Reachable helper evidence exists through parent/runtime code, but direct callable contract tests are missing or insufficient.","Add deterministic direct tests for the callable and tie assertions to the declared runtime/parent contract.","No"
"veilbreakers_terrain/handlers/terrain_semantics.py","WorldHeightTransform.from_normalized","C","C","ADD_DIRECT_TESTS","Reachable helper evidence exists through parent/runtime code, but direct callable contract tests are missing or insufficient.","Add deterministic direct tests for the callable and tie assertions to the declared runtime/parent contract.","No"
"veilbreakers_terrain/handlers/terrain_semantics.py","BBox","D+","D+","WIRE_OR_DEPRECATE","Implementation exists, but callable has no wiring row; runtime path is unproven.","Prove production runtime wiring or remove/deprecate the callable; no B without runtime wiring plus direct tests plus parent/runtime contract proof.","No"
"veilbreakers_terrain/handlers/terrain_semantics.py","BBox.__post_init__","D+","D+","WIRE_OR_DEPRECATE","Implementation exists, but callable has no wiring row; runtime path is unproven.","Prove production runtime wiring or remove/deprecate the callable; no B without runtime wiring plus direct tests plus parent/runtime contract proof.","No"
"veilbreakers_terrain/handlers/terrain_semantics.py","BBox.width","D+","D+","WIRE_OR_DEPRECATE","Implementation exists, but wiring scan marks it orphan_candidate; no production caller/runtime path was proven.","Prove production runtime wiring or remove/deprecate the callable; no B without runtime wiring plus direct tests plus parent/runtime contract proof.","No"
"veilbreakers_terrain/handlers/terrain_semantics.py","BBox.center","C","C","WIRE_OR_DEPRECATE","Tests or static references exist, but production runtime path is not proven; R12 wiring status=test_only_or_unwired.","Prove production runtime wiring or remove/deprecate the callable; no B without runtime wiring plus direct tests plus parent/runtime contract proof.","No"
"veilbreakers_terrain/handlers/terrain_semantics.py","BBox.to_tuple","C+","C+","PROVE_PARENT_CONTRACT_OR_INLINE","Helper is reachable and has some evidence, but parent-surface contract proof is incomplete under the R12/R13 B gate.","Prove the parent/runtime contract with direct tests for the helper behavior, or inline/delete the helper.","No"
"veilbreakers_terrain/handlers/terrain_semantics.py","BBox.contains_point","C+","C+","PROVE_PARENT_CONTRACT_OR_INLINE","Helper is reachable and has some evidence, but parent-surface contract proof is incomplete under the R12/R13 B gate.","Prove the parent/runtime contract with direct tests for the helper behavior, or inline/delete the helper.","No"
"veilbreakers_terrain/handlers/terrain_semantics.py","BBox.intersects","C","C","ADD_DIRECT_TESTS","Reachable helper evidence exists through parent/runtime code, but direct callable contract tests are missing or insufficient.","Add deterministic direct tests for the callable and tie assertions to the declared runtime/parent contract.","No"
"veilbreakers_terrain/handlers/terrain_semantics.py","BBox.to_cell_slice","C","C","ADD_DIRECT_TESTS","Reachable helper evidence exists through parent/runtime code, but direct callable contract tests are missing or insufficient.","Add deterministic direct tests for the callable and tie assertions to the declared runtime/parent contract.","No"
"veilbreakers_terrain/handlers/terrain_semantics.py","HeroFeatureRef","D+","D+","WIRE_OR_DEPRECATE","Implementation exists, but callable has no wiring row; runtime path is unproven.","Prove production runtime wiring or remove/deprecate the callable; no B without runtime wiring plus direct tests plus parent/runtime contract proof.","No"
"veilbreakers_terrain/handlers/terrain_semantics.py","WaterfallChainRef","D+","D+","WIRE_OR_DEPRECATE","Implementation exists, but callable has no wiring row; runtime path is unproven.","Prove production runtime wiring or remove/deprecate the callable; no B without runtime wiring plus direct tests plus parent/runtime contract proof.","No"
"veilbreakers_terrain/handlers/terrain_semantics.py","HeroFeatureBudget","D+","D+","WIRE_OR_DEPRECATE","Implementation exists, but callable has no wiring row; runtime path is unproven.","Prove production runtime wiring or remove/deprecate the callable; no B without runtime wiring plus direct tests plus parent/runtime contract proof.","No"
"veilbreakers_terrain/handlers/terrain_semantics.py","TerrainMaskStack","D+","D+","WIRE_OR_DEPRECATE","Implementation exists, but callable has no wiring row; runtime path is unproven.","Prove production runtime wiring or remove/deprecate the callable; no B without runtime wiring plus direct tests plus parent/runtime contract proof.","No"
"veilbreakers_terrain/handlers/terrain_semantics.py","TerrainMaskStack.__post_init__","D+","D+","WIRE_OR_DEPRECATE","Implementation exists, but callable has no wiring row; runtime path is unproven.","Prove production runtime wiring or remove/deprecate the callable; no B without runtime wiring plus direct tests plus parent/runtime contract proof.","No"
"veilbreakers_terrain/handlers/terrain_semantics.py","TerrainMaskStack.__setattr__","D+","D+","WIRE_OR_DEPRECATE","Implementation exists, but callable has no wiring row; runtime path is unproven.","Prove production runtime wiring or remove/deprecate the callable; no B without runtime wiring plus direct tests plus parent/runtime contract proof.","No"
"veilbreakers_terrain/handlers/terrain_semantics.py","TerrainMaskStack.get","C+","C+","PROVE_PARENT_CONTRACT_OR_INLINE","Helper is reachable and has some evidence, but parent-surface contract proof is incomplete under the R12/R13 B gate.","Prove the parent/runtime contract with direct tests for the helper behavior, or inline/delete the helper.","No"
"veilbreakers_terrain/handlers/terrain_semantics.py","TerrainMaskStack.import_neighbor_edge","C","C","WIRE_OR_DEPRECATE","Tests or static references exist, but production runtime path is not proven; R12 wiring status=test_only_or_unwired.","Prove production runtime wiring or remove/deprecate the callable; no B without runtime wiring plus direct tests plus parent/runtime contract proof.","No"
"veilbreakers_terrain/handlers/terrain_semantics.py","TerrainMaskStack.set","C+","C+","PROVE_PARENT_CONTRACT_OR_INLINE","Helper is reachable and has some evidence, but parent-surface contract proof is incomplete under the R12/R13 B gate.","Prove the parent/runtime contract with direct tests for the helper behavior, or inline/delete the helper.","No"
"veilbreakers_terrain/handlers/terrain_semantics.py","TerrainMaskStack.mark_dirty","C+","C+","PROVE_PARENT_CONTRACT_OR_INLINE","Helper is reachable and has some evidence, but parent-surface contract proof is incomplete under the R12/R13 B gate.","Prove the parent/runtime contract with direct tests for the helper behavior, or inline/delete the helper.","No"
"veilbreakers_terrain/handlers/terrain_semantics.py","TerrainMaskStack.mark_clean","C","C","WIRE_OR_DEPRECATE","Tests or static references exist, but production runtime path is not proven; R12 wiring status=test_only_or_unwired.","Prove production runtime wiring or remove/deprecate the callable; no B without runtime wiring plus direct tests plus parent/runtime contract proof.","No"
"veilbreakers_terrain/handlers/terrain_semantics.py","TerrainMaskStack.assert_channels_present","D+","D+","WIRE_OR_DEPRECATE","Implementation exists, but wiring scan marks it orphan_candidate; no production caller/runtime path was proven.","Prove production runtime wiring or remove/deprecate the callable; no B without runtime wiring plus direct tests plus parent/runtime contract proof.","No"
"veilbreakers_terrain/handlers/terrain_semantics.py","TerrainMaskStack.compute_hash","C+","C+","PROVE_PARENT_CONTRACT_OR_INLINE","Helper is reachable and has some evidence, but parent-surface contract proof is incomplete under the R12/R13 B gate.","Prove the parent/runtime contract with direct tests for the helper behavior, or inline/delete the helper.","No"
"veilbreakers_terrain/handlers/terrain_semantics.py","TerrainMaskStack.to_npz","C+","C+","PROVE_PARENT_CONTRACT_OR_INLINE","Helper is reachable and has some evidence, but parent-surface contract proof is incomplete under the R12/R13 B gate.","Prove the parent/runtime contract with direct tests for the helper behavior, or inline/delete the helper.","No"
"veilbreakers_terrain/handlers/terrain_semantics.py","TerrainMaskStack.from_npz","C+","C+","PROVE_PARENT_CONTRACT_OR_INLINE","Helper is reachable and has some evidence, but parent-surface contract proof is incomplete under the R12/R13 B gate.","Prove the parent/runtime contract with direct tests for the helper behavior, or inline/delete the helper.","No"
"veilbreakers_terrain/handlers/terrain_semantics.py","ProtectedZoneSpec","D+","D+","WIRE_OR_DEPRECATE","Implementation exists, but callable has no wiring row; runtime path is unproven.","Prove production runtime wiring or remove/deprecate the callable; no B without runtime wiring plus direct tests plus parent/runtime contract proof.","No"
"veilbreakers_terrain/handlers/terrain_semantics.py","ProtectedZoneSpec.permits","C","C","ADD_DIRECT_TESTS","Reachable helper evidence exists through parent/runtime code, but direct callable contract tests are missing or insufficient.","Add deterministic direct tests for the callable and tie assertions to the declared runtime/parent contract.","No"
"veilbreakers_terrain/handlers/terrain_semantics.py","TerrainAnchor","D+","D+","WIRE_OR_DEPRECATE","Implementation exists, but callable has no wiring row; runtime path is unproven.","Prove production runtime wiring or remove/deprecate the callable; no B without runtime wiring plus direct tests plus parent/runtime contract proof.","No"
"veilbreakers_terrain/handlers/terrain_semantics.py","HeroFeatureSpec","D+","D+","WIRE_OR_DEPRECATE","Implementation exists, but callable has no wiring row; runtime path is unproven.","Prove production runtime wiring or remove/deprecate the callable; no B without runtime wiring plus direct tests plus parent/runtime contract proof.","No"
"veilbreakers_terrain/handlers/terrain_semantics.py","WaterSystemSpec","D+","D+","WIRE_OR_DEPRECATE","Implementation exists, but callable has no wiring row; runtime path is unproven.","Prove production runtime wiring or remove/deprecate the callable; no B without runtime wiring plus direct tests plus parent/runtime contract proof.","No"
"veilbreakers_terrain/handlers/terrain_semantics.py","TerrainSceneRead","D+","D+","WIRE_OR_DEPRECATE","Implementation exists, but callable has no wiring row; runtime path is unproven.","Prove production runtime wiring or remove/deprecate the callable; no B without runtime wiring plus direct tests plus parent/runtime contract proof.","No"
"veilbreakers_terrain/handlers/terrain_semantics.py","TerrainIntentState","D+","D+","WIRE_OR_DEPRECATE","Implementation exists, but callable has no wiring row; runtime path is unproven.","Prove production runtime wiring or remove/deprecate the callable; no B without runtime wiring plus direct tests plus parent/runtime contract proof.","No"
"veilbreakers_terrain/handlers/terrain_semantics.py","TerrainIntentState.with_scene_read","D+","D+","WIRE_OR_DEPRECATE","Implementation exists, but wiring scan marks it orphan_candidate; no production caller/runtime path was proven.","Prove production runtime wiring or remove/deprecate the callable; no B without runtime wiring plus direct tests plus parent/runtime contract proof.","No"
"veilbreakers_terrain/handlers/terrain_semantics.py","TerrainIntentState.intent_hash","C+","C+","PROVE_PARENT_CONTRACT_OR_INLINE","Helper is reachable and has some evidence, but parent-surface contract proof is incomplete under the R12/R13 B gate.","Prove the parent/runtime contract with direct tests for the helper behavior, or inline/delete the helper.","No"
"veilbreakers_terrain/handlers/terrain_semantics.py","ValidationIssue","D+","D+","WIRE_OR_DEPRECATE","Implementation exists, but callable has no wiring row; runtime path is unproven.","Prove production runtime wiring or remove/deprecate the callable; no B without runtime wiring plus direct tests plus parent/runtime contract proof.","No"
"veilbreakers_terrain/handlers/terrain_semantics.py","ValidationIssue.__post_init__","D+","D+","WIRE_OR_DEPRECATE","Implementation exists, but callable has no wiring row; runtime path is unproven.","Prove production runtime wiring or remove/deprecate the callable; no B without runtime wiring plus direct tests plus parent/runtime contract proof.","No"
"veilbreakers_terrain/handlers/terrain_semantics.py","ValidationIssue.is_hard","C+","C+","PROVE_PARENT_CONTRACT_OR_INLINE","Helper is reachable and has some evidence, but parent-surface contract proof is incomplete under the R12/R13 B gate.","Prove the parent/runtime contract with direct tests for the helper behavior, or inline/delete the helper.","No"
"veilbreakers_terrain/handlers/terrain_semantics.py","ValidationIssue.is_soft","C","C","ADD_DIRECT_TESTS","Reachable helper evidence exists through parent/runtime code, but direct callable contract tests are missing or insufficient.","Add deterministic direct tests for the callable and tie assertions to the declared runtime/parent contract.","No"
"veilbreakers_terrain/handlers/terrain_semantics.py","ValidationIssue.is_info","D+","D+","WIRE_OR_DEPRECATE","Implementation exists, but wiring scan marks it orphan_candidate; no production caller/runtime path was proven.","Prove production runtime wiring or remove/deprecate the callable; no B without runtime wiring plus direct tests plus parent/runtime contract proof.","No"
"veilbreakers_terrain/handlers/terrain_semantics.py","PassResult","D+","D+","WIRE_OR_DEPRECATE","Implementation exists, but callable has no wiring row; runtime path is unproven.","Prove production runtime wiring or remove/deprecate the callable; no B without runtime wiring plus direct tests plus parent/runtime contract proof.","No"
"veilbreakers_terrain/handlers/terrain_semantics.py","PassResult.__post_init__","D+","D+","WIRE_OR_DEPRECATE","Implementation exists, but callable has no wiring row; runtime path is unproven.","Prove production runtime wiring or remove/deprecate the callable; no B without runtime wiring plus direct tests plus parent/runtime contract proof.","No"
"veilbreakers_terrain/handlers/terrain_semantics.py","PassResult.ok","D+","D+","WIRE_OR_DEPRECATE","Implementation exists, but wiring scan marks it orphan_candidate; no production caller/runtime path was proven.","Prove production runtime wiring or remove/deprecate the callable; no B without runtime wiring plus direct tests plus parent/runtime contract proof.","No"
"veilbreakers_terrain/handlers/terrain_semantics.py","PassResult.failed","D+","D+","WIRE_OR_DEPRECATE","Implementation exists, but wiring scan marks it orphan_candidate; no production caller/runtime path was proven.","Prove production runtime wiring or remove/deprecate the callable; no B without runtime wiring plus direct tests plus parent/runtime contract proof.","No"
"veilbreakers_terrain/handlers/terrain_semantics.py","PassResult.has_hard_issues","D+","D+","WIRE_OR_DEPRECATE","Implementation exists, but wiring scan marks it orphan_candidate; no production caller/runtime path was proven.","Prove production runtime wiring or remove/deprecate the callable; no B without runtime wiring plus direct tests plus parent/runtime contract proof.","No"
"veilbreakers_terrain/handlers/terrain_semantics.py","PassResult.summary","D+","D+","WIRE_OR_DEPRECATE","Implementation exists, but wiring scan marks it orphan_candidate; no production caller/runtime path was proven.","Prove production runtime wiring or remove/deprecate the callable; no B without runtime wiring plus direct tests plus parent/runtime contract proof.","No"
"veilbreakers_terrain/handlers/terrain_semantics.py","TerrainCheckpoint","D+","D+","WIRE_OR_DEPRECATE","Implementation exists, but callable has no wiring row; runtime path is unproven.","Prove production runtime wiring or remove/deprecate the callable; no B without runtime wiring plus direct tests plus parent/runtime contract proof.","No"
"veilbreakers_terrain/handlers/terrain_semantics.py","QualityGate","D+","D+","WIRE_OR_DEPRECATE","Implementation exists, but callable has no wiring row; runtime path is unproven.","Prove production runtime wiring or remove/deprecate the callable; no B without runtime wiring plus direct tests plus parent/runtime contract proof.","No"
"veilbreakers_terrain/handlers/terrain_semantics.py","PassDefinition","D+","D+","WIRE_OR_DEPRECATE","Implementation exists, but callable has no wiring row; runtime path is unproven.","Prove production runtime wiring or remove/deprecate the callable; no B without runtime wiring plus direct tests plus parent/runtime contract proof.","No"
"veilbreakers_terrain/handlers/terrain_semantics.py","TerrainPipelineState","D+","D+","WIRE_OR_DEPRECATE","Implementation exists, but callable has no wiring row; runtime path is unproven.","Prove production runtime wiring or remove/deprecate the callable; no B without runtime wiring plus direct tests plus parent/runtime contract proof.","No"
"veilbreakers_terrain/handlers/terrain_semantics.py","TerrainPipelineState.tile_x","C","C","WIRE_OR_DEPRECATE","Tests or static references exist, but production runtime path is not proven; R12 wiring status=test_only_or_unwired.","Prove production runtime wiring or remove/deprecate the callable; no B without runtime wiring plus direct tests plus parent/runtime contract proof.","No"
"veilbreakers_terrain/handlers/terrain_semantics.py","TerrainPipelineState.tile_y","C","C","WIRE_OR_DEPRECATE","Tests or static references exist, but production runtime path is not proven; R12 wiring status=test_only_or_unwired.","Prove production runtime wiring or remove/deprecate the callable; no B without runtime wiring plus direct tests plus parent/runtime contract proof.","No"
"veilbreakers_terrain/handlers/terrain_semantics.py","TerrainPipelineState.record_pass","C","C","ADD_DIRECT_TESTS","Reachable helper evidence exists through parent/runtime code, but direct callable contract tests are missing or insufficient.","Add deterministic direct tests for the callable and tie assertions to the declared runtime/parent contract.","No"
"veilbreakers_terrain/handlers/terrain_semantics.py","SceneReadRequired","D+","D+","WIRE_OR_DEPRECATE","Implementation exists, but callable has no wiring row; runtime path is unproven.","Prove production runtime wiring or remove/deprecate the callable; no B without runtime wiring plus direct tests plus parent/runtime contract proof.","No"
"veilbreakers_terrain/handlers/terrain_semantics.py","ProtectedZoneViolation","D+","D+","WIRE_OR_DEPRECATE","Implementation exists, but callable has no wiring row; runtime path is unproven.","Prove production runtime wiring or remove/deprecate the callable; no B without runtime wiring plus direct tests plus parent/runtime contract proof.","No"
"veilbreakers_terrain/handlers/terrain_semantics.py","PassContractError","D+","D+","WIRE_OR_DEPRECATE","Implementation exists, but callable has no wiring row; runtime path is unproven.","Prove production runtime wiring or remove/deprecate the callable; no B without runtime wiring plus direct tests plus parent/runtime contract proof.","No"
"veilbreakers_terrain/handlers/terrain_semantics.py","UnknownPassError","D+","D+","WIRE_OR_DEPRECATE","Implementation exists, but callable has no wiring row; runtime path is unproven.","Prove production runtime wiring or remove/deprecate the callable; no B without runtime wiring plus direct tests plus parent/runtime contract proof.","No"
"veilbreakers_terrain/handlers/terrain_semantics.py","ChannelOwnershipError","D+","D+","WIRE_OR_DEPRECATE","Implementation exists, but callable has no wiring row; runtime path is unproven.","Prove production runtime wiring or remove/deprecate the callable; no B without runtime wiring plus direct tests plus parent/runtime contract proof.","No"
"veilbreakers_terrain/handlers/terrain_shadow_clipmap_bake.py","_bake_single_cascade","C","C","ADD_DIRECT_TESTS","Reachable helper evidence exists through parent/runtime code, but direct callable contract tests are missing or insufficient.","Add deterministic direct tests for the callable and tie assertions to the declared runtime/parent contract.","No"
"veilbreakers_terrain/handlers/terrain_shadow_clipmap_bake.py","bake_shadow_clipmap","C+","C+","PROVE_PARENT_CONTRACT_OR_INLINE","Helper is reachable and has some evidence, but parent-surface contract proof is incomplete under the R12/R13 B gate.","Prove the parent/runtime contract with direct tests for the helper behavior, or inline/delete the helper.","No"
"veilbreakers_terrain/handlers/terrain_shadow_clipmap_bake.py","_write_mini_exr_f32","C","C","ADD_DIRECT_TESTS","Reachable helper evidence exists through parent/runtime code, but direct callable contract tests are missing or insufficient.","Add deterministic direct tests for the callable and tie assertions to the declared runtime/parent contract.","No"
"veilbreakers_terrain/handlers/terrain_shadow_clipmap_bake.py","_write_mini_exr_f32._write_str","C","C","ADD_DIRECT_TESTS","Reachable helper evidence exists through parent/runtime code, but direct callable contract tests are missing or insufficient.","Add deterministic direct tests for the callable and tie assertions to the declared runtime/parent contract.","No"
"veilbreakers_terrain/handlers/terrain_shadow_clipmap_bake.py","_write_mini_exr_f32._write_attr","C","C","ADD_DIRECT_TESTS","Reachable helper evidence exists through parent/runtime code, but direct callable contract tests are missing or insufficient.","Add deterministic direct tests for the callable and tie assertions to the declared runtime/parent contract.","No"
"veilbreakers_terrain/handlers/terrain_shadow_clipmap_bake.py","pass_shadow_clipmap","C+","C+","PROVE_RUNTIME_CONTRACT","Runtime pass or registrar wiring exists and tests/static references exist, but explicit runtime contract and output proof are incomplete.","Add explicit runtime contract proof and output/live-engine proof where terrain-surface behavior is claimed.","No"
"veilbreakers_terrain/handlers/terrain_shadow_clipmap_bake.py","register_bundle_k_shadow_clipmap_pass","C+","C+","PROVE_RUNTIME_CONTRACT","Runtime pass or registrar wiring exists and tests/static references exist, but explicit runtime contract and output proof are incomplete.","Add explicit runtime contract proof and output/live-engine proof where terrain-surface behavior is claimed.","No"
"veilbreakers_terrain/handlers/terrain_stochastic_shader.py","StochasticShaderTemplate.to_dict","C+","C+","PROVE_PARENT_CONTRACT_OR_INLINE","Helper is reachable and has some evidence, but parent-surface contract proof is incomplete under the R12/R13 B gate.","Prove the parent/runtime contract with direct tests for the helper behavior, or inline/delete the helper.","No"
"veilbreakers_terrain/handlers/terrain_stratigraphy.py","StratigraphyLayer","D+","D+","WIRE_OR_DEPRECATE","Implementation exists, but callable has no wiring row; runtime path is unproven.","Prove production runtime wiring or remove/deprecate the callable; no B without runtime wiring plus direct tests plus parent/runtime contract proof.","No"
"veilbreakers_terrain/handlers/terrain_stratigraphy.py","StratigraphyLayer.__post_init__","D+","D+","WIRE_OR_DEPRECATE","Implementation exists, but callable has no wiring row; runtime path is unproven.","Prove production runtime wiring or remove/deprecate the callable; no B without runtime wiring plus direct tests plus parent/runtime contract proof.","No"
"veilbreakers_terrain/handlers/terrain_stratigraphy.py","StratigraphyStack","D+","D+","WIRE_OR_DEPRECATE","Implementation exists, but callable has no wiring row; runtime path is unproven.","Prove production runtime wiring or remove/deprecate the callable; no B without runtime wiring plus direct tests plus parent/runtime contract proof.","No"
"veilbreakers_terrain/handlers/terrain_stratigraphy.py","StratigraphyStack.total_thickness","C+","C+","PROVE_PARENT_CONTRACT_OR_INLINE","Helper is reachable and has some evidence, but parent-surface contract proof is incomplete under the R12/R13 B gate.","Prove the parent/runtime contract with direct tests for the helper behavior, or inline/delete the helper.","No"
"veilbreakers_terrain/handlers/terrain_stratigraphy.py","StratigraphyStack.layer_for_elevation","C","C","WIRE_OR_DEPRECATE","Tests or static references exist, but production runtime path is not proven; R12 wiring status=test_only_or_unwired.","Prove production runtime wiring or remove/deprecate the callable; no B without runtime wiring plus direct tests plus parent/runtime contract proof.","No"
"veilbreakers_terrain/handlers/terrain_stratigraphy.py","compute_strata_orientation","C+","C+","PROVE_PARENT_CONTRACT_OR_INLINE","Helper is reachable and has some evidence, but parent-surface contract proof is incomplete under the R12/R13 B gate.","Prove the parent/runtime contract with direct tests for the helper behavior, or inline/delete the helper.","No"
"veilbreakers_terrain/handlers/terrain_stratigraphy.py","compute_rock_hardness","C+","C+","PROVE_PARENT_CONTRACT_OR_INLINE","Helper is reachable and has some evidence, but parent-surface contract proof is incomplete under the R12/R13 B gate.","Prove the parent/runtime contract with direct tests for the helper behavior, or inline/delete the helper.","No"
"veilbreakers_terrain/handlers/terrain_stratigraphy.py","simulate_fold_deformation","C","C","ADD_DIRECT_TESTS","Reachable helper evidence exists through parent/runtime code, but direct callable contract tests are missing or insufficient.","Add deterministic direct tests for the callable and tie assertions to the declared runtime/parent contract.","No"
"veilbreakers_terrain/handlers/terrain_stratigraphy.py","detect_unconformities","C","C","ADD_DIRECT_TESTS","Reachable helper evidence exists through parent/runtime code, but direct callable contract tests are missing or insufficient.","Add deterministic direct tests for the callable and tie assertions to the declared runtime/parent contract.","No"
"veilbreakers_terrain/handlers/terrain_stratigraphy.py","simulate_intrusions","C","C","ADD_DIRECT_TESTS","Reachable helper evidence exists through parent/runtime code, but direct callable contract tests are missing or insufficient.","Add deterministic direct tests for the callable and tie assertions to the declared runtime/parent contract.","No"
"veilbreakers_terrain/handlers/terrain_stratigraphy.py","_default_strat_stack_from_hints","C","C","ADD_DIRECT_TESTS","Reachable helper evidence exists through parent/runtime code, but direct callable contract tests are missing or insufficient.","Add deterministic direct tests for the callable and tie assertions to the declared runtime/parent contract.","No"
"veilbreakers_terrain/handlers/terrain_stratigraphy.py","pass_stratigraphy","C+","C+","PROVE_RUNTIME_CONTRACT","Runtime pass or registrar wiring exists and tests/static references exist, but explicit runtime contract and output proof are incomplete.","Add explicit runtime contract proof and output/live-engine proof where terrain-surface behavior is claimed.","No"
"veilbreakers_terrain/handlers/terrain_telemetry_dashboard.py","TelemetryRecord","D+","D+","WIRE_OR_DEPRECATE","Implementation exists, but callable has no wiring row; runtime path is unproven.","Prove production runtime wiring or remove/deprecate the callable; no B without runtime wiring plus direct tests plus parent/runtime contract proof.","No"
"veilbreakers_terrain/handlers/terrain_telemetry_dashboard.py","TelemetryRecord.to_dict","C+","C+","PROVE_PARENT_CONTRACT_OR_INLINE","Helper is reachable and has some evidence, but parent-surface contract proof is incomplete under the R12/R13 B gate.","Prove the parent/runtime contract with direct tests for the helper behavior, or inline/delete the helper.","No"
"veilbreakers_terrain/handlers/terrain_telemetry_dashboard.py","TelemetryRecord.from_dict","C+","C+","PROVE_PARENT_CONTRACT_OR_INLINE","Helper is reachable and has some evidence, but parent-surface contract proof is incomplete under the R12/R13 B gate.","Prove the parent/runtime contract with direct tests for the helper behavior, or inline/delete the helper.","No"
"veilbreakers_terrain/handlers/terrain_telemetry_dashboard.py","_count_populated_channels","C","C","ADD_DIRECT_TESTS","Reachable helper evidence exists through parent/runtime code, but direct callable contract tests are missing or insufficient.","Add deterministic direct tests for the callable and tie assertions to the declared runtime/parent contract.","No"
"veilbreakers_terrain/handlers/terrain_telemetry_dashboard.py","record_telemetry","C+","C+","PROVE_PARENT_CONTRACT_OR_INLINE","Helper is reachable and has some evidence, but parent-surface contract proof is incomplete under the R12/R13 B gate.","Prove the parent/runtime contract with direct tests for the helper behavior, or inline/delete the helper.","No"
"veilbreakers_terrain/handlers/terrain_telemetry_dashboard.py","_load_records","C","C","ADD_DIRECT_TESTS","Reachable helper evidence exists through parent/runtime code, but direct callable contract tests are missing or insufficient.","Add deterministic direct tests for the callable and tie assertions to the declared runtime/parent contract.","No"
"veilbreakers_terrain/handlers/terrain_telemetry_dashboard.py","summarize_telemetry","C","C","WIRE_OR_DEPRECATE","Tests or static references exist, but production runtime path is not proven; R12 wiring status=test_only_or_unwired.","Prove production runtime wiring or remove/deprecate the callable; no B without runtime wiring plus direct tests plus parent/runtime contract proof.","No"
"veilbreakers_terrain/handlers/terrain_twelve_step.py","_apply_flatten_zones_stub","C","C","ADD_DIRECT_TESTS","Reachable helper evidence exists through parent/runtime code, but direct callable contract tests are missing or insufficient.","Add deterministic direct tests for the callable and tie assertions to the declared runtime/parent contract.","No"
"veilbreakers_terrain/handlers/terrain_twelve_step.py","_detect_cave_candidates_stub","C","C","ADD_DIRECT_TESTS","Reachable helper evidence exists through parent/runtime code, but direct callable contract tests are missing or insufficient.","Add deterministic direct tests for the callable and tie assertions to the declared runtime/parent contract.","No"
"veilbreakers_terrain/handlers/terrain_validation.py","ValidationReport","D+","D+","WIRE_OR_DEPRECATE","Implementation exists, but callable has no wiring row; runtime path is unproven.","Prove production runtime wiring or remove/deprecate the callable; no B without runtime wiring plus direct tests plus parent/runtime contract proof.","No"
"veilbreakers_terrain/handlers/terrain_validation.py","ValidationReport.all_issues","D+","D+","WIRE_OR_DEPRECATE","Implementation exists, but wiring scan marks it orphan_candidate; no production caller/runtime path was proven.","Prove production runtime wiring or remove/deprecate the callable; no B without runtime wiring plus direct tests plus parent/runtime contract proof.","No"
"veilbreakers_terrain/handlers/terrain_validation.py","ValidationReport.add","C+","C+","PROVE_PARENT_CONTRACT_OR_INLINE","Helper is reachable and has some evidence, but parent-surface contract proof is incomplete under the R12/R13 B gate.","Prove the parent/runtime contract with direct tests for the helper behavior, or inline/delete the helper.","No"
"veilbreakers_terrain/handlers/terrain_validation.py","ValidationReport.recompute_status","C","C","ADD_DIRECT_TESTS","Reachable helper evidence exists through parent/runtime code, but direct callable contract tests are missing or insufficient.","Add deterministic direct tests for the callable and tie assertions to the declared runtime/parent contract.","No"
"veilbreakers_terrain/handlers/terrain_validation.py","ValidationReport.category_summary","C","C","WIRE_OR_DEPRECATE","Tests or static references exist, but production runtime path is not proven; R12 wiring status=test_only_or_unwired.","Prove production runtime wiring or remove/deprecate the callable; no B without runtime wiring plus direct tests plus parent/runtime contract proof.","No"
"veilbreakers_terrain/handlers/terrain_validation.py","_issue_category","C+","C+","PROVE_PARENT_CONTRACT_OR_INLINE","Helper is reachable and has some evidence, but parent-surface contract proof is incomplete under the R12/R13 B gate.","Prove the parent/runtime contract with direct tests for the helper behavior, or inline/delete the helper.","No"
"veilbreakers_terrain/handlers/terrain_validation.py","_safe_asarray","C","C","ADD_DIRECT_TESTS","Reachable helper evidence exists through parent/runtime code, but direct callable contract tests are missing or insufficient.","Add deterministic direct tests for the callable and tie assertions to the declared runtime/parent contract.","No"
"veilbreakers_terrain/handlers/terrain_validation.py","_numpy_block_max","C","C","ADD_DIRECT_TESTS","Reachable helper evidence exists through parent/runtime code, but direct callable contract tests are missing or insufficient.","Add deterministic direct tests for the callable and tie assertions to the declared runtime/parent contract.","No"
"veilbreakers_terrain/handlers/terrain_validation.py","_cell_bounds_for_feature","C","C","ADD_DIRECT_TESTS","Reachable helper evidence exists through parent/runtime code, but direct callable contract tests are missing or insufficient.","Add deterministic direct tests for the callable and tie assertions to the declared runtime/parent contract.","No"
"veilbreakers_terrain/handlers/terrain_validation.py","protected_zone_hash","C","C","ADD_DIRECT_TESTS","Reachable helper evidence exists through parent/runtime code, but direct callable contract tests are missing or insufficient.","Add deterministic direct tests for the callable and tie assertions to the declared runtime/parent contract.","No"
"veilbreakers_terrain/handlers/terrain_validation.py","_default_texel_density_max_ratio","C","C","ADD_DIRECT_TESTS","Reachable helper evidence exists through parent/runtime code, but direct callable contract tests are missing or insufficient.","Add deterministic direct tests for the callable and tie assertions to the declared runtime/parent contract.","No"
"veilbreakers_terrain/handlers/terrain_validation.py","check_cave_framing_presence","C+","C+","PROVE_PARENT_CONTRACT_OR_INLINE","Helper is reachable and has some evidence, but parent-surface contract proof is incomplete under the R12/R13 B gate.","Prove the parent/runtime contract with direct tests for the helper behavior, or inline/delete the helper.","No"
"veilbreakers_terrain/handlers/terrain_validation.py","check_focal_composition","C+","C+","PROVE_PARENT_CONTRACT_OR_INLINE","Helper is reachable and has some evidence, but parent-surface contract proof is incomplete under the R12/R13 B gate.","Prove the parent/runtime contract with direct tests for the helper behavior, or inline/delete the helper.","No"
"veilbreakers_terrain/handlers/terrain_validation.py","ReadabilityAuditReport","D+","D+","WIRE_OR_DEPRECATE","Implementation exists, but callable has no wiring row; runtime path is unproven.","Prove production runtime wiring or remove/deprecate the callable; no B without runtime wiring plus direct tests plus parent/runtime contract proof.","No"
"veilbreakers_terrain/handlers/terrain_validation.py","ReadabilityAuditReport.all_issues","D+","D+","WIRE_OR_DEPRECATE","Implementation exists, but wiring scan marks it orphan_candidate; no production caller/runtime path was proven.","Prove production runtime wiring or remove/deprecate the callable; no B without runtime wiring plus direct tests plus parent/runtime contract proof.","No"
"veilbreakers_terrain/handlers/terrain_validation.py","ReadabilityAuditReport.recompute_status","C","C","ADD_DIRECT_TESTS","Reachable helper evidence exists through parent/runtime code, but direct callable contract tests are missing or insufficient.","Add deterministic direct tests for the callable and tie assertions to the declared runtime/parent contract.","No"
"veilbreakers_terrain/handlers/terrain_validation.py","run_validation_suite","C+","C+","PROVE_PARENT_CONTRACT_OR_INLINE","Helper is reachable and has some evidence, but parent-surface contract proof is incomplete under the R12/R13 B gate.","Prove the parent/runtime contract with direct tests for the helper behavior, or inline/delete the helper.","No"
"veilbreakers_terrain/handlers/terrain_validation.py","_get_active_controller","C","C","ADD_DIRECT_TESTS","Reachable helper evidence exists through parent/runtime code, but direct callable contract tests are missing or insufficient.","Add deterministic direct tests for the callable and tie assertions to the declared runtime/parent contract.","No"
"veilbreakers_terrain/handlers/terrain_validation.py","bind_active_controller","C+","C+","PROVE_PARENT_CONTRACT_OR_INLINE","Helper is reachable and has some evidence, but parent-surface contract proof is incomplete under the R12/R13 B gate.","Prove the parent/runtime contract with direct tests for the helper behavior, or inline/delete the helper.","No"
"veilbreakers_terrain/handlers/terrain_validation.py","pass_validation_full","C+","C+","PROVE_RUNTIME_CONTRACT","Runtime pass or registrar wiring exists and tests/static references exist, but explicit runtime contract and output proof are incomplete.","Add explicit runtime contract proof and output/live-engine proof where terrain-surface behavior is claimed.","No"
"veilbreakers_terrain/handlers/terrain_validation.py","register_bundle_d_passes","C+","C+","PROVE_RUNTIME_CONTRACT","Runtime pass or registrar wiring exists and tests/static references exist, but explicit runtime contract and output proof are incomplete.","Add explicit runtime contract proof and output/live-engine proof where terrain-surface behavior is claimed.","No"
"veilbreakers_terrain/handlers/terrain_vegetation_depth.py","VegetationLayers.as_dict","C+","C+","PROVE_PARENT_CONTRACT_OR_INLINE","Helper is reachable and has some evidence, but parent-surface contract proof is incomplete under the R12/R13 B gate.","Prove the parent/runtime contract with direct tests for the helper behavior, or inline/delete the helper.","No"
"veilbreakers_terrain/handlers/terrain_viewport_sync.py","ViewportStale","D+","D+","WIRE_OR_DEPRECATE","Implementation exists, but callable has no wiring row; runtime path is unproven.","Prove production runtime wiring or remove/deprecate the callable; no B without runtime wiring plus direct tests plus parent/runtime contract proof.","No"
"veilbreakers_terrain/handlers/terrain_viewport_sync.py","ViewportVantage","D+","D+","WIRE_OR_DEPRECATE","Implementation exists, but callable has no wiring row; runtime path is unproven.","Prove production runtime wiring or remove/deprecate the callable; no B without runtime wiring plus direct tests plus parent/runtime contract proof.","No"
"veilbreakers_terrain/handlers/terrain_viewport_sync.py","_read_from_blender_context","C","C","ADD_DIRECT_TESTS","Reachable helper evidence exists through parent/runtime code, but direct callable contract tests are missing or insufficient.","Add deterministic direct tests for the callable and tie assertions to the declared runtime/parent contract.","No"
"veilbreakers_terrain/handlers/terrain_viewport_sync.py","_unit","C","C","ADD_DIRECT_TESTS","Reachable helper evidence exists through parent/runtime code, but direct callable contract tests are missing or insufficient.","Add deterministic direct tests for the callable and tie assertions to the declared runtime/parent contract.","No"
"veilbreakers_terrain/handlers/terrain_viewport_sync.py","_matrix_hash","C","C","ADD_DIRECT_TESTS","Reachable helper evidence exists through parent/runtime code, but direct callable contract tests are missing or insufficient.","Add deterministic direct tests for the callable and tie assertions to the declared runtime/parent contract.","No"
"veilbreakers_terrain/handlers/terrain_viewport_sync.py","read_user_vantage","C+","C+","PROVE_PARENT_CONTRACT_OR_INLINE","Helper is reachable and has some evidence, but parent-surface contract proof is incomplete under the R12/R13 B gate.","Prove the parent/runtime contract with direct tests for the helper behavior, or inline/delete the helper.","No"
"veilbreakers_terrain/handlers/terrain_viewport_sync.py","assert_vantage_fresh","C+","C+","PROVE_PARENT_CONTRACT_OR_INLINE","Helper is reachable and has some evidence, but parent-surface contract proof is incomplete under the R12/R13 B gate.","Prove the parent/runtime contract with direct tests for the helper behavior, or inline/delete the helper.","No"
"veilbreakers_terrain/handlers/terrain_viewport_sync.py","is_in_frustum","C+","C+","PROVE_PARENT_CONTRACT_OR_INLINE","Helper is reachable and has some evidence, but parent-surface contract proof is incomplete under the R12/R13 B gate.","Prove the parent/runtime contract with direct tests for the helper behavior, or inline/delete the helper.","No"
"veilbreakers_terrain/handlers/terrain_waterfalls.py","saturate","C+","C+","PROVE_PARENT_CONTRACT_OR_INLINE","Helper is reachable and has some evidence, but parent-surface contract proof is incomplete under the R12/R13 B gate.","Prove the parent/runtime contract with direct tests for the helper behavior, or inline/delete the helper.","No"
"veilbreakers_terrain/handlers/terrain_waterfalls.py","bake_foam_vertex_alpha","C+","C+","PROVE_PARENT_CONTRACT_OR_INLINE","Helper is reachable and has some evidence, but parent-surface contract proof is incomplete under the R12/R13 B gate.","Prove the parent/runtime contract with direct tests for the helper behavior, or inline/delete the helper.","No"
"veilbreakers_terrain/handlers/terrain_waterfalls.py","LipCandidate","D+","D+","WIRE_OR_DEPRECATE","Implementation exists, but callable has no wiring row; runtime path is unproven.","Prove production runtime wiring or remove/deprecate the callable; no B without runtime wiring plus direct tests plus parent/runtime contract proof.","No"
"veilbreakers_terrain/handlers/terrain_waterfalls.py","ImpactPool","D+","D+","WIRE_OR_DEPRECATE","Implementation exists, but callable has no wiring row; runtime path is unproven.","Prove production runtime wiring or remove/deprecate the callable; no B without runtime wiring plus direct tests plus parent/runtime contract proof.","No"
"veilbreakers_terrain/handlers/terrain_waterfalls.py","WaterfallChain","D+","D+","WIRE_OR_DEPRECATE","Implementation exists, but callable has no wiring row; runtime path is unproven.","Prove production runtime wiring or remove/deprecate the callable; no B without runtime wiring plus direct tests plus parent/runtime contract proof.","No"
"veilbreakers_terrain/handlers/terrain_waterfalls.py","WaterfallVolumetricProfile","D+","D+","WIRE_OR_DEPRECATE","Implementation exists, but callable has no wiring row; runtime path is unproven.","Prove production runtime wiring or remove/deprecate the callable; no B without runtime wiring plus direct tests plus parent/runtime contract proof.","No"
"veilbreakers_terrain/handlers/terrain_waterfalls.py","_steepest_descent_step","C","C","ADD_DIRECT_TESTS","Reachable helper evidence exists through parent/runtime code, but direct callable contract tests are missing or insufficient.","Add deterministic direct tests for the callable and tie assertions to the declared runtime/parent contract.","No"
"veilbreakers_terrain/handlers/terrain_waterfalls.py","_d8_to_angle","C","C","ADD_DIRECT_TESTS","Reachable helper evidence exists through parent/runtime code, but direct callable contract tests are missing or insufficient.","Add deterministic direct tests for the callable and tie assertions to the declared runtime/parent contract.","No"
"veilbreakers_terrain/handlers/terrain_waterfalls.py","_manning_velocity","C+","C+","PROVE_PARENT_CONTRACT_OR_INLINE","Helper is reachable and has some evidence, but parent-surface contract proof is incomplete under the R12/R13 B gate.","Prove the parent/runtime contract with direct tests for the helper behavior, or inline/delete the helper.","No"
"veilbreakers_terrain/handlers/terrain_waterfalls.py","_freefall_impact","C+","C+","PROVE_PARENT_CONTRACT_OR_INLINE","Helper is reachable and has some evidence, but parent-surface contract proof is incomplete under the R12/R13 B gate.","Prove the parent/runtime contract with direct tests for the helper behavior, or inline/delete the helper.","No"
"veilbreakers_terrain/handlers/terrain_waterfalls.py","_mason_1985_pool","C+","C+","PROVE_PARENT_CONTRACT_OR_INLINE","Helper is reachable and has some evidence, but parent-surface contract proof is incomplete under the R12/R13 B gate.","Prove the parent/runtime contract with direct tests for the helper behavior, or inline/delete the helper.","No"
"veilbreakers_terrain/handlers/terrain_waterfalls.py","_estimate_discharge","C+","C+","PROVE_PARENT_CONTRACT_OR_INLINE","Helper is reachable and has some evidence, but parent-surface contract proof is incomplete under the R12/R13 B gate.","Prove the parent/runtime contract with direct tests for the helper behavior, or inline/delete the helper.","No"
"veilbreakers_terrain/handlers/terrain_waterfalls.py","_trace_lip_contour","C","C","ADD_DIRECT_TESTS","Reachable helper evidence exists through parent/runtime code, but direct callable contract tests are missing or insufficient.","Add deterministic direct tests for the callable and tie assertions to the declared runtime/parent contract.","No"
"veilbreakers_terrain/handlers/terrain_waterfalls.py","_trace_lip_contour._walk_direction","C","C","ADD_DIRECT_TESTS","Reachable helper evidence exists through parent/runtime code, but direct callable contract tests are missing or insufficient.","Add deterministic direct tests for the callable and tie assertions to the declared runtime/parent contract.","No"
"veilbreakers_terrain/handlers/terrain_waterfalls.py","_detect_cascade_chain","C","C","ADD_DIRECT_TESTS","Reachable helper evidence exists through parent/runtime code, but direct callable contract tests are missing or insufficient.","Add deterministic direct tests for the callable and tie assertions to the declared runtime/parent contract.","No"
"veilbreakers_terrain/handlers/terrain_waterfalls.py","_ensure_drainage","C","C","ADD_DIRECT_TESTS","Reachable helper evidence exists through parent/runtime code, but direct callable contract tests are missing or insufficient.","Add deterministic direct tests for the callable and tie assertions to the declared runtime/parent contract.","No"
"veilbreakers_terrain/handlers/terrain_waterfalls.py","carve_impact_pool","C+","C+","PROVE_PARENT_CONTRACT_OR_INLINE","Helper is reachable and has some evidence, but parent-surface contract proof is incomplete under the R12/R13 B gate.","Prove the parent/runtime contract with direct tests for the helper behavior, or inline/delete the helper.","No"
"veilbreakers_terrain/handlers/terrain_waterfalls.py","_van_rijn_pool_delta","C","C","ADD_DIRECT_TESTS","Reachable helper evidence exists through parent/runtime code, but direct callable contract tests are missing or insufficient.","Add deterministic direct tests for the callable and tie assertions to the declared runtime/parent contract.","No"
"veilbreakers_terrain/handlers/terrain_waterfalls.py","build_outflow_channel","C+","C+","PROVE_PARENT_CONTRACT_OR_INLINE","Helper is reachable and has some evidence, but parent-surface contract proof is incomplete under the R12/R13 B gate.","Prove the parent/runtime contract with direct tests for the helper behavior, or inline/delete the helper.","No"
"veilbreakers_terrain/handlers/terrain_waterfalls.py","build_outflow_channel._fbm_lateral","C","C","ADD_DIRECT_TESTS","Reachable helper evidence exists through parent/runtime code, but direct callable contract tests are missing or insufficient.","Add deterministic direct tests for the callable and tie assertions to the declared runtime/parent contract.","No"
"veilbreakers_terrain/handlers/terrain_waterfalls.py","_generate_directional_mist_zone","C","C","ADD_DIRECT_TESTS","Reachable helper evidence exists through parent/runtime code, but direct callable contract tests are missing or insufficient.","Add deterministic direct tests for the callable and tie assertions to the declared runtime/parent contract.","No"
"veilbreakers_terrain/handlers/terrain_waterfalls.py","_north_cw_to_east_ccw_angle","C","C","ADD_DIRECT_TESTS","Reachable helper evidence exists through parent/runtime code, but direct callable contract tests are missing or insufficient.","Add deterministic direct tests for the callable and tie assertions to the declared runtime/parent contract.","No"
"veilbreakers_terrain/handlers/terrain_waterfalls.py","generate_mist_zone","C+","C+","PROVE_PARENT_CONTRACT_OR_INLINE","Helper is reachable and has some evidence, but parent-surface contract proof is incomplete under the R12/R13 B gate.","Prove the parent/runtime contract with direct tests for the helper behavior, or inline/delete the helper.","No"
"veilbreakers_terrain/handlers/terrain_waterfalls.py","generate_foam_mask","C+","C+","PROVE_PARENT_CONTRACT_OR_INLINE","Helper is reachable and has some evidence, but parent-surface contract proof is incomplete under the R12/R13 B gate.","Prove the parent/runtime contract with direct tests for the helper behavior, or inline/delete the helper.","No"
"veilbreakers_terrain/handlers/terrain_waterfalls.py","compute_physical_foam_composite","C","C","ADD_DIRECT_TESTS","Reachable helper evidence exists through parent/runtime code, but direct callable contract tests are missing or insufficient.","Add deterministic direct tests for the callable and tie assertions to the declared runtime/parent contract.","No"
"veilbreakers_terrain/handlers/terrain_waterfalls.py","generate_velocity_field","C+","C+","PROVE_PARENT_CONTRACT_OR_INLINE","Helper is reachable and has some evidence, but parent-surface contract proof is incomplete under the R12/R13 B gate.","Prove the parent/runtime contract with direct tests for the helper behavior, or inline/delete the helper.","No"
"veilbreakers_terrain/handlers/terrain_waterfalls.py","generate_velocity_field._stamp_velocity","C","C","ADD_DIRECT_TESTS","Reachable helper evidence exists through parent/runtime code, but direct callable contract tests are missing or insufficient.","Add deterministic direct tests for the callable and tie assertions to the declared runtime/parent contract.","No"
"veilbreakers_terrain/handlers/terrain_waterfalls.py","_region_slice","C+","C+","PROVE_PARENT_CONTRACT_OR_INLINE","Helper is reachable and has some evidence, but parent-surface contract proof is incomplete under the R12/R13 B gate.","Prove the parent/runtime contract with direct tests for the helper behavior, or inline/delete the helper.","No"
"veilbreakers_terrain/handlers/terrain_waterfalls.py","pass_waterfalls","C+","C+","PROVE_RUNTIME_CONTRACT","Runtime pass or registrar wiring exists and tests/static references exist, but explicit runtime contract and output proof are incomplete.","Add explicit runtime contract proof and output/live-engine proof where terrain-surface behavior is claimed.","No"
"veilbreakers_terrain/handlers/terrain_waterfalls.py","_build_particle_emitter_specs","C","C","ADD_DIRECT_TESTS","Reachable helper evidence exists through parent/runtime code, but direct callable contract tests are missing or insufficient.","Add deterministic direct tests for the callable and tie assertions to the declared runtime/parent contract.","No"
"veilbreakers_terrain/handlers/terrain_waterfalls.py","pass_emit_particle_systems","C+","C+","PROVE_RUNTIME_CONTRACT","Runtime pass or registrar wiring exists and tests/static references exist, but explicit runtime contract and output proof are incomplete.","Add explicit runtime contract proof and output/live-engine proof where terrain-surface behavior is claimed.","No"
"veilbreakers_terrain/handlers/terrain_waterfalls.py","register_bundle_c_passes","C+","C+","PROVE_RUNTIME_CONTRACT","Runtime pass or registrar wiring exists and tests/static references exist, but explicit runtime contract and output proof are incomplete.","Add explicit runtime contract proof and output/live-engine proof where terrain-surface behavior is claimed.","No"
"veilbreakers_terrain/handlers/terrain_waterfalls.py","WaterfallMistResult","D+","D+","WIRE_OR_DEPRECATE","Implementation exists, but callable has no wiring row; runtime path is unproven.","Prove production runtime wiring or remove/deprecate the callable; no B without runtime wiring plus direct tests plus parent/runtime contract proof.","No"
"veilbreakers_terrain/handlers/terrain_waterfalls.py","register_bundle_c_mist_pass","C+","C+","PROVE_RUNTIME_CONTRACT","Runtime pass or registrar wiring exists and tests/static references exist, but explicit runtime contract and output proof are incomplete.","Add explicit runtime contract proof and output/live-engine proof where terrain-surface behavior is claimed.","No"
"veilbreakers_terrain/handlers/terrain_waterfalls_volumetric.py","WaterfallVolumetricProfile","D+","D+","WIRE_OR_DEPRECATE","Implementation exists, but callable has no wiring row; runtime path is unproven.","Prove production runtime wiring or remove/deprecate the callable; no B without runtime wiring plus direct tests plus parent/runtime contract proof.","No"
"veilbreakers_terrain/handlers/terrain_waterfalls_volumetric.py","WaterfallVolumeBounds","D+","D+","WIRE_OR_DEPRECATE","Implementation exists, but callable has no wiring row; runtime path is unproven.","Prove production runtime wiring or remove/deprecate the callable; no B without runtime wiring plus direct tests plus parent/runtime contract proof.","No"
"veilbreakers_terrain/handlers/terrain_waterfalls_volumetric.py","WaterfallVolumeBounds.as_matrix_rows","C","C","WIRE_OR_DEPRECATE","Tests or static references exist, but production runtime path is not proven; R12 wiring status=test_only_or_unwired.","Prove production runtime wiring or remove/deprecate the callable; no B without runtime wiring plus direct tests plus parent/runtime contract proof.","No"
"veilbreakers_terrain/handlers/terrain_waterfalls_volumetric.py","WaterfallVolumeBounds.volume_m3","C","C","WIRE_OR_DEPRECATE","Tests or static references exist, but production runtime path is not proven; R12 wiring status=test_only_or_unwired.","Prove production runtime wiring or remove/deprecate the callable; no B without runtime wiring plus direct tests plus parent/runtime contract proof.","No"
"veilbreakers_terrain/handlers/terrain_waterfalls_volumetric.py","ParticleSeedZone","D+","D+","WIRE_OR_DEPRECATE","Implementation exists, but callable has no wiring row; runtime path is unproven.","Prove production runtime wiring or remove/deprecate the callable; no B without runtime wiring plus direct tests plus parent/runtime contract proof.","No"
"veilbreakers_terrain/handlers/terrain_waterfalls_volumetric.py","build_particle_seed_zones","C+","C+","PROVE_PARENT_CONTRACT_OR_INLINE","Helper is reachable and has some evidence, but parent-surface contract proof is incomplete under the R12/R13 B gate.","Prove the parent/runtime contract with direct tests for the helper behavior, or inline/delete the helper.","No"
"veilbreakers_terrain/handlers/terrain_waterfalls_volumetric.py","WaterfallFunctionalObjects","D+","D+","WIRE_OR_DEPRECATE","Implementation exists, but callable has no wiring row; runtime path is unproven.","Prove production runtime wiring or remove/deprecate the callable; no B without runtime wiring plus direct tests plus parent/runtime contract proof.","No"
"veilbreakers_terrain/handlers/terrain_waterfalls_volumetric.py","WaterfallFunctionalObjects.as_list","C+","C+","PROVE_PARENT_CONTRACT_OR_INLINE","Helper is reachable and has some evidence, but parent-surface contract proof is incomplete under the R12/R13 B gate.","Prove the parent/runtime contract with direct tests for the helper behavior, or inline/delete the helper.","No"
"veilbreakers_terrain/handlers/terrain_waterfalls_volumetric.py","enforce_functional_object_naming","C+","C+","PROVE_PARENT_CONTRACT_OR_INLINE","Helper is reachable and has some evidence, but parent-surface contract proof is incomplete under the R12/R13 B gate.","Prove the parent/runtime contract with direct tests for the helper behavior, or inline/delete the helper.","No"
"veilbreakers_terrain/handlers/terrain_weathering_timeline.py","WeatheringEvent","D+","D+","WIRE_OR_DEPRECATE","Implementation exists, but callable has no wiring row; runtime path is unproven.","Prove production runtime wiring or remove/deprecate the callable; no B without runtime wiring plus direct tests plus parent/runtime contract proof.","No"
"veilbreakers_terrain/handlers/terrain_weathering_timeline.py","generate_weathering_timeline","C","C","WIRE_OR_DEPRECATE","Tests or static references exist, but production runtime path is not proven; R12 wiring status=test_only_or_unwired.","Prove production runtime wiring or remove/deprecate the callable; no B without runtime wiring plus direct tests plus parent/runtime contract proof.","No"
"veilbreakers_terrain/handlers/terrain_weathering_timeline.py","apply_weathering_event","C","C","WIRE_OR_DEPRECATE","Tests or static references exist, but production runtime path is not proven; R12 wiring status=test_only_or_unwired.","Prove production runtime wiring or remove/deprecate the callable; no B without runtime wiring plus direct tests plus parent/runtime contract proof.","No"
"veilbreakers_terrain/handlers/terrain_wildlife_zones.py","SpeciesAffinityRule","D+","D+","WIRE_OR_DEPRECATE","Implementation exists, but callable has no wiring row; runtime path is unproven.","Prove production runtime wiring or remove/deprecate the callable; no B without runtime wiring plus direct tests plus parent/runtime contract proof.","No"
"veilbreakers_terrain/handlers/terrain_wildlife_zones.py","_window_score","C","C","ADD_DIRECT_TESTS","Reachable helper evidence exists through parent/runtime code, but direct callable contract tests are missing or insufficient.","Add deterministic direct tests for the callable and tie assertions to the declared runtime/parent contract.","No"
"veilbreakers_terrain/handlers/terrain_wildlife_zones.py","_distance_to_mask","C","C","ADD_DIRECT_TESTS","Reachable helper evidence exists through parent/runtime code, but direct callable contract tests are missing or insufficient.","Add deterministic direct tests for the callable and tie assertions to the declared runtime/parent contract.","No"
"veilbreakers_terrain/handlers/terrain_wildlife_zones.py","compute_wildlife_affinity","C+","C+","PROVE_PARENT_CONTRACT_OR_INLINE","Helper is reachable and has some evidence, but parent-surface contract proof is incomplete under the R12/R13 B gate.","Prove the parent/runtime contract with direct tests for the helper behavior, or inline/delete the helper.","No"
"veilbreakers_terrain/handlers/terrain_wildlife_zones.py","pass_wildlife_zones","C+","C+","PROVE_RUNTIME_CONTRACT","Runtime pass or registrar wiring exists and tests/static references exist, but explicit runtime contract and output proof are incomplete.","Add explicit runtime contract proof and output/live-engine proof where terrain-surface behavior is claimed.","No"
"veilbreakers_terrain/handlers/terrain_wildlife_zones.py","register_bundle_j_wildlife_zones_pass","C+","C+","PROVE_RUNTIME_CONTRACT","Runtime pass or registrar wiring exists and tests/static references exist, but explicit runtime contract and output proof are incomplete.","Add explicit runtime contract proof and output/live-engine proof where terrain-surface behavior is claimed.","No"
"veilbreakers_terrain/handlers/terrain_wind_field.py","_perlin_gradient_field","C+","C+","PROVE_PARENT_CONTRACT_OR_INLINE","Helper is reachable and has some evidence, but parent-surface contract proof is incomplete under the R12/R13 B gate.","Prove the parent/runtime contract with direct tests for the helper behavior, or inline/delete the helper.","No"
"veilbreakers_terrain/handlers/terrain_wind_field.py","_perlin_gradient_field._wang","C","C","ADD_DIRECT_TESTS","Reachable helper evidence exists through parent/runtime code, but direct callable contract tests are missing or insufficient.","Add deterministic direct tests for the callable and tie assertions to the declared runtime/parent contract.","No"
"veilbreakers_terrain/handlers/terrain_wind_field.py","_perlin_gradient_field._fade","C","C","ADD_DIRECT_TESTS","Reachable helper evidence exists through parent/runtime code, but direct callable contract tests are missing or insufficient.","Add deterministic direct tests for the callable and tie assertions to the declared runtime/parent contract.","No"
"veilbreakers_terrain/handlers/terrain_wind_field.py","_perlin_gradient_field._dot_grad","C","C","ADD_DIRECT_TESTS","Reachable helper evidence exists through parent/runtime code, but direct callable contract tests are missing or insufficient.","Add deterministic direct tests for the callable and tie assertions to the declared runtime/parent contract.","No"
"veilbreakers_terrain/handlers/terrain_wind_field.py","_perlin_like_field","C","C","WIRE_OR_DEPRECATE","Tests or static references exist, but production runtime path is not proven; R12 wiring status=test_only_or_unwired.","Prove production runtime wiring or remove/deprecate the callable; no B without runtime wiring plus direct tests plus parent/runtime contract proof.","No"
"veilbreakers_terrain/handlers/terrain_wind_field.py","compute_wind_field","C+","C+","PROVE_PARENT_CONTRACT_OR_INLINE","Helper is reachable and has some evidence, but parent-surface contract proof is incomplete under the R12/R13 B gate.","Prove the parent/runtime contract with direct tests for the helper behavior, or inline/delete the helper.","No"
"veilbreakers_terrain/handlers/terrain_wind_field.py","pass_wind_field","C+","C+","PROVE_RUNTIME_CONTRACT","Runtime pass or registrar wiring exists and tests/static references exist, but explicit runtime contract and output proof are incomplete.","Add explicit runtime contract proof and output/live-engine proof where terrain-surface behavior is claimed.","No"
"veilbreakers_terrain/handlers/terrain_wind_field.py","register_bundle_j_wind_field_pass","C","C","ADD_DIRECT_TESTS","Runtime-primary surface exists, but direct callable/output contract tests were not sufficient for B-level proof.","Add deterministic direct tests for the callable and tie assertions to the declared runtime/parent contract.","No"
"veilbreakers_terrain/handlers/terrain_world_math.py","TileTransform.to_dict","C+","C+","PROVE_PARENT_CONTRACT_OR_INLINE","Helper is reachable and has some evidence, but parent-surface contract proof is incomplete under the R12/R13 B gate.","Prove the parent/runtime contract with direct tests for the helper behavior, or inline/delete the helper.","No"
"veilbreakers_terrain/handlers/retired_model_provider_studio_client.py","retired model providerStudioClient","D+","D+","WIRE_OR_DEPRECATE","Implementation exists, but callable has no wiring row; runtime path is unproven.","Prove production runtime wiring or remove/deprecate the callable; no B without runtime wiring plus direct tests plus parent/runtime contract proof.","No"
"veilbreakers_terrain/handlers/retired_model_provider_studio_client.py","retired model providerStudioClient.__init__","D+","D+","WIRE_OR_DEPRECATE","Implementation exists, but callable has no wiring row; runtime path is unproven.","Prove production runtime wiring or remove/deprecate the callable; no B without runtime wiring plus direct tests plus parent/runtime contract proof.","No"
"veilbreakers_terrain/handlers/retired_model_provider_studio_client.py","retired model providerStudioClient._parse_jwt_exp","C","C","ADD_DIRECT_TESTS","Reachable helper evidence exists through parent/runtime code, but direct callable contract tests are missing or insufficient.","Add deterministic direct tests for the callable and tie assertions to the declared runtime/parent contract.","No"
"veilbreakers_terrain/handlers/retired_model_provider_studio_client.py","retired model providerStudioClient._refresh_jwt","C","C","ADD_DIRECT_TESTS","Reachable helper evidence exists through parent/runtime code, but direct callable contract tests are missing or insufficient.","Add deterministic direct tests for the callable and tie assertions to the declared runtime/parent contract.","No"
"veilbreakers_terrain/handlers/retired_model_provider_studio_client.py","retired model providerStudioClient._refresh_jwt._pick_jwt","C","C","ADD_DIRECT_TESTS","Reachable helper evidence exists through parent/runtime code, but direct callable contract tests are missing or insufficient.","Add deterministic direct tests for the callable and tie assertions to the declared runtime/parent contract.","No"
"veilbreakers_terrain/handlers/retired_model_provider_studio_client.py","retired model providerStudioClient._get_valid_jwt","C","C","ADD_DIRECT_TESTS","Reachable helper evidence exists through parent/runtime code, but direct callable contract tests are missing or insufficient.","Add deterministic direct tests for the callable and tie assertions to the declared runtime/parent contract.","No"
"veilbreakers_terrain/handlers/retired_model_provider_studio_client.py","retired model providerStudioClient._ensure_client","C","C","ADD_DIRECT_TESTS","Reachable helper evidence exists through parent/runtime code, but direct callable contract tests are missing or insufficient.","Add deterministic direct tests for the callable and tie assertions to the declared runtime/parent contract.","No"
"veilbreakers_terrain/handlers/retired_model_provider_studio_client.py","retired model providerStudioClient.close","C+","C+","PROVE_PARENT_CONTRACT_OR_INLINE","Helper is reachable and has some evidence, but parent-surface contract proof is incomplete under the R12/R13 B gate.","Prove the parent/runtime contract with direct tests for the helper behavior, or inline/delete the helper.","No"
"veilbreakers_terrain/handlers/retired_model_provider_studio_client.py","retired model providerStudioClient._request","C","C","ADD_DIRECT_TESTS","Reachable helper evidence exists through parent/runtime code, but direct callable contract tests are missing or insufficient.","Add deterministic direct tests for the callable and tie assertions to the declared runtime/parent contract.","No"
"veilbreakers_terrain/handlers/retired_model_provider_studio_client.py","retired model providerStudioClient.get_balance","C+","C+","PROVE_PARENT_CONTRACT_OR_INLINE","Helper is reachable and has some evidence, but parent-surface contract proof is incomplete under the R12/R13 B gate.","Prove the parent/runtime contract with direct tests for the helper behavior, or inline/delete the helper.","No"
"veilbreakers_terrain/handlers/retired_model_provider_studio_client.py","retired model providerStudioClient.create_task","C","C","ADD_DIRECT_TESTS","Reachable helper evidence exists through parent/runtime code, but direct callable contract tests are missing or insufficient.","Add deterministic direct tests for the callable and tie assertions to the declared runtime/parent contract.","No"
"veilbreakers_terrain/handlers/retired_model_provider_studio_client.py","retired model providerStudioClient.get_task","C","C","ADD_DIRECT_TESTS","Reachable helper evidence exists through parent/runtime code, but direct callable contract tests are missing or insufficient.","Add deterministic direct tests for the callable and tie assertions to the declared runtime/parent contract.","No"
"veilbreakers_terrain/handlers/retired_model_provider_studio_client.py","retired model providerStudioClient.wait_for_task","C","C","ADD_DIRECT_TESTS","Reachable helper evidence exists through parent/runtime code, but direct callable contract tests are missing or insufficient.","Add deterministic direct tests for the callable and tie assertions to the declared runtime/parent contract.","No"
"veilbreakers_terrain/handlers/retired_model_provider_studio_client.py","retired model providerStudioClient._download_file","C","C","ADD_DIRECT_TESTS","Reachable helper evidence exists through parent/runtime code, but direct callable contract tests are missing or insufficient.","Add deterministic direct tests for the callable and tie assertions to the declared runtime/parent contract.","No"
"veilbreakers_terrain/handlers/retired_model_provider_studio_client.py","retired model providerStudioClient._poll_and_download_variants","C","C","ADD_DIRECT_TESTS","Reachable helper evidence exists through parent/runtime code, but direct callable contract tests are missing or insufficient.","Add deterministic direct tests for the callable and tie assertions to the declared runtime/parent contract.","No"
"veilbreakers_terrain/handlers/retired_model_provider_studio_client.py","retired model providerStudioClient.generate_from_text","C","C","ADD_DIRECT_TESTS","Reachable helper evidence exists through parent/runtime code, but direct callable contract tests are missing or insufficient.","Add deterministic direct tests for the callable and tie assertions to the declared runtime/parent contract.","No"
"veilbreakers_terrain/handlers/retired_model_provider_studio_client.py","retired model providerStudioClient.generate_from_image","C","C","ADD_DIRECT_TESTS","Reachable helper evidence exists through parent/runtime code, but direct callable contract tests are missing or insufficient.","Add deterministic direct tests for the callable and tie assertions to the declared runtime/parent contract.","No"
"veilbreakers_terrain/handlers/vegetation_lsystem.py","_TurtleState.__init__","D+","D+","WIRE_OR_DEPRECATE","Implementation exists, but callable has no wiring row; runtime path is unproven.","Prove production runtime wiring or remove/deprecate the callable; no B without runtime wiring plus direct tests plus parent/runtime contract proof.","No"
"veilbreakers_terrain/handlers/vegetation_lsystem.py","BranchSegment.__init__","D+","D+","WIRE_OR_DEPRECATE","Implementation exists, but callable has no wiring row; runtime path is unproven.","Prove production runtime wiring or remove/deprecate the callable; no B without runtime wiring plus direct tests plus parent/runtime contract proof.","No"
"veilbreakers_terrain/handlers/vertex_paint_live.py","_smoothstep","C","C","ADD_DIRECT_TESTS","Reachable helper evidence exists through parent/runtime code, but direct callable contract tests are missing or insufficient.","Add deterministic direct tests for the callable and tie assertions to the declared runtime/parent contract.","No"
"veilbreakers_terrain/handlers/vertex_paint_live.py","_dist3d","C","C","WIRE_OR_DEPRECATE","Tests or static references exist, but production runtime path is not proven; R12 wiring status=test_only_or_unwired.","Prove production runtime wiring or remove/deprecate the callable; no B without runtime wiring plus direct tests plus parent/runtime contract proof.","No"
"veilbreakers_terrain/handlers/vertex_paint_live.py","_dist2d","C+","C+","PROVE_PARENT_CONTRACT_OR_INLINE","Helper is reachable and has some evidence, but parent-surface contract proof is incomplete under the R12/R13 B gate.","Prove the parent/runtime contract with direct tests for the helper behavior, or inline/delete the helper.","No"
"veilbreakers_terrain/handlers/vertex_paint_live.py","_falloff_weight","C","C","WIRE_OR_DEPRECATE","Tests or static references exist, but production runtime path is not proven; R12 wiring status=test_only_or_unwired.","Prove production runtime wiring or remove/deprecate the callable; no B without runtime wiring plus direct tests plus parent/runtime contract proof.","No"
"veilbreakers_terrain/handlers/vertex_paint_live.py","compute_paint_weights","C+","C+","PROVE_PARENT_CONTRACT_OR_INLINE","Helper is reachable and has some evidence, but parent-surface contract proof is incomplete under the R12/R13 B gate.","Prove the parent/runtime contract with direct tests for the helper behavior, or inline/delete the helper.","No"
"veilbreakers_terrain/handlers/vertex_paint_live.py","compute_paint_weights_uv","C+","C+","PROVE_PARENT_CONTRACT_OR_INLINE","Helper is reachable and has some evidence, but parent-surface contract proof is incomplete under the R12/R13 B gate.","Prove the parent/runtime contract with direct tests for the helper behavior, or inline/delete the helper.","No"
"veilbreakers_terrain/handlers/vertex_paint_live.py","blend_colors","C+","C+","PROVE_PARENT_CONTRACT_OR_INLINE","Helper is reachable and has some evidence, but parent-surface contract proof is incomplete under the R12/R13 B gate.","Prove the parent/runtime contract with direct tests for the helper behavior, or inline/delete the helper.","No"
"veilbreakers_terrain/handlers/vertex_paint_live.py","blend_colors._clamp","C","C","ADD_DIRECT_TESTS","Reachable helper evidence exists through parent/runtime code, but direct callable contract tests are missing or insufficient.","Add deterministic direct tests for the callable and tie assertions to the declared runtime/parent contract.","No"
"veilbreakers_terrain/handlers/vertex_paint_live.py","blend_colors_array","C","C","WIRE_OR_DEPRECATE","Tests or static references exist, but production runtime path is not proven; R12 wiring status=test_only_or_unwired.","Prove production runtime wiring or remove/deprecate the callable; no B without runtime wiring plus direct tests plus parent/runtime contract proof.","No"
"veilbreakers_terrain/handlers/weathering.py","_stage_weight","C","C","ADD_DIRECT_TESTS","Reachable helper evidence exists through parent/runtime code, but direct callable contract tests are missing or insufficient.","Add deterministic direct tests for the callable and tie assertions to the declared runtime/parent contract.","No"
"veilbreakers_terrain/handlers/weathering.py","_compute_bounding_box","C+","C+","PROVE_PARENT_CONTRACT_OR_INLINE","Helper is reachable and has some evidence, but parent-surface contract proof is incomplete under the R12/R13 B gate.","Prove the parent/runtime contract with direct tests for the helper behavior, or inline/delete the helper.","No"
"veilbreakers_terrain/handlers/weathering.py","_compute_edge_convexity","C","C","ADD_DIRECT_TESTS","Reachable helper evidence exists through parent/runtime code, but direct callable contract tests are missing or insufficient.","Add deterministic direct tests for the callable and tie assertions to the declared runtime/parent contract.","No"
"veilbreakers_terrain/handlers/weathering.py","_compute_slope_aspect","C","C","ADD_DIRECT_TESTS","Reachable helper evidence exists through parent/runtime code, but direct callable contract tests are missing or insufficient.","Add deterministic direct tests for the callable and tie assertions to the declared runtime/parent contract.","No"
"veilbreakers_terrain/handlers/weathering.py","_smooth_channel","C","C","ADD_DIRECT_TESTS","Reachable helper evidence exists through parent/runtime code, but direct callable contract tests are missing or insufficient.","Add deterministic direct tests for the callable and tie assertions to the declared runtime/parent contract.","No"
"veilbreakers_terrain/handlers/weathering.py","compute_weathered_vertex_colors","C+","C+","PROVE_PARENT_CONTRACT_OR_INLINE","Helper is reachable and has some evidence, but parent-surface contract proof is incomplete under the R12/R13 B gate.","Prove the parent/runtime contract with direct tests for the helper behavior, or inline/delete the helper.","No"
"veilbreakers_terrain/handlers/weathering.py","apply_structural_settling","C+","C+","PROVE_PARENT_CONTRACT_OR_INLINE","Helper is reachable and has some evidence, but parent-surface contract proof is incomplete under the R12/R13 B gate.","Prove the parent/runtime contract with direct tests for the helper behavior, or inline/delete the helper.","No"

