Blender 4.5.8 LTS (hash d7359176d0d3 built 2026-03-17 01:33:41)
Read blend: "C:\Users\Conner\OneDrive\Documents\veilbreakers-terrain\output\scene_v3\VeilBreakers_Scene_v3.blend"
Fra:1 Mem:390.17M (Peak 819.63M) | Time:00:02.67 | Mem:0.00M, Peak:0.00M | Scene, ViewLayer | Synchronizing object | VB_WaterfallMist_00
Fra:1 Mem:390.18M (Peak 819.63M) | Time:00:02.68 | Mem:0.00M, Peak:0.00M | Scene, ViewLayer | Synchronizing object | VB_WaterfallMist_02
Fra:1 Mem:390.19M (Peak 819.63M) | Time:00:02.68 | Mem:0.00M, Peak:0.00M | Scene, ViewLayer | Synchronizing object | VB_WaterfallMist_03
Fra:1 Mem:390.20M (Peak 819.63M) | Time:00:02.68 | Mem:0.00M, Peak:0.00M | Scene, ViewLayer | Synchronizing object | VB_WaterfallMist_04
Fra:1 Mem:390.21M (Peak 819.63M) | Time:00:02.68 | Mem:0.00M, Peak:0.00M | Scene, ViewLayer | Synchronizing object | VB_WaterfallMist_05
Fra:1 Mem:390.22M (Peak 819.63M) | Time:00:02.68 | Mem:0.00M, Peak:0.00M | Scene, ViewLayer | Synchronizing object | VB_WaterfallMist_06
Fra:1 Mem:390.23M (Peak 819.63M) | Time:00:02.68 | Mem:0.00M, Peak:0.00M | Scene, ViewLayer | Synchronizing object | VB_WaterfallMist_07
Fra:1 Mem:390.24M (Peak 819.63M) | Time:00:02.68 | Mem:0.00M, Peak:0.00M | Scene, ViewLayer | Synchronizing object | VB_WaterfallMist_08
Fra:1 Mem:390.25M (Peak 819.63M) | Time:00:02.68 | Mem:0.00M, Peak:0.00M | Scene, ViewLayer | Synchronizing object | VB_WaterfallMist_09
Fra:1 Mem:390.26M (Peak 819.63M) | Time:00:02.68 | Mem:0.00M, Peak:0.00M | Scene, ViewLayer | Synchronizing object | VB_WaterfallMist_10
Fra:1 Mem:390.26M (Peak 819.63M) | Time:00:02.68 | Mem:0.00M, Peak:0.00M | Scene, ViewLayer | Synchronizing object | VB_WaterfallMist_11
Fra:1 Mem:390.27M (Peak 819.63M) | Time:00:02.68 | Mem:0.00M, Peak:0.00M | Scene, ViewLayer | Synchronizing object | VB_WaterfallMist_12
Fra:1 Mem:390.28M (Peak 819.63M) | Time:00:02.68 | Mem:0.00M, Peak:0.00M | Scene, ViewLayer | Synchronizing object | VB_WaterfallMist_13
Fra:1 Mem:390.29M (Peak 819.63M) | Time:00:02.68 | Mem:0.00M, Peak:0.00M | Scene, ViewLayer | Synchronizing object | VB_WaterfallMist_14
Fra:1 Mem:390.30M (Peak 819.63M) | Time:00:02.68 | Mem:0.00M, Peak:0.00M | Scene, ViewLayer | Synchronizing object | VB_WaterfallMist_15
Fra:1 Mem:390.31M (Peak 819.63M) | Time:00:02.68 | Mem:0.00M, Peak:0.00M | Scene, ViewLayer | Synchronizing object | VB_WaterfallMist_16
Fra:1 Mem:390.32M (Peak 819.63M) | Time:00:02.68 | Mem:0.00M, Peak:0.00M | Scene, ViewLayer | Synchronizing object | VB_WaterfallMist_17
Fra:1 Mem:390.33M (Peak 819.63M) | Time:00:02.68 | Mem:0.00M, Peak:0.00M | Scene, ViewLayer | Synchronizing object | VB_WaterfallMist_18
Fra:1 Mem:390.34M (Peak 819.63M) | Time:00:02.68 | Mem:0.00M, Peak:0.00M | Scene, ViewLayer | Synchronizing object | VB_WaterfallMist_19
Fra:1 Mem:390.34M (Peak 819.63M) | Time:00:02.68 | Mem:0.00M, Peak:0.00M | Scene, ViewLayer | Synchronizing object | VB_WaterfallMist_20
Fra:1 Mem:390.35M (Peak 819.63M) | Time:00:02.68 | Mem:0.00M, Peak:0.00M | Scene, ViewLayer | Synchronizing object | VB_WaterfallMist_21
Fra:1 Mem:390.36M (Peak 819.63M) | Time:00:02.68 | Mem:0.00M, Peak:0.00M | Scene, ViewLayer | Synchronizing object | VB_WaterfallMist_22
Fra:1 Mem:390.37M (Peak 819.63M) | Time:00:02.68 | Mem:0.00M, Peak:0.00M | Scene, ViewLayer | Synchronizing object | VB_WaterfallMist_23
Fra:1 Mem:390.38M (Peak 819.63M) | Time:00:02.68 | Mem:0.00M, Peak:0.00M | Scene, ViewLayer | Synchronizing object | VB_WaterfallMist_24
Fra:1 Mem:390.39M (Peak 819.63M) | Time:00:02.68 | Mem:0.00M, Peak:0.00M | Scene, ViewLayer | Synchronizing object | VB_WaterfallMist_25
Fra:1 Mem:390.40M (Peak 819.63M) | Time:00:02.68 | Mem:0.00M, Peak:0.00M | Scene, ViewLayer | Synchronizing object | VB_WaterfallMist_26
Fra:1 Mem:390.41M (Peak 819.63M) | Time:00:02.68 | Mem:0.00M, Peak:0.00M | Scene, ViewLayer | Synchronizing object | VB_WaterfallMist_27
Fra:1 Mem:390.42M (Peak 819.63M) | Time:00:02.68 | Mem:0.00M, Peak:0.00M | Scene, ViewLayer | Synchronizing object | VB_WaterfallMist_28
Fra:1 Mem:390.42M (Peak 819.63M) | Time:00:02.68 | Mem:0.00M, Peak:0.00M | Scene, ViewLayer | Synchronizing object | VB_WaterfallMist_29
Fra:1 Mem:390.44M (Peak 819.63M) | Time:00:02.68 | Mem:0.00M, Peak:0.00M | Scene, ViewLayer | Synchronizing object | VB_WaterfallMist_30
Fra:1 Mem:390.44M (Peak 819.63M) | Time:00:02.68 | Mem:0.00M, Peak:0.00M | Scene, ViewLayer | Synchronizing object | VB_WaterfallMist_31
Fra:1 Mem:390.45M (Peak 819.63M) | Time:00:02.68 | Mem:0.00M, Peak:0.00M | Scene, ViewLayer | Synchronizing object | VB_WaterfallMist_32
Fra:1 Mem:390.46M (Peak 819.63M) | Time:00:02.68 | Mem:0.00M, Peak:0.00M | Scene, ViewLayer | Synchronizing object | VB_WaterfallMist_33
Fra:1 Mem:390.47M (Peak 819.63M) | Time:00:02.68 | Mem:0.00M, Peak:0.00M | Scene, ViewLayer | Synchronizing object | VB_WaterfallMist_34
Fra:1 Mem:390.48M (Peak 819.63M) | Time:00:02.68 | Mem:0.00M, Peak:0.00M | Scene, ViewLayer | Synchronizing object | VB_WaterfallMist_35
Fra:1 Mem:390.49M (Peak 819.63M) | Time:00:02.68 | Mem:0.00M, Peak:0.00M | Scene, ViewLayer | Synchronizing object | VB_WaterfallMist_36
Fra:1 Mem:390.50M (Peak 819.63M) | Time:00:02.68 | Mem:0.00M, Peak:0.00M | Scene, ViewLayer | Synchronizing object | VB_WaterfallMist_37
Fra:1 Mem:390.51M (Peak 819.63M) | Time:00:02.68 | Mem:0.00M, Peak:0.00M | Scene, ViewLayer | Synchronizing object | VB_WaterfallMist_38
Fra:1 Mem:390.52M (Peak 819.63M) | Time:00:02.68 | Mem:0.00M, Peak:0.00M | Scene, ViewLayer | Synchronizing object | VB_WaterfallMist_39
Fra:1 Mem:390.53M (Peak 819.63M) | Time:00:02.68 | Mem:0.00M, Peak:0.00M | Scene, ViewLayer | Synchronizing object | VB_WaterfallMist_40
Fra:1 Mem:390.54M (Peak 819.63M) | Time:00:02.68 | Mem:0.00M, Peak:0.00M | Scene, ViewLayer | Synchronizing object | VB_WaterfallMist_41
Fra:1 Mem:390.54M (Peak 819.63M) | Time:00:02.68 | Mem:0.00M, Peak:0.00M | Scene, ViewLayer | Synchronizing object | VB_WaterfallMist_42
Fra:1 Mem:390.55M (Peak 819.63M) | Time:00:02.68 | Mem:0.00M, Peak:0.00M | Scene, ViewLayer | Synchronizing object | VB_WaterfallMist_43
Fra:1 Mem:390.56M (Peak 819.63M) | Time:00:02.68 | Mem:0.00M, Peak:0.00M | Scene, ViewLayer | Synchronizing object | VB_WaterfallMist_44
Fra:1 Mem:390.57M (Peak 819.63M) | Time:00:02.68 | Mem:0.00M, Peak:0.00M | Scene, ViewLayer | Synchronizing object | VB_WaterfallMist_45
Fra:1 Mem:390.58M (Peak 819.63M) | Time:00:02.68 | Mem:0.00M, Peak:0.00M | Scene, ViewLayer | Synchronizing object | VB_Talus_000
Fra:1 Mem:390.59M (Peak 819.63M) | Time:00:02.68 | Mem:0.00M, Peak:0.00M | Scene, ViewLayer | Synchronizing object | VB_Talus_001
Fra:1 Mem:390.60M (Peak 819.63M) | Time:00:02.68 | Mem:0.00M, Peak:0.00M | Scene, ViewLayer | Synchronizing object | VB_Talus_002
Fra:1 Mem:390.61M (Peak 819.63M) | Time:00:02.68 | Mem:0.00M, Peak:0.00M | Scene, ViewLayer | Synchronizing object | VB_Talus_004
Fra:1 Mem:390.62M (Peak 819.63M) | Time:00:02.68 | Mem:0.00M, Peak:0.00M | Scene, ViewLayer | Synchronizing object | VB_Talus_009
Fra:1 Mem:390.62M (Peak 819.63M) | Time:00:02.68 | Mem:0.00M, Peak:0.00M | Scene, ViewLayer | Synchronizing object | VB_Tree_000
Fra:1 Mem:390.63M (Peak 819.63M) | Time:00:02.68 | Mem:0.00M, Peak:0.00M | Scene, ViewLayer | Synchronizing object | VB_Tree_004
Fra:1 Mem:390.64M (Peak 819.63M) | Time:00:02.68 | Mem:0.00M, Peak:0.00M | Scene, ViewLayer | Synchronizing object | VB_Rock_000
Fra:1 Mem:390.66M (Peak 819.63M) | Time:00:02.68 | Mem:0.00M, Peak:0.00M | Scene, ViewLayer | Synchronizing object | VB_Rock_001
Fra:1 Mem:390.69M (Peak 819.63M) | Time:00:02.68 | Mem:0.00M, Peak:0.00M | Scene, ViewLayer | Synchronizing object | VB_Rock_003
Fra:1 Mem:390.70M (Peak 819.63M) | Time:00:02.68 | Mem:0.00M, Peak:0.00M | Scene, ViewLayer | Synchronizing object | VB_Rock_006
Fra:1 Mem:390.71M (Peak 819.63M) | Time:00:02.68 | Mem:0.00M, Peak:0.00M | Scene, ViewLayer | Synchronizing object | VB_GrassClump_0000
Fra:1 Mem:390.73M (Peak 819.63M) | Time:00:02.68 | Mem:0.00M, Peak:0.00M | Scene, ViewLayer | Synchronizing object | VB_GrassClump_0004
Fra:1 Mem:390.74M (Peak 819.63M) | Time:00:02.68 | Mem:0.00M, Peak:0.00M | Scene, ViewLayer | Synchronizing object | VB_GrassClump_0024
Fra:1 Mem:395.24M (Peak 819.63M) | Time:00:02.71 | Mem:0.00M, Peak:0.00M | Scene, ViewLayer | Synchronizing object | VB_Terrain
Fra:1 Mem:395.24M (Peak 819.63M) | Time:00:02.71 | Mem:0.00M, Peak:0.00M | Scene, ViewLayer | Synchronizing object | VB_GrassBlade
Fra:1 Mem:426.00M (Peak 819.63M) | Time:00:02.77 | Mem:0.00M, Peak:0.00M | Scene, ViewLayer | Synchronizing object | VB_Beach
Fra:1 Mem:426.00M (Peak 819.63M) | Time:00:02.77 | Mem:0.00M, Peak:0.00M | Scene, ViewLayer | Synchronizing object | VB_WaterfallStreak_00
Fra:1 Mem:426.02M (Peak 819.63M) | Time:00:02.77 | Mem:0.00M, Peak:0.00M | Scene, ViewLayer | Synchronizing object | VB_StreamBed_Lower
Fra:1 Mem:426.43M (Peak 819.63M) | Time:00:02.77 | Mem:0.00M, Peak:0.00M | Scene, ViewLayer | Synchronizing object | VB_WaterfallStreak_01
Fra:1 Mem:426.43M (Peak 819.63M) | Time:00:02.78 | Mem:0.00M, Peak:0.00M | Scene, ViewLayer | Synchronizing object | VB_DampBank_Lower
Fra:1 Mem:426.45M (Peak 819.63M) | Time:00:02.78 | Mem:0.00M, Peak:0.00M | Scene, ViewLayer | Synchronizing object | VB_WaterfallStreak_02
Fra:1 Mem:426.49M (Peak 819.63M) | Time:00:02.78 | Mem:0.00M, Peak:0.00M | Scene, ViewLayer | Synchronizing object | VB_River_Lower
Fra:1 Mem:426.59M (Peak 819.63M) | Time:00:02.78 | Mem:0.00M, Peak:0.00M | Scene, ViewLayer | Synchronizing object | VB_WaterfallChuteBed
Fra:1 Mem:426.69M (Peak 819.63M) | Time:00:02.78 | Mem:0.00M, Peak:0.00M | Scene, ViewLayer | Synchronizing object | VB_WaterfallSheet_1
Fra:1 Mem:426.71M (Peak 819.63M) | Time:00:02.78 | Mem:0.00M, Peak:0.00M | Scene, ViewLayer | Synchronizing object | VB_WaterfallSheet_2
Fra:1 Mem:426.72M (Peak 819.63M) | Time:00:02.78 | Mem:0.00M, Peak:0.00M | Scene, ViewLayer | Synchronizing object | VB_WaterfallStreak_04
Fra:1 Mem:426.73M (Peak 819.63M) | Time:00:02.78 | Mem:0.00M, Peak:0.00M | Scene, ViewLayer | Synchronizing object | VB_WaterfallSheet_3
Fra:1 Mem:426.74M (Peak 819.63M) | Time:00:02.78 | Mem:0.00M, Peak:0.00M | Scene, ViewLayer | Synchronizing object | VB_WaterfallSheet_4
Fra:1 Mem:426.79M (Peak 819.63M) | Time:00:02.78 | Mem:0.00M, Peak:0.00M | Scene, ViewLayer | Synchronizing object | VB_WaterfallStreak_05
Fra:1 Mem:426.79M (Peak 819.63M) | Time:00:02.78 | Mem:0.00M, Peak:0.00M | Scene, ViewLayer | Synchronizing object | VB_WaterfallStreak_06
Fra:1 Mem:426.80M (Peak 819.63M) | Time:00:02.78 | Mem:0.00M, Peak:0.00M | Scene, ViewLayer | Synchronizing object | VB_WaterfallStreak_07
Fra:1 Mem:426.81M (Peak 819.63M) | Time:00:02.78 | Mem:0.00M, Peak:0.00M | Scene, ViewLayer | Synchronizing object | VB_WaterfallStreak_08
Fra:1 Mem:426.81M (Peak 819.63M) | Time:00:02.78 | Mem:0.00M, Peak:0.00M | Scene, ViewLayer | Synchronizing object | VB_WaterfallStreak_09
Fra:1 Mem:426.82M (Peak 819.63M) | Time:00:02.78 | Mem:0.00M, Peak:0.00M | Scene, ViewLayer | Synchronizing object | VB_WaterfallStreak_10
Fra:1 Mem:426.83M (Peak 819.63M) | Time:00:02.78 | Mem:0.00M, Peak:0.00M | Scene, ViewLayer | Synchronizing object | VB_WaterfallStreak_11
Fra:1 Mem:426.84M (Peak 819.63M) | Time:00:02.78 | Mem:0.00M, Peak:0.00M | Scene, ViewLayer | Synchronizing object | VB_WaterfallStreak_12
Fra:1 Mem:426.84M (Peak 819.63M) | Time:00:02.78 | Mem:0.00M, Peak:0.00M | Scene, ViewLayer | Synchronizing object | VB_WaterfallStreak_13
Fra:1 Mem:426.85M (Peak 819.63M) | Time:00:02.78 | Mem:0.00M, Peak:0.00M | Scene, ViewLayer | Synchronizing object | VB_WaterfallStreak_14
Fra:1 Mem:426.86M (Peak 819.63M) | Time:00:02.78 | Mem:0.00M, Peak:0.00M | Scene, ViewLayer | Synchronizing object | VB_WaterfallStreak_15
Fra:1 Mem:426.86M (Peak 819.63M) | Time:00:02.78 | Mem:0.00M, Peak:0.00M | Scene, ViewLayer | Synchronizing object | VB_WaterfallStreak_16
Fra:1 Mem:426.87M (Peak 819.63M) | Time:00:02.78 | Mem:0.00M, Peak:0.00M | Scene, ViewLayer | Synchronizing object | VB_WaterfallStreak_17
Fra:1 Mem:426.88M (Peak 819.63M) | Time:00:02.78 | Mem:0.00M, Peak:0.00M | Scene, ViewLayer | Synchronizing object | VB_WaterfallStreak_18
Fra:1 Mem:426.88M (Peak 819.63M) | Time:00:02.78 | Mem:0.00M, Peak:0.00M | Scene, ViewLayer | Synchronizing object | VB_WaterfallStreak_19
Fra:1 Mem:426.89M (Peak 819.63M) | Time:00:02.78 | Mem:0.00M, Peak:0.00M | Scene, ViewLayer | Synchronizing object | VB_WaterfallStreak_20
Fra:1 Mem:426.90M (Peak 819.63M) | Time:00:02.78 | Mem:0.00M, Peak:0.00M | Scene, ViewLayer | Synchronizing object | VB_WaterfallStreak_21
Fra:1 Mem:426.90M (Peak 819.63M) | Time:00:02.78 | Mem:0.00M, Peak:0.00M | Scene, ViewLayer | Synchronizing object | VB_WaterfallStreak_22
Fra:1 Mem:426.91M (Peak 819.63M) | Time:00:02.78 | Mem:0.00M, Peak:0.00M | Scene, ViewLayer | Synchronizing object | VB_WaterfallStreak_23
Fra:1 Mem:426.92M (Peak 819.63M) | Time:00:02.78 | Mem:0.00M, Peak:0.00M | Scene, ViewLayer | Synchronizing object | VB_WaterfallStreak_24
Fra:1 Mem:426.92M (Peak 819.63M) | Time:00:02.78 | Mem:0.00M, Peak:0.00M | Scene, ViewLayer | Synchronizing object | VB_WaterfallStreak_25
Fra:1 Mem:426.93M (Peak 819.63M) | Time:00:02.78 | Mem:0.00M, Peak:0.00M | Scene, ViewLayer | Synchronizing object | VB_WaterfallStreak_26
Fra:1 Mem:426.94M (Peak 819.63M) | Time:00:02.78 | Mem:0.00M, Peak:0.00M | Scene, ViewLayer | Synchronizing object | VB_WaterfallStreak_27
Fra:1 Mem:426.94M (Peak 819.63M) | Time:00:02.78 | Mem:0.00M, Peak:0.00M | Scene, ViewLayer | Synchronizing object | VB_WaterfallStreak_28
Fra:1 Mem:426.95M (Peak 819.63M) | Time:00:02.78 | Mem:0.00M, Peak:0.00M | Scene, ViewLayer | Synchronizing object | VB_WaterfallStreak_29
Fra:1 Mem:426.96M (Peak 819.63M) | Time:00:02.78 | Mem:0.00M, Peak:0.00M | Scene, ViewLayer | Synchronizing object | VB_WaterfallStreak_30
Fra:1 Mem:426.96M (Peak 819.63M) | Time:00:02.78 | Mem:0.00M, Peak:0.00M | Scene, ViewLayer | Synchronizing object | VB_WaterfallStreak_31
Fra:1 Mem:426.97M (Peak 819.63M) | Time:00:02.78 | Mem:0.00M, Peak:0.00M | Scene, ViewLayer | Synchronizing object | VB_WaterfallStreak_32
Fra:1 Mem:426.98M (Peak 819.63M) | Time:00:02.78 | Mem:0.00M, Peak:0.00M | Scene, ViewLayer | Synchronizing object | VB_WaterfallStreak_33
Fra:1 Mem:426.98M (Peak 819.63M) | Time:00:02.78 | Mem:0.00M, Peak:0.00M | Scene, ViewLayer | Synchronizing object | VB_PlungePoolAeration
Fra:1 Mem:426.99M (Peak 819.63M) | Time:00:02.78 | Mem:0.00M, Peak:0.00M | Scene, ViewLayer | Synchronizing object | VB_PlungePoolWater
Fra:1 Mem:427.01M (Peak 819.63M) | Time:00:02.78 | Mem:0.00M, Peak:0.00M | Scene, ViewLayer | Synchronizing object | VB_RiverFoam_L
Fra:1 Mem:427.02M (Peak 819.63M) | Time:00:02.78 | Mem:0.00M, Peak:0.00M | Scene, ViewLayer | Synchronizing object | VB_RiverFoam_R
Fra:1 Mem:427.02M (Peak 819.63M) | Time:00:02.78 | Mem:0.00M, Peak:0.00M | Scene, ViewLayer | Synchronizing object | VB_Terrain_Road
Fra:1 Mem:427.03M (Peak 819.63M) | Time:00:02.78 | Mem:0.00M, Peak:0.00M | Scene, ViewLayer | Synchronizing object | VB_Closeup_Verification_Fill
Fra:1 Mem:427.03M (Peak 819.63M) | Time:00:02.78 | Mem:0.00M, Peak:0.00M | Scene, ViewLayer | Synchronizing object | VB_Terrain_Road.001
Fra:1 Mem:427.03M (Peak 819.63M) | Time:00:02.78 | Mem:0.00M, Peak:0.00M | Scene, ViewLayer | Synchronizing object | VB_River_RopeBridge_Main
Fra:1 Mem:427.05M (Peak 819.63M) | Time:00:02.78 | Mem:0.00M, Peak:0.00M | Scene, ViewLayer | Synchronizing object | VB_Cliff_Strata
Fra:1 Mem:427.05M (Peak 819.63M) | Time:00:02.78 | Mem:0.00M, Peak:0.00M | Scene, ViewLayer | Synchronizing object | VB_NorthRim
Fra:1 Mem:427.07M (Peak 819.63M) | Time:00:02.78 | Mem:0.00M, Peak:0.00M | Scene, ViewLayer | Synchronizing object | VB_Cliff_Ledges
Fra:1 Mem:427.40M (Peak 819.63M) | Time:00:02.78 | Mem:0.00M, Peak:0.00M | Scene, ViewLayer | Synchronizing object | VB_SkyAmb
Fra:1 Mem:427.59M (Peak 819.63M) | Time:00:02.78 | Mem:0.00M, Peak:0.00M | Scene, ViewLayer | Synchronizing object | VB_Fill
Fra:1 Mem:427.61M (Peak 819.63M) | Time:00:02.78 | Mem:0.00M, Peak:0.00M | Scene, ViewLayer | Synchronizing object | VB_Bounce
Fra:1 Mem:427.79M (Peak 819.63M) | Time:00:02.78 | Mem:0.00M, Peak:0.00M | Scene, ViewLayer | Initializing
Fra:1 Mem:239.87M (Peak 819.63M) | Time:00:02.82 | Mem:0.00M, Peak:0.00M | Scene, ViewLayer | Waiting for render to start
Fra:1 Mem:239.87M (Peak 819.63M) | Time:00:02.82 | Mem:0.00M, Peak:0.00M | Scene, ViewLayer | Updating Scene
Fra:1 Mem:239.87M (Peak 819.63M) | Time:00:02.82 | Mem:0.00M, Peak:0.00M | Scene, ViewLayer | Updating Shaders
Fra:1 Mem:239.87M (Peak 819.63M) | Time:00:02.82 | Mem:0.00M, Peak:0.00M | Scene, ViewLayer | Loading render kernels (may take a few minutes the first time)
Fra:1 Mem:239.99M (Peak 819.63M) | Time:00:02.90 | Mem:0.04M, Peak:0.04M | Scene, ViewLayer | Updating Procedurals
Fra:1 Mem:239.99M (Peak 819.63M) | Time:00:02.90 | Mem:0.04M, Peak:0.04M | Scene, ViewLayer | Updating Background
Fra:1 Mem:239.99M (Peak 819.63M) | Time:00:02.90 | Mem:0.04M, Peak:0.04M | Scene, ViewLayer | Updating Camera
Fra:1 Mem:239.99M (Peak 819.63M) | Time:00:02.90 | Mem:0.04M, Peak:0.04M | Scene, ViewLayer | Updating Meshes Flags
Fra:1 Mem:239.99M (Peak 819.63M) | Time:00:02.90 | Mem:0.04M, Peak:0.04M | Scene, ViewLayer | Updating Objects
Fra:1 Mem:239.99M (Peak 819.63M) | Time:00:02.90 | Mem:0.04M, Peak:0.04M | Scene, ViewLayer | Updating Objects | Copying Transformations to device
Fra:1 Mem:244.97M (Peak 819.63M) | Time:00:02.90 | Mem:4.86M, Peak:4.86M | Scene, ViewLayer | Updating Particle Systems
Fra:1 Mem:244.97M (Peak 819.63M) | Time:00:02.90 | Mem:4.86M, Peak:4.86M | Scene, ViewLayer | Updating Particle Systems | Copying Particles to device
Fra:1 Mem:244.97M (Peak 819.63M) | Time:00:02.90 | Mem:4.86M, Peak:4.86M | Scene, ViewLayer | Updating Meshes
Fra:1 Mem:244.97M (Peak 819.63M) | Time:00:02.90 | Mem:4.86M, Peak:4.86M | Scene, ViewLayer | Updating Objects | Applying Static Transformations
Fra:1 Mem:244.97M (Peak 819.63M) | Time:00:02.90 | Mem:4.86M, Peak:4.86M | Scene, ViewLayer | Updating Mesh | Computing attributes
Fra:1 Mem:249.42M (Peak 819.63M) | Time:00:02.91 | Mem:4.87M, Peak:4.87M | Scene, ViewLayer | Updating Mesh | Copying Attributes to device
Fra:1 Mem:248.13M (Peak 819.63M) | Time:00:02.91 | Mem:8.02M, Peak:8.02M | Scene, ViewLayer | Updating Geometry BVH Sphere.001 3/65 | Building BVH
Fra:1 Mem:248.13M (Peak 819.63M) | Time:00:02.91 | Mem:8.02M, Peak:8.02M | Scene, ViewLayer | Updating Geometry BVH Sphere.002 4/74 | Building BVH
Fra:1 Mem:248.13M (Peak 819.63M) | Time:00:02.91 | Mem:8.02M, Peak:8.02M | Scene, ViewLayer | Updating Geometry BVH Sphere.002 4/74 | Building OptiX acceleration structure
Fra:1 Mem:248.13M (Peak 819.63M) | Time:00:02.91 | Mem:8.02M, Peak:8.02M | Scene, ViewLayer | Updating Geometry BVH VB_Waterfall_Verification_Fill 128/128 | Building BVH
Fra:1 Mem:248.13M (Peak 819.63M) | Time:00:02.91 | Mem:8.02M, Peak:8.02M | Scene, ViewLayer | Updating Geometry BVH VB_Waterfall_Verification_Fill 128/128 | Building OptiX acceleration structure
Fra:1 Mem:248.13M (Peak 819.63M) | Time:00:02.91 | Mem:8.02M, Peak:8.02M | Scene, ViewLayer | Updating Geometry BVH VB_Closeup_Verification_Fill 127/128 | Building BVH
Fra:1 Mem:248.13M (Peak 819.63M) | Time:00:02.91 | Mem:8.03M, Peak:8.03M | Scene, ViewLayer | Updating Geometry BVH VB_Closeup_Verification_Fill 127/128 | Building OptiX acceleration structure
Fra:1 Mem:248.13M (Peak 819.63M) | Time:00:02.91 | Mem:8.03M, Peak:8.03M | Scene, ViewLayer | Updating Geometry BVH Sun.003 126/128 | Building BVH
Fra:1 Mem:248.13M (Peak 819.63M) | Time:00:02.91 | Mem:8.03M, Peak:8.03M | Scene, ViewLayer | Updating Geometry BVH Sun.003 126/128 | Building OptiX acceleration structure
Fra:1 Mem:248.13M (Peak 819.63M) | Time:00:02.91 | Mem:8.03M, Peak:8.03M | Scene, ViewLayer | Updating Geometry BVH Area 125/128 | Building BVH
Fra:1 Mem:248.13M (Peak 819.63M) | Time:00:02.91 | Mem:8.03M, Peak:8.03M | Scene, ViewLayer | Updating Geometry BVH Sphere.003 5/128 | Building OptiX acceleration structure
Fra:1 Mem:248.13M (Peak 819.63M) | Time:00:02.91 | Mem:8.03M, Peak:8.03M | Scene, ViewLayer | Updating Geometry BVH Sun.002 124/128 | Building BVH
Fra:1 Mem:248.13M (Peak 819.63M) | Time:00:02.91 | Mem:8.03M, Peak:8.03M | Scene, ViewLayer | Updating Geometry BVH Sphere.004 6/128 | Building OptiX acceleration structure
Fra:1 Mem:248.13M (Peak 819.63M) | Time:00:02.91 | Mem:8.03M, Peak:8.03M | Scene, ViewLayer | Updating Geometry BVH Sun.001 123/128 | Building OptiX acceleration structure
Fra:1 Mem:248.13M (Peak 819.63M) | Time:00:02.91 | Mem:8.02M, Peak:8.03M | Scene, ViewLayer | Updating Geometry BVH Sphere.005 7/128 | Building BVH
Fra:1 Mem:248.13M (Peak 819.63M) | Time:00:02.91 | Mem:8.03M, Peak:8.03M | Scene, ViewLayer | Updating Geometry BVH Sphere.005 7/128 | Building OptiX acceleration structure
Fra:1 Mem:248.13M (Peak 819.63M) | Time:00:02.91 | Mem:8.03M, Peak:8.03M | Scene, ViewLayer | Updating Geometry BVH Sun 122/128 | Building OptiX acceleration structure
Fra:1 Mem:248.13M (Peak 819.63M) | Time:00:02.91 | Mem:8.02M, Peak:8.03M | Scene, ViewLayer | Updating Geometry BVH Sphere.006 8/128 | Building OptiX acceleration structure
Fra:1 Mem:248.13M (Peak 819.63M) | Time:00:02.91 | Mem:8.04M, Peak:8.04M | Scene, ViewLayer | Updating Geometry BVH VB_Cliff_Ledges_Mesh 121/128 | Building BVH
Fra:1 Mem:248.13M (Peak 819.63M) | Time:00:02.91 | Mem:8.03M, Peak:8.04M | Scene, ViewLayer | Updating Geometry BVH VB_Cliff_Ledges_Mesh 121/128 | Building OptiX acceleration structure
Fra:1 Mem:248.13M (Peak 819.63M) | Time:00:02.91 | Mem:8.03M, Peak:8.04M | Scene, ViewLayer | Updating Geometry BVH Sphere.007 9/128 | Building BVH
Fra:1 Mem:248.13M (Peak 819.63M) | Time:00:02.91 | Mem:8.04M, Peak:8.04M | Scene, ViewLayer | Updating Geometry BVH Sphere.007 9/128 | Building OptiX acceleration structure
Fra:1 Mem:248.13M (Peak 819.63M) | Time:00:02.91 | Mem:8.04M, Peak:8.04M | Scene, ViewLayer | Updating Geometry BVH VB_Cliff_Strata_Mesh 120/128 | Building OptiX acceleration structure
Fra:1 Mem:248.13M (Peak 819.63M) | Time:00:02.91 | Mem:8.04M, Peak:8.04M | Scene, ViewLayer | Updating Geometry BVH VB_River_RopeBridge_Main_Mesh 119/128 | Building BVH
Fra:1 Mem:248.13M (Peak 819.63M) | Time:00:02.91 | Mem:8.04M, Peak:8.04M | Scene, ViewLayer | Updating Geometry BVH Sphere.008 10/128 | Building OptiX acceleration structure
Fra:1 Mem:248.31M (Peak 819.63M) | Time:00:02.91 | Mem:8.14M, Peak:8.14M | Scene, ViewLayer | Updating Geometry BVH Sphere.009 11/128 | Building BVH
Fra:1 Mem:248.31M (Peak 819.63M) | Time:00:02.91 | Mem:8.14M, Peak:8.14M | Scene, ViewLayer | Updating Geometry BVH Sphere.009 11/128 | Building OptiX acceleration structure
Fra:1 Mem:248.31M (Peak 819.63M) | Time:00:02.91 | Mem:8.22M, Peak:8.23M | Scene, ViewLayer | Updating Geometry BVH Sphere.010 12/128 | Building BVH
Fra:1 Mem:248.31M (Peak 819.63M) | Time:00:02.91 | Mem:8.23M, Peak:8.23M | Scene, ViewLayer | Updating Geometry BVH Sphere.010 12/128 | Building OptiX acceleration structure
Fra:1 Mem:248.31M (Peak 819.63M) | Time:00:02.91 | Mem:8.61M, Peak:8.61M | Scene, ViewLayer | Updating Geometry BVH Sphere.011 13/128 | Building BVH
Fra:1 Mem:248.31M (Peak 819.63M) | Time:00:02.91 | Mem:9.11M, Peak:9.11M | Scene, ViewLayer | Updating Geometry BVH Sphere.011 13/128 | Building OptiX acceleration structure
Fra:1 Mem:248.13M (Peak 819.63M) | Time:00:02.91 | Mem:8.22M, Peak:9.11M | Scene, ViewLayer | Updating Geometry BVH VB_Terrain_Road.001 118/128 | Building BVH
Fra:1 Mem:248.13M (Peak 819.63M) | Time:00:02.91 | Mem:8.23M, Peak:9.11M | Scene, ViewLayer | Updating Geometry BVH VB_Terrain_Road.001 118/128 | Building OptiX acceleration structure
Fra:1 Mem:248.13M (Peak 819.63M) | Time:00:02.91 | Mem:8.23M, Peak:9.11M | Scene, ViewLayer | Updating Geometry BVH Sphere.012 14/128 | Building BVH
Fra:1 Mem:248.13M (Peak 819.63M) | Time:00:02.92 | Mem:8.24M, Peak:9.11M | Scene, ViewLayer | Updating Geometry BVH Sphere.012 14/128 | Building OptiX acceleration structure
Fra:1 Mem:248.13M (Peak 819.63M) | Time:00:02.92 | Mem:8.23M, Peak:9.11M | Scene, ViewLayer | Updating Geometry BVH Sphere.013 15/128 | Building BVH
Fra:1 Mem:248.13M (Peak 819.63M) | Time:00:02.92 | Mem:8.24M, Peak:9.11M | Scene, ViewLayer | Updating Geometry BVH Sphere.013 15/128 | Building OptiX acceleration structure
Fra:1 Mem:248.13M (Peak 819.63M) | Time:00:02.92 | Mem:8.24M, Peak:9.11M | Scene, ViewLayer | Updating Geometry BVH Sphere.014 16/128 | Building BVH
Fra:1 Mem:248.13M (Peak 819.63M) | Time:00:02.92 | Mem:8.26M, Peak:9.11M | Scene, ViewLayer | Updating Geometry BVH Sphere.014 16/128 | Building OptiX acceleration structure
Fra:1 Mem:248.13M (Peak 819.63M) | Time:00:02.92 | Mem:8.23M, Peak:9.11M | Scene, ViewLayer | Updating Geometry BVH VB_Terrain_Road 117/128 | Building BVH
Fra:1 Mem:248.13M (Peak 819.63M) | Time:00:02.92 | Mem:8.24M, Peak:9.11M | Scene, ViewLayer | Updating Geometry BVH VB_Terrain_Road 117/128 | Building OptiX acceleration structure
Fra:1 Mem:248.13M (Peak 819.63M) | Time:00:02.92 | Mem:8.24M, Peak:9.11M | Scene, ViewLayer | Updating Geometry BVH Sphere.015 17/128 | Building BVH
Fra:1 Mem:248.13M (Peak 819.63M) | Time:00:02.92 | Mem:8.25M, Peak:9.11M | Scene, ViewLayer | Updating Geometry BVH Sphere.015 17/128 | Building OptiX acceleration structure
Fra:1 Mem:248.13M (Peak 819.63M) | Time:00:02.92 | Mem:8.24M, Peak:9.11M | Scene, ViewLayer | Updating Geometry BVH Sphere.016 18/128 | Building BVH
Fra:1 Mem:248.13M (Peak 819.63M) | Time:00:02.92 | Mem:8.25M, Peak:9.11M | Scene, ViewLayer | Updating Geometry BVH Sphere.016 18/128 | Building OptiX acceleration structure
Fra:1 Mem:248.13M (Peak 819.63M) | Time:00:02.92 | Mem:8.24M, Peak:9.11M | Scene, ViewLayer | Updating Geometry BVH Sphere.017 19/128 | Building BVH
Fra:1 Mem:248.13M (Peak 819.63M) | Time:00:02.92 | Mem:8.26M, Peak:9.11M | Scene, ViewLayer | Updating Geometry BVH Sphere.017 19/128 | Building OptiX acceleration structure
Fra:1 Mem:248.13M (Peak 819.63M) | Time:00:02.92 | Mem:8.24M, Peak:9.11M | Scene, ViewLayer | Updating Geometry BVH VB_RiverFoam_R_Mesh 116/128 | Building BVH
Fra:1 Mem:248.13M (Peak 819.63M) | Time:00:02.92 | Mem:8.25M, Peak:9.11M | Scene, ViewLayer | Updating Geometry BVH VB_RiverFoam_R_Mesh 116/128 | Building OptiX acceleration structure
Fra:1 Mem:248.13M (Peak 819.63M) | Time:00:02.92 | Mem:8.25M, Peak:9.11M | Scene, ViewLayer | Updating Geometry BVH Sphere.018 20/128 | Building BVH
Fra:1 Mem:248.13M (Peak 819.63M) | Time:00:02.92 | Mem:8.26M, Peak:9.11M | Scene, ViewLayer | Updating Geometry BVH Sphere.018 20/128 | Building OptiX acceleration structure
Fra:1 Mem:248.13M (Peak 819.63M) | Time:00:02.92 | Mem:8.25M, Peak:9.11M | Scene, ViewLayer | Updating Geometry BVH Sphere.019 21/128 | Building BVH
Fra:1 Mem:248.13M (Peak 819.63M) | Time:00:02.92 | Mem:8.26M, Peak:9.11M | Scene, ViewLayer | Updating Geometry BVH Sphere.019 21/128 | Building OptiX acceleration structure
Fra:1 Mem:248.13M (Peak 819.63M) | Time:00:02.92 | Mem:8.25M, Peak:9.11M | Scene, ViewLayer | Updating Geometry BVH Sphere.020 22/128 | Building BVH
Fra:1 Mem:248.13M (Peak 819.63M) | Time:00:02.92 | Mem:8.26M, Peak:9.11M | Scene, ViewLayer | Updating Geometry BVH Sphere.020 22/128 | Building OptiX acceleration structure
Fra:1 Mem:248.13M (Peak 819.63M) | Time:00:02.92 | Mem:8.25M, Peak:9.11M | Scene, ViewLayer | Updating Geometry BVH VB_RiverFoam_L_Mesh 115/128 | Building BVH
Fra:1 Mem:248.13M (Peak 819.63M) | Time:00:02.92 | Mem:8.26M, Peak:9.11M | Scene, ViewLayer | Updating Geometry BVH VB_RiverFoam_L_Mesh 115/128 | Building OptiX acceleration structure
Fra:1 Mem:248.13M (Peak 819.63M) | Time:00:02.92 | Mem:8.25M, Peak:9.11M | Scene, ViewLayer | Updating Geometry BVH Sphere.021 23/128 | Building BVH
Fra:1 Mem:248.13M (Peak 819.63M) | Time:00:02.92 | Mem:8.26M, Peak:9.11M | Scene, ViewLayer | Updating Geometry BVH Sphere.021 23/128 | Building OptiX acceleration structure
Fra:1 Mem:248.13M (Peak 819.63M) | Time:00:02.92 | Mem:8.25M, Peak:9.11M | Scene, ViewLayer | Updating Geometry BVH Sphere.022 24/128 | Building BVH
Fra:1 Mem:248.13M (Peak 819.63M) | Time:00:02.92 | Mem:8.27M, Peak:9.11M | Scene, ViewLayer | Updating Geometry BVH Sphere.022 24/128 | Building OptiX acceleration structure
Fra:1 Mem:248.13M (Peak 819.63M) | Time:00:02.92 | Mem:8.26M, Peak:9.11M | Scene, ViewLayer | Updating Geometry BVH Sphere.023 25/128 | Building BVH
Fra:1 Mem:248.13M (Peak 819.63M) | Time:00:02.92 | Mem:8.27M, Peak:9.11M | Scene, ViewLayer | Updating Geometry BVH Sphere.023 25/128 | Building OptiX acceleration structure
Fra:1 Mem:248.13M (Peak 819.63M) | Time:00:02.92 | Mem:8.26M, Peak:9.11M | Scene, ViewLayer | Updating Geometry BVH VB_PlungePoolWater_Mesh 114/128 | Building BVH
Fra:1 Mem:248.13M (Peak 819.63M) | Time:00:02.92 | Mem:8.27M, Peak:9.11M | Scene, ViewLayer | Updating Geometry BVH VB_PlungePoolWater_Mesh 114/128 | Building OptiX acceleration structure
Fra:1 Mem:248.13M (Peak 819.63M) | Time:00:02.92 | Mem:8.26M, Peak:9.11M | Scene, ViewLayer | Updating Geometry BVH Sphere.024 26/128 | Building BVH
Fra:1 Mem:248.13M (Peak 819.63M) | Time:00:02.92 | Mem:8.27M, Peak:9.11M | Scene, ViewLayer | Updating Geometry BVH Sphere.024 26/128 | Building OptiX acceleration structure
Fra:1 Mem:248.13M (Peak 819.63M) | Time:00:02.92 | Mem:8.26M, Peak:9.11M | Scene, ViewLayer | Updating Geometry BVH Sphere.025 27/128 | Building BVH
Fra:1 Mem:248.13M (Peak 819.63M) | Time:00:02.92 | Mem:8.27M, Peak:9.11M | Scene, ViewLayer | Updating Geometry BVH Sphere.025 27/128 | Building OptiX acceleration structure
Fra:1 Mem:248.13M (Peak 819.63M) | Time:00:02.92 | Mem:8.27M, Peak:9.11M | Scene, ViewLayer | Updating Geometry BVH Sphere.026 28/128 | Building BVH
Fra:1 Mem:248.13M (Peak 819.63M) | Time:00:02.92 | Mem:8.28M, Peak:9.11M | Scene, ViewLayer | Updating Geometry BVH Sphere.026 28/128 | Building OptiX acceleration structure
Fra:1 Mem:248.13M (Peak 819.63M) | Time:00:02.92 | Mem:8.27M, Peak:9.11M | Scene, ViewLayer | Updating Geometry BVH VB_PlungePoolBed_Mesh 113/128 | Building BVH
Fra:1 Mem:248.13M (Peak 819.63M) | Time:00:02.92 | Mem:8.28M, Peak:9.11M | Scene, ViewLayer | Updating Geometry BVH VB_PlungePoolBed_Mesh 113/128 | Building OptiX acceleration structure
Fra:1 Mem:248.13M (Peak 819.63M) | Time:00:02.92 | Mem:8.27M, Peak:9.11M | Scene, ViewLayer | Updating Geometry BVH Sphere.027 29/128 | Building BVH
Fra:1 Mem:248.13M (Peak 819.63M) | Time:00:02.92 | Mem:8.28M, Peak:9.11M | Scene, ViewLayer | Updating Geometry BVH Sphere.027 29/128 | Building OptiX acceleration structure
Fra:1 Mem:248.13M (Peak 819.63M) | Time:00:02.92 | Mem:8.27M, Peak:9.11M | Scene, ViewLayer | Updating Geometry BVH Sphere.028 30/128 | Building BVH
Fra:1 Mem:248.13M (Peak 819.63M) | Time:00:02.92 | Mem:8.28M, Peak:9.11M | Scene, ViewLayer | Updating Geometry BVH Sphere.028 30/128 | Building OptiX acceleration structure
Fra:1 Mem:248.13M (Peak 819.63M) | Time:00:02.92 | Mem:8.27M, Peak:9.11M | Scene, ViewLayer | Updating Geometry BVH Sphere.029 31/128 | Building BVH
Fra:1 Mem:248.13M (Peak 819.63M) | Time:00:02.92 | Mem:8.29M, Peak:9.11M | Scene, ViewLayer | Updating Geometry BVH Sphere.029 31/128 | Building OptiX acceleration structure
Fra:1 Mem:248.13M (Peak 819.63M) | Time:00:02.93 | Mem:8.28M, Peak:9.11M | Scene, ViewLayer | Updating Geometry BVH VB_PlungePoolAeration_Mesh 112/128 | Building BVH
Fra:1 Mem:248.13M (Peak 819.63M) | Time:00:02.93 | Mem:8.29M, Peak:9.11M | Scene, ViewLayer | Updating Geometry BVH VB_PlungePoolAeration_Mesh 112/128 | Building OptiX acceleration structure
Fra:1 Mem:248.13M (Peak 819.63M) | Time:00:02.93 | Mem:8.28M, Peak:9.11M | Scene, ViewLayer | Updating Geometry BVH Sphere.030 32/128 | Building BVH
Fra:1 Mem:248.13M (Peak 819.63M) | Time:00:02.93 | Mem:8.29M, Peak:9.11M | Scene, ViewLayer | Updating Geometry BVH Sphere.030 32/128 | Building OptiX acceleration structure
Fra:1 Mem:248.13M (Peak 819.63M) | Time:00:02.93 | Mem:8.28M, Peak:9.11M | Scene, ViewLayer | Updating Geometry BVH Sphere.031 33/128 | Building BVH
Fra:1 Mem:248.13M (Peak 819.63M) | Time:00:02.93 | Mem:8.30M, Peak:9.11M | Scene, ViewLayer | Updating Geometry BVH Sphere.031 33/128 | Building OptiX acceleration structure
Fra:1 Mem:248.13M (Peak 819.63M) | Time:00:02.93 | Mem:8.29M, Peak:9.11M | Scene, ViewLayer | Updating Geometry BVH Sphere.032 34/128 | Building BVH
Fra:1 Mem:248.13M (Peak 819.63M) | Time:00:02.93 | Mem:8.31M, Peak:9.11M | Scene, ViewLayer | Updating Geometry BVH Sphere.032 34/128 | Building OptiX acceleration structure
Fra:1 Mem:248.13M (Peak 819.63M) | Time:00:02.93 | Mem:8.29M, Peak:9.11M | Scene, ViewLayer | Updating Geometry BVH VB_WaterfallStreak_33_Curve 111/128 | Building BVH
Fra:1 Mem:248.13M (Peak 819.63M) | Time:00:02.93 | Mem:8.30M, Peak:9.11M | Scene, ViewLayer | Updating Geometry BVH VB_WaterfallStreak_33_Curve 111/128 | Building OptiX acceleration structure
Fra:1 Mem:248.13M (Peak 819.63M) | Time:00:02.93 | Mem:8.29M, Peak:9.11M | Scene, ViewLayer | Updating Geometry BVH Sphere.033 35/128 | Building BVH
Fra:1 Mem:248.13M (Peak 819.63M) | Time:00:02.93 | Mem:8.30M, Peak:9.11M | Scene, ViewLayer | Updating Geometry BVH Sphere.033 35/128 | Building OptiX acceleration structure
Fra:1 Mem:248.13M (Peak 819.63M) | Time:00:02.93 | Mem:8.29M, Peak:9.11M | Scene, ViewLayer | Updating Geometry BVH Sphere.034 36/128 | Building BVH
Fra:1 Mem:248.13M (Peak 819.63M) | Time:00:02.93 | Mem:8.30M, Peak:9.11M | Scene, ViewLayer | Updating Geometry BVH Sphere.034 36/128 | Building OptiX acceleration structure
Fra:1 Mem:248.13M (Peak 819.63M) | Time:00:02.93 | Mem:8.29M, Peak:9.11M | Scene, ViewLayer | Updating Geometry BVH Sphere.035 37/128 | Building BVH
Fra:1 Mem:248.13M (Peak 819.63M) | Time:00:02.93 | Mem:8.31M, Peak:9.11M | Scene, ViewLayer | Updating Geometry BVH Sphere.035 37/128 | Building OptiX acceleration structure
Fra:1 Mem:248.13M (Peak 819.63M) | Time:00:02.93 | Mem:8.30M, Peak:9.11M | Scene, ViewLayer | Updating Geometry BVH VB_WaterfallStreak_32_Curve 110/128 | Building BVH
Fra:1 Mem:248.13M (Peak 819.63M) | Time:00:02.93 | Mem:8.31M, Peak:9.11M | Scene, ViewLayer | Updating Geometry BVH VB_WaterfallStreak_32_Curve 110/128 | Building OptiX acceleration structure
Fra:1 Mem:248.13M (Peak 819.63M) | Time:00:02.93 | Mem:8.30M, Peak:9.11M | Scene, ViewLayer | Updating Geometry BVH Sphere.036 38/128 | Building BVH
Fra:1 Mem:248.13M (Peak 819.63M) | Time:00:02.93 | Mem:8.31M, Peak:9.11M | Scene, ViewLayer | Updating Geometry BVH Sphere.036 38/128 | Building OptiX acceleration structure
Fra:1 Mem:248.13M (Peak 819.63M) | Time:00:02.93 | Mem:8.30M, Peak:9.11M | Scene, ViewLayer | Updating Geometry BVH Sphere.037 39/128 | Building BVH
Fra:1 Mem:248.13M (Peak 819.63M) | Time:00:02.93 | Mem:8.31M, Peak:9.11M | Scene, ViewLayer | Updating Geometry BVH Sphere.037 39/128 | Building OptiX acceleration structure
Fra:1 Mem:248.13M (Peak 819.63M) | Time:00:02.93 | Mem:8.30M, Peak:9.11M | Scene, ViewLayer | Updating Geometry BVH Sphere.038 40/128 | Building BVH
Fra:1 Mem:248.13M (Peak 819.63M) | Time:00:02.93 | Mem:8.32M, Peak:9.11M | Scene, ViewLayer | Updating Geometry BVH Sphere.038 40/128 | Building OptiX acceleration structure
Fra:1 Mem:248.13M (Peak 819.63M) | Time:00:02.93 | Mem:8.30M, Peak:9.11M | Scene, ViewLayer | Updating Geometry BVH VB_WaterfallStreak_31_Curve 109/128 | Building BVH
Fra:1 Mem:248.13M (Peak 819.63M) | Time:00:02.93 | Mem:8.31M, Peak:9.11M | Scene, ViewLayer | Updating Geometry BVH VB_WaterfallStreak_31_Curve 109/128 | Building OptiX acceleration structure
Fra:1 Mem:248.13M (Peak 819.63M) | Time:00:02.93 | Mem:8.31M, Peak:9.11M | Scene, ViewLayer | Updating Geometry BVH Sphere.039 41/128 | Building BVH
Fra:1 Mem:248.13M (Peak 819.63M) | Time:00:02.93 | Mem:8.32M, Peak:9.11M | Scene, ViewLayer | Updating Geometry BVH Sphere.039 41/128 | Building OptiX acceleration structure
Fra:1 Mem:248.13M (Peak 819.63M) | Time:00:02.93 | Mem:8.31M, Peak:9.11M | Scene, ViewLayer | Updating Geometry BVH Sphere.040 42/128 | Building BVH
Fra:1 Mem:248.13M (Peak 819.63M) | Time:00:02.93 | Mem:8.32M, Peak:9.11M | Scene, ViewLayer | Updating Geometry BVH Sphere.040 42/128 | Building OptiX acceleration structure
Fra:1 Mem:248.13M (Peak 819.63M) | Time:00:02.93 | Mem:8.31M, Peak:9.11M | Scene, ViewLayer | Updating Geometry BVH Sphere.041 43/128 | Building BVH
Fra:1 Mem:248.13M (Peak 819.63M) | Time:00:02.93 | Mem:8.32M, Peak:9.11M | Scene, ViewLayer | Updating Geometry BVH Sphere.041 43/128 | Building OptiX acceleration structure
Fra:1 Mem:248.13M (Peak 819.63M) | Time:00:02.93 | Mem:8.31M, Peak:9.11M | Scene, ViewLayer | Updating Geometry BVH VB_WaterfallStreak_30_Curve 108/128 | Building BVH
Fra:1 Mem:248.13M (Peak 819.63M) | Time:00:02.93 | Mem:8.32M, Peak:9.11M | Scene, ViewLayer | Updating Geometry BVH VB_WaterfallStreak_30_Curve 108/128 | Building OptiX acceleration structure
Fra:1 Mem:248.13M (Peak 819.63M) | Time:00:02.93 | Mem:8.32M, Peak:9.11M | Scene, ViewLayer | Updating Geometry BVH Sphere.042 44/128 | Building BVH
Fra:1 Mem:248.13M (Peak 819.63M) | Time:00:02.93 | Mem:8.33M, Peak:9.11M | Scene, ViewLayer | Updating Geometry BVH Sphere.042 44/128 | Building OptiX acceleration structure
Fra:1 Mem:248.13M (Peak 819.63M) | Time:00:02.93 | Mem:8.32M, Peak:9.11M | Scene, ViewLayer | Updating Geometry BVH Sphere.043 45/128 | Building BVH
Fra:1 Mem:248.13M (Peak 819.63M) | Time:00:02.93 | Mem:8.33M, Peak:9.11M | Scene, ViewLayer | Updating Geometry BVH Sphere.043 45/128 | Building OptiX acceleration structure
Fra:1 Mem:248.13M (Peak 819.63M) | Time:00:02.93 | Mem:8.32M, Peak:9.11M | Scene, ViewLayer | Updating Geometry BVH Sphere.044 46/128 | Building BVH
Fra:1 Mem:248.13M (Peak 819.63M) | Time:00:02.93 | Mem:8.33M, Peak:9.11M | Scene, ViewLayer | Updating Geometry BVH Sphere.044 46/128 | Building OptiX acceleration structure
Fra:1 Mem:248.13M (Peak 819.63M) | Time:00:02.93 | Mem:8.32M, Peak:9.11M | Scene, ViewLayer | Updating Geometry BVH VB_WaterfallStreak_29_Curve 107/128 | Building BVH
Fra:1 Mem:248.13M (Peak 819.63M) | Time:00:02.93 | Mem:8.33M, Peak:9.11M | Scene, ViewLayer | Updating Geometry BVH VB_WaterfallStreak_29_Curve 107/128 | Building OptiX acceleration structure
Fra:1 Mem:248.13M (Peak 819.63M) | Time:00:02.93 | Mem:8.32M, Peak:9.11M | Scene, ViewLayer | Updating Geometry BVH Sphere.045 47/128 | Building BVH
Fra:1 Mem:248.13M (Peak 819.63M) | Time:00:02.93 | Mem:8.33M, Peak:9.11M | Scene, ViewLayer | Updating Geometry BVH Sphere.045 47/128 | Building OptiX acceleration structure
Fra:1 Mem:248.13M (Peak 819.63M) | Time:00:02.93 | Mem:8.33M, Peak:9.11M | Scene, ViewLayer | Updating Geometry BVH VB_TalusTpl_3 48/128 | Building BVH
Fra:1 Mem:248.13M (Peak 819.63M) | Time:00:02.94 | Mem:8.34M, Peak:9.11M | Scene, ViewLayer | Updating Geometry BVH VB_TalusTpl_3 48/128 | Building OptiX acceleration structure
Fra:1 Mem:248.13M (Peak 819.63M) | Time:00:02.94 | Mem:8.33M, Peak:9.11M | Scene, ViewLayer | Updating Geometry BVH VB_TalusTpl_0 49/128 | Building BVH
Fra:1 Mem:248.13M (Peak 819.63M) | Time:00:02.94 | Mem:8.34M, Peak:9.11M | Scene, ViewLayer | Updating Geometry BVH VB_TalusTpl_0 49/128 | Building OptiX acceleration structure
Fra:1 Mem:248.13M (Peak 819.63M) | Time:00:02.94 | Mem:8.33M, Peak:9.11M | Scene, ViewLayer | Updating Geometry BVH VB_WaterfallStreak_28_Curve 106/128 | Building BVH
Fra:1 Mem:248.13M (Peak 819.63M) | Time:00:02.94 | Mem:8.34M, Peak:9.11M | Scene, ViewLayer | Updating Geometry BVH VB_WaterfallStreak_28_Curve 106/128 | Building OptiX acceleration structure
Fra:1 Mem:248.13M (Peak 819.63M) | Time:00:02.94 | Mem:8.34M, Peak:9.11M | Scene, ViewLayer | Updating Geometry BVH VB_TalusTpl_2 50/128 | Building BVH
Fra:1 Mem:248.13M (Peak 819.63M) | Time:00:02.94 | Mem:8.35M, Peak:9.11M | Scene, ViewLayer | Updating Geometry BVH VB_TalusTpl_2 50/128 | Building OptiX acceleration structure
Fra:1 Mem:248.13M (Peak 819.63M) | Time:00:02.94 | Mem:8.33M, Peak:9.11M | Scene, ViewLayer | Updating Geometry BVH VB_TalusTpl_4 51/128 | Building BVH
Fra:1 Mem:248.13M (Peak 819.63M) | Time:00:02.94 | Mem:8.34M, Peak:9.11M | Scene, ViewLayer | Updating Geometry BVH VB_TalusTpl_4 51/128 | Building OptiX acceleration structure
Fra:1 Mem:248.13M (Peak 819.63M) | Time:00:02.94 | Mem:8.34M, Peak:9.11M | Scene, ViewLayer | Updating Geometry BVH VB_TalusTpl_1 52/128 | Building BVH
Fra:1 Mem:248.13M (Peak 819.63M) | Time:00:02.94 | Mem:8.35M, Peak:9.11M | Scene, ViewLayer | Updating Geometry BVH VB_TalusTpl_1 52/128 | Building OptiX acceleration structure
Fra:1 Mem:248.13M (Peak 819.63M) | Time:00:02.94 | Mem:8.34M, Peak:9.11M | Scene, ViewLayer | Updating Geometry BVH VB_WaterfallStreak_27_Curve 105/128 | Building BVH
Fra:1 Mem:248.13M (Peak 819.63M) | Time:00:02.94 | Mem:8.35M, Peak:9.11M | Scene, ViewLayer | Updating Geometry BVH VB_WaterfallStreak_27_Curve 105/128 | Building OptiX acceleration structure
Fra:1 Mem:248.13M (Peak 819.63M) | Time:00:02.94 | Mem:8.34M, Peak:9.11M | Scene, ViewLayer | Updating Geometry BVH PineMesh 53/128 | Building BVH
Fra:1 Mem:248.13M (Peak 819.63M) | Time:00:02.94 | Mem:8.35M, Peak:9.11M | Scene, ViewLayer | Updating Geometry BVH PineMesh 53/128 | Building OptiX acceleration structure
Fra:1 Mem:248.13M (Peak 819.63M) | Time:00:02.94 | Mem:8.35M, Peak:9.11M | Scene, ViewLayer | Updating Geometry BVH BroadTreeMesh 54/128 | Building BVH
Fra:1 Mem:248.13M (Peak 819.63M) | Time:00:02.94 | Mem:8.35M, Peak:9.11M | Scene, ViewLayer | Updating Geometry BVH BroadTreeMesh 54/128 | Building OptiX acceleration structure
Fra:1 Mem:248.14M (Peak 819.63M) | Time:00:02.94 | Mem:8.36M, Peak:9.11M | Scene, ViewLayer | Updating Geometry BVH RockTpl2 55/128 | Building BVH
Fra:1 Mem:248.14M (Peak 819.63M) | Time:00:02.94 | Mem:8.37M, Peak:9.11M | Scene, ViewLayer | Updating Geometry BVH RockTpl2 55/128 | Building OptiX acceleration structure
Fra:1 Mem:248.14M (Peak 819.63M) | Time:00:02.94 | Mem:8.35M, Peak:9.11M | Scene, ViewLayer | Updating Geometry BVH VB_WaterfallStreak_26_Curve 104/128 | Building BVH
Fra:1 Mem:248.14M (Peak 819.63M) | Time:00:02.94 | Mem:8.38M, Peak:9.11M | Scene, ViewLayer | Updating Geometry BVH VB_WaterfallStreak_26_Curve 104/128 | Building OptiX acceleration structure
Fra:1 Mem:248.13M (Peak 819.63M) | Time:00:02.94 | Mem:8.36M, Peak:9.11M | Scene, ViewLayer | Updating Geometry BVH RockTpl3 56/128 | Building BVH
Fra:1 Mem:248.13M (Peak 819.63M) | Time:00:02.94 | Mem:8.39M, Peak:9.11M | Scene, ViewLayer | Updating Geometry BVH RockTpl3 56/128 | Building OptiX acceleration structure
Fra:1 Mem:248.13M (Peak 819.63M) | Time:00:02.94 | Mem:8.36M, Peak:9.11M | Scene, ViewLayer | Updating Geometry BVH RockTpl0 57/128 | Building BVH
Fra:1 Mem:248.13M (Peak 819.63M) | Time:00:02.94 | Mem:8.38M, Peak:9.11M | Scene, ViewLayer | Updating Geometry BVH RockTpl0 57/128 | Building OptiX acceleration structure
Fra:1 Mem:248.13M (Peak 819.63M) | Time:00:02.94 | Mem:8.37M, Peak:9.11M | Scene, ViewLayer | Updating Geometry BVH RockTpl1 58/128 | Building BVH
Fra:1 Mem:248.13M (Peak 819.63M) | Time:00:02.94 | Mem:8.38M, Peak:9.11M | Scene, ViewLayer | Updating Geometry BVH RockTpl1 58/128 | Building OptiX acceleration structure
Fra:1 Mem:248.13M (Peak 819.63M) | Time:00:02.94 | Mem:8.37M, Peak:9.11M | Scene, ViewLayer | Updating Geometry BVH VB_WaterfallStreak_25_Curve 103/128 | Building BVH
Fra:1 Mem:248.13M (Peak 819.63M) | Time:00:02.94 | Mem:8.38M, Peak:9.11M | Scene, ViewLayer | Updating Geometry BVH VB_WaterfallStreak_25_Curve 103/128 | Building OptiX acceleration structure
Fra:1 Mem:248.13M (Peak 819.63M) | Time:00:02.94 | Mem:8.37M, Peak:9.11M | Scene, ViewLayer | Updating Geometry BVH VB_GrassClumpShort 59/128 | Building BVH
Fra:1 Mem:248.13M (Peak 819.63M) | Time:00:02.94 | Mem:8.37M, Peak:9.11M | Scene, ViewLayer | Updating Geometry BVH VB_GrassClumpShort 59/128 | Building OptiX acceleration structure
Fra:1 Mem:248.13M (Peak 819.63M) | Time:00:02.94 | Mem:8.38M, Peak:9.11M | Scene, ViewLayer | Updating Geometry BVH VB_GrassClumpMeadow 60/128 | Building BVH
Fra:1 Mem:248.13M (Peak 819.63M) | Time:00:02.94 | Mem:8.39M, Peak:9.11M | Scene, ViewLayer | Updating Geometry BVH VB_GrassClumpMeadow 60/128 | Building OptiX acceleration structure
Fra:1 Mem:248.13M (Peak 819.63M) | Time:00:02.94 | Mem:8.38M, Peak:9.11M | Scene, ViewLayer | Updating Geometry BVH VB_GrassClumpReed 61/128 | Building BVH
Fra:1 Mem:248.13M (Peak 819.63M) | Time:00:02.94 | Mem:8.39M, Peak:9.11M | Scene, ViewLayer | Updating Geometry BVH VB_GrassClumpReed 61/128 | Building OptiX acceleration structure
Fra:1 Mem:248.13M (Peak 819.63M) | Time:00:02.94 | Mem:8.38M, Peak:9.11M | Scene, ViewLayer | Updating Geometry BVH VB_WaterfallStreak_24_Curve 102/128 | Building BVH
Fra:1 Mem:248.13M (Peak 819.63M) | Time:00:02.94 | Mem:8.39M, Peak:9.11M | Scene, ViewLayer | Updating Geometry BVH VB_WaterfallStreak_24_Curve 102/128 | Building OptiX acceleration structure
Fra:1 Mem:248.13M (Peak 819.63M) | Time:00:02.94 | Mem:8.38M, Peak:9.11M | Scene, ViewLayer | Updating Geometry BVH VB_GrassBlade 63/128 | Building BVH
Fra:1 Mem:248.13M (Peak 819.63M) | Time:00:02.94 | Mem:8.39M, Peak:9.11M | Scene, ViewLayer | Updating Geometry BVH VB_Terrain_Mesh 62/128 | Building OptiX acceleration structure
Fra:1 Mem:248.13M (Peak 819.63M) | Time:00:02.94 | Mem:8.40M, Peak:9.11M | Scene, ViewLayer | Updating Geometry BVH VB_Beach_Mesh 64/128 | Building BVH
Fra:1 Mem:248.13M (Peak 819.63M) | Time:00:02.95 | Mem:8.40M, Peak:9.11M | Scene, ViewLayer | Updating Geometry BVH VB_Beach_Mesh 64/128 | Building OptiX acceleration structure
Fra:1 Mem:254.13M (Peak 819.63M) | Time:00:02.95 | Mem:8.39M, Peak:9.11M | Scene, ViewLayer | Updating Geometry BVH VB_WaterfallStreak_23_Curve 101/128 | Building BVH
Fra:1 Mem:254.13M (Peak 819.63M) | Time:00:02.95 | Mem:8.40M, Peak:9.11M | Scene, ViewLayer | Updating Geometry BVH VB_WaterfallStreak_23_Curve 101/128 | Building OptiX acceleration structure
Fra:1 Mem:254.13M (Peak 819.63M) | Time:00:02.95 | Mem:8.39M, Peak:9.11M | Scene, ViewLayer | Updating Geometry BVH VB_Lake_Mesh 65/128 | Building BVH
Fra:1 Mem:254.13M (Peak 819.63M) | Time:00:02.95 | Mem:8.41M, Peak:9.11M | Scene, ViewLayer | Updating Geometry BVH VB_Lake_Mesh 65/128 | Building OptiX acceleration structure
Fra:1 Mem:258.23M (Peak 819.63M) | Time:00:02.95 | Mem:8.48M, Peak:9.11M | Scene, ViewLayer | Updating Geometry BVH VB_StreamBed_Upper_Mesh 66/128 | Building BVH
Fra:1 Mem:258.23M (Peak 819.63M) | Time:00:02.95 | Mem:8.49M, Peak:9.11M | Scene, ViewLayer | Updating Geometry BVH VB_StreamBed_Upper_Mesh 66/128 | Building OptiX acceleration structure
Fra:1 Mem:258.24M (Peak 819.63M) | Time:00:02.95 | Mem:18.50M, Peak:18.51M | Scene, ViewLayer | Updating Geometry BVH VB_WaterfallStreak_22_Curve 100/128 | Building BVH
Fra:1 Mem:258.24M (Peak 819.63M) | Time:00:02.95 | Mem:18.92M, Peak:18.92M | Scene, ViewLayer | Updating Geometry BVH VB_WaterfallStreak_22_Curve 100/128 | Building OptiX acceleration structure
Fra:1 Mem:258.15M (Peak 819.63M) | Time:00:02.95 | Mem:18.49M, Peak:18.92M | Scene, ViewLayer | Updating Geometry BVH VB_StreamBed_Lower_Mesh 67/128 | Building BVH
Fra:1 Mem:258.15M (Peak 819.63M) | Time:00:02.95 | Mem:18.49M, Peak:18.92M | Scene, ViewLayer | Updating Geometry BVH VB_StreamBed_Lower_Mesh 67/128 | Building OptiX acceleration structure
Fra:1 Mem:248.16M (Peak 819.63M) | Time:00:02.96 | Mem:19.64M, Peak:68.83M | Scene, ViewLayer | Updating Geometry BVH VB_DampBank_Upper_Mesh 68/128 | Building BVH
Fra:1 Mem:248.16M (Peak 819.63M) | Time:00:02.96 | Mem:19.68M, Peak:68.83M | Scene, ViewLayer | Updating Geometry BVH VB_DampBank_Upper_Mesh 68/128 | Building OptiX acceleration structure
Fra:1 Mem:248.16M (Peak 819.63M) | Time:00:02.96 | Mem:19.63M, Peak:68.83M | Scene, ViewLayer | Updating Geometry BVH VB_DampBank_Lower_Mesh 69/128 | Building BVH
Fra:1 Mem:248.16M (Peak 819.63M) | Time:00:02.96 | Mem:19.64M, Peak:68.83M | Scene, ViewLayer | Updating Geometry BVH VB_DampBank_Lower_Mesh 69/128 | Building OptiX acceleration structure
Fra:1 Mem:248.18M (Peak 819.63M) | Time:00:02.96 | Mem:19.65M, Peak:68.83M | Scene, ViewLayer | Updating Geometry BVH VB_WaterfallStreak_21_Curve 99/128 | Building BVH
Fra:1 Mem:248.18M (Peak 819.63M) | Time:00:02.96 | Mem:19.76M, Peak:68.83M | Scene, ViewLayer | Updating Geometry BVH VB_WaterfallStreak_21_Curve 99/128 | Building OptiX acceleration structure
Fra:1 Mem:248.16M (Peak 819.63M) | Time:00:02.96 | Mem:19.66M, Peak:68.83M | Scene, ViewLayer | Updating Geometry BVH VB_River_Upper_Mesh 70/128 | Building BVH
Fra:1 Mem:248.16M (Peak 819.63M) | Time:00:02.96 | Mem:19.72M, Peak:68.83M | Scene, ViewLayer | Updating Geometry BVH VB_River_Upper_Mesh 70/128 | Building OptiX acceleration structure
Fra:1 Mem:248.16M (Peak 819.63M) | Time:00:02.96 | Mem:19.67M, Peak:68.83M | Scene, ViewLayer | Updating Geometry BVH VB_River_Lower_Mesh 71/128 | Building BVH
Fra:1 Mem:248.16M (Peak 819.63M) | Time:00:02.96 | Mem:19.78M, Peak:68.83M | Scene, ViewLayer | Updating Geometry BVH VB_River_Lower_Mesh 71/128 | Building OptiX acceleration structure
Fra:1 Mem:248.16M (Peak 819.63M) | Time:00:02.96 | Mem:19.69M, Peak:68.83M | Scene, ViewLayer | Updating Geometry BVH VB_WaterfallChuteBed_Mesh 72/128 | Building BVH
Fra:1 Mem:248.16M (Peak 819.63M) | Time:00:02.96 | Mem:19.71M, Peak:68.83M | Scene, ViewLayer | Updating Geometry BVH VB_WaterfallChuteBed_Mesh 72/128 | Building OptiX acceleration structure
Fra:1 Mem:248.16M (Peak 819.63M) | Time:00:02.96 | Mem:19.70M, Peak:68.83M | Scene, ViewLayer | Updating Geometry BVH VB_WaterfallStreak_20_Curve 98/128 | Building BVH
Fra:1 Mem:248.16M (Peak 819.63M) | Time:00:02.96 | Mem:19.76M, Peak:68.83M | Scene, ViewLayer | Updating Geometry BVH VB_WaterfallStreak_20_Curve 98/128 | Building OptiX acceleration structure
Fra:1 Mem:248.16M (Peak 819.63M) | Time:00:02.96 | Mem:19.70M, Peak:68.83M | Scene, ViewLayer | Updating Geometry BVH VB_WaterfallSheet_0_Mesh 73/128 | Building BVH
Fra:1 Mem:248.16M (Peak 819.63M) | Time:00:02.96 | Mem:19.81M, Peak:68.83M | Scene, ViewLayer | Updating Geometry BVH VB_WaterfallSheet_0_Mesh 73/128 | Building OptiX acceleration structure
Fra:1 Mem:248.14M (Peak 819.63M) | Time:00:02.96 | Mem:19.71M, Peak:68.83M | Scene, ViewLayer | Updating Geometry BVH VB_WaterfallSheet_1_Mesh 74/128 | Building BVH
Fra:1 Mem:248.14M (Peak 819.63M) | Time:00:02.96 | Mem:19.74M, Peak:68.83M | Scene, ViewLayer | Updating Geometry BVH VB_WaterfallSheet_1_Mesh 74/128 | Building OptiX acceleration structure
Fra:1 Mem:248.13M (Peak 819.63M) | Time:00:02.96 | Mem:19.71M, Peak:68.83M | Scene, ViewLayer | Updating Geometry BVH VB_WaterfallSheet_2_Mesh 75/128 | Building BVH
Fra:1 Mem:248.14M (Peak 819.63M) | Time:00:02.96 | Mem:19.73M, Peak:68.83M | Scene, ViewLayer | Updating Geometry BVH VB_WaterfallSheet_2_Mesh 75/128 | Building OptiX acceleration structure
Fra:1 Mem:248.14M (Peak 819.63M) | Time:00:02.96 | Mem:19.72M, Peak:68.83M | Scene, ViewLayer | Updating Geometry BVH VB_WaterfallStreak_19_Curve 97/128 | Building BVH
Fra:1 Mem:248.14M (Peak 819.63M) | Time:00:02.96 | Mem:19.74M, Peak:68.83M | Scene, ViewLayer | Updating Geometry BVH VB_WaterfallStreak_19_Curve 97/128 | Building OptiX acceleration structure
Fra:1 Mem:248.14M (Peak 819.63M) | Time:00:02.96 | Mem:19.72M, Peak:68.83M | Scene, ViewLayer | Updating Geometry BVH VB_WaterfallSheet_3_Mesh 76/128 | Building BVH
Fra:1 Mem:248.14M (Peak 819.63M) | Time:00:02.96 | Mem:19.74M, Peak:68.83M | Scene, ViewLayer | Updating Geometry BVH VB_WaterfallSheet_3_Mesh 76/128 | Building OptiX acceleration structure
Fra:1 Mem:248.14M (Peak 819.63M) | Time:00:02.96 | Mem:19.73M, Peak:68.83M | Scene, ViewLayer | Updating Geometry BVH VB_WaterfallSheet_4_Mesh 77/128 | Building BVH
Fra:1 Mem:248.14M (Peak 819.63M) | Time:00:02.96 | Mem:19.75M, Peak:68.83M | Scene, ViewLayer | Updating Geometry BVH VB_WaterfallSheet_4_Mesh 77/128 | Building OptiX acceleration structure
Fra:1 Mem:248.14M (Peak 819.63M) | Time:00:02.96 | Mem:19.73M, Peak:68.83M | Scene, ViewLayer | Updating Geometry BVH VB_WaterfallStreak_00_Curve 78/128 | Building BVH
Fra:1 Mem:248.14M (Peak 819.63M) | Time:00:02.96 | Mem:19.74M, Peak:68.83M | Scene, ViewLayer | Updating Geometry BVH VB_WaterfallStreak_00_Curve 78/128 | Building OptiX acceleration structure
Fra:1 Mem:248.14M (Peak 819.63M) | Time:00:02.96 | Mem:19.73M, Peak:68.83M | Scene, ViewLayer | Updating Geometry BVH VB_WaterfallStreak_18_Curve 96/128 | Building BVH
Fra:1 Mem:248.14M (Peak 819.63M) | Time:00:02.96 | Mem:19.75M, Peak:68.83M | Scene, ViewLayer | Updating Geometry BVH VB_WaterfallStreak_18_Curve 96/128 | Building OptiX acceleration structure
Fra:1 Mem:248.13M (Peak 819.63M) | Time:00:02.96 | Mem:19.73M, Peak:68.83M | Scene, ViewLayer | Updating Geometry BVH VB_WaterfallStreak_01_Curve 79/128 | Building BVH
Fra:1 Mem:248.13M (Peak 819.63M) | Time:00:02.96 | Mem:19.76M, Peak:68.83M | Scene, ViewLayer | Updating Geometry BVH VB_WaterfallStreak_01_Curve 79/128 | Building OptiX acceleration structure
Fra:1 Mem:248.13M (Peak 819.63M) | Time:00:02.96 | Mem:19.74M, Peak:68.83M | Scene, ViewLayer | Updating Geometry BVH VB_WaterfallStreak_02_Curve 80/128 | Building BVH
Fra:1 Mem:248.13M (Peak 819.63M) | Time:00:02.96 | Mem:19.75M, Peak:68.83M | Scene, ViewLayer | Updating Geometry BVH VB_WaterfallStreak_02_Curve 80/128 | Building OptiX acceleration structure
Fra:1 Mem:248.13M (Peak 819.63M) | Time:00:02.96 | Mem:19.74M, Peak:68.83M | Scene, ViewLayer | Updating Geometry BVH VB_WaterfallStreak_03_Curve 81/128 | Building BVH
Fra:1 Mem:248.13M (Peak 819.63M) | Time:00:02.96 | Mem:19.75M, Peak:68.83M | Scene, ViewLayer | Updating Geometry BVH VB_WaterfallStreak_03_Curve 81/128 | Building OptiX acceleration structure
Fra:1 Mem:248.13M (Peak 819.63M) | Time:00:02.96 | Mem:19.75M, Peak:68.83M | Scene, ViewLayer | Updating Geometry BVH VB_WaterfallStreak_17_Curve 95/128 | Building BVH
Fra:1 Mem:248.13M (Peak 819.63M) | Time:00:02.96 | Mem:19.76M, Peak:68.83M | Scene, ViewLayer | Updating Geometry BVH VB_WaterfallStreak_17_Curve 95/128 | Building OptiX acceleration structure
Fra:1 Mem:248.13M (Peak 819.63M) | Time:00:02.96 | Mem:19.74M, Peak:68.83M | Scene, ViewLayer | Updating Geometry BVH VB_WaterfallStreak_04_Curve 82/128 | Building BVH
Fra:1 Mem:248.13M (Peak 819.63M) | Time:00:02.96 | Mem:19.76M, Peak:68.83M | Scene, ViewLayer | Updating Geometry BVH VB_WaterfallStreak_04_Curve 82/128 | Building OptiX acceleration structure
Fra:1 Mem:248.13M (Peak 819.63M) | Time:00:02.96 | Mem:19.75M, Peak:68.83M | Scene, ViewLayer | Updating Geometry BVH VB_WaterfallStreak_05_Curve 83/128 | Building BVH
Fra:1 Mem:248.13M (Peak 819.63M) | Time:00:02.96 | Mem:19.76M, Peak:68.83M | Scene, ViewLayer | Updating Geometry BVH VB_WaterfallStreak_05_Curve 83/128 | Building OptiX acceleration structure
Fra:1 Mem:248.13M (Peak 819.63M) | Time:00:02.96 | Mem:19.75M, Peak:68.83M | Scene, ViewLayer | Updating Geometry BVH VB_WaterfallStreak_06_Curve 84/128 | Building BVH
Fra:1 Mem:248.13M (Peak 819.63M) | Time:00:02.97 | Mem:19.76M, Peak:68.83M | Scene, ViewLayer | Updating Geometry BVH VB_WaterfallStreak_06_Curve 84/128 | Building OptiX acceleration structure
Fra:1 Mem:248.13M (Peak 819.63M) | Time:00:02.97 | Mem:19.76M, Peak:68.83M | Scene, ViewLayer | Updating Geometry BVH VB_WaterfallStreak_16_Curve 94/128 | Building BVH
Fra:1 Mem:248.13M (Peak 819.63M) | Time:00:02.97 | Mem:19.77M, Peak:68.83M | Scene, ViewLayer | Updating Geometry BVH VB_WaterfallStreak_16_Curve 94/128 | Building OptiX acceleration structure
Fra:1 Mem:248.13M (Peak 819.63M) | Time:00:02.97 | Mem:19.75M, Peak:68.83M | Scene, ViewLayer | Updating Geometry BVH VB_WaterfallStreak_07_Curve 85/128 | Building BVH
Fra:1 Mem:248.13M (Peak 819.63M) | Time:00:02.97 | Mem:19.77M, Peak:68.83M | Scene, ViewLayer | Updating Geometry BVH VB_WaterfallStreak_07_Curve 85/128 | Building OptiX acceleration structure
Fra:1 Mem:248.13M (Peak 819.63M) | Time:00:02.97 | Mem:19.75M, Peak:68.83M | Scene, ViewLayer | Updating Geometry BVH VB_WaterfallStreak_08_Curve 86/128 | Building BVH
Fra:1 Mem:248.13M (Peak 819.63M) | Time:00:02.97 | Mem:19.77M, Peak:68.83M | Scene, ViewLayer | Updating Geometry BVH VB_WaterfallStreak_08_Curve 86/128 | Building OptiX acceleration structure
Fra:1 Mem:248.13M (Peak 819.63M) | Time:00:02.97 | Mem:19.76M, Peak:68.83M | Scene, ViewLayer | Updating Geometry BVH VB_WaterfallStreak_09_Curve 87/128 | Building BVH
Fra:1 Mem:248.13M (Peak 819.63M) | Time:00:02.97 | Mem:19.77M, Peak:68.83M | Scene, ViewLayer | Updating Geometry BVH VB_WaterfallStreak_09_Curve 87/128 | Building OptiX acceleration structure
Fra:1 Mem:248.13M (Peak 819.63M) | Time:00:02.97 | Mem:19.77M, Peak:68.83M | Scene, ViewLayer | Updating Geometry BVH VB_WaterfallStreak_15_Curve 93/128 | Building BVH
Fra:1 Mem:248.13M (Peak 819.63M) | Time:00:02.97 | Mem:19.77M, Peak:68.83M | Scene, ViewLayer | Updating Geometry BVH VB_WaterfallStreak_15_Curve 93/128 | Building OptiX acceleration structure
Fra:1 Mem:248.13M (Peak 819.63M) | Time:00:02.97 | Mem:19.76M, Peak:68.83M | Scene, ViewLayer | Updating Geometry BVH VB_WaterfallStreak_10_Curve 88/128 | Building BVH
Fra:1 Mem:248.13M (Peak 819.63M) | Time:00:02.97 | Mem:19.78M, Peak:68.83M | Scene, ViewLayer | Updating Geometry BVH VB_WaterfallStreak_10_Curve 88/128 | Building OptiX acceleration structure
Fra:1 Mem:248.13M (Peak 819.63M) | Time:00:02.97 | Mem:19.76M, Peak:68.83M | Scene, ViewLayer | Updating Geometry BVH VB_WaterfallStreak_11_Curve 89/128 | Building BVH
Fra:1 Mem:248.13M (Peak 819.63M) | Time:00:02.97 | Mem:19.78M, Peak:68.83M | Scene, ViewLayer | Updating Geometry BVH VB_WaterfallStreak_11_Curve 89/128 | Building OptiX acceleration structure
Fra:1 Mem:248.13M (Peak 819.63M) | Time:00:02.97 | Mem:19.77M, Peak:68.83M | Scene, ViewLayer | Updating Geometry BVH VB_WaterfallStreak_12_Curve 90/128 | Building BVH
Fra:1 Mem:248.13M (Peak 819.63M) | Time:00:02.97 | Mem:19.78M, Peak:68.83M | Scene, ViewLayer | Updating Geometry BVH VB_WaterfallStreak_12_Curve 90/128 | Building OptiX acceleration structure
Fra:1 Mem:248.13M (Peak 819.63M) | Time:00:02.97 | Mem:19.77M, Peak:68.83M | Scene, ViewLayer | Updating Geometry BVH VB_WaterfallStreak_14_Curve 92/128 | Building BVH
Fra:1 Mem:248.13M (Peak 819.63M) | Time:00:02.97 | Mem:19.78M, Peak:68.83M | Scene, ViewLayer | Updating Geometry BVH VB_WaterfallStreak_14_Curve 92/128 | Building OptiX acceleration structure
Fra:1 Mem:248.13M (Peak 819.63M) | Time:00:02.97 | Mem:19.77M, Peak:68.83M | Scene, ViewLayer | Updating Geometry BVH VB_WaterfallStreak_13_Curve 91/128 | Building BVH
Fra:1 Mem:248.13M (Peak 819.63M) | Time:00:02.97 | Mem:19.78M, Peak:68.83M | Scene, ViewLayer | Updating Geometry BVH VB_WaterfallStreak_13_Curve 91/128 | Building OptiX acceleration structure
Fra:1 Mem:248.13M (Peak 819.63M) | Time:00:02.97 | Mem:19.77M, Peak:68.83M | Scene, ViewLayer | Updating Scene BVH | Building
Fra:1 Mem:248.29M (Peak 819.63M) | Time:00:02.97 | Mem:19.77M, Peak:68.83M | Scene, ViewLayer | Updating Scene BVH | Building OptiX acceleration structure
Fra:1 Mem:248.29M (Peak 819.63M) | Time:00:02.98 | Mem:23.15M, Peak:68.83M | Scene, ViewLayer | Updating Scene BVH | Copying BVH to device
Fra:1 Mem:248.29M (Peak 819.63M) | Time:00:02.98 | Mem:23.15M, Peak:68.83M | Scene, ViewLayer | Updating Mesh | Computing normals
Fra:1 Mem:263.05M (Peak 819.63M) | Time:00:02.98 | Mem:23.15M, Peak:68.83M | Scene, ViewLayer | Updating Mesh | Copying Mesh to device
Fra:1 Mem:263.05M (Peak 819.63M) | Time:00:02.99 | Mem:37.91M, Peak:68.83M | Scene, ViewLayer | Updating Objects Flags
Fra:1 Mem:263.05M (Peak 819.63M) | Time:00:02.99 | Mem:38.07M, Peak:68.83M | Scene, ViewLayer | Updating Primitive Offsets
Fra:1 Mem:263.13M (Peak 819.63M) | Time:00:02.99 | Mem:38.15M, Peak:68.83M | Scene, ViewLayer | Updating Images
Fra:1 Mem:263.13M (Peak 819.63M) | Time:00:02.99 | Mem:38.15M, Peak:68.83M | Scene, ViewLayer | Updating Images | Loading sky_nishita
Fra:1 Mem:264.15M (Peak 819.63M) | Time:00:03.06 | Mem:39.15M, Peak:68.83M | Scene, ViewLayer | Updating Camera Volume
Fra:1 Mem:264.15M (Peak 819.63M) | Time:00:03.06 | Mem:39.15M, Peak:68.83M | Scene, ViewLayer | Updating Lookup Tables
Fra:1 Mem:264.15M (Peak 819.63M) | Time:00:03.06 | Mem:39.24M, Peak:68.83M | Scene, ViewLayer | Updating Lights
Fra:1 Mem:264.15M (Peak 819.63M) | Time:00:03.06 | Mem:39.24M, Peak:68.83M | Scene, ViewLayer | Updating Lights | Importance map
Fra:1 Mem:265.15M (Peak 819.63M) | Time:00:03.06 | Mem:40.25M, Peak:68.83M | Scene, ViewLayer | Updating Lights | Computing tree
Fra:1 Mem:265.31M (Peak 819.63M) | Time:00:03.07 | Mem:40.41M, Peak:68.83M | Scene, ViewLayer | Updating Integrator
Fra:1 Mem:265.31M (Peak 819.63M) | Time:00:03.07 | Mem:40.41M, Peak:68.83M | Scene, ViewLayer | Updating Film
Fra:1 Mem:265.32M (Peak 819.63M) | Time:00:03.07 | Mem:40.33M, Peak:68.83M | Scene, ViewLayer | Updating Lookup Tables
Fra:1 Mem:265.32M (Peak 819.63M) | Time:00:03.07 | Mem:40.42M, Peak:68.83M | Scene, ViewLayer | Updating Baking
Fra:1 Mem:265.32M (Peak 819.63M) | Time:00:03.07 | Mem:40.42M, Peak:68.83M | Scene, ViewLayer | Updating Device | Writing constant memory
Fra:1 Mem:265.64M (Peak 819.63M) | Time:00:03.07 | Mem:40.42M, Peak:68.83M | Scene, ViewLayer | Loading denoising kernels (may take a few minutes the first time)
Fra:1 Mem:269.65M (Peak 819.63M) | Time:00:03.08 | Mem:432.42M, Peak:432.42M | Scene, ViewLayer | Sample 0/48
Fra:1 Mem:419.94M (Peak 819.63M) | Time:00:03.13 | Remaining:00:02.37 | Mem:582.72M, Peak:582.72M | Scene, ViewLayer | Sample 1/48
Fra:1 Mem:483.23M (Peak 819.63M) | Time:00:18.28 | Mem:582.72M, Peak:582.72M | Scene, ViewLayer | Sample 48/48
Fra:1 Mem:483.23M (Peak 819.63M) | Time:00:18.28 | Mem:582.72M, Peak:582.72M | Scene, ViewLayer | Finished
Fra:1 Mem:281.31M (Peak 819.63M) | Time:00:18.36 | Compositing
Saved: 'C:\Users\Conner\OneDrive\Documents\veilbreakers-terrain\output\scene_v3\closeups\13_mountain_peak_lookdown.png'
Time: 00:19.02 (Saving: 00:00.36)

[closeup] rendered -> 13_mountain_peak_lookdown.png
Fra:1 Mem:393.07M (Peak 822.53M) | Time:00:02.66 | Mem:0.00M, Peak:0.00M | Scene, ViewLayer | Synchronizing object | VB_WaterfallMist_00
Fra:1 Mem:393.08M (Peak 822.53M) | Time:00:02.66 | Mem:0.00M, Peak:0.00M | Scene, ViewLayer | Synchronizing object | VB_WaterfallMist_02
Fra:1 Mem:393.09M (Peak 822.53M) | Time:00:02.66 | Mem:0.00M, Peak:0.00M | Scene, ViewLayer | Synchronizing object | VB_WaterfallMist_03
Fra:1 Mem:393.09M (Peak 822.53M) | Time:00:02.66 | Mem:0.00M, Peak:0.00M | Scene, ViewLayer | Synchronizing object | VB_WaterfallMist_04
Fra:1 Mem:393.10M (Peak 822.53M) | Time:00:02.66 | Mem:0.00M, Peak:0.00M | Scene, ViewLayer | Synchronizing object | VB_WaterfallMist_05
Fra:1 Mem:393.11M (Peak 822.53M) | Time:00:02.66 | Mem:0.00M, Peak:0.00M | Scene, ViewLayer | Synchronizing object | VB_WaterfallMist_06
Fra:1 Mem:393.12M (Peak 822.53M) | Time:00:02.66 | Mem:0.00M, Peak:0.00M | Scene, ViewLayer | Synchronizing object | VB_WaterfallMist_07
Fra:1 Mem:393.12M (Peak 822.53M) | Time:00:02.66 | Mem:0.00M, Peak:0.00M | Scene, ViewLayer | Synchronizing object | VB_WaterfallMist_08
Fra:1 Mem:393.13M (Peak 822.53M) | Time:00:02.66 | Mem:0.00M, Peak:0.00M | Scene, ViewLayer | Synchronizing object | VB_WaterfallMist_09
Fra:1 Mem:393.14M (Peak 822.53M) | Time:00:02.66 | Mem:0.00M, Peak:0.00M | Scene, ViewLayer | Synchronizing object | VB_WaterfallMist_10
Fra:1 Mem:393.15M (Peak 822.53M) | Time:00:02.66 | Mem:0.00M, Peak:0.00M | Scene, ViewLayer | Synchronizing object | VB_WaterfallMist_11
Fra:1 Mem:393.15M (Peak 822.53M) | Time:00:02.66 | Mem:0.00M, Peak:0.00M | Scene, ViewLayer | Synchronizing object | VB_WaterfallMist_12
Fra:1 Mem:393.16M (Peak 822.53M) | Time:00:02.66 | Mem:0.00M, Peak:0.00M | Scene, ViewLayer | Synchronizing object | VB_WaterfallMist_13
Fra:1 Mem:393.17M (Peak 822.53M) | Time:00:02.66 | Mem:0.00M, Peak:0.00M | Scene, ViewLayer | Synchronizing object | VB_WaterfallMist_14
Fra:1 Mem:393.18M (Peak 822.53M) | Time:00:02.66 | Mem:0.00M, Peak:0.00M | Scene, ViewLayer | Synchronizing object | VB_WaterfallMist_15
Fra:1 Mem:393.18M (Peak 822.53M) | Time:00:02.66 | Mem:0.00M, Peak:0.00M | Scene, ViewLayer | Synchronizing object | VB_WaterfallMist_16
Fra:1 Mem:393.19M (Peak 822.53M) | Time:00:02.66 | Mem:0.00M, Peak:0.00M | Scene, ViewLayer | Synchronizing object | VB_WaterfallMist_17
Fra:1 Mem:393.20M (Peak 822.53M) | Time:00:02.66 | Mem:0.00M, Peak:0.00M | Scene, ViewLayer | Synchronizing object | VB_WaterfallMist_18
Fra:1 Mem:393.21M (Peak 822.53M) | Time:00:02.66 | Mem:0.00M, Peak:0.00M | Scene, ViewLayer | Synchronizing object | VB_WaterfallMist_19
Fra:1 Mem:393.21M (Peak 822.53M) | Time:00:02.66 | Mem:0.00M, Peak:0.00M | Scene, ViewLayer | Synchronizing object | VB_WaterfallMist_20
Fra:1 Mem:393.22M (Peak 822.53M) | Time:00:02.66 | Mem:0.00M, Peak:0.00M | Scene, ViewLayer | Synchronizing object | VB_WaterfallMist_21
Fra:1 Mem:393.23M (Peak 822.53M) | Time:00:02.67 | Mem:0.00M, Peak:0.00M | Scene, ViewLayer | Synchronizing object | VB_WaterfallMist_22
Fra:1 Mem:393.23M (Peak 822.53M) | Time:00:02.67 | Mem:0.00M, Peak:0.00M | Scene, ViewLayer | Synchronizing object | VB_WaterfallMist_23
Fra:1 Mem:393.24M (Peak 822.53M) | Time:00:02.67 | Mem:0.00M, Peak:0.00M | Scene, ViewLayer | Synchronizing object | VB_WaterfallMist_24
Fra:1 Mem:393.25M (Peak 822.53M) | Time:00:02.67 | Mem:0.00M, Peak:0.00M | Scene, ViewLayer | Synchronizing object | VB_WaterfallMist_25
Fra:1 Mem:393.26M (Peak 822.53M) | Time:00:02.67 | Mem:0.00M, Peak:0.00M | Scene, ViewLayer | Synchronizing object | VB_WaterfallMist_26
Fra:1 Mem:393.27M (Peak 822.53M) | Time:00:02.67 | Mem:0.00M, Peak:0.00M | Scene, ViewLayer | Synchronizing object | VB_WaterfallMist_27
Fra:1 Mem:393.28M (Peak 822.53M) | Time:00:02.67 | Mem:0.00M, Peak:0.00M | Scene, ViewLayer | Synchronizing object | VB_WaterfallMist_28
Fra:1 Mem:393.29M (Peak 822.53M) | Time:00:02.67 | Mem:0.00M, Peak:0.00M | Scene, ViewLayer | Synchronizing object | VB_WaterfallMist_29
Fra:1 Mem:393.29M (Peak 822.53M) | Time:00:02.67 | Mem:0.00M, Peak:0.00M | Scene, ViewLayer | Synchronizing object | VB_WaterfallMist_30
Fra:1 Mem:393.30M (Peak 822.53M) | Time:00:02.67 | Mem:0.00M, Peak:0.00M | Scene, ViewLayer | Synchronizing object | VB_WaterfallMist_31
Fra:1 Mem:393.31M (Peak 822.53M) | Time:00:02.67 | Mem:0.00M, Peak:0.00M | Scene, ViewLayer | Synchronizing object | VB_WaterfallMist_32
Fra:1 Mem:393.32M (Peak 822.53M) | Time:00:02.67 | Mem:0.00M, Peak:0.00M | Scene, ViewLayer | Synchronizing object | VB_WaterfallMist_33
Fra:1 Mem:393.32M (Peak 822.53M) | Time:00:02.67 | Mem:0.00M, Peak:0.00M | Scene, ViewLayer | Synchronizing object | VB_WaterfallMist_34
Fra:1 Mem:393.33M (Peak 822.53M) | Time:00:02.67 | Mem:0.00M, Peak:0.00M | Scene, ViewLayer | Synchronizing object | VB_WaterfallMist_35
Fra:1 Mem:393.34M (Peak 822.53M) | Time:00:02.67 | Mem:0.00M, Peak:0.00M | Scene, ViewLayer | Synchronizing object | VB_WaterfallMist_36
Fra:1 Mem:393.35M (Peak 822.53M) | Time:00:02.67 | Mem:0.00M, Peak:0.00M | Scene, ViewLayer | Synchronizing object | VB_WaterfallMist_37
Fra:1 Mem:393.35M (Peak 822.53M) | Time:00:02.67 | Mem:0.00M, Peak:0.00M | Scene, ViewLayer | Synchronizing object | VB_WaterfallMist_38
Fra:1 Mem:393.36M (Peak 822.53M) | Time:00:02.67 | Mem:0.00M, Peak:0.00M | Scene, ViewLayer | Synchronizing object | VB_WaterfallMist_39
Fra:1 Mem:393.37M (Peak 822.53M) | Time:00:02.67 | Mem:0.00M, Peak:0.00M | Scene, ViewLayer | Synchronizing object | VB_WaterfallMist_40
Fra:1 Mem:393.38M (Peak 822.53M) | Time:00:02.67 | Mem:0.00M, Peak:0.00M | Scene, ViewLayer | Synchronizing object | VB_WaterfallMist_41
Fra:1 Mem:393.38M (Peak 822.53M) | Time:00:02.67 | Mem:0.00M, Peak:0.00M | Scene, ViewLayer | Synchronizing object | VB_WaterfallMist_42
Fra:1 Mem:393.39M (Peak 822.53M) | Time:00:02.67 | Mem:0.00M, Peak:0.00M | Scene, ViewLayer | Synchronizing object | VB_WaterfallMist_43
Fra:1 Mem:393.40M (Peak 822.53M) | Time:00:02.67 | Mem:0.00M, Peak:0.00M | Scene, ViewLayer | Synchronizing object | VB_WaterfallMist_44
Fra:1 Mem:393.40M (Peak 822.53M) | Time:00:02.67 | Mem:0.00M, Peak:0.00M | Scene, ViewLayer | Synchronizing object | VB_WaterfallMist_45
Fra:1 Mem:393.41M (Peak 822.53M) | Time:00:02.67 | Mem:0.00M, Peak:0.00M | Scene, ViewLayer | Synchronizing object | VB_Talus_000
Fra:1 Mem:393.42M (Peak 822.53M) | Time:00:02.67 | Mem:0.00M, Peak:0.00M | Scene, ViewLayer | Synchronizing object | VB_Talus_001
Fra:1 Mem:393.43M (Peak 822.53M) | Time:00:02.67 | Mem:0.00M, Peak:0.00M | Scene, ViewLayer | Synchronizing object | VB_Talus_002
Fra:1 Mem:393.44M (Peak 822.53M) | Time:00:02.67 | Mem:0.00M, Peak:0.00M | Scene, ViewLayer | Synchronizing object | VB_Talus_004
Fra:1 Mem:393.44M (Peak 822.53M) | Time:00:02.67 | Mem:0.00M, Peak:0.00M | Scene, ViewLayer | Synchronizing object | VB_Talus_009
Fra:1 Mem:393.45M (Peak 822.53M) | Time:00:02.67 | Mem:0.00M, Peak:0.00M | Scene, ViewLayer | Synchronizing object | VB_Tree_000
Fra:1 Mem:393.46M (Peak 822.53M) | Time:00:02.67 | Mem:0.00M, Peak:0.00M | Scene, ViewLayer | Synchronizing object | VB_Tree_004
Fra:1 Mem:393.47M (Peak 822.53M) | Time:00:02.67 | Mem:0.00M, Peak:0.00M | Scene, ViewLayer | Synchronizing object | VB_Rock_000
Fra:1 Mem:393.48M (Peak 822.53M) | Time:00:02.67 | Mem:0.00M, Peak:0.00M | Scene, ViewLayer | Synchronizing object | VB_Rock_001
Fra:1 Mem:393.49M (Peak 822.53M) | Time:00:02.67 | Mem:0.00M, Peak:0.00M | Scene, ViewLayer | Synchronizing object | VB_Rock_003
Fra:1 Mem:393.50M (Peak 822.53M) | Time:00:02.67 | Mem:0.00M, Peak:0.00M | Scene, ViewLayer | Synchronizing object | VB_Rock_006
Fra:1 Mem:393.52M (Peak 822.53M) | Time:00:02.67 | Mem:0.00M, Peak:0.00M | Scene, ViewLayer | Synchronizing object | VB_GrassClump_0000
Fra:1 Mem:393.52M (Peak 822.53M) | Time:00:02.67 | Mem:0.00M, Peak:0.00M | Scene, ViewLayer | Synchronizing object | VB_GrassClump_0004
Fra:1 Mem:393.53M (Peak 822.53M) | Time:00:02.67 | Mem:0.00M, Peak:0.00M | Scene, ViewLayer | Synchronizing object | VB_GrassClump_0024
Fra:1 Mem:398.01M (Peak 822.53M) | Time:00:02.69 | Mem:0.00M, Peak:0.00M | Scene, ViewLayer | Synchronizing object | VB_Terrain
Fra:1 Mem:398.01M (Peak 822.53M) | Time:00:02.69 | Mem:0.00M, Peak:0.00M | Scene, ViewLayer | Synchronizing object | VB_GrassBlade
Fra:1 Mem:428.77M (Peak 822.53M) | Time:00:02.76 | Mem:0.00M, Peak:0.00M | Scene, ViewLayer | Synchronizing object | VB_Beach
Fra:1 Mem:428.77M (Peak 822.53M) | Time:00:02.76 | Mem:0.00M, Peak:0.00M | Scene, ViewLayer | Synchronizing object | VB_WaterfallStreak_00
Fra:1 Mem:428.78M (Peak 822.53M) | Time:00:02.76 | Mem:0.00M, Peak:0.00M | Scene, ViewLayer | Synchronizing object | VB_StreamBed_Lower
Fra:1 Mem:428.92M (Peak 822.53M) | Time:00:02.76 | Mem:0.00M, Peak:0.00M | Scene, ViewLayer | Synchronizing object | VB_DampBank_Upper
Fra:1 Mem:428.94M (Peak 822.53M) | Time:00:02.76 | Mem:0.00M, Peak:0.00M | Scene, ViewLayer | Synchronizing object | VB_DampBank_Lower
Fra:1 Mem:428.95M (Peak 822.53M) | Time:00:02.76 | Mem:0.00M, Peak:0.00M | Scene, ViewLayer | Synchronizing object | VB_WaterfallStreak_01
Fra:1 Mem:428.99M (Peak 822.53M) | Time:00:02.76 | Mem:0.00M, Peak:0.00M | Scene, ViewLayer | Synchronizing object | VB_River_Upper
Fra:1 Mem:429.01M (Peak 822.53M) | Time:00:02.76 | Mem:0.00M, Peak:0.00M | Scene, ViewLayer | Synchronizing object | VB_River_Lower
Fra:1 Mem:429.06M (Peak 822.53M) | Time:00:02.76 | Mem:0.00M, Peak:0.00M | Scene, ViewLayer | Synchronizing object | VB_WaterfallChuteBed
Fra:1 Mem:429.06M (Peak 822.53M) | Time:00:02.76 | Mem:0.00M, Peak:0.00M | Scene, ViewLayer | Synchronizing object | VB_WaterfallStreak_02
Fra:1 Mem:429.08M (Peak 822.53M) | Time:00:02.76 | Mem:0.00M, Peak:0.00M | Scene, ViewLayer | Synchronizing object | VB_WaterfallSheet_0
Fra:1 Mem:429.11M (Peak 822.53M) | Time:00:02.76 | Mem:0.00M, Peak:0.00M | Scene, ViewLayer | Synchronizing object | VB_WaterfallSheet_1
Fra:1 Mem:429.13M (Peak 822.53M) | Time:00:02.76 | Mem:0.00M, Peak:0.00M | Scene, ViewLayer | Synchronizing object | VB_WaterfallSheet_2
Fra:1 Mem:429.13M (Peak 822.53M) | Time:00:02.76 | Mem:0.00M, Peak:0.00M | Scene, ViewLayer | Synchronizing object | VB_WaterfallStreak_03
Fra:1 Mem:429.14M (Peak 822.53M) | Time:00:02.76 | Mem:0.00M, Peak:0.00M | Scene, ViewLayer | Synchronizing object | VB_WaterfallSheet_3
Fra:1 Mem:429.15M (Peak 822.53M) | Time:00:02.76 | Mem:0.00M, Peak:0.00M | Scene, ViewLayer | Synchronizing object | VB_WaterfallSheet_4
Fra:1 Mem:429.17M (Peak 822.53M) | Time:00:02.76 | Mem:0.00M, Peak:0.00M | Scene, ViewLayer | Synchronizing object | VB_WaterfallStreak_04
Fra:1 Mem:429.18M (Peak 822.53M) | Time:00:02.76 | Mem:0.00M, Peak:0.00M | Scene, ViewLayer | Synchronizing object | VB_WaterfallStreak_05
Fra:1 Mem:429.19M (Peak 822.53M) | Time:00:02.76 | Mem:0.00M, Peak:0.00M | Scene, ViewLayer | Synchronizing object | VB_WaterfallStreak_06
Fra:1 Mem:429.19M (Peak 822.53M) | Time:00:02.76 | Mem:0.00M, Peak:0.00M | Scene, ViewLayer | Synchronizing object | VB_WaterfallStreak_07
Fra:1 Mem:429.20M (Peak 822.53M) | Time:00:02.76 | Mem:0.00M, Peak:0.00M | Scene, ViewLayer | Synchronizing object | VB_WaterfallStreak_08
Fra:1 Mem:429.21M (Peak 822.53M) | Time:00:02.76 | Mem:0.00M, Peak:0.00M | Scene, ViewLayer | Synchronizing object | VB_WaterfallStreak_09
Fra:1 Mem:429.21M (Peak 822.53M) | Time:00:02.76 | Mem:0.00M, Peak:0.00M | Scene, ViewLayer | Synchronizing object | VB_WaterfallStreak_10
Fra:1 Mem:429.22M (Peak 822.53M) | Time:00:02.76 | Mem:0.00M, Peak:0.00M | Scene, ViewLayer | Synchronizing object | VB_WaterfallStreak_11
Fra:1 Mem:429.23M (Peak 822.53M) | Time:00:02.76 | Mem:0.00M, Peak:0.00M | Scene, ViewLayer | Synchronizing object | VB_WaterfallStreak_12
Fra:1 Mem:429.23M (Peak 822.53M) | Time:00:02.76 | Mem:0.00M, Peak:0.00M | Scene, ViewLayer | Synchronizing object | VB_WaterfallStreak_13
Fra:1 Mem:429.24M (Peak 822.53M) | Time:00:02.76 | Mem:0.00M, Peak:0.00M | Scene, ViewLayer | Synchronizing object | VB_WaterfallStreak_14
Fra:1 Mem:429.25M (Peak 822.53M) | Time:00:02.76 | Mem:0.00M, Peak:0.00M | Scene, ViewLayer | Synchronizing object | VB_WaterfallStreak_15
Fra:1 Mem:429.25M (Peak 822.53M) | Time:00:02.76 | Mem:0.00M, Peak:0.00M | Scene, ViewLayer | Synchronizing object | VB_WaterfallStreak_16
Fra:1 Mem:429.26M (Peak 822.53M) | Time:00:02.76 | Mem:0.00M, Peak:0.00M | Scene, ViewLayer | Synchronizing object | VB_WaterfallStreak_17
Fra:1 Mem:429.27M (Peak 822.53M) | Time:00:02.76 | Mem:0.00M, Peak:0.00M | Scene, ViewLayer | Synchronizing object | VB_WaterfallStreak_18
Fra:1 Mem:429.27M (Peak 822.53M) | Time:00:02.76 | Mem:0.00M, Peak:0.00M | Scene, ViewLayer | Synchronizing object | VB_WaterfallStreak_19
Fra:1 Mem:429.28M (Peak 822.53M) | Time:00:02.76 | Mem:0.00M, Peak:0.00M | Scene, ViewLayer | Synchronizing object | VB_WaterfallStreak_20
Fra:1 Mem:429.29M (Peak 822.53M) | Time:00:02.76 | Mem:0.00M, Peak:0.00M | Scene, ViewLayer | Synchronizing object | VB_WaterfallStreak_21
Fra:1 Mem:429.29M (Peak 822.53M) | Time:00:02.76 | Mem:0.00M, Peak:0.00M | Scene, ViewLayer | Synchronizing object | VB_WaterfallStreak_22
Fra:1 Mem:429.30M (Peak 822.53M) | Time:00:02.76 | Mem:0.00M, Peak:0.00M | Scene, ViewLayer | Synchronizing object | VB_WaterfallStreak_23
Fra:1 Mem:429.31M (Peak 822.53M) | Time:00:02.76 | Mem:0.00M, Peak:0.00M | Scene, ViewLayer | Synchronizing object | VB_WaterfallStreak_24
Fra:1 Mem:429.31M (Peak 822.53M) | Time:00:02.76 | Mem:0.00M, Peak:0.00M | Scene, ViewLayer | Synchronizing object | VB_WaterfallStreak_25
Fra:1 Mem:429.32M (Peak 822.53M) | Time:00:02.76 | Mem:0.00M, Peak:0.00M | Scene, ViewLayer | Synchronizing object | VB_WaterfallStreak_26
Fra:1 Mem:429.33M (Peak 822.53M) | Time:00:02.76 | Mem:0.00M, Peak:0.00M | Scene, ViewLayer | Synchronizing object | VB_WaterfallStreak_27
Fra:1 Mem:429.34M (Peak 822.53M) | Time:00:02.76 | Mem:0.00M, Peak:0.00M | Scene, ViewLayer | Synchronizing object | VB_WaterfallStreak_28
Fra:1 Mem:429.34M (Peak 822.53M) | Time:00:02.76 | Mem:0.00M, Peak:0.00M | Scene, ViewLayer | Synchronizing object | VB_WaterfallStreak_29
Fra:1 Mem:429.35M (Peak 822.53M) | Time:00:02.76 | Mem:0.00M, Peak:0.00M | Scene, ViewLayer | Synchronizing object | VB_WaterfallStreak_30
Fra:1 Mem:429.36M (Peak 822.53M) | Time:00:02.76 | Mem:0.00M, Peak:0.00M | Scene, ViewLayer | Synchronizing object | VB_WaterfallStreak_31
Fra:1 Mem:429.36M (Peak 822.53M) | Time:00:02.76 | Mem:0.00M, Peak:0.00M | Scene, ViewLayer | Synchronizing object | VB_WaterfallStreak_32
Fra:1 Mem:429.37M (Peak 822.53M) | Time:00:02.76 | Mem:0.00M, Peak:0.00M | Scene, ViewLayer | Synchronizing object | VB_WaterfallStreak_33
Fra:1 Mem:429.38M (Peak 822.53M) | Time:00:02.76 | Mem:0.00M, Peak:0.00M | Scene, ViewLayer | Synchronizing object | VB_PlungePoolAeration
Fra:1 Mem:429.38M (Peak 822.53M) | Time:00:02.76 | Mem:0.00M, Peak:0.00M | Scene, ViewLayer | Synchronizing object | VB_PlungePoolWater
Fra:1 Mem:429.39M (Peak 822.53M) | Time:00:02.76 | Mem:0.00M, Peak:0.00M | Scene, ViewLayer | Synchronizing object | VB_Waterfall_Verification_Fill
Fra:1 Mem:429.40M (Peak 822.53M) | Time:00:02.76 | Mem:0.00M, Peak:0.00M | Scene, ViewLayer | Synchronizing object | VB_RiverFoam_R
Fra:1 Mem:429.40M (Peak 822.53M) | Time:00:02.76 | Mem:0.00M, Peak:0.00M | Scene, ViewLayer | Synchronizing object | VB_Terrain_Road
Fra:1 Mem:429.40M (Peak 822.53M) | Time:00:02.76 | Mem:0.00M, Peak:0.00M | Scene, ViewLayer | Synchronizing object | VB_Terrain_Road.001
Fra:1 Mem:429.40M (Peak 822.53M) | Time:00:02.76 | Mem:0.00M, Peak:0.00M | Scene, ViewLayer | Synchronizing object | VB_Closeup_Verification_Fill
Fra:1 Mem:429.40M (Peak 822.53M) | Time:00:02.76 | Mem:0.00M, Peak:0.00M | Scene, ViewLayer | Synchronizing object | VB_River_RopeBridge_Main
Fra:1 Mem:429.41M (Peak 822.53M) | Time:00:02.76 | Mem:0.00M, Peak:0.00M | Scene, ViewLayer | Synchronizing object | VB_Cliff_Strata
Fra:1 Mem:429.43M (Peak 822.53M) | Time:00:02.76 | Mem:0.00M, Peak:0.00M | Scene, ViewLayer | Synchronizing object | VB_Cliff_Ledges
Fra:1 Mem:429.43M (Peak 822.53M) | Time:00:02.76 | Mem:0.00M, Peak:0.00M | Scene, ViewLayer | Synchronizing object | VB_NorthRim
Fra:1 Mem:429.81M (Peak 822.53M) | Time:00:02.76 | Mem:0.00M, Peak:0.00M | Scene, ViewLayer | Synchronizing object | VB_Sun
Fra:1 Mem:429.80M (Peak 822.53M) | Time:00:02.76 | Mem:0.00M, Peak:0.00M | Scene, ViewLayer | Synchronizing object | VB_Bounce
Fra:1 Mem:429.80M (Peak 822.53M) | Time:00:02.76 | Mem:0.00M, Peak:0.00M | Scene, ViewLayer | Synchronizing object | VB_SkyAmb
Fra:1 Mem:429.80M (Peak 822.53M) | Time:00:02.76 | Mem:0.00M, Peak:0.00M | Scene, ViewLayer | Initializing
Fra:1 Mem:241.89M (Peak 822.53M) | Time:00:02.80 | Mem:0.00M, Peak:0.00M | Scene, ViewLayer | Waiting for render to start
Fra:1 Mem:241.89M (Peak 822.53M) | Time:00:02.80 | Mem:0.00M, Peak:0.00M | Scene, ViewLayer | Updating Scene
Fra:1 Mem:241.89M (Peak 822.53M) | Time:00:02.80 | Mem:0.00M, Peak:0.00M | Scene, ViewLayer | Updating Shaders
Fra:1 Mem:241.89M (Peak 822.53M) | Time:00:02.80 | Mem:0.00M, Peak:0.00M | Scene, ViewLayer | Loading render kernels (may take a few minutes the first time)
Fra:1 Mem:242.00M (Peak 822.53M) | Time:00:02.88 | Mem:0.04M, Peak:0.04M | Scene, ViewLayer | Updating Procedurals
Fra:1 Mem:242.00M (Peak 822.53M) | Time:00:02.88 | Mem:0.04M, Peak:0.04M | Scene, ViewLayer | Updating Background
Fra:1 Mem:242.00M (Peak 822.53M) | Time:00:02.88 | Mem:0.04M, Peak:0.04M | Scene, ViewLayer | Updating Camera
Fra:1 Mem:242.00M (Peak 822.53M) | Time:00:02.88 | Mem:0.04M, Peak:0.04M | Scene, ViewLayer | Updating Meshes Flags
Fra:1 Mem:242.00M (Peak 822.53M) | Time:00:02.88 | Mem:0.04M, Peak:0.04M | Scene, ViewLayer | Updating Objects
Fra:1 Mem:242.00M (Peak 822.53M) | Time:00:02.88 | Mem:0.04M, Peak:0.04M | Scene, ViewLayer | Updating Objects | Copying Transformations to device
Fra:1 Mem:246.99M (Peak 822.53M) | Time:00:02.88 | Mem:4.86M, Peak:4.86M | Scene, ViewLayer | Updating Particle Systems
Fra:1 Mem:246.99M (Peak 822.53M) | Time:00:02.88 | Mem:4.86M, Peak:4.86M | Scene, ViewLayer | Updating Particle Systems | Copying Particles to device
Fra:1 Mem:246.99M (Peak 822.53M) | Time:00:02.88 | Mem:4.86M, Peak:4.86M | Scene, ViewLayer | Updating Meshes
Fra:1 Mem:246.99M (Peak 822.53M) | Time:00:02.88 | Mem:4.86M, Peak:4.86M | Scene, ViewLayer | Updating Objects | Applying Static Transformations
Fra:1 Mem:246.99M (Peak 822.53M) | Time:00:02.88 | Mem:4.86M, Peak:4.86M | Scene, ViewLayer | Updating Mesh | Computing attributes
Fra:1 Mem:251.43M (Peak 822.53M) | Time:00:02.88 | Mem:4.87M, Peak:4.87M | Scene, ViewLayer | Updating Mesh | Copying Attributes to device
Fra:1 Mem:250.14M (Peak 822.53M) | Time:00:02.89 | Mem:8.02M, Peak:8.02M | Scene, ViewLayer | Updating Geometry BVH light 129/128 | Building BVH
Fra:1 Mem:250.14M (Peak 822.53M) | Time:00:02.89 | Mem:8.02M, Peak:8.02M | Scene, ViewLayer | Updating Geometry BVH Sphere.002 4/128 | Building OptiX acceleration structure
Fra:1 Mem:250.14M (Peak 822.53M) | Time:00:02.89 | Mem:8.02M, Peak:8.02M | Scene, ViewLayer | Updating Geometry BVH VB_Waterfall_Verification_Fill 128/128 | Building OptiX acceleration structure
Fra:1 Mem:250.14M (Peak 822.53M) | Time:00:02.89 | Mem:8.02M, Peak:8.02M | Scene, ViewLayer | Updating Geometry BVH VB_Closeup_Verification_Fill 127/128 | Building BVH
Fra:1 Mem:250.14M (Peak 822.53M) | Time:00:02.89 | Mem:8.02M, Peak:8.02M | Scene, ViewLayer | Updating Geometry BVH VB_Closeup_Verification_Fill 127/128 | Building OptiX acceleration structure
Fra:1 Mem:250.14M (Peak 822.53M) | Time:00:02.89 | Mem:8.03M, Peak:8.03M | Scene, ViewLayer | Updating Geometry BVH Sun.003 126/128 | Building BVH
Fra:1 Mem:250.14M (Peak 822.53M) | Time:00:02.89 | Mem:8.03M, Peak:8.03M | Scene, ViewLayer | Updating Geometry BVH Sun.003 126/128 | Building OptiX acceleration structure
Fra:1 Mem:250.14M (Peak 822.53M) | Time:00:02.89 | Mem:8.03M, Peak:8.03M | Scene, ViewLayer | Updating Geometry BVH Area 125/128 | Building BVH
Fra:1 Mem:250.14M (Peak 822.53M) | Time:00:02.89 | Mem:8.03M, Peak:8.03M | Scene, ViewLayer | Updating Geometry BVH Sphere.003 5/128 | Building OptiX acceleration structure
Fra:1 Mem:250.14M (Peak 822.53M) | Time:00:02.89 | Mem:8.03M, Peak:8.03M | Scene, ViewLayer | Updating Geometry BVH Sun.002 124/128 | Building OptiX acceleration structure
Fra:1 Mem:250.14M (Peak 822.53M) | Time:00:02.89 | Mem:8.02M, Peak:8.03M | Scene, ViewLayer | Updating Geometry BVH Sun.001 123/128 | Building BVH
Fra:1 Mem:250.14M (Peak 822.53M) | Time:00:02.89 | Mem:8.03M, Peak:8.03M | Scene, ViewLayer | Updating Geometry BVH Sphere.004 6/128 | Building OptiX acceleration structure
Fra:1 Mem:250.14M (Peak 822.53M) | Time:00:02.89 | Mem:8.03M, Peak:8.03M | Scene, ViewLayer | Updating Geometry BVH Sun 122/128 | Building OptiX acceleration structure
Fra:1 Mem:250.14M (Peak 822.53M) | Time:00:02.89 | Mem:8.03M, Peak:8.03M | Scene, ViewLayer | Updating Geometry BVH VB_Cliff_Ledges_Mesh 121/128 | Building BVH
Fra:1 Mem:250.14M (Peak 822.53M) | Time:00:02.89 | Mem:8.03M, Peak:8.03M | Scene, ViewLayer | Updating Geometry BVH Sphere.005 7/128 | Building OptiX acceleration structure
Fra:1 Mem:250.14M (Peak 822.53M) | Time:00:02.89 | Mem:8.03M, Peak:8.03M | Scene, ViewLayer | Updating Geometry BVH VB_Cliff_Strata_Mesh 120/128 | Building OptiX acceleration structure
Fra:1 Mem:250.14M (Peak 822.53M) | Time:00:02.89 | Mem:8.04M, Peak:8.04M | Scene, ViewLayer | Updating Geometry BVH Sphere.006 8/128 | Building BVH
Fra:1 Mem:250.14M (Peak 822.53M) | Time:00:02.89 | Mem:8.04M, Peak:8.04M | Scene, ViewLayer | Updating Geometry BVH Sphere.006 8/128 | Building OptiX acceleration structure
Fra:1 Mem:250.14M (Peak 822.53M) | Time:00:02.89 | Mem:8.03M, Peak:8.04M | Scene, ViewLayer | Updating Geometry BVH VB_River_RopeBridge_Main_Mesh 119/128 | Building BVH
Fra:1 Mem:250.14M (Peak 822.53M) | Time:00:02.89 | Mem:8.04M, Peak:8.04M | Scene, ViewLayer | Updating Geometry BVH Sphere.007 9/128 | Building OptiX acceleration structure
Fra:1 Mem:250.33M (Peak 822.53M) | Time:00:02.89 | Mem:8.14M, Peak:8.14M | Scene, ViewLayer | Updating Geometry BVH Sphere.008 10/128 | Building BVH
Fra:1 Mem:250.33M (Peak 822.53M) | Time:00:02.89 | Mem:8.15M, Peak:8.15M | Scene, ViewLayer | Updating Geometry BVH Sphere.008 10/128 | Building OptiX acceleration structure
Fra:1 Mem:250.33M (Peak 822.53M) | Time:00:02.89 | Mem:8.21M, Peak:8.22M | Scene, ViewLayer | Updating Geometry BVH Sphere.009 11/128 | Building BVH
Fra:1 Mem:250.33M (Peak 822.53M) | Time:00:02.89 | Mem:9.11M, Peak:9.11M | Scene, ViewLayer | Updating Geometry BVH Sphere.009 11/128 | Building OptiX acceleration structure
Fra:1 Mem:250.14M (Peak 822.53M) | Time:00:02.89 | Mem:8.22M, Peak:9.11M | Scene, ViewLayer | Updating Geometry BVH VB_Terrain_Road.001 118/128 | Building BVH
Fra:1 Mem:250.14M (Peak 822.53M) | Time:00:02.89 | Mem:8.23M, Peak:9.11M | Scene, ViewLayer | Updating Geometry BVH VB_Terrain_Road.001 118/128 | Building OptiX acceleration structure
Fra:1 Mem:250.15M (Peak 822.53M) | Time:00:02.89 | Mem:8.22M, Peak:9.11M | Scene, ViewLayer | Updating Geometry BVH Sphere.010 12/128 | Building BVH
Fra:1 Mem:250.15M (Peak 822.53M) | Time:00:02.89 | Mem:8.23M, Peak:9.11M | Scene, ViewLayer | Updating Geometry BVH Sphere.010 12/128 | Building OptiX acceleration structure
Fra:1 Mem:250.15M (Peak 822.53M) | Time:00:02.89 | Mem:8.22M, Peak:9.11M | Scene, ViewLayer | Updating Geometry BVH Sphere.011 13/128 | Building BVH
Fra:1 Mem:250.15M (Peak 822.53M) | Time:00:02.89 | Mem:8.23M, Peak:9.11M | Scene, ViewLayer | Updating Geometry BVH Sphere.011 13/128 | Building OptiX acceleration structure
Fra:1 Mem:250.15M (Peak 822.53M) | Time:00:02.89 | Mem:8.23M, Peak:9.11M | Scene, ViewLayer | Updating Geometry BVH Sphere.012 14/128 | Building BVH
Fra:1 Mem:250.15M (Peak 822.53M) | Time:00:02.89 | Mem:8.25M, Peak:9.11M | Scene, ViewLayer | Updating Geometry BVH Sphere.012 14/128 | Building OptiX acceleration structure
Fra:1 Mem:250.14M (Peak 822.53M) | Time:00:02.89 | Mem:8.23M, Peak:9.11M | Scene, ViewLayer | Updating Geometry BVH VB_Terrain_Road 117/128 | Building BVH
Fra:1 Mem:250.14M (Peak 822.53M) | Time:00:02.89 | Mem:8.24M, Peak:9.11M | Scene, ViewLayer | Updating Geometry BVH VB_Terrain_Road 117/128 | Building OptiX acceleration structure
Fra:1 Mem:250.15M (Peak 822.53M) | Time:00:02.89 | Mem:8.23M, Peak:9.11M | Scene, ViewLayer | Updating Geometry BVH Sphere.013 15/128 | Building BVH
Fra:1 Mem:250.15M (Peak 822.53M) | Time:00:02.90 | Mem:8.24M, Peak:9.11M | Scene, ViewLayer | Updating Geometry BVH Sphere.013 15/128 | Building OptiX acceleration structure
Fra:1 Mem:250.15M (Peak 822.53M) | Time:00:02.90 | Mem:8.24M, Peak:9.11M | Scene, ViewLayer | Updating Geometry BVH Sphere.014 16/128 | Building BVH
Fra:1 Mem:250.15M (Peak 822.53M) | Time:00:02.90 | Mem:8.25M, Peak:9.11M | Scene, ViewLayer | Updating Geometry BVH Sphere.014 16/128 | Building OptiX acceleration structure
Fra:1 Mem:250.15M (Peak 822.53M) | Time:00:02.90 | Mem:8.24M, Peak:9.11M | Scene, ViewLayer | Updating Geometry BVH Sphere.015 17/128 | Building BVH
Fra:1 Mem:250.15M (Peak 822.53M) | Time:00:02.90 | Mem:8.26M, Peak:9.11M | Scene, ViewLayer | Updating Geometry BVH Sphere.015 17/128 | Building OptiX acceleration structure
Fra:1 Mem:250.14M (Peak 822.53M) | Time:00:02.90 | Mem:8.24M, Peak:9.11M | Scene, ViewLayer | Updating Geometry BVH VB_RiverFoam_R_Mesh 116/128 | Building BVH
Fra:1 Mem:250.15M (Peak 822.53M) | Time:00:02.90 | Mem:8.25M, Peak:9.11M | Scene, ViewLayer | Updating Geometry BVH VB_RiverFoam_R_Mesh 116/128 | Building OptiX acceleration structure
Fra:1 Mem:250.14M (Peak 822.53M) | Time:00:02.90 | Mem:8.24M, Peak:9.11M | Scene, ViewLayer | Updating Geometry BVH Sphere.016 18/128 | Building BVH
Fra:1 Mem:250.14M (Peak 822.53M) | Time:00:02.90 | Mem:8.25M, Peak:9.11M | Scene, ViewLayer | Updating Geometry BVH Sphere.016 18/128 | Building OptiX acceleration structure
Fra:1 Mem:250.14M (Peak 822.53M) | Time:00:02.90 | Mem:8.24M, Peak:9.11M | Scene, ViewLayer | Updating Geometry BVH Sphere.017 19/128 | Building BVH
Fra:1 Mem:250.14M (Peak 822.53M) | Time:00:02.90 | Mem:8.25M, Peak:9.11M | Scene, ViewLayer | Updating Geometry BVH Sphere.017 19/128 | Building OptiX acceleration structure
Fra:1 Mem:250.14M (Peak 822.53M) | Time:00:02.90 | Mem:8.25M, Peak:9.11M | Scene, ViewLayer | Updating Geometry BVH Sphere.018 20/128 | Building BVH
Fra:1 Mem:250.14M (Peak 822.53M) | Time:00:02.90 | Mem:8.25M, Peak:9.11M | Scene, ViewLayer | Updating Geometry BVH Sphere.018 20/128 | Building OptiX acceleration structure
Fra:1 Mem:250.15M (Peak 822.53M) | Time:00:02.90 | Mem:8.26M, Peak:9.11M | Scene, ViewLayer | Updating Geometry BVH VB_RiverFoam_L_Mesh 115/128 | Building BVH
Fra:1 Mem:250.15M (Peak 822.53M) | Time:00:02.90 | Mem:8.26M, Peak:9.11M | Scene, ViewLayer | Updating Geometry BVH VB_RiverFoam_L_Mesh 115/128 | Building OptiX acceleration structure
Fra:1 Mem:250.14M (Peak 822.53M) | Time:00:02.90 | Mem:8.25M, Peak:9.11M | Scene, ViewLayer | Updating Geometry BVH Sphere.019 21/128 | Building BVH
Fra:1 Mem:250.14M (Peak 822.53M) | Time:00:02.90 | Mem:8.26M, Peak:9.11M | Scene, ViewLayer | Updating Geometry BVH Sphere.019 21/128 | Building OptiX acceleration structure
Fra:1 Mem:250.14M (Peak 822.53M) | Time:00:02.90 | Mem:8.25M, Peak:9.11M | Scene, ViewLayer | Updating Geometry BVH Sphere.020 22/128 | Building BVH
Fra:1 Mem:250.14M (Peak 822.53M) | Time:00:02.90 | Mem:8.26M, Peak:9.11M | Scene, ViewLayer | Updating Geometry BVH Sphere.020 22/128 | Building OptiX acceleration structure
Fra:1 Mem:250.14M (Peak 822.53M) | Time:00:02.90 | Mem:8.25M, Peak:9.11M | Scene, ViewLayer | Updating Geometry BVH Sphere.021 23/128 | Building BVH
Fra:1 Mem:250.14M (Peak 822.53M) | Time:00:02.90 | Mem:8.26M, Peak:9.11M | Scene, ViewLayer | Updating Geometry BVH Sphere.021 23/128 | Building OptiX acceleration structure
Fra:1 Mem:250.15M (Peak 822.53M) | Time:00:02.90 | Mem:8.26M, Peak:9.11M | Scene, ViewLayer | Updating Geometry BVH VB_PlungePoolWater_Mesh 114/128 | Building BVH
Fra:1 Mem:250.15M (Peak 822.53M) | Time:00:02.90 | Mem:8.27M, Peak:9.11M | Scene, ViewLayer | Updating Geometry BVH VB_PlungePoolWater_Mesh 114/128 | Building OptiX acceleration structure
Fra:1 Mem:250.15M (Peak 822.53M) | Time:00:02.90 | Mem:8.26M, Peak:9.11M | Scene, ViewLayer | Updating Geometry BVH Sphere.022 24/128 | Building BVH
Fra:1 Mem:250.15M (Peak 822.53M) | Time:00:02.90 | Mem:8.27M, Peak:9.11M | Scene, ViewLayer | Updating Geometry BVH Sphere.022 24/128 | Building OptiX acceleration structure
Fra:1 Mem:250.15M (Peak 822.53M) | Time:00:02.90 | Mem:8.26M, Peak:9.11M | Scene, ViewLayer | Updating Geometry BVH Sphere.023 25/128 | Building BVH
Fra:1 Mem:250.15M (Peak 822.53M) | Time:00:02.90 | Mem:8.27M, Peak:9.11M | Scene, ViewLayer | Updating Geometry BVH Sphere.023 25/128 | Building OptiX acceleration structure
Fra:1 Mem:250.15M (Peak 822.53M) | Time:00:02.90 | Mem:8.26M, Peak:9.11M | Scene, ViewLayer | Updating Geometry BVH Sphere.024 26/128 | Building BVH
Fra:1 Mem:250.15M (Peak 822.53M) | Time:00:02.90 | Mem:8.28M, Peak:9.11M | Scene, ViewLayer | Updating Geometry BVH Sphere.024 26/128 | Building OptiX acceleration structure
Fra:1 Mem:250.15M (Peak 822.53M) | Time:00:02.90 | Mem:8.26M, Peak:9.11M | Scene, ViewLayer | Updating Geometry BVH VB_PlungePoolBed_Mesh 113/128 | Building BVH
Fra:1 Mem:250.15M (Peak 822.53M) | Time:00:02.90 | Mem:8.27M, Peak:9.11M | Scene, ViewLayer | Updating Geometry BVH VB_PlungePoolBed_Mesh 113/128 | Building OptiX acceleration structure
Fra:1 Mem:250.15M (Peak 822.53M) | Time:00:02.90 | Mem:8.27M, Peak:9.11M | Scene, ViewLayer | Updating Geometry BVH Sphere.025 27/128 | Building BVH
Fra:1 Mem:250.15M (Peak 822.53M) | Time:00:02.90 | Mem:8.28M, Peak:9.11M | Scene, ViewLayer | Updating Geometry BVH Sphere.025 27/128 | Building OptiX acceleration structure
Fra:1 Mem:250.15M (Peak 822.53M) | Time:00:02.90 | Mem:8.27M, Peak:9.11M | Scene, ViewLayer | Updating Geometry BVH Sphere.026 28/128 | Building BVH
Fra:1 Mem:250.15M (Peak 822.53M) | Time:00:02.90 | Mem:8.28M, Peak:9.11M | Scene, ViewLayer | Updating Geometry BVH Sphere.026 28/128 | Building OptiX acceleration structure
Fra:1 Mem:250.15M (Peak 822.53M) | Time:00:02.90 | Mem:8.27M, Peak:9.11M | Scene, ViewLayer | Updating Geometry BVH Sphere.027 29/128 | Building BVH
Fra:1 Mem:250.15M (Peak 822.53M) | Time:00:02.90 | Mem:8.28M, Peak:9.11M | Scene, ViewLayer | Updating Geometry BVH Sphere.027 29/128 | Building OptiX acceleration structure
Fra:1 Mem:250.15M (Peak 822.53M) | Time:00:02.90 | Mem:8.27M, Peak:9.11M | Scene, ViewLayer | Updating Geometry BVH VB_PlungePoolAeration_Mesh 112/128 | Building BVH
Fra:1 Mem:250.15M (Peak 822.53M) | Time:00:02.90 | Mem:8.28M, Peak:9.11M | Scene, ViewLayer | Updating Geometry BVH VB_PlungePoolAeration_Mesh 112/128 | Building OptiX acceleration structure
Fra:1 Mem:250.15M (Peak 822.53M) | Time:00:02.90 | Mem:8.28M, Peak:9.11M | Scene, ViewLayer | Updating Geometry BVH Sphere.028 30/128 | Building BVH
Fra:1 Mem:250.15M (Peak 822.53M) | Time:00:02.90 | Mem:8.29M, Peak:9.11M | Scene, ViewLayer | Updating Geometry BVH Sphere.028 30/128 | Building OptiX acceleration structure
Fra:1 Mem:250.15M (Peak 822.53M) | Time:00:02.90 | Mem:8.28M, Peak:9.11M | Scene, ViewLayer | Updating Geometry BVH Sphere.029 31/128 | Building BVH
Fra:1 Mem:250.15M (Peak 822.53M) | Time:00:02.90 | Mem:8.29M, Peak:9.11M | Scene, ViewLayer | Updating Geometry BVH Sphere.029 31/128 | Building OptiX acceleration structure
Fra:1 Mem:250.15M (Peak 822.53M) | Time:00:02.91 | Mem:8.28M, Peak:9.11M | Scene, ViewLayer | Updating Geometry BVH Sphere.030 32/128 | Building BVH
Fra:1 Mem:250.15M (Peak 822.53M) | Time:00:02.91 | Mem:8.31M, Peak:9.11M | Scene, ViewLayer | Updating Geometry BVH Sphere.030 32/128 | Building OptiX acceleration structure
Fra:1 Mem:250.15M (Peak 822.53M) | Time:00:02.91 | Mem:8.28M, Peak:9.11M | Scene, ViewLayer | Updating Geometry BVH VB_WaterfallStreak_33_Curve 111/128 | Building BVH
Fra:1 Mem:250.15M (Peak 822.53M) | Time:00:02.91 | Mem:8.29M, Peak:9.11M | Scene, ViewLayer | Updating Geometry BVH VB_WaterfallStreak_33_Curve 111/128 | Building OptiX acceleration structure
Fra:1 Mem:250.15M (Peak 822.53M) | Time:00:02.91 | Mem:8.28M, Peak:9.11M | Scene, ViewLayer | Updating Geometry BVH Sphere.031 33/128 | Building BVH
Fra:1 Mem:250.15M (Peak 822.53M) | Time:00:02.91 | Mem:8.30M, Peak:9.11M | Scene, ViewLayer | Updating Geometry BVH Sphere.031 33/128 | Building OptiX acceleration structure
Fra:1 Mem:250.15M (Peak 822.53M) | Time:00:02.91 | Mem:8.29M, Peak:9.11M | Scene, ViewLayer | Updating Geometry BVH Sphere.032 34/128 | Building BVH
Fra:1 Mem:250.15M (Peak 822.53M) | Time:00:02.91 | Mem:8.30M, Peak:9.11M | Scene, ViewLayer | Updating Geometry BVH Sphere.032 34/128 | Building OptiX acceleration structure
Fra:1 Mem:250.15M (Peak 822.53M) | Time:00:02.91 | Mem:8.30M, Peak:9.11M | Scene, ViewLayer | Updating Geometry BVH Sphere.033 35/128 | Building BVH
Fra:1 Mem:250.15M (Peak 822.53M) | Time:00:02.91 | Mem:8.30M, Peak:9.11M | Scene, ViewLayer | Updating Geometry BVH Sphere.033 35/128 | Building OptiX acceleration structure
Fra:1 Mem:250.15M (Peak 822.53M) | Time:00:02.91 | Mem:8.29M, Peak:9.11M | Scene, ViewLayer | Updating Geometry BVH VB_WaterfallStreak_32_Curve 110/128 | Building BVH
Fra:1 Mem:250.15M (Peak 822.53M) | Time:00:02.91 | Mem:8.30M, Peak:9.11M | Scene, ViewLayer | Updating Geometry BVH VB_WaterfallStreak_32_Curve 110/128 | Building OptiX acceleration structure
Fra:1 Mem:250.15M (Peak 822.53M) | Time:00:02.91 | Mem:8.29M, Peak:9.11M | Scene, ViewLayer | Updating Geometry BVH Sphere.034 36/128 | Building BVH
Fra:1 Mem:250.15M (Peak 822.53M) | Time:00:02.91 | Mem:8.30M, Peak:9.11M | Scene, ViewLayer | Updating Geometry BVH Sphere.034 36/128 | Building OptiX acceleration structure
Fra:1 Mem:250.15M (Peak 822.53M) | Time:00:02.91 | Mem:8.30M, Peak:9.11M | Scene, ViewLayer | Updating Geometry BVH Sphere.035 37/128 | Building BVH
Fra:1 Mem:250.15M (Peak 822.53M) | Time:00:02.91 | Mem:8.31M, Peak:9.11M | Scene, ViewLayer | Updating Geometry BVH Sphere.035 37/128 | Building OptiX acceleration structure
Fra:1 Mem:250.15M (Peak 822.53M) | Time:00:02.91 | Mem:8.30M, Peak:9.11M | Scene, ViewLayer | Updating Geometry BVH Sphere.036 38/128 | Building BVH
Fra:1 Mem:250.15M (Peak 822.53M) | Time:00:02.91 | Mem:8.31M, Peak:9.11M | Scene, ViewLayer | Updating Geometry BVH Sphere.036 38/128 | Building OptiX acceleration structure
Fra:1 Mem:250.15M (Peak 822.53M) | Time:00:02.91 | Mem:8.30M, Peak:9.11M | Scene, ViewLayer | Updating Geometry BVH VB_WaterfallStreak_31_Curve 109/128 | Building BVH
Fra:1 Mem:250.15M (Peak 822.53M) | Time:00:02.91 | Mem:8.31M, Peak:9.11M | Scene, ViewLayer | Updating Geometry BVH VB_WaterfallStreak_31_Curve 109/128 | Building OptiX acceleration structure
Fra:1 Mem:250.15M (Peak 822.53M) | Time:00:02.91 | Mem:8.30M, Peak:9.11M | Scene, ViewLayer | Updating Geometry BVH Sphere.037 39/128 | Building BVH
Fra:1 Mem:250.15M (Peak 822.53M) | Time:00:02.91 | Mem:8.31M, Peak:9.11M | Scene, ViewLayer | Updating Geometry BVH Sphere.037 39/128 | Building OptiX acceleration structure
Fra:1 Mem:250.15M (Peak 822.53M) | Time:00:02.91 | Mem:8.30M, Peak:9.11M | Scene, ViewLayer | Updating Geometry BVH Sphere.038 40/128 | Building BVH
Fra:1 Mem:250.15M (Peak 822.53M) | Time:00:02.91 | Mem:8.32M, Peak:9.11M | Scene, ViewLayer | Updating Geometry BVH Sphere.038 40/128 | Building OptiX acceleration structure
Fra:1 Mem:250.15M (Peak 822.53M) | Time:00:02.91 | Mem:8.32M, Peak:9.11M | Scene, ViewLayer | Updating Geometry BVH Sphere.039 41/128 | Building BVH
Fra:1 Mem:250.15M (Peak 822.53M) | Time:00:02.91 | Mem:8.32M, Peak:9.11M | Scene, ViewLayer | Updating Geometry BVH Sphere.039 41/128 | Building OptiX acceleration structure
Fra:1 Mem:250.15M (Peak 822.53M) | Time:00:02.91 | Mem:8.31M, Peak:9.11M | Scene, ViewLayer | Updating Geometry BVH VB_WaterfallStreak_30_Curve 108/128 | Building BVH
Fra:1 Mem:250.15M (Peak 822.53M) | Time:00:02.91 | Mem:8.32M, Peak:9.11M | Scene, ViewLayer | Updating Geometry BVH VB_WaterfallStreak_30_Curve 108/128 | Building OptiX acceleration structure
Fra:1 Mem:250.15M (Peak 822.53M) | Time:00:02.91 | Mem:8.31M, Peak:9.11M | Scene, ViewLayer | Updating Geometry BVH Sphere.040 42/128 | Building BVH
Fra:1 Mem:250.15M (Peak 822.53M) | Time:00:02.91 | Mem:8.32M, Peak:9.11M | Scene, ViewLayer | Updating Geometry BVH Sphere.040 42/128 | Building OptiX acceleration structure
Fra:1 Mem:250.15M (Peak 822.53M) | Time:00:02.91 | Mem:8.31M, Peak:9.11M | Scene, ViewLayer | Updating Geometry BVH Sphere.041 43/128 | Building BVH
Fra:1 Mem:250.15M (Peak 822.53M) | Time:00:02.91 | Mem:8.32M, Peak:9.11M | Scene, ViewLayer | Updating Geometry BVH Sphere.041 43/128 | Building OptiX acceleration structure
Fra:1 Mem:250.15M (Peak 822.53M) | Time:00:02.91 | Mem:8.32M, Peak:9.11M | Scene, ViewLayer | Updating Geometry BVH Sphere.042 44/128 | Building BVH
Fra:1 Mem:250.15M (Peak 822.53M) | Time:00:02.91 | Mem:8.33M, Peak:9.11M | Scene, ViewLayer | Updating Geometry BVH Sphere.042 44/128 | Building OptiX acceleration structure
Fra:1 Mem:250.15M (Peak 822.53M) | Time:00:02.91 | Mem:8.32M, Peak:9.11M | Scene, ViewLayer | Updating Geometry BVH VB_WaterfallStreak_29_Curve 107/128 | Building BVH
Fra:1 Mem:250.15M (Peak 822.53M) | Time:00:02.91 | Mem:8.33M, Peak:9.11M | Scene, ViewLayer | Updating Geometry BVH VB_WaterfallStreak_29_Curve 107/128 | Building OptiX acceleration structure
Fra:1 Mem:250.15M (Peak 822.53M) | Time:00:02.91 | Mem:8.32M, Peak:9.11M | Scene, ViewLayer | Updating Geometry BVH Sphere.043 45/128 | Building BVH
Fra:1 Mem:250.15M (Peak 822.53M) | Time:00:02.91 | Mem:8.33M, Peak:9.11M | Scene, ViewLayer | Updating Geometry BVH Sphere.043 45/128 | Building OptiX acceleration structure
Fra:1 Mem:250.15M (Peak 822.53M) | Time:00:02.91 | Mem:8.32M, Peak:9.11M | Scene, ViewLayer | Updating Geometry BVH Sphere.044 46/128 | Building BVH
Fra:1 Mem:250.15M (Peak 822.53M) | Time:00:02.91 | Mem:8.33M, Peak:9.11M | Scene, ViewLayer | Updating Geometry BVH Sphere.044 46/128 | Building OptiX acceleration structure
Fra:1 Mem:250.15M (Peak 822.53M) | Time:00:02.91 | Mem:8.32M, Peak:9.11M | Scene, ViewLayer | Updating Geometry BVH Sphere.045 47/128 | Building BVH
Fra:1 Mem:250.15M (Peak 822.53M) | Time:00:02.91 | Mem:8.34M, Peak:9.11M | Scene, ViewLayer | Updating Geometry BVH Sphere.045 47/128 | Building OptiX acceleration structure
Fra:1 Mem:250.15M (Peak 822.53M) | Time:00:02.91 | Mem:8.34M, Peak:9.11M | Scene, ViewLayer | Updating Geometry BVH VB_WaterfallStreak_28_Curve 106/128 | Building BVH
Fra:1 Mem:250.15M (Peak 822.53M) | Time:00:02.91 | Mem:8.33M, Peak:9.11M | Scene, ViewLayer | Updating Geometry BVH VB_WaterfallStreak_28_Curve 106/128 | Building OptiX acceleration structure
Fra:1 Mem:250.15M (Peak 822.53M) | Time:00:02.91 | Mem:8.34M, Peak:9.11M | Scene, ViewLayer | Updating Geometry BVH VB_TalusTpl_3 48/128 | Building BVH
Fra:1 Mem:250.15M (Peak 822.53M) | Time:00:02.91 | Mem:8.34M, Peak:9.11M | Scene, ViewLayer | Updating Geometry BVH VB_TalusTpl_3 48/128 | Building OptiX acceleration structure
Fra:1 Mem:250.15M (Peak 822.53M) | Time:00:02.91 | Mem:8.33M, Peak:9.11M | Scene, ViewLayer | Updating Geometry BVH VB_TalusTpl_0 49/128 | Building BVH
Fra:1 Mem:250.15M (Peak 822.53M) | Time:00:02.92 | Mem:8.34M, Peak:9.11M | Scene, ViewLayer | Updating Geometry BVH VB_TalusTpl_0 49/128 | Building OptiX acceleration structure
Fra:1 Mem:250.15M (Peak 822.53M) | Time:00:02.92 | Mem:8.33M, Peak:9.11M | Scene, ViewLayer | Updating Geometry BVH VB_TalusTpl_2 50/128 | Building BVH
Fra:1 Mem:250.15M (Peak 822.53M) | Time:00:02.92 | Mem:8.35M, Peak:9.11M | Scene, ViewLayer | Updating Geometry BVH VB_TalusTpl_2 50/128 | Building OptiX acceleration structure
Fra:1 Mem:250.15M (Peak 822.53M) | Time:00:02.92 | Mem:8.33M, Peak:9.11M | Scene, ViewLayer | Updating Geometry BVH VB_WaterfallStreak_27_Curve 105/128 | Building BVH
Fra:1 Mem:250.15M (Peak 822.53M) | Time:00:02.92 | Mem:8.35M, Peak:9.11M | Scene, ViewLayer | Updating Geometry BVH VB_WaterfallStreak_27_Curve 105/128 | Building OptiX acceleration structure
Fra:1 Mem:250.15M (Peak 822.53M) | Time:00:02.92 | Mem:8.34M, Peak:9.11M | Scene, ViewLayer | Updating Geometry BVH VB_TalusTpl_4 51/128 | Building BVH
Fra:1 Mem:250.15M (Peak 822.53M) | Time:00:02.92 | Mem:8.34M, Peak:9.11M | Scene, ViewLayer | Updating Geometry BVH VB_TalusTpl_4 51/128 | Building OptiX acceleration structure
Fra:1 Mem:250.15M (Peak 822.53M) | Time:00:02.92 | Mem:8.34M, Peak:9.11M | Scene, ViewLayer | Updating Geometry BVH VB_TalusTpl_1 52/128 | Building BVH
Fra:1 Mem:250.15M (Peak 822.53M) | Time:00:02.92 | Mem:8.35M, Peak:9.11M | Scene, ViewLayer | Updating Geometry BVH VB_TalusTpl_1 52/128 | Building OptiX acceleration structure
Fra:1 Mem:250.15M (Peak 822.53M) | Time:00:02.92 | Mem:8.34M, Peak:9.11M | Scene, ViewLayer | Updating Geometry BVH PineMesh 53/128 | Building BVH
Fra:1 Mem:250.15M (Peak 822.53M) | Time:00:02.92 | Mem:8.35M, Peak:9.11M | Scene, ViewLayer | Updating Geometry BVH PineMesh 53/128 | Building OptiX acceleration structure
Fra:1 Mem:250.15M (Peak 822.53M) | Time:00:02.92 | Mem:8.35M, Peak:9.11M | Scene, ViewLayer | Updating Geometry BVH VB_WaterfallStreak_26_Curve 104/128 | Building BVH
Fra:1 Mem:250.15M (Peak 822.53M) | Time:00:02.92 | Mem:8.36M, Peak:9.11M | Scene, ViewLayer | Updating Geometry BVH VB_WaterfallStreak_26_Curve 104/128 | Building OptiX acceleration structure
Fra:1 Mem:250.15M (Peak 822.53M) | Time:00:02.92 | Mem:8.35M, Peak:9.11M | Scene, ViewLayer | Updating Geometry BVH BroadTreeMesh 54/128 | Building BVH
Fra:1 Mem:250.15M (Peak 822.53M) | Time:00:02.92 | Mem:8.36M, Peak:9.11M | Scene, ViewLayer | Updating Geometry BVH BroadTreeMesh 54/128 | Building OptiX acceleration structure
Fra:1 Mem:250.15M (Peak 822.53M) | Time:00:02.92 | Mem:8.35M, Peak:9.11M | Scene, ViewLayer | Updating Geometry BVH RockTpl2 55/128 | Building BVH
Fra:1 Mem:250.15M (Peak 822.53M) | Time:00:02.92 | Mem:8.38M, Peak:9.11M | Scene, ViewLayer | Updating Geometry BVH RockTpl2 55/128 | Building OptiX acceleration structure
Fra:1 Mem:250.15M (Peak 822.53M) | Time:00:02.92 | Mem:8.36M, Peak:9.11M | Scene, ViewLayer | Updating Geometry BVH RockTpl3 56/128 | Building BVH
Fra:1 Mem:250.15M (Peak 822.53M) | Time:00:02.92 | Mem:8.37M, Peak:9.11M | Scene, ViewLayer | Updating Geometry BVH RockTpl3 56/128 | Building OptiX acceleration structure
Fra:1 Mem:250.15M (Peak 822.53M) | Time:00:02.92 | Mem:8.36M, Peak:9.11M | Scene, ViewLayer | Updating Geometry BVH VB_WaterfallStreak_25_Curve 103/128 | Building BVH
Fra:1 Mem:250.15M (Peak 822.53M) | Time:00:02.92 | Mem:8.39M, Peak:9.11M | Scene, ViewLayer | Updating Geometry BVH VB_WaterfallStreak_25_Curve 103/128 | Building OptiX acceleration structure
Fra:1 Mem:250.15M (Peak 822.53M) | Time:00:02.92 | Mem:8.37M, Peak:9.11M | Scene, ViewLayer | Updating Geometry BVH RockTpl0 57/128 | Building BVH
Fra:1 Mem:250.15M (Peak 822.53M) | Time:00:02.92 | Mem:8.38M, Peak:9.11M | Scene, ViewLayer | Updating Geometry BVH RockTpl0 57/128 | Building OptiX acceleration structure
Fra:1 Mem:250.15M (Peak 822.53M) | Time:00:02.92 | Mem:8.37M, Peak:9.11M | Scene, ViewLayer | Updating Geometry BVH RockTpl1 58/128 | Building BVH
Fra:1 Mem:250.15M (Peak 822.53M) | Time:00:02.92 | Mem:8.38M, Peak:9.11M | Scene, ViewLayer | Updating Geometry BVH RockTpl1 58/128 | Building OptiX acceleration structure
Fra:1 Mem:250.15M (Peak 822.53M) | Time:00:02.92 | Mem:8.37M, Peak:9.11M | Scene, ViewLayer | Updating Geometry BVH VB_GrassClumpShort 59/128 | Building BVH
Fra:1 Mem:250.15M (Peak 822.53M) | Time:00:02.92 | Mem:8.39M, Peak:9.11M | Scene, ViewLayer | Updating Geometry BVH VB_GrassClumpShort 59/128 | Building OptiX acceleration structure
Fra:1 Mem:250.15M (Peak 822.53M) | Time:00:02.92 | Mem:8.37M, Peak:9.11M | Scene, ViewLayer | Updating Geometry BVH VB_WaterfallStreak_24_Curve 102/128 | Building BVH
Fra:1 Mem:250.15M (Peak 822.53M) | Time:00:02.92 | Mem:8.39M, Peak:9.11M | Scene, ViewLayer | Updating Geometry BVH VB_WaterfallStreak_24_Curve 102/128 | Building OptiX acceleration structure
Fra:1 Mem:250.15M (Peak 822.53M) | Time:00:02.92 | Mem:8.38M, Peak:9.11M | Scene, ViewLayer | Updating Geometry BVH VB_GrassClumpMeadow 60/128 | Building BVH
Fra:1 Mem:250.15M (Peak 822.53M) | Time:00:02.92 | Mem:8.39M, Peak:9.11M | Scene, ViewLayer | Updating Geometry BVH VB_GrassClumpMeadow 60/128 | Building OptiX acceleration structure
Fra:1 Mem:250.15M (Peak 822.53M) | Time:00:02.92 | Mem:8.38M, Peak:9.11M | Scene, ViewLayer | Updating Geometry BVH VB_GrassClumpReed 61/128 | Building BVH
Fra:1 Mem:250.15M (Peak 822.53M) | Time:00:02.92 | Mem:8.39M, Peak:9.11M | Scene, ViewLayer | Updating Geometry BVH VB_GrassClumpReed 61/128 | Building OptiX acceleration structure
Fra:1 Mem:250.15M (Peak 822.53M) | Time:00:02.92 | Mem:8.40M, Peak:9.11M | Scene, ViewLayer | Updating Geometry BVH VB_Terrain_Mesh 62/128 | Building BVH
Fra:1 Mem:250.15M (Peak 822.53M) | Time:00:02.92 | Mem:8.39M, Peak:9.11M | Scene, ViewLayer | Updating Geometry BVH VB_Terrain_Mesh 62/128 | Building OptiX acceleration structure
Fra:1 Mem:256.15M (Peak 822.53M) | Time:00:02.92 | Mem:8.39M, Peak:9.11M | Scene, ViewLayer | Updating Geometry BVH VB_WaterfallStreak_23_Curve 101/128 | Building BVH
Fra:1 Mem:256.14M (Peak 822.53M) | Time:00:02.92 | Mem:8.39M, Peak:9.11M | Scene, ViewLayer | Updating Geometry BVH VB_WaterfallStreak_23_Curve 101/128 | Building OptiX acceleration structure
Fra:1 Mem:256.15M (Peak 822.53M) | Time:00:02.92 | Mem:8.39M, Peak:9.11M | Scene, ViewLayer | Updating Geometry BVH VB_GrassBlade 63/128 | Building BVH
Fra:1 Mem:260.16M (Peak 822.53M) | Time:00:02.92 | Mem:8.40M, Peak:9.11M | Scene, ViewLayer | Updating Geometry BVH VB_GrassBlade 63/128 | Building OptiX acceleration structure
Fra:1 Mem:260.16M (Peak 822.53M) | Time:00:02.93 | Mem:18.40M, Peak:18.41M | Scene, ViewLayer | Updating Geometry BVH VB_Beach_Mesh 64/128 | Building BVH
Fra:1 Mem:260.16M (Peak 822.53M) | Time:00:02.93 | Mem:18.42M, Peak:18.42M | Scene, ViewLayer | Updating Geometry BVH VB_Beach_Mesh 64/128 | Building OptiX acceleration structure
Fra:1 Mem:260.16M (Peak 822.53M) | Time:00:02.93 | Mem:18.41M, Peak:18.42M | Scene, ViewLayer | Updating Geometry BVH VB_WaterfallStreak_22_Curve 100/128 | Building BVH
Fra:1 Mem:260.16M (Peak 822.53M) | Time:00:02.93 | Mem:40.70M, Peak:40.70M | Scene, ViewLayer | Updating Geometry BVH VB_WaterfallStreak_22_Curve 100/128 | Building OptiX acceleration structure
Fra:1 Mem:250.15M (Peak 822.53M) | Time:00:02.93 | Mem:19.52M, Peak:68.72M | Scene, ViewLayer | Updating Geometry BVH VB_Lake_Mesh 65/128 | Building BVH
Fra:1 Mem:250.15M (Peak 822.53M) | Time:00:02.93 | Mem:19.52M, Peak:68.72M | Scene, ViewLayer | Updating Geometry BVH VB_Lake_Mesh 65/128 | Building OptiX acceleration structure
Fra:1 Mem:250.23M (Peak 822.53M) | Time:00:02.93 | Mem:19.60M, Peak:68.72M | Scene, ViewLayer | Updating Geometry BVH VB_StreamBed_Upper_Mesh 66/128 | Building BVH
Fra:1 Mem:250.23M (Peak 822.53M) | Time:00:02.93 | Mem:19.62M, Peak:68.72M | Scene, ViewLayer | Updating Geometry BVH VB_StreamBed_Upper_Mesh 66/128 | Building OptiX acceleration structure
Fra:1 Mem:250.24M (Peak 822.53M) | Time:00:02.93 | Mem:19.61M, Peak:68.72M | Scene, ViewLayer | Updating Geometry BVH VB_StreamBed_Lower_Mesh 67/128 | Building BVH
Fra:1 Mem:250.24M (Peak 822.53M) | Time:00:02.93 | Mem:19.62M, Peak:68.72M | Scene, ViewLayer | Updating Geometry BVH VB_StreamBed_Lower_Mesh 67/128 | Building OptiX acceleration structure
Fra:1 Mem:250.26M (Peak 822.53M) | Time:00:02.93 | Mem:19.63M, Peak:68.72M | Scene, ViewLayer | Updating Geometry BVH VB_WaterfallStreak_21_Curve 99/128 | Building BVH
Fra:1 Mem:250.26M (Peak 822.53M) | Time:00:02.93 | Mem:20.05M, Peak:68.72M | Scene, ViewLayer | Updating Geometry BVH VB_WaterfallStreak_21_Curve 99/128 | Building OptiX acceleration structure
Fra:1 Mem:250.18M (Peak 822.53M) | Time:00:02.93 | Mem:19.62M, Peak:68.72M | Scene, ViewLayer | Updating Geometry BVH VB_DampBank_Upper_Mesh 68/128 | Building BVH
Fra:1 Mem:250.18M (Peak 822.53M) | Time:00:02.93 | Mem:19.68M, Peak:68.72M | Scene, ViewLayer | Updating Geometry BVH VB_DampBank_Upper_Mesh 68/128 | Building OptiX acceleration structure
Fra:1 Mem:250.18M (Peak 822.53M) | Time:00:02.93 | Mem:19.63M, Peak:68.72M | Scene, ViewLayer | Updating Geometry BVH VB_DampBank_Lower_Mesh 69/128 | Building BVH
Fra:1 Mem:250.18M (Peak 822.53M) | Time:00:02.93 | Mem:19.74M, Peak:68.72M | Scene, ViewLayer | Updating Geometry BVH VB_DampBank_Lower_Mesh 69/128 | Building OptiX acceleration structure
Fra:1 Mem:250.18M (Peak 822.53M) | Time:00:02.93 | Mem:19.66M, Peak:68.72M | Scene, ViewLayer | Updating Geometry BVH VB_River_Upper_Mesh 70/128 | Building BVH
Fra:1 Mem:250.18M (Peak 822.53M) | Time:00:02.93 | Mem:19.67M, Peak:68.72M | Scene, ViewLayer | Updating Geometry BVH VB_River_Upper_Mesh 70/128 | Building OptiX acceleration structure
Fra:1 Mem:250.19M (Peak 822.53M) | Time:00:02.93 | Mem:19.67M, Peak:68.72M | Scene, ViewLayer | Updating Geometry BVH VB_WaterfallStreak_20_Curve 98/128 | Building BVH
Fra:1 Mem:250.19M (Peak 822.53M) | Time:00:02.93 | Mem:19.73M, Peak:68.72M | Scene, ViewLayer | Updating Geometry BVH VB_WaterfallStreak_20_Curve 98/128 | Building OptiX acceleration structure
Fra:1 Mem:250.18M (Peak 822.53M) | Time:00:02.93 | Mem:19.67M, Peak:68.72M | Scene, ViewLayer | Updating Geometry BVH VB_River_Lower_Mesh 71/128 | Building BVH
Fra:1 Mem:250.18M (Peak 822.53M) | Time:00:02.93 | Mem:19.78M, Peak:68.72M | Scene, ViewLayer | Updating Geometry BVH VB_River_Lower_Mesh 71/128 | Building OptiX acceleration structure
Fra:1 Mem:250.18M (Peak 822.53M) | Time:00:02.93 | Mem:19.70M, Peak:68.72M | Scene, ViewLayer | Updating Geometry BVH VB_WaterfallChuteBed_Mesh 72/128 | Building BVH
Fra:1 Mem:250.18M (Peak 822.53M) | Time:00:02.94 | Mem:19.76M, Peak:68.72M | Scene, ViewLayer | Updating Geometry BVH VB_WaterfallChuteBed_Mesh 72/128 | Building OptiX acceleration structure
Fra:1 Mem:250.17M (Peak 822.53M) | Time:00:02.94 | Mem:19.70M, Peak:68.72M | Scene, ViewLayer | Updating Geometry BVH VB_WaterfallSheet_0_Mesh 73/128 | Building BVH
Fra:1 Mem:250.17M (Peak 822.53M) | Time:00:02.94 | Mem:19.72M, Peak:68.72M | Scene, ViewLayer | Updating Geometry BVH VB_WaterfallSheet_0_Mesh 73/128 | Building OptiX acceleration structure
Fra:1 Mem:250.17M (Peak 822.53M) | Time:00:02.94 | Mem:19.71M, Peak:68.72M | Scene, ViewLayer | Updating Geometry BVH VB_WaterfallStreak_19_Curve 97/128 | Building BVH
Fra:1 Mem:250.17M (Peak 822.53M) | Time:00:02.94 | Mem:19.81M, Peak:68.72M | Scene, ViewLayer | Updating Geometry BVH VB_WaterfallStreak_19_Curve 97/128 | Building OptiX acceleration structure
Fra:1 Mem:250.15M (Peak 822.53M) | Time:00:02.94 | Mem:19.71M, Peak:68.72M | Scene, ViewLayer | Updating Geometry BVH VB_WaterfallSheet_1_Mesh 74/128 | Building BVH
Fra:1 Mem:250.15M (Peak 822.53M) | Time:00:02.94 | Mem:19.74M, Peak:68.72M | Scene, ViewLayer | Updating Geometry BVH VB_WaterfallSheet_1_Mesh 74/128 | Building OptiX acceleration structure
Fra:1 Mem:250.15M (Peak 822.53M) | Time:00:02.94 | Mem:19.72M, Peak:68.72M | Scene, ViewLayer | Updating Geometry BVH VB_WaterfallSheet_2_Mesh 75/128 | Building BVH
Fra:1 Mem:250.15M (Peak 822.53M) | Time:00:02.94 | Mem:19.74M, Peak:68.72M | Scene, ViewLayer | Updating Geometry BVH VB_WaterfallSheet_2_Mesh 75/128 | Building OptiX acceleration structure
Fra:1 Mem:250.15M (Peak 822.53M) | Time:00:02.94 | Mem:19.72M, Peak:68.72M | Scene, ViewLayer | Updating Geometry BVH VB_WaterfallSheet_3_Mesh 76/128 | Building BVH
Fra:1 Mem:250.15M (Peak 822.53M) | Time:00:02.94 | Mem:19.73M, Peak:68.72M | Scene, ViewLayer | Updating Geometry BVH VB_WaterfallSheet_3_Mesh 76/128 | Building OptiX acceleration structure
Fra:1 Mem:250.15M (Peak 822.53M) | Time:00:02.94 | Mem:19.72M, Peak:68.72M | Scene, ViewLayer | Updating Geometry BVH VB_WaterfallStreak_18_Curve 96/128 | Building BVH
Fra:1 Mem:250.15M (Peak 822.53M) | Time:00:02.94 | Mem:19.74M, Peak:68.72M | Scene, ViewLayer | Updating Geometry BVH VB_WaterfallStreak_18_Curve 96/128 | Building OptiX acceleration structure
Fra:1 Mem:250.15M (Peak 822.53M) | Time:00:02.94 | Mem:19.73M, Peak:68.72M | Scene, ViewLayer | Updating Geometry BVH VB_WaterfallSheet_4_Mesh 77/128 | Building BVH
Fra:1 Mem:250.15M (Peak 822.53M) | Time:00:02.94 | Mem:19.75M, Peak:68.72M | Scene, ViewLayer | Updating Geometry BVH VB_WaterfallSheet_4_Mesh 77/128 | Building OptiX acceleration structure
Fra:1 Mem:250.15M (Peak 822.53M) | Time:00:02.94 | Mem:19.73M, Peak:68.72M | Scene, ViewLayer | Updating Geometry BVH VB_WaterfallStreak_00_Curve 78/128 | Building BVH
Fra:1 Mem:250.15M (Peak 822.53M) | Time:00:02.94 | Mem:19.75M, Peak:68.72M | Scene, ViewLayer | Updating Geometry BVH VB_WaterfallStreak_00_Curve 78/128 | Building OptiX acceleration structure
Fra:1 Mem:250.15M (Peak 822.53M) | Time:00:02.94 | Mem:19.75M, Peak:68.72M | Scene, ViewLayer | Updating Geometry BVH VB_WaterfallStreak_01_Curve 79/128 | Building BVH
Fra:1 Mem:250.15M (Peak 822.53M) | Time:00:02.94 | Mem:19.75M, Peak:68.72M | Scene, ViewLayer | Updating Geometry BVH VB_WaterfallStreak_01_Curve 79/128 | Building OptiX acceleration structure
Fra:1 Mem:250.15M (Peak 822.53M) | Time:00:02.94 | Mem:19.74M, Peak:68.72M | Scene, ViewLayer | Updating Geometry BVH VB_WaterfallStreak_17_Curve 95/128 | Building BVH
Fra:1 Mem:250.15M (Peak 822.53M) | Time:00:02.94 | Mem:19.76M, Peak:68.72M | Scene, ViewLayer | Updating Geometry BVH VB_WaterfallStreak_17_Curve 95/128 | Building OptiX acceleration structure
Fra:1 Mem:250.15M (Peak 822.53M) | Time:00:02.94 | Mem:19.75M, Peak:68.72M | Scene, ViewLayer | Updating Geometry BVH VB_WaterfallStreak_02_Curve 80/128 | Building BVH
Fra:1 Mem:250.15M (Peak 822.53M) | Time:00:02.94 | Mem:19.75M, Peak:68.72M | Scene, ViewLayer | Updating Geometry BVH VB_WaterfallStreak_02_Curve 80/128 | Building OptiX acceleration structure
Fra:1 Mem:250.15M (Peak 822.53M) | Time:00:02.94 | Mem:19.74M, Peak:68.72M | Scene, ViewLayer | Updating Geometry BVH VB_WaterfallStreak_03_Curve 81/128 | Building BVH
Fra:1 Mem:250.15M (Peak 822.53M) | Time:00:02.94 | Mem:19.76M, Peak:68.72M | Scene, ViewLayer | Updating Geometry BVH VB_WaterfallStreak_03_Curve 81/128 | Building OptiX acceleration structure
Fra:1 Mem:250.15M (Peak 822.53M) | Time:00:02.94 | Mem:19.75M, Peak:68.72M | Scene, ViewLayer | Updating Geometry BVH VB_WaterfallStreak_04_Curve 82/128 | Building BVH
Fra:1 Mem:250.15M (Peak 822.53M) | Time:00:02.94 | Mem:19.76M, Peak:68.72M | Scene, ViewLayer | Updating Geometry BVH VB_WaterfallStreak_04_Curve 82/128 | Building OptiX acceleration structure
Fra:1 Mem:250.15M (Peak 822.53M) | Time:00:02.94 | Mem:19.75M, Peak:68.72M | Scene, ViewLayer | Updating Geometry BVH VB_WaterfallStreak_16_Curve 94/128 | Building BVH
Fra:1 Mem:250.15M (Peak 822.53M) | Time:00:02.94 | Mem:19.76M, Peak:68.72M | Scene, ViewLayer | Updating Geometry BVH VB_WaterfallStreak_16_Curve 94/128 | Building OptiX acceleration structure
Fra:1 Mem:250.15M (Peak 822.53M) | Time:00:02.94 | Mem:19.75M, Peak:68.72M | Scene, ViewLayer | Updating Geometry BVH VB_WaterfallStreak_05_Curve 83/128 | Building BVH
Fra:1 Mem:250.15M (Peak 822.53M) | Time:00:02.94 | Mem:19.76M, Peak:68.72M | Scene, ViewLayer | Updating Geometry BVH VB_WaterfallStreak_05_Curve 83/128 | Building OptiX acceleration structure
Fra:1 Mem:250.15M (Peak 822.53M) | Time:00:02.94 | Mem:19.75M, Peak:68.72M | Scene, ViewLayer | Updating Geometry BVH VB_WaterfallStreak_06_Curve 84/128 | Building BVH
Fra:1 Mem:250.15M (Peak 822.53M) | Time:00:02.94 | Mem:19.77M, Peak:68.72M | Scene, ViewLayer | Updating Geometry BVH VB_WaterfallStreak_06_Curve 84/128 | Building OptiX acceleration structure
Fra:1 Mem:250.15M (Peak 822.53M) | Time:00:02.94 | Mem:19.75M, Peak:68.72M | Scene, ViewLayer | Updating Geometry BVH VB_WaterfallStreak_07_Curve 85/128 | Building BVH
Fra:1 Mem:250.15M (Peak 822.53M) | Time:00:02.94 | Mem:19.77M, Peak:68.72M | Scene, ViewLayer | Updating Geometry BVH VB_WaterfallStreak_07_Curve 85/128 | Building OptiX acceleration structure
Fra:1 Mem:250.15M (Peak 822.53M) | Time:00:02.94 | Mem:19.76M, Peak:68.72M | Scene, ViewLayer | Updating Geometry BVH VB_WaterfallStreak_15_Curve 93/128 | Building BVH
Fra:1 Mem:250.15M (Peak 822.53M) | Time:00:02.94 | Mem:19.77M, Peak:68.72M | Scene, ViewLayer | Updating Geometry BVH VB_WaterfallStreak_15_Curve 93/128 | Building OptiX acceleration structure
Fra:1 Mem:250.15M (Peak 822.53M) | Time:00:02.94 | Mem:19.76M, Peak:68.72M | Scene, ViewLayer | Updating Geometry BVH VB_WaterfallStreak_08_Curve 86/128 | Building BVH
Fra:1 Mem:250.15M (Peak 822.53M) | Time:00:02.94 | Mem:19.77M, Peak:68.72M | Scene, ViewLayer | Updating Geometry BVH VB_WaterfallStreak_08_Curve 86/128 | Building OptiX acceleration structure
Fra:1 Mem:250.15M (Peak 822.53M) | Time:00:02.94 | Mem:19.76M, Peak:68.72M | Scene, ViewLayer | Updating Geometry BVH VB_WaterfallStreak_09_Curve 87/128 | Building BVH
Fra:1 Mem:250.15M (Peak 822.53M) | Time:00:02.94 | Mem:19.77M, Peak:68.72M | Scene, ViewLayer | Updating Geometry BVH VB_WaterfallStreak_09_Curve 87/128 | Building OptiX acceleration structure
Fra:1 Mem:250.15M (Peak 822.53M) | Time:00:02.94 | Mem:19.76M, Peak:68.72M | Scene, ViewLayer | Updating Geometry BVH VB_WaterfallStreak_10_Curve 88/128 | Building BVH
Fra:1 Mem:250.15M (Peak 822.53M) | Time:00:02.94 | Mem:19.78M, Peak:68.72M | Scene, ViewLayer | Updating Geometry BVH VB_WaterfallStreak_10_Curve 88/128 | Building OptiX acceleration structure
Fra:1 Mem:250.15M (Peak 822.53M) | Time:00:02.94 | Mem:19.76M, Peak:68.72M | Scene, ViewLayer | Updating Geometry BVH VB_WaterfallStreak_14_Curve 92/128 | Building BVH
Fra:1 Mem:250.15M (Peak 822.53M) | Time:00:02.94 | Mem:19.78M, Peak:68.72M | Scene, ViewLayer | Updating Geometry BVH VB_WaterfallStreak_14_Curve 92/128 | Building OptiX acceleration structure
Fra:1 Mem:250.15M (Peak 822.53M) | Time:00:02.94 | Mem:19.77M, Peak:68.72M | Scene, ViewLayer | Updating Geometry BVH VB_WaterfallStreak_11_Curve 89/128 | Building BVH
Fra:1 Mem:250.15M (Peak 822.53M) | Time:00:02.95 | Mem:19.78M, Peak:68.72M | Scene, ViewLayer | Updating Geometry BVH VB_WaterfallStreak_11_Curve 89/128 | Building OptiX acceleration structure
Fra:1 Mem:250.15M (Peak 822.53M) | Time:00:02.95 | Mem:19.77M, Peak:68.72M | Scene, ViewLayer | Updating Geometry BVH VB_WaterfallStreak_12_Curve 90/128 | Building BVH
Fra:1 Mem:250.15M (Peak 822.53M) | Time:00:02.95 | Mem:19.78M, Peak:68.72M | Scene, ViewLayer | Updating Geometry BVH VB_WaterfallStreak_12_Curve 90/128 | Building OptiX acceleration structure
Fra:1 Mem:250.15M (Peak 822.53M) | Time:00:02.95 | Mem:19.77M, Peak:68.72M | Scene, ViewLayer | Updating Geometry BVH VB_WaterfallStreak_13_Curve 91/128 | Building BVH
Fra:1 Mem:250.15M (Peak 822.53M) | Time:00:02.95 | Mem:19.78M, Peak:68.72M | Scene, ViewLayer | Updating Geometry BVH VB_WaterfallStreak_13_Curve 91/128 | Building OptiX acceleration structure
Fra:1 Mem:250.14M (Peak 822.53M) | Time:00:02.95 | Mem:19.77M, Peak:68.72M | Scene, ViewLayer | Updating Scene BVH | Building
Fra:1 Mem:250.31M (Peak 822.53M) | Time:00:02.95 | Mem:19.77M, Peak:68.72M | Scene, ViewLayer | Updating Scene BVH | Building OptiX acceleration structure
Fra:1 Mem:250.31M (Peak 822.53M) | Time:00:02.95 | Mem:23.15M, Peak:68.72M | Scene, ViewLayer | Updating Scene BVH | Copying BVH to device
Fra:1 Mem:250.31M (Peak 822.53M) | Time:00:02.95 | Mem:23.15M, Peak:68.72M | Scene, ViewLayer | Updating Mesh | Computing normals
Fra:1 Mem:265.07M (Peak 822.53M) | Time:00:02.96 | Mem:23.15M, Peak:68.72M | Scene, ViewLayer | Updating Mesh | Copying Mesh to device
Fra:1 Mem:265.07M (Peak 822.53M) | Time:00:02.96 | Mem:37.91M, Peak:68.72M | Scene, ViewLayer | Updating Objects Flags
Fra:1 Mem:265.07M (Peak 822.53M) | Time:00:02.96 | Mem:38.07M, Peak:68.72M | Scene, ViewLayer | Updating Primitive Offsets
Fra:1 Mem:265.15M (Peak 822.53M) | Time:00:02.97 | Mem:38.15M, Peak:68.72M | Scene, ViewLayer | Updating Images
Fra:1 Mem:265.15M (Peak 822.53M) | Time:00:02.97 | Mem:38.15M, Peak:68.72M | Scene, ViewLayer | Updating Images | Loading sky_nishita
Fra:1 Mem:266.16M (Peak 822.53M) | Time:00:03.04 | Mem:39.15M, Peak:68.72M | Scene, ViewLayer | Updating Camera Volume
Fra:1 Mem:266.16M (Peak 822.53M) | Time:00:03.04 | Mem:39.15M, Peak:68.72M | Scene, ViewLayer | Updating Lookup Tables
Fra:1 Mem:266.16M (Peak 822.53M) | Time:00:03.04 | Mem:39.24M, Peak:68.72M | Scene, ViewLayer | Updating Lights
Fra:1 Mem:266.16M (Peak 822.53M) | Time:00:03.04 | Mem:39.24M, Peak:68.72M | Scene, ViewLayer | Updating Lights | Importance map
Fra:1 Mem:267.17M (Peak 822.53M) | Time:00:03.04 | Mem:40.25M, Peak:68.72M | Scene, ViewLayer | Updating Lights | Computing tree
Fra:1 Mem:267.33M (Peak 822.53M) | Time:00:03.04 | Mem:40.41M, Peak:68.72M | Scene, ViewLayer | Updating Integrator
Fra:1 Mem:267.33M (Peak 822.53M) | Time:00:03.05 | Mem:40.41M, Peak:68.72M | Scene, ViewLayer | Updating Film
Fra:1 Mem:267.33M (Peak 822.53M) | Time:00:03.05 | Mem:40.33M, Peak:68.72M | Scene, ViewLayer | Updating Lookup Tables
Fra:1 Mem:267.33M (Peak 822.53M) | Time:00:03.05 | Mem:40.42M, Peak:68.72M | Scene, ViewLayer | Updating Baking
Fra:1 Mem:267.33M (Peak 822.53M) | Time:00:03.05 | Mem:40.42M, Peak:68.72M | Scene, ViewLayer | Updating Device | Writing constant memory
Fra:1 Mem:267.66M (Peak 822.53M) | Time:00:03.05 | Mem:40.42M, Peak:68.72M | Scene, ViewLayer | Loading denoising kernels (may take a few minutes the first time)
Fra:1 Mem:271.66M (Peak 822.53M) | Time:00:03.06 | Mem:432.42M, Peak:432.42M | Scene, ViewLayer | Sample 0/48
Fra:1 Mem:421.96M (Peak 822.53M) | Time:00:03.12 | Remaining:00:03.12 | Mem:582.72M, Peak:582.72M | Scene, ViewLayer | Sample 1/48
Fra:1 Mem:485.25M (Peak 822.53M) | Time:00:15.30 | Mem:582.72M, Peak:582.72M | Scene, ViewLayer | Sample 48/48
Fra:1 Mem:485.25M (Peak 822.53M) | Time:00:15.30 | Mem:582.72M, Peak:582.72M | Scene, ViewLayer | Finished
Fra:1 Mem:283.32M (Peak 822.53M) | Time:00:15.36 | Compositing
Saved: 'C:\Users\Conner\OneDrive\Documents\veilbreakers-terrain\output\scene_v3\closeups\14_forest_bridge_side.png'
Time: 00:15.77 (Saving: 00:00.18)

[closeup] rendered -> 14_forest_bridge_side.png
[closeup] DONE — 2/2 shots rendered to C:\Users\Conner\OneDrive\Documents\veilbreakers-terrain\output\scene_v3\closeups
