File,Qualified Name,Function,Line,Kind,Scope,R13 Batch,R12 Domain,R12 Strict Grade,R12 Remediation,Wiring Status,R13 Manual Grade,R13 Manual Action,R13 Evidence,R13 Best Practice Gap,R13 Reviewer
scripts/audit_test_guardrails.py,TestGuardrailVisitor,TestGuardrailVisitor,24,class,script,R13_batch_generic_script_01.csv,generic,D+,WIRE_OR_DEPRECATE,missing_wiring_row,C,KEEP_AS_TOOLING_ADD_CI_GATE_OR_DEPRECATE,"Manual script classification: audit/build helper, not runtime terrain generation. These callables should be graded as tooling unless wired into a required verification command.","B requires a maintained CI/runbook entry, deterministic output schema, and tests for stale audit rows or command failure modes.",Codex local manual review
scripts/audit_test_guardrails.py,TestGuardrailVisitor.__init__,__init__,25,method,script,R13_batch_generic_script_01.csv,generic,D+,WIRE_OR_DEPRECATE,missing_wiring_row,C,KEEP_AS_TOOLING_ADD_CI_GATE_OR_DEPRECATE,"Manual script classification: audit/build helper, not runtime terrain generation. These callables should be graded as tooling unless wired into a required verification command.","B requires a maintained CI/runbook entry, deterministic output schema, and tests for stale audit rows or command failure modes.",Codex local manual review
scripts/audit_test_guardrails.py,TestGuardrailVisitor.visit_FunctionDef,visit_FunctionDef,38,method,script,R13_batch_generic_script_01.csv,generic,D+,WIRE_OR_DEPRECATE,missing_wiring_row,C,KEEP_AS_TOOLING_ADD_CI_GATE_OR_DEPRECATE,"Manual script classification: audit/build helper, not runtime terrain generation. These callables should be graded as tooling unless wired into a required verification command.","B requires a maintained CI/runbook entry, deterministic output schema, and tests for stale audit rows or command failure modes.",Codex local manual review
scripts/audit_test_guardrails.py,TestGuardrailVisitor.visit_AsyncFunctionDef,visit_AsyncFunctionDef,45,method,script,R13_batch_generic_script_01.csv,generic,D+,WIRE_OR_DEPRECATE,missing_wiring_row,C,KEEP_AS_TOOLING_ADD_CI_GATE_OR_DEPRECATE,"Manual script classification: audit/build helper, not runtime terrain generation. These callables should be graded as tooling unless wired into a required verification command.","B requires a maintained CI/runbook entry, deterministic output schema, and tests for stale audit rows or command failure modes.",Codex local manual review
scripts/audit_test_guardrails.py,TestGuardrailVisitor.visit_Name,visit_Name,52,method,script,R13_batch_generic_script_01.csv,generic,D+,WIRE_OR_DEPRECATE,missing_wiring_row,C,KEEP_AS_TOOLING_ADD_CI_GATE_OR_DEPRECATE,"Manual script classification: audit/build helper, not runtime terrain generation. These callables should be graded as tooling unless wired into a required verification command.","B requires a maintained CI/runbook entry, deterministic output schema, and tests for stale audit rows or command failure modes.",Codex local manual review
scripts/audit_test_guardrails.py,TestGuardrailVisitor.visit_Call,visit_Call,63,method,script,R13_batch_generic_script_01.csv,generic,D+,WIRE_OR_DEPRECATE,missing_wiring_row,C,KEEP_AS_TOOLING_ADD_CI_GATE_OR_DEPRECATE,"Manual script classification: audit/build helper, not runtime terrain generation. These callables should be graded as tooling unless wired into a required verification command.","B requires a maintained CI/runbook entry, deterministic output schema, and tests for stale audit rows or command failure modes.",Codex local manual review
scripts/audit_test_guardrails.py,read_text,read_text,87,function,script,R13_batch_generic_script_01.csv,generic,D+,WIRE_OR_DEPRECATE,missing_wiring_row,C,KEEP_AS_TOOLING_ADD_CI_GATE_OR_DEPRECATE,"Manual script classification: audit/build helper, not runtime terrain generation. These callables should be graded as tooling unless wired into a required verification command.","B requires a maintained CI/runbook entry, deterministic output schema, and tests for stale audit rows or command failure modes.",Codex local manual review
scripts/audit_test_guardrails.py,classify_tags,classify_tags,91,function,script,R13_batch_generic_script_01.csv,generic,D+,WIRE_OR_DEPRECATE,missing_wiring_row,C,KEEP_AS_TOOLING_ADD_CI_GATE_OR_DEPRECATE,"Manual script classification: audit/build helper, not runtime terrain generation. These callables should be graded as tooling unless wired into a required verification command.","B requires a maintained CI/runbook entry, deterministic output schema, and tests for stale audit rows or command failure modes.",Codex local manual review
scripts/audit_test_guardrails.py,top_rows,top_rows,113,function,script,R13_batch_generic_script_01.csv,generic,D+,WIRE_OR_DEPRECATE,missing_wiring_row,C,KEEP_AS_TOOLING_ADD_CI_GATE_OR_DEPRECATE,"Manual script classification: audit/build helper, not runtime terrain generation. These callables should be graded as tooling unless wired into a required verification command.","B requires a maintained CI/runbook entry, deterministic output schema, and tests for stale audit rows or command failure modes.",Codex local manual review
scripts/audit_test_guardrails.py,main,main,117,function,script,R13_batch_generic_script_01.csv,generic,D+,WIRE_OR_DEPRECATE,missing_wiring_row,C,KEEP_AS_TOOLING_ADD_CI_GATE_OR_DEPRECATE,"Manual script classification: audit/build helper, not runtime terrain generation. These callables should be graded as tooling unless wired into a required verification command.","B requires a maintained CI/runbook entry, deterministic output schema, and tests for stale audit rows or command failure modes.",Codex local manual review
scripts/batch_ingest_retired_model_provider_downloads.py,_is_supported,_is_supported,53,function,script,R13_batch_generic_script_01.csv,generic,D+,WIRE_OR_DEPRECATE,missing_wiring_row,C,KEEP_AS_TOOLING_ADD_CI_GATE_OR_DEPRECATE,"Manual script classification: audit/build helper, not runtime terrain generation. These callables should be graded as tooling unless wired into a required verification command.","B requires a maintained CI/runbook entry, deterministic output schema, and tests for stale audit rows or command failure modes.",Codex local manual review
scripts/batch_ingest_retired_model_provider_downloads.py,_matches_include,_matches_include,64,function,script,R13_batch_generic_script_01.csv,generic,D+,WIRE_OR_DEPRECATE,missing_wiring_row,C,KEEP_AS_TOOLING_ADD_CI_GATE_OR_DEPRECATE,"Manual script classification: audit/build helper, not runtime terrain generation. These callables should be graded as tooling unless wired into a required verification command.","B requires a maintained CI/runbook entry, deterministic output schema, and tests for stale audit rows or command failure modes.",Codex local manual review
scripts/batch_ingest_retired_model_provider_downloads.py,discover_candidates,discover_candidates,73,function,script,R13_batch_generic_script_01.csv,generic,D+,WIRE_OR_DEPRECATE,missing_wiring_row,C,KEEP_AS_TOOLING_ADD_CI_GATE_OR_DEPRECATE,"Manual script classification: audit/build helper, not runtime terrain generation. These callables should be graded as tooling unless wired into a required verification command.","B requires a maintained CI/runbook entry, deterministic output schema, and tests for stale audit rows or command failure modes.",Codex local manual review
scripts/batch_ingest_retired_model_provider_downloads.py,_load_ledger,_load_ledger,98,function,script,R13_batch_generic_script_01.csv,generic,D+,WIRE_OR_DEPRECATE,missing_wiring_row,C,KEEP_AS_TOOLING_ADD_CI_GATE_OR_DEPRECATE,"Manual script classification: audit/build helper, not runtime terrain generation. These callables should be graded as tooling unless wired into a required verification command.","B requires a maintained CI/runbook entry, deterministic output schema, and tests for stale audit rows or command failure modes.",Codex local manual review
scripts/batch_ingest_retired_model_provider_downloads.py,_save_ledger,_save_ledger,111,function,script,R13_batch_generic_script_01.csv,generic,D+,WIRE_OR_DEPRECATE,missing_wiring_row,C,KEEP_AS_TOOLING_ADD_CI_GATE_OR_DEPRECATE,"Manual script classification: audit/build helper, not runtime terrain generation. These callables should be graded as tooling unless wired into a required verification command.","B requires a maintained CI/runbook entry, deterministic output schema, and tests for stale audit rows or command failure modes.",Codex local manual review
scripts/batch_ingest_retired_model_provider_downloads.py,_file_fingerprint,_file_fingerprint,120,function,script,R13_batch_generic_script_01.csv,generic,D+,WIRE_OR_DEPRECATE,missing_wiring_row,C,KEEP_AS_TOOLING_ADD_CI_GATE_OR_DEPRECATE,"Manual script classification: audit/build helper, not runtime terrain generation. These callables should be graded as tooling unless wired into a required verification command.","B requires a maintained CI/runbook entry, deterministic output schema, and tests for stale audit rows or command failure modes.",Codex local manual review
scripts/batch_ingest_retired_model_provider_downloads.py,run_batch,run_batch,131,function,script,R13_batch_generic_script_01.csv,generic,D+,WIRE_OR_DEPRECATE,missing_wiring_row,C,KEEP_AS_TOOLING_ADD_CI_GATE_OR_DEPRECATE,"Manual script classification: audit/build helper, not runtime terrain generation. These callables should be graded as tooling unless wired into a required verification command.","B requires a maintained CI/runbook entry, deterministic output schema, and tests for stale audit rows or command failure modes.",Codex local manual review
scripts/batch_ingest_retired_model_provider_downloads.py,_default_downloads,_default_downloads,194,function,script,R13_batch_generic_script_01.csv,generic,D+,WIRE_OR_DEPRECATE,missing_wiring_row,C,KEEP_AS_TOOLING_ADD_CI_GATE_OR_DEPRECATE,"Manual script classification: audit/build helper, not runtime terrain generation. These callables should be graded as tooling unless wired into a required verification command.","B requires a maintained CI/runbook entry, deterministic output schema, and tests for stale audit rows or command failure modes.",Codex local manual review
scripts/batch_ingest_retired_model_provider_downloads.py,_parse_args,_parse_args,206,function,script,R13_batch_generic_script_01.csv,generic,D+,WIRE_OR_DEPRECATE,missing_wiring_row,C,KEEP_AS_TOOLING_ADD_CI_GATE_OR_DEPRECATE,"Manual script classification: audit/build helper, not runtime terrain generation. These callables should be graded as tooling unless wired into a required verification command.","B requires a maintained CI/runbook entry, deterministic output schema, and tests for stale audit rows or command failure modes.",Codex local manual review
scripts/batch_ingest_retired_model_provider_downloads.py,main,main,234,function,script,R13_batch_generic_script_01.csv,generic,D+,WIRE_OR_DEPRECATE,missing_wiring_row,C,KEEP_AS_TOOLING_ADD_CI_GATE_OR_DEPRECATE,"Manual script classification: audit/build helper, not runtime terrain generation. These callables should be graded as tooling unless wired into a required verification command.","B requires a maintained CI/runbook entry, deterministic output schema, and tests for stale audit rows or command failure modes.",Codex local manual review
scripts/build_aaa_node_v1.py,log_fail,log_fail,54,function,script,R13_batch_generic_script_01.csv,generic,D+,WIRE_OR_DEPRECATE,missing_wiring_row,C,ADD_LIVE_BLENDER_GOLDEN_ARTIFACTS,"Manual script classification: scene/node build tooling can produce assets, but the callable row has no live Blender golden screenshot or node-graph regression proof attached.","B requires deterministic scene artifacts, camera captures, and node-graph diff checks tied to CI or a reproducible validation run.",Codex local manual review
scripts/build_aaa_node_v1.py,log,log,65,function,script,R13_batch_generic_script_01.csv,generic,D+,WIRE_OR_DEPRECATE,missing_wiring_row,C,ADD_LIVE_BLENDER_GOLDEN_ARTIFACTS,"Manual script classification: scene/node build tooling can produce assets, but the callable row has no live Blender golden screenshot or node-graph regression proof attached.","B requires deterministic scene artifacts, camera captures, and node-graph diff checks tied to CI or a reproducible validation run.",Codex local manual review
scripts/build_aaa_node_v1.py,sample_h,sample_h,275,function,script,R13_batch_generic_script_01.csv,generic,D+,WIRE_OR_DEPRECATE,missing_wiring_row,C,ADD_LIVE_BLENDER_GOLDEN_ARTIFACTS,"Manual script classification: scene/node build tooling can produce assets, but the callable row has no live Blender golden screenshot or node-graph regression proof attached.","B requires deterministic scene artifacts, camera captures, and node-graph diff checks tied to CI or a reproducible validation run.",Codex local manual review
scripts/build_aaa_node_v1.py,try_exercise_handlers,try_exercise_handlers,302,function,script,R13_batch_generic_script_01.csv,generic,D+,WIRE_OR_DEPRECATE,missing_wiring_row,C,ADD_LIVE_BLENDER_GOLDEN_ARTIFACTS,"Manual script classification: scene/node build tooling can produce assets, but the callable row has no live Blender golden screenshot or node-graph regression proof attached.","B requires deterministic scene artifacts, camera captures, and node-graph diff checks tied to CI or a reproducible validation run.",Codex local manual review
scripts/build_aaa_node_v1.py,build_blender_scene,build_blender_scene,357,function,script,R13_batch_generic_script_01.csv,generic,D+,WIRE_OR_DEPRECATE,missing_wiring_row,C,ADD_LIVE_BLENDER_GOLDEN_ARTIFACTS,"Manual script classification: scene/node build tooling can produce assets, but the callable row has no live Blender golden screenshot or node-graph regression proof attached.","B requires deterministic scene artifacts, camera captures, and node-graph diff checks tied to CI or a reproducible validation run.",Codex local manual review
scripts/build_aaa_node_v1.py,_build_terrain_mesh,_build_terrain_mesh,436,function,script,R13_batch_generic_script_01.csv,generic,D+,WIRE_OR_DEPRECATE,missing_wiring_row,C,ADD_LIVE_BLENDER_GOLDEN_ARTIFACTS,"Manual script classification: scene/node build tooling can produce assets, but the callable row has no live Blender golden screenshot or node-graph regression proof attached.","B requires deterministic scene artifacts, camera captures, and node-graph diff checks tied to CI or a reproducible validation run.",Codex local manual review
scripts/build_aaa_node_v1.py,_carve_cave,_carve_cave,470,function,script,R13_batch_generic_script_01.csv,generic,D+,WIRE_OR_DEPRECATE,missing_wiring_row,C,ADD_LIVE_BLENDER_GOLDEN_ARTIFACTS,"Manual script classification: scene/node build tooling can produce assets, but the callable row has no live Blender golden screenshot or node-graph regression proof attached.","B requires deterministic scene artifacts, camera captures, and node-graph diff checks tied to CI or a reproducible validation run.",Codex local manual review
scripts/build_aaa_node_v1.py,_surface_normal,_surface_normal,751,function,script,R13_batch_generic_script_01.csv,generic,D+,WIRE_OR_DEPRECATE,missing_wiring_row,C,ADD_LIVE_BLENDER_GOLDEN_ARTIFACTS,"Manual script classification: scene/node build tooling can produce assets, but the callable row has no live Blender golden screenshot or node-graph regression proof attached.","B requires deterministic scene artifacts, camera captures, and node-graph diff checks tied to CI or a reproducible validation run.",Codex local manual review
scripts/build_aaa_node_v1.py,_surface_slope_deg,_surface_slope_deg,767,function,script,R13_batch_generic_script_01.csv,generic,D+,WIRE_OR_DEPRECATE,missing_wiring_row,C,ADD_LIVE_BLENDER_GOLDEN_ARTIFACTS,"Manual script classification: scene/node build tooling can produce assets, but the callable row has no live Blender golden screenshot or node-graph regression proof attached.","B requires deterministic scene artifacts, camera captures, and node-graph diff checks tied to CI or a reproducible validation run.",Codex local manual review
scripts/build_aaa_node_v1.py,_apply_marketing_rotations,_apply_marketing_rotations,817,function,script,R13_batch_generic_script_01.csv,generic,D+,WIRE_OR_DEPRECATE,missing_wiring_row,C,ADD_LIVE_BLENDER_GOLDEN_ARTIFACTS,"Manual script classification: scene/node build tooling can produce assets, but the callable row has no live Blender golden screenshot or node-graph regression proof attached.","B requires deterministic scene artifacts, camera captures, and node-graph diff checks tied to CI or a reproducible validation run.",Codex local manual review
scripts/build_aaa_node_v1.py,_apply_auto_smooth_to_rocks,_apply_auto_smooth_to_rocks,867,function,script,R13_batch_generic_script_01.csv,generic,D+,WIRE_OR_DEPRECATE,missing_wiring_row,C,ADD_LIVE_BLENDER_GOLDEN_ARTIFACTS,"Manual script classification: scene/node build tooling can produce assets, but the callable row has no live Blender golden screenshot or node-graph regression proof attached.","B requires deterministic scene artifacts, camera captures, and node-graph diff checks tied to CI or a reproducible validation run.",Codex local manual review
scripts/build_aaa_node_v1.py,_add_signature_camera,_add_signature_camera,891,function,script,R13_batch_generic_script_01.csv,generic,D+,WIRE_OR_DEPRECATE,missing_wiring_row,C,ADD_LIVE_BLENDER_GOLDEN_ARTIFACTS,"Manual script classification: scene/node build tooling can produce assets, but the callable row has no live Blender golden screenshot or node-graph regression proof attached.","B requires deterministic scene artifacts, camera captures, and node-graph diff checks tied to CI or a reproducible validation run.",Codex local manual review
scripts/build_aaa_node_v1.py,_write_showcase_md,_write_showcase_md,1149,function,script,R13_batch_generic_script_01.csv,generic,D+,WIRE_OR_DEPRECATE,missing_wiring_row,C,ADD_LIVE_BLENDER_GOLDEN_ARTIFACTS,"Manual script classification: scene/node build tooling can produce assets, but the callable row has no live Blender golden screenshot or node-graph regression proof attached.","B requires deterministic scene artifacts, camera captures, and node-graph diff checks tied to CI or a reproducible validation run.",Codex local manual review
scripts/build_aaa_node_v1.py,_setup_lighting,_setup_lighting,1431,function,script,R13_batch_generic_script_01.csv,generic,D+,WIRE_OR_DEPRECATE,missing_wiring_row,C,ADD_LIVE_BLENDER_GOLDEN_ARTIFACTS,"Manual script classification: scene/node build tooling can produce assets, but the callable row has no live Blender golden screenshot or node-graph regression proof attached.","B requires deterministic scene artifacts, camera captures, and node-graph diff checks tied to CI or a reproducible validation run.",Codex local manual review
scripts/build_aaa_node_v1.py,_setup_cameras,_setup_cameras,1454,function,script,R13_batch_generic_script_01.csv,generic,D+,WIRE_OR_DEPRECATE,missing_wiring_row,C,ADD_LIVE_BLENDER_GOLDEN_ARTIFACTS,"Manual script classification: scene/node build tooling can produce assets, but the callable row has no live Blender golden screenshot or node-graph regression proof attached.","B requires deterministic scene artifacts, camera captures, and node-graph diff checks tied to CI or a reproducible validation run.",Codex local manual review
scripts/build_aaa_node_v1.py,run_validators,run_validators,1487,function,script,R13_batch_generic_script_01.csv,generic,D+,WIRE_OR_DEPRECATE,missing_wiring_row,C,ADD_LIVE_BLENDER_GOLDEN_ARTIFACTS,"Manual script classification: scene/node build tooling can produce assets, but the callable row has no live Blender golden screenshot or node-graph regression proof attached.","B requires deterministic scene artifacts, camera captures, and node-graph diff checks tied to CI or a reproducible validation run.",Codex local manual review
scripts/build_aaa_node_v1.py,save_blend,save_blend,1652,function,script,R13_batch_generic_script_01.csv,generic,D+,WIRE_OR_DEPRECATE,missing_wiring_row,C,ADD_LIVE_BLENDER_GOLDEN_ARTIFACTS,"Manual script classification: scene/node build tooling can produce assets, but the callable row has no live Blender golden screenshot or node-graph regression proof attached.","B requires deterministic scene artifacts, camera captures, and node-graph diff checks tied to CI or a reproducible validation run.",Codex local manual review
scripts/build_aaa_node_v1.py,main,main,1666,function,script,R13_batch_generic_script_01.csv,generic,D+,WIRE_OR_DEPRECATE,missing_wiring_row,C,ADD_LIVE_BLENDER_GOLDEN_ARTIFACTS,"Manual script classification: scene/node build tooling can produce assets, but the callable row has no live Blender golden screenshot or node-graph regression proof attached.","B requires deterministic scene artifacts, camera captures, and node-graph diff checks tied to CI or a reproducible validation run.",Codex local manual review
scripts/build_aaa_node_v2.py,log,log,65,function,script,R13_batch_generic_script_01.csv,generic,D+,WIRE_OR_DEPRECATE,missing_wiring_row,C,KEEP_AS_TOOLING_ADD_CI_GATE_OR_DEPRECATE,"Manual script classification: audit/build helper, not runtime terrain generation. These callables should be graded as tooling unless wired into a required verification command.","B requires a maintained CI/runbook entry, deterministic output schema, and tests for stale audit rows or command failure modes.",Codex local manual review
scripts/build_aaa_node_v2.py,log_fail,log_fail,70,function,script,R13_batch_generic_script_01.csv,generic,D+,WIRE_OR_DEPRECATE,missing_wiring_row,C,KEEP_AS_TOOLING_ADD_CI_GATE_OR_DEPRECATE,"Manual script classification: audit/build helper, not runtime terrain generation. These callables should be graded as tooling unless wired into a required verification command.","B requires a maintained CI/runbook entry, deterministic output schema, and tests for stale audit rows or command failure modes.",Codex local manual review
scripts/build_aaa_node_v2.py,sample_h,sample_h,194,function,script,R13_batch_generic_script_01.csv,generic,D+,WIRE_OR_DEPRECATE,missing_wiring_row,C,KEEP_AS_TOOLING_ADD_CI_GATE_OR_DEPRECATE,"Manual script classification: audit/build helper, not runtime terrain generation. These callables should be graded as tooling unless wired into a required verification command.","B requires a maintained CI/runbook entry, deterministic output schema, and tests for stale audit rows or command failure modes.",Codex local manual review
scripts/build_aaa_node_v2.py,build_scene,build_scene,212,function,script,R13_batch_generic_script_01.csv,generic,D+,WIRE_OR_DEPRECATE,missing_wiring_row,C,KEEP_AS_TOOLING_ADD_CI_GATE_OR_DEPRECATE,"Manual script classification: audit/build helper, not runtime terrain generation. These callables should be graded as tooling unless wired into a required verification command.","B requires a maintained CI/runbook entry, deterministic output schema, and tests for stale audit rows or command failure modes.",Codex local manual review
scripts/build_aaa_node_v2.py,_build_terrain_mesh,_build_terrain_mesh,246,function,script,R13_batch_generic_script_01.csv,generic,D+,WIRE_OR_DEPRECATE,missing_wiring_row,C,KEEP_AS_TOOLING_ADD_CI_GATE_OR_DEPRECATE,"Manual script classification: audit/build helper, not runtime terrain generation. These callables should be graded as tooling unless wired into a required verification command.","B requires a maintained CI/runbook entry, deterministic output schema, and tests for stale audit rows or command failure modes.",Codex local manual review
scripts/build_aaa_node_v2.py,_setup_lighting,_setup_lighting,471,function,script,R13_batch_generic_script_01.csv,generic,D+,WIRE_OR_DEPRECATE,missing_wiring_row,C,KEEP_AS_TOOLING_ADD_CI_GATE_OR_DEPRECATE,"Manual script classification: audit/build helper, not runtime terrain generation. These callables should be graded as tooling unless wired into a required verification command.","B requires a maintained CI/runbook entry, deterministic output schema, and tests for stale audit rows or command failure modes.",Codex local manual review
scripts/build_aaa_node_v2.py,_setup_cameras,_setup_cameras,491,function,script,R13_batch_generic_script_01.csv,generic,D+,WIRE_OR_DEPRECATE,missing_wiring_row,C,KEEP_AS_TOOLING_ADD_CI_GATE_OR_DEPRECATE,"Manual script classification: audit/build helper, not runtime terrain generation. These callables should be graded as tooling unless wired into a required verification command.","B requires a maintained CI/runbook entry, deterministic output schema, and tests for stale audit rows or command failure modes.",Codex local manual review
scripts/build_aaa_node_v2.py,_add_signature_camera_v2,_add_signature_camera_v2,523,function,script,R13_batch_generic_script_01.csv,generic,D+,WIRE_OR_DEPRECATE,missing_wiring_row,C,KEEP_AS_TOOLING_ADD_CI_GATE_OR_DEPRECATE,"Manual script classification: audit/build helper, not runtime terrain generation. These callables should be graded as tooling unless wired into a required verification command.","B requires a maintained CI/runbook entry, deterministic output schema, and tests for stale audit rows or command failure modes.",Codex local manual review
scripts/build_aaa_node_v2.py,save_blend,save_blend,584,function,script,R13_batch_generic_script_01.csv,generic,D+,WIRE_OR_DEPRECATE,missing_wiring_row,C,KEEP_AS_TOOLING_ADD_CI_GATE_OR_DEPRECATE,"Manual script classification: audit/build helper, not runtime terrain generation. These callables should be graded as tooling unless wired into a required verification command.","B requires a maintained CI/runbook entry, deterministic output schema, and tests for stale audit rows or command failure modes.",Codex local manual review
scripts/build_aaa_node_v2.py,write_showcase_md,write_showcase_md,595,function,script,R13_batch_generic_script_01.csv,generic,D+,WIRE_OR_DEPRECATE,missing_wiring_row,C,KEEP_AS_TOOLING_ADD_CI_GATE_OR_DEPRECATE,"Manual script classification: audit/build helper, not runtime terrain generation. These callables should be graded as tooling unless wired into a required verification command.","B requires a maintained CI/runbook entry, deterministic output schema, and tests for stale audit rows or command failure modes.",Codex local manual review
scripts/build_aaa_node_v2.py,main,main,652,function,script,R13_batch_generic_script_01.csv,generic,D+,WIRE_OR_DEPRECATE,missing_wiring_row,C,KEEP_AS_TOOLING_ADD_CI_GATE_OR_DEPRECATE,"Manual script classification: audit/build helper, not runtime terrain generation. These callables should be graded as tooling unless wired into a required verification command.","B requires a maintained CI/runbook entry, deterministic output schema, and tests for stale audit rows or command failure modes.",Codex local manual review
scripts/build_feature_callouts.py,_args_after_dashdash,_args_after_dashdash,19,function,script,R13_batch_generic_script_01.csv,generic,D+,WIRE_OR_DEPRECATE,missing_wiring_row,C,KEEP_AS_TOOLING_ADD_CI_GATE_OR_DEPRECATE,"Manual script classification: audit/build helper, not runtime terrain generation. These callables should be graded as tooling unless wired into a required verification command.","B requires a maintained CI/runbook entry, deterministic output schema, and tests for stale audit rows or command failure modes.",Codex local manual review
scripts/build_feature_callouts.py,run,run,26,function,script,R13_batch_generic_script_01.csv,generic,D+,WIRE_OR_DEPRECATE,missing_wiring_row,C,KEEP_AS_TOOLING_ADD_CI_GATE_OR_DEPRECATE,"Manual script classification: audit/build helper, not runtime terrain generation. These callables should be graded as tooling unless wired into a required verification command.","B requires a maintained CI/runbook entry, deterministic output schema, and tests for stale audit rows or command failure modes.",Codex local manual review
scripts/build_master_callable_audit.py,CallableDef,CallableDef,38,class,script,R13_batch_generic_script_01.csv,generic,D+,WIRE_OR_DEPRECATE,missing_wiring_row,C,KEEP_AS_TOOLING_ADD_CI_GATE_OR_DEPRECATE,"Manual script classification: audit/build helper, not runtime terrain generation. These callables should be graded as tooling unless wired into a required verification command.","B requires a maintained CI/runbook entry, deterministic output schema, and tests for stale audit rows or command failure modes.",Codex local manual review
scripts/build_master_callable_audit.py,CallableDef.qualified_name,qualified_name,46,method,script,R13_batch_generic_script_01.csv,generic,D+,WIRE_OR_DEPRECATE,missing_wiring_row,C,KEEP_AS_TOOLING_ADD_CI_GATE_OR_DEPRECATE,"Manual script classification: audit/build helper, not runtime terrain generation. These callables should be graded as tooling unless wired into a required verification command.","B requires a maintained CI/runbook entry, deterministic output schema, and tests for stale audit rows or command failure modes.",Codex local manual review
scripts/build_master_callable_audit.py,CallableDef.key,key,50,method,script,R13_batch_generic_script_01.csv,generic,D+,WIRE_OR_DEPRECATE,missing_wiring_row,C,KEEP_AS_TOOLING_ADD_CI_GATE_OR_DEPRECATE,"Manual script classification: audit/build helper, not runtime terrain generation. These callables should be graded as tooling unless wired into a required verification command.","B requires a maintained CI/runbook entry, deterministic output schema, and tests for stale audit rows or command failure modes.",Codex local manual review
scripts/build_master_callable_audit.py,CallEdge,CallEdge,55,class,script,R13_batch_generic_script_01.csv,generic,D+,WIRE_OR_DEPRECATE,missing_wiring_row,C,KEEP_AS_TOOLING_ADD_CI_GATE_OR_DEPRECATE,"Manual script classification: audit/build helper, not runtime terrain generation. These callables should be graded as tooling unless wired into a required verification command.","B requires a maintained CI/runbook entry, deterministic output schema, and tests for stale audit rows or command failure modes.",Codex local manual review
scripts/build_master_callable_audit.py,read_text,read_text,64,function,script,R13_batch_generic_script_01.csv,generic,D+,WIRE_OR_DEPRECATE,missing_wiring_row,C,KEEP_AS_TOOLING_ADD_CI_GATE_OR_DEPRECATE,"Manual script classification: audit/build helper, not runtime terrain generation. These callables should be graded as tooling unless wired into a required verification command.","B requires a maintained CI/runbook entry, deterministic output schema, and tests for stale audit rows or command failure modes.",Codex local manual review
scripts/build_master_callable_audit.py,parse_module,parse_module,68,function,script,R13_batch_generic_script_01.csv,generic,D+,WIRE_OR_DEPRECATE,missing_wiring_row,C,KEEP_AS_TOOLING_ADD_CI_GATE_OR_DEPRECATE,"Manual script classification: audit/build helper, not runtime terrain generation. These callables should be graded as tooling unless wired into a required verification command.","B requires a maintained CI/runbook entry, deterministic output schema, and tests for stale audit rows or command failure modes.",Codex local manual review
scripts/build_master_callable_audit.py,tracked_python_files,tracked_python_files,72,function,script,R13_batch_generic_script_01.csv,generic,D+,WIRE_OR_DEPRECATE,missing_wiring_row,C,KEEP_AS_TOOLING_ADD_CI_GATE_OR_DEPRECATE,"Manual script classification: audit/build helper, not runtime terrain generation. These callables should be graded as tooling unless wired into a required verification command.","B requires a maintained CI/runbook entry, deterministic output schema, and tests for stale audit rows or command failure modes.",Codex local manual review
scripts/build_master_callable_audit.py,normalize_function_name,normalize_function_name,95,function,script,R13_batch_generic_script_01.csv,generic,D+,WIRE_OR_DEPRECATE,missing_wiring_row,C,KEEP_AS_TOOLING_ADD_CI_GATE_OR_DEPRECATE,"Manual script classification: audit/build helper, not runtime terrain generation. These callables should be graded as tooling unless wired into a required verification command.","B requires a maintained CI/runbook entry, deterministic output schema, and tests for stale audit rows or command failure modes.",Codex local manual review
scripts/build_master_callable_audit.py,extract_constant_string,extract_constant_string,128,function,script,R13_batch_generic_script_01.csv,generic,D+,WIRE_OR_DEPRECATE,missing_wiring_row,C,KEEP_AS_TOOLING_ADD_CI_GATE_OR_DEPRECATE,"Manual script classification: audit/build helper, not runtime terrain generation. These callables should be graded as tooling unless wired into a required verification command.","B requires a maintained CI/runbook entry, deterministic output schema, and tests for stale audit rows or command failure modes.",Codex local manual review
scripts/build_master_callable_audit.py,extract_name,extract_name,140,function,script,R13_batch_generic_script_01.csv,generic,D+,WIRE_OR_DEPRECATE,missing_wiring_row,C,KEEP_AS_TOOLING_ADD_CI_GATE_OR_DEPRECATE,"Manual script classification: audit/build helper, not runtime terrain generation. These callables should be graded as tooling unless wired into a required verification command.","B requires a maintained CI/runbook entry, deterministic output schema, and tests for stale audit rows or command failure modes.",Codex local manual review
scripts/build_master_callable_audit.py,DefVisitor,DefVisitor,148,class,script,R13_batch_generic_script_01.csv,generic,D+,WIRE_OR_DEPRECATE,missing_wiring_row,C,KEEP_AS_TOOLING_ADD_CI_GATE_OR_DEPRECATE,"Manual script classification: audit/build helper, not runtime terrain generation. These callables should be graded as tooling unless wired into a required verification command.","B requires a maintained CI/runbook entry, deterministic output schema, and tests for stale audit rows or command failure modes.",Codex local manual review
scripts/build_master_callable_audit.py,DefVisitor.__init__,__init__,149,method,script,R13_batch_generic_script_01.csv,generic,D+,WIRE_OR_DEPRECATE,missing_wiring_row,C,KEEP_AS_TOOLING_ADD_CI_GATE_OR_DEPRECATE,"Manual script classification: audit/build helper, not runtime terrain generation. These callables should be graded as tooling unless wired into a required verification command.","B requires a maintained CI/runbook entry, deterministic output schema, and tests for stale audit rows or command failure modes.",Codex local manual review
scripts/build_master_callable_audit.py,DefVisitor.visit_ClassDef,visit_ClassDef,155,method,script,R13_batch_generic_script_01.csv,generic,D+,WIRE_OR_DEPRECATE,missing_wiring_row,C,KEEP_AS_TOOLING_ADD_CI_GATE_OR_DEPRECATE,"Manual script classification: audit/build helper, not runtime terrain generation. These callables should be graded as tooling unless wired into a required verification command.","B requires a maintained CI/runbook entry, deterministic output schema, and tests for stale audit rows or command failure modes.",Codex local manual review
scripts/build_master_callable_audit.py,DefVisitor.visit_FunctionDef,visit_FunctionDef,160,method,script,R13_batch_generic_script_01.csv,generic,D+,WIRE_OR_DEPRECATE,missing_wiring_row,C,KEEP_AS_TOOLING_ADD_CI_GATE_OR_DEPRECATE,"Manual script classification: audit/build helper, not runtime terrain generation. These callables should be graded as tooling unless wired into a required verification command.","B requires a maintained CI/runbook entry, deterministic output schema, and tests for stale audit rows or command failure modes.",Codex local manual review
scripts/build_master_callable_audit.py,DefVisitor.visit_AsyncFunctionDef,visit_AsyncFunctionDef,163,method,script,R13_batch_generic_script_01.csv,generic,D+,WIRE_OR_DEPRECATE,missing_wiring_row,C,KEEP_AS_TOOLING_ADD_CI_GATE_OR_DEPRECATE,"Manual script classification: audit/build helper, not runtime terrain generation. These callables should be graded as tooling unless wired into a required verification command.","B requires a maintained CI/runbook entry, deterministic output schema, and tests for stale audit rows or command failure modes.",Codex local manual review
scripts/build_master_callable_audit.py,DefVisitor._enter_function,_enter_function,166,method,script,R13_batch_generic_script_01.csv,generic,D+,WIRE_OR_DEPRECATE,missing_wiring_row,C,KEEP_AS_TOOLING_ADD_CI_GATE_OR_DEPRECATE,"Manual script classification: audit/build helper, not runtime terrain generation. These callables should be graded as tooling unless wired into a required verification command.","B requires a maintained CI/runbook entry, deterministic output schema, and tests for stale audit rows or command failure modes.",Codex local manual review
scripts/build_master_callable_audit.py,DefVisitor._record,_record,174,method,script,R13_batch_generic_script_01.csv,generic,D+,WIRE_OR_DEPRECATE,missing_wiring_row,C,KEEP_AS_TOOLING_ADD_CI_GATE_OR_DEPRECATE,"Manual script classification: audit/build helper, not runtime terrain generation. These callables should be graded as tooling unless wired into a required verification command.","B requires a maintained CI/runbook entry, deterministic output schema, and tests for stale audit rows or command failure modes.",Codex local manual review
scripts/build_master_callable_audit.py,DefVisitor._is_property,_is_property,183,method,script,R13_batch_generic_script_01.csv,generic,D+,WIRE_OR_DEPRECATE,missing_wiring_row,C,KEEP_AS_TOOLING_ADD_CI_GATE_OR_DEPRECATE,"Manual script classification: audit/build helper, not runtime terrain generation. These callables should be graded as tooling unless wired into a required verification command.","B requires a maintained CI/runbook entry, deterministic output schema, and tests for stale audit rows or command failure modes.",Codex local manual review
scripts/build_master_callable_audit.py,CallGraphVisitor,CallGraphVisitor,193,class,script,R13_batch_generic_script_01.csv,generic,D+,WIRE_OR_DEPRECATE,missing_wiring_row,C,KEEP_AS_TOOLING_ADD_CI_GATE_OR_DEPRECATE,"Manual script classification: audit/build helper, not runtime terrain generation. These callables should be graded as tooling unless wired into a required verification command.","B requires a maintained CI/runbook entry, deterministic output schema, and tests for stale audit rows or command failure modes.",Codex local manual review
scripts/build_master_callable_audit.py,CallGraphVisitor.__init__,__init__,194,method,script,R13_batch_generic_script_01.csv,generic,D+,WIRE_OR_DEPRECATE,missing_wiring_row,C,KEEP_AS_TOOLING_ADD_CI_GATE_OR_DEPRECATE,"Manual script classification: audit/build helper, not runtime terrain generation. These callables should be graded as tooling unless wired into a required verification command.","B requires a maintained CI/runbook entry, deterministic output schema, and tests for stale audit rows or command failure modes.",Codex local manual review
scripts/build_master_callable_audit.py,CallGraphVisitor.visit_ClassDef,visit_ClassDef,211,method,script,R13_batch_generic_script_01.csv,generic,D+,WIRE_OR_DEPRECATE,missing_wiring_row,C,KEEP_AS_TOOLING_ADD_CI_GATE_OR_DEPRECATE,"Manual script classification: audit/build helper, not runtime terrain generation. These callables should be graded as tooling unless wired into a required verification command.","B requires a maintained CI/runbook entry, deterministic output schema, and tests for stale audit rows or command failure modes.",Codex local manual review
scripts/build_master_callable_audit.py,CallGraphVisitor.visit_FunctionDef,visit_FunctionDef,217,method,script,R13_batch_generic_script_01.csv,generic,D+,WIRE_OR_DEPRECATE,missing_wiring_row,C,KEEP_AS_TOOLING_ADD_CI_GATE_OR_DEPRECATE,"Manual script classification: audit/build helper, not runtime terrain generation. These callables should be graded as tooling unless wired into a required verification command.","B requires a maintained CI/runbook entry, deterministic output schema, and tests for stale audit rows or command failure modes.",Codex local manual review
scripts/build_master_callable_audit.py,CallGraphVisitor.visit_AsyncFunctionDef,visit_AsyncFunctionDef,220,method,script,R13_batch_generic_script_01.csv,generic,D+,WIRE_OR_DEPRECATE,missing_wiring_row,C,KEEP_AS_TOOLING_ADD_CI_GATE_OR_DEPRECATE,"Manual script classification: audit/build helper, not runtime terrain generation. These callables should be graded as tooling unless wired into a required verification command.","B requires a maintained CI/runbook entry, deterministic output schema, and tests for stale audit rows or command failure modes.",Codex local manual review
scripts/build_master_callable_audit.py,CallGraphVisitor._enter_function,_enter_function,223,method,script,R13_batch_generic_script_01.csv,generic,D+,WIRE_OR_DEPRECATE,missing_wiring_row,C,KEEP_AS_TOOLING_ADD_CI_GATE_OR_DEPRECATE,"Manual script classification: audit/build helper, not runtime terrain generation. These callables should be graded as tooling unless wired into a required verification command.","B requires a maintained CI/runbook entry, deterministic output schema, and tests for stale audit rows or command failure modes.",Codex local manual review
scripts/build_master_callable_audit.py,CallGraphVisitor.visit_Call,visit_Call,232,method,script,R13_batch_generic_script_01.csv,generic,D+,WIRE_OR_DEPRECATE,missing_wiring_row,C,KEEP_AS_TOOLING_ADD_CI_GATE_OR_DEPRECATE,"Manual script classification: audit/build helper, not runtime terrain generation. These callables should be graded as tooling unless wired into a required verification command.","B requires a maintained CI/runbook entry, deterministic output schema, and tests for stale audit rows or command failure modes.",Codex local manual review
scripts/build_master_callable_audit.py,CallGraphVisitor._resolve_call_target,_resolve_call_target,251,method,script,R13_batch_generic_script_01.csv,generic,D+,WIRE_OR_DEPRECATE,missing_wiring_row,C,KEEP_AS_TOOLING_ADD_CI_GATE_OR_DEPRECATE,"Manual script classification: audit/build helper, not runtime terrain generation. These callables should be graded as tooling unless wired into a required verification command.","B requires a maintained CI/runbook entry, deterministic output schema, and tests for stale audit rows or command failure modes.",Codex local manual review
scripts/build_master_callable_audit.py,CallGraphVisitor._best_match,_best_match,273,method,script,R13_batch_generic_script_01.csv,generic,D+,WIRE_OR_DEPRECATE,missing_wiring_row,C,KEEP_AS_TOOLING_ADD_CI_GATE_OR_DEPRECATE,"Manual script classification: audit/build helper, not runtime terrain generation. These callables should be graded as tooling unless wired into a required verification command.","B requires a maintained CI/runbook entry, deterministic output schema, and tests for stale audit rows or command failure modes.",Codex local manual review
scripts/build_master_callable_audit.py,CallGraphVisitor._local_defs,_local_defs,280,method,script,R13_batch_generic_script_01.csv,generic,D+,WIRE_OR_DEPRECATE,missing_wiring_row,C,KEEP_AS_TOOLING_ADD_CI_GATE_OR_DEPRECATE,"Manual script classification: audit/build helper, not runtime terrain generation. These callables should be graded as tooling unless wired into a required verification command.","B requires a maintained CI/runbook entry, deterministic output schema, and tests for stale audit rows or command failure modes.",Codex local manual review
scripts/build_master_callable_audit.py,import_maps,import_maps,288,function,script,R13_batch_generic_script_01.csv,generic,D+,WIRE_OR_DEPRECATE,missing_wiring_row,C,KEEP_AS_TOOLING_ADD_CI_GATE_OR_DEPRECATE,"Manual script classification: audit/build helper, not runtime terrain generation. These callables should be graded as tooling unless wired into a required verification command.","B requires a maintained CI/runbook entry, deterministic output schema, and tests for stale audit rows or command failure modes.",Codex local manual review
scripts/build_master_callable_audit.py,import_maps.bind_alias,bind_alias,292,nested_function,script,R13_batch_generic_script_01.csv,generic,D+,WIRE_OR_DEPRECATE,missing_wiring_row,C,KEEP_AS_TOOLING_ADD_CI_GATE_OR_DEPRECATE,"Manual script classification: audit/build helper, not runtime terrain generation. These callables should be graded as tooling unless wired into a required verification command.","B requires a maintained CI/runbook entry, deterministic output schema, and tests for stale audit rows or command failure modes.",Codex local manual review
scripts/build_master_callable_audit.py,resolve_symbol,resolve_symbol,351,function,script,R13_batch_generic_script_01.csv,generic,D+,WIRE_OR_DEPRECATE,missing_wiring_row,C,KEEP_AS_TOOLING_ADD_CI_GATE_OR_DEPRECATE,"Manual script classification: audit/build helper, not runtime terrain generation. These callables should be graded as tooling unless wired into a required verification command.","B requires a maintained CI/runbook entry, deterministic output schema, and tests for stale audit rows or command failure modes.",Codex local manual review
scripts/build_master_callable_audit.py,resolve_call_target,resolve_call_target,367,function,script,R13_batch_generic_script_01.csv,generic,D+,WIRE_OR_DEPRECATE,missing_wiring_row,C,KEEP_AS_TOOLING_ADD_CI_GATE_OR_DEPRECATE,"Manual script classification: audit/build helper, not runtime terrain generation. These callables should be graded as tooling unless wired into a required verification command.","B requires a maintained CI/runbook entry, deterministic output schema, and tests for stale audit rows or command failure modes.",Codex local manual review
scripts/build_master_callable_audit.py,collect_module_exports,collect_module_exports,384,function,script,R13_batch_generic_script_01.csv,generic,D+,WIRE_OR_DEPRECATE,missing_wiring_row,C,KEEP_AS_TOOLING_ADD_CI_GATE_OR_DEPRECATE,"Manual script classification: audit/build helper, not runtime terrain generation. These callables should be graded as tooling unless wired into a required verification command.","B requires a maintained CI/runbook entry, deterministic output schema, and tests for stale audit rows or command failure modes.",Codex local manual review
scripts/build_master_callable_audit.py,collect_defs,collect_defs,405,function,script,R13_batch_generic_script_01.csv,generic,D+,WIRE_OR_DEPRECATE,missing_wiring_row,C,KEEP_AS_TOOLING_ADD_CI_GATE_OR_DEPRECATE,"Manual script classification: audit/build helper, not runtime terrain generation. These callables should be graded as tooling unless wired into a required verification command.","B requires a maintained CI/runbook entry, deterministic output schema, and tests for stale audit rows or command failure modes.",Codex local manual review
scripts/build_master_callable_audit.py,collect_edges,collect_edges,416,function,script,R13_batch_generic_script_01.csv,generic,D+,WIRE_OR_DEPRECATE,missing_wiring_row,C,KEEP_AS_TOOLING_ADD_CI_GATE_OR_DEPRECATE,"Manual script classification: audit/build helper, not runtime terrain generation. These callables should be graded as tooling unless wired into a required verification command.","B requires a maintained CI/runbook entry, deterministic output schema, and tests for stale audit rows or command failure modes.",Codex local manual review
scripts/build_master_callable_audit.py,collect_runtime_exposure,collect_runtime_exposure,434,function,script,R13_batch_generic_script_01.csv,generic,D+,WIRE_OR_DEPRECATE,missing_wiring_row,C,KEEP_AS_TOOLING_ADD_CI_GATE_OR_DEPRECATE,"Manual script classification: audit/build helper, not runtime terrain generation. These callables should be graded as tooling unless wired into a required verification command.","B requires a maintained CI/runbook entry, deterministic output schema, and tests for stale audit rows or command failure modes.",Codex local manual review
scripts/build_master_callable_audit.py,bfs_runtime_reachability,bfs_runtime_reachability,573,function,script,R13_batch_generic_script_01.csv,generic,D+,WIRE_OR_DEPRECATE,missing_wiring_row,C,KEEP_AS_TOOLING_ADD_CI_GATE_OR_DEPRECATE,"Manual script classification: audit/build helper, not runtime terrain generation. These callables should be graded as tooling unless wired into a required verification command.","B requires a maintained CI/runbook entry, deterministic output schema, and tests for stale audit rows or command failure modes.",Codex local manual review
scripts/build_master_callable_audit.py,load_csv_rows,load_csv_rows,612,function,script,R13_batch_generic_script_01.csv,generic,D+,WIRE_OR_DEPRECATE,missing_wiring_row,C,KEEP_AS_TOOLING_ADD_CI_GATE_OR_DEPRECATE,"Manual script classification: audit/build helper, not runtime terrain generation. These callables should be graded as tooling unless wired into a required verification command.","B requires a maintained CI/runbook entry, deterministic output schema, and tests for stale audit rows or command failure modes.",Codex local manual review
scripts/build_master_callable_audit.py,group_grade_rows,group_grade_rows,617,function,script,R13_batch_generic_script_01.csv,generic,D+,WIRE_OR_DEPRECATE,missing_wiring_row,C,KEEP_AS_TOOLING_ADD_CI_GATE_OR_DEPRECATE,"Manual script classification: audit/build helper, not runtime terrain generation. These callables should be graded as tooling unless wired into a required verification command.","B requires a maintained CI/runbook entry, deterministic output schema, and tests for stale audit rows or command failure modes.",Codex local manual review
scripts/build_master_callable_audit.py,latest_grade,latest_grade,630,function,script,R13_batch_generic_script_01.csv,generic,D+,WIRE_OR_DEPRECATE,missing_wiring_row,C,KEEP_AS_TOOLING_ADD_CI_GATE_OR_DEPRECATE,"Manual script classification: audit/build helper, not runtime terrain generation. These callables should be graded as tooling unless wired into a required verification command.","B requires a maintained CI/runbook entry, deterministic output schema, and tests for stale audit rows or command failure modes.",Codex local manual review
scripts/build_master_callable_audit.py,summarize_sites,summarize_sites,652,function,script,R13_batch_generic_script_01.csv,generic,D+,WIRE_OR_DEPRECATE,missing_wiring_row,C,KEEP_AS_TOOLING_ADD_CI_GATE_OR_DEPRECATE,"Manual script classification: audit/build helper, not runtime terrain generation. These callables should be graded as tooling unless wired into a required verification command.","B requires a maintained CI/runbook entry, deterministic output schema, and tests for stale audit rows or command failure modes.",Codex local manual review
scripts/build_master_callable_audit.py,classify_status,classify_status,668,function,script,R13_batch_generic_script_01.csv,generic,D+,WIRE_OR_DEPRECATE,missing_wiring_row,C,KEEP_AS_TOOLING_ADD_CI_GATE_OR_DEPRECATE,"Manual script classification: audit/build helper, not runtime terrain generation. These callables should be graded as tooling unless wired into a required verification command.","B requires a maintained CI/runbook entry, deterministic output schema, and tests for stale audit rows or command failure modes.",Codex local manual review
scripts/build_master_callable_audit.py,load_first_pass_status,load_first_pass_status,706,function,script,R13_batch_generic_script_01.csv,generic,D+,WIRE_OR_DEPRECATE,missing_wiring_row,C,KEEP_AS_TOOLING_ADD_CI_GATE_OR_DEPRECATE,"Manual script classification: audit/build helper, not runtime terrain generation. These callables should be graded as tooling unless wired into a required verification command.","B requires a maintained CI/runbook entry, deterministic output schema, and tests for stale audit rows or command failure modes.",Codex local manual review
scripts/build_master_callable_audit.py,write_csv,write_csv,719,function,script,R13_batch_generic_script_01.csv,generic,D+,WIRE_OR_DEPRECATE,missing_wiring_row,C,KEEP_AS_TOOLING_ADD_CI_GATE_OR_DEPRECATE,"Manual script classification: audit/build helper, not runtime terrain generation. These callables should be graded as tooling unless wired into a required verification command.","B requires a maintained CI/runbook entry, deterministic output schema, and tests for stale audit rows or command failure modes.",Codex local manual review
scripts/build_master_callable_audit.py,write_markdown,write_markdown,726,function,script,R13_batch_generic_script_01.csv,generic,D+,WIRE_OR_DEPRECATE,missing_wiring_row,C,KEEP_AS_TOOLING_ADD_CI_GATE_OR_DEPRECATE,"Manual script classification: audit/build helper, not runtime terrain generation. These callables should be graded as tooling unless wired into a required verification command.","B requires a maintained CI/runbook entry, deterministic output schema, and tests for stale audit rows or command failure modes.",Codex local manual review
scripts/build_master_callable_audit.py,main,main,813,function,script,R13_batch_generic_script_01.csv,generic,D+,WIRE_OR_DEPRECATE,missing_wiring_row,C,KEEP_AS_TOOLING_ADD_CI_GATE_OR_DEPRECATE,"Manual script classification: audit/build helper, not runtime terrain generation. These callables should be graded as tooling unless wired into a required verification command.","B requires a maintained CI/runbook entry, deterministic output schema, and tests for stale audit rows or command failure modes.",Codex local manual review
scripts/build_node_seam_proof.py,log,log,33,function,script,R13_batch_generic_script_01.csv,generic,D+,WIRE_OR_DEPRECATE,missing_wiring_row,C,KEEP_AS_TOOLING_ADD_CI_GATE_OR_DEPRECATE,"Manual script classification: audit/build helper, not runtime terrain generation. These callables should be graded as tooling unless wired into a required verification command.","B requires a maintained CI/runbook entry, deterministic output schema, and tests for stale audit rows or command failure modes.",Codex local manual review
scripts/build_node_seam_proof.py,log_fail,log_fail,37,function,script,R13_batch_generic_script_01.csv,generic,D+,WIRE_OR_DEPRECATE,missing_wiring_row,C,KEEP_AS_TOOLING_ADD_CI_GATE_OR_DEPRECATE,"Manual script classification: audit/build helper, not runtime terrain generation. These callables should be graded as tooling unless wired into a required verification command.","B requires a maintained CI/runbook entry, deterministic output schema, and tests for stale audit rows or command failure modes.",Codex local manual review
scripts/build_node_seam_proof.py,link_blend,link_blend,42,function,script,R13_batch_generic_script_01.csv,generic,D+,WIRE_OR_DEPRECATE,missing_wiring_row,C,KEEP_AS_TOOLING_ADD_CI_GATE_OR_DEPRECATE,"Manual script classification: audit/build helper, not runtime terrain generation. These callables should be graded as tooling unless wired into a required verification command.","B requires a maintained CI/runbook entry, deterministic output schema, and tests for stale audit rows or command failure modes.",Codex local manual review
scripts/build_node_seam_proof.py,build_composite,build_composite,71,function,script,R13_batch_generic_script_01.csv,generic,D+,WIRE_OR_DEPRECATE,missing_wiring_row,C,KEEP_AS_TOOLING_ADD_CI_GATE_OR_DEPRECATE,"Manual script classification: audit/build helper, not runtime terrain generation. These callables should be graded as tooling unless wired into a required verification command.","B requires a maintained CI/runbook entry, deterministic output schema, and tests for stale audit rows or command failure modes.",Codex local manual review
scripts/build_node_seam_proof.py,_setup_lighting,_setup_lighting,89,function,script,R13_batch_generic_script_01.csv,generic,D+,WIRE_OR_DEPRECATE,missing_wiring_row,C,KEEP_AS_TOOLING_ADD_CI_GATE_OR_DEPRECATE,"Manual script classification: audit/build helper, not runtime terrain generation. These callables should be graded as tooling unless wired into a required verification command.","B requires a maintained CI/runbook entry, deterministic output schema, and tests for stale audit rows or command failure modes.",Codex local manual review
scripts/build_node_seam_proof.py,_setup_cameras,_setup_cameras,114,function,script,R13_batch_generic_script_01.csv,generic,D+,WIRE_OR_DEPRECATE,missing_wiring_row,C,KEEP_AS_TOOLING_ADD_CI_GATE_OR_DEPRECATE,"Manual script classification: audit/build helper, not runtime terrain generation. These callables should be graded as tooling unless wired into a required verification command.","B requires a maintained CI/runbook entry, deterministic output schema, and tests for stale audit rows or command failure modes.",Codex local manual review
scripts/build_node_seam_proof.py,_add_seam_highlight_overlay,_add_seam_highlight_overlay,168,function,script,R13_batch_generic_script_01.csv,generic,D+,WIRE_OR_DEPRECATE,missing_wiring_row,C,KEEP_AS_TOOLING_ADD_CI_GATE_OR_DEPRECATE,"Manual script classification: audit/build helper, not runtime terrain generation. These callables should be graded as tooling unless wired into a required verification command.","B requires a maintained CI/runbook entry, deterministic output schema, and tests for stale audit rows or command failure modes.",Codex local manual review
scripts/build_node_seam_proof.py,save_blend,save_blend,301,function,script,R13_batch_generic_script_01.csv,generic,D+,WIRE_OR_DEPRECATE,missing_wiring_row,C,KEEP_AS_TOOLING_ADD_CI_GATE_OR_DEPRECATE,"Manual script classification: audit/build helper, not runtime terrain generation. These callables should be graded as tooling unless wired into a required verification command.","B requires a maintained CI/runbook entry, deterministic output schema, and tests for stale audit rows or command failure modes.",Codex local manual review
scripts/build_node_seam_proof.py,write_showcase_readme,write_showcase_readme,311,function,script,R13_batch_generic_script_01.csv,generic,D+,WIRE_OR_DEPRECATE,missing_wiring_row,C,KEEP_AS_TOOLING_ADD_CI_GATE_OR_DEPRECATE,"Manual script classification: audit/build helper, not runtime terrain generation. These callables should be graded as tooling unless wired into a required verification command.","B requires a maintained CI/runbook entry, deterministic output schema, and tests for stale audit rows or command failure modes.",Codex local manual review
scripts/build_node_seam_proof.py,main,main,346,function,script,R13_batch_generic_script_01.csv,generic,D+,WIRE_OR_DEPRECATE,missing_wiring_row,C,KEEP_AS_TOOLING_ADD_CI_GATE_OR_DEPRECATE,"Manual script classification: audit/build helper, not runtime terrain generation. These callables should be graded as tooling unless wired into a required verification command.","B requires a maintained CI/runbook entry, deterministic output schema, and tests for stale audit rows or command failure modes.",Codex local manual review
scripts/build_r11_research_aaa_callable_audit.py,CallableRow,CallableRow,195,class,script,R13_batch_generic_script_01.csv,generic,D+,WIRE_OR_DEPRECATE,missing_wiring_row,C,KEEP_AS_TOOLING_ADD_CI_GATE_OR_DEPRECATE,"Manual script classification: audit/build helper, not runtime terrain generation. These callables should be graded as tooling unless wired into a required verification command.","B requires a maintained CI/runbook entry, deterministic output schema, and tests for stale audit rows or command failure modes.",Codex local manual review
scripts/build_r11_research_aaa_callable_audit.py,cap_grade,cap_grade,204,function,script,R13_batch_generic_script_01.csv,generic,D+,WIRE_OR_DEPRECATE,missing_wiring_row,C,KEEP_AS_TOOLING_ADD_CI_GATE_OR_DEPRECATE,"Manual script classification: audit/build helper, not runtime terrain generation. These callables should be graded as tooling unless wired into a required verification command.","B requires a maintained CI/runbook entry, deterministic output schema, and tests for stale audit rows or command failure modes.",Codex local manual review
scripts/build_r11_research_aaa_callable_audit.py,git_files,git_files,208,function,script,R13_batch_generic_script_01.csv,generic,D+,WIRE_OR_DEPRECATE,missing_wiring_row,C,KEEP_AS_TOOLING_ADD_CI_GATE_OR_DEPRECATE,"Manual script classification: audit/build helper, not runtime terrain generation. These callables should be graded as tooling unless wired into a required verification command.","B requires a maintained CI/runbook entry, deterministic output schema, and tests for stale audit rows or command failure modes.",Codex local manual review
scripts/build_r11_research_aaa_callable_audit.py,classify_scope,classify_scope,235,function,script,R13_batch_generic_script_01.csv,generic,D+,WIRE_OR_DEPRECATE,missing_wiring_row,C,KEEP_AS_TOOLING_ADD_CI_GATE_OR_DEPRECATE,"Manual script classification: audit/build helper, not runtime terrain generation. These callables should be graded as tooling unless wired into a required verification command.","B requires a maintained CI/runbook entry, deterministic output schema, and tests for stale audit rows or command failure modes.",Codex local manual review
scripts/build_r11_research_aaa_callable_audit.py,collect_callables,collect_callables,248,function,script,R13_batch_generic_script_01.csv,generic,D+,WIRE_OR_DEPRECATE,missing_wiring_row,C,KEEP_AS_TOOLING_ADD_CI_GATE_OR_DEPRECATE,"Manual script classification: audit/build helper, not runtime terrain generation. These callables should be graded as tooling unless wired into a required verification command.","B requires a maintained CI/runbook entry, deterministic output schema, and tests for stale audit rows or command failure modes.",Codex local manual review
scripts/build_r11_research_aaa_callable_audit.py,load_wiring,load_wiring,277,function,script,R13_batch_generic_script_01.csv,generic,D+,WIRE_OR_DEPRECATE,missing_wiring_row,C,KEEP_AS_TOOLING_ADD_CI_GATE_OR_DEPRECATE,"Manual script classification: audit/build helper, not runtime terrain generation. These callables should be graded as tooling unless wired into a required verification command.","B requires a maintained CI/runbook entry, deterministic output schema, and tests for stale audit rows or command failure modes.",Codex local manual review
scripts/build_r11_research_aaa_callable_audit.py,infer_domain,infer_domain,287,function,script,R13_batch_generic_script_01.csv,generic,D+,WIRE_OR_DEPRECATE,missing_wiring_row,C,KEEP_AS_TOOLING_ADD_CI_GATE_OR_DEPRECATE,"Manual script classification: audit/build helper, not runtime terrain generation. These callables should be graded as tooling unless wired into a required verification command.","B requires a maintained CI/runbook entry, deterministic output schema, and tests for stale audit rows or command failure modes.",Codex local manual review
scripts/build_r11_research_aaa_callable_audit.py,infer_domain.has,has,292,nested_function,script,R13_batch_generic_script_01.csv,generic,D+,WIRE_OR_DEPRECATE,missing_wiring_row,C,KEEP_AS_TOOLING_ADD_CI_GATE_OR_DEPRECATE,"Manual script classification: audit/build helper, not runtime terrain generation. These callables should be graded as tooling unless wired into a required verification command.","B requires a maintained CI/runbook entry, deterministic output schema, and tests for stale audit rows or command failure modes.",Codex local manual review
scripts/build_r11_research_aaa_callable_audit.py,is_structural_support,is_structural_support,328,function,script,R13_batch_generic_script_01.csv,generic,D+,WIRE_OR_DEPRECATE,missing_wiring_row,C,KEEP_AS_TOOLING_ADD_CI_GATE_OR_DEPRECATE,"Manual script classification: audit/build helper, not runtime terrain generation. These callables should be graded as tooling unless wired into a required verification command.","B requires a maintained CI/runbook entry, deterministic output schema, and tests for stale audit rows or command failure modes.",Codex local manual review
scripts/build_r11_research_aaa_callable_audit.py,has_test_or_runtime_evidence,has_test_or_runtime_evidence,355,function,script,R13_batch_generic_script_01.csv,generic,D+,WIRE_OR_DEPRECATE,missing_wiring_row,C,KEEP_AS_TOOLING_ADD_CI_GATE_OR_DEPRECATE,"Manual script classification: audit/build helper, not runtime terrain generation. These callables should be graded as tooling unless wired into a required verification command.","B requires a maintained CI/runbook entry, deterministic output schema, and tests for stale audit rows or command failure modes.",Codex local manual review
scripts/build_r11_research_aaa_callable_audit.py,remediation_category,remediation_category,375,function,script,R13_batch_generic_script_01.csv,generic,D+,WIRE_OR_DEPRECATE,missing_wiring_row,C,KEEP_AS_TOOLING_ADD_CI_GATE_OR_DEPRECATE,"Manual script classification: audit/build helper, not runtime terrain generation. These callables should be graded as tooling unless wired into a required verification command.","B requires a maintained CI/runbook entry, deterministic output schema, and tests for stale audit rows or command failure modes.",Codex local manual review
scripts/build_r11_research_aaa_callable_audit.py,live_test_floor_grade,live_test_floor_grade,391,function,script,R13_batch_generic_script_01.csv,generic,D+,WIRE_OR_DEPRECATE,missing_wiring_row,C,KEEP_AS_TOOLING_ADD_CI_GATE_OR_DEPRECATE,"Manual script classification: audit/build helper, not runtime terrain generation. These callables should be graded as tooling unless wired into a required verification command.","B requires a maintained CI/runbook entry, deterministic output schema, and tests for stale audit rows or command failure modes.",Codex local manual review
scripts/build_r11_research_aaa_callable_audit.py,grade_row,grade_row,403,function,script,R13_batch_generic_script_01.csv,generic,D+,WIRE_OR_DEPRECATE,missing_wiring_row,C,KEEP_AS_TOOLING_ADD_CI_GATE_OR_DEPRECATE,"Manual script classification: audit/build helper, not runtime terrain generation. These callables should be graded as tooling unless wired into a required verification command.","B requires a maintained CI/runbook entry, deterministic output schema, and tests for stale audit rows or command failure modes.",Codex local manual review
scripts/build_r11_research_aaa_callable_audit.py,write_refs,write_refs,460,function,script,R13_batch_generic_script_01.csv,generic,D+,WIRE_OR_DEPRECATE,missing_wiring_row,C,KEEP_AS_TOOLING_ADD_CI_GATE_OR_DEPRECATE,"Manual script classification: audit/build helper, not runtime terrain generation. These callables should be graded as tooling unless wired into a required verification command.","B requires a maintained CI/runbook entry, deterministic output schema, and tests for stale audit rows or command failure modes.",Codex local manual review
scripts/build_r11_research_aaa_callable_audit.py,main,main,491,function,script,R13_batch_generic_script_01.csv,generic,D+,WIRE_OR_DEPRECATE,missing_wiring_row,C,KEEP_AS_TOOLING_ADD_CI_GATE_OR_DEPRECATE,"Manual script classification: audit/build helper, not runtime terrain generation. These callables should be graded as tooling unless wired into a required verification command.","B requires a maintained CI/runbook entry, deterministic output schema, and tests for stale audit rows or command failure modes.",Codex local manual review
scripts/build_r12_strict_aaa_generator_audit.py,grade_min,grade_min,174,function,script,R13_batch_generic_script_01.csv,generic,D+,WIRE_OR_DEPRECATE,missing_wiring_row,C,KEEP_AS_TOOLING_ADD_CI_GATE_OR_DEPRECATE,"Manual script classification: audit/build helper, not runtime terrain generation. These callables should be graded as tooling unless wired into a required verification command.","B requires a maintained CI/runbook entry, deterministic output schema, and tests for stale audit rows or command failure modes.",Codex local manual review
scripts/build_r12_strict_aaa_generator_audit.py,count_int,count_int,178,function,script,R13_batch_generic_script_01.csv,generic,D+,WIRE_OR_DEPRECATE,missing_wiring_row,C,KEEP_AS_TOOLING_ADD_CI_GATE_OR_DEPRECATE,"Manual script classification: audit/build helper, not runtime terrain generation. These callables should be graded as tooling unless wired into a required verification command.","B requires a maintained CI/runbook entry, deterministic output schema, and tests for stale audit rows or command failure modes.",Codex local manual review
scripts/build_r12_strict_aaa_generator_audit.py,evidence,evidence,185,function,script,R13_batch_generic_script_01.csv,generic,D+,WIRE_OR_DEPRECATE,missing_wiring_row,C,KEEP_AS_TOOLING_ADD_CI_GATE_OR_DEPRECATE,"Manual script classification: audit/build helper, not runtime terrain generation. These callables should be graded as tooling unless wired into a required verification command.","B requires a maintained CI/runbook entry, deterministic output schema, and tests for stale audit rows or command failure modes.",Codex local manual review
scripts/build_r12_strict_aaa_generator_audit.py,remediation_for,remediation_for,214,function,script,R13_batch_generic_script_01.csv,generic,D+,WIRE_OR_DEPRECATE,missing_wiring_row,C,KEEP_AS_TOOLING_ADD_CI_GATE_OR_DEPRECATE,"Manual script classification: audit/build helper, not runtime terrain generation. These callables should be graded as tooling unless wired into a required verification command.","B requires a maintained CI/runbook entry, deterministic output schema, and tests for stale audit rows or command failure modes.",Codex local manual review
scripts/build_r12_strict_aaa_generator_audit.py,strict_grade,strict_grade,228,function,script,R13_batch_generic_script_01.csv,generic,D+,WIRE_OR_DEPRECATE,missing_wiring_row,C,KEEP_AS_TOOLING_ADD_CI_GATE_OR_DEPRECATE,"Manual script classification: audit/build helper, not runtime terrain generation. These callables should be graded as tooling unless wired into a required verification command.","B requires a maintained CI/runbook entry, deterministic output schema, and tests for stale audit rows or command failure modes.",Codex local manual review
scripts/build_r12_strict_aaa_generator_audit.py,write_refs,write_refs,279,function,script,R13_batch_generic_script_01.csv,generic,D+,WIRE_OR_DEPRECATE,missing_wiring_row,C,KEEP_AS_TOOLING_ADD_CI_GATE_OR_DEPRECATE,"Manual script classification: audit/build helper, not runtime terrain generation. These callables should be graded as tooling unless wired into a required verification command.","B requires a maintained CI/runbook entry, deterministic output schema, and tests for stale audit rows or command failure modes.",Codex local manual review
scripts/build_r12_strict_aaa_generator_audit.py,main,main,307,function,script,R13_batch_generic_script_01.csv,generic,D+,WIRE_OR_DEPRECATE,missing_wiring_row,C,KEEP_AS_TOOLING_ADD_CI_GATE_OR_DEPRECATE,"Manual script classification: audit/build helper, not runtime terrain generation. These callables should be graded as tooling unless wired into a required verification command.","B requires a maintained CI/runbook entry, deterministic output schema, and tests for stale audit rows or command failure modes.",Codex local manual review
scripts/build_scene_v2.py,_fbm,_fbm,43,function,script,R13_batch_generic_script_01.csv,generic,D+,WIRE_OR_DEPRECATE,missing_wiring_row,C,KEEP_AS_TOOLING_ADD_CI_GATE_OR_DEPRECATE,"Manual script classification: audit/build helper, not runtime terrain generation. These callables should be graded as tooling unless wired into a required verification command.","B requires a maintained CI/runbook entry, deterministic output schema, and tests for stale audit rows or command failure modes.",Codex local manual review
scripts/build_scene_v2.py,_fbm.h2,h2,46,nested_function,script,R13_batch_generic_script_01.csv,generic,D+,WIRE_OR_DEPRECATE,missing_wiring_row,C,KEEP_AS_TOOLING_ADD_CI_GATE_OR_DEPRECATE,"Manual script classification: audit/build helper, not runtime terrain generation. These callables should be graded as tooling unless wired into a required verification command.","B requires a maintained CI/runbook entry, deterministic output schema, and tests for stale audit rows or command failure modes.",Codex local manual review
scripts/build_scene_v2.py,_fbm.vnoise,vnoise,50,nested_function,script,R13_batch_generic_script_01.csv,generic,D+,WIRE_OR_DEPRECATE,missing_wiring_row,C,KEEP_AS_TOOLING_ADD_CI_GATE_OR_DEPRECATE,"Manual script classification: audit/build helper, not runtime terrain generation. These callables should be graded as tooling unless wired into a required verification command.","B requires a maintained CI/runbook entry, deterministic output schema, and tests for stale audit rows or command failure modes.",Codex local manual review
scripts/build_scene_v2.py,_make_terrain_mesh,_make_terrain_mesh,116,function,script,R13_batch_generic_script_01.csv,generic,D+,WIRE_OR_DEPRECATE,missing_wiring_row,C,KEEP_AS_TOOLING_ADD_CI_GATE_OR_DEPRECATE,"Manual script classification: audit/build helper, not runtime terrain generation. These callables should be graded as tooling unless wired into a required verification command.","B requires a maintained CI/runbook entry, deterministic output schema, and tests for stale audit rows or command failure modes.",Codex local manual review
scripts/build_scene_v2.py,_setup_sun,_setup_sun,606,function,script,R13_batch_generic_script_01.csv,generic,D+,WIRE_OR_DEPRECATE,missing_wiring_row,C,KEEP_AS_TOOLING_ADD_CI_GATE_OR_DEPRECATE,"Manual script classification: audit/build helper, not runtime terrain generation. These callables should be graded as tooling unless wired into a required verification command.","B requires a maintained CI/runbook entry, deterministic output schema, and tests for stale audit rows or command failure modes.",Codex local manual review
scripts/build_scene_v2.py,_setup_camera,_setup_camera,617,function,script,R13_batch_generic_script_01.csv,generic,D+,WIRE_OR_DEPRECATE,missing_wiring_row,C,KEEP_AS_TOOLING_ADD_CI_GATE_OR_DEPRECATE,"Manual script classification: audit/build helper, not runtime terrain generation. These callables should be graded as tooling unless wired into a required verification command.","B requires a maintained CI/runbook entry, deterministic output schema, and tests for stale audit rows or command failure modes.",Codex local manual review
scripts/build_scene_v2.py,_setup_compositor,_setup_compositor,629,function,script,R13_batch_generic_script_01.csv,generic,D+,WIRE_OR_DEPRECATE,missing_wiring_row,C,KEEP_AS_TOOLING_ADD_CI_GATE_OR_DEPRECATE,"Manual script classification: audit/build helper, not runtime terrain generation. These callables should be graded as tooling unless wired into a required verification command.","B requires a maintained CI/runbook entry, deterministic output schema, and tests for stale audit rows or command failure modes.",Codex local manual review
scripts/build_scene_v2.py,main,main,673,function,script,R13_batch_generic_script_01.csv,generic,D+,WIRE_OR_DEPRECATE,missing_wiring_row,C,KEEP_AS_TOOLING_ADD_CI_GATE_OR_DEPRECATE,"Manual script classification: audit/build helper, not runtime terrain generation. These callables should be graded as tooling unless wired into a required verification command.","B requires a maintained CI/runbook entry, deterministic output schema, and tests for stale audit rows or command failure modes.",Codex local manual review
scripts/build_scene_v3.py,log,log,71,function,script,R13_batch_generic_script_01.csv,generic,D+,WIRE_OR_DEPRECATE,missing_wiring_row,C,ADD_LIVE_BLENDER_GOLDEN_ARTIFACTS,"Manual script classification: scene/node build tooling can produce assets, but the callable row has no live Blender golden screenshot or node-graph regression proof attached.","B requires deterministic scene artifacts, camera captures, and node-graph diff checks tied to CI or a reproducible validation run.",Codex local manual review
scripts/build_scene_v3.py,log_fail,log_fail,75,function,script,R13_batch_generic_script_01.csv,generic,D+,WIRE_OR_DEPRECATE,missing_wiring_row,C,ADD_LIVE_BLENDER_GOLDEN_ARTIFACTS,"Manual script classification: scene/node build tooling can produce assets, but the callable row has no live Blender golden screenshot or node-graph regression proof attached.","B requires deterministic scene artifacts, camera captures, and node-graph diff checks tied to CI or a reproducible validation run.",Codex local manual review
scripts/build_scene_v3.py,sample_h,sample_h,221,function,script,R13_batch_generic_script_01.csv,generic,D+,WIRE_OR_DEPRECATE,missing_wiring_row,C,ADD_LIVE_BLENDER_GOLDEN_ARTIFACTS,"Manual script classification: scene/node build tooling can produce assets, but the callable row has no live Blender golden screenshot or node-graph regression proof attached.","B requires deterministic scene artifacts, camera captures, and node-graph diff checks tied to CI or a reproducible validation run.",Codex local manual review
scripts/build_scene_v3.py,build_terrain_mesh,build_terrain_mesh,240,function,script,R13_batch_generic_script_01.csv,generic,D+,WIRE_OR_DEPRECATE,missing_wiring_row,C,ADD_LIVE_BLENDER_GOLDEN_ARTIFACTS,"Manual script classification: scene/node build tooling can produce assets, but the callable row has no live Blender golden screenshot or node-graph regression proof attached.","B requires deterministic scene artifacts, camera captures, and node-graph diff checks tied to CI or a reproducible validation run.",Codex local manual review
scripts/build_scene_v3.py,build_beach_ring,build_beach_ring,594,function,script,R13_batch_generic_script_01.csv,generic,D+,WIRE_OR_DEPRECATE,missing_wiring_row,C,ADD_LIVE_BLENDER_GOLDEN_ARTIFACTS,"Manual script classification: scene/node build tooling can produce assets, but the callable row has no live Blender golden screenshot or node-graph regression proof attached.","B requires deterministic scene artifacts, camera captures, and node-graph diff checks tied to CI or a reproducible validation run.",Codex local manual review
scripts/build_scene_v3.py,carve_cave,carve_cave,659,function,script,R13_batch_generic_script_01.csv,generic,D+,WIRE_OR_DEPRECATE,missing_wiring_row,C,ADD_LIVE_BLENDER_GOLDEN_ARTIFACTS,"Manual script classification: scene/node build tooling can produce assets, but the callable row has no live Blender golden screenshot or node-graph regression proof attached.","B requires deterministic scene artifacts, camera captures, and node-graph diff checks tied to CI or a reproducible validation run.",Codex local manual review
scripts/build_scene_v3.py,_build_cone_stack,_build_cone_stack,734,function,script,R13_batch_generic_script_01.csv,generic,D+,WIRE_OR_DEPRECATE,missing_wiring_row,C,ADD_LIVE_BLENDER_GOLDEN_ARTIFACTS,"Manual script classification: scene/node build tooling can produce assets, but the callable row has no live Blender golden screenshot or node-graph regression proof attached.","B requires deterministic scene artifacts, camera captures, and node-graph diff checks tied to CI or a reproducible validation run.",Codex local manual review
scripts/build_scene_v3.py,make_pine_mesh,make_pine_mesh,755,function,script,R13_batch_generic_script_01.csv,generic,D+,WIRE_OR_DEPRECATE,missing_wiring_row,C,ADD_LIVE_BLENDER_GOLDEN_ARTIFACTS,"Manual script classification: scene/node build tooling can produce assets, but the callable row has no live Blender golden screenshot or node-graph regression proof attached.","B requires deterministic scene artifacts, camera captures, and node-graph diff checks tied to CI or a reproducible validation run.",Codex local manual review
scripts/build_scene_v3.py,setup_sun,setup_sun,1164,function,script,R13_batch_generic_script_01.csv,generic,D+,WIRE_OR_DEPRECATE,missing_wiring_row,C,ADD_LIVE_BLENDER_GOLDEN_ARTIFACTS,"Manual script classification: scene/node build tooling can produce assets, but the callable row has no live Blender golden screenshot or node-graph regression proof attached.","B requires deterministic scene artifacts, camera captures, and node-graph diff checks tied to CI or a reproducible validation run.",Codex local manual review
scripts/build_scene_v3.py,setup_compositor,setup_compositor,1208,function,script,R13_batch_generic_script_01.csv,generic,D+,WIRE_OR_DEPRECATE,missing_wiring_row,C,ADD_LIVE_BLENDER_GOLDEN_ARTIFACTS,"Manual script classification: scene/node build tooling can produce assets, but the callable row has no live Blender golden screenshot or node-graph regression proof attached.","B requires deterministic scene artifacts, camera captures, and node-graph diff checks tied to CI or a reproducible validation run.",Codex local manual review
scripts/build_scene_v3.py,setup_hero_camera,setup_hero_camera,1246,function,script,R13_batch_generic_script_01.csv,generic,D+,WIRE_OR_DEPRECATE,missing_wiring_row,C,ADD_LIVE_BLENDER_GOLDEN_ARTIFACTS,"Manual script classification: scene/node build tooling can produce assets, but the callable row has no live Blender golden screenshot or node-graph regression proof attached.","B requires deterministic scene artifacts, camera captures, and node-graph diff checks tied to CI or a reproducible validation run.",Codex local manual review
scripts/build_scene_v3.py,setup_cave_pov_camera,setup_cave_pov_camera,1263,function,script,R13_batch_generic_script_01.csv,generic,D+,WIRE_OR_DEPRECATE,missing_wiring_row,C,ADD_LIVE_BLENDER_GOLDEN_ARTIFACTS,"Manual script classification: scene/node build tooling can produce assets, but the callable row has no live Blender golden screenshot or node-graph regression proof attached.","B requires deterministic scene artifacts, camera captures, and node-graph diff checks tied to CI or a reproducible validation run.",Codex local manual review
scripts/build_scene_v3.py,main,main,1341,function,script,R13_batch_generic_script_01.csv,generic,D+,WIRE_OR_DEPRECATE,missing_wiring_row,C,ADD_LIVE_BLENDER_GOLDEN_ARTIFACTS,"Manual script classification: scene/node build tooling can produce assets, but the callable row has no live Blender golden screenshot or node-graph regression proof attached.","B requires deterministic scene artifacts, camera captures, and node-graph diff checks tied to CI or a reproducible validation run.",Codex local manual review
scripts/build_test_guardrail_audit.py,collect_counts,collect_counts,96,function,script,R13_batch_generic_script_01.csv,generic,D+,WIRE_OR_DEPRECATE,missing_wiring_row,C,KEEP_AS_TOOLING_ADD_CI_GATE_OR_DEPRECATE,"Manual script classification: audit/build helper, not runtime terrain generation. These callables should be graded as tooling unless wired into a required verification command.","B requires a maintained CI/runbook entry, deterministic output schema, and tests for stale audit rows or command failure modes.",Codex local manual review
scripts/build_test_guardrail_audit.py,default_label,default_label,113,function,script,R13_batch_generic_script_01.csv,generic,D+,WIRE_OR_DEPRECATE,missing_wiring_row,C,KEEP_AS_TOOLING_ADD_CI_GATE_OR_DEPRECATE,"Manual script classification: audit/build helper, not runtime terrain generation. These callables should be graded as tooling unless wired into a required verification command.","B requires a maintained CI/runbook entry, deterministic output schema, and tests for stale audit rows or command failure modes.",Codex local manual review
scripts/build_test_guardrail_audit.py,default_priority,default_priority,127,function,script,R13_batch_generic_script_01.csv,generic,D+,WIRE_OR_DEPRECATE,missing_wiring_row,C,KEEP_AS_TOOLING_ADD_CI_GATE_OR_DEPRECATE,"Manual script classification: audit/build helper, not runtime terrain generation. These callables should be graded as tooling unless wired into a required verification command.","B requires a maintained CI/runbook entry, deterministic output schema, and tests for stale audit rows or command failure modes.",Codex local manual review
scripts/build_test_guardrail_audit.py,main,main,135,function,script,R13_batch_generic_script_01.csv,generic,D+,WIRE_OR_DEPRECATE,missing_wiring_row,C,KEEP_AS_TOOLING_ADD_CI_GATE_OR_DEPRECATE,"Manual script classification: audit/build helper, not runtime terrain generation. These callables should be graded as tooling unless wired into a required verification command.","B requires a maintained CI/runbook entry, deterministic output schema, and tests for stale audit rows or command failure modes.",Codex local manual review
scripts/build_verification_matrix.py,TestIndex,TestIndex,74,class,script,R13_batch_generic_script_01.csv,generic,D+,WIRE_OR_DEPRECATE,missing_wiring_row,C,KEEP_AS_TOOLING_ADD_CI_GATE_OR_DEPRECATE,"Manual script classification: audit/build helper, not runtime terrain generation. These callables should be graded as tooling unless wired into a required verification command.","B requires a maintained CI/runbook entry, deterministic output schema, and tests for stale audit rows or command failure modes.",Codex local manual review
scripts/build_verification_matrix.py,ImportVisitor,ImportVisitor,80,class,script,R13_batch_generic_script_01.csv,generic,D+,WIRE_OR_DEPRECATE,missing_wiring_row,C,KEEP_AS_TOOLING_ADD_CI_GATE_OR_DEPRECATE,"Manual script classification: audit/build helper, not runtime terrain generation. These callables should be graded as tooling unless wired into a required verification command.","B requires a maintained CI/runbook entry, deterministic output schema, and tests for stale audit rows or command failure modes.",Codex local manual review
scripts/build_verification_matrix.py,ImportVisitor.__init__,__init__,81,method,script,R13_batch_generic_script_01.csv,generic,D+,WIRE_OR_DEPRECATE,missing_wiring_row,C,KEEP_AS_TOOLING_ADD_CI_GATE_OR_DEPRECATE,"Manual script classification: audit/build helper, not runtime terrain generation. These callables should be graded as tooling unless wired into a required verification command.","B requires a maintained CI/runbook entry, deterministic output schema, and tests for stale audit rows or command failure modes.",Codex local manual review
scripts/build_verification_matrix.py,ImportVisitor.visit_Import,visit_Import,84,method,script,R13_batch_generic_script_01.csv,generic,D+,WIRE_OR_DEPRECATE,missing_wiring_row,C,KEEP_AS_TOOLING_ADD_CI_GATE_OR_DEPRECATE,"Manual script classification: audit/build helper, not runtime terrain generation. These callables should be graded as tooling unless wired into a required verification command.","B requires a maintained CI/runbook entry, deterministic output schema, and tests for stale audit rows or command failure modes.",Codex local manual review
scripts/build_verification_matrix.py,ImportVisitor.visit_ImportFrom,visit_ImportFrom,88,method,script,R13_batch_generic_script_01.csv,generic,D+,WIRE_OR_DEPRECATE,missing_wiring_row,C,KEEP_AS_TOOLING_ADD_CI_GATE_OR_DEPRECATE,"Manual script classification: audit/build helper, not runtime terrain generation. These callables should be graded as tooling unless wired into a required verification command.","B requires a maintained CI/runbook entry, deterministic output schema, and tests for stale audit rows or command failure modes.",Codex local manual review
scripts/build_verification_matrix.py,_test_files,_test_files,95,function,script,R13_batch_generic_script_01.csv,generic,D+,WIRE_OR_DEPRECATE,missing_wiring_row,C,KEEP_AS_TOOLING_ADD_CI_GATE_OR_DEPRECATE,"Manual script classification: audit/build helper, not runtime terrain generation. These callables should be graded as tooling unless wired into a required verification command.","B requires a maintained CI/runbook entry, deterministic output schema, and tests for stale audit rows or command failure modes.",Codex local manual review
scripts/build_verification_matrix.py,_build_test_index,_build_test_index,99,function,script,R13_batch_generic_script_01.csv,generic,D+,WIRE_OR_DEPRECATE,missing_wiring_row,C,KEEP_AS_TOOLING_ADD_CI_GATE_OR_DEPRECATE,"Manual script classification: audit/build helper, not runtime terrain generation. These callables should be graded as tooling unless wired into a required verification command.","B requires a maintained CI/runbook entry, deterministic output schema, and tests for stale audit rows or command failure modes.",Codex local manual review
scripts/build_verification_matrix.py,_source_for,_source_for,134,function,script,R13_batch_generic_script_01.csv,generic,D+,WIRE_OR_DEPRECATE,missing_wiring_row,C,KEEP_AS_TOOLING_ADD_CI_GATE_OR_DEPRECATE,"Manual script classification: audit/build helper, not runtime terrain generation. These callables should be graded as tooling unless wired into a required verification command.","B requires a maintained CI/runbook entry, deterministic output schema, and tests for stale audit rows or command failure modes.",Codex local manual review
scripts/build_verification_matrix.py,_domain_tags,_domain_tags,139,function,script,R13_batch_generic_script_01.csv,generic,D+,WIRE_OR_DEPRECATE,missing_wiring_row,C,KEEP_AS_TOOLING_ADD_CI_GATE_OR_DEPRECATE,"Manual script classification: audit/build helper, not runtime terrain generation. These callables should be graded as tooling unless wired into a required verification command.","B requires a maintained CI/runbook entry, deterministic output schema, and tests for stale audit rows or command failure modes.",Codex local manual review
scripts/build_verification_matrix.py,_cap,_cap,149,function,script,R13_batch_generic_script_01.csv,generic,D+,WIRE_OR_DEPRECATE,missing_wiring_row,C,KEEP_AS_TOOLING_ADD_CI_GATE_OR_DEPRECATE,"Manual script classification: audit/build helper, not runtime terrain generation. These callables should be graded as tooling unless wired into a required verification command.","B requires a maintained CI/runbook entry, deterministic output schema, and tests for stale audit rows or command failure modes.",Codex local manual review
scripts/build_verification_matrix.py,_evidence_for,_evidence_for,156,function,script,R13_batch_generic_script_01.csv,generic,D+,WIRE_OR_DEPRECATE,missing_wiring_row,C,KEEP_AS_TOOLING_ADD_CI_GATE_OR_DEPRECATE,"Manual script classification: audit/build helper, not runtime terrain generation. These callables should be graded as tooling unless wired into a required verification command.","B requires a maintained CI/runbook entry, deterministic output schema, and tests for stale audit rows or command failure modes.",Codex local manual review
scripts/build_verification_matrix.py,_risk_level,_risk_level,189,function,script,R13_batch_generic_script_01.csv,generic,D+,WIRE_OR_DEPRECATE,missing_wiring_row,C,KEEP_AS_TOOLING_ADD_CI_GATE_OR_DEPRECATE,"Manual script classification: audit/build helper, not runtime terrain generation. These callables should be graded as tooling unless wired into a required verification command.","B requires a maintained CI/runbook entry, deterministic output schema, and tests for stale audit rows or command failure modes.",Codex local manual review
scripts/build_verification_matrix.py,_grade_is_a_or_better,_grade_is_a_or_better,206,function,script,R13_batch_generic_script_01.csv,generic,D+,WIRE_OR_DEPRECATE,missing_wiring_row,C,KEEP_AS_TOOLING_ADD_CI_GATE_OR_DEPRECATE,"Manual script classification: audit/build helper, not runtime terrain generation. These callables should be graded as tooling unless wired into a required verification command.","B requires a maintained CI/runbook entry, deterministic output schema, and tests for stale audit rows or command failure modes.",Codex local manual review
scripts/build_verification_matrix.py,build_rows,build_rows,210,function,script,R13_batch_generic_script_01.csv,generic,D+,WIRE_OR_DEPRECATE,missing_wiring_row,C,KEEP_AS_TOOLING_ADD_CI_GATE_OR_DEPRECATE,"Manual script classification: audit/build helper, not runtime terrain generation. These callables should be graded as tooling unless wired into a required verification command.","B requires a maintained CI/runbook entry, deterministic output schema, and tests for stale audit rows or command failure modes.",Codex local manual review
scripts/build_verification_matrix.py,_required_next_evidence,_required_next_evidence,258,function,script,R13_batch_generic_script_01.csv,generic,D+,WIRE_OR_DEPRECATE,missing_wiring_row,C,KEEP_AS_TOOLING_ADD_CI_GATE_OR_DEPRECATE,"Manual script classification: audit/build helper, not runtime terrain generation. These callables should be graded as tooling unless wired into a required verification command.","B requires a maintained CI/runbook entry, deterministic output schema, and tests for stale audit rows or command failure modes.",Codex local manual review
scripts/build_verification_matrix.py,write_outputs,write_outputs,275,function,script,R13_batch_generic_script_01.csv,generic,D+,WIRE_OR_DEPRECATE,missing_wiring_row,C,KEEP_AS_TOOLING_ADD_CI_GATE_OR_DEPRECATE,"Manual script classification: audit/build helper, not runtime terrain generation. These callables should be graded as tooling unless wired into a required verification command.","B requires a maintained CI/runbook entry, deterministic output schema, and tests for stale audit rows or command failure modes.",Codex local manual review
scripts/build_verification_matrix.py,_build_arg_parser,_build_arg_parser,334,function,script,R13_batch_generic_script_01.csv,generic,D+,WIRE_OR_DEPRECATE,missing_wiring_row,C,KEEP_AS_TOOLING_ADD_CI_GATE_OR_DEPRECATE,"Manual script classification: audit/build helper, not runtime terrain generation. These callables should be graded as tooling unless wired into a required verification command.","B requires a maintained CI/runbook entry, deterministic output schema, and tests for stale audit rows or command failure modes.",Codex local manual review
scripts/build_verification_matrix.py,main,main,348,function,script,R13_batch_generic_script_01.csv,generic,D+,WIRE_OR_DEPRECATE,missing_wiring_row,C,KEEP_AS_TOOLING_ADD_CI_GATE_OR_DEPRECATE,"Manual script classification: audit/build helper, not runtime terrain generation. These callables should be graded as tooling unless wired into a required verification command.","B requires a maintained CI/runbook entry, deterministic output schema, and tests for stale audit rows or command failure modes.",Codex local manual review
scripts/build_verified_grades_gap_report.py,parse_args,parse_args,45,function,script,R13_batch_generic_script_01.csv,generic,D+,WIRE_OR_DEPRECATE,missing_wiring_row,C,KEEP_AS_TOOLING_ADD_CI_GATE_OR_DEPRECATE,"Manual script classification: audit/build helper, not runtime terrain generation. These callables should be graded as tooling unless wired into a required verification command.","B requires a maintained CI/runbook entry, deterministic output schema, and tests for stale audit rows or command failure modes.",Codex local manual review
scripts/build_verified_grades_gap_report.py,main,main,63,function,script,R13_batch_generic_script_01.csv,generic,D+,WIRE_OR_DEPRECATE,missing_wiring_row,C,KEEP_AS_TOOLING_ADD_CI_GATE_OR_DEPRECATE,"Manual script classification: audit/build helper, not runtime terrain generation. These callables should be graded as tooling unless wired into a required verification command.","B requires a maintained CI/runbook entry, deterministic output schema, and tests for stale audit rows or command failure modes.",Codex local manual review
scripts/callable_census_gate.py,CallableEntry,CallableEntry,38,class,script,R13_batch_generic_script_01.csv,generic,D+,WIRE_OR_DEPRECATE,missing_wiring_row,C,KEEP_AS_TOOLING_ADD_CI_GATE_OR_DEPRECATE,"Manual script classification: audit/build helper, not runtime terrain generation. These callables should be graded as tooling unless wired into a required verification command.","B requires a maintained CI/runbook entry, deterministic output schema, and tests for stale audit rows or command failure modes.",Codex local manual review
scripts/callable_census_gate.py,CensusResult,CensusResult,46,class,script,R13_batch_generic_script_01.csv,generic,D+,WIRE_OR_DEPRECATE,missing_wiring_row,C,KEEP_AS_TOOLING_ADD_CI_GATE_OR_DEPRECATE,"Manual script classification: audit/build helper, not runtime terrain generation. These callables should be graded as tooling unless wired into a required verification command.","B requires a maintained CI/runbook entry, deterministic output schema, and tests for stale audit rows or command failure modes.",Codex local manual review
scripts/callable_census_gate.py,CensusResult.uncovered_count,uncovered_count,52,method,script,R13_batch_generic_script_01.csv,generic,D+,WIRE_OR_DEPRECATE,missing_wiring_row,C,KEEP_AS_TOOLING_ADD_CI_GATE_OR_DEPRECATE,"Manual script classification: audit/build helper, not runtime terrain generation. These callables should be graded as tooling unless wired into a required verification command.","B requires a maintained CI/runbook entry, deterministic output schema, and tests for stale audit rows or command failure modes.",Codex local manual review
scripts/callable_census_gate.py,CensusResult.coverage_pct,coverage_pct,56,method,script,R13_batch_generic_script_01.csv,generic,D+,WIRE_OR_DEPRECATE,missing_wiring_row,C,KEEP_AS_TOOLING_ADD_CI_GATE_OR_DEPRECATE,"Manual script classification: audit/build helper, not runtime terrain generation. These callables should be graded as tooling unless wired into a required verification command.","B requires a maintained CI/runbook entry, deterministic output schema, and tests for stale audit rows or command failure modes.",Codex local manual review
scripts/callable_census_gate.py,_load_graded_set,_load_graded_set,66,function,script,R13_batch_generic_script_01.csv,generic,D+,WIRE_OR_DEPRECATE,missing_wiring_row,C,KEEP_AS_TOOLING_ADD_CI_GATE_OR_DEPRECATE,"Manual script classification: audit/build helper, not runtime terrain generation. These callables should be graded as tooling unless wired into a required verification command.","B requires a maintained CI/runbook entry, deterministic output schema, and tests for stale audit rows or command failure modes.",Codex local manual review
scripts/callable_census_gate.py,run_census,run_census,87,function,script,R13_batch_generic_script_01.csv,generic,D+,WIRE_OR_DEPRECATE,missing_wiring_row,C,KEEP_AS_TOOLING_ADD_CI_GATE_OR_DEPRECATE,"Manual script classification: audit/build helper, not runtime terrain generation. These callables should be graded as tooling unless wired into a required verification command.","B requires a maintained CI/runbook entry, deterministic output schema, and tests for stale audit rows or command failure modes.",Codex local manual review
scripts/callable_census_gate.py,_read_lock,_read_lock,115,function,script,R13_batch_generic_script_01.csv,generic,D+,WIRE_OR_DEPRECATE,missing_wiring_row,C,KEEP_AS_TOOLING_ADD_CI_GATE_OR_DEPRECATE,"Manual script classification: audit/build helper, not runtime terrain generation. These callables should be graded as tooling unless wired into a required verification command.","B requires a maintained CI/runbook entry, deterministic output schema, and tests for stale audit rows or command failure modes.",Codex local manual review
scripts/callable_census_gate.py,_write_lock,_write_lock,121,function,script,R13_batch_generic_script_01.csv,generic,D+,WIRE_OR_DEPRECATE,missing_wiring_row,C,KEEP_AS_TOOLING_ADD_CI_GATE_OR_DEPRECATE,"Manual script classification: audit/build helper, not runtime terrain generation. These callables should be graded as tooling unless wired into a required verification command.","B requires a maintained CI/runbook entry, deterministic output schema, and tests for stale audit rows or command failure modes.",Codex local manual review
scripts/callable_census_gate.py,_print_report,_print_report,139,function,script,R13_batch_generic_script_01.csv,generic,D+,WIRE_OR_DEPRECATE,missing_wiring_row,C,KEEP_AS_TOOLING_ADD_CI_GATE_OR_DEPRECATE,"Manual script classification: audit/build helper, not runtime terrain generation. These callables should be graded as tooling unless wired into a required verification command.","B requires a maintained CI/runbook entry, deterministic output schema, and tests for stale audit rows or command failure modes.",Codex local manual review
scripts/callable_census_gate.py,main,main,155,function,script,R13_batch_generic_script_01.csv,generic,D+,WIRE_OR_DEPRECATE,missing_wiring_row,C,KEEP_AS_TOOLING_ADD_CI_GATE_OR_DEPRECATE,"Manual script classification: audit/build helper, not runtime terrain generation. These callables should be graded as tooling unless wired into a required verification command.","B requires a maintained CI/runbook entry, deterministic output schema, and tests for stale audit rows or command failure modes.",Codex local manual review
scripts/generate_strict_grade_audit.py,SymbolRecord,SymbolRecord,191,class,script,R13_batch_generic_script_01.csv,generic,D+,WIRE_OR_DEPRECATE,missing_wiring_row,C,KEEP_AS_TOOLING_ADD_CI_GATE_OR_DEPRECATE,"Manual script classification: audit/build helper, not runtime terrain generation. These callables should be graded as tooling unless wired into a required verification command.","B requires a maintained CI/runbook entry, deterministic output schema, and tests for stale audit rows or command failure modes.",Codex local manual review
scripts/generate_strict_grade_audit.py,SymbolVisitor,SymbolVisitor,198,class,script,R13_batch_generic_script_01.csv,generic,D+,WIRE_OR_DEPRECATE,missing_wiring_row,C,KEEP_AS_TOOLING_ADD_CI_GATE_OR_DEPRECATE,"Manual script classification: audit/build helper, not runtime terrain generation. These callables should be graded as tooling unless wired into a required verification command.","B requires a maintained CI/runbook entry, deterministic output schema, and tests for stale audit rows or command failure modes.",Codex local manual review
scripts/generate_strict_grade_audit.py,SymbolVisitor.__init__,__init__,201,method,script,R13_batch_generic_script_01.csv,generic,D+,WIRE_OR_DEPRECATE,missing_wiring_row,C,KEEP_AS_TOOLING_ADD_CI_GATE_OR_DEPRECATE,"Manual script classification: audit/build helper, not runtime terrain generation. These callables should be graded as tooling unless wired into a required verification command.","B requires a maintained CI/runbook entry, deterministic output schema, and tests for stale audit rows or command failure modes.",Codex local manual review
scripts/generate_strict_grade_audit.py,SymbolVisitor.visit_ClassDef,visit_ClassDef,205,method,script,R13_batch_generic_script_01.csv,generic,D+,WIRE_OR_DEPRECATE,missing_wiring_row,C,KEEP_AS_TOOLING_ADD_CI_GATE_OR_DEPRECATE,"Manual script classification: audit/build helper, not runtime terrain generation. These callables should be graded as tooling unless wired into a required verification command.","B requires a maintained CI/runbook entry, deterministic output schema, and tests for stale audit rows or command failure modes.",Codex local manual review
scripts/generate_strict_grade_audit.py,SymbolVisitor.visit_FunctionDef,visit_FunctionDef,212,method,script,R13_batch_generic_script_01.csv,generic,D+,WIRE_OR_DEPRECATE,missing_wiring_row,C,KEEP_AS_TOOLING_ADD_CI_GATE_OR_DEPRECATE,"Manual script classification: audit/build helper, not runtime terrain generation. These callables should be graded as tooling unless wired into a required verification command.","B requires a maintained CI/runbook entry, deterministic output schema, and tests for stale audit rows or command failure modes.",Codex local manual review
scripts/generate_strict_grade_audit.py,SymbolVisitor.visit_AsyncFunctionDef,visit_AsyncFunctionDef,215,method,script,R13_batch_generic_script_01.csv,generic,D+,WIRE_OR_DEPRECATE,missing_wiring_row,C,KEEP_AS_TOOLING_ADD_CI_GATE_OR_DEPRECATE,"Manual script classification: audit/build helper, not runtime terrain generation. These callables should be graded as tooling unless wired into a required verification command.","B requires a maintained CI/runbook entry, deterministic output schema, and tests for stale audit rows or command failure modes.",Codex local manual review
scripts/generate_strict_grade_audit.py,SymbolVisitor._add_function,_add_function,218,method,script,R13_batch_generic_script_01.csv,generic,D+,WIRE_OR_DEPRECATE,missing_wiring_row,C,KEEP_AS_TOOLING_ADD_CI_GATE_OR_DEPRECATE,"Manual script classification: audit/build helper, not runtime terrain generation. These callables should be graded as tooling unless wired into a required verification command.","B requires a maintained CI/runbook entry, deterministic output schema, and tests for stale audit rows or command failure modes.",Codex local manual review
scripts/generate_strict_grade_audit.py,SymbolVisitor._is_property,_is_property,231,method,script,R13_batch_generic_script_01.csv,generic,D+,WIRE_OR_DEPRECATE,missing_wiring_row,C,KEEP_AS_TOOLING_ADD_CI_GATE_OR_DEPRECATE,"Manual script classification: audit/build helper, not runtime terrain generation. These callables should be graded as tooling unless wired into a required verification command.","B requires a maintained CI/runbook entry, deterministic output schema, and tests for stale audit rows or command failure modes.",Codex local manual review
scripts/generate_strict_grade_audit.py,load_rubric,load_rubric,241,function,script,R13_batch_generic_script_01.csv,generic,D+,WIRE_OR_DEPRECATE,missing_wiring_row,C,KEEP_AS_TOOLING_ADD_CI_GATE_OR_DEPRECATE,"Manual script classification: audit/build helper, not runtime terrain generation. These callables should be graded as tooling unless wired into a required verification command.","B requires a maintained CI/runbook entry, deterministic output schema, and tests for stale audit rows or command failure modes.",Codex local manual review
scripts/generate_strict_grade_audit.py,load_rows,load_rows,247,function,script,R13_batch_generic_script_01.csv,generic,D+,WIRE_OR_DEPRECATE,missing_wiring_row,C,KEEP_AS_TOOLING_ADD_CI_GATE_OR_DEPRECATE,"Manual script classification: audit/build helper, not runtime terrain generation. These callables should be graded as tooling unless wired into a required verification command.","B requires a maintained CI/runbook entry, deterministic output schema, and tests for stale audit rows or command failure modes.",Codex local manual review
scripts/generate_strict_grade_audit.py,extract_grade_token,extract_grade_token,259,function,script,R13_batch_generic_script_01.csv,generic,D+,WIRE_OR_DEPRECATE,missing_wiring_row,C,KEEP_AS_TOOLING_ADD_CI_GATE_OR_DEPRECATE,"Manual script classification: audit/build helper, not runtime terrain generation. These callables should be graded as tooling unless wired into a required verification command.","B requires a maintained CI/runbook entry, deterministic output schema, and tests for stale audit rows or command failure modes.",Codex local manual review
scripts/generate_strict_grade_audit.py,score_to_grade,score_to_grade,270,function,script,R13_batch_generic_script_01.csv,generic,D+,WIRE_OR_DEPRECATE,missing_wiring_row,C,KEEP_AS_TOOLING_ADD_CI_GATE_OR_DEPRECATE,"Manual script classification: audit/build helper, not runtime terrain generation. These callables should be graded as tooling unless wired into a required verification command.","B requires a maintained CI/runbook entry, deterministic output schema, and tests for stale audit rows or command failure modes.",Codex local manual review
scripts/generate_strict_grade_audit.py,grade_to_notch,grade_to_notch,277,function,script,R13_batch_generic_script_01.csv,generic,D+,WIRE_OR_DEPRECATE,missing_wiring_row,C,KEEP_AS_TOOLING_ADD_CI_GATE_OR_DEPRECATE,"Manual script classification: audit/build helper, not runtime terrain generation. These callables should be graded as tooling unless wired into a required verification command.","B requires a maintained CI/runbook entry, deterministic output schema, and tests for stale audit rows or command failure modes.",Codex local manual review
scripts/generate_strict_grade_audit.py,safe_int,safe_int,282,function,script,R13_batch_generic_script_01.csv,generic,D+,WIRE_OR_DEPRECATE,missing_wiring_row,C,KEEP_AS_TOOLING_ADD_CI_GATE_OR_DEPRECATE,"Manual script classification: audit/build helper, not runtime terrain generation. These callables should be graded as tooling unless wired into a required verification command.","B requires a maintained CI/runbook entry, deterministic output schema, and tests for stale audit rows or command failure modes.",Codex local manual review
scripts/generate_strict_grade_audit.py,read_text,read_text,289,function,script,R13_batch_generic_script_01.csv,generic,D+,WIRE_OR_DEPRECATE,missing_wiring_row,C,KEEP_AS_TOOLING_ADD_CI_GATE_OR_DEPRECATE,"Manual script classification: audit/build helper, not runtime terrain generation. These callables should be graded as tooling unless wired into a required verification command.","B requires a maintained CI/runbook entry, deterministic output schema, and tests for stale audit rows or command failure modes.",Codex local manual review
scripts/generate_strict_grade_audit.py,build_symbol_index,build_symbol_index,293,function,script,R13_batch_generic_script_01.csv,generic,D+,WIRE_OR_DEPRECATE,missing_wiring_row,C,KEEP_AS_TOOLING_ADD_CI_GATE_OR_DEPRECATE,"Manual script classification: audit/build helper, not runtime terrain generation. These callables should be graded as tooling unless wired into a required verification command.","B requires a maintained CI/runbook entry, deterministic output schema, and tests for stale audit rows or command failure modes.",Codex local manual review
scripts/generate_strict_grade_audit.py,build_identifier_stats,build_identifier_stats,304,function,script,R13_batch_generic_script_01.csv,generic,D+,WIRE_OR_DEPRECATE,missing_wiring_row,C,KEEP_AS_TOOLING_ADD_CI_GATE_OR_DEPRECATE,"Manual script classification: audit/build helper, not runtime terrain generation. These callables should be graded as tooling unless wired into a required verification command.","B requires a maintained CI/runbook entry, deterministic output schema, and tests for stale audit rows or command failure modes.",Codex local manual review
scripts/generate_strict_grade_audit.py,build_runtime_index,build_runtime_index,331,function,script,R13_batch_generic_script_01.csv,generic,D+,WIRE_OR_DEPRECATE,missing_wiring_row,C,KEEP_AS_TOOLING_ADD_CI_GATE_OR_DEPRECATE,"Manual script classification: audit/build helper, not runtime terrain generation. These callables should be graded as tooling unless wired into a required verification command.","B requires a maintained CI/runbook entry, deterministic output schema, and tests for stale audit rows or command failure modes.",Codex local manual review
scripts/generate_strict_grade_audit.py,load_lastfailed,load_lastfailed,363,function,script,R13_batch_generic_script_01.csv,generic,D+,WIRE_OR_DEPRECATE,missing_wiring_row,C,KEEP_AS_TOOLING_ADD_CI_GATE_OR_DEPRECATE,"Manual script classification: audit/build helper, not runtime terrain generation. These callables should be graded as tooling unless wired into a required verification command.","B requires a maintained CI/runbook entry, deterministic output schema, and tests for stale audit rows or command failure modes.",Codex local manual review
scripts/generate_strict_grade_audit.py,pick_symbol,pick_symbol,369,function,script,R13_batch_generic_script_01.csv,generic,D+,WIRE_OR_DEPRECATE,missing_wiring_row,C,KEEP_AS_TOOLING_ADD_CI_GATE_OR_DEPRECATE,"Manual script classification: audit/build helper, not runtime terrain generation. These callables should be graded as tooling unless wired into a required verification command.","B requires a maintained CI/runbook entry, deterministic output schema, and tests for stale audit rows or command failure modes.",Codex local manual review
scripts/generate_strict_grade_audit.py,latest_claim,latest_claim,378,function,script,R13_batch_generic_script_01.csv,generic,D+,WIRE_OR_DEPRECATE,missing_wiring_row,C,KEEP_AS_TOOLING_ADD_CI_GATE_OR_DEPRECATE,"Manual script classification: audit/build helper, not runtime terrain generation. These callables should be graded as tooling unless wired into a required verification command.","B requires a maintained CI/runbook entry, deterministic output schema, and tests for stale audit rows or command failure modes.",Codex local manual review
scripts/generate_strict_grade_audit.py,claim_flag_for_column,claim_flag_for_column,392,function,script,R13_batch_generic_script_01.csv,generic,D+,WIRE_OR_DEPRECATE,missing_wiring_row,C,KEEP_AS_TOOLING_ADD_CI_GATE_OR_DEPRECATE,"Manual script classification: audit/build helper, not runtime terrain generation. These callables should be graded as tooling unless wired into a required verification command.","B requires a maintained CI/runbook entry, deterministic output schema, and tests for stale audit rows or command failure modes.",Codex local manual review
scripts/generate_strict_grade_audit.py,module_named_test_exists,module_named_test_exists,404,function,script,R13_batch_generic_script_01.csv,generic,D+,WIRE_OR_DEPRECATE,missing_wiring_row,C,KEEP_AS_TOOLING_ADD_CI_GATE_OR_DEPRECATE,"Manual script classification: audit/build helper, not runtime terrain generation. These callables should be graded as tooling unless wired into a required verification command.","B requires a maintained CI/runbook entry, deterministic output schema, and tests for stale audit rows or command failure modes.",Codex local manual review
scripts/generate_strict_grade_audit.py,classify_test_strength,classify_test_strength,410,function,script,R13_batch_generic_script_01.csv,generic,D+,WIRE_OR_DEPRECATE,missing_wiring_row,C,KEEP_AS_TOOLING_ADD_CI_GATE_OR_DEPRECATE,"Manual script classification: audit/build helper, not runtime terrain generation. These callables should be graded as tooling unless wired into a required verification command.","B requires a maintained CI/runbook entry, deterministic output schema, and tests for stale audit rows or command failure modes.",Codex local manual review
scripts/generate_strict_grade_audit.py,text_flags,text_flags,428,function,script,R13_batch_generic_script_01.csv,generic,D+,WIRE_OR_DEPRECATE,missing_wiring_row,C,KEEP_AS_TOOLING_ADD_CI_GATE_OR_DEPRECATE,"Manual script classification: audit/build helper, not runtime terrain generation. These callables should be graded as tooling unless wired into a required verification command.","B requires a maintained CI/runbook entry, deterministic output schema, and tests for stale audit rows or command failure modes.",Codex local manual review
scripts/generate_strict_grade_audit.py,classify_public_exposure,classify_public_exposure,468,function,script,R13_batch_generic_script_01.csv,generic,D+,WIRE_OR_DEPRECATE,missing_wiring_row,C,KEEP_AS_TOOLING_ADD_CI_GATE_OR_DEPRECATE,"Manual script classification: audit/build helper, not runtime terrain generation. These callables should be graded as tooling unless wired into a required verification command.","B requires a maintained CI/runbook entry, deterministic output schema, and tests for stale audit rows or command failure modes.",Codex local manual review
scripts/generate_strict_grade_audit.py,collect_failure_flags,collect_failure_flags,478,function,script,R13_batch_generic_script_01.csv,generic,D+,WIRE_OR_DEPRECATE,missing_wiring_row,C,KEEP_AS_TOOLING_ADD_CI_GATE_OR_DEPRECATE,"Manual script classification: audit/build helper, not runtime terrain generation. These callables should be graded as tooling unless wired into a required verification command.","B requires a maintained CI/runbook entry, deterministic output schema, and tests for stale audit rows or command failure modes.",Codex local manual review
scripts/generate_strict_grade_audit.py,failure_note,failure_note,485,function,script,R13_batch_generic_script_01.csv,generic,D+,WIRE_OR_DEPRECATE,missing_wiring_row,C,KEEP_AS_TOOLING_ADD_CI_GATE_OR_DEPRECATE,"Manual script classification: audit/build helper, not runtime terrain generation. These callables should be graded as tooling unless wired into a required verification command.","B requires a maintained CI/runbook entry, deterministic output schema, and tests for stale audit rows or command failure modes.",Codex local manual review
scripts/generate_strict_grade_audit.py,apply_caps,apply_caps,500,function,script,R13_batch_generic_script_01.csv,generic,D+,WIRE_OR_DEPRECATE,missing_wiring_row,C,KEEP_AS_TOOLING_ADD_CI_GATE_OR_DEPRECATE,"Manual script classification: audit/build helper, not runtime terrain generation. These callables should be graded as tooling unless wired into a required verification command.","B requires a maintained CI/runbook entry, deterministic output schema, and tests for stale audit rows or command failure modes.",Codex local manual review
scripts/generate_strict_grade_audit.py,evidence_bucket,evidence_bucket,519,function,script,R13_batch_generic_script_01.csv,generic,D+,WIRE_OR_DEPRECATE,missing_wiring_row,C,KEEP_AS_TOOLING_ADD_CI_GATE_OR_DEPRECATE,"Manual script classification: audit/build helper, not runtime terrain generation. These callables should be graded as tooling unless wired into a required verification command.","B requires a maintained CI/runbook entry, deterministic output schema, and tests for stale audit rows or command failure modes.",Codex local manual review
scripts/generate_strict_grade_audit.py,confidence_band,confidence_band,542,function,script,R13_batch_generic_script_01.csv,generic,D+,WIRE_OR_DEPRECATE,missing_wiring_row,C,KEEP_AS_TOOLING_ADD_CI_GATE_OR_DEPRECATE,"Manual script classification: audit/build helper, not runtime terrain generation. These callables should be graded as tooling unless wired into a required verification command.","B requires a maintained CI/runbook entry, deterministic output schema, and tests for stale audit rows or command failure modes.",Codex local manual review
scripts/generate_strict_grade_audit.py,category_for_row,category_for_row,552,function,script,R13_batch_generic_script_01.csv,generic,D+,WIRE_OR_DEPRECATE,missing_wiring_row,C,KEEP_AS_TOOLING_ADD_CI_GATE_OR_DEPRECATE,"Manual script classification: audit/build helper, not runtime terrain generation. These callables should be graded as tooling unless wired into a required verification command.","B requires a maintained CI/runbook entry, deterministic output schema, and tests for stale audit rows or command failure modes.",Codex local manual review
scripts/generate_strict_grade_audit.py,format_adjustments,format_adjustments,609,function,script,R13_batch_generic_script_01.csv,generic,D+,WIRE_OR_DEPRECATE,missing_wiring_row,C,KEEP_AS_TOOLING_ADD_CI_GATE_OR_DEPRECATE,"Manual script classification: audit/build helper, not runtime terrain generation. These callables should be graded as tooling unless wired into a required verification command.","B requires a maintained CI/runbook entry, deterministic output schema, and tests for stale audit rows or command failure modes.",Codex local manual review
scripts/generate_strict_grade_audit.py,write_csv,write_csv,613,function,script,R13_batch_generic_script_01.csv,generic,D+,WIRE_OR_DEPRECATE,missing_wiring_row,C,KEEP_AS_TOOLING_ADD_CI_GATE_OR_DEPRECATE,"Manual script classification: audit/build helper, not runtime terrain generation. These callables should be graded as tooling unless wired into a required verification command.","B requires a maintained CI/runbook entry, deterministic output schema, and tests for stale audit rows or command failure modes.",Codex local manual review
scripts/generate_strict_grade_audit.py,write_summary,write_summary,620,function,script,R13_batch_generic_script_01.csv,generic,D+,WIRE_OR_DEPRECATE,missing_wiring_row,C,KEEP_AS_TOOLING_ADD_CI_GATE_OR_DEPRECATE,"Manual script classification: audit/build helper, not runtime terrain generation. These callables should be graded as tooling unless wired into a required verification command.","B requires a maintained CI/runbook entry, deterministic output schema, and tests for stale audit rows or command failure modes.",Codex local manual review
scripts/generate_strict_grade_audit.py,main,main,716,function,script,R13_batch_generic_script_01.csv,generic,D+,WIRE_OR_DEPRECATE,missing_wiring_row,C,KEEP_AS_TOOLING_ADD_CI_GATE_OR_DEPRECATE,"Manual script classification: audit/build helper, not runtime terrain generation. These callables should be graded as tooling unless wired into a required verification command.","B requires a maintained CI/runbook entry, deterministic output schema, and tests for stale audit rows or command failure modes.",Codex local manual review
scripts/grade_audit_shared.py,CallableDef,CallableDef,21,class,script,R13_batch_generic_script_01.csv,generic,D+,WIRE_OR_DEPRECATE,missing_wiring_row,C,KEEP_AS_TOOLING_ADD_CI_GATE_OR_DEPRECATE,"Manual script classification: audit/build helper, not runtime terrain generation. These callables should be graded as tooling unless wired into a required verification command.","B requires a maintained CI/runbook entry, deterministic output schema, and tests for stale audit rows or command failure modes.",Codex local manual review
scripts/grade_audit_shared.py,GradeMatch,GradeMatch,30,class,script,R13_batch_generic_script_01.csv,generic,D+,WIRE_OR_DEPRECATE,missing_wiring_row,C,KEEP_AS_TOOLING_ADD_CI_GATE_OR_DEPRECATE,"Manual script classification: audit/build helper, not runtime terrain generation. These callables should be graded as tooling unless wired into a required verification command.","B requires a maintained CI/runbook entry, deterministic output schema, and tests for stale audit rows or command failure modes.",Codex local manual review
scripts/grade_audit_shared.py,CallableVisitor,CallableVisitor,36,class,script,R13_batch_generic_script_01.csv,generic,D+,WIRE_OR_DEPRECATE,missing_wiring_row,C,KEEP_AS_TOOLING_ADD_CI_GATE_OR_DEPRECATE,"Manual script classification: audit/build helper, not runtime terrain generation. These callables should be graded as tooling unless wired into a required verification command.","B requires a maintained CI/runbook entry, deterministic output schema, and tests for stale audit rows or command failure modes.",Codex local manual review
scripts/grade_audit_shared.py,CallableVisitor.__init__,__init__,37,method,script,R13_batch_generic_script_01.csv,generic,D+,WIRE_OR_DEPRECATE,missing_wiring_row,C,KEEP_AS_TOOLING_ADD_CI_GATE_OR_DEPRECATE,"Manual script classification: audit/build helper, not runtime terrain generation. These callables should be graded as tooling unless wired into a required verification command.","B requires a maintained CI/runbook entry, deterministic output schema, and tests for stale audit rows or command failure modes.",Codex local manual review
scripts/grade_audit_shared.py,CallableVisitor.visit_ClassDef,visit_ClassDef,43,method,script,R13_batch_generic_script_01.csv,generic,D+,WIRE_OR_DEPRECATE,missing_wiring_row,C,KEEP_AS_TOOLING_ADD_CI_GATE_OR_DEPRECATE,"Manual script classification: audit/build helper, not runtime terrain generation. These callables should be graded as tooling unless wired into a required verification command.","B requires a maintained CI/runbook entry, deterministic output schema, and tests for stale audit rows or command failure modes.",Codex local manual review
scripts/grade_audit_shared.py,CallableVisitor.visit_FunctionDef,visit_FunctionDef,48,method,script,R13_batch_generic_script_01.csv,generic,D+,WIRE_OR_DEPRECATE,missing_wiring_row,C,KEEP_AS_TOOLING_ADD_CI_GATE_OR_DEPRECATE,"Manual script classification: audit/build helper, not runtime terrain generation. These callables should be graded as tooling unless wired into a required verification command.","B requires a maintained CI/runbook entry, deterministic output schema, and tests for stale audit rows or command failure modes.",Codex local manual review
scripts/grade_audit_shared.py,CallableVisitor.visit_AsyncFunctionDef,visit_AsyncFunctionDef,51,method,script,R13_batch_generic_script_01.csv,generic,D+,WIRE_OR_DEPRECATE,missing_wiring_row,C,KEEP_AS_TOOLING_ADD_CI_GATE_OR_DEPRECATE,"Manual script classification: audit/build helper, not runtime terrain generation. These callables should be graded as tooling unless wired into a required verification command.","B requires a maintained CI/runbook entry, deterministic output schema, and tests for stale audit rows or command failure modes.",Codex local manual review
scripts/grade_audit_shared.py,CallableVisitor._enter_function,_enter_function,54,method,script,R13_batch_generic_script_01.csv,generic,D+,WIRE_OR_DEPRECATE,missing_wiring_row,C,KEEP_AS_TOOLING_ADD_CI_GATE_OR_DEPRECATE,"Manual script classification: audit/build helper, not runtime terrain generation. These callables should be graded as tooling unless wired into a required verification command.","B requires a maintained CI/runbook entry, deterministic output schema, and tests for stale audit rows or command failure modes.",Codex local manual review
scripts/grade_audit_shared.py,CallableVisitor._record,_record,62,method,script,R13_batch_generic_script_01.csv,generic,D+,WIRE_OR_DEPRECATE,missing_wiring_row,C,KEEP_AS_TOOLING_ADD_CI_GATE_OR_DEPRECATE,"Manual script classification: audit/build helper, not runtime terrain generation. These callables should be graded as tooling unless wired into a required verification command.","B requires a maintained CI/runbook entry, deterministic output schema, and tests for stale audit rows or command failure modes.",Codex local manual review
scripts/grade_audit_shared.py,collect_callables,collect_callables,105,function,script,R13_batch_generic_script_01.csv,generic,D+,WIRE_OR_DEPRECATE,missing_wiring_row,C,KEEP_AS_TOOLING_ADD_CI_GATE_OR_DEPRECATE,"Manual script classification: audit/build helper, not runtime terrain generation. These callables should be graded as tooling unless wired into a required verification command.","B requires a maintained CI/runbook entry, deterministic output schema, and tests for stale audit rows or command failure modes.",Codex local manual review
scripts/grade_audit_shared.py,collect_classes,collect_classes,115,function,script,R13_batch_generic_script_01.csv,generic,D+,WIRE_OR_DEPRECATE,missing_wiring_row,C,KEEP_AS_TOOLING_ADD_CI_GATE_OR_DEPRECATE,"Manual script classification: audit/build helper, not runtime terrain generation. These callables should be graded as tooling unless wired into a required verification command.","B requires a maintained CI/runbook entry, deterministic output schema, and tests for stale audit rows or command failure modes.",Codex local manual review
scripts/grade_audit_shared.py,read_grade_rows,read_grade_rows,125,function,script,R13_batch_generic_script_01.csv,generic,D+,WIRE_OR_DEPRECATE,missing_wiring_row,C,KEEP_AS_TOOLING_ADD_CI_GATE_OR_DEPRECATE,"Manual script classification: audit/build helper, not runtime terrain generation. These callables should be graded as tooling unless wired into a required verification command.","B requires a maintained CI/runbook entry, deterministic output schema, and tests for stale audit rows or command failure modes.",Codex local manual review
scripts/grade_audit_shared.py,norm,norm,132,function,script,R13_batch_generic_script_01.csv,generic,D+,WIRE_OR_DEPRECATE,missing_wiring_row,C,KEEP_AS_TOOLING_ADD_CI_GATE_OR_DEPRECATE,"Manual script classification: audit/build helper, not runtime terrain generation. These callables should be graded as tooling unless wired into a required verification command.","B requires a maintained CI/runbook entry, deterministic output schema, and tests for stale audit rows or command failure modes.",Codex local manual review
scripts/grade_audit_shared.py,normalize_function_name,normalize_function_name,136,function,script,R13_batch_generic_script_01.csv,generic,D+,WIRE_OR_DEPRECATE,missing_wiring_row,C,KEEP_AS_TOOLING_ADD_CI_GATE_OR_DEPRECATE,"Manual script classification: audit/build helper, not runtime terrain generation. These callables should be graded as tooling unless wired into a required verification command.","B requires a maintained CI/runbook entry, deterministic output schema, and tests for stale audit rows or command failure modes.",Codex local manual review
scripts/grade_audit_shared.py,parse_line,parse_line,143,function,script,R13_batch_generic_script_01.csv,generic,D+,WIRE_OR_DEPRECATE,missing_wiring_row,C,KEEP_AS_TOOLING_ADD_CI_GATE_OR_DEPRECATE,"Manual script classification: audit/build helper, not runtime terrain generation. These callables should be graded as tooling unless wired into a required verification command.","B requires a maintained CI/runbook entry, deterministic output schema, and tests for stale audit rows or command failure modes.",Codex local manual review
scripts/grade_audit_shared.py,parse_row_number,parse_row_number,153,function,script,R13_batch_generic_script_01.csv,generic,D+,WIRE_OR_DEPRECATE,missing_wiring_row,C,KEEP_AS_TOOLING_ADD_CI_GATE_OR_DEPRECATE,"Manual script classification: audit/build helper, not runtime terrain generation. These callables should be graded as tooling unless wired into a required verification command.","B requires a maintained CI/runbook entry, deterministic output schema, and tests for stale audit rows or command failure modes.",Codex local manual review
scripts/grade_audit_shared.py,latest_grade,latest_grade,164,function,script,R13_batch_generic_script_01.csv,generic,D+,WIRE_OR_DEPRECATE,missing_wiring_row,C,KEEP_AS_TOOLING_ADD_CI_GATE_OR_DEPRECATE,"Manual script classification: audit/build helper, not runtime terrain generation. These callables should be graded as tooling unless wired into a required verification command.","B requires a maintained CI/runbook entry, deterministic output schema, and tests for stale audit rows or command failure modes.",Codex local manual review
scripts/grade_audit_shared.py,GradeIndex,GradeIndex,186,class,script,R13_batch_generic_script_01.csv,generic,D+,WIRE_OR_DEPRECATE,missing_wiring_row,C,KEEP_AS_TOOLING_ADD_CI_GATE_OR_DEPRECATE,"Manual script classification: audit/build helper, not runtime terrain generation. These callables should be graded as tooling unless wired into a required verification command.","B requires a maintained CI/runbook entry, deterministic output schema, and tests for stale audit rows or command failure modes.",Codex local manual review
scripts/grade_audit_shared.py,GradeIndex.__init__,__init__,187,method,script,R13_batch_generic_script_01.csv,generic,D+,WIRE_OR_DEPRECATE,missing_wiring_row,C,KEEP_AS_TOOLING_ADD_CI_GATE_OR_DEPRECATE,"Manual script classification: audit/build helper, not runtime terrain generation. These callables should be graded as tooling unless wired into a required verification command.","B requires a maintained CI/runbook entry, deterministic output schema, and tests for stale audit rows or command failure modes.",Codex local manual review
scripts/grade_audit_shared.py,build_grade_index,build_grade_index,192,function,script,R13_batch_generic_script_01.csv,generic,D+,WIRE_OR_DEPRECATE,missing_wiring_row,C,KEEP_AS_TOOLING_ADD_CI_GATE_OR_DEPRECATE,"Manual script classification: audit/build helper, not runtime terrain generation. These callables should be graded as tooling unless wired into a required verification command.","B requires a maintained CI/runbook entry, deterministic output schema, and tests for stale audit rows or command failure modes.",Codex local manual review
scripts/grade_audit_shared.py,_select_row,_select_row,204,function,script,R13_batch_generic_script_01.csv,generic,D+,WIRE_OR_DEPRECATE,missing_wiring_row,C,KEEP_AS_TOOLING_ADD_CI_GATE_OR_DEPRECATE,"Manual script classification: audit/build helper, not runtime terrain generation. These callables should be graded as tooling unless wired into a required verification command.","B requires a maintained CI/runbook entry, deterministic output schema, and tests for stale audit rows or command failure modes.",Codex local manual review
scripts/grade_audit_shared.py,resolve_grade_match,resolve_grade_match,217,function,script,R13_batch_generic_script_01.csv,generic,D+,WIRE_OR_DEPRECATE,missing_wiring_row,C,KEEP_AS_TOOLING_ADD_CI_GATE_OR_DEPRECATE,"Manual script classification: audit/build helper, not runtime terrain generation. These callables should be graded as tooling unless wired into a required verification command.","B requires a maintained CI/runbook entry, deterministic output schema, and tests for stale audit rows or command failure modes.",Codex local manual review
scripts/open_aaa_node_v1.py,_load_blend,_load_blend,34,function,script,R13_batch_generic_script_01.csv,generic,D+,WIRE_OR_DEPRECATE,missing_wiring_row,C,KEEP_AS_TOOLING_ADD_CI_GATE_OR_DEPRECATE,"Manual script classification: audit/build helper, not runtime terrain generation. These callables should be graded as tooling unless wired into a required verification command.","B requires a maintained CI/runbook entry, deterministic output schema, and tests for stale audit rows or command failure modes.",Codex local manual review
scripts/open_aaa_node_v1.py,_set_hero_camera,_set_hero_camera,44,function,script,R13_batch_generic_script_01.csv,generic,D+,WIRE_OR_DEPRECATE,missing_wiring_row,C,KEEP_AS_TOOLING_ADD_CI_GATE_OR_DEPRECATE,"Manual script classification: audit/build helper, not runtime terrain generation. These callables should be graded as tooling unless wired into a required verification command.","B requires a maintained CI/runbook entry, deterministic output schema, and tests for stale audit rows or command failure modes.",Codex local manual review
scripts/open_aaa_node_v1.py,_set_rendered_shading,_set_rendered_shading,52,function,script,R13_batch_generic_script_01.csv,generic,D+,WIRE_OR_DEPRECATE,missing_wiring_row,C,KEEP_AS_TOOLING_ADD_CI_GATE_OR_DEPRECATE,"Manual script classification: audit/build helper, not runtime terrain generation. These callables should be graded as tooling unless wired into a required verification command.","B requires a maintained CI/runbook entry, deterministic output schema, and tests for stale audit rows or command failure modes.",Codex local manual review
scripts/open_aaa_node_v1.py,_frame_all,_frame_all,75,function,script,R13_batch_generic_script_01.csv,generic,D+,WIRE_OR_DEPRECATE,missing_wiring_row,C,KEEP_AS_TOOLING_ADD_CI_GATE_OR_DEPRECATE,"Manual script classification: audit/build helper, not runtime terrain generation. These callables should be graded as tooling unless wired into a required verification command.","B requires a maintained CI/runbook entry, deterministic output schema, and tests for stale audit rows or command failure modes.",Codex local manual review
scripts/open_aaa_node_v1.py,main,main,88,function,script,R13_batch_generic_script_01.csv,generic,D+,WIRE_OR_DEPRECATE,missing_wiring_row,C,KEEP_AS_TOOLING_ADD_CI_GATE_OR_DEPRECATE,"Manual script classification: audit/build helper, not runtime terrain generation. These callables should be graded as tooling unless wired into a required verification command.","B requires a maintained CI/runbook entry, deterministic output schema, and tests for stale audit rows or command failure modes.",Codex local manual review
scripts/phase_l_triple_judge.py,_resolve_node_cli,_resolve_node_cli,64,function,script,R13_batch_generic_script_01.csv,generic,D+,WIRE_OR_DEPRECATE,missing_wiring_row,C,ADD_LIVE_BLENDER_GOLDEN_ARTIFACTS,"Manual script classification: scene/node build tooling can produce assets, but the callable row has no live Blender golden screenshot or node-graph regression proof attached.","B requires deterministic scene artifacts, camera captures, and node-graph diff checks tied to CI or a reproducible validation run.",Codex local manual review
scripts/phase_l_triple_judge.py,Verdict,Verdict,94,class,script,R13_batch_generic_script_01.csv,generic,D+,WIRE_OR_DEPRECATE,missing_wiring_row,C,ADD_LIVE_BLENDER_GOLDEN_ARTIFACTS,"Manual script classification: scene/node build tooling can produce assets, but the callable row has no live Blender golden screenshot or node-graph regression proof attached.","B requires deterministic scene artifacts, camera captures, and node-graph diff checks tied to CI or a reproducible validation run.",Codex local manual review
scripts/phase_l_triple_judge.py,Verdict.passed,passed,106,method,script,R13_batch_generic_script_01.csv,generic,D+,WIRE_OR_DEPRECATE,missing_wiring_row,C,ADD_LIVE_BLENDER_GOLDEN_ARTIFACTS,"Manual script classification: scene/node build tooling can produce assets, but the callable row has no live Blender golden screenshot or node-graph regression proof attached.","B requires deterministic scene artifacts, camera captures, and node-graph diff checks tied to CI or a reproducible validation run.",Codex local manual review
scripts/phase_l_triple_judge.py,Verdict.to_dict,to_dict,109,method,script,R13_batch_generic_script_02.csv,generic,D+,WIRE_OR_DEPRECATE,missing_wiring_row,C,ADD_LIVE_BLENDER_GOLDEN_ARTIFACTS,"Manual script classification: scene/node build tooling can produce assets, but the callable row has no live Blender golden screenshot or node-graph regression proof attached.","B requires deterministic scene artifacts, camera captures, and node-graph diff checks tied to CI or a reproducible validation run.",Codex local manual review
scripts/phase_l_triple_judge.py,_utc_now,_utc_now,117,function,script,R13_batch_generic_script_02.csv,generic,D+,WIRE_OR_DEPRECATE,missing_wiring_row,C,ADD_LIVE_BLENDER_GOLDEN_ARTIFACTS,"Manual script classification: scene/node build tooling can produce assets, but the callable row has no live Blender golden screenshot or node-graph regression proof attached.","B requires deterministic scene artifacts, camera captures, and node-graph diff checks tied to CI or a reproducible validation run.",Codex local manual review
scripts/phase_l_triple_judge.py,_safe_read_json,_safe_read_json,121,function,script,R13_batch_generic_script_02.csv,generic,D+,WIRE_OR_DEPRECATE,missing_wiring_row,C,ADD_LIVE_BLENDER_GOLDEN_ARTIFACTS,"Manual script classification: scene/node build tooling can produce assets, but the callable row has no live Blender golden screenshot or node-graph regression proof attached.","B requires deterministic scene artifacts, camera captures, and node-graph diff checks tied to CI or a reproducible validation run.",Codex local manual review
scripts/phase_l_triple_judge.py,_list_renders,_list_renders,130,function,script,R13_batch_generic_script_02.csv,generic,D+,WIRE_OR_DEPRECATE,missing_wiring_row,C,ADD_LIVE_BLENDER_GOLDEN_ARTIFACTS,"Manual script classification: scene/node build tooling can produce assets, but the callable row has no live Blender golden screenshot or node-graph regression proof attached.","B requires deterministic scene artifacts, camera captures, and node-graph diff checks tied to CI or a reproducible validation run.",Codex local manual review
scripts/phase_l_triple_judge.py,parse_verdict_json,parse_verdict_json,136,function,script,R13_batch_generic_script_02.csv,generic,D+,WIRE_OR_DEPRECATE,missing_wiring_row,C,ADD_LIVE_BLENDER_GOLDEN_ARTIFACTS,"Manual script classification: scene/node build tooling can produce assets, but the callable row has no live Blender golden screenshot or node-graph regression proof attached.","B requires deterministic scene artifacts, camera captures, and node-graph diff checks tied to CI or a reproducible validation run.",Codex local manual review
scripts/phase_l_triple_judge.py,parse_verdict_json._as_list,_as_list,202,nested_function,script,R13_batch_generic_script_02.csv,generic,D+,WIRE_OR_DEPRECATE,missing_wiring_row,C,ADD_LIVE_BLENDER_GOLDEN_ARTIFACTS,"Manual script classification: scene/node build tooling can produce assets, but the callable row has no live Blender golden screenshot or node-graph regression proof attached.","B requires deterministic scene artifacts, camera captures, and node-graph diff checks tied to CI or a reproducible validation run.",Codex local manual review
scripts/phase_l_triple_judge.py,build_prompt,build_prompt,236,function,script,R13_batch_generic_script_02.csv,generic,D+,WIRE_OR_DEPRECATE,missing_wiring_row,C,ADD_LIVE_BLENDER_GOLDEN_ARTIFACTS,"Manual script classification: scene/node build tooling can produce assets, but the callable row has no live Blender golden screenshot or node-graph regression proof attached.","B requires deterministic scene artifacts, camera captures, and node-graph diff checks tied to CI or a reproducible validation run.",Codex local manual review
scripts/phase_l_triple_judge.py,opus_judge,opus_judge,266,function,script,R13_batch_generic_script_02.csv,generic,D+,WIRE_OR_DEPRECATE,missing_wiring_row,C,ADD_LIVE_BLENDER_GOLDEN_ARTIFACTS,"Manual script classification: scene/node build tooling can produce assets, but the callable row has no live Blender golden screenshot or node-graph regression proof attached.","B requires deterministic scene artifacts, camera captures, and node-graph diff checks tied to CI or a reproducible validation run.",Codex local manual review
scripts/phase_l_triple_judge.py,codex_judge,codex_judge,289,function,script,R13_batch_generic_script_02.csv,generic,D+,WIRE_OR_DEPRECATE,missing_wiring_row,C,ADD_LIVE_BLENDER_GOLDEN_ARTIFACTS,"Manual script classification: scene/node build tooling can produce assets, but the callable row has no live Blender golden screenshot or node-graph regression proof attached.","B requires deterministic scene artifacts, camera captures, and node-graph diff checks tied to CI or a reproducible validation run.",Codex local manual review
scripts/phase_l_triple_judge.py,gemini_judge,gemini_judge,335,function,script,R13_batch_generic_script_02.csv,generic,D+,WIRE_OR_DEPRECATE,missing_wiring_row,C,ADD_LIVE_BLENDER_GOLDEN_ARTIFACTS,"Manual script classification: scene/node build tooling can produce assets, but the callable row has no live Blender golden screenshot or node-graph regression proof attached.","B requires deterministic scene artifacts, camera captures, and node-graph diff checks tied to CI or a reproducible validation run.",Codex local manual review
scripts/phase_l_triple_judge.py,probe_gemini,probe_gemini,372,function,script,R13_batch_generic_script_02.csv,generic,D+,WIRE_OR_DEPRECATE,missing_wiring_row,C,ADD_LIVE_BLENDER_GOLDEN_ARTIFACTS,"Manual script classification: scene/node build tooling can produce assets, but the callable row has no live Blender golden screenshot or node-graph regression proof attached.","B requires deterministic scene artifacts, camera captures, and node-graph diff checks tied to CI or a reproducible validation run.",Codex local manual review
scripts/phase_l_triple_judge.py,write_status,write_status,398,function,script,R13_batch_generic_script_02.csv,generic,D+,WIRE_OR_DEPRECATE,missing_wiring_row,C,ADD_LIVE_BLENDER_GOLDEN_ARTIFACTS,"Manual script classification: scene/node build tooling can produce assets, but the callable row has no live Blender golden screenshot or node-graph regression proof attached.","B requires deterministic scene artifacts, camera captures, and node-graph diff checks tied to CI or a reproducible validation run.",Codex local manual review
scripts/phase_l_triple_judge.py,write_verdict_md,write_verdict_md,405,function,script,R13_batch_generic_script_02.csv,generic,D+,WIRE_OR_DEPRECATE,missing_wiring_row,C,ADD_LIVE_BLENDER_GOLDEN_ARTIFACTS,"Manual script classification: scene/node build tooling can produce assets, but the callable row has no live Blender golden screenshot or node-graph regression proof attached.","B requires deterministic scene artifacts, camera captures, and node-graph diff checks tied to CI or a reproducible validation run.",Codex local manual review
scripts/phase_l_triple_judge.py,union_issues,union_issues,435,function,script,R13_batch_generic_script_02.csv,generic,D+,WIRE_OR_DEPRECATE,missing_wiring_row,C,ADD_LIVE_BLENDER_GOLDEN_ARTIFACTS,"Manual script classification: scene/node build tooling can produce assets, but the callable row has no live Blender golden screenshot or node-graph regression proof attached.","B requires deterministic scene artifacts, camera captures, and node-graph diff checks tied to CI or a reproducible validation run.",Codex local manual review
scripts/phase_l_triple_judge.py,agreement,agreement,453,function,script,R13_batch_generic_script_02.csv,generic,D+,WIRE_OR_DEPRECATE,missing_wiring_row,C,ADD_LIVE_BLENDER_GOLDEN_ARTIFACTS,"Manual script classification: scene/node build tooling can produce assets, but the callable row has no live Blender golden screenshot or node-graph regression proof attached.","B requires deterministic scene artifacts, camera captures, and node-graph diff checks tied to CI or a reproducible validation run.",Codex local manual review
scripts/phase_l_triple_judge.py,build_fix_prompt,build_fix_prompt,476,function,script,R13_batch_generic_script_02.csv,generic,D+,WIRE_OR_DEPRECATE,missing_wiring_row,C,ADD_LIVE_BLENDER_GOLDEN_ARTIFACTS,"Manual script classification: scene/node build tooling can produce assets, but the callable row has no live Blender golden screenshot or node-graph regression proof attached.","B requires deterministic scene artifacts, camera captures, and node-graph diff checks tied to CI or a reproducible validation run.",Codex local manual review
scripts/phase_l_triple_judge.py,dispatch_fix,dispatch_fix,504,function,script,R13_batch_generic_script_02.csv,generic,D+,WIRE_OR_DEPRECATE,missing_wiring_row,C,ADD_LIVE_BLENDER_GOLDEN_ARTIFACTS,"Manual script classification: scene/node build tooling can produce assets, but the callable row has no live Blender golden screenshot or node-graph regression proof attached.","B requires deterministic scene artifacts, camera captures, and node-graph diff checks tied to CI or a reproducible validation run.",Codex local manual review
scripts/phase_l_triple_judge.py,launch_blender_foreground,launch_blender_foreground,531,function,script,R13_batch_generic_script_02.csv,generic,D+,WIRE_OR_DEPRECATE,missing_wiring_row,C,ADD_LIVE_BLENDER_GOLDEN_ARTIFACTS,"Manual script classification: scene/node build tooling can produce assets, but the callable row has no live Blender golden screenshot or node-graph regression proof attached.","B requires deterministic scene artifacts, camera captures, and node-graph diff checks tied to CI or a reproducible validation run.",Codex local manual review
scripts/phase_l_triple_judge.py,run_node,run_node,561,function,script,R13_batch_generic_script_02.csv,generic,D+,WIRE_OR_DEPRECATE,missing_wiring_row,C,ADD_LIVE_BLENDER_GOLDEN_ARTIFACTS,"Manual script classification: scene/node build tooling can produce assets, but the callable row has no live Blender golden screenshot or node-graph regression proof attached.","B requires deterministic scene artifacts, camera captures, and node-graph diff checks tied to CI or a reproducible validation run.",Codex local manual review
scripts/phase_l_triple_judge.py,main,main,716,function,script,R13_batch_generic_script_02.csv,generic,D+,WIRE_OR_DEPRECATE,missing_wiring_row,C,ADD_LIVE_BLENDER_GOLDEN_ARTIFACTS,"Manual script classification: scene/node build tooling can produce assets, but the callable row has no live Blender golden screenshot or node-graph regression proof attached.","B requires deterministic scene artifacts, camera captures, and node-graph diff checks tied to CI or a reproducible validation run.",Codex local manual review
scripts/regrade_verified_r10.py,parse_grade,parse_grade,31,function,script,R13_batch_generic_script_02.csv,generic,D+,WIRE_OR_DEPRECATE,missing_wiring_row,C,KEEP_AS_TOOLING_ADD_CI_GATE_OR_DEPRECATE,"Manual script classification: audit/build helper, not runtime terrain generation. These callables should be graded as tooling unless wired into a required verification command.","B requires a maintained CI/runbook entry, deterministic output schema, and tests for stale audit rows or command failure modes.",Codex local manual review
scripts/regrade_verified_r10.py,cap_grade,cap_grade,39,function,script,R13_batch_generic_script_02.csv,generic,D+,WIRE_OR_DEPRECATE,missing_wiring_row,C,KEEP_AS_TOOLING_ADD_CI_GATE_OR_DEPRECATE,"Manual script classification: audit/build helper, not runtime terrain generation. These callables should be graded as tooling unless wired into a required verification command.","B requires a maintained CI/runbook entry, deterministic output schema, and tests for stale audit rows or command failure modes.",Codex local manual review
scripts/regrade_verified_r10.py,line_map,line_map,45,function,script,R13_batch_generic_script_02.csv,generic,D+,WIRE_OR_DEPRECATE,missing_wiring_row,C,KEEP_AS_TOOLING_ADD_CI_GATE_OR_DEPRECATE,"Manual script classification: audit/build helper, not runtime terrain generation. These callables should be graded as tooling unless wired into a required verification command.","B requires a maintained CI/runbook entry, deterministic output schema, and tests for stale audit rows or command failure modes.",Codex local manual review
scripts/regrade_verified_r10.py,tracked_files,tracked_files,59,function,script,R13_batch_generic_script_02.csv,generic,D+,WIRE_OR_DEPRECATE,missing_wiring_row,C,KEEP_AS_TOOLING_ADD_CI_GATE_OR_DEPRECATE,"Manual script classification: audit/build helper, not runtime terrain generation. These callables should be graded as tooling unless wired into a required verification command.","B requires a maintained CI/runbook entry, deterministic output schema, and tests for stale audit rows or command failure modes.",Codex local manual review
scripts/regrade_verified_r10.py,wiring_rows,wiring_rows,73,function,script,R13_batch_generic_script_02.csv,generic,D+,WIRE_OR_DEPRECATE,missing_wiring_row,C,KEEP_AS_TOOLING_ADD_CI_GATE_OR_DEPRECATE,"Manual script classification: audit/build helper, not runtime terrain generation. These callables should be graded as tooling unless wired into a required verification command.","B requires a maintained CI/runbook entry, deterministic output schema, and tests for stale audit rows or command failure modes.",Codex local manual review
scripts/regrade_verified_r10.py,main,main,165,function,script,R13_batch_generic_script_02.csv,generic,D+,WIRE_OR_DEPRECATE,missing_wiring_row,C,KEEP_AS_TOOLING_ADD_CI_GATE_OR_DEPRECATE,"Manual script classification: audit/build helper, not runtime terrain generation. These callables should be graded as tooling unless wired into a required verification command.","B requires a maintained CI/runbook entry, deterministic output schema, and tests for stale audit rows or command failure modes.",Codex local manual review
scripts/scan_callable_wiring.py,CallableDef,CallableDef,38,class,script,R13_batch_generic_script_02.csv,generic,D+,WIRE_OR_DEPRECATE,missing_wiring_row,C,KEEP_AS_TOOLING_ADD_CI_GATE_OR_DEPRECATE,"Manual script classification: audit/build helper, not runtime terrain generation. These callables should be graded as tooling unless wired into a required verification command.","B requires a maintained CI/runbook entry, deterministic output schema, and tests for stale audit rows or command failure modes.",Codex local manual review
scripts/scan_callable_wiring.py,CallableDef.qualified_name,qualified_name,46,method,script,R13_batch_generic_script_02.csv,generic,D+,WIRE_OR_DEPRECATE,missing_wiring_row,C,KEEP_AS_TOOLING_ADD_CI_GATE_OR_DEPRECATE,"Manual script classification: audit/build helper, not runtime terrain generation. These callables should be graded as tooling unless wired into a required verification command.","B requires a maintained CI/runbook entry, deterministic output schema, and tests for stale audit rows or command failure modes.",Codex local manual review
scripts/scan_callable_wiring.py,CallSite,CallSite,51,class,script,R13_batch_generic_script_02.csv,generic,D+,WIRE_OR_DEPRECATE,missing_wiring_row,C,KEEP_AS_TOOLING_ADD_CI_GATE_OR_DEPRECATE,"Manual script classification: audit/build helper, not runtime terrain generation. These callables should be graded as tooling unless wired into a required verification command.","B requires a maintained CI/runbook entry, deterministic output schema, and tests for stale audit rows or command failure modes.",Codex local manual review
scripts/scan_callable_wiring.py,CallableVisitor,CallableVisitor,57,class,script,R13_batch_generic_script_02.csv,generic,D+,WIRE_OR_DEPRECATE,missing_wiring_row,C,KEEP_AS_TOOLING_ADD_CI_GATE_OR_DEPRECATE,"Manual script classification: audit/build helper, not runtime terrain generation. These callables should be graded as tooling unless wired into a required verification command.","B requires a maintained CI/runbook entry, deterministic output schema, and tests for stale audit rows or command failure modes.",Codex local manual review
scripts/scan_callable_wiring.py,CallableVisitor.__init__,__init__,58,method,script,R13_batch_generic_script_02.csv,generic,D+,WIRE_OR_DEPRECATE,missing_wiring_row,C,KEEP_AS_TOOLING_ADD_CI_GATE_OR_DEPRECATE,"Manual script classification: audit/build helper, not runtime terrain generation. These callables should be graded as tooling unless wired into a required verification command.","B requires a maintained CI/runbook entry, deterministic output schema, and tests for stale audit rows or command failure modes.",Codex local manual review
scripts/scan_callable_wiring.py,CallableVisitor.visit_ClassDef,visit_ClassDef,63,method,script,R13_batch_generic_script_02.csv,generic,D+,WIRE_OR_DEPRECATE,missing_wiring_row,C,KEEP_AS_TOOLING_ADD_CI_GATE_OR_DEPRECATE,"Manual script classification: audit/build helper, not runtime terrain generation. These callables should be graded as tooling unless wired into a required verification command.","B requires a maintained CI/runbook entry, deterministic output schema, and tests for stale audit rows or command failure modes.",Codex local manual review
scripts/scan_callable_wiring.py,CallableVisitor.visit_FunctionDef,visit_FunctionDef,68,method,script,R13_batch_generic_script_02.csv,generic,D+,WIRE_OR_DEPRECATE,missing_wiring_row,C,KEEP_AS_TOOLING_ADD_CI_GATE_OR_DEPRECATE,"Manual script classification: audit/build helper, not runtime terrain generation. These callables should be graded as tooling unless wired into a required verification command.","B requires a maintained CI/runbook entry, deterministic output schema, and tests for stale audit rows or command failure modes.",Codex local manual review
scripts/scan_callable_wiring.py,CallableVisitor.visit_AsyncFunctionDef,visit_AsyncFunctionDef,72,method,script,R13_batch_generic_script_02.csv,generic,D+,WIRE_OR_DEPRECATE,missing_wiring_row,C,KEEP_AS_TOOLING_ADD_CI_GATE_OR_DEPRECATE,"Manual script classification: audit/build helper, not runtime terrain generation. These callables should be graded as tooling unless wired into a required verification command.","B requires a maintained CI/runbook entry, deterministic output schema, and tests for stale audit rows or command failure modes.",Codex local manual review
scripts/scan_callable_wiring.py,CallableVisitor._record,_record,76,method,script,R13_batch_generic_script_02.csv,generic,D+,WIRE_OR_DEPRECATE,missing_wiring_row,C,KEEP_AS_TOOLING_ADD_CI_GATE_OR_DEPRECATE,"Manual script classification: audit/build helper, not runtime terrain generation. These callables should be graded as tooling unless wired into a required verification command.","B requires a maintained CI/runbook entry, deterministic output schema, and tests for stale audit rows or command failure modes.",Codex local manual review
scripts/scan_callable_wiring.py,CallableVisitor._is_property,_is_property,85,method,script,R13_batch_generic_script_02.csv,generic,D+,WIRE_OR_DEPRECATE,missing_wiring_row,C,KEEP_AS_TOOLING_ADD_CI_GATE_OR_DEPRECATE,"Manual script classification: audit/build helper, not runtime terrain generation. These callables should be graded as tooling unless wired into a required verification command.","B requires a maintained CI/runbook entry, deterministic output schema, and tests for stale audit rows or command failure modes.",Codex local manual review
scripts/scan_callable_wiring.py,UsageVisitor,UsageVisitor,95,class,script,R13_batch_generic_script_02.csv,generic,D+,WIRE_OR_DEPRECATE,missing_wiring_row,C,KEEP_AS_TOOLING_ADD_CI_GATE_OR_DEPRECATE,"Manual script classification: audit/build helper, not runtime terrain generation. These callables should be graded as tooling unless wired into a required verification command.","B requires a maintained CI/runbook entry, deterministic output schema, and tests for stale audit rows or command failure modes.",Codex local manual review
scripts/scan_callable_wiring.py,UsageVisitor.__init__,__init__,96,method,script,R13_batch_generic_script_02.csv,generic,D+,WIRE_OR_DEPRECATE,missing_wiring_row,C,KEEP_AS_TOOLING_ADD_CI_GATE_OR_DEPRECATE,"Manual script classification: audit/build helper, not runtime terrain generation. These callables should be graded as tooling unless wired into a required verification command.","B requires a maintained CI/runbook entry, deterministic output schema, and tests for stale audit rows or command failure modes.",Codex local manual review
scripts/scan_callable_wiring.py,UsageVisitor.visit_Call,visit_Call,102,method,script,R13_batch_generic_script_02.csv,generic,D+,WIRE_OR_DEPRECATE,missing_wiring_row,C,KEEP_AS_TOOLING_ADD_CI_GATE_OR_DEPRECATE,"Manual script classification: audit/build helper, not runtime terrain generation. These callables should be graded as tooling unless wired into a required verification command.","B requires a maintained CI/runbook entry, deterministic output schema, and tests for stale audit rows or command failure modes.",Codex local manual review
scripts/scan_callable_wiring.py,UsageVisitor.visit_Attribute,visit_Attribute,109,method,script,R13_batch_generic_script_02.csv,generic,D+,WIRE_OR_DEPRECATE,missing_wiring_row,C,KEEP_AS_TOOLING_ADD_CI_GATE_OR_DEPRECATE,"Manual script classification: audit/build helper, not runtime terrain generation. These callables should be graded as tooling unless wired into a required verification command.","B requires a maintained CI/runbook entry, deterministic output schema, and tests for stale audit rows or command failure modes.",Codex local manual review
scripts/scan_callable_wiring.py,ResolvedUsageVisitor,ResolvedUsageVisitor,114,class,script,R13_batch_generic_script_02.csv,generic,D+,WIRE_OR_DEPRECATE,missing_wiring_row,C,KEEP_AS_TOOLING_ADD_CI_GATE_OR_DEPRECATE,"Manual script classification: audit/build helper, not runtime terrain generation. These callables should be graded as tooling unless wired into a required verification command.","B requires a maintained CI/runbook entry, deterministic output schema, and tests for stale audit rows or command failure modes.",Codex local manual review
scripts/scan_callable_wiring.py,ResolvedUsageVisitor.__init__,__init__,115,method,script,R13_batch_generic_script_02.csv,generic,D+,WIRE_OR_DEPRECATE,missing_wiring_row,C,KEEP_AS_TOOLING_ADD_CI_GATE_OR_DEPRECATE,"Manual script classification: audit/build helper, not runtime terrain generation. These callables should be graded as tooling unless wired into a required verification command.","B requires a maintained CI/runbook entry, deterministic output schema, and tests for stale audit rows or command failure modes.",Codex local manual review
scripts/scan_callable_wiring.py,ResolvedUsageVisitor.visit_ClassDef,visit_ClassDef,129,method,script,R13_batch_generic_script_02.csv,generic,D+,WIRE_OR_DEPRECATE,missing_wiring_row,C,KEEP_AS_TOOLING_ADD_CI_GATE_OR_DEPRECATE,"Manual script classification: audit/build helper, not runtime terrain generation. These callables should be graded as tooling unless wired into a required verification command.","B requires a maintained CI/runbook entry, deterministic output schema, and tests for stale audit rows or command failure modes.",Codex local manual review
scripts/scan_callable_wiring.py,ResolvedUsageVisitor.visit_Call,visit_Call,134,method,script,R13_batch_generic_script_02.csv,generic,D+,WIRE_OR_DEPRECATE,missing_wiring_row,C,KEEP_AS_TOOLING_ADD_CI_GATE_OR_DEPRECATE,"Manual script classification: audit/build helper, not runtime terrain generation. These callables should be graded as tooling unless wired into a required verification command.","B requires a maintained CI/runbook entry, deterministic output schema, and tests for stale audit rows or command failure modes.",Codex local manual review
scripts/scan_callable_wiring.py,ResolvedUsageVisitor._resolve_call_target,_resolve_call_target,140,method,script,R13_batch_generic_script_02.csv,generic,D+,WIRE_OR_DEPRECATE,missing_wiring_row,C,KEEP_AS_TOOLING_ADD_CI_GATE_OR_DEPRECATE,"Manual script classification: audit/build helper, not runtime terrain generation. These callables should be graded as tooling unless wired into a required verification command.","B requires a maintained CI/runbook entry, deterministic output schema, and tests for stale audit rows or command failure modes.",Codex local manual review
scripts/scan_callable_wiring.py,read_text,read_text,166,function,script,R13_batch_generic_script_02.csv,generic,D+,WIRE_OR_DEPRECATE,missing_wiring_row,C,KEEP_AS_TOOLING_ADD_CI_GATE_OR_DEPRECATE,"Manual script classification: audit/build helper, not runtime terrain generation. These callables should be graded as tooling unless wired into a required verification command.","B requires a maintained CI/runbook entry, deterministic output schema, and tests for stale audit rows or command failure modes.",Codex local manual review
scripts/scan_callable_wiring.py,parse_module,parse_module,170,function,script,R13_batch_generic_script_02.csv,generic,D+,WIRE_OR_DEPRECATE,missing_wiring_row,C,KEEP_AS_TOOLING_ADD_CI_GATE_OR_DEPRECATE,"Manual script classification: audit/build helper, not runtime terrain generation. These callables should be graded as tooling unless wired into a required verification command.","B requires a maintained CI/runbook entry, deterministic output schema, and tests for stale audit rows or command failure modes.",Codex local manual review
scripts/scan_callable_wiring.py,extract_constant_string,extract_constant_string,193,function,script,R13_batch_generic_script_02.csv,generic,D+,WIRE_OR_DEPRECATE,missing_wiring_row,C,KEEP_AS_TOOLING_ADD_CI_GATE_OR_DEPRECATE,"Manual script classification: audit/build helper, not runtime terrain generation. These callables should be graded as tooling unless wired into a required verification command.","B requires a maintained CI/runbook entry, deterministic output schema, and tests for stale audit rows or command failure modes.",Codex local manual review
scripts/scan_callable_wiring.py,collect_defs,collect_defs,205,function,script,R13_batch_generic_script_02.csv,generic,D+,WIRE_OR_DEPRECATE,missing_wiring_row,C,KEEP_AS_TOOLING_ADD_CI_GATE_OR_DEPRECATE,"Manual script classification: audit/build helper, not runtime terrain generation. These callables should be graded as tooling unless wired into a required verification command.","B requires a maintained CI/runbook entry, deterministic output schema, and tests for stale audit rows or command failure modes.",Codex local manual review
scripts/scan_callable_wiring.py,collect_usages,collect_usages,216,function,script,R13_batch_generic_script_02.csv,generic,D+,WIRE_OR_DEPRECATE,missing_wiring_row,C,KEEP_AS_TOOLING_ADD_CI_GATE_OR_DEPRECATE,"Manual script classification: audit/build helper, not runtime terrain generation. These callables should be graded as tooling unless wired into a required verification command.","B requires a maintained CI/runbook entry, deterministic output schema, and tests for stale audit rows or command failure modes.",Codex local manual review
scripts/scan_callable_wiring.py,collect_resolved_usages,collect_resolved_usages,233,function,script,R13_batch_generic_script_02.csv,generic,D+,WIRE_OR_DEPRECATE,missing_wiring_row,C,KEEP_AS_TOOLING_ADD_CI_GATE_OR_DEPRECATE,"Manual script classification: audit/build helper, not runtime terrain generation. These callables should be graded as tooling unless wired into a required verification command.","B requires a maintained CI/runbook entry, deterministic output schema, and tests for stale audit rows or command failure modes.",Codex local manual review
scripts/scan_callable_wiring.py,import_alias_map,import_alias_map,254,function,script,R13_batch_generic_script_02.csv,generic,D+,WIRE_OR_DEPRECATE,missing_wiring_row,C,KEEP_AS_TOOLING_ADD_CI_GATE_OR_DEPRECATE,"Manual script classification: audit/build helper, not runtime terrain generation. These callables should be graded as tooling unless wired into a required verification command.","B requires a maintained CI/runbook entry, deterministic output schema, and tests for stale audit rows or command failure modes.",Codex local manual review
scripts/scan_callable_wiring.py,import_alias_map.bind_alias,bind_alias,257,nested_function,script,R13_batch_generic_script_02.csv,generic,D+,WIRE_OR_DEPRECATE,missing_wiring_row,C,KEEP_AS_TOOLING_ADD_CI_GATE_OR_DEPRECATE,"Manual script classification: audit/build helper, not runtime terrain generation. These callables should be graded as tooling unless wired into a required verification command.","B requires a maintained CI/runbook entry, deterministic output schema, and tests for stale audit rows or command failure modes.",Codex local manual review
scripts/scan_callable_wiring.py,import_module_alias_map,import_module_alias_map,283,function,script,R13_batch_generic_script_02.csv,generic,D+,WIRE_OR_DEPRECATE,missing_wiring_row,C,KEEP_AS_TOOLING_ADD_CI_GATE_OR_DEPRECATE,"Manual script classification: audit/build helper, not runtime terrain generation. These callables should be graded as tooling unless wired into a required verification command.","B requires a maintained CI/runbook entry, deterministic output schema, and tests for stale audit rows or command failure modes.",Codex local manual review
scripts/scan_callable_wiring.py,extract_name,extract_name,331,function,script,R13_batch_generic_script_02.csv,generic,D+,WIRE_OR_DEPRECATE,missing_wiring_row,C,KEEP_AS_TOOLING_ADD_CI_GATE_OR_DEPRECATE,"Manual script classification: audit/build helper, not runtime terrain generation. These callables should be graded as tooling unless wired into a required verification command.","B requires a maintained CI/runbook entry, deterministic output schema, and tests for stale audit rows or command failure modes.",Codex local manual review
scripts/scan_callable_wiring.py,resolve_symbol,resolve_symbol,339,function,script,R13_batch_generic_script_02.csv,generic,D+,WIRE_OR_DEPRECATE,missing_wiring_row,C,KEEP_AS_TOOLING_ADD_CI_GATE_OR_DEPRECATE,"Manual script classification: audit/build helper, not runtime terrain generation. These callables should be graded as tooling unless wired into a required verification command.","B requires a maintained CI/runbook entry, deterministic output schema, and tests for stale audit rows or command failure modes.",Codex local manual review
scripts/scan_callable_wiring.py,resolve_call_target,resolve_call_target,348,function,script,R13_batch_generic_script_02.csv,generic,D+,WIRE_OR_DEPRECATE,missing_wiring_row,C,KEEP_AS_TOOLING_ADD_CI_GATE_OR_DEPRECATE,"Manual script classification: audit/build helper, not runtime terrain generation. These callables should be graded as tooling unless wired into a required verification command.","B requires a maintained CI/runbook entry, deterministic output schema, and tests for stale audit rows or command failure modes.",Codex local manual review
scripts/scan_callable_wiring.py,collect_module_exports,collect_module_exports,365,function,script,R13_batch_generic_script_02.csv,generic,D+,WIRE_OR_DEPRECATE,missing_wiring_row,C,KEEP_AS_TOOLING_ADD_CI_GATE_OR_DEPRECATE,"Manual script classification: audit/build helper, not runtime terrain generation. These callables should be graded as tooling unless wired into a required verification command.","B requires a maintained CI/runbook entry, deterministic output schema, and tests for stale audit rows or command failure modes.",Codex local manual review
scripts/scan_callable_wiring.py,collect_runtime_exposure,collect_runtime_exposure,386,function,script,R13_batch_generic_script_02.csv,generic,D+,WIRE_OR_DEPRECATE,missing_wiring_row,C,KEEP_AS_TOOLING_ADD_CI_GATE_OR_DEPRECATE,"Manual script classification: audit/build helper, not runtime terrain generation. These callables should be graded as tooling unless wired into a required verification command.","B requires a maintained CI/runbook entry, deterministic output schema, and tests for stale audit rows or command failure modes.",Codex local manual review
scripts/scan_callable_wiring.py,load_grade_index,load_grade_index,540,function,script,R13_batch_generic_script_02.csv,generic,D+,WIRE_OR_DEPRECATE,missing_wiring_row,C,KEEP_AS_TOOLING_ADD_CI_GATE_OR_DEPRECATE,"Manual script classification: audit/build helper, not runtime terrain generation. These callables should be graded as tooling unless wired into a required verification command.","B requires a maintained CI/runbook entry, deterministic output schema, and tests for stale audit rows or command failure modes.",Codex local manual review
scripts/scan_callable_wiring.py,latest_r9,latest_r9,549,function,script,R13_batch_generic_script_02.csv,generic,D+,WIRE_OR_DEPRECATE,missing_wiring_row,C,KEEP_AS_TOOLING_ADD_CI_GATE_OR_DEPRECATE,"Manual script classification: audit/build helper, not runtime terrain generation. These callables should be graded as tooling unless wired into a required verification command.","B requires a maintained CI/runbook entry, deterministic output schema, and tests for stale audit rows or command failure modes.",Codex local manual review
scripts/scan_callable_wiring.py,latest_grade,latest_grade,553,function,script,R13_batch_generic_script_02.csv,generic,D+,WIRE_OR_DEPRECATE,missing_wiring_row,C,KEEP_AS_TOOLING_ADD_CI_GATE_OR_DEPRECATE,"Manual script classification: audit/build helper, not runtime terrain generation. These callables should be graded as tooling unless wired into a required verification command.","B requires a maintained CI/runbook entry, deterministic output schema, and tests for stale audit rows or command failure modes.",Codex local manual review
scripts/scan_callable_wiring.py,split_sites,split_sites,575,function,script,R13_batch_generic_script_02.csv,generic,D+,WIRE_OR_DEPRECATE,missing_wiring_row,C,KEEP_AS_TOOLING_ADD_CI_GATE_OR_DEPRECATE,"Manual script classification: audit/build helper, not runtime terrain generation. These callables should be graded as tooling unless wired into a required verification command.","B requires a maintained CI/runbook entry, deterministic output schema, and tests for stale audit rows or command failure modes.",Codex local manual review
scripts/scan_callable_wiring.py,sample_sites,sample_sites,586,function,script,R13_batch_generic_script_02.csv,generic,D+,WIRE_OR_DEPRECATE,missing_wiring_row,C,KEEP_AS_TOOLING_ADD_CI_GATE_OR_DEPRECATE,"Manual script classification: audit/build helper, not runtime terrain generation. These callables should be graded as tooling unless wired into a required verification command.","B requires a maintained CI/runbook entry, deterministic output schema, and tests for stale audit rows or command failure modes.",Codex local manual review
scripts/scan_callable_wiring.py,classify_status,classify_status,602,function,script,R13_batch_generic_script_02.csv,generic,D+,WIRE_OR_DEPRECATE,missing_wiring_row,C,KEEP_AS_TOOLING_ADD_CI_GATE_OR_DEPRECATE,"Manual script classification: audit/build helper, not runtime terrain generation. These callables should be graded as tooling unless wired into a required verification command.","B requires a maintained CI/runbook entry, deterministic output schema, and tests for stale audit rows or command failure modes.",Codex local manual review
scripts/scan_callable_wiring.py,write_csv,write_csv,631,function,script,R13_batch_generic_script_02.csv,generic,D+,WIRE_OR_DEPRECATE,missing_wiring_row,C,KEEP_AS_TOOLING_ADD_CI_GATE_OR_DEPRECATE,"Manual script classification: audit/build helper, not runtime terrain generation. These callables should be graded as tooling unless wired into a required verification command.","B requires a maintained CI/runbook entry, deterministic output schema, and tests for stale audit rows or command failure modes.",Codex local manual review
scripts/scan_callable_wiring.py,write_summary,write_summary,638,function,script,R13_batch_generic_script_02.csv,generic,D+,WIRE_OR_DEPRECATE,missing_wiring_row,C,KEEP_AS_TOOLING_ADD_CI_GATE_OR_DEPRECATE,"Manual script classification: audit/build helper, not runtime terrain generation. These callables should be graded as tooling unless wired into a required verification command.","B requires a maintained CI/runbook entry, deterministic output schema, and tests for stale audit rows or command failure modes.",Codex local manual review
scripts/scan_callable_wiring.py,main,main,696,function,script,R13_batch_generic_script_02.csv,generic,D+,WIRE_OR_DEPRECATE,missing_wiring_row,C,KEEP_AS_TOOLING_ADD_CI_GATE_OR_DEPRECATE,"Manual script classification: audit/build helper, not runtime terrain generation. These callables should be graded as tooling unless wired into a required verification command.","B requires a maintained CI/runbook entry, deterministic output schema, and tests for stale audit rows or command failure modes.",Codex local manual review
scripts/retired_model_provider_batch_generate.py,PromptSpec,PromptSpec,337,class,script,R13_batch_generic_script_02.csv,generic,D+,WIRE_OR_DEPRECATE,missing_wiring_row,C,DEFER_RETIRED_MODEL_PROVIDER_OWNER_ADD_CLI_AND_LEDGER_TESTS,"Manual code read: retired model provider batch driver is documented, journaled, rate-limited, and external-service oriented. User stated retired model provider is being finished separately, so this row is reviewed but not remediated inside this pass.",Before B: hermetic CLI tests for plan/resume/retry/cost caps plus ingest golden checks against the foliage catalog.,Codex local manual review
scripts/retired_model_provider_batch_generate.py,PromptSpec.to_dict,to_dict,352,method,script,R13_batch_generic_script_02.csv,generic,D+,WIRE_OR_DEPRECATE,missing_wiring_row,C,DEFER_RETIRED_MODEL_PROVIDER_OWNER_ADD_CLI_AND_LEDGER_TESTS,"Manual code read: retired model provider batch driver is documented, journaled, rate-limited, and external-service oriented. User stated retired model provider is being finished separately, so this row is reviewed but not remediated inside this pass.",Before B: hermetic CLI tests for plan/resume/retry/cost caps plus ingest golden checks against the foliage catalog.,Codex local manual review
scripts/retired_model_provider_batch_generate.py,_detect_category,_detect_category,356,function,script,R13_batch_generic_script_02.csv,generic,D+,WIRE_OR_DEPRECATE,missing_wiring_row,C,DEFER_RETIRED_MODEL_PROVIDER_OWNER_ADD_CLI_AND_LEDGER_TESTS,"Manual code read: retired model provider batch driver is documented, journaled, rate-limited, and external-service oriented. User stated retired model provider is being finished separately, so this row is reviewed but not remediated inside this pass.",Before B: hermetic CLI tests for plan/resume/retry/cost caps plus ingest golden checks against the foliage catalog.,Codex local manual review
scripts/retired_model_provider_batch_generate.py,_parse_poly_budget,_parse_poly_budget,371,function,script,R13_batch_generic_script_02.csv,generic,D+,WIRE_OR_DEPRECATE,missing_wiring_row,C,DEFER_RETIRED_MODEL_PROVIDER_OWNER_ADD_CLI_AND_LEDGER_TESTS,"Manual code read: retired model provider batch driver is documented, journaled, rate-limited, and external-service oriented. User stated retired model provider is being finished separately, so this row is reviewed but not remediated inside this pass.",Before B: hermetic CLI tests for plan/resume/retry/cost caps plus ingest golden checks against the foliage catalog.,Codex local manual review
scripts/retired_model_provider_batch_generate.py,_make_variation_prompts,_make_variation_prompts,378,function,script,R13_batch_generic_script_02.csv,generic,D+,WIRE_OR_DEPRECATE,missing_wiring_row,C,DEFER_RETIRED_MODEL_PROVIDER_OWNER_ADD_CLI_AND_LEDGER_TESTS,"Manual code read: retired model provider batch driver is documented, journaled, rate-limited, and external-service oriented. User stated retired model provider is being finished separately, so this row is reviewed but not remediated inside this pass.",Before B: hermetic CLI tests for plan/resume/retry/cost caps plus ingest golden checks against the foliage catalog.,Codex local manual review
scripts/retired_model_provider_batch_generate.py,parse_manifest,parse_manifest,390,function,script,R13_batch_generic_script_02.csv,generic,D+,WIRE_OR_DEPRECATE,missing_wiring_row,C,DEFER_RETIRED_MODEL_PROVIDER_OWNER_ADD_CLI_AND_LEDGER_TESTS,"Manual code read: retired model provider batch driver is documented, journaled, rate-limited, and external-service oriented. User stated retired model provider is being finished separately, so this row is reviewed but not remediated inside this pass.",Before B: hermetic CLI tests for plan/resume/retry/cost caps plus ingest golden checks against the foliage catalog.,Codex local manual review
scripts/retired_model_provider_batch_generate.py,write_structured_manifest,write_structured_manifest,474,function,script,R13_batch_generic_script_02.csv,generic,D+,WIRE_OR_DEPRECATE,missing_wiring_row,C,DEFER_RETIRED_MODEL_PROVIDER_OWNER_ADD_CLI_AND_LEDGER_TESTS,"Manual code read: retired model provider batch driver is documented, journaled, rate-limited, and external-service oriented. User stated retired model provider is being finished separately, so this row is reviewed but not remediated inside this pass.",Before B: hermetic CLI tests for plan/resume/retry/cost caps plus ingest golden checks against the foliage catalog.,Codex local manual review
scripts/retired_model_provider_batch_generate.py,retired model providerError,retired model providerError,494,class,script,R13_batch_generic_script_02.csv,generic,D+,WIRE_OR_DEPRECATE,missing_wiring_row,C,DEFER_RETIRED_MODEL_PROVIDER_OWNER_ADD_CLI_AND_LEDGER_TESTS,"Manual code read: retired model provider batch driver is documented, journaled, rate-limited, and external-service oriented. User stated retired model provider is being finished separately, so this row is reviewed but not remediated inside this pass.",Before B: hermetic CLI tests for plan/resume/retry/cost caps plus ingest golden checks against the foliage catalog.,Codex local manual review
scripts/retired_model_provider_batch_generate.py,retired model providerInsufficientCredit,retired model providerInsufficientCredit,498,class,script,R13_batch_generic_script_02.csv,generic,D+,WIRE_OR_DEPRECATE,missing_wiring_row,C,DEFER_RETIRED_MODEL_PROVIDER_OWNER_ADD_CLI_AND_LEDGER_TESTS,"Manual code read: retired model provider batch driver is documented, journaled, rate-limited, and external-service oriented. User stated retired model provider is being finished separately, so this row is reviewed but not remediated inside this pass.",Before B: hermetic CLI tests for plan/resume/retry/cost caps plus ingest golden checks against the foliage catalog.,Codex local manual review
scripts/retired_model_provider_batch_generate.py,_default_http,_default_http,505,function,script,R13_batch_generic_script_02.csv,generic,D+,WIRE_OR_DEPRECATE,missing_wiring_row,C,DEFER_RETIRED_MODEL_PROVIDER_OWNER_ADD_CLI_AND_LEDGER_TESTS,"Manual code read: retired model provider batch driver is documented, journaled, rate-limited, and external-service oriented. User stated retired model provider is being finished separately, so this row is reviewed but not remediated inside this pass.",Before B: hermetic CLI tests for plan/resume/retry/cost caps plus ingest golden checks against the foliage catalog.,Codex local manual review
scripts/retired_model_provider_batch_generate.py,retired model providerClient,retired model providerClient,526,class,script,R13_batch_generic_script_02.csv,generic,D+,WIRE_OR_DEPRECATE,missing_wiring_row,C,DEFER_RETIRED_MODEL_PROVIDER_OWNER_ADD_CLI_AND_LEDGER_TESTS,"Manual code read: retired model provider batch driver is documented, journaled, rate-limited, and external-service oriented. User stated retired model provider is being finished separately, so this row is reviewed but not remediated inside this pass.",Before B: hermetic CLI tests for plan/resume/retry/cost caps plus ingest golden checks against the foliage catalog.,Codex local manual review
scripts/retired_model_provider_batch_generate.py,retired model providerClient.__init__,__init__,527,method,script,R13_batch_generic_script_02.csv,generic,D+,WIRE_OR_DEPRECATE,missing_wiring_row,C,DEFER_RETIRED_MODEL_PROVIDER_OWNER_ADD_CLI_AND_LEDGER_TESTS,"Manual code read: retired model provider batch driver is documented, journaled, rate-limited, and external-service oriented. User stated retired model provider is being finished separately, so this row is reviewed but not remediated inside this pass.",Before B: hermetic CLI tests for plan/resume/retry/cost caps plus ingest golden checks against the foliage catalog.,Codex local manual review
scripts/retired_model_provider_batch_generate.py,retired model providerClient._headers,_headers,546,method,script,R13_batch_generic_script_02.csv,generic,D+,WIRE_OR_DEPRECATE,missing_wiring_row,C,DEFER_RETIRED_MODEL_PROVIDER_OWNER_ADD_CLI_AND_LEDGER_TESTS,"Manual code read: retired model provider batch driver is documented, journaled, rate-limited, and external-service oriented. User stated retired model provider is being finished separately, so this row is reviewed but not remediated inside this pass.",Before B: hermetic CLI tests for plan/resume/retry/cost caps plus ingest golden checks against the foliage catalog.,Codex local manual review
scripts/retired_model_provider_batch_generate.py,retired model providerClient._log_call,_log_call,554,method,script,R13_batch_generic_script_02.csv,generic,D+,WIRE_OR_DEPRECATE,missing_wiring_row,C,DEFER_RETIRED_MODEL_PROVIDER_OWNER_ADD_CLI_AND_LEDGER_TESTS,"Manual code read: retired model provider batch driver is documented, journaled, rate-limited, and external-service oriented. User stated retired model provider is being finished separately, so this row is reviewed but not remediated inside this pass.",Before B: hermetic CLI tests for plan/resume/retry/cost caps plus ingest golden checks against the foliage catalog.,Codex local manual review
scripts/retired_model_provider_batch_generate.py,retired model providerClient._request,_request,570,method,script,R13_batch_generic_script_02.csv,generic,D+,WIRE_OR_DEPRECATE,missing_wiring_row,C,DEFER_RETIRED_MODEL_PROVIDER_OWNER_ADD_CLI_AND_LEDGER_TESTS,"Manual code read: retired model provider batch driver is documented, journaled, rate-limited, and external-service oriented. User stated retired model provider is being finished separately, so this row is reviewed but not remediated inside this pass.",Before B: hermetic CLI tests for plan/resume/retry/cost caps plus ingest golden checks against the foliage catalog.,Codex local manual review
scripts/retired_model_provider_batch_generate.py,retired model providerClient.get_balance,get_balance,586,method,script,R13_batch_generic_script_02.csv,generic,D+,WIRE_OR_DEPRECATE,missing_wiring_row,C,DEFER_RETIRED_MODEL_PROVIDER_OWNER_ADD_CLI_AND_LEDGER_TESTS,"Manual code read: retired model provider batch driver is documented, journaled, rate-limited, and external-service oriented. User stated retired model provider is being finished separately, so this row is reviewed but not remediated inside this pass.",Before B: hermetic CLI tests for plan/resume/retry/cost caps plus ingest golden checks against the foliage catalog.,Codex local manual review
scripts/retired_model_provider_batch_generate.py,retired model providerClient.create_text_to_model,create_text_to_model,591,method,script,R13_batch_generic_script_02.csv,generic,D+,WIRE_OR_DEPRECATE,missing_wiring_row,C,DEFER_RETIRED_MODEL_PROVIDER_OWNER_ADD_CLI_AND_LEDGER_TESTS,"Manual code read: retired model provider batch driver is documented, journaled, rate-limited, and external-service oriented. User stated retired model provider is being finished separately, so this row is reviewed but not remediated inside this pass.",Before B: hermetic CLI tests for plan/resume/retry/cost caps plus ingest golden checks against the foliage catalog.,Codex local manual review
scripts/retired_model_provider_batch_generate.py,retired model providerClient.get_task,get_task,617,method,script,R13_batch_generic_script_02.csv,generic,D+,WIRE_OR_DEPRECATE,missing_wiring_row,C,DEFER_RETIRED_MODEL_PROVIDER_OWNER_ADD_CLI_AND_LEDGER_TESTS,"Manual code read: retired model provider batch driver is documented, journaled, rate-limited, and external-service oriented. User stated retired model provider is being finished separately, so this row is reviewed but not remediated inside this pass.",Before B: hermetic CLI tests for plan/resume/retry/cost caps plus ingest golden checks against the foliage catalog.,Codex local manual review
scripts/retired_model_provider_batch_generate.py,retired model providerStudioBackend,retired model providerStudioBackend,623,class,script,R13_batch_generic_script_02.csv,generic,D+,WIRE_OR_DEPRECATE,missing_wiring_row,C,DEFER_RETIRED_MODEL_PROVIDER_OWNER_ADD_CLI_AND_LEDGER_TESTS,"Manual code read: retired model provider batch driver is documented, journaled, rate-limited, and external-service oriented. User stated retired model provider is being finished separately, so this row is reviewed but not remediated inside this pass.",Before B: hermetic CLI tests for plan/resume/retry/cost caps plus ingest golden checks against the foliage catalog.,Codex local manual review
scripts/retired_model_provider_batch_generate.py,retired model providerStudioBackend.__init__,__init__,643,method,script,R13_batch_generic_script_02.csv,generic,D+,WIRE_OR_DEPRECATE,missing_wiring_row,C,DEFER_RETIRED_MODEL_PROVIDER_OWNER_ADD_CLI_AND_LEDGER_TESTS,"Manual code read: retired model provider batch driver is documented, journaled, rate-limited, and external-service oriented. User stated retired model provider is being finished separately, so this row is reviewed but not remediated inside this pass.",Before B: hermetic CLI tests for plan/resume/retry/cost caps plus ingest golden checks against the foliage catalog.,Codex local manual review
scripts/retired_model_provider_batch_generate.py,retired model providerStudioBackend._run,_run,693,method,script,R13_batch_generic_script_02.csv,generic,D+,WIRE_OR_DEPRECATE,missing_wiring_row,C,DEFER_RETIRED_MODEL_PROVIDER_OWNER_ADD_CLI_AND_LEDGER_TESTS,"Manual code read: retired model provider batch driver is documented, journaled, rate-limited, and external-service oriented. User stated retired model provider is being finished separately, so this row is reviewed but not remediated inside this pass.",Before B: hermetic CLI tests for plan/resume/retry/cost caps plus ingest golden checks against the foliage catalog.,Codex local manual review
scripts/retired_model_provider_batch_generate.py,retired model providerStudioBackend._log,_log,697,method,script,R13_batch_generic_script_02.csv,generic,D+,WIRE_OR_DEPRECATE,missing_wiring_row,C,DEFER_RETIRED_MODEL_PROVIDER_OWNER_ADD_CLI_AND_LEDGER_TESTS,"Manual code read: retired model provider batch driver is documented, journaled, rate-limited, and external-service oriented. User stated retired model provider is being finished separately, so this row is reviewed but not remediated inside this pass.",Before B: hermetic CLI tests for plan/resume/retry/cost caps plus ingest golden checks against the foliage catalog.,Codex local manual review
scripts/retired_model_provider_batch_generate.py,retired model providerStudioBackend.get_balance,get_balance,714,method,script,R13_batch_generic_script_02.csv,generic,D+,WIRE_OR_DEPRECATE,missing_wiring_row,C,DEFER_RETIRED_MODEL_PROVIDER_OWNER_ADD_CLI_AND_LEDGER_TESTS,"Manual code read: retired model provider batch driver is documented, journaled, rate-limited, and external-service oriented. User stated retired model provider is being finished separately, so this row is reviewed but not remediated inside this pass.",Before B: hermetic CLI tests for plan/resume/retry/cost caps plus ingest golden checks against the foliage catalog.,Codex local manual review
scripts/retired_model_provider_batch_generate.py,retired model providerStudioBackend.create_text_to_model,create_text_to_model,739,method,script,R13_batch_generic_script_02.csv,generic,D+,WIRE_OR_DEPRECATE,missing_wiring_row,C,DEFER_RETIRED_MODEL_PROVIDER_OWNER_ADD_CLI_AND_LEDGER_TESTS,"Manual code read: retired model provider batch driver is documented, journaled, rate-limited, and external-service oriented. User stated retired model provider is being finished separately, so this row is reviewed but not remediated inside this pass.",Before B: hermetic CLI tests for plan/resume/retry/cost caps plus ingest golden checks against the foliage catalog.,Codex local manual review
scripts/retired_model_provider_batch_generate.py,retired model providerStudioBackend.get_task,get_task,787,method,script,R13_batch_generic_script_02.csv,generic,D+,WIRE_OR_DEPRECATE,missing_wiring_row,C,DEFER_RETIRED_MODEL_PROVIDER_OWNER_ADD_CLI_AND_LEDGER_TESTS,"Manual code read: retired model provider batch driver is documented, journaled, rate-limited, and external-service oriented. User stated retired model provider is being finished separately, so this row is reviewed but not remediated inside this pass.",Before B: hermetic CLI tests for plan/resume/retry/cost caps plus ingest golden checks against the foliage catalog.,Codex local manual review
scripts/retired_model_provider_batch_generate.py,_truncate,_truncate,817,function,script,R13_batch_generic_script_02.csv,generic,D+,WIRE_OR_DEPRECATE,missing_wiring_row,C,DEFER_RETIRED_MODEL_PROVIDER_OWNER_ADD_CLI_AND_LEDGER_TESTS,"Manual code read: retired model provider batch driver is documented, journaled, rate-limited, and external-service oriented. User stated retired model provider is being finished separately, so this row is reviewed but not remediated inside this pass.",Before B: hermetic CLI tests for plan/resume/retry/cost caps plus ingest golden checks against the foliage catalog.,Codex local manual review
scripts/retired_model_provider_batch_generate.py,TaskRecord,TaskRecord,833,class,script,R13_batch_generic_script_02.csv,generic,D+,WIRE_OR_DEPRECATE,missing_wiring_row,C,DEFER_RETIRED_MODEL_PROVIDER_OWNER_ADD_CLI_AND_LEDGER_TESTS,"Manual code read: retired model provider batch driver is documented, journaled, rate-limited, and external-service oriented. User stated retired model provider is being finished separately, so this row is reviewed but not remediated inside this pass.",Before B: hermetic CLI tests for plan/resume/retry/cost caps plus ingest golden checks against the foliage catalog.,Codex local manual review
scripts/retired_model_provider_batch_generate.py,TaskRecord.key,key,851,method,script,R13_batch_generic_script_02.csv,generic,D+,WIRE_OR_DEPRECATE,missing_wiring_row,C,DEFER_RETIRED_MODEL_PROVIDER_OWNER_ADD_CLI_AND_LEDGER_TESTS,"Manual code read: retired model provider batch driver is documented, journaled, rate-limited, and external-service oriented. User stated retired model provider is being finished separately, so this row is reviewed but not remediated inside this pass.",Before B: hermetic CLI tests for plan/resume/retry/cost caps plus ingest golden checks against the foliage catalog.,Codex local manual review
scripts/retired_model_provider_batch_generate.py,TaskRecord.to_dict,to_dict,854,method,script,R13_batch_generic_script_02.csv,generic,D+,WIRE_OR_DEPRECATE,missing_wiring_row,C,DEFER_RETIRED_MODEL_PROVIDER_OWNER_ADD_CLI_AND_LEDGER_TESTS,"Manual code read: retired model provider batch driver is documented, journaled, rate-limited, and external-service oriented. User stated retired model provider is being finished separately, so this row is reviewed but not remediated inside this pass.",Before B: hermetic CLI tests for plan/resume/retry/cost caps plus ingest golden checks against the foliage catalog.,Codex local manual review
scripts/retired_model_provider_batch_generate.py,TaskRecord.from_dict,from_dict,858,method,script,R13_batch_generic_script_02.csv,generic,D+,WIRE_OR_DEPRECATE,missing_wiring_row,C,DEFER_RETIRED_MODEL_PROVIDER_OWNER_ADD_CLI_AND_LEDGER_TESTS,"Manual code read: retired model provider batch driver is documented, journaled, rate-limited, and external-service oriented. User stated retired model provider is being finished separately, so this row is reviewed but not remediated inside this pass.",Before B: hermetic CLI tests for plan/resume/retry/cost caps plus ingest golden checks against the foliage catalog.,Codex local manual review
scripts/retired_model_provider_batch_generate.py,Ledger,Ledger,863,class,script,R13_batch_generic_script_02.csv,generic,D+,WIRE_OR_DEPRECATE,missing_wiring_row,C,DEFER_RETIRED_MODEL_PROVIDER_OWNER_ADD_CLI_AND_LEDGER_TESTS,"Manual code read: retired model provider batch driver is documented, journaled, rate-limited, and external-service oriented. User stated retired model provider is being finished separately, so this row is reviewed but not remediated inside this pass.",Before B: hermetic CLI tests for plan/resume/retry/cost caps plus ingest golden checks against the foliage catalog.,Codex local manual review
scripts/retired_model_provider_batch_generate.py,Ledger.__init__,__init__,866,method,script,R13_batch_generic_script_02.csv,generic,D+,WIRE_OR_DEPRECATE,missing_wiring_row,C,DEFER_RETIRED_MODEL_PROVIDER_OWNER_ADD_CLI_AND_LEDGER_TESTS,"Manual code read: retired model provider batch driver is documented, journaled, rate-limited, and external-service oriented. User stated retired model provider is being finished separately, so this row is reviewed but not remediated inside this pass.",Before B: hermetic CLI tests for plan/resume/retry/cost caps plus ingest golden checks against the foliage catalog.,Codex local manual review
scripts/retired_model_provider_batch_generate.py,Ledger.load,load,872,method,script,R13_batch_generic_script_02.csv,generic,D+,WIRE_OR_DEPRECATE,missing_wiring_row,C,DEFER_RETIRED_MODEL_PROVIDER_OWNER_ADD_CLI_AND_LEDGER_TESTS,"Manual code read: retired model provider batch driver is documented, journaled, rate-limited, and external-service oriented. User stated retired model provider is being finished separately, so this row is reviewed but not remediated inside this pass.",Before B: hermetic CLI tests for plan/resume/retry/cost caps plus ingest golden checks against the foliage catalog.,Codex local manual review
scripts/retired_model_provider_batch_generate.py,Ledger.save,save,884,method,script,R13_batch_generic_script_02.csv,generic,D+,WIRE_OR_DEPRECATE,missing_wiring_row,C,DEFER_RETIRED_MODEL_PROVIDER_OWNER_ADD_CLI_AND_LEDGER_TESTS,"Manual code read: retired model provider batch driver is documented, journaled, rate-limited, and external-service oriented. User stated retired model provider is being finished separately, so this row is reviewed but not remediated inside this pass.",Before B: hermetic CLI tests for plan/resume/retry/cost caps plus ingest golden checks against the foliage catalog.,Codex local manual review
scripts/retired_model_provider_batch_generate.py,Ledger.seed_from_specs,seed_from_specs,897,method,script,R13_batch_generic_script_02.csv,generic,D+,WIRE_OR_DEPRECATE,missing_wiring_row,C,DEFER_RETIRED_MODEL_PROVIDER_OWNER_ADD_CLI_AND_LEDGER_TESTS,"Manual code read: retired model provider batch driver is documented, journaled, rate-limited, and external-service oriented. User stated retired model provider is being finished separately, so this row is reviewed but not remediated inside this pass.",Before B: hermetic CLI tests for plan/resume/retry/cost caps plus ingest golden checks against the foliage catalog.,Codex local manual review
scripts/retired_model_provider_batch_generate.py,Ledger.pending,pending,917,method,script,R13_batch_generic_script_02.csv,generic,D+,WIRE_OR_DEPRECATE,missing_wiring_row,C,DEFER_RETIRED_MODEL_PROVIDER_OWNER_ADD_CLI_AND_LEDGER_TESTS,"Manual code read: retired model provider batch driver is documented, journaled, rate-limited, and external-service oriented. User stated retired model provider is being finished separately, so this row is reviewed but not remediated inside this pass.",Before B: hermetic CLI tests for plan/resume/retry/cost caps plus ingest golden checks against the foliage catalog.,Codex local manual review
scripts/retired_model_provider_batch_generate.py,Ledger.in_flight,in_flight,920,method,script,R13_batch_generic_script_02.csv,generic,D+,WIRE_OR_DEPRECATE,missing_wiring_row,C,DEFER_RETIRED_MODEL_PROVIDER_OWNER_ADD_CLI_AND_LEDGER_TESTS,"Manual code read: retired model provider batch driver is documented, journaled, rate-limited, and external-service oriented. User stated retired model provider is being finished separately, so this row is reviewed but not remediated inside this pass.",Before B: hermetic CLI tests for plan/resume/retry/cost caps plus ingest golden checks against the foliage catalog.,Codex local manual review
scripts/retired_model_provider_batch_generate.py,Ledger.done,done,923,method,script,R13_batch_generic_script_02.csv,generic,D+,WIRE_OR_DEPRECATE,missing_wiring_row,C,DEFER_RETIRED_MODEL_PROVIDER_OWNER_ADD_CLI_AND_LEDGER_TESTS,"Manual code read: retired model provider batch driver is documented, journaled, rate-limited, and external-service oriented. User stated retired model provider is being finished separately, so this row is reviewed but not remediated inside this pass.",Before B: hermetic CLI tests for plan/resume/retry/cost caps plus ingest golden checks against the foliage catalog.,Codex local manual review
scripts/retired_model_provider_batch_generate.py,Ledger.failed,failed,926,method,script,R13_batch_generic_script_02.csv,generic,D+,WIRE_OR_DEPRECATE,missing_wiring_row,C,DEFER_RETIRED_MODEL_PROVIDER_OWNER_ADD_CLI_AND_LEDGER_TESTS,"Manual code read: retired model provider batch driver is documented, journaled, rate-limited, and external-service oriented. User stated retired model provider is being finished separately, so this row is reviewed but not remediated inside this pass.",Before B: hermetic CLI tests for plan/resume/retry/cost caps plus ingest golden checks against the foliage catalog.,Codex local manual review
scripts/retired_model_provider_batch_generate.py,Ledger.touch,touch,929,method,script,R13_batch_generic_script_02.csv,generic,D+,WIRE_OR_DEPRECATE,missing_wiring_row,C,DEFER_RETIRED_MODEL_PROVIDER_OWNER_ADD_CLI_AND_LEDGER_TESTS,"Manual code read: retired model provider batch driver is documented, journaled, rate-limited, and external-service oriented. User stated retired model provider is being finished separately, so this row is reviewed but not remediated inside this pass.",Before B: hermetic CLI tests for plan/resume/retry/cost caps plus ingest golden checks against the foliage catalog.,Codex local manual review
scripts/retired_model_provider_batch_generate.py,DriverConfig,DriverConfig,947,class,script,R13_batch_generic_script_02.csv,generic,D+,WIRE_OR_DEPRECATE,missing_wiring_row,C,DEFER_RETIRED_MODEL_PROVIDER_OWNER_ADD_CLI_AND_LEDGER_TESTS,"Manual code read: retired model provider batch driver is documented, journaled, rate-limited, and external-service oriented. User stated retired model provider is being finished separately, so this row is reviewed but not remediated inside this pass.",Before B: hermetic CLI tests for plan/resume/retry/cost caps plus ingest golden checks against the foliage catalog.,Codex local manual review
scripts/retired_model_provider_batch_generate.py,DriverHooks,DriverHooks,965,class,script,R13_batch_generic_script_02.csv,generic,D+,WIRE_OR_DEPRECATE,missing_wiring_row,C,DEFER_RETIRED_MODEL_PROVIDER_OWNER_ADD_CLI_AND_LEDGER_TESTS,"Manual code read: retired model provider batch driver is documented, journaled, rate-limited, and external-service oriented. User stated retired model provider is being finished separately, so this row is reviewed but not remediated inside this pass.",Before B: hermetic CLI tests for plan/resume/retry/cost caps plus ingest golden checks against the foliage catalog.,Codex local manual review
scripts/retired_model_provider_batch_generate.py,_default_download,_default_download,971,function,script,R13_batch_generic_script_02.csv,generic,D+,WIRE_OR_DEPRECATE,missing_wiring_row,C,DEFER_RETIRED_MODEL_PROVIDER_OWNER_ADD_CLI_AND_LEDGER_TESTS,"Manual code read: retired model provider batch driver is documented, journaled, rate-limited, and external-service oriented. User stated retired model provider is being finished separately, so this row is reviewed but not remediated inside this pass.",Before B: hermetic CLI tests for plan/resume/retry/cost caps plus ingest golden checks against the foliage catalog.,Codex local manual review
scripts/retired_model_provider_batch_generate.py,retired model providerBatchDriver,retired model providerBatchDriver,980,class,script,R13_batch_generic_script_02.csv,generic,D+,WIRE_OR_DEPRECATE,missing_wiring_row,C,DEFER_RETIRED_MODEL_PROVIDER_OWNER_ADD_CLI_AND_LEDGER_TESTS,"Manual code read: retired model provider batch driver is documented, journaled, rate-limited, and external-service oriented. User stated retired model provider is being finished separately, so this row is reviewed but not remediated inside this pass.",Before B: hermetic CLI tests for plan/resume/retry/cost caps plus ingest golden checks against the foliage catalog.,Codex local manual review
scripts/retired_model_provider_batch_generate.py,retired model providerBatchDriver.__init__,__init__,981,method,script,R13_batch_generic_script_02.csv,generic,D+,WIRE_OR_DEPRECATE,missing_wiring_row,C,DEFER_RETIRED_MODEL_PROVIDER_OWNER_ADD_CLI_AND_LEDGER_TESTS,"Manual code read: retired model provider batch driver is documented, journaled, rate-limited, and external-service oriented. User stated retired model provider is being finished separately, so this row is reviewed but not remediated inside this pass.",Before B: hermetic CLI tests for plan/resume/retry/cost caps plus ingest golden checks against the foliage catalog.,Codex local manual review
scripts/retired_model_provider_batch_generate.py,retired model providerBatchDriver.plan,plan,1004,method,script,R13_batch_generic_script_02.csv,generic,D+,WIRE_OR_DEPRECATE,missing_wiring_row,C,DEFER_RETIRED_MODEL_PROVIDER_OWNER_ADD_CLI_AND_LEDGER_TESTS,"Manual code read: retired model provider batch driver is documented, journaled, rate-limited, and external-service oriented. User stated retired model provider is being finished separately, so this row is reviewed but not remediated inside this pass.",Before B: hermetic CLI tests for plan/resume/retry/cost caps plus ingest golden checks against the foliage catalog.,Codex local manual review
scripts/retired_model_provider_batch_generate.py,retired model providerBatchDriver.pre_flight,pre_flight,1018,method,script,R13_batch_generic_script_02.csv,generic,D+,WIRE_OR_DEPRECATE,missing_wiring_row,C,DEFER_RETIRED_MODEL_PROVIDER_OWNER_ADD_CLI_AND_LEDGER_TESTS,"Manual code read: retired model provider batch driver is documented, journaled, rate-limited, and external-service oriented. User stated retired model provider is being finished separately, so this row is reviewed but not remediated inside this pass.",Before B: hermetic CLI tests for plan/resume/retry/cost caps plus ingest golden checks against the foliage catalog.,Codex local manual review
scripts/retired_model_provider_batch_generate.py,retired model providerBatchDriver.run,run,1050,method,script,R13_batch_generic_script_02.csv,generic,D+,WIRE_OR_DEPRECATE,missing_wiring_row,C,DEFER_RETIRED_MODEL_PROVIDER_OWNER_ADD_CLI_AND_LEDGER_TESTS,"Manual code read: retired model provider batch driver is documented, journaled, rate-limited, and external-service oriented. User stated retired model provider is being finished separately, so this row is reviewed but not remediated inside this pass.",Before B: hermetic CLI tests for plan/resume/retry/cost caps plus ingest golden checks against the foliage catalog.,Codex local manual review
scripts/retired_model_provider_batch_generate.py,retired model providerBatchDriver._group_pending_by_prompt,_group_pending_by_prompt,1103,method,script,R13_batch_generic_script_02.csv,generic,D+,WIRE_OR_DEPRECATE,missing_wiring_row,C,DEFER_RETIRED_MODEL_PROVIDER_OWNER_ADD_CLI_AND_LEDGER_TESTS,"Manual code read: retired model provider batch driver is documented, journaled, rate-limited, and external-service oriented. User stated retired model provider is being finished separately, so this row is reviewed but not remediated inside this pass.",Before B: hermetic CLI tests for plan/resume/retry/cost caps plus ingest golden checks against the foliage catalog.,Codex local manual review
scripts/retired_model_provider_batch_generate.py,retired model providerBatchDriver._records_for_prompts,_records_for_prompts,1120,method,script,R13_batch_generic_script_02.csv,generic,D+,WIRE_OR_DEPRECATE,missing_wiring_row,C,DEFER_RETIRED_MODEL_PROVIDER_OWNER_ADD_CLI_AND_LEDGER_TESTS,"Manual code read: retired model provider batch driver is documented, journaled, rate-limited, and external-service oriented. User stated retired model provider is being finished separately, so this row is reviewed but not remediated inside this pass.",Before B: hermetic CLI tests for plan/resume/retry/cost caps plus ingest golden checks against the foliage catalog.,Codex local manual review
scripts/retired_model_provider_batch_generate.py,retired model providerBatchDriver._submit_records,_submit_records,1134,method,script,R13_batch_generic_script_02.csv,generic,D+,WIRE_OR_DEPRECATE,missing_wiring_row,C,DEFER_RETIRED_MODEL_PROVIDER_OWNER_ADD_CLI_AND_LEDGER_TESTS,"Manual code read: retired model provider batch driver is documented, journaled, rate-limited, and external-service oriented. User stated retired model provider is being finished separately, so this row is reviewed but not remediated inside this pass.",Before B: hermetic CLI tests for plan/resume/retry/cost caps plus ingest golden checks against the foliage catalog.,Codex local manual review
scripts/retired_model_provider_batch_generate.py,retired model providerBatchDriver._drain_in_flight,_drain_in_flight,1173,method,script,R13_batch_generic_script_02.csv,generic,D+,WIRE_OR_DEPRECATE,missing_wiring_row,C,DEFER_RETIRED_MODEL_PROVIDER_OWNER_ADD_CLI_AND_LEDGER_TESTS,"Manual code read: retired model provider batch driver is documented, journaled, rate-limited, and external-service oriented. User stated retired model provider is being finished separately, so this row is reviewed but not remediated inside this pass.",Before B: hermetic CLI tests for plan/resume/retry/cost caps plus ingest golden checks against the foliage catalog.,Codex local manual review
scripts/retired_model_provider_batch_generate.py,retired model providerBatchDriver._download_successes,_download_successes,1223,method,script,R13_batch_generic_script_02.csv,generic,D+,WIRE_OR_DEPRECATE,missing_wiring_row,C,DEFER_RETIRED_MODEL_PROVIDER_OWNER_ADD_CLI_AND_LEDGER_TESTS,"Manual code read: retired model provider batch driver is documented, journaled, rate-limited, and external-service oriented. User stated retired model provider is being finished separately, so this row is reviewed but not remediated inside this pass.",Before B: hermetic CLI tests for plan/resume/retry/cost caps plus ingest golden checks against the foliage catalog.,Codex local manual review
scripts/retired_model_provider_batch_generate.py,_build_parser,_build_parser,1248,function,script,R13_batch_generic_script_02.csv,generic,D+,WIRE_OR_DEPRECATE,missing_wiring_row,C,DEFER_RETIRED_MODEL_PROVIDER_OWNER_ADD_CLI_AND_LEDGER_TESTS,"Manual code read: retired model provider batch driver is documented, journaled, rate-limited, and external-service oriented. User stated retired model provider is being finished separately, so this row is reviewed but not remediated inside this pass.",Before B: hermetic CLI tests for plan/resume/retry/cost caps plus ingest golden checks against the foliage catalog.,Codex local manual review
scripts/retired_model_provider_batch_generate.py,_load_env_file,_load_env_file,1297,function,script,R13_batch_generic_script_02.csv,generic,D+,WIRE_OR_DEPRECATE,missing_wiring_row,C,DEFER_RETIRED_MODEL_PROVIDER_OWNER_ADD_CLI_AND_LEDGER_TESTS,"Manual code read: retired model provider batch driver is documented, journaled, rate-limited, and external-service oriented. User stated retired model provider is being finished separately, so this row is reviewed but not remediated inside this pass.",Before B: hermetic CLI tests for plan/resume/retry/cost caps plus ingest golden checks against the foliage catalog.,Codex local manual review
scripts/retired_model_provider_batch_generate.py,_run_ingest,_run_ingest,1322,function,script,R13_batch_generic_script_02.csv,generic,D+,WIRE_OR_DEPRECATE,missing_wiring_row,C,DEFER_RETIRED_MODEL_PROVIDER_OWNER_ADD_CLI_AND_LEDGER_TESTS,"Manual code read: retired model provider batch driver is documented, journaled, rate-limited, and external-service oriented. User stated retired model provider is being finished separately, so this row is reviewed but not remediated inside this pass.",Before B: hermetic CLI tests for plan/resume/retry/cost caps plus ingest golden checks against the foliage catalog.,Codex local manual review
scripts/retired_model_provider_batch_generate.py,main,main,1343,function,script,R13_batch_generic_script_02.csv,generic,D+,WIRE_OR_DEPRECATE,missing_wiring_row,C,DEFER_RETIRED_MODEL_PROVIDER_OWNER_ADD_CLI_AND_LEDGER_TESTS,"Manual code read: retired model provider batch driver is documented, journaled, rate-limited, and external-service oriented. User stated retired model provider is being finished separately, so this row is reviewed but not remediated inside this pass.",Before B: hermetic CLI tests for plan/resume/retry/cost caps plus ingest golden checks against the foliage catalog.,Codex local manual review
veilbreakers_terrain/procedural_meshes.py,_grid_vector_xyz,_grid_vector_xyz,69,function,runtime_other,R13_batch_generic_other_01.csv,generic,D+,WIRE_OR_DEPRECATE,missing_wiring_row,D+,RELOCATE_OR_ADD_HELPER_CONTRACT_TESTS,"Manual code read: procedural_meshes.py is imported by handlers/_mesh_bridge.py and then used by scatter/prop maps, while repo docs already mark it as non-terrain scope contamination. Prior deep-dive notes also list shape/UV/topology bugs in this library.",Private MeshSpec helper in a 22k-line prop library; no per-helper terrain runtime wiring row or direct visual/contract proof.,Codex local manual review
veilbreakers_terrain/procedural_meshes.py,_detect_grid_dims_from_vertices,_detect_grid_dims_from_vertices,80,function,runtime_other,R13_batch_generic_other_01.csv,generic,D+,WIRE_OR_DEPRECATE,missing_wiring_row,D+,RELOCATE_OR_ADD_HELPER_CONTRACT_TESTS,"Manual code read: procedural_meshes.py is imported by handlers/_mesh_bridge.py and then used by scatter/prop maps, while repo docs already mark it as non-terrain scope contamination. Prior deep-dive notes also list shape/UV/topology bugs in this library.",Private MeshSpec helper in a 22k-line prop library; no per-helper terrain runtime wiring row or direct visual/contract proof.,Codex local manual review
veilbreakers_terrain/procedural_meshes.py,_detect_grid_dims,_detect_grid_dims,96,function,runtime_other,R13_batch_generic_other_01.csv,generic,D+,WIRE_OR_DEPRECATE,missing_wiring_row,D+,RELOCATE_OR_ADD_HELPER_CONTRACT_TESTS,"Manual code read: procedural_meshes.py is imported by handlers/_mesh_bridge.py and then used by scatter/prop maps, while repo docs already mark it as non-terrain scope contamination. Prior deep-dive notes also list shape/UV/topology bugs in this library.",Private MeshSpec helper in a 22k-line prop library; no per-helper terrain runtime wiring row or direct visual/contract proof.,Codex local manual review
veilbreakers_terrain/procedural_meshes.py,_get_trig_table,_get_trig_table,119,function,runtime_other,R13_batch_generic_other_01.csv,generic,D+,WIRE_OR_DEPRECATE,missing_wiring_row,D+,RELOCATE_OR_ADD_HELPER_CONTRACT_TESTS,"Manual code read: procedural_meshes.py is imported by handlers/_mesh_bridge.py and then used by scatter/prop maps, while repo docs already mark it as non-terrain scope contamination. Prior deep-dive notes also list shape/UV/topology bugs in this library.",Private MeshSpec helper in a 22k-line prop library; no per-helper terrain runtime wiring row or direct visual/contract proof.,Codex local manual review
veilbreakers_terrain/procedural_meshes.py,_auto_detect_sharp_edges,_auto_detect_sharp_edges,132,function,runtime_other,R13_batch_generic_other_01.csv,generic,D+,WIRE_OR_DEPRECATE,missing_wiring_row,D+,RELOCATE_OR_ADD_HELPER_CONTRACT_TESTS,"Manual code read: procedural_meshes.py is imported by handlers/_mesh_bridge.py and then used by scatter/prop maps, while repo docs already mark it as non-terrain scope contamination. Prior deep-dive notes also list shape/UV/topology bugs in this library.",Private MeshSpec helper in a 22k-line prop library; no per-helper terrain runtime wiring row or direct visual/contract proof.,Codex local manual review
veilbreakers_terrain/procedural_meshes.py,_auto_generate_box_projection_uvs,_auto_generate_box_projection_uvs,192,function,runtime_other,R13_batch_generic_other_01.csv,generic,D+,WIRE_OR_DEPRECATE,missing_wiring_row,D+,RELOCATE_OR_ADD_HELPER_CONTRACT_TESTS,"Manual code read: procedural_meshes.py is imported by handlers/_mesh_bridge.py and then used by scatter/prop maps, while repo docs already mark it as non-terrain scope contamination. Prior deep-dive notes also list shape/UV/topology bugs in this library.",Private MeshSpec helper in a 22k-line prop library; no per-helper terrain runtime wiring row or direct visual/contract proof.,Codex local manual review
veilbreakers_terrain/procedural_meshes.py,_make_result,_make_result,233,function,runtime_other,R13_batch_generic_other_01.csv,generic,D+,WIRE_OR_DEPRECATE,missing_wiring_row,D+,RELOCATE_OR_ADD_HELPER_CONTRACT_TESTS,"Manual code read: procedural_meshes.py is imported by handlers/_mesh_bridge.py and then used by scatter/prop maps, while repo docs already mark it as non-terrain scope contamination. Prior deep-dive notes also list shape/UV/topology bugs in this library.",Private MeshSpec helper in a 22k-line prop library; no per-helper terrain runtime wiring row or direct visual/contract proof.,Codex local manual review
veilbreakers_terrain/procedural_meshes.py,_alias_generator_category,_alias_generator_category,282,function,runtime_other,R13_batch_generic_other_01.csv,generic,D+,WIRE_OR_DEPRECATE,missing_wiring_row,D+,RELOCATE_OR_ADD_HELPER_CONTRACT_TESTS,"Manual code read: procedural_meshes.py is imported by handlers/_mesh_bridge.py and then used by scatter/prop maps, while repo docs already mark it as non-terrain scope contamination. Prior deep-dive notes also list shape/UV/topology bugs in this library.",Private MeshSpec helper in a 22k-line prop library; no per-helper terrain runtime wiring row or direct visual/contract proof.,Codex local manual review
veilbreakers_terrain/procedural_meshes.py,_alias_generator_category._wrapped,_wrapped,289,nested_function,runtime_other,R13_batch_generic_other_01.csv,generic,D+,WIRE_OR_DEPRECATE,missing_wiring_row,D+,RELOCATE_OR_ADD_HELPER_CONTRACT_TESTS,"Manual code read: procedural_meshes.py is imported by handlers/_mesh_bridge.py and then used by scatter/prop maps, while repo docs already mark it as non-terrain scope contamination. Prior deep-dive notes also list shape/UV/topology bugs in this library.",Private MeshSpec helper in a 22k-line prop library; no per-helper terrain runtime wiring row or direct visual/contract proof.,Codex local manual review
veilbreakers_terrain/procedural_meshes.py,_GeneratorRegistry,_GeneratorRegistry,300,class,runtime_other,R13_batch_generic_other_01.csv,generic,D+,WIRE_OR_DEPRECATE,missing_wiring_row,D+,RELOCATE_OR_ADD_HELPER_CONTRACT_TESTS,"Manual code read: procedural_meshes.py is imported by handlers/_mesh_bridge.py and then used by scatter/prop maps, while repo docs already mark it as non-terrain scope contamination. Prior deep-dive notes also list shape/UV/topology bugs in this library.",Private MeshSpec helper in a 22k-line prop library; no per-helper terrain runtime wiring row or direct visual/contract proof.,Codex local manual review
veilbreakers_terrain/procedural_meshes.py,_GeneratorRegistry.__init__,__init__,303,nested_function,runtime_other,R13_batch_generic_other_01.csv,generic,D+,WIRE_OR_DEPRECATE,missing_wiring_row,D+,RELOCATE_OR_ADD_HELPER_CONTRACT_TESTS,"Manual code read: procedural_meshes.py is imported by handlers/_mesh_bridge.py and then used by scatter/prop maps, while repo docs already mark it as non-terrain scope contamination. Prior deep-dive notes also list shape/UV/topology bugs in this library.",Private MeshSpec helper in a 22k-line prop library; no per-helper terrain runtime wiring row or direct visual/contract proof.,Codex local manual review
veilbreakers_terrain/procedural_meshes.py,_GeneratorRegistry.__contains__,__contains__,312,nested_function,runtime_other,R13_batch_generic_other_01.csv,generic,D+,WIRE_OR_DEPRECATE,missing_wiring_row,D+,RELOCATE_OR_ADD_HELPER_CONTRACT_TESTS,"Manual code read: procedural_meshes.py is imported by handlers/_mesh_bridge.py and then used by scatter/prop maps, while repo docs already mark it as non-terrain scope contamination. Prior deep-dive notes also list shape/UV/topology bugs in this library.",Private MeshSpec helper in a 22k-line prop library; no per-helper terrain runtime wiring row or direct visual/contract proof.,Codex local manual review
veilbreakers_terrain/procedural_meshes.py,_GeneratorRegistry.__getitem__,__getitem__,317,nested_function,runtime_other,R13_batch_generic_other_01.csv,generic,D+,WIRE_OR_DEPRECATE,missing_wiring_row,D+,RELOCATE_OR_ADD_HELPER_CONTRACT_TESTS,"Manual code read: procedural_meshes.py is imported by handlers/_mesh_bridge.py and then used by scatter/prop maps, while repo docs already mark it as non-terrain scope contamination. Prior deep-dive notes also list shape/UV/topology bugs in this library.",Private MeshSpec helper in a 22k-line prop library; no per-helper terrain runtime wiring row or direct visual/contract proof.,Codex local manual review
veilbreakers_terrain/procedural_meshes.py,_compute_dimensions,_compute_dimensions,335,function,runtime_other,R13_batch_generic_other_01.csv,generic,D+,WIRE_OR_DEPRECATE,missing_wiring_row,D+,RELOCATE_OR_ADD_HELPER_CONTRACT_TESTS,"Manual code read: procedural_meshes.py is imported by handlers/_mesh_bridge.py and then used by scatter/prop maps, while repo docs already mark it as non-terrain scope contamination. Prior deep-dive notes also list shape/UV/topology bugs in this library.",Private MeshSpec helper in a 22k-line prop library; no per-helper terrain runtime wiring row or direct visual/contract proof.,Codex local manual review
veilbreakers_terrain/procedural_meshes.py,_circle_points,_circle_points,370,function,runtime_other,R13_batch_generic_other_01.csv,generic,D+,WIRE_OR_DEPRECATE,missing_wiring_row,D+,RELOCATE_OR_ADD_HELPER_CONTRACT_TESTS,"Manual code read: procedural_meshes.py is imported by handlers/_mesh_bridge.py and then used by scatter/prop maps, while repo docs already mark it as non-terrain scope contamination. Prior deep-dive notes also list shape/UV/topology bugs in this library.",Private MeshSpec helper in a 22k-line prop library; no per-helper terrain runtime wiring row or direct visual/contract proof.,Codex local manual review
veilbreakers_terrain/procedural_meshes.py,_make_box,_make_box,400,function,runtime_other,R13_batch_generic_other_01.csv,generic,D+,WIRE_OR_DEPRECATE,missing_wiring_row,D+,RELOCATE_OR_ADD_HELPER_CONTRACT_TESTS,"Manual code read: procedural_meshes.py is imported by handlers/_mesh_bridge.py and then used by scatter/prop maps, while repo docs already mark it as non-terrain scope contamination. Prior deep-dive notes also list shape/UV/topology bugs in this library.",Private MeshSpec helper in a 22k-line prop library; no per-helper terrain runtime wiring row or direct visual/contract proof.,Codex local manual review
veilbreakers_terrain/procedural_meshes.py,_make_cylinder,_make_cylinder,432,function,runtime_other,R13_batch_generic_other_01.csv,generic,D+,WIRE_OR_DEPRECATE,missing_wiring_row,D+,RELOCATE_OR_ADD_HELPER_CONTRACT_TESTS,"Manual code read: procedural_meshes.py is imported by handlers/_mesh_bridge.py and then used by scatter/prop maps, while repo docs already mark it as non-terrain scope contamination. Prior deep-dive notes also list shape/UV/topology bugs in this library.",Private MeshSpec helper in a 22k-line prop library; no per-helper terrain runtime wiring row or direct visual/contract proof.,Codex local manual review
veilbreakers_terrain/procedural_meshes.py,_make_cone,_make_cone,473,function,runtime_other,R13_batch_generic_other_01.csv,generic,D+,WIRE_OR_DEPRECATE,missing_wiring_row,D+,RELOCATE_OR_ADD_HELPER_CONTRACT_TESTS,"Manual code read: procedural_meshes.py is imported by handlers/_mesh_bridge.py and then used by scatter/prop maps, while repo docs already mark it as non-terrain scope contamination. Prior deep-dive notes also list shape/UV/topology bugs in this library.",Private MeshSpec helper in a 22k-line prop library; no per-helper terrain runtime wiring row or direct visual/contract proof.,Codex local manual review
veilbreakers_terrain/procedural_meshes.py,_make_torus_ring,_make_torus_ring,503,function,runtime_other,R13_batch_generic_other_01.csv,generic,D+,WIRE_OR_DEPRECATE,missing_wiring_row,D+,RELOCATE_OR_ADD_HELPER_CONTRACT_TESTS,"Manual code read: procedural_meshes.py is imported by handlers/_mesh_bridge.py and then used by scatter/prop maps, while repo docs already mark it as non-terrain scope contamination. Prior deep-dive notes also list shape/UV/topology bugs in this library.",Private MeshSpec helper in a 22k-line prop library; no per-helper terrain runtime wiring row or direct visual/contract proof.,Codex local manual review
veilbreakers_terrain/procedural_meshes.py,_make_tapered_cylinder,_make_tapered_cylinder,544,function,runtime_other,R13_batch_generic_other_01.csv,generic,D+,WIRE_OR_DEPRECATE,missing_wiring_row,D+,RELOCATE_OR_ADD_HELPER_CONTRACT_TESTS,"Manual code read: procedural_meshes.py is imported by handlers/_mesh_bridge.py and then used by scatter/prop maps, while repo docs already mark it as non-terrain scope contamination. Prior deep-dive notes also list shape/UV/topology bugs in this library.",Private MeshSpec helper in a 22k-line prop library; no per-helper terrain runtime wiring row or direct visual/contract proof.,Codex local manual review
veilbreakers_terrain/procedural_meshes.py,_make_beveled_box,_make_beveled_box,588,function,runtime_other,R13_batch_generic_other_01.csv,generic,D+,WIRE_OR_DEPRECATE,missing_wiring_row,D+,RELOCATE_OR_ADD_HELPER_CONTRACT_TESTS,"Manual code read: procedural_meshes.py is imported by handlers/_mesh_bridge.py and then used by scatter/prop maps, while repo docs already mark it as non-terrain scope contamination. Prior deep-dive notes also list shape/UV/topology bugs in this library.",Private MeshSpec helper in a 22k-line prop library; no per-helper terrain runtime wiring row or direct visual/contract proof.,Codex local manual review
veilbreakers_terrain/procedural_meshes.py,_make_beveled_box._bevel_edge,_bevel_edge,669,nested_function,runtime_other,R13_batch_generic_other_01.csv,generic,D+,WIRE_OR_DEPRECATE,missing_wiring_row,D+,RELOCATE_OR_ADD_HELPER_CONTRACT_TESTS,"Manual code read: procedural_meshes.py is imported by handlers/_mesh_bridge.py and then used by scatter/prop maps, while repo docs already mark it as non-terrain scope contamination. Prior deep-dive notes also list shape/UV/topology bugs in this library.",Private MeshSpec helper in a 22k-line prop library; no per-helper terrain runtime wiring row or direct visual/contract proof.,Codex local manual review
veilbreakers_terrain/procedural_meshes.py,_enhance_mesh_detail,_enhance_mesh_detail,691,function,runtime_other,R13_batch_generic_other_01.csv,generic,D+,WIRE_OR_DEPRECATE,missing_wiring_row,D+,RELOCATE_OR_ADD_HELPER_CONTRACT_TESTS,"Manual code read: procedural_meshes.py is imported by handlers/_mesh_bridge.py and then used by scatter/prop maps, while repo docs already mark it as non-terrain scope contamination. Prior deep-dive notes also list shape/UV/topology bugs in this library.",Private MeshSpec helper in a 22k-line prop library; no per-helper terrain runtime wiring row or direct visual/contract proof.,Codex local manual review
veilbreakers_terrain/procedural_meshes.py,_merge_meshes,_merge_meshes,853,function,runtime_other,R13_batch_generic_other_01.csv,generic,D+,WIRE_OR_DEPRECATE,missing_wiring_row,D+,RELOCATE_OR_ADD_HELPER_CONTRACT_TESTS,"Manual code read: procedural_meshes.py is imported by handlers/_mesh_bridge.py and then used by scatter/prop maps, while repo docs already mark it as non-terrain scope contamination. Prior deep-dive notes also list shape/UV/topology bugs in this library.",Private MeshSpec helper in a 22k-line prop library; no per-helper terrain runtime wiring row or direct visual/contract proof.,Codex local manual review
veilbreakers_terrain/procedural_meshes.py,_make_faceted_rock_shell,_make_faceted_rock_shell,867,function,runtime_other,R13_batch_generic_other_01.csv,generic,D+,WIRE_OR_DEPRECATE,missing_wiring_row,D+,RELOCATE_OR_ADD_HELPER_CONTRACT_TESTS,"Manual code read: procedural_meshes.py is imported by handlers/_mesh_bridge.py and then used by scatter/prop maps, while repo docs already mark it as non-terrain scope contamination. Prior deep-dive notes also list shape/UV/topology bugs in this library.",Private MeshSpec helper in a 22k-line prop library; no per-helper terrain runtime wiring row or direct visual/contract proof.,Codex local manual review
veilbreakers_terrain/procedural_meshes.py,_make_sphere,_make_sphere,959,function,runtime_other,R13_batch_generic_other_01.csv,generic,D+,WIRE_OR_DEPRECATE,missing_wiring_row,D+,RELOCATE_OR_ADD_HELPER_CONTRACT_TESTS,"Manual code read: procedural_meshes.py is imported by handlers/_mesh_bridge.py and then used by scatter/prop maps, while repo docs already mark it as non-terrain scope contamination. Prior deep-dive notes also list shape/UV/topology bugs in this library.",Private MeshSpec helper in a 22k-line prop library; no per-helper terrain runtime wiring row or direct visual/contract proof.,Codex local manual review
veilbreakers_terrain/procedural_meshes.py,_make_lathe,_make_lathe,1010,function,runtime_other,R13_batch_generic_other_01.csv,generic,D+,WIRE_OR_DEPRECATE,missing_wiring_row,D+,RELOCATE_OR_ADD_HELPER_CONTRACT_TESTS,"Manual code read: procedural_meshes.py is imported by handlers/_mesh_bridge.py and then used by scatter/prop maps, while repo docs already mark it as non-terrain scope contamination. Prior deep-dive notes also list shape/UV/topology bugs in this library.",Private MeshSpec helper in a 22k-line prop library; no per-helper terrain runtime wiring row or direct visual/contract proof.,Codex local manual review
veilbreakers_terrain/procedural_meshes.py,_make_profile_extrude,_make_profile_extrude,1048,function,runtime_other,R13_batch_generic_other_01.csv,generic,D+,WIRE_OR_DEPRECATE,missing_wiring_row,D+,RELOCATE_OR_ADD_HELPER_CONTRACT_TESTS,"Manual code read: procedural_meshes.py is imported by handlers/_mesh_bridge.py and then used by scatter/prop maps, while repo docs already mark it as non-terrain scope contamination. Prior deep-dive notes also list shape/UV/topology bugs in this library.",Private MeshSpec helper in a 22k-line prop library; no per-helper terrain runtime wiring row or direct visual/contract proof.,Codex local manual review
veilbreakers_terrain/procedural_meshes.py,generate_table_mesh,generate_table_mesh,1089,function,runtime_other,R13_batch_generic_other_01.csv,generic,D+,WIRE_OR_DEPRECATE,missing_wiring_row,C,RELOCATE_ASSET_LIBRARY_OR_PROVE_SCATTER_RENDER_PATH,"Manual code read: procedural_meshes.py is imported by handlers/_mesh_bridge.py and then used by scatter/prop maps, while repo docs already mark it as non-terrain scope contamination. Prior deep-dive notes also list shape/UV/topology bugs in this library.","Pure prop MeshSpec generator, not a terrain generator. Some outputs are reachable through _mesh_bridge maps, but no row-level terrain placement, LOD, material, or screenshot proof exists.",Codex local manual review
veilbreakers_terrain/procedural_meshes.py,generate_chair_mesh,generate_chair_mesh,1202,function,runtime_other,R13_batch_generic_other_01.csv,generic,D+,WIRE_OR_DEPRECATE,missing_wiring_row,C,RELOCATE_ASSET_LIBRARY_OR_PROVE_SCATTER_RENDER_PATH,"Manual code read: procedural_meshes.py is imported by handlers/_mesh_bridge.py and then used by scatter/prop maps, while repo docs already mark it as non-terrain scope contamination. Prior deep-dive notes also list shape/UV/topology bugs in this library.","Pure prop MeshSpec generator, not a terrain generator. Some outputs are reachable through _mesh_bridge maps, but no row-level terrain placement, LOD, material, or screenshot proof exists.",Codex local manual review
veilbreakers_terrain/procedural_meshes.py,generate_shelf_mesh,generate_shelf_mesh,1307,function,runtime_other,R13_batch_generic_other_01.csv,generic,D+,WIRE_OR_DEPRECATE,missing_wiring_row,C,RELOCATE_ASSET_LIBRARY_OR_PROVE_SCATTER_RENDER_PATH,"Manual code read: procedural_meshes.py is imported by handlers/_mesh_bridge.py and then used by scatter/prop maps, while repo docs already mark it as non-terrain scope contamination. Prior deep-dive notes also list shape/UV/topology bugs in this library.","Pure prop MeshSpec generator, not a terrain generator. Some outputs are reachable through _mesh_bridge maps, but no row-level terrain placement, LOD, material, or screenshot proof exists.",Codex local manual review
veilbreakers_terrain/procedural_meshes.py,generate_chest_mesh,generate_chest_mesh,1380,function,runtime_other,R13_batch_generic_other_01.csv,generic,D+,WIRE_OR_DEPRECATE,missing_wiring_row,C,RELOCATE_ASSET_LIBRARY_OR_PROVE_SCATTER_RENDER_PATH,"Manual code read: procedural_meshes.py is imported by handlers/_mesh_bridge.py and then used by scatter/prop maps, while repo docs already mark it as non-terrain scope contamination. Prior deep-dive notes also list shape/UV/topology bugs in this library.","Pure prop MeshSpec generator, not a terrain generator. Some outputs are reachable through _mesh_bridge maps, but no row-level terrain placement, LOD, material, or screenshot proof exists.",Codex local manual review
veilbreakers_terrain/procedural_meshes.py,generate_barrel_mesh,generate_barrel_mesh,1478,function,runtime_other,R13_batch_generic_other_01.csv,generic,D+,WIRE_OR_DEPRECATE,missing_wiring_row,C,RELOCATE_ASSET_LIBRARY_OR_PROVE_SCATTER_RENDER_PATH,"Manual code read: procedural_meshes.py is imported by handlers/_mesh_bridge.py and then used by scatter/prop maps, while repo docs already mark it as non-terrain scope contamination. Prior deep-dive notes also list shape/UV/topology bugs in this library.","Pure prop MeshSpec generator, not a terrain generator. Some outputs are reachable through _mesh_bridge maps, but no row-level terrain placement, LOD, material, or screenshot proof exists.",Codex local manual review
veilbreakers_terrain/procedural_meshes.py,generate_candelabra_mesh,generate_candelabra_mesh,1528,function,runtime_other,R13_batch_generic_other_01.csv,generic,D+,WIRE_OR_DEPRECATE,missing_wiring_row,C,RELOCATE_ASSET_LIBRARY_OR_PROVE_SCATTER_RENDER_PATH,"Manual code read: procedural_meshes.py is imported by handlers/_mesh_bridge.py and then used by scatter/prop maps, while repo docs already mark it as non-terrain scope contamination. Prior deep-dive notes also list shape/UV/topology bugs in this library.","Pure prop MeshSpec generator, not a terrain generator. Some outputs are reachable through _mesh_bridge maps, but no row-level terrain placement, LOD, material, or screenshot proof exists.",Codex local manual review
veilbreakers_terrain/procedural_meshes.py,generate_bookshelf_mesh,generate_bookshelf_mesh,1640,function,runtime_other,R13_batch_generic_other_01.csv,generic,D+,WIRE_OR_DEPRECATE,missing_wiring_row,C,RELOCATE_ASSET_LIBRARY_OR_PROVE_SCATTER_RENDER_PATH,"Manual code read: procedural_meshes.py is imported by handlers/_mesh_bridge.py and then used by scatter/prop maps, while repo docs already mark it as non-terrain scope contamination. Prior deep-dive notes also list shape/UV/topology bugs in this library.","Pure prop MeshSpec generator, not a terrain generator. Some outputs are reachable through _mesh_bridge maps, but no row-level terrain placement, LOD, material, or screenshot proof exists.",Codex local manual review
veilbreakers_terrain/procedural_meshes.py,generate_rock_mesh,generate_rock_mesh,1944,function,runtime_other,R13_batch_generic_other_01.csv,generic,D+,WIRE_OR_DEPRECATE,missing_wiring_row,C,RELOCATE_ASSET_LIBRARY_OR_PROVE_SCATTER_RENDER_PATH,"Manual code read: procedural_meshes.py is imported by handlers/_mesh_bridge.py and then used by scatter/prop maps, while repo docs already mark it as non-terrain scope contamination. Prior deep-dive notes also list shape/UV/topology bugs in this library.","Pure prop MeshSpec generator, not a terrain generator. Some outputs are reachable through _mesh_bridge maps, but no row-level terrain placement, LOD, material, or screenshot proof exists.",Codex local manual review
veilbreakers_terrain/procedural_meshes.py,generate_mushroom_mesh,generate_mushroom_mesh,2102,function,runtime_other,R13_batch_generic_other_01.csv,generic,D+,WIRE_OR_DEPRECATE,missing_wiring_row,C,RELOCATE_ASSET_LIBRARY_OR_PROVE_SCATTER_RENDER_PATH,"Manual code read: procedural_meshes.py is imported by handlers/_mesh_bridge.py and then used by scatter/prop maps, while repo docs already mark it as non-terrain scope contamination. Prior deep-dive notes also list shape/UV/topology bugs in this library.","Pure prop MeshSpec generator, not a terrain generator. Some outputs are reachable through _mesh_bridge maps, but no row-level terrain placement, LOD, material, or screenshot proof exists.",Codex local manual review
veilbreakers_terrain/procedural_meshes.py,generate_root_mesh,generate_root_mesh,2230,function,runtime_other,R13_batch_generic_other_01.csv,generic,D+,WIRE_OR_DEPRECATE,missing_wiring_row,C,RELOCATE_ASSET_LIBRARY_OR_PROVE_SCATTER_RENDER_PATH,"Manual code read: procedural_meshes.py is imported by handlers/_mesh_bridge.py and then used by scatter/prop maps, while repo docs already mark it as non-terrain scope contamination. Prior deep-dive notes also list shape/UV/topology bugs in this library.","Pure prop MeshSpec generator, not a terrain generator. Some outputs are reachable through _mesh_bridge maps, but no row-level terrain placement, LOD, material, or screenshot proof exists.",Codex local manual review
veilbreakers_terrain/procedural_meshes.py,generate_shrub_mesh,generate_shrub_mesh,2325,function,runtime_other,R13_batch_generic_other_01.csv,generic,D+,WIRE_OR_DEPRECATE,missing_wiring_row,C,RELOCATE_ASSET_LIBRARY_OR_PROVE_SCATTER_RENDER_PATH,"Manual code read: procedural_meshes.py is imported by handlers/_mesh_bridge.py and then used by scatter/prop maps, while repo docs already mark it as non-terrain scope contamination. Prior deep-dive notes also list shape/UV/topology bugs in this library.","Pure prop MeshSpec generator, not a terrain generator. Some outputs are reachable through _mesh_bridge maps, but no row-level terrain placement, LOD, material, or screenshot proof exists.",Codex local manual review
veilbreakers_terrain/procedural_meshes.py,generate_ivy_mesh,generate_ivy_mesh,2382,function,runtime_other,R13_batch_generic_other_01.csv,generic,D+,WIRE_OR_DEPRECATE,missing_wiring_row,C,RELOCATE_ASSET_LIBRARY_OR_PROVE_SCATTER_RENDER_PATH,"Manual code read: procedural_meshes.py is imported by handlers/_mesh_bridge.py and then used by scatter/prop maps, while repo docs already mark it as non-terrain scope contamination. Prior deep-dive notes also list shape/UV/topology bugs in this library.","Pure prop MeshSpec generator, not a terrain generator. Some outputs are reachable through _mesh_bridge maps, but no row-level terrain placement, LOD, material, or screenshot proof exists.",Codex local manual review
veilbreakers_terrain/procedural_meshes.py,generate_torch_sconce_mesh,generate_torch_sconce_mesh,2441,function,runtime_other,R13_batch_generic_other_01.csv,generic,D+,WIRE_OR_DEPRECATE,missing_wiring_row,C,RELOCATE_ASSET_LIBRARY_OR_PROVE_SCATTER_RENDER_PATH,"Manual code read: procedural_meshes.py is imported by handlers/_mesh_bridge.py and then used by scatter/prop maps, while repo docs already mark it as non-terrain scope contamination. Prior deep-dive notes also list shape/UV/topology bugs in this library.","Pure prop MeshSpec generator, not a terrain generator. Some outputs are reachable through _mesh_bridge maps, but no row-level terrain placement, LOD, material, or screenshot proof exists.",Codex local manual review
veilbreakers_terrain/procedural_meshes.py,generate_prison_door_mesh,generate_prison_door_mesh,2509,function,runtime_other,R13_batch_generic_other_01.csv,generic,D+,WIRE_OR_DEPRECATE,missing_wiring_row,C,RELOCATE_ASSET_LIBRARY_OR_PROVE_SCATTER_RENDER_PATH,"Manual code read: procedural_meshes.py is imported by handlers/_mesh_bridge.py and then used by scatter/prop maps, while repo docs already mark it as non-terrain scope contamination. Prior deep-dive notes also list shape/UV/topology bugs in this library.","Pure prop MeshSpec generator, not a terrain generator. Some outputs are reachable through _mesh_bridge maps, but no row-level terrain placement, LOD, material, or screenshot proof exists.",Codex local manual review
veilbreakers_terrain/procedural_meshes.py,generate_sarcophagus_mesh,generate_sarcophagus_mesh,2593,function,runtime_other,R13_batch_generic_other_01.csv,generic,D+,WIRE_OR_DEPRECATE,missing_wiring_row,C,RELOCATE_ASSET_LIBRARY_OR_PROVE_SCATTER_RENDER_PATH,"Manual code read: procedural_meshes.py is imported by handlers/_mesh_bridge.py and then used by scatter/prop maps, while repo docs already mark it as non-terrain scope contamination. Prior deep-dive notes also list shape/UV/topology bugs in this library.","Pure prop MeshSpec generator, not a terrain generator. Some outputs are reachable through _mesh_bridge maps, but no row-level terrain placement, LOD, material, or screenshot proof exists.",Codex local manual review
veilbreakers_terrain/procedural_meshes.py,generate_altar_mesh,generate_altar_mesh,2662,function,runtime_other,R13_batch_generic_other_01.csv,generic,D+,WIRE_OR_DEPRECATE,missing_wiring_row,C,RELOCATE_ASSET_LIBRARY_OR_PROVE_SCATTER_RENDER_PATH,"Manual code read: procedural_meshes.py is imported by handlers/_mesh_bridge.py and then used by scatter/prop maps, while repo docs already mark it as non-terrain scope contamination. Prior deep-dive notes also list shape/UV/topology bugs in this library.","Pure prop MeshSpec generator, not a terrain generator. Some outputs are reachable through _mesh_bridge maps, but no row-level terrain placement, LOD, material, or screenshot proof exists.",Codex local manual review
veilbreakers_terrain/procedural_meshes.py,generate_pillar_mesh,generate_pillar_mesh,2741,function,runtime_other,R13_batch_generic_other_01.csv,generic,D+,WIRE_OR_DEPRECATE,missing_wiring_row,C,RELOCATE_ASSET_LIBRARY_OR_PROVE_SCATTER_RENDER_PATH,"Manual code read: procedural_meshes.py is imported by handlers/_mesh_bridge.py and then used by scatter/prop maps, while repo docs already mark it as non-terrain scope contamination. Prior deep-dive notes also list shape/UV/topology bugs in this library.","Pure prop MeshSpec generator, not a terrain generator. Some outputs are reachable through _mesh_bridge maps, but no row-level terrain placement, LOD, material, or screenshot proof exists.",Codex local manual review
veilbreakers_terrain/procedural_meshes.py,generate_archway_mesh,generate_archway_mesh,2907,function,runtime_other,R13_batch_generic_other_01.csv,generic,D+,WIRE_OR_DEPRECATE,missing_wiring_row,C,RELOCATE_ASSET_LIBRARY_OR_PROVE_SCATTER_RENDER_PATH,"Manual code read: procedural_meshes.py is imported by handlers/_mesh_bridge.py and then used by scatter/prop maps, while repo docs already mark it as non-terrain scope contamination. Prior deep-dive notes also list shape/UV/topology bugs in this library.","Pure prop MeshSpec generator, not a terrain generator. Some outputs are reachable through _mesh_bridge maps, but no row-level terrain placement, LOD, material, or screenshot proof exists.",Codex local manual review
veilbreakers_terrain/procedural_meshes.py,generate_chain_mesh,generate_chain_mesh,3105,function,runtime_other,R13_batch_generic_other_01.csv,generic,D+,WIRE_OR_DEPRECATE,missing_wiring_row,C,RELOCATE_ASSET_LIBRARY_OR_PROVE_SCATTER_RENDER_PATH,"Manual code read: procedural_meshes.py is imported by handlers/_mesh_bridge.py and then used by scatter/prop maps, while repo docs already mark it as non-terrain scope contamination. Prior deep-dive notes also list shape/UV/topology bugs in this library.","Pure prop MeshSpec generator, not a terrain generator. Some outputs are reachable through _mesh_bridge maps, but no row-level terrain placement, LOD, material, or screenshot proof exists.",Codex local manual review
veilbreakers_terrain/procedural_meshes.py,generate_skull_pile_mesh,generate_skull_pile_mesh,3148,function,runtime_other,R13_batch_generic_other_01.csv,generic,D+,WIRE_OR_DEPRECATE,missing_wiring_row,C,RELOCATE_ASSET_LIBRARY_OR_PROVE_SCATTER_RENDER_PATH,"Manual code read: procedural_meshes.py is imported by handlers/_mesh_bridge.py and then used by scatter/prop maps, while repo docs already mark it as non-terrain scope contamination. Prior deep-dive notes also list shape/UV/topology bugs in this library.","Pure prop MeshSpec generator, not a terrain generator. Some outputs are reachable through _mesh_bridge maps, but no row-level terrain placement, LOD, material, or screenshot proof exists.",Codex local manual review
veilbreakers_terrain/procedural_meshes.py,generate_hammer_mesh,generate_hammer_mesh,3204,function,runtime_other,R13_batch_generic_other_01.csv,generic,D+,WIRE_OR_DEPRECATE,missing_wiring_row,C,RELOCATE_ASSET_LIBRARY_OR_PROVE_SCATTER_RENDER_PATH,"Manual code read: procedural_meshes.py is imported by handlers/_mesh_bridge.py and then used by scatter/prop maps, while repo docs already mark it as non-terrain scope contamination. Prior deep-dive notes also list shape/UV/topology bugs in this library.","Pure prop MeshSpec generator, not a terrain generator. Some outputs are reachable through _mesh_bridge maps, but no row-level terrain placement, LOD, material, or screenshot proof exists.",Codex local manual review
veilbreakers_terrain/procedural_meshes.py,generate_spear_mesh,generate_spear_mesh,3280,function,runtime_other,R13_batch_generic_other_01.csv,generic,D+,WIRE_OR_DEPRECATE,missing_wiring_row,C,RELOCATE_ASSET_LIBRARY_OR_PROVE_SCATTER_RENDER_PATH,"Manual code read: procedural_meshes.py is imported by handlers/_mesh_bridge.py and then used by scatter/prop maps, while repo docs already mark it as non-terrain scope contamination. Prior deep-dive notes also list shape/UV/topology bugs in this library.","Pure prop MeshSpec generator, not a terrain generator. Some outputs are reachable through _mesh_bridge maps, but no row-level terrain placement, LOD, material, or screenshot proof exists.",Codex local manual review
veilbreakers_terrain/procedural_meshes.py,generate_crossbow_mesh,generate_crossbow_mesh,3379,function,runtime_other,R13_batch_generic_other_01.csv,generic,D+,WIRE_OR_DEPRECATE,missing_wiring_row,C,RELOCATE_ASSET_LIBRARY_OR_PROVE_SCATTER_RENDER_PATH,"Manual code read: procedural_meshes.py is imported by handlers/_mesh_bridge.py and then used by scatter/prop maps, while repo docs already mark it as non-terrain scope contamination. Prior deep-dive notes also list shape/UV/topology bugs in this library.","Pure prop MeshSpec generator, not a terrain generator. Some outputs are reachable through _mesh_bridge maps, but no row-level terrain placement, LOD, material, or screenshot proof exists.",Codex local manual review
veilbreakers_terrain/procedural_meshes.py,generate_scythe_mesh,generate_scythe_mesh,3447,function,runtime_other,R13_batch_generic_other_01.csv,generic,D+,WIRE_OR_DEPRECATE,missing_wiring_row,C,RELOCATE_ASSET_LIBRARY_OR_PROVE_SCATTER_RENDER_PATH,"Manual code read: procedural_meshes.py is imported by handlers/_mesh_bridge.py and then used by scatter/prop maps, while repo docs already mark it as non-terrain scope contamination. Prior deep-dive notes also list shape/UV/topology bugs in this library.","Pure prop MeshSpec generator, not a terrain generator. Some outputs are reachable through _mesh_bridge maps, but no row-level terrain placement, LOD, material, or screenshot proof exists.",Codex local manual review
veilbreakers_terrain/procedural_meshes.py,generate_flail_mesh,generate_flail_mesh,3508,function,runtime_other,R13_batch_generic_other_01.csv,generic,D+,WIRE_OR_DEPRECATE,missing_wiring_row,C,RELOCATE_ASSET_LIBRARY_OR_PROVE_SCATTER_RENDER_PATH,"Manual code read: procedural_meshes.py is imported by handlers/_mesh_bridge.py and then used by scatter/prop maps, while repo docs already mark it as non-terrain scope contamination. Prior deep-dive notes also list shape/UV/topology bugs in this library.","Pure prop MeshSpec generator, not a terrain generator. Some outputs are reachable through _mesh_bridge maps, but no row-level terrain placement, LOD, material, or screenshot proof exists.",Codex local manual review
veilbreakers_terrain/procedural_meshes.py,generate_whip_mesh,generate_whip_mesh,3587,function,runtime_other,R13_batch_generic_other_01.csv,generic,D+,WIRE_OR_DEPRECATE,missing_wiring_row,C,RELOCATE_ASSET_LIBRARY_OR_PROVE_SCATTER_RENDER_PATH,"Manual code read: procedural_meshes.py is imported by handlers/_mesh_bridge.py and then used by scatter/prop maps, while repo docs already mark it as non-terrain scope contamination. Prior deep-dive notes also list shape/UV/topology bugs in this library.","Pure prop MeshSpec generator, not a terrain generator. Some outputs are reachable through _mesh_bridge maps, but no row-level terrain placement, LOD, material, or screenshot proof exists.",Codex local manual review
veilbreakers_terrain/procedural_meshes.py,generate_claw_mesh,generate_claw_mesh,3641,function,runtime_other,R13_batch_generic_other_01.csv,generic,D+,WIRE_OR_DEPRECATE,missing_wiring_row,C,RELOCATE_ASSET_LIBRARY_OR_PROVE_SCATTER_RENDER_PATH,"Manual code read: procedural_meshes.py is imported by handlers/_mesh_bridge.py and then used by scatter/prop maps, while repo docs already mark it as non-terrain scope contamination. Prior deep-dive notes also list shape/UV/topology bugs in this library.","Pure prop MeshSpec generator, not a terrain generator. Some outputs are reachable through _mesh_bridge maps, but no row-level terrain placement, LOD, material, or screenshot proof exists.",Codex local manual review
veilbreakers_terrain/procedural_meshes.py,generate_tome_mesh,generate_tome_mesh,3706,function,runtime_other,R13_batch_generic_other_01.csv,generic,D+,WIRE_OR_DEPRECATE,missing_wiring_row,C,RELOCATE_ASSET_LIBRARY_OR_PROVE_SCATTER_RENDER_PATH,"Manual code read: procedural_meshes.py is imported by handlers/_mesh_bridge.py and then used by scatter/prop maps, while repo docs already mark it as non-terrain scope contamination. Prior deep-dive notes also list shape/UV/topology bugs in this library.","Pure prop MeshSpec generator, not a terrain generator. Some outputs are reachable through _mesh_bridge maps, but no row-level terrain placement, LOD, material, or screenshot proof exists.",Codex local manual review
veilbreakers_terrain/procedural_meshes.py,generate_greatsword_mesh,generate_greatsword_mesh,3803,function,runtime_other,R13_batch_generic_other_01.csv,generic,D+,WIRE_OR_DEPRECATE,missing_wiring_row,C,RELOCATE_ASSET_LIBRARY_OR_PROVE_SCATTER_RENDER_PATH,"Manual code read: procedural_meshes.py is imported by handlers/_mesh_bridge.py and then used by scatter/prop maps, while repo docs already mark it as non-terrain scope contamination. Prior deep-dive notes also list shape/UV/topology bugs in this library.","Pure prop MeshSpec generator, not a terrain generator. Some outputs are reachable through _mesh_bridge maps, but no row-level terrain placement, LOD, material, or screenshot proof exists.",Codex local manual review
veilbreakers_terrain/procedural_meshes.py,generate_curved_sword_mesh,generate_curved_sword_mesh,3885,function,runtime_other,R13_batch_generic_other_01.csv,generic,D+,WIRE_OR_DEPRECATE,missing_wiring_row,C,RELOCATE_ASSET_LIBRARY_OR_PROVE_SCATTER_RENDER_PATH,"Manual code read: procedural_meshes.py is imported by handlers/_mesh_bridge.py and then used by scatter/prop maps, while repo docs already mark it as non-terrain scope contamination. Prior deep-dive notes also list shape/UV/topology bugs in this library.","Pure prop MeshSpec generator, not a terrain generator. Some outputs are reachable through _mesh_bridge maps, but no row-level terrain placement, LOD, material, or screenshot proof exists.",Codex local manual review
veilbreakers_terrain/procedural_meshes.py,generate_hand_axe_mesh,generate_hand_axe_mesh,3942,function,runtime_other,R13_batch_generic_other_01.csv,generic,D+,WIRE_OR_DEPRECATE,missing_wiring_row,C,RELOCATE_ASSET_LIBRARY_OR_PROVE_SCATTER_RENDER_PATH,"Manual code read: procedural_meshes.py is imported by handlers/_mesh_bridge.py and then used by scatter/prop maps, while repo docs already mark it as non-terrain scope contamination. Prior deep-dive notes also list shape/UV/topology bugs in this library.","Pure prop MeshSpec generator, not a terrain generator. Some outputs are reachable through _mesh_bridge maps, but no row-level terrain placement, LOD, material, or screenshot proof exists.",Codex local manual review
veilbreakers_terrain/procedural_meshes.py,generate_battle_axe_mesh,generate_battle_axe_mesh,3981,function,runtime_other,R13_batch_generic_other_01.csv,generic,D+,WIRE_OR_DEPRECATE,missing_wiring_row,C,RELOCATE_ASSET_LIBRARY_OR_PROVE_SCATTER_RENDER_PATH,"Manual code read: procedural_meshes.py is imported by handlers/_mesh_bridge.py and then used by scatter/prop maps, while repo docs already mark it as non-terrain scope contamination. Prior deep-dive notes also list shape/UV/topology bugs in this library.","Pure prop MeshSpec generator, not a terrain generator. Some outputs are reachable through _mesh_bridge maps, but no row-level terrain placement, LOD, material, or screenshot proof exists.",Codex local manual review
veilbreakers_terrain/procedural_meshes.py,generate_greataxe_mesh,generate_greataxe_mesh,4045,function,runtime_other,R13_batch_generic_other_01.csv,generic,D+,WIRE_OR_DEPRECATE,missing_wiring_row,C,RELOCATE_ASSET_LIBRARY_OR_PROVE_SCATTER_RENDER_PATH,"Manual code read: procedural_meshes.py is imported by handlers/_mesh_bridge.py and then used by scatter/prop maps, while repo docs already mark it as non-terrain scope contamination. Prior deep-dive notes also list shape/UV/topology bugs in this library.","Pure prop MeshSpec generator, not a terrain generator. Some outputs are reachable through _mesh_bridge maps, but no row-level terrain placement, LOD, material, or screenshot proof exists.",Codex local manual review
veilbreakers_terrain/procedural_meshes.py,generate_club_mesh,generate_club_mesh,4102,function,runtime_other,R13_batch_generic_other_01.csv,generic,D+,WIRE_OR_DEPRECATE,missing_wiring_row,C,RELOCATE_ASSET_LIBRARY_OR_PROVE_SCATTER_RENDER_PATH,"Manual code read: procedural_meshes.py is imported by handlers/_mesh_bridge.py and then used by scatter/prop maps, while repo docs already mark it as non-terrain scope contamination. Prior deep-dive notes also list shape/UV/topology bugs in this library.","Pure prop MeshSpec generator, not a terrain generator. Some outputs are reachable through _mesh_bridge maps, but no row-level terrain placement, LOD, material, or screenshot proof exists.",Codex local manual review
veilbreakers_terrain/procedural_meshes.py,generate_mace_mesh,generate_mace_mesh,4147,function,runtime_other,R13_batch_generic_other_01.csv,generic,D+,WIRE_OR_DEPRECATE,missing_wiring_row,C,RELOCATE_ASSET_LIBRARY_OR_PROVE_SCATTER_RENDER_PATH,"Manual code read: procedural_meshes.py is imported by handlers/_mesh_bridge.py and then used by scatter/prop maps, while repo docs already mark it as non-terrain scope contamination. Prior deep-dive notes also list shape/UV/topology bugs in this library.","Pure prop MeshSpec generator, not a terrain generator. Some outputs are reachable through _mesh_bridge maps, but no row-level terrain placement, LOD, material, or screenshot proof exists.",Codex local manual review
veilbreakers_terrain/procedural_meshes.py,generate_warhammer_mesh,generate_warhammer_mesh,4206,function,runtime_other,R13_batch_generic_other_01.csv,generic,D+,WIRE_OR_DEPRECATE,missing_wiring_row,C,RELOCATE_ASSET_LIBRARY_OR_PROVE_SCATTER_RENDER_PATH,"Manual code read: procedural_meshes.py is imported by handlers/_mesh_bridge.py and then used by scatter/prop maps, while repo docs already mark it as non-terrain scope contamination. Prior deep-dive notes also list shape/UV/topology bugs in this library.","Pure prop MeshSpec generator, not a terrain generator. Some outputs are reachable through _mesh_bridge maps, but no row-level terrain placement, LOD, material, or screenshot proof exists.",Codex local manual review
veilbreakers_terrain/procedural_meshes.py,generate_halberd_mesh,generate_halberd_mesh,4252,function,runtime_other,R13_batch_generic_other_01.csv,generic,D+,WIRE_OR_DEPRECATE,missing_wiring_row,C,RELOCATE_ASSET_LIBRARY_OR_PROVE_SCATTER_RENDER_PATH,"Manual code read: procedural_meshes.py is imported by handlers/_mesh_bridge.py and then used by scatter/prop maps, while repo docs already mark it as non-terrain scope contamination. Prior deep-dive notes also list shape/UV/topology bugs in this library.","Pure prop MeshSpec generator, not a terrain generator. Some outputs are reachable through _mesh_bridge maps, but no row-level terrain placement, LOD, material, or screenshot proof exists.",Codex local manual review
veilbreakers_terrain/procedural_meshes.py,generate_glaive_mesh,generate_glaive_mesh,4313,function,runtime_other,R13_batch_generic_other_01.csv,generic,D+,WIRE_OR_DEPRECATE,missing_wiring_row,C,RELOCATE_ASSET_LIBRARY_OR_PROVE_SCATTER_RENDER_PATH,"Manual code read: procedural_meshes.py is imported by handlers/_mesh_bridge.py and then used by scatter/prop maps, while repo docs already mark it as non-terrain scope contamination. Prior deep-dive notes also list shape/UV/topology bugs in this library.","Pure prop MeshSpec generator, not a terrain generator. Some outputs are reachable through _mesh_bridge maps, but no row-level terrain placement, LOD, material, or screenshot proof exists.",Codex local manual review
veilbreakers_terrain/procedural_meshes.py,_make_bow_limb,_make_bow_limb,4402,function,runtime_other,R13_batch_generic_other_01.csv,generic,D+,WIRE_OR_DEPRECATE,missing_wiring_row,D+,RELOCATE_OR_ADD_HELPER_CONTRACT_TESTS,"Manual code read: procedural_meshes.py is imported by handlers/_mesh_bridge.py and then used by scatter/prop maps, while repo docs already mark it as non-terrain scope contamination. Prior deep-dive notes also list shape/UV/topology bugs in this library.",Private MeshSpec helper in a 22k-line prop library; no per-helper terrain runtime wiring row or direct visual/contract proof.,Codex local manual review
veilbreakers_terrain/procedural_meshes.py,generate_shortbow_mesh,generate_shortbow_mesh,4423,function,runtime_other,R13_batch_generic_other_01.csv,generic,D+,WIRE_OR_DEPRECATE,missing_wiring_row,C,RELOCATE_ASSET_LIBRARY_OR_PROVE_SCATTER_RENDER_PATH,"Manual code read: procedural_meshes.py is imported by handlers/_mesh_bridge.py and then used by scatter/prop maps, while repo docs already mark it as non-terrain scope contamination. Prior deep-dive notes also list shape/UV/topology bugs in this library.","Pure prop MeshSpec generator, not a terrain generator. Some outputs are reachable through _mesh_bridge maps, but no row-level terrain placement, LOD, material, or screenshot proof exists.",Codex local manual review
veilbreakers_terrain/procedural_meshes.py,generate_longbow_mesh,generate_longbow_mesh,4461,function,runtime_other,R13_batch_generic_other_01.csv,generic,D+,WIRE_OR_DEPRECATE,missing_wiring_row,C,RELOCATE_ASSET_LIBRARY_OR_PROVE_SCATTER_RENDER_PATH,"Manual code read: procedural_meshes.py is imported by handlers/_mesh_bridge.py and then used by scatter/prop maps, while repo docs already mark it as non-terrain scope contamination. Prior deep-dive notes also list shape/UV/topology bugs in this library.","Pure prop MeshSpec generator, not a terrain generator. Some outputs are reachable through _mesh_bridge maps, but no row-level terrain placement, LOD, material, or screenshot proof exists.",Codex local manual review
veilbreakers_terrain/procedural_meshes.py,generate_staff_magic_mesh,generate_staff_magic_mesh,4506,function,runtime_other,R13_batch_generic_other_01.csv,generic,D+,WIRE_OR_DEPRECATE,missing_wiring_row,C,RELOCATE_ASSET_LIBRARY_OR_PROVE_SCATTER_RENDER_PATH,"Manual code read: procedural_meshes.py is imported by handlers/_mesh_bridge.py and then used by scatter/prop maps, while repo docs already mark it as non-terrain scope contamination. Prior deep-dive notes also list shape/UV/topology bugs in this library.","Pure prop MeshSpec generator, not a terrain generator. Some outputs are reachable through _mesh_bridge maps, but no row-level terrain placement, LOD, material, or screenshot proof exists.",Codex local manual review
veilbreakers_terrain/procedural_meshes.py,generate_wand_mesh,generate_wand_mesh,4579,function,runtime_other,R13_batch_generic_other_01.csv,generic,D+,WIRE_OR_DEPRECATE,missing_wiring_row,C,RELOCATE_ASSET_LIBRARY_OR_PROVE_SCATTER_RENDER_PATH,"Manual code read: procedural_meshes.py is imported by handlers/_mesh_bridge.py and then used by scatter/prop maps, while repo docs already mark it as non-terrain scope contamination. Prior deep-dive notes also list shape/UV/topology bugs in this library.","Pure prop MeshSpec generator, not a terrain generator. Some outputs are reachable through _mesh_bridge maps, but no row-level terrain placement, LOD, material, or screenshot proof exists.",Codex local manual review
veilbreakers_terrain/procedural_meshes.py,generate_throwing_knife_weapon_mesh,generate_throwing_knife_weapon_mesh,4639,function,runtime_other,R13_batch_generic_other_01.csv,generic,D+,WIRE_OR_DEPRECATE,missing_wiring_row,C,RELOCATE_ASSET_LIBRARY_OR_PROVE_SCATTER_RENDER_PATH,"Manual code read: procedural_meshes.py is imported by handlers/_mesh_bridge.py and then used by scatter/prop maps, while repo docs already mark it as non-terrain scope contamination. Prior deep-dive notes also list shape/UV/topology bugs in this library.","Pure prop MeshSpec generator, not a terrain generator. Some outputs are reachable through _mesh_bridge maps, but no row-level terrain placement, LOD, material, or screenshot proof exists.",Codex local manual review
veilbreakers_terrain/procedural_meshes.py,generate_paired_daggers_mesh,generate_paired_daggers_mesh,4698,function,runtime_other,R13_batch_generic_other_01.csv,generic,D+,WIRE_OR_DEPRECATE,missing_wiring_row,C,RELOCATE_ASSET_LIBRARY_OR_PROVE_SCATTER_RENDER_PATH,"Manual code read: procedural_meshes.py is imported by handlers/_mesh_bridge.py and then used by scatter/prop maps, while repo docs already mark it as non-terrain scope contamination. Prior deep-dive notes also list shape/UV/topology bugs in this library.","Pure prop MeshSpec generator, not a terrain generator. Some outputs are reachable through _mesh_bridge maps, but no row-level terrain placement, LOD, material, or screenshot proof exists.",Codex local manual review
veilbreakers_terrain/procedural_meshes.py,generate_twin_swords_mesh,generate_twin_swords_mesh,4757,function,runtime_other,R13_batch_generic_other_01.csv,generic,D+,WIRE_OR_DEPRECATE,missing_wiring_row,C,RELOCATE_ASSET_LIBRARY_OR_PROVE_SCATTER_RENDER_PATH,"Manual code read: procedural_meshes.py is imported by handlers/_mesh_bridge.py and then used by scatter/prop maps, while repo docs already mark it as non-terrain scope contamination. Prior deep-dive notes also list shape/UV/topology bugs in this library.","Pure prop MeshSpec generator, not a terrain generator. Some outputs are reachable through _mesh_bridge maps, but no row-level terrain placement, LOD, material, or screenshot proof exists.",Codex local manual review
veilbreakers_terrain/procedural_meshes.py,generate_dual_axes_mesh,generate_dual_axes_mesh,4828,function,runtime_other,R13_batch_generic_other_01.csv,generic,D+,WIRE_OR_DEPRECATE,missing_wiring_row,C,RELOCATE_ASSET_LIBRARY_OR_PROVE_SCATTER_RENDER_PATH,"Manual code read: procedural_meshes.py is imported by handlers/_mesh_bridge.py and then used by scatter/prop maps, while repo docs already mark it as non-terrain scope contamination. Prior deep-dive notes also list shape/UV/topology bugs in this library.","Pure prop MeshSpec generator, not a terrain generator. Some outputs are reachable through _mesh_bridge maps, but no row-level terrain placement, LOD, material, or screenshot proof exists.",Codex local manual review
veilbreakers_terrain/procedural_meshes.py,generate_dual_claws_mesh,generate_dual_claws_mesh,4880,function,runtime_other,R13_batch_generic_other_01.csv,generic,D+,WIRE_OR_DEPRECATE,missing_wiring_row,C,RELOCATE_ASSET_LIBRARY_OR_PROVE_SCATTER_RENDER_PATH,"Manual code read: procedural_meshes.py is imported by handlers/_mesh_bridge.py and then used by scatter/prop maps, while repo docs already mark it as non-terrain scope contamination. Prior deep-dive notes also list shape/UV/topology bugs in this library.","Pure prop MeshSpec generator, not a terrain generator. Some outputs are reachable through _mesh_bridge maps, but no row-level terrain placement, LOD, material, or screenshot proof exists.",Codex local manual review
veilbreakers_terrain/procedural_meshes.py,generate_brass_knuckles_mesh,generate_brass_knuckles_mesh,4978,function,runtime_other,R13_batch_generic_other_01.csv,generic,D+,WIRE_OR_DEPRECATE,missing_wiring_row,C,RELOCATE_ASSET_LIBRARY_OR_PROVE_SCATTER_RENDER_PATH,"Manual code read: procedural_meshes.py is imported by handlers/_mesh_bridge.py and then used by scatter/prop maps, while repo docs already mark it as non-terrain scope contamination. Prior deep-dive notes also list shape/UV/topology bugs in this library.","Pure prop MeshSpec generator, not a terrain generator. Some outputs are reachable through _mesh_bridge maps, but no row-level terrain placement, LOD, material, or screenshot proof exists.",Codex local manual review
veilbreakers_terrain/procedural_meshes.py,generate_cestus_mesh,generate_cestus_mesh,5019,function,runtime_other,R13_batch_generic_other_01.csv,generic,D+,WIRE_OR_DEPRECATE,missing_wiring_row,C,RELOCATE_ASSET_LIBRARY_OR_PROVE_SCATTER_RENDER_PATH,"Manual code read: procedural_meshes.py is imported by handlers/_mesh_bridge.py and then used by scatter/prop maps, while repo docs already mark it as non-terrain scope contamination. Prior deep-dive notes also list shape/UV/topology bugs in this library.","Pure prop MeshSpec generator, not a terrain generator. Some outputs are reachable through _mesh_bridge maps, but no row-level terrain placement, LOD, material, or screenshot proof exists.",Codex local manual review
veilbreakers_terrain/procedural_meshes.py,generate_bladed_gauntlet_mesh,generate_bladed_gauntlet_mesh,5068,function,runtime_other,R13_batch_generic_other_01.csv,generic,D+,WIRE_OR_DEPRECATE,missing_wiring_row,C,RELOCATE_ASSET_LIBRARY_OR_PROVE_SCATTER_RENDER_PATH,"Manual code read: procedural_meshes.py is imported by handlers/_mesh_bridge.py and then used by scatter/prop maps, while repo docs already mark it as non-terrain scope contamination. Prior deep-dive notes also list shape/UV/topology bugs in this library.","Pure prop MeshSpec generator, not a terrain generator. Some outputs are reachable through _mesh_bridge maps, but no row-level terrain placement, LOD, material, or screenshot proof exists.",Codex local manual review
veilbreakers_terrain/procedural_meshes.py,generate_iron_fist_mesh,generate_iron_fist_mesh,5174,function,runtime_other,R13_batch_generic_other_01.csv,generic,D+,WIRE_OR_DEPRECATE,missing_wiring_row,C,RELOCATE_ASSET_LIBRARY_OR_PROVE_SCATTER_RENDER_PATH,"Manual code read: procedural_meshes.py is imported by handlers/_mesh_bridge.py and then used by scatter/prop maps, while repo docs already mark it as non-terrain scope contamination. Prior deep-dive notes also list shape/UV/topology bugs in this library.","Pure prop MeshSpec generator, not a terrain generator. Some outputs are reachable through _mesh_bridge maps, but no row-level terrain placement, LOD, material, or screenshot proof exists.",Codex local manual review
veilbreakers_terrain/procedural_meshes.py,generate_rapier_mesh,generate_rapier_mesh,5242,function,runtime_other,R13_batch_generic_other_01.csv,generic,D+,WIRE_OR_DEPRECATE,missing_wiring_row,C,RELOCATE_ASSET_LIBRARY_OR_PROVE_SCATTER_RENDER_PATH,"Manual code read: procedural_meshes.py is imported by handlers/_mesh_bridge.py and then used by scatter/prop maps, while repo docs already mark it as non-terrain scope contamination. Prior deep-dive notes also list shape/UV/topology bugs in this library.","Pure prop MeshSpec generator, not a terrain generator. Some outputs are reachable through _mesh_bridge maps, but no row-level terrain placement, LOD, material, or screenshot proof exists.",Codex local manual review
veilbreakers_terrain/procedural_meshes.py,generate_estoc_mesh,generate_estoc_mesh,5369,function,runtime_other,R13_batch_generic_other_01.csv,generic,D+,WIRE_OR_DEPRECATE,missing_wiring_row,C,RELOCATE_ASSET_LIBRARY_OR_PROVE_SCATTER_RENDER_PATH,"Manual code read: procedural_meshes.py is imported by handlers/_mesh_bridge.py and then used by scatter/prop maps, while repo docs already mark it as non-terrain scope contamination. Prior deep-dive notes also list shape/UV/topology bugs in this library.","Pure prop MeshSpec generator, not a terrain generator. Some outputs are reachable through _mesh_bridge maps, but no row-level terrain placement, LOD, material, or screenshot proof exists.",Codex local manual review
veilbreakers_terrain/procedural_meshes.py,generate_javelin_mesh,generate_javelin_mesh,5448,function,runtime_other,R13_batch_generic_other_01.csv,generic,D+,WIRE_OR_DEPRECATE,missing_wiring_row,C,RELOCATE_ASSET_LIBRARY_OR_PROVE_SCATTER_RENDER_PATH,"Manual code read: procedural_meshes.py is imported by handlers/_mesh_bridge.py and then used by scatter/prop maps, while repo docs already mark it as non-terrain scope contamination. Prior deep-dive notes also list shape/UV/topology bugs in this library.","Pure prop MeshSpec generator, not a terrain generator. Some outputs are reachable through _mesh_bridge maps, but no row-level terrain placement, LOD, material, or screenshot proof exists.",Codex local manual review
veilbreakers_terrain/procedural_meshes.py,generate_throwing_axe_mesh,generate_throwing_axe_mesh,5532,function,runtime_other,R13_batch_generic_other_01.csv,generic,D+,WIRE_OR_DEPRECATE,missing_wiring_row,C,RELOCATE_ASSET_LIBRARY_OR_PROVE_SCATTER_RENDER_PATH,"Manual code read: procedural_meshes.py is imported by handlers/_mesh_bridge.py and then used by scatter/prop maps, while repo docs already mark it as non-terrain scope contamination. Prior deep-dive notes also list shape/UV/topology bugs in this library.","Pure prop MeshSpec generator, not a terrain generator. Some outputs are reachable through _mesh_bridge maps, but no row-level terrain placement, LOD, material, or screenshot proof exists.",Codex local manual review
veilbreakers_terrain/procedural_meshes.py,generate_shuriken_mesh,generate_shuriken_mesh,5596,function,runtime_other,R13_batch_generic_other_01.csv,generic,D+,WIRE_OR_DEPRECATE,missing_wiring_row,C,RELOCATE_ASSET_LIBRARY_OR_PROVE_SCATTER_RENDER_PATH,"Manual code read: procedural_meshes.py is imported by handlers/_mesh_bridge.py and then used by scatter/prop maps, while repo docs already mark it as non-terrain scope contamination. Prior deep-dive notes also list shape/UV/topology bugs in this library.","Pure prop MeshSpec generator, not a terrain generator. Some outputs are reachable through _mesh_bridge maps, but no row-level terrain placement, LOD, material, or screenshot proof exists.",Codex local manual review
veilbreakers_terrain/procedural_meshes.py,generate_bola_mesh,generate_bola_mesh,5660,function,runtime_other,R13_batch_generic_other_01.csv,generic,D+,WIRE_OR_DEPRECATE,missing_wiring_row,C,RELOCATE_ASSET_LIBRARY_OR_PROVE_SCATTER_RENDER_PATH,"Manual code read: procedural_meshes.py is imported by handlers/_mesh_bridge.py and then used by scatter/prop maps, while repo docs already mark it as non-terrain scope contamination. Prior deep-dive notes also list shape/UV/topology bugs in this library.","Pure prop MeshSpec generator, not a terrain generator. Some outputs are reachable through _mesh_bridge maps, but no row-level terrain placement, LOD, material, or screenshot proof exists.",Codex local manual review
veilbreakers_terrain/procedural_meshes.py,generate_orb_focus_mesh,generate_orb_focus_mesh,5718,function,runtime_other,R13_batch_generic_other_01.csv,generic,D+,WIRE_OR_DEPRECATE,missing_wiring_row,C,RELOCATE_ASSET_LIBRARY_OR_PROVE_SCATTER_RENDER_PATH,"Manual code read: procedural_meshes.py is imported by handlers/_mesh_bridge.py and then used by scatter/prop maps, while repo docs already mark it as non-terrain scope contamination. Prior deep-dive notes also list shape/UV/topology bugs in this library.","Pure prop MeshSpec generator, not a terrain generator. Some outputs are reachable through _mesh_bridge maps, but no row-level terrain placement, LOD, material, or screenshot proof exists.",Codex local manual review
veilbreakers_terrain/procedural_meshes.py,generate_skull_fetish_mesh,generate_skull_fetish_mesh,5794,function,runtime_other,R13_batch_generic_other_01.csv,generic,D+,WIRE_OR_DEPRECATE,missing_wiring_row,C,RELOCATE_ASSET_LIBRARY_OR_PROVE_SCATTER_RENDER_PATH,"Manual code read: procedural_meshes.py is imported by handlers/_mesh_bridge.py and then used by scatter/prop maps, while repo docs already mark it as non-terrain scope contamination. Prior deep-dive notes also list shape/UV/topology bugs in this library.","Pure prop MeshSpec generator, not a terrain generator. Some outputs are reachable through _mesh_bridge maps, but no row-level terrain placement, LOD, material, or screenshot proof exists.",Codex local manual review
veilbreakers_terrain/procedural_meshes.py,generate_holy_symbol_mesh,generate_holy_symbol_mesh,5889,function,runtime_other,R13_batch_generic_other_01.csv,generic,D+,WIRE_OR_DEPRECATE,missing_wiring_row,C,RELOCATE_ASSET_LIBRARY_OR_PROVE_SCATTER_RENDER_PATH,"Manual code read: procedural_meshes.py is imported by handlers/_mesh_bridge.py and then used by scatter/prop maps, while repo docs already mark it as non-terrain scope contamination. Prior deep-dive notes also list shape/UV/topology bugs in this library.","Pure prop MeshSpec generator, not a terrain generator. Some outputs are reachable through _mesh_bridge maps, but no row-level terrain placement, LOD, material, or screenshot proof exists.",Codex local manual review
veilbreakers_terrain/procedural_meshes.py,generate_totem_mesh,generate_totem_mesh,5970,function,runtime_other,R13_batch_generic_other_01.csv,generic,D+,WIRE_OR_DEPRECATE,missing_wiring_row,C,RELOCATE_ASSET_LIBRARY_OR_PROVE_SCATTER_RENDER_PATH,"Manual code read: procedural_meshes.py is imported by handlers/_mesh_bridge.py and then used by scatter/prop maps, while repo docs already mark it as non-terrain scope contamination. Prior deep-dive notes also list shape/UV/topology bugs in this library.","Pure prop MeshSpec generator, not a terrain generator. Some outputs are reachable through _mesh_bridge maps, but no row-level terrain placement, LOD, material, or screenshot proof exists.",Codex local manual review
veilbreakers_terrain/procedural_meshes.py,generate_gargoyle_mesh,generate_gargoyle_mesh,6059,function,runtime_other,R13_batch_generic_other_01.csv,generic,D+,WIRE_OR_DEPRECATE,missing_wiring_row,C,RELOCATE_ASSET_LIBRARY_OR_PROVE_SCATTER_RENDER_PATH,"Manual code read: procedural_meshes.py is imported by handlers/_mesh_bridge.py and then used by scatter/prop maps, while repo docs already mark it as non-terrain scope contamination. Prior deep-dive notes also list shape/UV/topology bugs in this library.","Pure prop MeshSpec generator, not a terrain generator. Some outputs are reachable through _mesh_bridge maps, but no row-level terrain placement, LOD, material, or screenshot proof exists.",Codex local manual review
veilbreakers_terrain/procedural_meshes.py,generate_fountain_mesh,generate_fountain_mesh,6153,function,runtime_other,R13_batch_generic_other_01.csv,generic,D+,WIRE_OR_DEPRECATE,missing_wiring_row,C,RELOCATE_ASSET_LIBRARY_OR_PROVE_SCATTER_RENDER_PATH,"Manual code read: procedural_meshes.py is imported by handlers/_mesh_bridge.py and then used by scatter/prop maps, while repo docs already mark it as non-terrain scope contamination. Prior deep-dive notes also list shape/UV/topology bugs in this library.","Pure prop MeshSpec generator, not a terrain generator. Some outputs are reachable through _mesh_bridge maps, but no row-level terrain placement, LOD, material, or screenshot proof exists.",Codex local manual review
veilbreakers_terrain/procedural_meshes.py,generate_statue_mesh,generate_statue_mesh,6227,function,runtime_other,R13_batch_generic_other_01.csv,generic,D+,WIRE_OR_DEPRECATE,missing_wiring_row,C,RELOCATE_ASSET_LIBRARY_OR_PROVE_SCATTER_RENDER_PATH,"Manual code read: procedural_meshes.py is imported by handlers/_mesh_bridge.py and then used by scatter/prop maps, while repo docs already mark it as non-terrain scope contamination. Prior deep-dive notes also list shape/UV/topology bugs in this library.","Pure prop MeshSpec generator, not a terrain generator. Some outputs are reachable through _mesh_bridge maps, but no row-level terrain placement, LOD, material, or screenshot proof exists.",Codex local manual review
veilbreakers_terrain/procedural_meshes.py,generate_gate_mesh,generate_gate_mesh,6488,function,runtime_other,R13_batch_generic_other_01.csv,generic,D+,WIRE_OR_DEPRECATE,missing_wiring_row,C,RELOCATE_ASSET_LIBRARY_OR_PROVE_SCATTER_RENDER_PATH,"Manual code read: procedural_meshes.py is imported by handlers/_mesh_bridge.py and then used by scatter/prop maps, while repo docs already mark it as non-terrain scope contamination. Prior deep-dive notes also list shape/UV/topology bugs in this library.","Pure prop MeshSpec generator, not a terrain generator. Some outputs are reachable through _mesh_bridge maps, but no row-level terrain placement, LOD, material, or screenshot proof exists.",Codex local manual review
veilbreakers_terrain/procedural_meshes.py,generate_staircase_mesh,generate_staircase_mesh,6621,function,runtime_other,R13_batch_generic_other_01.csv,generic,D+,WIRE_OR_DEPRECATE,missing_wiring_row,C,RELOCATE_ASSET_LIBRARY_OR_PROVE_SCATTER_RENDER_PATH,"Manual code read: procedural_meshes.py is imported by handlers/_mesh_bridge.py and then used by scatter/prop maps, while repo docs already mark it as non-terrain scope contamination. Prior deep-dive notes also list shape/UV/topology bugs in this library.","Pure prop MeshSpec generator, not a terrain generator. Some outputs are reachable through _mesh_bridge maps, but no row-level terrain placement, LOD, material, or screenshot proof exists.",Codex local manual review
veilbreakers_terrain/procedural_meshes.py,generate_fence_mesh,generate_fence_mesh,6734,function,runtime_other,R13_batch_generic_other_01.csv,generic,D+,WIRE_OR_DEPRECATE,missing_wiring_row,C,RELOCATE_ASSET_LIBRARY_OR_PROVE_SCATTER_RENDER_PATH,"Manual code read: procedural_meshes.py is imported by handlers/_mesh_bridge.py and then used by scatter/prop maps, while repo docs already mark it as non-terrain scope contamination. Prior deep-dive notes also list shape/UV/topology bugs in this library.","Pure prop MeshSpec generator, not a terrain generator. Some outputs are reachable through _mesh_bridge maps, but no row-level terrain placement, LOD, material, or screenshot proof exists.",Codex local manual review
veilbreakers_terrain/procedural_meshes.py,generate_barricade_mesh,generate_barricade_mesh,6911,function,runtime_other,R13_batch_generic_other_01.csv,generic,D+,WIRE_OR_DEPRECATE,missing_wiring_row,C,RELOCATE_ASSET_LIBRARY_OR_PROVE_SCATTER_RENDER_PATH,"Manual code read: procedural_meshes.py is imported by handlers/_mesh_bridge.py and then used by scatter/prop maps, while repo docs already mark it as non-terrain scope contamination. Prior deep-dive notes also list shape/UV/topology bugs in this library.","Pure prop MeshSpec generator, not a terrain generator. Some outputs are reachable through _mesh_bridge maps, but no row-level terrain placement, LOD, material, or screenshot proof exists.",Codex local manual review
veilbreakers_terrain/procedural_meshes.py,generate_railing_mesh,generate_railing_mesh,7029,function,runtime_other,R13_batch_generic_other_01.csv,generic,D+,WIRE_OR_DEPRECATE,missing_wiring_row,C,RELOCATE_ASSET_LIBRARY_OR_PROVE_SCATTER_RENDER_PATH,"Manual code read: procedural_meshes.py is imported by handlers/_mesh_bridge.py and then used by scatter/prop maps, while repo docs already mark it as non-terrain scope contamination. Prior deep-dive notes also list shape/UV/topology bugs in this library.","Pure prop MeshSpec generator, not a terrain generator. Some outputs are reachable through _mesh_bridge maps, but no row-level terrain placement, LOD, material, or screenshot proof exists.",Codex local manual review
veilbreakers_terrain/procedural_meshes.py,generate_spike_trap_mesh,generate_spike_trap_mesh,7158,function,runtime_other,R13_batch_generic_other_01.csv,generic,D+,WIRE_OR_DEPRECATE,missing_wiring_row,C,RELOCATE_ASSET_LIBRARY_OR_PROVE_SCATTER_RENDER_PATH,"Manual code read: procedural_meshes.py is imported by handlers/_mesh_bridge.py and then used by scatter/prop maps, while repo docs already mark it as non-terrain scope contamination. Prior deep-dive notes also list shape/UV/topology bugs in this library.","Pure prop MeshSpec generator, not a terrain generator. Some outputs are reachable through _mesh_bridge maps, but no row-level terrain placement, LOD, material, or screenshot proof exists.",Codex local manual review
veilbreakers_terrain/procedural_meshes.py,generate_bear_trap_mesh,generate_bear_trap_mesh,7224,function,runtime_other,R13_batch_generic_other_01.csv,generic,D+,WIRE_OR_DEPRECATE,missing_wiring_row,C,RELOCATE_ASSET_LIBRARY_OR_PROVE_SCATTER_RENDER_PATH,"Manual code read: procedural_meshes.py is imported by handlers/_mesh_bridge.py and then used by scatter/prop maps, while repo docs already mark it as non-terrain scope contamination. Prior deep-dive notes also list shape/UV/topology bugs in this library.","Pure prop MeshSpec generator, not a terrain generator. Some outputs are reachable through _mesh_bridge maps, but no row-level terrain placement, LOD, material, or screenshot proof exists.",Codex local manual review
veilbreakers_terrain/procedural_meshes.py,generate_pressure_plate_mesh,generate_pressure_plate_mesh,7288,function,runtime_other,R13_batch_generic_other_01.csv,generic,D+,WIRE_OR_DEPRECATE,missing_wiring_row,C,RELOCATE_ASSET_LIBRARY_OR_PROVE_SCATTER_RENDER_PATH,"Manual code read: procedural_meshes.py is imported by handlers/_mesh_bridge.py and then used by scatter/prop maps, while repo docs already mark it as non-terrain scope contamination. Prior deep-dive notes also list shape/UV/topology bugs in this library.","Pure prop MeshSpec generator, not a terrain generator. Some outputs are reachable through _mesh_bridge maps, but no row-level terrain placement, LOD, material, or screenshot proof exists.",Codex local manual review
veilbreakers_terrain/procedural_meshes.py,generate_dart_launcher_mesh,generate_dart_launcher_mesh,7347,function,runtime_other,R13_batch_generic_other_01.csv,generic,D+,WIRE_OR_DEPRECATE,missing_wiring_row,C,RELOCATE_ASSET_LIBRARY_OR_PROVE_SCATTER_RENDER_PATH,"Manual code read: procedural_meshes.py is imported by handlers/_mesh_bridge.py and then used by scatter/prop maps, while repo docs already mark it as non-terrain scope contamination. Prior deep-dive notes also list shape/UV/topology bugs in this library.","Pure prop MeshSpec generator, not a terrain generator. Some outputs are reachable through _mesh_bridge maps, but no row-level terrain placement, LOD, material, or screenshot proof exists.",Codex local manual review
veilbreakers_terrain/procedural_meshes.py,generate_swinging_blade_mesh,generate_swinging_blade_mesh,7415,function,runtime_other,R13_batch_generic_other_01.csv,generic,D+,WIRE_OR_DEPRECATE,missing_wiring_row,C,RELOCATE_ASSET_LIBRARY_OR_PROVE_SCATTER_RENDER_PATH,"Manual code read: procedural_meshes.py is imported by handlers/_mesh_bridge.py and then used by scatter/prop maps, while repo docs already mark it as non-terrain scope contamination. Prior deep-dive notes also list shape/UV/topology bugs in this library.","Pure prop MeshSpec generator, not a terrain generator. Some outputs are reachable through _mesh_bridge maps, but no row-level terrain placement, LOD, material, or screenshot proof exists.",Codex local manual review
veilbreakers_terrain/procedural_meshes.py,generate_falling_cage_mesh,generate_falling_cage_mesh,7487,function,runtime_other,R13_batch_generic_other_01.csv,generic,D+,WIRE_OR_DEPRECATE,missing_wiring_row,C,RELOCATE_ASSET_LIBRARY_OR_PROVE_SCATTER_RENDER_PATH,"Manual code read: procedural_meshes.py is imported by handlers/_mesh_bridge.py and then used by scatter/prop maps, while repo docs already mark it as non-terrain scope contamination. Prior deep-dive notes also list shape/UV/topology bugs in this library.","Pure prop MeshSpec generator, not a terrain generator. Some outputs are reachable through _mesh_bridge maps, but no row-level terrain placement, LOD, material, or screenshot proof exists.",Codex local manual review
veilbreakers_terrain/procedural_meshes.py,generate_cart_mesh,generate_cart_mesh,7577,function,runtime_other,R13_batch_generic_other_01.csv,generic,D+,WIRE_OR_DEPRECATE,missing_wiring_row,C,RELOCATE_ASSET_LIBRARY_OR_PROVE_SCATTER_RENDER_PATH,"Manual code read: procedural_meshes.py is imported by handlers/_mesh_bridge.py and then used by scatter/prop maps, while repo docs already mark it as non-terrain scope contamination. Prior deep-dive notes also list shape/UV/topology bugs in this library.","Pure prop MeshSpec generator, not a terrain generator. Some outputs are reachable through _mesh_bridge maps, but no row-level terrain placement, LOD, material, or screenshot proof exists.",Codex local manual review
veilbreakers_terrain/procedural_meshes.py,generate_boat_mesh,generate_boat_mesh,7742,function,runtime_other,R13_batch_generic_other_01.csv,generic,D+,WIRE_OR_DEPRECATE,missing_wiring_row,C,RELOCATE_ASSET_LIBRARY_OR_PROVE_SCATTER_RENDER_PATH,"Manual code read: procedural_meshes.py is imported by handlers/_mesh_bridge.py and then used by scatter/prop maps, while repo docs already mark it as non-terrain scope contamination. Prior deep-dive notes also list shape/UV/topology bugs in this library.","Pure prop MeshSpec generator, not a terrain generator. Some outputs are reachable through _mesh_bridge maps, but no row-level terrain placement, LOD, material, or screenshot proof exists.",Codex local manual review
veilbreakers_terrain/procedural_meshes.py,generate_wagon_wheel_mesh,generate_wagon_wheel_mesh,7964,function,runtime_other,R13_batch_generic_other_01.csv,generic,D+,WIRE_OR_DEPRECATE,missing_wiring_row,C,RELOCATE_ASSET_LIBRARY_OR_PROVE_SCATTER_RENDER_PATH,"Manual code read: procedural_meshes.py is imported by handlers/_mesh_bridge.py and then used by scatter/prop maps, while repo docs already mark it as non-terrain scope contamination. Prior deep-dive notes also list shape/UV/topology bugs in this library.","Pure prop MeshSpec generator, not a terrain generator. Some outputs are reachable through _mesh_bridge maps, but no row-level terrain placement, LOD, material, or screenshot proof exists.",Codex local manual review
veilbreakers_terrain/procedural_meshes.py,generate_column_row_mesh,generate_column_row_mesh,8045,function,runtime_other,R13_batch_generic_other_01.csv,generic,D+,WIRE_OR_DEPRECATE,missing_wiring_row,C,RELOCATE_ASSET_LIBRARY_OR_PROVE_SCATTER_RENDER_PATH,"Manual code read: procedural_meshes.py is imported by handlers/_mesh_bridge.py and then used by scatter/prop maps, while repo docs already mark it as non-terrain scope contamination. Prior deep-dive notes also list shape/UV/topology bugs in this library.","Pure prop MeshSpec generator, not a terrain generator. Some outputs are reachable through _mesh_bridge maps, but no row-level terrain placement, LOD, material, or screenshot proof exists.",Codex local manual review
veilbreakers_terrain/procedural_meshes.py,generate_buttress_mesh,generate_buttress_mesh,8161,function,runtime_other,R13_batch_generic_other_01.csv,generic,D+,WIRE_OR_DEPRECATE,missing_wiring_row,C,RELOCATE_ASSET_LIBRARY_OR_PROVE_SCATTER_RENDER_PATH,"Manual code read: procedural_meshes.py is imported by handlers/_mesh_bridge.py and then used by scatter/prop maps, while repo docs already mark it as non-terrain scope contamination. Prior deep-dive notes also list shape/UV/topology bugs in this library.","Pure prop MeshSpec generator, not a terrain generator. Some outputs are reachable through _mesh_bridge maps, but no row-level terrain placement, LOD, material, or screenshot proof exists.",Codex local manual review
veilbreakers_terrain/procedural_meshes.py,generate_rampart_mesh,generate_rampart_mesh,8243,function,runtime_other,R13_batch_generic_other_01.csv,generic,D+,WIRE_OR_DEPRECATE,missing_wiring_row,C,RELOCATE_ASSET_LIBRARY_OR_PROVE_SCATTER_RENDER_PATH,"Manual code read: procedural_meshes.py is imported by handlers/_mesh_bridge.py and then used by scatter/prop maps, while repo docs already mark it as non-terrain scope contamination. Prior deep-dive notes also list shape/UV/topology bugs in this library.","Pure prop MeshSpec generator, not a terrain generator. Some outputs are reachable through _mesh_bridge maps, but no row-level terrain placement, LOD, material, or screenshot proof exists.",Codex local manual review
veilbreakers_terrain/procedural_meshes.py,generate_drawbridge_mesh,generate_drawbridge_mesh,8303,function,runtime_other,R13_batch_generic_other_01.csv,generic,D+,WIRE_OR_DEPRECATE,missing_wiring_row,C,RELOCATE_ASSET_LIBRARY_OR_PROVE_SCATTER_RENDER_PATH,"Manual code read: procedural_meshes.py is imported by handlers/_mesh_bridge.py and then used by scatter/prop maps, while repo docs already mark it as non-terrain scope contamination. Prior deep-dive notes also list shape/UV/topology bugs in this library.","Pure prop MeshSpec generator, not a terrain generator. Some outputs are reachable through _mesh_bridge maps, but no row-level terrain placement, LOD, material, or screenshot proof exists.",Codex local manual review
veilbreakers_terrain/procedural_meshes.py,generate_well_mesh,generate_well_mesh,8386,function,runtime_other,R13_batch_generic_other_01.csv,generic,D+,WIRE_OR_DEPRECATE,missing_wiring_row,C,RELOCATE_ASSET_LIBRARY_OR_PROVE_SCATTER_RENDER_PATH,"Manual code read: procedural_meshes.py is imported by handlers/_mesh_bridge.py and then used by scatter/prop maps, while repo docs already mark it as non-terrain scope contamination. Prior deep-dive notes also list shape/UV/topology bugs in this library.","Pure prop MeshSpec generator, not a terrain generator. Some outputs are reachable through _mesh_bridge maps, but no row-level terrain placement, LOD, material, or screenshot proof exists.",Codex local manual review
veilbreakers_terrain/procedural_meshes.py,generate_ladder_mesh,generate_ladder_mesh,8490,function,runtime_other,R13_batch_generic_other_01.csv,generic,D+,WIRE_OR_DEPRECATE,missing_wiring_row,C,RELOCATE_ASSET_LIBRARY_OR_PROVE_SCATTER_RENDER_PATH,"Manual code read: procedural_meshes.py is imported by handlers/_mesh_bridge.py and then used by scatter/prop maps, while repo docs already mark it as non-terrain scope contamination. Prior deep-dive notes also list shape/UV/topology bugs in this library.","Pure prop MeshSpec generator, not a terrain generator. Some outputs are reachable through _mesh_bridge maps, but no row-level terrain placement, LOD, material, or screenshot proof exists.",Codex local manual review
veilbreakers_terrain/procedural_meshes.py,generate_scaffolding_mesh,generate_scaffolding_mesh,8536,function,runtime_other,R13_batch_generic_other_01.csv,generic,D+,WIRE_OR_DEPRECATE,missing_wiring_row,C,RELOCATE_ASSET_LIBRARY_OR_PROVE_SCATTER_RENDER_PATH,"Manual code read: procedural_meshes.py is imported by handlers/_mesh_bridge.py and then used by scatter/prop maps, while repo docs already mark it as non-terrain scope contamination. Prior deep-dive notes also list shape/UV/topology bugs in this library.","Pure prop MeshSpec generator, not a terrain generator. Some outputs are reachable through _mesh_bridge maps, but no row-level terrain placement, LOD, material, or screenshot proof exists.",Codex local manual review
veilbreakers_terrain/procedural_meshes.py,generate_sacrificial_circle_mesh,generate_sacrificial_circle_mesh,8620,function,runtime_other,R13_batch_generic_other_01.csv,generic,D+,WIRE_OR_DEPRECATE,missing_wiring_row,C,RELOCATE_ASSET_LIBRARY_OR_PROVE_SCATTER_RENDER_PATH,"Manual code read: procedural_meshes.py is imported by handlers/_mesh_bridge.py and then used by scatter/prop maps, while repo docs already mark it as non-terrain scope contamination. Prior deep-dive notes also list shape/UV/topology bugs in this library.","Pure prop MeshSpec generator, not a terrain generator. Some outputs are reachable through _mesh_bridge maps, but no row-level terrain placement, LOD, material, or screenshot proof exists.",Codex local manual review
veilbreakers_terrain/procedural_meshes.py,generate_corruption_crystal_mesh,generate_corruption_crystal_mesh,8714,function,runtime_other,R13_batch_generic_other_01.csv,generic,D+,WIRE_OR_DEPRECATE,missing_wiring_row,C,RELOCATE_ASSET_LIBRARY_OR_PROVE_SCATTER_RENDER_PATH,"Manual code read: procedural_meshes.py is imported by handlers/_mesh_bridge.py and then used by scatter/prop maps, while repo docs already mark it as non-terrain scope contamination. Prior deep-dive notes also list shape/UV/topology bugs in this library.","Pure prop MeshSpec generator, not a terrain generator. Some outputs are reachable through _mesh_bridge maps, but no row-level terrain placement, LOD, material, or screenshot proof exists.",Codex local manual review
veilbreakers_terrain/procedural_meshes.py,generate_veil_tear_mesh,generate_veil_tear_mesh,8784,function,runtime_other,R13_batch_generic_other_01.csv,generic,D+,WIRE_OR_DEPRECATE,missing_wiring_row,C,RELOCATE_ASSET_LIBRARY_OR_PROVE_SCATTER_RENDER_PATH,"Manual code read: procedural_meshes.py is imported by handlers/_mesh_bridge.py and then used by scatter/prop maps, while repo docs already mark it as non-terrain scope contamination. Prior deep-dive notes also list shape/UV/topology bugs in this library.","Pure prop MeshSpec generator, not a terrain generator. Some outputs are reachable through _mesh_bridge maps, but no row-level terrain placement, LOD, material, or screenshot proof exists.",Codex local manual review
veilbreakers_terrain/procedural_meshes.py,generate_soul_cage_mesh,generate_soul_cage_mesh,8855,function,runtime_other,R13_batch_generic_other_01.csv,generic,D+,WIRE_OR_DEPRECATE,missing_wiring_row,C,RELOCATE_ASSET_LIBRARY_OR_PROVE_SCATTER_RENDER_PATH,"Manual code read: procedural_meshes.py is imported by handlers/_mesh_bridge.py and then used by scatter/prop maps, while repo docs already mark it as non-terrain scope contamination. Prior deep-dive notes also list shape/UV/topology bugs in this library.","Pure prop MeshSpec generator, not a terrain generator. Some outputs are reachable through _mesh_bridge maps, but no row-level terrain placement, LOD, material, or screenshot proof exists.",Codex local manual review
veilbreakers_terrain/procedural_meshes.py,generate_blood_fountain_mesh,generate_blood_fountain_mesh,8950,function,runtime_other,R13_batch_generic_other_01.csv,generic,D+,WIRE_OR_DEPRECATE,missing_wiring_row,C,RELOCATE_ASSET_LIBRARY_OR_PROVE_SCATTER_RENDER_PATH,"Manual code read: procedural_meshes.py is imported by handlers/_mesh_bridge.py and then used by scatter/prop maps, while repo docs already mark it as non-terrain scope contamination. Prior deep-dive notes also list shape/UV/topology bugs in this library.","Pure prop MeshSpec generator, not a terrain generator. Some outputs are reachable through _mesh_bridge maps, but no row-level terrain placement, LOD, material, or screenshot proof exists.",Codex local manual review
veilbreakers_terrain/procedural_meshes.py,generate_bone_throne_mesh,generate_bone_throne_mesh,9037,function,runtime_other,R13_batch_generic_other_01.csv,generic,D+,WIRE_OR_DEPRECATE,missing_wiring_row,C,RELOCATE_ASSET_LIBRARY_OR_PROVE_SCATTER_RENDER_PATH,"Manual code read: procedural_meshes.py is imported by handlers/_mesh_bridge.py and then used by scatter/prop maps, while repo docs already mark it as non-terrain scope contamination. Prior deep-dive notes also list shape/UV/topology bugs in this library.","Pure prop MeshSpec generator, not a terrain generator. Some outputs are reachable through _mesh_bridge maps, but no row-level terrain placement, LOD, material, or screenshot proof exists.",Codex local manual review
veilbreakers_terrain/procedural_meshes.py,generate_dark_obelisk_mesh,generate_dark_obelisk_mesh,9132,function,runtime_other,R13_batch_generic_other_01.csv,generic,D+,WIRE_OR_DEPRECATE,missing_wiring_row,C,RELOCATE_ASSET_LIBRARY_OR_PROVE_SCATTER_RENDER_PATH,"Manual code read: procedural_meshes.py is imported by handlers/_mesh_bridge.py and then used by scatter/prop maps, while repo docs already mark it as non-terrain scope contamination. Prior deep-dive notes also list shape/UV/topology bugs in this library.","Pure prop MeshSpec generator, not a terrain generator. Some outputs are reachable through _mesh_bridge maps, but no row-level terrain placement, LOD, material, or screenshot proof exists.",Codex local manual review
veilbreakers_terrain/procedural_meshes.py,generate_spider_web_mesh,generate_spider_web_mesh,9232,function,runtime_other,R13_batch_generic_other_01.csv,generic,D+,WIRE_OR_DEPRECATE,missing_wiring_row,C,RELOCATE_ASSET_LIBRARY_OR_PROVE_SCATTER_RENDER_PATH,"Manual code read: procedural_meshes.py is imported by handlers/_mesh_bridge.py and then used by scatter/prop maps, while repo docs already mark it as non-terrain scope contamination. Prior deep-dive notes also list shape/UV/topology bugs in this library.","Pure prop MeshSpec generator, not a terrain generator. Some outputs are reachable through _mesh_bridge maps, but no row-level terrain placement, LOD, material, or screenshot proof exists.",Codex local manual review
veilbreakers_terrain/procedural_meshes.py,generate_coffin_mesh,generate_coffin_mesh,9316,function,runtime_other,R13_batch_generic_other_01.csv,generic,D+,WIRE_OR_DEPRECATE,missing_wiring_row,C,RELOCATE_ASSET_LIBRARY_OR_PROVE_SCATTER_RENDER_PATH,"Manual code read: procedural_meshes.py is imported by handlers/_mesh_bridge.py and then used by scatter/prop maps, while repo docs already mark it as non-terrain scope contamination. Prior deep-dive notes also list shape/UV/topology bugs in this library.","Pure prop MeshSpec generator, not a terrain generator. Some outputs are reachable through _mesh_bridge maps, but no row-level terrain placement, LOD, material, or screenshot proof exists.",Codex local manual review
veilbreakers_terrain/procedural_meshes.py,generate_gibbet_mesh,generate_gibbet_mesh,9407,function,runtime_other,R13_batch_generic_other_01.csv,generic,D+,WIRE_OR_DEPRECATE,missing_wiring_row,C,RELOCATE_ASSET_LIBRARY_OR_PROVE_SCATTER_RENDER_PATH,"Manual code read: procedural_meshes.py is imported by handlers/_mesh_bridge.py and then used by scatter/prop maps, while repo docs already mark it as non-terrain scope contamination. Prior deep-dive notes also list shape/UV/topology bugs in this library.","Pure prop MeshSpec generator, not a terrain generator. Some outputs are reachable through _mesh_bridge maps, but no row-level terrain placement, LOD, material, or screenshot proof exists.",Codex local manual review
veilbreakers_terrain/procedural_meshes.py,generate_urn_mesh,generate_urn_mesh,9512,function,runtime_other,R13_batch_generic_other_01.csv,generic,D+,WIRE_OR_DEPRECATE,missing_wiring_row,C,RELOCATE_ASSET_LIBRARY_OR_PROVE_SCATTER_RENDER_PATH,"Manual code read: procedural_meshes.py is imported by handlers/_mesh_bridge.py and then used by scatter/prop maps, while repo docs already mark it as non-terrain scope contamination. Prior deep-dive notes also list shape/UV/topology bugs in this library.","Pure prop MeshSpec generator, not a terrain generator. Some outputs are reachable through _mesh_bridge maps, but no row-level terrain placement, LOD, material, or screenshot proof exists.",Codex local manual review
veilbreakers_terrain/procedural_meshes.py,generate_crate_mesh,generate_crate_mesh,9618,function,runtime_other,R13_batch_generic_other_01.csv,generic,D+,WIRE_OR_DEPRECATE,missing_wiring_row,C,RELOCATE_ASSET_LIBRARY_OR_PROVE_SCATTER_RENDER_PATH,"Manual code read: procedural_meshes.py is imported by handlers/_mesh_bridge.py and then used by scatter/prop maps, while repo docs already mark it as non-terrain scope contamination. Prior deep-dive notes also list shape/UV/topology bugs in this library.","Pure prop MeshSpec generator, not a terrain generator. Some outputs are reachable through _mesh_bridge maps, but no row-level terrain placement, LOD, material, or screenshot proof exists.",Codex local manual review
veilbreakers_terrain/procedural_meshes.py,generate_sack_mesh,generate_sack_mesh,9690,function,runtime_other,R13_batch_generic_other_01.csv,generic,D+,WIRE_OR_DEPRECATE,missing_wiring_row,C,RELOCATE_ASSET_LIBRARY_OR_PROVE_SCATTER_RENDER_PATH,"Manual code read: procedural_meshes.py is imported by handlers/_mesh_bridge.py and then used by scatter/prop maps, while repo docs already mark it as non-terrain scope contamination. Prior deep-dive notes also list shape/UV/topology bugs in this library.","Pure prop MeshSpec generator, not a terrain generator. Some outputs are reachable through _mesh_bridge maps, but no row-level terrain placement, LOD, material, or screenshot proof exists.",Codex local manual review
veilbreakers_terrain/procedural_meshes.py,generate_basket_mesh,generate_basket_mesh,9738,function,runtime_other,R13_batch_generic_other_01.csv,generic,D+,WIRE_OR_DEPRECATE,missing_wiring_row,C,RELOCATE_ASSET_LIBRARY_OR_PROVE_SCATTER_RENDER_PATH,"Manual code read: procedural_meshes.py is imported by handlers/_mesh_bridge.py and then used by scatter/prop maps, while repo docs already mark it as non-terrain scope contamination. Prior deep-dive notes also list shape/UV/topology bugs in this library.","Pure prop MeshSpec generator, not a terrain generator. Some outputs are reachable through _mesh_bridge maps, but no row-level terrain placement, LOD, material, or screenshot proof exists.",Codex local manual review
veilbreakers_terrain/procedural_meshes.py,generate_treasure_pile_mesh,generate_treasure_pile_mesh,9799,function,runtime_other,R13_batch_generic_other_01.csv,generic,D+,WIRE_OR_DEPRECATE,missing_wiring_row,C,RELOCATE_ASSET_LIBRARY_OR_PROVE_SCATTER_RENDER_PATH,"Manual code read: procedural_meshes.py is imported by handlers/_mesh_bridge.py and then used by scatter/prop maps, while repo docs already mark it as non-terrain scope contamination. Prior deep-dive notes also list shape/UV/topology bugs in this library.","Pure prop MeshSpec generator, not a terrain generator. Some outputs are reachable through _mesh_bridge maps, but no row-level terrain placement, LOD, material, or screenshot proof exists.",Codex local manual review
veilbreakers_terrain/procedural_meshes.py,generate_potion_bottle_mesh,generate_potion_bottle_mesh,9861,function,runtime_other,R13_batch_generic_other_01.csv,generic,D+,WIRE_OR_DEPRECATE,missing_wiring_row,C,RELOCATE_ASSET_LIBRARY_OR_PROVE_SCATTER_RENDER_PATH,"Manual code read: procedural_meshes.py is imported by handlers/_mesh_bridge.py and then used by scatter/prop maps, while repo docs already mark it as non-terrain scope contamination. Prior deep-dive notes also list shape/UV/topology bugs in this library.","Pure prop MeshSpec generator, not a terrain generator. Some outputs are reachable through _mesh_bridge maps, but no row-level terrain placement, LOD, material, or screenshot proof exists.",Codex local manual review
veilbreakers_terrain/procedural_meshes.py,generate_scroll_mesh,generate_scroll_mesh,9973,function,runtime_other,R13_batch_generic_other_01.csv,generic,D+,WIRE_OR_DEPRECATE,missing_wiring_row,C,RELOCATE_ASSET_LIBRARY_OR_PROVE_SCATTER_RENDER_PATH,"Manual code read: procedural_meshes.py is imported by handlers/_mesh_bridge.py and then used by scatter/prop maps, while repo docs already mark it as non-terrain scope contamination. Prior deep-dive notes also list shape/UV/topology bugs in this library.","Pure prop MeshSpec generator, not a terrain generator. Some outputs are reachable through _mesh_bridge maps, but no row-level terrain placement, LOD, material, or screenshot proof exists.",Codex local manual review
veilbreakers_terrain/procedural_meshes.py,generate_lantern_mesh,generate_lantern_mesh,10055,function,runtime_other,R13_batch_generic_other_01.csv,generic,D+,WIRE_OR_DEPRECATE,missing_wiring_row,C,RELOCATE_ASSET_LIBRARY_OR_PROVE_SCATTER_RENDER_PATH,"Manual code read: procedural_meshes.py is imported by handlers/_mesh_bridge.py and then used by scatter/prop maps, while repo docs already mark it as non-terrain scope contamination. Prior deep-dive notes also list shape/UV/topology bugs in this library.","Pure prop MeshSpec generator, not a terrain generator. Some outputs are reachable through _mesh_bridge maps, but no row-level terrain placement, LOD, material, or screenshot proof exists.",Codex local manual review
veilbreakers_terrain/procedural_meshes.py,generate_brazier_mesh,generate_brazier_mesh,10173,function,runtime_other,R13_batch_generic_other_01.csv,generic,D+,WIRE_OR_DEPRECATE,missing_wiring_row,C,RELOCATE_ASSET_LIBRARY_OR_PROVE_SCATTER_RENDER_PATH,"Manual code read: procedural_meshes.py is imported by handlers/_mesh_bridge.py and then used by scatter/prop maps, while repo docs already mark it as non-terrain scope contamination. Prior deep-dive notes also list shape/UV/topology bugs in this library.","Pure prop MeshSpec generator, not a terrain generator. Some outputs are reachable through _mesh_bridge maps, but no row-level terrain placement, LOD, material, or screenshot proof exists.",Codex local manual review
veilbreakers_terrain/procedural_meshes.py,generate_campfire_mesh,generate_campfire_mesh,10284,function,runtime_other,R13_batch_generic_other_01.csv,generic,D+,WIRE_OR_DEPRECATE,missing_wiring_row,C,RELOCATE_ASSET_LIBRARY_OR_PROVE_SCATTER_RENDER_PATH,"Manual code read: procedural_meshes.py is imported by handlers/_mesh_bridge.py and then used by scatter/prop maps, while repo docs already mark it as non-terrain scope contamination. Prior deep-dive notes also list shape/UV/topology bugs in this library.","Pure prop MeshSpec generator, not a terrain generator. Some outputs are reachable through _mesh_bridge maps, but no row-level terrain placement, LOD, material, or screenshot proof exists.",Codex local manual review
veilbreakers_terrain/procedural_meshes.py,generate_crystal_light_mesh,generate_crystal_light_mesh,10346,function,runtime_other,R13_batch_generic_other_01.csv,generic,D+,WIRE_OR_DEPRECATE,missing_wiring_row,C,RELOCATE_ASSET_LIBRARY_OR_PROVE_SCATTER_RENDER_PATH,"Manual code read: procedural_meshes.py is imported by handlers/_mesh_bridge.py and then used by scatter/prop maps, while repo docs already mark it as non-terrain scope contamination. Prior deep-dive notes also list shape/UV/topology bugs in this library.","Pure prop MeshSpec generator, not a terrain generator. Some outputs are reachable through _mesh_bridge maps, but no row-level terrain placement, LOD, material, or screenshot proof exists.",Codex local manual review
veilbreakers_terrain/procedural_meshes.py,generate_magic_orb_light_mesh,generate_magic_orb_light_mesh,10391,function,runtime_other,R13_batch_generic_other_01.csv,generic,D+,WIRE_OR_DEPRECATE,missing_wiring_row,C,RELOCATE_ASSET_LIBRARY_OR_PROVE_SCATTER_RENDER_PATH,"Manual code read: procedural_meshes.py is imported by handlers/_mesh_bridge.py and then used by scatter/prop maps, while repo docs already mark it as non-terrain scope contamination. Prior deep-dive notes also list shape/UV/topology bugs in this library.","Pure prop MeshSpec generator, not a terrain generator. Some outputs are reachable through _mesh_bridge maps, but no row-level terrain placement, LOD, material, or screenshot proof exists.",Codex local manual review
veilbreakers_terrain/procedural_meshes.py,generate_door_mesh,generate_door_mesh,10451,function,runtime_other,R13_batch_generic_other_01.csv,generic,D+,WIRE_OR_DEPRECATE,missing_wiring_row,C,RELOCATE_ASSET_LIBRARY_OR_PROVE_SCATTER_RENDER_PATH,"Manual code read: procedural_meshes.py is imported by handlers/_mesh_bridge.py and then used by scatter/prop maps, while repo docs already mark it as non-terrain scope contamination. Prior deep-dive notes also list shape/UV/topology bugs in this library.","Pure prop MeshSpec generator, not a terrain generator. Some outputs are reachable through _mesh_bridge maps, but no row-level terrain placement, LOD, material, or screenshot proof exists.",Codex local manual review
veilbreakers_terrain/procedural_meshes.py,generate_window_mesh,generate_window_mesh,10626,function,runtime_other,R13_batch_generic_other_01.csv,generic,D+,WIRE_OR_DEPRECATE,missing_wiring_row,C,RELOCATE_ASSET_LIBRARY_OR_PROVE_SCATTER_RENDER_PATH,"Manual code read: procedural_meshes.py is imported by handlers/_mesh_bridge.py and then used by scatter/prop maps, while repo docs already mark it as non-terrain scope contamination. Prior deep-dive notes also list shape/UV/topology bugs in this library.","Pure prop MeshSpec generator, not a terrain generator. Some outputs are reachable through _mesh_bridge maps, but no row-level terrain placement, LOD, material, or screenshot proof exists.",Codex local manual review
veilbreakers_terrain/procedural_meshes.py,generate_trapdoor_mesh,generate_trapdoor_mesh,10756,function,runtime_other,R13_batch_generic_other_01.csv,generic,D+,WIRE_OR_DEPRECATE,missing_wiring_row,C,RELOCATE_ASSET_LIBRARY_OR_PROVE_SCATTER_RENDER_PATH,"Manual code read: procedural_meshes.py is imported by handlers/_mesh_bridge.py and then used by scatter/prop maps, while repo docs already mark it as non-terrain scope contamination. Prior deep-dive notes also list shape/UV/topology bugs in this library.","Pure prop MeshSpec generator, not a terrain generator. Some outputs are reachable through _mesh_bridge maps, but no row-level terrain placement, LOD, material, or screenshot proof exists.",Codex local manual review
veilbreakers_terrain/procedural_meshes.py,generate_banner_mesh,generate_banner_mesh,10852,function,runtime_other,R13_batch_generic_other_01.csv,generic,D+,WIRE_OR_DEPRECATE,missing_wiring_row,C,RELOCATE_ASSET_LIBRARY_OR_PROVE_SCATTER_RENDER_PATH,"Manual code read: procedural_meshes.py is imported by handlers/_mesh_bridge.py and then used by scatter/prop maps, while repo docs already mark it as non-terrain scope contamination. Prior deep-dive notes also list shape/UV/topology bugs in this library.","Pure prop MeshSpec generator, not a terrain generator. Some outputs are reachable through _mesh_bridge maps, but no row-level terrain placement, LOD, material, or screenshot proof exists.",Codex local manual review
veilbreakers_terrain/procedural_meshes.py,generate_wall_shield_mesh,generate_wall_shield_mesh,10912,function,runtime_other,R13_batch_generic_other_01.csv,generic,D+,WIRE_OR_DEPRECATE,missing_wiring_row,C,RELOCATE_ASSET_LIBRARY_OR_PROVE_SCATTER_RENDER_PATH,"Manual code read: procedural_meshes.py is imported by handlers/_mesh_bridge.py and then used by scatter/prop maps, while repo docs already mark it as non-terrain scope contamination. Prior deep-dive notes also list shape/UV/topology bugs in this library.","Pure prop MeshSpec generator, not a terrain generator. Some outputs are reachable through _mesh_bridge maps, but no row-level terrain placement, LOD, material, or screenshot proof exists.",Codex local manual review
veilbreakers_terrain/procedural_meshes.py,generate_mounted_head_mesh,generate_mounted_head_mesh,11015,function,runtime_other,R13_batch_generic_other_01.csv,generic,D+,WIRE_OR_DEPRECATE,missing_wiring_row,C,RELOCATE_ASSET_LIBRARY_OR_PROVE_SCATTER_RENDER_PATH,"Manual code read: procedural_meshes.py is imported by handlers/_mesh_bridge.py and then used by scatter/prop maps, while repo docs already mark it as non-terrain scope contamination. Prior deep-dive notes also list shape/UV/topology bugs in this library.","Pure prop MeshSpec generator, not a terrain generator. Some outputs are reachable through _mesh_bridge maps, but no row-level terrain placement, LOD, material, or screenshot proof exists.",Codex local manual review
veilbreakers_terrain/procedural_meshes.py,generate_painting_frame_mesh,generate_painting_frame_mesh,11120,function,runtime_other,R13_batch_generic_other_01.csv,generic,D+,WIRE_OR_DEPRECATE,missing_wiring_row,C,RELOCATE_ASSET_LIBRARY_OR_PROVE_SCATTER_RENDER_PATH,"Manual code read: procedural_meshes.py is imported by handlers/_mesh_bridge.py and then used by scatter/prop maps, while repo docs already mark it as non-terrain scope contamination. Prior deep-dive notes also list shape/UV/topology bugs in this library.","Pure prop MeshSpec generator, not a terrain generator. Some outputs are reachable through _mesh_bridge maps, but no row-level terrain placement, LOD, material, or screenshot proof exists.",Codex local manual review
veilbreakers_terrain/procedural_meshes.py,generate_rug_mesh,generate_rug_mesh,11194,function,runtime_other,R13_batch_generic_other_01.csv,generic,D+,WIRE_OR_DEPRECATE,missing_wiring_row,C,RELOCATE_ASSET_LIBRARY_OR_PROVE_SCATTER_RENDER_PATH,"Manual code read: procedural_meshes.py is imported by handlers/_mesh_bridge.py and then used by scatter/prop maps, while repo docs already mark it as non-terrain scope contamination. Prior deep-dive notes also list shape/UV/topology bugs in this library.","Pure prop MeshSpec generator, not a terrain generator. Some outputs are reachable through _mesh_bridge maps, but no row-level terrain placement, LOD, material, or screenshot proof exists.",Codex local manual review
veilbreakers_terrain/procedural_meshes.py,generate_chandelier_mesh,generate_chandelier_mesh,11284,function,runtime_other,R13_batch_generic_other_01.csv,generic,D+,WIRE_OR_DEPRECATE,missing_wiring_row,C,RELOCATE_ASSET_LIBRARY_OR_PROVE_SCATTER_RENDER_PATH,"Manual code read: procedural_meshes.py is imported by handlers/_mesh_bridge.py and then used by scatter/prop maps, while repo docs already mark it as non-terrain scope contamination. Prior deep-dive notes also list shape/UV/topology bugs in this library.","Pure prop MeshSpec generator, not a terrain generator. Some outputs are reachable through _mesh_bridge maps, but no row-level terrain placement, LOD, material, or screenshot proof exists.",Codex local manual review
veilbreakers_terrain/procedural_meshes.py,generate_hanging_cage_mesh,generate_hanging_cage_mesh,11357,function,runtime_other,R13_batch_generic_other_01.csv,generic,D+,WIRE_OR_DEPRECATE,missing_wiring_row,C,RELOCATE_ASSET_LIBRARY_OR_PROVE_SCATTER_RENDER_PATH,"Manual code read: procedural_meshes.py is imported by handlers/_mesh_bridge.py and then used by scatter/prop maps, while repo docs already mark it as non-terrain scope contamination. Prior deep-dive notes also list shape/UV/topology bugs in this library.","Pure prop MeshSpec generator, not a terrain generator. Some outputs are reachable through _mesh_bridge maps, but no row-level terrain placement, LOD, material, or screenshot proof exists.",Codex local manual review
veilbreakers_terrain/procedural_meshes.py,generate_anvil_mesh,generate_anvil_mesh,11427,function,runtime_other,R13_batch_generic_other_01.csv,generic,D+,WIRE_OR_DEPRECATE,missing_wiring_row,C,RELOCATE_ASSET_LIBRARY_OR_PROVE_SCATTER_RENDER_PATH,"Manual code read: procedural_meshes.py is imported by handlers/_mesh_bridge.py and then used by scatter/prop maps, while repo docs already mark it as non-terrain scope contamination. Prior deep-dive notes also list shape/UV/topology bugs in this library.","Pure prop MeshSpec generator, not a terrain generator. Some outputs are reachable through _mesh_bridge maps, but no row-level terrain placement, LOD, material, or screenshot proof exists.",Codex local manual review
veilbreakers_terrain/procedural_meshes.py,generate_forge_mesh,generate_forge_mesh,11490,function,runtime_other,R13_batch_generic_other_01.csv,generic,D+,WIRE_OR_DEPRECATE,missing_wiring_row,C,RELOCATE_ASSET_LIBRARY_OR_PROVE_SCATTER_RENDER_PATH,"Manual code read: procedural_meshes.py is imported by handlers/_mesh_bridge.py and then used by scatter/prop maps, while repo docs already mark it as non-terrain scope contamination. Prior deep-dive notes also list shape/UV/topology bugs in this library.","Pure prop MeshSpec generator, not a terrain generator. Some outputs are reachable through _mesh_bridge maps, but no row-level terrain placement, LOD, material, or screenshot proof exists.",Codex local manual review
veilbreakers_terrain/procedural_meshes.py,generate_workbench_mesh,generate_workbench_mesh,11555,function,runtime_other,R13_batch_generic_other_01.csv,generic,D+,WIRE_OR_DEPRECATE,missing_wiring_row,C,RELOCATE_ASSET_LIBRARY_OR_PROVE_SCATTER_RENDER_PATH,"Manual code read: procedural_meshes.py is imported by handlers/_mesh_bridge.py and then used by scatter/prop maps, while repo docs already mark it as non-terrain scope contamination. Prior deep-dive notes also list shape/UV/topology bugs in this library.","Pure prop MeshSpec generator, not a terrain generator. Some outputs are reachable through _mesh_bridge maps, but no row-level terrain placement, LOD, material, or screenshot proof exists.",Codex local manual review
veilbreakers_terrain/procedural_meshes.py,generate_cauldron_mesh,generate_cauldron_mesh,11632,function,runtime_other,R13_batch_generic_other_01.csv,generic,D+,WIRE_OR_DEPRECATE,missing_wiring_row,C,RELOCATE_ASSET_LIBRARY_OR_PROVE_SCATTER_RENDER_PATH,"Manual code read: procedural_meshes.py is imported by handlers/_mesh_bridge.py and then used by scatter/prop maps, while repo docs already mark it as non-terrain scope contamination. Prior deep-dive notes also list shape/UV/topology bugs in this library.","Pure prop MeshSpec generator, not a terrain generator. Some outputs are reachable through _mesh_bridge maps, but no row-level terrain placement, LOD, material, or screenshot proof exists.",Codex local manual review
veilbreakers_terrain/procedural_meshes.py,generate_grinding_wheel_mesh,generate_grinding_wheel_mesh,11695,function,runtime_other,R13_batch_generic_other_01.csv,generic,D+,WIRE_OR_DEPRECATE,missing_wiring_row,C,RELOCATE_ASSET_LIBRARY_OR_PROVE_SCATTER_RENDER_PATH,"Manual code read: procedural_meshes.py is imported by handlers/_mesh_bridge.py and then used by scatter/prop maps, while repo docs already mark it as non-terrain scope contamination. Prior deep-dive notes also list shape/UV/topology bugs in this library.","Pure prop MeshSpec generator, not a terrain generator. Some outputs are reachable through _mesh_bridge maps, but no row-level terrain placement, LOD, material, or screenshot proof exists.",Codex local manual review
veilbreakers_terrain/procedural_meshes.py,generate_loom_mesh,generate_loom_mesh,11757,function,runtime_other,R13_batch_generic_other_01.csv,generic,D+,WIRE_OR_DEPRECATE,missing_wiring_row,C,RELOCATE_ASSET_LIBRARY_OR_PROVE_SCATTER_RENDER_PATH,"Manual code read: procedural_meshes.py is imported by handlers/_mesh_bridge.py and then used by scatter/prop maps, while repo docs already mark it as non-terrain scope contamination. Prior deep-dive notes also list shape/UV/topology bugs in this library.","Pure prop MeshSpec generator, not a terrain generator. Some outputs are reachable through _mesh_bridge maps, but no row-level terrain placement, LOD, material, or screenshot proof exists.",Codex local manual review
veilbreakers_terrain/procedural_meshes.py,generate_market_stall_mesh,generate_market_stall_mesh,11817,function,runtime_other,R13_batch_generic_other_01.csv,generic,D+,WIRE_OR_DEPRECATE,missing_wiring_row,C,RELOCATE_ASSET_LIBRARY_OR_PROVE_SCATTER_RENDER_PATH,"Manual code read: procedural_meshes.py is imported by handlers/_mesh_bridge.py and then used by scatter/prop maps, while repo docs already mark it as non-terrain scope contamination. Prior deep-dive notes also list shape/UV/topology bugs in this library.","Pure prop MeshSpec generator, not a terrain generator. Some outputs are reachable through _mesh_bridge maps, but no row-level terrain placement, LOD, material, or screenshot proof exists.",Codex local manual review
veilbreakers_terrain/procedural_meshes.py,generate_signpost_mesh,generate_signpost_mesh,11910,function,runtime_other,R13_batch_generic_other_01.csv,generic,D+,WIRE_OR_DEPRECATE,missing_wiring_row,C,RELOCATE_ASSET_LIBRARY_OR_PROVE_SCATTER_RENDER_PATH,"Manual code read: procedural_meshes.py is imported by handlers/_mesh_bridge.py and then used by scatter/prop maps, while repo docs already mark it as non-terrain scope contamination. Prior deep-dive notes also list shape/UV/topology bugs in this library.","Pure prop MeshSpec generator, not a terrain generator. Some outputs are reachable through _mesh_bridge maps, but no row-level terrain placement, LOD, material, or screenshot proof exists.",Codex local manual review
veilbreakers_terrain/procedural_meshes.py,generate_gravestone_mesh,generate_gravestone_mesh,11969,function,runtime_other,R13_batch_generic_other_01.csv,generic,D+,WIRE_OR_DEPRECATE,missing_wiring_row,C,RELOCATE_ASSET_LIBRARY_OR_PROVE_SCATTER_RENDER_PATH,"Manual code read: procedural_meshes.py is imported by handlers/_mesh_bridge.py and then used by scatter/prop maps, while repo docs already mark it as non-terrain scope contamination. Prior deep-dive notes also list shape/UV/topology bugs in this library.","Pure prop MeshSpec generator, not a terrain generator. Some outputs are reachable through _mesh_bridge maps, but no row-level terrain placement, LOD, material, or screenshot proof exists.",Codex local manual review
veilbreakers_terrain/procedural_meshes.py,generate_waystone_mesh,generate_waystone_mesh,12059,function,runtime_other,R13_batch_generic_other_01.csv,generic,D+,WIRE_OR_DEPRECATE,missing_wiring_row,C,RELOCATE_ASSET_LIBRARY_OR_PROVE_SCATTER_RENDER_PATH,"Manual code read: procedural_meshes.py is imported by handlers/_mesh_bridge.py and then used by scatter/prop maps, while repo docs already mark it as non-terrain scope contamination. Prior deep-dive notes also list shape/UV/topology bugs in this library.","Pure prop MeshSpec generator, not a terrain generator. Some outputs are reachable through _mesh_bridge maps, but no row-level terrain placement, LOD, material, or screenshot proof exists.",Codex local manual review
veilbreakers_terrain/procedural_meshes.py,generate_milestone_mesh,generate_milestone_mesh,12106,function,runtime_other,R13_batch_generic_other_01.csv,generic,D+,WIRE_OR_DEPRECATE,missing_wiring_row,C,RELOCATE_ASSET_LIBRARY_OR_PROVE_SCATTER_RENDER_PATH,"Manual code read: procedural_meshes.py is imported by handlers/_mesh_bridge.py and then used by scatter/prop maps, while repo docs already mark it as non-terrain scope contamination. Prior deep-dive notes also list shape/UV/topology bugs in this library.","Pure prop MeshSpec generator, not a terrain generator. Some outputs are reachable through _mesh_bridge maps, but no row-level terrain placement, LOD, material, or screenshot proof exists.",Codex local manual review
veilbreakers_terrain/procedural_meshes.py,generate_stalactite_mesh,generate_stalactite_mesh,12150,function,runtime_other,R13_batch_generic_other_01.csv,generic,D+,WIRE_OR_DEPRECATE,missing_wiring_row,C,RELOCATE_ASSET_LIBRARY_OR_PROVE_SCATTER_RENDER_PATH,"Manual code read: procedural_meshes.py is imported by handlers/_mesh_bridge.py and then used by scatter/prop maps, while repo docs already mark it as non-terrain scope contamination. Prior deep-dive notes also list shape/UV/topology bugs in this library.","Pure prop MeshSpec generator, not a terrain generator. Some outputs are reachable through _mesh_bridge maps, but no row-level terrain placement, LOD, material, or screenshot proof exists.",Codex local manual review
veilbreakers_terrain/procedural_meshes.py,generate_stalagmite_mesh,generate_stalagmite_mesh,12206,function,runtime_other,R13_batch_generic_other_01.csv,generic,D+,WIRE_OR_DEPRECATE,missing_wiring_row,C,RELOCATE_ASSET_LIBRARY_OR_PROVE_SCATTER_RENDER_PATH,"Manual code read: procedural_meshes.py is imported by handlers/_mesh_bridge.py and then used by scatter/prop maps, while repo docs already mark it as non-terrain scope contamination. Prior deep-dive notes also list shape/UV/topology bugs in this library.","Pure prop MeshSpec generator, not a terrain generator. Some outputs are reachable through _mesh_bridge maps, but no row-level terrain placement, LOD, material, or screenshot proof exists.",Codex local manual review
veilbreakers_terrain/procedural_meshes.py,generate_bone_pile_mesh,generate_bone_pile_mesh,12260,function,runtime_other,R13_batch_generic_other_01.csv,generic,D+,WIRE_OR_DEPRECATE,missing_wiring_row,C,RELOCATE_ASSET_LIBRARY_OR_PROVE_SCATTER_RENDER_PATH,"Manual code read: procedural_meshes.py is imported by handlers/_mesh_bridge.py and then used by scatter/prop maps, while repo docs already mark it as non-terrain scope contamination. Prior deep-dive notes also list shape/UV/topology bugs in this library.","Pure prop MeshSpec generator, not a terrain generator. Some outputs are reachable through _mesh_bridge maps, but no row-level terrain placement, LOD, material, or screenshot proof exists.",Codex local manual review
veilbreakers_terrain/procedural_meshes.py,generate_nest_mesh,generate_nest_mesh,12313,function,runtime_other,R13_batch_generic_other_01.csv,generic,D+,WIRE_OR_DEPRECATE,missing_wiring_row,C,RELOCATE_ASSET_LIBRARY_OR_PROVE_SCATTER_RENDER_PATH,"Manual code read: procedural_meshes.py is imported by handlers/_mesh_bridge.py and then used by scatter/prop maps, while repo docs already mark it as non-terrain scope contamination. Prior deep-dive notes also list shape/UV/topology bugs in this library.","Pure prop MeshSpec generator, not a terrain generator. Some outputs are reachable through _mesh_bridge maps, but no row-level terrain placement, LOD, material, or screenshot proof exists.",Codex local manual review
veilbreakers_terrain/procedural_meshes.py,generate_geyser_vent_mesh,generate_geyser_vent_mesh,12419,function,runtime_other,R13_batch_generic_other_01.csv,generic,D+,WIRE_OR_DEPRECATE,missing_wiring_row,C,RELOCATE_ASSET_LIBRARY_OR_PROVE_SCATTER_RENDER_PATH,"Manual code read: procedural_meshes.py is imported by handlers/_mesh_bridge.py and then used by scatter/prop maps, while repo docs already mark it as non-terrain scope contamination. Prior deep-dive notes also list shape/UV/topology bugs in this library.","Pure prop MeshSpec generator, not a terrain generator. Some outputs are reachable through _mesh_bridge maps, but no row-level terrain placement, LOD, material, or screenshot proof exists.",Codex local manual review
veilbreakers_terrain/procedural_meshes.py,generate_fallen_log_mesh,generate_fallen_log_mesh,12472,function,runtime_other,R13_batch_generic_other_01.csv,generic,D+,WIRE_OR_DEPRECATE,missing_wiring_row,C,RELOCATE_ASSET_LIBRARY_OR_PROVE_SCATTER_RENDER_PATH,"Manual code read: procedural_meshes.py is imported by handlers/_mesh_bridge.py and then used by scatter/prop maps, while repo docs already mark it as non-terrain scope contamination. Prior deep-dive notes also list shape/UV/topology bugs in this library.","Pure prop MeshSpec generator, not a terrain generator. Some outputs are reachable through _mesh_bridge maps, but no row-level terrain placement, LOD, material, or screenshot proof exists.",Codex local manual review
veilbreakers_terrain/procedural_meshes.py,generate_horn_mesh,generate_horn_mesh,12577,function,runtime_other,R13_batch_generic_other_01.csv,generic,D+,WIRE_OR_DEPRECATE,missing_wiring_row,C,RELOCATE_ASSET_LIBRARY_OR_PROVE_SCATTER_RENDER_PATH,"Manual code read: procedural_meshes.py is imported by handlers/_mesh_bridge.py and then used by scatter/prop maps, while repo docs already mark it as non-terrain scope contamination. Prior deep-dive notes also list shape/UV/topology bugs in this library.","Pure prop MeshSpec generator, not a terrain generator. Some outputs are reachable through _mesh_bridge maps, but no row-level terrain placement, LOD, material, or screenshot proof exists.",Codex local manual review
veilbreakers_terrain/procedural_meshes.py,generate_claw_set_mesh,generate_claw_set_mesh,12676,function,runtime_other,R13_batch_generic_other_01.csv,generic,D+,WIRE_OR_DEPRECATE,missing_wiring_row,C,RELOCATE_ASSET_LIBRARY_OR_PROVE_SCATTER_RENDER_PATH,"Manual code read: procedural_meshes.py is imported by handlers/_mesh_bridge.py and then used by scatter/prop maps, while repo docs already mark it as non-terrain scope contamination. Prior deep-dive notes also list shape/UV/topology bugs in this library.","Pure prop MeshSpec generator, not a terrain generator. Some outputs are reachable through _mesh_bridge maps, but no row-level terrain placement, LOD, material, or screenshot proof exists.",Codex local manual review
veilbreakers_terrain/procedural_meshes.py,generate_tail_mesh,generate_tail_mesh,12718,function,runtime_other,R13_batch_generic_other_01.csv,generic,D+,WIRE_OR_DEPRECATE,missing_wiring_row,C,RELOCATE_ASSET_LIBRARY_OR_PROVE_SCATTER_RENDER_PATH,"Manual code read: procedural_meshes.py is imported by handlers/_mesh_bridge.py and then used by scatter/prop maps, while repo docs already mark it as non-terrain scope contamination. Prior deep-dive notes also list shape/UV/topology bugs in this library.","Pure prop MeshSpec generator, not a terrain generator. Some outputs are reachable through _mesh_bridge maps, but no row-level terrain placement, LOD, material, or screenshot proof exists.",Codex local manual review
veilbreakers_terrain/procedural_meshes.py,generate_wing_mesh,generate_wing_mesh,12793,function,runtime_other,R13_batch_generic_other_01.csv,generic,D+,WIRE_OR_DEPRECATE,missing_wiring_row,C,RELOCATE_ASSET_LIBRARY_OR_PROVE_SCATTER_RENDER_PATH,"Manual code read: procedural_meshes.py is imported by handlers/_mesh_bridge.py and then used by scatter/prop maps, while repo docs already mark it as non-terrain scope contamination. Prior deep-dive notes also list shape/UV/topology bugs in this library.","Pure prop MeshSpec generator, not a terrain generator. Some outputs are reachable through _mesh_bridge maps, but no row-level terrain placement, LOD, material, or screenshot proof exists.",Codex local manual review
veilbreakers_terrain/procedural_meshes.py,generate_tentacle_mesh,generate_tentacle_mesh,12865,function,runtime_other,R13_batch_generic_other_01.csv,generic,D+,WIRE_OR_DEPRECATE,missing_wiring_row,C,RELOCATE_ASSET_LIBRARY_OR_PROVE_SCATTER_RENDER_PATH,"Manual code read: procedural_meshes.py is imported by handlers/_mesh_bridge.py and then used by scatter/prop maps, while repo docs already mark it as non-terrain scope contamination. Prior deep-dive notes also list shape/UV/topology bugs in this library.","Pure prop MeshSpec generator, not a terrain generator. Some outputs are reachable through _mesh_bridge maps, but no row-level terrain placement, LOD, material, or screenshot proof exists.",Codex local manual review
veilbreakers_terrain/procedural_meshes.py,generate_mandible_mesh,generate_mandible_mesh,12914,function,runtime_other,R13_batch_generic_other_01.csv,generic,D+,WIRE_OR_DEPRECATE,missing_wiring_row,C,RELOCATE_ASSET_LIBRARY_OR_PROVE_SCATTER_RENDER_PATH,"Manual code read: procedural_meshes.py is imported by handlers/_mesh_bridge.py and then used by scatter/prop maps, while repo docs already mark it as non-terrain scope contamination. Prior deep-dive notes also list shape/UV/topology bugs in this library.","Pure prop MeshSpec generator, not a terrain generator. Some outputs are reachable through _mesh_bridge maps, but no row-level terrain placement, LOD, material, or screenshot proof exists.",Codex local manual review
veilbreakers_terrain/procedural_meshes.py,generate_carapace_mesh,generate_carapace_mesh,12967,function,runtime_other,R13_batch_generic_other_01.csv,generic,D+,WIRE_OR_DEPRECATE,missing_wiring_row,C,RELOCATE_ASSET_LIBRARY_OR_PROVE_SCATTER_RENDER_PATH,"Manual code read: procedural_meshes.py is imported by handlers/_mesh_bridge.py and then used by scatter/prop maps, while repo docs already mark it as non-terrain scope contamination. Prior deep-dive notes also list shape/UV/topology bugs in this library.","Pure prop MeshSpec generator, not a terrain generator. Some outputs are reachable through _mesh_bridge maps, but no row-level terrain placement, LOD, material, or screenshot proof exists.",Codex local manual review
veilbreakers_terrain/procedural_meshes.py,generate_fang_mesh,generate_fang_mesh,13050,function,runtime_other,R13_batch_generic_other_01.csv,generic,D+,WIRE_OR_DEPRECATE,missing_wiring_row,C,RELOCATE_ASSET_LIBRARY_OR_PROVE_SCATTER_RENDER_PATH,"Manual code read: procedural_meshes.py is imported by handlers/_mesh_bridge.py and then used by scatter/prop maps, while repo docs already mark it as non-terrain scope contamination. Prior deep-dive notes also list shape/UV/topology bugs in this library.","Pure prop MeshSpec generator, not a terrain generator. Some outputs are reachable through _mesh_bridge maps, but no row-level terrain placement, LOD, material, or screenshot proof exists.",Codex local manual review
veilbreakers_terrain/procedural_meshes.py,generate_humanoid_beast_body,generate_humanoid_beast_body,13105,function,runtime_other,R13_batch_generic_other_01.csv,generic,D+,WIRE_OR_DEPRECATE,missing_wiring_row,C,RELOCATE_ASSET_LIBRARY_OR_PROVE_SCATTER_RENDER_PATH,"Manual code read: procedural_meshes.py is imported by handlers/_mesh_bridge.py and then used by scatter/prop maps, while repo docs already mark it as non-terrain scope contamination. Prior deep-dive notes also list shape/UV/topology bugs in this library.","Pure prop MeshSpec generator, not a terrain generator. Some outputs are reachable through _mesh_bridge maps, but no row-level terrain placement, LOD, material, or screenshot proof exists.",Codex local manual review
veilbreakers_terrain/procedural_meshes.py,generate_quadruped_body,generate_quadruped_body,13153,function,runtime_other,R13_batch_generic_other_01.csv,generic,D+,WIRE_OR_DEPRECATE,missing_wiring_row,C,RELOCATE_ASSET_LIBRARY_OR_PROVE_SCATTER_RENDER_PATH,"Manual code read: procedural_meshes.py is imported by handlers/_mesh_bridge.py and then used by scatter/prop maps, while repo docs already mark it as non-terrain scope contamination. Prior deep-dive notes also list shape/UV/topology bugs in this library.","Pure prop MeshSpec generator, not a terrain generator. Some outputs are reachable through _mesh_bridge maps, but no row-level terrain placement, LOD, material, or screenshot proof exists.",Codex local manual review
veilbreakers_terrain/procedural_meshes.py,generate_serpent_body,generate_serpent_body,13186,function,runtime_other,R13_batch_generic_other_01.csv,generic,D+,WIRE_OR_DEPRECATE,missing_wiring_row,C,RELOCATE_ASSET_LIBRARY_OR_PROVE_SCATTER_RENDER_PATH,"Manual code read: procedural_meshes.py is imported by handlers/_mesh_bridge.py and then used by scatter/prop maps, while repo docs already mark it as non-terrain scope contamination. Prior deep-dive notes also list shape/UV/topology bugs in this library.","Pure prop MeshSpec generator, not a terrain generator. Some outputs are reachable through _mesh_bridge maps, but no row-level terrain placement, LOD, material, or screenshot proof exists.",Codex local manual review
veilbreakers_terrain/procedural_meshes.py,generate_insectoid_body,generate_insectoid_body,13228,function,runtime_other,R13_batch_generic_other_01.csv,generic,D+,WIRE_OR_DEPRECATE,missing_wiring_row,C,RELOCATE_ASSET_LIBRARY_OR_PROVE_SCATTER_RENDER_PATH,"Manual code read: procedural_meshes.py is imported by handlers/_mesh_bridge.py and then used by scatter/prop maps, while repo docs already mark it as non-terrain scope contamination. Prior deep-dive notes also list shape/UV/topology bugs in this library.","Pure prop MeshSpec generator, not a terrain generator. Some outputs are reachable through _mesh_bridge maps, but no row-level terrain placement, LOD, material, or screenshot proof exists.",Codex local manual review
veilbreakers_terrain/procedural_meshes.py,generate_skeletal_frame,generate_skeletal_frame,13278,function,runtime_other,R13_batch_generic_other_01.csv,generic,D+,WIRE_OR_DEPRECATE,missing_wiring_row,C,RELOCATE_ASSET_LIBRARY_OR_PROVE_SCATTER_RENDER_PATH,"Manual code read: procedural_meshes.py is imported by handlers/_mesh_bridge.py and then used by scatter/prop maps, while repo docs already mark it as non-terrain scope contamination. Prior deep-dive notes also list shape/UV/topology bugs in this library.","Pure prop MeshSpec generator, not a terrain generator. Some outputs are reachable through _mesh_bridge maps, but no row-level terrain placement, LOD, material, or screenshot proof exists.",Codex local manual review
veilbreakers_terrain/procedural_meshes.py,generate_golem_body,generate_golem_body,13336,function,runtime_other,R13_batch_generic_other_01.csv,generic,D+,WIRE_OR_DEPRECATE,missing_wiring_row,C,RELOCATE_ASSET_LIBRARY_OR_PROVE_SCATTER_RENDER_PATH,"Manual code read: procedural_meshes.py is imported by handlers/_mesh_bridge.py and then used by scatter/prop maps, while repo docs already mark it as non-terrain scope contamination. Prior deep-dive notes also list shape/UV/topology bugs in this library.","Pure prop MeshSpec generator, not a terrain generator. Some outputs are reachable through _mesh_bridge maps, but no row-level terrain placement, LOD, material, or screenshot proof exists.",Codex local manual review
veilbreakers_terrain/procedural_meshes.py,generate_arrow_mesh,generate_arrow_mesh,13427,function,runtime_other,R13_batch_generic_other_01.csv,generic,D+,WIRE_OR_DEPRECATE,missing_wiring_row,C,RELOCATE_ASSET_LIBRARY_OR_PROVE_SCATTER_RENDER_PATH,"Manual code read: procedural_meshes.py is imported by handlers/_mesh_bridge.py and then used by scatter/prop maps, while repo docs already mark it as non-terrain scope contamination. Prior deep-dive notes also list shape/UV/topology bugs in this library.","Pure prop MeshSpec generator, not a terrain generator. Some outputs are reachable through _mesh_bridge maps, but no row-level terrain placement, LOD, material, or screenshot proof exists.",Codex local manual review
veilbreakers_terrain/procedural_meshes.py,generate_magic_orb_mesh,generate_magic_orb_mesh,13474,function,runtime_other,R13_batch_generic_other_01.csv,generic,D+,WIRE_OR_DEPRECATE,missing_wiring_row,C,RELOCATE_ASSET_LIBRARY_OR_PROVE_SCATTER_RENDER_PATH,"Manual code read: procedural_meshes.py is imported by handlers/_mesh_bridge.py and then used by scatter/prop maps, while repo docs already mark it as non-terrain scope contamination. Prior deep-dive notes also list shape/UV/topology bugs in this library.","Pure prop MeshSpec generator, not a terrain generator. Some outputs are reachable through _mesh_bridge maps, but no row-level terrain placement, LOD, material, or screenshot proof exists.",Codex local manual review
veilbreakers_terrain/procedural_meshes.py,generate_throwing_knife_mesh,generate_throwing_knife_mesh,13521,function,runtime_other,R13_batch_generic_other_01.csv,generic,D+,WIRE_OR_DEPRECATE,missing_wiring_row,C,RELOCATE_ASSET_LIBRARY_OR_PROVE_SCATTER_RENDER_PATH,"Manual code read: procedural_meshes.py is imported by handlers/_mesh_bridge.py and then used by scatter/prop maps, while repo docs already mark it as non-terrain scope contamination. Prior deep-dive notes also list shape/UV/topology bugs in this library.","Pure prop MeshSpec generator, not a terrain generator. Some outputs are reachable through _mesh_bridge maps, but no row-level terrain placement, LOD, material, or screenshot proof exists.",Codex local manual review
veilbreakers_terrain/procedural_meshes.py,generate_bomb_mesh,generate_bomb_mesh,13542,function,runtime_other,R13_batch_generic_other_01.csv,generic,D+,WIRE_OR_DEPRECATE,missing_wiring_row,C,RELOCATE_ASSET_LIBRARY_OR_PROVE_SCATTER_RENDER_PATH,"Manual code read: procedural_meshes.py is imported by handlers/_mesh_bridge.py and then used by scatter/prop maps, while repo docs already mark it as non-terrain scope contamination. Prior deep-dive notes also list shape/UV/topology bugs in this library.","Pure prop MeshSpec generator, not a terrain generator. Some outputs are reachable through _mesh_bridge maps, but no row-level terrain placement, LOD, material, or screenshot proof exists.",Codex local manual review
veilbreakers_terrain/procedural_meshes.py,generate_helmet_mesh,generate_helmet_mesh,13592,function,runtime_other,R13_batch_generic_other_01.csv,generic,D+,WIRE_OR_DEPRECATE,missing_wiring_row,C,RELOCATE_ASSET_LIBRARY_OR_PROVE_SCATTER_RENDER_PATH,"Manual code read: procedural_meshes.py is imported by handlers/_mesh_bridge.py and then used by scatter/prop maps, while repo docs already mark it as non-terrain scope contamination. Prior deep-dive notes also list shape/UV/topology bugs in this library.","Pure prop MeshSpec generator, not a terrain generator. Some outputs are reachable through _mesh_bridge maps, but no row-level terrain placement, LOD, material, or screenshot proof exists.",Codex local manual review
veilbreakers_terrain/procedural_meshes.py,generate_pauldron_mesh,generate_pauldron_mesh,13671,function,runtime_other,R13_batch_generic_other_01.csv,generic,D+,WIRE_OR_DEPRECATE,missing_wiring_row,C,RELOCATE_ASSET_LIBRARY_OR_PROVE_SCATTER_RENDER_PATH,"Manual code read: procedural_meshes.py is imported by handlers/_mesh_bridge.py and then used by scatter/prop maps, while repo docs already mark it as non-terrain scope contamination. Prior deep-dive notes also list shape/UV/topology bugs in this library.","Pure prop MeshSpec generator, not a terrain generator. Some outputs are reachable through _mesh_bridge maps, but no row-level terrain placement, LOD, material, or screenshot proof exists.",Codex local manual review
veilbreakers_terrain/procedural_meshes.py,generate_gauntlet_mesh,generate_gauntlet_mesh,13705,function,runtime_other,R13_batch_generic_other_01.csv,generic,D+,WIRE_OR_DEPRECATE,missing_wiring_row,C,RELOCATE_ASSET_LIBRARY_OR_PROVE_SCATTER_RENDER_PATH,"Manual code read: procedural_meshes.py is imported by handlers/_mesh_bridge.py and then used by scatter/prop maps, while repo docs already mark it as non-terrain scope contamination. Prior deep-dive notes also list shape/UV/topology bugs in this library.","Pure prop MeshSpec generator, not a terrain generator. Some outputs are reachable through _mesh_bridge maps, but no row-level terrain placement, LOD, material, or screenshot proof exists.",Codex local manual review
veilbreakers_terrain/procedural_meshes.py,generate_greave_mesh,generate_greave_mesh,13753,function,runtime_other,R13_batch_generic_other_01.csv,generic,D+,WIRE_OR_DEPRECATE,missing_wiring_row,C,RELOCATE_ASSET_LIBRARY_OR_PROVE_SCATTER_RENDER_PATH,"Manual code read: procedural_meshes.py is imported by handlers/_mesh_bridge.py and then used by scatter/prop maps, while repo docs already mark it as non-terrain scope contamination. Prior deep-dive notes also list shape/UV/topology bugs in this library.","Pure prop MeshSpec generator, not a terrain generator. Some outputs are reachable through _mesh_bridge maps, but no row-level terrain placement, LOD, material, or screenshot proof exists.",Codex local manual review
veilbreakers_terrain/procedural_meshes.py,generate_breastplate_mesh,generate_breastplate_mesh,13793,function,runtime_other,R13_batch_generic_other_01.csv,generic,D+,WIRE_OR_DEPRECATE,missing_wiring_row,C,RELOCATE_ASSET_LIBRARY_OR_PROVE_SCATTER_RENDER_PATH,"Manual code read: procedural_meshes.py is imported by handlers/_mesh_bridge.py and then used by scatter/prop maps, while repo docs already mark it as non-terrain scope contamination. Prior deep-dive notes also list shape/UV/topology bugs in this library.","Pure prop MeshSpec generator, not a terrain generator. Some outputs are reachable through _mesh_bridge maps, but no row-level terrain placement, LOD, material, or screenshot proof exists.",Codex local manual review
veilbreakers_terrain/procedural_meshes.py,generate_shield_mesh,generate_shield_mesh,13848,function,runtime_other,R13_batch_generic_other_01.csv,generic,D+,WIRE_OR_DEPRECATE,missing_wiring_row,C,RELOCATE_ASSET_LIBRARY_OR_PROVE_SCATTER_RENDER_PATH,"Manual code read: procedural_meshes.py is imported by handlers/_mesh_bridge.py and then used by scatter/prop maps, while repo docs already mark it as non-terrain scope contamination. Prior deep-dive notes also list shape/UV/topology bugs in this library.","Pure prop MeshSpec generator, not a terrain generator. Some outputs are reachable through _mesh_bridge maps, but no row-level terrain placement, LOD, material, or screenshot proof exists.",Codex local manual review
veilbreakers_terrain/procedural_meshes.py,generate_heater_shield_mesh,generate_heater_shield_mesh,13912,function,runtime_other,R13_batch_generic_other_01.csv,generic,D+,WIRE_OR_DEPRECATE,missing_wiring_row,C,RELOCATE_ASSET_LIBRARY_OR_PROVE_SCATTER_RENDER_PATH,"Manual code read: procedural_meshes.py is imported by handlers/_mesh_bridge.py and then used by scatter/prop maps, while repo docs already mark it as non-terrain scope contamination. Prior deep-dive notes also list shape/UV/topology bugs in this library.","Pure prop MeshSpec generator, not a terrain generator. Some outputs are reachable through _mesh_bridge maps, but no row-level terrain placement, LOD, material, or screenshot proof exists.",Codex local manual review
veilbreakers_terrain/procedural_meshes.py,generate_pavise_mesh,generate_pavise_mesh,13943,function,runtime_other,R13_batch_generic_other_01.csv,generic,D+,WIRE_OR_DEPRECATE,missing_wiring_row,C,RELOCATE_ASSET_LIBRARY_OR_PROVE_SCATTER_RENDER_PATH,"Manual code read: procedural_meshes.py is imported by handlers/_mesh_bridge.py and then used by scatter/prop maps, while repo docs already mark it as non-terrain scope contamination. Prior deep-dive notes also list shape/UV/topology bugs in this library.","Pure prop MeshSpec generator, not a terrain generator. Some outputs are reachable through _mesh_bridge maps, but no row-level terrain placement, LOD, material, or screenshot proof exists.",Codex local manual review
veilbreakers_terrain/procedural_meshes.py,generate_targe_mesh,generate_targe_mesh,13977,function,runtime_other,R13_batch_generic_other_01.csv,generic,D+,WIRE_OR_DEPRECATE,missing_wiring_row,C,RELOCATE_ASSET_LIBRARY_OR_PROVE_SCATTER_RENDER_PATH,"Manual code read: procedural_meshes.py is imported by handlers/_mesh_bridge.py and then used by scatter/prop maps, while repo docs already mark it as non-terrain scope contamination. Prior deep-dive notes also list shape/UV/topology bugs in this library.","Pure prop MeshSpec generator, not a terrain generator. Some outputs are reachable through _mesh_bridge maps, but no row-level terrain placement, LOD, material, or screenshot proof exists.",Codex local manual review
veilbreakers_terrain/procedural_meshes.py,generate_magical_barrier_mesh,generate_magical_barrier_mesh,14003,function,runtime_other,R13_batch_generic_other_01.csv,generic,D+,WIRE_OR_DEPRECATE,missing_wiring_row,C,RELOCATE_ASSET_LIBRARY_OR_PROVE_SCATTER_RENDER_PATH,"Manual code read: procedural_meshes.py is imported by handlers/_mesh_bridge.py and then used by scatter/prop maps, while repo docs already mark it as non-terrain scope contamination. Prior deep-dive notes also list shape/UV/topology bugs in this library.","Pure prop MeshSpec generator, not a terrain generator. Some outputs are reachable through _mesh_bridge maps, but no row-level terrain placement, LOD, material, or screenshot proof exists.",Codex local manual review
veilbreakers_terrain/procedural_meshes.py,generate_bone_shield_mesh,generate_bone_shield_mesh,14036,function,runtime_other,R13_batch_generic_other_01.csv,generic,D+,WIRE_OR_DEPRECATE,missing_wiring_row,C,RELOCATE_ASSET_LIBRARY_OR_PROVE_SCATTER_RENDER_PATH,"Manual code read: procedural_meshes.py is imported by handlers/_mesh_bridge.py and then used by scatter/prop maps, while repo docs already mark it as non-terrain scope contamination. Prior deep-dive notes also list shape/UV/topology bugs in this library.","Pure prop MeshSpec generator, not a terrain generator. Some outputs are reachable through _mesh_bridge maps, but no row-level terrain placement, LOD, material, or screenshot proof exists.",Codex local manual review
veilbreakers_terrain/procedural_meshes.py,generate_crystal_shield_mesh,generate_crystal_shield_mesh,14080,function,runtime_other,R13_batch_generic_other_01.csv,generic,D+,WIRE_OR_DEPRECATE,missing_wiring_row,C,RELOCATE_ASSET_LIBRARY_OR_PROVE_SCATTER_RENDER_PATH,"Manual code read: procedural_meshes.py is imported by handlers/_mesh_bridge.py and then used by scatter/prop maps, while repo docs already mark it as non-terrain scope contamination. Prior deep-dive notes also list shape/UV/topology bugs in this library.","Pure prop MeshSpec generator, not a terrain generator. Some outputs are reachable through _mesh_bridge maps, but no row-level terrain placement, LOD, material, or screenshot proof exists.",Codex local manual review
veilbreakers_terrain/procedural_meshes.py,generate_living_wood_shield_mesh,generate_living_wood_shield_mesh,14112,function,runtime_other,R13_batch_generic_other_01.csv,generic,D+,WIRE_OR_DEPRECATE,missing_wiring_row,C,RELOCATE_ASSET_LIBRARY_OR_PROVE_SCATTER_RENDER_PATH,"Manual code read: procedural_meshes.py is imported by handlers/_mesh_bridge.py and then used by scatter/prop maps, while repo docs already mark it as non-terrain scope contamination. Prior deep-dive notes also list shape/UV/topology bugs in this library.","Pure prop MeshSpec generator, not a terrain generator. Some outputs are reachable through _mesh_bridge maps, but no row-level terrain placement, LOD, material, or screenshot proof exists.",Codex local manual review
veilbreakers_terrain/procedural_meshes.py,generate_aegis_mesh,generate_aegis_mesh,14166,function,runtime_other,R13_batch_generic_other_01.csv,generic,D+,WIRE_OR_DEPRECATE,missing_wiring_row,C,RELOCATE_ASSET_LIBRARY_OR_PROVE_SCATTER_RENDER_PATH,"Manual code read: procedural_meshes.py is imported by handlers/_mesh_bridge.py and then used by scatter/prop maps, while repo docs already mark it as non-terrain scope contamination. Prior deep-dive notes also list shape/UV/topology bugs in this library.","Pure prop MeshSpec generator, not a terrain generator. Some outputs are reachable through _mesh_bridge maps, but no row-level terrain placement, LOD, material, or screenshot proof exists.",Codex local manual review
veilbreakers_terrain/procedural_meshes.py,generate_spell_scroll_mesh,generate_spell_scroll_mesh,14225,function,runtime_other,R13_batch_generic_other_01.csv,generic,D+,WIRE_OR_DEPRECATE,missing_wiring_row,C,RELOCATE_ASSET_LIBRARY_OR_PROVE_SCATTER_RENDER_PATH,"Manual code read: procedural_meshes.py is imported by handlers/_mesh_bridge.py and then used by scatter/prop maps, while repo docs already mark it as non-terrain scope contamination. Prior deep-dive notes also list shape/UV/topology bugs in this library.","Pure prop MeshSpec generator, not a terrain generator. Some outputs are reachable through _mesh_bridge maps, but no row-level terrain placement, LOD, material, or screenshot proof exists.",Codex local manual review
veilbreakers_terrain/procedural_meshes.py,generate_rune_stone_mesh,generate_rune_stone_mesh,14310,function,runtime_other,R13_batch_generic_other_01.csv,generic,D+,WIRE_OR_DEPRECATE,missing_wiring_row,C,RELOCATE_ASSET_LIBRARY_OR_PROVE_SCATTER_RENDER_PATH,"Manual code read: procedural_meshes.py is imported by handlers/_mesh_bridge.py and then used by scatter/prop maps, while repo docs already mark it as non-terrain scope contamination. Prior deep-dive notes also list shape/UV/topology bugs in this library.","Pure prop MeshSpec generator, not a terrain generator. Some outputs are reachable through _mesh_bridge maps, but no row-level terrain placement, LOD, material, or screenshot proof exists.",Codex local manual review
veilbreakers_terrain/procedural_meshes.py,generate_fire_arrow_mesh,generate_fire_arrow_mesh,14442,function,runtime_other,R13_batch_generic_other_01.csv,generic,D+,WIRE_OR_DEPRECATE,missing_wiring_row,C,RELOCATE_ASSET_LIBRARY_OR_PROVE_SCATTER_RENDER_PATH,"Manual code read: procedural_meshes.py is imported by handlers/_mesh_bridge.py and then used by scatter/prop maps, while repo docs already mark it as non-terrain scope contamination. Prior deep-dive notes also list shape/UV/topology bugs in this library.","Pure prop MeshSpec generator, not a terrain generator. Some outputs are reachable through _mesh_bridge maps, but no row-level terrain placement, LOD, material, or screenshot proof exists.",Codex local manual review
veilbreakers_terrain/procedural_meshes.py,generate_ice_arrow_mesh,generate_ice_arrow_mesh,14471,function,runtime_other,R13_batch_generic_other_01.csv,generic,D+,WIRE_OR_DEPRECATE,missing_wiring_row,C,RELOCATE_ASSET_LIBRARY_OR_PROVE_SCATTER_RENDER_PATH,"Manual code read: procedural_meshes.py is imported by handlers/_mesh_bridge.py and then used by scatter/prop maps, while repo docs already mark it as non-terrain scope contamination. Prior deep-dive notes also list shape/UV/topology bugs in this library.","Pure prop MeshSpec generator, not a terrain generator. Some outputs are reachable through _mesh_bridge maps, but no row-level terrain placement, LOD, material, or screenshot proof exists.",Codex local manual review
veilbreakers_terrain/procedural_meshes.py,generate_poison_arrow_mesh,generate_poison_arrow_mesh,14499,function,runtime_other,R13_batch_generic_other_01.csv,generic,D+,WIRE_OR_DEPRECATE,missing_wiring_row,C,RELOCATE_ASSET_LIBRARY_OR_PROVE_SCATTER_RENDER_PATH,"Manual code read: procedural_meshes.py is imported by handlers/_mesh_bridge.py and then used by scatter/prop maps, while repo docs already mark it as non-terrain scope contamination. Prior deep-dive notes also list shape/UV/topology bugs in this library.","Pure prop MeshSpec generator, not a terrain generator. Some outputs are reachable through _mesh_bridge maps, but no row-level terrain placement, LOD, material, or screenshot proof exists.",Codex local manual review
veilbreakers_terrain/procedural_meshes.py,generate_explosive_bolt_mesh,generate_explosive_bolt_mesh,14537,function,runtime_other,R13_batch_generic_other_01.csv,generic,D+,WIRE_OR_DEPRECATE,missing_wiring_row,C,RELOCATE_ASSET_LIBRARY_OR_PROVE_SCATTER_RENDER_PATH,"Manual code read: procedural_meshes.py is imported by handlers/_mesh_bridge.py and then used by scatter/prop maps, while repo docs already mark it as non-terrain scope contamination. Prior deep-dive notes also list shape/UV/topology bugs in this library.","Pure prop MeshSpec generator, not a terrain generator. Some outputs are reachable through _mesh_bridge maps, but no row-level terrain placement, LOD, material, or screenshot proof exists.",Codex local manual review
veilbreakers_terrain/procedural_meshes.py,generate_silver_arrow_mesh,generate_silver_arrow_mesh,14566,function,runtime_other,R13_batch_generic_other_01.csv,generic,D+,WIRE_OR_DEPRECATE,missing_wiring_row,C,RELOCATE_ASSET_LIBRARY_OR_PROVE_SCATTER_RENDER_PATH,"Manual code read: procedural_meshes.py is imported by handlers/_mesh_bridge.py and then used by scatter/prop maps, while repo docs already mark it as non-terrain scope contamination. Prior deep-dive notes also list shape/UV/topology bugs in this library.","Pure prop MeshSpec generator, not a terrain generator. Some outputs are reachable through _mesh_bridge maps, but no row-level terrain placement, LOD, material, or screenshot proof exists.",Codex local manual review
veilbreakers_terrain/procedural_meshes.py,generate_barbed_arrow_mesh,generate_barbed_arrow_mesh,14597,function,runtime_other,R13_batch_generic_other_01.csv,generic,D+,WIRE_OR_DEPRECATE,missing_wiring_row,C,RELOCATE_ASSET_LIBRARY_OR_PROVE_SCATTER_RENDER_PATH,"Manual code read: procedural_meshes.py is imported by handlers/_mesh_bridge.py and then used by scatter/prop maps, while repo docs already mark it as non-terrain scope contamination. Prior deep-dive notes also list shape/UV/topology bugs in this library.","Pure prop MeshSpec generator, not a terrain generator. Some outputs are reachable through _mesh_bridge maps, but no row-level terrain placement, LOD, material, or screenshot proof exists.",Codex local manual review
veilbreakers_terrain/procedural_meshes.py,generate_bed_mesh,generate_bed_mesh,14635,function,runtime_other,R13_batch_generic_other_01.csv,generic,D+,WIRE_OR_DEPRECATE,missing_wiring_row,C,RELOCATE_ASSET_LIBRARY_OR_PROVE_SCATTER_RENDER_PATH,"Manual code read: procedural_meshes.py is imported by handlers/_mesh_bridge.py and then used by scatter/prop maps, while repo docs already mark it as non-terrain scope contamination. Prior deep-dive notes also list shape/UV/topology bugs in this library.","Pure prop MeshSpec generator, not a terrain generator. Some outputs are reachable through _mesh_bridge maps, but no row-level terrain placement, LOD, material, or screenshot proof exists.",Codex local manual review
veilbreakers_terrain/procedural_meshes.py,generate_wardrobe_mesh,generate_wardrobe_mesh,14771,function,runtime_other,R13_batch_generic_other_01.csv,generic,D+,WIRE_OR_DEPRECATE,missing_wiring_row,C,RELOCATE_ASSET_LIBRARY_OR_PROVE_SCATTER_RENDER_PATH,"Manual code read: procedural_meshes.py is imported by handlers/_mesh_bridge.py and then used by scatter/prop maps, while repo docs already mark it as non-terrain scope contamination. Prior deep-dive notes also list shape/UV/topology bugs in this library.","Pure prop MeshSpec generator, not a terrain generator. Some outputs are reachable through _mesh_bridge maps, but no row-level terrain placement, LOD, material, or screenshot proof exists.",Codex local manual review
veilbreakers_terrain/procedural_meshes.py,generate_cabinet_mesh,generate_cabinet_mesh,14882,function,runtime_other,R13_batch_generic_other_01.csv,generic,D+,WIRE_OR_DEPRECATE,missing_wiring_row,C,RELOCATE_ASSET_LIBRARY_OR_PROVE_SCATTER_RENDER_PATH,"Manual code read: procedural_meshes.py is imported by handlers/_mesh_bridge.py and then used by scatter/prop maps, while repo docs already mark it as non-terrain scope contamination. Prior deep-dive notes also list shape/UV/topology bugs in this library.","Pure prop MeshSpec generator, not a terrain generator. Some outputs are reachable through _mesh_bridge maps, but no row-level terrain placement, LOD, material, or screenshot proof exists.",Codex local manual review
veilbreakers_terrain/procedural_meshes.py,generate_curtain_mesh,generate_curtain_mesh,14996,function,runtime_other,R13_batch_generic_other_01.csv,generic,D+,WIRE_OR_DEPRECATE,missing_wiring_row,C,RELOCATE_ASSET_LIBRARY_OR_PROVE_SCATTER_RENDER_PATH,"Manual code read: procedural_meshes.py is imported by handlers/_mesh_bridge.py and then used by scatter/prop maps, while repo docs already mark it as non-terrain scope contamination. Prior deep-dive notes also list shape/UV/topology bugs in this library.","Pure prop MeshSpec generator, not a terrain generator. Some outputs are reachable through _mesh_bridge maps, but no row-level terrain placement, LOD, material, or screenshot proof exists.",Codex local manual review
veilbreakers_terrain/procedural_meshes.py,generate_mirror_mesh,generate_mirror_mesh,15079,function,runtime_other,R13_batch_generic_other_01.csv,generic,D+,WIRE_OR_DEPRECATE,missing_wiring_row,C,RELOCATE_ASSET_LIBRARY_OR_PROVE_SCATTER_RENDER_PATH,"Manual code read: procedural_meshes.py is imported by handlers/_mesh_bridge.py and then used by scatter/prop maps, while repo docs already mark it as non-terrain scope contamination. Prior deep-dive notes also list shape/UV/topology bugs in this library.","Pure prop MeshSpec generator, not a terrain generator. Some outputs are reachable through _mesh_bridge maps, but no row-level terrain placement, LOD, material, or screenshot proof exists.",Codex local manual review
veilbreakers_terrain/procedural_meshes.py,generate_hay_bale_mesh,generate_hay_bale_mesh,15220,function,runtime_other,R13_batch_generic_other_01.csv,generic,D+,WIRE_OR_DEPRECATE,missing_wiring_row,C,RELOCATE_ASSET_LIBRARY_OR_PROVE_SCATTER_RENDER_PATH,"Manual code read: procedural_meshes.py is imported by handlers/_mesh_bridge.py and then used by scatter/prop maps, while repo docs already mark it as non-terrain scope contamination. Prior deep-dive notes also list shape/UV/topology bugs in this library.","Pure prop MeshSpec generator, not a terrain generator. Some outputs are reachable through _mesh_bridge maps, but no row-level terrain placement, LOD, material, or screenshot proof exists.",Codex local manual review
veilbreakers_terrain/procedural_meshes.py,generate_wine_rack_mesh,generate_wine_rack_mesh,15298,function,runtime_other,R13_batch_generic_other_01.csv,generic,D+,WIRE_OR_DEPRECATE,missing_wiring_row,C,RELOCATE_ASSET_LIBRARY_OR_PROVE_SCATTER_RENDER_PATH,"Manual code read: procedural_meshes.py is imported by handlers/_mesh_bridge.py and then used by scatter/prop maps, while repo docs already mark it as non-terrain scope contamination. Prior deep-dive notes also list shape/UV/topology bugs in this library.","Pure prop MeshSpec generator, not a terrain generator. Some outputs are reachable through _mesh_bridge maps, but no row-level terrain placement, LOD, material, or screenshot proof exists.",Codex local manual review
veilbreakers_terrain/procedural_meshes.py,generate_bathtub_mesh,generate_bathtub_mesh,15392,function,runtime_other,R13_batch_generic_other_01.csv,generic,D+,WIRE_OR_DEPRECATE,missing_wiring_row,C,RELOCATE_ASSET_LIBRARY_OR_PROVE_SCATTER_RENDER_PATH,"Manual code read: procedural_meshes.py is imported by handlers/_mesh_bridge.py and then used by scatter/prop maps, while repo docs already mark it as non-terrain scope contamination. Prior deep-dive notes also list shape/UV/topology bugs in this library.","Pure prop MeshSpec generator, not a terrain generator. Some outputs are reachable through _mesh_bridge maps, but no row-level terrain placement, LOD, material, or screenshot proof exists.",Codex local manual review
veilbreakers_terrain/procedural_meshes.py,generate_fireplace_mesh,generate_fireplace_mesh,15531,function,runtime_other,R13_batch_generic_other_01.csv,generic,D+,WIRE_OR_DEPRECATE,missing_wiring_row,C,RELOCATE_ASSET_LIBRARY_OR_PROVE_SCATTER_RENDER_PATH,"Manual code read: procedural_meshes.py is imported by handlers/_mesh_bridge.py and then used by scatter/prop maps, while repo docs already mark it as non-terrain scope contamination. Prior deep-dive notes also list shape/UV/topology bugs in this library.","Pure prop MeshSpec generator, not a terrain generator. Some outputs are reachable through _mesh_bridge maps, but no row-level terrain placement, LOD, material, or screenshot proof exists.",Codex local manual review
veilbreakers_terrain/procedural_meshes.py,generate_health_potion_mesh,generate_health_potion_mesh,15688,function,runtime_other,R13_batch_generic_other_01.csv,generic,D+,WIRE_OR_DEPRECATE,missing_wiring_row,C,RELOCATE_ASSET_LIBRARY_OR_PROVE_SCATTER_RENDER_PATH,"Manual code read: procedural_meshes.py is imported by handlers/_mesh_bridge.py and then used by scatter/prop maps, while repo docs already mark it as non-terrain scope contamination. Prior deep-dive notes also list shape/UV/topology bugs in this library.","Pure prop MeshSpec generator, not a terrain generator. Some outputs are reachable through _mesh_bridge maps, but no row-level terrain placement, LOD, material, or screenshot proof exists.",Codex local manual review
veilbreakers_terrain/procedural_meshes.py,generate_mana_potion_mesh,generate_mana_potion_mesh,15733,function,runtime_other,R13_batch_generic_other_01.csv,generic,D+,WIRE_OR_DEPRECATE,missing_wiring_row,C,RELOCATE_ASSET_LIBRARY_OR_PROVE_SCATTER_RENDER_PATH,"Manual code read: procedural_meshes.py is imported by handlers/_mesh_bridge.py and then used by scatter/prop maps, while repo docs already mark it as non-terrain scope contamination. Prior deep-dive notes also list shape/UV/topology bugs in this library.","Pure prop MeshSpec generator, not a terrain generator. Some outputs are reachable through _mesh_bridge maps, but no row-level terrain placement, LOD, material, or screenshot proof exists.",Codex local manual review
veilbreakers_terrain/procedural_meshes.py,generate_antidote_mesh,generate_antidote_mesh,15782,function,runtime_other,R13_batch_generic_other_01.csv,generic,D+,WIRE_OR_DEPRECATE,missing_wiring_row,C,RELOCATE_ASSET_LIBRARY_OR_PROVE_SCATTER_RENDER_PATH,"Manual code read: procedural_meshes.py is imported by handlers/_mesh_bridge.py and then used by scatter/prop maps, while repo docs already mark it as non-terrain scope contamination. Prior deep-dive notes also list shape/UV/topology bugs in this library.","Pure prop MeshSpec generator, not a terrain generator. Some outputs are reachable through _mesh_bridge maps, but no row-level terrain placement, LOD, material, or screenshot proof exists.",Codex local manual review
veilbreakers_terrain/procedural_meshes.py,generate_bread_mesh,generate_bread_mesh,15825,function,runtime_other,R13_batch_generic_other_01.csv,generic,D+,WIRE_OR_DEPRECATE,missing_wiring_row,C,RELOCATE_ASSET_LIBRARY_OR_PROVE_SCATTER_RENDER_PATH,"Manual code read: procedural_meshes.py is imported by handlers/_mesh_bridge.py and then used by scatter/prop maps, while repo docs already mark it as non-terrain scope contamination. Prior deep-dive notes also list shape/UV/topology bugs in this library.","Pure prop MeshSpec generator, not a terrain generator. Some outputs are reachable through _mesh_bridge maps, but no row-level terrain placement, LOD, material, or screenshot proof exists.",Codex local manual review
veilbreakers_terrain/procedural_meshes.py,generate_cheese_mesh,generate_cheese_mesh,15866,function,runtime_other,R13_batch_generic_other_01.csv,generic,D+,WIRE_OR_DEPRECATE,missing_wiring_row,C,RELOCATE_ASSET_LIBRARY_OR_PROVE_SCATTER_RENDER_PATH,"Manual code read: procedural_meshes.py is imported by handlers/_mesh_bridge.py and then used by scatter/prop maps, while repo docs already mark it as non-terrain scope contamination. Prior deep-dive notes also list shape/UV/topology bugs in this library.","Pure prop MeshSpec generator, not a terrain generator. Some outputs are reachable through _mesh_bridge maps, but no row-level terrain placement, LOD, material, or screenshot proof exists.",Codex local manual review
veilbreakers_terrain/procedural_meshes.py,generate_meat_mesh,generate_meat_mesh,15901,function,runtime_other,R13_batch_generic_other_01.csv,generic,D+,WIRE_OR_DEPRECATE,missing_wiring_row,C,RELOCATE_ASSET_LIBRARY_OR_PROVE_SCATTER_RENDER_PATH,"Manual code read: procedural_meshes.py is imported by handlers/_mesh_bridge.py and then used by scatter/prop maps, while repo docs already mark it as non-terrain scope contamination. Prior deep-dive notes also list shape/UV/topology bugs in this library.","Pure prop MeshSpec generator, not a terrain generator. Some outputs are reachable through _mesh_bridge maps, but no row-level terrain placement, LOD, material, or screenshot proof exists.",Codex local manual review
veilbreakers_terrain/procedural_meshes.py,generate_apple_mesh,generate_apple_mesh,15946,function,runtime_other,R13_batch_generic_other_01.csv,generic,D+,WIRE_OR_DEPRECATE,missing_wiring_row,C,RELOCATE_ASSET_LIBRARY_OR_PROVE_SCATTER_RENDER_PATH,"Manual code read: procedural_meshes.py is imported by handlers/_mesh_bridge.py and then used by scatter/prop maps, while repo docs already mark it as non-terrain scope contamination. Prior deep-dive notes also list shape/UV/topology bugs in this library.","Pure prop MeshSpec generator, not a terrain generator. Some outputs are reachable through _mesh_bridge maps, but no row-level terrain placement, LOD, material, or screenshot proof exists.",Codex local manual review
veilbreakers_terrain/procedural_meshes.py,generate_mushroom_food_mesh,generate_mushroom_food_mesh,16002,function,runtime_other,R13_batch_generic_other_01.csv,generic,D+,WIRE_OR_DEPRECATE,missing_wiring_row,C,RELOCATE_ASSET_LIBRARY_OR_PROVE_SCATTER_RENDER_PATH,"Manual code read: procedural_meshes.py is imported by handlers/_mesh_bridge.py and then used by scatter/prop maps, while repo docs already mark it as non-terrain scope contamination. Prior deep-dive notes also list shape/UV/topology bugs in this library.","Pure prop MeshSpec generator, not a terrain generator. Some outputs are reachable through _mesh_bridge maps, but no row-level terrain placement, LOD, material, or screenshot proof exists.",Codex local manual review
veilbreakers_terrain/procedural_meshes.py,generate_mushroom_food_mesh._single_mush,_single_mush,16010,nested_function,runtime_other,R13_batch_generic_other_01.csv,generic,D+,WIRE_OR_DEPRECATE,missing_wiring_row,C,RELOCATE_ASSET_LIBRARY_OR_PROVE_SCATTER_RENDER_PATH,"Manual code read: procedural_meshes.py is imported by handlers/_mesh_bridge.py and then used by scatter/prop maps, while repo docs already mark it as non-terrain scope contamination. Prior deep-dive notes also list shape/UV/topology bugs in this library.","Pure prop MeshSpec generator, not a terrain generator. Some outputs are reachable through _mesh_bridge maps, but no row-level terrain placement, LOD, material, or screenshot proof exists.",Codex local manual review
veilbreakers_terrain/procedural_meshes.py,generate_fish_mesh,generate_fish_mesh,16041,function,runtime_other,R13_batch_generic_other_01.csv,generic,D+,WIRE_OR_DEPRECATE,missing_wiring_row,C,RELOCATE_ASSET_LIBRARY_OR_PROVE_SCATTER_RENDER_PATH,"Manual code read: procedural_meshes.py is imported by handlers/_mesh_bridge.py and then used by scatter/prop maps, while repo docs already mark it as non-terrain scope contamination. Prior deep-dive notes also list shape/UV/topology bugs in this library.","Pure prop MeshSpec generator, not a terrain generator. Some outputs are reachable through _mesh_bridge maps, but no row-level terrain placement, LOD, material, or screenshot proof exists.",Codex local manual review
veilbreakers_terrain/procedural_meshes.py,generate_ore_mesh,generate_ore_mesh,16089,function,runtime_other,R13_batch_generic_other_01.csv,generic,D+,WIRE_OR_DEPRECATE,missing_wiring_row,C,RELOCATE_ASSET_LIBRARY_OR_PROVE_SCATTER_RENDER_PATH,"Manual code read: procedural_meshes.py is imported by handlers/_mesh_bridge.py and then used by scatter/prop maps, while repo docs already mark it as non-terrain scope contamination. Prior deep-dive notes also list shape/UV/topology bugs in this library.","Pure prop MeshSpec generator, not a terrain generator. Some outputs are reachable through _mesh_bridge maps, but no row-level terrain placement, LOD, material, or screenshot proof exists.",Codex local manual review
veilbreakers_terrain/procedural_meshes.py,generate_leather_mesh,generate_leather_mesh,16134,function,runtime_other,R13_batch_generic_other_01.csv,generic,D+,WIRE_OR_DEPRECATE,missing_wiring_row,C,RELOCATE_ASSET_LIBRARY_OR_PROVE_SCATTER_RENDER_PATH,"Manual code read: procedural_meshes.py is imported by handlers/_mesh_bridge.py and then used by scatter/prop maps, while repo docs already mark it as non-terrain scope contamination. Prior deep-dive notes also list shape/UV/topology bugs in this library.","Pure prop MeshSpec generator, not a terrain generator. Some outputs are reachable through _mesh_bridge maps, but no row-level terrain placement, LOD, material, or screenshot proof exists.",Codex local manual review
veilbreakers_terrain/procedural_meshes.py,generate_herb_mesh,generate_herb_mesh,16176,function,runtime_other,R13_batch_generic_other_01.csv,generic,D+,WIRE_OR_DEPRECATE,missing_wiring_row,C,RELOCATE_ASSET_LIBRARY_OR_PROVE_SCATTER_RENDER_PATH,"Manual code read: procedural_meshes.py is imported by handlers/_mesh_bridge.py and then used by scatter/prop maps, while repo docs already mark it as non-terrain scope contamination. Prior deep-dive notes also list shape/UV/topology bugs in this library.","Pure prop MeshSpec generator, not a terrain generator. Some outputs are reachable through _mesh_bridge maps, but no row-level terrain placement, LOD, material, or screenshot proof exists.",Codex local manual review
veilbreakers_terrain/procedural_meshes.py,generate_gem_mesh,generate_gem_mesh,16231,function,runtime_other,R13_batch_generic_other_01.csv,generic,D+,WIRE_OR_DEPRECATE,missing_wiring_row,C,RELOCATE_ASSET_LIBRARY_OR_PROVE_SCATTER_RENDER_PATH,"Manual code read: procedural_meshes.py is imported by handlers/_mesh_bridge.py and then used by scatter/prop maps, while repo docs already mark it as non-terrain scope contamination. Prior deep-dive notes also list shape/UV/topology bugs in this library.","Pure prop MeshSpec generator, not a terrain generator. Some outputs are reachable through _mesh_bridge maps, but no row-level terrain placement, LOD, material, or screenshot proof exists.",Codex local manual review
veilbreakers_terrain/procedural_meshes.py,generate_bone_shard_mesh,generate_bone_shard_mesh,16271,function,runtime_other,R13_batch_generic_other_01.csv,generic,D+,WIRE_OR_DEPRECATE,missing_wiring_row,C,RELOCATE_ASSET_LIBRARY_OR_PROVE_SCATTER_RENDER_PATH,"Manual code read: procedural_meshes.py is imported by handlers/_mesh_bridge.py and then used by scatter/prop maps, while repo docs already mark it as non-terrain scope contamination. Prior deep-dive notes also list shape/UV/topology bugs in this library.","Pure prop MeshSpec generator, not a terrain generator. Some outputs are reachable through _mesh_bridge maps, but no row-level terrain placement, LOD, material, or screenshot proof exists.",Codex local manual review
veilbreakers_terrain/procedural_meshes.py,generate_coin_mesh,generate_coin_mesh,16323,function,runtime_other,R13_batch_generic_other_01.csv,generic,D+,WIRE_OR_DEPRECATE,missing_wiring_row,C,RELOCATE_ASSET_LIBRARY_OR_PROVE_SCATTER_RENDER_PATH,"Manual code read: procedural_meshes.py is imported by handlers/_mesh_bridge.py and then used by scatter/prop maps, while repo docs already mark it as non-terrain scope contamination. Prior deep-dive notes also list shape/UV/topology bugs in this library.","Pure prop MeshSpec generator, not a terrain generator. Some outputs are reachable through _mesh_bridge maps, but no row-level terrain placement, LOD, material, or screenshot proof exists.",Codex local manual review
veilbreakers_terrain/procedural_meshes.py,generate_coin_pouch_mesh,generate_coin_pouch_mesh,16349,function,runtime_other,R13_batch_generic_other_01.csv,generic,D+,WIRE_OR_DEPRECATE,missing_wiring_row,C,RELOCATE_ASSET_LIBRARY_OR_PROVE_SCATTER_RENDER_PATH,"Manual code read: procedural_meshes.py is imported by handlers/_mesh_bridge.py and then used by scatter/prop maps, while repo docs already mark it as non-terrain scope contamination. Prior deep-dive notes also list shape/UV/topology bugs in this library.","Pure prop MeshSpec generator, not a terrain generator. Some outputs are reachable through _mesh_bridge maps, but no row-level terrain placement, LOD, material, or screenshot proof exists.",Codex local manual review
veilbreakers_terrain/procedural_meshes.py,generate_key_mesh,generate_key_mesh,16399,function,runtime_other,R13_batch_generic_other_01.csv,generic,D+,WIRE_OR_DEPRECATE,missing_wiring_row,C,RELOCATE_ASSET_LIBRARY_OR_PROVE_SCATTER_RENDER_PATH,"Manual code read: procedural_meshes.py is imported by handlers/_mesh_bridge.py and then used by scatter/prop maps, while repo docs already mark it as non-terrain scope contamination. Prior deep-dive notes also list shape/UV/topology bugs in this library.","Pure prop MeshSpec generator, not a terrain generator. Some outputs are reachable through _mesh_bridge maps, but no row-level terrain placement, LOD, material, or screenshot proof exists.",Codex local manual review
veilbreakers_terrain/procedural_meshes.py,generate_map_scroll_mesh,generate_map_scroll_mesh,16454,function,runtime_other,R13_batch_generic_other_01.csv,generic,D+,WIRE_OR_DEPRECATE,missing_wiring_row,C,RELOCATE_ASSET_LIBRARY_OR_PROVE_SCATTER_RENDER_PATH,"Manual code read: procedural_meshes.py is imported by handlers/_mesh_bridge.py and then used by scatter/prop maps, while repo docs already mark it as non-terrain scope contamination. Prior deep-dive notes also list shape/UV/topology bugs in this library.","Pure prop MeshSpec generator, not a terrain generator. Some outputs are reachable through _mesh_bridge maps, but no row-level terrain placement, LOD, material, or screenshot proof exists.",Codex local manual review
veilbreakers_terrain/procedural_meshes.py,generate_lockpick_mesh,generate_lockpick_mesh,16515,function,runtime_other,R13_batch_generic_other_01.csv,generic,D+,WIRE_OR_DEPRECATE,missing_wiring_row,C,RELOCATE_ASSET_LIBRARY_OR_PROVE_SCATTER_RENDER_PATH,"Manual code read: procedural_meshes.py is imported by handlers/_mesh_bridge.py and then used by scatter/prop maps, while repo docs already mark it as non-terrain scope contamination. Prior deep-dive notes also list shape/UV/topology bugs in this library.","Pure prop MeshSpec generator, not a terrain generator. Some outputs are reachable through _mesh_bridge maps, but no row-level terrain placement, LOD, material, or screenshot proof exists.",Codex local manual review
veilbreakers_terrain/procedural_meshes.py,generate_palisade_mesh,generate_palisade_mesh,16574,function,runtime_other,R13_batch_generic_other_01.csv,generic,D+,WIRE_OR_DEPRECATE,missing_wiring_row,C,RELOCATE_ASSET_LIBRARY_OR_PROVE_SCATTER_RENDER_PATH,"Manual code read: procedural_meshes.py is imported by handlers/_mesh_bridge.py and then used by scatter/prop maps, while repo docs already mark it as non-terrain scope contamination. Prior deep-dive notes also list shape/UV/topology bugs in this library.","Pure prop MeshSpec generator, not a terrain generator. Some outputs are reachable through _mesh_bridge maps, but no row-level terrain placement, LOD, material, or screenshot proof exists.",Codex local manual review
veilbreakers_terrain/procedural_meshes.py,generate_watchtower_mesh,generate_watchtower_mesh,16655,function,runtime_other,R13_batch_generic_other_01.csv,generic,D+,WIRE_OR_DEPRECATE,missing_wiring_row,C,RELOCATE_ASSET_LIBRARY_OR_PROVE_SCATTER_RENDER_PATH,"Manual code read: procedural_meshes.py is imported by handlers/_mesh_bridge.py and then used by scatter/prop maps, while repo docs already mark it as non-terrain scope contamination. Prior deep-dive notes also list shape/UV/topology bugs in this library.","Pure prop MeshSpec generator, not a terrain generator. Some outputs are reachable through _mesh_bridge maps, but no row-level terrain placement, LOD, material, or screenshot proof exists.",Codex local manual review
veilbreakers_terrain/procedural_meshes.py,generate_battlement_mesh,generate_battlement_mesh,16794,function,runtime_other,R13_batch_generic_other_01.csv,generic,D+,WIRE_OR_DEPRECATE,missing_wiring_row,C,RELOCATE_ASSET_LIBRARY_OR_PROVE_SCATTER_RENDER_PATH,"Manual code read: procedural_meshes.py is imported by handlers/_mesh_bridge.py and then used by scatter/prop maps, while repo docs already mark it as non-terrain scope contamination. Prior deep-dive notes also list shape/UV/topology bugs in this library.","Pure prop MeshSpec generator, not a terrain generator. Some outputs are reachable through _mesh_bridge maps, but no row-level terrain placement, LOD, material, or screenshot proof exists.",Codex local manual review
veilbreakers_terrain/procedural_meshes.py,generate_moat_edge_mesh,generate_moat_edge_mesh,16887,function,runtime_other,R13_batch_generic_other_01.csv,generic,D+,WIRE_OR_DEPRECATE,missing_wiring_row,C,RELOCATE_ASSET_LIBRARY_OR_PROVE_SCATTER_RENDER_PATH,"Manual code read: procedural_meshes.py is imported by handlers/_mesh_bridge.py and then used by scatter/prop maps, while repo docs already mark it as non-terrain scope contamination. Prior deep-dive notes also list shape/UV/topology bugs in this library.","Pure prop MeshSpec generator, not a terrain generator. Some outputs are reachable through _mesh_bridge maps, but no row-level terrain placement, LOD, material, or screenshot proof exists.",Codex local manual review
veilbreakers_terrain/procedural_meshes.py,generate_windmill_mesh,generate_windmill_mesh,16987,function,runtime_other,R13_batch_generic_other_01.csv,generic,D+,WIRE_OR_DEPRECATE,missing_wiring_row,C,RELOCATE_ASSET_LIBRARY_OR_PROVE_SCATTER_RENDER_PATH,"Manual code read: procedural_meshes.py is imported by handlers/_mesh_bridge.py and then used by scatter/prop maps, while repo docs already mark it as non-terrain scope contamination. Prior deep-dive notes also list shape/UV/topology bugs in this library.","Pure prop MeshSpec generator, not a terrain generator. Some outputs are reachable through _mesh_bridge maps, but no row-level terrain placement, LOD, material, or screenshot proof exists.",Codex local manual review
veilbreakers_terrain/procedural_meshes.py,generate_dock_mesh,generate_dock_mesh,17105,function,runtime_other,R13_batch_generic_other_01.csv,generic,D+,WIRE_OR_DEPRECATE,missing_wiring_row,C,RELOCATE_ASSET_LIBRARY_OR_PROVE_SCATTER_RENDER_PATH,"Manual code read: procedural_meshes.py is imported by handlers/_mesh_bridge.py and then used by scatter/prop maps, while repo docs already mark it as non-terrain scope contamination. Prior deep-dive notes also list shape/UV/topology bugs in this library.","Pure prop MeshSpec generator, not a terrain generator. Some outputs are reachable through _mesh_bridge maps, but no row-level terrain placement, LOD, material, or screenshot proof exists.",Codex local manual review
veilbreakers_terrain/procedural_meshes.py,generate_tent_mesh,generate_tent_mesh,17467,function,runtime_other,R13_batch_generic_other_01.csv,generic,D+,WIRE_OR_DEPRECATE,missing_wiring_row,C,RELOCATE_ASSET_LIBRARY_OR_PROVE_SCATTER_RENDER_PATH,"Manual code read: procedural_meshes.py is imported by handlers/_mesh_bridge.py and then used by scatter/prop maps, while repo docs already mark it as non-terrain scope contamination. Prior deep-dive notes also list shape/UV/topology bugs in this library.","Pure prop MeshSpec generator, not a terrain generator. Some outputs are reachable through _mesh_bridge maps, but no row-level terrain placement, LOD, material, or screenshot proof exists.",Codex local manual review
veilbreakers_terrain/procedural_meshes.py,generate_hitching_post_mesh,generate_hitching_post_mesh,17636,function,runtime_other,R13_batch_generic_other_01.csv,generic,D+,WIRE_OR_DEPRECATE,missing_wiring_row,C,RELOCATE_ASSET_LIBRARY_OR_PROVE_SCATTER_RENDER_PATH,"Manual code read: procedural_meshes.py is imported by handlers/_mesh_bridge.py and then used by scatter/prop maps, while repo docs already mark it as non-terrain scope contamination. Prior deep-dive notes also list shape/UV/topology bugs in this library.","Pure prop MeshSpec generator, not a terrain generator. Some outputs are reachable through _mesh_bridge maps, but no row-level terrain placement, LOD, material, or screenshot proof exists.",Codex local manual review
veilbreakers_terrain/procedural_meshes.py,generate_feeding_trough_mesh,generate_feeding_trough_mesh,17692,function,runtime_other,R13_batch_generic_other_01.csv,generic,D+,WIRE_OR_DEPRECATE,missing_wiring_row,C,RELOCATE_ASSET_LIBRARY_OR_PROVE_SCATTER_RENDER_PATH,"Manual code read: procedural_meshes.py is imported by handlers/_mesh_bridge.py and then used by scatter/prop maps, while repo docs already mark it as non-terrain scope contamination. Prior deep-dive notes also list shape/UV/topology bugs in this library.","Pure prop MeshSpec generator, not a terrain generator. Some outputs are reachable through _mesh_bridge maps, but no row-level terrain placement, LOD, material, or screenshot proof exists.",Codex local manual review
veilbreakers_terrain/procedural_meshes.py,generate_barricade_outdoor_mesh,generate_barricade_outdoor_mesh,17750,function,runtime_other,R13_batch_generic_other_01.csv,generic,D+,WIRE_OR_DEPRECATE,missing_wiring_row,C,RELOCATE_ASSET_LIBRARY_OR_PROVE_SCATTER_RENDER_PATH,"Manual code read: procedural_meshes.py is imported by handlers/_mesh_bridge.py and then used by scatter/prop maps, while repo docs already mark it as non-terrain scope contamination. Prior deep-dive notes also list shape/UV/topology bugs in this library.","Pure prop MeshSpec generator, not a terrain generator. Some outputs are reachable through _mesh_bridge maps, but no row-level terrain placement, LOD, material, or screenshot proof exists.",Codex local manual review
veilbreakers_terrain/procedural_meshes.py,generate_lookout_post_mesh,generate_lookout_post_mesh,17833,function,runtime_other,R13_batch_generic_other_01.csv,generic,D+,WIRE_OR_DEPRECATE,missing_wiring_row,C,RELOCATE_ASSET_LIBRARY_OR_PROVE_SCATTER_RENDER_PATH,"Manual code read: procedural_meshes.py is imported by handlers/_mesh_bridge.py and then used by scatter/prop maps, while repo docs already mark it as non-terrain scope contamination. Prior deep-dive notes also list shape/UV/topology bugs in this library.","Pure prop MeshSpec generator, not a terrain generator. Some outputs are reachable through _mesh_bridge maps, but no row-level terrain placement, LOD, material, or screenshot proof exists.",Codex local manual review
veilbreakers_terrain/procedural_meshes.py,generate_spike_fence_mesh,generate_spike_fence_mesh,17939,function,runtime_other,R13_batch_generic_other_01.csv,generic,D+,WIRE_OR_DEPRECATE,missing_wiring_row,C,RELOCATE_ASSET_LIBRARY_OR_PROVE_SCATTER_RENDER_PATH,"Manual code read: procedural_meshes.py is imported by handlers/_mesh_bridge.py and then used by scatter/prop maps, while repo docs already mark it as non-terrain scope contamination. Prior deep-dive notes also list shape/UV/topology bugs in this library.","Pure prop MeshSpec generator, not a terrain generator. Some outputs are reachable through _mesh_bridge maps, but no row-level terrain placement, LOD, material, or screenshot proof exists.",Codex local manual review
veilbreakers_terrain/procedural_meshes.py,generate_portcullis_mesh,generate_portcullis_mesh,18021,function,runtime_other,R13_batch_generic_other_01.csv,generic,D+,WIRE_OR_DEPRECATE,missing_wiring_row,C,RELOCATE_ASSET_LIBRARY_OR_PROVE_SCATTER_RENDER_PATH,"Manual code read: procedural_meshes.py is imported by handlers/_mesh_bridge.py and then used by scatter/prop maps, while repo docs already mark it as non-terrain scope contamination. Prior deep-dive notes also list shape/UV/topology bugs in this library.","Pure prop MeshSpec generator, not a terrain generator. Some outputs are reachable through _mesh_bridge maps, but no row-level terrain placement, LOD, material, or screenshot proof exists.",Codex local manual review
veilbreakers_terrain/procedural_meshes.py,generate_iron_gate_mesh,generate_iron_gate_mesh,18076,function,runtime_other,R13_batch_generic_other_01.csv,generic,D+,WIRE_OR_DEPRECATE,missing_wiring_row,C,RELOCATE_ASSET_LIBRARY_OR_PROVE_SCATTER_RENDER_PATH,"Manual code read: procedural_meshes.py is imported by handlers/_mesh_bridge.py and then used by scatter/prop maps, while repo docs already mark it as non-terrain scope contamination. Prior deep-dive notes also list shape/UV/topology bugs in this library.","Pure prop MeshSpec generator, not a terrain generator. Some outputs are reachable through _mesh_bridge maps, but no row-level terrain placement, LOD, material, or screenshot proof exists.",Codex local manual review
veilbreakers_terrain/procedural_meshes.py,generate_shackle_mesh,generate_shackle_mesh,18258,function,runtime_other,R13_batch_generic_other_01.csv,generic,D+,WIRE_OR_DEPRECATE,missing_wiring_row,C,RELOCATE_ASSET_LIBRARY_OR_PROVE_SCATTER_RENDER_PATH,"Manual code read: procedural_meshes.py is imported by handlers/_mesh_bridge.py and then used by scatter/prop maps, while repo docs already mark it as non-terrain scope contamination. Prior deep-dive notes also list shape/UV/topology bugs in this library.","Pure prop MeshSpec generator, not a terrain generator. Some outputs are reachable through _mesh_bridge maps, but no row-level terrain placement, LOD, material, or screenshot proof exists.",Codex local manual review
veilbreakers_terrain/procedural_meshes.py,generate_cage_mesh,generate_cage_mesh,18342,function,runtime_other,R13_batch_generic_other_01.csv,generic,D+,WIRE_OR_DEPRECATE,missing_wiring_row,C,RELOCATE_ASSET_LIBRARY_OR_PROVE_SCATTER_RENDER_PATH,"Manual code read: procedural_meshes.py is imported by handlers/_mesh_bridge.py and then used by scatter/prop maps, while repo docs already mark it as non-terrain scope contamination. Prior deep-dive notes also list shape/UV/topology bugs in this library.","Pure prop MeshSpec generator, not a terrain generator. Some outputs are reachable through _mesh_bridge maps, but no row-level terrain placement, LOD, material, or screenshot proof exists.",Codex local manual review
veilbreakers_terrain/procedural_meshes.py,generate_stocks_mesh,generate_stocks_mesh,18440,function,runtime_other,R13_batch_generic_other_01.csv,generic,D+,WIRE_OR_DEPRECATE,missing_wiring_row,C,RELOCATE_ASSET_LIBRARY_OR_PROVE_SCATTER_RENDER_PATH,"Manual code read: procedural_meshes.py is imported by handlers/_mesh_bridge.py and then used by scatter/prop maps, while repo docs already mark it as non-terrain scope contamination. Prior deep-dive notes also list shape/UV/topology bugs in this library.","Pure prop MeshSpec generator, not a terrain generator. Some outputs are reachable through _mesh_bridge maps, but no row-level terrain placement, LOD, material, or screenshot proof exists.",Codex local manual review
veilbreakers_terrain/procedural_meshes.py,generate_iron_maiden_mesh,generate_iron_maiden_mesh,18491,function,runtime_other,R13_batch_generic_other_01.csv,generic,D+,WIRE_OR_DEPRECATE,missing_wiring_row,C,RELOCATE_ASSET_LIBRARY_OR_PROVE_SCATTER_RENDER_PATH,"Manual code read: procedural_meshes.py is imported by handlers/_mesh_bridge.py and then used by scatter/prop maps, while repo docs already mark it as non-terrain scope contamination. Prior deep-dive notes also list shape/UV/topology bugs in this library.","Pure prop MeshSpec generator, not a terrain generator. Some outputs are reachable through _mesh_bridge maps, but no row-level terrain placement, LOD, material, or screenshot proof exists.",Codex local manual review
veilbreakers_terrain/procedural_meshes.py,generate_prisoner_skeleton_mesh,generate_prisoner_skeleton_mesh,18574,function,runtime_other,R13_batch_generic_other_02.csv,generic,D+,WIRE_OR_DEPRECATE,missing_wiring_row,C,RELOCATE_ASSET_LIBRARY_OR_PROVE_SCATTER_RENDER_PATH,"Manual code read: procedural_meshes.py is imported by handlers/_mesh_bridge.py and then used by scatter/prop maps, while repo docs already mark it as non-terrain scope contamination. Prior deep-dive notes also list shape/UV/topology bugs in this library.","Pure prop MeshSpec generator, not a terrain generator. Some outputs are reachable through _mesh_bridge maps, but no row-level terrain placement, LOD, material, or screenshot proof exists.",Codex local manual review
veilbreakers_terrain/procedural_meshes.py,generate_summoning_circle_mesh,generate_summoning_circle_mesh,18651,function,runtime_other,R13_batch_generic_other_02.csv,generic,D+,WIRE_OR_DEPRECATE,missing_wiring_row,C,RELOCATE_ASSET_LIBRARY_OR_PROVE_SCATTER_RENDER_PATH,"Manual code read: procedural_meshes.py is imported by handlers/_mesh_bridge.py and then used by scatter/prop maps, while repo docs already mark it as non-terrain scope contamination. Prior deep-dive notes also list shape/UV/topology bugs in this library.","Pure prop MeshSpec generator, not a terrain generator. Some outputs are reachable through _mesh_bridge maps, but no row-level terrain placement, LOD, material, or screenshot proof exists.",Codex local manual review
veilbreakers_terrain/procedural_meshes.py,generate_ritual_candles_mesh,generate_ritual_candles_mesh,18715,function,runtime_other,R13_batch_generic_other_02.csv,generic,D+,WIRE_OR_DEPRECATE,missing_wiring_row,C,RELOCATE_ASSET_LIBRARY_OR_PROVE_SCATTER_RENDER_PATH,"Manual code read: procedural_meshes.py is imported by handlers/_mesh_bridge.py and then used by scatter/prop maps, while repo docs already mark it as non-terrain scope contamination. Prior deep-dive notes also list shape/UV/topology bugs in this library.","Pure prop MeshSpec generator, not a terrain generator. Some outputs are reachable through _mesh_bridge maps, but no row-level terrain placement, LOD, material, or screenshot proof exists.",Codex local manual review
veilbreakers_terrain/procedural_meshes.py,generate_occult_symbols_mesh,generate_occult_symbols_mesh,18772,function,runtime_other,R13_batch_generic_other_02.csv,generic,D+,WIRE_OR_DEPRECATE,missing_wiring_row,C,RELOCATE_ASSET_LIBRARY_OR_PROVE_SCATTER_RENDER_PATH,"Manual code read: procedural_meshes.py is imported by handlers/_mesh_bridge.py and then used by scatter/prop maps, while repo docs already mark it as non-terrain scope contamination. Prior deep-dive notes also list shape/UV/topology bugs in this library.","Pure prop MeshSpec generator, not a terrain generator. Some outputs are reachable through _mesh_bridge maps, but no row-level terrain placement, LOD, material, or screenshot proof exists.",Codex local manual review
veilbreakers_terrain/procedural_meshes.py,generate_cobweb_mesh,generate_cobweb_mesh,18841,function,runtime_other,R13_batch_generic_other_02.csv,generic,D+,WIRE_OR_DEPRECATE,missing_wiring_row,C,RELOCATE_ASSET_LIBRARY_OR_PROVE_SCATTER_RENDER_PATH,"Manual code read: procedural_meshes.py is imported by handlers/_mesh_bridge.py and then used by scatter/prop maps, while repo docs already mark it as non-terrain scope contamination. Prior deep-dive notes also list shape/UV/topology bugs in this library.","Pure prop MeshSpec generator, not a terrain generator. Some outputs are reachable through _mesh_bridge maps, but no row-level terrain placement, LOD, material, or screenshot proof exists.",Codex local manual review
veilbreakers_terrain/procedural_meshes.py,generate_spider_egg_sac_mesh,generate_spider_egg_sac_mesh,18960,function,runtime_other,R13_batch_generic_other_02.csv,generic,D+,WIRE_OR_DEPRECATE,missing_wiring_row,C,RELOCATE_ASSET_LIBRARY_OR_PROVE_SCATTER_RENDER_PATH,"Manual code read: procedural_meshes.py is imported by handlers/_mesh_bridge.py and then used by scatter/prop maps, while repo docs already mark it as non-terrain scope contamination. Prior deep-dive notes also list shape/UV/topology bugs in this library.","Pure prop MeshSpec generator, not a terrain generator. Some outputs are reachable through _mesh_bridge maps, but no row-level terrain placement, LOD, material, or screenshot proof exists.",Codex local manual review
veilbreakers_terrain/procedural_meshes.py,generate_rubble_pile_mesh,generate_rubble_pile_mesh,19017,function,runtime_other,R13_batch_generic_other_02.csv,generic,D+,WIRE_OR_DEPRECATE,missing_wiring_row,C,RELOCATE_ASSET_LIBRARY_OR_PROVE_SCATTER_RENDER_PATH,"Manual code read: procedural_meshes.py is imported by handlers/_mesh_bridge.py and then used by scatter/prop maps, while repo docs already mark it as non-terrain scope contamination. Prior deep-dive notes also list shape/UV/topology bugs in this library.","Pure prop MeshSpec generator, not a terrain generator. Some outputs are reachable through _mesh_bridge maps, but no row-level terrain placement, LOD, material, or screenshot proof exists.",Codex local manual review
veilbreakers_terrain/procedural_meshes.py,generate_hanging_skeleton_mesh,generate_hanging_skeleton_mesh,19077,function,runtime_other,R13_batch_generic_other_02.csv,generic,D+,WIRE_OR_DEPRECATE,missing_wiring_row,C,RELOCATE_ASSET_LIBRARY_OR_PROVE_SCATTER_RENDER_PATH,"Manual code read: procedural_meshes.py is imported by handlers/_mesh_bridge.py and then used by scatter/prop maps, while repo docs already mark it as non-terrain scope contamination. Prior deep-dive notes also list shape/UV/topology bugs in this library.","Pure prop MeshSpec generator, not a terrain generator. Some outputs are reachable through _mesh_bridge maps, but no row-level terrain placement, LOD, material, or screenshot proof exists.",Codex local manual review
veilbreakers_terrain/procedural_meshes.py,generate_rat_nest_mesh,generate_rat_nest_mesh,19185,function,runtime_other,R13_batch_generic_other_02.csv,generic,D+,WIRE_OR_DEPRECATE,missing_wiring_row,C,RELOCATE_ASSET_LIBRARY_OR_PROVE_SCATTER_RENDER_PATH,"Manual code read: procedural_meshes.py is imported by handlers/_mesh_bridge.py and then used by scatter/prop maps, while repo docs already mark it as non-terrain scope contamination. Prior deep-dive notes also list shape/UV/topology bugs in this library.","Pure prop MeshSpec generator, not a terrain generator. Some outputs are reachable through _mesh_bridge maps, but no row-level terrain placement, LOD, material, or screenshot proof exists.",Codex local manual review
veilbreakers_terrain/procedural_meshes.py,generate_rotting_barrel_mesh,generate_rotting_barrel_mesh,19228,function,runtime_other,R13_batch_generic_other_02.csv,generic,D+,WIRE_OR_DEPRECATE,missing_wiring_row,C,RELOCATE_ASSET_LIBRARY_OR_PROVE_SCATTER_RENDER_PATH,"Manual code read: procedural_meshes.py is imported by handlers/_mesh_bridge.py and then used by scatter/prop maps, while repo docs already mark it as non-terrain scope contamination. Prior deep-dive notes also list shape/UV/topology bugs in this library.","Pure prop MeshSpec generator, not a terrain generator. Some outputs are reachable through _mesh_bridge maps, but no row-level terrain placement, LOD, material, or screenshot proof exists.",Codex local manual review
veilbreakers_terrain/procedural_meshes.py,generate_treasure_chest_mesh,generate_treasure_chest_mesh,19280,function,runtime_other,R13_batch_generic_other_02.csv,generic,D+,WIRE_OR_DEPRECATE,missing_wiring_row,C,RELOCATE_ASSET_LIBRARY_OR_PROVE_SCATTER_RENDER_PATH,"Manual code read: procedural_meshes.py is imported by handlers/_mesh_bridge.py and then used by scatter/prop maps, while repo docs already mark it as non-terrain scope contamination. Prior deep-dive notes also list shape/UV/topology bugs in this library.","Pure prop MeshSpec generator, not a terrain generator. Some outputs are reachable through _mesh_bridge maps, but no row-level terrain placement, LOD, material, or screenshot proof exists.",Codex local manual review
veilbreakers_terrain/procedural_meshes.py,generate_gem_pile_mesh,generate_gem_pile_mesh,19391,function,runtime_other,R13_batch_generic_other_02.csv,generic,D+,WIRE_OR_DEPRECATE,missing_wiring_row,C,RELOCATE_ASSET_LIBRARY_OR_PROVE_SCATTER_RENDER_PATH,"Manual code read: procedural_meshes.py is imported by handlers/_mesh_bridge.py and then used by scatter/prop maps, while repo docs already mark it as non-terrain scope contamination. Prior deep-dive notes also list shape/UV/topology bugs in this library.","Pure prop MeshSpec generator, not a terrain generator. Some outputs are reachable through _mesh_bridge maps, but no row-level terrain placement, LOD, material, or screenshot proof exists.",Codex local manual review
veilbreakers_terrain/procedural_meshes.py,generate_gold_pile_mesh,generate_gold_pile_mesh,19428,function,runtime_other,R13_batch_generic_other_02.csv,generic,D+,WIRE_OR_DEPRECATE,missing_wiring_row,C,RELOCATE_ASSET_LIBRARY_OR_PROVE_SCATTER_RENDER_PATH,"Manual code read: procedural_meshes.py is imported by handlers/_mesh_bridge.py and then used by scatter/prop maps, while repo docs already mark it as non-terrain scope contamination. Prior deep-dive notes also list shape/UV/topology bugs in this library.","Pure prop MeshSpec generator, not a terrain generator. Some outputs are reachable through _mesh_bridge maps, but no row-level terrain placement, LOD, material, or screenshot proof exists.",Codex local manual review
veilbreakers_terrain/procedural_meshes.py,generate_lore_tablet_mesh,generate_lore_tablet_mesh,19472,function,runtime_other,R13_batch_generic_other_02.csv,generic,D+,WIRE_OR_DEPRECATE,missing_wiring_row,C,RELOCATE_ASSET_LIBRARY_OR_PROVE_SCATTER_RENDER_PATH,"Manual code read: procedural_meshes.py is imported by handlers/_mesh_bridge.py and then used by scatter/prop maps, while repo docs already mark it as non-terrain scope contamination. Prior deep-dive notes also list shape/UV/topology bugs in this library.","Pure prop MeshSpec generator, not a terrain generator. Some outputs are reachable through _mesh_bridge maps, but no row-level terrain placement, LOD, material, or screenshot proof exists.",Codex local manual review
veilbreakers_terrain/procedural_meshes.py,generate_deer_mesh,generate_deer_mesh,19545,function,runtime_other,R13_batch_generic_other_02.csv,generic,D+,WIRE_OR_DEPRECATE,missing_wiring_row,C,RELOCATE_ASSET_LIBRARY_OR_PROVE_SCATTER_RENDER_PATH,"Manual code read: procedural_meshes.py is imported by handlers/_mesh_bridge.py and then used by scatter/prop maps, while repo docs already mark it as non-terrain scope contamination. Prior deep-dive notes also list shape/UV/topology bugs in this library.","Pure prop MeshSpec generator, not a terrain generator. Some outputs are reachable through _mesh_bridge maps, but no row-level terrain placement, LOD, material, or screenshot proof exists.",Codex local manual review
veilbreakers_terrain/procedural_meshes.py,generate_wolf_mesh,generate_wolf_mesh,19674,function,runtime_other,R13_batch_generic_other_02.csv,generic,D+,WIRE_OR_DEPRECATE,missing_wiring_row,C,RELOCATE_ASSET_LIBRARY_OR_PROVE_SCATTER_RENDER_PATH,"Manual code read: procedural_meshes.py is imported by handlers/_mesh_bridge.py and then used by scatter/prop maps, while repo docs already mark it as non-terrain scope contamination. Prior deep-dive notes also list shape/UV/topology bugs in this library.","Pure prop MeshSpec generator, not a terrain generator. Some outputs are reachable through _mesh_bridge maps, but no row-level terrain placement, LOD, material, or screenshot proof exists.",Codex local manual review
veilbreakers_terrain/procedural_meshes.py,generate_fox_mesh,generate_fox_mesh,19774,function,runtime_other,R13_batch_generic_other_02.csv,generic,D+,WIRE_OR_DEPRECATE,missing_wiring_row,C,RELOCATE_ASSET_LIBRARY_OR_PROVE_SCATTER_RENDER_PATH,"Manual code read: procedural_meshes.py is imported by handlers/_mesh_bridge.py and then used by scatter/prop maps, while repo docs already mark it as non-terrain scope contamination. Prior deep-dive notes also list shape/UV/topology bugs in this library.","Pure prop MeshSpec generator, not a terrain generator. Some outputs are reachable through _mesh_bridge maps, but no row-level terrain placement, LOD, material, or screenshot proof exists.",Codex local manual review
veilbreakers_terrain/procedural_meshes.py,generate_rabbit_mesh,generate_rabbit_mesh,19863,function,runtime_other,R13_batch_generic_other_02.csv,generic,D+,WIRE_OR_DEPRECATE,missing_wiring_row,C,RELOCATE_ASSET_LIBRARY_OR_PROVE_SCATTER_RENDER_PATH,"Manual code read: procedural_meshes.py is imported by handlers/_mesh_bridge.py and then used by scatter/prop maps, while repo docs already mark it as non-terrain scope contamination. Prior deep-dive notes also list shape/UV/topology bugs in this library.","Pure prop MeshSpec generator, not a terrain generator. Some outputs are reachable through _mesh_bridge maps, but no row-level terrain placement, LOD, material, or screenshot proof exists.",Codex local manual review
veilbreakers_terrain/procedural_meshes.py,generate_owl_mesh,generate_owl_mesh,19936,function,runtime_other,R13_batch_generic_other_02.csv,generic,D+,WIRE_OR_DEPRECATE,missing_wiring_row,C,RELOCATE_ASSET_LIBRARY_OR_PROVE_SCATTER_RENDER_PATH,"Manual code read: procedural_meshes.py is imported by handlers/_mesh_bridge.py and then used by scatter/prop maps, while repo docs already mark it as non-terrain scope contamination. Prior deep-dive notes also list shape/UV/topology bugs in this library.","Pure prop MeshSpec generator, not a terrain generator. Some outputs are reachable through _mesh_bridge maps, but no row-level terrain placement, LOD, material, or screenshot proof exists.",Codex local manual review
veilbreakers_terrain/procedural_meshes.py,generate_crow_mesh,generate_crow_mesh,20028,function,runtime_other,R13_batch_generic_other_02.csv,generic,D+,WIRE_OR_DEPRECATE,missing_wiring_row,C,RELOCATE_ASSET_LIBRARY_OR_PROVE_SCATTER_RENDER_PATH,"Manual code read: procedural_meshes.py is imported by handlers/_mesh_bridge.py and then used by scatter/prop maps, while repo docs already mark it as non-terrain scope contamination. Prior deep-dive notes also list shape/UV/topology bugs in this library.","Pure prop MeshSpec generator, not a terrain generator. Some outputs are reachable through _mesh_bridge maps, but no row-level terrain placement, LOD, material, or screenshot proof exists.",Codex local manual review
veilbreakers_terrain/procedural_meshes.py,generate_eagle_mesh,generate_eagle_mesh,20226,function,runtime_other,R13_batch_generic_other_02.csv,generic,D+,WIRE_OR_DEPRECATE,missing_wiring_row,C,RELOCATE_ASSET_LIBRARY_OR_PROVE_SCATTER_RENDER_PATH,"Manual code read: procedural_meshes.py is imported by handlers/_mesh_bridge.py and then used by scatter/prop maps, while repo docs already mark it as non-terrain scope contamination. Prior deep-dive notes also list shape/UV/topology bugs in this library.","Pure prop MeshSpec generator, not a terrain generator. Some outputs are reachable through _mesh_bridge maps, but no row-level terrain placement, LOD, material, or screenshot proof exists.",Codex local manual review
veilbreakers_terrain/procedural_meshes.py,generate_bear_mesh,generate_bear_mesh,20324,function,runtime_other,R13_batch_generic_other_02.csv,generic,D+,WIRE_OR_DEPRECATE,missing_wiring_row,C,RELOCATE_ASSET_LIBRARY_OR_PROVE_SCATTER_RENDER_PATH,"Manual code read: procedural_meshes.py is imported by handlers/_mesh_bridge.py and then used by scatter/prop maps, while repo docs already mark it as non-terrain scope contamination. Prior deep-dive notes also list shape/UV/topology bugs in this library.","Pure prop MeshSpec generator, not a terrain generator. Some outputs are reachable through _mesh_bridge maps, but no row-level terrain placement, LOD, material, or screenshot proof exists.",Codex local manual review
veilbreakers_terrain/procedural_meshes.py,generate_horse_mesh,generate_horse_mesh,20458,function,runtime_other,R13_batch_generic_other_02.csv,generic,D+,WIRE_OR_DEPRECATE,missing_wiring_row,C,RELOCATE_ASSET_LIBRARY_OR_PROVE_SCATTER_RENDER_PATH,"Manual code read: procedural_meshes.py is imported by handlers/_mesh_bridge.py and then used by scatter/prop maps, while repo docs already mark it as non-terrain scope contamination. Prior deep-dive notes also list shape/UV/topology bugs in this library.","Pure prop MeshSpec generator, not a terrain generator. Some outputs are reachable through _mesh_bridge maps, but no row-level terrain placement, LOD, material, or screenshot proof exists.",Codex local manual review
veilbreakers_terrain/procedural_meshes.py,generate_chicken_mesh,generate_chicken_mesh,20586,function,runtime_other,R13_batch_generic_other_02.csv,generic,D+,WIRE_OR_DEPRECATE,missing_wiring_row,C,RELOCATE_ASSET_LIBRARY_OR_PROVE_SCATTER_RENDER_PATH,"Manual code read: procedural_meshes.py is imported by handlers/_mesh_bridge.py and then used by scatter/prop maps, while repo docs already mark it as non-terrain scope contamination. Prior deep-dive notes also list shape/UV/topology bugs in this library.","Pure prop MeshSpec generator, not a terrain generator. Some outputs are reachable through _mesh_bridge maps, but no row-level terrain placement, LOD, material, or screenshot proof exists.",Codex local manual review
veilbreakers_terrain/procedural_meshes.py,generate_dog_mesh,generate_dog_mesh,20678,function,runtime_other,R13_batch_generic_other_02.csv,generic,D+,WIRE_OR_DEPRECATE,missing_wiring_row,C,RELOCATE_ASSET_LIBRARY_OR_PROVE_SCATTER_RENDER_PATH,"Manual code read: procedural_meshes.py is imported by handlers/_mesh_bridge.py and then used by scatter/prop maps, while repo docs already mark it as non-terrain scope contamination. Prior deep-dive notes also list shape/UV/topology bugs in this library.","Pure prop MeshSpec generator, not a terrain generator. Some outputs are reachable through _mesh_bridge maps, but no row-level terrain placement, LOD, material, or screenshot proof exists.",Codex local manual review
veilbreakers_terrain/procedural_meshes.py,generate_cat_mesh,generate_cat_mesh,20797,function,runtime_other,R13_batch_generic_other_02.csv,generic,D+,WIRE_OR_DEPRECATE,missing_wiring_row,C,RELOCATE_ASSET_LIBRARY_OR_PROVE_SCATTER_RENDER_PATH,"Manual code read: procedural_meshes.py is imported by handlers/_mesh_bridge.py and then used by scatter/prop maps, while repo docs already mark it as non-terrain scope contamination. Prior deep-dive notes also list shape/UV/topology bugs in this library.","Pure prop MeshSpec generator, not a terrain generator. Some outputs are reachable through _mesh_bridge maps, but no row-level terrain placement, LOD, material, or screenshot proof exists.",Codex local manual review
veilbreakers_terrain/procedural_meshes.py,generate_rat_mesh,generate_rat_mesh,20902,function,runtime_other,R13_batch_generic_other_02.csv,generic,D+,WIRE_OR_DEPRECATE,missing_wiring_row,C,RELOCATE_ASSET_LIBRARY_OR_PROVE_SCATTER_RENDER_PATH,"Manual code read: procedural_meshes.py is imported by handlers/_mesh_bridge.py and then used by scatter/prop maps, while repo docs already mark it as non-terrain scope contamination. Prior deep-dive notes also list shape/UV/topology bugs in this library.","Pure prop MeshSpec generator, not a terrain generator. Some outputs are reachable through _mesh_bridge maps, but no row-level terrain placement, LOD, material, or screenshot proof exists.",Codex local manual review
veilbreakers_terrain/procedural_meshes.py,generate_bat_mesh,generate_bat_mesh,20976,function,runtime_other,R13_batch_generic_other_02.csv,generic,D+,WIRE_OR_DEPRECATE,missing_wiring_row,C,RELOCATE_ASSET_LIBRARY_OR_PROVE_SCATTER_RENDER_PATH,"Manual code read: procedural_meshes.py is imported by handlers/_mesh_bridge.py and then used by scatter/prop maps, while repo docs already mark it as non-terrain scope contamination. Prior deep-dive notes also list shape/UV/topology bugs in this library.","Pure prop MeshSpec generator, not a terrain generator. Some outputs are reachable through _mesh_bridge maps, but no row-level terrain placement, LOD, material, or screenshot proof exists.",Codex local manual review
veilbreakers_terrain/procedural_meshes.py,generate_small_spider_mesh,generate_small_spider_mesh,21058,function,runtime_other,R13_batch_generic_other_02.csv,generic,D+,WIRE_OR_DEPRECATE,missing_wiring_row,C,RELOCATE_ASSET_LIBRARY_OR_PROVE_SCATTER_RENDER_PATH,"Manual code read: procedural_meshes.py is imported by handlers/_mesh_bridge.py and then used by scatter/prop maps, while repo docs already mark it as non-terrain scope contamination. Prior deep-dive notes also list shape/UV/topology bugs in this library.","Pure prop MeshSpec generator, not a terrain generator. Some outputs are reachable through _mesh_bridge maps, but no row-level terrain placement, LOD, material, or screenshot proof exists.",Codex local manual review
veilbreakers_terrain/procedural_meshes.py,generate_beetle_mesh,generate_beetle_mesh,21136,function,runtime_other,R13_batch_generic_other_02.csv,generic,D+,WIRE_OR_DEPRECATE,missing_wiring_row,C,RELOCATE_ASSET_LIBRARY_OR_PROVE_SCATTER_RENDER_PATH,"Manual code read: procedural_meshes.py is imported by handlers/_mesh_bridge.py and then used by scatter/prop maps, while repo docs already mark it as non-terrain scope contamination. Prior deep-dive notes also list shape/UV/topology bugs in this library.","Pure prop MeshSpec generator, not a terrain generator. Some outputs are reachable through _mesh_bridge maps, but no row-level terrain placement, LOD, material, or screenshot proof exists.",Codex local manual review
veilbreakers_terrain/procedural_meshes.py,generate_frog_mesh,generate_frog_mesh,21210,function,runtime_other,R13_batch_generic_other_02.csv,generic,D+,WIRE_OR_DEPRECATE,missing_wiring_row,C,RELOCATE_ASSET_LIBRARY_OR_PROVE_SCATTER_RENDER_PATH,"Manual code read: procedural_meshes.py is imported by handlers/_mesh_bridge.py and then used by scatter/prop maps, while repo docs already mark it as non-terrain scope contamination. Prior deep-dive notes also list shape/UV/topology bugs in this library.","Pure prop MeshSpec generator, not a terrain generator. Some outputs are reachable through _mesh_bridge maps, but no row-level terrain placement, LOD, material, or screenshot proof exists.",Codex local manual review
veilbreakers_terrain/procedural_meshes.py,generate_snake_ambient_mesh,generate_snake_ambient_mesh,21296,function,runtime_other,R13_batch_generic_other_02.csv,generic,D+,WIRE_OR_DEPRECATE,missing_wiring_row,C,RELOCATE_ASSET_LIBRARY_OR_PROVE_SCATTER_RENDER_PATH,"Manual code read: procedural_meshes.py is imported by handlers/_mesh_bridge.py and then used by scatter/prop maps, while repo docs already mark it as non-terrain scope contamination. Prior deep-dive notes also list shape/UV/topology bugs in this library.","Pure prop MeshSpec generator, not a terrain generator. Some outputs are reachable through _mesh_bridge maps, but no row-level terrain placement, LOD, material, or screenshot proof exists.",Codex local manual review
veilbreakers_terrain/procedural_meshes.py,generate_turtle_mesh,generate_turtle_mesh,21391,function,runtime_other,R13_batch_generic_other_02.csv,generic,D+,WIRE_OR_DEPRECATE,missing_wiring_row,C,RELOCATE_ASSET_LIBRARY_OR_PROVE_SCATTER_RENDER_PATH,"Manual code read: procedural_meshes.py is imported by handlers/_mesh_bridge.py and then used by scatter/prop maps, while repo docs already mark it as non-terrain scope contamination. Prior deep-dive notes also list shape/UV/topology bugs in this library.","Pure prop MeshSpec generator, not a terrain generator. Some outputs are reachable through _mesh_bridge maps, but no row-level terrain placement, LOD, material, or screenshot proof exists.",Codex local manual review
veilbreakers_terrain/procedural_meshes.py,generate_mine_entrance_mesh,generate_mine_entrance_mesh,21483,function,runtime_other,R13_batch_generic_other_02.csv,generic,D+,WIRE_OR_DEPRECATE,missing_wiring_row,C,RELOCATE_ASSET_LIBRARY_OR_PROVE_SCATTER_RENDER_PATH,"Manual code read: procedural_meshes.py is imported by handlers/_mesh_bridge.py and then used by scatter/prop maps, while repo docs already mark it as non-terrain scope contamination. Prior deep-dive notes also list shape/UV/topology bugs in this library.","Pure prop MeshSpec generator, not a terrain generator. Some outputs are reachable through _mesh_bridge maps, but no row-level terrain placement, LOD, material, or screenshot proof exists.",Codex local manual review
veilbreakers_terrain/procedural_meshes.py,generate_sewer_tunnel_mesh,generate_sewer_tunnel_mesh,21641,function,runtime_other,R13_batch_generic_other_02.csv,generic,D+,WIRE_OR_DEPRECATE,missing_wiring_row,C,RELOCATE_ASSET_LIBRARY_OR_PROVE_SCATTER_RENDER_PATH,"Manual code read: procedural_meshes.py is imported by handlers/_mesh_bridge.py and then used by scatter/prop maps, while repo docs already mark it as non-terrain scope contamination. Prior deep-dive notes also list shape/UV/topology bugs in this library.","Pure prop MeshSpec generator, not a terrain generator. Some outputs are reachable through _mesh_bridge maps, but no row-level terrain placement, LOD, material, or screenshot proof exists.",Codex local manual review
veilbreakers_terrain/procedural_meshes.py,generate_catacomb_mesh,generate_catacomb_mesh,21785,function,runtime_other,R13_batch_generic_other_02.csv,generic,D+,WIRE_OR_DEPRECATE,missing_wiring_row,C,RELOCATE_ASSET_LIBRARY_OR_PROVE_SCATTER_RENDER_PATH,"Manual code read: procedural_meshes.py is imported by handlers/_mesh_bridge.py and then used by scatter/prop maps, while repo docs already mark it as non-terrain scope contamination. Prior deep-dive notes also list shape/UV/topology bugs in this library.","Pure prop MeshSpec generator, not a terrain generator. Some outputs are reachable through _mesh_bridge maps, but no row-level terrain placement, LOD, material, or screenshot proof exists.",Codex local manual review
veilbreakers_terrain/procedural_meshes.py,generate_temple_mesh,generate_temple_mesh,21891,function,runtime_other,R13_batch_generic_other_02.csv,generic,D+,WIRE_OR_DEPRECATE,missing_wiring_row,C,RELOCATE_ASSET_LIBRARY_OR_PROVE_SCATTER_RENDER_PATH,"Manual code read: procedural_meshes.py is imported by handlers/_mesh_bridge.py and then used by scatter/prop maps, while repo docs already mark it as non-terrain scope contamination. Prior deep-dive notes also list shape/UV/topology bugs in this library.","Pure prop MeshSpec generator, not a terrain generator. Some outputs are reachable through _mesh_bridge maps, but no row-level terrain placement, LOD, material, or screenshot proof exists.",Codex local manual review
veilbreakers_terrain/procedural_meshes.py,generate_harbor_dock_mesh,generate_harbor_dock_mesh,22085,function,runtime_other,R13_batch_generic_other_02.csv,generic,D+,WIRE_OR_DEPRECATE,missing_wiring_row,C,RELOCATE_ASSET_LIBRARY_OR_PROVE_SCATTER_RENDER_PATH,"Manual code read: procedural_meshes.py is imported by handlers/_mesh_bridge.py and then used by scatter/prop maps, while repo docs already mark it as non-terrain scope contamination. Prior deep-dive notes also list shape/UV/topology bugs in this library.","Pure prop MeshSpec generator, not a terrain generator. Some outputs are reachable through _mesh_bridge maps, but no row-level terrain placement, LOD, material, or screenshot proof exists.",Codex local manual review
veilbreakers_terrain/src/veilbreakers_mcp/blender_server.py,list_locations,list_locations,176,function,runtime_src,R13_batch_generic_other_02.csv,generic,D+,WIRE_OR_DEPRECATE,missing_wiring_row,C+,ADD_DISPATCH_TABLE_COVERAGE_GATE,Manual code read: bpy-free MCP shim maps human location/action keys to COMMAND_HANDLERS and returns structured errors. It is useful wiring but B requires a CI gate proving every mapped command exists and every core generator is reachable.,AAA tooling needs verified command-surface contracts and stale-key prevention; the static map alone does not prove terrain quality.,Codex local manual review
veilbreakers_terrain/src/veilbreakers_mcp/blender_server.py,dispatch,dispatch,189,function,runtime_src,R13_batch_generic_other_02.csv,generic,D+,WIRE_OR_DEPRECATE,missing_wiring_row,C+,ADD_DISPATCH_TABLE_COVERAGE_GATE,Manual code read: bpy-free MCP shim maps human location/action keys to COMMAND_HANDLERS and returns structured errors. It is useful wiring but B requires a CI gate proving every mapped command exists and every core generator is reachable.,AAA tooling needs verified command-surface contracts and stale-key prevention; the static map alone does not prove terrain quality.,Codex local manual review

