Blender 4.5.8 LTS (hash d7359176d0d3 built 2026-03-17 01:33:41)
Warning: 'import_mesh.hgt_handler' does not contain '_FH_' with prefix and suffix
bl_ext.blender_org.easymesh_batch_exporter:INFO: Begin registration.
bl_ext.blender_org.easymesh_batch_exporter:INFO: Properties registered.
bl_ext.blender_org.easymesh_batch_exporter:INFO: Verification - mesh_exporter exists: True
bl_ext.blender_org.easymesh_batch_exporter:INFO: Built-in presets initialised.
bl_ext.blender_org.easymesh_batch_exporter:INFO: Panel/Operator classes registered.
bl_ext.blender_org.easymesh_batch_exporter.export_indicators:INFO: Export indicator timer registered (interval: 5.0s, persistent)
bl_ext.blender_org.easymesh_batch_exporter:INFO: Export indicators registered.
bl_ext.blender_org.easymesh_batch_exporter:INFO: Registration complete.
Registering RMKit Properties...
bl_ext.blender_org.Modifier_List_Fork: Registered 62 classes
INFO: Ucupaint 2.4.5 is registered!
register_class(...):
Warning: 'import_mesh.hgt_handler' does not contain '_FH_' with prefix and suffix
-------Registering gflow-------
[bl_ext.blender_org.terrainmixer] WARNING: Using legacy path-finding for older Blender version.
UniV: Skipping registration in background mode
Successfully registered mesh_exporter: <bpy_struct, PointerProperty("mesh_exporter") at 0x000002AEE4B64B08>
ℹ️  blenderkit: Verbose is enabled [13:57:01.485, addon_updater.py:150]
ℹ️  blenderkit: Read in JSON settings from file [13:57:01.485, addon_updater.py:150]
ℹ️  blenderkit: Ports reordered so first port is now 62485 (previous index was 0) [13:57:01.485, client_lib.py:129]
BlenderMCP addon registered
Reloading external rigs...
Reloading external metarigs...
INFO: Ucupaint update routine is done in 0.00 ms!
[GamiFlow] Scene Scene was saved in different version (0)
Created history step 107657eb-cd6c-4491-832d-5c1974079148
ℹ️  blenderkit: Created new search history step [13:57:02.081, search.py:2525]
ℹ️  blenderkit: No temporarily enabled addons to clean up [13:57:02.081, download.py:416]
bl_ext.blender_org.easymesh_batch_exporter:INFO: Begin unregistration.
bl_ext.blender_org.easymesh_batch_exporter.export_indicators:INFO: Unregistering export indicators...
bl_ext.blender_org.easymesh_batch_exporter.export_indicators:INFO: Export indicator timer unregistered.
bl_ext.blender_org.easymesh_batch_exporter:INFO: Export indicators unregistered.
bl_ext.blender_org.easymesh_batch_exporter:INFO: Panel/Operator classes unregistered.
bl_ext.blender_org.easymesh_batch_exporter:INFO: Properties unregistered.
bl_ext.blender_org.easymesh_batch_exporter:INFO: Unregistration complete.
bl_ext.blender_org.Modifier_List_Fork: Unregistered 62 classes
INFO: Ucupaint 2.4.5 is unregistered!
-------Unregistering gflow-------
ℹ️  blenderkit: Unregistering BlenderKit add-on [13:57:02.118, __init__.py:2881]
ℹ️  blenderkit: No temporarily enabled addons to clean up [13:57:02.118, download.py:416]
Fra:1 Mem:44.68M (Peak 53.46M) | Time:00:00.99 | Rendering 1 / 8 samples
Fra:1 Mem:44.68M (Peak 53.46M) | Time:00:01.00 | Rendering 8 / 8 samples
Saved: 'C:\Users\Conner\OneDrive\Documents\veilbreakers-terrain\renders\quality-audit\macro_world\grassland_isometric.png'
Time: 00:01.12 (Saving: 00:00.11)

Fra:1 Mem:44.93M (Peak 53.62M) | Time:00:00.10 | Rendering 1 / 8 samples
Fra:1 Mem:44.93M (Peak 53.62M) | Time:00:00.11 | Rendering 8 / 8 samples
Saved: 'C:\Users\Conner\OneDrive\Documents\veilbreakers-terrain\renders\quality-audit\macro_world\grassland_topdown.png'
Time: 00:00.16 (Saving: 00:00.02)

Fra:1 Mem:44.93M (Peak 53.62M) | Time:00:00.10 | Rendering 1 / 8 samples
Fra:1 Mem:44.93M (Peak 53.62M) | Time:00:00.11 | Rendering 8 / 8 samples
Saved: 'C:\Users\Conner\OneDrive\Documents\veilbreakers-terrain\renders\quality-audit\macro_world\grassland_sideprofile.png'
Time: 00:00.15 (Saving: 00:00.02)

Fra:1 Mem:44.92M (Peak 53.48M) | Time:00:00.10 | Rendering 1 / 8 samples
Fra:1 Mem:44.92M (Peak 53.48M) | Time:00:00.11 | Rendering 8 / 8 samples
Saved: 'C:\Users\Conner\OneDrive\Documents\veilbreakers-terrain\renders\quality-audit\macro_world\mountain_isometric.png'
Time: 00:00.15 (Saving: 00:00.02)

Fra:1 Mem:44.93M (Peak 53.62M) | Time:00:00.10 | Rendering 1 / 8 samples
Fra:1 Mem:44.93M (Peak 53.62M) | Time:00:00.11 | Rendering 8 / 8 samples
Saved: 'C:\Users\Conner\OneDrive\Documents\veilbreakers-terrain\renders\quality-audit\macro_world\mountain_topdown.png'
Time: 00:00.15 (Saving: 00:00.02)

Fra:1 Mem:44.93M (Peak 53.62M) | Time:00:00.09 | Rendering 1 / 8 samples
Fra:1 Mem:44.93M (Peak 53.62M) | Time:00:00.10 | Rendering 8 / 8 samples
Saved: 'C:\Users\Conner\OneDrive\Documents\veilbreakers-terrain\renders\quality-audit\macro_world\mountain_sideprofile.png'
Time: 00:00.14 (Saving: 00:00.02)

Fra:1 Mem:44.93M (Peak 53.48M) | Time:00:00.10 | Rendering 1 / 8 samples
Fra:1 Mem:44.93M (Peak 53.48M) | Time:00:00.11 | Rendering 8 / 8 samples
Saved: 'C:\Users\Conner\OneDrive\Documents\veilbreakers-terrain\renders\quality-audit\macro_world\coastal_isometric.png'
Time: 00:00.15 (Saving: 00:00.02)

Fra:1 Mem:44.93M (Peak 53.62M) | Time:00:00.10 | Rendering 1 / 8 samples
Fra:1 Mem:44.93M (Peak 53.62M) | Time:00:00.11 | Rendering 8 / 8 samples
Saved: 'C:\Users\Conner\OneDrive\Documents\veilbreakers-terrain\renders\quality-audit\macro_world\coastal_topdown.png'
Time: 00:00.16 (Saving: 00:00.02)

Fra:1 Mem:44.93M (Peak 53.62M) | Time:00:00.10 | Rendering 1 / 8 samples
Fra:1 Mem:44.93M (Peak 53.62M) | Time:00:00.11 | Rendering 8 / 8 samples
Saved: 'C:\Users\Conner\OneDrive\Documents\veilbreakers-terrain\renders\quality-audit\macro_world\coastal_sideprofile.png'
Time: 00:00.16 (Saving: 00:00.02)

Fra:1 Mem:44.93M (Peak 53.48M) | Time:00:00.10 | Rendering 1 / 8 samples
Fra:1 Mem:44.93M (Peak 53.48M) | Time:00:00.12 | Rendering 8 / 8 samples
Saved: 'C:\Users\Conner\OneDrive\Documents\veilbreakers-terrain\renders\quality-audit\macro_world\volcanic_isometric.png'
Time: 00:00.15 (Saving: 00:00.02)

Fra:1 Mem:44.93M (Peak 53.62M) | Time:00:00.12 | Rendering 1 / 8 samples
Fra:1 Mem:44.93M (Peak 53.62M) | Time:00:00.13 | Rendering 8 / 8 samples
Saved: 'C:\Users\Conner\OneDrive\Documents\veilbreakers-terrain\renders\quality-audit\macro_world\volcanic_topdown.png'
Time: 00:00.17 (Saving: 00:00.02)

Fra:1 Mem:44.93M (Peak 53.62M) | Time:00:00.11 | Rendering 1 / 8 samples
Fra:1 Mem:44.93M (Peak 53.62M) | Time:00:00.13 | Rendering 8 / 8 samples
Saved: 'C:\Users\Conner\OneDrive\Documents\veilbreakers-terrain\renders\quality-audit\macro_world\volcanic_sideprofile.png'
Time: 00:00.17 (Saving: 00:00.02)

Fra:1 Mem:44.93M (Peak 53.48M) | Time:00:00.10 | Rendering 1 / 8 samples
Fra:1 Mem:44.93M (Peak 53.48M) | Time:00:00.12 | Rendering 8 / 8 samples
Saved: 'C:\Users\Conner\OneDrive\Documents\veilbreakers-terrain\renders\quality-audit\macro_world\frozen_isometric.png'
Time: 00:00.16 (Saving: 00:00.02)

Fra:1 Mem:44.93M (Peak 53.62M) | Time:00:00.11 | Rendering 1 / 8 samples
Fra:1 Mem:44.93M (Peak 53.62M) | Time:00:00.13 | Rendering 8 / 8 samples
Saved: 'C:\Users\Conner\OneDrive\Documents\veilbreakers-terrain\renders\quality-audit\macro_world\frozen_topdown.png'
Time: 00:00.18 (Saving: 00:00.02)

Fra:1 Mem:44.93M (Peak 53.62M) | Time:00:00.11 | Rendering 1 / 8 samples
Fra:1 Mem:44.93M (Peak 53.62M) | Time:00:00.12 | Rendering 8 / 8 samples
Saved: 'C:\Users\Conner\OneDrive\Documents\veilbreakers-terrain\renders\quality-audit\macro_world\frozen_sideprofile.png'
Time: 00:00.17 (Saving: 00:00.02)

Fra:1 Mem:44.93M (Peak 53.48M) | Time:00:00.11 | Rendering 1 / 8 samples
Fra:1 Mem:44.93M (Peak 53.48M) | Time:00:00.13 | Rendering 8 / 8 samples
Saved: 'C:\Users\Conner\OneDrive\Documents\veilbreakers-terrain\renders\quality-audit\macro_world\desert_isometric.png'
Time: 00:00.17 (Saving: 00:00.02)

Fra:1 Mem:44.93M (Peak 53.62M) | Time:00:00.11 | Rendering 1 / 8 samples
Fra:1 Mem:44.93M (Peak 53.62M) | Time:00:00.12 | Rendering 8 / 8 samples
Saved: 'C:\Users\Conner\OneDrive\Documents\veilbreakers-terrain\renders\quality-audit\macro_world\desert_topdown.png'
Time: 00:00.17 (Saving: 00:00.02)

Fra:1 Mem:44.93M (Peak 53.62M) | Time:00:00.11 | Rendering 1 / 8 samples
Fra:1 Mem:44.93M (Peak 53.62M) | Time:00:00.13 | Rendering 8 / 8 samples
Saved: 'C:\Users\Conner\OneDrive\Documents\veilbreakers-terrain\renders\quality-audit\macro_world\desert_sideprofile.png'
Time: 00:00.17 (Saving: 00:00.02)

Fra:1 Mem:44.93M (Peak 53.48M) | Time:00:00.11 | Rendering 1 / 8 samples
Fra:1 Mem:44.93M (Peak 53.48M) | Time:00:00.13 | Rendering 8 / 8 samples
Saved: 'C:\Users\Conner\OneDrive\Documents\veilbreakers-terrain\renders\quality-audit\pass_generate_low_freq_hmap\grassland_isometric.png'
Time: 00:00.17 (Saving: 00:00.02)

Fra:1 Mem:44.93M (Peak 53.62M) | Time:00:00.11 | Rendering 1 / 8 samples
Fra:1 Mem:44.93M (Peak 53.62M) | Time:00:00.12 | Rendering 8 / 8 samples
Saved: 'C:\Users\Conner\OneDrive\Documents\veilbreakers-terrain\renders\quality-audit\pass_generate_low_freq_hmap\grassland_topdown.png'
Time: 00:00.17 (Saving: 00:00.02)

Fra:1 Mem:44.93M (Peak 53.62M) | Time:00:00.11 | Rendering 1 / 8 samples
Fra:1 Mem:44.93M (Peak 53.62M) | Time:00:00.12 | Rendering 8 / 8 samples
Saved: 'C:\Users\Conner\OneDrive\Documents\veilbreakers-terrain\renders\quality-audit\pass_generate_low_freq_hmap\grassland_sideprofile.png'
Time: 00:00.16 (Saving: 00:00.02)

Fra:1 Mem:44.93M (Peak 53.48M) | Time:00:00.11 | Rendering 1 / 8 samples
Fra:1 Mem:44.93M (Peak 53.48M) | Time:00:00.13 | Rendering 8 / 8 samples
Saved: 'C:\Users\Conner\OneDrive\Documents\veilbreakers-terrain\renders\quality-audit\pass_generate_low_freq_hmap\mountain_isometric.png'
Time: 00:00.17 (Saving: 00:00.02)

Fra:1 Mem:44.93M (Peak 53.62M) | Time:00:00.11 | Rendering 1 / 8 samples
Fra:1 Mem:44.93M (Peak 53.62M) | Time:00:00.12 | Rendering 8 / 8 samples
Saved: 'C:\Users\Conner\OneDrive\Documents\veilbreakers-terrain\renders\quality-audit\pass_generate_low_freq_hmap\mountain_topdown.png'
Time: 00:00.17 (Saving: 00:00.02)

Fra:1 Mem:44.93M (Peak 53.62M) | Time:00:00.11 | Rendering 1 / 8 samples
Fra:1 Mem:44.93M (Peak 53.62M) | Time:00:00.13 | Rendering 8 / 8 samples
Saved: 'C:\Users\Conner\OneDrive\Documents\veilbreakers-terrain\renders\quality-audit\pass_generate_low_freq_hmap\mountain_sideprofile.png'
Time: 00:00.17 (Saving: 00:00.02)

Fra:1 Mem:44.92M (Peak 53.48M) | Time:00:00.11 | Rendering 1 / 8 samples
Fra:1 Mem:44.92M (Peak 53.48M) | Time:00:00.13 | Rendering 8 / 8 samples
Saved: 'C:\Users\Conner\OneDrive\Documents\veilbreakers-terrain\renders\quality-audit\pass_generate_low_freq_hmap\coastal_isometric.png'
Time: 00:00.17 (Saving: 00:00.02)

Fra:1 Mem:44.93M (Peak 53.62M) | Time:00:00.11 | Rendering 1 / 8 samples
Fra:1 Mem:44.93M (Peak 53.62M) | Time:00:00.13 | Rendering 8 / 8 samples
Saved: 'C:\Users\Conner\OneDrive\Documents\veilbreakers-terrain\renders\quality-audit\pass_generate_low_freq_hmap\coastal_topdown.png'
Time: 00:00.18 (Saving: 00:00.02)

Fra:1 Mem:44.93M (Peak 53.62M) | Time:00:00.11 | Rendering 1 / 8 samples
Fra:1 Mem:44.93M (Peak 53.62M) | Time:00:00.13 | Rendering 8 / 8 samples
Saved: 'C:\Users\Conner\OneDrive\Documents\veilbreakers-terrain\renders\quality-audit\pass_generate_low_freq_hmap\coastal_sideprofile.png'
Time: 00:00.17 (Saving: 00:00.02)

Fra:1 Mem:44.92M (Peak 53.48M) | Time:00:00.12 | Rendering 1 / 8 samples
Fra:1 Mem:44.92M (Peak 53.48M) | Time:00:00.14 | Rendering 8 / 8 samples
Saved: 'C:\Users\Conner\OneDrive\Documents\veilbreakers-terrain\renders\quality-audit\pass_generate_low_freq_hmap\volcanic_isometric.png'
Time: 00:00.18 (Saving: 00:00.02)

Fra:1 Mem:44.93M (Peak 53.62M) | Time:00:00.12 | Rendering 1 / 8 samples
Fra:1 Mem:44.93M (Peak 53.62M) | Time:00:00.14 | Rendering 8 / 8 samples
Saved: 'C:\Users\Conner\OneDrive\Documents\veilbreakers-terrain\renders\quality-audit\pass_generate_low_freq_hmap\volcanic_topdown.png'
Time: 00:00.18 (Saving: 00:00.02)

Fra:1 Mem:44.93M (Peak 53.62M) | Time:00:00.11 | Rendering 1 / 8 samples
Fra:1 Mem:44.93M (Peak 53.62M) | Time:00:00.13 | Rendering 8 / 8 samples
Saved: 'C:\Users\Conner\OneDrive\Documents\veilbreakers-terrain\renders\quality-audit\pass_generate_low_freq_hmap\volcanic_sideprofile.png'
Time: 00:00.18 (Saving: 00:00.02)

Fra:1 Mem:44.92M (Peak 53.48M) | Time:00:00.11 | Rendering 1 / 8 samples
Fra:1 Mem:44.92M (Peak 53.48M) | Time:00:00.13 | Rendering 8 / 8 samples
Saved: 'C:\Users\Conner\OneDrive\Documents\veilbreakers-terrain\renders\quality-audit\pass_generate_low_freq_hmap\frozen_isometric.png'
Time: 00:00.16 (Saving: 00:00.02)

Fra:1 Mem:44.93M (Peak 53.62M) | Time:00:00.11 | Rendering 1 / 8 samples
Fra:1 Mem:44.93M (Peak 53.62M) | Time:00:00.13 | Rendering 8 / 8 samples
Saved: 'C:\Users\Conner\OneDrive\Documents\veilbreakers-terrain\renders\quality-audit\pass_generate_low_freq_hmap\frozen_topdown.png'
Time: 00:00.18 (Saving: 00:00.02)

Fra:1 Mem:44.93M (Peak 53.62M) | Time:00:00.11 | Rendering 1 / 8 samples
Fra:1 Mem:44.93M (Peak 53.62M) | Time:00:00.13 | Rendering 8 / 8 samples
Saved: 'C:\Users\Conner\OneDrive\Documents\veilbreakers-terrain\renders\quality-audit\pass_generate_low_freq_hmap\frozen_sideprofile.png'
Time: 00:00.17 (Saving: 00:00.02)

Fra:1 Mem:44.92M (Peak 53.48M) | Time:00:00.11 | Rendering 1 / 8 samples
Fra:1 Mem:44.92M (Peak 53.48M) | Time:00:00.13 | Rendering 8 / 8 samples
Saved: 'C:\Users\Conner\OneDrive\Documents\veilbreakers-terrain\renders\quality-audit\pass_generate_low_freq_hmap\desert_isometric.png'
Time: 00:00.17 (Saving: 00:00.02)

Fra:1 Mem:44.93M (Peak 53.62M) | Time:00:00.11 | Rendering 1 / 8 samples
Fra:1 Mem:44.93M (Peak 53.62M) | Time:00:00.14 | Rendering 8 / 8 samples
Saved: 'C:\Users\Conner\OneDrive\Documents\veilbreakers-terrain\renders\quality-audit\pass_generate_low_freq_hmap\desert_topdown.png'
Time: 00:00.18 (Saving: 00:00.02)

Fra:1 Mem:44.93M (Peak 53.62M) | Time:00:00.11 | Rendering 1 / 8 samples
Fra:1 Mem:44.93M (Peak 53.62M) | Time:00:00.14 | Rendering 8 / 8 samples
Saved: 'C:\Users\Conner\OneDrive\Documents\veilbreakers-terrain\renders\quality-audit\pass_generate_low_freq_hmap\desert_sideprofile.png'
Time: 00:00.18 (Saving: 00:00.02)

Fra:1 Mem:44.93M (Peak 53.48M) | Time:00:00.11 | Rendering 1 / 8 samples
Fra:1 Mem:44.93M (Peak 53.48M) | Time:00:00.13 | Rendering 8 / 8 samples
Saved: 'C:\Users\Conner\OneDrive\Documents\veilbreakers-terrain\renders\quality-audit\pass_generate_high_freq_detail\grassland_isometric.png'
Time: 00:00.17 (Saving: 00:00.02)

Fra:1 Mem:44.93M (Peak 53.62M) | Time:00:00.11 | Rendering 1 / 8 samples
Fra:1 Mem:44.93M (Peak 53.62M) | Time:00:00.14 | Rendering 8 / 8 samples
Saved: 'C:\Users\Conner\OneDrive\Documents\veilbreakers-terrain\renders\quality-audit\pass_generate_high_freq_detail\grassland_topdown.png'
Time: 00:00.18 (Saving: 00:00.02)

Fra:1 Mem:44.93M (Peak 53.62M) | Time:00:00.12 | Rendering 1 / 8 samples
Fra:1 Mem:44.93M (Peak 53.62M) | Time:00:00.14 | Rendering 8 / 8 samples
Saved: 'C:\Users\Conner\OneDrive\Documents\veilbreakers-terrain\renders\quality-audit\pass_generate_high_freq_detail\grassland_sideprofile.png'
Time: 00:00.17 (Saving: 00:00.02)

Fra:1 Mem:44.93M (Peak 53.48M) | Time:00:00.11 | Rendering 1 / 8 samples
Fra:1 Mem:44.93M (Peak 53.48M) | Time:00:00.13 | Rendering 8 / 8 samples
Saved: 'C:\Users\Conner\OneDrive\Documents\veilbreakers-terrain\renders\quality-audit\pass_generate_high_freq_detail\mountain_isometric.png'
Time: 00:00.17 (Saving: 00:00.02)

Fra:1 Mem:44.93M (Peak 53.62M) | Time:00:00.11 | Rendering 1 / 8 samples
Fra:1 Mem:44.93M (Peak 53.62M) | Time:00:00.13 | Rendering 8 / 8 samples
Saved: 'C:\Users\Conner\OneDrive\Documents\veilbreakers-terrain\renders\quality-audit\pass_generate_high_freq_detail\mountain_topdown.png'
Time: 00:00.17 (Saving: 00:00.02)

Fra:1 Mem:44.93M (Peak 53.62M) | Time:00:00.11 | Rendering 1 / 8 samples
Fra:1 Mem:44.93M (Peak 53.62M) | Time:00:00.13 | Rendering 8 / 8 samples
Saved: 'C:\Users\Conner\OneDrive\Documents\veilbreakers-terrain\renders\quality-audit\pass_generate_high_freq_detail\mountain_sideprofile.png'
Time: 00:00.17 (Saving: 00:00.01)

Fra:1 Mem:44.93M (Peak 53.48M) | Time:00:00.11 | Rendering 1 / 8 samples
Fra:1 Mem:44.93M (Peak 53.48M) | Time:00:00.14 | Rendering 8 / 8 samples
Saved: 'C:\Users\Conner\OneDrive\Documents\veilbreakers-terrain\renders\quality-audit\pass_generate_high_freq_detail\coastal_isometric.png'
Time: 00:00.17 (Saving: 00:00.02)

Fra:1 Mem:44.93M (Peak 53.62M) | Time:00:00.11 | Rendering 1 / 8 samples
Fra:1 Mem:44.93M (Peak 53.62M) | Time:00:00.14 | Rendering 8 / 8 samples
Saved: 'C:\Users\Conner\OneDrive\Documents\veilbreakers-terrain\renders\quality-audit\pass_generate_high_freq_detail\coastal_topdown.png'
Time: 00:00.18 (Saving: 00:00.02)

Fra:1 Mem:44.93M (Peak 53.62M) | Time:00:00.11 | Rendering 1 / 8 samples
Fra:1 Mem:44.93M (Peak 53.62M) | Time:00:00.13 | Rendering 8 / 8 samples
Saved: 'C:\Users\Conner\OneDrive\Documents\veilbreakers-terrain\renders\quality-audit\pass_generate_high_freq_detail\coastal_sideprofile.png'
Time: 00:00.17 (Saving: 00:00.02)

Fra:1 Mem:44.93M (Peak 53.48M) | Time:00:00.12 | Rendering 1 / 8 samples
Fra:1 Mem:44.93M (Peak 53.48M) | Time:00:00.15 | Rendering 8 / 8 samples
Saved: 'C:\Users\Conner\OneDrive\Documents\veilbreakers-terrain\renders\quality-audit\pass_generate_high_freq_detail\volcanic_isometric.png'
Time: 00:00.18 (Saving: 00:00.02)

Fra:1 Mem:44.93M (Peak 53.62M) | Time:00:00.12 | Rendering 1 / 8 samples
Fra:1 Mem:44.93M (Peak 53.62M) | Time:00:00.15 | Rendering 8 / 8 samples
Saved: 'C:\Users\Conner\OneDrive\Documents\veilbreakers-terrain\renders\quality-audit\pass_generate_high_freq_detail\volcanic_topdown.png'
Time: 00:00.19 (Saving: 00:00.02)

Fra:1 Mem:44.93M (Peak 53.62M) | Time:00:00.12 | Rendering 1 / 8 samples
Fra:1 Mem:44.93M (Peak 53.62M) | Time:00:00.14 | Rendering 8 / 8 samples
Saved: 'C:\Users\Conner\OneDrive\Documents\veilbreakers-terrain\renders\quality-audit\pass_generate_high_freq_detail\volcanic_sideprofile.png'
Time: 00:00.18 (Saving: 00:00.01)

Fra:1 Mem:44.93M (Peak 53.48M) | Time:00:00.11 | Rendering 1 / 8 samples
Fra:1 Mem:44.93M (Peak 53.48M) | Time:00:00.13 | Rendering 8 / 8 samples
Saved: 'C:\Users\Conner\OneDrive\Documents\veilbreakers-terrain\renders\quality-audit\pass_generate_high_freq_detail\frozen_isometric.png'
Time: 00:00.18 (Saving: 00:00.02)

Fra:1 Mem:44.93M (Peak 53.62M) | Time:00:00.11 | Rendering 1 / 8 samples
Fra:1 Mem:44.93M (Peak 53.62M) | Time:00:00.15 | Rendering 8 / 8 samples
Saved: 'C:\Users\Conner\OneDrive\Documents\veilbreakers-terrain\renders\quality-audit\pass_generate_high_freq_detail\frozen_topdown.png'
Time: 00:00.19 (Saving: 00:00.02)

Fra:1 Mem:44.93M (Peak 53.62M) | Time:00:00.14 | Rendering 1 / 8 samples
Fra:1 Mem:44.93M (Peak 53.62M) | Time:00:00.17 | Rendering 8 / 8 samples
Saved: 'C:\Users\Conner\OneDrive\Documents\veilbreakers-terrain\renders\quality-audit\pass_generate_high_freq_detail\frozen_sideprofile.png'
Time: 00:00.21 (Saving: 00:00.02)

Fra:1 Mem:44.93M (Peak 53.48M) | Time:00:00.14 | Rendering 1 / 8 samples
Fra:1 Mem:44.93M (Peak 53.48M) | Time:00:00.18 | Rendering 8 / 8 samples
Saved: 'C:\Users\Conner\OneDrive\Documents\veilbreakers-terrain\renders\quality-audit\pass_generate_high_freq_detail\desert_isometric.png'
Time: 00:00.22 (Saving: 00:00.02)

Fra:1 Mem:44.93M (Peak 53.62M) | Time:00:00.14 | Rendering 1 / 8 samples
Fra:1 Mem:44.93M (Peak 53.62M) | Time:00:00.18 | Rendering 8 / 8 samples
Saved: 'C:\Users\Conner\OneDrive\Documents\veilbreakers-terrain\renders\quality-audit\pass_generate_high_freq_detail\desert_topdown.png'
Time: 00:00.22 (Saving: 00:00.02)

Fra:1 Mem:44.93M (Peak 53.62M) | Time:00:00.14 | Rendering 1 / 8 samples
Fra:1 Mem:44.93M (Peak 53.62M) | Time:00:00.18 | Rendering 8 / 8 samples
Saved: 'C:\Users\Conner\OneDrive\Documents\veilbreakers-terrain\renders\quality-audit\pass_generate_high_freq_detail\desert_sideprofile.png'
Time: 00:00.21 (Saving: 00:00.01)

Fra:1 Mem:44.93M (Peak 53.48M) | Time:00:00.14 | Rendering 1 / 8 samples
Fra:1 Mem:44.93M (Peak 53.48M) | Time:00:00.18 | Rendering 8 / 8 samples
Saved: 'C:\Users\Conner\OneDrive\Documents\veilbreakers-terrain\renders\quality-audit\erosion\grassland_isometric.png'
Time: 00:00.22 (Saving: 00:00.02)

Fra:1 Mem:44.93M (Peak 53.62M) | Time:00:00.14 | Rendering 1 / 8 samples
Fra:1 Mem:44.93M (Peak 53.62M) | Time:00:00.18 | Rendering 8 / 8 samples
Saved: 'C:\Users\Conner\OneDrive\Documents\veilbreakers-terrain\renders\quality-audit\erosion\grassland_topdown.png'
Time: 00:00.22 (Saving: 00:00.02)

Fra:1 Mem:44.93M (Peak 53.62M) | Time:00:00.14 | Rendering 1 / 8 samples
Fra:1 Mem:44.93M (Peak 53.62M) | Time:00:00.17 | Rendering 8 / 8 samples
Saved: 'C:\Users\Conner\OneDrive\Documents\veilbreakers-terrain\renders\quality-audit\erosion\grassland_sideprofile.png'
Time: 00:00.21 (Saving: 00:00.01)

Fra:1 Mem:44.93M (Peak 53.48M) | Time:00:00.14 | Rendering 1 / 8 samples
Fra:1 Mem:44.93M (Peak 53.48M) | Time:00:00.18 | Rendering 8 / 8 samples
Saved: 'C:\Users\Conner\OneDrive\Documents\veilbreakers-terrain\renders\quality-audit\erosion\mountain_isometric.png'
Time: 00:00.21 (Saving: 00:00.01)

Fra:1 Mem:44.93M (Peak 53.62M) | Time:00:00.14 | Rendering 1 / 8 samples
Fra:1 Mem:44.93M (Peak 53.62M) | Time:00:00.18 | Rendering 8 / 8 samples
Saved: 'C:\Users\Conner\OneDrive\Documents\veilbreakers-terrain\renders\quality-audit\erosion\mountain_topdown.png'
Time: 00:00.22 (Saving: 00:00.02)

Fra:1 Mem:44.93M (Peak 53.62M) | Time:00:00.14 | Rendering 1 / 8 samples
Fra:1 Mem:44.93M (Peak 53.62M) | Time:00:00.17 | Rendering 8 / 8 samples
Saved: 'C:\Users\Conner\OneDrive\Documents\veilbreakers-terrain\renders\quality-audit\erosion\mountain_sideprofile.png'
Time: 00:00.20 (Saving: 00:00.01)

Fra:1 Mem:44.93M (Peak 53.48M) | Time:00:00.14 | Rendering 1 / 8 samples
Fra:1 Mem:44.93M (Peak 53.48M) | Time:00:00.18 | Rendering 8 / 8 samples
Saved: 'C:\Users\Conner\OneDrive\Documents\veilbreakers-terrain\renders\quality-audit\erosion\coastal_isometric.png'
Time: 00:00.22 (Saving: 00:00.02)

Fra:1 Mem:44.93M (Peak 53.62M) | Time:00:00.14 | Rendering 1 / 8 samples
Fra:1 Mem:44.93M (Peak 53.62M) | Time:00:00.18 | Rendering 8 / 8 samples
Saved: 'C:\Users\Conner\OneDrive\Documents\veilbreakers-terrain\renders\quality-audit\erosion\coastal_topdown.png'
Time: 00:00.22 (Saving: 00:00.02)

Fra:1 Mem:44.93M (Peak 53.62M) | Time:00:00.14 | Rendering 1 / 8 samples
Fra:1 Mem:44.93M (Peak 53.62M) | Time:00:00.18 | Rendering 8 / 8 samples
Saved: 'C:\Users\Conner\OneDrive\Documents\veilbreakers-terrain\renders\quality-audit\erosion\coastal_sideprofile.png'
Time: 00:00.22 (Saving: 00:00.02)

Fra:1 Mem:44.93M (Peak 53.48M) | Time:00:00.15 | Rendering 1 / 8 samples
Fra:1 Mem:44.93M (Peak 53.48M) | Time:00:00.19 | Rendering 8 / 8 samples
Saved: 'C:\Users\Conner\OneDrive\Documents\veilbreakers-terrain\renders\quality-audit\erosion\volcanic_isometric.png'
Time: 00:00.22 (Saving: 00:00.01)

Fra:1 Mem:44.93M (Peak 53.62M) | Time:00:00.15 | Rendering 1 / 8 samples
Fra:1 Mem:44.93M (Peak 53.62M) | Time:00:00.19 | Rendering 8 / 8 samples
Saved: 'C:\Users\Conner\OneDrive\Documents\veilbreakers-terrain\renders\quality-audit\erosion\volcanic_topdown.png'
Time: 00:00.23 (Saving: 00:00.02)

Fra:1 Mem:44.93M (Peak 53.62M) | Time:00:00.15 | Rendering 1 / 8 samples
Fra:1 Mem:44.93M (Peak 53.62M) | Time:00:00.18 | Rendering 8 / 8 samples
Saved: 'C:\Users\Conner\OneDrive\Documents\veilbreakers-terrain\renders\quality-audit\erosion\volcanic_sideprofile.png'
Time: 00:00.21 (Saving: 00:00.01)

Fra:1 Mem:44.93M (Peak 53.48M) | Time:00:00.14 | Rendering 1 / 8 samples
Fra:1 Mem:44.93M (Peak 53.48M) | Time:00:00.17 | Rendering 8 / 8 samples
Saved: 'C:\Users\Conner\OneDrive\Documents\veilbreakers-terrain\renders\quality-audit\erosion\frozen_isometric.png'
Time: 00:00.21 (Saving: 00:00.02)

Fra:1 Mem:44.93M (Peak 53.62M) | Time:00:00.14 | Rendering 1 / 8 samples
Fra:1 Mem:44.93M (Peak 53.62M) | Time:00:00.19 | Rendering 8 / 8 samples
Saved: 'C:\Users\Conner\OneDrive\Documents\veilbreakers-terrain\renders\quality-audit\erosion\frozen_topdown.png'
Time: 00:00.23 (Saving: 00:00.02)

Fra:1 Mem:44.93M (Peak 53.62M) | Time:00:00.14 | Rendering 1 / 8 samples
Fra:1 Mem:44.93M (Peak 53.62M) | Time:00:00.18 | Rendering 8 / 8 samples
Saved: 'C:\Users\Conner\OneDrive\Documents\veilbreakers-terrain\renders\quality-audit\erosion\frozen_sideprofile.png'
Time: 00:00.21 (Saving: 00:00.01)

Fra:1 Mem:44.93M (Peak 53.48M) | Time:00:00.14 | Rendering 1 / 8 samples
Fra:1 Mem:44.93M (Peak 53.48M) | Time:00:00.18 | Rendering 8 / 8 samples
Saved: 'C:\Users\Conner\OneDrive\Documents\veilbreakers-terrain\renders\quality-audit\erosion\desert_isometric.png'
Time: 00:00.22 (Saving: 00:00.02)

Fra:1 Mem:44.93M (Peak 53.62M) | Time:00:00.14 | Rendering 1 / 8 samples
Fra:1 Mem:44.93M (Peak 53.62M) | Time:00:00.19 | Rendering 8 / 8 samples
Saved: 'C:\Users\Conner\OneDrive\Documents\veilbreakers-terrain\renders\quality-audit\erosion\desert_topdown.png'
Time: 00:00.23 (Saving: 00:00.02)

Fra:1 Mem:44.93M (Peak 53.62M) | Time:00:00.19 | Rendering 1 / 8 samples
Fra:1 Mem:44.93M (Peak 53.62M) | Time:00:00.27 | Rendering 8 / 8 samples
Saved: 'C:\Users\Conner\OneDrive\Documents\veilbreakers-terrain\renders\quality-audit\erosion\desert_sideprofile.png'
Time: 00:00.31 (Saving: 00:00.02)

Fra:1 Mem:44.93M (Peak 53.48M) | Time:00:00.10 | Rendering 1 / 8 samples
Fra:1 Mem:44.93M (Peak 53.48M) | Time:00:00.11 | Rendering 8 / 8 samples
Saved: 'C:\Users\Conner\OneDrive\Documents\veilbreakers-terrain\renders\quality-audit\pass_composite_hmap\grassland_isometric.png'
Time: 00:00.15 (Saving: 00:00.02)

Fra:1 Mem:44.93M (Peak 53.62M) | Time:00:00.10 | Rendering 1 / 8 samples
Fra:1 Mem:44.93M (Peak 53.62M) | Time:00:00.11 | Rendering 8 / 8 samples
Saved: 'C:\Users\Conner\OneDrive\Documents\veilbreakers-terrain\renders\quality-audit\pass_composite_hmap\grassland_topdown.png'
Time: 00:00.16 (Saving: 00:00.02)

Fra:1 Mem:44.93M (Peak 53.62M) | Time:00:00.09 | Rendering 1 / 8 samples
Fra:1 Mem:44.93M (Peak 53.62M) | Time:00:00.11 | Rendering 8 / 8 samples
Saved: 'C:\Users\Conner\OneDrive\Documents\veilbreakers-terrain\renders\quality-audit\pass_composite_hmap\grassland_sideprofile.png'
Time: 00:00.15 (Saving: 00:00.02)

Fra:1 Mem:44.93M (Peak 53.48M) | Time:00:00.10 | Rendering 1 / 8 samples
Fra:1 Mem:44.93M (Peak 53.48M) | Time:00:00.11 | Rendering 8 / 8 samples
Saved: 'C:\Users\Conner\OneDrive\Documents\veilbreakers-terrain\renders\quality-audit\pass_composite_hmap\mountain_isometric.png'
Time: 00:00.15 (Saving: 00:00.02)

Fra:1 Mem:44.93M (Peak 53.62M) | Time:00:00.10 | Rendering 1 / 8 samples
Fra:1 Mem:44.93M (Peak 53.62M) | Time:00:00.11 | Rendering 8 / 8 samples
Saved: 'C:\Users\Conner\OneDrive\Documents\veilbreakers-terrain\renders\quality-audit\pass_composite_hmap\mountain_topdown.png'
Time: 00:00.16 (Saving: 00:00.02)

Fra:1 Mem:44.93M (Peak 53.62M) | Time:00:00.10 | Rendering 1 / 8 samples
Fra:1 Mem:44.93M (Peak 53.62M) | Time:00:00.11 | Rendering 8 / 8 samples
Saved: 'C:\Users\Conner\OneDrive\Documents\veilbreakers-terrain\renders\quality-audit\pass_composite_hmap\mountain_sideprofile.png'
Time: 00:00.15 (Saving: 00:00.01)

Fra:1 Mem:44.93M (Peak 53.48M) | Time:00:00.10 | Rendering 1 / 8 samples
Fra:1 Mem:44.93M (Peak 53.48M) | Time:00:00.11 | Rendering 8 / 8 samples
Saved: 'C:\Users\Conner\OneDrive\Documents\veilbreakers-terrain\renders\quality-audit\pass_composite_hmap\coastal_isometric.png'
Time: 00:00.15 (Saving: 00:00.02)

Fra:1 Mem:44.93M (Peak 53.62M) | Time:00:00.10 | Rendering 1 / 8 samples
Fra:1 Mem:44.93M (Peak 53.62M) | Time:00:00.11 | Rendering 8 / 8 samples
Saved: 'C:\Users\Conner\OneDrive\Documents\veilbreakers-terrain\renders\quality-audit\pass_composite_hmap\coastal_topdown.png'
Time: 00:00.15 (Saving: 00:00.02)

Fra:1 Mem:44.93M (Peak 53.62M) | Time:00:00.10 | Rendering 1 / 8 samples
Fra:1 Mem:44.93M (Peak 53.62M) | Time:00:00.11 | Rendering 8 / 8 samples
Saved: 'C:\Users\Conner\OneDrive\Documents\veilbreakers-terrain\renders\quality-audit\pass_composite_hmap\coastal_sideprofile.png'
Time: 00:00.15 (Saving: 00:00.02)

Fra:1 Mem:44.93M (Peak 53.48M) | Time:00:00.10 | Rendering 1 / 8 samples
Fra:1 Mem:44.93M (Peak 53.48M) | Time:00:00.11 | Rendering 8 / 8 samples
Saved: 'C:\Users\Conner\OneDrive\Documents\veilbreakers-terrain\renders\quality-audit\pass_composite_hmap\volcanic_isometric.png'
Time: 00:00.15 (Saving: 00:00.01)

Fra:1 Mem:44.93M (Peak 53.62M) | Time:00:00.11 | Rendering 1 / 8 samples
Fra:1 Mem:44.93M (Peak 53.62M) | Time:00:00.12 | Rendering 8 / 8 samples
Saved: 'C:\Users\Conner\OneDrive\Documents\veilbreakers-terrain\renders\quality-audit\pass_composite_hmap\volcanic_topdown.png'
Time: 00:00.17 (Saving: 00:00.02)

Fra:1 Mem:44.93M (Peak 53.62M) | Time:00:00.10 | Rendering 1 / 8 samples
Fra:1 Mem:44.93M (Peak 53.62M) | Time:00:00.11 | Rendering 8 / 8 samples
Saved: 'C:\Users\Conner\OneDrive\Documents\veilbreakers-terrain\renders\quality-audit\pass_composite_hmap\volcanic_sideprofile.png'
Time: 00:00.15 (Saving: 00:00.01)

Fra:1 Mem:44.93M (Peak 53.48M) | Time:00:00.10 | Rendering 1 / 8 samples
Fra:1 Mem:44.93M (Peak 53.48M) | Time:00:00.12 | Rendering 8 / 8 samples
Saved: 'C:\Users\Conner\OneDrive\Documents\veilbreakers-terrain\renders\quality-audit\pass_composite_hmap\frozen_isometric.png'
Time: 00:00.16 (Saving: 00:00.02)

Fra:1 Mem:44.93M (Peak 53.62M) | Time:00:00.11 | Rendering 1 / 8 samples
Fra:1 Mem:44.93M (Peak 53.62M) | Time:00:00.13 | Rendering 8 / 8 samples
Saved: 'C:\Users\Conner\OneDrive\Documents\veilbreakers-terrain\renders\quality-audit\pass_composite_hmap\frozen_topdown.png'
Time: 00:00.17 (Saving: 00:00.02)

Fra:1 Mem:44.93M (Peak 53.62M) | Time:00:00.11 | Rendering 1 / 8 samples
Fra:1 Mem:44.93M (Peak 53.62M) | Time:00:00.12 | Rendering 8 / 8 samples
Saved: 'C:\Users\Conner\OneDrive\Documents\veilbreakers-terrain\renders\quality-audit\pass_composite_hmap\frozen_sideprofile.png'
Time: 00:00.16 (Saving: 00:00.02)

Fra:1 Mem:44.93M (Peak 53.48M) | Time:00:00.11 | Rendering 1 / 8 samples
Fra:1 Mem:44.93M (Peak 53.48M) | Time:00:00.12 | Rendering 8 / 8 samples
Saved: 'C:\Users\Conner\OneDrive\Documents\veilbreakers-terrain\renders\quality-audit\pass_composite_hmap\desert_isometric.png'
Time: 00:00.16 (Saving: 00:00.02)

Fra:1 Mem:44.93M (Peak 53.62M) | Time:00:00.11 | Rendering 1 / 8 samples
Fra:1 Mem:44.93M (Peak 53.62M) | Time:00:00.12 | Rendering 8 / 8 samples
Saved: 'C:\Users\Conner\OneDrive\Documents\veilbreakers-terrain\renders\quality-audit\pass_composite_hmap\desert_topdown.png'
Time: 00:00.17 (Saving: 00:00.02)

Fra:1 Mem:44.93M (Peak 53.62M) | Time:00:00.11 | Rendering 1 / 8 samples
Fra:1 Mem:44.93M (Peak 53.62M) | Time:00:00.12 | Rendering 8 / 8 samples
Saved: 'C:\Users\Conner\OneDrive\Documents\veilbreakers-terrain\renders\quality-audit\pass_composite_hmap\desert_sideprofile.png'
Time: 00:00.17 (Saving: 00:00.02)

Fra:1 Mem:44.93M (Peak 53.48M) | Time:00:00.11 | Rendering 1 / 8 samples
Fra:1 Mem:44.93M (Peak 53.48M) | Time:00:00.12 | Rendering 8 / 8 samples
Saved: 'C:\Users\Conner\OneDrive\Documents\veilbreakers-terrain\renders\quality-audit\structural_masks\grassland_isometric.png'
Time: 00:00.16 (Saving: 00:00.02)

Fra:1 Mem:44.93M (Peak 53.62M) | Time:00:00.11 | Rendering 1 / 8 samples
Fra:1 Mem:44.93M (Peak 53.62M) | Time:00:00.13 | Rendering 8 / 8 samples
Saved: 'C:\Users\Conner\OneDrive\Documents\veilbreakers-terrain\renders\quality-audit\structural_masks\grassland_topdown.png'
Time: 00:00.17 (Saving: 00:00.02)

Fra:1 Mem:44.93M (Peak 53.62M) | Time:00:00.10 | Rendering 1 / 8 samples
Fra:1 Mem:44.93M (Peak 53.62M) | Time:00:00.12 | Rendering 8 / 8 samples
Saved: 'C:\Users\Conner\OneDrive\Documents\veilbreakers-terrain\renders\quality-audit\structural_masks\grassland_sideprofile.png'
Time: 00:00.16 (Saving: 00:00.02)

Fra:1 Mem:44.93M (Peak 53.48M) | Time:00:00.11 | Rendering 1 / 8 samples
Fra:1 Mem:44.93M (Peak 53.48M) | Time:00:00.13 | Rendering 8 / 8 samples
Saved: 'C:\Users\Conner\OneDrive\Documents\veilbreakers-terrain\renders\quality-audit\structural_masks\mountain_isometric.png'
Time: 00:00.16 (Saving: 00:00.01)

Fra:1 Mem:44.93M (Peak 53.62M) | Time:00:00.11 | Rendering 1 / 8 samples
Fra:1 Mem:44.93M (Peak 53.62M) | Time:00:00.12 | Rendering 8 / 8 samples
Saved: 'C:\Users\Conner\OneDrive\Documents\veilbreakers-terrain\renders\quality-audit\structural_masks\mountain_topdown.png'
Time: 00:00.17 (Saving: 00:00.02)

Fra:1 Mem:44.93M (Peak 53.62M) | Time:00:00.11 | Rendering 1 / 8 samples
Fra:1 Mem:44.93M (Peak 53.62M) | Time:00:00.12 | Rendering 8 / 8 samples
Saved: 'C:\Users\Conner\OneDrive\Documents\veilbreakers-terrain\renders\quality-audit\structural_masks\mountain_sideprofile.png'
Time: 00:00.16 (Saving: 00:00.01)

Fra:1 Mem:44.93M (Peak 53.48M) | Time:00:00.11 | Rendering 1 / 8 samples
Fra:1 Mem:44.93M (Peak 53.48M) | Time:00:00.12 | Rendering 8 / 8 samples
Saved: 'C:\Users\Conner\OneDrive\Documents\veilbreakers-terrain\renders\quality-audit\structural_masks\coastal_isometric.png'
Time: 00:00.16 (Saving: 00:00.02)

Fra:1 Mem:44.93M (Peak 53.62M) | Time:00:00.11 | Rendering 1 / 8 samples
Fra:1 Mem:44.93M (Peak 53.62M) | Time:00:00.13 | Rendering 8 / 8 samples
Saved: 'C:\Users\Conner\OneDrive\Documents\veilbreakers-terrain\renders\quality-audit\structural_masks\coastal_topdown.png'
Time: 00:00.17 (Saving: 00:00.02)

Fra:1 Mem:44.93M (Peak 53.62M) | Time:00:00.11 | Rendering 1 / 8 samples
Fra:1 Mem:44.93M (Peak 53.62M) | Time:00:00.13 | Rendering 8 / 8 samples
Saved: 'C:\Users\Conner\OneDrive\Documents\veilbreakers-terrain\renders\quality-audit\structural_masks\coastal_sideprofile.png'
Time: 00:00.17 (Saving: 00:00.01)

Fra:1 Mem:44.93M (Peak 53.48M) | Time:00:00.11 | Rendering 1 / 8 samples
Fra:1 Mem:44.93M (Peak 53.48M) | Time:00:00.13 | Rendering 8 / 8 samples
Saved: 'C:\Users\Conner\OneDrive\Documents\veilbreakers-terrain\renders\quality-audit\structural_masks\volcanic_isometric.png'
Time: 00:00.17 (Saving: 00:00.01)

Fra:1 Mem:44.93M (Peak 53.62M) | Time:00:00.12 | Rendering 1 / 8 samples
Fra:1 Mem:44.93M (Peak 53.62M) | Time:00:00.14 | Rendering 8 / 8 samples
Saved: 'C:\Users\Conner\OneDrive\Documents\veilbreakers-terrain\renders\quality-audit\structural_masks\volcanic_topdown.png'
Time: 00:00.18 (Saving: 00:00.02)

Fra:1 Mem:44.93M (Peak 53.62M) | Time:00:00.11 | Rendering 1 / 8 samples
Fra:1 Mem:44.93M (Peak 53.62M) | Time:00:00.13 | Rendering 8 / 8 samples
Saved: 'C:\Users\Conner\OneDrive\Documents\veilbreakers-terrain\renders\quality-audit\structural_masks\volcanic_sideprofile.png'
Time: 00:00.16 (Saving: 00:00.01)

Fra:1 Mem:44.93M (Peak 53.48M) | Time:00:00.11 | Rendering 1 / 8 samples
Fra:1 Mem:44.93M (Peak 53.48M) | Time:00:00.13 | Rendering 8 / 8 samples
Saved: 'C:\Users\Conner\OneDrive\Documents\veilbreakers-terrain\renders\quality-audit\structural_masks\frozen_isometric.png'
Time: 00:00.17 (Saving: 00:00.02)

Fra:1 Mem:44.93M (Peak 53.62M) | Time:00:00.11 | Rendering 1 / 8 samples
Fra:1 Mem:44.93M (Peak 53.62M) | Time:00:00.13 | Rendering 8 / 8 samples
Saved: 'C:\Users\Conner\OneDrive\Documents\veilbreakers-terrain\renders\quality-audit\structural_masks\frozen_topdown.png'
Time: 00:00.18 (Saving: 00:00.02)

Fra:1 Mem:44.93M (Peak 53.62M) | Time:00:00.11 | Rendering 1 / 8 samples
Fra:1 Mem:44.93M (Peak 53.62M) | Time:00:00.13 | Rendering 8 / 8 samples
Saved: 'C:\Users\Conner\OneDrive\Documents\veilbreakers-terrain\renders\quality-audit\structural_masks\frozen_sideprofile.png'
Time: 00:00.17 (Saving: 00:00.02)

Fra:1 Mem:44.93M (Peak 53.48M) | Time:00:00.11 | Rendering 1 / 8 samples
Fra:1 Mem:44.93M (Peak 53.48M) | Time:00:00.13 | Rendering 8 / 8 samples
Saved: 'C:\Users\Conner\OneDrive\Documents\veilbreakers-terrain\renders\quality-audit\structural_masks\desert_isometric.png'
Time: 00:00.17 (Saving: 00:00.02)

Fra:1 Mem:44.93M (Peak 53.62M) | Time:00:00.11 | Rendering 1 / 8 samples
Fra:1 Mem:44.93M (Peak 53.62M) | Time:00:00.13 | Rendering 8 / 8 samples
Saved: 'C:\Users\Conner\OneDrive\Documents\veilbreakers-terrain\renders\quality-audit\structural_masks\desert_topdown.png'
Time: 00:00.18 (Saving: 00:00.02)

Fra:1 Mem:44.93M (Peak 53.63M) | Time:00:00.11 | Rendering 1 / 8 samples
Fra:1 Mem:44.93M (Peak 53.63M) | Time:00:00.13 | Rendering 8 / 8 samples
Saved: 'C:\Users\Conner\OneDrive\Documents\veilbreakers-terrain\renders\quality-audit\structural_masks\desert_sideprofile.png'
Time: 00:00.17 (Saving: 00:00.02)

Fra:1 Mem:44.93M (Peak 53.48M) | Time:00:00.11 | Rendering 1 / 8 samples
Fra:1 Mem:44.93M (Peak 53.48M) | Time:00:00.13 | Rendering 8 / 8 samples
Saved: 'C:\Users\Conner\OneDrive\Documents\veilbreakers-terrain\renders\quality-audit\structural_masks_post_erosion\grassland_isometric.png'
Time: 00:00.17 (Saving: 00:00.02)

Fra:1 Mem:44.93M (Peak 53.62M) | Time:00:00.11 | Rendering 1 / 8 samples
Fra:1 Mem:44.93M (Peak 53.62M) | Time:00:00.14 | Rendering 8 / 8 samples
Saved: 'C:\Users\Conner\OneDrive\Documents\veilbreakers-terrain\renders\quality-audit\structural_masks_post_erosion\grassland_topdown.png'
Time: 00:00.18 (Saving: 00:00.02)

Fra:1 Mem:44.93M (Peak 53.63M) | Time:00:00.11 | Rendering 1 / 8 samples
Fra:1 Mem:44.93M (Peak 53.63M) | Time:00:00.13 | Rendering 8 / 8 samples
Saved: 'C:\Users\Conner\OneDrive\Documents\veilbreakers-terrain\renders\quality-audit\structural_masks_post_erosion\grassland_sideprofile.png'
Time: 00:00.17 (Saving: 00:00.01)

Fra:1 Mem:44.93M (Peak 53.48M) | Time:00:00.11 | Rendering 1 / 8 samples
Fra:1 Mem:44.93M (Peak 53.48M) | Time:00:00.13 | Rendering 8 / 8 samples
Saved: 'C:\Users\Conner\OneDrive\Documents\veilbreakers-terrain\renders\quality-audit\structural_masks_post_erosion\mountain_isometric.png'
Time: 00:00.17 (Saving: 00:00.01)

Fra:1 Mem:44.93M (Peak 53.62M) | Time:00:00.11 | Rendering 1 / 8 samples
Fra:1 Mem:44.93M (Peak 53.62M) | Time:00:00.14 | Rendering 8 / 8 samples
Saved: 'C:\Users\Conner\OneDrive\Documents\veilbreakers-terrain\renders\quality-audit\structural_masks_post_erosion\mountain_topdown.png'
Time: 00:00.18 (Saving: 00:00.02)

Fra:1 Mem:44.93M (Peak 53.63M) | Time:00:00.11 | Rendering 1 / 8 samples
Fra:1 Mem:44.93M (Peak 53.63M) | Time:00:00.13 | Rendering 8 / 8 samples
Saved: 'C:\Users\Conner\OneDrive\Documents\veilbreakers-terrain\renders\quality-audit\structural_masks_post_erosion\mountain_sideprofile.png'
Time: 00:00.17 (Saving: 00:00.02)

Fra:1 Mem:44.93M (Peak 53.48M) | Time:00:00.11 | Rendering 1 / 8 samples
Fra:1 Mem:44.93M (Peak 53.48M) | Time:00:00.13 | Rendering 8 / 8 samples
Saved: 'C:\Users\Conner\OneDrive\Documents\veilbreakers-terrain\renders\quality-audit\structural_masks_post_erosion\coastal_isometric.png'
Time: 00:00.17 (Saving: 00:00.02)

Fra:1 Mem:44.93M (Peak 53.62M) | Time:00:00.11 | Rendering 1 / 8 samples
Fra:1 Mem:44.93M (Peak 53.62M) | Time:00:00.14 | Rendering 8 / 8 samples
Saved: 'C:\Users\Conner\OneDrive\Documents\veilbreakers-terrain\renders\quality-audit\structural_masks_post_erosion\coastal_topdown.png'
Time: 00:00.18 (Saving: 00:00.02)

Fra:1 Mem:44.93M (Peak 53.63M) | Time:00:00.12 | Rendering 1 / 8 samples
Fra:1 Mem:44.93M (Peak 53.63M) | Time:00:00.14 | Rendering 8 / 8 samples
Saved: 'C:\Users\Conner\OneDrive\Documents\veilbreakers-terrain\renders\quality-audit\structural_masks_post_erosion\coastal_sideprofile.png'
Time: 00:00.18 (Saving: 00:00.02)

Fra:1 Mem:44.93M (Peak 53.48M) | Time:00:00.12 | Rendering 1 / 8 samples
Fra:1 Mem:44.93M (Peak 53.48M) | Time:00:00.14 | Rendering 8 / 8 samples
Saved: 'C:\Users\Conner\OneDrive\Documents\veilbreakers-terrain\renders\quality-audit\structural_masks_post_erosion\volcanic_isometric.png'
Time: 00:00.18 (Saving: 00:00.01)

Fra:1 Mem:44.93M (Peak 53.62M) | Time:00:00.12 | Rendering 1 / 8 samples
Fra:1 Mem:44.93M (Peak 53.62M) | Time:00:00.14 | Rendering 8 / 8 samples
Saved: 'C:\Users\Conner\OneDrive\Documents\veilbreakers-terrain\renders\quality-audit\structural_masks_post_erosion\volcanic_topdown.png'
Time: 00:00.18 (Saving: 00:00.02)

Fra:1 Mem:44.93M (Peak 53.63M) | Time:00:00.12 | Rendering 1 / 8 samples
Fra:1 Mem:44.93M (Peak 53.63M) | Time:00:00.14 | Rendering 8 / 8 samples
Saved: 'C:\Users\Conner\OneDrive\Documents\veilbreakers-terrain\renders\quality-audit\structural_masks_post_erosion\volcanic_sideprofile.png'
Time: 00:00.18 (Saving: 00:00.02)

Fra:1 Mem:44.93M (Peak 53.48M) | Time:00:00.11 | Rendering 1 / 8 samples
Fra:1 Mem:44.93M (Peak 53.48M) | Time:00:00.14 | Rendering 8 / 8 samples
Saved: 'C:\Users\Conner\OneDrive\Documents\veilbreakers-terrain\renders\quality-audit\structural_masks_post_erosion\frozen_isometric.png'
Time: 00:00.17 (Saving: 00:00.02)

Fra:1 Mem:44.93M (Peak 53.62M) | Time:00:00.12 | Rendering 1 / 8 samples
Fra:1 Mem:44.93M (Peak 53.62M) | Time:00:00.14 | Rendering 8 / 8 samples
Saved: 'C:\Users\Conner\OneDrive\Documents\veilbreakers-terrain\renders\quality-audit\structural_masks_post_erosion\frozen_topdown.png'
Time: 00:00.19 (Saving: 00:00.02)

Fra:1 Mem:44.93M (Peak 53.63M) | Time:00:00.12 | Rendering 1 / 8 samples
Fra:1 Mem:44.93M (Peak 53.63M) | Time:00:00.14 | Rendering 8 / 8 samples
Saved: 'C:\Users\Conner\OneDrive\Documents\veilbreakers-terrain\renders\quality-audit\structural_masks_post_erosion\frozen_sideprofile.png'
Time: 00:00.18 (Saving: 00:00.02)

Fra:1 Mem:44.93M (Peak 53.48M) | Time:00:00.11 | Rendering 1 / 8 samples
Fra:1 Mem:44.93M (Peak 53.48M) | Time:00:00.14 | Rendering 8 / 8 samples
Saved: 'C:\Users\Conner\OneDrive\Documents\veilbreakers-terrain\renders\quality-audit\structural_masks_post_erosion\desert_isometric.png'
Time: 00:00.18 (Saving: 00:00.02)

Fra:1 Mem:44.93M (Peak 53.62M) | Time:00:00.11 | Rendering 1 / 8 samples
Fra:1 Mem:44.93M (Peak 53.62M) | Time:00:00.14 | Rendering 8 / 8 samples
Saved: 'C:\Users\Conner\OneDrive\Documents\veilbreakers-terrain\renders\quality-audit\structural_masks_post_erosion\desert_topdown.png'
Time: 00:00.19 (Saving: 00:00.02)

Fra:1 Mem:44.93M (Peak 53.63M) | Time:00:00.11 | Rendering 1 / 8 samples
Fra:1 Mem:44.93M (Peak 53.63M) | Time:00:00.14 | Rendering 8 / 8 samples
Saved: 'C:\Users\Conner\OneDrive\Documents\veilbreakers-terrain\renders\quality-audit\structural_masks_post_erosion\desert_sideprofile.png'
Time: 00:00.18 (Saving: 00:00.02)

Fra:1 Mem:44.93M (Peak 53.48M) | Time:00:00.11 | Rendering 1 / 8 samples
Fra:1 Mem:44.93M (Peak 53.48M) | Time:00:00.14 | Rendering 8 / 8 samples
Saved: 'C:\Users\Conner\OneDrive\Documents\veilbreakers-terrain\renders\quality-audit\structural_masks_post_talus\grassland_isometric.png'
Time: 00:00.18 (Saving: 00:00.02)

Fra:1 Mem:44.93M (Peak 53.62M) | Time:00:00.11 | Rendering 1 / 8 samples
Fra:1 Mem:44.93M (Peak 53.62M) | Time:00:00.14 | Rendering 8 / 8 samples
Saved: 'C:\Users\Conner\OneDrive\Documents\veilbreakers-terrain\renders\quality-audit\structural_masks_post_talus\grassland_topdown.png'
Time: 00:00.19 (Saving: 00:00.02)

Fra:1 Mem:44.93M (Peak 53.63M) | Time:00:00.11 | Rendering 1 / 8 samples
Fra:1 Mem:44.93M (Peak 53.63M) | Time:00:00.14 | Rendering 8 / 8 samples
Saved: 'C:\Users\Conner\OneDrive\Documents\veilbreakers-terrain\renders\quality-audit\structural_masks_post_talus\grassland_sideprofile.png'
Time: 00:00.18 (Saving: 00:00.01)

Fra:1 Mem:44.93M (Peak 53.48M) | Time:00:00.11 | Rendering 1 / 8 samples
Fra:1 Mem:44.93M (Peak 53.48M) | Time:00:00.14 | Rendering 8 / 8 samples
Saved: 'C:\Users\Conner\OneDrive\Documents\veilbreakers-terrain\renders\quality-audit\structural_masks_post_talus\mountain_isometric.png'
Time: 00:00.17 (Saving: 00:00.01)

Fra:1 Mem:44.93M (Peak 53.62M) | Time:00:00.12 | Rendering 1 / 8 samples
Fra:1 Mem:44.93M (Peak 53.62M) | Time:00:00.15 | Rendering 8 / 8 samples
Saved: 'C:\Users\Conner\OneDrive\Documents\veilbreakers-terrain\renders\quality-audit\structural_masks_post_talus\mountain_topdown.png'
Time: 00:00.18 (Saving: 00:00.02)

Fra:1 Mem:44.93M (Peak 53.63M) | Time:00:00.12 | Rendering 1 / 8 samples
Fra:1 Mem:44.93M (Peak 53.63M) | Time:00:00.14 | Rendering 8 / 8 samples
Saved: 'C:\Users\Conner\OneDrive\Documents\veilbreakers-terrain\renders\quality-audit\structural_masks_post_talus\mountain_sideprofile.png'
Time: 00:00.18 (Saving: 00:00.01)

Fra:1 Mem:44.93M (Peak 53.48M) | Time:00:00.11 | Rendering 1 / 8 samples
Fra:1 Mem:44.93M (Peak 53.48M) | Time:00:00.14 | Rendering 8 / 8 samples
Saved: 'C:\Users\Conner\OneDrive\Documents\veilbreakers-terrain\renders\quality-audit\structural_masks_post_talus\coastal_isometric.png'
Time: 00:00.18 (Saving: 00:00.02)

Fra:1 Mem:44.93M (Peak 53.62M) | Time:00:00.12 | Rendering 1 / 8 samples
Fra:1 Mem:44.93M (Peak 53.62M) | Time:00:00.15 | Rendering 8 / 8 samples
Saved: 'C:\Users\Conner\OneDrive\Documents\veilbreakers-terrain\renders\quality-audit\structural_masks_post_talus\coastal_topdown.png'
Time: 00:00.19 (Saving: 00:00.02)

Fra:1 Mem:44.93M (Peak 53.63M) | Time:00:00.11 | Rendering 1 / 8 samples
Fra:1 Mem:44.93M (Peak 53.63M) | Time:00:00.14 | Rendering 8 / 8 samples
Saved: 'C:\Users\Conner\OneDrive\Documents\veilbreakers-terrain\renders\quality-audit\structural_masks_post_talus\coastal_sideprofile.png'
Time: 00:00.18 (Saving: 00:00.02)

Fra:1 Mem:44.93M (Peak 53.48M) | Time:00:00.12 | Rendering 1 / 8 samples
Fra:1 Mem:44.93M (Peak 53.48M) | Time:00:00.15 | Rendering 8 / 8 samples
Saved: 'C:\Users\Conner\OneDrive\Documents\veilbreakers-terrain\renders\quality-audit\structural_masks_post_talus\volcanic_isometric.png'
Time: 00:00.19 (Saving: 00:00.01)

Fra:1 Mem:44.93M (Peak 53.62M) | Time:00:00.12 | Rendering 1 / 8 samples
Fra:1 Mem:44.93M (Peak 53.62M) | Time:00:00.15 | Rendering 8 / 8 samples
Saved: 'C:\Users\Conner\OneDrive\Documents\veilbreakers-terrain\renders\quality-audit\structural_masks_post_talus\volcanic_topdown.png'
Time: 00:00.19 (Saving: 00:00.02)

Fra:1 Mem:44.93M (Peak 53.63M) | Time:00:00.12 | Rendering 1 / 8 samples
Fra:1 Mem:44.93M (Peak 53.63M) | Time:00:00.16 | Rendering 8 / 8 samples
Saved: 'C:\Users\Conner\OneDrive\Documents\veilbreakers-terrain\renders\quality-audit\structural_masks_post_talus\volcanic_sideprofile.png'
Time: 00:00.20 (Saving: 00:00.01)

Fra:1 Mem:44.93M (Peak 53.48M) | Time:00:00.14 | Rendering 1 / 8 samples
Fra:1 Mem:44.93M (Peak 53.48M) | Time:00:00.18 | Rendering 8 / 8 samples
Saved: 'C:\Users\Conner\OneDrive\Documents\veilbreakers-terrain\renders\quality-audit\structural_masks_post_talus\frozen_isometric.png'
Time: 00:00.21 (Saving: 00:00.02)

Fra:1 Mem:44.93M (Peak 53.62M) | Time:00:00.14 | Rendering 1 / 8 samples
Fra:1 Mem:44.93M (Peak 53.62M) | Time:00:00.19 | Rendering 8 / 8 samples
Saved: 'C:\Users\Conner\OneDrive\Documents\veilbreakers-terrain\renders\quality-audit\structural_masks_post_talus\frozen_topdown.png'
Time: 00:00.23 (Saving: 00:00.02)

Fra:1 Mem:44.93M (Peak 53.63M) | Time:00:00.14 | Rendering 1 / 8 samples
Fra:1 Mem:44.93M (Peak 53.63M) | Time:00:00.17 | Rendering 8 / 8 samples
Saved: 'C:\Users\Conner\OneDrive\Documents\veilbreakers-terrain\renders\quality-audit\structural_masks_post_talus\frozen_sideprofile.png'
Time: 00:00.20 (Saving: 00:00.01)

Fra:1 Mem:44.93M (Peak 53.48M) | Time:00:00.14 | Rendering 1 / 8 samples
Fra:1 Mem:44.93M (Peak 53.48M) | Time:00:00.17 | Rendering 8 / 8 samples
Saved: 'C:\Users\Conner\OneDrive\Documents\veilbreakers-terrain\renders\quality-audit\structural_masks_post_talus\desert_isometric.png'
Time: 00:00.21 (Saving: 00:00.02)

Fra:1 Mem:44.93M (Peak 53.62M) | Time:00:00.14 | Rendering 1 / 8 samples
Fra:1 Mem:44.93M (Peak 53.62M) | Time:00:00.18 | Rendering 8 / 8 samples
Saved: 'C:\Users\Conner\OneDrive\Documents\veilbreakers-terrain\renders\quality-audit\structural_masks_post_talus\desert_topdown.png'
Time: 00:00.22 (Saving: 00:00.02)

Fra:1 Mem:44.93M (Peak 53.63M) | Time:00:00.15 | Rendering 1 / 8 samples
Fra:1 Mem:44.93M (Peak 53.63M) | Time:00:00.18 | Rendering 8 / 8 samples
Saved: 'C:\Users\Conner\OneDrive\Documents\veilbreakers-terrain\renders\quality-audit\structural_masks_post_talus\desert_sideprofile.png'
Time: 00:00.22 (Saving: 00:00.01)

Fra:1 Mem:44.93M (Peak 53.48M) | Time:00:00.14 | Rendering 1 / 8 samples
Fra:1 Mem:44.93M (Peak 53.48M) | Time:00:00.17 | Rendering 8 / 8 samples
Saved: 'C:\Users\Conner\OneDrive\Documents\veilbreakers-terrain\renders\quality-audit\validation_minimal\grassland_isometric.png'
Time: 00:00.21 (Saving: 00:00.02)

Fra:1 Mem:44.93M (Peak 53.63M) | Time:00:00.14 | Rendering 1 / 8 samples
Fra:1 Mem:44.93M (Peak 53.63M) | Time:00:00.19 | Rendering 8 / 8 samples
Saved: 'C:\Users\Conner\OneDrive\Documents\veilbreakers-terrain\renders\quality-audit\validation_minimal\grassland_topdown.png'
Time: 00:00.23 (Saving: 00:00.02)

Fra:1 Mem:44.93M (Peak 53.63M) | Time:00:00.14 | Rendering 1 / 8 samples
Fra:1 Mem:44.93M (Peak 53.63M) | Time:00:00.18 | Rendering 8 / 8 samples
Saved: 'C:\Users\Conner\OneDrive\Documents\veilbreakers-terrain\renders\quality-audit\validation_minimal\grassland_sideprofile.png'
Time: 00:00.21 (Saving: 00:00.01)

Fra:1 Mem:44.93M (Peak 53.48M) | Time:00:00.14 | Rendering 1 / 8 samples
Fra:1 Mem:44.93M (Peak 53.48M) | Time:00:00.18 | Rendering 8 / 8 samples
Saved: 'C:\Users\Conner\OneDrive\Documents\veilbreakers-terrain\renders\quality-audit\validation_minimal\mountain_isometric.png'
Time: 00:00.22 (Saving: 00:00.02)

Fra:1 Mem:44.93M (Peak 53.63M) | Time:00:00.14 | Rendering 1 / 8 samples
Fra:1 Mem:44.93M (Peak 53.63M) | Time:00:00.19 | Rendering 8 / 8 samples
Saved: 'C:\Users\Conner\OneDrive\Documents\veilbreakers-terrain\renders\quality-audit\validation_minimal\mountain_topdown.png'
Time: 00:00.22 (Saving: 00:00.02)

Fra:1 Mem:44.93M (Peak 53.63M) | Time:00:00.14 | Rendering 1 / 8 samples
Fra:1 Mem:44.93M (Peak 53.63M) | Time:00:00.17 | Rendering 8 / 8 samples
Saved: 'C:\Users\Conner\OneDrive\Documents\veilbreakers-terrain\renders\quality-audit\validation_minimal\mountain_sideprofile.png'
Time: 00:00.21 (Saving: 00:00.01)

Fra:1 Mem:44.93M (Peak 53.48M) | Time:00:00.14 | Rendering 1 / 8 samples
Fra:1 Mem:44.93M (Peak 53.48M) | Time:00:00.18 | Rendering 8 / 8 samples
Saved: 'C:\Users\Conner\OneDrive\Documents\veilbreakers-terrain\renders\quality-audit\validation_minimal\coastal_isometric.png'
Time: 00:00.22 (Saving: 00:00.02)

Fra:1 Mem:44.93M (Peak 53.63M) | Time:00:00.14 | Rendering 1 / 8 samples
Fra:1 Mem:44.93M (Peak 53.63M) | Time:00:00.18 | Rendering 8 / 8 samples
Saved: 'C:\Users\Conner\OneDrive\Documents\veilbreakers-terrain\renders\quality-audit\validation_minimal\coastal_topdown.png'
Time: 00:00.23 (Saving: 00:00.02)

Fra:1 Mem:44.93M (Peak 53.63M) | Time:00:00.15 | Rendering 1 / 8 samples
Fra:1 Mem:44.93M (Peak 53.63M) | Time:00:00.18 | Rendering 8 / 8 samples
Saved: 'C:\Users\Conner\OneDrive\Documents\veilbreakers-terrain\renders\quality-audit\validation_minimal\coastal_sideprofile.png'
Time: 00:00.23 (Saving: 00:00.02)

Fra:1 Mem:44.93M (Peak 53.48M) | Time:00:00.15 | Rendering 1 / 8 samples
Fra:1 Mem:44.93M (Peak 53.48M) | Time:00:00.20 | Rendering 8 / 8 samples
Saved: 'C:\Users\Conner\OneDrive\Documents\veilbreakers-terrain\renders\quality-audit\validation_minimal\volcanic_isometric.png'
Time: 00:00.24 (Saving: 00:00.02)

Fra:1 Mem:44.93M (Peak 53.63M) | Time:00:00.16 | Rendering 1 / 8 samples
Fra:1 Mem:44.93M (Peak 53.63M) | Time:00:00.20 | Rendering 8 / 8 samples
Saved: 'C:\Users\Conner\OneDrive\Documents\veilbreakers-terrain\renders\quality-audit\validation_minimal\volcanic_topdown.png'
Time: 00:00.25 (Saving: 00:00.02)

Fra:1 Mem:44.93M (Peak 53.63M) | Time:00:00.15 | Rendering 1 / 8 samples
Fra:1 Mem:44.93M (Peak 53.63M) | Time:00:00.19 | Rendering 8 / 8 samples
Saved: 'C:\Users\Conner\OneDrive\Documents\veilbreakers-terrain\renders\quality-audit\validation_minimal\volcanic_sideprofile.png'
Time: 00:00.23 (Saving: 00:00.01)

Fra:1 Mem:44.93M (Peak 53.48M) | Time:00:00.14 | Rendering 1 / 8 samples
Fra:1 Mem:44.93M (Peak 53.48M) | Time:00:00.19 | Rendering 8 / 8 samples
Saved: 'C:\Users\Conner\OneDrive\Documents\veilbreakers-terrain\renders\quality-audit\validation_minimal\frozen_isometric.png'
Time: 00:00.23 (Saving: 00:00.02)

Fra:1 Mem:44.93M (Peak 53.63M) | Time:00:00.14 | Rendering 1 / 8 samples
Fra:1 Mem:44.93M (Peak 53.63M) | Time:00:00.20 | Rendering 8 / 8 samples
Saved: 'C:\Users\Conner\OneDrive\Documents\veilbreakers-terrain\renders\quality-audit\validation_minimal\frozen_topdown.png'
Time: 00:00.24 (Saving: 00:00.02)

Fra:1 Mem:44.93M (Peak 53.63M) | Time:00:00.15 | Rendering 1 / 8 samples
Fra:1 Mem:44.93M (Peak 53.63M) | Time:00:00.20 | Rendering 8 / 8 samples
Saved: 'C:\Users\Conner\OneDrive\Documents\veilbreakers-terrain\renders\quality-audit\validation_minimal\frozen_sideprofile.png'
Time: 00:00.24 (Saving: 00:00.02)

Fra:1 Mem:44.93M (Peak 53.48M) | Time:00:00.21 | Rendering 1 / 8 samples
Fra:1 Mem:44.93M (Peak 53.48M) | Time:00:00.25 | Rendering 8 / 8 samples
Saved: 'C:\Users\Conner\OneDrive\Documents\veilbreakers-terrain\renders\quality-audit\validation_minimal\desert_isometric.png'
Time: 00:00.29 (Saving: 00:00.02)

Fra:1 Mem:44.93M (Peak 53.63M) | Time:00:00.15 | Rendering 1 / 8 samples
Fra:1 Mem:44.93M (Peak 53.63M) | Time:00:00.19 | Rendering 8 / 8 samples
Saved: 'C:\Users\Conner\OneDrive\Documents\veilbreakers-terrain\renders\quality-audit\validation_minimal\desert_topdown.png'
Time: 00:00.24 (Saving: 00:00.02)

Fra:1 Mem:44.93M (Peak 53.63M) | Time:00:00.14 | Rendering 1 / 8 samples
Fra:1 Mem:44.93M (Peak 53.63M) | Time:00:00.18 | Rendering 8 / 8 samples
Saved: 'C:\Users\Conner\OneDrive\Documents\veilbreakers-terrain\renders\quality-audit\validation_minimal\desert_sideprofile.png'
Time: 00:00.22 (Saving: 00:00.01)

Fra:1 Mem:44.93M (Peak 53.48M) | Time:00:00.14 | Rendering 1 / 8 samples
Fra:1 Mem:44.93M (Peak 53.48M) | Time:00:00.19 | Rendering 8 / 8 samples
Saved: 'C:\Users\Conner\OneDrive\Documents\veilbreakers-terrain\renders\quality-audit\integrate_deltas\grassland_isometric.png'
Time: 00:00.23 (Saving: 00:00.02)

Fra:1 Mem:44.93M (Peak 53.63M) | Time:00:00.15 | Rendering 1 / 8 samples
Fra:1 Mem:44.93M (Peak 53.63M) | Time:00:00.24 | Rendering 8 / 8 samples
Saved: 'C:\Users\Conner\OneDrive\Documents\veilbreakers-terrain\renders\quality-audit\integrate_deltas\grassland_topdown.png'
Time: 00:00.29 (Saving: 00:00.02)

Fra:1 Mem:44.93M (Peak 53.63M) | Time:00:00.15 | Rendering 1 / 8 samples
Fra:1 Mem:44.93M (Peak 53.63M) | Time:00:00.20 | Rendering 8 / 8 samples
Saved: 'C:\Users\Conner\OneDrive\Documents\veilbreakers-terrain\renders\quality-audit\integrate_deltas\grassland_sideprofile.png'
Time: 00:00.23 (Saving: 00:00.01)

Fra:1 Mem:44.93M (Peak 53.48M) | Time:00:00.14 | Rendering 1 / 8 samples
Fra:1 Mem:44.93M (Peak 53.48M) | Time:00:00.18 | Rendering 8 / 8 samples
Saved: 'C:\Users\Conner\OneDrive\Documents\veilbreakers-terrain\renders\quality-audit\integrate_deltas\mountain_isometric.png'
Time: 00:00.22 (Saving: 00:00.01)

Fra:1 Mem:44.93M (Peak 53.63M) | Time:00:00.15 | Rendering 1 / 8 samples
Fra:1 Mem:44.93M (Peak 53.63M) | Time:00:00.19 | Rendering 8 / 8 samples
Saved: 'C:\Users\Conner\OneDrive\Documents\veilbreakers-terrain\renders\quality-audit\integrate_deltas\mountain_topdown.png'
Time: 00:00.23 (Saving: 00:00.02)

Fra:1 Mem:44.94M (Peak 53.63M) | Time:00:00.15 | Rendering 1 / 8 samples
Fra:1 Mem:44.94M (Peak 53.63M) | Time:00:00.19 | Rendering 8 / 8 samples
Saved: 'C:\Users\Conner\OneDrive\Documents\veilbreakers-terrain\renders\quality-audit\integrate_deltas\mountain_sideprofile.png'
Time: 00:00.22 (Saving: 00:00.01)

Fra:1 Mem:44.93M (Peak 53.48M) | Time:00:00.15 | Rendering 1 / 8 samples
Fra:1 Mem:44.93M (Peak 53.48M) | Time:00:00.19 | Rendering 8 / 8 samples
Saved: 'C:\Users\Conner\OneDrive\Documents\veilbreakers-terrain\renders\quality-audit\integrate_deltas\coastal_isometric.png'
Time: 00:00.23 (Saving: 00:00.02)

Fra:1 Mem:44.93M (Peak 53.63M) | Time:00:00.15 | Rendering 1 / 8 samples
Fra:1 Mem:44.93M (Peak 53.63M) | Time:00:00.20 | Rendering 8 / 8 samples
Saved: 'C:\Users\Conner\OneDrive\Documents\veilbreakers-terrain\renders\quality-audit\integrate_deltas\coastal_topdown.png'
Time: 00:00.24 (Saving: 00:00.02)

Fra:1 Mem:44.94M (Peak 53.63M) | Time:00:00.15 | Rendering 1 / 8 samples
Fra:1 Mem:44.94M (Peak 53.63M) | Time:00:00.19 | Rendering 8 / 8 samples
Saved: 'C:\Users\Conner\OneDrive\Documents\veilbreakers-terrain\renders\quality-audit\integrate_deltas\coastal_sideprofile.png'
Time: 00:00.23 (Saving: 00:00.01)

Fra:1 Mem:44.93M (Peak 53.48M) | Time:00:00.17 | Rendering 1 / 8 samples
Fra:1 Mem:44.93M (Peak 53.48M) | Time:00:00.22 | Rendering 8 / 8 samples
Saved: 'C:\Users\Conner\OneDrive\Documents\veilbreakers-terrain\renders\quality-audit\integrate_deltas\volcanic_isometric.png'
Time: 00:00.26 (Saving: 00:00.02)

Fra:1 Mem:44.93M (Peak 53.62M) | Time:00:00.17 | Rendering 1 / 8 samples
Fra:1 Mem:44.93M (Peak 53.62M) | Time:00:00.25 | Rendering 8 / 8 samples
Saved: 'C:\Users\Conner\OneDrive\Documents\veilbreakers-terrain\renders\quality-audit\integrate_deltas\volcanic_topdown.png'
Time: 00:00.29 (Saving: 00:00.02)

Fra:1 Mem:44.93M (Peak 53.63M) | Time:00:00.16 | Rendering 1 / 8 samples
Fra:1 Mem:44.93M (Peak 53.63M) | Time:00:00.21 | Rendering 8 / 8 samples
Saved: 'C:\Users\Conner\OneDrive\Documents\veilbreakers-terrain\renders\quality-audit\integrate_deltas\volcanic_sideprofile.png'
Time: 00:00.24 (Saving: 00:00.02)

Fra:1 Mem:44.93M (Peak 53.48M) | Time:00:00.14 | Rendering 1 / 8 samples
Fra:1 Mem:44.93M (Peak 53.48M) | Time:00:00.18 | Rendering 8 / 8 samples
Saved: 'C:\Users\Conner\OneDrive\Documents\veilbreakers-terrain\renders\quality-audit\integrate_deltas\frozen_isometric.png'
Time: 00:00.22 (Saving: 00:00.02)

Fra:1 Mem:44.93M (Peak 53.63M) | Time:00:00.14 | Rendering 1 / 8 samples
Fra:1 Mem:44.93M (Peak 53.63M) | Time:00:00.19 | Rendering 8 / 8 samples
Saved: 'C:\Users\Conner\OneDrive\Documents\veilbreakers-terrain\renders\quality-audit\integrate_deltas\frozen_topdown.png'
Time: 00:00.23 (Saving: 00:00.02)

Fra:1 Mem:44.93M (Peak 53.63M) | Time:00:00.15 | Rendering 1 / 8 samples
Fra:1 Mem:44.93M (Peak 53.63M) | Time:00:00.18 | Rendering 8 / 8 samples
Saved: 'C:\Users\Conner\OneDrive\Documents\veilbreakers-terrain\renders\quality-audit\integrate_deltas\frozen_sideprofile.png'
Time: 00:00.22 (Saving: 00:00.01)

Fra:1 Mem:44.93M (Peak 53.48M) | Time:00:00.14 | Rendering 1 / 8 samples
Fra:1 Mem:44.93M (Peak 53.48M) | Time:00:00.18 | Rendering 8 / 8 samples
Saved: 'C:\Users\Conner\OneDrive\Documents\veilbreakers-terrain\renders\quality-audit\integrate_deltas\desert_isometric.png'
Time: 00:00.22 (Saving: 00:00.02)

Fra:1 Mem:44.93M (Peak 53.63M) | Time:00:00.14 | Rendering 1 / 8 samples
Fra:1 Mem:44.93M (Peak 53.63M) | Time:00:00.19 | Rendering 8 / 8 samples
Saved: 'C:\Users\Conner\OneDrive\Documents\veilbreakers-terrain\renders\quality-audit\integrate_deltas\desert_topdown.png'
Time: 00:00.24 (Saving: 00:00.02)

Fra:1 Mem:44.93M (Peak 53.63M) | Time:00:00.20 | Rendering 1 / 8 samples
Fra:1 Mem:44.93M (Peak 53.63M) | Time:00:00.29 | Rendering 8 / 8 samples
Saved: 'C:\Users\Conner\OneDrive\Documents\veilbreakers-terrain\renders\quality-audit\integrate_deltas\desert_sideprofile.png'
Time: 00:00.33 (Saving: 00:00.02)

Fra:1 Mem:44.93M (Peak 53.48M) | Time:00:00.10 | Rendering 1 / 8 samples
Fra:1 Mem:44.93M (Peak 53.48M) | Time:00:00.11 | Rendering 8 / 8 samples
Saved: 'C:\Users\Conner\OneDrive\Documents\veilbreakers-terrain\renders\quality-audit\pass_hydrology\grassland_isometric.png'
Time: 00:00.15 (Saving: 00:00.02)

Fra:1 Mem:44.93M (Peak 53.63M) | Time:00:00.10 | Rendering 1 / 8 samples
Fra:1 Mem:44.93M (Peak 53.63M) | Time:00:00.11 | Rendering 8 / 8 samples
Saved: 'C:\Users\Conner\OneDrive\Documents\veilbreakers-terrain\renders\quality-audit\pass_hydrology\grassland_topdown.png'
Time: 00:00.16 (Saving: 00:00.02)

Fra:1 Mem:44.93M (Peak 53.63M) | Time:00:00.10 | Rendering 1 / 8 samples
Fra:1 Mem:44.93M (Peak 53.63M) | Time:00:00.11 | Rendering 8 / 8 samples
Saved: 'C:\Users\Conner\OneDrive\Documents\veilbreakers-terrain\renders\quality-audit\pass_hydrology\grassland_sideprofile.png'
Time: 00:00.15 (Saving: 00:00.02)

Fra:1 Mem:44.93M (Peak 53.48M) | Time:00:00.10 | Rendering 1 / 8 samples
Fra:1 Mem:44.93M (Peak 53.48M) | Time:00:00.11 | Rendering 8 / 8 samples
Saved: 'C:\Users\Conner\OneDrive\Documents\veilbreakers-terrain\renders\quality-audit\pass_hydrology\mountain_isometric.png'
Time: 00:00.15 (Saving: 00:00.01)

Fra:1 Mem:44.93M (Peak 53.63M) | Time:00:00.10 | Rendering 1 / 8 samples
Fra:1 Mem:44.93M (Peak 53.63M) | Time:00:00.11 | Rendering 8 / 8 samples
Saved: 'C:\Users\Conner\OneDrive\Documents\veilbreakers-terrain\renders\quality-audit\pass_hydrology\mountain_topdown.png'
Time: 00:00.16 (Saving: 00:00.02)

Fra:1 Mem:44.93M (Peak 53.63M) | Time:00:00.10 | Rendering 1 / 8 samples
Fra:1 Mem:44.93M (Peak 53.63M) | Time:00:00.10 | Rendering 8 / 8 samples
Saved: 'C:\Users\Conner\OneDrive\Documents\veilbreakers-terrain\renders\quality-audit\pass_hydrology\mountain_sideprofile.png'
Time: 00:00.14 (Saving: 00:00.02)

Fra:1 Mem:44.93M (Peak 53.48M) | Time:00:00.10 | Rendering 1 / 8 samples
Fra:1 Mem:44.93M (Peak 53.48M) | Time:00:00.11 | Rendering 8 / 8 samples
Saved: 'C:\Users\Conner\OneDrive\Documents\veilbreakers-terrain\renders\quality-audit\pass_hydrology\coastal_isometric.png'
Time: 00:00.15 (Saving: 00:00.02)

Fra:1 Mem:44.93M (Peak 53.63M) | Time:00:00.10 | Rendering 1 / 8 samples
Fra:1 Mem:44.93M (Peak 53.63M) | Time:00:00.11 | Rendering 8 / 8 samples
Saved: 'C:\Users\Conner\OneDrive\Documents\veilbreakers-terrain\renders\quality-audit\pass_hydrology\coastal_topdown.png'
Time: 00:00.16 (Saving: 00:00.02)

Fra:1 Mem:44.93M (Peak 53.63M) | Time:00:00.10 | Rendering 1 / 8 samples
Fra:1 Mem:44.93M (Peak 53.63M) | Time:00:00.11 | Rendering 8 / 8 samples
Saved: 'C:\Users\Conner\OneDrive\Documents\veilbreakers-terrain\renders\quality-audit\pass_hydrology\coastal_sideprofile.png'
Time: 00:00.15 (Saving: 00:00.02)

Fra:1 Mem:44.93M (Peak 53.48M) | Time:00:00.11 | Rendering 1 / 8 samples
Fra:1 Mem:44.93M (Peak 53.48M) | Time:00:00.13 | Rendering 8 / 8 samples
Saved: 'C:\Users\Conner\OneDrive\Documents\veilbreakers-terrain\renders\quality-audit\pass_hydrology\volcanic_isometric.png'
Time: 00:00.16 (Saving: 00:00.01)

Fra:1 Mem:44.93M (Peak 53.63M) | Time:00:00.11 | Rendering 1 / 8 samples
Fra:1 Mem:44.93M (Peak 53.63M) | Time:00:00.12 | Rendering 8 / 8 samples
Saved: 'C:\Users\Conner\OneDrive\Documents\veilbreakers-terrain\renders\quality-audit\pass_hydrology\volcanic_topdown.png'
Time: 00:00.17 (Saving: 00:00.02)

Fra:1 Mem:44.93M (Peak 53.63M) | Time:00:00.11 | Rendering 1 / 8 samples
Fra:1 Mem:44.93M (Peak 53.63M) | Time:00:00.13 | Rendering 8 / 8 samples
Saved: 'C:\Users\Conner\OneDrive\Documents\veilbreakers-terrain\renders\quality-audit\pass_hydrology\volcanic_sideprofile.png'
Time: 00:00.16 (Saving: 00:00.01)

Fra:1 Mem:44.93M (Peak 53.48M) | Time:00:00.11 | Rendering 1 / 8 samples
Fra:1 Mem:44.93M (Peak 53.48M) | Time:00:00.12 | Rendering 8 / 8 samples
Saved: 'C:\Users\Conner\OneDrive\Documents\veilbreakers-terrain\renders\quality-audit\pass_hydrology\frozen_isometric.png'
Time: 00:00.16 (Saving: 00:00.02)

Fra:1 Mem:44.93M (Peak 53.63M) | Time:00:00.11 | Rendering 1 / 8 samples
Fra:1 Mem:44.93M (Peak 53.63M) | Time:00:00.13 | Rendering 8 / 8 samples
Saved: 'C:\Users\Conner\OneDrive\Documents\veilbreakers-terrain\renders\quality-audit\pass_hydrology\frozen_topdown.png'
Time: 00:00.17 (Saving: 00:00.02)

Fra:1 Mem:44.93M (Peak 53.63M) | Time:00:00.11 | Rendering 1 / 8 samples
Fra:1 Mem:44.93M (Peak 53.63M) | Time:00:00.13 | Rendering 8 / 8 samples
Saved: 'C:\Users\Conner\OneDrive\Documents\veilbreakers-terrain\renders\quality-audit\pass_hydrology\frozen_sideprofile.png'
Time: 00:00.17 (Saving: 00:00.02)

Fra:1 Mem:44.93M (Peak 53.48M) | Time:00:00.11 | Rendering 1 / 8 samples
Fra:1 Mem:44.93M (Peak 53.48M) | Time:00:00.12 | Rendering 8 / 8 samples
Saved: 'C:\Users\Conner\OneDrive\Documents\veilbreakers-terrain\renders\quality-audit\pass_hydrology\desert_isometric.png'
Time: 00:00.16 (Saving: 00:00.02)

Fra:1 Mem:44.93M (Peak 53.63M) | Time:00:00.11 | Rendering 1 / 8 samples
Fra:1 Mem:44.93M (Peak 53.63M) | Time:00:00.13 | Rendering 8 / 8 samples
Saved: 'C:\Users\Conner\OneDrive\Documents\veilbreakers-terrain\renders\quality-audit\pass_hydrology\desert_topdown.png'
Time: 00:00.17 (Saving: 00:00.02)

Fra:1 Mem:44.94M (Peak 53.63M) | Time:00:00.11 | Rendering 1 / 8 samples
Fra:1 Mem:44.94M (Peak 53.63M) | Time:00:00.13 | Rendering 8 / 8 samples
Saved: 'C:\Users\Conner\OneDrive\Documents\veilbreakers-terrain\renders\quality-audit\pass_hydrology\desert_sideprofile.png'
Time: 00:00.16 (Saving: 00:00.01)

Fra:1 Mem:44.93M (Peak 53.48M) | Time:00:00.11 | Rendering 1 / 8 samples
Fra:1 Mem:44.93M (Peak 53.48M) | Time:00:00.13 | Rendering 8 / 8 samples
Saved: 'C:\Users\Conner\OneDrive\Documents\veilbreakers-terrain\renders\quality-audit\pass_hydrology_post_erosion\grassland_isometric.png'
Time: 00:00.17 (Saving: 00:00.02)

Fra:1 Mem:44.93M (Peak 53.63M) | Time:00:00.11 | Rendering 1 / 8 samples
Fra:1 Mem:44.93M (Peak 53.63M) | Time:00:00.13 | Rendering 8 / 8 samples
Saved: 'C:\Users\Conner\OneDrive\Documents\veilbreakers-terrain\renders\quality-audit\pass_hydrology_post_erosion\grassland_topdown.png'
Time: 00:00.17 (Saving: 00:00.02)

Fra:1 Mem:44.94M (Peak 53.63M) | Time:00:00.11 | Rendering 1 / 8 samples
Fra:1 Mem:44.94M (Peak 53.63M) | Time:00:00.12 | Rendering 8 / 8 samples
Saved: 'C:\Users\Conner\OneDrive\Documents\veilbreakers-terrain\renders\quality-audit\pass_hydrology_post_erosion\grassland_sideprofile.png'
Time: 00:00.16 (Saving: 00:00.02)

Fra:1 Mem:44.93M (Peak 53.48M) | Time:00:00.11 | Rendering 1 / 8 samples
Fra:1 Mem:44.93M (Peak 53.48M) | Time:00:00.13 | Rendering 8 / 8 samples
Saved: 'C:\Users\Conner\OneDrive\Documents\veilbreakers-terrain\renders\quality-audit\pass_hydrology_post_erosion\mountain_isometric.png'
Time: 00:00.16 (Saving: 00:00.02)

Fra:1 Mem:44.93M (Peak 53.63M) | Time:00:00.11 | Rendering 1 / 8 samples
Fra:1 Mem:44.93M (Peak 53.63M) | Time:00:00.13 | Rendering 8 / 8 samples
Saved: 'C:\Users\Conner\OneDrive\Documents\veilbreakers-terrain\renders\quality-audit\pass_hydrology_post_erosion\mountain_topdown.png'
Time: 00:00.17 (Saving: 00:00.02)

Fra:1 Mem:44.94M (Peak 53.63M) | Time:00:00.11 | Rendering 1 / 8 samples
Fra:1 Mem:44.94M (Peak 53.63M) | Time:00:00.13 | Rendering 8 / 8 samples
Saved: 'C:\Users\Conner\OneDrive\Documents\veilbreakers-terrain\renders\quality-audit\pass_hydrology_post_erosion\mountain_sideprofile.png'
Time: 00:00.16 (Saving: 00:00.01)

Fra:1 Mem:44.93M (Peak 53.48M) | Time:00:00.11 | Rendering 1 / 8 samples
Fra:1 Mem:44.93M (Peak 53.48M) | Time:00:00.13 | Rendering 8 / 8 samples
Saved: 'C:\Users\Conner\OneDrive\Documents\veilbreakers-terrain\renders\quality-audit\pass_hydrology_post_erosion\coastal_isometric.png'
Time: 00:00.17 (Saving: 00:00.02)

Fra:1 Mem:44.93M (Peak 53.63M) | Time:00:00.11 | Rendering 1 / 8 samples
Fra:1 Mem:44.93M (Peak 53.63M) | Time:00:00.13 | Rendering 8 / 8 samples
Saved: 'C:\Users\Conner\OneDrive\Documents\veilbreakers-terrain\renders\quality-audit\pass_hydrology_post_erosion\coastal_topdown.png'
Time: 00:00.18 (Saving: 00:00.02)

Fra:1 Mem:44.94M (Peak 53.63M) | Time:00:00.11 | Rendering 1 / 8 samples
Fra:1 Mem:44.94M (Peak 53.63M) | Time:00:00.13 | Rendering 8 / 8 samples
Saved: 'C:\Users\Conner\OneDrive\Documents\veilbreakers-terrain\renders\quality-audit\pass_hydrology_post_erosion\coastal_sideprofile.png'
Time: 00:00.17 (Saving: 00:00.02)

Fra:1 Mem:44.93M (Peak 53.48M) | Time:00:00.11 | Rendering 1 / 8 samples
Fra:1 Mem:44.93M (Peak 53.48M) | Time:00:00.13 | Rendering 8 / 8 samples
Saved: 'C:\Users\Conner\OneDrive\Documents\veilbreakers-terrain\renders\quality-audit\pass_hydrology_post_erosion\volcanic_isometric.png'
Time: 00:00.17 (Saving: 00:00.01)

Fra:1 Mem:44.93M (Peak 53.63M) | Time:00:00.11 | Rendering 1 / 8 samples
Fra:1 Mem:44.93M (Peak 53.63M) | Time:00:00.13 | Rendering 8 / 8 samples
Saved: 'C:\Users\Conner\OneDrive\Documents\veilbreakers-terrain\renders\quality-audit\pass_hydrology_post_erosion\volcanic_topdown.png'
Time: 00:00.18 (Saving: 00:00.02)

Fra:1 Mem:44.94M (Peak 53.63M) | Time:00:00.11 | Rendering 1 / 8 samples
Fra:1 Mem:44.94M (Peak 53.63M) | Time:00:00.13 | Rendering 8 / 8 samples
Saved: 'C:\Users\Conner\OneDrive\Documents\veilbreakers-terrain\renders\quality-audit\pass_hydrology_post_erosion\volcanic_sideprofile.png'
Time: 00:00.16 (Saving: 00:00.01)

Fra:1 Mem:44.93M (Peak 53.48M) | Time:00:00.11 | Rendering 1 / 8 samples
Fra:1 Mem:44.93M (Peak 53.48M) | Time:00:00.13 | Rendering 8 / 8 samples
Saved: 'C:\Users\Conner\OneDrive\Documents\veilbreakers-terrain\renders\quality-audit\pass_hydrology_post_erosion\frozen_isometric.png'
Time: 00:00.16 (Saving: 00:00.02)

Fra:1 Mem:44.93M (Peak 53.63M) | Time:00:00.12 | Rendering 1 / 8 samples
Fra:1 Mem:44.93M (Peak 53.63M) | Time:00:00.14 | Rendering 8 / 8 samples
Saved: 'C:\Users\Conner\OneDrive\Documents\veilbreakers-terrain\renders\quality-audit\pass_hydrology_post_erosion\frozen_topdown.png'
Time: 00:00.18 (Saving: 00:00.02)

Fra:1 Mem:44.94M (Peak 53.63M) | Time:00:00.11 | Rendering 1 / 8 samples
Fra:1 Mem:44.94M (Peak 53.63M) | Time:00:00.13 | Rendering 8 / 8 samples
Saved: 'C:\Users\Conner\OneDrive\Documents\veilbreakers-terrain\renders\quality-audit\pass_hydrology_post_erosion\frozen_sideprofile.png'
Time: 00:00.17 (Saving: 00:00.01)

Fra:1 Mem:44.93M (Peak 53.48M) | Time:00:00.11 | Rendering 1 / 8 samples
Fra:1 Mem:44.93M (Peak 53.48M) | Time:00:00.13 | Rendering 8 / 8 samples
Saved: 'C:\Users\Conner\OneDrive\Documents\veilbreakers-terrain\renders\quality-audit\pass_hydrology_post_erosion\desert_isometric.png'
Time: 00:00.17 (Saving: 00:00.02)

Fra:1 Mem:44.93M (Peak 53.63M) | Time:00:00.11 | Rendering 1 / 8 samples
Fra:1 Mem:44.93M (Peak 53.63M) | Time:00:00.14 | Rendering 8 / 8 samples
Saved: 'C:\Users\Conner\OneDrive\Documents\veilbreakers-terrain\renders\quality-audit\pass_hydrology_post_erosion\desert_topdown.png'
Time: 00:00.18 (Saving: 00:00.02)

Fra:1 Mem:44.94M (Peak 53.63M) | Time:00:00.12 | Rendering 1 / 8 samples
Fra:1 Mem:44.94M (Peak 53.63M) | Time:00:00.14 | Rendering 8 / 8 samples
Saved: 'C:\Users\Conner\OneDrive\Documents\veilbreakers-terrain\renders\quality-audit\pass_hydrology_post_erosion\desert_sideprofile.png'
Time: 00:00.18 (Saving: 00:00.02)

Fra:1 Mem:44.93M (Peak 53.48M) | Time:00:00.11 | Rendering 1 / 8 samples
Fra:1 Mem:44.93M (Peak 53.48M) | Time:00:00.13 | Rendering 8 / 8 samples
Saved: 'C:\Users\Conner\OneDrive\Documents\veilbreakers-terrain\renders\quality-audit\pass_water_flow_speed\grassland_isometric.png'
Time: 00:00.17 (Saving: 00:00.02)

Fra:1 Mem:44.93M (Peak 53.63M) | Time:00:00.11 | Rendering 1 / 8 samples
Fra:1 Mem:44.93M (Peak 53.63M) | Time:00:00.13 | Rendering 8 / 8 samples
Saved: 'C:\Users\Conner\OneDrive\Documents\veilbreakers-terrain\renders\quality-audit\pass_water_flow_speed\grassland_topdown.png'
Time: 00:00.18 (Saving: 00:00.02)

Fra:1 Mem:44.94M (Peak 53.63M) | Time:00:00.11 | Rendering 1 / 8 samples
Fra:1 Mem:44.94M (Peak 53.63M) | Time:00:00.13 | Rendering 8 / 8 samples
Saved: 'C:\Users\Conner\OneDrive\Documents\veilbreakers-terrain\renders\quality-audit\pass_water_flow_speed\grassland_sideprofile.png'
Time: 00:00.17 (Saving: 00:00.02)

Fra:1 Mem:44.93M (Peak 53.48M) | Time:00:00.11 | Rendering 1 / 8 samples
Fra:1 Mem:44.93M (Peak 53.48M) | Time:00:00.14 | Rendering 8 / 8 samples
Saved: 'C:\Users\Conner\OneDrive\Documents\veilbreakers-terrain\renders\quality-audit\pass_water_flow_speed\mountain_isometric.png'
Time: 00:00.17 (Saving: 00:00.01)

Fra:1 Mem:44.93M (Peak 53.63M) | Time:00:00.11 | Rendering 1 / 8 samples
Fra:1 Mem:44.93M (Peak 53.63M) | Time:00:00.14 | Rendering 8 / 8 samples
Saved: 'C:\Users\Conner\OneDrive\Documents\veilbreakers-terrain\renders\quality-audit\pass_water_flow_speed\mountain_topdown.png'
Time: 00:00.18 (Saving: 00:00.02)

Fra:1 Mem:44.94M (Peak 53.63M) | Time:00:00.11 | Rendering 1 / 8 samples
Fra:1 Mem:44.94M (Peak 53.63M) | Time:00:00.13 | Rendering 8 / 8 samples
Saved: 'C:\Users\Conner\OneDrive\Documents\veilbreakers-terrain\renders\quality-audit\pass_water_flow_speed\mountain_sideprofile.png'
Time: 00:00.17 (Saving: 00:00.02)

Fra:1 Mem:44.93M (Peak 53.48M) | Time:00:00.12 | Rendering 1 / 8 samples
Fra:1 Mem:44.93M (Peak 53.48M) | Time:00:00.14 | Rendering 8 / 8 samples
Saved: 'C:\Users\Conner\OneDrive\Documents\veilbreakers-terrain\renders\quality-audit\pass_water_flow_speed\coastal_isometric.png'
Time: 00:00.18 (Saving: 00:00.02)

Fra:1 Mem:44.93M (Peak 53.63M) | Time:00:00.12 | Rendering 1 / 8 samples
Fra:1 Mem:44.93M (Peak 53.63M) | Time:00:00.14 | Rendering 8 / 8 samples
Saved: 'C:\Users\Conner\OneDrive\Documents\veilbreakers-terrain\renders\quality-audit\pass_water_flow_speed\coastal_topdown.png'
Time: 00:00.19 (Saving: 00:00.02)

Fra:1 Mem:44.94M (Peak 53.63M) | Time:00:00.11 | Rendering 1 / 8 samples
Fra:1 Mem:44.94M (Peak 53.63M) | Time:00:00.14 | Rendering 8 / 8 samples
Saved: 'C:\Users\Conner\OneDrive\Documents\veilbreakers-terrain\renders\quality-audit\pass_water_flow_speed\coastal_sideprofile.png'
Time: 00:00.18 (Saving: 00:00.02)

Fra:1 Mem:44.93M (Peak 53.49M) | Time:00:00.12 | Rendering 1 / 8 samples
Fra:1 Mem:44.93M (Peak 53.49M) | Time:00:00.15 | Rendering 8 / 8 samples
Saved: 'C:\Users\Conner\OneDrive\Documents\veilbreakers-terrain\renders\quality-audit\pass_water_flow_speed\volcanic_isometric.png'
Time: 00:00.18 (Saving: 00:00.01)

Fra:1 Mem:44.93M (Peak 53.63M) | Time:00:00.12 | Rendering 1 / 8 samples
Fra:1 Mem:44.93M (Peak 53.63M) | Time:00:00.15 | Rendering 8 / 8 samples
Saved: 'C:\Users\Conner\OneDrive\Documents\veilbreakers-terrain\renders\quality-audit\pass_water_flow_speed\volcanic_topdown.png'
Time: 00:00.19 (Saving: 00:00.02)

Fra:1 Mem:44.94M (Peak 53.63M) | Time:00:00.12 | Rendering 1 / 8 samples
Fra:1 Mem:44.94M (Peak 53.63M) | Time:00:00.14 | Rendering 8 / 8 samples
Saved: 'C:\Users\Conner\OneDrive\Documents\veilbreakers-terrain\renders\quality-audit\pass_water_flow_speed\volcanic_sideprofile.png'
Time: 00:00.18 (Saving: 00:00.01)

Fra:1 Mem:44.93M (Peak 53.49M) | Time:00:00.12 | Rendering 1 / 8 samples
Fra:1 Mem:44.93M (Peak 53.49M) | Time:00:00.14 | Rendering 8 / 8 samples
Saved: 'C:\Users\Conner\OneDrive\Documents\veilbreakers-terrain\renders\quality-audit\pass_water_flow_speed\frozen_isometric.png'
Time: 00:00.18 (Saving: 00:00.02)

Fra:1 Mem:44.93M (Peak 53.63M) | Time:00:00.12 | Rendering 1 / 8 samples
Fra:1 Mem:44.93M (Peak 53.63M) | Time:00:00.14 | Rendering 8 / 8 samples
Saved: 'C:\Users\Conner\OneDrive\Documents\veilbreakers-terrain\renders\quality-audit\pass_water_flow_speed\frozen_topdown.png'
Time: 00:00.19 (Saving: 00:00.02)

Fra:1 Mem:44.94M (Peak 53.63M) | Time:00:00.12 | Rendering 1 / 8 samples
Fra:1 Mem:44.94M (Peak 53.63M) | Time:00:00.14 | Rendering 8 / 8 samples
Saved: 'C:\Users\Conner\OneDrive\Documents\veilbreakers-terrain\renders\quality-audit\pass_water_flow_speed\frozen_sideprofile.png'
Time: 00:00.18 (Saving: 00:00.01)

Fra:1 Mem:44.93M (Peak 53.49M) | Time:00:00.12 | Rendering 1 / 8 samples
Fra:1 Mem:44.93M (Peak 53.49M) | Time:00:00.14 | Rendering 8 / 8 samples
Saved: 'C:\Users\Conner\OneDrive\Documents\veilbreakers-terrain\renders\quality-audit\pass_water_flow_speed\desert_isometric.png'
Time: 00:00.18 (Saving: 00:00.02)

Fra:1 Mem:44.93M (Peak 53.63M) | Time:00:00.12 | Rendering 1 / 8 samples
Fra:1 Mem:44.93M (Peak 53.63M) | Time:00:00.14 | Rendering 8 / 8 samples
Saved: 'C:\Users\Conner\OneDrive\Documents\veilbreakers-terrain\renders\quality-audit\pass_water_flow_speed\desert_topdown.png'
Time: 00:00.18 (Saving: 00:00.02)

Fra:1 Mem:44.94M (Peak 53.63M) | Time:00:00.12 | Rendering 1 / 8 samples
Fra:1 Mem:44.94M (Peak 53.63M) | Time:00:00.14 | Rendering 8 / 8 samples
Saved: 'C:\Users\Conner\OneDrive\Documents\veilbreakers-terrain\renders\quality-audit\pass_water_flow_speed\desert_sideprofile.png'
Time: 00:00.18 (Saving: 00:00.02)

Fra:1 Mem:44.93M (Peak 53.49M) | Time:00:00.11 | Rendering 1 / 8 samples
Fra:1 Mem:44.93M (Peak 53.49M) | Time:00:00.14 | Rendering 8 / 8 samples
Saved: 'C:\Users\Conner\OneDrive\Documents\veilbreakers-terrain\renders\quality-audit\pass_river_convergence\grassland_isometric.png'
Time: 00:00.17 (Saving: 00:00.02)

Fra:1 Mem:44.94M (Peak 53.63M) | Time:00:00.11 | Rendering 1 / 8 samples
Fra:1 Mem:44.94M (Peak 53.63M) | Time:00:00.14 | Rendering 8 / 8 samples
Saved: 'C:\Users\Conner\OneDrive\Documents\veilbreakers-terrain\renders\quality-audit\pass_river_convergence\grassland_topdown.png'
Time: 00:00.19 (Saving: 00:00.02)

Fra:1 Mem:44.94M (Peak 53.63M) | Time:00:00.13 | Rendering 1 / 8 samples
Fra:1 Mem:44.94M (Peak 53.63M) | Time:00:00.16 | Rendering 8 / 8 samples
Saved: 'C:\Users\Conner\OneDrive\Documents\veilbreakers-terrain\renders\quality-audit\pass_river_convergence\grassland_sideprofile.png'
Time: 00:00.20 (Saving: 00:00.01)

Fra:1 Mem:44.93M (Peak 53.49M) | Time:00:00.14 | Rendering 1 / 8 samples
Fra:1 Mem:44.93M (Peak 53.49M) | Time:00:00.18 | Rendering 8 / 8 samples
Saved: 'C:\Users\Conner\OneDrive\Documents\veilbreakers-terrain\renders\quality-audit\pass_river_convergence\mountain_isometric.png'
Time: 00:00.21 (Saving: 00:00.01)

Fra:1 Mem:44.94M (Peak 53.63M) | Time:00:00.14 | Rendering 1 / 8 samples
Fra:1 Mem:44.94M (Peak 53.63M) | Time:00:00.18 | Rendering 8 / 8 samples
Saved: 'C:\Users\Conner\OneDrive\Documents\veilbreakers-terrain\renders\quality-audit\pass_river_convergence\mountain_topdown.png'
Time: 00:00.22 (Saving: 00:00.02)

Fra:1 Mem:44.94M (Peak 53.63M) | Time:00:00.13 | Rendering 1 / 8 samples
Fra:1 Mem:44.94M (Peak 53.63M) | Time:00:00.16 | Rendering 8 / 8 samples
Saved: 'C:\Users\Conner\OneDrive\Documents\veilbreakers-terrain\renders\quality-audit\pass_river_convergence\mountain_sideprofile.png'
Time: 00:00.20 (Saving: 00:00.01)

Fra:1 Mem:44.93M (Peak 53.49M) | Time:00:00.13 | Rendering 1 / 8 samples
Fra:1 Mem:44.93M (Peak 53.49M) | Time:00:00.17 | Rendering 8 / 8 samples
Saved: 'C:\Users\Conner\OneDrive\Documents\veilbreakers-terrain\renders\quality-audit\pass_river_convergence\coastal_isometric.png'
Time: 00:00.21 (Saving: 00:00.02)

Fra:1 Mem:44.94M (Peak 53.63M) | Time:00:00.14 | Rendering 1 / 8 samples
Fra:1 Mem:44.94M (Peak 53.63M) | Time:00:00.18 | Rendering 8 / 8 samples
Saved: 'C:\Users\Conner\OneDrive\Documents\veilbreakers-terrain\renders\quality-audit\pass_river_convergence\coastal_topdown.png'
Time: 00:00.22 (Saving: 00:00.02)

Fra:1 Mem:44.94M (Peak 53.63M) | Time:00:00.14 | Rendering 1 / 8 samples
Fra:1 Mem:44.94M (Peak 53.63M) | Time:00:00.18 | Rendering 8 / 8 samples
Saved: 'C:\Users\Conner\OneDrive\Documents\veilbreakers-terrain\renders\quality-audit\pass_river_convergence\coastal_sideprofile.png'
Time: 00:00.22 (Saving: 00:00.02)

Fra:1 Mem:44.93M (Peak 53.49M) | Time:00:00.15 | Rendering 1 / 8 samples
Fra:1 Mem:44.93M (Peak 53.49M) | Time:00:00.19 | Rendering 8 / 8 samples
Saved: 'C:\Users\Conner\OneDrive\Documents\veilbreakers-terrain\renders\quality-audit\pass_river_convergence\volcanic_isometric.png'
Time: 00:00.24 (Saving: 00:00.02)

Fra:1 Mem:44.94M (Peak 53.63M) | Time:00:00.16 | Rendering 1 / 8 samples
Fra:1 Mem:44.94M (Peak 53.63M) | Time:00:00.21 | Rendering 8 / 8 samples
Saved: 'C:\Users\Conner\OneDrive\Documents\veilbreakers-terrain\renders\quality-audit\pass_river_convergence\volcanic_topdown.png'
Time: 00:00.25 (Saving: 00:00.02)

Fra:1 Mem:44.94M (Peak 53.63M) | Time:00:00.15 | Rendering 1 / 8 samples
Fra:1 Mem:44.94M (Peak 53.63M) | Time:00:00.20 | Rendering 8 / 8 samples
Saved: 'C:\Users\Conner\OneDrive\Documents\veilbreakers-terrain\renders\quality-audit\pass_river_convergence\volcanic_sideprofile.png'
Time: 00:00.23 (Saving: 00:00.01)

Fra:1 Mem:44.93M (Peak 53.49M) | Time:00:00.15 | Rendering 1 / 8 samples
Fra:1 Mem:44.93M (Peak 53.49M) | Time:00:00.19 | Rendering 8 / 8 samples
Saved: 'C:\Users\Conner\OneDrive\Documents\veilbreakers-terrain\renders\quality-audit\pass_river_convergence\frozen_isometric.png'
Time: 00:00.23 (Saving: 00:00.02)

Fra:1 Mem:44.94M (Peak 53.63M) | Time:00:00.15 | Rendering 1 / 8 samples
Fra:1 Mem:44.94M (Peak 53.63M) | Time:00:00.20 | Rendering 8 / 8 samples
Saved: 'C:\Users\Conner\OneDrive\Documents\veilbreakers-terrain\renders\quality-audit\pass_river_convergence\frozen_topdown.png'
Time: 00:00.24 (Saving: 00:00.02)

Fra:1 Mem:44.94M (Peak 53.63M) | Time:00:00.15 | Rendering 1 / 8 samples
Fra:1 Mem:44.94M (Peak 53.63M) | Time:00:00.20 | Rendering 8 / 8 samples
Saved: 'C:\Users\Conner\OneDrive\Documents\veilbreakers-terrain\renders\quality-audit\pass_river_convergence\frozen_sideprofile.png'
Time: 00:00.24 (Saving: 00:00.02)

Fra:1 Mem:44.93M (Peak 53.49M) | Time:00:00.15 | Rendering 1 / 8 samples
Fra:1 Mem:44.93M (Peak 53.49M) | Time:00:00.20 | Rendering 8 / 8 samples
Saved: 'C:\Users\Conner\OneDrive\Documents\veilbreakers-terrain\renders\quality-audit\pass_river_convergence\desert_isometric.png'
Time: 00:00.24 (Saving: 00:00.02)

Fra:1 Mem:44.94M (Peak 53.63M) | Time:00:00.16 | Rendering 1 / 8 samples
Fra:1 Mem:44.94M (Peak 53.63M) | Time:00:00.22 | Rendering 8 / 8 samples
Saved: 'C:\Users\Conner\OneDrive\Documents\veilbreakers-terrain\renders\quality-audit\pass_river_convergence\desert_topdown.png'
Time: 00:00.26 (Saving: 00:00.02)

Fra:1 Mem:44.94M (Peak 53.63M) | Time:00:00.15 | Rendering 1 / 8 samples
Fra:1 Mem:44.94M (Peak 53.63M) | Time:00:00.20 | Rendering 8 / 8 samples
Saved: 'C:\Users\Conner\OneDrive\Documents\veilbreakers-terrain\renders\quality-audit\pass_river_convergence\desert_sideprofile.png'
Time: 00:00.24 (Saving: 00:00.01)

Fra:1 Mem:44.93M (Peak 53.49M) | Time:00:00.14 | Rendering 1 / 8 samples
Fra:1 Mem:44.93M (Peak 53.49M) | Time:00:00.19 | Rendering 8 / 8 samples
Saved: 'C:\Users\Conner\OneDrive\Documents\veilbreakers-terrain\renders\quality-audit\pass_water_depth\grassland_isometric.png'
Time: 00:00.23 (Saving: 00:00.02)

Fra:1 Mem:44.94M (Peak 53.63M) | Time:00:00.15 | Rendering 1 / 8 samples
Fra:1 Mem:44.94M (Peak 53.63M) | Time:00:00.20 | Rendering 8 / 8 samples
Saved: 'C:\Users\Conner\OneDrive\Documents\veilbreakers-terrain\renders\quality-audit\pass_water_depth\grassland_topdown.png'
Time: 00:00.24 (Saving: 00:00.02)

Fra:1 Mem:44.94M (Peak 53.63M) | Time:00:00.15 | Rendering 1 / 8 samples
Fra:1 Mem:44.94M (Peak 53.63M) | Time:00:00.20 | Rendering 8 / 8 samples
Saved: 'C:\Users\Conner\OneDrive\Documents\veilbreakers-terrain\renders\quality-audit\pass_water_depth\grassland_sideprofile.png'
Time: 00:00.23 (Saving: 00:00.01)

Fra:1 Mem:44.93M (Peak 53.49M) | Time:00:00.14 | Rendering 1 / 8 samples
Fra:1 Mem:44.93M (Peak 53.49M) | Time:00:00.19 | Rendering 8 / 8 samples
Saved: 'C:\Users\Conner\OneDrive\Documents\veilbreakers-terrain\renders\quality-audit\pass_water_depth\mountain_isometric.png'
Time: 00:00.23 (Saving: 00:00.01)

Fra:1 Mem:44.94M (Peak 53.63M) | Time:00:00.14 | Rendering 1 / 8 samples
Fra:1 Mem:44.94M (Peak 53.63M) | Time:00:00.20 | Rendering 8 / 8 samples
Saved: 'C:\Users\Conner\OneDrive\Documents\veilbreakers-terrain\renders\quality-audit\pass_water_depth\mountain_topdown.png'
Time: 00:00.24 (Saving: 00:00.02)

Fra:1 Mem:44.94M (Peak 53.63M) | Time:00:00.20 | Rendering 1 / 8 samples
Fra:1 Mem:44.94M (Peak 53.63M) | Time:00:00.27 | Rendering 8 / 8 samples
Saved: 'C:\Users\Conner\OneDrive\Documents\veilbreakers-terrain\renders\quality-audit\pass_water_depth\mountain_sideprofile.png'
Time: 00:00.30 (Saving: 00:00.01)

Fra:1 Mem:44.93M (Peak 53.49M) | Time:00:00.10 | Rendering 1 / 8 samples
Fra:1 Mem:44.93M (Peak 53.49M) | Time:00:00.11 | Rendering 8 / 8 samples
Saved: 'C:\Users\Conner\OneDrive\Documents\veilbreakers-terrain\renders\quality-audit\pass_water_depth\coastal_isometric.png'
Time: 00:00.15 (Saving: 00:00.02)

Fra:1 Mem:44.94M (Peak 53.63M) | Time:00:00.10 | Rendering 1 / 8 samples
Fra:1 Mem:44.94M (Peak 53.63M) | Time:00:00.11 | Rendering 8 / 8 samples
Saved: 'C:\Users\Conner\OneDrive\Documents\veilbreakers-terrain\renders\quality-audit\pass_water_depth\coastal_topdown.png'
Time: 00:00.16 (Saving: 00:00.02)

Fra:1 Mem:44.94M (Peak 53.63M) | Time:00:00.10 | Rendering 1 / 8 samples
Fra:1 Mem:44.94M (Peak 53.63M) | Time:00:00.11 | Rendering 8 / 8 samples
Saved: 'C:\Users\Conner\OneDrive\Documents\veilbreakers-terrain\renders\quality-audit\pass_water_depth\coastal_sideprofile.png'
Time: 00:00.15 (Saving: 00:00.02)

Fra:1 Mem:44.93M (Peak 53.49M) | Time:00:00.11 | Rendering 1 / 8 samples
Fra:1 Mem:44.93M (Peak 53.49M) | Time:00:00.12 | Rendering 8 / 8 samples
Saved: 'C:\Users\Conner\OneDrive\Documents\veilbreakers-terrain\renders\quality-audit\pass_water_depth\volcanic_isometric.png'
Time: 00:00.16 (Saving: 00:00.02)

Fra:1 Mem:44.94M (Peak 53.63M) | Time:00:00.10 | Rendering 1 / 8 samples
Fra:1 Mem:44.94M (Peak 53.63M) | Time:00:00.11 | Rendering 8 / 8 samples
Saved: 'C:\Users\Conner\OneDrive\Documents\veilbreakers-terrain\renders\quality-audit\pass_water_depth\volcanic_topdown.png'
Time: 00:00.15 (Saving: 00:00.02)

Fra:1 Mem:44.94M (Peak 53.63M) | Time:00:00.10 | Rendering 1 / 8 samples
Fra:1 Mem:44.94M (Peak 53.63M) | Time:00:00.11 | Rendering 8 / 8 samples
Saved: 'C:\Users\Conner\OneDrive\Documents\veilbreakers-terrain\renders\quality-audit\pass_water_depth\volcanic_sideprofile.png'
Time: 00:00.15 (Saving: 00:00.01)

Fra:1 Mem:44.93M (Peak 53.49M) | Time:00:00.10 | Rendering 1 / 8 samples
Fra:1 Mem:44.93M (Peak 53.49M) | Time:00:00.11 | Rendering 8 / 8 samples
Saved: 'C:\Users\Conner\OneDrive\Documents\veilbreakers-terrain\renders\quality-audit\pass_water_depth\frozen_isometric.png'
Time: 00:00.15 (Saving: 00:00.02)

Fra:1 Mem:44.94M (Peak 53.63M) | Time:00:00.10 | Rendering 1 / 8 samples
Fra:1 Mem:44.94M (Peak 53.63M) | Time:00:00.11 | Rendering 8 / 8 samples
Saved: 'C:\Users\Conner\OneDrive\Documents\veilbreakers-terrain\renders\quality-audit\pass_water_depth\frozen_topdown.png'
Time: 00:00.15 (Saving: 00:00.02)

Fra:1 Mem:44.94M (Peak 53.63M) | Time:00:00.10 | Rendering 1 / 8 samples
Fra:1 Mem:44.94M (Peak 53.63M) | Time:00:00.11 | Rendering 8 / 8 samples
Saved: 'C:\Users\Conner\OneDrive\Documents\veilbreakers-terrain\renders\quality-audit\pass_water_depth\frozen_sideprofile.png'
Time: 00:00.15 (Saving: 00:00.02)

Fra:1 Mem:44.93M (Peak 53.49M) | Time:00:00.10 | Rendering 1 / 8 samples
Fra:1 Mem:44.93M (Peak 53.49M) | Time:00:00.11 | Rendering 8 / 8 samples
Saved: 'C:\Users\Conner\OneDrive\Documents\veilbreakers-terrain\renders\quality-audit\pass_water_depth\desert_isometric.png'
Time: 00:00.16 (Saving: 00:00.02)

Fra:1 Mem:44.94M (Peak 53.63M) | Time:00:00.11 | Rendering 1 / 8 samples
Fra:1 Mem:44.94M (Peak 53.63M) | Time:00:00.12 | Rendering 8 / 8 samples
Saved: 'C:\Users\Conner\OneDrive\Documents\veilbreakers-terrain\renders\quality-audit\pass_water_depth\desert_topdown.png'
Time: 00:00.17 (Saving: 00:00.02)

Fra:1 Mem:44.94M (Peak 53.63M) | Time:00:00.10 | Rendering 1 / 8 samples
Fra:1 Mem:44.94M (Peak 53.63M) | Time:00:00.12 | Rendering 8 / 8 samples
Saved: 'C:\Users\Conner\OneDrive\Documents\veilbreakers-terrain\renders\quality-audit\pass_water_depth\desert_sideprofile.png'
Time: 00:00.16 (Saving: 00:00.02)

Fra:1 Mem:44.93M (Peak 53.49M) | Time:00:00.11 | Rendering 1 / 8 samples
Fra:1 Mem:44.93M (Peak 53.49M) | Time:00:00.12 | Rendering 8 / 8 samples
Saved: 'C:\Users\Conner\OneDrive\Documents\veilbreakers-terrain\renders\quality-audit\biome_channels\grassland_isometric.png'
Time: 00:00.16 (Saving: 00:00.02)

Fra:1 Mem:44.94M (Peak 53.63M) | Time:00:00.10 | Rendering 1 / 8 samples
Fra:1 Mem:44.94M (Peak 53.63M) | Time:00:00.12 | Rendering 8 / 8 samples
Saved: 'C:\Users\Conner\OneDrive\Documents\veilbreakers-terrain\renders\quality-audit\biome_channels\grassland_topdown.png'
Time: 00:00.17 (Saving: 00:00.02)

Fra:1 Mem:44.94M (Peak 53.63M) | Time:00:00.11 | Rendering 1 / 8 samples
Fra:1 Mem:44.94M (Peak 53.63M) | Time:00:00.12 | Rendering 8 / 8 samples
Saved: 'C:\Users\Conner\OneDrive\Documents\veilbreakers-terrain\renders\quality-audit\biome_channels\grassland_sideprofile.png'
Time: 00:00.16 (Saving: 00:00.02)

Fra:1 Mem:44.94M (Peak 53.49M) | Time:00:00.11 | Rendering 1 / 8 samples
Fra:1 Mem:44.94M (Peak 53.49M) | Time:00:00.13 | Rendering 8 / 8 samples
Saved: 'C:\Users\Conner\OneDrive\Documents\veilbreakers-terrain\renders\quality-audit\biome_channels\mountain_isometric.png'
Time: 00:00.17 (Saving: 00:00.02)

Fra:1 Mem:44.94M (Peak 53.63M) | Time:00:00.11 | Rendering 1 / 8 samples
Fra:1 Mem:44.94M (Peak 53.63M) | Time:00:00.13 | Rendering 8 / 8 samples
Saved: 'C:\Users\Conner\OneDrive\Documents\veilbreakers-terrain\renders\quality-audit\biome_channels\mountain_topdown.png'
Time: 00:00.17 (Saving: 00:00.02)

Fra:1 Mem:44.94M (Peak 53.63M) | Time:00:00.10 | Rendering 1 / 8 samples
Fra:1 Mem:44.94M (Peak 53.63M) | Time:00:00.12 | Rendering 8 / 8 samples
Saved: 'C:\Users\Conner\OneDrive\Documents\veilbreakers-terrain\renders\quality-audit\biome_channels\mountain_sideprofile.png'
Time: 00:00.16 (Saving: 00:00.01)

Fra:1 Mem:44.94M (Peak 53.49M) | Time:00:00.11 | Rendering 1 / 8 samples
Fra:1 Mem:44.94M (Peak 53.49M) | Time:00:00.13 | Rendering 8 / 8 samples
Saved: 'C:\Users\Conner\OneDrive\Documents\veilbreakers-terrain\renders\quality-audit\biome_channels\coastal_isometric.png'
Time: 00:00.16 (Saving: 00:00.02)

Fra:1 Mem:44.94M (Peak 53.63M) | Time:00:00.11 | Rendering 1 / 8 samples
Fra:1 Mem:44.94M (Peak 53.63M) | Time:00:00.13 | Rendering 8 / 8 samples
Saved: 'C:\Users\Conner\OneDrive\Documents\veilbreakers-terrain\renders\quality-audit\biome_channels\coastal_topdown.png'
Time: 00:00.17 (Saving: 00:00.02)

Fra:1 Mem:44.94M (Peak 53.63M) | Time:00:00.11 | Rendering 1 / 8 samples
Fra:1 Mem:44.94M (Peak 53.63M) | Time:00:00.13 | Rendering 8 / 8 samples
Saved: 'C:\Users\Conner\OneDrive\Documents\veilbreakers-terrain\renders\quality-audit\biome_channels\coastal_sideprofile.png'
Time: 00:00.17 (Saving: 00:00.01)

Fra:1 Mem:44.94M (Peak 53.49M) | Time:00:00.12 | Rendering 1 / 8 samples
Fra:1 Mem:44.94M (Peak 53.49M) | Time:00:00.13 | Rendering 8 / 8 samples
Saved: 'C:\Users\Conner\OneDrive\Documents\veilbreakers-terrain\renders\quality-audit\biome_channels\volcanic_isometric.png'
Time: 00:00.17 (Saving: 00:00.01)

Fra:1 Mem:44.94M (Peak 53.63M) | Time:00:00.12 | Rendering 1 / 8 samples
Fra:1 Mem:44.94M (Peak 53.63M) | Time:00:00.13 | Rendering 8 / 8 samples
Saved: 'C:\Users\Conner\OneDrive\Documents\veilbreakers-terrain\renders\quality-audit\biome_channels\volcanic_topdown.png'
Time: 00:00.18 (Saving: 00:00.02)

Fra:1 Mem:44.94M (Peak 53.63M) | Time:00:00.11 | Rendering 1 / 8 samples
Fra:1 Mem:44.94M (Peak 53.63M) | Time:00:00.13 | Rendering 8 / 8 samples
Saved: 'C:\Users\Conner\OneDrive\Documents\veilbreakers-terrain\renders\quality-audit\biome_channels\volcanic_sideprofile.png'
Time: 00:00.17 (Saving: 00:00.01)

Fra:1 Mem:44.94M (Peak 53.49M) | Time:00:00.11 | Rendering 1 / 8 samples
Fra:1 Mem:44.94M (Peak 53.49M) | Time:00:00.12 | Rendering 8 / 8 samples
Saved: 'C:\Users\Conner\OneDrive\Documents\veilbreakers-terrain\renders\quality-audit\biome_channels\frozen_isometric.png'
Time: 00:00.16 (Saving: 00:00.02)

Fra:1 Mem:44.94M (Peak 53.63M) | Time:00:00.11 | Rendering 1 / 8 samples
Fra:1 Mem:44.94M (Peak 53.63M) | Time:00:00.13 | Rendering 8 / 8 samples
Saved: 'C:\Users\Conner\OneDrive\Documents\veilbreakers-terrain\renders\quality-audit\biome_channels\frozen_topdown.png'
Time: 00:00.17 (Saving: 00:00.02)

Fra:1 Mem:44.94M (Peak 53.63M) | Time:00:00.11 | Rendering 1 / 8 samples
Fra:1 Mem:44.94M (Peak 53.63M) | Time:00:00.13 | Rendering 8 / 8 samples
Saved: 'C:\Users\Conner\OneDrive\Documents\veilbreakers-terrain\renders\quality-audit\biome_channels\frozen_sideprofile.png'
Time: 00:00.17 (Saving: 00:00.02)

Fra:1 Mem:44.94M (Peak 53.49M) | Time:00:00.11 | Rendering 1 / 8 samples
Fra:1 Mem:44.94M (Peak 53.49M) | Time:00:00.13 | Rendering 8 / 8 samples
Saved: 'C:\Users\Conner\OneDrive\Documents\veilbreakers-terrain\renders\quality-audit\biome_channels\desert_isometric.png'
Time: 00:00.17 (Saving: 00:00.02)

Fra:1 Mem:44.94M (Peak 53.63M) | Time:00:00.11 | Rendering 1 / 8 samples
Fra:1 Mem:44.94M (Peak 53.63M) | Time:00:00.13 | Rendering 8 / 8 samples
Saved: 'C:\Users\Conner\OneDrive\Documents\veilbreakers-terrain\renders\quality-audit\biome_channels\desert_topdown.png'
Time: 00:00.18 (Saving: 00:00.02)

Fra:1 Mem:44.94M (Peak 53.63M) | Time:00:00.11 | Rendering 1 / 8 samples
Fra:1 Mem:44.94M (Peak 53.63M) | Time:00:00.13 | Rendering 8 / 8 samples
Saved: 'C:\Users\Conner\OneDrive\Documents\veilbreakers-terrain\renders\quality-audit\biome_channels\desert_sideprofile.png'
Time: 00:00.17 (Saving: 00:00.02)

Fra:1 Mem:44.94M (Peak 53.49M) | Time:00:00.11 | Rendering 1 / 8 samples
Fra:1 Mem:44.94M (Peak 53.49M) | Time:00:00.13 | Rendering 8 / 8 samples
Saved: 'C:\Users\Conner\OneDrive\Documents\veilbreakers-terrain\renders\quality-audit\terrain_labels\grassland_isometric.png'
Time: 00:00.17 (Saving: 00:00.02)

Fra:1 Mem:44.94M (Peak 53.63M) | Time:00:00.11 | Rendering 1 / 8 samples
Fra:1 Mem:44.94M (Peak 53.63M) | Time:00:00.14 | Rendering 8 / 8 samples
Saved: 'C:\Users\Conner\OneDrive\Documents\veilbreakers-terrain\renders\quality-audit\terrain_labels\grassland_topdown.png'
Time: 00:00.18 (Saving: 00:00.02)

Fra:1 Mem:44.94M (Peak 53.63M) | Time:00:00.11 | Rendering 1 / 8 samples
Fra:1 Mem:44.94M (Peak 53.63M) | Time:00:00.13 | Rendering 8 / 8 samples
Saved: 'C:\Users\Conner\OneDrive\Documents\veilbreakers-terrain\renders\quality-audit\terrain_labels\grassland_sideprofile.png'
Time: 00:00.17 (Saving: 00:00.01)

Fra:1 Mem:44.94M (Peak 53.49M) | Time:00:00.11 | Rendering 1 / 8 samples
Fra:1 Mem:44.94M (Peak 53.49M) | Time:00:00.13 | Rendering 8 / 8 samples
Saved: 'C:\Users\Conner\OneDrive\Documents\veilbreakers-terrain\renders\quality-audit\terrain_labels\mountain_isometric.png'
Time: 00:00.17 (Saving: 00:00.02)

Fra:1 Mem:44.94M (Peak 53.63M) | Time:00:00.11 | Rendering 1 / 8 samples
Fra:1 Mem:44.94M (Peak 53.63M) | Time:00:00.13 | Rendering 8 / 8 samples
Saved: 'C:\Users\Conner\OneDrive\Documents\veilbreakers-terrain\renders\quality-audit\terrain_labels\mountain_topdown.png'
Time: 00:00.17 (Saving: 00:00.02)

Fra:1 Mem:44.94M (Peak 53.63M) | Time:00:00.11 | Rendering 1 / 8 samples
Fra:1 Mem:44.94M (Peak 53.63M) | Time:00:00.13 | Rendering 8 / 8 samples
Saved: 'C:\Users\Conner\OneDrive\Documents\veilbreakers-terrain\renders\quality-audit\terrain_labels\mountain_sideprofile.png'
Time: 00:00.17 (Saving: 00:00.01)

Fra:1 Mem:44.94M (Peak 53.49M) | Time:00:00.11 | Rendering 1 / 8 samples
Fra:1 Mem:44.94M (Peak 53.49M) | Time:00:00.13 | Rendering 8 / 8 samples
Saved: 'C:\Users\Conner\OneDrive\Documents\veilbreakers-terrain\renders\quality-audit\terrain_labels\coastal_isometric.png'
Time: 00:00.17 (Saving: 00:00.02)

Fra:1 Mem:44.94M (Peak 53.63M) | Time:00:00.11 | Rendering 1 / 8 samples
Fra:1 Mem:44.94M (Peak 53.63M) | Time:00:00.14 | Rendering 8 / 8 samples
Saved: 'C:\Users\Conner\OneDrive\Documents\veilbreakers-terrain\renders\quality-audit\terrain_labels\coastal_topdown.png'
Time: 00:00.18 (Saving: 00:00.02)

Fra:1 Mem:44.94M (Peak 53.63M) | Time:00:00.11 | Rendering 1 / 8 samples
Fra:1 Mem:44.94M (Peak 53.63M) | Time:00:00.13 | Rendering 8 / 8 samples
Saved: 'C:\Users\Conner\OneDrive\Documents\veilbreakers-terrain\renders\quality-audit\terrain_labels\coastal_sideprofile.png'
Time: 00:00.17 (Saving: 00:00.02)

Fra:1 Mem:44.94M (Peak 53.49M) | Time:00:00.12 | Rendering 1 / 8 samples
Fra:1 Mem:44.94M (Peak 53.49M) | Time:00:00.14 | Rendering 8 / 8 samples
Saved: 'C:\Users\Conner\OneDrive\Documents\veilbreakers-terrain\renders\quality-audit\terrain_labels\volcanic_isometric.png'
Time: 00:00.18 (Saving: 00:00.01)

Fra:1 Mem:44.94M (Peak 53.63M) | Time:00:00.12 | Rendering 1 / 8 samples
Fra:1 Mem:44.94M (Peak 53.63M) | Time:00:00.14 | Rendering 8 / 8 samples
Saved: 'C:\Users\Conner\OneDrive\Documents\veilbreakers-terrain\renders\quality-audit\terrain_labels\volcanic_topdown.png'
Time: 00:00.18 (Saving: 00:00.02)

Fra:1 Mem:44.94M (Peak 53.63M) | Time:00:00.12 | Rendering 1 / 8 samples
Fra:1 Mem:44.94M (Peak 53.63M) | Time:00:00.14 | Rendering 8 / 8 samples
Saved: 'C:\Users\Conner\OneDrive\Documents\veilbreakers-terrain\renders\quality-audit\terrain_labels\volcanic_sideprofile.png'
Time: 00:00.18 (Saving: 00:00.01)

Fra:1 Mem:44.94M (Peak 53.49M) | Time:00:00.11 | Rendering 1 / 8 samples
Fra:1 Mem:44.94M (Peak 53.49M) | Time:00:00.14 | Rendering 8 / 8 samples
Saved: 'C:\Users\Conner\OneDrive\Documents\veilbreakers-terrain\renders\quality-audit\terrain_labels\frozen_isometric.png'
Time: 00:00.18 (Saving: 00:00.02)

Fra:1 Mem:44.94M (Peak 53.63M) | Time:00:00.11 | Rendering 1 / 8 samples
Fra:1 Mem:44.94M (Peak 53.63M) | Time:00:00.14 | Rendering 8 / 8 samples
Saved: 'C:\Users\Conner\OneDrive\Documents\veilbreakers-terrain\renders\quality-audit\terrain_labels\frozen_topdown.png'
Time: 00:00.18 (Saving: 00:00.02)

Fra:1 Mem:44.94M (Peak 53.63M) | Time:00:00.11 | Rendering 1 / 8 samples
Fra:1 Mem:44.94M (Peak 53.63M) | Time:00:00.14 | Rendering 8 / 8 samples
Saved: 'C:\Users\Conner\OneDrive\Documents\veilbreakers-terrain\renders\quality-audit\terrain_labels\frozen_sideprofile.png'
Time: 00:00.18 (Saving: 00:00.02)

Fra:1 Mem:44.94M (Peak 53.49M) | Time:00:00.11 | Rendering 1 / 8 samples
Fra:1 Mem:44.94M (Peak 53.49M) | Time:00:00.13 | Rendering 8 / 8 samples
Saved: 'C:\Users\Conner\OneDrive\Documents\veilbreakers-terrain\renders\quality-audit\terrain_labels\desert_isometric.png'
Time: 00:00.17 (Saving: 00:00.02)

Fra:1 Mem:44.94M (Peak 53.63M) | Time:00:00.11 | Rendering 1 / 8 samples
Fra:1 Mem:44.94M (Peak 53.63M) | Time:00:00.14 | Rendering 8 / 8 samples
Saved: 'C:\Users\Conner\OneDrive\Documents\veilbreakers-terrain\renders\quality-audit\terrain_labels\desert_topdown.png'
Time: 00:00.18 (Saving: 00:00.02)

Fra:1 Mem:44.94M (Peak 53.63M) | Time:00:00.11 | Rendering 1 / 8 samples
Fra:1 Mem:44.94M (Peak 53.63M) | Time:00:00.14 | Rendering 8 / 8 samples
Saved: 'C:\Users\Conner\OneDrive\Documents\veilbreakers-terrain\renders\quality-audit\terrain_labels\desert_sideprofile.png'
Time: 00:00.18 (Saving: 00:00.02)

Fra:1 Mem:44.94M (Peak 53.49M) | Time:00:00.12 | Rendering 1 / 8 samples
Fra:1 Mem:44.94M (Peak 53.49M) | Time:00:00.14 | Rendering 8 / 8 samples
Saved: 'C:\Users\Conner\OneDrive\Documents\veilbreakers-terrain\renders\quality-audit\snow_line\grassland_isometric.png'
Time: 00:00.18 (Saving: 00:00.02)

Fra:1 Mem:44.94M (Peak 53.63M) | Time:00:00.11 | Rendering 1 / 8 samples
Fra:1 Mem:44.94M (Peak 53.63M) | Time:00:00.14 | Rendering 8 / 8 samples
Saved: 'C:\Users\Conner\OneDrive\Documents\veilbreakers-terrain\renders\quality-audit\snow_line\grassland_topdown.png'
Time: 00:00.19 (Saving: 00:00.02)

Fra:1 Mem:44.94M (Peak 53.63M) | Time:00:00.11 | Rendering 1 / 8 samples
Fra:1 Mem:44.94M (Peak 53.63M) | Time:00:00.14 | Rendering 8 / 8 samples
Saved: 'C:\Users\Conner\OneDrive\Documents\veilbreakers-terrain\renders\quality-audit\snow_line\grassland_sideprofile.png'
Time: 00:00.18 (Saving: 00:00.02)

Fra:1 Mem:44.94M (Peak 53.49M) | Time:00:00.11 | Rendering 1 / 8 samples
Fra:1 Mem:44.94M (Peak 53.49M) | Time:00:00.14 | Rendering 8 / 8 samples
Saved: 'C:\Users\Conner\OneDrive\Documents\veilbreakers-terrain\renders\quality-audit\snow_line\mountain_isometric.png'
Time: 00:00.17 (Saving: 00:00.01)

Fra:1 Mem:44.94M (Peak 53.63M) | Time:00:00.12 | Rendering 1 / 8 samples
Fra:1 Mem:44.94M (Peak 53.63M) | Time:00:00.14 | Rendering 8 / 8 samples
Saved: 'C:\Users\Conner\OneDrive\Documents\veilbreakers-terrain\renders\quality-audit\snow_line\mountain_topdown.png'
Time: 00:00.18 (Saving: 00:00.02)

Fra:1 Mem:44.94M (Peak 53.63M) | Time:00:00.11 | Rendering 1 / 8 samples
Fra:1 Mem:44.94M (Peak 53.63M) | Time:00:00.13 | Rendering 8 / 8 samples
Saved: 'C:\Users\Conner\OneDrive\Documents\veilbreakers-terrain\renders\quality-audit\snow_line\mountain_sideprofile.png'
Time: 00:00.17 (Saving: 00:00.01)

Fra:1 Mem:44.94M (Peak 53.49M) | Time:00:00.11 | Rendering 1 / 8 samples
Fra:1 Mem:44.94M (Peak 53.49M) | Time:00:00.14 | Rendering 8 / 8 samples
Saved: 'C:\Users\Conner\OneDrive\Documents\veilbreakers-terrain\renders\quality-audit\snow_line\coastal_isometric.png'
Time: 00:00.18 (Saving: 00:00.02)

Fra:1 Mem:44.94M (Peak 53.63M) | Time:00:00.12 | Rendering 1 / 8 samples
Fra:1 Mem:44.94M (Peak 53.63M) | Time:00:00.15 | Rendering 8 / 8 samples
Saved: 'C:\Users\Conner\OneDrive\Documents\veilbreakers-terrain\renders\quality-audit\snow_line\coastal_topdown.png'
Time: 00:00.19 (Saving: 00:00.02)

Fra:1 Mem:44.94M (Peak 53.63M) | Time:00:00.12 | Rendering 1 / 8 samples
Fra:1 Mem:44.94M (Peak 53.63M) | Time:00:00.14 | Rendering 8 / 8 samples
Saved: 'C:\Users\Conner\OneDrive\Documents\veilbreakers-terrain\renders\quality-audit\snow_line\coastal_sideprofile.png'
Time: 00:00.18 (Saving: 00:00.01)

Fra:1 Mem:44.94M (Peak 53.49M) | Time:00:00.12 | Rendering 1 / 8 samples
Fra:1 Mem:44.94M (Peak 53.49M) | Time:00:00.15 | Rendering 8 / 8 samples
Saved: 'C:\Users\Conner\OneDrive\Documents\veilbreakers-terrain\renders\quality-audit\snow_line\volcanic_isometric.png'
Time: 00:00.19 (Saving: 00:00.01)

Fra:1 Mem:44.94M (Peak 53.63M) | Time:00:00.12 | Rendering 1 / 8 samples
Fra:1 Mem:44.94M (Peak 53.63M) | Time:00:00.15 | Rendering 8 / 8 samples
Saved: 'C:\Users\Conner\OneDrive\Documents\veilbreakers-terrain\renders\quality-audit\snow_line\volcanic_topdown.png'
Time: 00:00.19 (Saving: 00:00.02)

Fra:1 Mem:44.94M (Peak 53.63M) | Time:00:00.12 | Rendering 1 / 8 samples
Fra:1 Mem:44.94M (Peak 53.63M) | Time:00:00.16 | Rendering 8 / 8 samples
Saved: 'C:\Users\Conner\OneDrive\Documents\veilbreakers-terrain\renders\quality-audit\snow_line\volcanic_sideprofile.png'
Time: 00:00.19 (Saving: 00:00.01)

Fra:1 Mem:44.94M (Peak 53.49M) | Time:00:00.14 | Rendering 1 / 8 samples
Fra:1 Mem:44.94M (Peak 53.49M) | Time:00:00.18 | Rendering 8 / 8 samples
Saved: 'C:\Users\Conner\OneDrive\Documents\veilbreakers-terrain\renders\quality-audit\snow_line\frozen_isometric.png'
Time: 00:00.22 (Saving: 00:00.02)

Fra:1 Mem:44.94M (Peak 53.63M) | Time:00:00.14 | Rendering 1 / 8 samples
Fra:1 Mem:44.94M (Peak 53.63M) | Time:00:00.18 | Rendering 8 / 8 samples
Saved: 'C:\Users\Conner\OneDrive\Documents\veilbreakers-terrain\renders\quality-audit\snow_line\frozen_topdown.png'
Time: 00:00.22 (Saving: 00:00.02)

Fra:1 Mem:44.94M (Peak 53.63M) | Time:00:00.14 | Rendering 1 / 8 samples
Fra:1 Mem:44.94M (Peak 53.63M) | Time:00:00.17 | Rendering 8 / 8 samples
Saved: 'C:\Users\Conner\OneDrive\Documents\veilbreakers-terrain\renders\quality-audit\snow_line\frozen_sideprofile.png'
Time: 00:00.21 (Saving: 00:00.01)

Fra:1 Mem:44.94M (Peak 53.49M) | Time:00:00.14 | Rendering 1 / 8 samples
Fra:1 Mem:44.94M (Peak 53.49M) | Time:00:00.18 | Rendering 8 / 8 samples
Saved: 'C:\Users\Conner\OneDrive\Documents\veilbreakers-terrain\renders\quality-audit\snow_line\desert_isometric.png'
Time: 00:00.21 (Saving: 00:00.02)

Fra:1 Mem:44.94M (Peak 53.63M) | Time:00:00.14 | Rendering 1 / 8 samples
Fra:1 Mem:44.94M (Peak 53.63M) | Time:00:00.18 | Rendering 8 / 8 samples
Saved: 'C:\Users\Conner\OneDrive\Documents\veilbreakers-terrain\renders\quality-audit\snow_line\desert_topdown.png'
Time: 00:00.22 (Saving: 00:00.02)

Fra:1 Mem:44.94M (Peak 53.63M) | Time:00:00.14 | Rendering 1 / 8 samples
Fra:1 Mem:44.94M (Peak 53.63M) | Time:00:00.17 | Rendering 8 / 8 samples
Saved: 'C:\Users\Conner\OneDrive\Documents\veilbreakers-terrain\renders\quality-audit\snow_line\desert_sideprofile.png'
Time: 00:00.21 (Saving: 00:00.01)

Fra:1 Mem:44.94M (Peak 53.49M) | Time:00:00.14 | Rendering 1 / 8 samples
Fra:1 Mem:44.94M (Peak 53.49M) | Time:00:00.18 | Rendering 8 / 8 samples
Saved: 'C:\Users\Conner\OneDrive\Documents\veilbreakers-terrain\renders\quality-audit\biome_surface_features\grassland_isometric.png'
Time: 00:00.22 (Saving: 00:00.02)

Fra:1 Mem:44.94M (Peak 53.63M) | Time:00:00.14 | Rendering 1 / 8 samples
Fra:1 Mem:44.94M (Peak 53.63M) | Time:00:00.18 | Rendering 8 / 8 samples
Saved: 'C:\Users\Conner\OneDrive\Documents\veilbreakers-terrain\renders\quality-audit\biome_surface_features\grassland_topdown.png'
Time: 00:00.22 (Saving: 00:00.02)

Fra:1 Mem:44.94M (Peak 53.63M) | Time:00:00.14 | Rendering 1 / 8 samples
Fra:1 Mem:44.94M (Peak 53.63M) | Time:00:00.18 | Rendering 8 / 8 samples
Saved: 'C:\Users\Conner\OneDrive\Documents\veilbreakers-terrain\renders\quality-audit\biome_surface_features\grassland_sideprofile.png'
Time: 00:00.21 (Saving: 00:00.01)

Fra:1 Mem:44.94M (Peak 53.49M) | Time:00:00.14 | Rendering 1 / 8 samples
Fra:1 Mem:44.94M (Peak 53.49M) | Time:00:00.18 | Rendering 8 / 8 samples
Saved: 'C:\Users\Conner\OneDrive\Documents\veilbreakers-terrain\renders\quality-audit\biome_surface_features\mountain_isometric.png'
Time: 00:00.22 (Saving: 00:00.02)

Fra:1 Mem:44.94M (Peak 53.63M) | Time:00:00.14 | Rendering 1 / 8 samples
Fra:1 Mem:44.94M (Peak 53.63M) | Time:00:00.18 | Rendering 8 / 8 samples
Saved: 'C:\Users\Conner\OneDrive\Documents\veilbreakers-terrain\renders\quality-audit\biome_surface_features\mountain_topdown.png'
Time: 00:00.22 (Saving: 00:00.02)

Fra:1 Mem:44.94M (Peak 53.63M) | Time:00:00.14 | Rendering 1 / 8 samples
Fra:1 Mem:44.94M (Peak 53.63M) | Time:00:00.17 | Rendering 8 / 8 samples
Saved: 'C:\Users\Conner\OneDrive\Documents\veilbreakers-terrain\renders\quality-audit\biome_surface_features\mountain_sideprofile.png'
Time: 00:00.20 (Saving: 00:00.01)

Fra:1 Mem:44.94M (Peak 53.49M) | Time:00:00.14 | Rendering 1 / 8 samples
Fra:1 Mem:44.94M (Peak 53.49M) | Time:00:00.18 | Rendering 8 / 8 samples
Saved: 'C:\Users\Conner\OneDrive\Documents\veilbreakers-terrain\renders\quality-audit\biome_surface_features\coastal_isometric.png'
Time: 00:00.22 (Saving: 00:00.02)

Fra:1 Mem:44.94M (Peak 53.63M) | Time:00:00.14 | Rendering 1 / 8 samples
Fra:1 Mem:44.94M (Peak 53.63M) | Time:00:00.19 | Rendering 8 / 8 samples
Saved: 'C:\Users\Conner\OneDrive\Documents\veilbreakers-terrain\renders\quality-audit\biome_surface_features\coastal_topdown.png'
Time: 00:00.24 (Saving: 00:00.02)

Fra:1 Mem:44.94M (Peak 53.63M) | Time:00:00.14 | Rendering 1 / 8 samples
Fra:1 Mem:44.94M (Peak 53.63M) | Time:00:00.18 | Rendering 8 / 8 samples
Saved: 'C:\Users\Conner\OneDrive\Documents\veilbreakers-terrain\renders\quality-audit\biome_surface_features\coastal_sideprofile.png'
Time: 00:00.22 (Saving: 00:00.01)

Fra:1 Mem:44.94M (Peak 53.49M) | Time:00:00.15 | Rendering 1 / 8 samples
Fra:1 Mem:44.94M (Peak 53.49M) | Time:00:00.20 | Rendering 8 / 8 samples
Saved: 'C:\Users\Conner\OneDrive\Documents\veilbreakers-terrain\renders\quality-audit\biome_surface_features\volcanic_isometric.png'
Time: 00:00.24 (Saving: 00:00.01)

Fra:1 Mem:44.94M (Peak 53.63M) | Time:00:00.15 | Rendering 1 / 8 samples
Fra:1 Mem:44.94M (Peak 53.63M) | Time:00:00.20 | Rendering 8 / 8 samples
Saved: 'C:\Users\Conner\OneDrive\Documents\veilbreakers-terrain\renders\quality-audit\biome_surface_features\volcanic_topdown.png'
Time: 00:00.24 (Saving: 00:00.02)

Fra:1 Mem:44.94M (Peak 53.63M) | Time:00:00.16 | Rendering 1 / 8 samples
Fra:1 Mem:44.94M (Peak 53.63M) | Time:00:00.20 | Rendering 8 / 8 samples
Saved: 'C:\Users\Conner\OneDrive\Documents\veilbreakers-terrain\renders\quality-audit\biome_surface_features\volcanic_sideprofile.png'
Time: 00:00.24 (Saving: 00:00.01)

Fra:1 Mem:44.94M (Peak 53.49M) | Time:00:00.15 | Rendering 1 / 8 samples
Fra:1 Mem:44.94M (Peak 53.49M) | Time:00:00.20 | Rendering 8 / 8 samples
Saved: 'C:\Users\Conner\OneDrive\Documents\veilbreakers-terrain\renders\quality-audit\biome_surface_features\frozen_isometric.png'
Time: 00:00.24 (Saving: 00:00.02)

Fra:1 Mem:44.94M (Peak 53.63M) | Time:00:00.15 | Rendering 1 / 8 samples
Fra:1 Mem:44.94M (Peak 53.63M) | Time:00:00.20 | Rendering 8 / 8 samples
Saved: 'C:\Users\Conner\OneDrive\Documents\veilbreakers-terrain\renders\quality-audit\biome_surface_features\frozen_topdown.png'
Time: 00:00.24 (Saving: 00:00.02)

Fra:1 Mem:44.94M (Peak 53.63M) | Time:00:00.15 | Rendering 1 / 8 samples
Fra:1 Mem:44.94M (Peak 53.63M) | Time:00:00.21 | Rendering 8 / 8 samples
Saved: 'C:\Users\Conner\OneDrive\Documents\veilbreakers-terrain\renders\quality-audit\biome_surface_features\frozen_sideprofile.png'
Time: 00:00.25 (Saving: 00:00.01)

Fra:1 Mem:44.94M (Peak 53.49M) | Time:00:00.22 | Rendering 1 / 8 samples
Fra:1 Mem:44.94M (Peak 53.49M) | Time:00:00.30 | Rendering 8 / 8 samples
Saved: 'C:\Users\Conner\OneDrive\Documents\veilbreakers-terrain\renders\quality-audit\biome_surface_features\desert_isometric.png'
Time: 00:00.35 (Saving: 00:00.02)

Fra:1 Mem:44.94M (Peak 53.63M) | Time:00:00.15 | Rendering 1 / 8 samples
Fra:1 Mem:44.94M (Peak 53.63M) | Time:00:00.20 | Rendering 8 / 8 samples
Saved: 'C:\Users\Conner\OneDrive\Documents\veilbreakers-terrain\renders\quality-audit\biome_surface_features\desert_topdown.png'
Time: 00:00.24 (Saving: 00:00.02)

Fra:1 Mem:44.94M (Peak 53.63M) | Time:00:00.15 | Rendering 1 / 8 samples
Fra:1 Mem:44.94M (Peak 53.63M) | Time:00:00.19 | Rendering 8 / 8 samples
Saved: 'C:\Users\Conner\OneDrive\Documents\veilbreakers-terrain\renders\quality-audit\biome_surface_features\desert_sideprofile.png'
Time: 00:00.22 (Saving: 00:00.01)

Fra:1 Mem:44.94M (Peak 53.49M) | Time:00:00.14 | Rendering 1 / 8 samples
Fra:1 Mem:44.94M (Peak 53.49M) | Time:00:00.18 | Rendering 8 / 8 samples
Saved: 'C:\Users\Conner\OneDrive\Documents\veilbreakers-terrain\renders\quality-audit\cliffs\grassland_isometric.png'
Time: 00:00.22 (Saving: 00:00.02)

Fra:1 Mem:44.94M (Peak 53.63M) | Time:00:00.14 | Rendering 1 / 8 samples
Fra:1 Mem:44.94M (Peak 53.63M) | Time:00:00.19 | Rendering 8 / 8 samples
Saved: 'C:\Users\Conner\OneDrive\Documents\veilbreakers-terrain\renders\quality-audit\cliffs\grassland_topdown.png'
Time: 00:00.23 (Saving: 00:00.02)

Fra:1 Mem:44.94M (Peak 53.64M) | Time:00:00.15 | Rendering 1 / 8 samples
Fra:1 Mem:44.94M (Peak 53.64M) | Time:00:00.18 | Rendering 8 / 8 samples
Saved: 'C:\Users\Conner\OneDrive\Documents\veilbreakers-terrain\renders\quality-audit\cliffs\grassland_sideprofile.png'
Time: 00:00.22 (Saving: 00:00.01)

Fra:1 Mem:44.94M (Peak 53.49M) | Time:00:00.14 | Rendering 1 / 8 samples
Fra:1 Mem:44.94M (Peak 53.49M) | Time:00:00.18 | Rendering 8 / 8 samples
Saved: 'C:\Users\Conner\OneDrive\Documents\veilbreakers-terrain\renders\quality-audit\cliffs\mountain_isometric.png'
Time: 00:00.22 (Saving: 00:00.01)

Fra:1 Mem:44.94M (Peak 53.63M) | Time:00:00.15 | Rendering 1 / 8 samples
Fra:1 Mem:44.94M (Peak 53.63M) | Time:00:00.19 | Rendering 8 / 8 samples
Saved: 'C:\Users\Conner\OneDrive\Documents\veilbreakers-terrain\renders\quality-audit\cliffs\mountain_topdown.png'
Time: 00:00.23 (Saving: 00:00.02)

Fra:1 Mem:44.94M (Peak 53.64M) | Time:00:00.14 | Rendering 1 / 8 samples
Fra:1 Mem:44.94M (Peak 53.64M) | Time:00:00.17 | Rendering 8 / 8 samples
Saved: 'C:\Users\Conner\OneDrive\Documents\veilbreakers-terrain\renders\quality-audit\cliffs\mountain_sideprofile.png'
Time: 00:00.21 (Saving: 00:00.01)

Fra:1 Mem:44.94M (Peak 53.49M) | Time:00:00.15 | Rendering 1 / 8 samples
Fra:1 Mem:44.94M (Peak 53.49M) | Time:00:00.19 | Rendering 8 / 8 samples
Saved: 'C:\Users\Conner\OneDrive\Documents\veilbreakers-terrain\renders\quality-audit\cliffs\coastal_isometric.png'
Time: 00:00.23 (Saving: 00:00.02)

Fra:1 Mem:44.94M (Peak 53.63M) | Time:00:00.15 | Rendering 1 / 8 samples
Fra:1 Mem:44.94M (Peak 53.63M) | Time:00:00.19 | Rendering 8 / 8 samples
Saved: 'C:\Users\Conner\OneDrive\Documents\veilbreakers-terrain\renders\quality-audit\cliffs\coastal_topdown.png'
Time: 00:00.23 (Saving: 00:00.02)

Fra:1 Mem:44.94M (Peak 53.64M) | Time:00:00.15 | Rendering 1 / 8 samples
Fra:1 Mem:44.94M (Peak 53.64M) | Time:00:00.19 | Rendering 8 / 8 samples
Saved: 'C:\Users\Conner\OneDrive\Documents\veilbreakers-terrain\renders\quality-audit\cliffs\coastal_sideprofile.png'
Time: 00:00.23 (Saving: 00:00.01)

Fra:1 Mem:44.94M (Peak 53.49M) | Time:00:00.16 | Rendering 1 / 8 samples
Fra:1 Mem:44.94M (Peak 53.49M) | Time:00:00.20 | Rendering 8 / 8 samples
Saved: 'C:\Users\Conner\OneDrive\Documents\veilbreakers-terrain\renders\quality-audit\cliffs\volcanic_isometric.png'
Time: 00:00.24 (Saving: 00:00.01)

Fra:1 Mem:44.94M (Peak 53.63M) | Time:00:00.15 | Rendering 1 / 8 samples
Fra:1 Mem:44.94M (Peak 53.63M) | Time:00:00.19 | Rendering 8 / 8 samples
Saved: 'C:\Users\Conner\OneDrive\Documents\veilbreakers-terrain\renders\quality-audit\cliffs\volcanic_topdown.png'
Time: 00:00.23 (Saving: 00:00.02)

Fra:1 Mem:44.94M (Peak 53.64M) | Time:00:00.16 | Rendering 1 / 8 samples
Fra:1 Mem:44.94M (Peak 53.64M) | Time:00:00.20 | Rendering 8 / 8 samples
Saved: 'C:\Users\Conner\OneDrive\Documents\veilbreakers-terrain\renders\quality-audit\cliffs\volcanic_sideprofile.png'
Time: 00:00.23 (Saving: 00:00.01)

Fra:1 Mem:44.94M (Peak 53.49M) | Time:00:00.15 | Rendering 1 / 8 samples
Fra:1 Mem:44.94M (Peak 53.49M) | Time:00:00.19 | Rendering 8 / 8 samples
Saved: 'C:\Users\Conner\OneDrive\Documents\veilbreakers-terrain\renders\quality-audit\cliffs\frozen_isometric.png'
Time: 00:00.23 (Saving: 00:00.02)

Fra:1 Mem:44.94M (Peak 53.63M) | Time:00:00.14 | Rendering 1 / 8 samples
Fra:1 Mem:44.94M (Peak 53.63M) | Time:00:00.19 | Rendering 8 / 8 samples
Saved: 'C:\Users\Conner\OneDrive\Documents\veilbreakers-terrain\renders\quality-audit\cliffs\frozen_topdown.png'
Time: 00:00.23 (Saving: 00:00.02)

Fra:1 Mem:44.94M (Peak 53.64M) | Time:00:00.15 | Rendering 1 / 8 samples
Fra:1 Mem:44.94M (Peak 53.64M) | Time:00:00.21 | Rendering 8 / 8 samples
Saved: 'C:\Users\Conner\OneDrive\Documents\veilbreakers-terrain\renders\quality-audit\cliffs\frozen_sideprofile.png'
Time: 00:00.25 (Saving: 00:00.01)

Fra:1 Mem:44.94M (Peak 53.49M) | Time:00:00.22 | Rendering 1 / 8 samples
Fra:1 Mem:44.94M (Peak 53.49M) | Time:00:00.26 | Rendering 8 / 8 samples
Saved: 'C:\Users\Conner\OneDrive\Documents\veilbreakers-terrain\renders\quality-audit\cliffs\desert_isometric.png'
Time: 00:00.31 (Saving: 00:00.02)

Fra:1 Mem:44.94M (Peak 53.63M) | Time:00:00.17 | Rendering 1 / 8 samples
Fra:1 Mem:44.94M (Peak 53.63M) | Time:00:00.26 | Rendering 8 / 8 samples
Saved: 'C:\Users\Conner\OneDrive\Documents\veilbreakers-terrain\renders\quality-audit\cliffs\desert_topdown.png'
Time: 00:00.30 (Saving: 00:00.02)

Fra:1 Mem:44.94M (Peak 53.64M) | Time:00:00.11 | Rendering 1 / 8 samples
Fra:1 Mem:44.94M (Peak 53.64M) | Time:00:00.12 | Rendering 8 / 8 samples
Saved: 'C:\Users\Conner\OneDrive\Documents\veilbreakers-terrain\renders\quality-audit\cliffs\desert_sideprofile.png'
Time: 00:00.16 (Saving: 00:00.02)

Fra:1 Mem:44.94M (Peak 53.49M) | Time:00:00.10 | Rendering 1 / 8 samples
Fra:1 Mem:44.94M (Peak 53.49M) | Time:00:00.11 | Rendering 8 / 8 samples
Saved: 'C:\Users\Conner\OneDrive\Documents\veilbreakers-terrain\renders\quality-audit\emit_overhang_meshes\grassland_isometric.png'
Time: 00:00.15 (Saving: 00:00.02)

Fra:1 Mem:44.94M (Peak 53.63M) | Time:00:00.10 | Rendering 1 / 8 samples
Fra:1 Mem:44.94M (Peak 53.63M) | Time:00:00.11 | Rendering 8 / 8 samples
Saved: 'C:\Users\Conner\OneDrive\Documents\veilbreakers-terrain\renders\quality-audit\emit_overhang_meshes\grassland_topdown.png'
Time: 00:00.16 (Saving: 00:00.02)

Fra:1 Mem:44.94M (Peak 53.64M) | Time:00:00.10 | Rendering 1 / 8 samples
Fra:1 Mem:44.94M (Peak 53.64M) | Time:00:00.11 | Rendering 8 / 8 samples
Saved: 'C:\Users\Conner\OneDrive\Documents\veilbreakers-terrain\renders\quality-audit\emit_overhang_meshes\grassland_sideprofile.png'
Time: 00:00.16 (Saving: 00:00.02)

Fra:1 Mem:44.94M (Peak 53.49M) | Time:00:00.10 | Rendering 1 / 8 samples
Fra:1 Mem:44.94M (Peak 53.49M) | Time:00:00.11 | Rendering 8 / 8 samples
Saved: 'C:\Users\Conner\OneDrive\Documents\veilbreakers-terrain\renders\quality-audit\emit_overhang_meshes\mountain_isometric.png'
Time: 00:00.15 (Saving: 00:00.01)

Fra:1 Mem:44.94M (Peak 53.63M) | Time:00:00.10 | Rendering 1 / 8 samples
Fra:1 Mem:44.94M (Peak 53.63M) | Time:00:00.11 | Rendering 8 / 8 samples
Saved: 'C:\Users\Conner\OneDrive\Documents\veilbreakers-terrain\renders\quality-audit\emit_overhang_meshes\mountain_topdown.png'
Time: 00:00.15 (Saving: 00:00.02)

Fra:1 Mem:44.94M (Peak 53.63M) | Time:00:00.09 | Rendering 1 / 8 samples
Fra:1 Mem:44.94M (Peak 53.63M) | Time:00:00.10 | Rendering 8 / 8 samples
Saved: 'C:\Users\Conner\OneDrive\Documents\veilbreakers-terrain\renders\quality-audit\emit_overhang_meshes\mountain_sideprofile.png'
Time: 00:00.14 (Saving: 00:00.01)

Fra:1 Mem:44.94M (Peak 53.49M) | Time:00:00.10 | Rendering 1 / 8 samples
Fra:1 Mem:44.94M (Peak 53.49M) | Time:00:00.11 | Rendering 8 / 8 samples
Saved: 'C:\Users\Conner\OneDrive\Documents\veilbreakers-terrain\renders\quality-audit\emit_overhang_meshes\coastal_isometric.png'
Time: 00:00.15 (Saving: 00:00.02)

Fra:1 Mem:44.94M (Peak 53.63M) | Time:00:00.10 | Rendering 1 / 8 samples
Fra:1 Mem:44.94M (Peak 53.63M) | Time:00:00.11 | Rendering 8 / 8 samples
Saved: 'C:\Users\Conner\OneDrive\Documents\veilbreakers-terrain\renders\quality-audit\emit_overhang_meshes\coastal_topdown.png'
Time: 00:00.15 (Saving: 00:00.02)

Fra:1 Mem:44.94M (Peak 53.63M) | Time:00:00.10 | Rendering 1 / 8 samples
Fra:1 Mem:44.94M (Peak 53.63M) | Time:00:00.11 | Rendering 8 / 8 samples
Saved: 'C:\Users\Conner\OneDrive\Documents\veilbreakers-terrain\renders\quality-audit\emit_overhang_meshes\coastal_sideprofile.png'
Time: 00:00.15 (Saving: 00:00.02)

Fra:1 Mem:44.94M (Peak 53.49M) | Time:00:00.11 | Rendering 1 / 8 samples
Fra:1 Mem:44.94M (Peak 53.49M) | Time:00:00.13 | Rendering 8 / 8 samples
Saved: 'C:\Users\Conner\OneDrive\Documents\veilbreakers-terrain\renders\quality-audit\emit_overhang_meshes\volcanic_isometric.png'
Time: 00:00.16 (Saving: 00:00.01)

Fra:1 Mem:44.94M (Peak 53.63M) | Time:00:00.11 | Rendering 1 / 8 samples
Fra:1 Mem:44.94M (Peak 53.63M) | Time:00:00.13 | Rendering 8 / 8 samples
Saved: 'C:\Users\Conner\OneDrive\Documents\veilbreakers-terrain\renders\quality-audit\emit_overhang_meshes\volcanic_topdown.png'
Time: 00:00.17 (Saving: 00:00.02)

Fra:1 Mem:44.94M (Peak 53.63M) | Time:00:00.11 | Rendering 1 / 8 samples
Fra:1 Mem:44.94M (Peak 53.63M) | Time:00:00.12 | Rendering 8 / 8 samples
Saved: 'C:\Users\Conner\OneDrive\Documents\veilbreakers-terrain\renders\quality-audit\emit_overhang_meshes\volcanic_sideprofile.png'
Time: 00:00.16 (Saving: 00:00.01)

Fra:1 Mem:44.94M (Peak 53.49M) | Time:00:00.10 | Rendering 1 / 8 samples
Fra:1 Mem:44.94M (Peak 53.49M) | Time:00:00.12 | Rendering 8 / 8 samples
Saved: 'C:\Users\Conner\OneDrive\Documents\veilbreakers-terrain\renders\quality-audit\emit_overhang_meshes\frozen_isometric.png'
Time: 00:00.16 (Saving: 00:00.02)

Fra:1 Mem:44.94M (Peak 53.63M) | Time:00:00.11 | Rendering 1 / 8 samples
Fra:1 Mem:44.94M (Peak 53.63M) | Time:00:00.13 | Rendering 8 / 8 samples
Saved: 'C:\Users\Conner\OneDrive\Documents\veilbreakers-terrain\renders\quality-audit\emit_overhang_meshes\frozen_topdown.png'
Time: 00:00.17 (Saving: 00:00.02)

Fra:1 Mem:44.94M (Peak 53.63M) | Time:00:00.11 | Rendering 1 / 8 samples
Fra:1 Mem:44.94M (Peak 53.63M) | Time:00:00.12 | Rendering 8 / 8 samples
Saved: 'C:\Users\Conner\OneDrive\Documents\veilbreakers-terrain\renders\quality-audit\emit_overhang_meshes\frozen_sideprofile.png'
Time: 00:00.16 (Saving: 00:00.01)

Fra:1 Mem:44.94M (Peak 53.49M) | Time:00:00.11 | Rendering 1 / 8 samples
Fra:1 Mem:44.94M (Peak 53.49M) | Time:00:00.13 | Rendering 8 / 8 samples
Saved: 'C:\Users\Conner\OneDrive\Documents\veilbreakers-terrain\renders\quality-audit\emit_overhang_meshes\desert_isometric.png'
Time: 00:00.16 (Saving: 00:00.02)

Fra:1 Mem:44.94M (Peak 53.63M) | Time:00:00.11 | Rendering 1 / 8 samples
Fra:1 Mem:44.94M (Peak 53.63M) | Time:00:00.13 | Rendering 8 / 8 samples
Saved: 'C:\Users\Conner\OneDrive\Documents\veilbreakers-terrain\renders\quality-audit\emit_overhang_meshes\desert_topdown.png'
Time: 00:00.18 (Saving: 00:00.02)

Fra:1 Mem:44.94M (Peak 53.63M) | Time:00:00.11 | Rendering 1 / 8 samples
Fra:1 Mem:44.94M (Peak 53.63M) | Time:00:00.13 | Rendering 8 / 8 samples
Saved: 'C:\Users\Conner\OneDrive\Documents\veilbreakers-terrain\renders\quality-audit\emit_overhang_meshes\desert_sideprofile.png'
Time: 00:00.16 (Saving: 00:00.01)

Fra:1 Mem:44.94M (Peak 53.49M) | Time:00:00.11 | Rendering 1 / 8 samples
Fra:1 Mem:44.94M (Peak 53.49M) | Time:00:00.13 | Rendering 8 / 8 samples
Saved: 'C:\Users\Conner\OneDrive\Documents\veilbreakers-terrain\renders\quality-audit\banded_macro\grassland_isometric.png'
Time: 00:00.16 (Saving: 00:00.01)

Fra:1 Mem:44.94M (Peak 53.63M) | Time:00:00.11 | Rendering 1 / 8 samples
Fra:1 Mem:44.94M (Peak 53.63M) | Time:00:00.13 | Rendering 8 / 8 samples
Saved: 'C:\Users\Conner\OneDrive\Documents\veilbreakers-terrain\renders\quality-audit\banded_macro\grassland_topdown.png'
Time: 00:00.17 (Saving: 00:00.01)

Fra:1 Mem:44.94M (Peak 53.63M) | Time:00:00.11 | Rendering 1 / 8 samples
Fra:1 Mem:44.94M (Peak 53.63M) | Time:00:00.12 | Rendering 8 / 8 samples
Saved: 'C:\Users\Conner\OneDrive\Documents\veilbreakers-terrain\renders\quality-audit\banded_macro\grassland_sideprofile.png'
Time: 00:00.17 (Saving: 00:00.02)

Fra:1 Mem:44.94M (Peak 53.49M) | Time:00:00.11 | Rendering 1 / 8 samples
Fra:1 Mem:44.94M (Peak 53.49M) | Time:00:00.13 | Rendering 8 / 8 samples
Saved: 'C:\Users\Conner\OneDrive\Documents\veilbreakers-terrain\renders\quality-audit\banded_macro\mountain_isometric.png'
Time: 00:00.16 (Saving: 00:00.01)

Fra:1 Mem:44.94M (Peak 53.63M) | Time:00:00.11 | Rendering 1 / 8 samples
Fra:1 Mem:44.94M (Peak 53.63M) | Time:00:00.12 | Rendering 8 / 8 samples
Saved: 'C:\Users\Conner\OneDrive\Documents\veilbreakers-terrain\renders\quality-audit\banded_macro\mountain_topdown.png'
Time: 00:00.16 (Saving: 00:00.02)

Fra:1 Mem:44.94M (Peak 53.63M) | Time:00:00.10 | Rendering 1 / 8 samples
Fra:1 Mem:44.94M (Peak 53.63M) | Time:00:00.12 | Rendering 8 / 8 samples
Saved: 'C:\Users\Conner\OneDrive\Documents\veilbreakers-terrain\renders\quality-audit\banded_macro\mountain_sideprofile.png'
Time: 00:00.17 (Saving: 00:00.02)

Fra:1 Mem:44.94M (Peak 53.49M) | Time:00:00.11 | Rendering 1 / 8 samples
Fra:1 Mem:44.94M (Peak 53.49M) | Time:00:00.13 | Rendering 8 / 8 samples
Saved: 'C:\Users\Conner\OneDrive\Documents\veilbreakers-terrain\renders\quality-audit\banded_macro\coastal_isometric.png'
Time: 00:00.16 (Saving: 00:00.01)

Fra:1 Mem:44.94M (Peak 53.63M) | Time:00:00.11 | Rendering 1 / 8 samples
Fra:1 Mem:44.94M (Peak 53.63M) | Time:00:00.12 | Rendering 8 / 8 samples
Saved: 'C:\Users\Conner\OneDrive\Documents\veilbreakers-terrain\renders\quality-audit\banded_macro\coastal_topdown.png'
Time: 00:00.16 (Saving: 00:00.01)

Fra:1 Mem:44.94M (Peak 53.63M) | Time:00:00.11 | Rendering 1 / 8 samples
Fra:1 Mem:44.94M (Peak 53.63M) | Time:00:00.12 | Rendering 8 / 8 samples
Saved: 'C:\Users\Conner\OneDrive\Documents\veilbreakers-terrain\renders\quality-audit\banded_macro\coastal_sideprofile.png'
Time: 00:00.17 (Saving: 00:00.02)

Fra:1 Mem:44.94M (Peak 53.49M) | Time:00:00.11 | Rendering 1 / 8 samples
Fra:1 Mem:44.94M (Peak 53.49M) | Time:00:00.12 | Rendering 8 / 8 samples
Saved: 'C:\Users\Conner\OneDrive\Documents\veilbreakers-terrain\renders\quality-audit\banded_macro\volcanic_isometric.png'
Time: 00:00.16 (Saving: 00:00.02)

Fra:1 Mem:44.94M (Peak 53.63M) | Time:00:00.11 | Rendering 1 / 8 samples
Fra:1 Mem:44.94M (Peak 53.63M) | Time:00:00.13 | Rendering 8 / 8 samples
Saved: 'C:\Users\Conner\OneDrive\Documents\veilbreakers-terrain\renders\quality-audit\banded_macro\volcanic_topdown.png'
Time: 00:00.17 (Saving: 00:00.02)

Fra:1 Mem:44.94M (Peak 53.63M) | Time:00:00.11 | Rendering 1 / 8 samples
Fra:1 Mem:44.94M (Peak 53.63M) | Time:00:00.13 | Rendering 8 / 8 samples
Saved: 'C:\Users\Conner\OneDrive\Documents\veilbreakers-terrain\renders\quality-audit\banded_macro\volcanic_sideprofile.png'
Time: 00:00.17 (Saving: 00:00.02)

Fra:1 Mem:44.94M (Peak 53.49M) | Time:00:00.11 | Rendering 1 / 8 samples
Fra:1 Mem:44.94M (Peak 53.49M) | Time:00:00.13 | Rendering 8 / 8 samples
Saved: 'C:\Users\Conner\OneDrive\Documents\veilbreakers-terrain\renders\quality-audit\banded_macro\frozen_isometric.png'
Time: 00:00.16 (Saving: 00:00.01)

Fra:1 Mem:44.94M (Peak 53.63M) | Time:00:00.11 | Rendering 1 / 8 samples
Fra:1 Mem:44.94M (Peak 53.63M) | Time:00:00.12 | Rendering 8 / 8 samples
Saved: 'C:\Users\Conner\OneDrive\Documents\veilbreakers-terrain\renders\quality-audit\banded_macro\frozen_topdown.png'
Time: 00:00.16 (Saving: 00:00.02)

Fra:1 Mem:44.94M (Peak 53.63M) | Time:00:00.10 | Rendering 1 / 8 samples
Fra:1 Mem:44.94M (Peak 53.63M) | Time:00:00.12 | Rendering 8 / 8 samples
Saved: 'C:\Users\Conner\OneDrive\Documents\veilbreakers-terrain\renders\quality-audit\banded_macro\frozen_sideprofile.png'
Time: 00:00.17 (Saving: 00:00.02)

BlenderMCP addon unregistered
[RENDERER] 1/438 macro_world/grassland: 3 renders done
[RENDERER] 2/438 macro_world/mountain: 3 renders done
[RENDERER] 3/438 macro_world/coastal: 3 renders done
[RENDERER] 4/438 macro_world/volcanic: 3 renders done
[RENDERER] 5/438 macro_world/frozen: 3 renders done
[RENDERER] 6/438 macro_world/desert: 3 renders done
[RENDERER] 7/438 pass_generate_low_freq_hmap/grassland: 3 renders done
[RENDERER] 8/438 pass_generate_low_freq_hmap/mountain: 3 renders done
[RENDERER] 9/438 pass_generate_low_freq_hmap/coastal: 3 renders done
[RENDERER] 10/438 pass_generate_low_freq_hmap/volcanic: 3 renders done
[RENDERER] 11/438 pass_generate_low_freq_hmap/frozen: 3 renders done
[RENDERER] 12/438 pass_generate_low_freq_hmap/desert: 3 renders done
[RENDERER] 13/438 pass_generate_high_freq_detail/grassland: 3 renders done
[RENDERER] 14/438 pass_generate_high_freq_detail/mountain: 3 renders done
[RENDERER] 15/438 pass_generate_high_freq_detail/coastal: 3 renders done
[RENDERER] 16/438 pass_generate_high_freq_detail/volcanic: 3 renders done
[RENDERER] 17/438 pass_generate_high_freq_detail/frozen: 3 renders done
[RENDERER] 18/438 pass_generate_high_freq_detail/desert: 3 renders done
[RENDERER] 19/438 erosion/grassland: 3 renders done
[RENDERER] 20/438 erosion/mountain: 3 renders done
[RENDERER] 21/438 erosion/coastal: 3 renders done
[RENDERER] 22/438 erosion/volcanic: 3 renders done
[RENDERER] 23/438 erosion/frozen: 3 renders done
[RENDERER] 24/438 erosion/desert: 3 renders done
[RENDERER] 25/438 pass_composite_hmap/grassland: 3 renders done
[RENDERER] 26/438 pass_composite_hmap/mountain: 3 renders done
[RENDERER] 27/438 pass_composite_hmap/coastal: 3 renders done
[RENDERER] 28/438 pass_composite_hmap/volcanic: 3 renders done
[RENDERER] 29/438 pass_composite_hmap/frozen: 3 renders done
[RENDERER] 30/438 pass_composite_hmap/desert: 3 renders done
[RENDERER] 31/438 structural_masks/grassland: 3 renders done
[RENDERER] 32/438 structural_masks/mountain: 3 renders done
[RENDERER] 33/438 structural_masks/coastal: 3 renders done
[RENDERER] 34/438 structural_masks/volcanic: 3 renders done
[RENDERER] 35/438 structural_masks/frozen: 3 renders done
[RENDERER] 36/438 structural_masks/desert: 3 renders done
[RENDERER] 37/438 structural_masks_post_erosion/grassland: 3 renders done
[RENDERER] 38/438 structural_masks_post_erosion/mountain: 3 renders done
[RENDERER] 39/438 structural_masks_post_erosion/coastal: 3 renders done
[RENDERER] 40/438 structural_masks_post_erosion/volcanic: 3 renders done
[RENDERER] 41/438 structural_masks_post_erosion/frozen: 3 renders done
[RENDERER] 42/438 structural_masks_post_erosion/desert: 3 renders done
[RENDERER] 43/438 structural_masks_post_talus/grassland: 3 renders done
[RENDERER] 44/438 structural_masks_post_talus/mountain: 3 renders done
[RENDERER] 45/438 structural_masks_post_talus/coastal: 3 renders done
[RENDERER] 46/438 structural_masks_post_talus/volcanic: 3 renders done
[RENDERER] 47/438 structural_masks_post_talus/frozen: 3 renders done
[RENDERER] 48/438 structural_masks_post_talus/desert: 3 renders done
[RENDERER] 49/438 validation_minimal/grassland: 3 renders done
[RENDERER] 50/438 validation_minimal/mountain: 3 renders done
[RENDERER] 51/438 validation_minimal/coastal: 3 renders done
[RENDERER] 52/438 validation_minimal/volcanic: 3 renders done
[RENDERER] 53/438 validation_minimal/frozen: 3 renders done
[RENDERER] 54/438 validation_minimal/desert: 3 renders done
[RENDERER] 55/438 integrate_deltas/grassland: 3 renders done
[RENDERER] 56/438 integrate_deltas/mountain: 3 renders done
[RENDERER] 57/438 integrate_deltas/coastal: 3 renders done
[RENDERER] 58/438 integrate_deltas/volcanic: 3 renders done
[RENDERER] 59/438 integrate_deltas/frozen: 3 renders done
[RENDERER] 60/438 integrate_deltas/desert: 3 renders done
[RENDERER] 61/438 pass_hydrology/grassland: 3 renders done
[RENDERER] 62/438 pass_hydrology/mountain: 3 renders done
[RENDERER] 63/438 pass_hydrology/coastal: 3 renders done
[RENDERER] 64/438 pass_hydrology/volcanic: 3 renders done
[RENDERER] 65/438 pass_hydrology/frozen: 3 renders done
[RENDERER] 66/438 pass_hydrology/desert: 3 renders done
[RENDERER] 67/438 pass_hydrology_post_erosion/grassland: 3 renders done
[RENDERER] 68/438 pass_hydrology_post_erosion/mountain: 3 renders done
[RENDERER] 69/438 pass_hydrology_post_erosion/coastal: 3 renders done
[RENDERER] 70/438 pass_hydrology_post_erosion/volcanic: 3 renders done
[RENDERER] 71/438 pass_hydrology_post_erosion/frozen: 3 renders done
[RENDERER] 72/438 pass_hydrology_post_erosion/desert: 3 renders done
[RENDERER] 73/438 pass_water_flow_speed/grassland: 3 renders done
[RENDERER] 74/438 pass_water_flow_speed/mountain: 3 renders done
[RENDERER] 75/438 pass_water_flow_speed/coastal: 3 renders done
[RENDERER] 76/438 pass_water_flow_speed/volcanic: 3 renders done
[RENDERER] 77/438 pass_water_flow_speed/frozen: 3 renders done
[RENDERER] 78/438 pass_water_flow_speed/desert: 3 renders done
[RENDERER] 79/438 pass_river_convergence/grassland: 3 renders done
[RENDERER] 80/438 pass_river_convergence/mountain: 3 renders done
[RENDERER] 81/438 pass_river_convergence/coastal: 3 renders done
[RENDERER] 82/438 pass_river_convergence/volcanic: 3 renders done
[RENDERER] 83/438 pass_river_convergence/frozen: 3 renders done
[RENDERER] 84/438 pass_river_convergence/desert: 3 renders done
[RENDERER] 85/438 pass_water_depth/grassland: 3 renders done
[RENDERER] 86/438 pass_water_depth/mountain: 3 renders done
[RENDERER] 87/438 pass_water_depth/coastal: 3 renders done
[RENDERER] 88/438 pass_water_depth/volcanic: 3 renders done
[RENDERER] 89/438 pass_water_depth/frozen: 3 renders done
[RENDERER] 90/438 pass_water_depth/desert: 3 renders done
[RENDERER] 91/438 biome_channels/grassland: 3 renders done
[RENDERER] 92/438 biome_channels/mountain: 3 renders done
[RENDERER] 93/438 biome_channels/coastal: 3 renders done
[RENDERER] 94/438 biome_channels/volcanic: 3 renders done
[RENDERER] 95/438 biome_channels/frozen: 3 renders done
[RENDERER] 96/438 biome_channels/desert: 3 renders done
[RENDERER] 97/438 terrain_labels/grassland: 3 renders done
[RENDERER] 98/438 terrain_labels/mountain: 3 renders done
[RENDERER] 99/438 terrain_labels/coastal: 3 renders done
[RENDERER] 100/438 terrain_labels/volcanic: 3 renders done
[RENDERER] 101/438 terrain_labels/frozen: 3 renders done
[RENDERER] 102/438 terrain_labels/desert: 3 renders done
[RENDERER] 103/438 snow_line/grassland: 3 renders done
[RENDERER] 104/438 snow_line/mountain: 3 renders done
[RENDERER] 105/438 snow_line/coastal: 3 renders done
[RENDERER] 106/438 snow_line/volcanic: 3 renders done
[RENDERER] 107/438 snow_line/frozen: 3 renders done
[RENDERER] 108/438 snow_line/desert: 3 renders done
[RENDERER] 109/438 biome_surface_features/grassland: 3 renders done
[RENDERER] 110/438 biome_surface_features/mountain: 3 renders done
[RENDERER] 111/438 biome_surface_features/coastal: 3 renders done
[RENDERER] 112/438 biome_surface_features/volcanic: 3 renders done
[RENDERER] 113/438 biome_surface_features/frozen: 3 renders done
[RENDERER] 114/438 biome_surface_features/desert: 3 renders done
[RENDERER] 115/438 cliffs/grassland: 3 renders done
[RENDERER] 116/438 cliffs/mountain: 3 renders done
[RENDERER] 117/438 cliffs/coastal: 3 renders done
[RENDERER] 118/438 cliffs/volcanic: 3 renders done
[RENDERER] 119/438 cliffs/frozen: 3 renders done
[RENDERER] 120/438 cliffs/desert: 3 renders done
[RENDERER] 121/438 emit_overhang_meshes/grassland: 3 renders done
[RENDERER] 122/438 emit_overhang_meshes/mountain: 3 renders done
[RENDERER] 123/438 emit_overhang_meshes/coastal: 3 renders done
[RENDERER] 124/438 emit_overhang_meshes/volcanic: 3 renders done
[RENDERER] 125/438 emit_overhang_meshes/frozen: 3 renders done
[RENDERER] 126/438 emit_overhang_meshes/desert: 3 renders done
[RENDERER] 127/438 banded_macro/grassland: 3 renders done
[RENDERER] 128/438 banded_macro/mountain: 3 renders done
[RENDERER] 129/438 banded_macro/coastal: 3 renders done
[RENDERER] 130/438 banded_macro/volcanic: 3 renders done
[RENDERER] 131/438 banded_macro/frozen: 3 renders doneFra:1 Mem:44.94M (Peak 53.49M) | Time:00:00.11 | Rendering 1 / 8 samples
Fra:1 Mem:44.94M (Peak 53.49M) | Time:00:00.13 | Rendering 8 / 8 samples
Saved: 'C:\Users\Conner\OneDrive\Documents\veilbreakers-terrain\renders\quality-audit\banded_macro\desert_isometric.png'
Time: 00:00.18 (Saving: 00:00.02)

Fra:1 Mem:44.94M (Peak 53.63M) | Time:00:00.11 | Rendering 1 / 8 samples
Fra:1 Mem:44.94M (Peak 53.63M) | Time:00:00.13 | Rendering 8 / 8 samples
Saved: 'C:\Users\Conner\OneDrive\Documents\veilbreakers-terrain\renders\quality-audit\banded_macro\desert_topdown.png'
Time: 00:00.17 (Saving: 00:00.02)

Fra:1 Mem:44.94M (Peak 53.63M) | Time:00:00.11 | Rendering 1 / 8 samples
Fra:1 Mem:44.94M (Peak 53.63M) | Time:00:00.13 | Rendering 8 / 8 samples
Saved: 'C:\Users\Conner\OneDrive\Documents\veilbreakers-terrain\renders\quality-audit\banded_macro\desert_sideprofile.png'
Time: 00:00.17 (Saving: 00:00.02)

Fra:1 Mem:44.94M (Peak 53.49M) | Time:00:00.11 | Rendering 1 / 8 samples
Fra:1 Mem:44.94M (Peak 53.49M) | Time:00:00.13 | Rendering 8 / 8 samples
Saved: 'C:\Users\Conner\OneDrive\Documents\veilbreakers-terrain\renders\quality-audit\pass_banded_advanced\grassland_isometric.png'
Time: 00:00.18 (Saving: 00:00.02)

Fra:1 Mem:44.94M (Peak 53.63M) | Time:00:00.11 | Rendering 1 / 8 samples
Fra:1 Mem:44.94M (Peak 53.63M) | Time:00:00.13 | Rendering 8 / 8 samples
Saved: 'C:\Users\Conner\OneDrive\Documents\veilbreakers-terrain\renders\quality-audit\pass_banded_advanced\grassland_topdown.png'
Time: 00:00.17 (Saving: 00:00.02)

Fra:1 Mem:44.94M (Peak 53.63M) | Time:00:00.11 | Rendering 1 / 8 samples
Fra:1 Mem:44.94M (Peak 53.63M) | Time:00:00.13 | Rendering 8 / 8 samples
Saved: 'C:\Users\Conner\OneDrive\Documents\veilbreakers-terrain\renders\quality-audit\pass_banded_advanced\grassland_sideprofile.png'
Time: 00:00.17 (Saving: 00:00.02)

Fra:1 Mem:44.94M (Peak 53.49M) | Time:00:00.11 | Rendering 1 / 8 samples
Fra:1 Mem:44.94M (Peak 53.49M) | Time:00:00.13 | Rendering 8 / 8 samples
Saved: 'C:\Users\Conner\OneDrive\Documents\veilbreakers-terrain\renders\quality-audit\pass_banded_advanced\mountain_isometric.png'
Time: 00:00.17 (Saving: 00:00.02)

Fra:1 Mem:44.94M (Peak 53.63M) | Time:00:00.11 | Rendering 1 / 8 samples
Fra:1 Mem:44.94M (Peak 53.63M) | Time:00:00.13 | Rendering 8 / 8 samples
Saved: 'C:\Users\Conner\OneDrive\Documents\veilbreakers-terrain\renders\quality-audit\pass_banded_advanced\mountain_topdown.png'
Time: 00:00.17 (Saving: 00:00.02)

Fra:1 Mem:44.94M (Peak 53.63M) | Time:00:00.11 | Rendering 1 / 8 samples
Fra:1 Mem:44.94M (Peak 53.63M) | Time:00:00.13 | Rendering 8 / 8 samples
Saved: 'C:\Users\Conner\OneDrive\Documents\veilbreakers-terrain\renders\quality-audit\pass_banded_advanced\mountain_sideprofile.png'
Time: 00:00.17 (Saving: 00:00.02)

Fra:1 Mem:44.94M (Peak 53.49M) | Time:00:00.11 | Rendering 1 / 8 samples
Fra:1 Mem:44.94M (Peak 53.49M) | Time:00:00.13 | Rendering 8 / 8 samples
Saved: 'C:\Users\Conner\OneDrive\Documents\veilbreakers-terrain\renders\quality-audit\pass_banded_advanced\coastal_isometric.png'
Time: 00:00.17 (Saving: 00:00.02)

Fra:1 Mem:44.94M (Peak 53.63M) | Time:00:00.11 | Rendering 1 / 8 samples
Fra:1 Mem:44.94M (Peak 53.63M) | Time:00:00.14 | Rendering 8 / 8 samples
Saved: 'C:\Users\Conner\OneDrive\Documents\veilbreakers-terrain\renders\quality-audit\pass_banded_advanced\coastal_topdown.png'
Time: 00:00.18 (Saving: 00:00.02)

Fra:1 Mem:44.94M (Peak 53.64M) | Time:00:00.11 | Rendering 1 / 8 samples
Fra:1 Mem:44.94M (Peak 53.64M) | Time:00:00.13 | Rendering 8 / 8 samples
Saved: 'C:\Users\Conner\OneDrive\Documents\veilbreakers-terrain\renders\quality-audit\pass_banded_advanced\coastal_sideprofile.png'
Time: 00:00.17 (Saving: 00:00.02)

Fra:1 Mem:44.94M (Peak 53.49M) | Time:00:00.12 | Rendering 1 / 8 samples
Fra:1 Mem:44.94M (Peak 53.49M) | Time:00:00.15 | Rendering 8 / 8 samples
Saved: 'C:\Users\Conner\OneDrive\Documents\veilbreakers-terrain\renders\quality-audit\pass_banded_advanced\volcanic_isometric.png'
Time: 00:00.18 (Saving: 00:00.01)

Fra:1 Mem:44.94M (Peak 53.63M) | Time:00:00.12 | Rendering 1 / 8 samples
Fra:1 Mem:44.94M (Peak 53.63M) | Time:00:00.14 | Rendering 8 / 8 samples
Saved: 'C:\Users\Conner\OneDrive\Documents\veilbreakers-terrain\renders\quality-audit\pass_banded_advanced\volcanic_topdown.png'
Time: 00:00.19 (Saving: 00:00.02)

Fra:1 Mem:44.94M (Peak 53.64M) | Time:00:00.12 | Rendering 1 / 8 samples
Fra:1 Mem:44.94M (Peak 53.64M) | Time:00:00.14 | Rendering 8 / 8 samples
Saved: 'C:\Users\Conner\OneDrive\Documents\veilbreakers-terrain\renders\quality-audit\pass_banded_advanced\volcanic_sideprofile.png'
Time: 00:00.18 (Saving: 00:00.01)

Fra:1 Mem:44.94M (Peak 53.49M) | Time:00:00.11 | Rendering 1 / 8 samples
Fra:1 Mem:44.94M (Peak 53.49M) | Time:00:00.14 | Rendering 8 / 8 samples
Saved: 'C:\Users\Conner\OneDrive\Documents\veilbreakers-terrain\renders\quality-audit\pass_banded_advanced\frozen_isometric.png'
Time: 00:00.17 (Saving: 00:00.02)

Fra:1 Mem:44.94M (Peak 53.63M) | Time:00:00.11 | Rendering 1 / 8 samples
Fra:1 Mem:44.94M (Peak 53.63M) | Time:00:00.14 | Rendering 8 / 8 samples
Saved: 'C:\Users\Conner\OneDrive\Documents\veilbreakers-terrain\renders\quality-audit\pass_banded_advanced\frozen_topdown.png'
Time: 00:00.18 (Saving: 00:00.02)

Fra:1 Mem:44.94M (Peak 53.64M) | Time:00:00.11 | Rendering 1 / 8 samples
Fra:1 Mem:44.94M (Peak 53.64M) | Time:00:00.14 | Rendering 8 / 8 samples
Saved: 'C:\Users\Conner\OneDrive\Documents\veilbreakers-terrain\renders\quality-audit\pass_banded_advanced\frozen_sideprofile.png'
Time: 00:00.18 (Saving: 00:00.02)

Fra:1 Mem:44.94M (Peak 53.49M) | Time:00:00.11 | Rendering 1 / 8 samples
Fra:1 Mem:44.94M (Peak 53.49M) | Time:00:00.14 | Rendering 8 / 8 samples
Saved: 'C:\Users\Conner\OneDrive\Documents\veilbreakers-terrain\renders\quality-audit\pass_banded_advanced\desert_isometric.png'
Time: 00:00.17 (Saving: 00:00.02)

Fra:1 Mem:44.94M (Peak 53.63M) | Time:00:00.11 | Rendering 1 / 8 samples
Fra:1 Mem:44.94M (Peak 53.63M) | Time:00:00.14 | Rendering 8 / 8 samples
Saved: 'C:\Users\Conner\OneDrive\Documents\veilbreakers-terrain\renders\quality-audit\pass_banded_advanced\desert_topdown.png'
Time: 00:00.18 (Saving: 00:00.02)

Fra:1 Mem:44.94M (Peak 53.64M) | Time:00:00.12 | Rendering 1 / 8 samples
Fra:1 Mem:44.94M (Peak 53.64M) | Time:00:00.14 | Rendering 8 / 8 samples
Saved: 'C:\Users\Conner\OneDrive\Documents\veilbreakers-terrain\renders\quality-audit\pass_banded_advanced\desert_sideprofile.png'
Time: 00:00.18 (Saving: 00:00.02)

Fra:1 Mem:44.94M (Peak 53.49M) | Time:00:00.11 | Rendering 1 / 8 samples
Fra:1 Mem:44.94M (Peak 53.49M) | Time:00:00.14 | Rendering 8 / 8 samples
Saved: 'C:\Users\Conner\OneDrive\Documents\veilbreakers-terrain\renders\quality-audit\pass_morphology\grassland_isometric.png'
Time: 00:00.18 (Saving: 00:00.02)

Fra:1 Mem:44.94M (Peak 53.63M) | Time:00:00.11 | Rendering 1 / 8 samples
Fra:1 Mem:44.94M (Peak 53.63M) | Time:00:00.15 | Rendering 8 / 8 samples
Saved: 'C:\Users\Conner\OneDrive\Documents\veilbreakers-terrain\renders\quality-audit\pass_morphology\grassland_topdown.png'
Time: 00:00.19 (Saving: 00:00.02)

Fra:1 Mem:44.94M (Peak 53.64M) | Time:00:00.11 | Rendering 1 / 8 samples
Fra:1 Mem:44.94M (Peak 53.64M) | Time:00:00.14 | Rendering 8 / 8 samples
Saved: 'C:\Users\Conner\OneDrive\Documents\veilbreakers-terrain\renders\quality-audit\pass_morphology\grassland_sideprofile.png'
Time: 00:00.18 (Saving: 00:00.01)

Fra:1 Mem:44.94M (Peak 53.49M) | Time:00:00.11 | Rendering 1 / 8 samples
Fra:1 Mem:44.94M (Peak 53.49M) | Time:00:00.14 | Rendering 8 / 8 samples
Saved: 'C:\Users\Conner\OneDrive\Documents\veilbreakers-terrain\renders\quality-audit\pass_morphology\mountain_isometric.png'
Time: 00:00.17 (Saving: 00:00.01)

Fra:1 Mem:44.94M (Peak 53.63M) | Time:00:00.11 | Rendering 1 / 8 samples
Fra:1 Mem:44.94M (Peak 53.63M) | Time:00:00.14 | Rendering 8 / 8 samples
Saved: 'C:\Users\Conner\OneDrive\Documents\veilbreakers-terrain\renders\quality-audit\pass_morphology\mountain_topdown.png'
Time: 00:00.18 (Saving: 00:00.02)

Fra:1 Mem:44.94M (Peak 53.64M) | Time:00:00.12 | Rendering 1 / 8 samples
Fra:1 Mem:44.94M (Peak 53.64M) | Time:00:00.14 | Rendering 8 / 8 samples
Saved: 'C:\Users\Conner\OneDrive\Documents\veilbreakers-terrain\renders\quality-audit\pass_morphology\mountain_sideprofile.png'
Time: 00:00.17 (Saving: 00:00.01)

Fra:1 Mem:44.94M (Peak 53.49M) | Time:00:00.11 | Rendering 1 / 8 samples
Fra:1 Mem:44.94M (Peak 53.49M) | Time:00:00.14 | Rendering 8 / 8 samples
Saved: 'C:\Users\Conner\OneDrive\Documents\veilbreakers-terrain\renders\quality-audit\pass_morphology\coastal_isometric.png'
Time: 00:00.18 (Saving: 00:00.02)

Fra:1 Mem:44.94M (Peak 53.63M) | Time:00:00.14 | Rendering 1 / 8 samples
Fra:1 Mem:44.94M (Peak 53.63M) | Time:00:00.18 | Rendering 8 / 8 samples
Saved: 'C:\Users\Conner\OneDrive\Documents\veilbreakers-terrain\renders\quality-audit\pass_morphology\coastal_topdown.png'
Time: 00:00.22 (Saving: 00:00.02)

Fra:1 Mem:44.94M (Peak 53.64M) | Time:00:00.14 | Rendering 1 / 8 samples
Fra:1 Mem:44.94M (Peak 53.64M) | Time:00:00.18 | Rendering 8 / 8 samples
Saved: 'C:\Users\Conner\OneDrive\Documents\veilbreakers-terrain\renders\quality-audit\pass_morphology\coastal_sideprofile.png'
Time: 00:00.22 (Saving: 00:00.01)

Fra:1 Mem:44.94M (Peak 53.49M) | Time:00:00.15 | Rendering 1 / 8 samples
Fra:1 Mem:44.94M (Peak 53.49M) | Time:00:00.19 | Rendering 8 / 8 samples
Saved: 'C:\Users\Conner\OneDrive\Documents\veilbreakers-terrain\renders\quality-audit\pass_morphology\volcanic_isometric.png'
Time: 00:00.24 (Saving: 00:00.02)

Fra:1 Mem:44.94M (Peak 53.63M) | Time:00:00.15 | Rendering 1 / 8 samples
Fra:1 Mem:44.94M (Peak 53.63M) | Time:00:00.19 | Rendering 8 / 8 samples
Saved: 'C:\Users\Conner\OneDrive\Documents\veilbreakers-terrain\renders\quality-audit\pass_morphology\volcanic_topdown.png'
Time: 00:00.24 (Saving: 00:00.02)

Fra:1 Mem:44.94M (Peak 53.64M) | Time:00:00.15 | Rendering 1 / 8 samples
Fra:1 Mem:44.94M (Peak 53.64M) | Time:00:00.18 | Rendering 8 / 8 samples
Saved: 'C:\Users\Conner\OneDrive\Documents\veilbreakers-terrain\renders\quality-audit\pass_morphology\volcanic_sideprofile.png'
Time: 00:00.22 (Saving: 00:00.01)

Fra:1 Mem:44.94M (Peak 53.49M) | Time:00:00.14 | Rendering 1 / 8 samples
Fra:1 Mem:44.94M (Peak 53.49M) | Time:00:00.18 | Rendering 8 / 8 samples
Saved: 'C:\Users\Conner\OneDrive\Documents\veilbreakers-terrain\renders\quality-audit\pass_morphology\frozen_isometric.png'
Time: 00:00.22 (Saving: 00:00.02)

Fra:1 Mem:44.94M (Peak 53.63M) | Time:00:00.14 | Rendering 1 / 8 samples
Fra:1 Mem:44.94M (Peak 53.63M) | Time:00:00.18 | Rendering 8 / 8 samples
Saved: 'C:\Users\Conner\OneDrive\Documents\veilbreakers-terrain\renders\quality-audit\pass_morphology\frozen_topdown.png'
Time: 00:00.23 (Saving: 00:00.02)

Fra:1 Mem:44.94M (Peak 53.64M) | Time:00:00.14 | Rendering 1 / 8 samples
Fra:1 Mem:44.94M (Peak 53.64M) | Time:00:00.17 | Rendering 8 / 8 samples
Saved: 'C:\Users\Conner\OneDrive\Documents\veilbreakers-terrain\renders\quality-audit\pass_morphology\frozen_sideprofile.png'
Time: 00:00.21 (Saving: 00:00.01)

Fra:1 Mem:44.94M (Peak 53.49M) | Time:00:00.14 | Rendering 1 / 8 samples
Fra:1 Mem:44.94M (Peak 53.49M) | Time:00:00.18 | Rendering 8 / 8 samples
Saved: 'C:\Users\Conner\OneDrive\Documents\veilbreakers-terrain\renders\quality-audit\pass_morphology\desert_isometric.png'
Time: 00:00.22 (Saving: 00:00.02)

Fra:1 Mem:44.94M (Peak 53.63M) | Time:00:00.15 | Rendering 1 / 8 samples
Fra:1 Mem:44.94M (Peak 53.63M) | Time:00:00.19 | Rendering 8 / 8 samples
Saved: 'C:\Users\Conner\OneDrive\Documents\veilbreakers-terrain\renders\quality-audit\pass_morphology\desert_topdown.png'
Time: 00:00.23 (Saving: 00:00.02)

Fra:1 Mem:44.94M (Peak 53.64M) | Time:00:00.14 | Rendering 1 / 8 samples
Fra:1 Mem:44.94M (Peak 53.64M) | Time:00:00.18 | Rendering 8 / 8 samples
Saved: 'C:\Users\Conner\OneDrive\Documents\veilbreakers-terrain\renders\quality-audit\pass_morphology\desert_sideprofile.png'
Time: 00:00.22 (Saving: 00:00.01)

Fra:1 Mem:44.94M (Peak 53.49M) | Time:00:00.14 | Rendering 1 / 8 samples
Fra:1 Mem:44.94M (Peak 53.49M) | Time:00:00.18 | Rendering 8 / 8 samples
Saved: 'C:\Users\Conner\OneDrive\Documents\veilbreakers-terrain\renders\quality-audit\pass_terrain_features\grassland_isometric.png'
Time: 00:00.22 (Saving: 00:00.02)

Fra:1 Mem:44.94M (Peak 53.63M) | Time:00:00.14 | Rendering 1 / 8 samples
Fra:1 Mem:44.94M (Peak 53.63M) | Time:00:00.18 | Rendering 8 / 8 samples
Saved: 'C:\Users\Conner\OneDrive\Documents\veilbreakers-terrain\renders\quality-audit\pass_terrain_features\grassland_topdown.png'
Time: 00:00.22 (Saving: 00:00.02)

Fra:1 Mem:44.94M (Peak 53.64M) | Time:00:00.15 | Rendering 1 / 8 samples
Fra:1 Mem:44.94M (Peak 53.64M) | Time:00:00.18 | Rendering 8 / 8 samples
Saved: 'C:\Users\Conner\OneDrive\Documents\veilbreakers-terrain\renders\quality-audit\pass_terrain_features\grassland_sideprofile.png'
Time: 00:00.22 (Saving: 00:00.01)

Fra:1 Mem:44.94M (Peak 53.49M) | Time:00:00.14 | Rendering 1 / 8 samples
Fra:1 Mem:44.94M (Peak 53.49M) | Time:00:00.19 | Rendering 8 / 8 samples
Saved: 'C:\Users\Conner\OneDrive\Documents\veilbreakers-terrain\renders\quality-audit\pass_terrain_features\mountain_isometric.png'
Time: 00:00.22 (Saving: 00:00.01)

Fra:1 Mem:44.94M (Peak 53.63M) | Time:00:00.14 | Rendering 1 / 8 samples
Fra:1 Mem:44.94M (Peak 53.63M) | Time:00:00.18 | Rendering 8 / 8 samples
Saved: 'C:\Users\Conner\OneDrive\Documents\veilbreakers-terrain\renders\quality-audit\pass_terrain_features\mountain_topdown.png'
Time: 00:00.22 (Saving: 00:00.02)

Fra:1 Mem:44.94M (Peak 53.64M) | Time:00:00.15 | Rendering 1 / 8 samples
Fra:1 Mem:44.94M (Peak 53.64M) | Time:00:00.18 | Rendering 8 / 8 samples
Saved: 'C:\Users\Conner\OneDrive\Documents\veilbreakers-terrain\renders\quality-audit\pass_terrain_features\mountain_sideprofile.png'
Time: 00:00.21 (Saving: 00:00.01)

Fra:1 Mem:44.94M (Peak 53.49M) | Time:00:00.14 | Rendering 1 / 8 samples
Fra:1 Mem:44.94M (Peak 53.49M) | Time:00:00.18 | Rendering 8 / 8 samples
Saved: 'C:\Users\Conner\OneDrive\Documents\veilbreakers-terrain\renders\quality-audit\pass_terrain_features\coastal_isometric.png'
Time: 00:00.22 (Saving: 00:00.02)

Fra:1 Mem:44.94M (Peak 53.63M) | Time:00:00.15 | Rendering 1 / 8 samples
Fra:1 Mem:44.94M (Peak 53.63M) | Time:00:00.19 | Rendering 8 / 8 samples
Saved: 'C:\Users\Conner\OneDrive\Documents\veilbreakers-terrain\renders\quality-audit\pass_terrain_features\coastal_topdown.png'
Time: 00:00.23 (Saving: 00:00.02)

Fra:1 Mem:44.94M (Peak 53.64M) | Time:00:00.14 | Rendering 1 / 8 samples
Fra:1 Mem:44.94M (Peak 53.64M) | Time:00:00.17 | Rendering 8 / 8 samples
Saved: 'C:\Users\Conner\OneDrive\Documents\veilbreakers-terrain\renders\quality-audit\pass_terrain_features\coastal_sideprofile.png'
Time: 00:00.21 (Saving: 00:00.01)

Fra:1 Mem:44.94M (Peak 53.49M) | Time:00:00.14 | Rendering 1 / 8 samples
Fra:1 Mem:44.94M (Peak 53.49M) | Time:00:00.18 | Rendering 8 / 8 samples
Saved: 'C:\Users\Conner\OneDrive\Documents\veilbreakers-terrain\renders\quality-audit\pass_terrain_features\volcanic_isometric.png'
Time: 00:00.22 (Saving: 00:00.01)

Fra:1 Mem:44.94M (Peak 53.64M) | Time:00:00.15 | Rendering 1 / 8 samples
Fra:1 Mem:44.94M (Peak 53.64M) | Time:00:00.19 | Rendering 8 / 8 samples
Saved: 'C:\Users\Conner\OneDrive\Documents\veilbreakers-terrain\renders\quality-audit\pass_terrain_features\volcanic_topdown.png'
Time: 00:00.23 (Saving: 00:00.02)

Fra:1 Mem:44.94M (Peak 53.64M) | Time:00:00.15 | Rendering 1 / 8 samples
Fra:1 Mem:44.94M (Peak 53.64M) | Time:00:00.19 | Rendering 8 / 8 samples
Saved: 'C:\Users\Conner\OneDrive\Documents\veilbreakers-terrain\renders\quality-audit\pass_terrain_features\volcanic_sideprofile.png'
Time: 00:00.22 (Saving: 00:00.01)

Fra:1 Mem:44.94M (Peak 53.49M) | Time:00:00.14 | Rendering 1 / 8 samples
Fra:1 Mem:44.94M (Peak 53.49M) | Time:00:00.19 | Rendering 8 / 8 samples
Saved: 'C:\Users\Conner\OneDrive\Documents\veilbreakers-terrain\renders\quality-audit\pass_terrain_features\frozen_isometric.png'
Time: 00:00.22 (Saving: 00:00.02)

Fra:1 Mem:44.94M (Peak 53.64M) | Time:00:00.14 | Rendering 1 / 8 samples
Fra:1 Mem:44.94M (Peak 53.64M) | Time:00:00.19 | Rendering 8 / 8 samples
Saved: 'C:\Users\Conner\OneDrive\Documents\veilbreakers-terrain\renders\quality-audit\pass_terrain_features\frozen_topdown.png'
Time: 00:00.23 (Saving: 00:00.02)

Fra:1 Mem:44.94M (Peak 53.64M) | Time:00:00.15 | Rendering 1 / 8 samples
Fra:1 Mem:44.94M (Peak 53.64M) | Time:00:00.19 | Rendering 8 / 8 samples
Saved: 'C:\Users\Conner\OneDrive\Documents\veilbreakers-terrain\renders\quality-audit\pass_terrain_features\frozen_sideprofile.png'
Time: 00:00.23 (Saving: 00:00.01)

Fra:1 Mem:44.94M (Peak 53.49M) | Time:00:00.16 | Rendering 1 / 8 samples
Fra:1 Mem:44.94M (Peak 53.49M) | Time:00:00.20 | Rendering 8 / 8 samples
Saved: 'C:\Users\Conner\OneDrive\Documents\veilbreakers-terrain\renders\quality-audit\pass_terrain_features\desert_isometric.png'
Time: 00:00.24 (Saving: 00:00.02)

Fra:1 Mem:44.94M (Peak 53.64M) | Time:00:00.15 | Rendering 1 / 8 samples
Fra:1 Mem:44.94M (Peak 53.64M) | Time:00:00.20 | Rendering 8 / 8 samples
Saved: 'C:\Users\Conner\OneDrive\Documents\veilbreakers-terrain\renders\quality-audit\pass_terrain_features\desert_topdown.png'
Time: 00:00.24 (Saving: 00:00.02)

Fra:1 Mem:44.94M (Peak 53.64M) | Time:00:00.16 | Rendering 1 / 8 samples
Fra:1 Mem:44.94M (Peak 53.64M) | Time:00:00.23 | Rendering 8 / 8 samples
Saved: 'C:\Users\Conner\OneDrive\Documents\veilbreakers-terrain\renders\quality-audit\pass_terrain_features\desert_sideprofile.png'
Time: 00:00.27 (Saving: 00:00.02)

Fra:1 Mem:44.94M (Peak 53.49M) | Time:00:00.21 | Rendering 1 / 8 samples
Fra:1 Mem:44.94M (Peak 53.49M) | Time:00:00.25 | Rendering 8 / 8 samples
Saved: 'C:\Users\Conner\OneDrive\Documents\veilbreakers-terrain\renders\quality-audit\framing\grassland_isometric.png'
Time: 00:00.28 (Saving: 00:00.01)

Fra:1 Mem:44.94M (Peak 53.64M) | Time:00:00.18 | Rendering 1 / 8 samples
Fra:1 Mem:44.94M (Peak 53.64M) | Time:00:00.26 | Rendering 8 / 8 samples
Saved: 'C:\Users\Conner\OneDrive\Documents\veilbreakers-terrain\renders\quality-audit\framing\grassland_topdown.png'
Time: 00:00.30 (Saving: 00:00.01)

Fra:1 Mem:44.94M (Peak 53.64M) | Time:00:00.10 | Rendering 1 / 8 samples
Fra:1 Mem:44.94M (Peak 53.64M) | Time:00:00.11 | Rendering 8 / 8 samples
Saved: 'C:\Users\Conner\OneDrive\Documents\veilbreakers-terrain\renders\quality-audit\framing\grassland_sideprofile.png'
Time: 00:00.15 (Saving: 00:00.02)

Fra:1 Mem:44.94M (Peak 53.49M) | Time:00:00.10 | Rendering 1 / 8 samples
Fra:1 Mem:44.94M (Peak 53.49M) | Time:00:00.11 | Rendering 8 / 8 samples
Saved: 'C:\Users\Conner\OneDrive\Documents\veilbreakers-terrain\renders\quality-audit\framing\mountain_isometric.png'
Time: 00:00.15 (Saving: 00:00.01)

Fra:1 Mem:44.94M (Peak 53.64M) | Time:00:00.10 | Rendering 1 / 8 samples
Fra:1 Mem:44.94M (Peak 53.64M) | Time:00:00.11 | Rendering 8 / 8 samples
Saved: 'C:\Users\Conner\OneDrive\Documents\veilbreakers-terrain\renders\quality-audit\framing\mountain_topdown.png'
Time: 00:00.15 (Saving: 00:00.02)

Fra:1 Mem:44.94M (Peak 53.64M) | Time:00:00.10 | Rendering 1 / 8 samples
Fra:1 Mem:44.94M (Peak 53.64M) | Time:00:00.11 | Rendering 8 / 8 samples
Saved: 'C:\Users\Conner\OneDrive\Documents\veilbreakers-terrain\renders\quality-audit\framing\mountain_sideprofile.png'
Time: 00:00.15 (Saving: 00:00.02)

Fra:1 Mem:44.94M (Peak 53.49M) | Time:00:00.10 | Rendering 1 / 8 samples
Fra:1 Mem:44.94M (Peak 53.49M) | Time:00:00.11 | Rendering 8 / 8 samples
Saved: 'C:\Users\Conner\OneDrive\Documents\veilbreakers-terrain\renders\quality-audit\framing\coastal_isometric.png'
Time: 00:00.15 (Saving: 00:00.01)

Fra:1 Mem:44.94M (Peak 53.64M) | Time:00:00.10 | Rendering 1 / 8 samples
Fra:1 Mem:44.94M (Peak 53.64M) | Time:00:00.11 | Rendering 8 / 8 samples
Saved: 'C:\Users\Conner\OneDrive\Documents\veilbreakers-terrain\renders\quality-audit\framing\coastal_topdown.png'
Time: 00:00.15 (Saving: 00:00.01)

Fra:1 Mem:44.94M (Peak 53.64M) | Time:00:00.10 | Rendering 1 / 8 samples
Fra:1 Mem:44.94M (Peak 53.64M) | Time:00:00.11 | Rendering 8 / 8 samples
Saved: 'C:\Users\Conner\OneDrive\Documents\veilbreakers-terrain\renders\quality-audit\framing\coastal_sideprofile.png'
Time: 00:00.16 (Saving: 00:00.02)

Fra:1 Mem:44.94M (Peak 53.49M) | Time:00:00.10 | Rendering 1 / 8 samples
Fra:1 Mem:44.94M (Peak 53.49M) | Time:00:00.11 | Rendering 8 / 8 samples
Saved: 'C:\Users\Conner\OneDrive\Documents\veilbreakers-terrain\renders\quality-audit\framing\volcanic_isometric.png'
Time: 00:00.15 (Saving: 00:00.02)

Fra:1 Mem:44.94M (Peak 53.64M) | Time:00:00.10 | Rendering 1 / 8 samples
Fra:1 Mem:44.94M (Peak 53.64M) | Time:00:00.11 | Rendering 8 / 8 samples
Saved: 'C:\Users\Conner\OneDrive\Documents\veilbreakers-terrain\renders\quality-audit\framing\volcanic_topdown.png'
Time: 00:00.15 (Saving: 00:00.02)

Fra:1 Mem:44.94M (Peak 53.64M) | Time:00:00.10 | Rendering 1 / 8 samples
Fra:1 Mem:44.94M (Peak 53.64M) | Time:00:00.11 | Rendering 8 / 8 samples
Saved: 'C:\Users\Conner\OneDrive\Documents\veilbreakers-terrain\renders\quality-audit\framing\volcanic_sideprofile.png'
Time: 00:00.15 (Saving: 00:00.02)

Fra:1 Mem:44.94M (Peak 53.49M) | Time:00:00.11 | Rendering 1 / 8 samples
Fra:1 Mem:44.94M (Peak 53.49M) | Time:00:00.12 | Rendering 8 / 8 samples
Saved: 'C:\Users\Conner\OneDrive\Documents\veilbreakers-terrain\renders\quality-audit\framing\frozen_isometric.png'
Time: 00:00.16 (Saving: 00:00.01)

Fra:1 Mem:44.94M (Peak 53.64M) | Time:00:00.11 | Rendering 1 / 8 samples
Fra:1 Mem:44.94M (Peak 53.64M) | Time:00:00.12 | Rendering 8 / 8 samples
Saved: 'C:\Users\Conner\OneDrive\Documents\veilbreakers-terrain\renders\quality-audit\framing\frozen_topdown.png'
Time: 00:00.16 (Saving: 00:00.02)

Fra:1 Mem:44.95M (Peak 53.64M) | Time:00:00.10 | Rendering 1 / 8 samples
Fra:1 Mem:44.95M (Peak 53.64M) | Time:00:00.12 | Rendering 8 / 8 samples
Saved: 'C:\Users\Conner\OneDrive\Documents\veilbreakers-terrain\renders\quality-audit\framing\frozen_sideprofile.png'
Time: 00:00.16 (Saving: 00:00.02)

Fra:1 Mem:44.94M (Peak 53.49M) | Time:00:00.11 | Rendering 1 / 8 samples
Fra:1 Mem:44.94M (Peak 53.49M) | Time:00:00.12 | Rendering 8 / 8 samples
Saved: 'C:\Users\Conner\OneDrive\Documents\veilbreakers-terrain\renders\quality-audit\framing\desert_isometric.png'
Time: 00:00.16 (Saving: 00:00.01)

Fra:1 Mem:44.94M (Peak 53.64M) | Time:00:00.11 | Rendering 1 / 8 samples
Fra:1 Mem:44.94M (Peak 53.64M) | Time:00:00.13 | Rendering 8 / 8 samples
Saved: 'C:\Users\Conner\OneDrive\Documents\veilbreakers-terrain\renders\quality-audit\framing\desert_topdown.png'
Time: 00:00.16 (Saving: 00:00.01)

Fra:1 Mem:44.95M (Peak 53.64M) | Time:00:00.11 | Rendering 1 / 8 samples
Fra:1 Mem:44.95M (Peak 53.64M) | Time:00:00.12 | Rendering 8 / 8 samples
Saved: 'C:\Users\Conner\OneDrive\Documents\veilbreakers-terrain\renders\quality-audit\framing\desert_sideprofile.png'
Time: 00:00.17 (Saving: 00:00.02)

Fra:1 Mem:44.94M (Peak 53.49M) | Time:00:00.11 | Rendering 1 / 8 samples
Fra:1 Mem:44.94M (Peak 53.49M) | Time:00:00.12 | Rendering 8 / 8 samples
Saved: 'C:\Users\Conner\OneDrive\Documents\veilbreakers-terrain\renders\quality-audit\caves\grassland_isometric.png'
Time: 00:00.16 (Saving: 00:00.02)

Fra:1 Mem:44.94M (Peak 53.64M) | Time:00:00.11 | Rendering 1 / 8 samples
Fra:1 Mem:44.94M (Peak 53.64M) | Time:00:00.13 | Rendering 8 / 8 samples
Saved: 'C:\Users\Conner\OneDrive\Documents\veilbreakers-terrain\renders\quality-audit\caves\grassland_topdown.png'
Time: 00:00.18 (Saving: 00:00.03)

Fra:1 Mem:44.95M (Peak 53.64M) | Time:00:00.11 | Rendering 1 / 8 samples
Fra:1 Mem:44.95M (Peak 53.64M) | Time:00:00.12 | Rendering 8 / 8 samples
Saved: 'C:\Users\Conner\OneDrive\Documents\veilbreakers-terrain\renders\quality-audit\caves\grassland_sideprofile.png'
Time: 00:00.16 (Saving: 00:00.02)

Fra:1 Mem:44.94M (Peak 53.49M) | Time:00:00.11 | Rendering 1 / 8 samples
Fra:1 Mem:44.94M (Peak 53.49M) | Time:00:00.13 | Rendering 8 / 8 samples
Saved: 'C:\Users\Conner\OneDrive\Documents\veilbreakers-terrain\renders\quality-audit\caves\mountain_isometric.png'
Time: 00:00.17 (Saving: 00:00.02)

Fra:1 Mem:44.94M (Peak 53.64M) | Time:00:00.11 | Rendering 1 / 8 samples
Fra:1 Mem:44.94M (Peak 53.64M) | Time:00:00.13 | Rendering 8 / 8 samples
Saved: 'C:\Users\Conner\OneDrive\Documents\veilbreakers-terrain\renders\quality-audit\caves\mountain_topdown.png'
Time: 00:00.17 (Saving: 00:00.02)

Fra:1 Mem:44.95M (Peak 53.64M) | Time:00:00.11 | Rendering 1 / 8 samples
Fra:1 Mem:44.95M (Peak 53.64M) | Time:00:00.12 | Rendering 8 / 8 samples
Saved: 'C:\Users\Conner\OneDrive\Documents\veilbreakers-terrain\renders\quality-audit\caves\mountain_sideprofile.png'
Time: 00:00.16 (Saving: 00:00.01)

Fra:1 Mem:44.94M (Peak 53.49M) | Time:00:00.11 | Rendering 1 / 8 samples
Fra:1 Mem:44.94M (Peak 53.49M) | Time:00:00.13 | Rendering 8 / 8 samples
Saved: 'C:\Users\Conner\OneDrive\Documents\veilbreakers-terrain\renders\quality-audit\caves\coastal_isometric.png'
Time: 00:00.17 (Saving: 00:00.02)

Fra:1 Mem:44.94M (Peak 53.64M) | Time:00:00.11 | Rendering 1 / 8 samples
Fra:1 Mem:44.94M (Peak 53.64M) | Time:00:00.13 | Rendering 8 / 8 samples
Saved: 'C:\Users\Conner\OneDrive\Documents\veilbreakers-terrain\renders\quality-audit\caves\coastal_topdown.png'
Time: 00:00.18 (Saving: 00:00.02)

Fra:1 Mem:44.95M (Peak 53.64M) | Time:00:00.11 | Rendering 1 / 8 samples
Fra:1 Mem:44.95M (Peak 53.64M) | Time:00:00.13 | Rendering 8 / 8 samples
Saved: 'C:\Users\Conner\OneDrive\Documents\veilbreakers-terrain\renders\quality-audit\caves\coastal_sideprofile.png'
Time: 00:00.17 (Saving: 00:00.01)

Fra:1 Mem:44.94M (Peak 53.49M) | Time:00:00.12 | Rendering 1 / 8 samples
Fra:1 Mem:44.94M (Peak 53.49M) | Time:00:00.14 | Rendering 8 / 8 samples
Saved: 'C:\Users\Conner\OneDrive\Documents\veilbreakers-terrain\renders\quality-audit\caves\volcanic_isometric.png'
Time: 00:00.17 (Saving: 00:00.01)

Fra:1 Mem:44.94M (Peak 53.64M) | Time:00:00.11 | Rendering 1 / 8 samples
Fra:1 Mem:44.94M (Peak 53.64M) | Time:00:00.13 | Rendering 8 / 8 samples
Saved: 'C:\Users\Conner\OneDrive\Documents\veilbreakers-terrain\renders\quality-audit\caves\volcanic_topdown.png'
Time: 00:00.18 (Saving: 00:00.02)

Fra:1 Mem:44.95M (Peak 53.64M) | Time:00:00.11 | Rendering 1 / 8 samples
Fra:1 Mem:44.95M (Peak 53.64M) | Time:00:00.13 | Rendering 8 / 8 samples
Saved: 'C:\Users\Conner\OneDrive\Documents\veilbreakers-terrain\renders\quality-audit\caves\volcanic_sideprofile.png'
Time: 00:00.17 (Saving: 00:00.01)

Fra:1 Mem:44.94M (Peak 53.49M) | Time:00:00.11 | Rendering 1 / 8 samples
Fra:1 Mem:44.94M (Peak 53.49M) | Time:00:00.13 | Rendering 8 / 8 samples
Saved: 'C:\Users\Conner\OneDrive\Documents\veilbreakers-terrain\renders\quality-audit\caves\frozen_isometric.png'
Time: 00:00.17 (Saving: 00:00.02)

Fra:1 Mem:44.94M (Peak 53.64M) | Time:00:00.11 | Rendering 1 / 8 samples
Fra:1 Mem:44.94M (Peak 53.64M) | Time:00:00.13 | Rendering 8 / 8 samples
Saved: 'C:\Users\Conner\OneDrive\Documents\veilbreakers-terrain\renders\quality-audit\caves\frozen_topdown.png'
Time: 00:00.18 (Saving: 00:00.02)

Fra:1 Mem:44.95M (Peak 53.64M) | Time:00:00.11 | Rendering 1 / 8 samples
Fra:1 Mem:44.95M (Peak 53.64M) | Time:00:00.13 | Rendering 8 / 8 samples
Saved: 'C:\Users\Conner\OneDrive\Documents\veilbreakers-terrain\renders\quality-audit\caves\frozen_sideprofile.png'
Time: 00:00.17 (Saving: 00:00.02)

Fra:1 Mem:44.94M (Peak 53.49M) | Time:00:00.12 | Rendering 1 / 8 samples
Fra:1 Mem:44.94M (Peak 53.49M) | Time:00:00.13 | Rendering 8 / 8 samples
Saved: 'C:\Users\Conner\OneDrive\Documents\veilbreakers-terrain\renders\quality-audit\caves\desert_isometric.png'
Time: 00:00.17 (Saving: 00:00.02)

Fra:1 Mem:44.94M (Peak 53.64M) | Time:00:00.11 | Rendering 1 / 8 samples
Fra:1 Mem:44.94M (Peak 53.64M) | Time:00:00.13 | Rendering 8 / 8 samples
Saved: 'C:\Users\Conner\OneDrive\Documents\veilbreakers-terrain\renders\quality-audit\caves\desert_topdown.png'
Time: 00:00.17 (Saving: 00:00.02)

Fra:1 Mem:44.95M (Peak 53.64M) | Time:00:00.11 | Rendering 1 / 8 samples
Fra:1 Mem:44.95M (Peak 53.64M) | Time:00:00.13 | Rendering 8 / 8 samples
Saved: 'C:\Users\Conner\OneDrive\Documents\veilbreakers-terrain\renders\quality-audit\caves\desert_sideprofile.png'
Time: 00:00.17 (Saving: 00:00.02)

Fra:1 Mem:44.94M (Peak 53.49M) | Time:00:00.11 | Rendering 1 / 8 samples
Fra:1 Mem:44.94M (Peak 53.49M) | Time:00:00.13 | Rendering 8 / 8 samples
Saved: 'C:\Users\Conner\OneDrive\Documents\veilbreakers-terrain\renders\quality-audit\stratigraphy\grassland_isometric.png'
Time: 00:00.17 (Saving: 00:00.02)

Fra:1 Mem:44.94M (Peak 53.64M) | Time:00:00.11 | Rendering 1 / 8 samples
Fra:1 Mem:44.94M (Peak 53.64M) | Time:00:00.13 | Rendering 8 / 8 samples
Saved: 'C:\Users\Conner\OneDrive\Documents\veilbreakers-terrain\renders\quality-audit\stratigraphy\grassland_topdown.png'
Time: 00:00.18 (Saving: 00:00.02)

Fra:1 Mem:44.95M (Peak 53.64M) | Time:00:00.11 | Rendering 1 / 8 samples
Fra:1 Mem:44.95M (Peak 53.64M) | Time:00:00.13 | Rendering 8 / 8 samples
Saved: 'C:\Users\Conner\OneDrive\Documents\veilbreakers-terrain\renders\quality-audit\stratigraphy\grassland_sideprofile.png'
Time: 00:00.17 (Saving: 00:00.02)

Fra:1 Mem:44.94M (Peak 53.49M) | Time:00:00.11 | Rendering 1 / 8 samples
Fra:1 Mem:44.94M (Peak 53.49M) | Time:00:00.13 | Rendering 8 / 8 samples
Saved: 'C:\Users\Conner\OneDrive\Documents\veilbreakers-terrain\renders\quality-audit\stratigraphy\mountain_isometric.png'
Time: 00:00.17 (Saving: 00:00.01)

Fra:1 Mem:44.94M (Peak 53.64M) | Time:00:00.11 | Rendering 1 / 8 samples
Fra:1 Mem:44.94M (Peak 53.64M) | Time:00:00.14 | Rendering 8 / 8 samples
Saved: 'C:\Users\Conner\OneDrive\Documents\veilbreakers-terrain\renders\quality-audit\stratigraphy\mountain_topdown.png'
Time: 00:00.18 (Saving: 00:00.02)

Fra:1 Mem:44.95M (Peak 53.64M) | Time:00:00.11 | Rendering 1 / 8 samples
Fra:1 Mem:44.95M (Peak 53.64M) | Time:00:00.13 | Rendering 8 / 8 samples
Saved: 'C:\Users\Conner\OneDrive\Documents\veilbreakers-terrain\renders\quality-audit\stratigraphy\mountain_sideprofile.png'
Time: 00:00.17 (Saving: 00:00.01)

Fra:1 Mem:44.94M (Peak 53.50M) | Time:00:00.11 | Rendering 1 / 8 samples
Fra:1 Mem:44.94M (Peak 53.50M) | Time:00:00.13 | Rendering 8 / 8 samples
Saved: 'C:\Users\Conner\OneDrive\Documents\veilbreakers-terrain\renders\quality-audit\stratigraphy\coastal_isometric.png'
Time: 00:00.17 (Saving: 00:00.02)

Fra:1 Mem:44.94M (Peak 53.64M) | Time:00:00.11 | Rendering 1 / 8 samples
Fra:1 Mem:44.94M (Peak 53.64M) | Time:00:00.14 | Rendering 8 / 8 samples
Saved: 'C:\Users\Conner\OneDrive\Documents\veilbreakers-terrain\renders\quality-audit\stratigraphy\coastal_topdown.png'
Time: 00:00.18 (Saving: 00:00.02)

Fra:1 Mem:44.95M (Peak 53.64M) | Time:00:00.11 | Rendering 1 / 8 samples
Fra:1 Mem:44.95M (Peak 53.64M) | Time:00:00.14 | Rendering 8 / 8 samples
Saved: 'C:\Users\Conner\OneDrive\Documents\veilbreakers-terrain\renders\quality-audit\stratigraphy\coastal_sideprofile.png'
Time: 00:00.17 (Saving: 00:00.01)

Fra:1 Mem:44.94M (Peak 53.50M) | Time:00:00.11 | Rendering 1 / 8 samples
Fra:1 Mem:44.94M (Peak 53.50M) | Time:00:00.14 | Rendering 8 / 8 samples
Saved: 'C:\Users\Conner\OneDrive\Documents\veilbreakers-terrain\renders\quality-audit\stratigraphy\volcanic_isometric.png'
Time: 00:00.17 (Saving: 00:00.01)

Fra:1 Mem:44.94M (Peak 53.64M) | Time:00:00.12 | Rendering 1 / 8 samples
Fra:1 Mem:44.94M (Peak 53.64M) | Time:00:00.14 | Rendering 8 / 8 samples
Saved: 'C:\Users\Conner\OneDrive\Documents\veilbreakers-terrain\renders\quality-audit\stratigraphy\volcanic_topdown.png'
Time: 00:00.18 (Saving: 00:00.02)

Fra:1 Mem:44.95M (Peak 53.64M) | Time:00:00.12 | Rendering 1 / 8 samples
Fra:1 Mem:44.95M (Peak 53.64M) | Time:00:00.14 | Rendering 8 / 8 samples
Saved: 'C:\Users\Conner\OneDrive\Documents\veilbreakers-terrain\renders\quality-audit\stratigraphy\volcanic_sideprofile.png'
Time: 00:00.17 (Saving: 00:00.01)

Fra:1 Mem:44.94M (Peak 53.50M) | Time:00:00.12 | Rendering 1 / 8 samples
Fra:1 Mem:44.94M (Peak 53.50M) | Time:00:00.14 | Rendering 8 / 8 samples
Saved: 'C:\Users\Conner\OneDrive\Documents\veilbreakers-terrain\renders\quality-audit\stratigraphy\frozen_isometric.png'
Time: 00:00.18 (Saving: 00:00.02)

Fra:1 Mem:44.94M (Peak 53.64M) | Time:00:00.11 | Rendering 1 / 8 samples
Fra:1 Mem:44.94M (Peak 53.64M) | Time:00:00.14 | Rendering 8 / 8 samples
Saved: 'C:\Users\Conner\OneDrive\Documents\veilbreakers-terrain\renders\quality-audit\stratigraphy\frozen_topdown.png'
Time: 00:00.18 (Saving: 00:00.02)

Fra:1 Mem:44.95M (Peak 53.64M) | Time:00:00.12 | Rendering 1 / 8 samples
Fra:1 Mem:44.95M (Peak 53.64M) | Time:00:00.14 | Rendering 8 / 8 samples
Saved: 'C:\Users\Conner\OneDrive\Documents\veilbreakers-terrain\renders\quality-audit\stratigraphy\frozen_sideprofile.png'
Time: 00:00.17 (Saving: 00:00.01)

Fra:1 Mem:44.94M (Peak 53.50M) | Time:00:00.11 | Rendering 1 / 8 samples
Fra:1 Mem:44.94M (Peak 53.50M) | Time:00:00.14 | Rendering 8 / 8 samples
Saved: 'C:\Users\Conner\OneDrive\Documents\veilbreakers-terrain\renders\quality-audit\stratigraphy\desert_isometric.png'
Time: 00:00.18 (Saving: 00:00.02)

Fra:1 Mem:44.95M (Peak 53.64M) | Time:00:00.11 | Rendering 1 / 8 samples
Fra:1 Mem:44.95M (Peak 53.64M) | Time:00:00.14 | Rendering 8 / 8 samples
Saved: 'C:\Users\Conner\OneDrive\Documents\veilbreakers-terrain\renders\quality-audit\stratigraphy\desert_topdown.png'
Time: 00:00.18 (Saving: 00:00.02)

Fra:1 Mem:44.95M (Peak 53.64M) | Time:00:00.12 | Rendering 1 / 8 samples
Fra:1 Mem:44.95M (Peak 53.64M) | Time:00:00.14 | Rendering 8 / 8 samples
Saved: 'C:\Users\Conner\OneDrive\Documents\veilbreakers-terrain\renders\quality-audit\stratigraphy\desert_sideprofile.png'
Time: 00:00.18 (Saving: 00:00.02)

Fra:1 Mem:44.94M (Peak 53.50M) | Time:00:00.12 | Rendering 1 / 8 samples
Fra:1 Mem:44.94M (Peak 53.50M) | Time:00:00.14 | Rendering 8 / 8 samples
Saved: 'C:\Users\Conner\OneDrive\Documents\veilbreakers-terrain\renders\quality-audit\glacial\grassland_isometric.png'
Time: 00:00.18 (Saving: 00:00.02)

Fra:1 Mem:44.95M (Peak 53.64M) | Time:00:00.11 | Rendering 1 / 8 samples
Fra:1 Mem:44.95M (Peak 53.64M) | Time:00:00.14 | Rendering 8 / 8 samples
Saved: 'C:\Users\Conner\OneDrive\Documents\veilbreakers-terrain\renders\quality-audit\glacial\grassland_topdown.png'
Time: 00:00.19 (Saving: 00:00.02)

Fra:1 Mem:44.95M (Peak 53.64M) | Time:00:00.11 | Rendering 1 / 8 samples
Fra:1 Mem:44.95M (Peak 53.64M) | Time:00:00.14 | Rendering 8 / 8 samples
Saved: 'C:\Users\Conner\OneDrive\Documents\veilbreakers-terrain\renders\quality-audit\glacial\grassland_sideprofile.png'
Time: 00:00.18 (Saving: 00:00.02)

Fra:1 Mem:44.94M (Peak 53.50M) | Time:00:00.11 | Rendering 1 / 8 samples
Fra:1 Mem:44.94M (Peak 53.50M) | Time:00:00.14 | Rendering 8 / 8 samples
Saved: 'C:\Users\Conner\OneDrive\Documents\veilbreakers-terrain\renders\quality-audit\glacial\mountain_isometric.png'
Time: 00:00.17 (Saving: 00:00.01)

Fra:1 Mem:44.95M (Peak 53.64M) | Time:00:00.12 | Rendering 1 / 8 samples
Fra:1 Mem:44.95M (Peak 53.64M) | Time:00:00.14 | Rendering 8 / 8 samples
Saved: 'C:\Users\Conner\OneDrive\Documents\veilbreakers-terrain\renders\quality-audit\glacial\mountain_topdown.png'
Time: 00:00.18 (Saving: 00:00.02)

Fra:1 Mem:44.95M (Peak 53.64M) | Time:00:00.12 | Rendering 1 / 8 samples
Fra:1 Mem:44.95M (Peak 53.64M) | Time:00:00.14 | Rendering 8 / 8 samples
Saved: 'C:\Users\Conner\OneDrive\Documents\veilbreakers-terrain\renders\quality-audit\glacial\mountain_sideprofile.png'
Time: 00:00.17 (Saving: 00:00.01)

Fra:1 Mem:44.94M (Peak 53.50M) | Time:00:00.12 | Rendering 1 / 8 samples
Fra:1 Mem:44.94M (Peak 53.50M) | Time:00:00.14 | Rendering 8 / 8 samples
Saved: 'C:\Users\Conner\OneDrive\Documents\veilbreakers-terrain\renders\quality-audit\glacial\coastal_isometric.png'
Time: 00:00.18 (Saving: 00:00.02)

Fra:1 Mem:44.95M (Peak 53.64M) | Time:00:00.11 | Rendering 1 / 8 samples
Fra:1 Mem:44.95M (Peak 53.64M) | Time:00:00.14 | Rendering 8 / 8 samples
Saved: 'C:\Users\Conner\OneDrive\Documents\veilbreakers-terrain\renders\quality-audit\glacial\coastal_topdown.png'
Time: 00:00.19 (Saving: 00:00.02)

Fra:1 Mem:44.95M (Peak 53.64M) | Time:00:00.14 | Rendering 1 / 8 samples
Fra:1 Mem:44.95M (Peak 53.64M) | Time:00:00.18 | Rendering 8 / 8 samples
Saved: 'C:\Users\Conner\OneDrive\Documents\veilbreakers-terrain\renders\quality-audit\glacial\coastal_sideprofile.png'
Time: 00:00.21 (Saving: 00:00.01)

Fra:1 Mem:44.94M (Peak 53.50M) | Time:00:00.15 | Rendering 1 / 8 samples
Fra:1 Mem:44.94M (Peak 53.50M) | Time:00:00.19 | Rendering 8 / 8 samples
Saved: 'C:\Users\Conner\OneDrive\Documents\veilbreakers-terrain\renders\quality-audit\glacial\volcanic_isometric.png'
Time: 00:00.22 (Saving: 00:00.02)

Fra:1 Mem:44.95M (Peak 53.64M) | Time:00:00.15 | Rendering 1 / 8 samples
Fra:1 Mem:44.95M (Peak 53.64M) | Time:00:00.18 | Rendering 8 / 8 samples
Saved: 'C:\Users\Conner\OneDrive\Documents\veilbreakers-terrain\renders\quality-audit\glacial\volcanic_topdown.png'
Time: 00:00.22 (Saving: 00:00.02)

Fra:1 Mem:44.95M (Peak 53.64M) | Time:00:00.14 | Rendering 1 / 8 samples
Fra:1 Mem:44.95M (Peak 53.64M) | Time:00:00.17 | Rendering 8 / 8 samples
Saved: 'C:\Users\Conner\OneDrive\Documents\veilbreakers-terrain\renders\quality-audit\glacial\volcanic_sideprofile.png'
Time: 00:00.21 (Saving: 00:00.01)

Fra:1 Mem:44.94M (Peak 53.50M) | Time:00:00.14 | Rendering 1 / 8 samples
Fra:1 Mem:44.94M (Peak 53.50M) | Time:00:00.18 | Rendering 8 / 8 samples
Saved: 'C:\Users\Conner\OneDrive\Documents\veilbreakers-terrain\renders\quality-audit\glacial\frozen_isometric.png'
Time: 00:00.22 (Saving: 00:00.02)

Fra:1 Mem:44.95M (Peak 53.64M) | Time:00:00.14 | Rendering 1 / 8 samples
Fra:1 Mem:44.95M (Peak 53.64M) | Time:00:00.18 | Rendering 8 / 8 samples
Saved: 'C:\Users\Conner\OneDrive\Documents\veilbreakers-terrain\renders\quality-audit\glacial\frozen_topdown.png'
Time: 00:00.22 (Saving: 00:00.02)

Fra:1 Mem:44.95M (Peak 53.64M) | Time:00:00.14 | Rendering 1 / 8 samples
Fra:1 Mem:44.95M (Peak 53.64M) | Time:00:00.18 | Rendering 8 / 8 samples
Saved: 'C:\Users\Conner\OneDrive\Documents\veilbreakers-terrain\renders\quality-audit\glacial\frozen_sideprofile.png'
Time: 00:00.21 (Saving: 00:00.01)

Fra:1 Mem:44.94M (Peak 53.50M) | Time:00:00.14 | Rendering 1 / 8 samples
Fra:1 Mem:44.94M (Peak 53.50M) | Time:00:00.18 | Rendering 8 / 8 samples
Saved: 'C:\Users\Conner\OneDrive\Documents\veilbreakers-terrain\renders\quality-audit\glacial\desert_isometric.png'
Time: 00:00.22 (Saving: 00:00.02)

Fra:1 Mem:44.95M (Peak 53.64M) | Time:00:00.14 | Rendering 1 / 8 samples
Fra:1 Mem:44.95M (Peak 53.64M) | Time:00:00.18 | Rendering 8 / 8 samples
Saved: 'C:\Users\Conner\OneDrive\Documents\veilbreakers-terrain\renders\quality-audit\glacial\desert_topdown.png'
Time: 00:00.23 (Saving: 00:00.02)

Fra:1 Mem:44.95M (Peak 53.64M) | Time:00:00.14 | Rendering 1 / 8 samples
Fra:1 Mem:44.95M (Peak 53.64M) | Time:00:00.18 | Rendering 8 / 8 samples
Saved: 'C:\Users\Conner\OneDrive\Documents\veilbreakers-terrain\renders\quality-audit\glacial\desert_sideprofile.png'
Time: 00:00.21 (Saving: 00:00.01)

Fra:1 Mem:44.94M (Peak 53.50M) | Time:00:00.14 | Rendering 1 / 8 samples
Fra:1 Mem:44.94M (Peak 53.50M) | Time:00:00.18 | Rendering 8 / 8 samples
Saved: 'C:\Users\Conner\OneDrive\Documents\veilbreakers-terrain\renders\quality-audit\wind_erosion\grassland_isometric.png'
Time: 00:00.22 (Saving: 00:00.02)

Fra:1 Mem:44.95M (Peak 53.64M) | Time:00:00.14 | Rendering 1 / 8 samples
Fra:1 Mem:44.95M (Peak 53.64M) | Time:00:00.18 | Rendering 8 / 8 samples
Saved: 'C:\Users\Conner\OneDrive\Documents\veilbreakers-terrain\renders\quality-audit\wind_erosion\grassland_topdown.png'
Time: 00:00.22 (Saving: 00:00.02)

Fra:1 Mem:44.95M (Peak 53.64M) | Time:00:00.14 | Rendering 1 / 8 samples
Fra:1 Mem:44.95M (Peak 53.64M) | Time:00:00.17 | Rendering 8 / 8 samples
Saved: 'C:\Users\Conner\OneDrive\Documents\veilbreakers-terrain\renders\quality-audit\wind_erosion\grassland_sideprofile.png'
Time: 00:00.21 (Saving: 00:00.01)

Fra:1 Mem:44.94M (Peak 53.50M) | Time:00:00.14 | Rendering 1 / 8 samples
Fra:1 Mem:44.94M (Peak 53.50M) | Time:00:00.18 | Rendering 8 / 8 samples
Saved: 'C:\Users\Conner\OneDrive\Documents\veilbreakers-terrain\renders\quality-audit\wind_erosion\mountain_isometric.png'
Time: 00:00.21 (Saving: 00:00.02)

Fra:1 Mem:44.95M (Peak 53.64M) | Time:00:00.14 | Rendering 1 / 8 samples
Fra:1 Mem:44.95M (Peak 53.64M) | Time:00:00.18 | Rendering 8 / 8 samples
Saved: 'C:\Users\Conner\OneDrive\Documents\veilbreakers-terrain\renders\quality-audit\wind_erosion\mountain_topdown.png'
Time: 00:00.22 (Saving: 00:00.02)

Fra:1 Mem:44.95M (Peak 53.64M) | Time:00:00.15 | Rendering 1 / 8 samples
Fra:1 Mem:44.95M (Peak 53.64M) | Time:00:00.18 | Rendering 8 / 8 samples
Saved: 'C:\Users\Conner\OneDrive\Documents\veilbreakers-terrain\renders\quality-audit\wind_erosion\mountain_sideprofile.png'
Time: 00:00.22 (Saving: 00:00.01)

Fra:1 Mem:44.94M (Peak 53.50M) | Time:00:00.14 | Rendering 1 / 8 samples
Fra:1 Mem:44.94M (Peak 53.50M) | Time:00:00.19 | Rendering 8 / 8 samples
Saved: 'C:\Users\Conner\OneDrive\Documents\veilbreakers-terrain\renders\quality-audit\wind_erosion\coastal_isometric.png'
Time: 00:00.23 (Saving: 00:00.02)

Fra:1 Mem:44.95M (Peak 53.64M) | Time:00:00.15 | Rendering 1 / 8 samples
Fra:1 Mem:44.95M (Peak 53.64M) | Time:00:00.19 | Rendering 8 / 8 samples
Saved: 'C:\Users\Conner\OneDrive\Documents\veilbreakers-terrain\renders\quality-audit\wind_erosion\coastal_topdown.png'
Time: 00:00.23 (Saving: 00:00.02)

Fra:1 Mem:44.95M (Peak 53.64M) | Time:00:00.15 | Rendering 1 / 8 samples
Fra:1 Mem:44.95M (Peak 53.64M) | Time:00:00.20 | Rendering 8 / 8 samples
Saved: 'C:\Users\Conner\OneDrive\Documents\veilbreakers-terrain\renders\quality-audit\wind_erosion\coastal_sideprofile.png'
Time: 00:00.24 (Saving: 00:00.02)

Fra:1 Mem:44.94M (Peak 53.50M) | Time:00:00.23 | Rendering 1 / 8 samples
Fra:1 Mem:44.94M (Peak 53.50M) | Time:00:00.27 | Rendering 8 / 8 samples
Saved: 'C:\Users\Conner\OneDrive\Documents\veilbreakers-terrain\renders\quality-audit\wind_erosion\volcanic_isometric.png'
Time: 00:00.31 (Saving: 00:00.02)

Fra:1 Mem:44.95M (Peak 53.64M) | Time:00:00.15 | Rendering 1 / 8 samples
Fra:1 Mem:44.95M (Peak 53.64M) | Time:00:00.20 | Rendering 8 / 8 samples
Saved: 'C:\Users\Conner\OneDrive\Documents\veilbreakers-terrain\renders\quality-audit\wind_erosion\volcanic_topdown.png'
Time: 00:00.23 (Saving: 00:00.02)

Fra:1 Mem:44.95M (Peak 53.64M) | Time:00:00.15 | Rendering 1 / 8 samples
Fra:1 Mem:44.95M (Peak 53.64M) | Time:00:00.19 | Rendering 8 / 8 samples
Saved: 'C:\Users\Conner\OneDrive\Documents\veilbreakers-terrain\renders\quality-audit\wind_erosion\volcanic_sideprofile.png'
Time: 00:00.23 (Saving: 00:00.01)

Fra:1 Mem:44.94M (Peak 53.50M) | Time:00:00.14 | Rendering 1 / 8 samples
Fra:1 Mem:44.94M (Peak 53.50M) | Time:00:00.18 | Rendering 8 / 8 samples
Saved: 'C:\Users\Conner\OneDrive\Documents\veilbreakers-terrain\renders\quality-audit\wind_erosion\frozen_isometric.png'
Time: 00:00.22 (Saving: 00:00.02)

Fra:1 Mem:44.95M (Peak 53.64M) | Time:00:00.14 | Rendering 1 / 8 samples
Fra:1 Mem:44.95M (Peak 53.64M) | Time:00:00.20 | Rendering 8 / 8 samples
Saved: 'C:\Users\Conner\OneDrive\Documents\veilbreakers-terrain\renders\quality-audit\wind_erosion\frozen_topdown.png'
Time: 00:00.24 (Saving: 00:00.02)

Fra:1 Mem:44.95M (Peak 53.64M) | Time:00:00.21 | Rendering 1 / 8 samples
Fra:1 Mem:44.95M (Peak 53.64M) | Time:00:00.28 | Rendering 8 / 8 samples
Saved: 'C:\Users\Conner\OneDrive\Documents\veilbreakers-terrain\renders\quality-audit\wind_erosion\frozen_sideprofile.png'
Time: 00:00.32 (Saving: 00:00.01)

Fra:1 Mem:44.94M (Peak 53.50M) | Time:00:00.10 | Rendering 1 / 8 samples
Fra:1 Mem:44.94M (Peak 53.50M) | Time:00:00.11 | Rendering 8 / 8 samples
Saved: 'C:\Users\Conner\OneDrive\Documents\veilbreakers-terrain\renders\quality-audit\wind_erosion\desert_isometric.png'
Time: 00:00.15 (Saving: 00:00.02)

Fra:1 Mem:44.95M (Peak 53.64M) | Time:00:00.10 | Rendering 1 / 8 samples
Fra:1 Mem:44.95M (Peak 53.64M) | Time:00:00.11 | Rendering 8 / 8 samples
Saved: 'C:\Users\Conner\OneDrive\Documents\veilbreakers-terrain\renders\quality-audit\wind_erosion\desert_topdown.png'
Time: 00:00.16 (Saving: 00:00.02)

Fra:1 Mem:44.95M (Peak 53.64M) | Time:00:00.10 | Rendering 1 / 8 samples
Fra:1 Mem:44.95M (Peak 53.64M) | Time:00:00.11 | Rendering 8 / 8 samples
Saved: 'C:\Users\Conner\OneDrive\Documents\veilbreakers-terrain\renders\quality-audit\wind_erosion\desert_sideprofile.png'
Time: 00:00.15 (Saving: 00:00.02)

Fra:1 Mem:44.95M (Peak 53.50M) | Time:00:00.10 | Rendering 1 / 8 samples
Fra:1 Mem:44.95M (Peak 53.50M) | Time:00:00.11 | Rendering 8 / 8 samples
Saved: 'C:\Users\Conner\OneDrive\Documents\veilbreakers-terrain\renders\quality-audit\coastline\grassland_isometric.png'
Time: 00:00.15 (Saving: 00:00.02)

Fra:1 Mem:44.95M (Peak 53.64M) | Time:00:00.10 | Rendering 1 / 8 samples
Fra:1 Mem:44.95M (Peak 53.64M) | Time:00:00.11 | Rendering 8 / 8 samples
Saved: 'C:\Users\Conner\OneDrive\Documents\veilbreakers-terrain\renders\quality-audit\coastline\grassland_topdown.png'
Time: 00:00.16 (Saving: 00:00.02)

Fra:1 Mem:44.95M (Peak 53.64M) | Time:00:00.10 | Rendering 1 / 8 samples
Fra:1 Mem:44.95M (Peak 53.64M) | Time:00:00.11 | Rendering 8 / 8 samples
Saved: 'C:\Users\Conner\OneDrive\Documents\veilbreakers-terrain\renders\quality-audit\coastline\grassland_sideprofile.png'
Time: 00:00.15 (Saving: 00:00.01)

Fra:1 Mem:44.95M (Peak 53.50M) | Time:00:00.10 | Rendering 1 / 8 samples
Fra:1 Mem:44.95M (Peak 53.50M) | Time:00:00.11 | Rendering 8 / 8 samples
Saved: 'C:\Users\Conner\OneDrive\Documents\veilbreakers-terrain\renders\quality-audit\coastline\mountain_isometric.png'
Time: 00:00.15 (Saving: 00:00.02)

Fra:1 Mem:44.95M (Peak 53.64M) | Time:00:00.10 | Rendering 1 / 8 samples
Fra:1 Mem:44.95M (Peak 53.64M) | Time:00:00.11 | Rendering 8 / 8 samples
Saved: 'C:\Users\Conner\OneDrive\Documents\veilbreakers-terrain\renders\quality-audit\coastline\mountain_topdown.png'
Time: 00:00.15 (Saving: 00:00.02)

Fra:1 Mem:44.95M (Peak 53.64M) | Time:00:00.10 | Rendering 1 / 8 samples
Fra:1 Mem:44.95M (Peak 53.64M) | Time:00:00.11 | Rendering 8 / 8 samples
Saved: 'C:\Users\Conner\OneDrive\Documents\veilbreakers-terrain\renders\quality-audit\coastline\mountain_sideprofile.png'
Time: 00:00.14 (Saving: 00:00.02)

Fra:1 Mem:44.95M (Peak 53.50M) | Time:00:00.11 | Rendering 1 / 8 samples
Fra:1 Mem:44.95M (Peak 53.50M) | Time:00:00.12 | Rendering 8 / 8 samples
Saved: 'C:\Users\Conner\OneDrive\Documents\veilbreakers-terrain\renders\quality-audit\coastline\coastal_isometric.png'
Time: 00:00.16 (Saving: 00:00.02)

Fra:1 Mem:44.95M (Peak 53.64M) | Time:00:00.11 | Rendering 1 / 8 samples
Fra:1 Mem:44.95M (Peak 53.64M) | Time:00:00.13 | Rendering 8 / 8 samples
Saved: 'C:\Users\Conner\OneDrive\Documents\veilbreakers-terrain\renders\quality-audit\coastline\coastal_topdown.png'
Time: 00:00.17 (Saving: 00:00.02)

Fra:1 Mem:44.95M (Peak 53.64M) | Time:00:00.10 | Rendering 1 / 8 samples
Fra:1 Mem:44.95M (Peak 53.64M) | Time:00:00.12 | Rendering 8 / 8 samples
Saved: 'C:\Users\Conner\OneDrive\Documents\veilbreakers-terrain\renders\quality-audit\coastline\coastal_sideprofile.png'
Time: 00:00.16 (Saving: 00:00.02)

Fra:1 Mem:44.95M (Peak 53.50M) | Time:00:00.11 | Rendering 1 / 8 samples
Fra:1 Mem:44.95M (Peak 53.50M) | Time:00:00.13 | Rendering 8 / 8 samples
Saved: 'C:\Users\Conner\OneDrive\Documents\veilbreakers-terrain\renders\quality-audit\coastline\volcanic_isometric.png'
Time: 00:00.17 (Saving: 00:00.02)

Fra:1 Mem:44.95M (Peak 53.64M) | Time:00:00.11 | Rendering 1 / 8 samples
Fra:1 Mem:44.95M (Peak 53.64M) | Time:00:00.13 | Rendering 8 / 8 samples
Saved: 'C:\Users\Conner\OneDrive\Documents\veilbreakers-terrain\renders\quality-audit\coastline\volcanic_topdown.png'
Time: 00:00.17 (Saving: 00:00.02)

Fra:1 Mem:44.95M (Peak 53.64M) | Time:00:00.11 | Rendering 1 / 8 samples
Fra:1 Mem:44.95M (Peak 53.64M) | Time:00:00.13 | Rendering 8 / 8 samples
Saved: 'C:\Users\Conner\OneDrive\Documents\veilbreakers-terrain\renders\quality-audit\coastline\volcanic_sideprofile.png'
Time: 00:00.16 (Saving: 00:00.01)

Fra:1 Mem:44.95M (Peak 53.50M) | Time:00:00.11 | Rendering 1 / 8 samples
Fra:1 Mem:44.95M (Peak 53.50M) | Time:00:00.12 | Rendering 8 / 8 samples
Saved: 'C:\Users\Conner\OneDrive\Documents\veilbreakers-terrain\renders\quality-audit\coastline\frozen_isometric.png'
Time: 00:00.17 (Saving: 00:00.02)

Fra:1 Mem:44.95M (Peak 53.64M) | Time:00:00.11 | Rendering 1 / 8 samples
Fra:1 Mem:44.95M (Peak 53.64M) | Time:00:00.13 | Rendering 8 / 8 samples
Saved: 'C:\Users\Conner\OneDrive\Documents\veilbreakers-terrain\renders\quality-audit\coastline\frozen_topdown.png'
Time: 00:00.17 (Saving: 00:00.02)

Fra:1 Mem:44.95M (Peak 53.64M) | Time:00:00.11 | Rendering 1 / 8 samples
Fra:1 Mem:44.95M (Peak 53.64M) | Time:00:00.13 | Rendering 8 / 8 samples
Saved: 'C:\Users\Conner\OneDrive\Documents\veilbreakers-terrain\renders\quality-audit\coastline\frozen_sideprofile.png'
Time: 00:00.17 (Saving: 00:00.02)

Fra:1 Mem:44.95M (Peak 53.50M) | Time:00:00.11 | Rendering 1 / 8 samples
Fra:1 Mem:44.95M (Peak 53.50M) | Time:00:00.12 | Rendering 8 / 8 samples
Saved: 'C:\Users\Conner\OneDrive\Documents\veilbreakers-terrain\renders\quality-audit\coastline\desert_isometric.png'
Time: 00:00.17 (Saving: 00:00.02)

Fra:1 Mem:44.95M (Peak 53.64M) | Time:00:00.11 | Rendering 1 / 8 samples
Fra:1 Mem:44.95M (Peak 53.64M) | Time:00:00.13 | Rendering 8 / 8 samples
Saved: 'C:\Users\Conner\OneDrive\Documents\veilbreakers-terrain\renders\quality-audit\coastline\desert_topdown.png'
Time: 00:00.18 (Saving: 00:00.02)

Fra:1 Mem:44.95M (Peak 53.64M) | Time:00:00.11 | Rendering 1 / 8 samples
Fra:1 Mem:44.95M (Peak 53.64M) | Time:00:00.13 | Rendering 8 / 8 samples
Saved: 'C:\Users\Conner\OneDrive\Documents\veilbreakers-terrain\renders\quality-audit\coastline\desert_sideprofile.png'
Time: 00:00.17 (Saving: 00:00.02)

Fra:1 Mem:44.95M (Peak 53.50M) | Time:00:00.11 | Rendering 1 / 8 samples
Fra:1 Mem:44.95M (Peak 53.50M) | Time:00:00.13 | Rendering 8 / 8 samples
Saved: 'C:\Users\Conner\OneDrive\Documents\veilbreakers-terrain\renders\quality-audit\karst\grassland_isometric.png'
Time: 00:00.17 (Saving: 00:00.02)

Fra:1 Mem:44.95M (Peak 53.64M) | Time:00:00.11 | Rendering 1 / 8 samples
Fra:1 Mem:44.95M (Peak 53.64M) | Time:00:00.13 | Rendering 8 / 8 samples
Saved: 'C:\Users\Conner\OneDrive\Documents\veilbreakers-terrain\renders\quality-audit\karst\grassland_topdown.png'
Time: 00:00.18 (Saving: 00:00.02)

Fra:1 Mem:44.95M (Peak 53.64M) | Time:00:00.11 | Rendering 1 / 8 samples
Fra:1 Mem:44.95M (Peak 53.64M) | Time:00:00.13 | Rendering 8 / 8 samples
Saved: 'C:\Users\Conner\OneDrive\Documents\veilbreakers-terrain\renders\quality-audit\karst\grassland_sideprofile.png'
Time: 00:00.17 (Saving: 00:00.02)

Fra:1 Mem:44.95M (Peak 53.50M) | Time:00:00.11 | Rendering 1 / 8 samples
Fra:1 Mem:44.95M (Peak 53.50M) | Time:00:00.12 | Rendering 8 / 8 samples
Saved: 'C:\Users\Conner\OneDrive\Documents\veilbreakers-terrain\renders\quality-audit\karst\mountain_isometric.png'
Time: 00:00.16 (Saving: 00:00.01)

Fra:1 Mem:44.95M (Peak 53.64M) | Time:00:00.11 | Rendering 1 / 8 samples
Fra:1 Mem:44.95M (Peak 53.64M) | Time:00:00.13 | Rendering 8 / 8 samples
Saved: 'C:\Users\Conner\OneDrive\Documents\veilbreakers-terrain\renders\quality-audit\karst\mountain_topdown.png'
Time: 00:00.17 (Saving: 00:00.02)

Fra:1 Mem:44.95M (Peak 53.64M) | Time:00:00.11 | Rendering 1 / 8 samples
Fra:1 Mem:44.95M (Peak 53.64M) | Time:00:00.12 | Rendering 8 / 8 samples
Saved: 'C:\Users\Conner\OneDrive\Documents\veilbreakers-terrain\renders\quality-audit\karst\mountain_sideprofile.png'
Time: 00:00.16 (Saving: 00:00.02)

Fra:1 Mem:44.95M (Peak 53.50M) | Time:00:00.11 | Rendering 1 / 8 samples
Fra:1 Mem:44.95M (Peak 53.50M) | Time:00:00.13 | Rendering 8 / 8 samples
Saved: 'C:\Users\Conner\OneDrive\Documents\veilbreakers-terrain\renders\quality-audit\karst\coastal_isometric.png'
Time: 00:00.17 (Saving: 00:00.02)

Fra:1 Mem:44.95M (Peak 53.64M) | Time:00:00.11 | Rendering 1 / 8 samples
Fra:1 Mem:44.95M (Peak 53.64M) | Time:00:00.13 | Rendering 8 / 8 samples
Saved: 'C:\Users\Conner\OneDrive\Documents\veilbreakers-terrain\renders\quality-audit\karst\coastal_topdown.png'
Time: 00:00.18 (Saving: 00:00.02)

Fra:1 Mem:44.95M (Peak 53.64M) | Time:00:00.11 | Rendering 1 / 8 samples
Fra:1 Mem:44.95M (Peak 53.64M) | Time:00:00.12 | Rendering 8 / 8 samples
Saved: 'C:\Users\Conner\OneDrive\Documents\veilbreakers-terrain\renders\quality-audit\karst\coastal_sideprofile.png'
Time: 00:00.16 (Saving: 00:00.02)

Fra:1 Mem:44.95M (Peak 53.50M) | Time:00:00.11 | Rendering 1 / 8 samples
Fra:1 Mem:44.95M (Peak 53.50M) | Time:00:00.13 | Rendering 8 / 8 samples
Saved: 'C:\Users\Conner\OneDrive\Documents\veilbreakers-terrain\renders\quality-audit\karst\volcanic_isometric.png'
Time: 00:00.17 (Saving: 00:00.01)

Fra:1 Mem:44.95M (Peak 53.64M) | Time:00:00.12 | Rendering 1 / 8 samples
Fra:1 Mem:44.95M (Peak 53.64M) | Time:00:00.14 | Rendering 8 / 8 samples
Saved: 'C:\Users\Conner\OneDrive\Documents\veilbreakers-terrain\renders\quality-audit\karst\volcanic_topdown.png'
Time: 00:00.18 (Saving: 00:00.02)

Fra:1 Mem:44.95M (Peak 53.64M) | Time:00:00.12 | Rendering 1 / 8 samples
Fra:1 Mem:44.95M (Peak 53.64M) | Time:00:00.14 | Rendering 8 / 8 samples
Saved: 'C:\Users\Conner\OneDrive\Documents\veilbreakers-terrain\renders\quality-audit\karst\volcanic_sideprofile.png'
Time: 00:00.17 (Saving: 00:00.01)

Fra:1 Mem:44.95M (Peak 53.50M) | Time:00:00.11 | Rendering 1 / 8 samples
Fra:1 Mem:44.95M (Peak 53.50M) | Time:00:00.13 | Rendering 8 / 8 samples
Saved: 'C:\Users\Conner\OneDrive\Documents\veilbreakers-terrain\renders\quality-audit\karst\frozen_isometric.png'
Time: 00:00.17 (Saving: 00:00.02)

Fra:1 Mem:44.95M (Peak 53.64M) | Time:00:00.11 | Rendering 1 / 8 samples
Fra:1 Mem:44.95M (Peak 53.64M) | Time:00:00.14 | Rendering 8 / 8 samples
Saved: 'C:\Users\Conner\OneDrive\Documents\veilbreakers-terrain\renders\quality-audit\karst\frozen_topdown.png'
Time: 00:00.18 (Saving: 00:00.02)

Fra:1 Mem:44.95M (Peak 53.64M) | Time:00:00.11 | Rendering 1 / 8 samples
Fra:1 Mem:44.95M (Peak 53.64M) | Time:00:00.13 | Rendering 8 / 8 samples
Saved: 'C:\Users\Conner\OneDrive\Documents\veilbreakers-terrain\renders\quality-audit\karst\frozen_sideprofile.png'
Time: 00:00.17 (Saving: 00:00.01)

Fra:1 Mem:44.95M (Peak 53.50M) | Time:00:00.11 | Rendering 1 / 8 samples
Fra:1 Mem:44.95M (Peak 53.50M) | Time:00:00.13 | Rendering 8 / 8 samples
Saved: 'C:\Users\Conner\OneDrive\Documents\veilbreakers-terrain\renders\quality-audit\karst\desert_isometric.png'
Time: 00:00.17 (Saving: 00:00.02)

Fra:1 Mem:44.95M (Peak 53.64M) | Time:00:00.11 | Rendering 1 / 8 samples
Fra:1 Mem:44.95M (Peak 53.64M) | Time:00:00.14 | Rendering 8 / 8 samples
Saved: 'C:\Users\Conner\OneDrive\Documents\veilbreakers-terrain\renders\quality-audit\karst\desert_topdown.png'
Time: 00:00.18 (Saving: 00:00.02)

Fra:1 Mem:44.95M (Peak 53.64M) | Time:00:00.12 | Rendering 1 / 8 samples
Fra:1 Mem:44.95M (Peak 53.64M) | Time:00:00.14 | Rendering 8 / 8 samples
Saved: 'C:\Users\Conner\OneDrive\Documents\veilbreakers-terrain\renders\quality-audit\karst\desert_sideprofile.png'
Time: 00:00.18 (Saving: 00:00.02)

Fra:1 Mem:44.95M (Peak 53.50M) | Time:00:00.11 | Rendering 1 / 8 samples
Fra:1 Mem:44.95M (Peak 53.50M) | Time:00:00.13 | Rendering 8 / 8 samples
Saved: 'C:\Users\Conner\OneDrive\Documents\veilbreakers-terrain\renders\quality-audit\pass_glacial\grassland_isometric.png'
Time: 00:00.18 (Saving: 00:00.02)

Fra:1 Mem:44.95M (Peak 53.64M) | Time:00:00.11 | Rendering 1 / 8 samples
Fra:1 Mem:44.95M (Peak 53.64M) | Time:00:00.14 | Rendering 8 / 8 samples
Saved: 'C:\Users\Conner\OneDrive\Documents\veilbreakers-terrain\renders\quality-audit\pass_glacial\grassland_topdown.png'
Time: 00:00.19 (Saving: 00:00.02)

Fra:1 Mem:44.95M (Peak 53.64M) | Time:00:00.12 | Rendering 1 / 8 samples
Fra:1 Mem:44.95M (Peak 53.64M) | Time:00:00.14 | Rendering 8 / 8 samples
Saved: 'C:\Users\Conner\OneDrive\Documents\veilbreakers-terrain\renders\quality-audit\pass_glacial\grassland_sideprofile.png'
Time: 00:00.18 (Saving: 00:00.01)

Fra:1 Mem:44.95M (Peak 53.50M) | Time:00:00.11 | Rendering 1 / 8 samples
Fra:1 Mem:44.95M (Peak 53.50M) | Time:00:00.14 | Rendering 8 / 8 samples
Saved: 'C:\Users\Conner\OneDrive\Documents\veilbreakers-terrain\renders\quality-audit\pass_glacial\mountain_isometric.png'
Time: 00:00.17 (Saving: 00:00.01)

Fra:1 Mem:44.95M (Peak 53.64M) | Time:00:00.12 | Rendering 1 / 8 samples
Fra:1 Mem:44.95M (Peak 53.64M) | Time:00:00.14 | Rendering 8 / 8 samples
Saved: 'C:\Users\Conner\OneDrive\Documents\veilbreakers-terrain\renders\quality-audit\pass_glacial\mountain_topdown.png'
Time: 00:00.18 (Saving: 00:00.02)

Fra:1 Mem:44.95M (Peak 53.64M) | Time:00:00.11 | Rendering 1 / 8 samples
Fra:1 Mem:44.95M (Peak 53.64M) | Time:00:00.14 | Rendering 8 / 8 samples
Saved: 'C:\Users\Conner\OneDrive\Documents\veilbreakers-terrain\renders\quality-audit\pass_glacial\mountain_sideprofile.png'
Time: 00:00.17 (Saving: 00:00.02)

Fra:1 Mem:44.95M (Peak 53.50M) | Time:00:00.11 | Rendering 1 / 8 samples
Fra:1 Mem:44.95M (Peak 53.50M) | Time:00:00.14 | Rendering 8 / 8 samples
Saved: 'C:\Users\Conner\OneDrive\Documents\veilbreakers-terrain\renders\quality-audit\pass_glacial\coastal_isometric.png'
Time: 00:00.17 (Saving: 00:00.02)

Fra:1 Mem:44.95M (Peak 53.64M) | Time:00:00.11 | Rendering 1 / 8 samples
Fra:1 Mem:44.95M (Peak 53.64M) | Time:00:00.14 | Rendering 8 / 8 samples
Saved: 'C:\Users\Conner\OneDrive\Documents\veilbreakers-terrain\renders\quality-audit\pass_glacial\coastal_topdown.png'
Time: 00:00.19 (Saving: 00:00.02)

Fra:1 Mem:44.95M (Peak 53.64M) | Time:00:00.12 | Rendering 1 / 8 samples
Fra:1 Mem:44.95M (Peak 53.64M) | Time:00:00.14 | Rendering 8 / 8 samples
Saved: 'C:\Users\Conner\OneDrive\Documents\veilbreakers-terrain\renders\quality-audit\pass_glacial\coastal_sideprofile.png'
Time: 00:00.18 (Saving: 00:00.02)

Fra:1 Mem:44.95M (Peak 53.50M) | Time:00:00.12 | Rendering 1 / 8 samples
Fra:1 Mem:44.95M (Peak 53.50M) | Time:00:00.15 | Rendering 8 / 8 samples
Saved: 'C:\Users\Conner\OneDrive\Documents\veilbreakers-terrain\renders\quality-audit\pass_glacial\volcanic_isometric.png'
Time: 00:00.19 (Saving: 00:00.01)

Fra:1 Mem:44.95M (Peak 53.64M) | Time:00:00.12 | Rendering 1 / 8 samples
Fra:1 Mem:44.95M (Peak 53.64M) | Time:00:00.15 | Rendering 8 / 8 samples
Saved: 'C:\Users\Conner\OneDrive\Documents\veilbreakers-terrain\renders\quality-audit\pass_glacial\volcanic_topdown.png'
Time: 00:00.19 (Saving: 00:00.02)

Fra:1 Mem:44.95M (Peak 53.64M) | Time:00:00.12 | Rendering 1 / 8 samples
Fra:1 Mem:44.95M (Peak 53.64M) | Time:00:00.14 | Rendering 8 / 8 samples
Saved: 'C:\Users\Conner\OneDrive\Documents\veilbreakers-terrain\renders\quality-audit\pass_glacial\volcanic_sideprofile.png'
Time: 00:00.18 (Saving: 00:00.01)

Fra:1 Mem:44.95M (Peak 53.50M) | Time:00:00.11 | Rendering 1 / 8 samples
Fra:1 Mem:44.95M (Peak 53.50M) | Time:00:00.14 | Rendering 8 / 8 samples
Saved: 'C:\Users\Conner\OneDrive\Documents\veilbreakers-terrain\renders\quality-audit\pass_glacial\frozen_isometric.png'
Time: 00:00.18 (Saving: 00:00.02)

Fra:1 Mem:44.95M (Peak 53.64M) | Time:00:00.11 | Rendering 1 / 8 samples
Fra:1 Mem:44.95M (Peak 53.64M) | Time:00:00.14 | Rendering 8 / 8 samples
Saved: 'C:\Users\Conner\OneDrive\Documents\veilbreakers-terrain\renders\quality-audit\pass_glacial\frozen_topdown.png'
Time: 00:00.19 (Saving: 00:00.02)

Fra:1 Mem:44.95M (Peak 53.64M) | Time:00:00.11 | Rendering 1 / 8 samples
Fra:1 Mem:44.95M (Peak 53.64M) | Time:00:00.13 | Rendering 8 / 8 samples
Saved: 'C:\Users\Conner\OneDrive\Documents\veilbreakers-terrain\renders\quality-audit\pass_glacial\frozen_sideprofile.png'
Time: 00:00.18 (Saving: 00:00.02)

Fra:1 Mem:44.95M (Peak 53.50M) | Time:00:00.12 | Rendering 1 / 8 samples
Fra:1 Mem:44.95M (Peak 53.50M) | Time:00:00.15 | Rendering 8 / 8 samples
Saved: 'C:\Users\Conner\OneDrive\Documents\veilbreakers-terrain\renders\quality-audit\pass_glacial\desert_isometric.png'
Time: 00:00.19 (Saving: 00:00.02)

Fra:1 Mem:44.95M (Peak 53.64M) | Time:00:00.11 | Rendering 1 / 8 samples
Fra:1 Mem:44.95M (Peak 53.64M) | Time:00:00.14 | Rendering 8 / 8 samples
Saved: 'C:\Users\Conner\OneDrive\Documents\veilbreakers-terrain\renders\quality-audit\pass_glacial\desert_topdown.png'
Time: 00:00.19 (Saving: 00:00.02)

Fra:1 Mem:44.95M (Peak 53.64M) | Time:00:00.12 | Rendering 1 / 8 samples
Fra:1 Mem:44.95M (Peak 53.64M) | Time:00:00.15 | Rendering 8 / 8 samples
Saved: 'C:\Users\Conner\OneDrive\Documents\veilbreakers-terrain\renders\quality-audit\pass_glacial\desert_sideprofile.png'
Time: 00:00.19 (Saving: 00:00.02)

Fra:1 Mem:44.95M (Peak 53.50M) | Time:00:00.11 | Rendering 1 / 8 samples
Fra:1 Mem:44.95M (Peak 53.50M) | Time:00:00.15 | Rendering 8 / 8 samples
Saved: 'C:\Users\Conner\OneDrive\Documents\veilbreakers-terrain\renders\quality-audit\pass_lava_simulation\grassland_isometric.png'
Time: 00:00.19 (Saving: 00:00.02)

Fra:1 Mem:44.95M (Peak 53.64M) | Time:00:00.14 | Rendering 1 / 8 samples
Fra:1 Mem:44.95M (Peak 53.64M) | Time:00:00.18 | Rendering 8 / 8 samples
Saved: 'C:\Users\Conner\OneDrive\Documents\veilbreakers-terrain\renders\quality-audit\pass_lava_simulation\grassland_topdown.png'
Time: 00:00.22 (Saving: 00:00.02)

Fra:1 Mem:44.95M (Peak 53.64M) | Time:00:00.14 | Rendering 1 / 8 samples
Fra:1 Mem:44.95M (Peak 53.64M) | Time:00:00.17 | Rendering 8 / 8 samples
Saved: 'C:\Users\Conner\OneDrive\Documents\veilbreakers-terrain\renders\quality-audit\pass_lava_simulation\grassland_sideprofile.png'
Time: 00:00.21 (Saving: 00:00.01)

Fra:1 Mem:44.95M (Peak 53.50M) | Time:00:00.14 | Rendering 1 / 8 samples
Fra:1 Mem:44.95M (Peak 53.50M) | Time:00:00.18 | Rendering 8 / 8 samples
Saved: 'C:\Users\Conner\OneDrive\Documents\veilbreakers-terrain\renders\quality-audit\pass_lava_simulation\mountain_isometric.png'
Time: 00:00.21 (Saving: 00:00.02)

Fra:1 Mem:44.95M (Peak 53.64M) | Time:00:00.15 | Rendering 1 / 8 samples
Fra:1 Mem:44.95M (Peak 53.64M) | Time:00:00.19 | Rendering 8 / 8 samples
Saved: 'C:\Users\Conner\OneDrive\Documents\veilbreakers-terrain\renders\quality-audit\pass_lava_simulation\mountain_topdown.png'
Time: 00:00.22 (Saving: 00:00.02)

Fra:1 Mem:44.95M (Peak 53.64M) | Time:00:00.14 | Rendering 1 / 8 samples
Fra:1 Mem:44.95M (Peak 53.64M) | Time:00:00.17 | Rendering 8 / 8 samples
Saved: 'C:\Users\Conner\OneDrive\Documents\veilbreakers-terrain\renders\quality-audit\pass_lava_simulation\mountain_sideprofile.png'
Time: 00:00.21 (Saving: 00:00.01)

Fra:1 Mem:44.95M (Peak 53.50M) | Time:00:00.14 | Rendering 1 / 8 samples
Fra:1 Mem:44.95M (Peak 53.50M) | Time:00:00.18 | Rendering 8 / 8 samples
Saved: 'C:\Users\Conner\OneDrive\Documents\veilbreakers-terrain\renders\quality-audit\pass_lava_simulation\coastal_isometric.png'
Time: 00:00.22 (Saving: 00:00.02)

Fra:1 Mem:44.95M (Peak 53.64M) | Time:00:00.14 | Rendering 1 / 8 samples
Fra:1 Mem:44.95M (Peak 53.64M) | Time:00:00.18 | Rendering 8 / 8 samples
Saved: 'C:\Users\Conner\OneDrive\Documents\veilbreakers-terrain\renders\quality-audit\pass_lava_simulation\coastal_topdown.png'
Time: 00:00.22 (Saving: 00:00.02)

Fra:1 Mem:44.95M (Peak 53.64M) | Time:00:00.14 | Rendering 1 / 8 samples
Fra:1 Mem:44.95M (Peak 53.64M) | Time:00:00.18 | Rendering 8 / 8 samples
Saved: 'C:\Users\Conner\OneDrive\Documents\veilbreakers-terrain\renders\quality-audit\pass_lava_simulation\coastal_sideprofile.png'
Time: 00:00.22 (Saving: 00:00.01)

Fra:1 Mem:44.95M (Peak 53.50M) | Time:00:00.15 | Rendering 1 / 8 samples
Fra:1 Mem:44.95M (Peak 53.50M) | Time:00:00.19 | Rendering 8 / 8 samples
Saved: 'C:\Users\Conner\OneDrive\Documents\veilbreakers-terrain\renders\quality-audit\pass_lava_simulation\volcanic_isometric.png'
Time: 00:00.23 (Saving: 00:00.01)

Fra:1 Mem:44.95M (Peak 53.64M) | Time:00:00.15 | Rendering 1 / 8 samples
Fra:1 Mem:44.95M (Peak 53.64M) | Time:00:00.19 | Rendering 8 / 8 samples
Saved: 'C:\Users\Conner\OneDrive\Documents\veilbreakers-terrain\renders\quality-audit\pass_lava_simulation\volcanic_topdown.png'
Time: 00:00.23 (Saving: 00:00.02)

Fra:1 Mem:44.95M (Peak 53.64M) | Time:00:00.15 | Rendering 1 / 8 samples
Fra:1 Mem:44.95M (Peak 53.64M) | Time:00:00.19 | Rendering 8 / 8 samples
Saved: 'C:\Users\Conner\OneDrive\Documents\veilbreakers-terrain\renders\quality-audit\pass_lava_simulation\volcanic_sideprofile.png'
Time: 00:00.22 (Saving: 00:00.01)

Fra:1 Mem:44.95M (Peak 53.50M) | Time:00:00.14 | Rendering 1 / 8 samples
Fra:1 Mem:44.95M (Peak 53.50M) | Time:00:00.18 | Rendering 8 / 8 samples
Saved: 'C:\Users\Conner\OneDrive\Documents\veilbreakers-terrain\renders\quality-audit\pass_lava_simulation\frozen_isometric.png'
Time: 00:00.22 (Saving: 00:00.02)

Fra:1 Mem:44.95M (Peak 53.64M) | Time:00:00.15 | Rendering 1 / 8 samples
Fra:1 Mem:44.95M (Peak 53.64M) | Time:00:00.20 | Rendering 8 / 8 samples
Saved: 'C:\Users\Conner\OneDrive\Documents\veilbreakers-terrain\renders\quality-audit\pass_lava_simulation\frozen_topdown.png'
Time: 00:00.24 (Saving: 00:00.02)

Fra:1 Mem:44.95M (Peak 53.64M) | Time:00:00.15 | Rendering 1 / 8 samples
Fra:1 Mem:44.95M (Peak 53.64M) | Time:00:00.19 | Rendering 8 / 8 samples
Saved: 'C:\Users\Conner\OneDrive\Documents\veilbreakers-terrain\renders\quality-audit\pass_lava_simulation\frozen_sideprofile.png'
Time: 00:00.23 (Saving: 00:00.01)

Fra:1 Mem:44.95M (Peak 53.50M) | Time:00:00.15 | Rendering 1 / 8 samples
Fra:1 Mem:44.95M (Peak 53.50M) | Time:00:00.20 | Rendering 8 / 8 samples
Saved: 'C:\Users\Conner\OneDrive\Documents\veilbreakers-terrain\renders\quality-audit\pass_lava_simulation\desert_isometric.png'
Time: 00:00.24 (Saving: 00:00.02)

Fra:1 Mem:44.95M (Peak 53.64M) | Time:00:00.15 | Rendering 1 / 8 samples
Fra:1 Mem:44.95M (Peak 53.64M) | Time:00:00.20 | Rendering 8 / 8 samples
Saved: 'C:\Users\Conner\OneDrive\Documents\veilbreakers-terrain\renders\quality-audit\pass_lava_simulation\desert_topdown.png'
Time: 00:00.24 (Saving: 00:00.02)

Fra:1 Mem:44.95M (Peak 53.65M) | Time:00:00.15 | Rendering 1 / 8 samples
Fra:1 Mem:44.95M (Peak 53.65M) | Time:00:00.21 | Rendering 8 / 8 samples
Saved: 'C:\Users\Conner\OneDrive\Documents\veilbreakers-terrain\renders\quality-audit\pass_lava_simulation\desert_sideprofile.png'
Time: 00:00.24 (Saving: 00:00.01)

Fra:1 Mem:44.95M (Peak 53.50M) | Time:00:00.15 | Rendering 1 / 8 samples
Fra:1 Mem:44.95M (Peak 53.50M) | Time:00:00.19 | Rendering 8 / 8 samples
Saved: 'C:\Users\Conner\OneDrive\Documents\veilbreakers-terrain\renders\quality-audit\talus\grassland_isometric.png'
Time: 00:00.23 (Saving: 00:00.01)

Fra:1 Mem:44.95M (Peak 53.64M) | Time:00:00.15 | Rendering 1 / 8 samples
Fra:1 Mem:44.95M (Peak 53.64M) | Time:00:00.22 | Rendering 8 / 8 samples
Saved: 'C:\Users\Conner\OneDrive\Documents\veilbreakers-terrain\renders\quality-audit\talus\grassland_topdown.png'
Time: 00:00.26 (Saving: 00:00.01)

Fra:1 Mem:44.95M (Peak 53.65M) | Time:00:00.22 | Rendering 1 / 8 samples
Fra:1 Mem:44.95M (Peak 53.65M) | Time:00:00.29 | Rendering 8 / 8 samples
Saved: 'C:\Users\Conner\OneDrive\Documents\veilbreakers-terrain\renders\quality-audit\talus\grassland_sideprofile.png'
Time: 00:00.33 (Saving: 00:00.02)

Fra:1 Mem:44.95M (Peak 53.50M) | Time:00:00.10 | Rendering 1 / 8 samples
Fra:1 Mem:44.95M (Peak 53.50M) | Time:00:00.11 | Rendering 8 / 8 samples
Saved: 'C:\Users\Conner\OneDrive\Documents\veilbreakers-terrain\renders\quality-audit\talus\mountain_isometric.png'
Time: 00:00.15 (Saving: 00:00.02)

Fra:1 Mem:44.95M (Peak 53.64M) | Time:00:00.10 | Rendering 1 / 8 samples
Fra:1 Mem:44.95M (Peak 53.64M) | Time:00:00.11 | Rendering 8 / 8 samples
Saved: 'C:\Users\Conner\OneDrive\Documents\veilbreakers-terrain\renders\quality-audit\talus\mountain_topdown.png'
Time: 00:00.15 (Saving: 00:00.02)

Fra:1 Mem:44.95M (Peak 53.65M) | Time:00:00.09 | Rendering 1 / 8 samples
Fra:1 Mem:44.95M (Peak 53.65M) | Time:00:00.10 | Rendering 8 / 8 samples
Saved: 'C:\Users\Conner\OneDrive\Documents\veilbreakers-terrain\renders\quality-audit\talus\mountain_sideprofile.png'
Time: 00:00.14 (Saving: 00:00.02)

Fra:1 Mem:44.95M (Peak 53.50M) | Time:00:00.10 | Rendering 1 / 8 samples
Fra:1 Mem:44.95M (Peak 53.50M) | Time:00:00.11 | Rendering 8 / 8 samples
Saved: 'C:\Users\Conner\OneDrive\Documents\veilbreakers-terrain\renders\quality-audit\talus\coastal_isometric.png'
Time: 00:00.14 (Saving: 00:00.01)

Fra:1 Mem:44.95M (Peak 53.64M) | Time:00:00.10 | Rendering 1 / 8 samples
Fra:1 Mem:44.95M (Peak 53.64M) | Time:00:00.11 | Rendering 8 / 8 samples
Saved: 'C:\Users\Conner\OneDrive\Documents\veilbreakers-terrain\renders\quality-audit\talus\coastal_topdown.png'
Time: 00:00.15 (Saving: 00:00.01)

Fra:1 Mem:44.95M (Peak 53.65M) | Time:00:00.10 | Rendering 1 / 8 samples
Fra:1 Mem:44.95M (Peak 53.65M) | Time:00:00.11 | Rendering 8 / 8 samples
Saved: 'C:\Users\Conner\OneDrive\Documents\veilbreakers-terrain\renders\quality-audit\talus\coastal_sideprofile.png'
Time: 00:00.15 (Saving: 00:00.02)

Fra:1 Mem:44.95M (Peak 53.50M) | Time:00:00.10 | Rendering 1 / 8 samples
Fra:1 Mem:44.95M (Peak 53.50M) | Time:00:00.11 | Rendering 8 / 8 samples
Saved: 'C:\Users\Conner\OneDrive\Documents\veilbreakers-terrain\renders\quality-audit\talus\volcanic_isometric.png'
Time: 00:00.15 (Saving: 00:00.02)

Fra:1 Mem:44.95M (Peak 53.64M) | Time:00:00.10 | Rendering 1 / 8 samples
Fra:1 Mem:44.95M (Peak 53.64M) | Time:00:00.11 | Rendering 8 / 8 samples
Saved: 'C:\Users\Conner\OneDrive\Documents\veilbreakers-terrain\renders\quality-audit\talus\volcanic_topdown.png'
Time: 00:00.15 (Saving: 00:00.02)

Fra:1 Mem:44.95M (Peak 53.65M) | Time:00:00.10 | Rendering 1 / 8 samples
Fra:1 Mem:44.95M (Peak 53.65M) | Time:00:00.11 | Rendering 8 / 8 samples
Saved: 'C:\Users\Conner\OneDrive\Documents\veilbreakers-terrain\renders\quality-audit\talus\volcanic_sideprofile.png'
Time: 00:00.15 (Saving: 00:00.02)

Fra:1 Mem:44.95M (Peak 53.50M) | Time:00:00.10 | Rendering 1 / 8 samples
Fra:1 Mem:44.95M (Peak 53.50M) | Time:00:00.11 | Rendering 8 / 8 samples
Saved: 'C:\Users\Conner\OneDrive\Documents\veilbreakers-terrain\renders\quality-audit\talus\frozen_isometric.png'
Time: 00:00.14 (Saving: 00:00.01)

Fra:1 Mem:44.95M (Peak 53.64M) | Time:00:00.11 | Rendering 1 / 8 samples
Fra:1 Mem:44.95M (Peak 53.64M) | Time:00:00.12 | Rendering 8 / 8 samples
Saved: 'C:\Users\Conner\OneDrive\Documents\veilbreakers-terrain\renders\quality-audit\talus\frozen_topdown.png'
Time: 00:00.16 (Saving: 00:00.02)

Fra:1 Mem:44.95M (Peak 53.65M) | Time:00:00.10 | Rendering 1 / 8 samples
Fra:1 Mem:44.95M (Peak 53.65M) | Time:00:00.11 | Rendering 8 / 8 samples
Saved: 'C:\Users\Conner\OneDrive\Documents\veilbreakers-terrain\renders\quality-audit\talus\frozen_sideprofile.png'
Time: 00:00.15 (Saving: 00:00.02)

Fra:1 Mem:44.95M (Peak 53.50M) | Time:00:00.10 | Rendering 1 / 8 samples
Fra:1 Mem:44.95M (Peak 53.50M) | Time:00:00.12 | Rendering 8 / 8 samples
Saved: 'C:\Users\Conner\OneDrive\Documents\veilbreakers-terrain\renders\quality-audit\talus\desert_isometric.png'
Time: 00:00.15 (Saving: 00:00.02)

Fra:1 Mem:44.95M (Peak 53.64M) | Time:00:00.11 | Rendering 1 / 8 samples
Fra:1 Mem:44.95M (Peak 53.64M) | Time:00:00.12 | Rendering 8 / 8 samples
Saved: 'C:\Users\Conner\OneDrive\Documents\veilbreakers-terrain\renders\quality-audit\talus\desert_topdown.png'
Time: 00:00.16 (Saving: 00:00.02)

Fra:1 Mem:44.95M (Peak 53.65M) | Time:00:00.10 | Rendering 1 / 8 samples
Fra:1 Mem:44.95M (Peak 53.65M) | Time:00:00.12 | Rendering 8 / 8 samples
Saved: 'C:\Users\Conner\OneDrive\Documents\veilbreakers-terrain\renders\quality-audit\talus\desert_sideprofile.png'
Time: 00:00.16 (Saving: 00:00.02)

Fra:1 Mem:44.95M (Peak 53.50M) | Time:00:00.11 | Rendering 1 / 8 samples
Fra:1 Mem:44.95M (Peak 53.50M) | Time:00:00.13 | Rendering 8 / 8 samples
Saved: 'C:\Users\Conner\OneDrive\Documents\veilbreakers-terrain\renders\quality-audit\waterfalls\grassland_isometric.png'
Time: 00:00.17 (Saving: 00:00.02)

Fra:1 Mem:44.95M (Peak 53.64M) | Time:00:00.10 | Rendering 1 / 8 samples
Fra:1 Mem:44.95M (Peak 53.64M) | Time:00:00.12 | Rendering 8 / 8 samples
Saved: 'C:\Users\Conner\OneDrive\Documents\veilbreakers-terrain\renders\quality-audit\waterfalls\grassland_topdown.png'
Time: 00:00.17 (Saving: 00:00.02)

Fra:1 Mem:44.95M (Peak 53.65M) | Time:00:00.11 | Rendering 1 / 8 samples
Fra:1 Mem:44.95M (Peak 53.65M) | Time:00:00.12 | Rendering 8 / 8 samples
Saved: 'C:\Users\Conner\OneDrive\Documents\veilbreakers-terrain\renders\quality-audit\waterfalls\grassland_sideprofile.png'
Time: 00:00.16 (Saving: 00:00.02)

Fra:1 Mem:44.95M (Peak 53.50M) | Time:00:00.11 | Rendering 1 / 8 samples
Fra:1 Mem:44.95M (Peak 53.50M) | Time:00:00.12 | Rendering 8 / 8 samples
Saved: 'C:\Users\Conner\OneDrive\Documents\veilbreakers-terrain\renders\quality-audit\waterfalls\mountain_isometric.png'
Time: 00:00.16 (Saving: 00:00.02)

Fra:1 Mem:44.95M (Peak 53.64M) | Time:00:00.11 | Rendering 1 / 8 samples
Fra:1 Mem:44.95M (Peak 53.64M) | Time:00:00.12 | Rendering 8 / 8 samples
Saved: 'C:\Users\Conner\OneDrive\Documents\veilbreakers-terrain\renders\quality-audit\waterfalls\mountain_topdown.png'
Time: 00:00.16 (Saving: 00:00.02)

Fra:1 Mem:44.95M (Peak 53.65M) | Time:00:00.11 | Rendering 1 / 8 samples
Fra:1 Mem:44.95M (Peak 53.65M) | Time:00:00.12 | Rendering 8 / 8 samples
Saved: 'C:\Users\Conner\OneDrive\Documents\veilbreakers-terrain\renders\quality-audit\waterfalls\mountain_sideprofile.png'
Time: 00:00.16 (Saving: 00:00.01)

Fra:1 Mem:44.95M (Peak 53.50M) | Time:00:00.11 | Rendering 1 / 8 samples
Fra:1 Mem:44.95M (Peak 53.50M) | Time:00:00.13 | Rendering 8 / 8 samples
Saved: 'C:\Users\Conner\OneDrive\Documents\veilbreakers-terrain\renders\quality-audit\waterfalls\coastal_isometric.png'
Time: 00:00.17 (Saving: 00:00.02)

Fra:1 Mem:44.95M (Peak 53.64M) | Time:00:00.11 | Rendering 1 / 8 samples
Fra:1 Mem:44.95M (Peak 53.64M) | Time:00:00.12 | Rendering 8 / 8 samples
Saved: 'C:\Users\Conner\OneDrive\Documents\veilbreakers-terrain\renders\quality-audit\waterfalls\coastal_topdown.png'
Time: 00:00.17 (Saving: 00:00.02)

Fra:1 Mem:44.95M (Peak 53.65M) | Time:00:00.11 | Rendering 1 / 8 samples
Fra:1 Mem:44.95M (Peak 53.65M) | Time:00:00.12 | Rendering 8 / 8 samples
Saved: 'C:\Users\Conner\OneDrive\Documents\veilbreakers-terrain\renders\quality-audit\waterfalls\coastal_sideprofile.png'
Time: 00:00.16 (Saving: 00:00.02)

Fra:1 Mem:44.95M (Peak 53.50M) | Time:00:00.11 | Rendering 1 / 8 samples
Fra:1 Mem:44.95M (Peak 53.50M) | Time:00:00.13 | Rendering 8 / 8 samples
Saved: 'C:\Users\Conner\OneDrive\Documents\veilbreakers-terrain\renders\quality-audit\waterfalls\volcanic_isometric.png'
Time: 00:00.17 (Saving: 00:00.02)

Fra:1 Mem:44.95M (Peak 53.64M) | Time:00:00.11 | Rendering 1 / 8 samples
Fra:1 Mem:44.95M (Peak 53.64M) | Time:00:00.13 | Rendering 8 / 8 samples
Saved: 'C:\Users\Conner\OneDrive\Documents\veilbreakers-terrain\renders\quality-audit\waterfalls\volcanic_topdown.png'
Time: 00:00.17 (Saving: 00:00.02)

Fra:1 Mem:44.95M (Peak 53.65M) | Time:00:00.11 | Rendering 1 / 8 samples
Fra:1 Mem:44.95M (Peak 53.65M) | Time:00:00.12 | Rendering 8 / 8 samples
Saved: 'C:\Users\Conner\OneDrive\Documents\veilbreakers-terrain\renders\quality-audit\waterfalls\volcanic_sideprofile.png'
Time: 00:00.16 (Saving: 00:00.01)

Fra:1 Mem:44.95M (Peak 53.50M) | Time:00:00.11 | Rendering 1 / 8 samples
Fra:1 Mem:44.95M (Peak 53.50M) | Time:00:00.13 | Rendering 8 / 8 samples
Saved: 'C:\Users\Conner\OneDrive\Documents\veilbreakers-terrain\renders\quality-audit\waterfalls\frozen_isometric.png'
Time: 00:00.17 (Saving: 00:00.02)

Fra:1 Mem:44.95M (Peak 53.64M) | Time:00:00.11 | Rendering 1 / 8 samples
Fra:1 Mem:44.95M (Peak 53.64M) | Time:00:00.13 | Rendering 8 / 8 samples
Saved: 'C:\Users\Conner\OneDrive\Documents\veilbreakers-terrain\renders\quality-audit\waterfalls\frozen_topdown.png'
Time: 00:00.18 (Saving: 00:00.02)

Fra:1 Mem:44.95M (Peak 53.65M) | Time:00:00.11 | Rendering 1 / 8 samples
Fra:1 Mem:44.95M (Peak 53.65M) | Time:00:00.13 | Rendering 8 / 8 samples
Saved: 'C:\Users\Conner\OneDrive\Documents\veilbreakers-terrain\renders\quality-audit\waterfalls\frozen_sideprofile.png'
Time: 00:00.17 (Saving: 00:00.02)

Fra:1 Mem:44.95M (Peak 53.50M) | Time:00:00.11 | Rendering 1 / 8 samples
Fra:1 Mem:44.95M (Peak 53.50M) | Time:00:00.13 | Rendering 8 / 8 samples
Saved: 'C:\Users\Conner\OneDrive\Documents\veilbreakers-terrain\renders\quality-audit\waterfalls\desert_isometric.png'
Time: 00:00.17 (Saving: 00:00.02)

Fra:1 Mem:44.95M (Peak 53.64M) | Time:00:00.11 | Rendering 1 / 8 samples
Fra:1 Mem:44.95M (Peak 53.64M) | Time:00:00.13 | Rendering 8 / 8 samples
Saved: 'C:\Users\Conner\OneDrive\Documents\veilbreakers-terrain\renders\quality-audit\waterfalls\desert_topdown.png'
Time: 00:00.18 (Saving: 00:00.02)

Fra:1 Mem:44.95M (Peak 53.65M) | Time:00:00.11 | Rendering 1 / 8 samples
Fra:1 Mem:44.95M (Peak 53.65M) | Time:00:00.13 | Rendering 8 / 8 samples
Saved: 'C:\Users\Conner\OneDrive\Documents\veilbreakers-terrain\renders\quality-audit\waterfalls\desert_sideprofile.png'
Time: 00:00.17 (Saving: 00:00.02)

Fra:1 Mem:44.95M (Peak 53.50M) | Time:00:00.12 | Rendering 1 / 8 samples
Fra:1 Mem:44.95M (Peak 53.50M) | Time:00:00.13 | Rendering 8 / 8 samples
Saved: 'C:\Users\Conner\OneDrive\Documents\veilbreakers-terrain\renders\quality-audit\emit_particle_systems\grassland_isometric.png'
Time: 00:00.18 (Saving: 00:00.02)

Fra:1 Mem:44.95M (Peak 53.65M) | Time:00:00.11 | Rendering 1 / 8 samples
Fra:1 Mem:44.95M (Peak 53.65M) | Time:00:00.13 | Rendering 8 / 8 samples
Saved: 'C:\Users\Conner\OneDrive\Documents\veilbreakers-terrain\renders\quality-audit\emit_particle_systems\grassland_topdown.png'
Time: 00:00.18 (Saving: 00:00.02)

Fra:1 Mem:44.95M (Peak 53.65M) | Time:00:00.11 | Rendering 1 / 8 samples
Fra:1 Mem:44.95M (Peak 53.65M) | Time:00:00.13 | Rendering 8 / 8 samples
Saved: 'C:\Users\Conner\OneDrive\Documents\veilbreakers-terrain\renders\quality-audit\emit_particle_systems\grassland_sideprofile.png'
Time: 00:00.18 (Saving: 00:00.02)

Fra:1 Mem:44.95M (Peak 53.50M) | Time:00:00.11 | Rendering 1 / 8 samples
Fra:1 Mem:44.95M (Peak 53.50M) | Time:00:00.13 | Rendering 8 / 8 samples
Saved: 'C:\Users\Conner\OneDrive\Documents\veilbreakers-terrain\renders\quality-audit\emit_particle_systems\mountain_isometric.png'
Time: 00:00.16 (Saving: 00:00.01)

Fra:1 Mem:44.95M (Peak 53.65M) | Time:00:00.11 | Rendering 1 / 8 samples
Fra:1 Mem:44.95M (Peak 53.65M) | Time:00:00.13 | Rendering 8 / 8 samples
Saved: 'C:\Users\Conner\OneDrive\Documents\veilbreakers-terrain\renders\quality-audit\emit_particle_systems\mountain_topdown.png'
Time: 00:00.17 (Saving: 00:00.02)

Fra:1 Mem:44.95M (Peak 53.65M) | Time:00:00.11 | Rendering 1 / 8 samples
Fra:1 Mem:44.95M (Peak 53.65M) | Time:00:00.13 | Rendering 8 / 8 samples
Saved: 'C:\Users\Conner\OneDrive\Documents\veilbreakers-terrain\renders\quality-audit\emit_particle_systems\mountain_sideprofile.png'
Time: 00:00.17 (Saving: 00:00.01)

Fra:1 Mem:44.95M (Peak 53.50M) | Time:00:00.11 | Rendering 1 / 8 samples
Fra:1 Mem:44.95M (Peak 53.50M) | Time:00:00.13 | Rendering 8 / 8 samples
Saved: 'C:\Users\Conner\OneDrive\Documents\veilbreakers-terrain\renders\quality-audit\emit_particle_systems\coastal_isometric.png'
Time: 00:00.17 (Saving: 00:00.02)

Fra:1 Mem:44.95M (Peak 53.65M) | Time:00:00.11 | Rendering 1 / 8 samples
Fra:1 Mem:44.95M (Peak 53.65M) | Time:00:00.13 | Rendering 8 / 8 samples
Saved: 'C:\Users\Conner\OneDrive\Documents\veilbreakers-terrain\renders\quality-audit\emit_particle_systems\coastal_topdown.png'
Time: 00:00.18 (Saving: 00:00.02)

Fra:1 Mem:44.95M (Peak 53.65M) | Time:00:00.11 | Rendering 1 / 8 samples
Fra:1 Mem:44.95M (Peak 53.65M) | Time:00:00.14 | Rendering 8 / 8 samples
Saved: 'C:\Users\Conner\OneDrive\Documents\veilbreakers-terrain\renders\quality-audit\emit_particle_systems\coastal_sideprofile.png'
Time: 00:00.18 (Saving: 00:00.02)

Fra:1 Mem:44.95M (Peak 53.50M) | Time:00:00.12 | Rendering 1 / 8 samples
Fra:1 Mem:44.95M (Peak 53.50M) | Time:00:00.15 | Rendering 8 / 8 samples
Saved: 'C:\Users\Conner\OneDrive\Documents\veilbreakers-terrain\renders\quality-audit\emit_particle_systems\volcanic_isometric.png'
Time: 00:00.18 (Saving: 00:00.01)

Fra:1 Mem:44.95M (Peak 53.65M) | Time:00:00.12 | Rendering 1 / 8 samples
Fra:1 Mem:44.95M (Peak 53.65M) | Time:00:00.14 | Rendering 8 / 8 samples
Saved: 'C:\Users\Conner\OneDrive\Documents\veilbreakers-terrain\renders\quality-audit\emit_particle_systems\volcanic_topdown.png'
Time: 00:00.18 (Saving: 00:00.02)

Fra:1 Mem:44.95M (Peak 53.65M) | Time:00:00.12 | Rendering 1 / 8 samples
Fra:1 Mem:44.95M (Peak 53.65M) | Time:00:00.14 | Rendering 8 / 8 samples
Saved: 'C:\Users\Conner\OneDrive\Documents\veilbreakers-terrain\renders\quality-audit\emit_particle_systems\volcanic_sideprofile.png'
Time: 00:00.18 (Saving: 00:00.01)

Fra:1 Mem:44.95M (Peak 53.50M) | Time:00:00.11 | Rendering 1 / 8 samples
Fra:1 Mem:44.95M (Peak 53.50M) | Time:00:00.13 | Rendering 8 / 8 samples
Saved: 'C:\Users\Conner\OneDrive\Documents\veilbreakers-terrain\renders\quality-audit\emit_particle_systems\frozen_isometric.png'
Time: 00:00.17 (Saving: 00:00.02)

Fra:1 Mem:44.95M (Peak 53.65M) | Time:00:00.11 | Rendering 1 / 8 samples
Fra:1 Mem:44.95M (Peak 53.65M) | Time:00:00.14 | Rendering 8 / 8 samples
Saved: 'C:\Users\Conner\OneDrive\Documents\veilbreakers-terrain\renders\quality-audit\emit_particle_systems\frozen_topdown.png'
Time: 00:00.18 (Saving: 00:00.02)

Fra:1 Mem:44.95M (Peak 53.65M) | Time:00:00.11 | Rendering 1 / 8 samples
Fra:1 Mem:44.95M (Peak 53.65M) | Time:00:00.14 | Rendering 8 / 8 samples
Saved: 'C:\Users\Conner\OneDrive\Documents\veilbreakers-terrain\renders\quality-audit\emit_particle_systems\frozen_sideprofile.png'
Time: 00:00.18 (Saving: 00:00.02)

Fra:1 Mem:44.95M (Peak 53.50M) | Time:00:00.11 | Rendering 1 / 8 samples
Fra:1 Mem:44.95M (Peak 53.50M) | Time:00:00.13 | Rendering 8 / 8 samples
Saved: 'C:\Users\Conner\OneDrive\Documents\veilbreakers-terrain\renders\quality-audit\emit_particle_systems\desert_isometric.png'
Time: 00:00.17 (Saving: 00:00.02)

Fra:1 Mem:44.95M (Peak 53.65M) | Time:00:00.11 | Rendering 1 / 8 samples
Fra:1 Mem:44.95M (Peak 53.65M) | Time:00:00.14 | Rendering 8 / 8 samples
Saved: 'C:\Users\Conner\OneDrive\Documents\veilbreakers-terrain\renders\quality-audit\emit_particle_systems\desert_topdown.png'
Time: 00:00.18 (Saving: 00:00.02)

Fra:1 Mem:44.95M (Peak 53.65M) | Time:00:00.12 | Rendering 1 / 8 samples
Fra:1 Mem:44.95M (Peak 53.65M) | Time:00:00.14 | Rendering 8 / 8 samples
Saved: 'C:\Users\Conner\OneDrive\Documents\veilbreakers-terrain\renders\quality-audit\emit_particle_systems\desert_sideprofile.png'
Time: 00:00.18 (Saving: 00:00.01)

Fra:1 Mem:44.95M (Peak 53.50M) | Time:00:00.11 | Rendering 1 / 8 samples
Fra:1 Mem:44.95M (Peak 53.50M) | Time:00:00.14 | Rendering 8 / 8 samples
Saved: 'C:\Users\Conner\OneDrive\Documents\veilbreakers-terrain\renders\quality-audit\waterfall_mist\grassland_isometric.png'
Time: 00:00.18 (Saving: 00:00.02)

Fra:1 Mem:44.95M (Peak 53.65M) | Time:00:00.11 | Rendering 1 / 8 samples
Fra:1 Mem:44.95M (Peak 53.65M) | Time:00:00.14 | Rendering 8 / 8 samples
Saved: 'C:\Users\Conner\OneDrive\Documents\veilbreakers-terrain\renders\quality-audit\waterfall_mist\grassland_topdown.png'
Time: 00:00.19 (Saving: 00:00.02)

Fra:1 Mem:44.95M (Peak 53.65M) | Time:00:00.12 | Rendering 1 / 8 samples
Fra:1 Mem:44.95M (Peak 53.65M) | Time:00:00.14 | Rendering 8 / 8 samples
Saved: 'C:\Users\Conner\OneDrive\Documents\veilbreakers-terrain\renders\quality-audit\waterfall_mist\grassland_sideprofile.png'
Time: 00:00.18 (Saving: 00:00.02)

Fra:1 Mem:44.95M (Peak 53.50M) | Time:00:00.11 | Rendering 1 / 8 samples
Fra:1 Mem:44.95M (Peak 53.50M) | Time:00:00.14 | Rendering 8 / 8 samples
Saved: 'C:\Users\Conner\OneDrive\Documents\veilbreakers-terrain\renders\quality-audit\waterfall_mist\mountain_isometric.png'
Time: 00:00.17 (Saving: 00:00.02)

Fra:1 Mem:44.95M (Peak 53.65M) | Time:00:00.12 | Rendering 1 / 8 samples
Fra:1 Mem:44.95M (Peak 53.65M) | Time:00:00.14 | Rendering 8 / 8 samples
Saved: 'C:\Users\Conner\OneDrive\Documents\veilbreakers-terrain\renders\quality-audit\waterfall_mist\mountain_topdown.png'
Time: 00:00.19 (Saving: 00:00.02)

Fra:1 Mem:44.96M (Peak 53.65M) | Time:00:00.11 | Rendering 1 / 8 samples
Fra:1 Mem:44.96M (Peak 53.65M) | Time:00:00.13 | Rendering 8 / 8 samples
Saved: 'C:\Users\Conner\OneDrive\Documents\veilbreakers-terrain\renders\quality-audit\waterfall_mist\mountain_sideprofile.png'
Time: 00:00.17 (Saving: 00:00.01)

Fra:1 Mem:44.95M (Peak 53.50M) | Time:00:00.12 | Rendering 1 / 8 samples
Fra:1 Mem:44.95M (Peak 53.50M) | Time:00:00.14 | Rendering 8 / 8 samples
Saved: 'C:\Users\Conner\OneDrive\Documents\veilbreakers-terrain\renders\quality-audit\waterfall_mist\coastal_isometric.png'
Time: 00:00.18 (Saving: 00:00.02)

Fra:1 Mem:44.95M (Peak 53.65M) | Time:00:00.12 | Rendering 1 / 8 samples
Fra:1 Mem:44.95M (Peak 53.65M) | Time:00:00.15 | Rendering 8 / 8 samples
Saved: 'C:\Users\Conner\OneDrive\Documents\veilbreakers-terrain\renders\quality-audit\waterfall_mist\coastal_topdown.png'
Time: 00:00.19 (Saving: 00:00.02)

Fra:1 Mem:44.96M (Peak 53.65M) | Time:00:00.14 | Rendering 1 / 8 samples
Fra:1 Mem:44.96M (Peak 53.65M) | Time:00:00.18 | Rendering 8 / 8 samples
Saved: 'C:\Users\Conner\OneDrive\Documents\veilbreakers-terrain\renders\quality-audit\waterfall_mist\coastal_sideprofile.png'
Time: 00:00.21 (Saving: 00:00.01)

Fra:1 Mem:44.95M (Peak 53.50M) | Time:00:00.14 | Rendering 1 / 8 samples
Fra:1 Mem:44.95M (Peak 53.50M) | Time:00:00.19 | Rendering 8 / 8 samples
Saved: 'C:\Users\Conner\OneDrive\Documents\veilbreakers-terrain\renders\quality-audit\waterfall_mist\volcanic_isometric.png'
Time: 00:00.23 (Saving: 00:00.02)

Fra:1 Mem:44.95M (Peak 53.65M) | Time:00:00.14 | Rendering 1 / 8 samples
Fra:1 Mem:44.95M (Peak 53.65M) | Time:00:00.18 | Rendering 8 / 8 samples
Saved: 'C:\Users\Conner\OneDrive\Documents\veilbreakers-terrain\renders\quality-audit\waterfall_mist\volcanic_topdown.png'
Time: 00:00.22 (Saving: 00:00.02)

Fra:1 Mem:44.96M (Peak 53.65M) | Time:00:00.14 | Rendering 1 / 8 samples
Fra:1 Mem:44.96M (Peak 53.65M) | Time:00:00.17 | Rendering 8 / 8 samples
Saved: 'C:\Users\Conner\OneDrive\Documents\veilbreakers-terrain\renders\quality-audit\waterfall_mist\volcanic_sideprofile.png'
Time: 00:00.21 (Saving: 00:00.01)

Fra:1 Mem:44.95M (Peak 53.50M) | Time:00:00.14 | Rendering 1 / 8 samples
Fra:1 Mem:44.95M (Peak 53.50M) | Time:00:00.18 | Rendering 8 / 8 samples
Saved: 'C:\Users\Conner\OneDrive\Documents\veilbreakers-terrain\renders\quality-audit\waterfall_mist\frozen_isometric.png'
Time: 00:00.22 (Saving: 00:00.02)

Fra:1 Mem:44.95M (Peak 53.65M) | Time:00:00.14 | Rendering 1 / 8 samples
Fra:1 Mem:44.95M (Peak 53.65M) | Time:00:00.18 | Rendering 8 / 8 samples
Saved: 'C:\Users\Conner\OneDrive\Documents\veilbreakers-terrain\renders\quality-audit\waterfall_mist\frozen_topdown.png'
Time: 00:00.23 (Saving: 00:00.02)

Fra:1 Mem:44.96M (Peak 53.65M) | Time:00:00.14 | Rendering 1 / 8 samples
Fra:1 Mem:44.96M (Peak 53.65M) | Time:00:00.18 | Rendering 8 / 8 samples
Saved: 'C:\Users\Conner\OneDrive\Documents\veilbreakers-terrain\renders\quality-audit\waterfall_mist\frozen_sideprofile.png'
Time: 00:00.22 (Saving: 00:00.01)

Fra:1 Mem:44.95M (Peak 53.50M) | Time:00:00.14 | Rendering 1 / 8 samples
Fra:1 Mem:44.95M (Peak 53.50M) | Time:00:00.18 | Rendering 8 / 8 samples
Saved: 'C:\Users\Conner\OneDrive\Documents\veilbreakers-terrain\renders\quality-audit\waterfall_mist\desert_isometric.png'
Time: 00:00.22 (Saving: 00:00.02)

Fra:1 Mem:44.95M (Peak 53.65M) | Time:00:00.14 | Rendering 1 / 8 samples
Fra:1 Mem:44.95M (Peak 53.65M) | Time:00:00.19 | Rendering 8 / 8 samples
Saved: 'C:\Users\Conner\OneDrive\Documents\veilbreakers-terrain\renders\quality-audit\waterfall_mist\desert_topdown.png'
Time: 00:00.23 (Saving: 00:00.02)

Fra:1 Mem:44.96M (Peak 53.65M) | Time:00:00.15 | Rendering 1 / 8 samples
Fra:1 Mem:44.96M (Peak 53.65M) | Time:00:00.19 | Rendering 8 / 8 samples
Saved: 'C:\Users\Conner\OneDrive\Documents\veilbreakers-terrain\renders\quality-audit\waterfall_mist\desert_sideprofile.png'
Time: 00:00.23 (Saving: 00:00.01)

Fra:1 Mem:44.95M (Peak 53.50M) | Time:00:00.15 | Rendering 1 / 8 samples
Fra:1 Mem:44.95M (Peak 53.50M) | Time:00:00.20 | Rendering 8 / 8 samples
Saved: 'C:\Users\Conner\OneDrive\Documents\veilbreakers-terrain\renders\quality-audit\pass_road_network\grassland_isometric.png'
Time: 00:00.24 (Saving: 00:00.02)

Fra:1 Mem:44.95M (Peak 53.65M) | Time:00:00.15 | Rendering 1 / 8 samples
Fra:1 Mem:44.95M (Peak 53.65M) | Time:00:00.19 | Rendering 8 / 8 samples
Saved: 'C:\Users\Conner\OneDrive\Documents\veilbreakers-terrain\renders\quality-audit\pass_road_network\grassland_topdown.png'
Time: 00:00.23 (Saving: 00:00.02)

Fra:1 Mem:44.96M (Peak 53.65M) | Time:00:00.15 | Rendering 1 / 8 samples
Fra:1 Mem:44.96M (Peak 53.65M) | Time:00:00.20 | Rendering 8 / 8 samples
Saved: 'C:\Users\Conner\OneDrive\Documents\veilbreakers-terrain\renders\quality-audit\pass_road_network\grassland_sideprofile.png'
Time: 00:00.24 (Saving: 00:00.01)

Fra:1 Mem:44.95M (Peak 53.50M) | Time:00:00.14 | Rendering 1 / 8 samples
Fra:1 Mem:44.95M (Peak 53.50M) | Time:00:00.20 | Rendering 8 / 8 samples
Saved: 'C:\Users\Conner\OneDrive\Documents\veilbreakers-terrain\renders\quality-audit\pass_road_network\mountain_isometric.png'
Time: 00:00.23 (Saving: 00:00.02)

Fra:1 Mem:44.95M (Peak 53.65M) | Time:00:00.15 | Rendering 1 / 8 samples
Fra:1 Mem:44.95M (Peak 53.65M) | Time:00:00.19 | Rendering 8 / 8 samples
Saved: 'C:\Users\Conner\OneDrive\Documents\veilbreakers-terrain\renders\quality-audit\pass_road_network\mountain_topdown.png'
Time: 00:00.23 (Saving: 00:00.02)

Fra:1 Mem:44.96M (Peak 53.65M) | Time:00:00.15 | Rendering 1 / 8 samples
Fra:1 Mem:44.96M (Peak 53.65M) | Time:00:00.19 | Rendering 8 / 8 samples
Saved: 'C:\Users\Conner\OneDrive\Documents\veilbreakers-terrain\renders\quality-audit\pass_road_network\mountain_sideprofile.png'
Time: 00:00.22 (Saving: 00:00.01)

Fra:1 Mem:44.95M (Peak 53.50M) | Time:00:00.15 | Rendering 1 / 8 samples
Fra:1 Mem:44.95M (Peak 53.50M) | Time:00:00.20 | Rendering 8 / 8 samples
Saved: 'C:\Users\Conner\OneDrive\Documents\veilbreakers-terrain\renders\quality-audit\pass_road_network\coastal_isometric.png'
Time: 00:00.24 (Saving: 00:00.02)

Fra:1 Mem:44.95M (Peak 53.65M) | Time:00:00.15 | Rendering 1 / 8 samples
Fra:1 Mem:44.95M (Peak 53.65M) | Time:00:00.20 | Rendering 8 / 8 samples
Saved: 'C:\Users\Conner\OneDrive\Documents\veilbreakers-terrain\renders\quality-audit\pass_road_network\coastal_topdown.png'
Time: 00:00.24 (Saving: 00:00.02)

Fra:1 Mem:44.96M (Peak 53.65M) | Time:00:00.14 | Rendering 1 / 8 samples
Fra:1 Mem:44.96M (Peak 53.65M) | Time:00:00.18 | Rendering 8 / 8 samples
Saved: 'C:\Users\Conner\OneDrive\Documents\veilbreakers-terrain\renders\quality-audit\pass_road_network\coastal_sideprofile.png'
Time: 00:00.22 (Saving: 00:00.01)

Fra:1 Mem:44.95M (Peak 53.50M) | Time:00:00.15 | Rendering 1 / 8 samples
Fra:1 Mem:44.95M (Peak 53.50M) | Time:00:00.20 | Rendering 8 / 8 samples
Saved: 'C:\Users\Conner\OneDrive\Documents\veilbreakers-terrain\renders\quality-audit\pass_road_network\volcanic_isometric.png'
Time: 00:00.24 (Saving: 00:00.01)

Fra:1 Mem:44.95M (Peak 53.65M) | Time:00:00.15 | Rendering 1 / 8 samples
Fra:1 Mem:44.95M (Peak 53.65M) | Time:00:00.19 | Rendering 8 / 8 samples
Saved: 'C:\Users\Conner\OneDrive\Documents\veilbreakers-terrain\renders\quality-audit\pass_road_network\volcanic_topdown.png'
Time: 00:00.23 (Saving: 00:00.02)

Fra:1 Mem:44.96M (Peak 53.65M) | Time:00:00.15 | Rendering 1 / 8 samples
Fra:1 Mem:44.96M (Peak 53.65M) | Time:00:00.18 | Rendering 8 / 8 samples
Saved: 'C:\Users\Conner\OneDrive\Documents\veilbreakers-terrain\renders\quality-audit\pass_road_network\volcanic_sideprofile.png'
Time: 00:00.22 (Saving: 00:00.01)

Fra:1 Mem:44.95M (Peak 53.50M) | Time:00:00.14 | Rendering 1 / 8 samples
Fra:1 Mem:44.95M (Peak 53.50M) | Time:00:00.18 | Rendering 8 / 8 samples
Saved: 'C:\Users\Conner\OneDrive\Documents\veilbreakers-terrain\renders\quality-audit\pass_road_network\frozen_isometric.png'
Time: 00:00.22 (Saving: 00:00.02)

Fra:1 Mem:44.95M (Peak 53.65M) | Time:00:00.14 | Rendering 1 / 8 samples
Fra:1 Mem:44.95M (Peak 53.65M) | Time:00:00.19 | Rendering 8 / 8 samples
Saved: 'C:\Users\Conner\OneDrive\Documents\veilbreakers-terrain\renders\quality-audit\pass_road_network\frozen_topdown.png'
Time: 00:00.23 (Saving: 00:00.02)

Fra:1 Mem:44.96M (Peak 53.65M) | Time:00:00.14 | Rendering 1 / 8 samples
Fra:1 Mem:44.96M (Peak 53.65M) | Time:00:00.18 | Rendering 8 / 8 samples
Saved: 'C:\Users\Conner\OneDrive\Documents\veilbreakers-terrain\renders\quality-audit\pass_road_network\frozen_sideprofile.png'
Time: 00:00.22 (Saving: 00:00.02)

Fra:1 Mem:44.95M (Peak 53.51M) | Time:00:00.14 | Rendering 1 / 8 samples
Fra:1 Mem:44.95M (Peak 53.51M) | Time:00:00.18 | Rendering 8 / 8 samples
Saved: 'C:\Users\Conner\OneDrive\Documents\veilbreakers-terrain\renders\quality-audit\pass_road_network\desert_isometric.png'
Time: 00:00.23 (Saving: 00:00.02)

Fra:1 Mem:44.95M (Peak 53.65M) | Time:00:00.14 | Rendering 1 / 8 samples
Fra:1 Mem:44.95M (Peak 53.65M) | Time:00:00.19 | Rendering 8 / 8 samples
Saved: 'C:\Users\Conner\OneDrive\Documents\veilbreakers-terrain\renders\quality-audit\pass_road_network\desert_topdown.png'
Time: 00:00.24 (Saving: 00:00.02)

Fra:1 Mem:44.96M (Peak 53.65M) | Time:00:00.15 | Rendering 1 / 8 samples
Fra:1 Mem:44.96M (Peak 53.65M) | Time:00:00.19 | Rendering 8 / 8 samples
Saved: 'C:\Users\Conner\OneDrive\Documents\veilbreakers-terrain\renders\quality-audit\pass_road_network\desert_sideprofile.png'
Time: 00:00.22 (Saving: 00:00.01)

Fra:1 Mem:44.95M (Peak 53.51M) | Time:00:00.15 | Rendering 1 / 8 samples
Fra:1 Mem:44.95M (Peak 53.51M) | Time:00:00.19 | Rendering 8 / 8 samples
Saved: 'C:\Users\Conner\OneDrive\Documents\veilbreakers-terrain\renders\quality-audit\materials_v2\grassland_isometric.png'
Time: 00:00.23 (Saving: 00:00.02)

Fra:1 Mem:44.95M (Peak 53.65M) | Time:00:00.14 | Rendering 1 / 8 samples
Fra:1 Mem:44.95M (Peak 53.65M) | Time:00:00.19 | Rendering 8 / 8 samples
Saved: 'C:\Users\Conner\OneDrive\Documents\veilbreakers-terrain\renders\quality-audit\materials_v2\grassland_topdown.png'
Time: 00:00.23 (Saving: 00:00.02)

Fra:1 Mem:44.96M (Peak 53.65M) | Time:00:00.14 | Rendering 1 / 8 samples
Fra:1 Mem:44.96M (Peak 53.65M) | Time:00:00.18 | Rendering 8 / 8 samples
Saved: 'C:\Users\Conner\OneDrive\Documents\veilbreakers-terrain\renders\quality-audit\materials_v2\grassland_sideprofile.png'
Time: 00:00.22 (Saving: 00:00.01)

Fra:1 Mem:44.95M (Peak 53.51M) | Time:00:00.14 | Rendering 1 / 8 samples
Fra:1 Mem:44.95M (Peak 53.51M) | Time:00:00.19 | Rendering 8 / 8 samples
Saved: 'C:\Users\Conner\OneDrive\Documents\veilbreakers-terrain\renders\quality-audit\materials_v2\mountain_isometric.png'
Time: 00:00.23 (Saving: 00:00.01)

Fra:1 Mem:44.95M (Peak 53.65M) | Time:00:00.15 | Rendering 1 / 8 samples
Fra:1 Mem:44.95M (Peak 53.65M) | Time:00:00.19 | Rendering 8 / 8 samples
Saved: 'C:\Users\Conner\OneDrive\Documents\veilbreakers-terrain\renders\quality-audit\materials_v2\mountain_topdown.png'
Time: 00:00.23 (Saving: 00:00.02)

Fra:1 Mem:44.96M (Peak 53.65M) | Time:00:00.14 | Rendering 1 / 8 samples
Fra:1 Mem:44.96M (Peak 53.65M) | Time:00:00.17 | Rendering 8 / 8 samples
Saved: 'C:\Users\Conner\OneDrive\Documents\veilbreakers-terrain\renders\quality-audit\materials_v2\mountain_sideprofile.png'
Time: 00:00.21 (Saving: 00:00.01)

Fra:1 Mem:44.95M (Peak 53.51M) | Time:00:00.15 | Rendering 1 / 8 samples
Fra:1 Mem:44.95M (Peak 53.51M) | Time:00:00.19 | Rendering 8 / 8 samples
Saved: 'C:\Users\Conner\OneDrive\Documents\veilbreakers-terrain\renders\quality-audit\materials_v2\coastal_isometric.png'
Time: 00:00.23 (Saving: 00:00.02)

Fra:1 Mem:44.96M (Peak 53.65M) | Time:00:00.15 | Rendering 1 / 8 samples
Fra:1 Mem:44.96M (Peak 53.65M) | Time:00:00.19 | Rendering 8 / 8 samples
Saved: 'C:\Users\Conner\OneDrive\Documents\veilbreakers-terrain\renders\quality-audit\materials_v2\coastal_topdown.png'
Time: 00:00.24 (Saving: 00:00.02)

Fra:1 Mem:44.96M (Peak 53.65M) | Time:00:00.14 | Rendering 1 / 8 samples
Fra:1 Mem:44.96M (Peak 53.65M) | Time:00:00.18 | Rendering 8 / 8 samples
Saved: 'C:\Users\Conner\OneDrive\Documents\veilbreakers-terrain\renders\quality-audit\materials_v2\coastal_sideprofile.png'
Time: 00:00.22 (Saving: 00:00.01)

Fra:1 Mem:44.95M (Peak 53.51M) | Time:00:00.15 | Rendering 1 / 8 samples
Fra:1 Mem:44.95M (Peak 53.51M) | Time:00:00.19 | Rendering 8 / 8 samples
Saved: 'C:\Users\Conner\OneDrive\Documents\veilbreakers-terrain\renders\quality-audit\materials_v2\volcanic_isometric.png'
Time: 00:00.23 (Saving: 00:00.02)

Fra:1 Mem:44.96M (Peak 53.65M) | Time:00:00.15 | Rendering 1 / 8 samples
Fra:1 Mem:44.96M (Peak 53.65M) | Time:00:00.19 | Rendering 8 / 8 samples
Saved: 'C:\Users\Conner\OneDrive\Documents\veilbreakers-terrain\renders\quality-audit\materials_v2\volcanic_topdown.png'
Time: 00:00.23 (Saving: 00:00.02)

Fra:1 Mem:44.96M (Peak 53.65M) | Time:00:00.15 | Rendering 1 / 8 samples
Fra:1 Mem:44.96M (Peak 53.65M) | Time:00:00.19 | Rendering 8 / 8 samples
Saved: 'C:\Users\Conner\OneDrive\Documents\veilbreakers-terrain\renders\quality-audit\materials_v2\volcanic_sideprofile.png'
Time: 00:00.22 (Saving: 00:00.01)

Fra:1 Mem:44.95M (Peak 53.51M) | Time:00:00.14 | Rendering 1 / 8 samples
Fra:1 Mem:44.95M (Peak 53.51M) | Time:00:00.19 | Rendering 8 / 8 samples
Saved: 'C:\Users\Conner\OneDrive\Documents\veilbreakers-terrain\renders\quality-audit\materials_v2\frozen_isometric.png'
Time: 00:00.23 (Saving: 00:00.02)

Fra:1 Mem:44.96M (Peak 53.65M) | Time:00:00.14 | Rendering 1 / 8 samples
Fra:1 Mem:44.96M (Peak 53.65M) | Time:00:00.23 | Rendering 8 / 8 samples
Saved: 'C:\Users\Conner\OneDrive\Documents\veilbreakers-terrain\renders\quality-audit\materials_v2\frozen_topdown.png'
Time: 00:00.27 (Saving: 00:00.02)

Fra:1 Mem:44.96M (Peak 53.65M) | Time:00:00.14 | Rendering 1 / 8 samples
Fra:1 Mem:44.96M (Peak 53.65M) | Time:00:00.19 | Rendering 8 / 8 samples
Saved: 'C:\Users\Conner\OneDrive\Documents\veilbreakers-terrain\renders\quality-audit\materials_v2\frozen_sideprofile.png'
Time: 00:00.23 (Saving: 00:00.01)

Fra:1 Mem:44.95M (Peak 53.51M) | Time:00:00.15 | Rendering 1 / 8 samples
Fra:1 Mem:44.95M (Peak 53.51M) | Time:00:00.19 | Rendering 8 / 8 samples
Saved: 'C:\Users\Conner\OneDrive\Documents\veilbreakers-terrain\renders\quality-audit\materials_v2\desert_isometric.png'
Time: 00:00.23 (Saving: 00:00.02)

Fra:1 Mem:44.96M (Peak 53.65M) | Time:00:00.15 | Rendering 1 / 8 samples
Fra:1 Mem:44.96M (Peak 53.65M) | Time:00:00.20 | Rendering 8 / 8 samples
Saved: 'C:\Users\Conner\OneDrive\Documents\veilbreakers-terrain\renders\quality-audit\materials_v2\desert_topdown.png'
Time: 00:00.24 (Saving: 00:00.02)

Fra:1 Mem:44.96M (Peak 53.65M) | Time:00:00.20 | Rendering 1 / 8 samples
Fra:1 Mem:44.96M (Peak 53.65M) | Time:00:00.27 | Rendering 8 / 8 samples
Saved: 'C:\Users\Conner\OneDrive\Documents\veilbreakers-terrain\renders\quality-audit\materials_v2\desert_sideprofile.png'
Time: 00:00.31 (Saving: 00:00.01)

Fra:1 Mem:44.95M (Peak 53.51M) | Time:00:00.10 | Rendering 1 / 8 samples
Fra:1 Mem:44.95M (Peak 53.51M) | Time:00:00.11 | Rendering 8 / 8 samples
Saved: 'C:\Users\Conner\OneDrive\Documents\veilbreakers-terrain\renders\quality-audit\materials_v2_volcanic\grassland_isometric.png'
Time: 00:00.16 (Saving: 00:00.02)

Fra:1 Mem:44.96M (Peak 53.65M) | Time:00:00.10 | Rendering 1 / 8 samples
Fra:1 Mem:44.96M (Peak 53.65M) | Time:00:00.11 | Rendering 8 / 8 samples
Saved: 'C:\Users\Conner\OneDrive\Documents\veilbreakers-terrain\renders\quality-audit\materials_v2_volcanic\grassland_topdown.png'
Time: 00:00.16 (Saving: 00:00.02)

Fra:1 Mem:44.96M (Peak 53.65M) | Time:00:00.10 | Rendering 1 / 8 samples
Fra:1 Mem:44.96M (Peak 53.65M) | Time:00:00.11 | Rendering 8 / 8 samples
Saved: 'C:\Users\Conner\OneDrive\Documents\veilbreakers-terrain\renders\quality-audit\materials_v2_volcanic\grassland_sideprofile.png'
Time: 00:00.15 (Saving: 00:00.02)

Fra:1 Mem:44.95M (Peak 53.51M) | Time:00:00.10 | Rendering 1 / 8 samples
Fra:1 Mem:44.95M (Peak 53.51M) | Time:00:00.11 | Rendering 8 / 8 samples
Saved: 'C:\Users\Conner\OneDrive\Documents\veilbreakers-terrain\renders\quality-audit\materials_v2_volcanic\mountain_isometric.png'
Time: 00:00.15 (Saving: 00:00.02)

Fra:1 Mem:44.96M (Peak 53.65M) | Time:00:00.10 | Rendering 1 / 8 samples
Fra:1 Mem:44.96M (Peak 53.65M) | Time:00:00.11 | Rendering 8 / 8 samples
Saved: 'C:\Users\Conner\OneDrive\Documents\veilbreakers-terrain\renders\quality-audit\materials_v2_volcanic\mountain_topdown.png'
Time: 00:00.15 (Saving: 00:00.02)

Fra:1 Mem:44.96M (Peak 53.65M) | Time:00:00.10 | Rendering 1 / 8 samples
Fra:1 Mem:44.96M (Peak 53.65M) | Time:00:00.11 | Rendering 8 / 8 samples
Saved: 'C:\Users\Conner\OneDrive\Documents\veilbreakers-terrain\renders\quality-audit\materials_v2_volcanic\mountain_sideprofile.png'
Time: 00:00.14 (Saving: 00:00.01)

Fra:1 Mem:44.95M (Peak 53.51M) | Time:00:00.10 | Rendering 1 / 8 samples
Fra:1 Mem:44.95M (Peak 53.51M) | Time:00:00.11 | Rendering 8 / 8 samples
Saved: 'C:\Users\Conner\OneDrive\Documents\veilbreakers-terrain\renders\quality-audit\materials_v2_volcanic\coastal_isometric.png'
Time: 00:00.15 (Saving: 00:00.02)

Fra:1 Mem:44.96M (Peak 53.65M) | Time:00:00.10 | Rendering 1 / 8 samples
Fra:1 Mem:44.96M (Peak 53.65M) | Time:00:00.11 | Rendering 8 / 8 samples
Saved: 'C:\Users\Conner\OneDrive\Documents\veilbreakers-terrain\renders\quality-audit\materials_v2_volcanic\coastal_topdown.png'
Time: 00:00.16 (Saving: 00:00.02)

Fra:1 Mem:44.96M (Peak 53.65M) | Time:00:00.10 | Rendering 1 / 8 samples
Fra:1 Mem:44.96M (Peak 53.65M) | Time:00:00.11 | Rendering 8 / 8 samples
Saved: 'C:\Users\Conner\OneDrive\Documents\veilbreakers-terrain\renders\quality-audit\materials_v2_volcanic\coastal_sideprofile.png'
Time: 00:00.15 (Saving: 00:00.02)

Fra:1 Mem:44.95M (Peak 53.51M) | Time:00:00.11 | Rendering 1 / 8 samples
Fra:1 Mem:44.95M (Peak 53.51M) | Time:00:00.12 | Rendering 8 / 8 samples
Saved: 'C:\Users\Conner\OneDrive\Documents\veilbreakers-terrain\renders\quality-audit\materials_v2_volcanic\volcanic_isometric.png'
Time: 00:00.16 (Saving: 00:00.01)

Fra:1 Mem:44.96M (Peak 53.65M) | Time:00:00.11 | Rendering 1 / 8 samples
Fra:1 Mem:44.96M (Peak 53.65M) | Time:00:00.12 | Rendering 8 / 8 samples
Saved: 'C:\Users\Conner\OneDrive\Documents\veilbreakers-terrain\renders\quality-audit\materials_v2_volcanic\volcanic_topdown.png'
Time: 00:00.17 (Saving: 00:00.02)

Fra:1 Mem:44.96M (Peak 53.65M) | Time:00:00.11 | Rendering 1 / 8 samples
Fra:1 Mem:44.96M (Peak 53.65M) | Time:00:00.12 | Rendering 8 / 8 samples
Saved: 'C:\Users\Conner\OneDrive\Documents\veilbreakers-terrain\renders\quality-audit\materials_v2_volcanic\volcanic_sideprofile.png'
Time: 00:00.16 (Saving: 00:00.01)

Fra:1 Mem:44.95M (Peak 53.51M) | Time:00:00.11 | Rendering 1 / 8 samples
Fra:1 Mem:44.95M (Peak 53.51M) | Time:00:00.12 | Rendering 8 / 8 samples
Saved: 'C:\Users\Conner\OneDrive\Documents\veilbreakers-terrain\renders\quality-audit\materials_v2_volcanic\frozen_isometric.png'
Time: 00:00.16 (Saving: 00:00.02)

Fra:1 Mem:44.96M (Peak 53.65M) | Time:00:00.11 | Rendering 1 / 8 samples
Fra:1 Mem:44.96M (Peak 53.65M) | Time:00:00.13 | Rendering 8 / 8 samples
Saved: 'C:\Users\Conner\OneDrive\Documents\veilbreakers-terrain\renders\quality-audit\materials_v2_volcanic\frozen_topdown.png'
Time: 00:00.18 (Saving: 00:00.02)

Fra:1 Mem:44.96M (Peak 53.65M) | Time:00:00.10 | Rendering 1 / 8 samples
Fra:1 Mem:44.96M (Peak 53.65M) | Time:00:00.12 | Rendering 8 / 8 samples
Saved: 'C:\Users\Conner\OneDrive\Documents\veilbreakers-terrain\renders\quality-audit\materials_v2_volcanic\frozen_sideprofile.png'
Time: 00:00.16 (Saving: 00:00.02)

Fra:1 Mem:44.95M (Peak 53.51M) | Time:00:00.11 | Rendering 1 / 8 samples
Fra:1 Mem:44.95M (Peak 53.51M) | Time:00:00.12 | Rendering 8 / 8 samples
Saved: 'C:\Users\Conner\OneDrive\Documents\veilbreakers-terrain\renders\quality-audit\materials_v2_volcanic\desert_isometric.png'
Time: 00:00.16 (Saving: 00:00.02)

Fra:1 Mem:44.96M (Peak 53.65M) | Time:00:00.11 | Rendering 1 / 8 samples
Fra:1 Mem:44.96M (Peak 53.65M) | Time:00:00.12 | Rendering 8 / 8 samples
Saved: 'C:\Users\Conner\OneDrive\Documents\veilbreakers-terrain\renders\quality-audit\materials_v2_volcanic\desert_topdown.png'
Time: 00:00.17 (Saving: 00:00.02)

Fra:1 Mem:44.96M (Peak 53.65M) | Time:00:00.11 | Rendering 1 / 8 samples
Fra:1 Mem:44.96M (Peak 53.65M) | Time:00:00.12 | Rendering 8 / 8 samples
Saved: 'C:\Users\Conner\OneDrive\Documents\veilbreakers-terrain\renders\quality-audit\materials_v2_volcanic\desert_sideprofile.png'
Time: 00:00.16 (Saving: 00:00.02)

Fra:1 Mem:44.95M (Peak 53.51M) | Time:00:00.11 | Rendering 1 / 8 samples
Fra:1 Mem:44.95M (Peak 53.51M) | Time:00:00.13 | Rendering 8 / 8 samples
Saved: 'C:\Users\Conner\OneDrive\Documents\veilbreakers-terrain\renders\quality-audit\scatter_intelligent\grassland_isometric.png'
Time: 00:00.17 (Saving: 00:00.02)

Fra:1 Mem:44.96M (Peak 53.65M) | Time:00:00.10 | Rendering 1 / 8 samples
Fra:1 Mem:44.96M (Peak 53.65M) | Time:00:00.12 | Rendering 8 / 8 samples
Saved: 'C:\Users\Conner\OneDrive\Documents\veilbreakers-terrain\renders\quality-audit\scatter_intelligent\grassland_topdown.png'
Time: 00:00.17 (Saving: 00:00.02)

Fra:1 Mem:44.96M (Peak 53.65M) | Time:00:00.11 | Rendering 1 / 8 samples
Fra:1 Mem:44.96M (Peak 53.65M) | Time:00:00.12 | Rendering 8 / 8 samples
Saved: 'C:\Users\Conner\OneDrive\Documents\veilbreakers-terrain\renders\quality-audit\scatter_intelligent\grassland_sideprofile.png'
Time: 00:00.16 (Saving: 00:00.02)

Fra:1 Mem:44.95M (Peak 53.51M) | Time:00:00.11 | Rendering 1 / 8 samples
Fra:1 Mem:44.95M (Peak 53.51M) | Time:00:00.13 | Rendering 8 / 8 samples
Saved: 'C:\Users\Conner\OneDrive\Documents\veilbreakers-terrain\renders\quality-audit\scatter_intelligent\mountain_isometric.png'
Time: 00:00.16 (Saving: 00:00.01)

Fra:1 Mem:44.96M (Peak 53.65M) | Time:00:00.11 | Rendering 1 / 8 samples
Fra:1 Mem:44.96M (Peak 53.65M) | Time:00:00.13 | Rendering 8 / 8 samples
Saved: 'C:\Users\Conner\OneDrive\Documents\veilbreakers-terrain\renders\quality-audit\scatter_intelligent\mountain_topdown.png'
Time: 00:00.18 (Saving: 00:00.02)

Fra:1 Mem:44.96M (Peak 53.65M) | Time:00:00.11 | Rendering 1 / 8 samples
Fra:1 Mem:44.96M (Peak 53.65M) | Time:00:00.12 | Rendering 8 / 8 samples
Saved: 'C:\Users\Conner\OneDrive\Documents\veilbreakers-terrain\renders\quality-audit\scatter_intelligent\mountain_sideprofile.png'
Time: 00:00.16 (Saving: 00:00.01)

Fra:1 Mem:44.95M (Peak 53.51M) | Time:00:00.11 | Rendering 1 / 8 samples
Fra:1 Mem:44.95M (Peak 53.51M) | Time:00:00.12 | Rendering 8 / 8 samples
Saved: 'C:\Users\Conner\OneDrive\Documents\veilbreakers-terrain\renders\quality-audit\scatter_intelligent\coastal_isometric.png'
Time: 00:00.16 (Saving: 00:00.02)

Fra:1 Mem:44.96M (Peak 53.65M) | Time:00:00.11 | Rendering 1 / 8 samples
Fra:1 Mem:44.96M (Peak 53.65M) | Time:00:00.13 | Rendering 8 / 8 samples
Saved: 'C:\Users\Conner\OneDrive\Documents\veilbreakers-terrain\renders\quality-audit\scatter_intelligent\coastal_topdown.png'
Time: 00:00.18 (Saving: 00:00.02)

Fra:1 Mem:44.96M (Peak 53.65M) | Time:00:00.11 | Rendering 1 / 8 samples
Fra:1 Mem:44.96M (Peak 53.65M) | Time:00:00.13 | Rendering 8 / 8 samples
Saved: 'C:\Users\Conner\OneDrive\Documents\veilbreakers-terrain\renders\quality-audit\scatter_intelligent\coastal_sideprofile.png'
Time: 00:00.17 (Saving: 00:00.02)

Fra:1 Mem:44.96M (Peak 53.51M) | Time:00:00.12 | Rendering 1 / 8 samples
Fra:1 Mem:44.96M (Peak 53.51M) | Time:00:00.14 | Rendering 8 / 8 samples
Saved: 'C:\Users\Conner\OneDrive\Documents\veilbreakers-terrain\renders\quality-audit\scatter_intelligent\volcanic_isometric.png'
Time: 00:00.17 (Saving: 00:00.02)

Fra:1 Mem:44.96M (Peak 53.65M) | Time:00:00.12 | Rendering 1 / 8 samples
Fra:1 Mem:44.96M (Peak 53.65M) | Time:00:00.14 | Rendering 8 / 8 samples
Saved: 'C:\Users\Conner\OneDrive\Documents\veilbreakers-terrain\renders\quality-audit\scatter_intelligent\volcanic_topdown.png'
Time: 00:00.18 (Saving: 00:00.02)

Fra:1 Mem:44.96M (Peak 53.65M) | Time:00:00.11 | Rendering 1 / 8 samples
Fra:1 Mem:44.96M (Peak 53.65M) | Time:00:00.13 | Rendering 8 / 8 samples
Saved: 'C:\Users\Conner\OneDrive\Documents\veilbreakers-terrain\renders\quality-audit\scatter_intelligent\volcanic_sideprofile.png'
Time: 00:00.17 (Saving: 00:00.01)

Fra:1 Mem:44.96M (Peak 53.51M) | Time:00:00.11 | Rendering 1 / 8 samples
Fra:1 Mem:44.96M (Peak 53.51M) | Time:00:00.12 | Rendering 8 / 8 samples
Saved: 'C:\Users\Conner\OneDrive\Documents\veilbreakers-terrain\renders\quality-audit\scatter_intelligent\frozen_isometric.png'
Time: 00:00.17 (Saving: 00:00.02)

Fra:1 Mem:44.96M (Peak 53.65M) | Time:00:00.11 | Rendering 1 / 8 samples
Fra:1 Mem:44.96M (Peak 53.65M) | Time:00:00.13 | Rendering 8 / 8 samples
Saved: 'C:\Users\Conner\OneDrive\Documents\veilbreakers-terrain\renders\quality-audit\scatter_intelligent\frozen_topdown.png'
Time: 00:00.18 (Saving: 00:00.02)

Fra:1 Mem:44.96M (Peak 53.65M) | Time:00:00.11 | Rendering 1 / 8 samples
Fra:1 Mem:44.96M (Peak 53.65M) | Time:00:00.13 | Rendering 8 / 8 samples
Saved: 'C:\Users\Conner\OneDrive\Documents\veilbreakers-terrain\renders\quality-audit\scatter_intelligent\frozen_sideprofile.png'
Time: 00:00.17 (Saving: 00:00.02)

Fra:1 Mem:44.96M (Peak 53.51M) | Time:00:00.11 | Rendering 1 / 8 samples
Fra:1 Mem:44.96M (Peak 53.51M) | Time:00:00.13 | Rendering 8 / 8 samples
Saved: 'C:\Users\Conner\OneDrive\Documents\veilbreakers-terrain\renders\quality-audit\scatter_intelligent\desert_isometric.png'
Time: 00:00.17 (Saving: 00:00.02)

Fra:1 Mem:44.96M (Peak 53.65M) | Time:00:00.11 | Rendering 1 / 8 samples
Fra:1 Mem:44.96M (Peak 53.65M) | Time:00:00.13 | Rendering 8 / 8 samples
Saved: 'C:\Users\Conner\OneDrive\Documents\veilbreakers-terrain\renders\quality-audit\scatter_intelligent\desert_topdown.png'
Time: 00:00.18 (Saving: 00:00.02)

Fra:1 Mem:44.96M (Peak 53.65M) | Time:00:00.11 | Rendering 1 / 8 samples
Fra:1 Mem:44.96M (Peak 53.65M) | Time:00:00.13 | Rendering 8 / 8 samples
Saved: 'C:\Users\Conner\OneDrive\Documents\veilbreakers-terrain\renders\quality-audit\scatter_intelligent\desert_sideprofile.png'
Time: 00:00.17 (Saving: 00:00.02)

Fra:1 Mem:44.96M (Peak 53.51M) | Time:00:00.11 | Rendering 1 / 8 samples
Fra:1 Mem:44.96M (Peak 53.51M) | Time:00:00.13 | Rendering 8 / 8 samples
Saved: 'C:\Users\Conner\OneDrive\Documents\veilbreakers-terrain\renders\quality-audit\pass_procedural_grass\grassland_isometric.png'
Time: 00:00.18 (Saving: 00:00.02)

Fra:1 Mem:44.96M (Peak 53.65M) | Time:00:00.11 | Rendering 1 / 8 samples
Fra:1 Mem:44.96M (Peak 53.65M) | Time:00:00.13 | Rendering 8 / 8 samples
Saved: 'C:\Users\Conner\OneDrive\Documents\veilbreakers-terrain\renders\quality-audit\pass_procedural_grass\grassland_topdown.png'
Time: 00:00.18 (Saving: 00:00.02)

Fra:1 Mem:44.96M (Peak 53.65M) | Time:00:00.11 | Rendering 1 / 8 samples
Fra:1 Mem:44.96M (Peak 53.65M) | Time:00:00.13 | Rendering 8 / 8 samples
Saved: 'C:\Users\Conner\OneDrive\Documents\veilbreakers-terrain\renders\quality-audit\pass_procedural_grass\grassland_sideprofile.png'
Time: 00:00.17 (Saving: 00:00.02)

Fra:1 Mem:44.96M (Peak 53.51M) | Time:00:00.11 | Rendering 1 / 8 samples
Fra:1 Mem:44.96M (Peak 53.51M) | Time:00:00.13 | Rendering 8 / 8 samples
Saved: 'C:\Users\Conner\OneDrive\Documents\veilbreakers-terrain\renders\quality-audit\pass_procedural_grass\mountain_isometric.png'
Time: 00:00.18 (Saving: 00:00.02)

Fra:1 Mem:44.96M (Peak 53.65M) | Time:00:00.11 | Rendering 1 / 8 samples
Fra:1 Mem:44.96M (Peak 53.65M) | Time:00:00.14 | Rendering 8 / 8 samples
Saved: 'C:\Users\Conner\OneDrive\Documents\veilbreakers-terrain\renders\quality-audit\pass_procedural_grass\mountain_topdown.png'
Time: 00:00.18 (Saving: 00:00.02)

Fra:1 Mem:44.96M (Peak 53.65M) | Time:00:00.11 | Rendering 1 / 8 samples
Fra:1 Mem:44.96M (Peak 53.65M) | Time:00:00.13 | Rendering 8 / 8 samples
Saved: 'C:\Users\Conner\OneDrive\Documents\veilbreakers-terrain\renders\quality-audit\pass_procedural_grass\mountain_sideprofile.png'
Time: 00:00.17 (Saving: 00:00.02)

Fra:1 Mem:44.96M (Peak 53.51M) | Time:00:00.11 | Rendering 1 / 8 samples
Fra:1 Mem:44.96M (Peak 53.51M) | Time:00:00.14 | Rendering 8 / 8 samples
Saved: 'C:\Users\Conner\OneDrive\Documents\veilbreakers-terrain\renders\quality-audit\pass_procedural_grass\coastal_isometric.png'
Time: 00:00.17 (Saving: 00:00.02)

Fra:1 Mem:44.96M (Peak 53.65M) | Time:00:00.11 | Rendering 1 / 8 samples
Fra:1 Mem:44.96M (Peak 53.65M) | Time:00:00.14 | Rendering 8 / 8 samples
Saved: 'C:\Users\Conner\OneDrive\Documents\veilbreakers-terrain\renders\quality-audit\pass_procedural_grass\coastal_topdown.png'
Time: 00:00.19 (Saving: 00:00.02)

Fra:1 Mem:44.96M (Peak 53.65M) | Time:00:00.11 | Rendering 1 / 8 samples
Fra:1 Mem:44.96M (Peak 53.65M) | Time:00:00.14 | Rendering 8 / 8 samples
Saved: 'C:\Users\Conner\OneDrive\Documents\veilbreakers-terrain\renders\quality-audit\pass_procedural_grass\coastal_sideprofile.png'
Time: 00:00.17 (Saving: 00:00.01)

Fra:1 Mem:44.96M (Peak 53.51M) | Time:00:00.12 | Rendering 1 / 8 samples
Fra:1 Mem:44.96M (Peak 53.51M) | Time:00:00.15 | Rendering 8 / 8 samples
Saved: 'C:\Users\Conner\OneDrive\Documents\veilbreakers-terrain\renders\quality-audit\pass_procedural_grass\volcanic_isometric.png'
Time: 00:00.18 (Saving: 00:00.01)

Fra:1 Mem:44.96M (Peak 53.65M) | Time:00:00.12 | Rendering 1 / 8 samples
Fra:1 Mem:44.96M (Peak 53.65M) | Time:00:00.15 | Rendering 8 / 8 samples
Saved: 'C:\Users\Conner\OneDrive\Documents\veilbreakers-terrain\renders\quality-audit\pass_procedural_grass\volcanic_topdown.png'
Time: 00:00.18 (Saving: 00:00.02)

Fra:1 Mem:44.96M (Peak 53.65M) | Time:00:00.11 | Rendering 1 / 8 samples
Fra:1 Mem:44.96M (Peak 53.65M) | Time:00:00.14 | Rendering 8 / 8 samples
Saved: 'C:\Users\Conner\OneDrive\Documents\veilbreakers-terrain\renders\quality-audit\pass_procedural_grass\volcanic_sideprofile.png'
Time: 00:00.18 (Saving: 00:00.01)

Fra:1 Mem:44.96M (Peak 53.51M) | Time:00:00.12 | Rendering 1 / 8 samples
Fra:1 Mem:44.96M (Peak 53.51M) | Time:00:00.14 | Rendering 8 / 8 samples
Saved: 'C:\Users\Conner\OneDrive\Documents\veilbreakers-terrain\renders\quality-audit\pass_procedural_grass\frozen_isometric.png'
Time: 00:00.18 (Saving: 00:00.02)

Fra:1 Mem:44.96M (Peak 53.65M) | Time:00:00.11 | Rendering 1 / 8 samples
Fra:1 Mem:44.96M (Peak 53.65M) | Time:00:00.14 | Rendering 8 / 8 samples
Saved: 'C:\Users\Conner\OneDrive\Documents\veilbreakers-terrain\renders\quality-audit\pass_procedural_grass\frozen_topdown.png'
Time: 00:00.18 (Saving: 00:00.02)

Fra:1 Mem:44.96M (Peak 53.65M) | Time:00:00.12 | Rendering 1 / 8 samples
Fra:1 Mem:44.96M (Peak 53.65M) | Time:00:00.14 | Rendering 8 / 8 samples
Saved: 'C:\Users\Conner\OneDrive\Documents\veilbreakers-terrain\renders\quality-audit\pass_procedural_grass\frozen_sideprofile.png'
Time: 00:00.18 (Saving: 00:00.01)

Fra:1 Mem:44.96M (Peak 53.51M) | Time:00:00.12 | Rendering 1 / 8 samples
Fra:1 Mem:44.96M (Peak 53.51M) | Time:00:00.14 | Rendering 8 / 8 samples
Saved: 'C:\Users\Conner\OneDrive\Documents\veilbreakers-terrain\renders\quality-audit\pass_procedural_grass\desert_isometric.png'
Time: 00:00.18 (Saving: 00:00.02)

Fra:1 Mem:44.96M (Peak 53.65M) | Time:00:00.11 | Rendering 1 / 8 samples
Fra:1 Mem:44.96M (Peak 53.65M) | Time:00:00.16 | Rendering 8 / 8 samples
Saved: 'C:\Users\Conner\OneDrive\Documents\veilbreakers-terrain\renders\quality-audit\pass_procedural_grass\desert_topdown.png'
Time: 00:00.20 (Saving: 00:00.02)

Fra:1 Mem:44.96M (Peak 53.65M) | Time:00:00.14 | Rendering 1 / 8 samples
Fra:1 Mem:44.96M (Peak 53.65M) | Time:00:00.17 | Rendering 8 / 8 samples
Saved: 'C:\Users\Conner\OneDrive\Documents\veilbreakers-terrain\renders\quality-audit\pass_procedural_grass\desert_sideprofile.png'
Time: 00:00.21 (Saving: 00:00.02)

Fra:1 Mem:44.96M (Peak 53.51M) | Time:00:00.14 | Rendering 1 / 8 samples
Fra:1 Mem:44.96M (Peak 53.51M) | Time:00:00.18 | Rendering 8 / 8 samples
Saved: 'C:\Users\Conner\OneDrive\Documents\veilbreakers-terrain\renders\quality-audit\validation_full\grassland_isometric.png'
Time: 00:00.22 (Saving: 00:00.02)

Fra:1 Mem:44.96M (Peak 53.65M) | Time:00:00.14 | Rendering 1 / 8 samples
Fra:1 Mem:44.96M (Peak 53.65M) | Time:00:00.17 | Rendering 8 / 8 samples
Saved: 'C:\Users\Conner\OneDrive\Documents\veilbreakers-terrain\renders\quality-audit\validation_full\grassland_topdown.png'
Time: 00:00.22 (Saving: 00:00.02)

Fra:1 Mem:44.96M (Peak 53.65M) | Time:00:00.14 | Rendering 1 / 8 samples
Fra:1 Mem:44.96M (Peak 53.65M) | Time:00:00.18 | Rendering 8 / 8 samples
Saved: 'C:\Users\Conner\OneDrive\Documents\veilbreakers-terrain\renders\quality-audit\validation_full\grassland_sideprofile.png'
Time: 00:00.21 (Saving: 00:00.01)

Fra:1 Mem:44.96M (Peak 53.51M) | Time:00:00.14 | Rendering 1 / 8 samples
Fra:1 Mem:44.96M (Peak 53.51M) | Time:00:00.18 | Rendering 8 / 8 samples
Saved: 'C:\Users\Conner\OneDrive\Documents\veilbreakers-terrain\renders\quality-audit\validation_full\mountain_isometric.png'
Time: 00:00.21 (Saving: 00:00.01)

Fra:1 Mem:44.96M (Peak 53.65M) | Time:00:00.14 | Rendering 1 / 8 samples
Fra:1 Mem:44.96M (Peak 53.65M) | Time:00:00.18 | Rendering 8 / 8 samples
Saved: 'C:\Users\Conner\OneDrive\Documents\veilbreakers-terrain\renders\quality-audit\validation_full\mountain_topdown.png'
Time: 00:00.22 (Saving: 00:00.02)

Fra:1 Mem:44.96M (Peak 53.65M) | Time:00:00.14 | Rendering 1 / 8 samples
Fra:1 Mem:44.96M (Peak 53.65M) | Time:00:00.17 | Rendering 8 / 8 samples
Saved: 'C:\Users\Conner\OneDrive\Documents\veilbreakers-terrain\renders\quality-audit\validation_full\mountain_sideprofile.png'
Time: 00:00.20 (Saving: 00:00.01)

Fra:1 Mem:44.96M (Peak 53.51M) | Time:00:00.14 | Rendering 1 / 8 samples
Fra:1 Mem:44.96M (Peak 53.51M) | Time:00:00.18 | Rendering 8 / 8 samples
Saved: 'C:\Users\Conner\OneDrive\Documents\veilbreakers-terrain\renders\quality-audit\validation_full\coastal_isometric.png'
Time: 00:00.22 (Saving: 00:00.02)

Fra:1 Mem:44.96M (Peak 53.65M) | Time:00:00.15 | Rendering 1 / 8 samples
Fra:1 Mem:44.96M (Peak 53.65M) | Time:00:00.19 | Rendering 8 / 8 samples
Saved: 'C:\Users\Conner\OneDrive\Documents\veilbreakers-terrain\renders\quality-audit\validation_full\coastal_topdown.png'
Time: 00:00.23 (Saving: 00:00.02)

Fra:1 Mem:44.96M (Peak 53.65M) | Time:00:00.14 | Rendering 1 / 8 samples
Fra:1 Mem:44.96M (Peak 53.65M) | Time:00:00.18 | Rendering 8 / 8 samples
Saved: 'C:\Users\Conner\OneDrive\Documents\veilbreakers-terrain\renders\quality-audit\validation_full\coastal_sideprofile.png'
Time: 00:00.22 (Saving: 00:00.01)

Fra:1 Mem:44.96M (Peak 53.51M) | Time:00:00.15 | Rendering 1 / 8 samples
Fra:1 Mem:44.96M (Peak 53.51M) | Time:00:00.20 | Rendering 8 / 8 samples
Saved: 'C:\Users\Conner\OneDrive\Documents\veilbreakers-terrain\renders\quality-audit\validation_full\volcanic_isometric.png'
Time: 00:00.24 (Saving: 00:00.01)

Fra:1 Mem:44.96M (Peak 53.65M) | Time:00:00.15 | Rendering 1 / 8 samples
Fra:1 Mem:44.96M (Peak 53.65M) | Time:00:00.20 | Rendering 8 / 8 samples
Saved: 'C:\Users\Conner\OneDrive\Documents\veilbreakers-terrain\renders\quality-audit\validation_full\volcanic_topdown.png'
Time: 00:00.24 (Saving: 00:00.02)

Fra:1 Mem:44.96M (Peak 53.65M) | Time:00:00.15 | Rendering 1 / 8 samples
Fra:1 Mem:44.96M (Peak 53.65M) | Time:00:00.18 | Rendering 8 / 8 samples
Saved: 'C:\Users\Conner\OneDrive\Documents\veilbreakers-terrain\renders\quality-audit\validation_full\volcanic_sideprofile.png'
Time: 00:00.22 (Saving: 00:00.01)

Fra:1 Mem:44.96M (Peak 53.51M) | Time:00:00.14 | Rendering 1 / 8 samples
Fra:1 Mem:44.96M (Peak 53.51M) | Time:00:00.18 | Rendering 8 / 8 samples
Saved: 'C:\Users\Conner\OneDrive\Documents\veilbreakers-terrain\renders\quality-audit\validation_full\frozen_isometric.png'
Time: 00:00.22 (Saving: 00:00.02)

Fra:1 Mem:44.96M (Peak 53.65M) | Time:00:00.15 | Rendering 1 / 8 samples
Fra:1 Mem:44.96M (Peak 53.65M) | Time:00:00.19 | Rendering 8 / 8 samples
Saved: 'C:\Users\Conner\OneDrive\Documents\veilbreakers-terrain\renders\quality-audit\validation_full\frozen_topdown.png'
Time: 00:00.23 (Saving: 00:00.02)

Fra:1 Mem:44.96M (Peak 53.65M) | Time:00:00.14 | Rendering 1 / 8 samples
Fra:1 Mem:44.96M (Peak 53.65M) | Time:00:00.18 | Rendering 8 / 8 samples
Saved: 'C:\Users\Conner\OneDrive\Documents\veilbreakers-terrain\renders\quality-audit\validation_full\frozen_sideprofile.png'
Time: 00:00.22 (Saving: 00:00.02)

Fra:1 Mem:44.96M (Peak 53.51M) | Time:00:00.14 | Rendering 1 / 8 samples
Fra:1 Mem:44.96M (Peak 53.51M) | Time:00:00.18 | Rendering 8 / 8 samples
Saved: 'C:\Users\Conner\OneDrive\Documents\veilbreakers-terrain\renders\quality-audit\validation_full\desert_isometric.png'
Time: 00:00.22 (Saving: 00:00.02)

Fra:1 Mem:44.96M (Peak 53.65M) | Time:00:00.14 | Rendering 1 / 8 samples
Fra:1 Mem:44.96M (Peak 53.65M) | Time:00:00.19 | Rendering 8 / 8 samples
Saved: 'C:\Users\Conner\OneDrive\Documents\veilbreakers-terrain\renders\quality-audit\validation_full\desert_topdown.png'
Time: 00:00.23 (Saving: 00:00.02)

Fra:1 Mem:44.96M (Peak 53.65M) | Time:00:00.15 | Rendering 1 / 8 samples
Fra:1 Mem:44.96M (Peak 53.65M) | Time:00:00.18 | Rendering 8 / 8 samples
Saved: 'C:\Users\Conner\OneDrive\Documents\veilbreakers-terrain\renders\quality-audit\validation_full\desert_sideprofile.png'
Time: 00:00.22 (Saving: 00:00.01)

Fra:1 Mem:44.96M (Peak 53.51M) | Time:00:00.15 | Rendering 1 / 8 samples
Fra:1 Mem:44.96M (Peak 53.51M) | Time:00:00.18 | Rendering 8 / 8 samples
Saved: 'C:\Users\Conner\OneDrive\Documents\veilbreakers-terrain\renders\quality-audit\saliency_refine\grassland_isometric.png'
Time: 00:00.22 (Saving: 00:00.02)

Fra:1 Mem:44.96M (Peak 53.65M) | Time:00:00.15 | Rendering 1 / 8 samples
Fra:1 Mem:44.96M (Peak 53.65M) | Time:00:00.19 | Rendering 8 / 8 samples
Saved: 'C:\Users\Conner\OneDrive\Documents\veilbreakers-terrain\renders\quality-audit\saliency_refine\grassland_topdown.png'
Time: 00:00.23 (Saving: 00:00.02)

Fra:1 Mem:44.96M (Peak 53.65M) | Time:00:00.15 | Rendering 1 / 8 samples
Fra:1 Mem:44.96M (Peak 53.65M) | Time:00:00.19 | Rendering 8 / 8 samples
Saved: 'C:\Users\Conner\OneDrive\Documents\veilbreakers-terrain\renders\quality-audit\saliency_refine\grassland_sideprofile.png'
Time: 00:00.23 (Saving: 00:00.01)

Fra:1 Mem:44.96M (Peak 53.51M) | Time:00:00.15 | Rendering 1 / 8 samples
Fra:1 Mem:44.96M (Peak 53.51M) | Time:00:00.20 | Rendering 8 / 8 samples
Saved: 'C:\Users\Conner\OneDrive\Documents\veilbreakers-terrain\renders\quality-audit\saliency_refine\mountain_isometric.png'
Time: 00:00.24 (Saving: 00:00.02)

Fra:1 Mem:44.96M (Peak 53.65M) | Time:00:00.22 | Rendering 1 / 8 samples
Fra:1 Mem:44.96M (Peak 53.65M) | Time:00:00.30 | Rendering 8 / 8 samples
Saved: 'C:\Users\Conner\OneDrive\Documents\veilbreakers-terrain\renders\quality-audit\saliency_refine\mountain_topdown.png'
Time: 00:00.34 (Saving: 00:00.02)

Fra:1 Mem:44.96M (Peak 53.65M) | Time:00:00.10 | Rendering 1 / 8 samples
Fra:1 Mem:44.96M (Peak 53.65M) | Time:00:00.11 | Rendering 8 / 8 samples
Saved: 'C:\Users\Conner\OneDrive\Documents\veilbreakers-terrain\renders\quality-audit\saliency_refine\mountain_sideprofile.png'
Time: 00:00.15 (Saving: 00:00.01)

Fra:1 Mem:44.96M (Peak 53.51M) | Time:00:00.11 | Rendering 1 / 8 samples
Fra:1 Mem:44.96M (Peak 53.51M) | Time:00:00.12 | Rendering 8 / 8 samples
Saved: 'C:\Users\Conner\OneDrive\Documents\veilbreakers-terrain\renders\quality-audit\saliency_refine\coastal_isometric.png'
Time: 00:00.15 (Saving: 00:00.02)

Fra:1 Mem:44.96M (Peak 53.65M) | Time:00:00.10 | Rendering 1 / 8 samples
Fra:1 Mem:44.96M (Peak 53.65M) | Time:00:00.11 | Rendering 8 / 8 samples
Saved: 'C:\Users\Conner\OneDrive\Documents\veilbreakers-terrain\renders\quality-audit\saliency_refine\coastal_topdown.png'
Time: 00:00.16 (Saving: 00:00.02)

Fra:1 Mem:44.96M (Peak 53.65M) | Time:00:00.09 | Rendering 1 / 8 samples
Fra:1 Mem:44.96M (Peak 53.65M) | Time:00:00.10 | Rendering 8 / 8 samples
Saved: 'C:\Users\Conner\OneDrive\Documents\veilbreakers-terrain\renders\quality-audit\saliency_refine\coastal_sideprofile.png'
Time: 00:00.14 (Saving: 00:00.02)

Fra:1 Mem:44.96M (Peak 53.51M) | Time:00:00.10 | Rendering 1 / 8 samples
Fra:1 Mem:44.96M (Peak 53.51M) | Time:00:00.12 | Rendering 8 / 8 samples
Saved: 'C:\Users\Conner\OneDrive\Documents\veilbreakers-terrain\renders\quality-audit\saliency_refine\volcanic_isometric.png'
Time: 00:00.15 (Saving: 00:00.01)

Fra:1 Mem:44.96M (Peak 53.65M) | Time:00:00.10 | Rendering 1 / 8 samples
Fra:1 Mem:44.96M (Peak 53.65M) | Time:00:00.12 | Rendering 8 / 8 samples
Saved: 'C:\Users\Conner\OneDrive\Documents\veilbreakers-terrain\renders\quality-audit\saliency_refine\volcanic_topdown.png'
Time: 00:00.16 (Saving: 00:00.02)

Fra:1 Mem:44.96M (Peak 53.65M) | Time:00:00.10 | Rendering 1 / 8 samples
Fra:1 Mem:44.96M (Peak 53.65M) | Time:00:00.11 | Rendering 8 / 8 samples
Saved: 'C:\Users\Conner\OneDrive\Documents\veilbreakers-terrain\renders\quality-audit\saliency_refine\volcanic_sideprofile.png'
Time: 00:00.15 (Saving: 00:00.02)

Fra:1 Mem:44.96M (Peak 53.51M) | Time:00:00.10 | Rendering 1 / 8 samples
Fra:1 Mem:44.96M (Peak 53.51M) | Time:00:00.11 | Rendering 8 / 8 samples
Saved: 'C:\Users\Conner\OneDrive\Documents\veilbreakers-terrain\renders\quality-audit\saliency_refine\frozen_isometric.png'
Time: 00:00.15 (Saving: 00:00.02)

Fra:1 Mem:44.96M (Peak 53.65M) | Time:00:00.10 | Rendering 1 / 8 samples
Fra:1 Mem:44.96M (Peak 53.65M) | Time:00:00.11 | Rendering 8 / 8 samples
Saved: 'C:\Users\Conner\OneDrive\Documents\veilbreakers-terrain\renders\quality-audit\saliency_refine\frozen_topdown.png'
Time: 00:00.16 (Saving: 00:00.02)

Fra:1 Mem:44.96M (Peak 53.65M) | Time:00:00.10 | Rendering 1 / 8 samples
Fra:1 Mem:44.96M (Peak 53.65M) | Time:00:00.11 | Rendering 8 / 8 samples
Saved: 'C:\Users\Conner\OneDrive\Documents\veilbreakers-terrain\renders\quality-audit\saliency_refine\frozen_sideprofile.png'
Time: 00:00.15 (Saving: 00:00.02)

Fra:1 Mem:44.96M (Peak 53.51M) | Time:00:00.11 | Rendering 1 / 8 samples
Fra:1 Mem:44.96M (Peak 53.51M) | Time:00:00.12 | Rendering 8 / 8 samples
Saved: 'C:\Users\Conner\OneDrive\Documents\veilbreakers-terrain\renders\quality-audit\saliency_refine\desert_isometric.png'
Time: 00:00.16 (Saving: 00:00.02)

Fra:1 Mem:44.96M (Peak 53.65M) | Time:00:00.10 | Rendering 1 / 8 samples
Fra:1 Mem:44.96M (Peak 53.65M) | Time:00:00.12 | Rendering 8 / 8 samples
Saved: 'C:\Users\Conner\OneDrive\Documents\veilbreakers-terrain\renders\quality-audit\saliency_refine\desert_topdown.png'
Time: 00:00.16 (Saving: 00:00.02)

Fra:1 Mem:44.96M (Peak 53.65M) | Time:00:00.11 | Rendering 1 / 8 samples
Fra:1 Mem:44.96M (Peak 53.65M) | Time:00:00.12 | Rendering 8 / 8 samples
Saved: 'C:\Users\Conner\OneDrive\Documents\veilbreakers-terrain\renders\quality-audit\saliency_refine\desert_sideprofile.png'
Time: 00:00.16 (Saving: 00:00.02)


[RENDERER] 132/438 banded_macro/desert: 3 renders done
[RENDERER] 133/438 pass_banded_advanced/grassland: 3 renders done
[RENDERER] 134/438 pass_banded_advanced/mountain: 3 renders done
[RENDERER] 135/438 pass_banded_advanced/coastal: 3 renders done
[RENDERER] 136/438 pass_banded_advanced/volcanic: 3 renders done
[RENDERER] 137/438 pass_banded_advanced/frozen: 3 renders done
[RENDERER] 138/438 pass_banded_advanced/desert: 3 renders done
[RENDERER] 139/438 pass_morphology/grassland: 3 renders done
[RENDERER] 140/438 pass_morphology/mountain: 3 renders done
[RENDERER] 141/438 pass_morphology/coastal: 3 renders done
[RENDERER] 142/438 pass_morphology/volcanic: 3 renders done
[RENDERER] 143/438 pass_morphology/frozen: 3 renders done
[RENDERER] 144/438 pass_morphology/desert: 3 renders done
[RENDERER] 145/438 pass_terrain_features/grassland: 3 renders done
[RENDERER] 146/438 pass_terrain_features/mountain: 3 renders done
[RENDERER] 147/438 pass_terrain_features/coastal: 3 renders done
[RENDERER] 148/438 pass_terrain_features/volcanic: 3 renders done
[RENDERER] 149/438 pass_terrain_features/frozen: 3 renders done
[RENDERER] 150/438 pass_terrain_features/desert: 3 renders done
[RENDERER] 151/438 framing/grassland: 3 renders done
[RENDERER] 152/438 framing/mountain: 3 renders done
[RENDERER] 153/438 framing/coastal: 3 renders done
[RENDERER] 154/438 framing/volcanic: 3 renders done
[RENDERER] 155/438 framing/frozen: 3 renders done
[RENDERER] 156/438 framing/desert: 3 renders done
[RENDERER] 157/438 caves/grassland: 3 renders done
[RENDERER] 158/438 caves/mountain: 3 renders done
[RENDERER] 159/438 caves/coastal: 3 renders done
[RENDERER] 160/438 caves/volcanic: 3 renders done
[RENDERER] 161/438 caves/frozen: 3 renders done
[RENDERER] 162/438 caves/desert: 3 renders done
[RENDERER] 163/438 stratigraphy/grassland: 3 renders done
[RENDERER] 164/438 stratigraphy/mountain: 3 renders done
[RENDERER] 165/438 stratigraphy/coastal: 3 renders done
[RENDERER] 166/438 stratigraphy/volcanic: 3 renders done
[RENDERER] 167/438 stratigraphy/frozen: 3 renders done
[RENDERER] 168/438 stratigraphy/desert: 3 renders done
[RENDERER] 169/438 glacial/grassland: 3 renders done
[RENDERER] 170/438 glacial/mountain: 3 renders done
[RENDERER] 171/438 glacial/coastal: 3 renders done
[RENDERER] 172/438 glacial/volcanic: 3 renders done
[RENDERER] 173/438 glacial/frozen: 3 renders done
[RENDERER] 174/438 glacial/desert: 3 renders done
[RENDERER] 175/438 wind_erosion/grassland: 3 renders done
[RENDERER] 176/438 wind_erosion/mountain: 3 renders done
[RENDERER] 177/438 wind_erosion/coastal: 3 renders done
[RENDERER] 178/438 wind_erosion/volcanic: 3 renders done
[RENDERER] 179/438 wind_erosion/frozen: 3 renders done
[RENDERER] 180/438 wind_erosion/desert: 3 renders done
[RENDERER] 181/438 coastline/grassland: 3 renders done
[RENDERER] 182/438 coastline/mountain: 3 renders done
[RENDERER] 183/438 coastline/coastal: 3 renders done
[RENDERER] 184/438 coastline/volcanic: 3 renders done
[RENDERER] 185/438 coastline/frozen: 3 renders done
[RENDERER] 186/438 coastline/desert: 3 renders done
[RENDERER] 187/438 karst/grassland: 3 renders done
[RENDERER] 188/438 karst/mountain: 3 renders done
[RENDERER] 189/438 karst/coastal: 3 renders done
[RENDERER] 190/438 karst/volcanic: 3 renders done
[RENDERER] 191/438 karst/frozen: 3 renders done
[RENDERER] 192/438 karst/desert: 3 renders done
[RENDERER] 193/438 pass_glacial/grassland: 3 renders done
[RENDERER] 194/438 pass_glacial/mountain: 3 renders done
[RENDERER] 195/438 pass_glacial/coastal: 3 renders done
[RENDERER] 196/438 pass_glacial/volcanic: 3 renders done
[RENDERER] 197/438 pass_glacial/frozen: 3 renders done
[RENDERER] 198/438 pass_glacial/desert: 3 renders done
[RENDERER] 199/438 pass_lava_simulation/grassland: 3 renders done
[RENDERER] 200/438 pass_lava_simulation/mountain: 3 renders done
[RENDERER] 201/438 pass_lava_simulation/coastal: 3 renders done
[RENDERER] 202/438 pass_lava_simulation/volcanic: 3 renders done
[RENDERER] 203/438 pass_lava_simulation/frozen: 3 renders done
[RENDERER] 204/438 pass_lava_simulation/desert: 3 renders done
[RENDERER] 205/438 talus/grassland: 3 renders done
[RENDERER] 206/438 talus/mountain: 3 renders done
[RENDERER] 207/438 talus/coastal: 3 renders done
[RENDERER] 208/438 talus/volcanic: 3 renders done
[RENDERER] 209/438 talus/frozen: 3 renders done
[RENDERER] 210/438 talus/desert: 3 renders done
[RENDERER] 211/438 waterfalls/grassland: 3 renders done
[RENDERER] 212/438 waterfalls/mountain: 3 renders done
[RENDERER] 213/438 waterfalls/coastal: 3 renders done
[RENDERER] 214/438 waterfalls/volcanic: 3 renders done
[RENDERER] 215/438 waterfalls/frozen: 3 renders done
[RENDERER] 216/438 waterfalls/desert: 3 renders done
[RENDERER] 217/438 emit_particle_systems/grassland: 3 renders done
[RENDERER] 218/438 emit_particle_systems/mountain: 3 renders done
[RENDERER] 219/438 emit_particle_systems/coastal: 3 renders done
[RENDERER] 220/438 emit_particle_systems/volcanic: 3 renders done
[RENDERER] 221/438 emit_particle_systems/frozen: 3 renders done
[RENDERER] 222/438 emit_particle_systems/desert: 3 renders done
[RENDERER] 223/438 waterfall_mist/grassland: 3 renders done
[RENDERER] 224/438 waterfall_mist/mountain: 3 renders done
[RENDERER] 225/438 waterfall_mist/coastal: 3 renders done
[RENDERER] 226/438 waterfall_mist/volcanic: 3 renders done
[RENDERER] 227/438 waterfall_mist/frozen: 3 renders done
[RENDERER] 228/438 waterfall_mist/desert: 3 renders done
[RENDERER] 229/438 pass_road_network/grassland: 3 renders done
[RENDERER] 230/438 pass_road_network/mountain: 3 renders done
[RENDERER] 231/438 pass_road_network/coastal: 3 renders done
[RENDERER] 232/438 pass_road_network/volcanic: 3 renders done
[RENDERER] 233/438 pass_road_network/frozen: 3 renders done
[RENDERER] 234/438 pass_road_network/desert: 3 renders done
[RENDERER] 235/438 materials_v2/grassland: 3 renders done
[RENDERER] 236/438 materials_v2/mountain: 3 renders done
[RENDERER] 237/438 materials_v2/coastal: 3 renders done
[RENDERER] 238/438 materials_v2/volcanic: 3 renders done
[RENDERER] 239/438 materials_v2/frozen: 3 renders done
[RENDERER] 240/438 materials_v2/desert: 3 renders done
[RENDERER] 241/438 materials_v2_volcanic/grassland: 3 renders done
[RENDERER] 242/438 materials_v2_volcanic/mountain: 3 renders done
[RENDERER] 243/438 materials_v2_volcanic/coastal: 3 renders done
[RENDERER] 244/438 materials_v2_volcanic/volcanic: 3 renders done
[RENDERER] 245/438 materials_v2_volcanic/frozen: 3 renders done
[RENDERER] 246/438 materials_v2_volcanic/desert: 3 renders done
[RENDERER] 247/438 scatter_intelligent/grassland: 3 renders done
[RENDERER] 248/438 scatter_intelligent/mountain: 3 renders done
[RENDERER] 249/438 scatter_intelligent/coastal: 3 renders done
[RENDERER] 250/438 scatter_intelligent/volcanic: 3 renders done
[RENDERER] 251/438 scatter_intelligent/frozen: 3 renders done
[RENDERER] 252/438 scatter_intelligent/desert: 3 renders done
[RENDERER] 253/438 pass_procedural_grass/grassland: 3 renders done
[RENDERER] 254/438 pass_procedural_grass/mountain: 3 renders done
[RENDERER] 255/438 pass_procedural_grass/coastal: 3 renders done
[RENDERER] 256/438 pass_procedural_grass/volcanic: 3 renders done
[RENDERER] 257/438 pass_procedural_grass/frozen: 3 renders done
[RENDERER] 258/438 pass_procedural_grass/desert: 3 renders done
[RENDERER] 259/438 validation_full/grassland: 3 renders done
[RENDERER] 260/438 validation_full/mountain: 3 renders done
[RENDERER] 261/438 validation_full/coastal: 3 renders done
[RENDERER] 262/438 validation_full/volcanic: 3 renders done
[RENDERER] 263/438 validation_full/frozen: 3 renders done
[RENDERER] 264/438 validation_full/desert: 3 renders done
[RENDERER] 265/438 saliency_refine/grassland: 3 renders done
[RENDERER] 266/438 saliency_refine/mountain: 3 renders done
[RENDERER] 267/438 saliency_refine/coastal: 3 renders done
[RENDERER] 268/438 saliency_refine/volcanic: 3 renders done
[RENDERER] 269/438 saliency_refine/frozen: 3 renders done
[RENDERER] 270/438 saliency_refine/desert: 3 renders doneFra:1 Mem:44.96M (Peak 53.51M) | Time:00:00.11 | Rendering 1 / 8 samples
Fra:1 Mem:44.96M (Peak 53.51M) | Time:00:00.12 | Rendering 8 / 8 samples
Saved: 'C:\Users\Conner\OneDrive\Documents\veilbreakers-terrain\renders\quality-audit\prepare_terrain_normals\grassland_isometric.png'
Time: 00:00.16 (Saving: 00:00.02)

Fra:1 Mem:44.96M (Peak 53.65M) | Time:00:00.11 | Rendering 1 / 8 samples
Fra:1 Mem:44.96M (Peak 53.65M) | Time:00:00.12 | Rendering 8 / 8 samples
Saved: 'C:\Users\Conner\OneDrive\Documents\veilbreakers-terrain\renders\quality-audit\prepare_terrain_normals\grassland_topdown.png'
Time: 00:00.17 (Saving: 00:00.02)

Fra:1 Mem:44.96M (Peak 53.65M) | Time:00:00.10 | Rendering 1 / 8 samples
Fra:1 Mem:44.96M (Peak 53.65M) | Time:00:00.12 | Rendering 8 / 8 samples
Saved: 'C:\Users\Conner\OneDrive\Documents\veilbreakers-terrain\renders\quality-audit\prepare_terrain_normals\grassland_sideprofile.png'
Time: 00:00.16 (Saving: 00:00.02)

Fra:1 Mem:44.96M (Peak 53.51M) | Time:00:00.11 | Rendering 1 / 8 samples
Fra:1 Mem:44.96M (Peak 53.51M) | Time:00:00.13 | Rendering 8 / 8 samples
Saved: 'C:\Users\Conner\OneDrive\Documents\veilbreakers-terrain\renders\quality-audit\prepare_terrain_normals\mountain_isometric.png'
Time: 00:00.16 (Saving: 00:00.01)

Fra:1 Mem:44.96M (Peak 53.65M) | Time:00:00.11 | Rendering 1 / 8 samples
Fra:1 Mem:44.96M (Peak 53.65M) | Time:00:00.13 | Rendering 8 / 8 samples
Saved: 'C:\Users\Conner\OneDrive\Documents\veilbreakers-terrain\renders\quality-audit\prepare_terrain_normals\mountain_topdown.png'
Time: 00:00.17 (Saving: 00:00.02)

Fra:1 Mem:44.96M (Peak 53.65M) | Time:00:00.11 | Rendering 1 / 8 samples
Fra:1 Mem:44.96M (Peak 53.65M) | Time:00:00.12 | Rendering 8 / 8 samples
Saved: 'C:\Users\Conner\OneDrive\Documents\veilbreakers-terrain\renders\quality-audit\prepare_terrain_normals\mountain_sideprofile.png'
Time: 00:00.16 (Saving: 00:00.01)

Fra:1 Mem:44.96M (Peak 53.51M) | Time:00:00.11 | Rendering 1 / 8 samples
Fra:1 Mem:44.96M (Peak 53.51M) | Time:00:00.12 | Rendering 8 / 8 samples
Saved: 'C:\Users\Conner\OneDrive\Documents\veilbreakers-terrain\renders\quality-audit\prepare_terrain_normals\coastal_isometric.png'
Time: 00:00.16 (Saving: 00:00.02)

Fra:1 Mem:44.96M (Peak 53.65M) | Time:00:00.11 | Rendering 1 / 8 samples
Fra:1 Mem:44.96M (Peak 53.65M) | Time:00:00.13 | Rendering 8 / 8 samples
Saved: 'C:\Users\Conner\OneDrive\Documents\veilbreakers-terrain\renders\quality-audit\prepare_terrain_normals\coastal_topdown.png'
Time: 00:00.17 (Saving: 00:00.02)

Fra:1 Mem:44.96M (Peak 53.66M) | Time:00:00.11 | Rendering 1 / 8 samples
Fra:1 Mem:44.96M (Peak 53.66M) | Time:00:00.13 | Rendering 8 / 8 samples
Saved: 'C:\Users\Conner\OneDrive\Documents\veilbreakers-terrain\renders\quality-audit\prepare_terrain_normals\coastal_sideprofile.png'
Time: 00:00.17 (Saving: 00:00.02)

Fra:1 Mem:44.96M (Peak 53.51M) | Time:00:00.11 | Rendering 1 / 8 samples
Fra:1 Mem:44.96M (Peak 53.51M) | Time:00:00.13 | Rendering 8 / 8 samples
Saved: 'C:\Users\Conner\OneDrive\Documents\veilbreakers-terrain\renders\quality-audit\prepare_terrain_normals\volcanic_isometric.png'
Time: 00:00.17 (Saving: 00:00.01)

Fra:1 Mem:44.96M (Peak 53.65M) | Time:00:00.11 | Rendering 1 / 8 samples
Fra:1 Mem:44.96M (Peak 53.65M) | Time:00:00.13 | Rendering 8 / 8 samples
Saved: 'C:\Users\Conner\OneDrive\Documents\veilbreakers-terrain\renders\quality-audit\prepare_terrain_normals\volcanic_topdown.png'
Time: 00:00.17 (Saving: 00:00.02)

Fra:1 Mem:44.96M (Peak 53.66M) | Time:00:00.11 | Rendering 1 / 8 samples
Fra:1 Mem:44.96M (Peak 53.66M) | Time:00:00.12 | Rendering 8 / 8 samples
Saved: 'C:\Users\Conner\OneDrive\Documents\veilbreakers-terrain\renders\quality-audit\prepare_terrain_normals\volcanic_sideprofile.png'
Time: 00:00.16 (Saving: 00:00.01)

Fra:1 Mem:44.96M (Peak 53.51M) | Time:00:00.12 | Rendering 1 / 8 samples
Fra:1 Mem:44.96M (Peak 53.51M) | Time:00:00.13 | Rendering 8 / 8 samples
Saved: 'C:\Users\Conner\OneDrive\Documents\veilbreakers-terrain\renders\quality-audit\prepare_terrain_normals\frozen_isometric.png'
Time: 00:00.17 (Saving: 00:00.02)

Fra:1 Mem:44.96M (Peak 53.65M) | Time:00:00.11 | Rendering 1 / 8 samples
Fra:1 Mem:44.96M (Peak 53.65M) | Time:00:00.13 | Rendering 8 / 8 samples
Saved: 'C:\Users\Conner\OneDrive\Documents\veilbreakers-terrain\renders\quality-audit\prepare_terrain_normals\frozen_topdown.png'
Time: 00:00.18 (Saving: 00:00.02)

Fra:1 Mem:44.96M (Peak 53.66M) | Time:00:00.11 | Rendering 1 / 8 samples
Fra:1 Mem:44.96M (Peak 53.66M) | Time:00:00.13 | Rendering 8 / 8 samples
Saved: 'C:\Users\Conner\OneDrive\Documents\veilbreakers-terrain\renders\quality-audit\prepare_terrain_normals\frozen_sideprofile.png'
Time: 00:00.17 (Saving: 00:00.01)

Fra:1 Mem:44.96M (Peak 53.51M) | Time:00:00.11 | Rendering 1 / 8 samples
Fra:1 Mem:44.96M (Peak 53.51M) | Time:00:00.13 | Rendering 8 / 8 samples
Saved: 'C:\Users\Conner\OneDrive\Documents\veilbreakers-terrain\renders\quality-audit\prepare_terrain_normals\desert_isometric.png'
Time: 00:00.17 (Saving: 00:00.02)

Fra:1 Mem:44.96M (Peak 53.65M) | Time:00:00.11 | Rendering 1 / 8 samples
Fra:1 Mem:44.96M (Peak 53.65M) | Time:00:00.13 | Rendering 8 / 8 samples
Saved: 'C:\Users\Conner\OneDrive\Documents\veilbreakers-terrain\renders\quality-audit\prepare_terrain_normals\desert_topdown.png'
Time: 00:00.18 (Saving: 00:00.02)

Fra:1 Mem:44.96M (Peak 53.66M) | Time:00:00.11 | Rendering 1 / 8 samples
Fra:1 Mem:44.96M (Peak 53.66M) | Time:00:00.13 | Rendering 8 / 8 samples
Saved: 'C:\Users\Conner\OneDrive\Documents\veilbreakers-terrain\renders\quality-audit\prepare_terrain_normals\desert_sideprofile.png'
Time: 00:00.17 (Saving: 00:00.02)

Fra:1 Mem:44.96M (Peak 53.51M) | Time:00:00.11 | Rendering 1 / 8 samples
Fra:1 Mem:44.96M (Peak 53.51M) | Time:00:00.13 | Rendering 8 / 8 samples
Saved: 'C:\Users\Conner\OneDrive\Documents\veilbreakers-terrain\renders\quality-audit\prepare_heightmap_raw_u16\grassland_isometric.png'
Time: 00:00.17 (Saving: 00:00.02)

Fra:1 Mem:44.96M (Peak 53.65M) | Time:00:00.11 | Rendering 1 / 8 samples
Fra:1 Mem:44.96M (Peak 53.65M) | Time:00:00.13 | Rendering 8 / 8 samples
Saved: 'C:\Users\Conner\OneDrive\Documents\veilbreakers-terrain\renders\quality-audit\prepare_heightmap_raw_u16\grassland_topdown.png'
Time: 00:00.18 (Saving: 00:00.02)

Fra:1 Mem:44.96M (Peak 53.66M) | Time:00:00.11 | Rendering 1 / 8 samples
Fra:1 Mem:44.96M (Peak 53.66M) | Time:00:00.13 | Rendering 8 / 8 samples
Saved: 'C:\Users\Conner\OneDrive\Documents\veilbreakers-terrain\renders\quality-audit\prepare_heightmap_raw_u16\grassland_sideprofile.png'
Time: 00:00.17 (Saving: 00:00.02)

Fra:1 Mem:44.96M (Peak 53.51M) | Time:00:00.12 | Rendering 1 / 8 samples
Fra:1 Mem:44.96M (Peak 53.51M) | Time:00:00.14 | Rendering 8 / 8 samples
Saved: 'C:\Users\Conner\OneDrive\Documents\veilbreakers-terrain\renders\quality-audit\prepare_heightmap_raw_u16\mountain_isometric.png'
Time: 00:00.17 (Saving: 00:00.01)

Fra:1 Mem:44.96M (Peak 53.65M) | Time:00:00.11 | Rendering 1 / 8 samples
Fra:1 Mem:44.96M (Peak 53.65M) | Time:00:00.13 | Rendering 8 / 8 samples
Saved: 'C:\Users\Conner\OneDrive\Documents\veilbreakers-terrain\renders\quality-audit\prepare_heightmap_raw_u16\mountain_topdown.png'
Time: 00:00.18 (Saving: 00:00.02)

Fra:1 Mem:44.96M (Peak 53.66M) | Time:00:00.11 | Rendering 1 / 8 samples
Fra:1 Mem:44.96M (Peak 53.66M) | Time:00:00.13 | Rendering 8 / 8 samples
Saved: 'C:\Users\Conner\OneDrive\Documents\veilbreakers-terrain\renders\quality-audit\prepare_heightmap_raw_u16\mountain_sideprofile.png'
Time: 00:00.17 (Saving: 00:00.01)

Fra:1 Mem:44.96M (Peak 53.51M) | Time:00:00.11 | Rendering 1 / 8 samples
Fra:1 Mem:44.96M (Peak 53.51M) | Time:00:00.13 | Rendering 8 / 8 samples
Saved: 'C:\Users\Conner\OneDrive\Documents\veilbreakers-terrain\renders\quality-audit\prepare_heightmap_raw_u16\coastal_isometric.png'
Time: 00:00.17 (Saving: 00:00.02)

Fra:1 Mem:44.96M (Peak 53.65M) | Time:00:00.11 | Rendering 1 / 8 samples
Fra:1 Mem:44.96M (Peak 53.65M) | Time:00:00.14 | Rendering 8 / 8 samples
Saved: 'C:\Users\Conner\OneDrive\Documents\veilbreakers-terrain\renders\quality-audit\prepare_heightmap_raw_u16\coastal_topdown.png'
Time: 00:00.18 (Saving: 00:00.02)

Fra:1 Mem:44.96M (Peak 53.66M) | Time:00:00.11 | Rendering 1 / 8 samples
Fra:1 Mem:44.96M (Peak 53.66M) | Time:00:00.13 | Rendering 8 / 8 samples
Saved: 'C:\Users\Conner\OneDrive\Documents\veilbreakers-terrain\renders\quality-audit\prepare_heightmap_raw_u16\coastal_sideprofile.png'
Time: 00:00.17 (Saving: 00:00.02)

Fra:1 Mem:44.96M (Peak 53.51M) | Time:00:00.12 | Rendering 1 / 8 samples
Fra:1 Mem:44.96M (Peak 53.51M) | Time:00:00.14 | Rendering 8 / 8 samples
Saved: 'C:\Users\Conner\OneDrive\Documents\veilbreakers-terrain\renders\quality-audit\prepare_heightmap_raw_u16\volcanic_isometric.png'
Time: 00:00.18 (Saving: 00:00.01)

Fra:1 Mem:44.96M (Peak 53.65M) | Time:00:00.12 | Rendering 1 / 8 samples
Fra:1 Mem:44.96M (Peak 53.65M) | Time:00:00.14 | Rendering 8 / 8 samples
Saved: 'C:\Users\Conner\OneDrive\Documents\veilbreakers-terrain\renders\quality-audit\prepare_heightmap_raw_u16\volcanic_topdown.png'
Time: 00:00.19 (Saving: 00:00.02)

Fra:1 Mem:44.96M (Peak 53.66M) | Time:00:00.12 | Rendering 1 / 8 samples
Fra:1 Mem:44.96M (Peak 53.66M) | Time:00:00.14 | Rendering 8 / 8 samples
Saved: 'C:\Users\Conner\OneDrive\Documents\veilbreakers-terrain\renders\quality-audit\prepare_heightmap_raw_u16\volcanic_sideprofile.png'
Time: 00:00.17 (Saving: 00:00.01)

Fra:1 Mem:44.96M (Peak 53.51M) | Time:00:00.11 | Rendering 1 / 8 samples
Fra:1 Mem:44.96M (Peak 53.51M) | Time:00:00.13 | Rendering 8 / 8 samples
Saved: 'C:\Users\Conner\OneDrive\Documents\veilbreakers-terrain\renders\quality-audit\prepare_heightmap_raw_u16\frozen_isometric.png'
Time: 00:00.17 (Saving: 00:00.02)

Fra:1 Mem:44.96M (Peak 53.65M) | Time:00:00.11 | Rendering 1 / 8 samples
Fra:1 Mem:44.96M (Peak 53.65M) | Time:00:00.14 | Rendering 8 / 8 samples
Saved: 'C:\Users\Conner\OneDrive\Documents\veilbreakers-terrain\renders\quality-audit\prepare_heightmap_raw_u16\frozen_topdown.png'
Time: 00:00.18 (Saving: 00:00.02)

Fra:1 Mem:44.96M (Peak 53.66M) | Time:00:00.11 | Rendering 1 / 8 samples
Fra:1 Mem:44.96M (Peak 53.66M) | Time:00:00.13 | Rendering 8 / 8 samples
Saved: 'C:\Users\Conner\OneDrive\Documents\veilbreakers-terrain\renders\quality-audit\prepare_heightmap_raw_u16\frozen_sideprofile.png'
Time: 00:00.17 (Saving: 00:00.02)

Fra:1 Mem:44.96M (Peak 53.51M) | Time:00:00.11 | Rendering 1 / 8 samples
Fra:1 Mem:44.96M (Peak 53.51M) | Time:00:00.13 | Rendering 8 / 8 samples
Saved: 'C:\Users\Conner\OneDrive\Documents\veilbreakers-terrain\renders\quality-audit\prepare_heightmap_raw_u16\desert_isometric.png'
Time: 00:00.17 (Saving: 00:00.02)

Fra:1 Mem:44.96M (Peak 53.65M) | Time:00:00.11 | Rendering 1 / 8 samples
Fra:1 Mem:44.96M (Peak 53.65M) | Time:00:00.14 | Rendering 8 / 8 samples
Saved: 'C:\Users\Conner\OneDrive\Documents\veilbreakers-terrain\renders\quality-audit\prepare_heightmap_raw_u16\desert_topdown.png'
Time: 00:00.19 (Saving: 00:00.03)

Fra:1 Mem:44.96M (Peak 53.66M) | Time:00:00.11 | Rendering 1 / 8 samples
Fra:1 Mem:44.96M (Peak 53.66M) | Time:00:00.13 | Rendering 8 / 8 samples
Saved: 'C:\Users\Conner\OneDrive\Documents\veilbreakers-terrain\renders\quality-audit\prepare_heightmap_raw_u16\desert_sideprofile.png'
Time: 00:00.17 (Saving: 00:00.02)

Fra:1 Mem:44.96M (Peak 53.51M) | Time:00:00.11 | Rendering 1 / 8 samples
Fra:1 Mem:44.96M (Peak 53.51M) | Time:00:00.14 | Rendering 8 / 8 samples
Saved: 'C:\Users\Conner\OneDrive\Documents\veilbreakers-terrain\renders\quality-audit\prepare_unity_auxiliary_channels\grassland_isometric.png'
Time: 00:00.18 (Saving: 00:00.02)

Fra:1 Mem:44.96M (Peak 53.65M) | Time:00:00.11 | Rendering 1 / 8 samples
Fra:1 Mem:44.96M (Peak 53.65M) | Time:00:00.13 | Rendering 8 / 8 samples
Saved: 'C:\Users\Conner\OneDrive\Documents\veilbreakers-terrain\renders\quality-audit\prepare_unity_auxiliary_channels\grassland_topdown.png'
Time: 00:00.18 (Saving: 00:00.02)

Fra:1 Mem:44.96M (Peak 53.66M) | Time:00:00.12 | Rendering 1 / 8 samples
Fra:1 Mem:44.96M (Peak 53.66M) | Time:00:00.14 | Rendering 8 / 8 samples
Saved: 'C:\Users\Conner\OneDrive\Documents\veilbreakers-terrain\renders\quality-audit\prepare_unity_auxiliary_channels\grassland_sideprofile.png'
Time: 00:00.18 (Saving: 00:00.02)

Fra:1 Mem:44.96M (Peak 53.51M) | Time:00:00.11 | Rendering 1 / 8 samples
Fra:1 Mem:44.96M (Peak 53.51M) | Time:00:00.14 | Rendering 8 / 8 samples
Saved: 'C:\Users\Conner\OneDrive\Documents\veilbreakers-terrain\renders\quality-audit\prepare_unity_auxiliary_channels\mountain_isometric.png'
Time: 00:00.18 (Saving: 00:00.01)

Fra:1 Mem:44.96M (Peak 53.65M) | Time:00:00.11 | Rendering 1 / 8 samples
Fra:1 Mem:44.96M (Peak 53.65M) | Time:00:00.14 | Rendering 8 / 8 samples
Saved: 'C:\Users\Conner\OneDrive\Documents\veilbreakers-terrain\renders\quality-audit\prepare_unity_auxiliary_channels\mountain_topdown.png'
Time: 00:00.18 (Saving: 00:00.02)

Fra:1 Mem:44.96M (Peak 53.66M) | Time:00:00.13 | Rendering 1 / 8 samples
Fra:1 Mem:44.96M (Peak 53.66M) | Time:00:00.16 | Rendering 8 / 8 samples
Saved: 'C:\Users\Conner\OneDrive\Documents\veilbreakers-terrain\renders\quality-audit\prepare_unity_auxiliary_channels\mountain_sideprofile.png'
Time: 00:00.19 (Saving: 00:00.01)

Fra:1 Mem:44.96M (Peak 53.51M) | Time:00:00.14 | Rendering 1 / 8 samples
Fra:1 Mem:44.96M (Peak 53.51M) | Time:00:00.18 | Rendering 8 / 8 samples
Saved: 'C:\Users\Conner\OneDrive\Documents\veilbreakers-terrain\renders\quality-audit\prepare_unity_auxiliary_channels\coastal_isometric.png'
Time: 00:00.22 (Saving: 00:00.02)

Fra:1 Mem:44.96M (Peak 53.65M) | Time:00:00.14 | Rendering 1 / 8 samples
Fra:1 Mem:44.96M (Peak 53.65M) | Time:00:00.18 | Rendering 8 / 8 samples
Saved: 'C:\Users\Conner\OneDrive\Documents\veilbreakers-terrain\renders\quality-audit\prepare_unity_auxiliary_channels\coastal_topdown.png'
Time: 00:00.22 (Saving: 00:00.02)

Fra:1 Mem:44.96M (Peak 53.66M) | Time:00:00.14 | Rendering 1 / 8 samples
Fra:1 Mem:44.96M (Peak 53.66M) | Time:00:00.17 | Rendering 8 / 8 samples
Saved: 'C:\Users\Conner\OneDrive\Documents\veilbreakers-terrain\renders\quality-audit\prepare_unity_auxiliary_channels\coastal_sideprofile.png'
Time: 00:00.21 (Saving: 00:00.01)

Fra:1 Mem:44.96M (Peak 53.51M) | Time:00:00.14 | Rendering 1 / 8 samples
Fra:1 Mem:44.96M (Peak 53.51M) | Time:00:00.18 | Rendering 8 / 8 samples
Saved: 'C:\Users\Conner\OneDrive\Documents\veilbreakers-terrain\renders\quality-audit\prepare_unity_auxiliary_channels\volcanic_isometric.png'
Time: 00:00.22 (Saving: 00:00.01)

Fra:1 Mem:44.96M (Peak 53.66M) | Time:00:00.15 | Rendering 1 / 8 samples
Fra:1 Mem:44.96M (Peak 53.66M) | Time:00:00.19 | Rendering 8 / 8 samples
Saved: 'C:\Users\Conner\OneDrive\Documents\veilbreakers-terrain\renders\quality-audit\prepare_unity_auxiliary_channels\volcanic_topdown.png'
Time: 00:00.23 (Saving: 00:00.02)

Fra:1 Mem:44.96M (Peak 53.66M) | Time:00:00.15 | Rendering 1 / 8 samples
Fra:1 Mem:44.96M (Peak 53.66M) | Time:00:00.18 | Rendering 8 / 8 samples
Saved: 'C:\Users\Conner\OneDrive\Documents\veilbreakers-terrain\renders\quality-audit\prepare_unity_auxiliary_channels\volcanic_sideprofile.png'
Time: 00:00.21 (Saving: 00:00.01)

Fra:1 Mem:44.96M (Peak 53.51M) | Time:00:00.14 | Rendering 1 / 8 samples
Fra:1 Mem:44.96M (Peak 53.51M) | Time:00:00.18 | Rendering 8 / 8 samples
Saved: 'C:\Users\Conner\OneDrive\Documents\veilbreakers-terrain\renders\quality-audit\prepare_unity_auxiliary_channels\frozen_isometric.png'
Time: 00:00.22 (Saving: 00:00.02)

Fra:1 Mem:44.96M (Peak 53.66M) | Time:00:00.14 | Rendering 1 / 8 samples
Fra:1 Mem:44.96M (Peak 53.66M) | Time:00:00.18 | Rendering 8 / 8 samples
Saved: 'C:\Users\Conner\OneDrive\Documents\veilbreakers-terrain\renders\quality-audit\prepare_unity_auxiliary_channels\frozen_topdown.png'
Time: 00:00.22 (Saving: 00:00.02)

Fra:1 Mem:44.96M (Peak 53.66M) | Time:00:00.14 | Rendering 1 / 8 samples
Fra:1 Mem:44.96M (Peak 53.66M) | Time:00:00.18 | Rendering 8 / 8 samples
Saved: 'C:\Users\Conner\OneDrive\Documents\veilbreakers-terrain\renders\quality-audit\prepare_unity_auxiliary_channels\frozen_sideprofile.png'
Time: 00:00.21 (Saving: 00:00.01)

Fra:1 Mem:44.96M (Peak 53.51M) | Time:00:00.14 | Rendering 1 / 8 samples
Fra:1 Mem:44.96M (Peak 53.51M) | Time:00:00.18 | Rendering 8 / 8 samples
Saved: 'C:\Users\Conner\OneDrive\Documents\veilbreakers-terrain\renders\quality-audit\prepare_unity_auxiliary_channels\desert_isometric.png'
Time: 00:00.22 (Saving: 00:00.02)

Fra:1 Mem:44.96M (Peak 53.66M) | Time:00:00.14 | Rendering 1 / 8 samples
Fra:1 Mem:44.96M (Peak 53.66M) | Time:00:00.18 | Rendering 8 / 8 samples
Saved: 'C:\Users\Conner\OneDrive\Documents\veilbreakers-terrain\renders\quality-audit\prepare_unity_auxiliary_channels\desert_topdown.png'
Time: 00:00.22 (Saving: 00:00.02)

Fra:1 Mem:44.96M (Peak 53.66M) | Time:00:00.14 | Rendering 1 / 8 samples
Fra:1 Mem:44.96M (Peak 53.66M) | Time:00:00.18 | Rendering 8 / 8 samples
Saved: 'C:\Users\Conner\OneDrive\Documents\veilbreakers-terrain\renders\quality-audit\prepare_unity_auxiliary_channels\desert_sideprofile.png'
Time: 00:00.21 (Saving: 00:00.01)

Fra:1 Mem:44.96M (Peak 53.51M) | Time:00:00.14 | Rendering 1 / 8 samples
Fra:1 Mem:44.96M (Peak 53.51M) | Time:00:00.18 | Rendering 8 / 8 samples
Saved: 'C:\Users\Conner\OneDrive\Documents\veilbreakers-terrain\renders\quality-audit\audio_zones\grassland_isometric.png'
Time: 00:00.22 (Saving: 00:00.02)

Fra:1 Mem:44.96M (Peak 53.66M) | Time:00:00.15 | Rendering 1 / 8 samples
Fra:1 Mem:44.96M (Peak 53.66M) | Time:00:00.19 | Rendering 8 / 8 samples
Saved: 'C:\Users\Conner\OneDrive\Documents\veilbreakers-terrain\renders\quality-audit\audio_zones\grassland_topdown.png'
Time: 00:00.23 (Saving: 00:00.02)

Fra:1 Mem:44.96M (Peak 53.66M) | Time:00:00.14 | Rendering 1 / 8 samples
Fra:1 Mem:44.96M (Peak 53.66M) | Time:00:00.17 | Rendering 8 / 8 samples
Saved: 'C:\Users\Conner\OneDrive\Documents\veilbreakers-terrain\renders\quality-audit\audio_zones\grassland_sideprofile.png'
Time: 00:00.21 (Saving: 00:00.01)

Fra:1 Mem:44.96M (Peak 53.51M) | Time:00:00.14 | Rendering 1 / 8 samples
Fra:1 Mem:44.96M (Peak 53.51M) | Time:00:00.17 | Rendering 8 / 8 samples
Saved: 'C:\Users\Conner\OneDrive\Documents\veilbreakers-terrain\renders\quality-audit\audio_zones\mountain_isometric.png'
Time: 00:00.21 (Saving: 00:00.02)

Fra:1 Mem:44.96M (Peak 53.66M) | Time:00:00.14 | Rendering 1 / 8 samples
Fra:1 Mem:44.96M (Peak 53.66M) | Time:00:00.19 | Rendering 8 / 8 samples
Saved: 'C:\Users\Conner\OneDrive\Documents\veilbreakers-terrain\renders\quality-audit\audio_zones\mountain_topdown.png'
Time: 00:00.22 (Saving: 00:00.01)

Fra:1 Mem:44.96M (Peak 53.66M) | Time:00:00.15 | Rendering 1 / 8 samples
Fra:1 Mem:44.96M (Peak 53.66M) | Time:00:00.18 | Rendering 8 / 8 samples
Saved: 'C:\Users\Conner\OneDrive\Documents\veilbreakers-terrain\renders\quality-audit\audio_zones\mountain_sideprofile.png'
Time: 00:00.21 (Saving: 00:00.01)

Fra:1 Mem:44.96M (Peak 53.51M) | Time:00:00.15 | Rendering 1 / 8 samples
Fra:1 Mem:44.96M (Peak 53.51M) | Time:00:00.19 | Rendering 8 / 8 samples
Saved: 'C:\Users\Conner\OneDrive\Documents\veilbreakers-terrain\renders\quality-audit\audio_zones\coastal_isometric.png'
Time: 00:00.23 (Saving: 00:00.02)

Fra:1 Mem:44.96M (Peak 53.66M) | Time:00:00.14 | Rendering 1 / 8 samples
Fra:1 Mem:44.96M (Peak 53.66M) | Time:00:00.19 | Rendering 8 / 8 samples
Saved: 'C:\Users\Conner\OneDrive\Documents\veilbreakers-terrain\renders\quality-audit\audio_zones\coastal_topdown.png'
Time: 00:00.23 (Saving: 00:00.02)

Fra:1 Mem:44.96M (Peak 53.66M) | Time:00:00.14 | Rendering 1 / 8 samples
Fra:1 Mem:44.96M (Peak 53.66M) | Time:00:00.19 | Rendering 8 / 8 samples
Saved: 'C:\Users\Conner\OneDrive\Documents\veilbreakers-terrain\renders\quality-audit\audio_zones\coastal_sideprofile.png'
Time: 00:00.23 (Saving: 00:00.01)

Fra:1 Mem:44.96M (Peak 53.51M) | Time:00:00.16 | Rendering 1 / 8 samples
Fra:1 Mem:44.96M (Peak 53.51M) | Time:00:00.21 | Rendering 8 / 8 samples
Saved: 'C:\Users\Conner\OneDrive\Documents\veilbreakers-terrain\renders\quality-audit\audio_zones\volcanic_isometric.png'
Time: 00:00.25 (Saving: 00:00.01)

Fra:1 Mem:44.96M (Peak 53.66M) | Time:00:00.15 | Rendering 1 / 8 samples
Fra:1 Mem:44.96M (Peak 53.66M) | Time:00:00.20 | Rendering 8 / 8 samples
Saved: 'C:\Users\Conner\OneDrive\Documents\veilbreakers-terrain\renders\quality-audit\audio_zones\volcanic_topdown.png'
Time: 00:00.23 (Saving: 00:00.02)

Fra:1 Mem:44.96M (Peak 53.66M) | Time:00:00.15 | Rendering 1 / 8 samples
Fra:1 Mem:44.96M (Peak 53.66M) | Time:00:00.18 | Rendering 8 / 8 samples
Saved: 'C:\Users\Conner\OneDrive\Documents\veilbreakers-terrain\renders\quality-audit\audio_zones\volcanic_sideprofile.png'
Time: 00:00.22 (Saving: 00:00.01)

Fra:1 Mem:44.96M (Peak 53.51M) | Time:00:00.14 | Rendering 1 / 8 samples
Fra:1 Mem:44.96M (Peak 53.51M) | Time:00:00.18 | Rendering 8 / 8 samples
Saved: 'C:\Users\Conner\OneDrive\Documents\veilbreakers-terrain\renders\quality-audit\audio_zones\frozen_isometric.png'
Time: 00:00.22 (Saving: 00:00.02)

Fra:1 Mem:44.96M (Peak 53.66M) | Time:00:00.14 | Rendering 1 / 8 samples
Fra:1 Mem:44.96M (Peak 53.66M) | Time:00:00.18 | Rendering 8 / 8 samples
Saved: 'C:\Users\Conner\OneDrive\Documents\veilbreakers-terrain\renders\quality-audit\audio_zones\frozen_topdown.png'
Time: 00:00.23 (Saving: 00:00.02)

Fra:1 Mem:44.97M (Peak 53.66M) | Time:00:00.14 | Rendering 1 / 8 samples
Fra:1 Mem:44.97M (Peak 53.66M) | Time:00:00.18 | Rendering 8 / 8 samples
Saved: 'C:\Users\Conner\OneDrive\Documents\veilbreakers-terrain\renders\quality-audit\audio_zones\frozen_sideprofile.png'
Time: 00:00.21 (Saving: 00:00.01)

Fra:1 Mem:44.96M (Peak 53.51M) | Time:00:00.14 | Rendering 1 / 8 samples
Fra:1 Mem:44.96M (Peak 53.51M) | Time:00:00.18 | Rendering 8 / 8 samples
Saved: 'C:\Users\Conner\OneDrive\Documents\veilbreakers-terrain\renders\quality-audit\audio_zones\desert_isometric.png'
Time: 00:00.22 (Saving: 00:00.02)

Fra:1 Mem:44.96M (Peak 53.66M) | Time:00:00.14 | Rendering 1 / 8 samples
Fra:1 Mem:44.96M (Peak 53.66M) | Time:00:00.18 | Rendering 8 / 8 samples
Saved: 'C:\Users\Conner\OneDrive\Documents\veilbreakers-terrain\renders\quality-audit\audio_zones\desert_topdown.png'
Time: 00:00.23 (Saving: 00:00.02)

Fra:1 Mem:44.97M (Peak 53.66M) | Time:00:00.14 | Rendering 1 / 8 samples
Fra:1 Mem:44.97M (Peak 53.66M) | Time:00:00.18 | Rendering 8 / 8 samples
Saved: 'C:\Users\Conner\OneDrive\Documents\veilbreakers-terrain\renders\quality-audit\audio_zones\desert_sideprofile.png'
Time: 00:00.22 (Saving: 00:00.02)

Fra:1 Mem:44.96M (Peak 53.51M) | Time:00:00.14 | Rendering 1 / 8 samples
Fra:1 Mem:44.96M (Peak 53.51M) | Time:00:00.18 | Rendering 8 / 8 samples
Saved: 'C:\Users\Conner\OneDrive\Documents\veilbreakers-terrain\renders\quality-audit\wildlife_zones\grassland_isometric.png'
Time: 00:00.22 (Saving: 00:00.02)

Fra:1 Mem:44.96M (Peak 53.66M) | Time:00:00.15 | Rendering 1 / 8 samples
Fra:1 Mem:44.96M (Peak 53.66M) | Time:00:00.20 | Rendering 8 / 8 samples
Saved: 'C:\Users\Conner\OneDrive\Documents\veilbreakers-terrain\renders\quality-audit\wildlife_zones\grassland_topdown.png'
Time: 00:00.24 (Saving: 00:00.02)

Fra:1 Mem:44.97M (Peak 53.66M) | Time:00:00.19 | Rendering 1 / 8 samples
Fra:1 Mem:44.97M (Peak 53.66M) | Time:00:00.26 | Rendering 8 / 8 samples
Saved: 'C:\Users\Conner\OneDrive\Documents\veilbreakers-terrain\renders\quality-audit\wildlife_zones\grassland_sideprofile.png'
Time: 00:00.30 (Saving: 00:00.01)

Fra:1 Mem:44.96M (Peak 53.51M) | Time:00:00.10 | Rendering 1 / 8 samples
Fra:1 Mem:44.96M (Peak 53.51M) | Time:00:00.11 | Rendering 8 / 8 samples
Saved: 'C:\Users\Conner\OneDrive\Documents\veilbreakers-terrain\renders\quality-audit\wildlife_zones\mountain_isometric.png'
Time: 00:00.14 (Saving: 00:00.01)

Fra:1 Mem:44.96M (Peak 53.66M) | Time:00:00.10 | Rendering 1 / 8 samples
Fra:1 Mem:44.96M (Peak 53.66M) | Time:00:00.11 | Rendering 8 / 8 samples
Saved: 'C:\Users\Conner\OneDrive\Documents\veilbreakers-terrain\renders\quality-audit\wildlife_zones\mountain_topdown.png'
Time: 00:00.15 (Saving: 00:00.02)

Fra:1 Mem:44.97M (Peak 53.66M) | Time:00:00.09 | Rendering 1 / 8 samples
Fra:1 Mem:44.97M (Peak 53.66M) | Time:00:00.10 | Rendering 8 / 8 samples
Saved: 'C:\Users\Conner\OneDrive\Documents\veilbreakers-terrain\renders\quality-audit\wildlife_zones\mountain_sideprofile.png'
Time: 00:00.14 (Saving: 00:00.01)

Fra:1 Mem:44.96M (Peak 53.51M) | Time:00:00.10 | Rendering 1 / 8 samples
Fra:1 Mem:44.96M (Peak 53.51M) | Time:00:00.11 | Rendering 8 / 8 samples
Saved: 'C:\Users\Conner\OneDrive\Documents\veilbreakers-terrain\renders\quality-audit\wildlife_zones\coastal_isometric.png'
Time: 00:00.15 (Saving: 00:00.02)

Fra:1 Mem:44.96M (Peak 53.66M) | Time:00:00.11 | Rendering 1 / 8 samples
Fra:1 Mem:44.96M (Peak 53.66M) | Time:00:00.12 | Rendering 8 / 8 samples
Saved: 'C:\Users\Conner\OneDrive\Documents\veilbreakers-terrain\renders\quality-audit\wildlife_zones\coastal_topdown.png'
Time: 00:00.16 (Saving: 00:00.02)

Fra:1 Mem:44.97M (Peak 53.66M) | Time:00:00.11 | Rendering 1 / 8 samples
Fra:1 Mem:44.97M (Peak 53.66M) | Time:00:00.12 | Rendering 8 / 8 samples
Saved: 'C:\Users\Conner\OneDrive\Documents\veilbreakers-terrain\renders\quality-audit\wildlife_zones\coastal_sideprofile.png'
Time: 00:00.16 (Saving: 00:00.02)

Fra:1 Mem:44.96M (Peak 53.51M) | Time:00:00.11 | Rendering 1 / 8 samples
Fra:1 Mem:44.96M (Peak 53.51M) | Time:00:00.12 | Rendering 8 / 8 samples
Saved: 'C:\Users\Conner\OneDrive\Documents\veilbreakers-terrain\renders\quality-audit\wildlife_zones\volcanic_isometric.png'
Time: 00:00.16 (Saving: 00:00.02)

Fra:1 Mem:44.96M (Peak 53.66M) | Time:00:00.10 | Rendering 1 / 8 samples
Fra:1 Mem:44.96M (Peak 53.66M) | Time:00:00.12 | Rendering 8 / 8 samples
Saved: 'C:\Users\Conner\OneDrive\Documents\veilbreakers-terrain\renders\quality-audit\wildlife_zones\volcanic_topdown.png'
Time: 00:00.16 (Saving: 00:00.02)

Fra:1 Mem:44.97M (Peak 53.66M) | Time:00:00.10 | Rendering 1 / 8 samples
Fra:1 Mem:44.97M (Peak 53.66M) | Time:00:00.11 | Rendering 8 / 8 samples
Saved: 'C:\Users\Conner\OneDrive\Documents\veilbreakers-terrain\renders\quality-audit\wildlife_zones\volcanic_sideprofile.png'
Time: 00:00.14 (Saving: 00:00.01)

Fra:1 Mem:44.96M (Peak 53.51M) | Time:00:00.10 | Rendering 1 / 8 samples
Fra:1 Mem:44.96M (Peak 53.51M) | Time:00:00.11 | Rendering 8 / 8 samples
Saved: 'C:\Users\Conner\OneDrive\Documents\veilbreakers-terrain\renders\quality-audit\wildlife_zones\frozen_isometric.png'
Time: 00:00.15 (Saving: 00:00.02)

Fra:1 Mem:44.96M (Peak 53.66M) | Time:00:00.10 | Rendering 1 / 8 samples
Fra:1 Mem:44.96M (Peak 53.66M) | Time:00:00.11 | Rendering 8 / 8 samples
Saved: 'C:\Users\Conner\OneDrive\Documents\veilbreakers-terrain\renders\quality-audit\wildlife_zones\frozen_topdown.png'
Time: 00:00.16 (Saving: 00:00.02)

Fra:1 Mem:44.97M (Peak 53.66M) | Time:00:00.10 | Rendering 1 / 8 samples
Fra:1 Mem:44.97M (Peak 53.66M) | Time:00:00.11 | Rendering 8 / 8 samples
Saved: 'C:\Users\Conner\OneDrive\Documents\veilbreakers-terrain\renders\quality-audit\wildlife_zones\frozen_sideprofile.png'
Time: 00:00.15 (Saving: 00:00.02)

Fra:1 Mem:44.96M (Peak 53.51M) | Time:00:00.11 | Rendering 1 / 8 samples
Fra:1 Mem:44.96M (Peak 53.51M) | Time:00:00.12 | Rendering 8 / 8 samples
Saved: 'C:\Users\Conner\OneDrive\Documents\veilbreakers-terrain\renders\quality-audit\wildlife_zones\desert_isometric.png'
Time: 00:00.16 (Saving: 00:00.02)

Fra:1 Mem:44.96M (Peak 53.66M) | Time:00:00.11 | Rendering 1 / 8 samples
Fra:1 Mem:44.96M (Peak 53.66M) | Time:00:00.12 | Rendering 8 / 8 samples
Saved: 'C:\Users\Conner\OneDrive\Documents\veilbreakers-terrain\renders\quality-audit\wildlife_zones\desert_topdown.png'
Time: 00:00.17 (Saving: 00:00.02)

Fra:1 Mem:44.97M (Peak 53.66M) | Time:00:00.10 | Rendering 1 / 8 samples
Fra:1 Mem:44.97M (Peak 53.66M) | Time:00:00.12 | Rendering 8 / 8 samples
Saved: 'C:\Users\Conner\OneDrive\Documents\veilbreakers-terrain\renders\quality-audit\wildlife_zones\desert_sideprofile.png'
Time: 00:00.16 (Saving: 00:00.02)

Fra:1 Mem:44.96M (Peak 53.51M) | Time:00:00.11 | Rendering 1 / 8 samples
Fra:1 Mem:44.96M (Peak 53.51M) | Time:00:00.12 | Rendering 8 / 8 samples
Saved: 'C:\Users\Conner\OneDrive\Documents\veilbreakers-terrain\renders\quality-audit\gameplay_zones\grassland_isometric.png'
Time: 00:00.16 (Saving: 00:00.02)

Fra:1 Mem:44.96M (Peak 53.66M) | Time:00:00.11 | Rendering 1 / 8 samples
Fra:1 Mem:44.96M (Peak 53.66M) | Time:00:00.13 | Rendering 8 / 8 samples
Saved: 'C:\Users\Conner\OneDrive\Documents\veilbreakers-terrain\renders\quality-audit\gameplay_zones\grassland_topdown.png'
Time: 00:00.17 (Saving: 00:00.02)

Fra:1 Mem:44.97M (Peak 53.66M) | Time:00:00.11 | Rendering 1 / 8 samples
Fra:1 Mem:44.97M (Peak 53.66M) | Time:00:00.13 | Rendering 8 / 8 samples
Saved: 'C:\Users\Conner\OneDrive\Documents\veilbreakers-terrain\renders\quality-audit\gameplay_zones\grassland_sideprofile.png'
Time: 00:00.17 (Saving: 00:00.02)

Fra:1 Mem:44.96M (Peak 53.51M) | Time:00:00.11 | Rendering 1 / 8 samples
Fra:1 Mem:44.96M (Peak 53.51M) | Time:00:00.12 | Rendering 8 / 8 samples
Saved: 'C:\Users\Conner\OneDrive\Documents\veilbreakers-terrain\renders\quality-audit\gameplay_zones\mountain_isometric.png'
Time: 00:00.16 (Saving: 00:00.01)

Fra:1 Mem:44.96M (Peak 53.66M) | Time:00:00.11 | Rendering 1 / 8 samples
Fra:1 Mem:44.96M (Peak 53.66M) | Time:00:00.13 | Rendering 8 / 8 samples
Saved: 'C:\Users\Conner\OneDrive\Documents\veilbreakers-terrain\renders\quality-audit\gameplay_zones\mountain_topdown.png'
Time: 00:00.17 (Saving: 00:00.02)

Fra:1 Mem:44.97M (Peak 53.66M) | Time:00:00.11 | Rendering 1 / 8 samples
Fra:1 Mem:44.97M (Peak 53.66M) | Time:00:00.12 | Rendering 8 / 8 samples
Saved: 'C:\Users\Conner\OneDrive\Documents\veilbreakers-terrain\renders\quality-audit\gameplay_zones\mountain_sideprofile.png'
Time: 00:00.16 (Saving: 00:00.01)

Fra:1 Mem:44.96M (Peak 53.52M) | Time:00:00.11 | Rendering 1 / 8 samples
Fra:1 Mem:44.96M (Peak 53.52M) | Time:00:00.13 | Rendering 8 / 8 samples
Saved: 'C:\Users\Conner\OneDrive\Documents\veilbreakers-terrain\renders\quality-audit\gameplay_zones\coastal_isometric.png'
Time: 00:00.17 (Saving: 00:00.02)

Fra:1 Mem:44.96M (Peak 53.66M) | Time:00:00.11 | Rendering 1 / 8 samples
Fra:1 Mem:44.96M (Peak 53.66M) | Time:00:00.12 | Rendering 8 / 8 samples
Saved: 'C:\Users\Conner\OneDrive\Documents\veilbreakers-terrain\renders\quality-audit\gameplay_zones\coastal_topdown.png'
Time: 00:00.17 (Saving: 00:00.02)

Fra:1 Mem:44.97M (Peak 53.66M) | Time:00:00.11 | Rendering 1 / 8 samples
Fra:1 Mem:44.97M (Peak 53.66M) | Time:00:00.12 | Rendering 8 / 8 samples
Saved: 'C:\Users\Conner\OneDrive\Documents\veilbreakers-terrain\renders\quality-audit\gameplay_zones\coastal_sideprofile.png'
Time: 00:00.16 (Saving: 00:00.02)

Fra:1 Mem:44.96M (Peak 53.52M) | Time:00:00.11 | Rendering 1 / 8 samples
Fra:1 Mem:44.96M (Peak 53.52M) | Time:00:00.13 | Rendering 8 / 8 samples
Saved: 'C:\Users\Conner\OneDrive\Documents\veilbreakers-terrain\renders\quality-audit\gameplay_zones\volcanic_isometric.png'
Time: 00:00.17 (Saving: 00:00.02)

Fra:1 Mem:44.96M (Peak 53.66M) | Time:00:00.11 | Rendering 1 / 8 samples
Fra:1 Mem:44.96M (Peak 53.66M) | Time:00:00.13 | Rendering 8 / 8 samples
Saved: 'C:\Users\Conner\OneDrive\Documents\veilbreakers-terrain\renders\quality-audit\gameplay_zones\volcanic_topdown.png'
Time: 00:00.18 (Saving: 00:00.02)

Fra:1 Mem:44.97M (Peak 53.66M) | Time:00:00.11 | Rendering 1 / 8 samples
Fra:1 Mem:44.97M (Peak 53.66M) | Time:00:00.13 | Rendering 8 / 8 samples
Saved: 'C:\Users\Conner\OneDrive\Documents\veilbreakers-terrain\renders\quality-audit\gameplay_zones\volcanic_sideprofile.png'
Time: 00:00.16 (Saving: 00:00.02)

Fra:1 Mem:44.96M (Peak 53.52M) | Time:00:00.11 | Rendering 1 / 8 samples
Fra:1 Mem:44.96M (Peak 53.52M) | Time:00:00.13 | Rendering 8 / 8 samples
Saved: 'C:\Users\Conner\OneDrive\Documents\veilbreakers-terrain\renders\quality-audit\gameplay_zones\frozen_isometric.png'
Time: 00:00.17 (Saving: 00:00.02)

Fra:1 Mem:44.96M (Peak 53.66M) | Time:00:00.11 | Rendering 1 / 8 samples
Fra:1 Mem:44.96M (Peak 53.66M) | Time:00:00.12 | Rendering 8 / 8 samples
Saved: 'C:\Users\Conner\OneDrive\Documents\veilbreakers-terrain\renders\quality-audit\gameplay_zones\frozen_topdown.png'
Time: 00:00.17 (Saving: 00:00.02)

Fra:1 Mem:44.97M (Peak 53.66M) | Time:00:00.11 | Rendering 1 / 8 samples
Fra:1 Mem:44.97M (Peak 53.66M) | Time:00:00.12 | Rendering 8 / 8 samples
Saved: 'C:\Users\Conner\OneDrive\Documents\veilbreakers-terrain\renders\quality-audit\gameplay_zones\frozen_sideprofile.png'
Time: 00:00.16 (Saving: 00:00.02)

Fra:1 Mem:44.96M (Peak 53.52M) | Time:00:00.11 | Rendering 1 / 8 samples
Fra:1 Mem:44.96M (Peak 53.52M) | Time:00:00.13 | Rendering 8 / 8 samples
Saved: 'C:\Users\Conner\OneDrive\Documents\veilbreakers-terrain\renders\quality-audit\gameplay_zones\desert_isometric.png'
Time: 00:00.17 (Saving: 00:00.02)

Fra:1 Mem:44.97M (Peak 53.66M) | Time:00:00.11 | Rendering 1 / 8 samples
Fra:1 Mem:44.97M (Peak 53.66M) | Time:00:00.13 | Rendering 8 / 8 samples
Saved: 'C:\Users\Conner\OneDrive\Documents\veilbreakers-terrain\renders\quality-audit\gameplay_zones\desert_topdown.png'
Time: 00:00.18 (Saving: 00:00.02)

Fra:1 Mem:44.97M (Peak 53.66M) | Time:00:00.11 | Rendering 1 / 8 samples
Fra:1 Mem:44.97M (Peak 53.66M) | Time:00:00.13 | Rendering 8 / 8 samples
Saved: 'C:\Users\Conner\OneDrive\Documents\veilbreakers-terrain\renders\quality-audit\gameplay_zones\desert_sideprofile.png'
Time: 00:00.17 (Saving: 00:00.02)

Fra:1 Mem:44.96M (Peak 53.52M) | Time:00:00.11 | Rendering 1 / 8 samples
Fra:1 Mem:44.96M (Peak 53.52M) | Time:00:00.13 | Rendering 8 / 8 samples
Saved: 'C:\Users\Conner\OneDrive\Documents\veilbreakers-terrain\renders\quality-audit\wind_field\grassland_isometric.png'
Time: 00:00.17 (Saving: 00:00.02)

Fra:1 Mem:44.97M (Peak 53.66M) | Time:00:00.11 | Rendering 1 / 8 samples
Fra:1 Mem:44.97M (Peak 53.66M) | Time:00:00.13 | Rendering 8 / 8 samples
Saved: 'C:\Users\Conner\OneDrive\Documents\veilbreakers-terrain\renders\quality-audit\wind_field\grassland_topdown.png'
Time: 00:00.18 (Saving: 00:00.02)

Fra:1 Mem:44.97M (Peak 53.66M) | Time:00:00.11 | Rendering 1 / 8 samples
Fra:1 Mem:44.97M (Peak 53.66M) | Time:00:00.13 | Rendering 8 / 8 samples
Saved: 'C:\Users\Conner\OneDrive\Documents\veilbreakers-terrain\renders\quality-audit\wind_field\grassland_sideprofile.png'
Time: 00:00.17 (Saving: 00:00.02)

Fra:1 Mem:44.96M (Peak 53.52M) | Time:00:00.11 | Rendering 1 / 8 samples
Fra:1 Mem:44.96M (Peak 53.52M) | Time:00:00.14 | Rendering 8 / 8 samples
Saved: 'C:\Users\Conner\OneDrive\Documents\veilbreakers-terrain\renders\quality-audit\wind_field\mountain_isometric.png'
Time: 00:00.18 (Saving: 00:00.02)

Fra:1 Mem:44.97M (Peak 53.66M) | Time:00:00.11 | Rendering 1 / 8 samples
Fra:1 Mem:44.97M (Peak 53.66M) | Time:00:00.13 | Rendering 8 / 8 samples
Saved: 'C:\Users\Conner\OneDrive\Documents\veilbreakers-terrain\renders\quality-audit\wind_field\mountain_topdown.png'
Time: 00:00.18 (Saving: 00:00.02)

Fra:1 Mem:44.97M (Peak 53.66M) | Time:00:00.11 | Rendering 1 / 8 samples
Fra:1 Mem:44.97M (Peak 53.66M) | Time:00:00.12 | Rendering 8 / 8 samples
Saved: 'C:\Users\Conner\OneDrive\Documents\veilbreakers-terrain\renders\quality-audit\wind_field\mountain_sideprofile.png'
Time: 00:00.16 (Saving: 00:00.01)

Fra:1 Mem:44.96M (Peak 53.52M) | Time:00:00.11 | Rendering 1 / 8 samples
Fra:1 Mem:44.96M (Peak 53.52M) | Time:00:00.13 | Rendering 8 / 8 samples
Saved: 'C:\Users\Conner\OneDrive\Documents\veilbreakers-terrain\renders\quality-audit\wind_field\coastal_isometric.png'
Time: 00:00.17 (Saving: 00:00.02)

Fra:1 Mem:44.97M (Peak 53.66M) | Time:00:00.11 | Rendering 1 / 8 samples
Fra:1 Mem:44.97M (Peak 53.66M) | Time:00:00.14 | Rendering 8 / 8 samples
Saved: 'C:\Users\Conner\OneDrive\Documents\veilbreakers-terrain\renders\quality-audit\wind_field\coastal_topdown.png'
Time: 00:00.19 (Saving: 00:00.02)

Fra:1 Mem:44.97M (Peak 53.66M) | Time:00:00.11 | Rendering 1 / 8 samples
Fra:1 Mem:44.97M (Peak 53.66M) | Time:00:00.14 | Rendering 8 / 8 samples
Saved: 'C:\Users\Conner\OneDrive\Documents\veilbreakers-terrain\renders\quality-audit\wind_field\coastal_sideprofile.png'
Time: 00:00.18 (Saving: 00:00.02)

Fra:1 Mem:44.96M (Peak 53.52M) | Time:00:00.12 | Rendering 1 / 8 samples
Fra:1 Mem:44.96M (Peak 53.52M) | Time:00:00.14 | Rendering 8 / 8 samples
Saved: 'C:\Users\Conner\OneDrive\Documents\veilbreakers-terrain\renders\quality-audit\wind_field\volcanic_isometric.png'
Time: 00:00.18 (Saving: 00:00.01)

Fra:1 Mem:44.97M (Peak 53.66M) | Time:00:00.12 | Rendering 1 / 8 samples
Fra:1 Mem:44.97M (Peak 53.66M) | Time:00:00.14 | Rendering 8 / 8 samples
Saved: 'C:\Users\Conner\OneDrive\Documents\veilbreakers-terrain\renders\quality-audit\wind_field\volcanic_topdown.png'
Time: 00:00.19 (Saving: 00:00.02)

Fra:1 Mem:44.97M (Peak 53.66M) | Time:00:00.12 | Rendering 1 / 8 samples
Fra:1 Mem:44.97M (Peak 53.66M) | Time:00:00.14 | Rendering 8 / 8 samples
Saved: 'C:\Users\Conner\OneDrive\Documents\veilbreakers-terrain\renders\quality-audit\wind_field\volcanic_sideprofile.png'
Time: 00:00.18 (Saving: 00:00.01)

Fra:1 Mem:44.96M (Peak 53.52M) | Time:00:00.11 | Rendering 1 / 8 samples
Fra:1 Mem:44.96M (Peak 53.52M) | Time:00:00.14 | Rendering 8 / 8 samples
Saved: 'C:\Users\Conner\OneDrive\Documents\veilbreakers-terrain\renders\quality-audit\wind_field\frozen_isometric.png'
Time: 00:00.18 (Saving: 00:00.02)

Fra:1 Mem:44.97M (Peak 53.66M) | Time:00:00.11 | Rendering 1 / 8 samples
Fra:1 Mem:44.97M (Peak 53.66M) | Time:00:00.14 | Rendering 8 / 8 samples
Saved: 'C:\Users\Conner\OneDrive\Documents\veilbreakers-terrain\renders\quality-audit\wind_field\frozen_topdown.png'
Time: 00:00.19 (Saving: 00:00.02)

Fra:1 Mem:44.97M (Peak 53.66M) | Time:00:00.12 | Rendering 1 / 8 samples
Fra:1 Mem:44.97M (Peak 53.66M) | Time:00:00.14 | Rendering 8 / 8 samples
Saved: 'C:\Users\Conner\OneDrive\Documents\veilbreakers-terrain\renders\quality-audit\wind_field\frozen_sideprofile.png'
Time: 00:00.18 (Saving: 00:00.02)

Fra:1 Mem:44.96M (Peak 53.52M) | Time:00:00.12 | Rendering 1 / 8 samples
Fra:1 Mem:44.96M (Peak 53.52M) | Time:00:00.14 | Rendering 8 / 8 samples
Saved: 'C:\Users\Conner\OneDrive\Documents\veilbreakers-terrain\renders\quality-audit\wind_field\desert_isometric.png'
Time: 00:00.18 (Saving: 00:00.02)

Fra:1 Mem:44.97M (Peak 53.66M) | Time:00:00.11 | Rendering 1 / 8 samples
Fra:1 Mem:44.97M (Peak 53.66M) | Time:00:00.14 | Rendering 8 / 8 samples
Saved: 'C:\Users\Conner\OneDrive\Documents\veilbreakers-terrain\renders\quality-audit\wind_field\desert_topdown.png'
Time: 00:00.18 (Saving: 00:00.02)

Fra:1 Mem:44.97M (Peak 53.66M) | Time:00:00.11 | Rendering 1 / 8 samples
Fra:1 Mem:44.97M (Peak 53.66M) | Time:00:00.13 | Rendering 8 / 8 samples
Saved: 'C:\Users\Conner\OneDrive\Documents\veilbreakers-terrain\renders\quality-audit\wind_field\desert_sideprofile.png'
Time: 00:00.17 (Saving: 00:00.02)

Fra:1 Mem:44.96M (Peak 53.52M) | Time:00:00.12 | Rendering 1 / 8 samples
Fra:1 Mem:44.96M (Peak 53.52M) | Time:00:00.14 | Rendering 8 / 8 samples
Saved: 'C:\Users\Conner\OneDrive\Documents\veilbreakers-terrain\renders\quality-audit\cloud_shadow\grassland_isometric.png'
Time: 00:00.18 (Saving: 00:00.02)

Fra:1 Mem:44.97M (Peak 53.66M) | Time:00:00.11 | Rendering 1 / 8 samples
Fra:1 Mem:44.97M (Peak 53.66M) | Time:00:00.14 | Rendering 8 / 8 samples
Saved: 'C:\Users\Conner\OneDrive\Documents\veilbreakers-terrain\renders\quality-audit\cloud_shadow\grassland_topdown.png'
Time: 00:00.18 (Saving: 00:00.02)

Fra:1 Mem:44.97M (Peak 53.66M) | Time:00:00.11 | Rendering 1 / 8 samples
Fra:1 Mem:44.97M (Peak 53.66M) | Time:00:00.14 | Rendering 8 / 8 samples
Saved: 'C:\Users\Conner\OneDrive\Documents\veilbreakers-terrain\renders\quality-audit\cloud_shadow\grassland_sideprofile.png'
Time: 00:00.18 (Saving: 00:00.02)

Fra:1 Mem:44.96M (Peak 53.52M) | Time:00:00.11 | Rendering 1 / 8 samples
Fra:1 Mem:44.96M (Peak 53.52M) | Time:00:00.14 | Rendering 8 / 8 samples
Saved: 'C:\Users\Conner\OneDrive\Documents\veilbreakers-terrain\renders\quality-audit\cloud_shadow\mountain_isometric.png'
Time: 00:00.18 (Saving: 00:00.01)

Fra:1 Mem:44.97M (Peak 53.66M) | Time:00:00.12 | Rendering 1 / 8 samples
Fra:1 Mem:44.97M (Peak 53.66M) | Time:00:00.14 | Rendering 8 / 8 samples
Saved: 'C:\Users\Conner\OneDrive\Documents\veilbreakers-terrain\renders\quality-audit\cloud_shadow\mountain_topdown.png'
Time: 00:00.18 (Saving: 00:00.02)

Fra:1 Mem:44.97M (Peak 53.66M) | Time:00:00.12 | Rendering 1 / 8 samples
Fra:1 Mem:44.97M (Peak 53.66M) | Time:00:00.14 | Rendering 8 / 8 samples
Saved: 'C:\Users\Conner\OneDrive\Documents\veilbreakers-terrain\renders\quality-audit\cloud_shadow\mountain_sideprofile.png'
Time: 00:00.18 (Saving: 00:00.01)

Fra:1 Mem:44.96M (Peak 53.52M) | Time:00:00.13 | Rendering 1 / 8 samples
Fra:1 Mem:44.96M (Peak 53.52M) | Time:00:00.17 | Rendering 8 / 8 samples
Saved: 'C:\Users\Conner\OneDrive\Documents\veilbreakers-terrain\renders\quality-audit\cloud_shadow\coastal_isometric.png'
Time: 00:00.21 (Saving: 00:00.02)

Fra:1 Mem:44.97M (Peak 53.66M) | Time:00:00.14 | Rendering 1 / 8 samples
Fra:1 Mem:44.97M (Peak 53.66M) | Time:00:00.18 | Rendering 8 / 8 samples
Saved: 'C:\Users\Conner\OneDrive\Documents\veilbreakers-terrain\renders\quality-audit\cloud_shadow\coastal_topdown.png'
Time: 00:00.22 (Saving: 00:00.02)

Fra:1 Mem:44.97M (Peak 53.66M) | Time:00:00.13 | Rendering 1 / 8 samples
Fra:1 Mem:44.97M (Peak 53.66M) | Time:00:00.17 | Rendering 8 / 8 samples
Saved: 'C:\Users\Conner\OneDrive\Documents\veilbreakers-terrain\renders\quality-audit\cloud_shadow\coastal_sideprofile.png'
Time: 00:00.21 (Saving: 00:00.02)

Fra:1 Mem:44.96M (Peak 53.52M) | Time:00:00.14 | Rendering 1 / 8 samples
Fra:1 Mem:44.96M (Peak 53.52M) | Time:00:00.18 | Rendering 8 / 8 samples
Saved: 'C:\Users\Conner\OneDrive\Documents\veilbreakers-terrain\renders\quality-audit\cloud_shadow\volcanic_isometric.png'
Time: 00:00.22 (Saving: 00:00.01)

Fra:1 Mem:44.97M (Peak 53.66M) | Time:00:00.15 | Rendering 1 / 8 samples
Fra:1 Mem:44.97M (Peak 53.66M) | Time:00:00.19 | Rendering 8 / 8 samples
Saved: 'C:\Users\Conner\OneDrive\Documents\veilbreakers-terrain\renders\quality-audit\cloud_shadow\volcanic_topdown.png'
Time: 00:00.22 (Saving: 00:00.02)

Fra:1 Mem:44.97M (Peak 53.66M) | Time:00:00.14 | Rendering 1 / 8 samples
Fra:1 Mem:44.97M (Peak 53.66M) | Time:00:00.18 | Rendering 8 / 8 samples
Saved: 'C:\Users\Conner\OneDrive\Documents\veilbreakers-terrain\renders\quality-audit\cloud_shadow\volcanic_sideprofile.png'
Time: 00:00.21 (Saving: 00:00.01)

Fra:1 Mem:44.96M (Peak 53.52M) | Time:00:00.14 | Rendering 1 / 8 samples
Fra:1 Mem:44.96M (Peak 53.52M) | Time:00:00.18 | Rendering 8 / 8 samples
Saved: 'C:\Users\Conner\OneDrive\Documents\veilbreakers-terrain\renders\quality-audit\cloud_shadow\frozen_isometric.png'
Time: 00:00.22 (Saving: 00:00.02)

Fra:1 Mem:44.97M (Peak 53.66M) | Time:00:00.14 | Rendering 1 / 8 samples
Fra:1 Mem:44.97M (Peak 53.66M) | Time:00:00.18 | Rendering 8 / 8 samples
Saved: 'C:\Users\Conner\OneDrive\Documents\veilbreakers-terrain\renders\quality-audit\cloud_shadow\frozen_topdown.png'
Time: 00:00.23 (Saving: 00:00.02)

Fra:1 Mem:44.97M (Peak 53.66M) | Time:00:00.14 | Rendering 1 / 8 samples
Fra:1 Mem:44.97M (Peak 53.66M) | Time:00:00.18 | Rendering 8 / 8 samples
Saved: 'C:\Users\Conner\OneDrive\Documents\veilbreakers-terrain\renders\quality-audit\cloud_shadow\frozen_sideprofile.png'
Time: 00:00.21 (Saving: 00:00.01)

Fra:1 Mem:44.96M (Peak 53.52M) | Time:00:00.14 | Rendering 1 / 8 samples
Fra:1 Mem:44.96M (Peak 53.52M) | Time:00:00.18 | Rendering 8 / 8 samples
Saved: 'C:\Users\Conner\OneDrive\Documents\veilbreakers-terrain\renders\quality-audit\cloud_shadow\desert_isometric.png'
Time: 00:00.22 (Saving: 00:00.02)

Fra:1 Mem:44.97M (Peak 53.66M) | Time:00:00.14 | Rendering 1 / 8 samples
Fra:1 Mem:44.97M (Peak 53.66M) | Time:00:00.18 | Rendering 8 / 8 samples
Saved: 'C:\Users\Conner\OneDrive\Documents\veilbreakers-terrain\renders\quality-audit\cloud_shadow\desert_topdown.png'
Time: 00:00.23 (Saving: 00:00.02)

Fra:1 Mem:44.97M (Peak 53.66M) | Time:00:00.14 | Rendering 1 / 8 samples
Fra:1 Mem:44.97M (Peak 53.66M) | Time:00:00.17 | Rendering 8 / 8 samples
Saved: 'C:\Users\Conner\OneDrive\Documents\veilbreakers-terrain\renders\quality-audit\cloud_shadow\desert_sideprofile.png'
Time: 00:00.21 (Saving: 00:00.02)

Fra:1 Mem:44.97M (Peak 53.52M) | Time:00:00.14 | Rendering 1 / 8 samples
Fra:1 Mem:44.97M (Peak 53.52M) | Time:00:00.18 | Rendering 8 / 8 samples
Saved: 'C:\Users\Conner\OneDrive\Documents\veilbreakers-terrain\renders\quality-audit\decals\grassland_isometric.png'
Time: 00:00.22 (Saving: 00:00.02)

Fra:1 Mem:44.97M (Peak 53.66M) | Time:00:00.14 | Rendering 1 / 8 samples
Fra:1 Mem:44.97M (Peak 53.66M) | Time:00:00.18 | Rendering 8 / 8 samples
Saved: 'C:\Users\Conner\OneDrive\Documents\veilbreakers-terrain\renders\quality-audit\decals\grassland_topdown.png'
Time: 00:00.22 (Saving: 00:00.02)

Fra:1 Mem:44.97M (Peak 53.66M) | Time:00:00.14 | Rendering 1 / 8 samples
Fra:1 Mem:44.97M (Peak 53.66M) | Time:00:00.18 | Rendering 8 / 8 samples
Saved: 'C:\Users\Conner\OneDrive\Documents\veilbreakers-terrain\renders\quality-audit\decals\grassland_sideprofile.png'
Time: 00:00.22 (Saving: 00:00.01)

Fra:1 Mem:44.97M (Peak 53.52M) | Time:00:00.14 | Rendering 1 / 8 samples
Fra:1 Mem:44.97M (Peak 53.52M) | Time:00:00.18 | Rendering 8 / 8 samples
Saved: 'C:\Users\Conner\OneDrive\Documents\veilbreakers-terrain\renders\quality-audit\decals\mountain_isometric.png'
Time: 00:00.23 (Saving: 00:00.02)

Fra:1 Mem:44.97M (Peak 53.66M) | Time:00:00.14 | Rendering 1 / 8 samples
Fra:1 Mem:44.97M (Peak 53.66M) | Time:00:00.19 | Rendering 8 / 8 samples
Saved: 'C:\Users\Conner\OneDrive\Documents\veilbreakers-terrain\renders\quality-audit\decals\mountain_topdown.png'
Time: 00:00.22 (Saving: 00:00.02)

Fra:1 Mem:44.97M (Peak 53.66M) | Time:00:00.14 | Rendering 1 / 8 samples
Fra:1 Mem:44.97M (Peak 53.66M) | Time:00:00.18 | Rendering 8 / 8 samples
Saved: 'C:\Users\Conner\OneDrive\Documents\veilbreakers-terrain\renders\quality-audit\decals\mountain_sideprofile.png'
Time: 00:00.22 (Saving: 00:00.01)

Fra:1 Mem:44.97M (Peak 53.52M) | Time:00:00.15 | Rendering 1 / 8 samples
Fra:1 Mem:44.97M (Peak 53.52M) | Time:00:00.19 | Rendering 8 / 8 samples
Saved: 'C:\Users\Conner\OneDrive\Documents\veilbreakers-terrain\renders\quality-audit\decals\coastal_isometric.png'
Time: 00:00.24 (Saving: 00:00.02)

Fra:1 Mem:44.97M (Peak 53.66M) | Time:00:00.15 | Rendering 1 / 8 samples
Fra:1 Mem:44.97M (Peak 53.66M) | Time:00:00.20 | Rendering 8 / 8 samples
Saved: 'C:\Users\Conner\OneDrive\Documents\veilbreakers-terrain\renders\quality-audit\decals\coastal_topdown.png'
Time: 00:00.24 (Saving: 00:00.02)

Fra:1 Mem:44.97M (Peak 53.66M) | Time:00:00.14 | Rendering 1 / 8 samples
Fra:1 Mem:44.97M (Peak 53.66M) | Time:00:00.18 | Rendering 8 / 8 samples
Saved: 'C:\Users\Conner\OneDrive\Documents\veilbreakers-terrain\renders\quality-audit\decals\coastal_sideprofile.png'
Time: 00:00.22 (Saving: 00:00.01)

Fra:1 Mem:44.97M (Peak 53.52M) | Time:00:00.15 | Rendering 1 / 8 samples
Fra:1 Mem:44.97M (Peak 53.52M) | Time:00:00.20 | Rendering 8 / 8 samples
Saved: 'C:\Users\Conner\OneDrive\Documents\veilbreakers-terrain\renders\quality-audit\decals\volcanic_isometric.png'
Time: 00:00.24 (Saving: 00:00.02)

Fra:1 Mem:44.97M (Peak 53.66M) | Time:00:00.15 | Rendering 1 / 8 samples
Fra:1 Mem:44.97M (Peak 53.66M) | Time:00:00.19 | Rendering 8 / 8 samples
Saved: 'C:\Users\Conner\OneDrive\Documents\veilbreakers-terrain\renders\quality-audit\decals\volcanic_topdown.png'
Time: 00:00.23 (Saving: 00:00.02)

Fra:1 Mem:44.97M (Peak 53.66M) | Time:00:00.15 | Rendering 1 / 8 samples
Fra:1 Mem:44.97M (Peak 53.66M) | Time:00:00.18 | Rendering 8 / 8 samples
Saved: 'C:\Users\Conner\OneDrive\Documents\veilbreakers-terrain\renders\quality-audit\decals\volcanic_sideprofile.png'
Time: 00:00.21 (Saving: 00:00.01)

Fra:1 Mem:44.97M (Peak 53.52M) | Time:00:00.14 | Rendering 1 / 8 samples
Fra:1 Mem:44.97M (Peak 53.52M) | Time:00:00.18 | Rendering 8 / 8 samples
Saved: 'C:\Users\Conner\OneDrive\Documents\veilbreakers-terrain\renders\quality-audit\decals\frozen_isometric.png'
Time: 00:00.22 (Saving: 00:00.02)

Fra:1 Mem:44.97M (Peak 53.66M) | Time:00:00.14 | Rendering 1 / 8 samples
Fra:1 Mem:44.97M (Peak 53.66M) | Time:00:00.18 | Rendering 8 / 8 samples
Saved: 'C:\Users\Conner\OneDrive\Documents\veilbreakers-terrain\renders\quality-audit\decals\frozen_topdown.png'
Time: 00:00.22 (Saving: 00:00.02)

Fra:1 Mem:44.97M (Peak 53.66M) | Time:00:00.14 | Rendering 1 / 8 samples
Fra:1 Mem:44.97M (Peak 53.66M) | Time:00:00.18 | Rendering 8 / 8 samples
Saved: 'C:\Users\Conner\OneDrive\Documents\veilbreakers-terrain\renders\quality-audit\decals\frozen_sideprofile.png'
Time: 00:00.22 (Saving: 00:00.01)

Fra:1 Mem:44.97M (Peak 53.52M) | Time:00:00.14 | Rendering 1 / 8 samples
Fra:1 Mem:44.97M (Peak 53.52M) | Time:00:00.18 | Rendering 8 / 8 samples
Saved: 'C:\Users\Conner\OneDrive\Documents\veilbreakers-terrain\renders\quality-audit\decals\desert_isometric.png'
Time: 00:00.22 (Saving: 00:00.02)

Fra:1 Mem:44.97M (Peak 53.66M) | Time:00:00.15 | Rendering 1 / 8 samples
Fra:1 Mem:44.97M (Peak 53.66M) | Time:00:00.19 | Rendering 8 / 8 samples
Saved: 'C:\Users\Conner\OneDrive\Documents\veilbreakers-terrain\renders\quality-audit\decals\desert_topdown.png'
Time: 00:00.23 (Saving: 00:00.02)

Fra:1 Mem:44.97M (Peak 53.66M) | Time:00:00.15 | Rendering 1 / 8 samples
Fra:1 Mem:44.97M (Peak 53.66M) | Time:00:00.18 | Rendering 8 / 8 samples
Saved: 'C:\Users\Conner\OneDrive\Documents\veilbreakers-terrain\renders\quality-audit\decals\desert_sideprofile.png'
Time: 00:00.22 (Saving: 00:00.01)

Fra:1 Mem:44.97M (Peak 53.52M) | Time:00:00.14 | Rendering 1 / 8 samples
Fra:1 Mem:44.97M (Peak 53.52M) | Time:00:00.18 | Rendering 8 / 8 samples
Saved: 'C:\Users\Conner\OneDrive\Documents\veilbreakers-terrain\renders\quality-audit\navmesh\grassland_isometric.png'
Time: 00:00.23 (Saving: 00:00.02)

Fra:1 Mem:44.97M (Peak 53.66M) | Time:00:00.14 | Rendering 1 / 8 samples
Fra:1 Mem:44.97M (Peak 53.66M) | Time:00:00.18 | Rendering 8 / 8 samples
Saved: 'C:\Users\Conner\OneDrive\Documents\veilbreakers-terrain\renders\quality-audit\navmesh\grassland_topdown.png'
Time: 00:00.23 (Saving: 00:00.02)

Fra:1 Mem:44.97M (Peak 53.66M) | Time:00:00.14 | Rendering 1 / 8 samples
Fra:1 Mem:44.97M (Peak 53.66M) | Time:00:00.17 | Rendering 8 / 8 samples
Saved: 'C:\Users\Conner\OneDrive\Documents\veilbreakers-terrain\renders\quality-audit\navmesh\grassland_sideprofile.png'
Time: 00:00.22 (Saving: 00:00.02)

Fra:1 Mem:44.97M (Peak 53.52M) | Time:00:00.15 | Rendering 1 / 8 samples
Fra:1 Mem:44.97M (Peak 53.52M) | Time:00:00.19 | Rendering 8 / 8 samples
Saved: 'C:\Users\Conner\OneDrive\Documents\veilbreakers-terrain\renders\quality-audit\navmesh\mountain_isometric.png'
Time: 00:00.23 (Saving: 00:00.02)

Fra:1 Mem:44.97M (Peak 53.66M) | Time:00:00.14 | Rendering 1 / 8 samples
Fra:1 Mem:44.97M (Peak 53.66M) | Time:00:00.18 | Rendering 8 / 8 samples
Saved: 'C:\Users\Conner\OneDrive\Documents\veilbreakers-terrain\renders\quality-audit\navmesh\mountain_topdown.png'
Time: 00:00.23 (Saving: 00:00.02)

Fra:1 Mem:44.97M (Peak 53.66M) | Time:00:00.14 | Rendering 1 / 8 samples
Fra:1 Mem:44.97M (Peak 53.66M) | Time:00:00.17 | Rendering 8 / 8 samples
Saved: 'C:\Users\Conner\OneDrive\Documents\veilbreakers-terrain\renders\quality-audit\navmesh\mountain_sideprofile.png'
Time: 00:00.21 (Saving: 00:00.02)

Fra:1 Mem:44.97M (Peak 53.52M) | Time:00:00.14 | Rendering 1 / 8 samples
Fra:1 Mem:44.97M (Peak 53.52M) | Time:00:00.18 | Rendering 8 / 8 samples
Saved: 'C:\Users\Conner\OneDrive\Documents\veilbreakers-terrain\renders\quality-audit\navmesh\coastal_isometric.png'
Time: 00:00.22 (Saving: 00:00.02)

Fra:1 Mem:44.97M (Peak 53.66M) | Time:00:00.14 | Rendering 1 / 8 samples
Fra:1 Mem:44.97M (Peak 53.66M) | Time:00:00.19 | Rendering 8 / 8 samples
Saved: 'C:\Users\Conner\OneDrive\Documents\veilbreakers-terrain\renders\quality-audit\navmesh\coastal_topdown.png'
Time: 00:00.23 (Saving: 00:00.02)

Fra:1 Mem:44.97M (Peak 53.66M) | Time:00:00.14 | Rendering 1 / 8 samples
Fra:1 Mem:44.97M (Peak 53.66M) | Time:00:00.18 | Rendering 8 / 8 samples
Saved: 'C:\Users\Conner\OneDrive\Documents\veilbreakers-terrain\renders\quality-audit\navmesh\coastal_sideprofile.png'
Time: 00:00.22 (Saving: 00:00.01)

Fra:1 Mem:44.97M (Peak 53.52M) | Time:00:00.15 | Rendering 1 / 8 samples
Fra:1 Mem:44.97M (Peak 53.52M) | Time:00:00.20 | Rendering 8 / 8 samples
Saved: 'C:\Users\Conner\OneDrive\Documents\veilbreakers-terrain\renders\quality-audit\navmesh\volcanic_isometric.png'
Time: 00:00.23 (Saving: 00:00.01)

Fra:1 Mem:44.97M (Peak 53.66M) | Time:00:00.15 | Rendering 1 / 8 samples
Fra:1 Mem:44.97M (Peak 53.66M) | Time:00:00.20 | Rendering 8 / 8 samples
Saved: 'C:\Users\Conner\OneDrive\Documents\veilbreakers-terrain\renders\quality-audit\navmesh\volcanic_topdown.png'
Time: 00:00.24 (Saving: 00:00.02)

Fra:1 Mem:44.97M (Peak 53.66M) | Time:00:00.15 | Rendering 1 / 8 samples
Fra:1 Mem:44.97M (Peak 53.66M) | Time:00:00.19 | Rendering 8 / 8 samples
Saved: 'C:\Users\Conner\OneDrive\Documents\veilbreakers-terrain\renders\quality-audit\navmesh\volcanic_sideprofile.png'
Time: 00:00.23 (Saving: 00:00.01)

Fra:1 Mem:44.97M (Peak 53.52M) | Time:00:00.14 | Rendering 1 / 8 samples
Fra:1 Mem:44.97M (Peak 53.52M) | Time:00:00.19 | Rendering 8 / 8 samples
Saved: 'C:\Users\Conner\OneDrive\Documents\veilbreakers-terrain\renders\quality-audit\navmesh\frozen_isometric.png'
Time: 00:00.24 (Saving: 00:00.02)

Fra:1 Mem:44.97M (Peak 53.66M) | Time:00:00.22 | Rendering 1 / 8 samples
Fra:1 Mem:44.97M (Peak 53.66M) | Time:00:00.31 | Rendering 8 / 8 samples
Saved: 'C:\Users\Conner\OneDrive\Documents\veilbreakers-terrain\renders\quality-audit\navmesh\frozen_topdown.png'
Time: 00:00.35 (Saving: 00:00.02)

Fra:1 Mem:44.97M (Peak 53.66M) | Time:00:00.10 | Rendering 1 / 8 samples
Fra:1 Mem:44.97M (Peak 53.66M) | Time:00:00.11 | Rendering 8 / 8 samples
Saved: 'C:\Users\Conner\OneDrive\Documents\veilbreakers-terrain\renders\quality-audit\navmesh\frozen_sideprofile.png'
Time: 00:00.15 (Saving: 00:00.02)

Fra:1 Mem:44.97M (Peak 53.52M) | Time:00:00.10 | Rendering 1 / 8 samples
Fra:1 Mem:44.97M (Peak 53.52M) | Time:00:00.11 | Rendering 8 / 8 samples
Saved: 'C:\Users\Conner\OneDrive\Documents\veilbreakers-terrain\renders\quality-audit\navmesh\desert_isometric.png'
Time: 00:00.15 (Saving: 00:00.02)

Fra:1 Mem:44.97M (Peak 53.66M) | Time:00:00.10 | Rendering 1 / 8 samples
Fra:1 Mem:44.97M (Peak 53.66M) | Time:00:00.11 | Rendering 8 / 8 samples
Saved: 'C:\Users\Conner\OneDrive\Documents\veilbreakers-terrain\renders\quality-audit\navmesh\desert_topdown.png'
Time: 00:00.16 (Saving: 00:00.02)

Fra:1 Mem:44.97M (Peak 53.66M) | Time:00:00.10 | Rendering 1 / 8 samples
Fra:1 Mem:44.97M (Peak 53.66M) | Time:00:00.11 | Rendering 8 / 8 samples
Saved: 'C:\Users\Conner\OneDrive\Documents\veilbreakers-terrain\renders\quality-audit\navmesh\desert_sideprofile.png'
Time: 00:00.15 (Saving: 00:00.02)

Fra:1 Mem:44.97M (Peak 53.52M) | Time:00:00.10 | Rendering 1 / 8 samples
Fra:1 Mem:44.97M (Peak 53.52M) | Time:00:00.11 | Rendering 8 / 8 samples
Saved: 'C:\Users\Conner\OneDrive\Documents\veilbreakers-terrain\renders\quality-audit\pass_navmesh_export\grassland_isometric.png'
Time: 00:00.16 (Saving: 00:00.02)

Fra:1 Mem:44.97M (Peak 53.66M) | Time:00:00.10 | Rendering 1 / 8 samples
Fra:1 Mem:44.97M (Peak 53.66M) | Time:00:00.11 | Rendering 8 / 8 samples
Saved: 'C:\Users\Conner\OneDrive\Documents\veilbreakers-terrain\renders\quality-audit\pass_navmesh_export\grassland_topdown.png'
Time: 00:00.16 (Saving: 00:00.02)

Fra:1 Mem:44.97M (Peak 53.66M) | Time:00:00.10 | Rendering 1 / 8 samples
Fra:1 Mem:44.97M (Peak 53.66M) | Time:00:00.11 | Rendering 8 / 8 samples
Saved: 'C:\Users\Conner\OneDrive\Documents\veilbreakers-terrain\renders\quality-audit\pass_navmesh_export\grassland_sideprofile.png'
Time: 00:00.15 (Saving: 00:00.02)

Fra:1 Mem:44.97M (Peak 53.52M) | Time:00:00.10 | Rendering 1 / 8 samples
Fra:1 Mem:44.97M (Peak 53.52M) | Time:00:00.11 | Rendering 8 / 8 samples
Saved: 'C:\Users\Conner\OneDrive\Documents\veilbreakers-terrain\renders\quality-audit\pass_navmesh_export\mountain_isometric.png'
Time: 00:00.15 (Saving: 00:00.02)

Fra:1 Mem:44.97M (Peak 53.66M) | Time:00:00.10 | Rendering 1 / 8 samples
Fra:1 Mem:44.97M (Peak 53.66M) | Time:00:00.11 | Rendering 8 / 8 samples
Saved: 'C:\Users\Conner\OneDrive\Documents\veilbreakers-terrain\renders\quality-audit\pass_navmesh_export\mountain_topdown.png'
Time: 00:00.16 (Saving: 00:00.02)

Fra:1 Mem:44.97M (Peak 53.66M) | Time:00:00.10 | Rendering 1 / 8 samples
Fra:1 Mem:44.97M (Peak 53.66M) | Time:00:00.11 | Rendering 8 / 8 samples
Saved: 'C:\Users\Conner\OneDrive\Documents\veilbreakers-terrain\renders\quality-audit\pass_navmesh_export\mountain_sideprofile.png'
Time: 00:00.14 (Saving: 00:00.01)

Fra:1 Mem:44.97M (Peak 53.52M) | Time:00:00.11 | Rendering 1 / 8 samples
Fra:1 Mem:44.97M (Peak 53.52M) | Time:00:00.12 | Rendering 8 / 8 samples
Saved: 'C:\Users\Conner\OneDrive\Documents\veilbreakers-terrain\renders\quality-audit\pass_navmesh_export\coastal_isometric.png'
Time: 00:00.16 (Saving: 00:00.02)

Fra:1 Mem:44.97M (Peak 53.66M) | Time:00:00.11 | Rendering 1 / 8 samples
Fra:1 Mem:44.97M (Peak 53.66M) | Time:00:00.12 | Rendering 8 / 8 samples
Saved: 'C:\Users\Conner\OneDrive\Documents\veilbreakers-terrain\renders\quality-audit\pass_navmesh_export\coastal_topdown.png'
Time: 00:00.17 (Saving: 00:00.03)

Fra:1 Mem:44.97M (Peak 53.66M) | Time:00:00.10 | Rendering 1 / 8 samples
Fra:1 Mem:44.97M (Peak 53.66M) | Time:00:00.12 | Rendering 8 / 8 samples
Saved: 'C:\Users\Conner\OneDrive\Documents\veilbreakers-terrain\renders\quality-audit\pass_navmesh_export\coastal_sideprofile.png'
Time: 00:00.16 (Saving: 00:00.02)

Fra:1 Mem:44.97M (Peak 53.52M) | Time:00:00.11 | Rendering 1 / 8 samples
Fra:1 Mem:44.97M (Peak 53.52M) | Time:00:00.13 | Rendering 8 / 8 samples
Saved: 'C:\Users\Conner\OneDrive\Documents\veilbreakers-terrain\renders\quality-audit\pass_navmesh_export\volcanic_isometric.png'
Time: 00:00.17 (Saving: 00:00.01)

Fra:1 Mem:44.97M (Peak 53.66M) | Time:00:00.12 | Rendering 1 / 8 samples
Fra:1 Mem:44.97M (Peak 53.66M) | Time:00:00.13 | Rendering 8 / 8 samples
Saved: 'C:\Users\Conner\OneDrive\Documents\veilbreakers-terrain\renders\quality-audit\pass_navmesh_export\volcanic_topdown.png'
Time: 00:00.17 (Saving: 00:00.02)

Fra:1 Mem:44.97M (Peak 53.66M) | Time:00:00.12 | Rendering 1 / 8 samples
Fra:1 Mem:44.97M (Peak 53.66M) | Time:00:00.13 | Rendering 8 / 8 samples
Saved: 'C:\Users\Conner\OneDrive\Documents\veilbreakers-terrain\renders\quality-audit\pass_navmesh_export\volcanic_sideprofile.png'
Time: 00:00.17 (Saving: 00:00.02)

Fra:1 Mem:44.97M (Peak 53.52M) | Time:00:00.11 | Rendering 1 / 8 samples
Fra:1 Mem:44.97M (Peak 53.52M) | Time:00:00.12 | Rendering 8 / 8 samples
Saved: 'C:\Users\Conner\OneDrive\Documents\veilbreakers-terrain\renders\quality-audit\pass_navmesh_export\frozen_isometric.png'
Time: 00:00.16 (Saving: 00:00.02)

Fra:1 Mem:44.97M (Peak 53.66M) | Time:00:00.11 | Rendering 1 / 8 samples
Fra:1 Mem:44.97M (Peak 53.66M) | Time:00:00.13 | Rendering 8 / 8 samples
Saved: 'C:\Users\Conner\OneDrive\Documents\veilbreakers-terrain\renders\quality-audit\pass_navmesh_export\frozen_topdown.png'
Time: 00:00.17 (Saving: 00:00.02)

Fra:1 Mem:44.97M (Peak 53.66M) | Time:00:00.11 | Rendering 1 / 8 samples
Fra:1 Mem:44.97M (Peak 53.66M) | Time:00:00.12 | Rendering 8 / 8 samples
Saved: 'C:\Users\Conner\OneDrive\Documents\veilbreakers-terrain\renders\quality-audit\pass_navmesh_export\frozen_sideprofile.png'
Time: 00:00.16 (Saving: 00:00.02)

Fra:1 Mem:44.97M (Peak 53.52M) | Time:00:00.11 | Rendering 1 / 8 samples
Fra:1 Mem:44.97M (Peak 53.52M) | Time:00:00.13 | Rendering 8 / 8 samples
Saved: 'C:\Users\Conner\OneDrive\Documents\veilbreakers-terrain\renders\quality-audit\pass_navmesh_export\desert_isometric.png'
Time: 00:00.16 (Saving: 00:00.02)

Fra:1 Mem:44.97M (Peak 53.66M) | Time:00:00.10 | Rendering 1 / 8 samples
Fra:1 Mem:44.97M (Peak 53.66M) | Time:00:00.12 | Rendering 8 / 8 samples
Saved: 'C:\Users\Conner\OneDrive\Documents\veilbreakers-terrain\renders\quality-audit\pass_navmesh_export\desert_topdown.png'
Time: 00:00.17 (Saving: 00:00.02)

Fra:1 Mem:44.97M (Peak 53.66M) | Time:00:00.11 | Rendering 1 / 8 samples
Fra:1 Mem:44.97M (Peak 53.66M) | Time:00:00.13 | Rendering 8 / 8 samples
Saved: 'C:\Users\Conner\OneDrive\Documents\veilbreakers-terrain\renders\quality-audit\pass_navmesh_export\desert_sideprofile.png'
Time: 00:00.17 (Saving: 00:00.02)

Fra:1 Mem:44.97M (Peak 53.52M) | Time:00:00.11 | Rendering 1 / 8 samples
Fra:1 Mem:44.97M (Peak 53.52M) | Time:00:00.13 | Rendering 8 / 8 samples
Saved: 'C:\Users\Conner\OneDrive\Documents\veilbreakers-terrain\renders\quality-audit\ecotones\grassland_isometric.png'
Time: 00:00.17 (Saving: 00:00.02)

Fra:1 Mem:44.97M (Peak 53.66M) | Time:00:00.11 | Rendering 1 / 8 samples
Fra:1 Mem:44.97M (Peak 53.66M) | Time:00:00.13 | Rendering 8 / 8 samples
Saved: 'C:\Users\Conner\OneDrive\Documents\veilbreakers-terrain\renders\quality-audit\ecotones\grassland_topdown.png'
Time: 00:00.18 (Saving: 00:00.02)

Fra:1 Mem:44.97M (Peak 53.66M) | Time:00:00.11 | Rendering 1 / 8 samples
Fra:1 Mem:44.97M (Peak 53.66M) | Time:00:00.12 | Rendering 8 / 8 samples
Saved: 'C:\Users\Conner\OneDrive\Documents\veilbreakers-terrain\renders\quality-audit\ecotones\grassland_sideprofile.png'
Time: 00:00.17 (Saving: 00:00.02)

Fra:1 Mem:44.97M (Peak 53.52M) | Time:00:00.11 | Rendering 1 / 8 samples
Fra:1 Mem:44.97M (Peak 53.52M) | Time:00:00.13 | Rendering 8 / 8 samples
Saved: 'C:\Users\Conner\OneDrive\Documents\veilbreakers-terrain\renders\quality-audit\ecotones\mountain_isometric.png'
Time: 00:00.17 (Saving: 00:00.02)

Fra:1 Mem:44.97M (Peak 53.66M) | Time:00:00.11 | Rendering 1 / 8 samples
Fra:1 Mem:44.97M (Peak 53.66M) | Time:00:00.13 | Rendering 8 / 8 samples
Saved: 'C:\Users\Conner\OneDrive\Documents\veilbreakers-terrain\renders\quality-audit\ecotones\mountain_topdown.png'
Time: 00:00.17 (Saving: 00:00.02)

Fra:1 Mem:44.97M (Peak 53.66M) | Time:00:00.11 | Rendering 1 / 8 samples
Fra:1 Mem:44.97M (Peak 53.66M) | Time:00:00.13 | Rendering 8 / 8 samples
Saved: 'C:\Users\Conner\OneDrive\Documents\veilbreakers-terrain\renders\quality-audit\ecotones\mountain_sideprofile.png'
Time: 00:00.17 (Saving: 00:00.02)

Fra:1 Mem:44.97M (Peak 53.52M) | Time:00:00.11 | Rendering 1 / 8 samples
Fra:1 Mem:44.97M (Peak 53.52M) | Time:00:00.13 | Rendering 8 / 8 samples
Saved: 'C:\Users\Conner\OneDrive\Documents\veilbreakers-terrain\renders\quality-audit\ecotones\coastal_isometric.png'
Time: 00:00.16 (Saving: 00:00.02)

Fra:1 Mem:44.97M (Peak 53.66M) | Time:00:00.11 | Rendering 1 / 8 samples
Fra:1 Mem:44.97M (Peak 53.66M) | Time:00:00.13 | Rendering 8 / 8 samples
Saved: 'C:\Users\Conner\OneDrive\Documents\veilbreakers-terrain\renders\quality-audit\ecotones\coastal_topdown.png'
Time: 00:00.18 (Saving: 00:00.02)

Fra:1 Mem:44.97M (Peak 53.66M) | Time:00:00.11 | Rendering 1 / 8 samples
Fra:1 Mem:44.97M (Peak 53.66M) | Time:00:00.13 | Rendering 8 / 8 samples
Saved: 'C:\Users\Conner\OneDrive\Documents\veilbreakers-terrain\renders\quality-audit\ecotones\coastal_sideprofile.png'
Time: 00:00.17 (Saving: 00:00.02)

Fra:1 Mem:44.97M (Peak 53.52M) | Time:00:00.11 | Rendering 1 / 8 samples
Fra:1 Mem:44.97M (Peak 53.52M) | Time:00:00.13 | Rendering 8 / 8 samples
Saved: 'C:\Users\Conner\OneDrive\Documents\veilbreakers-terrain\renders\quality-audit\ecotones\volcanic_isometric.png'
Time: 00:00.17 (Saving: 00:00.01)

Fra:1 Mem:44.97M (Peak 53.66M) | Time:00:00.12 | Rendering 1 / 8 samples
Fra:1 Mem:44.97M (Peak 53.66M) | Time:00:00.14 | Rendering 8 / 8 samples
Saved: 'C:\Users\Conner\OneDrive\Documents\veilbreakers-terrain\renders\quality-audit\ecotones\volcanic_topdown.png'
Time: 00:00.18 (Saving: 00:00.02)

Fra:1 Mem:44.97M (Peak 53.66M) | Time:00:00.12 | Rendering 1 / 8 samples
Fra:1 Mem:44.97M (Peak 53.66M) | Time:00:00.14 | Rendering 8 / 8 samples
Saved: 'C:\Users\Conner\OneDrive\Documents\veilbreakers-terrain\renders\quality-audit\ecotones\volcanic_sideprofile.png'
Time: 00:00.17 (Saving: 00:00.02)

Fra:1 Mem:44.97M (Peak 53.52M) | Time:00:00.11 | Rendering 1 / 8 samples
Fra:1 Mem:44.97M (Peak 53.52M) | Time:00:00.13 | Rendering 8 / 8 samples
Saved: 'C:\Users\Conner\OneDrive\Documents\veilbreakers-terrain\renders\quality-audit\ecotones\frozen_isometric.png'
Time: 00:00.17 (Saving: 00:00.02)

Fra:1 Mem:44.97M (Peak 53.66M) | Time:00:00.12 | Rendering 1 / 8 samples
Fra:1 Mem:44.97M (Peak 53.66M) | Time:00:00.14 | Rendering 8 / 8 samples
Saved: 'C:\Users\Conner\OneDrive\Documents\veilbreakers-terrain\renders\quality-audit\ecotones\frozen_topdown.png'
Time: 00:00.18 (Saving: 00:00.02)

Fra:1 Mem:44.97M (Peak 53.66M) | Time:00:00.11 | Rendering 1 / 8 samples
Fra:1 Mem:44.97M (Peak 53.66M) | Time:00:00.13 | Rendering 8 / 8 samples
Saved: 'C:\Users\Conner\OneDrive\Documents\veilbreakers-terrain\renders\quality-audit\ecotones\frozen_sideprofile.png'
Time: 00:00.17 (Saving: 00:00.02)

Fra:1 Mem:44.97M (Peak 53.52M) | Time:00:00.11 | Rendering 1 / 8 samples
Fra:1 Mem:44.97M (Peak 53.52M) | Time:00:00.13 | Rendering 8 / 8 samples
Saved: 'C:\Users\Conner\OneDrive\Documents\veilbreakers-terrain\renders\quality-audit\ecotones\desert_isometric.png'
Time: 00:00.17 (Saving: 00:00.02)

Fra:1 Mem:44.97M (Peak 53.66M) | Time:00:00.11 | Rendering 1 / 8 samples
Fra:1 Mem:44.97M (Peak 53.66M) | Time:00:00.13 | Rendering 8 / 8 samples
Saved: 'C:\Users\Conner\OneDrive\Documents\veilbreakers-terrain\renders\quality-audit\ecotones\desert_topdown.png'
Time: 00:00.18 (Saving: 00:00.02)

Fra:1 Mem:44.97M (Peak 53.67M) | Time:00:00.11 | Rendering 1 / 8 samples
Fra:1 Mem:44.97M (Peak 53.67M) | Time:00:00.13 | Rendering 8 / 8 samples
Saved: 'C:\Users\Conner\OneDrive\Documents\veilbreakers-terrain\renders\quality-audit\ecotones\desert_sideprofile.png'
Time: 00:00.17 (Saving: 00:00.02)

Fra:1 Mem:44.97M (Peak 53.52M) | Time:00:00.12 | Rendering 1 / 8 samples
Fra:1 Mem:44.97M (Peak 53.52M) | Time:00:00.14 | Rendering 8 / 8 samples
Saved: 'C:\Users\Conner\OneDrive\Documents\veilbreakers-terrain\renders\quality-audit\stochastic_shader\grassland_isometric.png'
Time: 00:00.18 (Saving: 00:00.02)

Fra:1 Mem:44.97M (Peak 53.66M) | Time:00:00.11 | Rendering 1 / 8 samples
Fra:1 Mem:44.97M (Peak 53.66M) | Time:00:00.14 | Rendering 8 / 8 samples
Saved: 'C:\Users\Conner\OneDrive\Documents\veilbreakers-terrain\renders\quality-audit\stochastic_shader\grassland_topdown.png'
Time: 00:00.18 (Saving: 00:00.02)

Fra:1 Mem:44.97M (Peak 53.67M) | Time:00:00.12 | Rendering 1 / 8 samples
Fra:1 Mem:44.97M (Peak 53.67M) | Time:00:00.14 | Rendering 8 / 8 samples
Saved: 'C:\Users\Conner\OneDrive\Documents\veilbreakers-terrain\renders\quality-audit\stochastic_shader\grassland_sideprofile.png'
Time: 00:00.18 (Saving: 00:00.02)

Fra:1 Mem:44.97M (Peak 53.52M) | Time:00:00.11 | Rendering 1 / 8 samples
Fra:1 Mem:44.97M (Peak 53.52M) | Time:00:00.14 | Rendering 8 / 8 samples
Saved: 'C:\Users\Conner\OneDrive\Documents\veilbreakers-terrain\renders\quality-audit\stochastic_shader\mountain_isometric.png'
Time: 00:00.18 (Saving: 00:00.02)

Fra:1 Mem:44.97M (Peak 53.66M) | Time:00:00.11 | Rendering 1 / 8 samples
Fra:1 Mem:44.97M (Peak 53.66M) | Time:00:00.14 | Rendering 8 / 8 samples
Saved: 'C:\Users\Conner\OneDrive\Documents\veilbreakers-terrain\renders\quality-audit\stochastic_shader\mountain_topdown.png'
Time: 00:00.18 (Saving: 00:00.02)

Fra:1 Mem:44.97M (Peak 53.67M) | Time:00:00.11 | Rendering 1 / 8 samples
Fra:1 Mem:44.97M (Peak 53.67M) | Time:00:00.13 | Rendering 8 / 8 samples
Saved: 'C:\Users\Conner\OneDrive\Documents\veilbreakers-terrain\renders\quality-audit\stochastic_shader\mountain_sideprofile.png'
Time: 00:00.17 (Saving: 00:00.01)

Fra:1 Mem:44.97M (Peak 53.52M) | Time:00:00.11 | Rendering 1 / 8 samples
Fra:1 Mem:44.97M (Peak 53.52M) | Time:00:00.14 | Rendering 8 / 8 samples
Saved: 'C:\Users\Conner\OneDrive\Documents\veilbreakers-terrain\renders\quality-audit\stochastic_shader\coastal_isometric.png'
Time: 00:00.18 (Saving: 00:00.02)

Fra:1 Mem:44.97M (Peak 53.66M) | Time:00:00.11 | Rendering 1 / 8 samples
Fra:1 Mem:44.97M (Peak 53.66M) | Time:00:00.14 | Rendering 8 / 8 samples
Saved: 'C:\Users\Conner\OneDrive\Documents\veilbreakers-terrain\renders\quality-audit\stochastic_shader\coastal_topdown.png'
Time: 00:00.19 (Saving: 00:00.02)

Fra:1 Mem:44.97M (Peak 53.67M) | Time:00:00.11 | Rendering 1 / 8 samples
Fra:1 Mem:44.97M (Peak 53.67M) | Time:00:00.14 | Rendering 8 / 8 samples
Saved: 'C:\Users\Conner\OneDrive\Documents\veilbreakers-terrain\renders\quality-audit\stochastic_shader\coastal_sideprofile.png'
Time: 00:00.18 (Saving: 00:00.02)

Fra:1 Mem:44.97M (Peak 53.52M) | Time:00:00.12 | Rendering 1 / 8 samples
Fra:1 Mem:44.97M (Peak 53.52M) | Time:00:00.15 | Rendering 8 / 8 samples
Saved: 'C:\Users\Conner\OneDrive\Documents\veilbreakers-terrain\renders\quality-audit\stochastic_shader\volcanic_isometric.png'
Time: 00:00.19 (Saving: 00:00.02)

Fra:1 Mem:44.97M (Peak 53.66M) | Time:00:00.15 | Rendering 1 / 8 samples
Fra:1 Mem:44.97M (Peak 53.66M) | Time:00:00.19 | Rendering 8 / 8 samples
Saved: 'C:\Users\Conner\OneDrive\Documents\veilbreakers-terrain\renders\quality-audit\stochastic_shader\volcanic_topdown.png'
Time: 00:00.23 (Saving: 00:00.02)

Fra:1 Mem:44.97M (Peak 53.67M) | Time:00:00.14 | Rendering 1 / 8 samples
Fra:1 Mem:44.97M (Peak 53.67M) | Time:00:00.17 | Rendering 8 / 8 samples
Saved: 'C:\Users\Conner\OneDrive\Documents\veilbreakers-terrain\renders\quality-audit\stochastic_shader\volcanic_sideprofile.png'
Time: 00:00.20 (Saving: 00:00.01)

Fra:1 Mem:44.97M (Peak 53.52M) | Time:00:00.14 | Rendering 1 / 8 samples
Fra:1 Mem:44.97M (Peak 53.52M) | Time:00:00.17 | Rendering 8 / 8 samples
Saved: 'C:\Users\Conner\OneDrive\Documents\veilbreakers-terrain\renders\quality-audit\stochastic_shader\frozen_isometric.png'
Time: 00:00.21 (Saving: 00:00.02)

Fra:1 Mem:44.97M (Peak 53.66M) | Time:00:00.13 | Rendering 1 / 8 samples
Fra:1 Mem:44.97M (Peak 53.66M) | Time:00:00.17 | Rendering 8 / 8 samples
Saved: 'C:\Users\Conner\OneDrive\Documents\veilbreakers-terrain\renders\quality-audit\stochastic_shader\frozen_topdown.png'
Time: 00:00.22 (Saving: 00:00.02)

Fra:1 Mem:44.97M (Peak 53.67M) | Time:00:00.14 | Rendering 1 / 8 samples
Fra:1 Mem:44.97M (Peak 53.67M) | Time:00:00.18 | Rendering 8 / 8 samples
Saved: 'C:\Users\Conner\OneDrive\Documents\veilbreakers-terrain\renders\quality-audit\stochastic_shader\frozen_sideprofile.png'
Time: 00:00.21 (Saving: 00:00.01)

Fra:1 Mem:44.97M (Peak 53.52M) | Time:00:00.14 | Rendering 1 / 8 samples
Fra:1 Mem:44.97M (Peak 53.52M) | Time:00:00.18 | Rendering 8 / 8 samples
Saved: 'C:\Users\Conner\OneDrive\Documents\veilbreakers-terrain\renders\quality-audit\stochastic_shader\desert_isometric.png'
Time: 00:00.22 (Saving: 00:00.02)

Fra:1 Mem:44.97M (Peak 53.66M) | Time:00:00.14 | Rendering 1 / 8 samples
Fra:1 Mem:44.97M (Peak 53.66M) | Time:00:00.18 | Rendering 8 / 8 samples
Saved: 'C:\Users\Conner\OneDrive\Documents\veilbreakers-terrain\renders\quality-audit\stochastic_shader\desert_topdown.png'
Time: 00:00.22 (Saving: 00:00.02)

Fra:1 Mem:44.97M (Peak 53.67M) | Time:00:00.14 | Rendering 1 / 8 samples
Fra:1 Mem:44.97M (Peak 53.67M) | Time:00:00.18 | Rendering 8 / 8 samples
Saved: 'C:\Users\Conner\OneDrive\Documents\veilbreakers-terrain\renders\quality-audit\stochastic_shader\desert_sideprofile.png'
Time: 00:00.22 (Saving: 00:00.01)

Fra:1 Mem:44.97M (Peak 53.52M) | Time:00:00.14 | Rendering 1 / 8 samples
Fra:1 Mem:44.97M (Peak 53.52M) | Time:00:00.18 | Rendering 8 / 8 samples
Saved: 'C:\Users\Conner\OneDrive\Documents\veilbreakers-terrain\renders\quality-audit\macro_color\grassland_isometric.png'
Time: 00:00.22 (Saving: 00:00.02)

Fra:1 Mem:44.97M (Peak 53.66M) | Time:00:00.14 | Rendering 1 / 8 samples
Fra:1 Mem:44.97M (Peak 53.66M) | Time:00:00.18 | Rendering 8 / 8 samples
Saved: 'C:\Users\Conner\OneDrive\Documents\veilbreakers-terrain\renders\quality-audit\macro_color\grassland_topdown.png'
Time: 00:00.23 (Saving: 00:00.02)

Fra:1 Mem:44.97M (Peak 53.67M) | Time:00:00.14 | Rendering 1 / 8 samples
Fra:1 Mem:44.97M (Peak 53.67M) | Time:00:00.17 | Rendering 8 / 8 samples
Saved: 'C:\Users\Conner\OneDrive\Documents\veilbreakers-terrain\renders\quality-audit\macro_color\grassland_sideprofile.png'
Time: 00:00.21 (Saving: 00:00.01)

Fra:1 Mem:44.97M (Peak 53.52M) | Time:00:00.14 | Rendering 1 / 8 samples
Fra:1 Mem:44.97M (Peak 53.52M) | Time:00:00.18 | Rendering 8 / 8 samples
Saved: 'C:\Users\Conner\OneDrive\Documents\veilbreakers-terrain\renders\quality-audit\macro_color\mountain_isometric.png'
Time: 00:00.21 (Saving: 00:00.02)

Fra:1 Mem:44.97M (Peak 53.66M) | Time:00:00.14 | Rendering 1 / 8 samples
Fra:1 Mem:44.97M (Peak 53.66M) | Time:00:00.18 | Rendering 8 / 8 samples
Saved: 'C:\Users\Conner\OneDrive\Documents\veilbreakers-terrain\renders\quality-audit\macro_color\mountain_topdown.png'
Time: 00:00.23 (Saving: 00:00.02)

Fra:1 Mem:44.97M (Peak 53.67M) | Time:00:00.15 | Rendering 1 / 8 samples
Fra:1 Mem:44.97M (Peak 53.67M) | Time:00:00.18 | Rendering 8 / 8 samples
Saved: 'C:\Users\Conner\OneDrive\Documents\veilbreakers-terrain\renders\quality-audit\macro_color\mountain_sideprofile.png'
Time: 00:00.21 (Saving: 00:00.01)

Fra:1 Mem:44.97M (Peak 53.52M) | Time:00:00.14 | Rendering 1 / 8 samples
Fra:1 Mem:44.97M (Peak 53.52M) | Time:00:00.18 | Rendering 8 / 8 samples
Saved: 'C:\Users\Conner\OneDrive\Documents\veilbreakers-terrain\renders\quality-audit\macro_color\coastal_isometric.png'
Time: 00:00.22 (Saving: 00:00.02)

Fra:1 Mem:44.97M (Peak 53.66M) | Time:00:00.15 | Rendering 1 / 8 samples
Fra:1 Mem:44.97M (Peak 53.66M) | Time:00:00.19 | Rendering 8 / 8 samples
Saved: 'C:\Users\Conner\OneDrive\Documents\veilbreakers-terrain\renders\quality-audit\macro_color\coastal_topdown.png'
Time: 00:00.23 (Saving: 00:00.02)

Fra:1 Mem:44.97M (Peak 53.67M) | Time:00:00.15 | Rendering 1 / 8 samples
Fra:1 Mem:44.97M (Peak 53.67M) | Time:00:00.19 | Rendering 8 / 8 samples
Saved: 'C:\Users\Conner\OneDrive\Documents\veilbreakers-terrain\renders\quality-audit\macro_color\coastal_sideprofile.png'
Time: 00:00.22 (Saving: 00:00.01)

Fra:1 Mem:44.97M (Peak 53.52M) | Time:00:00.15 | Rendering 1 / 8 samples
Fra:1 Mem:44.97M (Peak 53.52M) | Time:00:00.19 | Rendering 8 / 8 samples
Saved: 'C:\Users\Conner\OneDrive\Documents\veilbreakers-terrain\renders\quality-audit\macro_color\volcanic_isometric.png'
Time: 00:00.23 (Saving: 00:00.01)

Fra:1 Mem:44.97M (Peak 53.66M) | Time:00:00.15 | Rendering 1 / 8 samples
Fra:1 Mem:44.97M (Peak 53.66M) | Time:00:00.19 | Rendering 8 / 8 samples
Saved: 'C:\Users\Conner\OneDrive\Documents\veilbreakers-terrain\renders\quality-audit\macro_color\volcanic_topdown.png'
Time: 00:00.23 (Saving: 00:00.02)

Fra:1 Mem:44.97M (Peak 53.67M) | Time:00:00.14 | Rendering 1 / 8 samples
Fra:1 Mem:44.97M (Peak 53.67M) | Time:00:00.18 | Rendering 8 / 8 samples
Saved: 'C:\Users\Conner\OneDrive\Documents\veilbreakers-terrain\renders\quality-audit\macro_color\volcanic_sideprofile.png'
Time: 00:00.21 (Saving: 00:00.01)

Fra:1 Mem:44.97M (Peak 53.52M) | Time:00:00.14 | Rendering 1 / 8 samples
Fra:1 Mem:44.97M (Peak 53.52M) | Time:00:00.18 | Rendering 8 / 8 samples
Saved: 'C:\Users\Conner\OneDrive\Documents\veilbreakers-terrain\renders\quality-audit\macro_color\frozen_isometric.png'
Time: 00:00.22 (Saving: 00:00.02)

Fra:1 Mem:44.97M (Peak 53.66M) | Time:00:00.14 | Rendering 1 / 8 samples
Fra:1 Mem:44.97M (Peak 53.66M) | Time:00:00.18 | Rendering 8 / 8 samples
Saved: 'C:\Users\Conner\OneDrive\Documents\veilbreakers-terrain\renders\quality-audit\macro_color\frozen_topdown.png'
Time: 00:00.22 (Saving: 00:00.02)

Fra:1 Mem:44.97M (Peak 53.67M) | Time:00:00.14 | Rendering 1 / 8 samples
Fra:1 Mem:44.97M (Peak 53.67M) | Time:00:00.18 | Rendering 8 / 8 samples
Saved: 'C:\Users\Conner\OneDrive\Documents\veilbreakers-terrain\renders\quality-audit\macro_color\frozen_sideprofile.png'
Time: 00:00.21 (Saving: 00:00.01)

Fra:1 Mem:44.97M (Peak 53.52M) | Time:00:00.14 | Rendering 1 / 8 samples
Fra:1 Mem:44.97M (Peak 53.52M) | Time:00:00.18 | Rendering 8 / 8 samples
Saved: 'C:\Users\Conner\OneDrive\Documents\veilbreakers-terrain\renders\quality-audit\macro_color\desert_isometric.png'
Time: 00:00.22 (Saving: 00:00.02)

Fra:1 Mem:44.97M (Peak 53.66M) | Time:00:00.14 | Rendering 1 / 8 samples
Fra:1 Mem:44.97M (Peak 53.66M) | Time:00:00.18 | Rendering 8 / 8 samples
Saved: 'C:\Users\Conner\OneDrive\Documents\veilbreakers-terrain\renders\quality-audit\macro_color\desert_topdown.png'
Time: 00:00.23 (Saving: 00:00.02)

Fra:1 Mem:44.97M (Peak 53.67M) | Time:00:00.15 | Rendering 1 / 8 samples
Fra:1 Mem:44.97M (Peak 53.67M) | Time:00:00.18 | Rendering 8 / 8 samples
Saved: 'C:\Users\Conner\OneDrive\Documents\veilbreakers-terrain\renders\quality-audit\macro_color\desert_sideprofile.png'
Time: 00:00.22 (Saving: 00:00.01)

Fra:1 Mem:44.97M (Peak 53.52M) | Time:00:00.14 | Rendering 1 / 8 samples
Fra:1 Mem:44.97M (Peak 53.52M) | Time:00:00.18 | Rendering 8 / 8 samples
Saved: 'C:\Users\Conner\OneDrive\Documents\veilbreakers-terrain\renders\quality-audit\multiscale_breakup\grassland_isometric.png'
Time: 00:00.22 (Saving: 00:00.02)

Fra:1 Mem:44.97M (Peak 53.67M) | Time:00:00.14 | Rendering 1 / 8 samples
Fra:1 Mem:44.97M (Peak 53.67M) | Time:00:00.19 | Rendering 8 / 8 samples
Saved: 'C:\Users\Conner\OneDrive\Documents\veilbreakers-terrain\renders\quality-audit\multiscale_breakup\grassland_topdown.png'
Time: 00:00.23 (Saving: 00:00.02)

Fra:1 Mem:44.97M (Peak 53.67M) | Time:00:00.14 | Rendering 1 / 8 samples
Fra:1 Mem:44.97M (Peak 53.67M) | Time:00:00.18 | Rendering 8 / 8 samples
Saved: 'C:\Users\Conner\OneDrive\Documents\veilbreakers-terrain\renders\quality-audit\multiscale_breakup\grassland_sideprofile.png'
Time: 00:00.22 (Saving: 00:00.01)

Fra:1 Mem:44.97M (Peak 53.52M) | Time:00:00.14 | Rendering 1 / 8 samples
Fra:1 Mem:44.97M (Peak 53.52M) | Time:00:00.19 | Rendering 8 / 8 samples
Saved: 'C:\Users\Conner\OneDrive\Documents\veilbreakers-terrain\renders\quality-audit\multiscale_breakup\mountain_isometric.png'
Time: 00:00.22 (Saving: 00:00.01)

Fra:1 Mem:44.97M (Peak 53.67M) | Time:00:00.15 | Rendering 1 / 8 samples
Fra:1 Mem:44.97M (Peak 53.67M) | Time:00:00.19 | Rendering 8 / 8 samples
Saved: 'C:\Users\Conner\OneDrive\Documents\veilbreakers-terrain\renders\quality-audit\multiscale_breakup\mountain_topdown.png'
Time: 00:00.22 (Saving: 00:00.02)

Fra:1 Mem:44.97M (Peak 53.67M) | Time:00:00.14 | Rendering 1 / 8 samples
Fra:1 Mem:44.97M (Peak 53.67M) | Time:00:00.17 | Rendering 8 / 8 samples
Saved: 'C:\Users\Conner\OneDrive\Documents\veilbreakers-terrain\renders\quality-audit\multiscale_breakup\mountain_sideprofile.png'
Time: 00:00.21 (Saving: 00:00.01)

Fra:1 Mem:44.97M (Peak 53.52M) | Time:00:00.14 | Rendering 1 / 8 samples
Fra:1 Mem:44.97M (Peak 53.52M) | Time:00:00.18 | Rendering 8 / 8 samples
Saved: 'C:\Users\Conner\OneDrive\Documents\veilbreakers-terrain\renders\quality-audit\multiscale_breakup\coastal_isometric.png'
Time: 00:00.22 (Saving: 00:00.02)

Fra:1 Mem:44.97M (Peak 53.67M) | Time:00:00.14 | Rendering 1 / 8 samples
Fra:1 Mem:44.97M (Peak 53.67M) | Time:00:00.18 | Rendering 8 / 8 samples
Saved: 'C:\Users\Conner\OneDrive\Documents\veilbreakers-terrain\renders\quality-audit\multiscale_breakup\coastal_topdown.png'
Time: 00:00.22 (Saving: 00:00.02)

Fra:1 Mem:44.97M (Peak 53.67M) | Time:00:00.14 | Rendering 1 / 8 samples
Fra:1 Mem:44.97M (Peak 53.67M) | Time:00:00.18 | Rendering 8 / 8 samples
Saved: 'C:\Users\Conner\OneDrive\Documents\veilbreakers-terrain\renders\quality-audit\multiscale_breakup\coastal_sideprofile.png'
Time: 00:00.22 (Saving: 00:00.02)

Fra:1 Mem:44.97M (Peak 53.52M) | Time:00:00.15 | Rendering 1 / 8 samples
Fra:1 Mem:44.97M (Peak 53.52M) | Time:00:00.20 | Rendering 8 / 8 samples
Saved: 'C:\Users\Conner\OneDrive\Documents\veilbreakers-terrain\renders\quality-audit\multiscale_breakup\volcanic_isometric.png'
Time: 00:00.23 (Saving: 00:00.01)

Fra:1 Mem:44.97M (Peak 53.67M) | Time:00:00.15 | Rendering 1 / 8 samples
Fra:1 Mem:44.97M (Peak 53.67M) | Time:00:00.19 | Rendering 8 / 8 samples
Saved: 'C:\Users\Conner\OneDrive\Documents\veilbreakers-terrain\renders\quality-audit\multiscale_breakup\volcanic_topdown.png'
Time: 00:00.23 (Saving: 00:00.02)

Fra:1 Mem:44.97M (Peak 53.67M) | Time:00:00.15 | Rendering 1 / 8 samples
Fra:1 Mem:44.97M (Peak 53.67M) | Time:00:00.19 | Rendering 8 / 8 samples
Saved: 'C:\Users\Conner\OneDrive\Documents\veilbreakers-terrain\renders\quality-audit\multiscale_breakup\volcanic_sideprofile.png'
Time: 00:00.23 (Saving: 00:00.01)

Fra:1 Mem:44.97M (Peak 53.52M) | Time:00:00.14 | Rendering 1 / 8 samples
Fra:1 Mem:44.97M (Peak 53.52M) | Time:00:00.18 | Rendering 8 / 8 samples
Saved: 'C:\Users\Conner\OneDrive\Documents\veilbreakers-terrain\renders\quality-audit\multiscale_breakup\frozen_isometric.png'
Time: 00:00.22 (Saving: 00:00.02)

Fra:1 Mem:44.97M (Peak 53.67M) | Time:00:00.14 | Rendering 1 / 8 samples
Fra:1 Mem:44.97M (Peak 53.67M) | Time:00:00.19 | Rendering 8 / 8 samples
Saved: 'C:\Users\Conner\OneDrive\Documents\veilbreakers-terrain\renders\quality-audit\multiscale_breakup\frozen_topdown.png'
Time: 00:00.23 (Saving: 00:00.02)

Fra:1 Mem:44.97M (Peak 53.67M) | Time:00:00.14 | Rendering 1 / 8 samples
Fra:1 Mem:44.97M (Peak 53.67M) | Time:00:00.18 | Rendering 8 / 8 samples
Saved: 'C:\Users\Conner\OneDrive\Documents\veilbreakers-terrain\renders\quality-audit\multiscale_breakup\frozen_sideprofile.png'
Time: 00:00.22 (Saving: 00:00.01)

Fra:1 Mem:44.97M (Peak 53.52M) | Time:00:00.15 | Rendering 1 / 8 samples
Fra:1 Mem:44.97M (Peak 53.52M) | Time:00:00.19 | Rendering 8 / 8 samples
Saved: 'C:\Users\Conner\OneDrive\Documents\veilbreakers-terrain\renders\quality-audit\multiscale_breakup\desert_isometric.png'
Time: 00:00.23 (Saving: 00:00.02)

Fra:1 Mem:44.97M (Peak 53.67M) | Time:00:00.14 | Rendering 1 / 8 samples
Fra:1 Mem:44.97M (Peak 53.67M) | Time:00:00.19 | Rendering 8 / 8 samples
Saved: 'C:\Users\Conner\OneDrive\Documents\veilbreakers-terrain\renders\quality-audit\multiscale_breakup\desert_topdown.png'
Time: 00:00.23 (Saving: 00:00.02)

Fra:1 Mem:44.97M (Peak 53.67M) | Time:00:00.15 | Rendering 1 / 8 samples
Fra:1 Mem:44.97M (Peak 53.67M) | Time:00:00.18 | Rendering 8 / 8 samples
Saved: 'C:\Users\Conner\OneDrive\Documents\veilbreakers-terrain\renders\quality-audit\multiscale_breakup\desert_sideprofile.png'
Time: 00:00.22 (Saving: 00:00.01)

Fra:1 Mem:44.97M (Peak 53.52M) | Time:00:00.14 | Rendering 1 / 8 samples
Fra:1 Mem:44.97M (Peak 53.52M) | Time:00:00.18 | Rendering 8 / 8 samples
Saved: 'C:\Users\Conner\OneDrive\Documents\veilbreakers-terrain\renders\quality-audit\shadow_clipmap\grassland_isometric.png'
Time: 00:00.22 (Saving: 00:00.02)

Fra:1 Mem:44.97M (Peak 53.67M) | Time:00:00.14 | Rendering 1 / 8 samples
Fra:1 Mem:44.97M (Peak 53.67M) | Time:00:00.18 | Rendering 8 / 8 samples
Saved: 'C:\Users\Conner\OneDrive\Documents\veilbreakers-terrain\renders\quality-audit\shadow_clipmap\grassland_topdown.png'
Time: 00:00.22 (Saving: 00:00.02)

Fra:1 Mem:44.97M (Peak 53.67M) | Time:00:00.15 | Rendering 1 / 8 samples
Fra:1 Mem:44.97M (Peak 53.67M) | Time:00:00.18 | Rendering 8 / 8 samples
Saved: 'C:\Users\Conner\OneDrive\Documents\veilbreakers-terrain\renders\quality-audit\shadow_clipmap\grassland_sideprofile.png'
Time: 00:00.21 (Saving: 00:00.01)

Fra:1 Mem:44.97M (Peak 53.52M) | Time:00:00.14 | Rendering 1 / 8 samples
Fra:1 Mem:44.97M (Peak 53.52M) | Time:00:00.18 | Rendering 8 / 8 samples
Saved: 'C:\Users\Conner\OneDrive\Documents\veilbreakers-terrain\renders\quality-audit\shadow_clipmap\mountain_isometric.png'
Time: 00:00.22 (Saving: 00:00.02)

Fra:1 Mem:44.97M (Peak 53.67M) | Time:00:00.14 | Rendering 1 / 8 samples
Fra:1 Mem:44.97M (Peak 53.67M) | Time:00:00.19 | Rendering 8 / 8 samples
Saved: 'C:\Users\Conner\OneDrive\Documents\veilbreakers-terrain\renders\quality-audit\shadow_clipmap\mountain_topdown.png'
Time: 00:00.23 (Saving: 00:00.02)

Fra:1 Mem:44.98M (Peak 53.67M) | Time:00:00.15 | Rendering 1 / 8 samples
Fra:1 Mem:44.98M (Peak 53.67M) | Time:00:00.18 | Rendering 8 / 8 samples
Saved: 'C:\Users\Conner\OneDrive\Documents\veilbreakers-terrain\renders\quality-audit\shadow_clipmap\mountain_sideprofile.png'
Time: 00:00.21 (Saving: 00:00.01)

Fra:1 Mem:44.97M (Peak 53.52M) | Time:00:00.15 | Rendering 1 / 8 samples
Fra:1 Mem:44.97M (Peak 53.52M) | Time:00:00.19 | Rendering 8 / 8 samples
Saved: 'C:\Users\Conner\OneDrive\Documents\veilbreakers-terrain\renders\quality-audit\shadow_clipmap\coastal_isometric.png'
Time: 00:00.23 (Saving: 00:00.02)

Fra:1 Mem:44.97M (Peak 53.67M) | Time:00:00.15 | Rendering 1 / 8 samples
Fra:1 Mem:44.97M (Peak 53.67M) | Time:00:00.24 | Rendering 8 / 8 samples
Saved: 'C:\Users\Conner\OneDrive\Documents\veilbreakers-terrain\renders\quality-audit\shadow_clipmap\coastal_topdown.png'
Time: 00:00.28 (Saving: 00:00.02)

Fra:1 Mem:44.98M (Peak 53.67M) | Time:00:00.15 | Rendering 1 / 8 samples
Fra:1 Mem:44.98M (Peak 53.67M) | Time:00:00.19 | Rendering 8 / 8 samples
Saved: 'C:\Users\Conner\OneDrive\Documents\veilbreakers-terrain\renders\quality-audit\shadow_clipmap\coastal_sideprofile.png'
Time: 00:00.23 (Saving: 00:00.01)

Fra:1 Mem:44.97M (Peak 53.52M) | Time:00:00.15 | Rendering 1 / 8 samples
Fra:1 Mem:44.97M (Peak 53.52M) | Time:00:00.20 | Rendering 8 / 8 samples
Saved: 'C:\Users\Conner\OneDrive\Documents\veilbreakers-terrain\renders\quality-audit\shadow_clipmap\volcanic_isometric.png'
Time: 00:00.24 (Saving: 00:00.01)

Fra:1 Mem:44.97M (Peak 53.67M) | Time:00:00.19 | Rendering 1 / 8 samples
Fra:1 Mem:44.97M (Peak 53.67M) | Time:00:00.27 | Rendering 8 / 8 samples
Saved: 'C:\Users\Conner\OneDrive\Documents\veilbreakers-terrain\renders\quality-audit\shadow_clipmap\volcanic_topdown.png'
Time: 00:00.32 (Saving: 00:00.02)

Fra:1 Mem:44.98M (Peak 53.67M) | Time:00:00.10 | Rendering 1 / 8 samples
Fra:1 Mem:44.98M (Peak 53.67M) | Time:00:00.11 | Rendering 8 / 8 samples
Saved: 'C:\Users\Conner\OneDrive\Documents\veilbreakers-terrain\renders\quality-audit\shadow_clipmap\volcanic_sideprofile.png'
Time: 00:00.15 (Saving: 00:00.01)

Fra:1 Mem:44.97M (Peak 53.52M) | Time:00:00.10 | Rendering 1 / 8 samples
Fra:1 Mem:44.97M (Peak 53.52M) | Time:00:00.11 | Rendering 8 / 8 samples
Saved: 'C:\Users\Conner\OneDrive\Documents\veilbreakers-terrain\renders\quality-audit\shadow_clipmap\frozen_isometric.png'
Time: 00:00.16 (Saving: 00:00.02)

Fra:1 Mem:44.97M (Peak 53.67M) | Time:00:00.10 | Rendering 1 / 8 samples
Fra:1 Mem:44.97M (Peak 53.67M) | Time:00:00.11 | Rendering 8 / 8 samples
Saved: 'C:\Users\Conner\OneDrive\Documents\veilbreakers-terrain\renders\quality-audit\shadow_clipmap\frozen_topdown.png'
Time: 00:00.15 (Saving: 00:00.02)

Fra:1 Mem:44.98M (Peak 53.67M) | Time:00:00.10 | Rendering 1 / 8 samples
Fra:1 Mem:44.98M (Peak 53.67M) | Time:00:00.11 | Rendering 8 / 8 samples
Saved: 'C:\Users\Conner\OneDrive\Documents\veilbreakers-terrain\renders\quality-audit\shadow_clipmap\frozen_sideprofile.png'
Time: 00:00.15 (Saving: 00:00.02)

Fra:1 Mem:44.97M (Peak 53.52M) | Time:00:00.10 | Rendering 1 / 8 samples
Fra:1 Mem:44.97M (Peak 53.52M) | Time:00:00.11 | Rendering 8 / 8 samples
Saved: 'C:\Users\Conner\OneDrive\Documents\veilbreakers-terrain\renders\quality-audit\shadow_clipmap\desert_isometric.png'
Time: 00:00.15 (Saving: 00:00.02)

Fra:1 Mem:44.97M (Peak 53.67M) | Time:00:00.10 | Rendering 1 / 8 samples
Fra:1 Mem:44.97M (Peak 53.67M) | Time:00:00.11 | Rendering 8 / 8 samples
Saved: 'C:\Users\Conner\OneDrive\Documents\veilbreakers-terrain\renders\quality-audit\shadow_clipmap\desert_topdown.png'
Time: 00:00.16 (Saving: 00:00.02)

Fra:1 Mem:44.98M (Peak 53.67M) | Time:00:00.10 | Rendering 1 / 8 samples
Fra:1 Mem:44.98M (Peak 53.67M) | Time:00:00.11 | Rendering 8 / 8 samples
Saved: 'C:\Users\Conner\OneDrive\Documents\veilbreakers-terrain\renders\quality-audit\shadow_clipmap\desert_sideprofile.png'
Time: 00:00.15 (Saving: 00:00.02)

Fra:1 Mem:44.97M (Peak 53.52M) | Time:00:00.10 | Rendering 1 / 8 samples
Fra:1 Mem:44.97M (Peak 53.52M) | Time:00:00.11 | Rendering 8 / 8 samples
Saved: 'C:\Users\Conner\OneDrive\Documents\veilbreakers-terrain\renders\quality-audit\roughness_driver\grassland_isometric.png'
Time: 00:00.15 (Saving: 00:00.02)

Fra:1 Mem:44.97M (Peak 53.67M) | Time:00:00.10 | Rendering 1 / 8 samples
Fra:1 Mem:44.97M (Peak 53.67M) | Time:00:00.11 | Rendering 8 / 8 samples
Saved: 'C:\Users\Conner\OneDrive\Documents\veilbreakers-terrain\renders\quality-audit\roughness_driver\grassland_topdown.png'
Time: 00:00.15 (Saving: 00:00.02)

Fra:1 Mem:44.98M (Peak 53.67M) | Time:00:00.09 | Rendering 1 / 8 samples
Fra:1 Mem:44.98M (Peak 53.67M) | Time:00:00.10 | Rendering 8 / 8 samples
Saved: 'C:\Users\Conner\OneDrive\Documents\veilbreakers-terrain\renders\quality-audit\roughness_driver\grassland_sideprofile.png'
Time: 00:00.14 (Saving: 00:00.01)

Fra:1 Mem:44.97M (Peak 53.52M) | Time:00:00.11 | Rendering 1 / 8 samples
Fra:1 Mem:44.97M (Peak 53.52M) | Time:00:00.12 | Rendering 8 / 8 samples
Saved: 'C:\Users\Conner\OneDrive\Documents\veilbreakers-terrain\renders\quality-audit\roughness_driver\mountain_isometric.png'
Time: 00:00.15 (Saving: 00:00.01)

Fra:1 Mem:44.97M (Peak 53.67M) | Time:00:00.10 | Rendering 1 / 8 samples
Fra:1 Mem:44.97M (Peak 53.67M) | Time:00:00.12 | Rendering 8 / 8 samples
Saved: 'C:\Users\Conner\OneDrive\Documents\veilbreakers-terrain\renders\quality-audit\roughness_driver\mountain_topdown.png'
Time: 00:00.16 (Saving: 00:00.02)

Fra:1 Mem:44.98M (Peak 53.67M) | Time:00:00.11 | Rendering 1 / 8 samples
Fra:1 Mem:44.98M (Peak 53.67M) | Time:00:00.12 | Rendering 8 / 8 samples
Saved: 'C:\Users\Conner\OneDrive\Documents\veilbreakers-terrain\renders\quality-audit\roughness_driver\mountain_sideprofile.png'
Time: 00:00.16 (Saving: 00:00.02)

Fra:1 Mem:44.97M (Peak 53.52M) | Time:00:00.10 | Rendering 1 / 8 samples
Fra:1 Mem:44.97M (Peak 53.52M) | Time:00:00.12 | Rendering 8 / 8 samples
Saved: 'C:\Users\Conner\OneDrive\Documents\veilbreakers-terrain\renders\quality-audit\roughness_driver\coastal_isometric.png'
Time: 00:00.16 (Saving: 00:00.02)

Fra:1 Mem:44.97M (Peak 53.67M) | Time:00:00.11 | Rendering 1 / 8 samples
Fra:1 Mem:44.97M (Peak 53.67M) | Time:00:00.12 | Rendering 8 / 8 samples
Saved: 'C:\Users\Conner\OneDrive\Documents\veilbreakers-terrain\renders\quality-audit\roughness_driver\coastal_topdown.png'
Time: 00:00.17 (Saving: 00:00.02)

Fra:1 Mem:44.98M (Peak 53.67M) | Time:00:00.11 | Rendering 1 / 8 samples
Fra:1 Mem:44.98M (Peak 53.67M) | Time:00:00.12 | Rendering 8 / 8 samples
Saved: 'C:\Users\Conner\OneDrive\Documents\veilbreakers-terrain\renders\quality-audit\roughness_driver\coastal_sideprofile.png'
Time: 00:00.16 (Saving: 00:00.02)

Fra:1 Mem:44.97M (Peak 53.52M) | Time:00:00.11 | Rendering 1 / 8 samples
Fra:1 Mem:44.97M (Peak 53.52M) | Time:00:00.13 | Rendering 8 / 8 samples
Saved: 'C:\Users\Conner\OneDrive\Documents\veilbreakers-terrain\renders\quality-audit\roughness_driver\volcanic_isometric.png'
Time: 00:00.16 (Saving: 00:00.02)

Fra:1 Mem:44.97M (Peak 53.67M) | Time:00:00.12 | Rendering 1 / 8 samples
Fra:1 Mem:44.97M (Peak 53.67M) | Time:00:00.13 | Rendering 8 / 8 samples
Saved: 'C:\Users\Conner\OneDrive\Documents\veilbreakers-terrain\renders\quality-audit\roughness_driver\volcanic_topdown.png'
Time: 00:00.18 (Saving: 00:00.02)

Fra:1 Mem:44.98M (Peak 53.67M) | Time:00:00.11 | Rendering 1 / 8 samples
Fra:1 Mem:44.98M (Peak 53.67M) | Time:00:00.12 | Rendering 8 / 8 samples
Saved: 'C:\Users\Conner\OneDrive\Documents\veilbreakers-terrain\renders\quality-audit\roughness_driver\volcanic_sideprofile.png'
Time: 00:00.16 (Saving: 00:00.01)

Fra:1 Mem:44.97M (Peak 53.52M) | Time:00:00.11 | Rendering 1 / 8 samples
Fra:1 Mem:44.97M (Peak 53.52M) | Time:00:00.13 | Rendering 8 / 8 samples
Saved: 'C:\Users\Conner\OneDrive\Documents\veilbreakers-terrain\renders\quality-audit\roughness_driver\frozen_isometric.png'
Time: 00:00.17 (Saving: 00:00.02)

Fra:1 Mem:44.97M (Peak 53.67M) | Time:00:00.11 | Rendering 1 / 8 samples
Fra:1 Mem:44.97M (Peak 53.67M) | Time:00:00.12 | Rendering 8 / 8 samples
Saved: 'C:\Users\Conner\OneDrive\Documents\veilbreakers-terrain\renders\quality-audit\roughness_driver\frozen_topdown.png'
Time: 00:00.17 (Saving: 00:00.02)

Fra:1 Mem:44.98M (Peak 53.67M) | Time:00:00.11 | Rendering 1 / 8 samples
Fra:1 Mem:44.98M (Peak 53.67M) | Time:00:00.12 | Rendering 8 / 8 samples
Saved: 'C:\Users\Conner\OneDrive\Documents\veilbreakers-terrain\renders\quality-audit\roughness_driver\frozen_sideprofile.png'
Time: 00:00.16 (Saving: 00:00.02)

Fra:1 Mem:44.97M (Peak 53.53M) | Time:00:00.11 | Rendering 1 / 8 samples
Fra:1 Mem:44.97M (Peak 53.53M) | Time:00:00.13 | Rendering 8 / 8 samples
Saved: 'C:\Users\Conner\OneDrive\Documents\veilbreakers-terrain\renders\quality-audit\roughness_driver\desert_isometric.png'
Time: 00:00.17 (Saving: 00:00.02)

Fra:1 Mem:44.97M (Peak 53.67M) | Time:00:00.11 | Rendering 1 / 8 samples
Fra:1 Mem:44.97M (Peak 53.67M) | Time:00:00.13 | Rendering 8 / 8 samples
Saved: 'C:\Users\Conner\OneDrive\Documents\veilbreakers-terrain\renders\quality-audit\roughness_driver\desert_topdown.png'
Time: 00:00.18 (Saving: 00:00.02)

Fra:1 Mem:44.98M (Peak 53.67M) | Time:00:00.11 | Rendering 1 / 8 samples
Fra:1 Mem:44.98M (Peak 53.67M) | Time:00:00.12 | Rendering 8 / 8 samples
Saved: 'C:\Users\Conner\OneDrive\Documents\veilbreakers-terrain\renders\quality-audit\roughness_driver\desert_sideprofile.png'
Time: 00:00.16 (Saving: 00:00.02)

Fra:1 Mem:44.97M (Peak 53.53M) | Time:00:00.11 | Rendering 1 / 8 samples
Fra:1 Mem:44.97M (Peak 53.53M) | Time:00:00.12 | Rendering 8 / 8 samples
Saved: 'C:\Users\Conner\OneDrive\Documents\veilbreakers-terrain\renders\quality-audit\quixel_ingest\grassland_isometric.png'
Time: 00:00.16 (Saving: 00:00.02)

Fra:1 Mem:44.97M (Peak 53.67M) | Time:00:00.11 | Rendering 1 / 8 samples
Fra:1 Mem:44.97M (Peak 53.67M) | Time:00:00.13 | Rendering 8 / 8 samples
Saved: 'C:\Users\Conner\OneDrive\Documents\veilbreakers-terrain\renders\quality-audit\quixel_ingest\grassland_topdown.png'
Time: 00:00.18 (Saving: 00:00.02)

Fra:1 Mem:44.98M (Peak 53.67M) | Time:00:00.11 | Rendering 1 / 8 samples
Fra:1 Mem:44.98M (Peak 53.67M) | Time:00:00.13 | Rendering 8 / 8 samples
Saved: 'C:\Users\Conner\OneDrive\Documents\veilbreakers-terrain\renders\quality-audit\quixel_ingest\grassland_sideprofile.png'
Time: 00:00.17 (Saving: 00:00.01)

Fra:1 Mem:44.97M (Peak 53.53M) | Time:00:00.11 | Rendering 1 / 8 samples
Fra:1 Mem:44.97M (Peak 53.53M) | Time:00:00.13 | Rendering 8 / 8 samples
Saved: 'C:\Users\Conner\OneDrive\Documents\veilbreakers-terrain\renders\quality-audit\quixel_ingest\mountain_isometric.png'
Time: 00:00.16 (Saving: 00:00.02)

Fra:1 Mem:44.97M (Peak 53.67M) | Time:00:00.11 | Rendering 1 / 8 samples
Fra:1 Mem:44.97M (Peak 53.67M) | Time:00:00.13 | Rendering 8 / 8 samples
Saved: 'C:\Users\Conner\OneDrive\Documents\veilbreakers-terrain\renders\quality-audit\quixel_ingest\mountain_topdown.png'
Time: 00:00.17 (Saving: 00:00.02)

Fra:1 Mem:44.98M (Peak 53.67M) | Time:00:00.11 | Rendering 1 / 8 samples
Fra:1 Mem:44.98M (Peak 53.67M) | Time:00:00.12 | Rendering 8 / 8 samples
Saved: 'C:\Users\Conner\OneDrive\Documents\veilbreakers-terrain\renders\quality-audit\quixel_ingest\mountain_sideprofile.png'
Time: 00:00.16 (Saving: 00:00.01)

Fra:1 Mem:44.97M (Peak 53.53M) | Time:00:00.11 | Rendering 1 / 8 samples
Fra:1 Mem:44.97M (Peak 53.53M) | Time:00:00.13 | Rendering 8 / 8 samples
Saved: 'C:\Users\Conner\OneDrive\Documents\veilbreakers-terrain\renders\quality-audit\quixel_ingest\coastal_isometric.png'
Time: 00:00.17 (Saving: 00:00.02)

Fra:1 Mem:44.98M (Peak 53.67M) | Time:00:00.11 | Rendering 1 / 8 samples
Fra:1 Mem:44.98M (Peak 53.67M) | Time:00:00.13 | Rendering 8 / 8 samples
Saved: 'C:\Users\Conner\OneDrive\Documents\veilbreakers-terrain\renders\quality-audit\quixel_ingest\coastal_topdown.png'
Time: 00:00.18 (Saving: 00:00.02)

Fra:1 Mem:44.98M (Peak 53.67M) | Time:00:00.11 | Rendering 1 / 8 samples
Fra:1 Mem:44.98M (Peak 53.67M) | Time:00:00.12 | Rendering 8 / 8 samples
Saved: 'C:\Users\Conner\OneDrive\Documents\veilbreakers-terrain\renders\quality-audit\quixel_ingest\coastal_sideprofile.png'
Time: 00:00.16 (Saving: 00:00.02)

Fra:1 Mem:44.97M (Peak 53.53M) | Time:00:00.12 | Rendering 1 / 8 samples
Fra:1 Mem:44.97M (Peak 53.53M) | Time:00:00.14 | Rendering 8 / 8 samples
Saved: 'C:\Users\Conner\OneDrive\Documents\veilbreakers-terrain\renders\quality-audit\quixel_ingest\volcanic_isometric.png'
Time: 00:00.18 (Saving: 00:00.02)

Fra:1 Mem:44.98M (Peak 53.67M) | Time:00:00.12 | Rendering 1 / 8 samples
Fra:1 Mem:44.98M (Peak 53.67M) | Time:00:00.14 | Rendering 8 / 8 samples
Saved: 'C:\Users\Conner\OneDrive\Documents\veilbreakers-terrain\renders\quality-audit\quixel_ingest\volcanic_topdown.png'
Time: 00:00.18 (Saving: 00:00.02)

Fra:1 Mem:44.98M (Peak 53.67M) | Time:00:00.11 | Rendering 1 / 8 samples
Fra:1 Mem:44.98M (Peak 53.67M) | Time:00:00.13 | Rendering 8 / 8 samples
Saved: 'C:\Users\Conner\OneDrive\Documents\veilbreakers-terrain\renders\quality-audit\quixel_ingest\volcanic_sideprofile.png'
Time: 00:00.17 (Saving: 00:00.01)

Fra:1 Mem:44.97M (Peak 53.53M) | Time:00:00.11 | Rendering 1 / 8 samples
Fra:1 Mem:44.97M (Peak 53.53M) | Time:00:00.13 | Rendering 8 / 8 samples
Saved: 'C:\Users\Conner\OneDrive\Documents\veilbreakers-terrain\renders\quality-audit\quixel_ingest\frozen_isometric.png'
Time: 00:00.18 (Saving: 00:00.02)

Fra:1 Mem:44.98M (Peak 53.67M) | Time:00:00.11 | Rendering 1 / 8 samples
Fra:1 Mem:44.98M (Peak 53.67M) | Time:00:00.14 | Rendering 8 / 8 samples
Saved: 'C:\Users\Conner\OneDrive\Documents\veilbreakers-terrain\renders\quality-audit\quixel_ingest\frozen_topdown.png'
Time: 00:00.19 (Saving: 00:00.03)

Fra:1 Mem:44.98M (Peak 53.67M) | Time:00:00.11 | Rendering 1 / 8 samples
Fra:1 Mem:44.98M (Peak 53.67M) | Time:00:00.13 | Rendering 8 / 8 samples
Saved: 'C:\Users\Conner\OneDrive\Documents\veilbreakers-terrain\renders\quality-audit\quixel_ingest\frozen_sideprofile.png'
Time: 00:00.17 (Saving: 00:00.02)

Fra:1 Mem:44.97M (Peak 53.53M) | Time:00:00.12 | Rendering 1 / 8 samples
Fra:1 Mem:44.97M (Peak 53.53M) | Time:00:00.14 | Rendering 8 / 8 samples
Saved: 'C:\Users\Conner\OneDrive\Documents\veilbreakers-terrain\renders\quality-audit\quixel_ingest\desert_isometric.png'
Time: 00:00.18 (Saving: 00:00.02)

Fra:1 Mem:44.98M (Peak 53.67M) | Time:00:00.11 | Rendering 1 / 8 samples
Fra:1 Mem:44.98M (Peak 53.67M) | Time:00:00.14 | Rendering 8 / 8 samples
Saved: 'C:\Users\Conner\OneDrive\Documents\veilbreakers-terrain\renders\quality-audit\quixel_ingest\desert_topdown.png'
Time: 00:00.18 (Saving: 00:00.02)

Fra:1 Mem:44.98M (Peak 53.67M) | Time:00:00.12 | Rendering 1 / 8 samples
Fra:1 Mem:44.98M (Peak 53.67M) | Time:00:00.14 | Rendering 8 / 8 samples
Saved: 'C:\Users\Conner\OneDrive\Documents\veilbreakers-terrain\renders\quality-audit\quixel_ingest\desert_sideprofile.png'
Time: 00:00.18 (Saving: 00:00.02)

Fra:1 Mem:44.97M (Peak 53.53M) | Time:00:00.11 | Rendering 1 / 8 samples
Fra:1 Mem:44.97M (Peak 53.53M) | Time:00:00.13 | Rendering 8 / 8 samples
Saved: 'C:\Users\Conner\OneDrive\Documents\veilbreakers-terrain\renders\quality-audit\horizon_lod\grassland_isometric.png'
Time: 00:00.17 (Saving: 00:00.02)

Fra:1 Mem:44.98M (Peak 53.67M) | Time:00:00.11 | Rendering 1 / 8 samples
Fra:1 Mem:44.98M (Peak 53.67M) | Time:00:00.14 | Rendering 8 / 8 samples
Saved: 'C:\Users\Conner\OneDrive\Documents\veilbreakers-terrain\renders\quality-audit\horizon_lod\grassland_topdown.png'
Time: 00:00.19 (Saving: 00:00.02)

Fra:1 Mem:44.98M (Peak 53.67M) | Time:00:00.11 | Rendering 1 / 8 samples
Fra:1 Mem:44.98M (Peak 53.67M) | Time:00:00.13 | Rendering 8 / 8 samples
Saved: 'C:\Users\Conner\OneDrive\Documents\veilbreakers-terrain\renders\quality-audit\horizon_lod\grassland_sideprofile.png'
Time: 00:00.17 (Saving: 00:00.02)

Fra:1 Mem:44.97M (Peak 53.53M) | Time:00:00.11 | Rendering 1 / 8 samples
Fra:1 Mem:44.97M (Peak 53.53M) | Time:00:00.14 | Rendering 8 / 8 samples
Saved: 'C:\Users\Conner\OneDrive\Documents\veilbreakers-terrain\renders\quality-audit\horizon_lod\mountain_isometric.png'
Time: 00:00.17 (Saving: 00:00.02)

Fra:1 Mem:44.98M (Peak 53.67M) | Time:00:00.11 | Rendering 1 / 8 samples
Fra:1 Mem:44.98M (Peak 53.67M) | Time:00:00.14 | Rendering 8 / 8 samples
Saved: 'C:\Users\Conner\OneDrive\Documents\veilbreakers-terrain\renders\quality-audit\horizon_lod\mountain_topdown.png'
Time: 00:00.18 (Saving: 00:00.02)

Fra:1 Mem:44.98M (Peak 53.67M) | Time:00:00.11 | Rendering 1 / 8 samples
Fra:1 Mem:44.98M (Peak 53.67M) | Time:00:00.13 | Rendering 8 / 8 samples
Saved: 'C:\Users\Conner\OneDrive\Documents\veilbreakers-terrain\renders\quality-audit\horizon_lod\mountain_sideprofile.png'
Time: 00:00.17 (Saving: 00:00.02)

Fra:1 Mem:44.97M (Peak 53.53M) | Time:00:00.11 | Rendering 1 / 8 samples
Fra:1 Mem:44.97M (Peak 53.53M) | Time:00:00.14 | Rendering 8 / 8 samples
Saved: 'C:\Users\Conner\OneDrive\Documents\veilbreakers-terrain\renders\quality-audit\horizon_lod\coastal_isometric.png'
Time: 00:00.18 (Saving: 00:00.02)

Fra:1 Mem:44.98M (Peak 53.67M) | Time:00:00.11 | Rendering 1 / 8 samples
Fra:1 Mem:44.98M (Peak 53.67M) | Time:00:00.14 | Rendering 8 / 8 samples
Saved: 'C:\Users\Conner\OneDrive\Documents\veilbreakers-terrain\renders\quality-audit\horizon_lod\coastal_topdown.png'
Time: 00:00.18 (Saving: 00:00.02)

Fra:1 Mem:44.98M (Peak 53.67M) | Time:00:00.12 | Rendering 1 / 8 samples
Fra:1 Mem:44.98M (Peak 53.67M) | Time:00:00.14 | Rendering 8 / 8 samples
Saved: 'C:\Users\Conner\OneDrive\Documents\veilbreakers-terrain\renders\quality-audit\horizon_lod\coastal_sideprofile.png'
Time: 00:00.18 (Saving: 00:00.02)

Fra:1 Mem:44.97M (Peak 53.53M) | Time:00:00.12 | Rendering 1 / 8 samples
Fra:1 Mem:44.97M (Peak 53.53M) | Time:00:00.15 | Rendering 8 / 8 samples
Saved: 'C:\Users\Conner\OneDrive\Documents\veilbreakers-terrain\renders\quality-audit\horizon_lod\volcanic_isometric.png'
Time: 00:00.19 (Saving: 00:00.01)

Fra:1 Mem:44.98M (Peak 53.67M) | Time:00:00.11 | Rendering 1 / 8 samples
Fra:1 Mem:44.98M (Peak 53.67M) | Time:00:00.14 | Rendering 8 / 8 samples
Saved: 'C:\Users\Conner\OneDrive\Documents\veilbreakers-terrain\renders\quality-audit\horizon_lod\volcanic_topdown.png'
Time: 00:00.18 (Saving: 00:00.02)

Fra:1 Mem:44.98M (Peak 53.67M) | Time:00:00.12 | Rendering 1 / 8 samples
Fra:1 Mem:44.98M (Peak 53.67M) | Time:00:00.14 | Rendering 8 / 8 samples
Saved: 'C:\Users\Conner\OneDrive\Documents\veilbreakers-terrain\renders\quality-audit\horizon_lod\volcanic_sideprofile.png'
Time: 00:00.18 (Saving: 00:00.02)

Fra:1 Mem:44.97M (Peak 53.53M) | Time:00:00.12 | Rendering 1 / 8 samples
Fra:1 Mem:44.97M (Peak 53.53M) | Time:00:00.14 | Rendering 8 / 8 samples
Saved: 'C:\Users\Conner\OneDrive\Documents\veilbreakers-terrain\renders\quality-audit\horizon_lod\frozen_isometric.png'
Time: 00:00.18 (Saving: 00:00.02)

Fra:1 Mem:44.98M (Peak 53.67M) | Time:00:00.12 | Rendering 1 / 8 samples
Fra:1 Mem:44.98M (Peak 53.67M) | Time:00:00.15 | Rendering 8 / 8 samples
Saved: 'C:\Users\Conner\OneDrive\Documents\veilbreakers-terrain\renders\quality-audit\horizon_lod\frozen_topdown.png'
Time: 00:00.19 (Saving: 00:00.02)

Fra:1 Mem:44.98M (Peak 53.67M) | Time:00:00.11 | Rendering 1 / 8 samples
Fra:1 Mem:44.98M (Peak 53.67M) | Time:00:00.13 | Rendering 8 / 8 samples
Saved: 'C:\Users\Conner\OneDrive\Documents\veilbreakers-terrain\renders\quality-audit\horizon_lod\frozen_sideprofile.png'
Time: 00:00.17 (Saving: 00:00.02)

Fra:1 Mem:44.97M (Peak 53.53M) | Time:00:00.11 | Rendering 1 / 8 samples
Fra:1 Mem:44.97M (Peak 53.53M) | Time:00:00.14 | Rendering 8 / 8 samples
Saved: 'C:\Users\Conner\OneDrive\Documents\veilbreakers-terrain\renders\quality-audit\horizon_lod\desert_isometric.png'
Time: 00:00.18 (Saving: 00:00.02)

Fra:1 Mem:44.98M (Peak 53.67M) | Time:00:00.11 | Rendering 1 / 8 samples
Fra:1 Mem:44.98M (Peak 53.67M) | Time:00:00.14 | Rendering 8 / 8 samples
Saved: 'C:\Users\Conner\OneDrive\Documents\veilbreakers-terrain\renders\quality-audit\horizon_lod\desert_topdown.png'
Time: 00:00.19 (Saving: 00:00.02)

Fra:1 Mem:44.98M (Peak 53.67M) | Time:00:00.11 | Rendering 1 / 8 samples
Fra:1 Mem:44.98M (Peak 53.67M) | Time:00:00.14 | Rendering 8 / 8 samples
Saved: 'C:\Users\Conner\OneDrive\Documents\veilbreakers-terrain\renders\quality-audit\horizon_lod\desert_sideprofile.png'
Time: 00:00.17 (Saving: 00:00.02)

Fra:1 Mem:44.97M (Peak 53.53M) | Time:00:00.12 | Rendering 1 / 8 samples
Fra:1 Mem:44.97M (Peak 53.53M) | Time:00:00.14 | Rendering 8 / 8 samples
Saved: 'C:\Users\Conner\OneDrive\Documents\veilbreakers-terrain\renders\quality-audit\pass_horizon_lod\grassland_isometric.png'
Time: 00:00.19 (Saving: 00:00.02)

Fra:1 Mem:44.98M (Peak 53.67M) | Time:00:00.11 | Rendering 1 / 8 samples
Fra:1 Mem:44.98M (Peak 53.67M) | Time:00:00.14 | Rendering 8 / 8 samples
Saved: 'C:\Users\Conner\OneDrive\Documents\veilbreakers-terrain\renders\quality-audit\pass_horizon_lod\grassland_topdown.png'
Time: 00:00.19 (Saving: 00:00.02)

Fra:1 Mem:44.98M (Peak 53.67M) | Time:00:00.11 | Rendering 1 / 8 samples
Fra:1 Mem:44.98M (Peak 53.67M) | Time:00:00.14 | Rendering 8 / 8 samples
Saved: 'C:\Users\Conner\OneDrive\Documents\veilbreakers-terrain\renders\quality-audit\pass_horizon_lod\grassland_sideprofile.png'
Time: 00:00.19 (Saving: 00:00.02)

Fra:1 Mem:44.97M (Peak 53.53M) | Time:00:00.14 | Rendering 1 / 8 samples
Fra:1 Mem:44.97M (Peak 53.53M) | Time:00:00.18 | Rendering 8 / 8 samples
Saved: 'C:\Users\Conner\OneDrive\Documents\veilbreakers-terrain\renders\quality-audit\pass_horizon_lod\mountain_isometric.png'
Time: 00:00.21 (Saving: 00:00.01)

Fra:1 Mem:44.98M (Peak 53.67M) | Time:00:00.14 | Rendering 1 / 8 samples
Fra:1 Mem:44.98M (Peak 53.67M) | Time:00:00.18 | Rendering 8 / 8 samples
Saved: 'C:\Users\Conner\OneDrive\Documents\veilbreakers-terrain\renders\quality-audit\pass_horizon_lod\mountain_topdown.png'
Time: 00:00.22 (Saving: 00:00.02)

Fra:1 Mem:44.98M (Peak 53.67M) | Time:00:00.13 | Rendering 1 / 8 samples
Fra:1 Mem:44.98M (Peak 53.67M) | Time:00:00.16 | Rendering 8 / 8 samples
Saved: 'C:\Users\Conner\OneDrive\Documents\veilbreakers-terrain\renders\quality-audit\pass_horizon_lod\mountain_sideprofile.png'
Time: 00:00.19 (Saving: 00:00.01)

Fra:1 Mem:44.97M (Peak 53.53M) | Time:00:00.14 | Rendering 1 / 8 samples
Fra:1 Mem:44.97M (Peak 53.53M) | Time:00:00.17 | Rendering 8 / 8 samples
Saved: 'C:\Users\Conner\OneDrive\Documents\veilbreakers-terrain\renders\quality-audit\pass_horizon_lod\coastal_isometric.png'
Time: 00:00.21 (Saving: 00:00.02)

Fra:1 Mem:44.98M (Peak 53.67M) | Time:00:00.14 | Rendering 1 / 8 samples
Fra:1 Mem:44.98M (Peak 53.67M) | Time:00:00.18 | Rendering 8 / 8 samples
Saved: 'C:\Users\Conner\OneDrive\Documents\veilbreakers-terrain\renders\quality-audit\pass_horizon_lod\coastal_topdown.png'
Time: 00:00.22 (Saving: 00:00.02)

Fra:1 Mem:44.98M (Peak 53.67M) | Time:00:00.14 | Rendering 1 / 8 samples
Fra:1 Mem:44.98M (Peak 53.67M) | Time:00:00.18 | Rendering 8 / 8 samples
Saved: 'C:\Users\Conner\OneDrive\Documents\veilbreakers-terrain\renders\quality-audit\pass_horizon_lod\coastal_sideprofile.png'
Time: 00:00.22 (Saving: 00:00.01)

Fra:1 Mem:44.98M (Peak 53.53M) | Time:00:00.15 | Rendering 1 / 8 samples
Fra:1 Mem:44.98M (Peak 53.53M) | Time:00:00.19 | Rendering 8 / 8 samples
Saved: 'C:\Users\Conner\OneDrive\Documents\veilbreakers-terrain\renders\quality-audit\pass_horizon_lod\volcanic_isometric.png'
Time: 00:00.23 (Saving: 00:00.01)

Fra:1 Mem:44.98M (Peak 53.67M) | Time:00:00.14 | Rendering 1 / 8 samples
Fra:1 Mem:44.98M (Peak 53.67M) | Time:00:00.18 | Rendering 8 / 8 samples
Saved: 'C:\Users\Conner\OneDrive\Documents\veilbreakers-terrain\renders\quality-audit\pass_horizon_lod\volcanic_topdown.png'
Time: 00:00.23 (Saving: 00:00.02)

Fra:1 Mem:44.98M (Peak 53.67M) | Time:00:00.14 | Rendering 1 / 8 samples
Fra:1 Mem:44.98M (Peak 53.67M) | Time:00:00.18 | Rendering 8 / 8 samples
Saved: 'C:\Users\Conner\OneDrive\Documents\veilbreakers-terrain\renders\quality-audit\pass_horizon_lod\volcanic_sideprofile.png'
Time: 00:00.21 (Saving: 00:00.01)

Fra:1 Mem:44.98M (Peak 53.53M) | Time:00:00.14 | Rendering 1 / 8 samples
Fra:1 Mem:44.98M (Peak 53.53M) | Time:00:00.18 | Rendering 8 / 8 samples
Saved: 'C:\Users\Conner\OneDrive\Documents\veilbreakers-terrain\renders\quality-audit\pass_horizon_lod\frozen_isometric.png'
Time: 00:00.22 (Saving: 00:00.02)

Fra:1 Mem:44.98M (Peak 53.67M) | Time:00:00.14 | Rendering 1 / 8 samples
Fra:1 Mem:44.98M (Peak 53.67M) | Time:00:00.18 | Rendering 8 / 8 samples
Saved: 'C:\Users\Conner\OneDrive\Documents\veilbreakers-terrain\renders\quality-audit\pass_horizon_lod\frozen_topdown.png'
Time: 00:00.22 (Saving: 00:00.02)

Fra:1 Mem:44.98M (Peak 53.67M) | Time:00:00.14 | Rendering 1 / 8 samples
Fra:1 Mem:44.98M (Peak 53.67M) | Time:00:00.18 | Rendering 8 / 8 samples
Saved: 'C:\Users\Conner\OneDrive\Documents\veilbreakers-terrain\renders\quality-audit\pass_horizon_lod\frozen_sideprofile.png'
Time: 00:00.22 (Saving: 00:00.01)

Fra:1 Mem:44.98M (Peak 53.53M) | Time:00:00.14 | Rendering 1 / 8 samples
Fra:1 Mem:44.98M (Peak 53.53M) | Time:00:00.18 | Rendering 8 / 8 samples
Saved: 'C:\Users\Conner\OneDrive\Documents\veilbreakers-terrain\renders\quality-audit\pass_horizon_lod\desert_isometric.png'
Time: 00:00.22 (Saving: 00:00.02)

Fra:1 Mem:44.98M (Peak 53.67M) | Time:00:00.14 | Rendering 1 / 8 samples
Fra:1 Mem:44.98M (Peak 53.67M) | Time:00:00.18 | Rendering 8 / 8 samples
Saved: 'C:\Users\Conner\OneDrive\Documents\veilbreakers-terrain\renders\quality-audit\pass_horizon_lod\desert_topdown.png'
Time: 00:00.22 (Saving: 00:00.02)

Fra:1 Mem:44.98M (Peak 53.67M) | Time:00:00.14 | Rendering 1 / 8 samples
Fra:1 Mem:44.98M (Peak 53.67M) | Time:00:00.18 | Rendering 8 / 8 samples
Saved: 'C:\Users\Conner\OneDrive\Documents\veilbreakers-terrain\renders\quality-audit\pass_horizon_lod\desert_sideprofile.png'
Time: 00:00.22 (Saving: 00:00.01)

Fra:1 Mem:44.98M (Peak 53.53M) | Time:00:00.14 | Rendering 1 / 8 samples
Fra:1 Mem:44.98M (Peak 53.53M) | Time:00:00.18 | Rendering 8 / 8 samples
Saved: 'C:\Users\Conner\OneDrive\Documents\veilbreakers-terrain\renders\quality-audit\fog_masks\grassland_isometric.png'
Time: 00:00.22 (Saving: 00:00.02)

Fra:1 Mem:44.98M (Peak 53.67M) | Time:00:00.14 | Rendering 1 / 8 samples
Fra:1 Mem:44.98M (Peak 53.67M) | Time:00:00.19 | Rendering 8 / 8 samples
Saved: 'C:\Users\Conner\OneDrive\Documents\veilbreakers-terrain\renders\quality-audit\fog_masks\grassland_topdown.png'
Time: 00:00.23 (Saving: 00:00.02)

Fra:1 Mem:44.98M (Peak 53.67M) | Time:00:00.14 | Rendering 1 / 8 samples
Fra:1 Mem:44.98M (Peak 53.67M) | Time:00:00.18 | Rendering 8 / 8 samples
Saved: 'C:\Users\Conner\OneDrive\Documents\veilbreakers-terrain\renders\quality-audit\fog_masks\grassland_sideprofile.png'
Time: 00:00.22 (Saving: 00:00.01)

Fra:1 Mem:44.98M (Peak 53.53M) | Time:00:00.15 | Rendering 1 / 8 samples
Fra:1 Mem:44.98M (Peak 53.53M) | Time:00:00.19 | Rendering 8 / 8 samples
Saved: 'C:\Users\Conner\OneDrive\Documents\veilbreakers-terrain\renders\quality-audit\fog_masks\mountain_isometric.png'
Time: 00:00.23 (Saving: 00:00.01)

Fra:1 Mem:44.98M (Peak 53.67M) | Time:00:00.15 | Rendering 1 / 8 samples
Fra:1 Mem:44.98M (Peak 53.67M) | Time:00:00.19 | Rendering 8 / 8 samples
Saved: 'C:\Users\Conner\OneDrive\Documents\veilbreakers-terrain\renders\quality-audit\fog_masks\mountain_topdown.png'
Time: 00:00.23 (Saving: 00:00.02)

Fra:1 Mem:44.98M (Peak 53.67M) | Time:00:00.14 | Rendering 1 / 8 samples
Fra:1 Mem:44.98M (Peak 53.67M) | Time:00:00.17 | Rendering 8 / 8 samples
Saved: 'C:\Users\Conner\OneDrive\Documents\veilbreakers-terrain\renders\quality-audit\fog_masks\mountain_sideprofile.png'
Time: 00:00.20 (Saving: 00:00.01)

Fra:1 Mem:44.98M (Peak 53.53M) | Time:00:00.15 | Rendering 1 / 8 samples
Fra:1 Mem:44.98M (Peak 53.53M) | Time:00:00.19 | Rendering 8 / 8 samples
Saved: 'C:\Users\Conner\OneDrive\Documents\veilbreakers-terrain\renders\quality-audit\fog_masks\coastal_isometric.png'
Time: 00:00.23 (Saving: 00:00.02)

Fra:1 Mem:44.98M (Peak 53.67M) | Time:00:00.14 | Rendering 1 / 8 samples
Fra:1 Mem:44.98M (Peak 53.67M) | Time:00:00.19 | Rendering 8 / 8 samples
Saved: 'C:\Users\Conner\OneDrive\Documents\veilbreakers-terrain\renders\quality-audit\fog_masks\coastal_topdown.png'
Time: 00:00.23 (Saving: 00:00.02)

Fra:1 Mem:44.98M (Peak 53.67M) | Time:00:00.15 | Rendering 1 / 8 samples
Fra:1 Mem:44.98M (Peak 53.67M) | Time:00:00.19 | Rendering 8 / 8 samples
Saved: 'C:\Users\Conner\OneDrive\Documents\veilbreakers-terrain\renders\quality-audit\fog_masks\coastal_sideprofile.png'
Time: 00:00.23 (Saving: 00:00.01)

Fra:1 Mem:44.98M (Peak 53.53M) | Time:00:00.15 | Rendering 1 / 8 samples
Fra:1 Mem:44.98M (Peak 53.53M) | Time:00:00.19 | Rendering 8 / 8 samples
Saved: 'C:\Users\Conner\OneDrive\Documents\veilbreakers-terrain\renders\quality-audit\fog_masks\volcanic_isometric.png'
Time: 00:00.23 (Saving: 00:00.01)

Fra:1 Mem:44.98M (Peak 53.67M) | Time:00:00.15 | Rendering 1 / 8 samples
Fra:1 Mem:44.98M (Peak 53.67M) | Time:00:00.20 | Rendering 8 / 8 samples
Saved: 'C:\Users\Conner\OneDrive\Documents\veilbreakers-terrain\renders\quality-audit\fog_masks\volcanic_topdown.png'
Time: 00:00.24 (Saving: 00:00.02)

Fra:1 Mem:44.98M (Peak 53.67M) | Time:00:00.15 | Rendering 1 / 8 samples
Fra:1 Mem:44.98M (Peak 53.67M) | Time:00:00.19 | Rendering 8 / 8 samples
Saved: 'C:\Users\Conner\OneDrive\Documents\veilbreakers-terrain\renders\quality-audit\fog_masks\volcanic_sideprofile.png'
Time: 00:00.22 (Saving: 00:00.01)

Fra:1 Mem:44.98M (Peak 53.53M) | Time:00:00.15 | Rendering 1 / 8 samples
Fra:1 Mem:44.98M (Peak 53.53M) | Time:00:00.19 | Rendering 8 / 8 samples
Saved: 'C:\Users\Conner\OneDrive\Documents\veilbreakers-terrain\renders\quality-audit\fog_masks\frozen_isometric.png'
Time: 00:00.23 (Saving: 00:00.02)

Fra:1 Mem:44.98M (Peak 53.67M) | Time:00:00.15 | Rendering 1 / 8 samples
Fra:1 Mem:44.98M (Peak 53.67M) | Time:00:00.24 | Rendering 8 / 8 samples
Saved: 'C:\Users\Conner\OneDrive\Documents\veilbreakers-terrain\renders\quality-audit\fog_masks\frozen_topdown.png'
Time: 00:00.28 (Saving: 00:00.02)

Fra:1 Mem:44.98M (Peak 53.67M) | Time:00:00.15 | Rendering 1 / 8 samples
Fra:1 Mem:44.98M (Peak 53.67M) | Time:00:00.19 | Rendering 8 / 8 samples
Saved: 'C:\Users\Conner\OneDrive\Documents\veilbreakers-terrain\renders\quality-audit\fog_masks\frozen_sideprofile.png'
Time: 00:00.22 (Saving: 00:00.01)

Fra:1 Mem:44.98M (Peak 53.53M) | Time:00:00.15 | Rendering 1 / 8 samples
Fra:1 Mem:44.98M (Peak 53.53M) | Time:00:00.19 | Rendering 8 / 8 samples
Saved: 'C:\Users\Conner\OneDrive\Documents\veilbreakers-terrain\renders\quality-audit\fog_masks\desert_isometric.png'
Time: 00:00.23 (Saving: 00:00.02)

Fra:1 Mem:44.98M (Peak 53.67M) | Time:00:00.14 | Rendering 1 / 8 samples
Fra:1 Mem:44.98M (Peak 53.67M) | Time:00:00.20 | Rendering 8 / 8 samples
Saved: 'C:\Users\Conner\OneDrive\Documents\veilbreakers-terrain\renders\quality-audit\fog_masks\desert_topdown.png'
Time: 00:00.24 (Saving: 00:00.02)

Fra:1 Mem:44.98M (Peak 53.67M) | Time:00:00.21 | Rendering 1 / 8 samples
Fra:1 Mem:44.98M (Peak 53.67M) | Time:00:00.28 | Rendering 8 / 8 samples
Saved: 'C:\Users\Conner\OneDrive\Documents\veilbreakers-terrain\renders\quality-audit\fog_masks\desert_sideprofile.png'
Time: 00:00.31 (Saving: 00:00.01)

Fra:1 Mem:44.98M (Peak 53.53M) | Time:00:00.10 | Rendering 1 / 8 samples
Fra:1 Mem:44.98M (Peak 53.53M) | Time:00:00.11 | Rendering 8 / 8 samples
Saved: 'C:\Users\Conner\OneDrive\Documents\veilbreakers-terrain\renders\quality-audit\god_ray_hints\grassland_isometric.png'
Time: 00:00.15 (Saving: 00:00.02)

Fra:1 Mem:44.98M (Peak 53.67M) | Time:00:00.10 | Rendering 1 / 8 samples
Fra:1 Mem:44.98M (Peak 53.67M) | Time:00:00.12 | Rendering 8 / 8 samples
Saved: 'C:\Users\Conner\OneDrive\Documents\veilbreakers-terrain\renders\quality-audit\god_ray_hints\grassland_topdown.png'
Time: 00:00.16 (Saving: 00:00.02)

Fra:1 Mem:44.98M (Peak 53.67M) | Time:00:00.10 | Rendering 1 / 8 samples
Fra:1 Mem:44.98M (Peak 53.67M) | Time:00:00.11 | Rendering 8 / 8 samples
Saved: 'C:\Users\Conner\OneDrive\Documents\veilbreakers-terrain\renders\quality-audit\god_ray_hints\grassland_sideprofile.png'
Time: 00:00.15 (Saving: 00:00.02)

Fra:1 Mem:44.98M (Peak 53.53M) | Time:00:00.10 | Rendering 1 / 8 samples
Fra:1 Mem:44.98M (Peak 53.53M) | Time:00:00.11 | Rendering 8 / 8 samples
Saved: 'C:\Users\Conner\OneDrive\Documents\veilbreakers-terrain\renders\quality-audit\god_ray_hints\mountain_isometric.png'
Time: 00:00.15 (Saving: 00:00.02)

Fra:1 Mem:44.98M (Peak 53.67M) | Time:00:00.10 | Rendering 1 / 8 samples
Fra:1 Mem:44.98M (Peak 53.67M) | Time:00:00.11 | Rendering 8 / 8 samples
Saved: 'C:\Users\Conner\OneDrive\Documents\veilbreakers-terrain\renders\quality-audit\god_ray_hints\mountain_topdown.png'
Time: 00:00.15 (Saving: 00:00.02)

Fra:1 Mem:44.98M (Peak 53.67M) | Time:00:00.10 | Rendering 1 / 8 samples
Fra:1 Mem:44.98M (Peak 53.67M) | Time:00:00.11 | Rendering 8 / 8 samples
Saved: 'C:\Users\Conner\OneDrive\Documents\veilbreakers-terrain\renders\quality-audit\god_ray_hints\mountain_sideprofile.png'
Time: 00:00.14 (Saving: 00:00.01)

Fra:1 Mem:44.98M (Peak 53.53M) | Time:00:00.10 | Rendering 1 / 8 samples
Fra:1 Mem:44.98M (Peak 53.53M) | Time:00:00.11 | Rendering 8 / 8 samples
Saved: 'C:\Users\Conner\OneDrive\Documents\veilbreakers-terrain\renders\quality-audit\god_ray_hints\coastal_isometric.png'
Time: 00:00.15 (Saving: 00:00.02)

Fra:1 Mem:44.98M (Peak 53.67M) | Time:00:00.10 | Rendering 1 / 8 samples
Fra:1 Mem:44.98M (Peak 53.67M) | Time:00:00.11 | Rendering 8 / 8 samples
Saved: 'C:\Users\Conner\OneDrive\Documents\veilbreakers-terrain\renders\quality-audit\god_ray_hints\coastal_topdown.png'
Time: 00:00.16 (Saving: 00:00.02)

Fra:1 Mem:44.98M (Peak 53.67M) | Time:00:00.10 | Rendering 1 / 8 samples
Fra:1 Mem:44.98M (Peak 53.67M) | Time:00:00.11 | Rendering 8 / 8 samples
Saved: 'C:\Users\Conner\OneDrive\Documents\veilbreakers-terrain\renders\quality-audit\god_ray_hints\coastal_sideprofile.png'
Time: 00:00.15 (Saving: 00:00.02)

Fra:1 Mem:44.98M (Peak 53.53M) | Time:00:00.11 | Rendering 1 / 8 samples
Fra:1 Mem:44.98M (Peak 53.53M) | Time:00:00.12 | Rendering 8 / 8 samples
Saved: 'C:\Users\Conner\OneDrive\Documents\veilbreakers-terrain\renders\quality-audit\god_ray_hints\volcanic_isometric.png'
Time: 00:00.15 (Saving: 00:00.02)

Fra:1 Mem:44.98M (Peak 53.67M) | Time:00:00.11 | Rendering 1 / 8 samples
Fra:1 Mem:44.98M (Peak 53.67M) | Time:00:00.12 | Rendering 8 / 8 samples
Saved: 'C:\Users\Conner\OneDrive\Documents\veilbreakers-terrain\renders\quality-audit\god_ray_hints\volcanic_topdown.png'
Time: 00:00.17 (Saving: 00:00.02)

Fra:1 Mem:44.98M (Peak 53.67M) | Time:00:00.11 | Rendering 1 / 8 samples
Fra:1 Mem:44.98M (Peak 53.67M) | Time:00:00.12 | Rendering 8 / 8 samples
Saved: 'C:\Users\Conner\OneDrive\Documents\veilbreakers-terrain\renders\quality-audit\god_ray_hints\volcanic_sideprofile.png'
Time: 00:00.16 (Saving: 00:00.01)

Fra:1 Mem:44.98M (Peak 53.53M) | Time:00:00.10 | Rendering 1 / 8 samples
Fra:1 Mem:44.98M (Peak 53.53M) | Time:00:00.12 | Rendering 8 / 8 samples
Saved: 'C:\Users\Conner\OneDrive\Documents\veilbreakers-terrain\renders\quality-audit\god_ray_hints\frozen_isometric.png'
Time: 00:00.16 (Saving: 00:00.02)

Fra:1 Mem:44.98M (Peak 53.67M) | Time:00:00.11 | Rendering 1 / 8 samples
Fra:1 Mem:44.98M (Peak 53.67M) | Time:00:00.12 | Rendering 8 / 8 samples
Saved: 'C:\Users\Conner\OneDrive\Documents\veilbreakers-terrain\renders\quality-audit\god_ray_hints\frozen_topdown.png'
Time: 00:00.17 (Saving: 00:00.02)

Fra:1 Mem:44.98M (Peak 53.67M) | Time:00:00.11 | Rendering 1 / 8 samples
Fra:1 Mem:44.98M (Peak 53.67M) | Time:00:00.12 | Rendering 8 / 8 samples
Saved: 'C:\Users\Conner\OneDrive\Documents\veilbreakers-terrain\renders\quality-audit\god_ray_hints\frozen_sideprofile.png'
Time: 00:00.16 (Saving: 00:00.02)

Fra:1 Mem:44.98M (Peak 53.53M) | Time:00:00.11 | Rendering 1 / 8 samples
Fra:1 Mem:44.98M (Peak 53.53M) | Time:00:00.13 | Rendering 8 / 8 samples
Saved: 'C:\Users\Conner\OneDrive\Documents\veilbreakers-terrain\renders\quality-audit\god_ray_hints\desert_isometric.png'
Time: 00:00.16 (Saving: 00:00.02)

Fra:1 Mem:44.98M (Peak 53.67M) | Time:00:00.11 | Rendering 1 / 8 samples
Fra:1 Mem:44.98M (Peak 53.67M) | Time:00:00.13 | Rendering 8 / 8 samples
Saved: 'C:\Users\Conner\OneDrive\Documents\veilbreakers-terrain\renders\quality-audit\god_ray_hints\desert_topdown.png'
Time: 00:00.17 (Saving: 00:00.02)

Fra:1 Mem:44.98M (Peak 53.67M) | Time:00:00.11 | Rendering 1 / 8 samples
Fra:1 Mem:44.98M (Peak 53.67M) | Time:00:00.12 | Rendering 8 / 8 samples
Saved: 'C:\Users\Conner\OneDrive\Documents\veilbreakers-terrain\renders\quality-audit\god_ray_hints\desert_sideprofile.png'
Time: 00:00.16 (Saving: 00:00.02)

Fra:1 Mem:44.98M (Peak 53.53M) | Time:00:00.10 | Rendering 1 / 8 samples
Fra:1 Mem:44.98M (Peak 53.53M) | Time:00:00.12 | Rendering 8 / 8 samples
Saved: 'C:\Users\Conner\OneDrive\Documents\veilbreakers-terrain\renders\quality-audit\pass_atmospheric_volumes\grassland_isometric.png'
Time: 00:00.16 (Saving: 00:00.02)

Fra:1 Mem:44.98M (Peak 53.67M) | Time:00:00.11 | Rendering 1 / 8 samples
Fra:1 Mem:44.98M (Peak 53.67M) | Time:00:00.12 | Rendering 8 / 8 samples
Saved: 'C:\Users\Conner\OneDrive\Documents\veilbreakers-terrain\renders\quality-audit\pass_atmospheric_volumes\grassland_topdown.png'
Time: 00:00.17 (Saving: 00:00.02)

Fra:1 Mem:44.98M (Peak 53.67M) | Time:00:00.11 | Rendering 1 / 8 samples
Fra:1 Mem:44.98M (Peak 53.67M) | Time:00:00.12 | Rendering 8 / 8 samples
Saved: 'C:\Users\Conner\OneDrive\Documents\veilbreakers-terrain\renders\quality-audit\pass_atmospheric_volumes\grassland_sideprofile.png'
Time: 00:00.16 (Saving: 00:00.02)

Fra:1 Mem:44.98M (Peak 53.53M) | Time:00:00.11 | Rendering 1 / 8 samples
Fra:1 Mem:44.98M (Peak 53.53M) | Time:00:00.13 | Rendering 8 / 8 samples
Saved: 'C:\Users\Conner\OneDrive\Documents\veilbreakers-terrain\renders\quality-audit\pass_atmospheric_volumes\mountain_isometric.png'
Time: 00:00.17 (Saving: 00:00.02)

Fra:1 Mem:44.98M (Peak 53.67M) | Time:00:00.11 | Rendering 1 / 8 samples
Fra:1 Mem:44.98M (Peak 53.67M) | Time:00:00.13 | Rendering 8 / 8 samples
Saved: 'C:\Users\Conner\OneDrive\Documents\veilbreakers-terrain\renders\quality-audit\pass_atmospheric_volumes\mountain_topdown.png'
Time: 00:00.17 (Saving: 00:00.02)

Fra:1 Mem:44.98M (Peak 53.67M) | Time:00:00.11 | Rendering 1 / 8 samples
Fra:1 Mem:44.98M (Peak 53.67M) | Time:00:00.12 | Rendering 8 / 8 samples
Saved: 'C:\Users\Conner\OneDrive\Documents\veilbreakers-terrain\renders\quality-audit\pass_atmospheric_volumes\mountain_sideprofile.png'
Time: 00:00.16 (Saving: 00:00.01)

Fra:1 Mem:44.98M (Peak 53.53M) | Time:00:00.11 | Rendering 1 / 8 samples
Fra:1 Mem:44.98M (Peak 53.53M) | Time:00:00.12 | Rendering 8 / 8 samples
Saved: 'C:\Users\Conner\OneDrive\Documents\veilbreakers-terrain\renders\quality-audit\pass_atmospheric_volumes\coastal_isometric.png'
Time: 00:00.17 (Saving: 00:00.02)

Fra:1 Mem:44.98M (Peak 53.67M) | Time:00:00.11 | Rendering 1 / 8 samples
Fra:1 Mem:44.98M (Peak 53.67M) | Time:00:00.13 | Rendering 8 / 8 samples
Saved: 'C:\Users\Conner\OneDrive\Documents\veilbreakers-terrain\renders\quality-audit\pass_atmospheric_volumes\coastal_topdown.png'
Time: 00:00.18 (Saving: 00:00.02)

Fra:1 Mem:44.98M (Peak 53.67M) | Time:00:00.11 | Rendering 1 / 8 samples
Fra:1 Mem:44.98M (Peak 53.67M) | Time:00:00.13 | Rendering 8 / 8 samples
Saved: 'C:\Users\Conner\OneDrive\Documents\veilbreakers-terrain\renders\quality-audit\pass_atmospheric_volumes\coastal_sideprofile.png'
Time: 00:00.17 (Saving: 00:00.02)

Fra:1 Mem:44.98M (Peak 53.53M) | Time:00:00.12 | Rendering 1 / 8 samples
Fra:1 Mem:44.98M (Peak 53.53M) | Time:00:00.14 | Rendering 8 / 8 samples
Saved: 'C:\Users\Conner\OneDrive\Documents\veilbreakers-terrain\renders\quality-audit\pass_atmospheric_volumes\volcanic_isometric.png'
Time: 00:00.17 (Saving: 00:00.02)

Fra:1 Mem:44.98M (Peak 53.67M) | Time:00:00.12 | Rendering 1 / 8 samples
Fra:1 Mem:44.98M (Peak 53.67M) | Time:00:00.14 | Rendering 8 / 8 samples
Saved: 'C:\Users\Conner\OneDrive\Documents\veilbreakers-terrain\renders\quality-audit\pass_atmospheric_volumes\volcanic_topdown.png'
Time: 00:00.18 (Saving: 00:00.02)

Fra:1 Mem:44.98M (Peak 53.67M) | Time:00:00.11 | Rendering 1 / 8 samples
Fra:1 Mem:44.98M (Peak 53.67M) | Time:00:00.13 | Rendering 8 / 8 samples
Saved: 'C:\Users\Conner\OneDrive\Documents\veilbreakers-terrain\renders\quality-audit\pass_atmospheric_volumes\volcanic_sideprofile.png'
Time: 00:00.17 (Saving: 00:00.01)

Fra:1 Mem:44.98M (Peak 53.53M) | Time:00:00.11 | Rendering 1 / 8 samples
Fra:1 Mem:44.98M (Peak 53.53M) | Time:00:00.13 | Rendering 8 / 8 samples
Saved: 'C:\Users\Conner\OneDrive\Documents\veilbreakers-terrain\renders\quality-audit\pass_atmospheric_volumes\frozen_isometric.png'
Time: 00:00.17 (Saving: 00:00.02)

Fra:1 Mem:44.98M (Peak 53.67M) | Time:00:00.11 | Rendering 1 / 8 samples
Fra:1 Mem:44.98M (Peak 53.67M) | Time:00:00.13 | Rendering 8 / 8 samples
Saved: 'C:\Users\Conner\OneDrive\Documents\veilbreakers-terrain\renders\quality-audit\pass_atmospheric_volumes\frozen_topdown.png'
Time: 00:00.18 (Saving: 00:00.02)

Fra:1 Mem:44.98M (Peak 53.67M) | Time:00:00.11 | Rendering 1 / 8 samples
Fra:1 Mem:44.98M (Peak 53.67M) | Time:00:00.12 | Rendering 8 / 8 samples
Saved: 'C:\Users\Conner\OneDrive\Documents\veilbreakers-terrain\renders\quality-audit\pass_atmospheric_volumes\frozen_sideprofile.png'
Time: 00:00.16 (Saving: 00:00.02)


[RENDERER] 271/438 prepare_terrain_normals/grassland: 3 renders done
[RENDERER] 272/438 prepare_terrain_normals/mountain: 3 renders done
[RENDERER] 273/438 prepare_terrain_normals/coastal: 3 renders done
[RENDERER] 274/438 prepare_terrain_normals/volcanic: 3 renders done
[RENDERER] 275/438 prepare_terrain_normals/frozen: 3 renders done
[RENDERER] 276/438 prepare_terrain_normals/desert: 3 renders done
[RENDERER] 277/438 prepare_heightmap_raw_u16/grassland: 3 renders done
[RENDERER] 278/438 prepare_heightmap_raw_u16/mountain: 3 renders done
[RENDERER] 279/438 prepare_heightmap_raw_u16/coastal: 3 renders done
[RENDERER] 280/438 prepare_heightmap_raw_u16/volcanic: 3 renders done
[RENDERER] 281/438 prepare_heightmap_raw_u16/frozen: 3 renders done
[RENDERER] 282/438 prepare_heightmap_raw_u16/desert: 3 renders done
[RENDERER] 283/438 prepare_unity_auxiliary_channels/grassland: 3 renders done
[RENDERER] 284/438 prepare_unity_auxiliary_channels/mountain: 3 renders done
[RENDERER] 285/438 prepare_unity_auxiliary_channels/coastal: 3 renders done
[RENDERER] 286/438 prepare_unity_auxiliary_channels/volcanic: 3 renders done
[RENDERER] 287/438 prepare_unity_auxiliary_channels/frozen: 3 renders done
[RENDERER] 288/438 prepare_unity_auxiliary_channels/desert: 3 renders done
[RENDERER] 289/438 audio_zones/grassland: 3 renders done
[RENDERER] 290/438 audio_zones/mountain: 3 renders done
[RENDERER] 291/438 audio_zones/coastal: 3 renders done
[RENDERER] 292/438 audio_zones/volcanic: 3 renders done
[RENDERER] 293/438 audio_zones/frozen: 3 renders done
[RENDERER] 294/438 audio_zones/desert: 3 renders done
[RENDERER] 295/438 wildlife_zones/grassland: 3 renders done
[RENDERER] 296/438 wildlife_zones/mountain: 3 renders done
[RENDERER] 297/438 wildlife_zones/coastal: 3 renders done
[RENDERER] 298/438 wildlife_zones/volcanic: 3 renders done
[RENDERER] 299/438 wildlife_zones/frozen: 3 renders done
[RENDERER] 300/438 wildlife_zones/desert: 3 renders done
[RENDERER] 301/438 gameplay_zones/grassland: 3 renders done
[RENDERER] 302/438 gameplay_zones/mountain: 3 renders done
[RENDERER] 303/438 gameplay_zones/coastal: 3 renders done
[RENDERER] 304/438 gameplay_zones/volcanic: 3 renders done
[RENDERER] 305/438 gameplay_zones/frozen: 3 renders done
[RENDERER] 306/438 gameplay_zones/desert: 3 renders done
[RENDERER] 307/438 wind_field/grassland: 3 renders done
[RENDERER] 308/438 wind_field/mountain: 3 renders done
[RENDERER] 309/438 wind_field/coastal: 3 renders done
[RENDERER] 310/438 wind_field/volcanic: 3 renders done
[RENDERER] 311/438 wind_field/frozen: 3 renders done
[RENDERER] 312/438 wind_field/desert: 3 renders done
[RENDERER] 313/438 cloud_shadow/grassland: 3 renders done
[RENDERER] 314/438 cloud_shadow/mountain: 3 renders done
[RENDERER] 315/438 cloud_shadow/coastal: 3 renders done
[RENDERER] 316/438 cloud_shadow/volcanic: 3 renders done
[RENDERER] 317/438 cloud_shadow/frozen: 3 renders done
[RENDERER] 318/438 cloud_shadow/desert: 3 renders done
[RENDERER] 319/438 decals/grassland: 3 renders done
[RENDERER] 320/438 decals/mountain: 3 renders done
[RENDERER] 321/438 decals/coastal: 3 renders done
[RENDERER] 322/438 decals/volcanic: 3 renders done
[RENDERER] 323/438 decals/frozen: 3 renders done
[RENDERER] 324/438 decals/desert: 3 renders done
[RENDERER] 325/438 navmesh/grassland: 3 renders done
[RENDERER] 326/438 navmesh/mountain: 3 renders done
[RENDERER] 327/438 navmesh/coastal: 3 renders done
[RENDERER] 328/438 navmesh/volcanic: 3 renders done
[RENDERER] 329/438 navmesh/frozen: 3 renders done
[RENDERER] 330/438 navmesh/desert: 3 renders done
[RENDERER] 331/438 pass_navmesh_export/grassland: 3 renders done
[RENDERER] 332/438 pass_navmesh_export/mountain: 3 renders done
[RENDERER] 333/438 pass_navmesh_export/coastal: 3 renders done
[RENDERER] 334/438 pass_navmesh_export/volcanic: 3 renders done
[RENDERER] 335/438 pass_navmesh_export/frozen: 3 renders done
[RENDERER] 336/438 pass_navmesh_export/desert: 3 renders done
[RENDERER] 337/438 ecotones/grassland: 3 renders done
[RENDERER] 338/438 ecotones/mountain: 3 renders done
[RENDERER] 339/438 ecotones/coastal: 3 renders done
[RENDERER] 340/438 ecotones/volcanic: 3 renders done
[RENDERER] 341/438 ecotones/frozen: 3 renders done
[RENDERER] 342/438 ecotones/desert: 3 renders done
[RENDERER] 343/438 stochastic_shader/grassland: 3 renders done
[RENDERER] 344/438 stochastic_shader/mountain: 3 renders done
[RENDERER] 345/438 stochastic_shader/coastal: 3 renders done
[RENDERER] 346/438 stochastic_shader/volcanic: 3 renders done
[RENDERER] 347/438 stochastic_shader/frozen: 3 renders done
[RENDERER] 348/438 stochastic_shader/desert: 3 renders done
[RENDERER] 349/438 macro_color/grassland: 3 renders done
[RENDERER] 350/438 macro_color/mountain: 3 renders done
[RENDERER] 351/438 macro_color/coastal: 3 renders done
[RENDERER] 352/438 macro_color/volcanic: 3 renders done
[RENDERER] 353/438 macro_color/frozen: 3 renders done
[RENDERER] 354/438 macro_color/desert: 3 renders done
[RENDERER] 355/438 multiscale_breakup/grassland: 3 renders done
[RENDERER] 356/438 multiscale_breakup/mountain: 3 renders done
[RENDERER] 357/438 multiscale_breakup/coastal: 3 renders done
[RENDERER] 358/438 multiscale_breakup/volcanic: 3 renders done
[RENDERER] 359/438 multiscale_breakup/frozen: 3 renders done
[RENDERER] 360/438 multiscale_breakup/desert: 3 renders done
[RENDERER] 361/438 shadow_clipmap/grassland: 3 renders done
[RENDERER] 362/438 shadow_clipmap/mountain: 3 renders done
[RENDERER] 363/438 shadow_clipmap/coastal: 3 renders done
[RENDERER] 364/438 shadow_clipmap/volcanic: 3 renders done
[RENDERER] 365/438 shadow_clipmap/frozen: 3 renders done
[RENDERER] 366/438 shadow_clipmap/desert: 3 renders done
[RENDERER] 367/438 roughness_driver/grassland: 3 renders done
[RENDERER] 368/438 roughness_driver/mountain: 3 renders done
[RENDERER] 369/438 roughness_driver/coastal: 3 renders done
[RENDERER] 370/438 roughness_driver/volcanic: 3 renders done
[RENDERER] 371/438 roughness_driver/frozen: 3 renders done
[RENDERER] 372/438 roughness_driver/desert: 3 renders done
[RENDERER] 373/438 quixel_ingest/grassland: 3 renders done
[RENDERER] 374/438 quixel_ingest/mountain: 3 renders done
[RENDERER] 375/438 quixel_ingest/coastal: 3 renders done
[RENDERER] 376/438 quixel_ingest/volcanic: 3 renders done
[RENDERER] 377/438 quixel_ingest/frozen: 3 renders done
[RENDERER] 378/438 quixel_ingest/desert: 3 renders done
[RENDERER] 379/438 horizon_lod/grassland: 3 renders done
[RENDERER] 380/438 horizon_lod/mountain: 3 renders done
[RENDERER] 381/438 horizon_lod/coastal: 3 renders done
[RENDERER] 382/438 horizon_lod/volcanic: 3 renders done
[RENDERER] 383/438 horizon_lod/frozen: 3 renders done
[RENDERER] 384/438 horizon_lod/desert: 3 renders done
[RENDERER] 385/438 pass_horizon_lod/grassland: 3 renders done
[RENDERER] 386/438 pass_horizon_lod/mountain: 3 renders done
[RENDERER] 387/438 pass_horizon_lod/coastal: 3 renders done
[RENDERER] 388/438 pass_horizon_lod/volcanic: 3 renders done
[RENDERER] 389/438 pass_horizon_lod/frozen: 3 renders done
[RENDERER] 390/438 pass_horizon_lod/desert: 3 renders done
[RENDERER] 391/438 fog_masks/grassland: 3 renders done
[RENDERER] 392/438 fog_masks/mountain: 3 renders done
[RENDERER] 393/438 fog_masks/coastal: 3 renders done
[RENDERER] 394/438 fog_masks/volcanic: 3 renders done
[RENDERER] 395/438 fog_masks/frozen: 3 renders done
[RENDERER] 396/438 fog_masks/desert: 3 renders done
[RENDERER] 397/438 god_ray_hints/grassland: 3 renders done
[RENDERER] 398/438 god_ray_hints/mountain: 3 renders done
[RENDERER] 399/438 god_ray_hints/coastal: 3 renders done
[RENDERER] 400/438 god_ray_hints/volcanic: 3 renders done
[RENDERER] 401/438 god_ray_hints/frozen: 3 renders done
[RENDERER] 402/438 god_ray_hints/desert: 3 renders done
[RENDERER] 403/438 pass_atmospheric_volumes/grassland: 3 renders done
[RENDERER] 404/438 pass_atmospheric_volumes/mountain: 3 renders done
[RENDERER] 405/438 pass_atmospheric_volumes/coastal: 3 renders done
[RENDERER] 406/438 pass_atmospheric_volumes/volcanic: 3 renders done
[RENDERER] 407/438 pass_atmospheric_volumes/frozen: 3 renders doneFra:1 Mem:44.98M (Peak 53.53M) | Time:00:00.12 | Rendering 1 / 8 samples
Fra:1 Mem:44.98M (Peak 53.53M) | Time:00:00.14 | Rendering 8 / 8 samples
Saved: 'C:\Users\Conner\OneDrive\Documents\veilbreakers-terrain\renders\quality-audit\pass_atmospheric_volumes\desert_isometric.png'
Time: 00:00.18 (Saving: 00:00.02)

Fra:1 Mem:44.98M (Peak 53.67M) | Time:00:00.11 | Rendering 1 / 8 samples
Fra:1 Mem:44.98M (Peak 53.67M) | Time:00:00.14 | Rendering 8 / 8 samples
Saved: 'C:\Users\Conner\OneDrive\Documents\veilbreakers-terrain\renders\quality-audit\pass_atmospheric_volumes\desert_topdown.png'
Time: 00:00.18 (Saving: 00:00.02)

Fra:1 Mem:44.98M (Peak 53.67M) | Time:00:00.11 | Rendering 1 / 8 samples
Fra:1 Mem:44.98M (Peak 53.67M) | Time:00:00.13 | Rendering 8 / 8 samples
Saved: 'C:\Users\Conner\OneDrive\Documents\veilbreakers-terrain\renders\quality-audit\pass_atmospheric_volumes\desert_sideprofile.png'
Time: 00:00.17 (Saving: 00:00.02)

Fra:1 Mem:44.98M (Peak 53.53M) | Time:00:00.11 | Rendering 1 / 8 samples
Fra:1 Mem:44.98M (Peak 53.53M) | Time:00:00.13 | Rendering 8 / 8 samples
Saved: 'C:\Users\Conner\OneDrive\Documents\veilbreakers-terrain\renders\quality-audit\water_variants\grassland_isometric.png'
Time: 00:00.17 (Saving: 00:00.02)

Fra:1 Mem:44.98M (Peak 53.67M) | Time:00:00.11 | Rendering 1 / 8 samples
Fra:1 Mem:44.98M (Peak 53.67M) | Time:00:00.13 | Rendering 8 / 8 samples
Saved: 'C:\Users\Conner\OneDrive\Documents\veilbreakers-terrain\renders\quality-audit\water_variants\grassland_topdown.png'
Time: 00:00.18 (Saving: 00:00.02)

Fra:1 Mem:44.98M (Peak 53.67M) | Time:00:00.11 | Rendering 1 / 8 samples
Fra:1 Mem:44.98M (Peak 53.67M) | Time:00:00.13 | Rendering 8 / 8 samples
Saved: 'C:\Users\Conner\OneDrive\Documents\veilbreakers-terrain\renders\quality-audit\water_variants\grassland_sideprofile.png'
Time: 00:00.17 (Saving: 00:00.02)

Fra:1 Mem:44.98M (Peak 53.53M) | Time:00:00.12 | Rendering 1 / 8 samples
Fra:1 Mem:44.98M (Peak 53.53M) | Time:00:00.14 | Rendering 8 / 8 samples
Saved: 'C:\Users\Conner\OneDrive\Documents\veilbreakers-terrain\renders\quality-audit\water_variants\mountain_isometric.png'
Time: 00:00.18 (Saving: 00:00.02)

Fra:1 Mem:44.98M (Peak 53.67M) | Time:00:00.11 | Rendering 1 / 8 samples
Fra:1 Mem:44.98M (Peak 53.67M) | Time:00:00.13 | Rendering 8 / 8 samples
Saved: 'C:\Users\Conner\OneDrive\Documents\veilbreakers-terrain\renders\quality-audit\water_variants\mountain_topdown.png'
Time: 00:00.17 (Saving: 00:00.02)

Fra:1 Mem:44.98M (Peak 53.67M) | Time:00:00.11 | Rendering 1 / 8 samples
Fra:1 Mem:44.98M (Peak 53.67M) | Time:00:00.13 | Rendering 8 / 8 samples
Saved: 'C:\Users\Conner\OneDrive\Documents\veilbreakers-terrain\renders\quality-audit\water_variants\mountain_sideprofile.png'
Time: 00:00.17 (Saving: 00:00.01)

Fra:1 Mem:44.98M (Peak 53.53M) | Time:00:00.11 | Rendering 1 / 8 samples
Fra:1 Mem:44.98M (Peak 53.53M) | Time:00:00.13 | Rendering 8 / 8 samples
Saved: 'C:\Users\Conner\OneDrive\Documents\veilbreakers-terrain\renders\quality-audit\water_variants\coastal_isometric.png'
Time: 00:00.17 (Saving: 00:00.02)

Fra:1 Mem:44.98M (Peak 53.67M) | Time:00:00.11 | Rendering 1 / 8 samples
Fra:1 Mem:44.98M (Peak 53.67M) | Time:00:00.14 | Rendering 8 / 8 samples
Saved: 'C:\Users\Conner\OneDrive\Documents\veilbreakers-terrain\renders\quality-audit\water_variants\coastal_topdown.png'
Time: 00:00.19 (Saving: 00:00.02)

Fra:1 Mem:44.98M (Peak 53.68M) | Time:00:00.11 | Rendering 1 / 8 samples
Fra:1 Mem:44.98M (Peak 53.68M) | Time:00:00.13 | Rendering 8 / 8 samples
Saved: 'C:\Users\Conner\OneDrive\Documents\veilbreakers-terrain\renders\quality-audit\water_variants\coastal_sideprofile.png'
Time: 00:00.17 (Saving: 00:00.02)

Fra:1 Mem:44.98M (Peak 53.53M) | Time:00:00.12 | Rendering 1 / 8 samples
Fra:1 Mem:44.98M (Peak 53.53M) | Time:00:00.14 | Rendering 8 / 8 samples
Saved: 'C:\Users\Conner\OneDrive\Documents\veilbreakers-terrain\renders\quality-audit\water_variants\volcanic_isometric.png'
Time: 00:00.18 (Saving: 00:00.01)

Fra:1 Mem:44.98M (Peak 53.67M) | Time:00:00.12 | Rendering 1 / 8 samples
Fra:1 Mem:44.98M (Peak 53.67M) | Time:00:00.15 | Rendering 8 / 8 samples
Saved: 'C:\Users\Conner\OneDrive\Documents\veilbreakers-terrain\renders\quality-audit\water_variants\volcanic_topdown.png'
Time: 00:00.19 (Saving: 00:00.02)

Fra:1 Mem:44.98M (Peak 53.68M) | Time:00:00.12 | Rendering 1 / 8 samples
Fra:1 Mem:44.98M (Peak 53.68M) | Time:00:00.14 | Rendering 8 / 8 samples
Saved: 'C:\Users\Conner\OneDrive\Documents\veilbreakers-terrain\renders\quality-audit\water_variants\volcanic_sideprofile.png'
Time: 00:00.18 (Saving: 00:00.01)

Fra:1 Mem:44.98M (Peak 53.53M) | Time:00:00.11 | Rendering 1 / 8 samples
Fra:1 Mem:44.98M (Peak 53.53M) | Time:00:00.14 | Rendering 8 / 8 samples
Saved: 'C:\Users\Conner\OneDrive\Documents\veilbreakers-terrain\renders\quality-audit\water_variants\frozen_isometric.png'
Time: 00:00.17 (Saving: 00:00.02)

Fra:1 Mem:44.98M (Peak 53.67M) | Time:00:00.11 | Rendering 1 / 8 samples
Fra:1 Mem:44.98M (Peak 53.67M) | Time:00:00.14 | Rendering 8 / 8 samples
Saved: 'C:\Users\Conner\OneDrive\Documents\veilbreakers-terrain\renders\quality-audit\water_variants\frozen_topdown.png'
Time: 00:00.19 (Saving: 00:00.02)

Fra:1 Mem:44.98M (Peak 53.68M) | Time:00:00.11 | Rendering 1 / 8 samples
Fra:1 Mem:44.98M (Peak 53.68M) | Time:00:00.14 | Rendering 8 / 8 samples
Saved: 'C:\Users\Conner\OneDrive\Documents\veilbreakers-terrain\renders\quality-audit\water_variants\frozen_sideprofile.png'
Time: 00:00.18 (Saving: 00:00.02)

Fra:1 Mem:44.98M (Peak 53.53M) | Time:00:00.11 | Rendering 1 / 8 samples
Fra:1 Mem:44.98M (Peak 53.53M) | Time:00:00.15 | Rendering 8 / 8 samples
Saved: 'C:\Users\Conner\OneDrive\Documents\veilbreakers-terrain\renders\quality-audit\water_variants\desert_isometric.png'
Time: 00:00.19 (Saving: 00:00.02)

Fra:1 Mem:44.98M (Peak 53.67M) | Time:00:00.14 | Rendering 1 / 8 samples
Fra:1 Mem:44.98M (Peak 53.67M) | Time:00:00.18 | Rendering 8 / 8 samples
Saved: 'C:\Users\Conner\OneDrive\Documents\veilbreakers-terrain\renders\quality-audit\water_variants\desert_topdown.png'
Time: 00:00.22 (Saving: 00:00.02)

Fra:1 Mem:44.98M (Peak 53.68M) | Time:00:00.14 | Rendering 1 / 8 samples
Fra:1 Mem:44.98M (Peak 53.68M) | Time:00:00.18 | Rendering 8 / 8 samples
Saved: 'C:\Users\Conner\OneDrive\Documents\veilbreakers-terrain\renders\quality-audit\water_variants\desert_sideprofile.png'
Time: 00:00.21 (Saving: 00:00.01)

Fra:1 Mem:44.98M (Peak 53.53M) | Time:00:00.14 | Rendering 1 / 8 samples
Fra:1 Mem:44.98M (Peak 53.53M) | Time:00:00.18 | Rendering 8 / 8 samples
Saved: 'C:\Users\Conner\OneDrive\Documents\veilbreakers-terrain\renders\quality-audit\bathymetry\grassland_isometric.png'
Time: 00:00.21 (Saving: 00:00.02)

Fra:1 Mem:44.98M (Peak 53.67M) | Time:00:00.14 | Rendering 1 / 8 samples
Fra:1 Mem:44.98M (Peak 53.67M) | Time:00:00.18 | Rendering 8 / 8 samples
Saved: 'C:\Users\Conner\OneDrive\Documents\veilbreakers-terrain\renders\quality-audit\bathymetry\grassland_topdown.png'
Time: 00:00.22 (Saving: 00:00.02)

Fra:1 Mem:44.98M (Peak 53.68M) | Time:00:00.14 | Rendering 1 / 8 samples
Fra:1 Mem:44.98M (Peak 53.68M) | Time:00:00.17 | Rendering 8 / 8 samples
Saved: 'C:\Users\Conner\OneDrive\Documents\veilbreakers-terrain\renders\quality-audit\bathymetry\grassland_sideprofile.png'
Time: 00:00.21 (Saving: 00:00.01)

Fra:1 Mem:44.98M (Peak 53.53M) | Time:00:00.14 | Rendering 1 / 8 samples
Fra:1 Mem:44.98M (Peak 53.53M) | Time:00:00.18 | Rendering 8 / 8 samples
Saved: 'C:\Users\Conner\OneDrive\Documents\veilbreakers-terrain\renders\quality-audit\bathymetry\mountain_isometric.png'
Time: 00:00.22 (Saving: 00:00.02)

Fra:1 Mem:44.98M (Peak 53.67M) | Time:00:00.14 | Rendering 1 / 8 samples
Fra:1 Mem:44.98M (Peak 53.67M) | Time:00:00.18 | Rendering 8 / 8 samples
Saved: 'C:\Users\Conner\OneDrive\Documents\veilbreakers-terrain\renders\quality-audit\bathymetry\mountain_topdown.png'
Time: 00:00.23 (Saving: 00:00.02)

Fra:1 Mem:44.98M (Peak 53.68M) | Time:00:00.14 | Rendering 1 / 8 samples
Fra:1 Mem:44.98M (Peak 53.68M) | Time:00:00.17 | Rendering 8 / 8 samples
Saved: 'C:\Users\Conner\OneDrive\Documents\veilbreakers-terrain\renders\quality-audit\bathymetry\mountain_sideprofile.png'
Time: 00:00.22 (Saving: 00:00.01)

Fra:1 Mem:44.98M (Peak 53.53M) | Time:00:00.14 | Rendering 1 / 8 samples
Fra:1 Mem:44.98M (Peak 53.53M) | Time:00:00.18 | Rendering 8 / 8 samples
Saved: 'C:\Users\Conner\OneDrive\Documents\veilbreakers-terrain\renders\quality-audit\bathymetry\coastal_isometric.png'
Time: 00:00.22 (Saving: 00:00.02)

Fra:1 Mem:44.98M (Peak 53.67M) | Time:00:00.14 | Rendering 1 / 8 samples
Fra:1 Mem:44.98M (Peak 53.67M) | Time:00:00.19 | Rendering 8 / 8 samples
Saved: 'C:\Users\Conner\OneDrive\Documents\veilbreakers-terrain\renders\quality-audit\bathymetry\coastal_topdown.png'
Time: 00:00.24 (Saving: 00:00.02)

Fra:1 Mem:44.98M (Peak 53.68M) | Time:00:00.15 | Rendering 1 / 8 samples
Fra:1 Mem:44.98M (Peak 53.68M) | Time:00:00.19 | Rendering 8 / 8 samples
Saved: 'C:\Users\Conner\OneDrive\Documents\veilbreakers-terrain\renders\quality-audit\bathymetry\coastal_sideprofile.png'
Time: 00:00.23 (Saving: 00:00.01)

Fra:1 Mem:44.98M (Peak 53.53M) | Time:00:00.16 | Rendering 1 / 8 samples
Fra:1 Mem:44.98M (Peak 53.53M) | Time:00:00.21 | Rendering 8 / 8 samples
Saved: 'C:\Users\Conner\OneDrive\Documents\veilbreakers-terrain\renders\quality-audit\bathymetry\volcanic_isometric.png'
Time: 00:00.25 (Saving: 00:00.01)

Fra:1 Mem:44.98M (Peak 53.67M) | Time:00:00.16 | Rendering 1 / 8 samples
Fra:1 Mem:44.98M (Peak 53.67M) | Time:00:00.21 | Rendering 8 / 8 samples
Saved: 'C:\Users\Conner\OneDrive\Documents\veilbreakers-terrain\renders\quality-audit\bathymetry\volcanic_topdown.png'
Time: 00:00.25 (Saving: 00:00.02)

Fra:1 Mem:44.98M (Peak 53.68M) | Time:00:00.16 | Rendering 1 / 8 samples
Fra:1 Mem:44.98M (Peak 53.68M) | Time:00:00.21 | Rendering 8 / 8 samples
Saved: 'C:\Users\Conner\OneDrive\Documents\veilbreakers-terrain\renders\quality-audit\bathymetry\volcanic_sideprofile.png'
Time: 00:00.24 (Saving: 00:00.01)

Fra:1 Mem:44.98M (Peak 53.53M) | Time:00:00.15 | Rendering 1 / 8 samples
Fra:1 Mem:44.98M (Peak 53.53M) | Time:00:00.19 | Rendering 8 / 8 samples
Saved: 'C:\Users\Conner\OneDrive\Documents\veilbreakers-terrain\renders\quality-audit\bathymetry\frozen_isometric.png'
Time: 00:00.23 (Saving: 00:00.02)

Fra:1 Mem:44.98M (Peak 53.67M) | Time:00:00.14 | Rendering 1 / 8 samples
Fra:1 Mem:44.98M (Peak 53.67M) | Time:00:00.20 | Rendering 8 / 8 samples
Saved: 'C:\Users\Conner\OneDrive\Documents\veilbreakers-terrain\renders\quality-audit\bathymetry\frozen_topdown.png'
Time: 00:00.24 (Saving: 00:00.02)

Fra:1 Mem:44.98M (Peak 53.68M) | Time:00:00.15 | Rendering 1 / 8 samples
Fra:1 Mem:44.98M (Peak 53.68M) | Time:00:00.20 | Rendering 8 / 8 samples
Saved: 'C:\Users\Conner\OneDrive\Documents\veilbreakers-terrain\renders\quality-audit\bathymetry\frozen_sideprofile.png'
Time: 00:00.24 (Saving: 00:00.01)

Fra:1 Mem:44.98M (Peak 53.53M) | Time:00:00.15 | Rendering 1 / 8 samples
Fra:1 Mem:44.98M (Peak 53.53M) | Time:00:00.19 | Rendering 8 / 8 samples
Saved: 'C:\Users\Conner\OneDrive\Documents\veilbreakers-terrain\renders\quality-audit\bathymetry\desert_isometric.png'
Time: 00:00.24 (Saving: 00:00.02)

Fra:1 Mem:44.98M (Peak 53.67M) | Time:00:00.17 | Rendering 1 / 8 samples
Fra:1 Mem:44.98M (Peak 53.67M) | Time:00:00.26 | Rendering 8 / 8 samples
Saved: 'C:\Users\Conner\OneDrive\Documents\veilbreakers-terrain\renders\quality-audit\bathymetry\desert_topdown.png'
Time: 00:00.30 (Saving: 00:00.02)

Fra:1 Mem:44.98M (Peak 53.68M) | Time:00:00.15 | Rendering 1 / 8 samples
Fra:1 Mem:44.98M (Peak 53.68M) | Time:00:00.19 | Rendering 8 / 8 samples
Saved: 'C:\Users\Conner\OneDrive\Documents\veilbreakers-terrain\renders\quality-audit\bathymetry\desert_sideprofile.png'
Time: 00:00.22 (Saving: 00:00.01)

Fra:1 Mem:44.98M (Peak 53.53M) | Time:00:00.14 | Rendering 1 / 8 samples
Fra:1 Mem:44.98M (Peak 53.53M) | Time:00:00.18 | Rendering 8 / 8 samples
Saved: 'C:\Users\Conner\OneDrive\Documents\veilbreakers-terrain\renders\quality-audit\vegetation_depth\grassland_isometric.png'
Time: 00:00.22 (Saving: 00:00.02)

Fra:1 Mem:44.98M (Peak 53.67M) | Time:00:00.15 | Rendering 1 / 8 samples
Fra:1 Mem:44.98M (Peak 53.67M) | Time:00:00.19 | Rendering 8 / 8 samples
Saved: 'C:\Users\Conner\OneDrive\Documents\veilbreakers-terrain\renders\quality-audit\vegetation_depth\grassland_topdown.png'
Time: 00:00.24 (Saving: 00:00.02)

Fra:1 Mem:44.98M (Peak 53.68M) | Time:00:00.15 | Rendering 1 / 8 samples
Fra:1 Mem:44.98M (Peak 53.68M) | Time:00:00.19 | Rendering 8 / 8 samples
Saved: 'C:\Users\Conner\OneDrive\Documents\veilbreakers-terrain\renders\quality-audit\vegetation_depth\grassland_sideprofile.png'
Time: 00:00.22 (Saving: 00:00.01)

Fra:1 Mem:44.98M (Peak 53.53M) | Time:00:00.14 | Rendering 1 / 8 samples
Fra:1 Mem:44.98M (Peak 53.53M) | Time:00:00.18 | Rendering 8 / 8 samples
Saved: 'C:\Users\Conner\OneDrive\Documents\veilbreakers-terrain\renders\quality-audit\vegetation_depth\mountain_isometric.png'
Time: 00:00.22 (Saving: 00:00.01)

Fra:1 Mem:44.98M (Peak 53.67M) | Time:00:00.15 | Rendering 1 / 8 samples
Fra:1 Mem:44.98M (Peak 53.67M) | Time:00:00.23 | Rendering 8 / 8 samples
Saved: 'C:\Users\Conner\OneDrive\Documents\veilbreakers-terrain\renders\quality-audit\vegetation_depth\mountain_topdown.png'
Time: 00:00.27 (Saving: 00:00.02)

Fra:1 Mem:44.98M (Peak 53.68M) | Time:00:00.15 | Rendering 1 / 8 samples
Fra:1 Mem:44.98M (Peak 53.68M) | Time:00:00.18 | Rendering 8 / 8 samples
Saved: 'C:\Users\Conner\OneDrive\Documents\veilbreakers-terrain\renders\quality-audit\vegetation_depth\mountain_sideprofile.png'
Time: 00:00.22 (Saving: 00:00.01)

Fra:1 Mem:44.98M (Peak 53.53M) | Time:00:00.15 | Rendering 1 / 8 samples
Fra:1 Mem:44.98M (Peak 53.53M) | Time:00:00.19 | Rendering 8 / 8 samples
Saved: 'C:\Users\Conner\OneDrive\Documents\veilbreakers-terrain\renders\quality-audit\vegetation_depth\coastal_isometric.png'
Time: 00:00.23 (Saving: 00:00.02)

Fra:1 Mem:44.98M (Peak 53.67M) | Time:00:00.14 | Rendering 1 / 8 samples
Fra:1 Mem:44.98M (Peak 53.67M) | Time:00:00.23 | Rendering 8 / 8 samples
Saved: 'C:\Users\Conner\OneDrive\Documents\veilbreakers-terrain\renders\quality-audit\vegetation_depth\coastal_topdown.png'
Time: 00:00.27 (Saving: 00:00.02)

Fra:1 Mem:44.98M (Peak 53.68M) | Time:00:00.15 | Rendering 1 / 8 samples
Fra:1 Mem:44.98M (Peak 53.68M) | Time:00:00.19 | Rendering 8 / 8 samples
Saved: 'C:\Users\Conner\OneDrive\Documents\veilbreakers-terrain\renders\quality-audit\vegetation_depth\coastal_sideprofile.png'
Time: 00:00.23 (Saving: 00:00.02)

Fra:1 Mem:44.98M (Peak 53.53M) | Time:00:00.15 | Rendering 1 / 8 samples
Fra:1 Mem:44.98M (Peak 53.53M) | Time:00:00.20 | Rendering 8 / 8 samples
Saved: 'C:\Users\Conner\OneDrive\Documents\veilbreakers-terrain\renders\quality-audit\vegetation_depth\volcanic_isometric.png'
Time: 00:00.24 (Saving: 00:00.01)

Fra:1 Mem:44.98M (Peak 53.68M) | Time:00:00.15 | Rendering 1 / 8 samples
Fra:1 Mem:44.98M (Peak 53.68M) | Time:00:00.20 | Rendering 8 / 8 samples
Saved: 'C:\Users\Conner\OneDrive\Documents\veilbreakers-terrain\renders\quality-audit\vegetation_depth\volcanic_topdown.png'
Time: 00:00.24 (Saving: 00:00.02)

Fra:1 Mem:44.98M (Peak 53.68M) | Time:00:00.15 | Rendering 1 / 8 samples
Fra:1 Mem:44.98M (Peak 53.68M) | Time:00:00.20 | Rendering 8 / 8 samples
Saved: 'C:\Users\Conner\OneDrive\Documents\veilbreakers-terrain\renders\quality-audit\vegetation_depth\volcanic_sideprofile.png'
Time: 00:00.23 (Saving: 00:00.01)

Fra:1 Mem:44.98M (Peak 53.53M) | Time:00:00.14 | Rendering 1 / 8 samples
Fra:1 Mem:44.98M (Peak 53.53M) | Time:00:00.18 | Rendering 8 / 8 samples
Saved: 'C:\Users\Conner\OneDrive\Documents\veilbreakers-terrain\renders\quality-audit\vegetation_depth\frozen_isometric.png'
Time: 00:00.22 (Saving: 00:00.02)

Fra:1 Mem:44.98M (Peak 53.68M) | Time:00:00.14 | Rendering 1 / 8 samples
Fra:1 Mem:44.98M (Peak 53.68M) | Time:00:00.19 | Rendering 8 / 8 samples
Saved: 'C:\Users\Conner\OneDrive\Documents\veilbreakers-terrain\renders\quality-audit\vegetation_depth\frozen_topdown.png'
Time: 00:00.24 (Saving: 00:00.02)

Fra:1 Mem:44.98M (Peak 53.68M) | Time:00:00.15 | Rendering 1 / 8 samples
Fra:1 Mem:44.98M (Peak 53.68M) | Time:00:00.19 | Rendering 8 / 8 samples
Saved: 'C:\Users\Conner\OneDrive\Documents\veilbreakers-terrain\renders\quality-audit\vegetation_depth\frozen_sideprofile.png'
Time: 00:00.23 (Saving: 00:00.02)

Fra:1 Mem:44.98M (Peak 53.53M) | Time:00:00.22 | Rendering 1 / 8 samples
Fra:1 Mem:44.98M (Peak 53.53M) | Time:00:00.26 | Rendering 8 / 8 samples
Saved: 'C:\Users\Conner\OneDrive\Documents\veilbreakers-terrain\renders\quality-audit\vegetation_depth\desert_isometric.png'
Time: 00:00.30 (Saving: 00:00.02)

Fra:1 Mem:44.98M (Peak 53.68M) | Time:00:00.14 | Rendering 1 / 8 samples
Fra:1 Mem:44.98M (Peak 53.68M) | Time:00:00.19 | Rendering 8 / 8 samples
Saved: 'C:\Users\Conner\OneDrive\Documents\veilbreakers-terrain\renders\quality-audit\vegetation_depth\desert_topdown.png'
Time: 00:00.23 (Saving: 00:00.02)

Fra:1 Mem:44.98M (Peak 53.68M) | Time:00:00.22 | Rendering 1 / 8 samples
Fra:1 Mem:44.98M (Peak 53.68M) | Time:00:00.28 | Rendering 8 / 8 samples
Saved: 'C:\Users\Conner\OneDrive\Documents\veilbreakers-terrain\renders\quality-audit\vegetation_depth\desert_sideprofile.png'
Time: 00:00.31 (Saving: 00:00.01)

Fra:1 Mem:44.98M (Peak 53.53M) | Time:00:00.11 | Rendering 1 / 8 samples
Fra:1 Mem:44.98M (Peak 53.53M) | Time:00:00.12 | Rendering 8 / 8 samples
Saved: 'C:\Users\Conner\OneDrive\Documents\veilbreakers-terrain\renders\quality-audit\emergent_grass\grassland_isometric.png'
Time: 00:00.16 (Saving: 00:00.02)

Fra:1 Mem:44.98M (Peak 53.68M) | Time:00:00.10 | Rendering 1 / 8 samples
Fra:1 Mem:44.98M (Peak 53.68M) | Time:00:00.11 | Rendering 8 / 8 samples
Saved: 'C:\Users\Conner\OneDrive\Documents\veilbreakers-terrain\renders\quality-audit\emergent_grass\grassland_topdown.png'
Time: 00:00.15 (Saving: 00:00.02)

Fra:1 Mem:44.98M (Peak 53.68M) | Time:00:00.10 | Rendering 1 / 8 samples
Fra:1 Mem:44.98M (Peak 53.68M) | Time:00:00.11 | Rendering 8 / 8 samples
Saved: 'C:\Users\Conner\OneDrive\Documents\veilbreakers-terrain\renders\quality-audit\emergent_grass\grassland_sideprofile.png'
Time: 00:00.15 (Saving: 00:00.01)

Fra:1 Mem:44.98M (Peak 53.53M) | Time:00:00.10 | Rendering 1 / 8 samples
Fra:1 Mem:44.98M (Peak 53.53M) | Time:00:00.11 | Rendering 8 / 8 samples
Saved: 'C:\Users\Conner\OneDrive\Documents\veilbreakers-terrain\renders\quality-audit\emergent_grass\mountain_isometric.png'
Time: 00:00.15 (Saving: 00:00.01)

Fra:1 Mem:44.98M (Peak 53.68M) | Time:00:00.10 | Rendering 1 / 8 samples
Fra:1 Mem:44.98M (Peak 53.68M) | Time:00:00.12 | Rendering 8 / 8 samples
Saved: 'C:\Users\Conner\OneDrive\Documents\veilbreakers-terrain\renders\quality-audit\emergent_grass\mountain_topdown.png'
Time: 00:00.16 (Saving: 00:00.02)

Fra:1 Mem:44.98M (Peak 53.68M) | Time:00:00.09 | Rendering 1 / 8 samples
Fra:1 Mem:44.98M (Peak 53.68M) | Time:00:00.10 | Rendering 8 / 8 samples
Saved: 'C:\Users\Conner\OneDrive\Documents\veilbreakers-terrain\renders\quality-audit\emergent_grass\mountain_sideprofile.png'
Time: 00:00.14 (Saving: 00:00.01)

Fra:1 Mem:44.98M (Peak 53.53M) | Time:00:00.10 | Rendering 1 / 8 samples
Fra:1 Mem:44.98M (Peak 53.53M) | Time:00:00.11 | Rendering 8 / 8 samples
Saved: 'C:\Users\Conner\OneDrive\Documents\veilbreakers-terrain\renders\quality-audit\emergent_grass\coastal_isometric.png'
Time: 00:00.15 (Saving: 00:00.02)

Fra:1 Mem:44.98M (Peak 53.68M) | Time:00:00.10 | Rendering 1 / 8 samples
Fra:1 Mem:44.98M (Peak 53.68M) | Time:00:00.11 | Rendering 8 / 8 samples
Saved: 'C:\Users\Conner\OneDrive\Documents\veilbreakers-terrain\renders\quality-audit\emergent_grass\coastal_topdown.png'
Time: 00:00.15 (Saving: 00:00.02)

Fra:1 Mem:44.98M (Peak 53.68M) | Time:00:00.09 | Rendering 1 / 8 samples
Fra:1 Mem:44.98M (Peak 53.68M) | Time:00:00.10 | Rendering 8 / 8 samples
Saved: 'C:\Users\Conner\OneDrive\Documents\veilbreakers-terrain\renders\quality-audit\emergent_grass\coastal_sideprofile.png'
Time: 00:00.14 (Saving: 00:00.02)

Fra:1 Mem:44.98M (Peak 53.53M) | Time:00:00.11 | Rendering 1 / 8 samples
Fra:1 Mem:44.98M (Peak 53.53M) | Time:00:00.12 | Rendering 8 / 8 samples
Saved: 'C:\Users\Conner\OneDrive\Documents\veilbreakers-terrain\renders\quality-audit\emergent_grass\volcanic_isometric.png'
Time: 00:00.16 (Saving: 00:00.01)

Fra:1 Mem:44.98M (Peak 53.68M) | Time:00:00.11 | Rendering 1 / 8 samples
Fra:1 Mem:44.98M (Peak 53.68M) | Time:00:00.12 | Rendering 8 / 8 samples
Saved: 'C:\Users\Conner\OneDrive\Documents\veilbreakers-terrain\renders\quality-audit\emergent_grass\volcanic_topdown.png'
Time: 00:00.17 (Saving: 00:00.02)

Fra:1 Mem:44.98M (Peak 53.68M) | Time:00:00.10 | Rendering 1 / 8 samples
Fra:1 Mem:44.98M (Peak 53.68M) | Time:00:00.12 | Rendering 8 / 8 samples
Saved: 'C:\Users\Conner\OneDrive\Documents\veilbreakers-terrain\renders\quality-audit\emergent_grass\volcanic_sideprofile.png'
Time: 00:00.15 (Saving: 00:00.01)

Fra:1 Mem:44.98M (Peak 53.53M) | Time:00:00.11 | Rendering 1 / 8 samples
Fra:1 Mem:44.98M (Peak 53.53M) | Time:00:00.12 | Rendering 8 / 8 samples
Saved: 'C:\Users\Conner\OneDrive\Documents\veilbreakers-terrain\renders\quality-audit\emergent_grass\frozen_isometric.png'
Time: 00:00.16 (Saving: 00:00.02)

Fra:1 Mem:44.98M (Peak 53.68M) | Time:00:00.11 | Rendering 1 / 8 samples
Fra:1 Mem:44.98M (Peak 53.68M) | Time:00:00.13 | Rendering 8 / 8 samples
Saved: 'C:\Users\Conner\OneDrive\Documents\veilbreakers-terrain\renders\quality-audit\emergent_grass\frozen_topdown.png'
Time: 00:00.18 (Saving: 00:00.03)

Fra:1 Mem:44.99M (Peak 53.68M) | Time:00:00.10 | Rendering 1 / 8 samples
Fra:1 Mem:44.99M (Peak 53.68M) | Time:00:00.12 | Rendering 8 / 8 samples
Saved: 'C:\Users\Conner\OneDrive\Documents\veilbreakers-terrain\renders\quality-audit\emergent_grass\frozen_sideprofile.png'
Time: 00:00.16 (Saving: 00:00.02)

Fra:1 Mem:44.98M (Peak 53.53M) | Time:00:00.11 | Rendering 1 / 8 samples
Fra:1 Mem:44.98M (Peak 53.53M) | Time:00:00.12 | Rendering 8 / 8 samples
Saved: 'C:\Users\Conner\OneDrive\Documents\veilbreakers-terrain\renders\quality-audit\emergent_grass\desert_isometric.png'
Time: 00:00.17 (Saving: 00:00.02)

Fra:1 Mem:44.98M (Peak 53.68M) | Time:00:00.11 | Rendering 1 / 8 samples
Fra:1 Mem:44.98M (Peak 53.68M) | Time:00:00.12 | Rendering 8 / 8 samples
Saved: 'C:\Users\Conner\OneDrive\Documents\veilbreakers-terrain\renders\quality-audit\emergent_grass\desert_topdown.png'
Time: 00:00.17 (Saving: 00:00.02)

Fra:1 Mem:44.99M (Peak 53.68M) | Time:00:00.11 | Rendering 1 / 8 samples
Fra:1 Mem:44.99M (Peak 53.68M) | Time:00:00.12 | Rendering 8 / 8 samples
Saved: 'C:\Users\Conner\OneDrive\Documents\veilbreakers-terrain\renders\quality-audit\emergent_grass\desert_sideprofile.png'
Time: 00:00.16 (Saving: 00:00.02)

Fra:1 Mem:44.98M (Peak 53.53M) | Time:00:00.11 | Rendering 1 / 8 samples
Fra:1 Mem:44.98M (Peak 53.53M) | Time:00:00.13 | Rendering 8 / 8 samples
Saved: 'C:\Users\Conner\OneDrive\Documents\veilbreakers-terrain\renders\quality-audit\pass_seasonal_water_state\grassland_isometric.png'
Time: 00:00.16 (Saving: 00:00.02)

Fra:1 Mem:44.98M (Peak 53.68M) | Time:00:00.11 | Rendering 1 / 8 samples
Fra:1 Mem:44.98M (Peak 53.68M) | Time:00:00.13 | Rendering 8 / 8 samples
Saved: 'C:\Users\Conner\OneDrive\Documents\veilbreakers-terrain\renders\quality-audit\pass_seasonal_water_state\grassland_topdown.png'
Time: 00:00.18 (Saving: 00:00.02)

Fra:1 Mem:44.99M (Peak 53.68M) | Time:00:00.11 | Rendering 1 / 8 samples
Fra:1 Mem:44.99M (Peak 53.68M) | Time:00:00.13 | Rendering 8 / 8 samples
Saved: 'C:\Users\Conner\OneDrive\Documents\veilbreakers-terrain\renders\quality-audit\pass_seasonal_water_state\grassland_sideprofile.png'
Time: 00:00.17 (Saving: 00:00.01)

Fra:1 Mem:44.98M (Peak 53.53M) | Time:00:00.11 | Rendering 1 / 8 samples
Fra:1 Mem:44.98M (Peak 53.53M) | Time:00:00.13 | Rendering 8 / 8 samples
Saved: 'C:\Users\Conner\OneDrive\Documents\veilbreakers-terrain\renders\quality-audit\pass_seasonal_water_state\mountain_isometric.png'
Time: 00:00.17 (Saving: 00:00.02)

Fra:1 Mem:44.98M (Peak 53.68M) | Time:00:00.11 | Rendering 1 / 8 samples
Fra:1 Mem:44.98M (Peak 53.68M) | Time:00:00.13 | Rendering 8 / 8 samples
Saved: 'C:\Users\Conner\OneDrive\Documents\veilbreakers-terrain\renders\quality-audit\pass_seasonal_water_state\mountain_topdown.png'
Time: 00:00.17 (Saving: 00:00.02)

Fra:1 Mem:44.99M (Peak 53.68M) | Time:00:00.11 | Rendering 1 / 8 samples
Fra:1 Mem:44.99M (Peak 53.68M) | Time:00:00.12 | Rendering 8 / 8 samples
Saved: 'C:\Users\Conner\OneDrive\Documents\veilbreakers-terrain\renders\quality-audit\pass_seasonal_water_state\mountain_sideprofile.png'
Time: 00:00.16 (Saving: 00:00.01)

Fra:1 Mem:44.98M (Peak 53.53M) | Time:00:00.11 | Rendering 1 / 8 samples
Fra:1 Mem:44.98M (Peak 53.53M) | Time:00:00.13 | Rendering 8 / 8 samples
Saved: 'C:\Users\Conner\OneDrive\Documents\veilbreakers-terrain\renders\quality-audit\pass_seasonal_water_state\coastal_isometric.png'
Time: 00:00.17 (Saving: 00:00.02)

Fra:1 Mem:44.98M (Peak 53.68M) | Time:00:00.11 | Rendering 1 / 8 samples
Fra:1 Mem:44.98M (Peak 53.68M) | Time:00:00.13 | Rendering 8 / 8 samples
Saved: 'C:\Users\Conner\OneDrive\Documents\veilbreakers-terrain\renders\quality-audit\pass_seasonal_water_state\coastal_topdown.png'
Time: 00:00.18 (Saving: 00:00.02)

Fra:1 Mem:44.99M (Peak 53.68M) | Time:00:00.11 | Rendering 1 / 8 samples
Fra:1 Mem:44.99M (Peak 53.68M) | Time:00:00.13 | Rendering 8 / 8 samples
Saved: 'C:\Users\Conner\OneDrive\Documents\veilbreakers-terrain\renders\quality-audit\pass_seasonal_water_state\coastal_sideprofile.png'
Time: 00:00.17 (Saving: 00:00.02)

Fra:1 Mem:44.98M (Peak 53.53M) | Time:00:00.11 | Rendering 1 / 8 samples
Fra:1 Mem:44.98M (Peak 53.53M) | Time:00:00.13 | Rendering 8 / 8 samples
Saved: 'C:\Users\Conner\OneDrive\Documents\veilbreakers-terrain\renders\quality-audit\pass_seasonal_water_state\volcanic_isometric.png'
Time: 00:00.17 (Saving: 00:00.01)

Fra:1 Mem:44.98M (Peak 53.68M) | Time:00:00.12 | Rendering 1 / 8 samples
Fra:1 Mem:44.98M (Peak 53.68M) | Time:00:00.14 | Rendering 8 / 8 samples
Saved: 'C:\Users\Conner\OneDrive\Documents\veilbreakers-terrain\renders\quality-audit\pass_seasonal_water_state\volcanic_topdown.png'
Time: 00:00.18 (Saving: 00:00.02)

Fra:1 Mem:44.99M (Peak 53.68M) | Time:00:00.12 | Rendering 1 / 8 samples
Fra:1 Mem:44.99M (Peak 53.68M) | Time:00:00.14 | Rendering 8 / 8 samples
Saved: 'C:\Users\Conner\OneDrive\Documents\veilbreakers-terrain\renders\quality-audit\pass_seasonal_water_state\volcanic_sideprofile.png'
Time: 00:00.17 (Saving: 00:00.01)

Fra:1 Mem:44.98M (Peak 53.53M) | Time:00:00.12 | Rendering 1 / 8 samples
Fra:1 Mem:44.98M (Peak 53.53M) | Time:00:00.14 | Rendering 8 / 8 samples
Saved: 'C:\Users\Conner\OneDrive\Documents\veilbreakers-terrain\renders\quality-audit\pass_seasonal_water_state\frozen_isometric.png'
Time: 00:00.18 (Saving: 00:00.02)

Fra:1 Mem:44.98M (Peak 53.68M) | Time:00:00.11 | Rendering 1 / 8 samples
Fra:1 Mem:44.98M (Peak 53.68M) | Time:00:00.14 | Rendering 8 / 8 samples
Saved: 'C:\Users\Conner\OneDrive\Documents\veilbreakers-terrain\renders\quality-audit\pass_seasonal_water_state\frozen_topdown.png'
Time: 00:00.18 (Saving: 00:00.02)

Fra:1 Mem:44.99M (Peak 53.68M) | Time:00:00.11 | Rendering 1 / 8 samples
Fra:1 Mem:44.99M (Peak 53.68M) | Time:00:00.13 | Rendering 8 / 8 samples
Saved: 'C:\Users\Conner\OneDrive\Documents\veilbreakers-terrain\renders\quality-audit\pass_seasonal_water_state\frozen_sideprofile.png'
Time: 00:00.17 (Saving: 00:00.02)

Fra:1 Mem:44.98M (Peak 53.53M) | Time:00:00.11 | Rendering 1 / 8 samples
Fra:1 Mem:44.98M (Peak 53.53M) | Time:00:00.13 | Rendering 8 / 8 samples
Saved: 'C:\Users\Conner\OneDrive\Documents\veilbreakers-terrain\renders\quality-audit\pass_seasonal_water_state\desert_isometric.png'
Time: 00:00.17 (Saving: 00:00.02)

Fra:1 Mem:44.98M (Peak 53.68M) | Time:00:00.11 | Rendering 1 / 8 samples
Fra:1 Mem:44.98M (Peak 53.68M) | Time:00:00.14 | Rendering 8 / 8 samples
Saved: 'C:\Users\Conner\OneDrive\Documents\veilbreakers-terrain\renders\quality-audit\pass_seasonal_water_state\desert_topdown.png'
Time: 00:00.18 (Saving: 00:00.02)

Fra:1 Mem:44.99M (Peak 53.68M) | Time:00:00.12 | Rendering 1 / 8 samples
Fra:1 Mem:44.99M (Peak 53.68M) | Time:00:00.14 | Rendering 8 / 8 samples
Saved: 'C:\Users\Conner\OneDrive\Documents\veilbreakers-terrain\renders\quality-audit\pass_seasonal_water_state\desert_sideprofile.png'
Time: 00:00.17 (Saving: 00:00.02)


[RENDERER] 408/438 pass_atmospheric_volumes/desert: 3 renders done
[RENDERER] 409/438 water_variants/grassland: 3 renders done
[RENDERER] 410/438 water_variants/mountain: 3 renders done
[RENDERER] 411/438 water_variants/coastal: 3 renders done
[RENDERER] 412/438 water_variants/volcanic: 3 renders done
[RENDERER] 413/438 water_variants/frozen: 3 renders done
[RENDERER] 414/438 water_variants/desert: 3 renders done
[RENDERER] 415/438 bathymetry/grassland: 3 renders done
[RENDERER] 416/438 bathymetry/mountain: 3 renders done
[RENDERER] 417/438 bathymetry/coastal: 3 renders done
[RENDERER] 418/438 bathymetry/volcanic: 3 renders done
[RENDERER] 419/438 bathymetry/frozen: 3 renders done
[RENDERER] 420/438 bathymetry/desert: 3 renders done
[RENDERER] 421/438 vegetation_depth/grassland: 3 renders done
[RENDERER] 422/438 vegetation_depth/mountain: 3 renders done
[RENDERER] 423/438 vegetation_depth/coastal: 3 renders done
[RENDERER] 424/438 vegetation_depth/volcanic: 3 renders done
[RENDERER] 425/438 vegetation_depth/frozen: 3 renders done
[RENDERER] 426/438 vegetation_depth/desert: 3 renders done
[RENDERER] 427/438 emergent_grass/grassland: 3 renders done
[RENDERER] 428/438 emergent_grass/mountain: 3 renders done
[RENDERER] 429/438 emergent_grass/coastal: 3 renders done
[RENDERER] 430/438 emergent_grass/volcanic: 3 renders done
[RENDERER] 431/438 emergent_grass/frozen: 3 renders done
[RENDERER] 432/438 emergent_grass/desert: 3 renders done
[RENDERER] 433/438 pass_seasonal_water_state/grassland: 3 renders done
[RENDERER] 434/438 pass_seasonal_water_state/mountain: 3 renders done
[RENDERER] 435/438 pass_seasonal_water_state/coastal: 3 renders done
[RENDERER] 436/438 pass_seasonal_water_state/volcanic: 3 renders done
[RENDERER] 437/438 pass_seasonal_water_state/frozen: 3 renders done
[RENDERER] 438/438 pass_seasonal_water_state/desert: 3 renders done
[RENDERER] DONE — 1314 renders saved, 0 failures, 288.3s elapsed
Exception ignored in: <function ImagePreviewCollection.__del__ at 0x000002AEE3B8C4A0>
Traceback (most recent call last):
  File "C:\Program Files\Blender Foundation\Blender 4.5\4.5\scripts\modules\bpy\utils\previews.py", line 63, in __del__
    raise ResourceWarning(
ResourceWarning: <ImagePreviewCollection id=0x2aee653ac90[4], <super: <class 'ImagePreviewCollection'>, <ImagePreviewCollection object>>>: left open, remove with 'bpy.utils.previews.remove()'

Blender quit
